# mahimahi mm-link (Uplink) [/usr/share/mahimahi/traces/Verizon-LTE-short.up] > /home/bradley/pantheon/my_logs/profileA/vegas_mm_datalink_run1.log
# command line: 'mm-link' '/usr/share/mahimahi/traces/Verizon-LTE-short.up' '/usr/share/mahimahi/traces/Verizon-LTE-short.down' '--uplink-log=/home/bradley/pantheon/my_logs/profileA/vegas_mm_datalink_run1.log' '--downlink-log=/home/bradley/pantheon/my_logs/profileA/vegas_mm_acklink_run1.log' 'python' '/home/bradley/pantheon/src/experiments/tunnel_manager.py'
# queue: infinite
# init timestamp: 1744936429546
# base timestamp: 34
41 # 1504
42 # 1504
42 # 1504
42 # 1504
42 # 1504
42 # 1504
42 # 1504
48 # 1504
48 # 1504
48 # 1504
48 # 1504
48 # 1504
48 # 1504
55 # 1504
62 # 1504
67 # 1504
68 # 1504
68 # 1504
68 # 1504
77 # 1504
77 # 1504
77 # 1504
77 # 1504
77 # 1504
77 # 1504
77 # 1504
77 # 1504
77 + 40
79 # 1504
79 - 40 2
79 # 1504
89 # 1504
89 # 1504
90 # 1504
90 # 1504
90 # 1504
96 # 1504
96 # 1504
96 # 1504
97 # 1504
97 # 1504
97 # 1504
97 # 1504
106 # 1504
106 # 1504
106 # 1504
106 # 1504
106 # 1504
106 # 1504
107 # 1504
108 # 1504
110 # 1504
111 # 1504
112 # 1504
114 # 1504
115 # 1504
117 # 1504
117 # 1504
118 # 1504
120 # 1504
121 # 1504
123 # 1504
123 + 80
124 + 52
125 # 1504
125 - 80 2
125 - 52 1
125 # 1504
126 # 1504
127 # 1504
129 # 1504
130 # 1504
133 # 1504
133 # 1504
134 # 1504
134 # 1504
135 # 1504
137 # 1504
138 # 1504
140 # 1504
140 # 1504
140 + 80
149 # 1504
149 - 80 9
149 # 1504
149 # 1504
149 # 1504
149 # 1504
149 # 1504
149 # 1504
149 # 1504
150 # 1504
151 # 1504
152 # 1504
153 # 1504
154 # 1504
163 # 1504
163 # 1504
163 # 1504
164 # 1504
164 # 1504
168 # 1504
168 # 1504
168 # 1504
168 # 1504
168 # 1504
169 # 1504
170 # 1504
171 # 1504
172 # 1504
175 # 1504
176 # 1504
176 # 1504
177 # 1504
186 # 1504
186 # 1504
188 # 1504
188 # 1504
188 # 1504
189 # 1504
189 # 1504
190 # 1504
190 # 1504
190 # 1504
190 # 1504
191 # 1504
192 # 1504
193 # 1504
194 # 1504
195 # 1504
196 # 1504
197 # 1504
198 # 1504
199 # 1504
200 # 1504
201 # 1504
202 # 1504
203 # 1504
205 # 1504
205 # 1504
206 # 1504
207 # 1504
207 # 1504
208 # 1504
209 # 1504
219 # 1504
219 # 1504
219 # 1504
219 # 1504
219 # 1504
219 # 1504
219 # 1504
219 # 1504
219 # 1504
219 # 1504
219 # 1504
228 # 1504
228 # 1504
228 # 1504
228 # 1504
229 # 1504
229 # 1504
229 # 1504
229 # 1504
229 # 1504
230 # 1504
231 # 1504
232 # 1504
233 # 1504
233 # 1504
234 # 1504
235 # 1504
238 # 1504
238 # 1504
239 # 1504
240 # 1504
242 # 1504
242 # 1504
242 # 1504
244 # 1504
244 # 1504
245 # 1504
254 # 1504
254 # 1504
254 # 1504
254 # 1504
254 # 1504
254 # 1504
254 # 1504
254 # 1504
255 # 1504
255 # 1504
255 # 1504
256 # 1504
265 # 1504
266 # 1504
266 # 1504
268 # 1504
268 # 1504
268 # 1504
268 # 1504
268 # 1504
268 # 1504
268 # 1504
268 # 1504
270 # 1504
271 # 1504
274 # 1504
274 # 1504
275 # 1504
275 # 1504
279 # 1504
279 # 1504
281 # 1504
282 # 1504
283 # 1504
284 # 1504
285 # 1504
287 # 1504
288 # 1504
289 # 1504
289 # 1504
290 # 1504
291 # 1504
292 # 1504
293 # 1504
295 # 1504
295 # 1504
295 # 1504
296 # 1504
304 # 1504
305 # 1504
313 # 1504
313 # 1504
313 # 1504
313 # 1504
313 # 1504
314 # 1504
315 # 1504
316 # 1504
317 # 1504
320 # 1504
322 # 1504
322 # 1504
323 # 1504
324 # 1504
327 # 1504
328 # 1504
329 # 1504
330 # 1504
332 # 1504
332 # 1504
334 # 1504
334 # 1504
335 # 1504
336 # 1504
337 # 1504
346 # 1504
346 # 1504
346 # 1504
346 # 1504
347 # 1504
347 # 1504
347 # 1504
347 # 1504
347 # 1504
350 # 1504
351 # 1504
351 # 1504
353 # 1504
364 # 1504
364 # 1504
364 # 1504
368 # 1504
368 # 1504
369 # 1504
369 # 1504
369 # 1504
370 # 1504
371 # 1504
372 # 1504
374 # 1504
375 # 1504
376 # 1504
378 # 1504
378 # 1504
380 # 1504
382 # 1504
383 # 1504
384 # 1504
384 # 1504
386 # 1504
388 # 1504
389 # 1504
390 # 1504
394 # 1504
394 # 1504
395 # 1504
395 # 1504
395 # 1504
396 # 1504
397 # 1504
399 # 1504
399 # 1504
409 # 1504
409 # 1504
409 # 1504
409 # 1504
409 # 1504
409 # 1504
409 # 1504
409 # 1504
410 # 1504
418 # 1504
418 # 1504
418 # 1504
418 # 1504
418 # 1504
418 # 1504
418 # 1504
419 # 1504
419 # 1504
429 # 1504
429 # 1504
429 # 1504
430 # 1504
430 # 1504
430 # 1504
431 # 1504
431 # 1504
431 # 1504
431 # 1504
432 # 1504
436 + 80
441 # 1504
441 - 80 5
442 # 1504
442 # 1504
442 # 1504
446 # 1504
446 # 1504
449 # 1504
451 # 1504
452 # 1504
453 # 1504
453 # 1504
455 # 1504
463 # 1504
463 # 1504
466 # 1504
468 # 1504
469 # 1504
470 # 1504
473 # 1504
475 # 1504
475 # 1504
476 # 1504
477 # 1504
478 # 1504
480 # 1504
488 # 1504
489 # 1504
492 # 1504
492 # 1504
492 # 1504
492 # 1504
494 # 1504
496 # 1504
500 # 1504
500 + 80
501 # 1504
501 - 80 1
506 # 1504
506 # 1504
507 # 1504
509 # 1504
511 # 1504
513 # 1504
515 # 1504
517 # 1504
519 # 1504
521 # 1504
524 # 1504
526 # 1504
528 # 1504
530 # 1504
531 # 1504
532 # 1504
534 # 1504
535 # 1504
537 # 1504
539 # 1504
548 # 1504
548 # 1504
548 # 1504
548 # 1504
548 # 1504
551 # 1504
554 # 1504
556 # 1504
566 # 1504
566 # 1504
566 # 1504
567 # 1504
567 # 1504
569 # 1504
570 # 1504
572 # 1504
573 # 1504
575 # 1504
576 # 1504
578 # 1504
581 # 1504
582 # 1504
583 # 1504
584 # 1504
586 # 1504
587 # 1504
589 # 1504
590 # 1504
591 # 1504
594 # 1504
596 # 1504
598 # 1504
598 # 1504
599 # 1504
599 # 1504
601 # 1504
603 # 1504
603 # 1504
605 # 1504
606 # 1504
607 # 1504
608 # 1504
609 # 1504
609 # 1504
610 # 1504
611 # 1504
612 # 1504
613 # 1504
614 # 1504
616 # 1504
616 # 1504
617 # 1504
618 # 1504
619 # 1504
629 # 1504
629 # 1504
629 # 1504
629 # 1504
629 # 1504
629 # 1504
629 # 1504
629 # 1504
629 # 1504
630 # 1504
632 # 1504
632 # 1504
634 # 1504
635 # 1504
637 # 1504
637 # 1504
638 # 1504
640 # 1504
643 # 1504
645 # 1504
645 # 1504
646 # 1504
648 # 1504
651 # 1504
653 # 1504
654 # 1504
654 # 1504
655 # 1504
656 # 1504
658 # 1504
663 # 1504
663 # 1504
664 # 1504
664 # 1504
665 # 1504
667 # 1504
673 # 1504
674 # 1504
675 # 1504
681 # 1504
682 # 1504
683 # 1504
685 # 1504
687 # 1504
687 # 1504
688 # 1504
691 # 1504
696 # 1504
696 # 1504
698 # 1504
701 # 1504
701 # 1504
701 # 1504
701 # 1504
701 # 1504
701 # 1504
701 # 1504
701 # 1504
702 # 1504
703 # 1504
704 # 1504
705 # 1504
706 # 1504
707 # 1504
709 # 1504
710 # 1504
710 # 1504
710 # 1504
711 # 1504
712 # 1504
713 # 1504
714 # 1504
715 # 1504
715 # 1504
716 # 1504
718 # 1504
718 # 1504
718 # 1504
720 # 1504
721 # 1504
722 # 1504
723 # 1504
724 # 1504
733 # 1504
733 # 1504
733 # 1504
733 # 1504
733 # 1504
733 # 1504
742 # 1504
743 # 1504
743 # 1504
746 # 1504
746 # 1504
748 # 1504
749 # 1504
749 # 1504
749 # 1504
749 # 1504
751 # 1504
752 # 1504
754 # 1504
756 # 1504
757 # 1504
758 # 1504
763 # 1504
763 # 1504
763 # 1504
765 # 1504
774 # 1504
774 # 1504
775 # 1504
775 # 1504
775 # 1504
775 # 1504
776 # 1504
778 # 1504
780 # 1504
780 # 1504
782 # 1504
783 # 1504
785 # 1504
786 # 1504
787 # 1504
788 # 1504
790 # 1504
791 # 1504
793 # 1504
793 # 1504
794 # 1504
795 # 1504
796 # 1504
800 # 1504
801 # 1504
804 # 1504
805 # 1504
807 # 1504
816 # 1504
816 # 1504
816 # 1504
817 # 1504
817 # 1504
818 # 1504
818 # 1504
819 # 1504
828 # 1504
828 # 1504
828 # 1504
828 # 1504
828 # 1504
830 # 1504
831 # 1504
832 # 1504
834 # 1504
834 # 1504
835 # 1504
836 # 1504
836 # 1504
839 # 1504
839 # 1504
840 # 1504
843 # 1504
843 # 1504
843 # 1504
853 # 1504
854 # 1504
854 # 1504
854 # 1504
854 # 1504
854 # 1504
854 # 1504
855 # 1504
855 # 1504
855 # 1504
857 # 1504
866 # 1504
866 # 1504
866 # 1504
866 # 1504
866 # 1504
866 # 1504
866 # 1504
867 # 1504
867 # 1504
868 # 1504
869 # 1504
871 # 1504
872 # 1504
873 # 1504
876 # 1504
877 # 1504
877 # 1504
878 # 1504
879 # 1504
882 # 1504
884 # 1504
884 # 1504
885 # 1504
894 # 1504
894 # 1504
894 # 1504
896 # 1504
896 # 1504
896 # 1504
896 # 1504
896 # 1504
896 # 1504
897 # 1504
897 # 1504
897 # 1504
906 # 1504
906 # 1504
906 # 1504
906 # 1504
906 # 1504
906 # 1504
907 # 1504
907 # 1504
907 # 1504
907 # 1504
908 # 1504
909 # 1504
909 # 1504
911 # 1504
911 # 1504
912 # 1504
913 # 1504
914 # 1504
915 # 1504
916 # 1504
917 # 1504
918 # 1504
918 # 1504
919 # 1504
928 # 1504
928 # 1504
928 # 1504
928 # 1504
929 # 1504
929 # 1504
929 # 1504
929 # 1504
930 # 1504
931 # 1504
932 # 1504
933 # 1504
934 # 1504
934 # 1504
936 # 1504
937 # 1504
938 # 1504
940 # 1504
942 # 1504
942 # 1504
943 # 1504
944 # 1504
945 # 1504
947 # 1504
947 # 1504
948 # 1504
950 # 1504
951 # 1504
952 # 1504
953 # 1504
953 # 1504
954 # 1504
954 # 1504
957 # 1504
966 # 1504
966 # 1504
966 # 1504
966 # 1504
966 # 1504
967 # 1504
967 # 1504
967 # 1504
967 # 1504
969 # 1504
970 # 1504
971 # 1504
971 # 1504
972 # 1504
974 # 1504
975 # 1504
976 # 1504
979 # 1504
979 # 1504
979 # 1504
980 # 1504
981 # 1504
982 # 1504
983 # 1504
985 # 1504
985 # 1504
986 # 1504
987 # 1504
988 # 1504
989 # 1504
990 # 1504
991 # 1504
992 # 1504
993 # 1504
994 # 1504
994 # 1504
995 # 1504
996 # 1504
997 # 1504
998 # 1504
999 # 1504
1000 # 1504
1002 # 1504
1002 # 1504
1003 # 1504
1004 # 1504
1005 # 1504
1006 # 1504
1007 # 1504
1017 # 1504
1017 # 1504
1017 # 1504
1022 # 1504
1022 # 1504
1026 # 1504
1027 # 1504
1027 # 1504
1027 # 1504
1027 # 1504
1028 # 1504
1028 # 1504
1029 # 1504
1029 # 1504
1033 # 1504
1033 # 1504
1033 # 1504
1041 # 1504
1041 # 1504
1041 # 1504
1041 # 1504
1041 # 1504
1046 # 1504
1046 # 1504
1046 # 1504
1046 # 1504
1046 # 1504
1046 # 1504
1046 # 1504
1047 # 1504
1055 # 1504
1055 # 1504
1063 # 1504
1063 # 1504
1063 # 1504
1063 # 1504
1063 # 1504
1064 # 1504
1064 # 1504
1067 # 1504
1067 # 1504
1068 # 1504
1068 # 1504
1069 # 1504
1070 # 1504
1072 # 1504
1072 # 1504
1073 # 1504
1074 # 1504
1075 # 1504
1076 # 1504
1085 # 1504
1086 # 1504
1086 # 1504
1086 # 1504
1086 # 1504
1086 # 1504
1087 # 1504
1088 # 1504
1090 # 1504
1091 # 1504
1092 # 1504
1093 # 1504
1094 # 1504
1095 # 1504
1096 # 1504
1097 # 1504
1106 # 1504
1106 # 1504
1106 # 1504
1106 # 1504
1112 # 1504
1112 # 1504
1112 # 1504
1112 # 1504
1112 # 1504
1112 # 1504
1130 # 1504
1130 # 1504
1130 # 1504
1130 # 1504
1130 # 1504
1130 # 1504
1130 # 1504
1130 # 1504
1130 # 1504
1130 # 1504
1131 # 1504
1131 # 1504
1134 # 1504
1135 # 1504
1139 # 1504
1140 # 1504
1141 # 1504
1143 # 1504
1149 # 1504
1150 # 1504
1157 # 1504
1157 # 1504
1159 # 1504
1167 # 1504
1167 # 1504
1167 # 1504
1167 # 1504
1168 # 1504
1168 # 1504
1169 # 1504
1171 # 1504
1173 # 1504
1174 # 1504
1176 # 1504
1178 # 1504
1180 # 1504
1183 # 1504
1183 # 1504
1186 # 1504
1186 # 1504
1191 # 1504
1192 # 1504
1194 # 1504
1196 # 1504
1200 # 1504
1201 # 1504
1202 # 1504
1203 # 1504
1208 # 1504
1209 # 1504
1211 # 1504
1213 # 1504
1214 # 1504
1221 # 1504
1222 # 1504
1232 # 1504
1232 # 1504
1233 # 1504
1233 # 1504
1233 # 1504
1235 # 1504
1237 # 1504
1238 # 1504
1240 # 1504
1241 # 1504
1243 # 1504
1244 # 1504
1246 # 1504
1247 # 1504
1248 # 1504
1250 # 1504
1251 # 1504
1252 # 1504
1254 # 1504
1256 # 1504
1256 # 1504
1258 # 1504
1259 # 1504
1265 # 1504
1265 # 1504
1265 # 1504
1265 # 1504
1266 # 1504
1269 # 1504
1271 # 1504
1272 # 1504
1273 # 1504
1274 # 1504
1276 # 1504
1281 # 1504
1281 # 1504
1281 # 1504
1282 # 1504
1283 # 1504
1286 # 1504
1288 # 1504
1289 # 1504
1291 # 1504
1302 # 1504
1302 # 1504
1302 # 1504
1305 # 1504
1309 # 1504
1310 # 1504
1311 # 1504
1315 # 1504
1317 # 1504
1327 # 1504
1327 # 1504
1327 # 1504
1331 # 1504
1331 # 1504
1331 # 1504
1331 # 1504
1332 # 1504
1333 # 1504
1334 # 1504
1336 # 1504
1338 # 1504
1339 # 1504
1341 # 1504
1344 # 1504
1345 # 1504
1346 # 1504
1348 # 1504
1349 # 1504
1350 # 1504
1352 # 1504
1353 # 1504
1354 # 1504
1356 # 1504
1359 # 1504
1361 # 1504
1367 # 1504
1367 # 1504
1368 # 1504
1368 # 1504
1369 # 1504
1369 # 1504
1392 # 1504
1392 # 1504
1392 # 1504
1392 # 1504
1393 # 1504
1396 # 1504
1396 # 1504
1398 # 1504
1399 # 1504
1408 # 1504
1408 # 1504
1408 # 1504
1413 # 1504
1413 # 1504
1413 # 1504
1413 # 1504
1415 # 1504
1425 # 1504
1427 # 1504
1427 # 1504
1427 # 1504
1427 # 1504
1427 # 1504
1429 # 1504
1430 # 1504
1431 # 1504
1433 # 1504
1434 # 1504
1435 # 1504
1439 # 1504
1439 # 1504
1441 # 1504
1442 # 1504
1445 # 1504
1445 # 1504
1446 # 1504
1447 # 1504
1449 # 1504
1451 # 1504
1452 # 1504
1453 # 1504
1454 # 1504
1455 # 1504
1457 # 1504
1459 # 1504
1460 # 1504
1461 # 1504
1469 # 1504
1469 # 1504
1469 # 1504
1469 # 1504
1469 # 1504
1470 # 1504
1470 # 1504
1470 # 1504
1471 # 1504
1472 # 1504
1473 # 1504
1474 # 1504
1475 # 1504
1476 # 1504
1477 # 1504
1486 # 1504
1486 # 1504
1486 # 1504
1486 # 1504
1486 # 1504
1486 # 1504
1486 # 1504
1487 # 1504
1488 # 1504
1489 # 1504
1490 # 1504
1491 # 1504
1492 # 1504
1493 # 1504
1502 # 1504
1502 # 1504
1502 # 1504
1506 # 1504
1506 # 1504
1507 # 1504
1507 # 1504
1507 # 1504
1507 # 1504
1507 # 1504
1508 # 1504
1510 # 1504
1510 # 1504
1511 # 1504
1514 # 1504
1515 # 1504
1516 # 1504
1518 # 1504
1518 # 1504
1519 # 1504
1521 # 1504
1522 # 1504
1523 # 1504
1532 # 1504
1532 # 1504
1532 # 1504
1532 # 1504
1532 # 1504
1532 # 1504
1532 # 1504
1533 # 1504
1535 # 1504
1536 # 1504
1536 # 1504
1546 # 1504
1546 # 1504
1546 # 1504
1546 # 1504
1546 # 1504
1546 # 1504
1552 # 1504
1552 # 1504
1566 # 1504
1567 # 1504
1567 # 1504
1567 # 1504
1568 # 1504
1569 # 1504
1571 # 1504
1572 # 1504
1574 # 1504
1575 # 1504
1576 # 1504
1578 # 1504
1580 # 1504
1582 # 1504
1582 # 1504
1586 # 1504
1589 # 1504
1590 # 1504
1651 # 1504
1651 # 1504
1651 # 1504
1651 # 1504
1651 # 1504
1651 # 1504
1651 # 1504
1651 # 1504
1651 # 1504
1651 # 1504
1651 # 1504
1652 # 1504
1652 # 1504
1652 # 1504
1652 # 1504
1652 # 1504
1653 # 1504
1653 # 1504
1653 # 1504
1653 # 1504
1653 # 1504
1653 # 1504
1653 # 1504
1653 # 1504
1653 # 1504
1653 # 1504
1653 # 1504
1653 # 1504
1653 # 1504
1654 # 1504
1654 # 1504
1654 # 1504
1654 # 1504
1654 # 1504
1655 # 1504
1658 # 1504
1660 # 1504
1661 # 1504
1662 # 1504
1663 # 1504
1667 # 1504
1667 # 1504
1668 # 1504
1668 # 1504
1669 # 1504
1670 # 1504
1671 # 1504
1672 # 1504
1674 # 1504
1675 # 1504
1676 # 1504
1677 # 1504
1678 # 1504
1680 # 1504
1680 # 1504
1681 # 1504
1682 # 1504
1683 # 1504
1684 # 1504
1685 # 1504
1686 # 1504
1687 # 1504
1696 # 1504
1696 # 1504
1696 # 1504
1696 # 1504
1696 # 1504
1696 # 1504
1696 # 1504
1699 # 1504
1700 # 1504
1701 # 1504
1702 # 1504
1702 # 1504
1703 # 1504
1705 # 1504
1706 # 1504
1708 # 1504
1708 # 1504
1709 # 1504
1710 # 1504
1711 # 1504
1712 # 1504
1712 # 1504
1716 # 1504
1723 # 1504
1725 # 1504
1725 # 1504
1726 # 1504
1726 # 1504
1728 # 1504
1728 # 1504
1730 # 1504
1730 # 1504
1730 # 1504
1733 # 1504
1734 # 1504
1735 # 1504
1742 # 1504
1743 # 1504
1747 # 1504
1748 # 1504
1749 # 1504
1751 # 1504
1769 # 1504
1770 # 1504
1771 # 1504
1771 # 1504
1771 # 1504
1773 # 1504
1775 # 1504
1786 # 1504
1791 # 1504
1794 # 1504
1807 # 1504
1809 # 1504
1814 # 1504
1819 # 1504
1822 # 1504
1824 # 1504
1826 # 1504
1828 # 1504
1829 # 1504
1831 # 1504
1833 # 1504
1834 # 1504
1836 # 1504
1838 # 1504
1839 # 1504
1841 # 1504
1843 # 1504
1845 # 1504
1855 # 1504
1856 # 1504
1856 # 1504
1857 # 1504
1857 # 1504
1862 # 1504
1862 # 1504
1862 # 1504
1862 # 1504
1872 # 1504
1872 # 1504
1872 # 1504
1872 # 1504
1872 # 1504
1875 # 1504
1876 # 1504
1880 # 1504
1880 # 1504
1883 # 1504
1884 # 1504
1886 # 1504
1887 # 1504
1889 # 1504
1891 # 1504
1893 # 1504
1894 # 1504
1903 # 1504
1906 # 1504
1907 # 1504
1907 # 1504
1907 # 1504
1913 # 1504
1919 # 1504
1919 # 1504
1926 # 1504
1926 # 1504
1928 # 1504
1931 # 1504
1934 # 1504
1936 # 1504
1938 # 1504
1950 # 1504
1950 # 1504
1950 # 1504
1950 # 1504
1952 # 1504
1954 # 1504
1958 # 1504
1959 # 1504
1961 # 1504
1963 # 1504
1965 # 1504
1969 # 1504
1969 # 1504
1969 # 1504
1970 # 1504
1971 # 1504
1974 # 1504
1976 # 1504
1977 # 1504
1978 # 1504
1979 # 1504
1982 # 1504
1984 # 1504
2009 # 1504
2009 # 1504
2009 # 1504
2009 # 1504
2009 # 1504
2010 # 1504
2012 # 1504
2012 # 1504
2012 # 1504
2015 # 1504
2016 # 1504
2016 # 1504
2019 # 1504
2022 # 1504
2033 # 1504
2033 # 1504
2033 # 1504
2039 # 1504
2041 # 1504
2042 # 1504
2044 # 1504
2045 # 1504
2049 # 1504
2054 # 1504
2057 # 1504
2059 # 1504
2069 # 1504
2069 # 1504
2074 # 1504
2075 # 1504
2077 # 1504
2079 # 1504
2081 # 1504
2083 # 1504
2085 # 1504
2087 # 1504
2088 # 1504
2091 # 1504
2091 # 1504
2092 # 1504
2094 # 1504
2094 # 1504
2097 # 1504
2098 # 1504
2100 # 1504
2102 # 1504
2103 # 1504
2104 # 1504
2105 # 1504
2108 # 1504
2111 # 1504
2112 # 1504
2113 # 1504
2121 # 1504
2125 # 1504
2129 # 1504
2131 # 1504
2133 # 1504
2134 # 1504
2136 # 1504
2137 # 1504
2139 # 1504
2140 # 1504
2142 # 1504
2143 # 1504
2144 # 1504
2149 # 1504
2153 # 1504
2156 # 1504
2156 # 1504
2157 # 1504
2167 # 1504
2167 # 1504
2167 # 1504
2167 # 1504
2167 # 1504
2167 # 1504
2173 # 1504
2173 # 1504
2173 # 1504
2174 # 1504
2174 # 1504
2174 # 1504
2174 # 1504
2174 # 1504
2174 # 1504
2174 # 1504
2176 # 1504
2176 # 1504
2177 # 1504
2178 # 1504
2179 # 1504
2180 # 1504
2180 # 1504
2181 # 1504
2182 # 1504
2183 # 1504
2184 # 1504
2184 # 1504
2186 # 1504
2186 # 1504
2188 # 1504
2188 # 1504
2188 # 1504
2190 # 1504
2190 # 1504
2190 # 1504
2191 # 1504
2191 # 1504
2192 # 1504
2193 # 1504
2193 # 1504
2194 # 1504
2195 # 1504
2195 # 1504
2196 # 1504
2197 # 1504
2197 # 1504
2198 # 1504
2199 # 1504
2200 # 1504
2200 # 1504
2201 # 1504
2202 # 1504
2202 # 1504
2203 # 1504
2204 # 1504
2205 # 1504
2205 # 1504
2206 # 1504
2207 # 1504
2208 # 1504
2209 # 1504
2210 # 1504
2211 # 1504
2212 # 1504
2212 # 1504
2213 # 1504
2215 # 1504
2215 # 1504
2216 # 1504
2216 # 1504
2217 # 1504
2226 # 1504
2226 # 1504
2227 # 1504
2229 # 1504
2229 # 1504
2229 # 1504
2229 # 1504
2229 # 1504
2229 # 1504
2229 # 1504
2232 # 1504
2233 # 1504
2235 # 1504
2237 # 1504
2238 # 1504
2239 # 1504
2241 # 1504
2243 # 1504
2244 # 1504
2249 # 1504
2251 # 1504
2252 # 1504
2254 # 1504
2256 # 1504
2257 # 1504
2258 # 1504
2259 # 1504
2260 # 1504
2262 # 1504
2262 # 1504
2264 # 1504
2264 # 1504
2265 # 1504
2266 # 1504
2267 # 1504
2270 # 1504
2270 # 1504
2271 # 1504
2272 # 1504
2273 # 1504
2274 # 1504
2275 # 1504
2276 # 1504
2277 # 1504
2287 # 1504
2287 # 1504
2287 # 1504
2287 # 1504
2287 # 1504
2287 # 1504
2287 # 1504
2287 # 1504
2287 # 1504
2290 # 1504
2291 # 1504
2291 # 1504
2293 # 1504
2294 # 1504
2296 # 1504
2297 # 1504
2304 # 1504
2313 # 1504
2313 # 1504
2313 # 1504
2313 # 1504
2315 # 1504
2317 # 1504
2326 # 1504
2326 # 1504
2326 # 1504
2326 # 1504
2327 # 1504
2327 # 1504
2327 # 1504
2327 # 1504
2328 # 1504
2329 # 1504
2330 # 1504
2331 # 1504
2333 # 1504
2333 # 1504
2343 # 1504
2343 # 1504
2343 # 1504
2344 # 1504
2351 # 1504
2352 # 1504
2353 # 1504
2362 # 1504
2362 # 1504
2362 # 1504
2362 # 1504
2366 # 1504
2366 # 1504
2366 # 1504
2366 # 1504
2366 # 1504
2366 # 1504
2367 # 1504
2367 # 1504
2373 # 1504
2373 # 1504
2373 # 1504
2373 # 1504
2374 # 1504
2375 # 1504
2376 # 1504
2385 # 1504
2385 # 1504
2386 # 1504
2386 # 1504
2386 # 1504
2386 # 1504
2386 # 1504
2386 # 1504
2388 # 1504
2389 # 1504
2390 # 1504
2391 # 1504
2392 # 1504
2401 # 1504
2402 # 1504
2403 # 1504
2403 # 1504
2403 # 1504
2406 # 1504
2406 # 1504
2406 # 1504
2407 # 1504
2407 # 1504
2407 # 1504
2410 # 1504
2412 # 1504
2413 # 1504
2415 # 1504
2416 # 1504
2419 # 1504
2420 # 1504
2422 # 1504
2423 # 1504
2425 # 1504
2426 # 1504
2429 # 1504
2429 # 1504
2429 # 1504
2432 # 1504
2432 # 1504
2432 # 1504
2442 # 1504
2442 # 1504
2442 # 1504
2442 # 1504
2442 # 1504
2442 # 1504
2442 # 1504
2442 # 1504
2443 # 1504
2445 # 1504
2445 # 1504
2446 # 1504
2447 # 1504
2449 # 1504
2451 # 1504
2452 # 1504
2452 # 1504
2453 # 1504
2454 # 1504
2455 # 1504
2466 # 1504
2467 # 1504
2467 # 1504
2467 # 1504
2472 # 1504
2473 # 1504
2473 # 1504
2473 # 1504
2473 # 1504
2473 # 1504
2473 # 1504
2473 # 1504
2473 # 1504
2474 # 1504
2474 # 1504
2475 # 1504
2476 # 1504
2477 # 1504
2478 # 1504
2479 # 1504
2480 # 1504
2483 # 1504
2483 # 1504
2483 # 1504
2484 # 1504
2485 # 1504
2486 # 1504
2486 # 1504
2486 # 1504
2489 # 1504
2490 # 1504
2491 # 1504
2491 # 1504
2492 # 1504
2501 # 1504
2501 # 1504
2501 # 1504
2501 # 1504
2501 # 1504
2501 # 1504
2507 # 1504
2507 # 1504
2507 # 1504
2507 # 1504
2507 # 1504
2507 # 1504
2507 # 1504
2507 # 1504
2507 # 1504
2507 # 1504
2507 # 1504
2516 # 1504
2517 # 1504
2518 # 1504
2519 # 1504
2519 # 1504
2519 # 1504
2520 # 1504
2522 # 1504
2524 # 1504
2524 # 1504
2527 # 1504
2528 # 1504
2528 # 1504
2528 # 1504
2528 # 1504
2531 # 1504
2533 # 1504
2534 # 1504
2535 # 1504
2542 # 1504
2543 # 1504
2551 # 1504
2561 # 1504
2564 # 1504
2564 # 1504
2564 # 1504
2565 # 1504
2577 # 1504
2577 # 1504
2577 # 1504
2577 # 1504
2577 # 1504
2577 # 1504
2578 # 1504
2581 # 1504
2584 # 1504
2585 # 1504
2586 # 1504
2590 # 1504
2591 # 1504
2593 # 1504
2594 # 1504
2596 # 1504
2598 # 1504
2599 # 1504
2601 # 1504
2602 # 1504
2604 # 1504
2606 # 1504
2608 # 1504
2612 # 1504
2612 # 1504
2614 # 1504
2616 # 1504
2626 # 1504
2626 # 1504
2629 # 1504
2629 # 1504
2629 # 1504
2630 # 1504
2633 # 1504
2634 # 1504
2637 # 1504
2639 # 1504
2641 # 1504
2642 # 1504
2644 # 1504
2646 # 1504
2648 # 1504
2649 # 1504
2651 # 1504
2652 # 1504
2656 # 1504
2656 # 1504
2658 # 1504
2658 # 1504
2669 # 1504
2670 # 1504
2670 # 1504
2674 # 1504
2674 # 1504
2674 # 1504
2674 # 1504
2676 # 1504
2678 # 1504
2679 # 1504
2681 # 1504
2683 # 1504
2685 # 1504
2686 # 1504
2690 # 1504
2699 # 1504
2699 # 1504
2699 # 1504
2699 # 1504
2702 # 1504
2702 # 1504
2705 # 1504
2705 # 1504
2709 # 1504
2710 # 1504
2712 # 1504
2713 # 1504
2715 # 1504
2724 # 1504
2724 # 1504
2724 # 1504
2724 # 1504
2724 # 1504
2725 # 1504
2726 # 1504
2730 # 1504
2731 # 1504
2732 # 1504
2734 # 1504
2736 # 1504
2737 # 1504
2739 # 1504
2740 # 1504
2743 # 1504
2744 # 1504
2745 # 1504
2747 # 1504
2748 # 1504
2750 # 1504
2751 # 1504
2753 # 1504
2754 # 1504
2754 # 1504
2756 # 1504
2758 # 1504
2759 # 1504
2761 # 1504
2763 # 1504
2764 # 1504
2765 # 1504
2766 # 1504
2767 # 1504
2770 # 1504
2771 # 1504
2775 # 1504
2775 # 1504
2775 # 1504
2775 # 1504
2777 # 1504
2778 # 1504
2779 # 1504
2779 # 1504
2781 # 1504
2781 # 1504
2791 # 1504
2791 # 1504
2791 # 1504
2791 # 1504
2791 # 1504
2791 # 1504
2791 # 1504
2792 # 1504
2793 # 1504
2794 # 1504
2795 # 1504
2796 # 1504
2798 # 1504
2799 # 1504
2801 # 1504
2803 # 1504
2813 # 1504
2813 # 1504
2813 # 1504
2813 # 1504
2814 # 1504
2814 # 1504
2814 # 1504
2815 # 1504
2816 # 1504
2818 # 1504
2819 # 1504
2820 # 1504
2821 # 1504
2822 # 1504
2823 # 1504
2823 # 1504
2824 # 1504
2825 # 1504
2826 # 1504
2827 # 1504
2828 # 1504
2829 # 1504
2830 # 1504
2832 # 1504
2832 # 1504
2833 # 1504
2833 # 1504
2842 # 1504
2842 # 1504
2843 # 1504
2843 # 1504
2843 # 1504
2843 # 1504
2843 # 1504
2843 # 1504
2843 # 1504
2843 # 1504
2844 # 1504
2845 # 1504
2846 # 1504
2847 # 1504
2847 # 1504
2849 # 1504
2858 # 1504
2858 # 1504
2858 # 1504
2858 # 1504
2858 # 1504
2859 # 1504
2863 # 1504
2863 # 1504
2863 # 1504
2864 # 1504
2867 # 1504
2870 # 1504
2870 # 1504
2870 # 1504
2872 # 1504
2872 # 1504
2872 # 1504
2875 # 1504
2875 # 1504
2877 # 1504
2878 # 1504
2880 # 1504
2882 # 1504
2884 # 1504
2885 # 1504
2886 # 1504
2887 # 1504
2889 # 1504
2890 # 1504
2891 # 1504
2891 # 1504
2893 # 1504
2893 # 1504
2902 # 1504
2904 # 1504
2904 # 1504
2905 # 1504
2905 # 1504
2905 # 1504
2905 # 1504
2905 # 1504
2906 # 1504
2908 # 1504
2917 # 1504
2918 # 1504
2919 # 1504
2921 # 1504
2921 # 1504
2922 # 1504
2923 # 1504
2932 # 1504
2932 # 1504
2932 # 1504
2933 # 1504
2933 # 1504
2933 # 1504
2933 # 1504
2933 # 1504
2934 # 1504
2935 # 1504
2936 # 1504
2937 # 1504
2939 # 1504
2940 # 1504
2941 # 1504
2943 # 1504
2943 # 1504
2945 # 1504
2946 # 1504
2947 # 1504
2947 # 1504
2950 # 1504
2951 # 1504
2952 # 1504
2954 # 1504
2955 # 1504
2956 # 1504
2957 # 1504
2958 # 1504
2959 # 1504
2961 # 1504
2962 # 1504
2964 # 1504
2964 # 1504
2965 # 1504
2967 # 1504
2970 # 1504
2971 # 1504
2972 # 1504
2976 # 1504
2976 # 1504
2979 # 1504
2980 # 1504
2981 # 1504
2985 # 1504
2987 # 1504
2992 # 1504
3005 # 1504
3009 # 1504
3011 # 1504
3013 # 1504
3014 # 1504
3016 # 1504
3019 # 1504
3019 # 1504
3021 # 1504
3022 # 1504
3024 # 1504
3026 # 1504
3027 # 1504
3029 # 1504
3031 # 1504
3032 # 1504
3042 # 1504
3043 # 1504
3044 # 1504
3044 # 1504
3044 # 1504
3044 # 1504
3046 # 1504
3047 # 1504
3050 # 1504
3052 # 1504
3062 # 1504
3062 # 1504
3068 # 1504
3069 # 1504
3069 # 1504
3070 # 1504
3079 # 1504
3079 # 1504
3083 # 1504
3083 # 1504
3083 # 1504
3083 # 1504
3084 # 1504
3086 # 1504
3087 # 1504
3090 # 1504
3092 # 1504
3094 # 1504
3095 # 1504
3098 # 1504
3099 # 1504
3101 # 1504
3104 # 1504
3105 # 1504
3114 # 1504
3114 # 1504
3116 # 1504
3116 # 1504
3118 # 1504
3118 # 1504
3118 # 1504
3118 # 1504
3118 # 1504
3118 # 1504
3119 # 1504
3120 # 1504
3121 # 1504
3122 # 1504
3123 # 1504
3124 # 1504
3125 # 1504
3126 # 1504
3127 # 1504
3129 # 1504
3130 # 1504
3132 # 1504
3132 # 1504
3133 # 1504
3135 # 1504
3136 # 1504
3137 # 1504
3139 # 1504
3140 # 1504
3141 # 1504
3142 # 1504
3143 # 1504
3145 # 1504
3146 # 1504
3148 # 1504
3149 # 1504
3151 # 1504
3153 # 1504
3154 # 1504
3155 # 1504
3156 # 1504
3158 # 1504
3160 # 1504
3161 # 1504
3162 # 1504
3165 # 1504
3166 # 1504
3167 # 1504
3169 # 1504
3172 # 1504
3180 # 1504
3188 # 1504
3188 # 1504
3192 # 1504
3192 # 1504
3192 # 1504
3198 # 1504
3198 # 1504
3202 # 1504
3202 # 1504
3203 # 1504
3203 # 1504
3204 # 1504
3206 # 1504
3207 # 1504
3209 # 1504
3213 # 1504
3222 # 1504
3222 # 1504
3226 # 1504
3245 # 1504
3245 # 1504
3245 # 1504
3245 # 1504
3250 # 1504
3252 # 1504
3254 # 1504
3256 # 1504
3266 # 1504
3267 # 1504
3267 # 1504
3267 # 1504
3267 # 1504
3268 # 1504
3269 # 1504
3271 # 1504
3272 # 1504
3273 # 1504
3306 # 1504
3306 # 1504
3306 # 1504
3306 # 1504
3306 # 1504
3306 # 1504
3306 # 1504
3321 # 1504
3325 # 1504
3331 # 1504
3334 # 1504
3337 # 1504
3340 # 1504
3342 # 1504
3344 # 1504
3347 # 1504
3350 # 1504
3353 # 1504
3355 # 1504
3359 # 1504
3362 # 1504
3367 # 1504
3367 # 1504
3368 # 1504
3371 # 1504
3372 # 1504
3374 # 1504
3375 # 1504
3380 # 1504
3380 # 1504
3381 # 1504
3382 # 1504
3384 # 1504
3385 # 1504
3387 # 1504
3390 # 1504
3392 # 1504
3394 # 1504
3398 # 1504
3400 # 1504
3402 # 1504
3403 # 1504
3407 # 1504
3409 # 1504
3412 # 1504
3415 # 1504
3417 # 1504
3421 # 1504
3423 # 1504
3425 # 1504
3429 # 1504
3438 # 1504
3438 # 1504
3438 # 1504
3438 # 1504
3440 # 1504
3442 # 1504
3446 # 1504
3448 # 1504
3450 # 1504
3454 # 1504
3456 # 1504
3461 # 1504
3463 # 1504
3468 # 1504
3470 # 1504
3472 # 1504
3482 # 1504
3500 # 1504
3500 # 1504
3507 # 1504
3509 # 1504
3511 # 1504
3513 # 1504
3532 # 1504
3533 # 1504
3533 # 1504
3533 # 1504
3533 # 1504
3533 # 1504
3535 # 1504
3539 # 1504
3541 # 1504
3543 # 1504
3547 # 1504
3549 # 1504
3551 # 1504
3554 # 1504
3556 # 1504
3586 # 1504
3586 # 1504
3586 # 1504
3587 # 1504
3587 # 1504
3587 # 1504
3587 # 1504
3587 # 1504
3587 # 1504
3600 # 1504
3600 # 1504
3600 # 1504
3600 # 1504
3602 # 1504
3602 # 1504
3603 # 1504
3620 # 1504
3620 # 1504
3620 # 1504
3622 # 1504
3626 # 1504
3626 # 1504
3626 # 1504
3627 # 1504
3629 # 1504
3631 # 1504
3633 # 1504
3635 # 1504
3636 # 1504
3638 # 1504
3641 # 1504
3644 # 1504
3645 # 1504
3647 # 1504
3650 # 1504
3651 # 1504
3653 # 1504
3662 # 1504
3662 # 1504
3662 # 1504
3662 # 1504
3662 # 1504
3664 # 1504
3666 # 1504
3667 # 1504
3669 # 1504
3670 # 1504
3672 # 1504
3673 # 1504
3674 # 1504
3677 # 1504
3688 # 1504
3688 # 1504
3688 # 1504
3693 # 1504
3693 # 1504
3693 # 1504
3693 # 1504
3702 # 1504
3711 # 1504
3711 # 1504
3711 # 1504
3711 # 1504
3711 # 1504
3711 # 1504
3711 # 1504
3712 # 1504
3712 # 1504
3714 # 1504
3715 # 1504
3717 # 1504
3719 # 1504
3721 # 1504
3722 # 1504
3724 # 1504
3726 # 1504
3729 # 1504
3730 # 1504
3732 # 1504
3734 # 1504
3736 # 1504
3737 # 1504
3747 # 1504
3747 # 1504
3747 # 1504
3747 # 1504
3749 # 1504
3751 # 1504
3753 # 1504
3763 # 1504
3763 # 1504
3763 # 1504
3763 # 1504
3765 # 1504
3768 # 1504
3768 # 1504
3785 # 1504
3785 # 1504
3785 # 1504
3785 # 1504
3785 # 1504
3785 # 1504
3785 # 1504
3785 # 1504
3785 # 1504
3785 # 1504
3786 # 1504
3787 # 1504
3789 # 1504
3791 # 1504
3792 # 1504
3793 # 1504
3803 # 1504
3803 # 1504
3803 # 1504
3812 # 1504
3818 # 1504
3819 # 1504
3819 # 1504
3819 # 1504
3822 # 1504
3823 # 1504
3825 # 1504
3826 # 1504
3828 # 1504
3830 # 1504
3832 # 1504
3833 # 1504
3834 # 1504
3835 # 1504
3838 # 1504
3838 # 1504
3840 # 1504
3841 # 1504
3842 # 1504
3844 # 1504
3847 # 1504
3847 # 1504
3849 # 1504
3851 # 1504
3852 # 1504
3853 # 1504
3854 # 1504
3855 # 1504
3857 # 1504
3858 # 1504
3861 # 1504
3861 # 1504
3862 # 1504
3863 # 1504
3866 # 1504
3868 # 1504
3870 # 1504
3872 # 1504
3873 # 1504
3875 # 1504
3885 # 1504
3890 # 1504
3890 # 1504
3890 # 1504
3890 # 1504
3891 # 1504
3894 # 1504
3896 # 1504
3899 # 1504
3901 # 1504
3902 # 1504
3906 # 1504
3908 # 1504
3909 # 1504
3911 # 1504
3913 # 1504
3915 # 1504
3917 # 1504
3926 # 1504
3926 # 1504
3926 # 1504
3927 # 1504
3928 # 1504
3930 # 1504
3932 # 1504
3933 # 1504
3935 # 1504
3937 # 1504
3939 # 1504
3941 # 1504
3942 # 1504
3945 # 1504
3946 # 1504
3947 # 1504
3949 # 1504
3950 # 1504
3952 # 1504
3953 # 1504
3962 # 1504
3962 # 1504
3962 # 1504
3962 # 1504
3962 # 1504
3963 # 1504
3964 # 1504
3966 # 1504
3967 # 1504
3969 # 1504
3970 # 1504
3972 # 1504
3973 # 1504
3974 # 1504
3975 # 1504
3978 # 1504
3978 # 1504
3978 # 1504
3984 # 1504
3984 # 1504
3984 # 1504
3985 # 1504
3988 # 1504
3988 # 1504
3990 # 1504
3992 # 1504
3993 # 1504
3995 # 1504
3996 # 1504
3998 # 1504
3999 # 1504
4001 # 1504
4002 # 1504
4004 # 1504
4006 # 1504
4007 # 1504
4009 # 1504
4011 # 1504
4012 # 1504
4013 # 1504
4015 # 1504
4016 # 1504
4018 # 1504
4020 # 1504
4021 # 1504
4022 # 1504
4023 # 1504
4025 # 1504
4026 # 1504
4027 # 1504
4028 # 1504
4030 # 1504
4031 # 1504
4032 # 1504
4042 # 1504
4043 # 1504
4043 # 1504
4043 # 1504
4043 # 1504
4043 # 1504
4048 # 1504
4048 # 1504
4048 # 1504
4048 # 1504
4048 # 1504
4052 # 1504
4054 # 1504
4055 # 1504
4068 # 1504
4068 # 1504
4068 # 1504
4068 # 1504
4069 # 1504
4070 # 1504
4074 # 1504
4075 # 1504
4077 # 1504
4078 # 1504
4080 # 1504
4082 # 1504
4083 # 1504
4084 # 1504
4085 # 1504
4087 # 1504
4087 # 1504
4088 # 1504
4089 # 1504
4098 # 1504
4098 # 1504
4098 # 1504
4098 # 1504
4098 # 1504
4099 # 1504
4099 # 1504
4099 # 1504
4099 # 1504
4099 # 1504
4099 # 1504
4100 # 1504
4101 # 1504
4102 # 1504
4103 # 1504
4103 # 1504
4104 # 1504
4105 # 1504
4107 # 1504
4107 # 1504
4109 # 1504
4110 # 1504
4111 # 1504
4112 # 1504
4112 # 1504
4113 # 1504
4122 # 1504
4123 # 1504
4123 # 1504
4123 # 1504
4123 # 1504
4123 # 1504
4128 # 1504
4129 # 1504
4132 # 1504
4133 # 1504
4133 # 1504
4133 # 1504
4133 # 1504
4138 # 1504
4138 # 1504
4138 # 1504
4138 # 1504
4139 # 1504
4139 # 1504
4139 # 1504
4140 # 1504
4141 # 1504
4150 # 1504
4150 # 1504
4150 # 1504
4150 # 1504
4150 # 1504
4150 # 1504
4151 # 1504
4152 # 1504
4154 # 1504
4154 # 1504
4155 # 1504
4158 # 1504
4159 # 1504
4160 # 1504
4162 # 1504
4163 # 1504
4164 # 1504
4165 # 1504
4167 # 1504
4168 # 1504
4169 # 1504
4170 # 1504
4171 # 1504
4173 # 1504
4174 # 1504
4175 # 1504
4176 # 1504
4177 # 1504
4180 # 1504
4181 # 1504
4186 # 1504
4186 # 1504
4186 # 1504
4186 # 1504
4187 # 1504
4190 # 1504
4191 # 1504
4192 # 1504
4193 # 1504
4202 # 1504
4202 # 1504
4213 # 1504
4213 # 1504
4213 # 1504
4213 # 1504
4213 # 1504
4213 # 1504
4213 # 1504
4213 # 1504
4213 # 1504
4213 # 1504
4215 # 1504
4216 # 1504
4216 # 1504
4219 # 1504
4220 # 1504
4222 # 1504
4223 # 1504
4224 # 1504
4226 # 1504
4227 # 1504
4229 # 1504
4230 # 1504
4231 # 1504
4233 # 1504
4234 # 1504
4235 # 1504
4236 # 1504
4237 # 1504
4239 # 1504
4239 # 1504
4241 # 1504
4242 # 1504
4244 # 1504
4244 # 1504
4245 # 1504
4246 # 1504
4255 # 1504
4255 # 1504
4255 # 1504
4255 # 1504
4255 # 1504
4256 # 1504
4256 # 1504
4270 # 1504
4270 # 1504
4280 # 1504
4280 # 1504
4280 # 1504
4280 # 1504
4280 # 1504
4280 # 1504
4281 # 1504
4281 # 1504
4281 # 1504
4281 # 1504
4281 # 1504
4281 # 1504
4281 # 1504
4281 # 1504
4281 # 1504
4287 # 1504
4287 # 1504
4287 # 1504
4288 # 1504
4288 # 1504
4290 # 1504
4291 # 1504
4292 # 1504
4294 # 1504
4295 # 1504
4297 # 1504
4298 # 1504
4301 # 1504
4303 # 1504
4305 # 1504
4317 # 1504
4317 # 1504
4317 # 1504
4318 # 1504
4318 # 1504
4320 # 1504
4321 # 1504
4323 # 1504
4324 # 1504
4326 # 1504
4329 # 1504
4331 # 1504
4332 # 1504
4333 # 1504
4337 # 1504
4338 # 1504
4341 # 1504
4342 # 1504
4344 # 1504
4345 # 1504
4347 # 1504
4349 # 1504
4350 # 1504
4352 # 1504
4353 # 1504
4354 # 1504
4356 # 1504
4357 # 1504
4359 # 1504
4360 # 1504
4362 # 1504
4362 # 1504
4364 # 1504
4366 # 1504
4368 # 1504
4370 # 1504
4371 # 1504
4373 # 1504
4374 # 1504
4374 # 1504
4377 # 1504
4378 # 1504
4379 # 1504
4381 # 1504
4387 # 1504
4387 # 1504
4387 # 1504
4387 # 1504
4387 # 1504
4388 # 1504
4390 # 1504
4391 # 1504
4392 # 1504
4394 # 1504
4395 # 1504
4396 # 1504
4398 # 1504
4399 # 1504
4400 # 1504
4401 # 1504
4410 # 1504
4410 # 1504
4410 # 1504
4410 # 1504
4410 # 1504
4410 # 1504
4417 # 1504
4417 # 1504
4417 # 1504
4417 # 1504
4417 # 1504
4417 # 1504
4417 # 1504
4417 # 1504
4426 # 1504
4426 # 1504
4426 # 1504
4429 # 1504
4429 # 1504
4429 # 1504
4429 # 1504
4432 # 1504
4433 # 1504
4433 # 1504
4433 # 1504
4443 # 1504
4443 # 1504
4445 # 1504
4445 # 1504
4449 # 1504
4449 # 1504
4449 # 1504
4449 # 1504
4451 # 1504
4460 # 1504
4461 # 1504
4461 # 1504
4461 # 1504
4461 # 1504
4461 # 1504
4463 # 1504
4464 # 1504
4465 # 1504
4467 # 1504
4468 # 1504
4469 # 1504
4470 # 1504
4472 # 1504
4473 # 1504
4474 # 1504
4475 # 1504
4479 # 1504
4480 # 1504
4481 # 1504
4482 # 1504
4488 # 1504
4488 # 1504
4488 # 1504
4488 # 1504
4489 # 1504
4490 # 1504
4491 # 1504
4492 # 1504
4493 # 1504
4494 # 1504
4496 # 1504
4497 # 1504
4498 # 1504
4499 # 1504
4501 # 1504
4503 # 1504
4504 # 1504
4504 # 1504
4505 # 1504
4507 # 1504
4509 # 1504
4510 # 1504
4511 # 1504
4512 # 1504
4515 # 1504
4517 # 1504
4518 # 1504
4520 # 1504
4521 # 1504
4522 # 1504
4523 # 1504
4525 # 1504
4526 # 1504
4527 # 1504
4528 # 1504
4529 # 1504
4530 # 1504
4531 # 1504
4532 # 1504
4533 # 1504
4534 # 1504
4535 # 1504
4536 # 1504
4536 # 1504
4538 # 1504
4539 # 1504
4539 # 1504
4541 # 1504
4542 # 1504
4543 # 1504
4545 # 1504
4546 # 1504
4548 # 1504
4550 # 1504
4563 # 1504
4563 # 1504
4568 # 1504
4568 # 1504
4568 # 1504
4568 # 1504
4570 # 1504
4571 # 1504
4573 # 1504
4575 # 1504
4576 # 1504
4586 # 1504
4586 # 1504
4588 # 1504
4588 # 1504
4588 # 1504
4588 # 1504
4590 # 1504
4592 # 1504
4594 # 1504
4596 # 1504
4599 # 1504
4601 # 1504
4603 # 1504
4604 # 1504
4606 # 1504
4608 # 1504
4609 # 1504
4610 # 1504
4612 # 1504
4612 # 1504
4615 # 1504
4615 # 1504
4616 # 1504
4618 # 1504
4618 # 1504
4620 # 1504
4621 # 1504
4623 # 1504
4623 # 1504
4625 # 1504
4626 # 1504
4627 # 1504
4630 # 1504
4632 # 1504
4633 # 1504
4635 # 1504
4635 # 1504
4638 # 1504
4639 # 1504
4640 # 1504
4641 # 1504
4643 # 1504
4646 # 1504
4646 # 1504
4647 # 1504
4648 # 1504
4649 # 1504
4650 # 1504
4651 # 1504
4654 # 1504
4655 # 1504
4656 # 1504
4657 # 1504
4659 # 1504
4661 + 52
4668 # 1504
4668 - 52 7
4668 # 1504
4668 # 1504
4668 # 1504
4669 # 1504
4677 # 1504
4680 # 1504
4680 # 1504
4680 # 1504
4680 # 1504
4680 # 1504
4680 # 1504
4681 # 1504
4687 # 1504
4687 # 1504
4687 # 1504
4688 # 1504
4689 # 1504
4692 # 1504
4693 # 1504
4695 # 1504
4697 # 1504
4699 # 1504
4701 # 1504
4702 # 1504
4703 # 1504
4705 # 1504
4706 # 1504
4707 # 1504
4709 # 1504
4711 # 1504
4713 # 1504
4713 # 1504
4715 # 1504
4717 # 1504
4718 # 1504
4720 # 1504
4721 # 1504
4731 # 1504
4731 # 1504
4733 # 1504
4736 # 1504
4738 # 1504
4740 # 1504
4741 # 1504
4743 # 1504
4744 # 1504
4746 # 1504
4748 # 1504
4749 # 1504
4751 # 1504
4753 # 1504
4754 # 1504
4756 # 1504
4758 # 1504
4758 # 1504
4761 # 1504
4763 # 1504
4766 # 1504
4766 # 1504
4768 # 1504
4770 # 1504
4771 # 1504
4773 # 1504
4775 # 1504
4777 # 1504
4789 # 1504
4789 # 1504
4791 # 1504
4791 # 1504
4791 # 1504
4793 # 1504
4795 # 1504
4811 # 1504
4811 # 1504
4815 # 1504
4816 # 1504
4819 # 1504
4820 # 1504
4822 # 1504
4824 # 1504
4825 # 1504
4827 # 1504
4836 # 1504
4836 # 1504
4836 # 1504
4836 # 1504
4836 # 1504
4838 # 1504
4839 # 1504
4841 # 1504
4844 # 1504
4844 # 1504
4845 # 1504
4846 # 1504
4846 # 1504
4858 # 1504
4858 # 1504
4858 # 1504
4876 # 1504
4876 # 1504
4876 # 1504
4876 # 1504
4876 # 1504
4876 # 1504
4876 # 1504
4877 # 1504
4877 # 1504
4877 # 1504
4879 # 1504
4891 # 1504
4891 # 1504
4891 # 1504
4891 # 1504
4891 # 1504
4891 # 1504
4892 # 1504
4892 # 1504
4901 # 1504
4901 # 1504
4901 # 1504
4901 # 1504
4904 # 1504
4908 # 1504
4918 # 1504
4918 # 1504
4918 # 1504
4918 # 1504
4918 # 1504
4918 # 1504
4918 # 1504
4919 # 1504
4919 # 1504
4920 # 1504
4921 # 1504
4922 # 1504
4923 # 1504
4924 # 1504
4925 # 1504
4926 # 1504
4927 # 1504
4930 # 1504
4930 # 1504
4931 # 1504
4932 # 1504
4933 # 1504
4934 # 1504
4935 # 1504
4938 # 1504
4938 # 1504
4939 # 1504
4940 # 1504
4941 # 1504
4942 # 1504
4943 # 1504
4945 # 1504
4946 # 1504
4947 # 1504
4948 # 1504
4950 # 1504
4951 # 1504
4952 # 1504
4954 # 1504
4955 # 1504
4956 # 1504
4958 # 1504
4959 # 1504
4960 # 1504
4962 # 1504
4963 # 1504
4964 # 1504
4965 # 1504
4967 # 1504
4969 # 1504
4971 # 1504
4972 # 1504
4973 # 1504
4975 # 1504
4976 # 1504
4979 # 1504
4980 # 1504
4980 # 1504
4981 # 1504
4982 # 1504
4984 # 1504
4989 # 1504
4989 # 1504
4989 # 1504
4995 # 1504
4996 # 1504
4996 # 1504
4996 # 1504
4996 # 1504
4996 # 1504
5002 # 1504
5002 # 1504
5002 # 1504
5002 # 1504
5002 # 1504
5003 # 1504
5003 # 1504
5003 # 1504
5004 # 1504
5004 # 1504
5005 # 1504
5006 # 1504
5007 # 1504
5007 # 1504
5010 # 1504
5011 # 1504
5012 # 1504
5012 # 1504
5013 # 1504
5014 # 1504
5015 # 1504
5015 # 1504
5018 # 1504
5018 # 1504
5019 # 1504
5020 # 1504
5029 # 1504
5029 # 1504
5029 # 1504
5029 # 1504
5029 # 1504
5029 # 1504
5030 # 1504
5030 # 1504
5030 # 1504
5030 # 1504
5030 # 1504
5031 # 1504
5032 # 1504
5032 # 1504
5033 # 1504
5034 # 1504
5036 # 1504
5036 # 1504
5036 # 1504
5037 # 1504
5038 # 1504
5039 # 1504
5040 # 1504
5041 # 1504
5042 # 1504
5051 # 1504
5051 # 1504
5051 # 1504
5051 # 1504
5051 # 1504
5051 # 1504
5053 # 1504
5055 # 1504
5056 # 1504
5059 # 1504
5060 # 1504
5062 # 1504
5064 # 1504
5066 # 1504
5067 # 1504
5067 # 1504
5069 # 1504
5070 # 1504
5071 # 1504
5072 # 1504
5074 # 1504
5074 # 1504
5074 # 1504
5075 # 1504
5077 # 1504
5077 # 1504
5089 # 1504
5090 # 1504
5090 # 1504
5092 # 1504
5092 # 1504
5092 # 1504
5092 # 1504
5092 # 1504
5092 # 1504
5093 # 1504
5093 # 1504
5095 # 1504
5096 # 1504
5097 # 1504
5099 # 1504
5099 # 1504
5100 # 1504
5101 # 1504
5111 # 1504
5111 # 1504
5111 # 1504
5111 # 1504
5111 # 1504
5111 # 1504
5111 # 1504
5111 # 1504
5112 # 1504
5113 # 1504
5114 # 1504
5115 # 1504
5115 # 1504
5118 # 1504
5118 # 1504
5118 # 1504
5119 # 1504
5128 # 1504
5128 # 1504
5128 # 1504
5128 # 1504
5128 # 1504
5128 # 1504
5128 # 1504
5129 # 1504
5129 # 1504
5129 # 1504
5130 # 1504
5131 # 1504
5131 # 1504
5133 # 1504
5133 # 1504
5134 # 1504
5135 # 1504
5136 # 1504
5136 # 1504
5137 # 1504
5146 # 1504
5146 # 1504
5148 # 1504
5148 # 1504
5148 # 1504
5148 # 1504
5151 # 1504
5151 # 1504
5152 # 1504
5152 # 1504
5152 # 1504
5152 # 1504
5152 # 1504
5155 # 1504
5155 # 1504
5156 # 1504
5156 # 1504
5157 # 1504
5158 # 1504
5160 # 1504
5162 # 1504
5171 # 1504
5171 # 1504
5171 # 1504
5171 # 1504
5171 # 1504
5171 # 1504
5172 # 1504
5174 # 1504
5175 # 1504
5175 # 1504
5178 # 1504
5179 # 1504
5181 # 1504
5182 # 1504
5184 # 1504
5188 # 1504
5188 # 1504
5189 # 1504
5190 # 1504
5192 # 1504
5193 # 1504
5195 # 1504
5196 # 1504
5197 # 1504
5199 # 1504
5200 # 1504
5202 # 1504
5203 # 1504
5204 # 1504
5206 # 1504
5207 # 1504
5209 # 1504
5210 # 1504
5211 # 1504
5212 # 1504
5213 # 1504
5213 # 1504
5215 # 1504
5217 # 1504
5218 # 1504
5219 # 1504
5220 # 1504
5221 # 1504
5221 # 1504
5223 # 1504
5224 # 1504
5234 # 1504
5234 # 1504
5234 # 1504
5234 # 1504
5234 # 1504
5234 # 1504
5234 # 1504
5236 # 1504
5236 # 1504
5237 # 1504
5238 # 1504
5240 # 1504
5241 # 1504
5242 # 1504
5251 # 1504
5251 # 1504
5251 # 1504
5251 # 1504
5251 # 1504
5251 # 1504
5251 # 1504
5252 # 1504
5253 # 1504
5255 # 1504
5255 # 1504
5256 # 1504
5257 # 1504
5258 # 1504
5259 # 1504
5261 # 1504
5270 # 1504
5271 # 1504
5271 # 1504
5271 # 1504
5271 # 1504
5271 # 1504
5271 # 1504
5280 # 1504
5280 # 1504
5280 # 1504
5283 # 1504
5283 # 1504
5283 # 1504
5290 # 1504
5290 # 1504
5290 # 1504
5290 # 1504
5291 # 1504
5292 # 1504
5294 # 1504
5295 # 1504
5297 # 1504
5311 # 1504
5311 # 1504
5315 # 1504
5317 # 1504
5319 # 1504
5321 # 1504
5323 # 1504
5325 # 1504
5327 # 1504
5329 # 1504
5331 # 1504
5333 # 1504
5335 # 1504
5337 # 1504
5339 # 1504
5341 # 1504
5343 # 1504
5348 # 1504
5350 # 1504
5352 # 1504
5356 # 1504
5358 # 1504
5360 # 1504
5362 # 1504
5364 # 1504
5373 # 1504
5373 # 1504
5373 # 1504
5373 # 1504
5374 # 1504
5376 # 1504
5378 # 1504
5379 # 1504
5389 # 1504
5389 # 1504
5389 # 1504
5389 # 1504
5392 # 1504
5393 # 1504
5394 # 1504
5397 # 1504
5399 # 1504
5401 # 1504
5403 # 1504
5413 # 1504
5413 # 1504
5413 # 1504
5413 # 1504
5414 # 1504
5416 # 1504
5417 # 1504
5419 # 1504
5428 # 1504
5428 # 1504
5428 # 1504
5428 # 1504
5431 # 1504
5432 # 1504
5434 # 1504
5436 # 1504
5438 # 1504
5440 # 1504
5442 # 1504
5444 # 1504
5446 # 1504
5447 # 1504
5449 # 1504
5450 # 1504
5452 # 1504
5453 # 1504
5455 # 1504
5456 # 1504
5459 # 1504
5461 # 1504
5462 # 1504
5465 # 1504
5466 # 1504
5467 # 1504
5469 # 1504
5470 # 1504
5471 # 1504
5473 # 1504
5474 # 1504
5476 # 1504
5477 # 1504
5479 # 1504
5480 # 1504
5482 # 1504
5483 # 1504
5493 # 1504
5495 # 1504
5495 # 1504
5495 # 1504
5495 # 1504
5495 # 1504
5495 # 1504
5496 # 1504
5496 # 1504
5496 # 1504
5498 # 1504
5499 # 1504
5499 # 1504
5501 # 1504
5501 # 1504
5502 # 1504
5503 # 1504
5504 # 1504
5506 # 1504
5507 # 1504
5507 # 1504
5508 # 1504
5509 # 1504
5510 # 1504
5511 # 1504
5513 # 1504
5514 # 1504
5514 # 1504
5516 # 1504
5516 # 1504
5517 # 1504
5518 # 1504
5519 # 1504
5521 # 1504
5522 # 1504
5523 # 1504
5523 # 1504
5525 # 1504
5526 # 1504
5527 # 1504
5527 # 1504
5529 # 1504
5530 # 1504
5532 # 1504
5532 # 1504
5533 # 1504
5534 # 1504
5536 # 1504
5537 # 1504
5537 # 1504
5538 # 1504
5539 # 1504
5539 # 1504
5540 # 1504
5541 # 1504
5543 # 1504
5543 # 1504
5543 # 1504
5544 # 1504
5546 # 1504
5547 # 1504
5549 # 1504
5551 # 1504
5561 # 1504
5561 # 1504
5561 # 1504
5561 # 1504
5561 # 1504
5561 # 1504
5568 # 1504
5572 # 1504
5572 # 1504
5572 # 1504
5572 # 1504
5572 # 1504
5578 # 1504
5578 # 1504
5578 # 1504
5578 # 1504
5578 # 1504
5578 # 1504
5578 # 1504
5587 # 1504
5587 # 1504
5593 # 1504
5593 # 1504
5593 # 1504
5593 # 1504
5593 # 1504
5593 # 1504
5593 # 1504
5593 # 1504
5593 # 1504
5593 # 1504
5593 # 1504
5593 # 1504
5594 # 1504
5595 # 1504
5596 # 1504
5597 # 1504
5598 # 1504
5599 # 1504
5608 # 1504
5610 # 1504
5610 # 1504
5610 # 1504
5610 # 1504
5610 # 1504
5610 # 1504
5610 # 1504
5611 # 1504
5612 # 1504
5613 # 1504
5614 # 1504
5623 # 1504
5624 # 1504
5624 # 1504
5624 # 1504
5624 # 1504
5624 # 1504
5624 # 1504
5624 # 1504
5624 # 1504
5625 # 1504
5627 # 1504
5628 # 1504
5629 # 1504
5630 # 1504
5631 # 1504
5634 # 1504
5635 # 1504
5636 # 1504
5636 # 1504
5637 # 1504
5638 # 1504
5639 # 1504
5649 # 1504
5649 # 1504
5649 # 1504
5649 # 1504
5649 # 1504
5649 # 1504
5649 # 1504
5649 # 1504
5650 # 1504
5653 # 1504
5653 # 1504
5653 # 1504
5654 # 1504
5655 # 1504
5657 # 1504
5658 # 1504
5667 # 1504
5667 # 1504
5667 # 1504
5667 # 1504
5667 # 1504
5668 # 1504
5668 # 1504
5668 # 1504
5670 # 1504
5671 # 1504
5673 # 1504
5675 # 1504
5676 # 1504
5686 # 1504
5686 # 1504
5686 # 1504
5686 # 1504
5686 # 1504
5687 # 1504
5694 # 1504
5694 # 1504
5694 # 1504
5694 # 1504
5696 # 1504
5706 # 1504
5706 # 1504
5706 # 1504
5711 # 1504
5711 # 1504
5711 # 1504
5711 # 1504
5713 # 1504
5714 # 1504
5715 # 1504
5718 # 1504
5719 # 1504
5721 # 1504
5723 # 1504
5725 # 1504
5726 # 1504
5727 # 1504
5729 # 1504
5730 # 1504
5731 # 1504
5732 # 1504
5734 # 1504
5735 # 1504
5736 # 1504
5737 # 1504
5738 # 1504
5739 # 1504
5741 # 1504
5742 # 1504
5742 # 1504
5744 # 1504
5749 # 1504
5749 # 1504
5749 # 1504
5749 # 1504
5750 # 1504
5751 # 1504
5752 # 1504
5761 # 1504
5761 # 1504
5761 # 1504
5761 # 1504
5761 # 1504
5761 # 1504
5761 # 1504
5762 # 1504
5763 # 1504
5764 # 1504
5765 # 1504
5766 # 1504
5767 # 1504
5771 # 1504
5771 # 1504
5772 # 1504
5773 # 1504
5774 # 1504
5775 # 1504
5777 # 1504
5778 # 1504
5779 # 1504
5781 # 1504
5782 # 1504
5783 # 1504
5785 # 1504
5786 # 1504
5787 # 1504
5788 # 1504
5793 # 1504
5793 # 1504
5793 # 1504
5793 # 1504
5794 # 1504
5796 # 1504
5813 # 1504
5813 # 1504
5813 # 1504
5813 # 1504
5815 # 1504
5815 # 1504
5816 # 1504
5822 # 1504
5822 # 1504
5827 # 1504
5827 # 1504
5827 # 1504
5827 # 1504
5827 # 1504
5827 # 1504
5828 # 1504
5831 # 1504
5853 # 1504
5854 # 1504
5855 # 1504
5857 # 1504
5858 # 1504
5859 # 1504
5861 # 1504
5862 # 1504
5863 # 1504
5866 # 1504
5867 # 1504
5871 # 1504
5871 # 1504
5874 # 1504
5875 # 1504
5877 # 1504
5878 # 1504
5880 # 1504
5881 # 1504
5884 # 1504
5893 # 1504
5893 # 1504
5893 # 1504
5893 # 1504
5893 # 1504
5893 # 1504
5893 # 1504
5893 # 1504
5893 # 1504
5894 # 1504
5895 # 1504
5896 # 1504
5897 # 1504
5898 # 1504
5899 # 1504
5901 # 1504
5901 # 1504
5902 # 1504
5903 # 1504
5904 # 1504
5906 # 1504
5906 # 1504
5907 # 1504
5909 # 1504
5910 # 1504
5911 # 1504
5912 # 1504
5914 # 1504
5915 # 1504
5916 # 1504
5925 # 1504
5928 # 1504
5928 # 1504
5928 # 1504
5928 # 1504
5928 # 1504
5929 # 1504
5929 # 1504
5934 # 1504
5935 # 1504
5935 # 1504
5935 # 1504
5935 # 1504
5935 # 1504
5936 # 1504
5936 # 1504
5937 # 1504
5938 # 1504
5939 # 1504
5956 # 1504
5956 # 1504
5956 # 1504
5956 # 1504
5956 # 1504
5956 # 1504
5956 # 1504
5957 # 1504
5957 # 1504
5957 # 1504
5957 # 1504
5965 # 1504
5965 # 1504
5965 # 1504
5965 # 1504
5965 # 1504
5966 # 1504
5967 # 1504
5967 # 1504
5969 # 1504
5970 # 1504
5970 # 1504
5972 # 1504
5972 # 1504
5973 # 1504
5975 # 1504
5975 # 1504
5984 # 1504
5985 # 1504
5986 # 1504
5987 # 1504
5987 # 1504
5987 # 1504
5987 # 1504
5987 # 1504
5987 # 1504
5996 # 1504
5996 # 1504
5999 # 1504
5999 # 1504
5999 # 1504
5999 # 1504
5999 # 1504
5999 # 1504
6002 # 1504
6011 # 1504
6012 # 1504
6012 # 1504
6012 # 1504
6012 # 1504
6012 # 1504
6013 # 1504
6014 # 1504
6015 # 1504
6016 # 1504
6017 # 1504
6026 # 1504
6026 # 1504
6029 # 1504
6029 # 1504
6031 # 1504
6031 # 1504
6041 # 1504
6041 # 1504
6041 # 1504
6041 # 1504
6041 # 1504
6041 # 1504
6041 # 1504
6048 # 1504
6048 # 1504
6048 # 1504
6049 # 1504
6049 # 1504
6053 # 1504
6063 # 1504
6063 # 1504
6068 # 1504
6068 # 1504
6068 # 1504
6068 # 1504
6077 # 1504
6077 # 1504
6077 # 1504
6077 # 1504
6077 # 1504
6078 # 1504
6079 # 1504
6089 # 1504
6089 # 1504
6089 # 1504
6089 # 1504
6089 # 1504
6090 # 1504
6095 # 1504
6095 # 1504
6096 # 1504
6097 # 1504
6098 # 1504
6099 # 1504
6101 # 1504
6103 # 1504
6104 # 1504
6113 # 1504
6115 # 1504
6116 # 1504
6119 # 1504
6119 # 1504
6125 # 1504
6125 # 1504
6125 # 1504
6125 # 1504
6125 # 1504
6126 # 1504
6128 # 1504
6130 # 1504
6132 # 1504
6134 # 1504
6135 # 1504
6137 # 1504
6142 # 1504
6142 # 1504
6143 # 1504
6145 # 1504
6146 # 1504
6149 # 1504
6152 # 1504
6152 # 1504
6162 # 1504
6162 # 1504
6162 # 1504
6162 # 1504
6163 # 1504
6165 # 1504
6168 # 1504
6169 # 1504
6171 # 1504
6172 # 1504
6175 # 1504
6176 # 1504
6178 # 1504
6179 # 1504
6181 # 1504
6183 # 1504
6184 # 1504
6185 # 1504
6187 # 1504
6188 # 1504
6191 # 1504
6197 # 1504
6197 # 1504
6197 # 1504
6197 # 1504
6201 # 1504
6201 # 1504
6201 # 1504
6208 # 1504
6208 # 1504
6208 # 1504
6208 # 1504
6208 # 1504
6209 # 1504
6217 # 1504
6218 # 1504
6218 # 1504
6218 # 1504
6218 # 1504
6218 # 1504
6220 # 1504
6221 # 1504
6222 # 1504
6225 # 1504
6226 # 1504
6227 # 1504
6229 # 1504
6230 # 1504
6231 # 1504
6233 # 1504
6234 # 1504
6236 # 1504
6237 # 1504
6238 # 1504
6240 # 1504
6241 # 1504
6251 # 1504
6251 # 1504
6251 # 1504
6251 # 1504
6251 # 1504
6251 # 1504
6252 # 1504
6253 # 1504
6255 # 1504
6256 # 1504
6258 # 1504
6259 # 1504
6261 # 1504
6263 # 1504
6264 # 1504
6266 # 1504
6267 # 1504
6270 # 1504
6271 # 1504
6273 # 1504
6274 # 1504
6275 # 1504
6292 # 1504
6292 # 1504
6292 # 1504
6292 # 1504
6292 # 1504
6292 # 1504
6298 # 1504
6298 # 1504
6298 # 1504
6298 # 1504
6298 # 1504
6298 # 1504
6299 # 1504
6309 # 1504
6309 # 1504
6312 # 1504
6314 # 1504
6324 # 1504
6326 # 1504
6326 # 1504
6326 # 1504
6327 # 1504
6327 # 1504
6328 # 1504
6330 # 1504
6331 # 1504
6334 # 1504
6334 # 1504
6336 # 1504
6338 # 1504
6340 # 1504
6342 # 1504
6343 # 1504
6345 # 1504
6346 # 1504
6356 # 1504
6356 # 1504
6358 # 1504
6359 # 1504
6359 # 1504
6359 # 1504
6365 # 1504
6365 # 1504
6369 # 1504
6369 # 1504
6369 # 1504
6369 # 1504
6370 # 1504
6374 # 1504
6374 # 1504
6375 # 1504
6378 # 1504
6379 # 1504
6380 # 1504
6383 # 1504
6384 # 1504
6386 # 1504
6391 # 1504
6391 # 1504
6391 # 1504
6392 # 1504
6397 # 1504
6397 # 1504
6398 # 1504
6406 # 1504
6406 # 1504
6406 # 1504
6407 # 1504
6407 # 1504
6413 # 1504
6413 # 1504
6413 # 1504
6413 # 1504
6414 # 1504
6415 # 1504
6417 # 1504
6419 # 1504
6421 # 1504
6423 # 1504
6425 # 1504
6427 # 1504
6429 # 1504
6431 # 1504
6432 # 1504
6434 # 1504
6435 # 1504
6437 # 1504
6438 # 1504
6440 # 1504
6441 # 1504
6443 # 1504
6446 # 1504
6446 # 1504
6447 # 1504
6448 # 1504
6448 # 1504
6450 # 1504
6451 # 1504
6452 # 1504
6452 # 1504
6453 # 1504
6454 # 1504
6455 # 1504
6456 # 1504
6456 # 1504
6457 # 1504
6458 # 1504
6459 # 1504
6459 # 1504
6461 # 1504
6470 # 1504
6470 # 1504
6470 # 1504
6471 # 1504
6473 # 1504
6474 # 1504
6474 # 1504
6474 # 1504
6474 # 1504
6474 # 1504
6474 # 1504
6482 # 1504
6482 # 1504
6482 # 1504
6482 # 1504
6483 # 1504
6483 # 1504
6483 # 1504
6483 # 1504
6483 # 1504
6489 # 1504
6489 # 1504
6489 # 1504
6489 # 1504
6490 # 1504
6490 # 1504
6490 # 1504
6490 # 1504
6490 # 1504
6490 # 1504
6490 # 1504
6492 # 1504
6492 # 1504
6493 # 1504
6498 # 1504
6498 # 1504
6498 # 1504
6498 # 1504
6498 # 1504
6499 # 1504
6499 # 1504
6499 # 1504
6500 # 1504
6501 # 1504
6503 # 1504
6504 # 1504
6513 # 1504
6513 # 1504
6513 # 1504
6513 # 1504
6513 # 1504
6514 # 1504
6514 # 1504
6514 # 1504
6514 # 1504
6514 # 1504
6514 # 1504
6515 # 1504
6515 # 1504
6516 # 1504
6517 # 1504
6518 # 1504
6519 # 1504
6520 # 1504
6520 # 1504
6521 # 1504
6523 # 1504
6523 # 1504
6523 # 1504
6523 # 1504
6534 # 1504
6534 # 1504
6534 # 1504
6534 # 1504
6534 # 1504
6534 # 1504
6534 # 1504
6534 # 1504
6534 # 1504
6535 # 1504
6536 # 1504
6537 # 1504
6538 # 1504
6539 # 1504
6539 # 1504
6549 # 1504
6549 # 1504
6550 # 1504
6550 # 1504
6550 # 1504
6550 # 1504
6550 # 1504
6550 # 1504
6552 # 1504
6553 # 1504
6563 # 1504
6565 # 1504
6569 # 1504
6569 # 1504
6572 # 1504
6572 # 1504
6572 # 1504
6593 # 1504
6593 # 1504
6593 # 1504
6593 # 1504
6593 # 1504
6593 # 1504
6593 # 1504
6593 # 1504
6593 # 1504
6602 # 1504
6603 # 1504
6603 # 1504
6603 # 1504
6603 # 1504
6603 # 1504
6603 # 1504
6603 # 1504
6611 # 1504
6611 # 1504
6611 # 1504
6611 # 1504
6611 # 1504
6611 # 1504
6613 # 1504
6614 # 1504
6615 # 1504
6616 # 1504
6618 # 1504
6621 # 1504
6623 # 1504
6624 # 1504
6625 # 1504
6629 # 1504
6629 # 1504
6630 # 1504
6631 # 1504
6633 # 1504
6634 # 1504
6637 # 1504
6645 # 1504
6645 # 1504
6645 # 1504
6645 # 1504
6645 # 1504
6645 # 1504
6646 # 1504
6647 # 1504
6649 # 1504
6651 # 1504
6653 # 1504
6654 # 1504
6656 # 1504
6657 # 1504
6658 # 1504
6661 # 1504
6661 # 1504
6663 # 1504
6665 # 1504
6666 # 1504
6667 # 1504
6669 # 1504
6670 # 1504
6671 # 1504
6672 # 1504
6673 # 1504
6675 # 1504
6677 # 1504
6677 # 1504
6678 # 1504
6680 # 1504
6681 # 1504
6682 # 1504
6684 # 1504
6685 # 1504
6686 # 1504
6687 # 1504
6688 # 1504
6689 # 1504
6690 # 1504
6691 # 1504
6691 # 1504
6692 # 1504
6695 # 1504
6699 # 1504
6699 # 1504
6699 # 1504
6700 # 1504
6700 # 1504
6700 # 1504
6701 # 1504
6702 # 1504
6703 # 1504
6704 # 1504
6713 # 1504
6713 # 1504
6713 # 1504
6713 # 1504
6713 # 1504
6713 # 1504
6714 # 1504
6715 # 1504
6717 # 1504
6718 # 1504
6719 # 1504
6720 # 1504
6722 # 1504
6722 # 1504
6723 # 1504
6724 # 1504
6725 # 1504
6726 # 1504
6727 # 1504
6728 # 1504
6729 # 1504
6731 # 1504
6732 # 1504
6732 # 1504
6733 # 1504
6734 # 1504
6735 # 1504
6736 # 1504
6745 # 1504
6746 # 1504
6746 # 1504
6746 # 1504
6746 # 1504
6746 # 1504
6746 # 1504
6746 # 1504
6754 # 1504
6754 # 1504
6754 # 1504
6754 # 1504
6754 # 1504
6761 # 1504
6761 # 1504
6761 # 1504
6761 # 1504
6761 # 1504
6762 # 1504
6763 # 1504
6766 # 1504
6766 # 1504
6768 # 1504
6770 # 1504
6771 # 1504
6772 # 1504
6774 # 1504
6775 # 1504
6777 # 1504
6778 # 1504
6779 # 1504
6780 # 1504
6782 # 1504
6783 # 1504
6785 # 1504
6786 # 1504
6787 # 1504
6789 # 1504
6790 # 1504
6792 # 1504
6792 # 1504
6794 # 1504
6795 # 1504
6799 # 1504
6799 # 1504
6800 # 1504
6804 # 1504
6805 # 1504
6807 # 1504
6813 # 1504
6823 # 1504
6824 # 1504
6824 # 1504
6824 # 1504
6824 # 1504
6824 # 1504
6825 # 1504
6829 # 1504
6831 # 1504
6832 # 1504
6833 # 1504
6836 # 1504
6837 # 1504
6839 # 1504
6840 # 1504
6843 # 1504
6844 # 1504
6853 # 1504
6854 # 1504
6854 # 1504
6854 # 1504
6855 # 1504
6855 # 1504
6863 # 1504
6863 # 1504
6863 # 1504
6863 # 1504
6863 # 1504
6863 # 1504
6864 # 1504
6865 # 1504
6866 # 1504
6868 # 1504
6869 # 1504
6873 # 1504
6873 # 1504
6873 # 1504
6875 # 1504
6876 # 1504
6878 # 1504
6880 # 1504
6881 # 1504
6882 # 1504
6884 # 1504
6885 # 1504
6887 # 1504
6888 # 1504
6891 # 1504
6892 # 1504
6893 # 1504
6894 # 1504
6899 # 1504
6900 # 1504
6900 # 1504
6901 # 1504
6903 # 1504
6904 # 1504
6905 # 1504
6908 # 1504
6908 # 1504
6910 # 1504
6911 # 1504
6913 # 1504
6914 # 1504
6916 # 1504
6917 # 1504
6918 # 1504
6920 # 1504
6921 # 1504
6922 # 1504
6924 # 1504
6926 # 1504
6929 # 1504
6931 # 1504
6931 # 1504
6931 # 1504
6932 # 1504
6934 # 1504
6935 # 1504
6936 # 1504
6938 # 1504
6939 # 1504
6941 # 1504
6942 # 1504
6943 # 1504
6945 # 1504
6946 # 1504
6947 # 1504
6948 # 1504
6949 # 1504
6949 # 1504
6959 # 1504
6959 # 1504
6959 # 1504
6959 # 1504
6959 # 1504
6959 # 1504
6965 # 1504
6966 # 1504
6966 # 1504
6966 # 1504
6966 # 1504
6967 # 1504
6967 # 1504
6968 # 1504
6970 # 1504
6970 # 1504
6971 # 1504
6972 # 1504
6973 # 1504
6974 # 1504
6975 # 1504
6977 # 1504
6986 # 1504
6986 # 1504
6986 # 1504
6986 # 1504
6986 # 1504
6986 # 1504
6986 # 1504
6987 # 1504
6987 # 1504
6988 # 1504
6989 # 1504
6990 # 1504
6991 # 1504
6992 # 1504
6993 # 1504
6994 # 1504
6995 # 1504
6996 # 1504
7005 # 1504
7006 # 1504
7006 # 1504
7006 # 1504
7006 # 1504
7006 # 1504
7006 # 1504
7006 # 1504
7007 # 1504
7009 # 1504
7010 # 1504
7019 # 1504
7019 # 1504
7019 # 1504
7019 # 1504
7019 # 1504
7024 # 1504
7024 # 1504
7026 # 1504
7026 # 1504
7030 # 1504
7031 # 1504
7031 # 1504
7031 # 1504
7031 # 1504
7033 # 1504
7034 # 1504
7036 # 1504
7037 # 1504
7038 # 1504
7040 # 1504
7041 # 1504
7043 # 1504
7044 # 1504
7046 # 1504
7049 # 1504
7051 # 1504
7052 # 1504
7055 # 1504
7059 # 1504
7069 # 1504
7069 # 1504
7069 # 1504
7069 # 1504
7076 # 1504
7076 # 1504
7076 # 1504
7076 # 1504
7078 # 1504
7078 # 1504
7081 # 1504
7082 # 1504
7084 # 1504
7093 # 1504
7093 # 1504
7093 # 1504
7093 # 1504
7093 # 1504
7094 # 1504
7096 # 1504
7097 # 1504
7101 # 1504
7101 # 1504
7101 # 1504
7103 # 1504
7105 # 1504
7107 # 1504
7108 # 1504
7110 # 1504
7112 # 1504
7114 # 1504
7114 # 1504
7117 # 1504
7118 # 1504
7121 # 1504
7122 # 1504
7124 # 1504
7125 # 1504
7127 # 1504
7129 # 1504
7130 # 1504
7131 # 1504
7133 # 1504
7134 # 1504
7136 # 1504
7138 # 1504
7139 # 1504
7140 # 1504
7142 # 1504
7143 # 1504
7145 # 1504
7146 # 1504
7147 # 1504
7148 # 1504
7150 # 1504
7151 # 1504
7152 # 1504
7153 # 1504
7154 # 1504
7156 # 1504
7156 # 1504
7158 # 1504
7159 # 1504
7161 # 1504
7162 # 1504
7163 # 1504
7164 # 1504
7165 # 1504
7166 # 1504
7167 # 1504
7170 # 1504
7171 # 1504
7172 # 1504
7174 # 1504
7174 # 1504
7174 # 1504
7176 # 1504
7178 # 1504
7179 # 1504
7180 # 1504
7182 # 1504
7183 # 1504
7185 # 1504
7185 # 1504
7187 # 1504
7188 # 1504
7189 # 1504
7191 # 1504
7192 # 1504
7193 # 1504
7195 # 1504
7197 # 1504
7197 # 1504
7206 # 1504
7206 # 1504
7206 # 1504
7206 # 1504
7212 # 1504
7212 # 1504
7212 # 1504
7212 # 1504
7212 # 1504
7212 # 1504
7213 # 1504
7215 # 1504
7215 # 1504
7216 # 1504
7217 # 1504
7226 # 1504
7226 # 1504
7226 # 1504
7226 # 1504
7226 # 1504
7226 # 1504
7226 # 1504
7228 # 1504
7229 # 1504
7230 # 1504
7231 # 1504
7232 # 1504
7233 # 1504
7235 # 1504
7235 # 1504
7236 # 1504
7237 # 1504
7246 # 1504
7246 # 1504
7246 # 1504
7246 # 1504
7247 # 1504
7248 # 1504
7248 # 1504
7248 # 1504
7256 # 1504
7256 # 1504
7256 # 1504
7256 # 1504
7259 # 1504
7259 # 1504
7260 # 1504
7260 # 1504
7260 # 1504
7260 # 1504
7260 # 1504
7266 # 1504
7266 # 1504
7266 # 1504
7266 # 1504
7266 # 1504
7266 # 1504
7266 # 1504
7267 # 1504
7268 # 1504
7269 # 1504
7270 # 1504
7279 # 1504
7279 # 1504
7279 # 1504
7280 # 1504
7280 # 1504
7280 # 1504
7280 # 1504
7286 # 1504
7286 # 1504
7286 # 1504
7286 # 1504
7286 # 1504
7286 # 1504
7287 # 1504
7287 # 1504
7291 # 1504
7293 # 1504
7294 # 1504
7295 # 1504
7308 # 1504
7315 # 1504
7315 # 1504
7315 # 1504
7316 # 1504
7317 # 1504
7320 # 1504
7322 # 1504
7324 # 1504
7325 # 1504
7327 # 1504
7328 # 1504
7330 # 1504
7339 # 1504
7339 # 1504
7339 # 1504
7339 # 1504
7339 # 1504
7339 # 1504
7340 # 1504
7341 # 1504
7343 # 1504
7344 # 1504
7346 # 1504
7346 # 1504
7347 # 1504
7348 # 1504
7349 # 1504
7350 # 1504
7351 # 1504
7352 # 1504
7353 # 1504
7355 # 1504
7355 # 1504
7356 # 1504
7357 # 1504
7366 # 1504
7366 # 1504
7368 # 1504
7369 # 1504
7369 # 1504
7371 # 1504
7371 # 1504
7371 # 1504
7375 # 1504
7375 # 1504
7375 # 1504
7375 # 1504
7375 # 1504
7379 # 1504
7387 # 1504
7387 # 1504
7387 # 1504
7387 # 1504
7387 # 1504
7387 # 1504
7387 # 1504
7387 # 1504
7388 # 1504
7389 # 1504
7390 # 1504
7391 # 1504
7392 # 1504
7393 # 1504
7395 # 1504
7397 # 1504
7406 # 1504
7406 # 1504
7406 # 1504
7406 # 1504
7406 # 1504
7406 # 1504
7407 # 1504
7407 # 1504
7408 # 1504
7417 # 1504
7417 # 1504
7417 # 1504
7417 # 1504
7417 # 1504
7417 # 1504
7417 # 1504
7418 # 1504
7419 # 1504
7421 # 1504
7422 # 1504
7423 # 1504
7424 # 1504
7426 # 1504
7426 # 1504
7427 # 1504
7428 # 1504
7430 # 1504
7431 # 1504
7433 # 1504
7433 # 1504
7435 # 1504
7436 # 1504
7438 # 1504
7439 # 1504
7439 # 1504
7441 # 1504
7443 # 1504
7444 # 1504
7445 # 1504
7447 # 1504
7448 # 1504
7449 # 1504
7450 # 1504
7453 # 1504
7453 # 1504
7455 # 1504
7456 # 1504
7457 # 1504
7459 # 1504
7476 # 1504
7476 # 1504
7477 # 1504
7477 # 1504
7477 # 1504
7477 # 1504
7477 # 1504
7477 # 1504
7477 # 1504
7477 # 1504
7477 # 1504
7477 # 1504
7477 # 1504
7488 # 1504
7488 # 1504
7488 # 1504
7488 # 1504
7488 # 1504
7493 # 1504
7493 # 1504
7493 # 1504
7493 # 1504
7493 # 1504
7494 # 1504
7496 # 1504
7499 # 1504
7506 # 1504
7507 # 1504
7507 # 1504
7507 # 1504
7507 # 1504
7507 # 1504
7507 # 1504
7509 # 1504
7510 # 1504
7511 # 1504
7512 # 1504
7514 # 1504
7515 # 1504
7517 # 1504
7534 # 1504
7534 # 1504
7534 # 1504
7534 # 1504
7534 # 1504
7534 # 1504
7534 # 1504
7535 # 1504
7535 # 1504
7535 # 1504
7535 # 1504
7535 # 1504
7536 # 1504
7536 # 1504
7536 # 1504
7537 # 1504
7546 # 1504
7546 # 1504
7546 # 1504
7546 # 1504
7546 # 1504
7546 # 1504
7546 # 1504
7547 # 1504
7555 # 1504
7555 # 1504
7555 # 1504
7556 # 1504
7568 # 1504
7568 # 1504
7568 # 1504
7568 # 1504
7568 # 1504
7569 # 1504
7570 # 1504
7571 # 1504
7572 # 1504
7573 # 1504
7574 # 1504
7575 # 1504
7584 # 1504
7585 # 1504
7586 # 1504
7587 # 1504
7587 # 1504
7587 # 1504
7587 # 1504
7591 # 1504
7591 # 1504
7591 # 1504
7591 # 1504
7591 # 1504
7592 # 1504
7593 # 1504
7594 # 1504
7596 # 1504
7596 # 1504
7597 # 1504
7606 # 1504
7607 # 1504
7607 # 1504
7607 # 1504
7607 # 1504
7611 # 1504
7611 # 1504
7611 # 1504
7611 # 1504
7611 # 1504
7611 # 1504
7612 # 1504
7613 # 1504
7614 # 1504
7614 # 1504
7615 # 1504
7625 # 1504
7626 # 1504
7626 # 1504
7626 # 1504
7626 # 1504
7626 # 1504
7626 # 1504
7627 # 1504
7628 # 1504
7629 # 1504
7630 # 1504
7631 # 1504
7632 # 1504
7633 # 1504
7634 # 1504
7643 # 1504
7643 # 1504
7643 # 1504
7646 # 1504
7646 # 1504
7646 # 1504
7646 # 1504
7646 # 1504
7646 # 1504
7647 # 1504
7650 # 1504
7651 # 1504
7652 # 1504
7653 # 1504
7654 # 1504
7655 # 1504
7657 # 1504
7666 # 1504
7666 # 1504
7666 # 1504
7666 # 1504
7666 # 1504
7666 # 1504
7667 # 1504
7668 # 1504
7669 # 1504
7670 # 1504
7679 # 1504
7679 # 1504
7679 # 1504
7679 # 1504
7679 # 1504
7679 # 1504
7686 # 1504
7686 # 1504
7689 # 1504
7689 # 1504
7689 # 1504
7693 # 1504
7694 # 1504
7694 # 1504
7694 # 1504
7694 # 1504
7694 # 1504
7695 # 1504
7697 # 1504
7697 # 1504
7706 # 1504
7706 # 1504
7706 # 1504
7706 # 1504
7706 # 1504
7706 # 1504
7706 # 1504
7708 # 1504
7709 # 1504
7710 # 1504
7711 # 1504
7712 # 1504
7714 # 1504
7715 # 1504
7717 # 1504
7718 # 1504
7719 # 1504
7720 # 1504
7722 # 1504
7723 # 1504
7724 # 1504
7726 # 1504
7726 # 1504
7727 # 1504
7728 # 1504
7729 # 1504
7730 # 1504
7731 # 1504
7732 # 1504
7732 # 1504
7734 # 1504
7735 # 1504
7736 # 1504
7737 # 1504
7738 # 1504
7739 # 1504
7740 # 1504
7741 # 1504
7742 # 1504
7743 # 1504
7744 # 1504
7745 # 1504
7747 # 1504
7747 # 1504
7753 # 1504
7753 # 1504
7754 # 1504
7755 # 1504
7774 # 1504
7774 # 1504
7774 # 1504
7774 # 1504
7774 # 1504
7774 # 1504
7774 # 1504
7774 # 1504
7774 # 1504
7775 # 1504
7775 # 1504
7775 # 1504
7775 # 1504
7775 # 1504
7775 # 1504
7777 # 1504
7777 # 1504
7786 # 1504
7786 # 1504
7786 # 1504
7786 # 1504
7786 # 1504
7786 # 1504
7786 # 1504
7787 # 1504
7787 # 1504
7789 # 1504
7791 # 1504
7791 # 1504
7792 # 1504
7793 # 1504
7795 # 1504
7795 # 1504
7796 # 1504
7797 # 1504
7798 # 1504
7800 # 1504
7810 # 1504
7811 # 1504
7811 # 1504
7811 # 1504
7811 # 1504
7812 # 1504
7813 # 1504
7815 # 1504
7816 # 1504
7826 # 1504
7826 # 1504
7829 # 1504
7829 # 1504
7831 # 1504
7831 # 1504
7834 # 1504
7835 # 1504
7835 # 1504
7835 # 1504
7835 # 1504
7836 # 1504
7837 # 1504
7838 # 1504
7839 # 1504
7841 # 1504
7842 # 1504
7843 # 1504
7845 # 1504
7846 # 1504
7848 # 1504
7848 # 1504
7849 # 1504
7850 # 1504
7852 # 1504
7852 # 1504
7853 # 1504
7854 # 1504
7856 # 1504
7856 # 1504
7858 # 1504
7866 # 1504
7866 # 1504
7866 # 1504
7866 # 1504
7871 # 1504
7871 # 1504
7873 # 1504
7873 # 1504
7873 # 1504
7880 # 1504
7880 # 1504
7880 # 1504
7880 # 1504
7880 # 1504
7880 # 1504
7881 # 1504
7882 # 1504
7883 # 1504
7884 # 1504
7885 # 1504
7886 # 1504
7888 # 1504
7889 # 1504
7891 # 1504
7891 # 1504
7892 # 1504
7893 # 1504
7894 # 1504
7907 # 1504
7907 # 1504
7907 # 1504
7907 # 1504
7910 # 1504
7910 # 1504
7910 # 1504
7910 # 1504
7912 # 1504
7914 # 1504
7914 # 1504
7914 # 1504
7914 # 1504
7915 # 1504
7916 # 1504
7917 # 1504
7926 # 1504
7927 # 1504
7929 # 1504
7929 # 1504
7931 # 1504
7931 # 1504
7933 # 1504
7933 # 1504
7934 # 1504
7936 # 1504
7937 # 1504
7946 # 1504
7946 # 1504
7946 # 1504
7952 # 1504
7952 # 1504
7952 # 1504
7952 # 1504
7952 # 1504
7953 # 1504
7955 # 1504
7957 # 1504
7958 # 1504
7961 # 1504
7961 # 1504
7964 # 1504
7965 # 1504
7974 # 1504
7974 # 1504
7974 # 1504
7974 # 1504
7974 # 1504
7974 # 1504
7974 # 1504
7976 # 1504
7977 # 1504
7986 # 1504
7986 # 1504
7986 # 1504
7986 # 1504
7991 # 1504
7991 # 1504
7991 # 1504
7991 # 1504
7991 # 1504
7991 # 1504
7992 # 1504
7993 # 1504
7995 # 1504
7995 # 1504
7997 # 1504
7999 # 1504
7999 # 1504
8001 # 1504
8002 # 1504
8007 # 1504
8008 # 1504
8008 # 1504
8008 # 1504
8008 # 1504
8009 # 1504
8010 # 1504
8010 # 1504
8012 # 1504
8013 # 1504
8013 # 1504
8023 # 1504
8023 # 1504
8023 # 1504
8023 # 1504
8023 # 1504
8023 # 1504
8024 # 1504
8024 # 1504
8024 # 1504
8025 # 1504
8027 # 1504
8027 # 1504
8028 # 1504
8029 # 1504
8030 # 1504
8032 # 1504
8032 # 1504
8033 # 1504
8034 # 1504
8035 # 1504
8036 # 1504
8038 # 1504
8038 # 1504
8040 # 1504
8041 # 1504
8042 # 1504
8043 # 1504
8044 # 1504
8044 # 1504
8046 # 1504
8047 # 1504
8049 # 1504
8050 # 1504
8060 # 1504
8060 # 1504
8060 # 1504
8060 # 1504
8061 # 1504
8061 # 1504
8070 # 1504
8071 # 1504
8071 # 1504
8071 # 1504
8071 # 1504
8071 # 1504
8072 # 1504
8073 # 1504
8074 # 1504
8075 # 1504
8076 # 1504
8079 # 1504
8079 # 1504
8083 # 1504
8084 # 1504
8085 # 1504
8086 # 1504
8095 # 1504
8095 # 1504
8095 # 1504
8095 # 1504
8095 # 1504
8096 # 1504
8106 # 1504
8106 # 1504
8106 # 1504
8109 # 1504
8109 # 1504
8111 # 1504
8111 # 1504
8111 # 1504
8111 # 1504
8112 # 1504
8113 # 1504
8114 # 1504
8116 # 1504
8118 # 1504
8119 # 1504
8121 # 1504
8122 # 1504
8123 # 1504
8125 # 1504
8126 # 1504
8128 # 1504
8129 # 1504
8130 # 1504
8132 # 1504
8133 # 1504
8133 # 1504
8135 # 1504
8137 # 1504
8138 # 1504
8139 # 1504
8140 # 1504
8141 # 1504
8152 # 1504
8152 # 1504
8152 # 1504
8152 # 1504
8152 # 1504
8152 # 1504
8152 # 1504
8153 # 1504
8154 # 1504
8155 # 1504
8157 # 1504
8166 # 1504
8166 # 1504
8168 # 1504
8168 # 1504
8168 # 1504
8168 # 1504
8169 # 1504
8170 # 1504
8172 # 1504
8174 # 1504
8176 # 1504
8176 # 1504
8178 # 1504
8180 # 1504
8181 # 1504
8183 # 1504
8186 # 1504
8187 # 1504
8188 # 1504
8190 # 1504
8199 # 1504
8199 # 1504
8199 # 1504
8199 # 1504
8199 # 1504
8209 # 1504
8210 # 1504
8210 # 1504
8211 # 1504
8211 # 1504
8211 # 1504
8212 # 1504
8213 # 1504
8215 # 1504
8216 # 1504
8218 # 1504
8220 # 1504
8222 # 1504
8223 # 1504
8225 # 1504
8227 # 1504
8229 # 1504
8231 # 1504
8232 # 1504
8234 # 1504
8235 # 1504
8238 # 1504
8239 # 1504
8241 # 1504
8242 # 1504
8251 # 1504
8251 # 1504
8251 # 1504
8251 # 1504
8253 # 1504
8256 # 1504
8258 # 1504
8259 # 1504
8261 # 1504
8263 # 1504
8265 # 1504
8266 # 1504
8268 # 1504
8269 # 1504
8271 # 1504
8272 # 1504
8273 # 1504
8275 # 1504
8277 # 1504
8278 # 1504
8279 # 1504
8281 # 1504
8284 # 1504
8285 # 1504
8287 # 1504
8288 # 1504
8289 # 1504
8291 # 1504
8292 # 1504
8294 # 1504
8295 # 1504
8296 # 1504
8298 # 1504
8301 # 1504
8311 # 1504
8312 # 1504
8312 # 1504
8313 # 1504
8315 # 1504
8318 # 1504
8327 # 1504
8327 # 1504
8327 # 1504
8332 # 1504
8332 # 1504
8332 # 1504
8332 # 1504
8332 # 1504
8334 # 1504
8335 # 1504
8337 # 1504
8339 # 1504
8340 # 1504
8342 # 1504
8343 # 1504
8345 # 1504
8347 # 1504
8349 # 1504
8350 # 1504
8351 # 1504
8352 # 1504
8354 # 1504
8363 # 1504
8363 # 1504
8365 # 1504
8365 # 1504
8365 # 1504
8365 # 1504
8366 # 1504
8368 # 1504
8369 # 1504
8371 # 1504
8372 # 1504
8373 # 1504
8375 # 1504
8378 # 1504
8378 # 1504
8379 # 1504
8388 # 1504
8388 # 1504
8391 # 1504
8391 # 1504
8391 # 1504
8391 # 1504
8392 # 1504
8393 # 1504
8395 # 1504
8396 # 1504
8398 # 1504
8399 # 1504
8408 # 1504
8408 # 1504
8408 # 1504
8413 # 1504
8413 # 1504
8413 # 1504
8413 # 1504
8414 # 1504
8415 # 1504
8416 # 1504
8418 # 1504
8419 # 1504
8421 # 1504
8422 # 1504
8424 # 1504
8426 # 1504
8428 # 1504
8428 # 1504
8430 # 1504
8433 # 1504
8435 # 1504
8446 # 1504
8446 # 1504
8446 # 1504
8451 # 1504
8451 # 1504
8451 # 1504
8451 # 1504
8451 # 1504
8452 # 1504
8454 # 1504
8455 # 1504
8456 # 1504
8458 # 1504
8459 # 1504
8461 # 1504
8471 # 1504
8471 # 1504
8471 # 1504
8471 # 1504
8471 # 1504
8471 # 1504
8472 # 1504
8475 # 1504
8475 # 1504
8476 # 1504
8478 # 1504
8488 # 1504
8489 # 1504
8489 # 1504
8491 # 1504
8491 # 1504
8491 # 1504
8496 # 1504
8500 # 1504
8501 # 1504
8502 # 1504
8510 # 1504
8510 # 1504
8510 # 1504
8512 # 1504
8515 # 1504
8515 # 1504
8517 # 1504
8519 # 1504
8521 # 1504
8522 # 1504
8531 # 1504
8531 # 1504
8537 # 1504
8537 # 1504
8537 # 1504
8537 # 1504
8537 # 1504
8540 # 1504
8541 # 1504
8543 # 1504
8544 # 1504
8554 # 1504
8555 # 1504
8555 # 1504
8556 # 1504
8566 # 1504
8566 # 1504
8572 # 1504
8585 # 1504
8585 # 1504
8585 # 1504
8585 # 1504
8585 # 1504
8585 # 1504
8585 # 1504
8586 # 1504
8586 # 1504
8588 # 1504
8590 # 1504
8591 # 1504
8593 # 1504
8595 # 1504
8596 # 1504
8606 # 1504
8606 # 1504
8606 # 1504
8606 # 1504
8610 # 1504
8610 # 1504
8612 # 1504
8612 # 1504
8615 # 1504
8615 # 1504
8618 # 1504
8618 # 1504
8620 # 1504
8622 # 1504
8624 # 1504
8625 # 1504
8627 # 1504
8628 # 1504
8630 # 1504
8631 # 1504
8633 # 1504
8634 # 1504
8635 # 1504
8637 # 1504
8638 # 1504
8640 # 1504
8640 # 1504
8642 # 1504
8651 # 1504
8651 # 1504
8651 # 1504
8651 # 1504
8651 # 1504
8652 # 1504
8654 # 1504
8655 # 1504
8657 # 1504
8658 # 1504
8660 # 1504
8661 # 1504
8663 # 1504
8664 # 1504
8666 # 1504
8667 # 1504
8669 # 1504
8670 # 1504
8672 # 1504
8673 # 1504
8674 # 1504
8675 # 1504
8685 # 1504
8686 # 1504
8686 # 1504
8686 # 1504
8686 # 1504
8691 # 1504
8691 # 1504
8691 # 1504
8691 # 1504
8692 # 1504
8693 # 1504
8695 # 1504
8696 # 1504
8697 # 1504
8706 # 1504
8706 # 1504
8706 # 1504
8712 # 1504
8712 # 1504
8712 # 1504
8712 # 1504
8712 # 1504
8712 # 1504
8714 # 1504
8715 # 1504
8718 # 1504
8726 # 1504
8726 # 1504
8729 # 1504
8731 # 1504
8731 # 1504
8731 # 1504
8731 # 1504
8733 # 1504
8734 # 1504
8737 # 1504
8738 # 1504
8740 # 1504
8742 # 1504
8743 # 1504
8745 # 1504
8746 # 1504
8747 # 1504
8750 # 1504
8751 # 1504
8751 # 1504
8753 # 1504
8755 # 1504
8758 # 1504
8759 # 1504
8762 # 1504
8763 # 1504
8763 # 1504
8765 # 1504
8767 # 1504
8769 # 1504
8770 # 1504
8771 # 1504
8773 # 1504
8774 # 1504
8775 # 1504
8777 # 1504
8778 # 1504
8780 # 1504
8780 # 1504
8781 # 1504
8783 # 1504
8784 # 1504
8786 # 1504
8786 # 1504
8788 # 1504
8789 # 1504
8790 # 1504
8791 # 1504
8792 # 1504
8793 # 1504
8794 # 1504
8796 # 1504
8797 # 1504
8800 # 1504
8815 # 1504
8815 # 1504
8815 # 1504
8815 # 1504
8818 # 1504
8818 # 1504
8818 # 1504
8819 # 1504
8819 # 1504
8821 # 1504
8823 # 1504
8825 # 1504
8827 # 1504
8828 # 1504
8829 # 1504
8831 # 1504
8833 # 1504
8841 # 1504
8841 # 1504
8841 # 1504
8841 # 1504
8846 # 1504
8846 # 1504
8851 # 1504
8852 # 1504
8852 # 1504
8852 # 1504
8852 # 1504
8852 # 1504
8853 # 1504
8854 # 1504
8855 # 1504
8857 # 1504
8866 # 1504
8866 # 1504
8866 # 1504
8866 # 1504
8866 # 1504
8871 # 1504
8873 # 1504
8873 # 1504
8873 # 1504
8873 # 1504
8874 # 1504
8876 # 1504
8877 # 1504
8886 # 1504
8889 # 1504
8890 # 1504
8891 # 1504
8893 # 1504
8893 # 1504
8894 # 1504
8896 # 1504
8906 # 1504
8906 # 1504
8913 # 1504
8913 # 1504
8913 # 1504
8913 # 1504
8913 # 1504
8913 # 1504
8914 # 1504
8923 # 1504
8926 # 1504
8926 # 1504
8926 # 1504
8926 # 1504
8927 # 1504
8929 # 1504
8931 # 1504
8932 # 1504
8934 # 1504
8936 # 1504
8937 # 1504
8946 # 1504
8946 # 1504
8946 # 1504
8946 # 1504
8947 # 1504
8950 # 1504
8951 # 1504
8953 # 1504
8954 # 1504
8964 # 1504
8966 # 1504
8966 # 1504
8966 # 1504
8966 # 1504
8971 # 1504
8971 # 1504
8971 # 1504
8971 # 1504
8972 # 1504
8976 # 1504
8976 # 1504
8984 # 1504
8986 # 1504
8986 # 1504
8986 # 1504
8991 # 1504
8993 # 1504
8993 # 1504
8993 # 1504
8993 # 1504
8995 # 1504
8996 # 1504
8998 # 1504
8999 # 1504
9001 # 1504
9003 # 1504
9005 # 1504
9006 # 1504
9008 # 1504
9009 # 1504
9014 # 1504
9014 # 1504
9014 # 1504
9016 # 1504
9017 # 1504
9026 # 1504
9026 # 1504
9026 # 1504
9026 # 1504
9027 # 1504
9029 # 1504
9030 # 1504
9031 # 1504
9033 # 1504
9034 # 1504
9037 # 1504
9038 # 1504
9040 # 1504
9041 # 1504
9042 # 1504
9051 # 1504
9051 # 1504
9051 # 1504
9054 # 1504
9056 # 1504
9067 # 1504
9070 # 1504
9071 # 1504
9071 # 1504
9072 # 1504
9073 # 1504
9075 # 1504
9077 # 1504
9079 # 1504
9080 # 1504
9082 # 1504
9084 # 1504
9086 # 1504
9087 # 1504
9088 # 1504
9090 # 1504
9091 # 1504
9093 # 1504
9094 # 1504
9095 # 1504
9096 # 1504
9097 # 1504
9098 # 1504
9100 # 1504
9101 # 1504
9103 # 1504
9104 # 1504
9105 # 1504
9106 # 1504
9107 # 1504
9109 # 1504
9112 # 1504
9113 # 1504
9113 # 1504
9114 # 1504
9115 # 1504
9116 # 1504
9117 # 1504
9119 # 1504
9120 # 1504
9122 # 1504
9123 # 1504
9124 # 1504
9125 # 1504
9127 # 1504
9127 # 1504
9129 # 1504
9130 # 1504
9132 # 1504
9133 # 1504
9134 # 1504
9135 # 1504
9137 # 1504
9138 # 1504
9139 # 1504
9140 # 1504
9141 # 1504
9151 # 1504
9151 # 1504
9151 # 1504
9151 # 1504
9151 # 1504
9151 # 1504
9151 # 1504
9153 # 1504
9155 # 1504
9156 # 1504
9157 # 1504
9167 # 1504
9167 # 1504
9167 # 1504
9167 # 1504
9167 # 1504
9167 # 1504
9168 # 1504
9171 # 1504
9172 # 1504
9172 # 1504
9172 # 1504
9175 # 1504
9176 # 1504
9177 # 1504
9186 # 1504
9187 # 1504
9187 # 1504
9187 # 1504
9191 # 1504
9191 # 1504
9191 # 1504
9191 # 1504
9191 # 1504
9193 # 1504
9194 # 1504
9196 # 1504
9197 # 1504
9206 # 1504
9209 # 1504
9209 # 1504
9209 # 1504
9209 # 1504
9214 # 1504
9214 # 1504
9214 # 1504
9216 # 1504
9218 # 1504
9220 # 1504
9222 # 1504
9224 # 1504
9226 # 1504
9227 # 1504
9228 # 1504
9230 # 1504
9230 # 1504
9232 # 1504
9233 # 1504
9234 # 1504
9235 # 1504
9236 # 1504
9246 # 1504
9246 # 1504
9246 # 1504
9246 # 1504
9251 # 1504
9251 # 1504
9251 # 1504
9251 # 1504
9251 # 1504
9259 # 1504
9260 # 1504
9260 # 1504
9260 # 1504
9260 # 1504
9265 # 1504
9265 # 1504
9265 # 1504
9271 # 1504
9271 # 1504
9271 # 1504
9271 # 1504
9273 # 1504
9275 # 1504
9283 # 1504
9286 # 1504
9286 # 1504
9286 # 1504
9286 # 1504
9286 # 1504
9287 # 1504
9289 # 1504
9289 # 1504
9291 # 1504
9293 # 1504
9294 # 1504
9295 # 1504
9297 # 1504
9304 # 1504
9314 # 1504
9315 # 1504
9317 # 1504
9318 # 1504
9319 # 1504
9328 # 1504
9329 # 1504
9329 # 1504
9331 # 1504
9331 # 1504
9333 # 1504
9333 # 1504
9333 # 1504
9334 # 1504
9335 # 1504
9336 # 1504
9346 # 1504
9346 # 1504
9346 # 1504
9351 # 1504
9351 # 1504
9352 # 1504
9357 # 1504
9357 # 1504
9357 # 1504
9362 # 1504
9366 # 1504
9369 # 1504
9371 # 1504
9371 # 1504
9371 # 1504
9372 # 1504
9374 # 1504
9376 # 1504
9386 # 1504
9386 # 1504
9386 # 1504
9386 # 1504
9395 # 1504
9395 # 1504
9395 # 1504
9397 # 1504
9406 # 1504
9406 # 1504
9406 # 1504
9407 # 1504
9416 # 1504
9416 # 1504
9416 # 1504
9416 # 1504
9418 # 1504
9420 # 1504
9422 # 1504
9425 # 1504
9427 # 1504
9429 # 1504
9432 # 1504
9434 # 1504
9436 # 1504
9446 # 1504
9446 # 1504
9446 # 1504
9446 # 1504
9457 # 1504
9457 # 1504
9457 # 1504
9457 # 1504
9457 # 1504
9459 # 1504
9461 # 1504
9463 # 1504
9464 # 1504
9467 # 1504
9469 # 1504
9471 # 1504
9472 # 1504
9477 # 1504
9479 # 1504
9481 # 1504
9485 # 1504
9486 # 1504
9488 # 1504
9488 # 1504
9490 # 1504
9502 # 1504
9502 # 1504
9502 # 1504
9506 # 1504
9506 # 1504
9509 # 1504
9509 # 1504
9509 # 1504
9510 # 1504
9511 # 1504
9516 # 1504
9516 # 1504
9516 # 1504
9518 # 1504
9519 # 1504
9522 # 1504
9523 # 1504
9524 # 1504
9527 # 1504
9529 # 1504
9531 # 1504
9533 # 1504
9534 # 1504
9538 # 1504
9539 # 1504
9541 # 1504
9543 # 1504
9545 # 1504
9547 # 1504
9550 # 1504
9553 # 1504
9554 # 1504
9556 # 1504
9560 # 1504
9562 # 1504
9563 # 1504
9566 # 1504
9567 # 1504
9568 # 1504
9569 # 1504
9570 # 1504
9572 # 1504
9581 # 1504
9581 # 1504
9581 # 1504
9581 # 1504
9581 # 1504
9581 # 1504
9581 # 1504
9583 # 1504
9584 # 1504
9585 # 1504
9586 # 1504
9587 # 1504
9597 # 1504
9597 # 1504
9597 # 1504
9597 # 1504
9597 # 1504
9597 # 1504
9597 # 1504
9606 # 1504
9606 # 1504
9606 # 1504
9606 # 1504
9606 # 1504
9619 # 1504
9619 # 1504
9619 # 1504
9619 # 1504
9619 # 1504
9619 # 1504
9619 # 1504
9619 # 1504
9619 # 1504
9626 # 1504
9626 # 1504
9626 # 1504
9628 # 1504
9629 # 1504
9629 # 1504
9631 # 1504
9631 # 1504
9633 # 1504
9635 # 1504
9635 # 1504
9640 # 1504
9642 # 1504
9642 # 1504
9647 # 1504
9647 # 1504
9647 # 1504
9649 # 1504
9651 # 1504
9651 # 1504
9653 # 1504
9653 # 1504
9653 # 1504
9654 # 1504
9656 # 1504
9657 # 1504
9666 # 1504
9666 # 1504
9666 # 1504
9666 # 1504
9666 # 1504
9666 # 1504
9668 # 1504
9669 # 1504
9670 # 1504
9672 # 1504
9673 # 1504
9674 # 1504
9676 # 1504
9677 # 1504
9686 # 1504
9686 # 1504
9686 # 1504
9686 # 1504
9686 # 1504
9686 # 1504
9688 # 1504
9689 # 1504
9690 # 1504
9691 # 1504
9694 # 1504
9695 # 1504
9703 # 1504
9703 # 1504
9706 # 1504
9706 # 1504
9706 # 1504
9706 # 1504
9716 # 1504
9716 # 1504
9716 # 1504
9716 # 1504
9716 # 1504
9716 # 1504
9716 # 1504
9716 # 1504
9717 # 1504
9726 # 1504
9726 # 1504
9726 # 1504
9726 # 1504
9726 # 1504
9726 # 1504
9726 # 1504
9726 # 1504
9726 # 1504
9736 # 1504
9736 # 1504
9736 # 1504
9736 # 1504
9736 # 1504
9736 # 1504
9746 # 1504
9746 # 1504
9746 # 1504
9746 # 1504
9746 # 1504
9747 # 1504
9748 # 1504
9751 # 1504
9752 # 1504
9754 # 1504
9756 # 1504
9765 # 1504
9766 # 1504
9769 # 1504
9769 # 1504
9769 # 1504
9769 # 1504
9770 # 1504
9773 # 1504
9775 # 1504
9777 # 1504
9786 # 1504
9788 # 1504
9790 # 1504
9793 # 1504
9793 # 1504
9793 # 1504
9795 # 1504
9800 # 1504
9813 # 1504
9816 # 1504
9819 # 1504
9821 # 1504
9824 # 1504
9827 # 1504
9829 # 1504
9831 # 1504
9833 # 1504
9836 # 1504
9838 # 1504
9841 # 1504
9844 # 1504
9848 # 1504
9850 # 1504
9853 # 1504
9856 # 1504
9859 # 1504
9861 # 1504
9863 # 1504
9866 # 1504
9868 # 1504
9870 # 1504
9872 # 1504
9874 # 1504
9876 # 1504
9878 # 1504
9880 # 1504
9889 # 1504
9889 # 1504
9889 # 1504
9891 # 1504
9894 # 1504
9896 # 1504
9898 # 1504
9901 # 1504
9903 # 1504
9906 # 1504
9909 # 1504
9911 # 1504
9920 # 1504
9920 # 1504
9921 # 1504
9924 # 1504
9927 # 1504
9929 # 1504
9932 # 1504
9934 # 1504
9937 # 1504
9946 # 1504
9946 # 1504
9946 # 1504
9947 # 1504
9949 # 1504
9952 # 1504
9954 # 1504
9956 # 1504
9959 # 1504
9962 # 1504
9964 # 1504
9967 # 1504
9970 # 1504
9972 # 1504
9974 # 1504
9977 # 1504
9979 # 1504
9980 # 1504
9983 # 1504
9986 # 1504
9988 # 1504
9992 # 1504
9993 # 1504
9996 # 1504
9999 # 1504
10002 # 1504
10004 # 1504
10010 # 1504
10012 # 1504
10026 # 1504
10026 # 1504
10026 # 1504
10027 # 1504
10029 # 1504
10034 # 1504
10036 # 1504
10046 # 1504
10046 # 1504
10047 # 1504
10053 # 1504
10056 # 1504
10062 # 1504
10066 # 1504
10070 # 1504
10072 # 1504
10075 # 1504
10079 # 1504
10082 # 1504
10086 # 1504
10089 # 1504
10091 # 1504
10094 # 1504
10099 # 1504
10104 # 1504
10107 # 1504
10110 # 1504
10112 # 1504
10115 # 1504
10118 # 1504
10122 # 1504
10124 # 1504
10129 # 1504
10130 # 1504
10132 # 1504
10134 # 1504
10136 # 1504
10138 # 1504
10140 # 1504
10141 # 1504
10143 # 1504
10145 # 1504
10147 # 1504
10149 # 1504
10150 # 1504
10152 # 1504
10156 # 1504
10156 # 1504
10157 # 1504
10158 # 1504
10160 # 1504
10162 # 1504
10164 # 1504
10166 # 1504
10167 # 1504
10170 # 1504
10171 # 1504
10172 # 1504
10174 # 1504
10175 # 1504
10177 # 1504
10179 # 1504
10180 # 1504
10182 # 1504
10183 # 1504
10185 # 1504
10187 # 1504
10188 # 1504
10189 # 1504
10191 # 1504
10193 # 1504
10194 # 1504
10195 # 1504
10197 # 1504
10198 # 1504
10201 # 1504
10202 # 1504
10203 # 1504
10206 # 1504
10207 # 1504
10210 # 1504
10211 # 1504
10212 # 1504
10214 # 1504
10215 # 1504
10219 # 1504
10219 # 1504
10220 # 1504
10221 # 1504
10223 # 1504
10224 # 1504
10226 # 1504
10227 # 1504
10228 # 1504
10230 # 1504
10232 # 1504
10232 # 1504
10234 # 1504
10235 # 1504
10236 # 1504
10246 # 1504
10246 # 1504
10246 # 1504
10246 # 1504
10251 # 1504
10253 # 1504
10253 # 1504
10253 # 1504
10254 # 1504
10257 # 1504
10266 # 1504
10266 # 1504
10266 # 1504
10267 # 1504
10267 # 1504
10270 # 1504
10271 # 1504
10273 # 1504
10274 # 1504
10285 # 1504
10285 # 1504
10289 # 1504
10291 # 1504
10291 # 1504
10291 # 1504
10291 # 1504
10302 # 1504
10302 # 1504
10302 # 1504
10306 # 1504
10310 # 1504
10312 # 1504
10314 # 1504
10320 # 1504
10321 # 1504
10321 # 1504
10321 # 1504
10324 # 1504
10325 # 1504
10327 # 1504
10328 # 1504
10330 # 1504
10331 # 1504
10333 # 1504
10334 # 1504
10335 # 1504
10337 # 1504
10339 # 1504
10340 # 1504
10342 # 1504
10343 # 1504
10345 # 1504
10346 # 1504
10347 # 1504
10348 # 1504
10349 # 1504
10352 # 1504
10352 # 1504
10353 # 1504
10354 # 1504
10355 # 1504
10357 # 1504
10358 # 1504
10359 # 1504
10361 # 1504
10370 # 1504
10370 # 1504
10370 # 1504
10370 # 1504
10370 # 1504
10370 # 1504
10372 # 1504
10373 # 1504
10374 # 1504
10376 # 1504
10377 # 1504
10378 # 1504
10380 # 1504
10381 # 1504
10383 # 1504
10384 # 1504
10386 # 1504
10387 # 1504
10388 # 1504
10390 # 1504
10392 # 1504
10392 # 1504
10394 # 1504
10396 # 1504
10404 # 1504
10404 # 1504
10404 # 1504
10404 # 1504
10404 # 1504
10404 # 1504
10409 # 1504
10409 # 1504
10410 # 1504
10410 # 1504
10411 # 1504
10412 # 1504
10414 # 1504
10414 # 1504
10416 # 1504
10422 # 1504
10422 # 1504
10422 # 1504
10422 # 1504
10423 # 1504
10424 # 1504
10426 # 1504
10428 # 1504
10428 # 1504
10430 # 1504
10431 # 1504
10432 # 1504
10433 # 1504
10434 # 1504
10436 # 1504
10438 # 1504
10439 # 1504
10440 # 1504
10449 # 1504
10449 # 1504
10449 # 1504
10449 # 1504
10456 # 1504
10456 # 1504
10456 # 1504
10456 # 1504
10456 # 1504
10456 # 1504
10456 # 1504
10456 # 1504
10465 # 1504
10466 # 1504
10466 # 1504
10469 # 1504
10470 # 1504
10471 # 1504
10480 # 1504
10480 # 1504
10480 # 1504
10481 # 1504
10481 # 1504
10481 # 1504
10481 # 1504
10481 # 1504
10489 # 1504
10490 # 1504
10491 # 1504
10492 # 1504
10492 # 1504
10492 # 1504
10492 # 1504
10493 # 1504
10495 # 1504
10496 # 1504
10505 # 1504
10505 # 1504
10505 # 1504
10509 # 1504
10510 # 1504
10510 # 1504
10510 # 1504
10510 # 1504
10510 # 1504
10511 # 1504
10512 # 1504
10513 # 1504
10515 # 1504
10516 # 1504
10517 # 1504
10518 # 1504
10524 # 1504
10529 # 1504
10529 # 1504
10531 # 1504
10531 # 1504
10531 # 1504
10531 # 1504
10538 # 1504
10540 # 1504
10547 # 1504
10549 # 1504
10551 # 1504
10551 # 1504
10556 # 1504
10568 # 1504
10568 # 1504
10571 # 1504
10573 # 1504
10573 # 1504
10573 # 1504
10575 # 1504
10577 # 1504
10579 # 1504
10590 # 1504
10590 # 1504
10590 # 1504
10590 # 1504
10591 # 1504
10592 # 1504
10594 # 1504
10596 # 1504
10598 # 1504
10600 # 1504
10611 # 1504
10611 # 1504
10611 # 1504
10626 # 1504
10626 # 1504
10627 # 1504
10627 # 1504
10629 # 1504
10629 # 1504
10630 # 1504
10640 # 1504
10640 # 1504
10640 # 1504
10640 # 1504
10641 # 1504
10643 # 1504
10645 # 1504
10648 # 1504
10654 # 1504
10656 # 1504
10661 # 1504
10667 # 1504
10669 # 1504
10672 # 1504
10675 # 1504
10677 # 1504
10679 # 1504
10682 # 1504
10684 # 1504
10689 # 1504
10691 # 1504
10695 # 1504
10698 # 1504
10699 # 1504
10704 # 1504
10707 # 1504
10709 # 1504
10712 # 1504
10714 # 1504
10716 # 1504
10724 # 1504
10724 # 1504
10727 # 1504
10729 # 1504
10732 # 1504
10734 # 1504
10736 # 1504
10738 # 1504
10741 # 1504
10743 # 1504
10747 # 1504
10750 # 1504
10751 # 1504
10753 # 1504
10755 # 1504
10758 # 1504
10759 # 1504
10761 # 1504
10771 # 1504
10771 # 1504
10771 # 1504
10771 # 1504
10772 # 1504
10775 # 1504
10776 # 1504
10779 # 1504
10780 # 1504
10783 # 1504
10786 # 1504
10787 # 1504
10796 # 1504
10796 # 1504
10796 # 1504
10796 # 1504
10802 # 1504
10803 # 1504
10805 # 1504
10805 # 1504
10809 # 1504
10811 # 1504
10814 # 1504
10817 # 1504
10819 # 1504
10825 # 1504
10827 # 1504
10831 # 1504
10835 # 1504
10838 # 1504
10843 # 1504
10846 # 1504
10849 # 1504
10851 # 1504
10853 # 1504
10855 # 1504
10859 # 1504
10876 # 1504
10876 # 1504
10876 # 1504
10876 # 1504
10876 # 1504
10876 # 1504
10876 # 1504
10877 # 1504
10879 # 1504
10881 # 1504
10883 # 1504
10885 # 1504
10888 # 1504
10889 # 1504
10890 # 1504
10901 # 1504
10901 # 1504
10901 # 1504
10901 # 1504
10901 # 1504
10902 # 1504
10904 # 1504
10908 # 1504
10909 # 1504
10913 # 1504
10914 # 1504
10917 # 1504
10918 # 1504
10924 # 1504
10924 # 1504
10926 # 1504
10929 # 1504
10933 # 1504
10936 # 1504
10939 # 1504
10942 # 1504
10946 # 1504
10948 # 1504
10949 # 1504
10951 # 1504
10953 # 1504
10955 # 1504
10964 # 1504
10965 # 1504
10965 # 1504
10965 # 1504
10965 # 1504
10967 # 1504
10969 # 1504
10972 # 1504
10974 # 1504
10977 # 1504
10979 # 1504
10982 # 1504
10984 # 1504
10987 # 1504
10989 # 1504
10991 # 1504
10993 # 1504
10995 # 1504
11006 # 1504
11006 # 1504
11009 # 1504
11009 # 1504
11018 # 1504
11027 # 1504
11027 # 1504
11027 # 1504
11031 # 1504
11032 # 1504
11037 # 1504
11054 # 1504
11062 # 1504
11070 # 1504
11088 # 1504
11088 # 1504
11088 # 1504
11091 # 1504
11095 # 1504
11099 # 1504
11104 # 1504
11114 # 1504
11119 # 1504
11126 # 1504
11132 # 1504
11142 # 1504
11150 # 1504
11159 # 1504
11168 # 1504
11173 # 1504
11181 # 1504
11189 # 1504
11195 # 1504
11206 # 1504
11211 # 1504
11218 # 1504
11226 # 1504
11231 # 1504
11238 # 1504
11245 # 1504
11248 # 1504
11250 # 1504
11253 # 1504
11256 # 1504
11259 # 1504
11262 # 1504
11265 # 1504
11268 # 1504
11271 # 1504
11275 # 1504
11278 # 1504
11282 # 1504
11285 # 1504
11289 # 1504
11292 # 1504
11296 # 1504
11301 # 1504
11314 # 1504
11318 # 1504
11321 # 1504
11326 # 1504
11327 # 1504
11331 # 1504
11334 # 1504
11338 # 1504
11341 # 1504
11344 # 1504
11346 # 1504
11349 # 1504
11359 # 1504
11361 # 1504
11362 # 1504
11368 # 1504
11368 # 1504
11368 # 1504
11372 # 1504
11377 # 1504
11381 # 1504
11386 # 1504
11389 # 1504
11390 # 1504
11393 # 1504
11396 # 1504
11397 # 1504
11400 # 1504
11402 # 1504
11404 # 1504
11407 # 1504
11409 # 1504
11411 # 1504
11414 # 1504
11416 # 1504
11418 # 1504
11421 # 1504
11423 # 1504
11427 # 1504
11428 # 1504
11431 # 1504
11433 # 1504
11436 # 1504
11438 # 1504
11441 # 1504
11442 # 1504
11446 # 1504
11450 # 1504
11453 # 1504
11456 # 1504
11460 # 1504
11463 # 1504
11466 # 1504
11470 # 1504
11474 # 1504
11477 # 1504
11481 # 1504
11485 # 1504
11487 # 1504
11490 # 1504
11491 # 1504
11501 # 1504
11501 # 1504
11502 # 1504
11502 # 1504
11504 # 1504
11507 # 1504
11509 # 1504
11511 # 1504
11514 # 1504
11516 # 1504
11519 # 1504
11522 # 1504
11524 # 1504
11530 # 1504
11554 # 1504
11554 # 1504
11554 # 1504
11554 # 1504
11554 # 1504
11566 # 1504
11578 # 1504
11583 # 1504
11583 # 1504
11593 # 1504
11594 # 1504
11598 # 1504
11602 # 1504
11607 # 1504
11609 # 1504
11611 # 1504
11613 # 1504
11615 # 1504
11618 # 1504
11620 # 1504
11622 # 1504
11625 # 1504
11630 # 1504
11630 # 1504
11641 # 1504
11641 # 1504
11641 # 1504
11641 # 1504
11643 # 1504
11646 # 1504
11647 # 1504
11649 # 1504
11658 # 1504
11659 # 1504
11659 # 1504
11659 # 1504
11659 # 1504
11660 # 1504
11669 # 1504
11672 # 1504
11672 # 1504
11672 # 1504
11672 # 1504
11673 # 1504
11674 # 1504
11676 # 1504
11679 # 1504
11682 # 1504
11686 # 1504
11689 # 1504
11691 # 1504
11700 # 1504
11704 # 1504
11704 # 1504
11705 # 1504
11705 # 1504
11709 # 1504
11709 # 1504
11710 # 1504
11715 # 1504
11719 # 1504
11720 # 1504
11720 # 1504
11720 # 1504
11720 # 1504
11731 # 1504
11738 # 1504
11738 # 1504
11738 # 1504
11738 # 1504
11739 # 1504
11741 # 1504
11741 # 1504
11741 # 1504
11741 # 1504
11749 # 1504
11749 # 1504
11751 # 1504
11762 # 1504
11762 # 1504
11762 # 1504
11762 # 1504
11762 # 1504
11762 # 1504
11762 # 1504
11764 # 1504
11776 # 1504
11776 # 1504
11776 # 1504
11777 # 1504
11780 # 1504
11780 # 1504
11789 # 1504
11790 # 1504
11791 # 1504
11791 # 1504
11791 # 1504
11792 # 1504
11793 # 1504
11795 # 1504
11796 # 1504
11798 # 1504
11799 # 1504
11801 # 1504
11811 # 1504
11822 # 1504
11822 # 1504
11822 # 1504
11822 # 1504
11822 # 1504
11822 # 1504
11822 # 1504
11827 # 1504
11831 # 1504
11831 # 1504
11832 # 1504
11832 # 1504
11832 # 1504
11833 # 1504
11834 # 1504
11836 # 1504
11838 # 1504
11838 # 1504
11840 # 1504
11842 # 1504
11843 # 1504
11852 # 1504
11852 # 1504
11852 # 1504
11857 # 1504
11857 # 1504
11857 # 1504
11857 # 1504
11858 # 1504
11867 # 1504
11869 # 1504
11869 # 1504
11869 # 1504
11869 # 1504
11870 # 1504
11874 # 1504
11876 # 1504
11878 # 1504
11882 # 1504
11882 # 1504
11884 # 1504
11886 # 1504
11895 # 1504
11898 # 1504
11898 # 1504
11898 # 1504
11898 # 1504
11900 # 1504
11902 # 1504
11904 # 1504
11913 # 1504
11913 # 1504
11913 # 1504
11913 # 1504
11914 # 1504
11916 # 1504
11918 # 1504
11920 # 1504
11923 # 1504
11925 # 1504
11927 # 1504
11932 # 1504
11932 # 1504
11932 # 1504
11934 # 1504
11935 # 1504
11937 # 1504
11937 # 1504
11940 # 1504
11942 # 1504
11943 # 1504
11945 # 1504
11947 # 1504
11949 # 1504
11959 # 1504
11959 # 1504
11959 # 1504
11959 # 1504
11959 # 1504
11961 # 1504
11963 # 1504
11965 # 1504
11974 # 1504
11974 # 1504
11974 # 1504
11974 # 1504
11974 # 1504
11976 # 1504
11977 # 1504
11979 # 1504
11980 # 1504
11989 # 1504
11990 # 1504
11991 # 1504
11991 # 1504
11991 # 1504
11993 # 1504
12004 # 1504
12004 # 1504
12004 # 1504
12006 # 1504
12008 # 1504
12010 # 1504
12012 # 1504
12014 # 1504
12017 # 1504
12018 # 1504
12020 # 1504
12022 # 1504
12024 # 1504
12026 # 1504
12036 # 1504
12036 # 1504
12036 # 1504
12036 # 1504
12037 # 1504
12039 # 1504
12057 # 1504
12057 # 1504
12057 # 1504
12057 # 1504
12062 # 1504
12063 # 1504
12068 # 1504
12068 # 1504
12069 # 1504
12070 # 1504
12072 # 1504
12074 # 1504
12075 # 1504
12078 # 1504
12080 # 1504
12083 # 1504
12084 # 1504
12085 # 1504
12087 # 1504
12096 # 1504
12096 # 1504
12096 # 1504
12096 # 1504
12097 # 1504
12099 # 1504
12100 # 1504
12103 # 1504
12105 # 1504
12106 # 1504
12107 # 1504
12109 # 1504
12110 # 1504
12112 # 1504
12113 # 1504
12115 # 1504
12117 # 1504
12126 # 1504
12126 # 1504
12133 # 1504
12133 # 1504
12133 # 1504
12133 # 1504
12133 # 1504
12149 # 1504
12149 # 1504
12149 # 1504
12149 # 1504
12149 # 1504
12160 # 1504
12161 # 1504
12161 # 1504
12162 # 1504
12164 # 1504
12166 # 1504
12177 # 1504
12177 # 1504
12177 # 1504
12187 # 1504
12198 # 1504
12198 # 1504
12198 # 1504
12198 # 1504
12198 # 1504
12200 # 1504
12202 # 1504
12204 # 1504
12206 # 1504
12207 # 1504
12210 # 1504
12212 # 1504
12214 # 1504
12215 # 1504
12218 # 1504
12220 # 1504
12232 # 1504
12232 # 1504
12232 # 1504
12232 # 1504
12232 # 1504
12234 # 1504
12246 # 1504
12246 # 1504
12248 # 1504
12254 # 1504
12259 # 1504
12263 # 1504
12266 # 1504
12268 # 1504
12278 # 1504
12278 # 1504
12280 # 1504
12282 # 1504
12291 # 1504
12294 # 1504
12294 # 1504
12296 # 1504
12308 # 1504
12308 # 1504
12309 # 1504
12309 # 1504
12311 # 1504
12322 # 1504
12323 # 1504
12326 # 1504
12327 # 1504
12332 # 1504
12332 # 1504
12334 # 1504
12337 # 1504
12340 # 1504
12349 # 1504
12349 # 1504
12349 # 1504
12349 # 1504
12352 # 1504
12354 # 1504
12356 # 1504
12358 # 1504
12361 # 1504
12363 # 1504
12365 # 1504
12367 # 1504
12370 # 1504
12375 # 1504
12375 # 1504
12375 # 1504
12375 # 1504
12378 # 1504
12380 # 1504
12389 # 1504
12389 # 1504
12393 # 1504
12393 # 1504
12400 # 1504
12400 # 1504
12401 # 1504
12402 # 1504
12414 # 1504
12416 # 1504
12416 # 1504
12420 # 1504
12425 # 1504
12426 # 1504
12427 # 1504
12433 # 1504
12433 # 1504
12435 # 1504
12437 # 1504
12439 # 1504
12441 # 1504
12444 # 1504
12446 # 1504
12449 # 1504
12451 # 1504
12459 # 1504
12459 # 1504
12459 # 1504
12459 # 1504
12460 # 1504
12461 # 1504
12465 # 1504
12465 # 1504
12467 # 1504
12468 # 1504
12471 # 1504
12471 # 1504
12472 # 1504
12474 # 1504
12475 # 1504
12477 # 1504
12478 # 1504
12479 # 1504
12489 # 1504
12489 # 1504
12489 # 1504
12489 # 1504
12489 # 1504
12489 # 1504
12492 # 1504
12492 # 1504
12494 # 1504
12495 # 1504
12496 # 1504
12498 # 1504
12499 # 1504
12500 # 1504
12613 # 1504
12635 # 1504
12644 # 1504
12657 # 1504
12670 # 1504
12679 # 1504
12685 # 1504
12692 # 1504
12696 # 1504
12704 # 1504
12713 # 1504
12739 # 1504
12748 # 1504
12752 # 1504
12756 # 1504
12760 # 1504
12763 # 1504
12766 # 1504
12769 # 1504
12772 # 1504
12776 # 1504
12778 # 1504
12781 # 1504
12784 # 1504
12787 # 1504
12790 # 1504
12793 # 1504
12798 # 1504
12798 # 1504
12801 # 1504
12805 # 1504
12806 # 1504
12809 # 1504
12811 # 1504
12814 # 1504
12816 # 1504
12819 # 1504
12823 # 1504
12826 # 1504
12827 # 1504
12834 # 1504
12834 # 1504
12837 # 1504
12839 # 1504
12842 # 1504
12844 # 1504
12846 # 1504
12849 # 1504
12851 # 1504
12853 # 1504
12855 # 1504
12857 # 1504
12859 # 1504
12861 # 1504
12862 # 1504
12865 # 1504
12867 # 1504
12870 # 1504
12872 # 1504
12874 # 1504
12877 # 1504
12878 # 1504
12880 # 1504
12882 # 1504
12883 # 1504
12885 # 1504
12886 # 1504
12888 # 1504
12889 # 1504
12890 # 1504
12892 # 1504
12894 # 1504
12896 # 1504
12896 # 1504
12899 # 1504
12900 # 1504
12902 # 1504
12906 # 1504
12906 # 1504
12906 # 1504
12908 # 1504
12910 # 1504
12912 # 1504
12914 # 1504
12917 # 1504
12919 # 1504
12921 # 1504
12923 # 1504
12924 # 1504
12926 # 1504
12927 # 1504
12928 # 1504
12931 # 1504
12931 # 1504
12936 # 1504
12936 # 1504
12936 # 1504
12939 # 1504
12941 # 1504
12942 # 1504
12944 # 1504
12945 # 1504
12946 # 1504
12948 # 1504
12950 # 1504
12951 # 1504
12951 # 1504
12955 # 1504
12957 # 1504
12958 # 1504
12959 # 1504
12961 # 1504
12966 # 1504
12966 # 1504
12968 # 1504
12969 # 1504
12969 # 1504
12969 # 1504
12972 # 1504
12973 # 1504
12974 # 1504
12976 # 1504
12978 # 1504
12979 # 1504
12980 # 1504
12982 # 1504
12983 # 1504
12988 # 1504
12989 # 1504
12989 # 1504
12989 # 1504
12990 # 1504
12992 # 1504
12993 # 1504
13003 # 1504
13003 # 1504
13003 # 1504
13003 # 1504
13003 # 1504
13003 # 1504
13004 # 1504
13005 # 1504
13007 # 1504
13008 # 1504
13011 # 1504
13011 # 1504
13013 # 1504
13016 # 1504
13017 # 1504
13018 # 1504
13023 # 1504
13023 # 1504
13024 # 1504
13025 # 1504
13026 # 1504
13028 # 1504
13029 # 1504
13030 # 1504
13031 # 1504
13037 # 1504
13037 # 1504
13044 # 1504
13044 # 1504
13044 # 1504
13044 # 1504
13044 # 1504
13044 # 1504
13045 # 1504
13045 # 1504
13046 # 1504
13048 # 1504
13049 # 1504
13050 # 1504
13052 # 1504
13052 # 1504
13052 # 1504
13055 # 1504
13056 # 1504
13057 # 1504
13058 # 1504
13059 # 1504
13061 # 1504
13062 # 1504
13063 # 1504
13064 # 1504
13065 # 1504
13066 # 1504
13068 # 1504
13069 # 1504
13070 # 1504
13070 # 1504
13077 # 1504
13078 # 1504
13079 # 1504
13085 # 1504
13086 # 1504
13089 # 1504
13090 # 1504
13090 # 1504
13093 # 1504
13094 # 1504
13097 # 1504
13099 # 1504
13100 # 1504
13101 # 1504
13103 # 1504
13105 # 1504
13106 # 1504
13107 # 1504
13108 # 1504
13111 # 1504
13112 # 1504
13113 # 1504
13115 # 1504
13116 # 1504
13126 # 1504
13126 # 1504
13126 # 1504
13128 # 1504
13128 # 1504
13128 # 1504
13128 # 1504
13129 # 1504
13130 # 1504
13131 # 1504
13136 # 1504
13136 # 1504
13136 # 1504
13138 # 1504
13139 # 1504
13140 # 1504
13143 # 1504
13144 # 1504
13145 # 1504
13146 # 1504
13155 # 1504
13155 # 1504
13155 # 1504
13155 # 1504
13155 # 1504
13166 # 1504
13166 # 1504
13166 # 1504
13166 # 1504
13168 # 1504
13169 # 1504
13171 # 1504
13172 # 1504
13174 # 1504
13175 # 1504
13176 # 1504
13177 # 1504
13179 # 1504
13180 # 1504
13181 # 1504
13182 # 1504
13183 # 1504
13184 # 1504
13186 # 1504
13186 # 1504
13189 # 1504
13189 # 1504
13190 # 1504
13191 # 1504
13192 # 1504
13193 # 1504
13194 # 1504
13195 # 1504
13198 # 1504
13207 # 1504
13207 # 1504
13207 # 1504
13208 # 1504
13208 # 1504
13208 # 1504
13208 # 1504
13208 # 1504
13209 # 1504
13210 # 1504
13213 # 1504
13213 # 1504
13214 # 1504
13216 # 1504
13217 # 1504
13218 # 1504
13220 # 1504
13221 # 1504
13223 # 1504
13224 # 1504
13225 # 1504
13226 # 1504
13228 # 1504
13229 # 1504
13230 # 1504
13231 # 1504
13232 # 1504
13233 # 1504
13236 # 1504
13236 # 1504
13236 # 1504
13237 # 1504
13237 # 1504
13240 # 1504
13247 # 1504
13248 # 1504
13255 # 1504
13255 # 1504
13258 # 1504
13259 # 1504
13261 # 1504
13264 # 1504
13265 # 1504
13267 # 1504
13269 # 1504
13271 # 1504
13272 # 1504
13274 # 1504
13275 # 1504
13276 # 1504
13277 # 1504
13278 # 1504
13280 # 1504
13281 # 1504
13282 # 1504
13283 # 1504
13283 # 1504
13286 # 1504
13287 # 1504
13288 # 1504
13289 # 1504
13290 # 1504
13291 # 1504
13292 # 1504
13294 # 1504
13295 # 1504
13296 # 1504
13296 # 1504
13298 # 1504
13299 # 1504
13302 # 1504
13303 # 1504
13312 # 1504
13313 # 1504
13313 # 1504
13313 # 1504
13314 # 1504
13314 # 1504
13314 # 1504
13316 # 1504
13316 # 1504
13318 # 1504
13319 # 1504
13321 # 1504
13322 # 1504
13324 # 1504
13325 # 1504
13327 # 1504
13329 # 1504
13330 # 1504
13332 # 1504
13334 # 1504
13337 # 1504
13337 # 1504
13339 # 1504
13341 # 1504
13342 # 1504
13344 # 1504
13346 # 1504
13346 # 1504
13348 # 1504
13349 # 1504
13350 # 1504
13353 # 1504
13353 # 1504
13354 # 1504
13356 # 1504
13358 # 1504
13358 # 1504
13359 # 1504
13366 + 52
13369 # 1504
13369 - 52 3
13369 # 1504
13369 # 1504
13369 # 1504
13369 # 1504
13370 # 1504
13371 # 1504
13373 # 1504
13375 # 1504
13376 # 1504
13378 # 1504
13379 # 1504
13381 # 1504
13384 # 1504
13384 # 1504
13385 # 1504
13386 # 1504
13388 # 1504
13389 # 1504
13390 # 1504
13392 # 1504
13393 # 1504
13395 # 1504
13395 # 1504
13397 # 1504
13398 # 1504
13400 # 1504
13401 # 1504
13410 # 1504
13410 # 1504
13410 # 1504
13410 # 1504
13411 # 1504
13411 # 1504
13412 # 1504
13413 # 1504
13415 # 1504
13416 # 1504
13417 # 1504
13418 # 1504
13420 # 1504
13421 # 1504
13423 # 1504
13424 # 1504
13425 # 1504
13427 # 1504
13428 # 1504
13429 # 1504
13430 # 1504
13431 # 1504
13433 # 1504
13438 # 1504
13439 # 1504
13439 # 1504
13439 # 1504
13439 # 1504
13441 # 1504
13442 # 1504
13444 # 1504
13445 # 1504
13445 # 1504
13446 # 1504
13448 # 1504
13449 # 1504
13450 # 1504
13451 # 1504
13453 # 1504
13454 # 1504
13455 # 1504
13456 # 1504
13457 # 1504
13458 # 1504
13459 # 1504
13460 # 1504
13461 # 1504
13464 # 1504
13464 # 1504
13464 # 1504
13465 # 1504
13468 # 1504
13468 # 1504
13468 # 1504
13469 # 1504
13470 # 1504
13471 # 1504
13473 # 1504
13473 # 1504
13474 # 1504
13474 # 1504
13475 # 1504
13476 # 1504
13477 # 1504
13478 # 1504
13479 # 1504
13480 # 1504
13481 # 1504
13482 # 1504
13482 # 1504
13484 # 1504
13485 # 1504
13486 # 1504
13486 # 1504
13488 # 1504
13489 # 1504
13491 # 1504
13491 # 1504
13492 # 1504
13492 # 1504
13494 # 1504
13495 # 1504
13496 # 1504
13496 # 1504
13497 # 1504
13498 # 1504
13499 # 1504
13500 # 1504
13501 # 1504
13502 # 1504
13503 # 1504
13504 # 1504
13505 # 1504
13506 # 1504
13506 # 1504
13508 # 1504
13509 # 1504
13510 # 1504
13511 # 1504
13514 # 1504
13514 # 1504
13516 # 1504
13516 # 1504
13519 # 1504
13520 # 1504
13523 # 1504
13524 # 1504
13525 # 1504
13526 # 1504
13526 # 1504
13527 # 1504
13527 # 1504
13539 # 1504
13539 # 1504
13539 # 1504
13539 # 1504
13539 # 1504
13539 # 1504
13539 # 1504
13539 # 1504
13539 # 1504
13539 # 1504
13540 # 1504
13541 # 1504
13542 # 1504
13542 # 1504
13543 # 1504
13544 # 1504
13545 # 1504
13546 # 1504
13547 # 1504
13548 # 1504
13557 # 1504
13557 # 1504
13557 # 1504
13557 # 1504
13557 # 1504
13557 # 1504
13557 # 1504
13557 # 1504
13558 # 1504
13559 # 1504
13560 # 1504
13561 # 1504
13562 # 1504
13563 # 1504
13564 # 1504
13564 # 1504
13565 # 1504
13566 # 1504
13567 # 1504
13567 # 1504
13568 # 1504
13569 # 1504
13570 # 1504
13570 # 1504
13572 # 1504
13572 # 1504
13573 # 1504
13573 # 1504
13574 # 1504
13575 # 1504
13576 # 1504
13576 # 1504
13577 # 1504
13578 # 1504
13579 # 1504
13579 # 1504
13580 # 1504
13580 # 1504
13582 # 1504
13584 # 1504
13584 # 1504
13584 # 1504
13585 # 1504
13586 # 1504
13587 # 1504
13588 # 1504
13588 # 1504
13588 # 1504
13589 # 1504
13591 # 1504
13591 # 1504
13592 # 1504
13593 # 1504
13594 # 1504
13595 # 1504
13595 # 1504
13596 # 1504
13598 # 1504
13598 # 1504
13598 # 1504
13599 # 1504
13600 # 1504
13601 # 1504
13602 # 1504
13602 # 1504
13603 # 1504
13612 # 1504
13612 # 1504
13612 # 1504
13612 # 1504
13612 # 1504
13612 # 1504
13612 # 1504
13613 # 1504
13613 # 1504
13613 # 1504
13613 # 1504
13613 # 1504
13614 # 1504
13615 # 1504
13615 # 1504
13616 # 1504
13617 # 1504
13618 # 1504
13618 # 1504
13619 # 1504
13620 # 1504
13621 # 1504
13622 # 1504
13622 # 1504
13623 # 1504
13624 # 1504
13625 # 1504
13625 # 1504
13626 # 1504
13627 # 1504
13628 # 1504
13629 # 1504
13629 # 1504
13630 # 1504
13631 # 1504
13632 # 1504
13632 # 1504
13633 # 1504
13634 # 1504
13641 # 1504
13641 # 1504
13641 # 1504
13641 # 1504
13642 # 1504
13642 # 1504
13642 # 1504
13642 # 1504
13642 # 1504
13643 # 1504
13643 # 1504
13645 # 1504
13646 # 1504
13646 # 1504
13647 # 1504
13648 # 1504
13649 # 1504
13649 # 1504
13651 # 1504
13651 # 1504
13652 # 1504
13652 # 1504
13653 # 1504
13654 # 1504
13655 # 1504
13655 # 1504
13656 # 1504
13657 # 1504
13658 # 1504
13658 # 1504
13659 # 1504
13660 # 1504
13661 # 1504
13662 # 1504
13663 # 1504
13664 # 1504
13664 # 1504
13664 # 1504
13764 # 1504
13778 # 1504
13793 # 1504
13808 # 1504
13820 # 1504
13830 # 1504
13842 # 1504
13847 # 1504
13857 # 1504
13865 # 1504
13870 # 1504
13878 # 1504
13885 # 1504
13890 # 1504
13894 # 1504
13898 # 1504
13902 # 1504
13907 # 1504
13912 # 1504
13919 # 1504
13925 # 1504
13928 # 1504
13932 # 1504
13936 # 1504
13941 # 1504
13943 # 1504
13946 # 1504
13949 # 1504
13961 # 1504
13961 # 1504
13966 # 1504
13966 # 1504
13968 # 1504
13972 # 1504
13975 # 1504
13980 # 1504
13985 # 1504
13987 # 1504
13990 # 1504
13993 # 1504
13996 # 1504
13999 # 1504
14002 # 1504
14014 # 1504
14014 # 1504
14020 # 1504
14021 # 1504
14026 # 1504
14026 # 1504
14028 # 1504
14030 # 1504
14041 # 1504
14041 # 1504
14041 # 1504
14041 # 1504
14044 # 1504
14048 # 1504
14051 # 1504
14054 # 1504
14058 # 1504
14061 # 1504
14065 # 1504
14070 # 1504
14072 # 1504
14075 # 1504
14079 # 1504
14081 # 1504
14086 # 1504
14089 # 1504
14093 # 1504
14096 # 1504
14100 # 1504
14104 # 1504
14107 # 1504
14110 # 1504
14114 # 1504
14117 # 1504
14120 # 1504
14124 # 1504
14134 # 1504
14144 # 1504
14144 # 1504
14146 # 1504
14146 # 1504
14147 # 1504
14152 # 1504
14158 # 1504
14162 # 1504
14167 # 1504
14170 # 1504
14182 # 1504
14186 # 1504
14186 # 1504
14189 # 1504
14194 # 1504
14199 # 1504
14204 # 1504
14207 # 1504
14210 # 1504
14221 # 1504
14224 # 1504
14226 # 1504
14229 # 1504
14234 # 1504
14243 # 1504
14243 # 1504
14246 # 1504
14251 # 1504
14256 # 1504
14260 # 1504
14272 # 1504
14272 # 1504
14281 # 1504
14284 # 1504
14289 # 1504
14294 # 1504
14300 # 1504
14306 # 1504
14317 # 1504
14319 # 1504
14322 # 1504
14324 # 1504
14329 # 1504
14334 # 1504
14342 # 1504
14346 # 1504
14350 # 1504
14354 # 1504
14358 # 1504
14362 # 1504
14366 # 1504
14369 # 1504
14372 # 1504
14379 # 1504
14382 # 1504
14386 # 1504
14389 # 1504
14392 # 1504
14395 # 1504
14406 # 1504
14406 # 1504
14406 # 1504
14410 # 1504
14421 # 1504
14421 # 1504
14422 # 1504
14425 # 1504
14434 # 1504
14434 # 1504
14443 # 1504
14446 # 1504
14446 # 1504
14448 # 1504
14452 # 1504
14461 # 1504
14461 # 1504
14462 # 1504
14465 # 1504
14468 # 1504
14471 # 1504
14482 # 1504
14482 # 1504
14482 # 1504
14485 # 1504
14489 # 1504
14492 # 1504
14501 # 1504
14501 # 1504
14504 # 1504
14509 # 1504
14512 # 1504
14521 # 1504
14521 # 1504
14524 # 1504
14530 # 1504
14537 # 1504
14544 # 1504
14547 # 1504
14550 # 1504
14553 # 1504
14557 # 1504
14560 # 1504
14563 # 1504
14566 # 1504
14570 # 1504
14581 # 1504
14581 # 1504
14586 # 1504
14586 # 1504
14588 # 1504
14590 # 1504
14601 # 1504
14601 # 1504
14608 # 1504
14608 # 1504
14608 # 1504
14610 # 1504
14621 # 1504
14621 # 1504
14626 # 1504
14626 # 1504
14628 # 1504
14639 # 1504
14642 # 1504
14642 # 1504
14646 # 1504
14653 # 1504
14653 # 1504
14657 # 1504
14657 # 1504
14666 # 1504
14666 # 1504
14673 # 1504
14673 # 1504
14683 # 1504
14686 # 1504
14689 # 1504
14699 # 1504
14706 # 1504
14710 # 1504
14713 # 1504
14717 # 1504
14727 # 1504
14727 # 1504
14729 # 1504
14732 # 1504
14736 # 1504
14739 # 1504
14745 # 1504
14753 # 1504
14753 # 1504
14757 # 1504
14767 # 1504
14767 # 1504
14772 # 1504
14777 # 1504
14782 # 1504
14787 # 1504
14792 # 1504
14796 # 1504
14800 # 1504
14804 # 1504
14808 # 1504
14811 # 1504
14814 # 1504
14818 # 1504
14821 # 1504
14825 # 1504
14828 # 1504
14831 # 1504
14836 # 1504
14838 # 1504
14843 # 1504
14844 # 1504
14848 # 1504
14852 # 1504
14856 # 1504
14860 # 1504
14864 # 1504
14869 # 1504
14875 # 1504
14878 # 1504
14883 # 1504
14888 # 1504
14892 # 1504
14905 # 1504
14906 # 1504
14907 # 1504
14912 # 1504
14917 # 1504
14928 # 1504
14928 # 1504
14930 # 1504
14934 # 1504
14938 # 1504
14945 # 1504
14953 # 1504
14953 # 1504
14953 # 1504
14957 # 1504
14960 # 1504
14963 # 1504
14967 # 1504
14970 # 1504
14973 # 1504
14976 # 1504
14980 # 1504
14982 # 1504
14987 # 1504
14991 # 1504
14995 # 1504
15000 # 1504
15004 # 1504
15016 # 1504
15016 # 1504
15023 # 1504
15030 # 1504
15033 # 1504
15034 # 1504
15038 # 1504
15046 # 1504
15047 # 1504
15051 # 1504
15056 # 1504
15061 # 1504
15066 # 1504
15070 # 1504
15074 # 1504
15087 # 1504
15087 # 1504
15088 # 1504
15094 # 1504
15100 # 1504
15111 # 1504
15115 # 1504
15121 # 1504
15127 # 1504
15130 # 1504
15137 # 1504
15151 # 1504
15153 # 1504
15161 # 1504
15171 # 1504
15171 # 1504
15173 # 1504
15177 # 1504
15181 # 1504
15191 # 1504
15192 # 1504
15192 # 1504
15195 # 1504
15206 # 1504
15209 # 1504
15211 # 1504
15211 # 1504
15213 # 1504
15218 # 1504
15221 # 1504
15231 # 1504
15231 # 1504
15233 # 1504
15236 # 1504
15246 # 1504
15246 # 1504
15247 # 1504
15251 # 1504
15253 # 1504
15256 # 1504
15259 # 1504
15263 # 1504
15267 # 1504
15270 # 1504
15274 # 1504
15277 # 1504
15287 # 1504
15290 # 1504
15290 # 1504
15293 # 1504
15304 # 1504
15304 # 1504
15304 # 1504
15304 # 1504
15305 # 1504
15308 # 1504
15311 # 1504
15321 # 1504
15321 # 1504
15321 # 1504
15323 # 1504
15326 # 1504
15329 # 1504
15332 # 1504
15341 # 1504
15341 # 1504
15346 # 1504
15346 # 1504
15348 # 1504
15352 # 1504
15361 # 1504
15361 # 1504
15361 # 1504
15363 # 1504
15366 # 1504
15370 # 1504
15372 # 1504
15374 # 1504
15378 # 1504
15381 # 1504
15384 # 1504
15387 # 1504
15392 # 1504
15401 # 1504
15401 # 1504
15401 # 1504
15402 # 1504
15405 # 1504
15408 # 1504
15418 # 1504
15421 # 1504
15422 # 1504
15425 # 1504
15434 # 1504
15434 # 1504
15441 # 1504
15442 # 1504
15448 # 1504
15452 # 1504
15458 # 1504
15464 # 1504
15468 # 1504
15470 # 1504
15482 # 1504
15482 # 1504
15482 # 1504
15484 # 1504
15487 # 1504
15491 # 1504
15492 # 1504
15501 # 1504
15501 # 1504
15501 # 1504
15504 # 1504
15508 # 1504
15511 # 1504
15515 # 1504
15528 # 1504
15528 # 1504
15533 # 1504
15540 # 1504
15542 # 1504
15548 # 1504
15548 # 1504
15549 # 1504
15549 # 1504
15552 # 1504
15561 # 1504
15561 # 1504
15566 # 1504
15566 # 1504
15567 # 1504
15569 # 1504
15572 # 1504
15582 # 1504
15586 # 1504
15586 # 1504
15587 # 1504
15591 # 1504
15601 # 1504
15601 # 1504
15606 # 1504
15606 # 1504
15609 # 1504
15612 # 1504
15616 # 1504
15619 # 1504
15623 # 1504
15626 # 1504
15629 # 1504
15632 # 1504
15634 # 1504
15637 # 1504
15640 # 1504
15642 # 1504
15651 # 1504
15652 # 1504
15652 # 1504
15653 # 1504
15655 # 1504
15665 # 1504
15666 # 1504
15666 # 1504
15667 # 1504
15669 # 1504
15673 # 1504
15681 # 1504
15681 # 1504
15687 # 1504
15687 # 1504
15688 # 1504
15691 # 1504
15701 # 1504
15701 # 1504
15701 # 1504
15702 # 1504
15705 # 1504
15708 # 1504
15719 # 1504
15719 # 1504
15719 # 1504
15726 # 1504
15726 # 1504
15728 # 1504
15750 # 1504
15756 # 1504
15756 # 1504
15756 # 1504
15759 # 1504
15767 # 1504
15774 # 1504
15781 # 1504
15788 # 1504
15792 # 1504
15796 # 1504
15800 # 1504
15805 # 1504
15811 # 1504
15853 # 1504
15858 # 1504
15865 # 1504
15869 # 1504
15875 # 1504
15879 # 1504
15882 # 1504
15887 # 1504
15890 # 1504
15896 # 1504
15900 # 1504
15905 # 1504
15911 # 1504
15916 # 1504
15921 # 1504
15926 # 1504
15930 # 1504
15934 # 1504
15937 # 1504
15943 # 1504
15952 # 1504
15952 # 1504
15955 # 1504
15966 # 1504
15966 # 1504
15966 # 1504
15969 # 1504
15980 # 1504
15982 # 1504
15982 # 1504
15986 # 1504
15989 # 1504
15992 # 1504
16001 # 1504
16001 # 1504
16003 # 1504
16006 # 1504
16010 # 1504
16021 # 1504
16021 # 1504
16022 # 1504
16026 # 1504
16035 # 1504
16041 # 1504
16042 # 1504
16046 # 1504
16047 # 1504
16051 # 1504
16054 # 1504
16057 # 1504
16063 # 1504
16065 # 1504
16068 # 1504
16071 # 1504
16081 # 1504
16081 # 1504
16082 # 1504
16086 # 1504
16090 # 1504
16149 # 1504
16149 # 1504
16149 # 1504
16149 # 1504
16149 # 1504
16149 # 1504
16154 # 1504
16154 # 1504
16154 # 1504
16154 # 1504
16154 # 1504
16154 # 1504
16154 # 1504
16154 # 1504
16154 # 1504
16154 # 1504
16157 # 1504
16160 # 1504
16164 # 1504
16167 # 1504
16179 # 1504
16182 # 1504
16184 # 1504
16188 # 1504
16191 # 1504
16201 # 1504
16201 # 1504
16203 # 1504
16207 # 1504
16210 # 1504
16221 # 1504
16221 # 1504
16222 # 1504
16226 # 1504
16230 # 1504
16241 # 1504
16241 # 1504
16241 # 1504
16245 # 1504
16248 # 1504
16253 # 1504
16255 # 1504
16259 # 1504
16263 # 1504
16267 # 1504
16270 # 1504
16281 # 1504
16281 # 1504
16281 # 1504
16284 # 1504
16288 # 1504
16291 # 1504
16302 # 1504
16302 # 1504
16305 # 1504
16307 # 1504
16316 # 1504
16320 # 1504
16325 # 1504
16328 # 1504
16333 # 1504
16336 # 1504
16341 # 1504
16346 # 1504
16348 # 1504
16352 # 1504
16361 # 1504
16361 # 1504
16361 # 1504
16363 # 1504
16366 # 1504
16369 # 1504
16372 # 1504
16381 # 1504
16381 # 1504
16384 # 1504
16387 # 1504
16389 # 1504
16401 # 1504
16402 # 1504
16402 # 1504
16404 # 1504
16408 # 1504
16411 # 1504
16421 # 1504
16421 # 1504
16422 # 1504
16425 # 1504
16429 # 1504
16432 # 1504
16441 # 1504
16441 # 1504
16442 # 1504
16445 # 1504
16448 # 1504
16454 # 1504
16454 # 1504
16457 # 1504
16461 # 1504
16466 # 1504
16469 # 1504
16474 # 1504
16477 # 1504
16483 # 1504
16486 # 1504
16490 # 1504
16501 # 1504
16505 # 1504
16517 # 1504
16518 # 1504
16546 # 1504
16561 # 1504
16561 # 1504
16562 # 1504
16579 # 1504
16579 # 1504
16579 # 1504
16587 # 1504
16588 # 1504
16592 # 1504
16599 # 1504
16604 # 1504
16610 # 1504
16617 # 1504
16624 # 1504
16630 # 1504
16641 # 1504
16641 # 1504
16645 # 1504
16649 # 1504
16656 # 1504
16660 # 1504
16665 # 1504
16671 # 1504
16679 # 1504
16685 # 1504
16689 # 1504
16701 # 1504
16706 # 1504
16714 # 1504
16714 # 1504
16722 # 1504
16722 # 1504
16726 # 1504
16731 # 1504
16734 # 1504
16738 # 1504
16742 # 1504
16747 # 1504
16751 # 1504
16760 # 1504
16761 # 1504
16765 # 1504
16772 # 1504
16786 # 1504
16791 # 1504
16799 # 1504
16807 # 1504
16813 # 1504
16820 # 1504
16829 # 1504
16837 # 1504
16847 # 1504
16860 # 1504
16870 # 1504
16886 # 1504
16891 # 1504
16900 # 1504
16910 # 1504
16916 # 1504
16927 # 1504
16933 # 1504
16946 # 1504
16957 # 1504
16963 # 1504
16968 # 1504
16981 # 1504
16981 # 1504
16987 # 1504
16993 # 1504
17006 # 1504
17006 # 1504
17014 # 1504
17025 # 1504
17032 # 1504
17037 # 1504
17046 # 1504
17056 # 1504
17062 # 1504
17067 # 1504
17073 # 1504
17086 # 1504
17086 # 1504
17089 # 1504
17093 # 1504
17097 # 1504
17106 # 1504
17108 # 1504
17114 # 1504
17126 # 1504
17128 # 1504
17134 # 1504
17146 # 1504
17148 # 1504
17152 # 1504
17158 # 1504
17160 # 1504
17165 # 1504
17169 # 1504
17175 # 1504
17187 # 1504
17199 # 1504
17199 # 1504
17199 # 1504
17199 # 1504
17206 # 1504
17219 # 1504
17219 # 1504
17221 # 1504
17226 # 1504
17226 # 1504
17228 # 1504
17234 # 1504
17236 # 1504
17246 # 1504
17247 # 1504
17248 # 1504
17253 # 1504
17267 # 1504
17267 # 1504
17269 # 1504
17275 # 1504
17287 # 1504
17287 # 1504
17291 # 1504
17301 # 1504
17306 # 1504
17308 # 1504
17321 # 1504
17326 # 1504
17326 # 1504
17331 # 1504
17336 # 1504
17343 # 1504
17351 # 1504
17359 # 1504
17368 # 1504
17377 # 1504
17381 # 1504
17387 # 1504
17393 # 1504
17398 # 1504
17402 # 1504
17415 # 1504
17415 # 1504
17417 # 1504
17422 # 1504
17427 # 1504
17433 # 1504
17437 # 1504
17446 # 1504
17450 # 1504
17459 # 1504
17461 # 1504
17466 # 1504
17470 # 1504
17475 # 1504
17479 # 1504
17483 # 1504
17487 # 1504
17491 # 1504
17495 # 1504
17499 # 1504
17504 # 1504
17509 # 1504
17511 # 1504
17521 # 1504
17527 # 1504
17527 # 1504
17528 # 1504
17532 # 1504
17535 # 1504
17539 # 1504
17542 # 1504
17546 # 1504
17551 # 1504
17554 # 1504
17564 # 1504
17564 # 1504
17567 # 1504
17572 # 1504
17577 # 1504
17581 # 1504
17584 # 1504
17589 # 1504
17594 # 1504
17597 # 1504
17600 # 1504
17605 # 1504
17609 # 1504
17623 # 1504
17623 # 1504
17625 # 1504
17629 # 1504
17635 # 1504
17642 # 1504
17650 # 1504
17662 # 1504
17666 # 1504
17671 # 1504
17678 # 1504
17684 # 1504
17690 # 1504
17695 # 1504
17699 # 1504
17703 # 1504
17708 # 1504
17714 # 1504
17720 # 1504
17725 # 1504
17730 # 1504
17736 # 1504
17742 # 1504
17763 # 1504
17779 # 1504
17788 # 1504
17797 # 1504
17807 # 1504
17814 # 1504
17824 # 1504
17846 # 1504
17900 # 1504
17909 # 1504
17921 # 1504
17930 # 1504
17939 # 1504
17946 # 1504
17953 # 1504
17962 # 1504
17967 # 1504
17974 # 1504
17982 # 1504
17988 # 1504
18000 # 1504
18009 # 1504
18035 # 1504
18035 # 1504
18041 # 1504
18053 # 1504
18068 # 1504
18078 # 1504
18087 # 1504
18097 # 1504
18113 # 1504
18140 # 1504
18173 # 1504
18290 # 1504
18292 # 1504
18294 # 1504
18296 # 1504
18298 # 1504
18300 # 1504
18302 # 1504
18304 # 1504
18307 # 1504
18309 # 1504
18311 # 1504
18313 # 1504
18315 # 1504
18317 # 1504
18318 # 1504
18320 # 1504
18322 # 1504
18323 # 1504
18325 # 1504
18327 # 1504
18329 # 1504
18330 # 1504
18332 # 1504
18332 # 1504
18335 # 1504
18336 # 1504
18338 # 1504
18339 # 1504
18340 # 1504
18342 # 1504
18343 # 1504
18345 # 1504
18346 # 1504
18348 # 1504
18349 # 1504
18351 # 1504
18352 # 1504
18353 # 1504
18355 # 1504
18356 # 1504
18357 # 1504
18358 # 1504
18360 # 1504
18362 # 1504
18363 # 1504
18363 # 1504
18365 # 1504
18366 # 1504
18368 # 1504
18369 # 1504
18378 # 1504
18378 # 1504
18378 # 1504
18378 # 1504
18379 # 1504
18379 # 1504
18379 # 1504
18380 # 1504
18381 # 1504
18383 # 1504
18383 # 1504
18385 # 1504
18386 # 1504
18387 # 1504
18388 # 1504
18390 # 1504
18390 # 1504
18392 # 1504
18393 # 1504
18395 # 1504
18396 # 1504
18397 # 1504
18399 # 1504
18408 # 1504
18408 # 1504
18409 # 1504
18409 # 1504
18409 # 1504
18409 # 1504
18409 # 1504
18409 # 1504
18418 # 1504
18419 # 1504
18419 # 1504
18419 # 1504
18419 # 1504
18419 # 1504
18419 # 1504
18419 # 1504
18428 # 1504
18428 # 1504
18428 # 1504
18428 # 1504
18428 # 1504
18428 # 1504
18428 # 1504
18429 # 1504
18438 # 1504
18439 # 1504
18439 # 1504
18439 # 1504
18439 # 1504
18439 # 1504
18439 # 1504
18439 # 1504
18439 # 1504
18449 # 1504
18449 # 1504
18449 # 1504
18449 # 1504
18449 # 1504
18449 # 1504
18449 # 1504
18449 # 1504
18449 # 1504
18449 # 1504
18458 # 1504
18458 # 1504
18458 # 1504
18459 # 1504
18459 # 1504
18459 # 1504
18459 # 1504
18459 # 1504
18459 # 1504
18460 # 1504
18463 # 1504
18463 # 1504
18463 # 1504
18464 # 1504
18465 # 1504
18466 # 1504
18467 # 1504
18468 # 1504
18469 # 1504
18478 # 1504
18478 # 1504
18478 # 1504
18478 # 1504
18478 # 1504
18478 # 1504
18479 # 1504
18479 # 1504
18479 # 1504
18480 # 1504
18481 # 1504
18483 # 1504
18483 # 1504
18484 # 1504
18485 # 1504
18486 # 1504
18487 # 1504
18496 # 1504
18496 # 1504
18496 # 1504
18496 # 1504
18496 # 1504
18496 # 1504
18496 # 1504
18496 # 1504
18498 # 1504
18499 # 1504
18500 # 1504
18501 # 1504
18502 # 1504
18504 # 1504
18505 # 1504
18506 # 1504
18508 # 1504
18508 # 1504
18509 # 1504
18510 # 1504
18511 # 1504
18512 # 1504
18513 # 1504
18514 # 1504
18515 # 1504
18516 # 1504
18517 # 1504
18518 # 1504
18520 # 1504
18520 # 1504
18521 # 1504
18522 # 1504
18524 # 1504
18525 # 1504
18526 # 1504
18527 # 1504
18527 # 1504
18529 # 1504
18530 # 1504
18532 # 1504
18533 # 1504
18538 # 1504
18538 # 1504
18538 # 1504
18538 # 1504
18538 # 1504
18538 # 1504
18548 # 1504
18548 # 1504
18548 # 1504
18548 # 1504
18548 # 1504
18548 # 1504
18548 # 1504
18549 # 1504
18549 # 1504
18559 # 1504
18559 # 1504
18559 # 1504
18559 # 1504
18559 # 1504
18559 # 1504
18559 # 1504
18559 # 1504
18568 # 1504
18568 # 1504
18568 # 1504
18568 # 1504
18568 # 1504
18568 # 1504
18568 # 1504
18568 # 1504
18568 # 1504
18569 # 1504
18578 # 1504
18578 # 1504
18579 # 1504
18579 # 1504
18579 # 1504
18579 # 1504
18579 # 1504
18579 # 1504
18579 # 1504
18579 # 1504
18588 # 1504
18588 # 1504
18590 # 1504
18590 # 1504
18590 # 1504
18590 # 1504
18590 # 1504
18590 # 1504
18590 # 1504
18591 # 1504
18591 # 1504
18593 # 1504
18594 # 1504
18594 # 1504
18596 # 1504
18597 # 1504
18597 # 1504
18599 # 1504
18609 # 1504
18609 # 1504
18609 # 1504
18609 # 1504
18609 # 1504
18609 # 1504
18609 # 1504
18609 # 1504
18609 # 1504
18618 # 1504
18618 # 1504
18618 # 1504
18618 # 1504
18618 # 1504
18618 # 1504
18618 # 1504
18618 # 1504
18619 # 1504
18629 # 1504
18629 # 1504
18629 # 1504
18629 # 1504
18629 # 1504
18629 # 1504
18629 # 1504
18629 # 1504
18629 # 1504
18630 # 1504
18632 # 1504
18632 # 1504
18634 # 1504
18634 # 1504
18635 # 1504
18636 # 1504
18636 # 1504
18637 # 1504
18638 # 1504
18640 # 1504
18649 # 1504
18649 # 1504
18649 # 1504
18649 # 1504
18649 # 1504
18649 # 1504
18649 # 1504
18649 # 1504
18649 # 1504
18649 # 1504
18658 # 1504
18658 # 1504
18659 # 1504
18659 # 1504
18659 # 1504
18659 # 1504
18659 # 1504
18659 # 1504
18667 # 1504
18668 # 1504
18669 # 1504
18669 # 1504
18669 # 1504
18671 # 1504
18672 # 1504
18672 # 1504
18672 # 1504
18678 # 1504
18678 # 1504
18678 # 1504
18678 # 1504
18678 # 1504
18678 # 1504
18679 # 1504
18685 # 1504
18687 # 1504
18688 # 1504
18688 # 1504
18688 # 1504
18689 # 1504
18689 # 1504
18689 # 1504
18689 # 1504
18689 # 1504
18691 # 1504
18691 # 1504
18692 # 1504
18692 # 1504
18693 # 1504
18694 # 1504
18695 # 1504
18696 # 1504
18697 # 1504
18697 # 1504
18699 # 1504
18708 # 1504
18708 # 1504
18708 # 1504
18709 # 1504
18709 # 1504
18709 # 1504
18709 # 1504
18709 # 1504
18709 # 1504
18709 # 1504
18709 # 1504
18710 # 1504
18711 # 1504
18712 # 1504
18712 # 1504
18713 # 1504
18714 # 1504
18714 # 1504
18715 # 1504
18716 # 1504
18719 # 1504
18720 # 1504
18720 # 1504
18720 # 1504
18728 # 1504
18728 # 1504
18729 # 1504
18729 # 1504
18729 # 1504
18729 # 1504
18729 # 1504
18729 # 1504
18729 # 1504
18729 # 1504
18729 # 1504
18729 # 1504
18739 # 1504
18739 # 1504
18739 # 1504
18739 # 1504
18739 # 1504
18739 # 1504
18739 # 1504
18739 # 1504
18739 # 1504
18739 # 1504
18739 # 1504
18748 # 1504
18748 # 1504
18748 # 1504
18748 # 1504
18748 # 1504
18748 # 1504
18748 # 1504
18749 # 1504
18749 # 1504
18749 # 1504
18749 # 1504
18749 # 1504
18749 # 1504
18758 # 1504
18758 # 1504
18758 # 1504
18758 # 1504
18758 # 1504
18758 # 1504
18758 # 1504
18759 # 1504
18759 # 1504
18759 # 1504
18759 # 1504
18759 # 1504
18759 # 1504
18760 # 1504
18766 # 1504
18766 # 1504
18766 # 1504
18766 # 1504
18767 # 1504
18767 # 1504
18767 # 1504
18767 # 1504
18767 # 1504
18767 # 1504
18768 # 1504
18769 # 1504
18770 # 1504
18771 # 1504
18771 # 1504
18773 # 1504
18773 # 1504
18773 # 1504
18774 # 1504
18775 # 1504
18776 # 1504
18776 # 1504
18777 # 1504
18778 # 1504
18778 # 1504
18779 # 1504
18780 # 1504
18780 # 1504
18781 # 1504
18783 # 1504
18783 # 1504
18783 # 1504
18784 # 1504
18785 # 1504
18785 # 1504
18786 # 1504
18787 # 1504
18787 # 1504
18788 # 1504
18790 # 1504
18790 # 1504
18790 # 1504
18790 # 1504
18791 # 1504
18792 # 1504
18793 # 1504
18794 # 1504
18794 # 1504
18795 # 1504
18796 # 1504
18797 # 1504
18797 # 1504
18798 # 1504
18799 # 1504
18799 # 1504
18801 # 1504
18801 # 1504
18803 # 1504
18803 # 1504
18803 # 1504
18804 # 1504
18806 # 1504
18806 # 1504
18807 # 1504
18807 # 1504
18809 # 1504
18809 # 1504
18818 # 1504
18818 # 1504
18818 # 1504
18818 # 1504
18818 # 1504
18819 # 1504
18819 # 1504
18819 # 1504
18819 # 1504
18819 # 1504
18819 # 1504
18819 # 1504
18820 # 1504
18821 # 1504
18822 # 1504
18822 # 1504
18823 # 1504
18824 # 1504
18824 # 1504
18825 # 1504
18826 # 1504
18827 # 1504
18827 # 1504
18828 # 1504
18829 # 1504
18829 # 1504
18839 # 1504
18839 # 1504
18839 # 1504
18839 # 1504
18839 # 1504
18839 # 1504
18839 # 1504
18839 # 1504
18839 # 1504
18839 # 1504
18840 # 1504
18840 # 1504
18840 # 1504
18848 # 1504
18848 # 1504
18848 # 1504
18848 # 1504
18848 # 1504
18848 # 1504
18848 # 1504
18849 # 1504
18849 # 1504
18849 # 1504
18849 # 1504
18849 # 1504
18849 # 1504
18858 # 1504
18858 # 1504
18858 # 1504
18858 # 1504
18859 # 1504
18859 # 1504
18859 # 1504
18859 # 1504
18859 # 1504
18859 # 1504
18859 # 1504
18859 # 1504
18859 # 1504
18859 # 1504
18869 # 1504
18869 # 1504
18869 # 1504
18869 # 1504
18869 # 1504
18869 # 1504
18869 # 1504
18869 # 1504
18869 # 1504
18869 # 1504
18869 # 1504
18869 # 1504
18870 # 1504
18870 # 1504
18872 # 1504
18873 # 1504
18873 # 1504
18873 # 1504
18874 # 1504
18875 # 1504
18876 # 1504
18876 # 1504
18877 # 1504
18878 # 1504
18880 # 1504
18880 # 1504
18881 # 1504
18882 # 1504
18883 # 1504
18883 # 1504
18884 # 1504
18884 # 1504
18885 # 1504
18886 # 1504
18887 # 1504
18888 # 1504
18897 # 1504
18897 # 1504
18899 # 1504
18899 # 1504
18899 # 1504
18899 # 1504
18899 # 1504
18899 # 1504
18899 # 1504
18899 # 1504
18899 # 1504
18899 # 1504
18899 # 1504
18908 # 1504
18909 # 1504
18909 # 1504
18909 # 1504
18910 # 1504
18910 # 1504
18910 # 1504
18910 # 1504
18910 # 1504
18910 # 1504
18910 # 1504
18911 # 1504
18920 # 1504
18920 # 1504
18920 # 1504
18921 # 1504
18921 # 1504
18921 # 1504
18921 # 1504
18921 # 1504
18921 # 1504
18921 # 1504
18921 # 1504
18921 # 1504
18922 # 1504
18922 # 1504
18923 # 1504
18924 # 1504
18926 # 1504
18926 # 1504
18927 # 1504
18928 # 1504
18928 # 1504
18929 # 1504
18930 # 1504
18931 # 1504
18931 # 1504
18932 # 1504
18934 # 1504
18934 # 1504
18934 # 1504
18935 # 1504
18936 # 1504
18938 # 1504
18938 # 1504
18938 # 1504
18939 # 1504
18940 # 1504
18940 # 1504
18941 # 1504
18943 # 1504
18943 # 1504
18943 # 1504
18944 # 1504
18945 # 1504
18946 # 1504
18947 # 1504
18994 # 1504
18995 # 1504
18995 # 1504
18996 # 1504
18997 # 1504
18997 # 1504
18998 # 1504
18999 # 1504
18999 # 1504
19009 # 1504
19009 # 1504
19009 # 1504
19009 # 1504
19009 # 1504
19009 # 1504
19009 # 1504
19009 # 1504
19009 # 1504
19009 # 1504
19009 # 1504
19016 # 1504
19054 # 1504
19055 # 1504
19056 # 1504
19057 # 1504
19058 # 1504
19058 # 1504
19059 # 1504
19060 # 1504
19060 # 1504
19062 # 1504
19062 # 1504
19063 # 1504
19068 # 1504
19068 # 1504
19068 # 1504
19068 # 1504
19068 # 1504
19068 # 1504
19068 # 1504
19069 # 1504
19070 # 1504
19072 # 1504
19072 # 1504
19072 # 1504
19073 # 1504
19075 # 1504
19076 # 1504
19076 # 1504
19076 # 1504
19076 # 1504
19077 # 1504
19077 # 1504
19078 # 1504
19079 # 1504
19080 # 1504
19080 # 1504
19082 # 1504
19082 # 1504
19082 # 1504
19083 # 1504
19085 # 1504
19085 # 1504
19114 # 1504
19115 # 1504
19116 # 1504
19116 # 1504
19117 # 1504
19118 # 1504
19118 # 1504
19120 # 1504
19121 # 1504
19121 # 1504
19122 # 1504
19122 # 1504
19122 # 1504
19123 # 1504
19124 # 1504
19125 # 1504
19125 # 1504
19126 # 1504
19127 # 1504
19127 # 1504
19128 # 1504
19129 # 1504
19130 # 1504
19130 # 1504
19131 # 1504
19132 # 1504
19132 # 1504
19133 # 1504
19134 # 1504
19135 # 1504
19136 # 1504
19137 # 1504
19137 # 1504
19137 # 1504
19138 # 1504
19139 # 1504
19148 # 1504
19148 # 1504
19148 # 1504
19148 # 1504
19148 # 1504
19148 # 1504
19149 # 1504
19149 # 1504
19149 # 1504
19149 # 1504
19149 # 1504
19149 # 1504
19149 # 1504
19150 # 1504
19150 # 1504
19151 # 1504
19152 # 1504
19152 # 1504
19153 # 1504
19154 # 1504
19154 # 1504
19155 # 1504
19156 # 1504
19157 # 1504
19158 # 1504
19158 # 1504
19159 # 1504
19169 # 1504
19169 # 1504
19169 # 1504
19169 # 1504
19169 # 1504
19169 # 1504
19169 # 1504
19173 # 1504
19173 # 1504
19173 # 1504
19174 # 1504
19174 # 1504
19174 # 1504
19174 # 1504
19174 # 1504
19174 # 1504
19174 # 1504
19174 # 1504
19174 # 1504
19175 # 1504
19183 # 1504
19184 # 1504
19184 # 1504
19184 # 1504
19184 # 1504
19184 # 1504
19184 # 1504
19185 # 1504
19185 # 1504
19185 # 1504
19185 # 1504
19185 # 1504
19186 # 1504
19186 # 1504
19187 # 1504
19188 # 1504
19188 # 1504
19189 # 1504
19190 # 1504
19190 # 1504
19191 # 1504
19192 # 1504
19193 # 1504
19193 # 1504
19195 # 1504
19195 # 1504
19196 # 1504
19196 # 1504
19197 # 1504
19198 # 1504
19198 # 1504
19207 # 1504
19207 # 1504
19207 # 1504
19207 # 1504
19207 # 1504
19207 # 1504
19207 # 1504
19212 # 1504
19212 # 1504
19212 # 1504
19212 # 1504
19212 # 1504
19212 # 1504
19212 # 1504
19212 # 1504
19212 # 1504
19213 # 1504
19214 # 1504
19214 # 1504
19215 # 1504
19216 # 1504
19216 # 1504
19217 # 1504
19226 # 1504
19226 # 1504
19226 # 1504
19226 # 1504
19226 # 1504
19226 # 1504
19226 # 1504
19227 # 1504
19227 # 1504
19227 # 1504
19227 # 1504
19227 # 1504
19227 # 1504
19228 # 1504
19228 # 1504
19230 # 1504
19238 # 1504
19238 # 1504
19238 # 1504
19238 # 1504
19238 # 1504
19238 # 1504
19238 # 1504
19238 # 1504
19238 # 1504
19238 # 1504
19238 # 1504
19239 # 1504
19248 # 1504
19248 # 1504
19248 # 1504
19248 # 1504
19248 # 1504
19252 # 1504
19252 # 1504
19252 # 1504
19252 # 1504
19252 # 1504
19252 # 1504
19253 # 1504
19253 # 1504
19253 # 1504
19253 # 1504
19254 # 1504
19255 # 1504
19256 # 1504
19257 # 1504
19258 # 1504
19258 # 1504
19258 # 1504
19260 # 1504
19262 # 1504
19262 # 1504
19262 # 1504
19264 # 1504
19268 # 1504
19269 # 1504
19269 # 1504
19270 # 1504
19273 # 1504
19273 # 1504
19274 # 1504
19274 # 1504
19275 # 1504
19276 # 1504
19276 # 1504
19277 # 1504
19278 # 1504
19279 # 1504
19280 # 1504
19280 # 1504
19281 # 1504
19282 # 1504
19283 # 1504
19285 # 1504
19285 # 1504
19285 # 1504
19286 # 1504
19287 # 1504
19288 # 1504
19289 # 1504
19289 # 1504
19298 # 1504
19298 # 1504
19298 # 1504
19298 # 1504
19300 # 1504
19300 # 1504
19300 # 1504
19300 # 1504
19300 # 1504
19300 # 1504
19300 # 1504
19300 # 1504
19301 # 1504
19302 # 1504
19303 # 1504
19304 # 1504
19305 # 1504
19306 # 1504
19307 # 1504
19307 # 1504
19308 # 1504
19309 # 1504
19310 # 1504
19310 # 1504
19311 # 1504
19312 # 1504
19313 # 1504
19313 # 1504
19314 # 1504
19315 # 1504
19316 # 1504
19316 # 1504
19316 # 1504
19318 # 1504
19318 # 1504
19319 # 1504
19320 # 1504
19321 # 1504
19322 # 1504
19322 # 1504
19323 # 1504
19323 # 1504
19325 # 1504
19325 # 1504
19326 # 1504
19327 # 1504
19328 # 1504
19329 # 1504
19329 # 1504
19330 # 1504
19331 # 1504
19331 # 1504
19332 # 1504
19333 # 1504
19334 # 1504
19334 # 1504
19335 # 1504
19336 # 1504
19337 # 1504
19337 # 1504
19338 # 1504
19347 # 1504
19347 # 1504
19347 # 1504
19347 # 1504
19347 # 1504
19347 # 1504
19347 # 1504
19347 # 1504
19347 # 1504
19348 # 1504
19348 # 1504
19348 # 1504
19349 # 1504
19350 # 1504
19350 # 1504
19351 # 1504
19352 # 1504
19353 # 1504
19355 # 1504
19355 # 1504
19355 # 1504
19356 # 1504
19357 # 1504
19357 # 1504
19358 # 1504
19359 # 1504
19359 # 1504
19360 # 1504
19362 # 1504
19362 # 1504
19362 # 1504
19363 # 1504
19364 # 1504
19365 # 1504
19365 # 1504
19372 # 1504
19372 # 1504
19373 # 1504
19373 # 1504
19373 # 1504
19378 # 1504
19378 # 1504
19378 # 1504
19378 # 1504
19378 # 1504
19379 # 1504
19379 # 1504
19379 # 1504
19379 # 1504
19379 # 1504
19379 # 1504
19389 # 1504
19389 # 1504
19389 # 1504
19389 # 1504
19389 # 1504
19389 # 1504
19390 # 1504
19390 # 1504
19390 # 1504
19390 # 1504
19390 # 1504
19399 # 1504
19399 # 1504
19399 # 1504
19399 # 1504
19399 # 1504
19399 # 1504
19399 # 1504
19399 # 1504
19399 # 1504
19399 # 1504
19399 # 1504
19408 # 1504
19408 # 1504
19408 # 1504
19408 # 1504
19411 # 1504
19411 # 1504
19411 # 1504
19411 # 1504
19411 # 1504
19411 # 1504
19411 # 1504
19418 # 1504
19418 # 1504
19418 # 1504
19419 # 1504
19419 # 1504
19419 # 1504
19419 # 1504
19419 # 1504
19419 # 1504
19428 # 1504
19428 # 1504
19428 # 1504
19428 # 1504
19428 # 1504
19428 # 1504
19428 # 1504
19429 # 1504
19429 # 1504
19430 # 1504
19430 # 1504
19430 # 1504
19431 # 1504
19432 # 1504
19434 # 1504
19434 # 1504
19434 # 1504
19436 # 1504
19437 # 1504
19437 # 1504
19438 # 1504
19440 # 1504
19440 # 1504
19440 # 1504
19441 # 1504
19442 # 1504
19443 # 1504
19444 # 1504
19445 # 1504
19446 # 1504
19447 # 1504
19447 # 1504
19448 # 1504
19449 # 1504
19458 # 1504
19458 # 1504
19458 # 1504
19458 # 1504
19458 # 1504
19459 # 1504
19459 # 1504
19459 # 1504
19459 # 1504
19459 # 1504
19459 # 1504
19459 # 1504
19471 # 1504
19471 # 1504
19471 # 1504
19471 # 1504
19471 # 1504
19471 # 1504
19471 # 1504
19471 # 1504
19471 # 1504
19471 # 1504
19471 # 1504
19478 # 1504
19478 # 1504
19478 # 1504
19478 # 1504
19478 # 1504
19478 # 1504
19478 # 1504
19478 # 1504
19478 # 1504
19479 # 1504
19479 # 1504
19490 # 1504
19490 # 1504
19490 # 1504
19490 # 1504
19491 # 1504
19491 # 1504
19491 # 1504
19491 # 1504
19491 # 1504
19491 # 1504
19491 # 1504
19491 # 1504
19491 # 1504
19491 # 1504
19492 # 1504
19493 # 1504
19494 # 1504
19495 # 1504
19496 # 1504
19496 # 1504
19497 # 1504
19498 # 1504
19499 # 1504
19508 # 1504
19509 # 1504
19509 # 1504
19509 # 1504
19509 # 1504
19509 # 1504
19509 # 1504
19509 # 1504
19509 # 1504
19509 # 1504
19518 # 1504
19518 # 1504
19518 # 1504
19518 # 1504
19518 # 1504
19518 # 1504
19519 # 1504
19529 # 1504
19529 # 1504
19529 # 1504
19529 # 1504
19529 # 1504
19529 # 1504
19529 # 1504
19529 # 1504
19530 # 1504
19531 # 1504
19531 # 1504
19533 # 1504
19533 # 1504
19536 # 1504
19536 # 1504
19537 # 1504
19538 # 1504
19539 # 1504
19541 # 1504
19542 # 1504
19543 # 1504
19544 # 1504
19545 # 1504
19547 # 1504
19548 # 1504
19548 # 1504
19549 # 1504
19550 # 1504
19551 # 1504
19553 # 1504
19555 # 1504
19556 # 1504
19556 # 1504
19558 # 1504
19558 # 1504
19559 # 1504
19560 # 1504
19561 # 1504
19563 # 1504
19564 # 1504
19565 # 1504
19571 # 1504
19571 # 1504
19571 # 1504
19571 # 1504
19571 # 1504
19572 # 1504
19573 # 1504
19574 # 1504
19575 # 1504
19576 # 1504
19577 # 1504
19578 # 1504
19579 # 1504
19580 # 1504
19581 # 1504
19582 # 1504
19583 # 1504
19584 # 1504
19585 # 1504
19586 # 1504
19587 # 1504
19589 # 1504
19589 # 1504
19598 # 1504
19598 # 1504
19598 # 1504
19598 # 1504
19598 # 1504
19599 # 1504
19599 # 1504
19605 # 1504
19605 # 1504
19605 # 1504
19605 # 1504
19605 # 1504
19606 # 1504
19611 # 1504
19611 # 1504
19611 # 1504
19612 # 1504
19612 # 1504
19612 # 1504
19612 # 1504
19612 # 1504
19614 # 1504
19614 # 1504
19615 # 1504
19616 # 1504
19617 # 1504
19618 # 1504
19619 # 1504
19620 # 1504
19621 # 1504
19622 # 1504
19623 # 1504
19624 # 1504
19625 # 1504
19625 # 1504
19627 # 1504
19628 # 1504
19629 # 1504
19629 # 1504
19638 # 1504
19638 # 1504
19638 # 1504
19638 # 1504
19638 # 1504
19639 # 1504
19639 # 1504
19639 # 1504
19639 # 1504
19640 # 1504
19641 # 1504
19642 # 1504
19642 # 1504
19644 # 1504
19644 # 1504
19645 # 1504
19646 # 1504
19647 # 1504
19648 # 1504
19649 # 1504
19650 # 1504
19651 # 1504
19653 # 1504
19653 # 1504
19654 # 1504
19655 # 1504
19656 # 1504
19656 # 1504
19656 # 1504
19658 # 1504
19659 # 1504
19660 # 1504
19661 # 1504
19661 # 1504
19663 # 1504
19666 # 1504
19666 # 1504
19666 # 1504
19666 # 1504
19667 # 1504
19671 # 1504
19672 # 1504
19672 # 1504
19678 # 1504
19678 # 1504
19678 # 1504
19678 # 1504
19679 # 1504
19679 # 1504
19679 # 1504
19679 # 1504
19679 # 1504
19679 # 1504
19679 # 1504
19680 # 1504
19681 # 1504
19682 # 1504
19691 # 1504
19691 # 1504
19692 # 1504
19692 # 1504
19692 # 1504
19692 # 1504
19692 # 1504
19692 # 1504
19692 # 1504
19692 # 1504
19701 # 1504
19701 # 1504
19701 # 1504
19701 # 1504
19702 # 1504
19702 # 1504
19702 # 1504
19702 # 1504
19702 # 1504
19708 # 1504
19709 # 1504
19709 # 1504
19709 # 1504
19709 # 1504
19709 # 1504
19709 # 1504
19709 # 1504
19709 # 1504
19709 # 1504
19709 # 1504
19710 # 1504
19715 # 1504
19715 # 1504
19715 # 1504
19715 # 1504
19715 # 1504
19715 # 1504
19716 # 1504
19717 # 1504
19717 # 1504
19718 # 1504
19719 # 1504
19720 # 1504
19721 # 1504
19722 # 1504
19722 # 1504
19731 # 1504
19731 # 1504
19731 # 1504
19731 # 1504
19731 # 1504
19731 # 1504
19731 # 1504
19731 # 1504
19731 # 1504
19733 # 1504
19734 # 1504
19734 # 1504
19735 # 1504
19736 # 1504
19737 # 1504
19738 # 1504
19739 # 1504
19740 # 1504
19740 # 1504
19740 # 1504
19742 # 1504
19751 # 1504
19752 # 1504
19752 # 1504
19752 # 1504
19752 # 1504
19752 # 1504
19752 # 1504
19752 # 1504
19752 # 1504
19753 # 1504
19754 # 1504
19755 # 1504
19756 # 1504
19757 # 1504
19758 # 1504
19759 # 1504
19761 # 1504
19761 # 1504
19762 # 1504
19774 # 1504
19774 # 1504
19774 # 1504
19774 # 1504
19774 # 1504
19775 # 1504
19776 # 1504
19777 # 1504
19778 # 1504
19778 # 1504
19780 # 1504
19781 # 1504
19782 # 1504
19783 # 1504
19784 # 1504
19785 # 1504
19786 # 1504
19794 # 1504
19795 # 1504
19795 # 1504
19795 # 1504
19795 # 1504
19795 # 1504
19795 # 1504
19796 # 1504
19797 # 1504
19798 # 1504
19799 # 1504
19800 # 1504
19801 # 1504
19803 # 1504
19803 # 1504
19804 # 1504
19805 # 1504
19807 # 1504
19808 # 1504
19809 # 1504
19809 # 1504
19811 # 1504
19812 # 1504
19813 # 1504
19814 # 1504
19815 # 1504
19816 # 1504
19817 # 1504
19818 # 1504
19820 # 1504
19821 # 1504
19822 # 1504
19823 # 1504
19825 # 1504
19826 # 1504
19827 # 1504
19828 # 1504
19829 # 1504
19830 # 1504
19833 # 1504
19833 # 1504
19834 # 1504
19835 # 1504
19837 # 1504
19837 # 1504
19838 # 1504
19839 # 1504
19841 # 1504
19841 # 1504
19842 # 1504
19843 # 1504
19845 # 1504
19846 # 1504
19847 # 1504
19848 # 1504
19849 # 1504
19850 # 1504
19851 # 1504
19852 # 1504
19853 # 1504
19854 # 1504
19856 # 1504
19858 # 1504
19858 # 1504
19859 # 1504
19860 # 1504
19861 # 1504
19862 # 1504
19874 # 1504
19874 # 1504
19874 # 1504
19874 # 1504
19874 # 1504
19874 # 1504
19874 # 1504
19874 # 1504
19874 # 1504
19874 # 1504
19875 # 1504
19876 # 1504
19877 # 1504
19878 # 1504
19879 # 1504
19881 # 1504
19881 # 1504
19882 # 1504
19883 # 1504
19884 # 1504
19886 # 1504
19887 # 1504
19888 # 1504
19889 # 1504
19890 # 1504
19890 # 1504
19892 # 1504
19894 # 1504
19894 # 1504
19894 # 1504
19896 # 1504
19896 # 1504
19898 # 1504
19899 # 1504
19901 # 1504
19901 # 1504
19902 # 1504
19904 # 1504
19904 # 1504
19905 # 1504
19907 # 1504
19909 # 1504
19909 # 1504
19910 # 1504
19910 # 1504
19912 # 1504
19921 # 1504
19921 # 1504
19921 # 1504
19921 # 1504
19921 # 1504
19921 # 1504
19922 # 1504
19922 # 1504
19922 # 1504
19931 # 1504
19931 # 1504
19931 # 1504
19931 # 1504
19931 # 1504
19931 # 1504
19931 # 1504
19931 # 1504
19932 # 1504
19934 # 1504
19934 # 1504
19934 # 1504
19936 # 1504
19937 # 1504
19938 # 1504
19938 # 1504
19939 # 1504
19941 # 1504
19942 # 1504
19951 # 1504
19951 # 1504
19951 # 1504
19951 # 1504
19951 # 1504
19951 # 1504
19952 # 1504
19952 # 1504
19952 # 1504
19961 # 1504
19961 # 1504
19961 # 1504
19962 # 1504
19962 # 1504
19962 # 1504
19962 # 1504
19962 # 1504
19962 # 1504
19970 # 1504
19976 # 1504
19976 # 1504
19976 # 1504
19976 # 1504
19976 # 1504
19976 # 1504
19976 # 1504
19976 # 1504
19976 # 1504
19976 # 1504
19976 # 1504
19976 # 1504
19977 # 1504
19978 # 1504
19979 # 1504
19980 # 1504
19981 # 1504
19982 # 1504
19991 # 1504
19991 # 1504
19991 # 1504
19991 # 1504
19991 # 1504
19991 # 1504
19991 # 1504
19991 # 1504
19991 # 1504
19992 # 1504
19993 # 1504
19993 # 1504
19994 # 1504
19995 # 1504
19995 # 1504
19997 # 1504
19998 # 1504
19998 # 1504
20000 # 1504
20000 # 1504
20001 # 1504
20010 # 1504
20011 # 1504
20011 # 1504
20011 # 1504
20011 # 1504
20015 # 1504
20015 # 1504
20015 # 1504
20015 # 1504
20015 # 1504
20015 # 1504
20016 # 1504
20017 # 1504
20017 # 1504
20018 # 1504
20019 # 1504
20020 # 1504
20024 # 1504
20024 # 1504
20025 # 1504
20026 # 1504
20027 # 1504
20028 # 1504
20030 # 1504
20030 # 1504
20031 # 1504
20032 # 1504
20033 # 1504
20034 # 1504
20035 # 1504
20036 # 1504
20037 # 1504
20037 # 1504
20038 # 1504
20039 # 1504
20040 # 1504
20041 # 1504
20050 # 1504
20050 # 1504
20051 # 1504
20051 # 1504
20051 # 1504
20053 # 1504
20053 # 1504
20053 # 1504
20053 # 1504
20053 # 1504
20053 # 1504
20054 # 1504
20057 # 1504
20057 # 1504
20057 # 1504
20058 # 1504
20059 # 1504
20059 # 1504
20061 # 1504
20062 # 1504
20062 # 1504
20080 # 1504
20080 # 1504
20080 # 1504
20080 # 1504
20080 # 1504
20080 # 1504
20081 # 1504
20081 # 1504
20081 # 1504
20081 # 1504
20081 # 1504
20081 # 1504
20081 # 1504
20081 # 1504
20081 # 1504
20082 # 1504
20082 # 1504
20091 # 1504
20091 # 1504
20091 # 1504
20091 # 1504
20091 # 1504
20091 # 1504
20092 # 1504
20092 # 1504
20092 # 1504
20092 # 1504
20092 # 1504
20101 # 1504
20102 # 1504
20102 # 1504
20102 # 1504
20102 # 1504
20102 # 1504
20102 # 1504
20102 # 1504
20111 # 1504
20111 # 1504
20111 # 1504
20111 # 1504
20111 # 1504
20111 # 1504
20111 # 1504
20112 # 1504
20112 # 1504
20112 # 1504
20113 # 1504
20114 # 1504
20116 # 1504
20117 # 1504
20118 # 1504
20118 # 1504
20120 # 1504
20122 # 1504
20124 # 1504
20124 # 1504
20131 # 1504
20131 # 1504
20131 # 1504
20132 # 1504
20132 # 1504
20132 # 1504
20132 # 1504
20133 # 1504
20134 # 1504
20134 # 1504
20135 # 1504
20136 # 1504
20138 # 1504
20138 # 1504
20138 # 1504
20139 # 1504
20140 # 1504
20141 # 1504
20142 # 1504
20151 # 1504
20151 # 1504
20151 # 1504
20151 # 1504
20151 # 1504
20151 # 1504
20152 # 1504
20152 # 1504
20152 # 1504
20153 # 1504
20154 # 1504
20154 # 1504
20156 # 1504
20157 # 1504
20158 # 1504
20159 # 1504
20160 # 1504
20161 # 1504
20162 # 1504
20163 # 1504
20164 # 1504
20165 # 1504
20166 # 1504
20168 # 1504
20169 # 1504
20169 # 1504
20170 # 1504
20181 # 1504
20181 # 1504
20181 # 1504
20181 # 1504
20182 # 1504
20185 # 1504
20186 # 1504
20186 # 1504
20186 # 1504
20186 # 1504
20186 # 1504
20186 # 1504
20192 # 1504
20192 # 1504
20192 # 1504
20192 # 1504
20192 # 1504
20192 # 1504
20192 # 1504
20194 # 1504
20194 # 1504
20196 # 1504
20197 # 1504
20198 # 1504
20198 # 1504
20200 # 1504
20201 # 1504
20202 # 1504
20211 # 1504
20211 # 1504
20211 # 1504
20211 # 1504
20211 # 1504
20211 # 1504
20212 # 1504
20212 # 1504
20214 # 1504
20216 # 1504
20217 # 1504
20218 # 1504
20219 # 1504
20220 # 1504
20221 # 1504
20222 # 1504
20232 # 1504
20232 # 1504
20232 # 1504
20232 # 1504
20232 # 1504
20232 # 1504
20232 # 1504
20233 # 1504
20234 # 1504
20235 # 1504
20237 # 1504
20238 # 1504
20246 # 1504
20247 # 1504
20247 # 1504
20247 # 1504
20247 # 1504
20247 # 1504
20248 # 1504
20250 # 1504
20250 # 1504
20250 # 1504
20252 # 1504
20253 # 1504
20254 # 1504
20255 # 1504
20257 # 1504
20258 # 1504
20259 # 1504
20268 # 1504
20268 # 1504
20268 # 1504
20269 # 1504
20270 # 1504
20276 # 1504
20277 # 1504
20277 # 1504
20277 # 1504
20277 # 1504
20278 # 1504
20280 # 1504
20281 # 1504
20282 # 1504
20283 # 1504
20284 # 1504
20286 # 1504
20295 # 1504
20295 # 1504
20298 # 1504
20298 # 1504
20300 # 1504
20300 # 1504
20300 # 1504
20300 # 1504
20300 # 1504
20301 # 1504
20303 # 1504
20303 # 1504
20305 # 1504
20307 # 1504
20307 # 1504
20309 # 1504
20310 # 1504
20311 # 1504
20313 # 1504
20313 # 1504
20314 # 1504
20316 # 1504
20325 # 1504
20325 # 1504
20325 # 1504
20326 # 1504
20326 # 1504
20326 # 1504
20326 # 1504
20327 # 1504
20328 # 1504
20329 # 1504
20330 # 1504
20331 # 1504
20332 # 1504
20334 # 1504
20335 # 1504
20337 # 1504
20338 # 1504
20340 # 1504
20340 # 1504
20342 # 1504
20342 # 1504
20344 # 1504
20346 # 1504
20347 # 1504
20348 # 1504
20349 # 1504
20350 # 1504
20351 # 1504
20352 # 1504
20355 # 1504
20355 # 1504
20356 # 1504
20357 # 1504
20358 # 1504
20360 # 1504
20361 # 1504
20362 # 1504
20363 # 1504
20365 # 1504
20366 # 1504
20368 # 1504
20369 # 1504
20370 # 1504
20371 # 1504
20372 # 1504
20377 # 1504
20377 # 1504
20377 # 1504
20378 # 1504
20378 # 1504
20379 # 1504
20380 # 1504
20381 # 1504
20382 # 1504
20391 # 1504
20391 # 1504
20391 # 1504
20391 # 1504
20392 # 1504
20392 # 1504
20392 # 1504
20393 # 1504
20393 # 1504
20394 # 1504
20395 # 1504
20396 # 1504
20398 # 1504
20398 # 1504
20399 # 1504
20400 # 1504
20401 # 1504
20402 # 1504
20411 # 1504
20411 # 1504
20411 # 1504
20412 # 1504
20412 # 1504
20412 # 1504
20412 # 1504
20413 # 1504
20414 # 1504
20415 # 1504
20415 # 1504
20416 # 1504
20425 # 1504
20426 # 1504
20427 # 1504
20428 # 1504
20428 # 1504
20428 # 1504
20431 # 1504
20431 # 1504
20437 # 1504
20440 # 1504
20440 # 1504
20440 # 1504
20441 # 1504
20444 # 1504
20444 # 1504
20447 # 1504
20447 # 1504
20450 # 1504
20451 # 1504
20453 # 1504
20457 # 1504
20457 # 1504
20457 # 1504
20457 # 1504
20459 # 1504
20460 # 1504
20461 # 1504
20462 # 1504
20464 # 1504
20465 # 1504
20466 # 1504
20478 # 1504
20478 # 1504
20478 # 1504
20478 # 1504
20478 # 1504
20478 # 1504
20478 # 1504
20479 # 1504
20481 # 1504
20482 # 1504
20483 # 1504
20484 # 1504
20486 # 1504
20488 # 1504
20489 # 1504
20489 # 1504
20492 # 1504
20492 # 1504
20494 # 1504
20495 # 1504
20498 # 1504
20498 # 1504
20499 # 1504
20499 # 1504
20501 # 1504
20502 # 1504
20511 # 1504
20512 # 1504
20512 # 1504
20512 # 1504
20512 # 1504
20512 # 1504
20513 # 1504
20514 # 1504
20516 # 1504
20516 # 1504
20518 # 1504
20527 # 1504
20529 # 1504
20529 # 1504
20529 # 1504
20529 # 1504
20529 # 1504
20530 # 1504
20532 # 1504
20532 # 1504
20535 # 1504
20535 # 1504
20536 # 1504
20537 # 1504
20538 # 1504
20539 # 1504
20540 # 1504
20541 # 1504
20542 # 1504
20543 # 1504
20544 # 1504
20546 # 1504
20547 # 1504
20547 # 1504
20549 # 1504
20550 # 1504
20551 # 1504
20552 # 1504
20553 # 1504
20554 # 1504
20555 # 1504
20556 # 1504
20565 # 1504
20565 # 1504
20567 # 1504
20567 # 1504
20567 # 1504
20567 # 1504
20567 # 1504
20567 # 1504
20568 # 1504
20568 # 1504
20569 # 1504
20570 # 1504
20571 # 1504
20572 # 1504
20577 # 1504
20577 # 1504
20577 # 1504
20577 # 1504
20577 # 1504
20579 # 1504
20581 # 1504
20582 # 1504
20582 # 1504
20585 # 1504
20585 # 1504
20588 # 1504
20588 # 1504
20590 # 1504
20590 # 1504
20591 # 1504
20596 # 1504
20596 # 1504
20596 # 1504
20596 # 1504
20597 # 1504
20598 # 1504
20599 # 1504
20600 # 1504
20602 # 1504
20602 # 1504
20604 # 1504
20605 # 1504
20607 # 1504
20608 # 1504
20609 # 1504
20610 # 1504
20610 # 1504
20612 # 1504
20613 # 1504
20614 # 1504
20615 # 1504
20616 # 1504
20618 # 1504
20621 # 1504
20621 # 1504
20621 # 1504
20622 # 1504
20622 # 1504
20624 # 1504
20625 # 1504
20626 # 1504
20627 # 1504
20628 # 1504
20629 # 1504
20631 # 1504
20632 # 1504
20632 # 1504
20633 # 1504
20634 # 1504
20635 # 1504
20636 # 1504
20637 # 1504
20639 # 1504
20639 # 1504
20640 # 1504
20641 # 1504
20642 # 1504
20643 # 1504
20644 # 1504
20647 # 1504
20648 # 1504
20649 # 1504
20649 # 1504
20650 # 1504
20651 # 1504
20652 # 1504
20653 # 1504
20654 # 1504
20655 # 1504
20656 # 1504
20665 # 1504
20665 # 1504
20665 # 1504
20665 # 1504
20665 # 1504
20665 # 1504
20665 # 1504
20666 # 1504
20666 # 1504
20667 # 1504
20667 # 1504
20668 # 1504
20669 # 1504
20671 # 1504
20671 # 1504
20672 # 1504
20673 # 1504
20678 # 1504
20678 # 1504
20678 # 1504
20678 # 1504
20678 # 1504
20678 # 1504
20679 # 1504
20680 # 1504
20681 # 1504
20683 # 1504
20684 # 1504
20685 # 1504
20686 # 1504
20686 # 1504
20689 # 1504
20689 # 1504
20691 # 1504
20692 # 1504
20692 # 1504
20694 # 1504
20695 # 1504
20696 # 1504
20705 # 1504
20705 # 1504
20705 # 1504
20705 # 1504
20706 # 1504
20706 # 1504
20706 # 1504
20706 # 1504
20707 # 1504
20707 # 1504
20708 # 1504
20709 # 1504
20711 # 1504
20712 # 1504
20712 # 1504
20713 # 1504
20714 # 1504
20716 # 1504
20716 # 1504
20717 # 1504
20719 # 1504
20719 # 1504
20720 # 1504
20721 # 1504
20722 # 1504
20732 # 1504
20732 # 1504
20732 # 1504
20732 # 1504
20732 # 1504
20732 # 1504
20732 # 1504
20737 # 1504
20737 # 1504
20737 # 1504
20741 # 1504
20741 # 1504
20741 # 1504
20741 # 1504
20742 # 1504
20742 # 1504
20742 # 1504
20742 # 1504
20742 # 1504
20742 # 1504
20751 # 1504
20751 # 1504
20751 # 1504
20751 # 1504
20751 # 1504
20751 # 1504
20751 # 1504
20752 # 1504
20752 # 1504
20752 # 1504
20752 # 1504
20761 # 1504
20761 # 1504
20761 # 1504
20762 # 1504
20762 # 1504
20762 # 1504
20762 # 1504
20762 # 1504
20762 # 1504
20764 # 1504
20765 # 1504
20767 # 1504
20768 # 1504
20769 # 1504
20770 # 1504
20773 # 1504
20777 # 1504
20777 # 1504
20778 # 1504
20778 # 1504
20779 # 1504
20780 # 1504
20781 # 1504
20781 # 1504
20785 # 1504
20785 # 1504
20785 # 1504
20786 # 1504
20787 # 1504
20787 # 1504
20788 # 1504
20789 # 1504
20790 # 1504
20792 # 1504
20801 # 1504
20801 # 1504
20801 # 1504
20802 # 1504
20802 # 1504
20802 # 1504
20802 # 1504
20802 # 1504
20802 # 1504
20811 # 1504
20811 # 1504
20811 # 1504
20811 # 1504
20811 # 1504
20811 # 1504
20812 # 1504
20812 # 1504
20812 # 1504
20812 # 1504
20821 # 1504
20821 # 1504
20821 # 1504
20821 # 1504
20821 # 1504
20822 # 1504
20822 # 1504
20822 # 1504
20822 # 1504
20822 # 1504
20831 # 1504
20831 # 1504
20831 # 1504
20831 # 1504
20831 # 1504
20831 # 1504
20832 # 1504
20832 # 1504
20832 # 1504
20832 # 1504
20832 # 1504
20842 # 1504
20842 # 1504
20842 # 1504
20842 # 1504
20842 # 1504
20842 # 1504
20842 # 1504
20843 # 1504
20850 # 1504
20851 # 1504
20851 # 1504
20851 # 1504
20851 # 1504
20851 # 1504
20852 # 1504
20852 # 1504
20852 # 1504
20852 # 1504
20852 # 1504
20861 # 1504
20861 # 1504
20861 # 1504
20861 # 1504
20861 # 1504
20861 # 1504
20862 # 1504
20862 # 1504
20862 # 1504
20862 # 1504
20862 # 1504
20871 # 1504
20871 # 1504
20871 # 1504
20871 # 1504
20871 # 1504
20871 # 1504
20872 # 1504
20872 # 1504
20872 # 1504
20872 # 1504
20872 # 1504
20881 # 1504
20881 # 1504
20881 # 1504
20881 # 1504
20885 # 1504
20885 # 1504
20886 # 1504
20886 # 1504
20886 # 1504
20886 # 1504
20889 # 1504
20891 # 1504
20891 # 1504
20891 # 1504
20891 # 1504
20891 # 1504
20891 # 1504
20891 # 1504
20892 # 1504
20900 # 1504
20901 # 1504
20901 # 1504
20901 # 1504
20901 # 1504
20901 # 1504
20901 # 1504
20902 # 1504
20902 # 1504
20902 # 1504
20902 # 1504
20902 # 1504
20911 # 1504
20912 # 1504
20912 # 1504
20912 # 1504
20914 # 1504
20914 # 1504
20914 # 1504
20914 # 1504
20914 # 1504
20914 # 1504
20914 # 1504
20922 # 1504
20922 # 1504
20922 # 1504
20922 # 1504
20922 # 1504
20922 # 1504
20922 # 1504
20922 # 1504
20922 # 1504
20924 # 1504
20924 # 1504
20925 # 1504
20926 # 1504
20926 # 1504
20927 # 1504
20929 # 1504
20929 # 1504
20930 # 1504
20931 # 1504
20932 # 1504
20934 # 1504
20934 # 1504
20935 # 1504
20936 # 1504
20937 # 1504
20938 # 1504
20939 # 1504
20940 # 1504
20941 # 1504
20942 # 1504
20951 # 1504
20951 # 1504
20951 # 1504
20951 # 1504
20951 # 1504
20951 # 1504
20952 # 1504
20952 # 1504
20952 # 1504
20952 # 1504
20953 # 1504
20954 # 1504
20955 # 1504
20956 # 1504
20957 # 1504
20958 # 1504
20959 # 1504
20960 # 1504
20961 # 1504
20971 # 1504
20971 # 1504
20971 # 1504
20971 # 1504
20971 # 1504
20971 # 1504
20971 # 1504
20971 # 1504
20973 # 1504
20974 # 1504
20979 # 1504
20979 # 1504
20980 # 1504
20980 # 1504
20980 # 1504
20980 # 1504
20981 # 1504
20982 # 1504
20991 # 1504
20991 # 1504
20992 # 1504
20992 # 1504
20992 # 1504
20992 # 1504
20992 # 1504
20992 # 1504
20992 # 1504
20992 # 1504
20992 # 1504
21001 # 1504
21001 # 1504
21001 # 1504
21001 # 1504
21001 # 1504
21001 # 1504
21001 # 1504
21002 # 1504
21002 # 1504
21002 # 1504
21011 # 1504
21011 # 1504
21011 # 1504
21011 # 1504
21011 # 1504
21011 # 1504
21011 # 1504
21012 # 1504
21012 # 1504
21021 # 1504
21021 # 1504
21021 # 1504
21021 # 1504
21021 # 1504
21021 # 1504
21021 # 1504
21022 # 1504
21031 # 1504
21031 # 1504
21031 # 1504
21031 # 1504
21031 # 1504
21031 # 1504
21031 # 1504
21032 # 1504
21032 # 1504
21032 # 1504
21032 # 1504
21041 # 1504
21041 # 1504
21041 # 1504
21041 # 1504
21041 # 1504
21041 # 1504
21041 # 1504
21044 # 1504
21044 # 1504
21044 # 1504
21044 # 1504
21044 # 1504
21044 # 1504
21045 # 1504
21046 # 1504
21047 # 1504
21048 # 1504
21049 # 1504
21049 # 1504
21050 # 1504
21051 # 1504
21052 # 1504
21061 # 1504
21061 # 1504
21061 # 1504
21061 # 1504
21061 # 1504
21061 # 1504
21061 # 1504
21061 # 1504
21061 # 1504
21061 # 1504
21062 # 1504
21063 # 1504
21064 # 1504
21065 # 1504
21065 # 1504
21066 # 1504
21067 # 1504
21068 # 1504
21069 # 1504
21070 # 1504
21070 # 1504
21079 # 1504
21079 # 1504
21079 # 1504
21079 # 1504
21080 # 1504
21080 # 1504
21080 # 1504
21080 # 1504
21080 # 1504
21080 # 1504
21080 # 1504
21081 # 1504
21082 # 1504
21083 # 1504
21092 # 1504
21092 # 1504
21092 # 1504
21092 # 1504
21092 # 1504
21092 # 1504
21092 # 1504
21093 # 1504
21093 # 1504
21093 # 1504
21101 # 1504
21102 # 1504
21103 # 1504
21103 # 1504
21103 # 1504
21103 # 1504
21103 # 1504
21103 # 1504
21103 # 1504
21104 # 1504
21105 # 1504
21105 # 1504
21106 # 1504
21107 # 1504
21108 # 1504
21108 # 1504
21110 # 1504
21110 # 1504
21119 # 1504
21119 # 1504
21121 # 1504
21121 # 1504
21121 # 1504
21121 # 1504
21121 # 1504
21121 # 1504
21122 # 1504
21122 # 1504
21122 # 1504
21131 # 1504
21131 # 1504
21131 # 1504
21131 # 1504
21131 # 1504
21131 # 1504
21131 # 1504
21132 # 1504
21132 # 1504
21132 # 1504
21142 # 1504
21142 # 1504
21142 # 1504
21142 # 1504
21142 # 1504
21142 # 1504
21142 # 1504
21142 # 1504
21142 # 1504
21142 # 1504
21151 # 1504
21151 # 1504
21152 # 1504
21152 # 1504
21152 # 1504
21152 # 1504
21152 # 1504
21152 # 1504
21152 # 1504
21152 # 1504
21152 # 1504
21161 # 1504
21161 # 1504
21161 # 1504
21161 # 1504
21161 # 1504
21161 # 1504
21161 # 1504
21161 # 1504
21164 # 1504
21165 # 1504
21165 # 1504
21166 # 1504
21167 # 1504
21168 # 1504
21169 # 1504
21169 # 1504
21171 # 1504
21172 # 1504
21183 # 1504
21183 # 1504
21183 # 1504
21183 # 1504
21183 # 1504
21183 # 1504
21183 # 1504
21183 # 1504
21183 # 1504
21184 # 1504
21184 # 1504
21185 # 1504
21187 # 1504
21197 # 1504
21197 # 1504
21197 # 1504
21197 # 1504
21197 # 1504
21198 # 1504
21201 # 1504
21202 # 1504
21202 # 1504
21202 # 1504
21202 # 1504
21202 # 1504
21202 # 1504
21202 # 1504
21203 # 1504
21211 # 1504
21211 # 1504
21211 # 1504
21211 # 1504
21211 # 1504
21211 # 1504
21211 # 1504
21211 # 1504
21211 # 1504
21212 # 1504
21212 # 1504
21221 # 1504
21221 # 1504
21221 # 1504
21221 # 1504
21221 # 1504
21222 # 1504
21222 # 1504
21222 # 1504
21222 # 1504
21222 # 1504
21231 # 1504
21231 # 1504
21231 # 1504
21231 # 1504
21231 # 1504
21231 # 1504
21232 # 1504
21232 # 1504
21232 # 1504
21232 # 1504
21242 # 1504
21242 # 1504
21242 # 1504
21242 # 1504
21242 # 1504
21242 # 1504
21242 # 1504
21242 # 1504
21248 # 1504
21248 # 1504
21248 # 1504
21251 # 1504
21251 # 1504
21251 # 1504
21251 # 1504
21251 # 1504
21251 # 1504
21252 # 1504
21252 # 1504
21252 # 1504
21261 # 1504
21261 # 1504
21262 # 1504
21262 # 1504
21262 # 1504
21262 # 1504
21262 # 1504
21262 # 1504
21268 # 1504
21268 # 1504
21271 # 1504
21273 # 1504
21274 # 1504
21274 # 1504
21274 # 1504
21274 # 1504
21274 # 1504
21282 # 1504
21282 # 1504
21282 # 1504
21282 # 1504
21282 # 1504
21282 # 1504
21282 # 1504
21282 # 1504
21282 # 1504
21282 # 1504
21291 # 1504
21291 # 1504
21291 # 1504
21291 # 1504
21291 # 1504
21291 # 1504
21291 # 1504
21291 # 1504
21292 # 1504
21301 # 1504
21301 # 1504
21301 # 1504
21301 # 1504
21301 # 1504
21301 # 1504
21301 # 1504
21301 # 1504
21302 # 1504
21302 # 1504
21302 # 1504
21302 # 1504
21310 # 1504
21312 # 1504
21312 # 1504
21312 # 1504
21312 # 1504
21312 # 1504
21312 # 1504
21312 # 1504
21312 # 1504
21312 # 1504
21321 # 1504
21321 # 1504
21322 # 1504
21322 # 1504
21322 # 1504
21322 # 1504
21322 # 1504
21322 # 1504
21322 # 1504
21322 # 1504
21322 # 1504
21331 # 1504
21331 # 1504
21331 # 1504
21331 # 1504
21332 # 1504
21332 # 1504
21332 # 1504
21332 # 1504
21332 # 1504
21332 # 1504
21332 # 1504
21342 # 1504
21342 # 1504
21342 # 1504
21342 # 1504
21342 # 1504
21342 # 1504
21342 # 1504
21342 # 1504
21342 # 1504
21342 # 1504
21342 # 1504
21351 # 1504
21351 # 1504
21351 # 1504
21351 # 1504
21351 # 1504
21351 # 1504
21352 # 1504
21352 # 1504
21352 # 1504
21361 # 1504
21361 # 1504
21361 # 1504
21361 # 1504
21361 # 1504
21361 # 1504
21361 # 1504
21362 # 1504
21367 # 1504
21367 # 1504
21367 # 1504
21371 # 1504
21371 # 1504
21371 # 1504
21371 # 1504
21371 # 1504
21371 # 1504
21371 # 1504
21372 # 1504
21381 # 1504
21381 # 1504
21381 # 1504
21381 # 1504
21381 # 1504
21381 # 1504
21381 # 1504
21381 # 1504
21382 # 1504
21382 # 1504
21391 # 1504
21391 # 1504
21391 # 1504
21391 # 1504
21391 # 1504
21391 # 1504
21391 # 1504
21391 # 1504
21391 # 1504
21392 # 1504
21401 # 1504
21401 # 1504
21401 # 1504
21401 # 1504
21401 # 1504
21402 # 1504
21402 # 1504
21402 # 1504
21402 # 1504
21402 # 1504
21402 # 1504
21402 # 1504
21411 # 1504
21411 # 1504
21411 # 1504
21411 # 1504
21411 # 1504
21411 # 1504
21411 # 1504
21412 # 1504
21412 # 1504
21412 # 1504
21412 # 1504
21421 # 1504
21421 # 1504
21421 # 1504
21421 # 1504
21421 # 1504
21421 # 1504
21422 # 1504
21422 # 1504
21422 # 1504
21422 # 1504
21422 # 1504
21431 # 1504
21431 # 1504
21431 # 1504
21431 # 1504
21431 # 1504
21431 # 1504
21431 # 1504
21432 # 1504
21432 # 1504
21432 # 1504
21441 # 1504
21442 # 1504
21442 # 1504
21442 # 1504
21442 # 1504
21442 # 1504
21442 # 1504
21442 # 1504
21442 # 1504
21442 # 1504
21442 # 1504
21443 # 1504
21445 # 1504
21445 # 1504
21445 # 1504
21446 # 1504
21447 # 1504
21448 # 1504
21449 # 1504
21450 # 1504
21450 # 1504
21459 # 1504
21459 # 1504
21461 # 1504
21461 # 1504
21461 # 1504
21461 # 1504
21461 # 1504
21462 # 1504
21462 # 1504
21462 # 1504
21462 # 1504
21462 # 1504
21462 # 1504
21472 # 1504
21472 # 1504
21472 # 1504
21472 # 1504
21472 # 1504
21472 # 1504
21472 # 1504
21472 # 1504
21483 # 1504
21483 # 1504
21483 # 1504
21483 # 1504
21483 # 1504
21483 # 1504
21483 # 1504
21483 # 1504
21483 # 1504
21483 # 1504
21484 # 1504
21484 # 1504
21484 # 1504
21484 # 1504
21484 # 1504
21484 # 1504
21486 # 1504
21486 # 1504
21487 # 1504
21488 # 1504
21488 # 1504
21489 # 1504
21490 # 1504
21492 # 1504
21492 # 1504
21501 # 1504
21501 # 1504
21501 # 1504
21501 # 1504
21501 # 1504
21502 # 1504
21502 # 1504
21502 # 1504
21502 # 1504
21502 # 1504
21502 # 1504
21502 # 1504
21511 # 1504
21511 # 1504
21511 # 1504
21511 # 1504
21511 # 1504
21511 # 1504
21516 # 1504
21516 # 1504
21518 # 1504
21521 # 1504
21521 # 1504
21521 # 1504
21523 # 1504
21523 # 1504
21524 # 1504
21524 # 1504
21524 # 1504
21534 # 1504
21534 # 1504
21534 # 1504
21534 # 1504
21534 # 1504
21534 # 1504
21534 # 1504
21534 # 1504
21534 # 1504
21534 # 1504
21541 # 1504
21541 # 1504
21541 # 1504
21541 # 1504
21542 # 1504
21542 # 1504
21542 # 1504
21542 # 1504
21542 # 1504
21542 # 1504
21542 # 1504
21543 # 1504
21543 # 1504
21544 # 1504
21544 # 1504
21545 # 1504
21547 # 1504
21547 # 1504
21547 # 1504
21549 # 1504
21550 # 1504
21550 # 1504
21550 # 1504
21552 # 1504
21561 # 1504
21561 # 1504
21561 # 1504
21561 # 1504
21561 # 1504
21561 # 1504
21562 # 1504
21562 # 1504
21562 # 1504
21568 # 1504
21568 # 1504
21568 # 1504
21571 # 1504
21571 # 1504
21571 # 1504
21571 # 1504
21571 # 1504
21571 # 1504
21572 # 1504
21572 # 1504
21572 # 1504
21581 # 1504
21581 # 1504
21581 # 1504
21581 # 1504
21581 # 1504
21581 # 1504
21582 # 1504
21582 # 1504
21582 # 1504
21582 # 1504
21582 # 1504
21583 # 1504
21584 # 1504
21585 # 1504
21585 # 1504
21587 # 1504
21587 # 1504
21588 # 1504
21589 # 1504
21589 # 1504
21590 # 1504
21591 # 1504
21592 # 1504
21601 # 1504
21601 # 1504
21601 # 1504
21601 # 1504
21601 # 1504
21601 # 1504
21602 # 1504
21603 # 1504
21603 # 1504
21603 # 1504
21603 # 1504
21612 # 1504
21612 # 1504
21612 # 1504
21612 # 1504
21612 # 1504
21612 # 1504
21612 # 1504
21612 # 1504
21612 # 1504
21619 # 1504
21619 # 1504
21619 # 1504
21621 # 1504
21621 # 1504
21621 # 1504
21624 # 1504
21624 # 1504
21624 # 1504
21624 # 1504
21624 # 1504
21624 # 1504
21624 # 1504
21624 # 1504
21625 # 1504
21626 # 1504
21626 # 1504
21627 # 1504
21628 # 1504
21630 # 1504
21630 # 1504
21630 # 1504
21639 # 1504
21639 # 1504
21639 # 1504
21641 # 1504
21641 # 1504
21641 # 1504
21641 # 1504
21641 # 1504
21642 # 1504
21642 # 1504
21642 # 1504
21642 # 1504
21642 # 1504
21651 # 1504
21651 # 1504
21651 # 1504
21651 # 1504
21652 # 1504
21652 # 1504
21652 # 1504
21652 # 1504
21652 # 1504
21652 # 1504
21652 # 1504
21661 # 1504
21661 # 1504
21661 # 1504
21661 # 1504
21661 # 1504
21661 # 1504
21662 # 1504
21662 # 1504
21662 # 1504
21662 # 1504
21662 # 1504
21662 # 1504
21671 # 1504
21671 # 1504
21671 # 1504
21671 # 1504
21671 # 1504
21671 # 1504
21671 # 1504
21672 # 1504
21672 # 1504
21672 # 1504
21672 # 1504
21672 # 1504
21686 # 1504
21686 # 1504
21686 # 1504
21686 # 1504
21686 # 1504
21686 # 1504
21687 # 1504
21687 # 1504
21687 # 1504
21691 # 1504
21691 # 1504
21691 # 1504
21691 # 1504
21691 # 1504
21692 # 1504
21692 # 1504
21692 # 1504
21692 # 1504
21692 # 1504
21702 # 1504
21702 # 1504
21702 # 1504
21702 # 1504
21702 # 1504
21702 # 1504
21702 # 1504
21702 # 1504
21702 # 1504
21702 # 1504
21702 # 1504
21702 # 1504
21711 # 1504
21711 # 1504
21711 # 1504
21712 # 1504
21714 # 1504
21714 # 1504
21714 # 1504
21714 # 1504
21714 # 1504
21714 # 1504
21714 # 1504
21721 # 1504
21721 # 1504
21721 # 1504
21722 # 1504
21722 # 1504
21722 # 1504
21722 # 1504
21722 # 1504
21722 # 1504
21722 # 1504
21722 # 1504
21722 # 1504
21731 # 1504
21731 # 1504
21731 # 1504
21731 # 1504
21731 # 1504
21735 # 1504
21735 # 1504
21735 # 1504
21735 # 1504
21735 # 1504
21735 # 1504
21736 # 1504
21741 # 1504
21741 # 1504
21741 # 1504
21741 # 1504
21742 # 1504
21742 # 1504
21742 # 1504
21742 # 1504
21742 # 1504
21742 # 1504
21750 # 1504
21750 # 1504
21751 # 1504
21751 # 1504
21752 # 1504
21752 # 1504
21752 # 1504
21752 # 1504
21752 # 1504
21752 # 1504
21752 # 1504
21752 # 1504
21761 # 1504
21761 # 1504
21761 # 1504
21761 # 1504
21761 # 1504
21761 # 1504
21761 # 1504
21762 # 1504
21767 # 1504
21767 # 1504
21767 # 1504
21771 # 1504
21771 # 1504
21772 # 1504
21772 # 1504
21772 # 1504
21777 # 1504
21777 # 1504
21779 # 1504
21784 # 1504
21787 # 1504
21787 # 1504
21787 # 1504
21787 # 1504
21787 # 1504
21787 # 1504
21787 # 1504
21787 # 1504
21787 # 1504
21788 # 1504
21789 # 1504
21790 # 1504
21790 # 1504
21791 # 1504
21793 # 1504
21794 # 1504
21794 # 1504
21795 # 1504
21796 # 1504
21796 # 1504
21797 # 1504
21798 # 1504
21799 # 1504
21799 # 1504
21800 # 1504
21801 # 1504
21802 # 1504
21802 # 1504
21803 # 1504
21804 # 1504
21805 # 1504
21806 # 1504
21815 # 1504
21815 # 1504
21815 # 1504
21815 # 1504
21816 # 1504
21816 # 1504
21816 # 1504
21816 # 1504
21816 # 1504
21816 # 1504
21816 # 1504
21816 # 1504
21817 # 1504
21819 # 1504
21819 # 1504
21819 # 1504
21820 # 1504
21821 # 1504
21821 # 1504
21822 # 1504
21824 # 1504
21824 # 1504
21825 # 1504
21826 # 1504
21826 # 1504
21828 # 1504
21829 # 1504
21829 # 1504
21829 # 1504
21830 # 1504
21831 # 1504
21832 # 1504
21832 # 1504
21833 # 1504
21833 # 1504
21834 # 1504
21835 # 1504
21836 # 1504
21837 # 1504
21837 # 1504
21838 # 1504
21839 # 1504
21839 # 1504
21840 # 1504
21841 # 1504
21842 # 1504
21842 # 1504
21843 # 1504
21844 # 1504
21845 # 1504
21846 # 1504
21846 # 1504
21847 # 1504
21849 # 1504
21849 # 1504
21849 # 1504
21850 # 1504
21851 # 1504
21851 # 1504
21852 # 1504
21853 # 1504
21854 # 1504
21854 # 1504
21855 # 1504
21856 # 1504
21857 # 1504
21858 # 1504
21858 # 1504
21859 # 1504
21859 # 1504
21860 # 1504
21861 # 1504
21861 # 1504
21862 # 1504
21863 # 1504
21864 # 1504
21865 # 1504
21865 # 1504
21867 # 1504
21867 # 1504
21868 # 1504
21869 # 1504
21869 # 1504
21870 # 1504
21871 # 1504
21871 # 1504
21872 # 1504
21873 # 1504
21874 # 1504
21875 # 1504
21875 # 1504
21876 # 1504
21876 # 1504
21877 # 1504
21878 # 1504
21878 # 1504
21879 # 1504
21886 # 1504
21886 # 1504
21886 # 1504
21886 # 1504
21886 # 1504
21886 # 1504
21886 # 1504
21886 # 1504
21886 # 1504
21887 # 1504
21888 # 1504
21889 # 1504
21890 # 1504
21890 # 1504
21891 # 1504
21892 # 1504
21892 # 1504
21893 # 1504
21902 # 1504
21902 # 1504
21902 # 1504
21902 # 1504
21902 # 1504
21907 # 1504
21907 # 1504
21907 # 1504
21907 # 1504
21907 # 1504
21907 # 1504
21907 # 1504
21907 # 1504
21908 # 1504
21917 # 1504
21917 # 1504
21917 # 1504
21917 # 1504
21917 # 1504
21917 # 1504
21917 # 1504
21917 # 1504
21917 # 1504
21917 # 1504
21918 # 1504
21919 # 1504
21919 # 1504
21920 # 1504
21921 # 1504
21922 # 1504
21922 # 1504
21922 # 1504
21924 # 1504
21924 # 1504
21927 # 1504
21927 # 1504
21927 # 1504
21928 # 1504
21929 # 1504
21929 # 1504
21930 # 1504
21931 # 1504
21933 # 1504
21933 # 1504
21934 # 1504
21935 # 1504
21935 # 1504
21936 # 1504
21937 # 1504
21939 # 1504
21939 # 1504
21939 # 1504
21940 # 1504
21941 # 1504
21942 # 1504
21943 # 1504
21943 # 1504
21944 # 1504
21954 # 1504
21954 # 1504
21954 # 1504
21954 # 1504
21954 # 1504
21954 # 1504
21954 # 1504
21954 # 1504
21954 # 1504
21954 # 1504
21954 # 1504
21954 # 1504
21955 # 1504
21956 # 1504
21957 # 1504
21958 # 1504
21959 # 1504
21959 # 1504
21960 # 1504
21961 # 1504
21962 # 1504
21962 # 1504
21963 # 1504
21965 # 1504
21965 # 1504
21967 # 1504
21975 # 1504
21975 # 1504
21975 # 1504
21975 # 1504
21975 # 1504
21975 # 1504
21976 # 1504
21976 # 1504
21976 # 1504
21976 # 1504
21976 # 1504
21977 # 1504
21977 # 1504
21978 # 1504
21979 # 1504
21980 # 1504
21980 # 1504
21984 # 1504
21984 # 1504
21985 # 1504
21985 # 1504
21985 # 1504
21985 # 1504
21986 # 1504
21986 # 1504
21987 # 1504
21988 # 1504
21989 # 1504
21989 # 1504
21990 # 1504
21991 # 1504
21991 # 1504
21992 # 1504
21993 # 1504
21994 # 1504
21994 # 1504
21995 # 1504
21996 # 1504
21997 # 1504
21997 # 1504
21998 # 1504
21998 # 1504
21999 # 1504
22000 # 1504
22001 # 1504
22001 # 1504
22010 # 1504
22010 # 1504
22010 # 1504
22010 # 1504
22010 # 1504
22011 # 1504
22015 # 1504
22015 # 1504
22016 # 1504
22016 # 1504
22016 # 1504
22016 # 1504
22024 # 1504
22024 # 1504
22024 # 1504
22024 # 1504
22025 # 1504
22029 # 1504
22029 # 1504
22030 # 1504
22031 # 1504
22031 # 1504
22031 # 1504
22036 # 1504
22036 # 1504
22036 # 1504
22036 # 1504
22036 # 1504
22036 # 1504
22036 # 1504
22037 # 1504
22037 # 1504
22038 # 1504
22039 # 1504
22040 # 1504
22041 # 1504
22042 # 1504
22042 # 1504
22043 # 1504
22044 # 1504
22045 # 1504
22046 # 1504
22046 # 1504
22047 # 1504
22048 # 1504
22049 # 1504
22050 # 1504
22050 # 1504
22051 # 1504
22051 # 1504
22052 # 1504
22061 # 1504
22061 # 1504
22061 # 1504
22062 # 1504
22062 # 1504
22062 # 1504
22062 # 1504
22062 # 1504
22062 # 1504
22062 # 1504
22062 # 1504
22062 # 1504
22062 # 1504
22063 # 1504
22064 # 1504
22064 # 1504
22065 # 1504
22066 # 1504
22067 # 1504
22069 # 1504
22069 # 1504
22069 # 1504
22070 # 1504
22071 # 1504
22072 # 1504
22072 # 1504
22073 # 1504
22074 # 1504
22074 # 1504
22085 # 1504
22085 # 1504
22085 # 1504
22085 # 1504
22085 # 1504
22085 # 1504
22085 # 1504
22085 # 1504
22090 # 1504
22090 # 1504
22090 # 1504
22090 # 1504
22090 # 1504
22090 # 1504
22091 # 1504
22091 # 1504
22091 # 1504
22091 # 1504
22091 # 1504
22092 # 1504
22093 # 1504
22093 # 1504
22094 # 1504
22095 # 1504
22095 # 1504
22096 # 1504
22097 # 1504
22098 # 1504
22098 # 1504
22099 # 1504
22100 # 1504
22100 # 1504
22101 # 1504
22102 # 1504
22104 # 1504
22104 # 1504
22104 # 1504
22106 # 1504
22107 # 1504
22107 # 1504
22108 # 1504
22109 # 1504
22109 # 1504
22118 # 1504
22118 # 1504
22118 # 1504
22118 # 1504
22118 # 1504
22118 # 1504
22118 # 1504
22119 # 1504
22119 # 1504
22119 # 1504
22119 # 1504
22120 # 1504
22121 # 1504
22122 # 1504
22122 # 1504
22123 # 1504
22132 # 1504
22132 # 1504
22134 # 1504
22134 # 1504
22136 # 1504
22136 # 1504
22136 # 1504
22136 # 1504
22136 # 1504
22141 # 1504
22141 # 1504
22142 # 1504
22142 # 1504
22142 # 1504
22142 # 1504
22147 # 1504
22147 # 1504
22148 # 1504
22148 # 1504
22148 # 1504
22148 # 1504
22148 # 1504
22148 # 1504
22148 # 1504
22148 # 1504
22149 # 1504
22157 # 1504
22158 # 1504
22158 # 1504
22158 # 1504
22158 # 1504
22158 # 1504
22158 # 1504
22158 # 1504
22164 # 1504
22165 # 1504
22165 # 1504
22165 # 1504
22168 # 1504
22168 # 1504
22168 # 1504
22168 # 1504
22168 # 1504
22168 # 1504
22168 # 1504
22169 # 1504
22169 # 1504
22170 # 1504
22171 # 1504
22173 # 1504
22174 # 1504
22174 # 1504
22174 # 1504
22175 # 1504
22176 # 1504
22177 # 1504
22178 # 1504
22178 # 1504
22187 # 1504
22187 # 1504
22187 # 1504
22187 # 1504
22187 # 1504
22187 # 1504
22187 # 1504
22188 # 1504
22188 # 1504
22189 # 1504
22189 # 1504
22189 # 1504
22198 # 1504
22199 # 1504
22199 # 1504
22200 # 1504
22200 # 1504
22203 # 1504
22203 # 1504
22203 # 1504
22204 # 1504
22204 # 1504
22204 # 1504
22204 # 1504
22204 # 1504
22213 # 1504
22213 # 1504
22213 # 1504
22213 # 1504
22216 # 1504
22216 # 1504
22216 # 1504
22216 # 1504
22216 # 1504
22216 # 1504
22216 # 1504
22216 # 1504
22225 # 1504
22225 # 1504
22225 # 1504
22225 # 1504
22230 # 1504
22230 # 1504
22230 # 1504
22230 # 1504
22230 # 1504
22230 # 1504
22230 # 1504
22230 # 1504
22237 # 1504
22238 # 1504
22238 # 1504
22238 # 1504
22241 # 1504
22242 # 1504
22242 # 1504
22242 # 1504
22242 # 1504
22242 # 1504
22242 # 1504
22251 # 1504
22251 # 1504
22251 # 1504
22254 # 1504
22254 # 1504
22254 # 1504
22254 # 1504
22254 # 1504
22254 # 1504
22261 # 1504
22261 # 1504
22261 # 1504
22261 # 1504
22261 # 1504
22268 # 1504
22268 # 1504
22273 # 1504
22273 # 1504
22273 # 1504
22273 # 1504
22275 # 1504
22277 # 1504
22286 # 1504
22286 # 1504
22286 # 1504
22286 # 1504
22286 # 1504
22286 # 1504
22287 # 1504
22288 # 1504
22290 # 1504
22290 # 1504
22300 # 1504
22300 # 1504
22300 # 1504
22300 # 1504
22300 # 1504
22300 # 1504
22301 # 1504
22301 # 1504
22301 # 1504
22302 # 1504
22303 # 1504
22305 # 1504
22305 # 1504
22306 # 1504
22307 # 1504
22308 # 1504
22308 # 1504
22309 # 1504
22310 # 1504
22311 # 1504
22312 # 1504
22321 # 1504
22321 # 1504
22321 # 1504
22321 # 1504
22321 # 1504
22321 # 1504
22321 # 1504
22323 # 1504
22324 # 1504
22325 # 1504
22327 # 1504
22328 # 1504
22329 # 1504
22330 # 1504
22331 # 1504
22332 # 1504
22333 # 1504
22334 # 1504
22336 # 1504
22336 # 1504
22338 # 1504
22339 # 1504
22339 # 1504
22341 # 1504
22341 # 1504
22343 # 1504
22345 # 1504
22346 # 1504
22347 # 1504
22348 # 1504
22349 # 1504
22350 # 1504
22352 # 1504
22353 # 1504
22354 # 1504
22356 # 1504
22358 # 1504
22358 # 1504
22359 # 1504
22361 # 1504
22361 # 1504
22363 # 1504
22364 # 1504
22365 # 1504
22366 # 1504
22368 # 1504
22369 # 1504
22370 # 1504
22370 # 1504
22381 # 1504
22381 # 1504
22381 # 1504
22382 # 1504
22382 # 1504
22382 # 1504
22382 # 1504
22382 # 1504
22382 # 1504
22389 # 1504
22389 # 1504
22389 # 1504
22389 # 1504
22389 # 1504
22389 # 1504
22390 # 1504
22390 # 1504
22391 # 1504
22408 # 1504
22408 # 1504
22409 # 1504
22409 # 1504
22409 # 1504
22409 # 1504
22409 # 1504
22409 # 1504
22409 # 1504
22409 # 1504
22409 # 1504
22409 # 1504
22409 # 1504
22409 # 1504
22410 # 1504
22410 # 1504
22418 # 1504
22418 # 1504
22418 # 1504
22418 # 1504
22418 # 1504
22418 # 1504
22418 # 1504
22419 # 1504
22419 # 1504
22419 # 1504
22420 # 1504
22421 # 1504
22422 # 1504
22424 # 1504
22424 # 1504
22425 # 1504
22425 # 1504
22427 # 1504
22428 # 1504
22429 # 1504
22430 # 1504
22430 # 1504
22439 # 1504
22440 # 1504
22441 # 1504
22441 # 1504
22441 # 1504
22441 # 1504
22441 # 1504
22441 # 1504
22441 # 1504
22441 # 1504
22442 # 1504
22442 # 1504
22444 # 1504
22445 # 1504
22454 # 1504
22454 # 1504
22455 # 1504
22455 # 1504
22455 # 1504
22455 # 1504
22455 # 1504
22455 # 1504
22455 # 1504
22456 # 1504
22457 # 1504
22457 # 1504
22458 # 1504
22458 # 1504
22460 # 1504
22462 # 1504
22462 # 1504
22463 # 1504
22464 # 1504
22465 # 1504
22466 # 1504
22467 # 1504
22467 # 1504
22468 # 1504
22469 # 1504
22470 # 1504
22471 # 1504
22472 # 1504
22473 # 1504
22474 # 1504
22475 # 1504
22476 # 1504
22477 # 1504
22477 # 1504
22479 # 1504
22480 # 1504
22480 # 1504
22481 # 1504
22490 # 1504
22490 # 1504
22490 # 1504
22490 # 1504
22490 # 1504
22491 # 1504
22491 # 1504
22491 # 1504
22491 # 1504
22491 # 1504
22492 # 1504
22494 # 1504
22494 # 1504
22495 # 1504
22496 # 1504
22497 # 1504
22497 # 1504
22498 # 1504
22501 # 1504
22501 # 1504
22501 # 1504
22502 # 1504
22503 # 1504
22504 # 1504
22505 # 1504
22514 # 1504
22516 # 1504
22516 # 1504
22518 # 1504
22519 # 1504
22521 # 1504
22521 # 1504
22521 # 1504
22525 # 1504
22530 # 1504
22533 # 1504
22533 # 1504
22535 # 1504
22535 # 1504
22535 # 1504
22535 # 1504
22535 # 1504
22535 # 1504
22536 # 1504
22536 # 1504
22537 # 1504
22538 # 1504
22540 # 1504
22541 # 1504
22541 # 1504
22543 # 1504
22543 # 1504
22544 # 1504
22544 # 1504
22546 # 1504
22548 # 1504
22548 # 1504
22549 # 1504
22550 # 1504
22551 # 1504
22552 # 1504
22553 # 1504
22554 # 1504
22556 # 1504
22557 # 1504
22558 # 1504
22559 # 1504
22560 # 1504
22560 # 1504
22562 # 1504
22563 # 1504
22564 # 1504
22565 # 1504
22566 # 1504
22567 # 1504
22568 # 1504
22568 # 1504
22569 # 1504
22570 # 1504
22571 # 1504
22572 # 1504
22573 # 1504
22574 # 1504
22575 # 1504
22576 # 1504
22577 # 1504
22578 # 1504
22579 # 1504
22589 # 1504
22589 # 1504
22589 # 1504
22589 # 1504
22589 # 1504
22589 # 1504
22589 # 1504
22589 # 1504
22589 # 1504
22591 # 1504
22591 # 1504
22592 # 1504
22592 # 1504
22593 # 1504
22595 # 1504
22603 # 1504
22604 # 1504
22604 # 1504
22604 # 1504
22604 # 1504
22604 # 1504
22604 # 1504
22604 # 1504
22605 # 1504
22605 # 1504
22605 # 1504
22606 # 1504
22607 # 1504
22609 # 1504
22609 # 1504
22610 # 1504
22611 # 1504
22620 # 1504
22620 # 1504
22620 # 1504
22620 # 1504
22620 # 1504
22620 # 1504
22620 # 1504
22620 # 1504
22621 # 1504
22622 # 1504
22622 # 1504
22624 # 1504
22625 # 1504
22625 # 1504
22626 # 1504
22628 # 1504
22629 # 1504
22630 # 1504
22631 # 1504
22632 # 1504
22633 # 1504
22634 # 1504
22635 # 1504
22636 # 1504
22637 # 1504
22638 # 1504
22639 # 1504
22640 # 1504
22641 # 1504
22642 # 1504
22643 # 1504
22644 # 1504
22645 # 1504
22646 # 1504
22647 # 1504
22658 # 1504
22658 # 1504
22658 # 1504
22658 # 1504
22658 # 1504
22658 # 1504
22658 # 1504
22658 # 1504
22658 # 1504
22660 # 1504
22660 # 1504
22661 # 1504
22662 # 1504
22664 # 1504
22666 # 1504
22666 # 1504
22667 # 1504
22667 # 1504
22668 # 1504
22669 # 1504
22670 # 1504
22671 # 1504
22672 # 1504
22673 # 1504
22674 # 1504
22674 # 1504
22676 # 1504
22677 # 1504
22678 # 1504
22678 # 1504
22679 # 1504
22680 # 1504
22681 # 1504
22682 # 1504
22683 # 1504
22684 # 1504
22688 # 1504
22688 # 1504
22688 # 1504
22688 # 1504
22689 # 1504
22690 # 1504
22691 # 1504
22692 # 1504
22693 # 1504
22694 # 1504
22696 # 1504
22705 # 1504
22705 # 1504
22705 # 1504
22707 # 1504
22709 # 1504
22709 # 1504
22710 # 1504
22711 # 1504
22712 # 1504
22712 # 1504
22712 # 1504
22721 # 1504
22722 # 1504
22722 # 1504
22724 # 1504
22725 # 1504
22726 # 1504
22726 # 1504
22728 # 1504
22731 # 1504
22731 # 1504
22731 # 1504
22738 # 1504
22738 # 1504
22738 # 1504
22738 # 1504
22738 # 1504
22738 # 1504
22739 # 1504
22748 # 1504
22748 # 1504
22748 # 1504
22748 # 1504
22748 # 1504
22754 # 1504
22754 # 1504
22754 # 1504
22754 # 1504
22754 # 1504
22754 # 1504
22755 # 1504
22756 # 1504
22758 # 1504
22760 # 1504
22761 # 1504
22762 # 1504
22776 # 1504
22776 # 1504
22776 # 1504
22776 # 1504
22776 # 1504
22776 # 1504
22777 # 1504
22778 # 1504
22779 # 1504
22781 # 1504
22782 # 1504
22783 # 1504
22784 # 1504
22788 # 1504
22788 # 1504
22789 # 1504
22789 # 1504
22790 # 1504
22792 # 1504
22793 # 1504
22794 # 1504
22795 # 1504
22797 # 1504
22798 # 1504
22799 # 1504
22800 # 1504
22801 # 1504
22802 # 1504
22805 # 1504
22806 # 1504
22807 # 1504
22808 # 1504
22810 # 1504
22810 # 1504
22810 # 1504
22812 # 1504
22813 # 1504
22814 # 1504
22815 # 1504
22816 # 1504
22817 # 1504
22818 # 1504
22820 # 1504
22821 # 1504
22822 # 1504
22823 # 1504
22824 # 1504
22825 # 1504
22826 # 1504
22826 # 1504
22836 # 1504
22836 # 1504
22836 # 1504
22836 # 1504
22837 # 1504
22837 # 1504
22837 # 1504
22837 # 1504
22837 # 1504
22837 # 1504
22838 # 1504
22839 # 1504
22840 # 1504
22841 # 1504
22842 # 1504
22844 # 1504
22845 # 1504
22845 # 1504
22846 # 1504
22848 # 1504
22848 # 1504
22849 # 1504
22849 # 1504
22850 # 1504
22853 # 1504
22853 # 1504
22853 # 1504
22855 # 1504
22855 # 1504
22855 # 1504
22857 # 1504
22858 # 1504
22860 # 1504
22860 # 1504
22861 # 1504
22862 # 1504
22863 # 1504
22864 # 1504
22865 # 1504
22867 # 1504
22867 # 1504
22868 # 1504
22869 # 1504
22870 # 1504
22870 # 1504
22871 # 1504
22872 # 1504
22873 # 1504
22874 # 1504
22875 # 1504
22876 # 1504
22877 # 1504
22878 # 1504
22878 # 1504
22879 # 1504
22880 # 1504
22881 # 1504
22890 # 1504
22890 # 1504
22890 # 1504
22890 # 1504
22890 # 1504
22890 # 1504
22890 # 1504
22890 # 1504
22890 # 1504
22891 # 1504
22892 # 1504
22893 # 1504
22894 # 1504
22894 # 1504
22895 # 1504
22896 # 1504
22898 # 1504
22898 # 1504
22898 # 1504
22899 # 1504
22899 # 1504
22908 # 1504
22908 # 1504
22909 # 1504
22909 # 1504
22909 # 1504
22909 # 1504
22909 # 1504
22909 # 1504
22909 # 1504
22909 # 1504
22909 # 1504
22910 # 1504
22910 # 1504
22912 # 1504
22913 # 1504
22914 # 1504
22923 # 1504
22923 # 1504
22924 # 1504
22925 # 1504
22925 # 1504
22925 # 1504
22925 # 1504
22925 # 1504
22926 # 1504
22926 # 1504
22927 # 1504
22928 # 1504
22930 # 1504
22930 # 1504
22930 # 1504
22931 # 1504
22933 # 1504
22933 # 1504
22934 # 1504
22934 # 1504
22936 # 1504
22937 # 1504
22938 # 1504
22939 # 1504
22939 # 1504
22940 # 1504
22941 # 1504
22942 # 1504
22944 # 1504
22944 # 1504
22945 # 1504
22946 # 1504
22947 # 1504
22947 # 1504
22948 # 1504
22949 # 1504
22950 # 1504
22951 # 1504
22952 # 1504
22961 # 1504
22962 # 1504
22962 # 1504
22962 # 1504
22962 # 1504
22962 # 1504
22962 # 1504
22962 # 1504
22963 # 1504
22963 # 1504
22963 # 1504
22972 # 1504
22972 # 1504
22972 # 1504
22972 # 1504
22972 # 1504
22972 # 1504
22973 # 1504
22973 # 1504
22973 # 1504
22973 # 1504
22973 # 1504
22974 # 1504
22975 # 1504
22976 # 1504
22977 # 1504
22978 # 1504
22978 # 1504
22979 # 1504
22980 # 1504
22981 # 1504
22982 # 1504
22982 # 1504
22984 # 1504
22984 # 1504
22985 # 1504
22986 # 1504
22987 # 1504
22991 # 1504
22991 # 1504
22991 # 1504
22991 # 1504
22991 # 1504
22992 # 1504
22992 # 1504
22993 # 1504
22994 # 1504
22995 # 1504
22995 # 1504
22996 # 1504
22997 # 1504
22998 # 1504
22998 # 1504
23000 # 1504
23008 # 1504
23008 # 1504
23008 # 1504
23008 # 1504
23008 # 1504
23009 # 1504
23009 # 1504
23009 # 1504
23015 # 1504
23023 # 1504
23024 # 1504
23024 # 1504
23024 # 1504
23024 # 1504
23029 # 1504
23029 # 1504
23029 # 1504
23029 # 1504
23029 # 1504
23035 # 1504
23037 # 1504
23037 # 1504
23037 # 1504
23037 # 1504
23037 # 1504
23037 # 1504
23037 # 1504
23037 # 1504
23038 # 1504
23047 # 1504
23048 # 1504
23048 # 1504
23050 # 1504
23050 # 1504
23050 # 1504
23050 # 1504
23050 # 1504
23051 # 1504
23051 # 1504
23051 # 1504
23052 # 1504
23061 # 1504
23061 # 1504
23061 # 1504
23061 # 1504
23061 # 1504
23061 # 1504
23062 # 1504
23068 # 1504
23068 # 1504
23068 # 1504
23068 # 1504
23068 # 1504
23068 # 1504
23068 # 1504
23068 # 1504
23068 # 1504
23069 # 1504
23069 # 1504
23070 # 1504
23071 # 1504
23072 # 1504
23073 # 1504
23074 # 1504
23082 # 1504
23084 # 1504
23084 # 1504
23084 # 1504
23084 # 1504
23084 # 1504
23084 # 1504
23084 # 1504
23084 # 1504
23084 # 1504
23085 # 1504
23087 # 1504
23087 # 1504
23091 # 1504
23091 # 1504
23091 # 1504
23098 # 1504
23098 # 1504
23100 # 1504
23100 # 1504
23102 # 1504
23103 # 1504
23103 # 1504
23104 # 1504
23105 # 1504
23105 # 1504
23105 # 1504
23106 # 1504
23106 # 1504
23107 # 1504
23109 # 1504
23109 # 1504
23110 # 1504
23111 # 1504
23112 # 1504
23113 # 1504
23114 # 1504
23115 # 1504
23115 # 1504
23116 # 1504
23118 # 1504
23118 # 1504
23127 # 1504
23128 # 1504
23128 # 1504
23128 # 1504
23128 # 1504
23128 # 1504
23128 # 1504
23128 # 1504
23128 # 1504
23138 # 1504
23138 # 1504
23138 # 1504
23138 # 1504
23138 # 1504
23138 # 1504
23138 # 1504
23138 # 1504
23138 # 1504
23138 # 1504
23138 # 1504
23148 # 1504
23148 # 1504
23148 # 1504
23148 # 1504
23148 # 1504
23148 # 1504
23148 # 1504
23148 # 1504
23148 # 1504
23149 # 1504
23150 # 1504
23150 # 1504
23152 # 1504
23152 # 1504
23154 # 1504
23154 # 1504
23155 # 1504
23156 # 1504
23157 # 1504
23158 # 1504
23167 # 1504
23167 # 1504
23167 # 1504
23167 # 1504
23168 # 1504
23168 # 1504
23172 # 1504
23172 # 1504
23172 # 1504
23172 # 1504
23172 # 1504
23172 # 1504
23173 # 1504
23173 # 1504
23174 # 1504
23175 # 1504
23176 # 1504
23177 # 1504
23178 # 1504
23179 # 1504
23180 # 1504
23181 # 1504
23182 # 1504
23183 # 1504
23184 # 1504
23184 # 1504
23185 # 1504
23186 # 1504
23192 # 1504
23193 # 1504
23193 # 1504
23193 # 1504
23193 # 1504
23193 # 1504
23193 # 1504
23194 # 1504
23195 # 1504
23195 # 1504
23196 # 1504
23197 # 1504
23198 # 1504
23207 # 1504
23207 # 1504
23207 # 1504
23207 # 1504
23207 # 1504
23208 # 1504
23208 # 1504
23208 # 1504
23208 # 1504
23208 # 1504
23209 # 1504
23210 # 1504
23211 # 1504
23212 # 1504
23213 # 1504
23214 # 1504
23215 # 1504
23216 # 1504
23216 # 1504
23217 # 1504
23218 # 1504
23219 # 1504
23220 # 1504
23220 # 1504
23220 # 1504
23222 # 1504
23223 # 1504
23224 # 1504
23226 # 1504
23226 # 1504
23226 # 1504
23228 # 1504
23228 # 1504
23229 # 1504
23230 # 1504
23231 # 1504
23232 # 1504
23233 # 1504
23234 # 1504
23234 # 1504
23243 # 1504
23243 # 1504
23243 # 1504
23243 # 1504
23243 # 1504
23247 # 1504
23247 # 1504
23247 # 1504
23247 # 1504
23247 # 1504
23247 # 1504
23247 # 1504
23248 # 1504
23248 # 1504
23249 # 1504
23250 # 1504
23250 # 1504
23251 # 1504
23253 # 1504
23261 # 1504
23261 # 1504
23261 # 1504
23265 # 1504
23267 # 1504
23267 # 1504
23267 # 1504
23267 # 1504
23272 # 1504
23272 # 1504
23272 # 1504
23272 # 1504
23281 # 1504
23282 # 1504
23282 # 1504
23282 # 1504
23282 # 1504
23282 # 1504
23282 # 1504
23282 # 1504
23283 # 1504
23283 # 1504
23283 # 1504
23284 # 1504
23285 # 1504
23286 # 1504
23295 # 1504
23295 # 1504
23295 # 1504
23295 # 1504
23295 # 1504
23295 # 1504
23295 # 1504
23295 # 1504
23295 # 1504
23295 # 1504
23296 # 1504
23297 # 1504
23299 # 1504
23299 # 1504
23307 # 1504
23307 # 1504
23307 # 1504
23307 # 1504
23307 # 1504
23308 # 1504
23308 # 1504
23308 # 1504
23308 # 1504
23308 # 1504
23308 # 1504
23310 # 1504
23311 # 1504
23311 # 1504
23312 # 1504
23313 # 1504
23315 # 1504
23315 # 1504
23316 # 1504
23317 # 1504
23317 # 1504
23318 # 1504
23319 # 1504
23320 # 1504
23321 # 1504
23322 # 1504
23323 # 1504
23324 # 1504
23325 # 1504
23326 # 1504
23327 # 1504
23328 # 1504
23329 # 1504
23330 # 1504
23332 # 1504
23341 # 1504
23341 # 1504
23341 # 1504
23341 # 1504
23341 # 1504
23341 # 1504
23341 # 1504
23342 # 1504
23343 # 1504
23344 # 1504
23345 # 1504
23345 # 1504
23346 # 1504
23355 # 1504
23356 # 1504
23356 # 1504
23357 # 1504
23358 # 1504
23358 # 1504
23358 # 1504
23358 # 1504
23358 # 1504
23358 # 1504
23358 # 1504
23367 # 1504
23367 # 1504
23367 # 1504
23367 # 1504
23367 # 1504
23372 # 1504
23372 # 1504
23372 # 1504
23372 # 1504
23372 # 1504
23372 # 1504
23373 # 1504
23373 # 1504
23374 # 1504
23374 # 1504
23375 # 1504
23376 # 1504
23376 # 1504
23377 # 1504
23378 # 1504
23388 # 1504
23388 # 1504
23388 # 1504
23388 # 1504
23388 # 1504
23388 # 1504
23388 # 1504
23388 # 1504
23388 # 1504
23388 # 1504
23391 # 1504
23391 # 1504
23391 # 1504
23392 # 1504
23393 # 1504
23394 # 1504
23394 # 1504
23396 # 1504
23396 # 1504
23398 # 1504
23398 # 1504
23407 # 1504
23407 # 1504
23407 # 1504
23407 # 1504
23407 # 1504
23407 # 1504
23407 # 1504
23408 # 1504
23408 # 1504
23408 # 1504
23409 # 1504
23410 # 1504
23411 # 1504
23412 # 1504
23414 # 1504
23414 # 1504
23415 # 1504
23416 # 1504
23425 # 1504
23425 # 1504
23427 # 1504
23427 # 1504
23427 # 1504
23427 # 1504
23428 # 1504
23428 # 1504
23428 # 1504
23428 # 1504
23428 # 1504
23428 # 1504
23429 # 1504
23430 # 1504
23432 # 1504
23432 # 1504
23432 # 1504
23433 # 1504
23434 # 1504
23435 # 1504
23436 # 1504
23437 # 1504
23437 # 1504
23438 # 1504
23447 # 1504
23447 # 1504
23447 # 1504
23447 # 1504
23447 # 1504
23448 # 1504
23448 # 1504
23448 # 1504
23448 # 1504
23448 # 1504
23449 # 1504
23449 # 1504
23450 # 1504
23452 # 1504
23453 # 1504
23454 # 1504
23454 # 1504
23457 # 1504
23457 # 1504
23457 # 1504
23459 # 1504
23460 # 1504
23460 # 1504
23460 # 1504
23462 # 1504
23462 # 1504
23463 # 1504
23464 # 1504
23465 # 1504
23465 # 1504
23466 # 1504
23467 # 1504
23468 # 1504
23470 # 1504
23471 # 1504
23471 # 1504
23471 # 1504
23472 # 1504
23473 # 1504
23474 # 1504
23475 # 1504
23475 # 1504
23475 # 1504
23478 # 1504
23478 # 1504
23480 # 1504
23480 # 1504
23481 # 1504
23481 # 1504
23482 # 1504
23483 # 1504
23484 # 1504
23485 # 1504
23486 # 1504
23486 # 1504
23488 # 1504
23492 # 1504
23498 # 1504
23498 # 1504
23498 # 1504
23498 # 1504
23498 # 1504
23498 # 1504
23504 # 1504
23504 # 1504
23504 # 1504
23504 # 1504
23505 # 1504
23509 # 1504
23509 # 1504
23509 # 1504
23509 # 1504
23512 # 1504
23512 # 1504
23512 # 1504
23522 # 1504
23522 # 1504
23524 # 1504
23525 # 1504
23527 # 1504
23527 # 1504
23527 # 1504
23527 # 1504
23531 # 1504
23531 # 1504
23536 # 1504
23536 # 1504
23536 # 1504
23538 # 1504
23538 # 1504
23538 # 1504
23538 # 1504
23543 # 1504
23545 # 1504
23547 # 1504
23547 # 1504
23547 # 1504
23549 # 1504
23549 # 1504
23552 # 1504
23552 # 1504
23552 # 1504
23552 # 1504
23553 # 1504
23563 # 1504
23564 # 1504
23565 # 1504
23565 # 1504
23565 # 1504
23570 # 1504
23570 # 1504
23570 # 1504
23571 # 1504
23572 # 1504
23573 # 1504
23575 # 1504
23576 # 1504
23576 # 1504
23578 # 1504
23579 # 1504
23580 # 1504
23581 # 1504
23582 # 1504
23584 # 1504
23585 # 1504
23586 # 1504
23587 # 1504
23588 # 1504
23589 # 1504
23592 # 1504
23592 # 1504
23593 # 1504
23594 # 1504
23595 # 1504
23596 # 1504
23597 # 1504
23598 # 1504
23607 # 1504
23607 # 1504
23607 # 1504
23607 # 1504
23607 # 1504
23607 # 1504
23608 # 1504
23608 # 1504
23608 # 1504
23609 # 1504
23610 # 1504
23612 # 1504
23613 # 1504
23614 # 1504
23615 # 1504
23616 # 1504
23617 # 1504
23618 # 1504
23619 # 1504
23620 # 1504
23621 # 1504
23623 # 1504
23623 # 1504
23625 # 1504
23626 # 1504
23627 # 1504
23628 # 1504
23629 # 1504
23630 # 1504
23631 # 1504
23632 # 1504
23633 # 1504
23634 # 1504
23634 # 1504
23638 # 1504
23638 # 1504
23638 # 1504
23639 # 1504
23640 # 1504
23641 # 1504
23642 # 1504
23651 # 1504
23651 # 1504
23651 # 1504
23651 # 1504
23651 # 1504
23652 # 1504
23652 # 1504
23653 # 1504
23654 # 1504
23655 # 1504
23656 # 1504
23658 # 1504
23660 # 1504
23661 # 1504
23663 # 1504
23664 # 1504
23666 # 1504
23668 # 1504
23669 # 1504
23670 # 1504
23671 # 1504
23672 # 1504
23674 # 1504
23683 # 1504
23683 # 1504
23683 # 1504
23683 # 1504
23683 # 1504
23683 # 1504
23683 # 1504
23684 # 1504
23685 # 1504
23686 # 1504
23687 # 1504
23688 # 1504
23689 # 1504
23694 # 1504
23695 # 1504
23695 # 1504
23695 # 1504
23695 # 1504
23696 # 1504
23697 # 1504
23698 # 1504
23699 # 1504
23701 # 1504
23702 # 1504
23702 # 1504
23702 # 1504
23704 # 1504
23705 # 1504
23706 # 1504
23707 # 1504
23709 # 1504
23710 # 1504
23711 # 1504
23712 # 1504
23713 # 1504
23714 # 1504
23715 # 1504
23715 # 1504
23717 # 1504
23718 # 1504
23719 # 1504
23721 # 1504
23721 # 1504
23722 # 1504
23723 # 1504
23724 # 1504
23725 # 1504
23726 # 1504
23727 # 1504
23728 # 1504
23729 # 1504
23730 # 1504
23731 # 1504
23732 # 1504
23734 # 1504
23735 # 1504
23736 # 1504
23737 # 1504
23738 # 1504
23739 # 1504
23740 # 1504
23742 # 1504
23742 # 1504
23743 # 1504
23744 # 1504
23745 # 1504
23746 # 1504
23747 # 1504
23749 # 1504
23749 # 1504
23750 # 1504
23751 # 1504
23752 # 1504
23753 # 1504
23754 # 1504
23755 # 1504
23764 # 1504
23764 # 1504
23765 # 1504
23765 # 1504
23769 # 1504
23769 # 1504
23774 # 1504
23775 # 1504
23778 # 1504
23778 # 1504
23778 # 1504
23780 # 1504
23781 # 1504
23782 # 1504
23784 # 1504
23786 # 1504
23787 # 1504
23788 # 1504
23789 # 1504
23793 # 1504
23794 # 1504
23794 # 1504
23795 # 1504
23796 # 1504
23806 # 1504
23806 # 1504
23806 # 1504
23806 # 1504
23806 # 1504
23806 # 1504
23807 # 1504
23816 # 1504
23816 # 1504
23817 # 1504
23817 # 1504
23817 # 1504
23817 # 1504
23818 # 1504
23819 # 1504
23820 # 1504
23821 # 1504
23822 # 1504
23823 # 1504
23824 # 1504
23825 # 1504
23826 # 1504
23827 # 1504
23828 # 1504
23837 # 1504
23837 # 1504
23837 # 1504
23837 # 1504
23837 # 1504
23842 # 1504
23843 # 1504
23844 # 1504
23847 # 1504
23849 # 1504
23849 # 1504
23849 # 1504
23849 # 1504
23849 # 1504
23849 # 1504
23850 # 1504
23852 # 1504
23854 # 1504
23855 # 1504
23858 # 1504
23858 # 1504
23860 # 1504
23863 # 1504
23863 # 1504
23872 # 1504
23872 # 1504
23872 # 1504
23872 # 1504
23872 # 1504
23872 # 1504
23874 # 1504
23875 # 1504
23876 # 1504
23878 # 1504
23879 # 1504
23881 # 1504
23882 # 1504
23883 # 1504
23885 # 1504
23886 # 1504
23887 # 1504
23888 # 1504
23899 # 1504
23899 # 1504
23899 # 1504
23899 # 1504
23904 # 1504
23904 # 1504
23907 # 1504
23907 # 1504
23907 # 1504
23912 # 1504
23912 # 1504
23912 # 1504
23912 # 1504
23918 # 1504
23918 # 1504
23918 # 1504
23918 # 1504
23918 # 1504
23919 # 1504
23919 # 1504
23922 # 1504
23923 # 1504
23926 # 1504
23926 # 1504
23928 # 1504
23928 # 1504
23930 # 1504
23932 # 1504
23934 # 1504
23936 # 1504
23938 # 1504
23939 # 1504
23940 # 1504
23942 # 1504
23952 # 1504
23952 # 1504
23952 # 1504
23952 # 1504
23952 # 1504
23952 # 1504
23952 # 1504
23953 # 1504
23954 # 1504
23956 # 1504
23957 # 1504
23958 # 1504
23959 # 1504
23960 # 1504
23970 # 1504
23970 # 1504
23970 # 1504
23970 # 1504
23970 # 1504
23970 # 1504
23970 # 1504
23979 # 1504
23979 # 1504
23979 # 1504
23979 # 1504
23979 # 1504
23980 # 1504
23980 # 1504
23982 # 1504
23982 # 1504
23983 # 1504
23985 # 1504
23985 # 1504
23988 # 1504
23988 # 1504
23989 # 1504
23990 # 1504
23998 # 1504
23998 # 1504
23998 # 1504
23998 # 1504
23999 # 1504
23999 # 1504
23999 # 1504
24008 # 1504
24008 # 1504
24008 # 1504
24008 # 1504
24012 # 1504
24012 # 1504
24012 # 1504
24012 # 1504
24014 # 1504
24025 # 1504
24025 # 1504
24025 # 1504
24025 # 1504
24025 # 1504
24025 # 1504
24025 # 1504
24026 # 1504
24028 # 1504
24029 # 1504
24030 # 1504
24031 # 1504
24032 # 1504
24033 # 1504
24034 # 1504
24035 # 1504
24037 # 1504
24037 # 1504
24039 # 1504
24039 # 1504
24040 # 1504
24042 # 1504
24042 # 1504
24051 # 1504
24051 # 1504
24051 # 1504
24052 # 1504
24053 # 1504
24053 # 1504
24053 # 1504
24053 # 1504
24053 # 1504
24054 # 1504
24055 # 1504
24056 # 1504
24057 # 1504
24058 # 1504
24060 # 1504
24061 # 1504
24062 # 1504
24063 # 1504
24064 # 1504
24066 # 1504
24066 # 1504
24067 # 1504
24068 # 1504
24069 # 1504
24070 # 1504
24072 # 1504
24074 # 1504
24075 # 1504
24076 # 1504
24077 # 1504
24078 # 1504
24080 # 1504
24081 # 1504
24082 # 1504
24084 # 1504
24086 # 1504
24086 # 1504
24086 # 1504
24088 # 1504
24089 # 1504
24090 # 1504
24091 # 1504
24095 # 1504
24095 # 1504
24095 # 1504
24096 # 1504
24096 # 1504
24098 # 1504
24098 # 1504
24099 # 1504
24100 # 1504
24102 # 1504
24103 # 1504
24104 # 1504
24105 # 1504
24106 # 1504
24107 # 1504
24108 # 1504
24110 # 1504
24112 # 1504
24113 # 1504
24114 # 1504
24118 # 1504
24118 # 1504
24119 # 1504
24120 # 1504
24121 # 1504
24121 # 1504
24123 # 1504
24124 # 1504
24125 # 1504
24127 # 1504
24128 # 1504
24137 # 1504
24137 # 1504
24137 # 1504
24137 # 1504
24142 # 1504
24142 # 1504
24142 # 1504
24142 # 1504
24142 # 1504
24142 # 1504
24150 # 1504
24150 # 1504
24150 # 1504
24150 # 1504
24150 # 1504
24150 # 1504
24150 # 1504
24152 # 1504
24152 # 1504
24156 # 1504
24156 # 1504
24156 # 1504
24157 # 1504
24166 # 1504
24166 # 1504
24166 # 1504
24167 # 1504
24171 # 1504
24171 # 1504
24171 # 1504
24171 # 1504
24171 # 1504
24171 # 1504
24172 # 1504
24173 # 1504
24174 # 1504
24176 # 1504
24184 # 1504
24184 # 1504
24184 # 1504
24184 # 1504
24184 # 1504
24184 # 1504
24185 # 1504
24185 # 1504
24186 # 1504
24187 # 1504
24188 # 1504
24189 # 1504
24190 # 1504
24196 # 1504
24197 # 1504
24197 # 1504
24197 # 1504
24197 # 1504
24197 # 1504
24198 # 1504
24200 # 1504
24201 # 1504
24203 # 1504
24204 # 1504
24205 # 1504
24206 # 1504
24208 # 1504
24217 # 1504
24218 # 1504
24218 # 1504
24218 # 1504
24218 # 1504
24218 # 1504
24218 # 1504
24219 # 1504
24228 # 1504
24228 # 1504
24228 # 1504
24228 # 1504
24228 # 1504
24230 # 1504
24232 # 1504
24234 # 1504
24235 # 1504
24236 # 1504
24239 # 1504
24240 # 1504
24241 # 1504
24244 # 1504
24245 # 1504
24246 # 1504
24247 # 1504
24249 # 1504
24249 # 1504
24253 # 1504
24253 # 1504
24254 # 1504
24257 # 1504
24265 # 1504
24266 # 1504
24266 # 1504
24267 # 1504
24268 # 1504
24269 # 1504
24280 # 1504
24280 # 1504
24280 # 1504
24280 # 1504
24280 # 1504
24280 # 1504
24281 # 1504
24282 # 1504
24283 # 1504
24284 # 1504
24285 # 1504
24287 # 1504
24287 # 1504
24288 # 1504
24298 # 1504
24298 # 1504
24298 # 1504
24298 # 1504
24298 # 1504
24298 # 1504
24298 # 1504
24298 # 1504
24299 # 1504
24300 # 1504
24301 # 1504
24302 # 1504
24303 # 1504
24304 # 1504
24305 # 1504
24306 # 1504
24308 # 1504
24308 # 1504
24318 # 1504
24318 # 1504
24318 # 1504
24318 # 1504
24318 # 1504
24318 # 1504
24327 # 1504
24327 # 1504
24327 # 1504
24327 # 1504
24327 # 1504
24327 # 1504
24328 # 1504
24329 # 1504
24338 # 1504
24339 # 1504
24339 # 1504
24339 # 1504
24340 # 1504
24340 # 1504
24340 # 1504
24340 # 1504
24341 # 1504
24342 # 1504
24343 # 1504
24344 # 1504
24346 # 1504
24347 # 1504
24348 # 1504
24359 # 1504
24359 # 1504
24359 # 1504
24359 # 1504
24359 # 1504
24359 # 1504
24359 # 1504
24360 # 1504
24362 # 1504
24363 # 1504
24364 # 1504
24366 # 1504
24367 # 1504
24368 # 1504
24377 # 1504
24377 # 1504
24377 # 1504
24377 # 1504
24378 # 1504
24384 # 1504
24384 # 1504
24384 # 1504
24387 # 1504
24387 # 1504
24387 # 1504
24388 # 1504
24388 # 1504
24388 # 1504
24388 # 1504
24389 # 1504
24390 # 1504
24399 # 1504
24400 # 1504
24400 # 1504
24400 # 1504
24400 # 1504
24400 # 1504
24401 # 1504
24401 # 1504
24403 # 1504
24403 # 1504
24404 # 1504
24405 # 1504
24406 # 1504
24417 # 1504
24417 # 1504
24417 # 1504
24417 # 1504
24417 # 1504
24417 # 1504
24417 # 1504
24418 # 1504
24418 # 1504
24419 # 1504
24419 # 1504
24420 # 1504
24420 # 1504
24421 # 1504
24422 # 1504
24424 # 1504
24424 # 1504
24425 # 1504
24427 # 1504
24427 # 1504
24428 # 1504
24429 # 1504
24431 # 1504
24432 # 1504
24433 # 1504
24434 # 1504
24435 # 1504
24436 # 1504
24437 # 1504
24438 # 1504
24439 # 1504
24448 # 1504
24448 # 1504
24448 # 1504
24448 # 1504
24449 # 1504
24450 # 1504
24451 # 1504
24452 # 1504
24453 # 1504
24455 # 1504
24456 # 1504
24466 # 1504
24466 # 1504
24466 # 1504
24466 # 1504
24466 # 1504
24466 # 1504
24466 # 1504
24466 # 1504
24466 # 1504
24468 # 1504
24468 # 1504
24469 # 1504
24470 # 1504
24471 # 1504
24472 # 1504
24473 # 1504
24474 # 1504
24474 # 1504
24475 # 1504
24476 # 1504
24485 # 1504
24485 # 1504
24485 # 1504
24485 # 1504
24485 # 1504
24485 # 1504
24486 # 1504
24486 # 1504
24486 # 1504
24487 # 1504
24487 # 1504
24488 # 1504
24489 # 1504
24490 # 1504
24491 # 1504
24492 # 1504
24501 # 1504
24501 # 1504
24501 # 1504
24501 # 1504
24502 # 1504
24502 # 1504
24502 # 1504
24502 # 1504
24502 # 1504
24502 # 1504
24503 # 1504
24504 # 1504
24505 # 1504
24506 # 1504
24515 # 1504
24516 # 1504
24516 # 1504
24516 # 1504
24516 # 1504
24525 # 1504
24525 # 1504
24525 # 1504
24525 # 1504
24525 # 1504
24525 # 1504
24525 # 1504
24525 # 1504
24526 # 1504
24526 # 1504
24526 # 1504
24538 # 1504
24539 # 1504
24539 # 1504
24540 # 1504
24541 # 1504
24541 # 1504
24541 # 1504
24541 # 1504
24541 # 1504
24541 # 1504
24541 # 1504
24541 # 1504
24542 # 1504
24543 # 1504
24544 # 1504
24545 # 1504
24546 # 1504
24547 # 1504
24548 # 1504
24549 # 1504
24550 # 1504
24551 # 1504
24552 # 1504
24553 # 1504
24554 # 1504
24555 # 1504
24556 # 1504
24557 # 1504
24558 # 1504
24559 # 1504
24560 # 1504
24560 # 1504
24561 # 1504
24563 # 1504
24563 # 1504
24564 # 1504
24565 # 1504
24566 # 1504
24568 # 1504
24569 # 1504
24569 # 1504
24570 # 1504
24573 # 1504
24574 # 1504
24575 # 1504
24577 # 1504
24577 # 1504
24578 # 1504
24578 # 1504
24581 # 1504
24581 # 1504
24582 # 1504
24583 # 1504
24584 # 1504
24585 # 1504
24586 # 1504
24588 # 1504
24601 # 1504
24601 # 1504
24601 # 1504
24601 # 1504
24601 # 1504
24601 # 1504
24601 # 1504
24601 # 1504
24601 # 1504
24601 # 1504
24601 # 1504
24602 # 1504
24602 # 1504
24602 # 1504
24602 # 1504
24604 # 1504
24606 # 1504
24606 # 1504
24614 # 1504
24614 # 1504
24614 # 1504
24614 # 1504
24614 # 1504
24620 # 1504
24620 # 1504
24620 # 1504
24623 # 1504
24623 # 1504
24623 # 1504
24623 # 1504
24623 # 1504
24623 # 1504
24624 # 1504
24624 # 1504
24624 # 1504
24627 # 1504
24628 # 1504
24629 # 1504
24630 # 1504
24631 # 1504
24633 # 1504
24633 # 1504
24634 # 1504
24635 # 1504
24636 # 1504
24637 # 1504
24638 # 1504
24639 # 1504
24641 # 1504
24641 # 1504
24641 # 1504
24643 # 1504
24644 # 1504
24645 # 1504
24646 # 1504
24646 # 1504
24647 # 1504
24648 # 1504
24650 # 1504
24651 # 1504
24652 # 1504
24654 # 1504
24655 # 1504
24656 # 1504
24657 # 1504
24658 # 1504
24659 # 1504
24661 # 1504
24662 # 1504
24663 # 1504
24664 # 1504
24665 # 1504
24666 # 1504
24675 # 1504
24675 # 1504
24678 # 1504
24679 # 1504
24679 # 1504
24679 # 1504
24679 # 1504
24689 # 1504
24689 # 1504
24689 # 1504
24689 # 1504
24689 # 1504
24689 # 1504
24690 # 1504
24692 # 1504
24693 # 1504
24694 # 1504
24695 # 1504
24696 # 1504
24700 # 1504
24700 # 1504
24700 # 1504
24701 # 1504
24702 # 1504
24703 # 1504
24704 # 1504
24713 # 1504
24713 # 1504
24713 # 1504
24713 # 1504
24713 # 1504
24713 # 1504
24714 # 1504
24714 # 1504
24715 # 1504
24716 # 1504
24716 # 1504
24717 # 1504
24718 # 1504
24719 # 1504
24720 # 1504
24720 # 1504
24721 # 1504
24722 # 1504
24723 # 1504
24724 # 1504
24725 # 1504
24726 # 1504
24727 # 1504
24728 # 1504
24728 # 1504
24730 # 1504
24730 # 1504
24732 # 1504
24733 # 1504
24734 # 1504
24742 # 1504
24743 # 1504
24746 # 1504
24746 # 1504
24746 # 1504
24749 # 1504
24749 # 1504
24749 # 1504
24749 # 1504
24749 # 1504
24749 # 1504
24749 # 1504
24749 # 1504
24758 # 1504
24758 # 1504
24758 # 1504
24758 # 1504
24758 # 1504
24759 # 1504
24759 # 1504
24759 # 1504
24760 # 1504
24764 # 1504
24766 # 1504
24767 # 1504
24768 # 1504
24769 # 1504
24770 # 1504
24770 # 1504
24782 # 1504
24783 # 1504
24783 # 1504
24783 # 1504
24787 # 1504
24787 # 1504
24787 # 1504
24787 # 1504
24788 # 1504
24788 # 1504
24788 # 1504
24788 # 1504
24789 # 1504
24802 # 1504
24802 # 1504
24802 # 1504
24802 # 1504
24802 # 1504
24802 # 1504
24802 # 1504
24802 # 1504
24811 # 1504
24811 # 1504
24811 # 1504
24811 # 1504
24811 # 1504
24811 # 1504
24811 # 1504
24811 # 1504
24811 # 1504
24820 # 1504
24820 # 1504
24820 # 1504
24820 # 1504
24820 # 1504
24820 # 1504
24821 # 1504
24827 # 1504
24827 # 1504
24831 # 1504
24831 # 1504
24834 # 1504
24834 # 1504
24834 # 1504
24838 # 1504
24838 # 1504
24838 # 1504
24838 # 1504
24844 # 1504
24844 # 1504
24847 # 1504
24847 # 1504
24847 # 1504
24847 # 1504
24853 # 1504
24853 # 1504
24853 # 1504
24857 # 1504
24858 # 1504
24858 # 1504
24858 # 1504
24858 # 1504
24858 # 1504
24859 # 1504
24860 # 1504
24861 # 1504
24862 # 1504
24863 # 1504
24864 # 1504
24866 # 1504
24867 # 1504
24868 # 1504
24869 # 1504
24878 # 1504
24878 # 1504
24878 # 1504
24879 # 1504
24879 # 1504
24885 # 1504
24885 # 1504
24885 # 1504
24885 # 1504
24887 # 1504
24887 # 1504
24889 # 1504
24892 # 1504
24893 # 1504
24894 # 1504
24896 # 1504
24903 # 1504
24903 # 1504
24903 # 1504
24903 # 1504
24903 # 1504
24903 # 1504
24905 # 1504
24906 # 1504
24908 # 1504
24908 # 1504
24909 # 1504
24918 # 1504
24918 # 1504
24918 # 1504
24918 # 1504
24923 # 1504
24923 # 1504
24926 # 1504
24926 # 1504
24926 # 1504
24926 # 1504
24926 # 1504
24926 # 1504
24927 # 1504
24928 # 1504
24929 # 1504
24930 # 1504
24932 # 1504
24934 # 1504
24934 # 1504
24943 # 1504
24943 # 1504
24943 # 1504
24943 # 1504
24943 # 1504
24943 # 1504
24944 # 1504
24946 # 1504
24946 # 1504
24947 # 1504
24948 # 1504
24949 # 1504
24950 # 1504
24952 # 1504
24952 # 1504
24953 # 1504
24954 # 1504
24956 # 1504
24957 # 1504
24958 # 1504
24959 # 1504
24960 # 1504
24962 # 1504
24964 # 1504
24964 # 1504
24965 # 1504
24966 # 1504
24967 # 1504
24968 # 1504
24970 # 1504
24972 # 1504
24973 # 1504
24973 # 1504
24983 # 1504
24983 # 1504
24983 # 1504
24983 # 1504
24983 # 1504
24984 # 1504
24984 # 1504
24985 # 1504
24986 # 1504
24987 # 1504
24988 # 1504
24989 # 1504
24990 # 1504
24991 # 1504
24992 # 1504
24994 # 1504
24995 # 1504
24996 # 1504
25003 # 1504
25003 # 1504
25003 # 1504
25003 # 1504
25009 # 1504
25009 # 1504
25009 # 1504
25009 # 1504
25009 # 1504
25015 # 1504
25015 # 1504
25015 # 1504
25015 # 1504
25024 # 1504
25026 # 1504
25028 # 1504
25028 # 1504
25028 # 1504
25029 # 1504
25031 # 1504
25032 # 1504
25034 # 1504
25035 # 1504
25036 # 1504
25046 # 1504
25046 # 1504
25046 # 1504
25046 # 1504
25047 # 1504
25047 # 1504
25047 # 1504
25048 # 1504
25049 # 1504
25050 # 1504
25051 # 1504
25053 # 1504
25054 # 1504
25055 # 1504
25056 # 1504
25067 # 1504
25067 # 1504
25067 # 1504
25067 # 1504
25067 # 1504
25067 # 1504
25072 # 1504
25072 # 1504
25072 # 1504
25072 # 1504
25072 # 1504
25072 # 1504
25073 # 1504
25075 # 1504
25076 # 1504
25085 # 1504
25085 # 1504
25085 # 1504
25086 # 1504
25090 # 1504
25090 # 1504
25090 # 1504
25091 # 1504
25091 # 1504
25091 # 1504
25091 # 1504
25092 # 1504
25093 # 1504
25094 # 1504
25096 # 1504
25097 # 1504
25103 # 1504
25103 # 1504
25103 # 1504
25104 # 1504
25104 # 1504
25104 # 1504
25105 # 1504
25106 # 1504
25108 # 1504
25108 # 1504
25110 # 1504
25113 # 1504
25113 # 1504
25114 # 1504
25115 # 1504
25116 # 1504
25117 # 1504
25118 # 1504
25120 # 1504
25121 # 1504
25122 # 1504
25122 # 1504
25123 # 1504
25132 # 1504
25132 # 1504
25132 # 1504
25132 # 1504
25132 # 1504
25134 # 1504
25135 # 1504
25137 # 1504
25138 # 1504
25139 # 1504
25140 # 1504
25141 # 1504
25142 # 1504
25144 # 1504
25145 # 1504
25146 # 1504
25148 # 1504
25148 # 1504
25149 # 1504
25150 # 1504
25152 # 1504
25161 # 1504
25161 # 1504
25161 # 1504
25165 # 1504
25168 # 1504
25168 # 1504
25168 # 1504
25172 # 1504
25172 # 1504
25172 # 1504
25172 # 1504
25172 # 1504
25174 # 1504
25175 # 1504
25177 # 1504
25178 # 1504
25179 # 1504
25181 # 1504
25182 # 1504
25183 # 1504
25185 # 1504
25186 # 1504
25187 # 1504
25188 # 1504
25189 # 1504
25192 # 1504
25192 # 1504
25201 # 1504
25201 # 1504
25201 # 1504
25201 # 1504
25201 # 1504
25202 # 1504
25202 # 1504
25202 # 1504
25203 # 1504
25204 # 1504
25205 # 1504
25208 # 1504
25209 # 1504
25210 # 1504
25212 # 1504
25213 # 1504
25215 # 1504
25216 # 1504
25217 # 1504
25218 # 1504
25219 # 1504
25221 # 1504
25222 # 1504
25223 # 1504
25226 # 1504
25228 # 1504
25228 # 1504
25237 # 1504
25237 # 1504
25237 # 1504
25237 # 1504
25237 # 1504
25237 # 1504
25237 # 1504
25238 # 1504
25238 # 1504
25241 # 1504
25241 # 1504
25242 # 1504
25243 # 1504
25244 # 1504
25245 # 1504
25245 # 1504
25246 # 1504
25248 # 1504
25250 # 1504
25252 # 1504
25252 # 1504
25254 # 1504
25255 # 1504
25255 # 1504
25259 # 1504
25261 # 1504
25272 # 1504
25276 # 1504
25276 # 1504
25276 # 1504
25278 # 1504
25278 # 1504
25278 # 1504
25278 # 1504
25279 # 1504
25280 # 1504
25283 # 1504
25284 # 1504
25285 # 1504
25286 # 1504
25286 # 1504
25287 # 1504
25288 # 1504
25290 # 1504
25291 # 1504
25292 # 1504
25293 # 1504
25294 # 1504
25295 # 1504
25296 # 1504
25296 # 1504
25297 # 1504
25298 # 1504
25301 # 1504
25301 # 1504
25301 # 1504
25302 # 1504
25303 # 1504
25304 # 1504
25314 # 1504
25314 # 1504
25314 # 1504
25314 # 1504
25314 # 1504
25314 # 1504
25314 # 1504
25314 # 1504
25314 # 1504
25315 # 1504
25316 # 1504
25317 # 1504
25318 # 1504
25318 # 1504
25320 # 1504
25321 # 1504
25321 # 1504
25322 # 1504
25323 # 1504
25324 # 1504
25326 # 1504
25326 # 1504
25329 # 1504
25330 # 1504
25331 # 1504
25333 # 1504
25334 # 1504
25336 # 1504
25336 # 1504
25337 # 1504
25346 # 1504
25346 # 1504
25346 # 1504
25346 # 1504
25346 # 1504
25346 # 1504
25346 # 1504
25346 # 1504
25347 # 1504
25348 # 1504
25349 # 1504
25350 # 1504
25350 # 1504
25361 # 1504
25361 # 1504
25361 # 1504
25361 # 1504
25361 # 1504
25361 # 1504
25361 # 1504
25361 # 1504
25361 # 1504
25370 # 1504
25370 # 1504
25372 # 1504
25372 # 1504
25373 # 1504
25374 # 1504
25374 # 1504
25376 # 1504
25376 # 1504
25376 # 1504
25377 # 1504
25379 # 1504
25379 # 1504
25380 # 1504
25381 # 1504
25382 # 1504
25383 # 1504
25391 # 1504
25394 # 1504
25394 # 1504
25395 # 1504
25395 # 1504
25395 # 1504
25395 # 1504
25395 # 1504
25396 # 1504
25397 # 1504
25397 # 1504
25404 # 1504
25404 # 1504
25404 # 1504
25405 # 1504
25405 # 1504
25405 # 1504
25407 # 1504
25407 # 1504
25408 # 1504
25409 # 1504
25410 # 1504
25412 # 1504
25412 # 1504
25414 # 1504
25415 # 1504
25415 # 1504
25416 # 1504
25426 # 1504
25428 # 1504
25428 # 1504
25428 # 1504
25428 # 1504
25428 # 1504
25428 # 1504
25428 # 1504
25436 # 1504
25436 # 1504
25436 # 1504
25436 # 1504
25440 # 1504
25440 # 1504
25440 # 1504
25440 # 1504
25440 # 1504
25440 # 1504
25442 # 1504
25442 # 1504
25443 # 1504
25444 # 1504
25445 # 1504
25446 # 1504
25447 # 1504
25448 # 1504
25450 # 1504
25452 # 1504
25453 # 1504
25454 # 1504
25456 # 1504
25457 # 1504
25458 # 1504
25459 # 1504
25460 # 1504
25462 # 1504
25462 # 1504
25464 # 1504
25465 # 1504
25466 # 1504
25467 # 1504
25467 # 1504
25469 # 1504
25471 # 1504
25472 # 1504
25472 # 1504
25472 # 1504
25473 # 1504
25474 # 1504
25476 # 1504
25476 # 1504
25477 # 1504
25478 # 1504
25478 # 1504
25480 # 1504
25480 # 1504
25481 # 1504
25482 # 1504
25484 # 1504
25484 # 1504
25485 # 1504
25487 # 1504
25487 # 1504
25488 # 1504
25488 # 1504
25490 # 1504
25492 # 1504
25492 # 1504
25503 # 1504
25503 # 1504
25503 # 1504
25504 # 1504
25504 # 1504
25504 # 1504
25504 # 1504
25511 # 1504
25511 # 1504
25511 # 1504
25511 # 1504
25511 # 1504
25511 # 1504
25519 # 1504
25526 # 1504
25546 # 1504
25546 # 1504
25546 # 1504
25546 # 1504
25546 # 1504
25546 # 1504
25546 # 1504
25546 # 1504
25547 # 1504
25548 # 1504
25549 # 1504
25551 # 1504
25551 # 1504
25554 # 1504
25555 # 1504
25556 # 1504
25557 # 1504
25558 # 1504
25560 # 1504
25561 # 1504
25562 # 1504
25564 # 1504
25566 # 1504
25566 # 1504
25566 # 1504
25575 # 1504
25575 # 1504
25575 # 1504
25575 # 1504
25575 # 1504
25575 # 1504
25575 # 1504
25576 # 1504
25577 # 1504
25578 # 1504
25579 # 1504
25580 # 1504
25580 # 1504
25582 # 1504
25582 # 1504
25584 # 1504
25585 # 1504
25585 # 1504
25588 # 1504
25588 # 1504
25590 # 1504
25590 # 1504
25592 # 1504
25594 # 1504
25595 # 1504
25596 # 1504
25597 # 1504
25598 # 1504
25600 # 1504
25605 # 1504
25605 # 1504
25605 # 1504
25605 # 1504
25606 # 1504
25608 # 1504
25609 # 1504
25610 # 1504
25611 # 1504
25612 # 1504
25613 # 1504
25615 # 1504
25617 # 1504
25618 # 1504
25619 # 1504
25620 # 1504
25621 # 1504
25622 # 1504
25623 # 1504
25625 # 1504
25627 # 1504
25628 # 1504
25630 # 1504
25631 # 1504
25632 # 1504
25633 # 1504
25635 # 1504
25637 # 1504
25637 # 1504
25638 # 1504
25639 # 1504
25640 # 1504
25641 # 1504
25643 # 1504
25643 # 1504
25645 # 1504
25646 # 1504
25647 # 1504
25648 # 1504
25649 # 1504
25650 # 1504
25652 # 1504
25653 # 1504
25654 # 1504
25655 # 1504
25656 # 1504
25657 # 1504
25657 # 1504
25659 # 1504
25660 # 1504
25661 # 1504
25662 # 1504
25663 # 1504
25664 # 1504
25665 # 1504
25666 # 1504
25667 # 1504
25668 # 1504
25669 # 1504
25670 # 1504
25671 # 1504
25672 # 1504
25673 # 1504
25675 # 1504
25676 # 1504
25685 # 1504
25685 # 1504
25686 # 1504
25686 # 1504
25686 # 1504
25686 # 1504
25686 # 1504
25686 # 1504
25686 # 1504
25688 # 1504
25698 # 1504
25698 # 1504
25698 # 1504
25698 # 1504
25698 # 1504
25698 # 1504
25698 # 1504
25699 # 1504
25700 # 1504
25706 # 1504
25706 # 1504
25706 # 1504
25706 # 1504
25706 # 1504
25706 # 1504
25708 # 1504
25709 # 1504
25710 # 1504
25719 # 1504
25719 # 1504
25719 # 1504
25719 # 1504
25719 # 1504
25720 # 1504
25722 # 1504
25724 # 1504
25725 # 1504
25727 # 1504
25729 # 1504
25730 # 1504
25734 # 1504
25735 # 1504
25736 # 1504
25737 # 1504
25738 # 1504
25740 # 1504
25741 # 1504
25742 # 1504
25744 # 1504
25745 # 1504
25747 # 1504
25758 # 1504
25758 # 1504
25758 # 1504
25758 # 1504
25758 # 1504
25758 # 1504
25759 # 1504
25766 # 1504
25766 # 1504
25772 # 1504
25772 # 1504
25772 # 1504
25772 # 1504
25772 # 1504
25776 # 1504
25778 # 1504
25779 # 1504
25781 # 1504
25782 # 1504
25783 # 1504
25785 # 1504
25786 # 1504
25787 # 1504
25798 # 1504
25798 # 1504
25798 # 1504
25798 # 1504
25798 # 1504
25798 # 1504
25798 # 1504
25799 # 1504
25800 # 1504
25807 # 1504
25807 # 1504
25808 # 1504
25808 # 1504
25808 # 1504
25808 # 1504
25811 # 1504
25813 # 1504
25815 # 1504
25816 # 1504
25818 # 1504
25820 # 1504
25821 # 1504
25823 # 1504
25834 # 1504
25834 # 1504
25834 # 1504
25834 # 1504
25834 # 1504
25834 # 1504
25836 # 1504
25838 # 1504
25847 # 1504
25847 # 1504
25847 # 1504
25847 # 1504
25847 # 1504
25848 # 1504
25849 # 1504
25851 # 1504
25852 # 1504
25853 # 1504
25862 # 1504
25862 # 1504
25863 # 1504
25863 # 1504
25864 # 1504
25866 # 1504
25867 # 1504
25869 # 1504
25871 # 1504
25872 # 1504
25876 # 1504
25878 # 1504
25880 # 1504
25883 # 1504
25885 # 1504
25887 # 1504
25889 # 1504
25891 # 1504
25893 # 1504
25894 # 1504
25906 # 1504
25906 # 1504
25906 # 1504
25906 # 1504
25906 # 1504
25906 # 1504
25906 # 1504
25908 # 1504
25908 # 1504
25910 # 1504
25911 # 1504
25912 # 1504
25914 # 1504
25915 # 1504
25917 # 1504
25917 # 1504
25918 # 1504
25919 # 1504
25921 # 1504
25921 # 1504
25922 # 1504
25924 # 1504
25924 # 1504
25924 # 1504
25926 # 1504
25928 # 1504
25928 # 1504
25929 # 1504
25930 # 1504
25931 # 1504
25941 # 1504
25941 # 1504
25941 # 1504
25941 # 1504
25941 # 1504
25941 # 1504
25941 # 1504
25941 # 1504
25942 # 1504
25951 # 1504
25951 # 1504
25951 # 1504
25951 # 1504
25952 # 1504
25952 # 1504
25952 # 1504
25952 # 1504
25952 # 1504
25953 # 1504
25954 # 1504
25955 # 1504
25956 # 1504
25958 # 1504
25959 # 1504
25960 # 1504
25961 # 1504
25962 # 1504
25963 # 1504
25964 # 1504
25967 # 1504
25977 # 1504
25977 # 1504
25977 # 1504
25977 # 1504
25977 # 1504
25983 # 1504
25983 # 1504
25984 # 1504
25984 # 1504
25984 # 1504
25990 # 1504
25990 # 1504
25991 # 1504
25991 # 1504
25991 # 1504
25991 # 1504
25994 # 1504
25994 # 1504
25995 # 1504
25996 # 1504
25997 # 1504
25998 # 1504
25999 # 1504
26001 # 1504
26002 # 1504
26007 # 1504
26007 # 1504
26007 # 1504
26007 # 1504
26017 # 1504
26018 # 1504
26018 # 1504
26022 # 1504
26023 # 1504
26023 # 1504
26033 # 1504
26033 # 1504
26035 # 1504
26035 # 1504
26035 # 1504
26035 # 1504
26035 # 1504
26036 # 1504
26036 # 1504
26038 # 1504
26039 # 1504
26041 # 1504
26043 # 1504
26044 # 1504
26046 # 1504
26048 # 1504
26049 # 1504
26050 # 1504
26052 # 1504
26054 # 1504
26054 # 1504
26056 # 1504
26058 # 1504
26059 # 1504
26060 # 1504
26061 # 1504
26062 # 1504
26062 # 1504
26064 # 1504
26065 # 1504
26066 # 1504
26067 # 1504
26068 # 1504
26071 # 1504
26081 # 1504
26081 # 1504
26081 # 1504
26081 # 1504
26081 # 1504
26081 # 1504
26082 # 1504
26083 # 1504
26084 # 1504
26086 # 1504
26087 # 1504
26088 # 1504
26089 # 1504
26091 # 1504
26092 # 1504
26093 # 1504
26094 # 1504
26096 # 1504
26097 # 1504
26099 # 1504
26101 # 1504
26110 # 1504
26110 # 1504
26110 # 1504
26116 # 1504
26116 # 1504
26117 # 1504
26123 # 1504
26128 # 1504
26128 # 1504
26132 # 1504
26134 # 1504
26135 # 1504
26135 # 1504
26136 # 1504
26138 # 1504
26140 # 1504
26141 # 1504
26142 # 1504
26152 # 1504
26152 # 1504
26152 # 1504
26153 # 1504
26153 # 1504
26153 # 1504
26153 # 1504
26154 # 1504
26155 # 1504
26156 # 1504
26157 # 1504
26159 # 1504
26160 # 1504
26161 # 1504
26162 # 1504
26164 # 1504
26165 # 1504
26166 # 1504
26168 # 1504
26169 # 1504
26170 # 1504
26172 # 1504
26173 # 1504
26174 # 1504
26175 # 1504
26178 # 1504
26197 # 1504
26197 # 1504
26197 # 1504
26197 # 1504
26197 # 1504
26199 # 1504
26203 # 1504
26207 # 1504
26207 # 1504
26207 # 1504
26207 # 1504
26210 # 1504
26210 # 1504
26220 # 1504
26220 # 1504
26220 # 1504
26220 # 1504
26220 # 1504
26220 # 1504
26227 # 1504
26227 # 1504
26227 # 1504
26227 # 1504
26227 # 1504
26227 # 1504
26228 # 1504
26237 # 1504
26237 # 1504
26237 # 1504
26237 # 1504
26237 # 1504
26237 # 1504
26239 # 1504
26241 # 1504
26242 # 1504
26244 # 1504
26246 # 1504
26248 # 1504
26250 # 1504
26259 # 1504
26259 # 1504
26259 # 1504
26259 # 1504
26273 # 1504
26275 # 1504
26276 # 1504
26289 # 1504
26289 # 1504
26292 # 1504
26292 # 1504
26292 # 1504
26292 # 1504
26295 # 1504
26296 # 1504
26296 # 1504
26297 # 1504
26298 # 1504
26307 # 1504
26307 # 1504
26307 # 1504
26307 # 1504
26307 # 1504
26307 # 1504
26309 # 1504
26310 # 1504
26312 # 1504
26312 # 1504
26314 # 1504
26315 # 1504
26316 # 1504
26317 # 1504
26327 # 1504
26327 # 1504
26327 # 1504
26327 # 1504
26327 # 1504
26328 # 1504
26328 # 1504
26329 # 1504
26330 # 1504
26331 # 1504
26333 # 1504
26334 # 1504
26336 # 1504
26337 # 1504
26347 # 1504
26347 # 1504
26347 # 1504
26347 # 1504
26348 # 1504
26350 # 1504
26350 # 1504
26351 # 1504
26352 # 1504
26355 # 1504
26358 # 1504
26358 # 1504
26367 # 1504
26367 # 1504
26367 # 1504
26368 # 1504
26368 # 1504
26371 # 1504
26373 # 1504
26375 # 1504
26376 # 1504
26377 # 1504
26387 # 1504
26387 # 1504
26387 # 1504
26387 # 1504
26389 # 1504
26392 # 1504
26394 # 1504
26395 # 1504
26409 # 1504
26409 # 1504
26409 # 1504
26409 # 1504
26409 # 1504
26410 # 1504
26411 # 1504
26413 # 1504
26416 # 1504
26416 # 1504
26418 # 1504
26419 # 1504
26421 # 1504
26423 # 1504
26425 # 1504
26426 # 1504
26427 # 1504
26427 # 1504
26429 # 1504
26430 # 1504
26432 # 1504
26433 # 1504
26434 # 1504
26435 # 1504
26437 # 1504
26439 # 1504
26439 # 1504
26440 # 1504
26442 # 1504
26443 # 1504
26444 # 1504
26445 # 1504
26447 # 1504
26448 # 1504
26449 # 1504
26450 # 1504
26451 # 1504
26452 # 1504
26453 # 1504
26456 # 1504
26456 # 1504
26457 # 1504
26458 # 1504
26460 # 1504
26461 # 1504
26462 # 1504
26463 # 1504
26464 # 1504
26466 # 1504
26467 # 1504
26468 # 1504
26468 # 1504
26469 # 1504
26470 # 1504
26471 # 1504
26473 # 1504
26473 # 1504
26475 # 1504
26475 # 1504
26476 # 1504
26477 # 1504
26478 # 1504
26480 # 1504
26482 # 1504
26482 # 1504
26484 # 1504
26484 # 1504
26485 # 1504
26486 # 1504
26487 # 1504
26488 # 1504
26491 # 1504
26491 # 1504
26492 # 1504
26493 # 1504
26494 # 1504
26496 # 1504
26497 # 1504
26498 # 1504
26500 # 1504
26502 # 1504
26502 # 1504
26503 # 1504
26505 # 1504
26514 # 1504
26514 # 1504
26514 # 1504
26518 # 1504
26518 # 1504
26520 # 1504
26521 # 1504
26522 # 1504
26525 # 1504
26526 # 1504
26528 # 1504
26529 # 1504
26531 # 1504
26532 # 1504
26534 # 1504
26536 # 1504
26537 # 1504
26539 # 1504
26540 # 1504
26541 # 1504
26543 # 1504
26549 # 1504
26555 # 1504
26555 # 1504
26556 # 1504
26556 # 1504
26556 # 1504
26556 # 1504
26556 # 1504
26557 # 1504
26558 # 1504
26559 # 1504
26560 # 1504
26562 # 1504
26563 # 1504
26564 # 1504
26565 # 1504
26566 # 1504
26568 # 1504
26568 # 1504
26570 # 1504
26571 # 1504
26572 # 1504
26573 # 1504
26574 # 1504
26575 # 1504
26576 # 1504
26577 # 1504
26578 # 1504
26579 # 1504
26580 # 1504
26581 # 1504
26582 # 1504
26583 # 1504
26584 # 1504
26585 # 1504
26587 # 1504
26588 # 1504
26589 # 1504
26591 # 1504
26592 # 1504
26594 # 1504
26595 # 1504
26596 # 1504
26598 # 1504
26601 # 1504
26604 # 1504
26604 # 1504
26605 # 1504
26613 # 1504
26613 # 1504
26614 # 1504
26614 # 1504
26621 # 1504
26621 # 1504
26621 # 1504
26621 # 1504
26622 # 1504
26624 # 1504
26626 # 1504
26628 # 1504
26638 # 1504
26638 # 1504
26638 # 1504
26638 # 1504
26638 # 1504
26639 # 1504
26648 # 1504
26648 # 1504
26648 # 1504
26648 # 1504
26654 # 1504
26655 # 1504
26655 # 1504
26655 # 1504
26655 # 1504
26656 # 1504
26658 # 1504
26659 # 1504
26660 # 1504
26661 # 1504
26663 # 1504
26663 # 1504
26664 # 1504
26673 # 1504
26673 # 1504
26673 # 1504
26674 # 1504
26674 # 1504
26674 # 1504
26674 # 1504
26676 # 1504
26677 # 1504
26679 # 1504
26681 # 1504
26692 # 1504
26692 # 1504
26692 # 1504
26692 # 1504
26692 # 1504
26693 # 1504
26695 # 1504
26697 # 1504
26698 # 1504
26699 # 1504
26701 # 1504
26702 # 1504
26702 # 1504
26705 # 1504
26714 # 1504
26715 # 1504
26716 # 1504
26716 # 1504
26716 # 1504
26716 # 1504
26716 # 1504
26722 # 1504
26722 # 1504
26722 # 1504
26722 # 1504
26722 # 1504
26722 # 1504
26722 # 1504
26722 # 1504
26724 # 1504
26725 # 1504
26726 # 1504
26727 # 1504
26728 # 1504
26730 # 1504
26731 # 1504
26732 # 1504
26734 # 1504
26734 # 1504
26737 # 1504
26740 # 1504
26741 # 1504
26743 # 1504
26744 # 1504
26754 # 1504
26754 # 1504
26754 # 1504
26754 # 1504
26754 # 1504
26755 # 1504
26757 # 1504
26758 # 1504
26775 # 1504
26777 # 1504
26779 # 1504
26788 # 1504
26788 # 1504
26788 # 1504
26791 # 1504
26794 # 1504
26798 # 1504
26801 # 1504
26803 # 1504
26806 # 1504
26815 # 1504
26815 # 1504
26818 # 1504
26818 # 1504
26818 # 1504
26819 # 1504
26821 # 1504
26823 # 1504
26826 # 1504
26827 # 1504
26829 # 1504
26832 # 1504
26835 # 1504
26837 # 1504
26841 # 1504
26843 # 1504
26844 # 1504
26855 # 1504
26855 # 1504
26855 # 1504
26856 # 1504
26859 # 1504
26862 # 1504
26862 # 1504
26864 # 1504
26865 # 1504
26869 # 1504
26870 # 1504
26870 # 1504
26871 # 1504
26872 # 1504
26873 # 1504
26874 # 1504
26876 # 1504
26877 # 1504
26878 # 1504
26879 # 1504
26880 # 1504
26880 # 1504
26882 # 1504
26882 # 1504
26884 # 1504
26885 # 1504
26886 # 1504
26887 # 1504
26888 # 1504
26889 # 1504
26890 # 1504
26892 # 1504
26893 # 1504
26894 # 1504
26896 # 1504
26897 # 1504
26898 # 1504
26900 # 1504
26903 # 1504
26904 # 1504
26905 # 1504
26906 # 1504
26907 # 1504
26914 # 1504
26920 # 1504
26920 # 1504
26920 # 1504
26922 # 1504
26922 # 1504
26922 # 1504
26922 # 1504
26922 # 1504
26922 # 1504
26924 # 1504
26925 # 1504
26927 # 1504
26928 # 1504
26929 # 1504
26930 # 1504
26931 # 1504
26932 # 1504
26933 # 1504
26936 # 1504
26939 # 1504
26939 # 1504
26939 # 1504
26940 # 1504
26940 # 1504
26943 # 1504
26943 # 1504
26944 # 1504
26946 # 1504
26946 # 1504
26948 # 1504
26949 # 1504
26950 # 1504
26951 # 1504
26952 # 1504
26953 # 1504
26954 # 1504
26963 # 1504
26963 # 1504
26963 # 1504
26963 # 1504
26963 # 1504
26963 # 1504
26972 # 1504
26973 # 1504
26974 # 1504
26974 # 1504
26975 # 1504
26979 # 1504
26979 # 1504
26980 # 1504
26990 # 1504
26990 # 1504
26990 # 1504
26990 # 1504
26990 # 1504
26990 # 1504
27001 # 1504
27001 # 1504
27001 # 1504
27001 # 1504
27001 # 1504
27001 # 1504
27001 # 1504
27001 # 1504
27001 # 1504
27001 # 1504
27002 # 1504
27006 # 1504
27008 # 1504
27008 # 1504
27015 # 1504
27026 # 1504
27026 # 1504
27026 # 1504
27028 # 1504
27030 # 1504
27031 # 1504
27032 # 1504
27033 # 1504
27034 # 1504
27035 # 1504
27035 # 1504
27039 # 1504
27040 # 1504
27040 # 1504
27041 # 1504
27042 # 1504
27044 # 1504
27046 # 1504
27048 # 1504
27057 # 1504
27057 # 1504
27057 # 1504
27057 # 1504
27057 # 1504
27057 # 1504
27057 # 1504
27059 # 1504
27060 # 1504
27061 # 1504
27062 # 1504
27064 # 1504
27065 # 1504
27066 # 1504
27068 # 1504
27069 # 1504
27070 # 1504
27072 # 1504
27072 # 1504
27073 # 1504
27074 # 1504
27076 # 1504
27077 # 1504
27078 # 1504
27079 # 1504
27080 # 1504
27081 # 1504
27083 # 1504
27086 # 1504
27095 # 1504
27095 # 1504
27095 # 1504
27095 # 1504
27096 # 1504
27096 # 1504
27097 # 1504
27098 # 1504
27113 # 1504
27113 # 1504
27113 # 1504
27113 # 1504
27113 # 1504
27113 # 1504
27113 # 1504
27113 # 1504
27119 # 1504
27120 # 1504
27120 # 1504
27120 # 1504
27120 # 1504
27121 # 1504
27121 # 1504
27121 # 1504
27122 # 1504
27131 # 1504
27131 # 1504
27131 # 1504
27131 # 1504
27131 # 1504
27131 # 1504
27132 # 1504
27132 # 1504
27133 # 1504
27134 # 1504
27135 # 1504
27136 # 1504
27137 # 1504
27138 # 1504
27140 # 1504
27141 # 1504
27143 # 1504
27143 # 1504
27144 # 1504
27146 # 1504
27146 # 1504
27148 # 1504
27151 # 1504
27151 # 1504
27160 # 1504
27160 # 1504
27160 # 1504
27160 # 1504
27161 # 1504
27161 # 1504
27161 # 1504
27161 # 1504
27162 # 1504
27172 # 1504
27172 # 1504
27172 # 1504
27172 # 1504
27172 # 1504
27172 # 1504
27172 # 1504
27173 # 1504
27174 # 1504
27176 # 1504
27177 # 1504
27178 # 1504
27180 # 1504
27181 # 1504
27182 # 1504
27183 # 1504
27185 # 1504
27186 # 1504
27188 # 1504
27189 # 1504
27190 # 1504
27191 # 1504
27192 # 1504
27193 # 1504
27195 # 1504
27196 # 1504
27198 # 1504
27199 # 1504
27201 # 1504
27202 # 1504
27205 # 1504
27206 # 1504
27207 # 1504
27208 # 1504
27214 # 1504
27214 # 1504
27214 # 1504
27214 # 1504
27215 # 1504
27217 # 1504
27218 # 1504
27219 # 1504
27221 # 1504
27221 # 1504
27223 # 1504
27224 # 1504
27225 # 1504
27226 # 1504
27229 # 1504
27229 # 1504
27230 # 1504
27231 # 1504
27233 # 1504
27234 # 1504
27243 # 1504
27243 # 1504
27243 # 1504
27243 # 1504
27247 # 1504
27247 # 1504
27247 # 1504
27247 # 1504
27248 # 1504
27248 # 1504
27249 # 1504
27250 # 1504
27251 # 1504
27252 # 1504
27253 # 1504
27254 # 1504
27256 # 1504
27258 # 1504
27267 # 1504
27268 # 1504
27269 # 1504
27271 # 1504
27273 # 1504
27278 # 1504
27278 # 1504
27280 # 1504
27290 # 1504
27290 # 1504
27291 # 1504
27292 # 1504
27292 # 1504
27292 # 1504
27293 # 1504
27294 # 1504
27304 # 1504
27305 # 1504
27308 # 1504
27308 # 1504
27314 # 1504
27314 # 1504
27315 # 1504
27315 # 1504
27315 # 1504
27315 # 1504
27316 # 1504
27317 # 1504
27318 # 1504
27320 # 1504
27321 # 1504
27323 # 1504
27324 # 1504
27325 # 1504
27326 # 1504
27335 # 1504
27335 # 1504
27335 # 1504
27335 # 1504
27335 # 1504
27336 # 1504
27337 # 1504
27338 # 1504
27340 # 1504
27342 # 1504
27343 # 1504
27345 # 1504
27346 # 1504
27351 # 1504
27351 # 1504
27353 # 1504
27353 # 1504
27354 # 1504
27354 # 1504
27356 # 1504
27357 # 1504
27358 # 1504
27359 # 1504
27360 # 1504
27361 # 1504
27365 # 1504
27366 # 1504
27367 # 1504
27368 # 1504
27369 # 1504
27370 # 1504
27372 # 1504
27373 # 1504
27374 # 1504
27376 # 1504
27377 # 1504
27380 # 1504
27381 # 1504
27382 # 1504
27384 # 1504
27385 # 1504
27395 # 1504
27395 # 1504
27395 # 1504
27395 # 1504
27396 # 1504
27396 # 1504
27397 # 1504
27398 # 1504
27399 # 1504
27400 # 1504
27400 # 1504
27402 # 1504
27403 # 1504
27405 # 1504
27406 # 1504
27407 # 1504
27408 # 1504
27409 # 1504
27412 # 1504
27414 # 1504
27415 # 1504
27416 # 1504
27417 # 1504
27418 # 1504
27419 # 1504
27420 # 1504
27422 # 1504
27425 # 1504
27426 # 1504
27426 # 1504
27426 # 1504
27428 # 1504
27429 # 1504
27430 # 1504
27431 # 1504
27434 # 1504
27434 # 1504
27434 # 1504
27436 # 1504
27437 # 1504
27438 # 1504
27439 # 1504
27439 # 1504
27441 # 1504
27442 # 1504
27444 # 1504
27445 # 1504
27446 # 1504
27447 # 1504
27448 # 1504
27458 # 1504
27458 # 1504
27458 # 1504
27458 # 1504
27459 # 1504
27460 # 1504
27462 # 1504
27462 # 1504
27465 # 1504
27467 # 1504
27468 # 1504
27469 # 1504
27470 # 1504
27473 # 1504
27474 # 1504
27475 # 1504
27476 # 1504
27477 # 1504
27478 # 1504
27480 # 1504
27481 # 1504
27482 # 1504
27483 # 1504
27484 # 1504
27485 # 1504
27487 # 1504
27490 # 1504
27490 # 1504
27490 # 1504
27490 # 1504
27492 # 1504
27494 # 1504
27494 # 1504
27495 # 1504
27496 # 1504
27497 # 1504
27498 # 1504
27500 # 1504
27501 # 1504
27502 # 1504
27503 # 1504
27504 # 1504
27505 # 1504
27508 # 1504
27518 # 1504
27523 # 1504
27523 # 1504
27526 # 1504
27529 # 1504
27530 # 1504
27531 # 1504
27535 # 1504
27537 # 1504
27538 # 1504
27539 # 1504
27543 # 1504
27545 # 1504
27546 # 1504
27547 # 1504
27561 # 1504
27561 # 1504
27561 # 1504
27561 # 1504
27561 # 1504
27561 # 1504
27561 # 1504
27561 # 1504
27562 # 1504
27563 # 1504
27565 # 1504
27566 # 1504
27575 # 1504
27575 # 1504
27575 # 1504
27576 # 1504
27576 # 1504
27576 # 1504
27576 # 1504
27576 # 1504
27576 # 1504
27577 # 1504
27578 # 1504
27580 # 1504
27580 # 1504
27581 # 1504
27582 # 1504
27591 # 1504
27591 # 1504
27591 # 1504
27591 # 1504
27591 # 1504
27591 # 1504
27591 # 1504
27599 # 1504
27600 # 1504
27600 # 1504
27604 # 1504
27605 # 1504
27606 # 1504
27606 # 1504
27606 # 1504
27611 # 1504
27616 # 1504
27616 # 1504
27616 # 1504
27619 # 1504
27619 # 1504
27620 # 1504
27620 # 1504
27620 # 1504
27620 # 1504
27629 # 1504
27631 # 1504
27631 # 1504
27631 # 1504
27631 # 1504
27631 # 1504
27633 # 1504
27634 # 1504
27636 # 1504
27637 # 1504
27640 # 1504
27640 # 1504
27642 # 1504
27642 # 1504
27645 # 1504
27646 # 1504
27648 # 1504
27649 # 1504
27651 # 1504
27651 # 1504
27654 # 1504
27654 # 1504
27657 # 1504
27657 # 1504
27659 # 1504
27660 # 1504
27661 # 1504
27662 # 1504
27664 # 1504
27665 # 1504
27668 # 1504
27669 # 1504
27669 # 1504
27671 # 1504
27673 # 1504
27674 # 1504
27675 # 1504
27676 # 1504
27677 # 1504
27678 # 1504
27680 # 1504
27681 # 1504
27682 # 1504
27682 # 1504
27683 # 1504
27684 # 1504
27686 # 1504
27695 # 1504
27695 # 1504
27695 # 1504
27695 # 1504
27695 # 1504
27695 # 1504
27696 # 1504
27696 # 1504
27696 # 1504
27697 # 1504
27698 # 1504
27699 # 1504
27700 # 1504
27701 # 1504
27702 # 1504
27704 # 1504
27705 # 1504
27706 # 1504
27707 # 1504
27708 # 1504
27710 # 1504
27710 # 1504
27711 # 1504
27712 # 1504
27713 # 1504
27717 # 1504
27717 # 1504
27719 # 1504
27721 # 1504
27721 # 1504
27722 # 1504
27723 # 1504
27723 # 1504
27724 # 1504
27725 # 1504
27727 # 1504
27727 # 1504
27731 # 1504
27731 # 1504
27732 # 1504
27733 # 1504
27733 # 1504
27735 # 1504
27736 # 1504
27736 # 1504
27737 # 1504
27738 # 1504
27739 # 1504
27740 # 1504
27741 # 1504
27742 # 1504
27744 # 1504
27745 # 1504
27746 # 1504
27748 # 1504
27748 # 1504
27749 # 1504
27750 # 1504
27751 # 1504
27752 # 1504
27754 # 1504
27755 # 1504
27758 # 1504
27758 # 1504
27767 # 1504
27767 # 1504
27769 # 1504
27770 # 1504
27771 # 1504
27780 # 1504
27781 # 1504
27781 # 1504
27785 # 1504
27785 # 1504
27785 # 1504
27785 # 1504
27786 # 1504
27786 # 1504
27786 # 1504
27786 # 1504
27786 # 1504
27787 # 1504
27788 # 1504
27789 # 1504
27790 # 1504
27791 # 1504
27792 # 1504
27793 # 1504
27795 # 1504
27795 # 1504
27795 # 1504
27796 # 1504
27798 # 1504
27799 # 1504
27800 # 1504
27801 # 1504
27801 # 1504
27802 # 1504
27803 # 1504
27804 # 1504
27813 # 1504
27813 # 1504
27813 # 1504
27813 # 1504
27813 # 1504
27814 # 1504
27814 # 1504
27814 # 1504
27814 # 1504
27818 # 1504
27823 # 1504
27825 # 1504
27825 # 1504
27826 # 1504
27826 # 1504
27827 # 1504
27827 # 1504
27827 # 1504
27827 # 1504
27828 # 1504
27829 # 1504
27830 # 1504
27831 # 1504
27834 # 1504
27834 # 1504
27834 # 1504
27834 # 1504
27835 # 1504
27836 # 1504
27838 # 1504
27839 # 1504
27839 # 1504
27840 # 1504
27841 # 1504
27842 # 1504
27843 # 1504
27844 # 1504
27846 # 1504
27846 # 1504
27847 # 1504
27850 # 1504
27850 # 1504
27850 # 1504
27851 # 1504
27853 # 1504
27853 # 1504
27854 # 1504
27855 # 1504
27857 # 1504
27857 # 1504
27858 # 1504
27858 # 1504
27859 # 1504
27860 # 1504
27861 # 1504
27862 # 1504
27863 # 1504
27864 # 1504
27891 # 1504
27891 # 1504
27891 # 1504
27891 # 1504
27891 # 1504
27892 # 1504
27892 # 1504
27892 # 1504
27892 # 1504
27892 # 1504
27892 # 1504
27892 # 1504
27892 # 1504
27892 # 1504
27892 # 1504
27892 # 1504
27892 # 1504
27892 # 1504
27892 # 1504
27892 # 1504
27892 # 1504
27892 # 1504
27892 # 1504
27892 # 1504
27892 # 1504
27892 # 1504
27895 # 1504
27895 # 1504
27895 # 1504
27896 # 1504
27897 # 1504
27898 # 1504
27898 # 1504
27899 # 1504
27900 # 1504
27901 # 1504
27902 # 1504
27904 # 1504
27904 # 1504
27905 # 1504
27906 # 1504
27906 # 1504
27907 # 1504
27908 # 1504
27909 # 1504
27910 # 1504
27911 # 1504
27912 # 1504
27914 # 1504
27914 # 1504
27919 # 1504
27919 # 1504
27919 # 1504
27919 # 1504
27920 # 1504
27920 # 1504
27920 # 1504
27920 # 1504
27921 # 1504
27922 # 1504
27923 # 1504
27923 # 1504
27925 # 1504
27927 # 1504
27927 # 1504
27935 # 1504
27935 # 1504
27935 # 1504
27935 # 1504
27935 # 1504
27935 # 1504
27936 # 1504
27936 # 1504
27936 # 1504
27936 # 1504
27938 # 1504
27938 # 1504
27940 # 1504
27940 # 1504
27940 # 1504
27942 # 1504
27942 # 1504
27945 # 1504
27946 # 1504
27946 # 1504
27946 # 1504
27947 # 1504
27948 # 1504
27949 # 1504
27950 # 1504
27950 # 1504
27952 # 1504
27953 # 1504
27955 # 1504
27955 # 1504
27955 # 1504
27956 # 1504
27957 # 1504
27958 # 1504
27959 # 1504
27964 # 1504
27964 # 1504
27964 # 1504
27965 # 1504
27965 # 1504
27966 # 1504
27966 # 1504
27968 # 1504
27968 # 1504
27969 # 1504
27970 # 1504
27971 # 1504
27972 # 1504
27973 # 1504
27974 # 1504
27975 # 1504
27976 # 1504
27978 # 1504
27979 # 1504
27979 # 1504
27980 # 1504
27981 # 1504
27982 # 1504
27983 # 1504
27984 # 1504
27985 # 1504
27986 # 1504
27987 # 1504
27988 # 1504
27989 # 1504
27990 # 1504
27992 # 1504
27992 # 1504
27994 # 1504
27994 # 1504
28003 # 1504
28004 # 1504
28005 # 1504
28006 # 1504
28008 # 1504
28008 # 1504
28009 # 1504
28010 # 1504
28023 # 1504
28032 # 1504
28032 # 1504
28032 # 1504
28033 # 1504
28033 # 1504
28033 # 1504
28033 # 1504
28033 # 1504
28034 # 1504
28036 # 1504
28036 # 1504
28038 # 1504
28039 # 1504
28040 # 1504
28041 # 1504
28042 # 1504
28044 # 1504
28045 # 1504
28046 # 1504
28049 # 1504
28049 # 1504
28050 # 1504
28051 # 1504
28052 # 1504
28054 # 1504
28055 # 1504
28057 # 1504
28058 # 1504
28059 # 1504
28060 # 1504
28063 # 1504
28064 # 1504
28064 # 1504
28066 # 1504
28067 # 1504
28068 # 1504
28070 # 1504
28073 # 1504
28074 # 1504
28076 # 1504
28077 # 1504
28079 # 1504
28083 # 1504
28085 # 1504
28086 # 1504
28088 # 1504
28091 # 1504
28093 # 1504
28094 # 1504
28095 # 1504
28096 # 1504
28100 # 1504
28101 # 1504
28102 # 1504
28104 # 1504
28116 # 1504
28116 # 1504
28116 # 1504
28116 # 1504
28121 # 1504
28121 # 1504
28121 # 1504
28121 # 1504
28121 # 1504
28122 # 1504
28123 # 1504
28125 # 1504
28125 # 1504
28127 # 1504
28128 # 1504
28130 # 1504
28131 # 1504
28132 # 1504
28134 # 1504
28135 # 1504
28136 # 1504
28139 # 1504
28139 # 1504
28140 # 1504
28141 # 1504
28142 # 1504
28143 # 1504
28145 # 1504
28146 # 1504
28147 # 1504
28148 # 1504
28149 # 1504
28150 # 1504
28151 # 1504
28152 # 1504
28153 # 1504
28155 # 1504
28156 # 1504
28157 # 1504
28158 # 1504
28159 # 1504
28160 # 1504
28162 # 1504
28163 # 1504
28164 # 1504
28166 # 1504
28169 # 1504
28170 # 1504
28172 # 1504
28174 # 1504
28176 # 1504
28178 # 1504
28180 # 1504
28182 # 1504
28183 # 1504
28185 # 1504
28188 # 1504
28189 # 1504
28198 # 1504
28198 # 1504
28198 # 1504
28198 # 1504
28198 # 1504
28198 # 1504
28199 # 1504
28201 # 1504
28202 # 1504
28203 # 1504
28204 # 1504
28205 # 1504
28206 # 1504
28207 # 1504
28208 # 1504
28209 # 1504
28210 # 1504
28211 # 1504
28212 # 1504
28213 # 1504
28213 # 1504
28215 # 1504
28222 # 1504
28223 # 1504
28223 # 1504
28223 # 1504
28223 # 1504
28223 # 1504
28223 # 1504
28225 # 1504
28226 # 1504
28227 # 1504
28228 # 1504
28229 # 1504
28230 # 1504
28231 # 1504
28232 # 1504
28233 # 1504
28234 # 1504
28236 # 1504
28237 # 1504
28238 # 1504
28239 # 1504
28241 # 1504
28242 # 1504
28244 # 1504
28244 # 1504
28245 # 1504
28246 # 1504
28247 # 1504
28248 # 1504
28249 # 1504
28250 # 1504
28252 # 1504
28253 # 1504
28254 # 1504
28255 # 1504
28258 # 1504
28268 # 1504
28268 # 1504
28268 # 1504
28268 # 1504
28268 # 1504
28277 # 1504
28278 # 1504
28278 # 1504
28278 # 1504
28278 # 1504
28278 # 1504
28279 # 1504
28280 # 1504
28282 # 1504
28284 # 1504
28285 # 1504
28286 # 1504
28287 # 1504
28288 # 1504
28290 # 1504
28292 # 1504
28293 # 1504
28294 # 1504
28295 # 1504
28296 # 1504
28297 # 1504
28299 # 1504
28300 # 1504
28301 # 1504
28302 # 1504
28304 # 1504
28304 # 1504
28305 # 1504
28306 # 1504
28307 # 1504
28308 # 1504
28309 # 1504
28310 # 1504
28312 # 1504
28313 # 1504
28313 # 1504
28314 # 1504
28315 # 1504
28316 # 1504
28317 # 1504
28324 # 1504
28324 # 1504
28324 # 1504
28324 # 1504
28324 # 1504
28324 # 1504
28325 # 1504
28327 # 1504
28336 # 1504
28336 # 1504
28336 # 1504
28336 # 1504
28337 # 1504
28337 # 1504
28337 # 1504
28337 # 1504
28337 # 1504
28338 # 1504
28339 # 1504
28340 # 1504
28341 # 1504
28342 # 1504
28344 # 1504
28345 # 1504
28345 # 1504
28346 # 1504
28347 # 1504
28348 # 1504
28349 # 1504
28350 # 1504
28351 # 1504
28352 # 1504
28353 # 1504
28354 # 1504
28354 # 1504
28356 # 1504
28357 # 1504
28357 # 1504
28358 # 1504
28367 # 1504
28367 # 1504
28368 # 1504
28368 # 1504
28368 # 1504
28368 # 1504
28368 # 1504
28368 # 1504
28368 # 1504
28368 # 1504
28369 # 1504
28370 # 1504
28372 # 1504
28373 # 1504
28373 # 1504
28374 # 1504
28376 # 1504
28376 # 1504
28377 # 1504
28378 # 1504
28380 # 1504
28381 # 1504
28381 # 1504
28382 # 1504
28385 # 1504
28386 # 1504
28388 # 1504
28388 # 1504
28389 # 1504
28390 # 1504
28401 # 1504
28401 # 1504
28401 # 1504
28401 # 1504
28401 # 1504
28401 # 1504
28401 # 1504
28401 # 1504
28401 # 1504
28411 # 1504
28411 # 1504
28411 # 1504
28411 # 1504
28411 # 1504
28411 # 1504
28411 # 1504
28417 # 1504
28417 # 1504
28417 # 1504
28417 # 1504
28417 # 1504
28417 # 1504
28422 # 1504
28422 # 1504
28422 # 1504
28422 # 1504
28424 # 1504
28424 # 1504
28426 # 1504
28435 # 1504
28435 # 1504
28435 # 1504
28435 # 1504
28435 # 1504
28435 # 1504
28436 # 1504
28436 # 1504
28436 # 1504
28436 # 1504
28437 # 1504
28439 # 1504
28448 # 1504
28448 # 1504
28448 # 1504
28448 # 1504
28448 # 1504
28448 # 1504
28448 # 1504
28448 # 1504
28448 # 1504
28448 # 1504
28448 # 1504
28457 # 1504
28457 # 1504
28457 # 1504
28457 # 1504
28457 # 1504
28457 # 1504
28458 # 1504
28458 # 1504
28458 # 1504
28459 # 1504
28460 # 1504
28462 # 1504
28463 # 1504
28463 # 1504
28464 # 1504
28465 # 1504
28466 # 1504
28467 # 1504
28468 # 1504
28470 # 1504
28471 # 1504
28471 # 1504
28473 # 1504
28474 # 1504
28476 # 1504
28476 # 1504
28486 # 1504
28486 # 1504
28486 # 1504
28486 # 1504
28486 # 1504
28486 # 1504
28487 # 1504
28489 # 1504
28490 # 1504
28490 # 1504
28492 # 1504
28494 # 1504
28495 # 1504
28497 # 1504
28498 # 1504
28503 # 1504
28503 # 1504
28503 # 1504
28505 # 1504
28505 # 1504
28516 # 1504
28525 # 1504
28525 # 1504
28525 # 1504
28525 # 1504
28525 # 1504
28525 # 1504
28527 # 1504
28529 # 1504
28530 # 1504
28532 # 1504
28534 # 1504
28535 # 1504
28545 # 1504
28546 # 1504
28546 # 1504
28546 # 1504
28546 # 1504
28546 # 1504
28547 # 1504
28548 # 1504
28549 # 1504
28550 # 1504
28550 # 1504
28554 # 1504
28555 # 1504
28555 # 1504
28556 # 1504
28557 # 1504
28558 # 1504
28560 # 1504
28561 # 1504
28562 # 1504
28563 # 1504
28564 # 1504
28565 # 1504
28574 # 1504
28574 # 1504
28574 # 1504
28575 # 1504
28575 # 1504
28575 # 1504
28575 # 1504
28575 # 1504
28576 # 1504
28577 # 1504
28578 # 1504
28580 # 1504
28580 # 1504
28581 # 1504
28582 # 1504
28584 # 1504
28585 # 1504
28586 # 1504
28587 # 1504
28588 # 1504
28589 # 1504
28590 # 1504
28592 # 1504
28593 # 1504
28594 # 1504
28603 # 1504
28603 # 1504
28603 # 1504
28603 # 1504
28603 # 1504
28603 # 1504
28603 # 1504
28604 # 1504
28605 # 1504
28607 # 1504
28608 # 1504
28609 # 1504
28610 # 1504
28611 # 1504
28612 # 1504
28613 # 1504
28615 # 1504
28616 # 1504
28617 # 1504
28618 # 1504
28624 # 1504
28624 # 1504
28624 # 1504
28624 # 1504
28624 # 1504
28624 # 1504
28624 # 1504
28626 # 1504
28627 # 1504
28628 # 1504
28629 # 1504
28630 # 1504
28632 # 1504
28633 # 1504
28634 # 1504
28634 # 1504
28636 # 1504
28637 # 1504
28639 # 1504
28639 # 1504
28640 # 1504
28641 # 1504
28642 # 1504
28643 # 1504
28644 # 1504
28645 # 1504
28646 # 1504
28648 # 1504
28649 # 1504
28650 # 1504
28651 # 1504
28653 # 1504
28653 # 1504
28654 # 1504
28655 # 1504
28656 # 1504
28657 # 1504
28658 # 1504
28659 # 1504
28660 # 1504
28661 # 1504
28663 # 1504
28663 # 1504
28664 # 1504
28665 # 1504
28666 # 1504
28667 # 1504
28668 # 1504
28669 # 1504
28670 # 1504
28671 # 1504
28672 # 1504
28673 # 1504
28674 # 1504
28675 # 1504
28676 # 1504
28677 # 1504
28678 # 1504
28679 # 1504
28687 # 1504
28688 # 1504
28690 # 1504
28690 # 1504
28691 # 1504
28691 # 1504
28691 # 1504
28691 # 1504
28691 # 1504
28692 # 1504
28693 # 1504
28694 # 1504
28695 # 1504
28696 # 1504
28696 # 1504
28698 # 1504
28698 # 1504
28700 # 1504
28701 # 1504
28702 # 1504
28703 # 1504
28704 # 1504
28705 # 1504
28706 # 1504
28707 # 1504
28708 # 1504
28709 # 1504
28710 # 1504
28710 # 1504
28712 # 1504
28713 # 1504
28715 # 1504
28717 # 1504
28717 # 1504
28718 # 1504
28725 # 1504
28725 # 1504
28726 # 1504
28726 # 1504
28726 # 1504
28726 # 1504
28727 # 1504
28728 # 1504
28729 # 1504
28731 # 1504
28732 # 1504
28734 # 1504
28735 # 1504
28735 # 1504
28736 # 1504
28737 # 1504
28739 # 1504
28740 # 1504
28741 # 1504
28742 # 1504
28743 # 1504
28744 # 1504
28745 # 1504
28748 # 1504
28748 # 1504
28749 # 1504
28750 # 1504
28751 # 1504
28752 # 1504
28753 # 1504
28754 # 1504
28756 # 1504
28758 # 1504
28760 # 1504
28768 # 1504
28771 # 1504
28778 # 1504
28778 # 1504
28778 # 1504
28789 # 1504
28789 # 1504
28789 # 1504
28792 # 1504
28794 # 1504
28795 # 1504
28797 # 1504
28797 # 1504
28798 # 1504
28799 # 1504
28800 # 1504
28801 # 1504
28802 # 1504
28804 # 1504
28805 # 1504
28806 # 1504
28807 # 1504
28808 # 1504
28809 # 1504
28818 # 1504
28818 # 1504
28818 # 1504
28818 # 1504
28818 # 1504
28818 # 1504
28818 # 1504
28826 # 1504
28826 # 1504
28826 # 1504
28826 # 1504
28826 # 1504
28826 # 1504
28826 # 1504
28827 # 1504
28829 # 1504
28830 # 1504
28831 # 1504
28831 # 1504
28832 # 1504
28833 # 1504
28835 # 1504
28836 # 1504
28837 # 1504
28838 # 1504
28839 # 1504
28840 # 1504
28841 # 1504
28843 # 1504
28844 # 1504
28845 # 1504
28846 # 1504
28847 # 1504
28848 # 1504
28850 # 1504
28852 # 1504
28853 # 1504
28854 # 1504
28855 # 1504
28864 # 1504
28864 # 1504
28864 # 1504
28864 # 1504
28864 # 1504
28864 # 1504
28864 # 1504
28865 # 1504
28868 # 1504
28869 # 1504
28869 # 1504
28870 # 1504
28871 # 1504
28872 # 1504
28874 # 1504
28875 # 1504
28876 # 1504
28877 # 1504
28878 # 1504
28879 # 1504
28880 # 1504
28881 # 1504
28882 # 1504
28884 # 1504
28885 # 1504
28886 # 1504
28887 # 1504
28888 # 1504
28889 # 1504
28890 # 1504
28891 # 1504
28892 # 1504
28893 # 1504
28894 # 1504
28895 # 1504
28896 # 1504
28897 # 1504
28897 # 1504
28898 # 1504
28907 # 1504
28907 # 1504
28907 # 1504
28907 # 1504
28908 # 1504
28908 # 1504
28908 # 1504
28908 # 1504
28908 # 1504
28908 # 1504
28918 # 1504
28918 # 1504
28918 # 1504
28918 # 1504
28918 # 1504
28918 # 1504
28918 # 1504
28919 # 1504
28928 # 1504
28928 # 1504
28928 # 1504
28928 # 1504
28928 # 1504
28929 # 1504
28929 # 1504
28929 # 1504
28929 # 1504
28932 # 1504
28932 # 1504
28933 # 1504
28934 # 1504
28943 # 1504
28943 # 1504
28943 # 1504
28943 # 1504
28943 # 1504
28944 # 1504
28944 # 1504
28944 # 1504
28945 # 1504
28945 # 1504
28948 # 1504
28949 # 1504
28950 # 1504
28950 # 1504
28952 # 1504
28953 # 1504
28953 # 1504
28955 # 1504
28955 # 1504
28964 # 1504
28964 # 1504
28966 # 1504
28967 # 1504
28967 # 1504
28967 # 1504
28967 # 1504
28967 # 1504
28968 # 1504
28968 # 1504
28968 # 1504
28969 # 1504
28971 # 1504
28971 # 1504
28972 # 1504
28973 # 1504
28974 # 1504
28975 # 1504
28976 # 1504
28977 # 1504
28978 # 1504
28979 # 1504
28980 # 1504
28981 # 1504
28982 # 1504
28982 # 1504
28984 # 1504
28985 # 1504
28985 # 1504
28986 # 1504
28988 # 1504
28989 # 1504
28990 # 1504
28990 # 1504
28992 # 1504
28993 # 1504
28994 # 1504
28995 # 1504
28996 # 1504
28997 # 1504
28999 # 1504
29007 # 1504
29007 # 1504
29008 # 1504
29010 # 1504
29010 # 1504
29010 # 1504
29010 # 1504
29010 # 1504
29010 # 1504
29012 # 1504
29015 # 1504
29026 # 1504
29026 # 1504
29026 # 1504
29026 # 1504
29026 # 1504
29034 # 1504
29035 # 1504
29038 # 1504
29039 # 1504
29039 # 1504
29042 # 1504
29042 # 1504
29042 # 1504
29042 # 1504
29042 # 1504
29045 # 1504
29046 # 1504
29046 # 1504
29049 # 1504
29049 # 1504
29050 # 1504
29054 # 1504
29055 # 1504
29057 # 1504
29057 # 1504
29060 # 1504
29061 # 1504
29062 # 1504
29063 # 1504
29064 # 1504
29066 # 1504
29067 # 1504
29068 # 1504
29068 # 1504
29069 # 1504
29070 # 1504
29071 # 1504
29072 # 1504
29074 # 1504
29074 # 1504
29076 # 1504
29077 # 1504
29078 # 1504
29079 # 1504
29080 # 1504
29081 # 1504
29083 # 1504
29084 # 1504
29085 # 1504
29086 # 1504
29087 # 1504
29088 # 1504
29089 # 1504
29090 # 1504
29092 # 1504
29094 # 1504
29095 # 1504
29096 # 1504
29097 # 1504
29106 # 1504
29106 # 1504
29106 # 1504
29106 # 1504
29106 # 1504
29106 # 1504
29107 # 1504
29107 # 1504
29107 # 1504
29107 # 1504
29108 # 1504
29110 # 1504
29110 # 1504
29111 # 1504
29111 # 1504
29112 # 1504
29113 # 1504
29114 # 1504
29115 # 1504
29116 # 1504
29117 # 1504
29126 # 1504
29126 # 1504
29126 # 1504
29126 # 1504
29127 # 1504
29127 # 1504
29127 # 1504
29127 # 1504
29127 # 1504
29128 # 1504
29128 # 1504
29128 # 1504
29129 # 1504
29130 # 1504
29132 # 1504
29135 # 1504
29135 # 1504
29136 # 1504
29137 # 1504
29146 # 1504
29146 # 1504
29146 # 1504
29146 # 1504
29146 # 1504
29146 # 1504
29146 # 1504
29146 # 1504
29149 # 1504
29150 # 1504
29150 # 1504
29151 # 1504
29152 # 1504
29153 # 1504
29154 # 1504
29155 # 1504
29156 # 1504
29157 # 1504
29158 # 1504
29159 # 1504
29160 # 1504
29161 # 1504
29163 # 1504
29164 # 1504
29165 # 1504
29165 # 1504
29166 # 1504
29167 # 1504
29168 # 1504
29169 # 1504
29170 # 1504
29171 # 1504
29172 # 1504
29173 # 1504
29174 # 1504
29176 # 1504
29177 # 1504
29178 # 1504
29180 # 1504
29181 # 1504
29181 # 1504
29182 # 1504
29185 # 1504
29185 # 1504
29187 # 1504
29188 # 1504
29188 # 1504
29189 # 1504
29190 # 1504
29191 # 1504
29192 # 1504
29193 # 1504
29194 # 1504
29195 # 1504
29196 # 1504
29197 # 1504
29198 # 1504
29199 # 1504
29200 # 1504
29201 # 1504
29202 # 1504
29204 # 1504
29205 # 1504
29209 # 1504
29209 # 1504
29209 # 1504
29211 # 1504
29212 # 1504
29212 # 1504
29214 # 1504
29215 # 1504
29216 # 1504
29217 # 1504
29218 # 1504
29220 # 1504
29220 # 1504
29221 # 1504
29225 # 1504
29225 # 1504
29225 # 1504
29226 # 1504
29228 # 1504
29228 # 1504
29229 # 1504
29230 # 1504
29231 # 1504
29232 # 1504
29233 # 1504
29234 # 1504
29235 # 1504
29236 # 1504
29237 # 1504
29247 # 1504
29247 # 1504
29247 # 1504
29248 # 1504
29252 # 1504
29252 # 1504
29252 # 1504
29252 # 1504
29252 # 1504
29253 # 1504
29254 # 1504
29255 # 1504
29258 # 1504
29268 # 1504
29268 # 1504
29268 # 1504
29268 # 1504
29268 # 1504
29278 # 1504
29278 # 1504
29278 # 1504
29279 # 1504
29280 # 1504
29282 # 1504
29283 # 1504
29284 # 1504
29285 # 1504
29286 # 1504
29287 # 1504
29288 # 1504
29290 # 1504
29292 # 1504
29293 # 1504
29294 # 1504
29295 # 1504
29296 # 1504
29307 # 1504
29307 # 1504
29307 # 1504
29307 # 1504
29307 # 1504
29308 # 1504
29308 # 1504
29308 # 1504
29310 # 1504
29310 # 1504
29311 # 1504
29312 # 1504
29313 # 1504
29313 # 1504
29316 # 1504
29317 # 1504
29326 # 1504
29326 # 1504
29326 # 1504
29330 # 1504
29330 # 1504
29330 # 1504
29330 # 1504
29330 # 1504
29330 # 1504
29332 # 1504
29333 # 1504
29333 # 1504
29334 # 1504
29344 # 1504
29344 # 1504
29346 # 1504
29347 # 1504
29347 # 1504
29347 # 1504
29347 # 1504
29347 # 1504
29348 # 1504
29348 # 1504
29350 # 1504
29350 # 1504
29351 # 1504
29352 # 1504
29353 # 1504
29354 # 1504
29356 # 1504
29357 # 1504
29366 # 1504
29366 # 1504
29366 # 1504
29366 # 1504
29370 # 1504
29370 # 1504
29370 # 1504
29370 # 1504
29370 # 1504
29370 # 1504
29377 # 1504
29377 # 1504
29377 # 1504
29377 # 1504
29377 # 1504
29377 # 1504
29386 # 1504
29386 # 1504
29389 # 1504
29389 # 1504
29389 # 1504
29389 # 1504
29389 # 1504
29389 # 1504
29389 # 1504
29390 # 1504
29392 # 1504
29393 # 1504
29394 # 1504
29395 # 1504
29396 # 1504
29398 # 1504
29399 # 1504
29400 # 1504
29401 # 1504
29402 # 1504
29403 # 1504
29405 # 1504
29406 # 1504
29407 # 1504
29408 # 1504
29409 # 1504
29410 # 1504
29411 # 1504
29412 # 1504
29413 # 1504
29415 # 1504
29416 # 1504
29417 # 1504
29427 # 1504
29427 # 1504
29427 # 1504
29427 # 1504
29427 # 1504
29427 # 1504
29427 # 1504
29428 # 1504
29430 # 1504
29431 # 1504
29432 # 1504
29434 # 1504
29436 # 1504
29446 # 1504
29446 # 1504
29446 # 1504
29446 # 1504
29446 # 1504
29446 # 1504
29447 # 1504
29448 # 1504
29449 # 1504
29450 # 1504
29451 # 1504
29455 # 1504
29455 # 1504
29456 # 1504
29460 # 1504
29460 # 1504
29460 # 1504
29463 # 1504
29463 # 1504
29464 # 1504
29465 # 1504
29467 # 1504
29469 # 1504
29470 # 1504
29470 # 1504
29472 # 1504
29473 # 1504
29474 # 1504
29475 # 1504
29475 # 1504
29478 # 1504
29487 # 1504
29488 # 1504
29488 # 1504
29488 # 1504
29488 # 1504
29488 # 1504
29489 # 1504
29489 # 1504
29498 # 1504
29498 # 1504
29498 # 1504
29498 # 1504
29499 # 1504
29499 # 1504
29499 # 1504
29499 # 1504
29500 # 1504
29502 # 1504
29502 # 1504
29504 # 1504
29513 # 1504
29514 # 1504
29516 # 1504
29518 # 1504
29518 # 1504
29527 # 1504
29527 # 1504
29527 # 1504
29527 # 1504
29527 # 1504
29527 # 1504
29529 # 1504
29530 # 1504
29531 # 1504
29532 # 1504
29533 # 1504
29534 # 1504
29536 # 1504
29537 # 1504
29537 # 1504
29540 # 1504
29541 # 1504
29542 # 1504
29544 # 1504
29545 # 1504
29546 # 1504
29547 # 1504
29549 # 1504
29550 # 1504
29552 # 1504
29553 # 1504
29555 # 1504
29556 # 1504
29558 # 1504
29558 # 1504
29560 # 1504
29561 # 1504
29563 # 1504
29564 # 1504
29566 # 1504
29568 # 1504
29569 # 1504
29569 # 1504
29570 # 1504
29581 # 1504
29581 # 1504
29581 # 1504
29581 # 1504
29581 # 1504
29581 # 1504
29582 # 1504
29582 # 1504
29586 # 1504
29587 # 1504
29587 # 1504
29588 # 1504
29589 # 1504
29590 # 1504
29591 # 1504
29594 # 1504
29594 # 1504
29595 # 1504
29596 # 1504
29598 # 1504
29598 # 1504
29600 # 1504
29603 # 1504
29604 # 1504
29605 # 1504
29606 # 1504
29607 # 1504
29609 # 1504
29610 # 1504
29612 # 1504
29612 # 1504
29613 # 1504
29617 # 1504
29618 # 1504
29619 # 1504
29621 # 1504
29631 # 1504
29631 # 1504
29631 # 1504
29631 # 1504
29633 # 1504
29635 # 1504
29636 # 1504
29645 # 1504
29645 # 1504
29645 # 1504
29645 # 1504
29647 # 1504
29649 # 1504
29659 # 1504
29659 # 1504
29659 # 1504
29659 # 1504
29659 # 1504
29659 # 1504
29661 # 1504
29670 # 1504
29670 # 1504
29670 # 1504
29670 # 1504
29670 # 1504
29670 # 1504
29670 # 1504
29671 # 1504
29671 # 1504
29672 # 1504
29674 # 1504
29676 # 1504
29685 # 1504
29685 # 1504
29685 # 1504
29685 # 1504
29685 # 1504
29685 # 1504
29686 # 1504
29687 # 1504
29688 # 1504
29690 # 1504
29691 # 1504
29694 # 1504
29694 # 1504
29695 # 1504
29696 # 1504
29698 # 1504
29699 # 1504
29708 # 1504
29708 # 1504
29708 # 1504
29708 # 1504
29708 # 1504
29708 # 1504
29709 # 1504
29709 # 1504
29718 # 1504
29718 # 1504
29718 # 1504
29718 # 1504
29718 # 1504
29718 # 1504
29718 # 1504
29728 # 1504
29728 # 1504
29728 # 1504
29728 # 1504
29728 # 1504
29728 # 1504
29729 # 1504
29729 # 1504
29729 # 1504
29730 # 1504
29732 # 1504
29733 # 1504
29734 # 1504
29736 # 1504
29737 # 1504
29738 # 1504
29739 # 1504
29748 # 1504
29748 # 1504
29748 # 1504
29748 # 1504
29748 # 1504
29749 # 1504
29749 # 1504
29749 # 1504
29759 # 1504
29759 # 1504
29759 # 1504
29759 # 1504
29759 # 1504
29759 # 1504
29759 # 1504
29766 # 1504
29775 # 1504
29776 # 1504
29776 # 1504
29776 # 1504
29777 # 1504
29778 # 1504
29780 # 1504
29781 # 1504
29782 # 1504
29783 # 1504
29784 # 1504
29785 # 1504
29788 # 1504
29788 # 1504
29789 # 1504
29790 # 1504
29791 # 1504
29792 # 1504
29793 # 1504
29795 # 1504
29796 # 1504
29798 # 1504
29799 # 1504
29800 # 1504
29801 # 1504
29802 # 1504
29804 # 1504
29806 # 1504
29807 # 1504
29808 # 1504
29810 # 1504
29812 # 1504
29814 # 1504
29817 # 1504
29818 # 1504
29820 # 1504
29823 # 1504
29823 # 1504
29827 # 1504
29827 # 1504
29827 # 1504
29828 # 1504
29829 # 1504
29830 # 1504
29831 # 1504
29832 # 1504
29833 # 1504
29835 # 1504
29836 # 1504
29838 # 1504
29839 # 1504
29840 # 1504
29841 # 1504
29842 # 1504
29844 # 1504
29844 # 1504
29846 # 1504
29847 # 1504
29848 # 1504
29849 # 1504
29858 # 1504
29858 # 1504
29860 # 1504
29862 # 1504
29862 # 1504
29863 # 1504
29863 # 1504
29866 # 1504
29866 # 1504
29866 # 1504
29866 # 1504
29866 # 1504
29866 # 1504
29867 # 1504
29870 # 1504
29870 # 1504
29871 # 1504
29874 # 1504
29874 # 1504
29876 # 1504
29877 # 1504
29878 # 1504
29879 # 1504
29888 # 1504
29888 # 1504
29888 # 1504
29888 # 1504
29888 # 1504
29888 # 1504
29889 # 1504
29890 # 1504
29891 # 1504
29893 # 1504
29894 # 1504
29896 # 1504
29897 # 1504
29899 # 1504
29899 # 1504
29900 # 1504
29902 # 1504
29904 # 1504
29904 # 1504
29905 # 1504
29906 # 1504
29907 # 1504
29908 # 1504
29909 # 1504
29918 # 1504
29918 # 1504
29918 # 1504
29918 # 1504
29918 # 1504
29918 # 1504
29919 # 1504
29932 # 1504
29932 # 1504
29932 # 1504
29932 # 1504
29932 # 1504
29933 # 1504
29933 # 1504
29933 # 1504
29933 # 1504
29933 # 1504
29933 # 1504
29933 # 1504
29934 # 1504
29936 # 1504
29937 # 1504
29938 # 1504
29939 # 1504
29939 # 1504
29941 # 1504
29942 # 1504
29943 # 1504
29944 # 1504
29946 # 1504
29946 # 1504
29948 # 1504
29948 # 1504
29951 # 1504
29951 # 1504
29952 # 1504
29953 # 1504
29954 # 1504
29955 # 1504
29956 # 1504
29957 # 1504
29958 # 1504
29959 # 1504
29968 # 1504
29968 # 1504
29968 # 1504
29968 # 1504
29968 # 1504
29968 # 1504
29968 # 1504
29969 # 1504
29978 # 1504
29980 # 1504
29980 # 1504
29980 # 1504
29980 # 1504
29980 # 1504
29980 # 1504
29980 # 1504
29988 # 1504
29988 # 1504
29988 # 1504
29988 # 1504
29989 # 1504
29989 # 1504
29989 # 1504
29989 # 1504
29989 # 1504
29989 # 1504
29990 # 1504
29991 # 1504
30000 # 1504
30001 # 1504
30001 # 1504
30001 # 1504
30001 # 1504
30001 # 1504
30001 # 1504
30001 # 1504
30001 # 1504
30002 # 1504
30003 # 1504
30004 # 1504
30013 # 1504
30013 # 1504
30013 # 1504
30013 # 1504
30013 # 1504
30017 # 1504
30019 # 1504
30021 # 1504
30024 # 1504
30029 # 1504
30029 # 1504
30029 # 1504
30029 # 1504
30030 # 1504
30032 # 1504
30033 # 1504
30034 # 1504
30043 # 1504
30043 # 1504
30043 # 1504
30043 # 1504
30049 # 1504
30049 # 1504
30049 # 1504
30049 # 1504
30050 # 1504
30050 # 1504
30050 # 1504
30050 # 1504
30058 # 1504
30058 # 1504
30058 # 1504
30058 # 1504
30058 # 1504
30059 # 1504
30059 # 1504
30059 # 1504
30059 # 1504
30059 # 1504
30069 # 1504
30069 # 1504
30069 # 1504
30073 # 1504
30073 # 1504
30073 # 1504
30073 # 1504
30073 # 1504
30073 # 1504
30073 # 1504
30074 # 1504
30075 # 1504
30076 # 1504
30077 # 1504
30078 # 1504
30079 # 1504
30088 # 1504
30088 # 1504
30088 # 1504
30088 # 1504
30088 # 1504
30088 # 1504
30088 # 1504
30089 # 1504
30089 # 1504
30090 # 1504
30091 # 1504
30093 # 1504
30094 # 1504
30096 # 1504
30097 # 1504
30098 # 1504
30100 # 1504
30108 # 1504
30108 # 1504
30108 # 1504
30108 # 1504
30109 # 1504
30109 # 1504
30109 # 1504
30109 # 1504
30109 # 1504
30110 # 1504
30111 # 1504
30112 # 1504
30113 # 1504
30114 # 1504
30115 # 1504
30116 # 1504
30117 # 1504
30118 # 1504
30120 # 1504
30121 # 1504
30121 # 1504
30122 # 1504
30123 # 1504
30133 # 1504
30133 # 1504
30133 # 1504
30133 # 1504
30133 # 1504
30133 # 1504
30133 # 1504
30133 # 1504
30133 # 1504
30133 # 1504
30135 # 1504
30135 # 1504
30136 # 1504
30137 # 1504
30147 # 1504
30147 # 1504
30147 # 1504
30147 # 1504
30147 # 1504
30147 # 1504
30148 # 1504
30148 # 1504
30149 # 1504
30158 # 1504
30158 # 1504
30158 # 1504
30158 # 1504
30158 # 1504
30158 # 1504
30158 # 1504
30159 # 1504
30161 # 1504
30161 # 1504
30162 # 1504
30171 # 1504
30171 # 1504
30171 # 1504
30171 # 1504
30171 # 1504
30172 # 1504
30177 # 1504
30178 # 1504
30178 # 1504
30178 # 1504
30178 # 1504
30178 # 1504
30180 # 1504
30181 # 1504
30182 # 1504
30183 # 1504
30184 # 1504
30185 # 1504
30186 # 1504
30187 # 1504
30187 # 1504
30188 # 1504
30189 # 1504
30191 # 1504
30192 # 1504
30194 # 1504
30194 # 1504
30196 # 1504
30197 # 1504
30198 # 1504
30199 # 1504
30210 # 1504
30210 # 1504
30210 # 1504
30210 # 1504
30210 # 1504
30210 # 1504
30210 # 1504
30210 # 1504
30210 # 1504
30211 # 1504
30212 # 1504
30214 # 1504
30216 # 1504
30217 # 1504
30218 # 1504
30220 # 1504
30231 # 1504
30231 # 1504
30231 # 1504
30232 # 1504
30232 # 1504
30232 # 1504
30232 # 1504
30232 # 1504
30232 # 1504
30233 # 1504
30234 # 1504
30235 # 1504
30236 # 1504
30238 # 1504
30239 # 1504
30240 # 1504
30241 # 1504
30242 # 1504
30244 # 1504
30245 # 1504
30245 # 1504
30247 # 1504
30248 # 1504
30249 # 1504
30250 # 1504
30251 # 1504
30252 # 1504
30253 # 1504
30254 # 1504
30255 # 1504
30257 # 1504
30259 # 1504
30268 # 1504
30268 # 1504
30268 # 1504
30268 # 1504
30268 # 1504
30269 # 1504
30269 # 1504
30278 # 1504
30278 # 1504
30278 # 1504
30278 # 1504
30278 # 1504
30285 # 1504
30285 # 1504
30285 # 1504
30288 # 1504
30288 # 1504
30288 # 1504
30289 # 1504
30289 # 1504
30289 # 1504
30289 # 1504
30290 # 1504
30292 # 1504
30292 # 1504
30293 # 1504
30294 # 1504
30296 # 1504
30298 # 1504
30299 # 1504
30299 # 1504
30299 # 1504
30308 # 1504
30309 # 1504
30309 # 1504
30309 # 1504
30309 # 1504
30309 # 1504
30309 # 1504
30309 # 1504
30309 # 1504
30310 # 1504
30311 # 1504
30313 # 1504
30314 # 1504
30315 # 1504
30316 # 1504
30317 # 1504
30318 # 1504
30319 # 1504
30319 # 1504
30321 # 1504
30322 # 1504
30323 # 1504
30325 # 1504
30326 # 1504
30330 # 1504
30330 # 1504
30330 # 1504
30330 # 1504
30338 # 1504
30339 # 1504
30339 # 1504
30339 # 1504
30339 # 1504
30339 # 1504
30339 # 1504
30342 # 1504
30342 # 1504
30342 # 1504
30343 # 1504
30345 # 1504
30345 # 1504
30346 # 1504
30347 # 1504
30348 # 1504
30349 # 1504
30359 # 1504
30359 # 1504
30359 # 1504
30359 # 1504
30359 # 1504
30359 # 1504
30365 # 1504
30365 # 1504
30365 # 1504
30365 # 1504
30365 # 1504
30371 # 1504
30371 # 1504
30371 # 1504
30372 # 1504
30372 # 1504
30380 # 1504
30380 # 1504
30380 # 1504
30380 # 1504
30380 # 1504
30380 # 1504
30382 # 1504
30383 # 1504
30385 # 1504
30386 # 1504
30388 # 1504
30389 # 1504
30390 # 1504
30391 # 1504
30392 # 1504
30393 # 1504
30394 # 1504
30396 # 1504
30397 # 1504
30398 # 1504
30399 # 1504
30400 # 1504
30403 # 1504
30404 # 1504
30404 # 1504
30405 # 1504
30406 # 1504
30407 # 1504
30407 # 1504
30408 # 1504
30410 # 1504
30411 # 1504
30412 # 1504
30413 # 1504
30413 # 1504
30414 # 1504
30415 # 1504
30416 # 1504
30417 # 1504
30417 # 1504
30418 # 1504
30419 # 1504
30420 # 1504
30422 # 1504
30422 # 1504
30423 # 1504
30423 # 1504
30424 # 1504
30425 # 1504
30426 # 1504
30432 # 1504
30432 # 1504
30432 # 1504
30433 # 1504
30433 # 1504
30433 # 1504
30434 # 1504
30434 # 1504
30435 # 1504
30436 # 1504
30437 # 1504
30437 # 1504
30438 # 1504
30439 # 1504
30441 # 1504
30441 # 1504
30442 # 1504
30445 # 1504
30446 # 1504
30447 # 1504
30447 # 1504
30449 # 1504
30450 # 1504
30453 # 1504
30453 # 1504
30454 # 1504
30455 # 1504
30457 # 1504
30457 # 1504
30458 # 1504
30469 # 1504
30469 # 1504
30469 # 1504
30469 # 1504
30469 # 1504
30470 # 1504
30470 # 1504
30470 # 1504
30472 # 1504
30473 # 1504
30473 # 1504
30474 # 1504
30477 # 1504
30478 # 1504
30478 # 1504
30480 # 1504
30480 # 1504
30481 # 1504
30482 # 1504
30484 # 1504
30485 # 1504
30485 # 1504
30487 # 1504
30487 # 1504
30488 # 1504
30489 # 1504
30490 # 1504
30490 # 1504
30493 # 1504
30493 # 1504
30494 # 1504
30494 # 1504
30495 # 1504
30496 # 1504
30497 # 1504
30497 # 1504
30498 # 1504
30501 # 1504
30501 # 1504
30501 # 1504
30502 # 1504
30503 # 1504
30504 # 1504
30505 # 1504
30505 # 1504
30506 # 1504
30506 # 1504
30518 # 1504
30518 # 1504
30518 # 1504
30518 # 1504
30518 # 1504
30518 # 1504
30518 # 1504
30518 # 1504
30519 # 1504
30520 # 1504
30521 # 1504
30521 # 1504
30532 # 1504
30532 # 1504
30532 # 1504
30532 # 1504
30533 # 1504
30533 # 1504
30533 # 1504
30534 # 1504
30535 # 1504
30535 # 1504
30536 # 1504
30537 # 1504
30538 # 1504
30546 # 1504
30546 # 1504
30546 # 1504
30547 # 1504
30547 # 1504
30547 # 1504
30547 # 1504
30547 # 1504
30557 # 1504
30557 # 1504
30557 # 1504
30563 # 1504
30564 # 1504
30564 # 1504
30564 # 1504
30566 # 1504
30567 # 1504
30570 # 1504
30570 # 1504
30570 # 1504
30570 # 1504
30570 # 1504
30570 # 1504
30570 # 1504
30572 # 1504
30573 # 1504
30574 # 1504
30575 # 1504
30576 # 1504
30577 # 1504
30578 # 1504
30580 # 1504
30581 # 1504
30582 # 1504
30583 # 1504
30584 # 1504
30585 # 1504
30586 # 1504
30588 # 1504
30588 # 1504
30589 # 1504
30590 # 1504
30591 # 1504
30592 # 1504
30593 # 1504
30594 # 1504
30595 # 1504
30596 # 1504
30597 # 1504
30597 # 1504
30598 # 1504
30600 # 1504
30600 # 1504
30601 # 1504
30602 # 1504
30603 # 1504
30603 # 1504
30605 # 1504
30606 # 1504
30607 # 1504
30608 # 1504
30609 # 1504
30610 # 1504
30610 # 1504
30610 # 1504
30612 # 1504
30612 # 1504
30613 # 1504
30614 # 1504
30614 # 1504
30615 # 1504
30616 # 1504
30617 # 1504
30618 # 1504
30618 # 1504
30619 # 1504
30620 # 1504
30620 # 1504
30621 # 1504
30622 # 1504
30632 # 1504
30632 # 1504
30632 # 1504
30632 # 1504
30632 # 1504
30632 # 1504
30632 # 1504
30632 # 1504
30633 # 1504
30633 # 1504
30633 # 1504
30633 # 1504
30633 # 1504
30634 # 1504
30635 # 1504
30635 # 1504
30636 # 1504
30637 # 1504
30638 # 1504
30639 # 1504
30640 # 1504
30641 # 1504
30643 # 1504
30643 # 1504
30643 # 1504
30644 # 1504
30645 # 1504
30646 # 1504
30647 # 1504
30648 # 1504
30648 # 1504
30649 # 1504
30650 # 1504
30651 # 1504
30651 # 1504
30652 # 1504
30653 # 1504
30654 # 1504
30654 # 1504
30655 # 1504
30656 # 1504
30657 # 1504
30658 # 1504
30658 # 1504
30659 # 1504
30661 # 1504
30661 # 1504
30661 # 1504
30662 # 1504
30662 # 1504
30664 # 1504
30665 # 1504
30665 # 1504
30666 # 1504
30667 # 1504
30668 # 1504
30669 # 1504
30669 # 1504
30670 # 1504
30671 # 1504
30672 # 1504
30672 # 1504
30674 # 1504
30674 # 1504
30675 # 1504
30675 # 1504
30676 # 1504
30677 # 1504
30678 # 1504
30678 # 1504
30679 # 1504
30680 # 1504
30681 # 1504
30681 # 1504
30682 # 1504
30683 # 1504
30683 # 1504
30685 # 1504
30685 # 1504
30686 # 1504
30687 # 1504
30688 # 1504
30688 # 1504
30689 # 1504
30691 # 1504
30691 # 1504
30692 # 1504
30693 # 1504
30694 # 1504
30695 # 1504
30695 # 1504
30696 # 1504
30697 # 1504
30698 # 1504
30698 # 1504
30699 # 1504
30700 # 1504
30701 # 1504
30702 # 1504
30703 # 1504
30704 # 1504
30705 # 1504
30705 # 1504
30706 # 1504
30707 # 1504
30708 # 1504
30708 # 1504
30709 # 1504
30710 # 1504
30719 # 1504
30719 # 1504
30720 # 1504
30721 # 1504
30721 # 1504
30721 # 1504
30721 # 1504
30721 # 1504
30722 # 1504
30722 # 1504
30722 # 1504
30722 # 1504
30723 # 1504
30724 # 1504
30725 # 1504
30726 # 1504
30727 # 1504
30735 # 1504
30735 # 1504
30735 # 1504
30735 # 1504
30735 # 1504
30735 # 1504
30736 # 1504
30736 # 1504
30736 # 1504
30737 # 1504
30737 # 1504
30738 # 1504
30739 # 1504
30740 # 1504
30741 # 1504
30741 # 1504
30742 # 1504
30743 # 1504
30744 # 1504
30745 # 1504
30746 # 1504
30746 # 1504
30747 # 1504
30748 # 1504
30749 # 1504
30750 # 1504
30750 # 1504
30751 # 1504
30751 # 1504
30752 # 1504
30753 # 1504
30753 # 1504
30754 # 1504
30755 # 1504
30764 # 1504
30764 # 1504
30764 # 1504
30764 # 1504
30768 # 1504
30768 # 1504
30768 # 1504
30768 # 1504
30768 # 1504
30774 # 1504
30774 # 1504
30775 # 1504
30775 # 1504
30775 # 1504
30775 # 1504
30775 # 1504
30783 # 1504
30783 # 1504
30783 # 1504
30783 # 1504
30788 # 1504
30788 # 1504
30788 # 1504
30789 # 1504
30793 # 1504
30793 # 1504
30793 # 1504
30793 # 1504
30793 # 1504
30793 # 1504
30793 # 1504
30794 # 1504
30795 # 1504
30796 # 1504
30798 # 1504
30799 # 1504
30800 # 1504
30800 # 1504
30801 # 1504
30802 # 1504
30804 # 1504
30804 # 1504
30806 # 1504
30807 # 1504
30808 # 1504
30809 # 1504
30811 # 1504
30813 # 1504
30813 # 1504
30815 # 1504
30815 # 1504
30816 # 1504
30817 # 1504
30818 # 1504
30819 # 1504
30820 # 1504
30821 # 1504
30821 # 1504
30822 # 1504
30823 # 1504
30824 # 1504
30826 # 1504
30826 # 1504
30827 # 1504
30828 # 1504
30834 # 1504
30834 # 1504
30834 # 1504
30834 # 1504
30834 # 1504
30835 # 1504
30835 # 1504
30835 # 1504
30837 # 1504
30837 # 1504
30837 # 1504
30838 # 1504
30847 # 1504
30847 # 1504
30847 # 1504
30847 # 1504
30850 # 1504
30851 # 1504
30851 # 1504
30851 # 1504
30851 # 1504
30851 # 1504
30851 # 1504
30852 # 1504
30852 # 1504
30852 # 1504
30853 # 1504
30854 # 1504
30855 # 1504
30856 # 1504
30856 # 1504
30857 # 1504
30858 # 1504
30859 # 1504
30862 # 1504
30863 # 1504
30863 # 1504
30863 # 1504
30863 # 1504
30864 # 1504
30865 # 1504
30866 # 1504
30867 # 1504
30867 # 1504
30868 # 1504
30869 # 1504
30870 # 1504
30870 # 1504
30872 # 1504
30872 # 1504
30873 # 1504
30874 # 1504
30875 # 1504
30877 # 1504
30877 # 1504
30878 # 1504
30879 # 1504
30881 # 1504
30881 # 1504
30881 # 1504
30882 # 1504
30883 # 1504
30884 # 1504
30884 # 1504
30894 # 1504
30894 # 1504
30894 # 1504
30894 # 1504
30897 # 1504
30897 # 1504
30899 # 1504
30899 # 1504
30899 # 1504
30899 # 1504
30899 # 1504
30899 # 1504
30899 # 1504
30907 # 1504
30907 # 1504
30907 # 1504
30907 # 1504
30907 # 1504
30912 # 1504
30912 # 1504
30912 # 1504
30912 # 1504
30912 # 1504
30912 # 1504
30912 # 1504
30918 # 1504
30918 # 1504
30919 # 1504
30919 # 1504
30919 # 1504
30919 # 1504
30919 # 1504
30919 # 1504
30927 # 1504
30927 # 1504
30927 # 1504
30927 # 1504
30927 # 1504
30933 # 1504
30933 # 1504
30933 # 1504
30933 # 1504
30933 # 1504
30933 # 1504
30938 # 1504
30940 # 1504
30940 # 1504
30940 # 1504
30940 # 1504
30940 # 1504
30941 # 1504
30941 # 1504
30941 # 1504
30941 # 1504
30942 # 1504
30952 # 1504
30952 # 1504
30952 # 1504
30952 # 1504
30952 # 1504
30952 # 1504
30952 # 1504
30953 # 1504
30953 # 1504
30954 # 1504
30955 # 1504
30956 # 1504
30957 # 1504
30958 # 1504
30958 # 1504
30960 # 1504
30962 # 1504
30962 # 1504
30964 # 1504
30964 # 1504
30965 # 1504
30966 # 1504
30967 # 1504
30968 # 1504
30969 # 1504
30970 # 1504
30971 # 1504
30980 # 1504
30980 # 1504
30980 # 1504
30980 # 1504
30980 # 1504
30980 # 1504
30981 # 1504
30981 # 1504
30981 # 1504
30982 # 1504
30983 # 1504
30984 # 1504
30985 # 1504
30986 # 1504
30987 # 1504
30988 # 1504
30988 # 1504
30989 # 1504
30991 # 1504
30992 # 1504
30993 # 1504
30994 # 1504
30994 # 1504
30996 # 1504
30997 # 1504
30998 # 1504
30998 # 1504
30999 # 1504
31000 # 1504
31001 # 1504
31002 # 1504
31004 # 1504
31004 # 1504
31005 # 1504
31007 # 1504
31016 # 1504
31016 # 1504
31017 # 1504
31038 # 1504
31039 # 1504
31039 # 1504
31039 # 1504
31039 # 1504
31039 # 1504
31039 # 1504
31039 # 1504
31039 # 1504
31039 # 1504
31039 # 1504
31041 # 1504
31043 # 1504
31043 # 1504
31043 # 1504
31043 # 1504
31043 # 1504
31044 # 1504
31045 # 1504
31045 # 1504
31054 # 1504
31054 # 1504
31054 # 1504
31054 # 1504
31054 # 1504
31055 # 1504
31055 # 1504
31055 # 1504
31056 # 1504
31057 # 1504
31066 # 1504
31066 # 1504
31067 # 1504
31068 # 1504
31068 # 1504
31068 # 1504
31071 # 1504
31071 # 1504
31071 # 1504
31078 # 1504
31078 # 1504
31078 # 1504
31078 # 1504
31078 # 1504
31078 # 1504
31079 # 1504
31080 # 1504
31081 # 1504
31082 # 1504
31084 # 1504
31086 # 1504
31086 # 1504
31088 # 1504
31097 # 1504
31097 # 1504
31097 # 1504
31097 # 1504
31097 # 1504
31097 # 1504
31097 # 1504
31098 # 1504
31100 # 1504
31101 # 1504
31102 # 1504
31111 # 1504
31111 # 1504
31114 # 1504
31115 # 1504
31115 # 1504
31117 # 1504
31118 # 1504
31120 # 1504
31120 # 1504
31120 # 1504
31120 # 1504
31121 # 1504
31121 # 1504
31124 # 1504
31125 # 1504
31134 # 1504
31134 # 1504
31134 # 1504
31134 # 1504
31138 # 1504
31138 # 1504
31138 # 1504
31139 # 1504
31141 # 1504
31142 # 1504
31145 # 1504
31148 # 1504
31148 # 1504
31149 # 1504
31153 # 1504
31155 # 1504
31157 # 1504
31158 # 1504
31160 # 1504
31161 # 1504
31162 # 1504
31165 # 1504
31165 # 1504
31166 # 1504
31170 # 1504
31172 # 1504
31172 # 1504
31173 # 1504
31174 # 1504
31176 # 1504
31179 # 1504
31180 # 1504
31182 # 1504
31186 # 1504
31190 # 1504
31198 # 1504
31198 # 1504
31208 # 1504
31214 # 1504
31214 # 1504
31214 # 1504
31215 # 1504
31217 # 1504
31218 # 1504
31222 # 1504
31223 # 1504
31225 # 1504
31227 # 1504
31228 # 1504
31230 # 1504
31232 # 1504
31233 # 1504
31237 # 1504
31237 # 1504
31238 # 1504
31238 # 1504
31239 # 1504
31240 # 1504
31243 # 1504
31244 # 1504
31245 # 1504
31246 # 1504
31256 # 1504
31256 # 1504
31257 # 1504
31257 # 1504
31257 # 1504
31265 # 1504
31265 # 1504
31275 # 1504
31275 # 1504
31280 # 1504
31281 # 1504
31284 + 52
31285 # 1504
31285 - 52 1
31286 # 1504
31286 # 1504
31295 # 1504
31295 # 1504
31295 # 1504
31295 # 1504
31295 # 1504
31296 # 1504
31298 # 1504
31300 # 1504
31301 # 1504
31303 # 1504
31305 # 1504
31306 # 1504
31308 # 1504
31310 # 1504
31319 # 1504
31319 # 1504
31319 # 1504
31319 # 1504
31319 # 1504
31322 # 1504
31327 # 1504
31327 # 1504
31328 # 1504
31329 # 1504
31332 # 1504
31334 # 1504
31339 # 1504
31345 # 1504
31349 # 1504
31349 # 1504
31352 # 1504
31353 # 1504
31356 # 1504
31359 # 1504
31363 # 1504
31365 # 1504
31376 # 1504
31376 # 1504
31381 # 1504
31381 # 1504
31383 # 1504
31384 # 1504
31387 # 1504
31390 # 1504
31392 # 1504
31394 # 1504
31395 # 1504
31397 # 1504
31400 # 1504
31402 # 1504
31404 # 1504
31405 # 1504
31408 # 1504
31412 # 1504
31413 # 1504
31416 # 1504
31453 # 1504
31453 # 1504
31453 # 1504
31453 # 1504
31453 # 1504
31453 # 1504
31453 # 1504
31453 # 1504
31454 # 1504
31455 # 1504
31457 # 1504
31457 # 1504
31459 # 1504
31461 # 1504
31463 # 1504
31464 # 1504
31465 # 1504
31467 # 1504
31468 # 1504
31470 # 1504
31472 # 1504
31474 # 1504
31475 # 1504
31477 # 1504
31481 # 1504
31483 # 1504
31483 # 1504
31501 # 1504
31501 # 1504
31501 # 1504
31501 # 1504
31501 # 1504
31503 # 1504
31505 # 1504
31505 # 1504
31518 # 1504
31518 # 1504
31518 # 1504
31518 # 1504
31521 # 1504
31525 # 1504
31526 # 1504
31529 # 1504
31530 # 1504
31540 # 1504
31540 # 1504
31540 # 1504
31543 # 1504
31546 # 1504
31550 # 1504
31551 # 1504
31553 # 1504
31555 # 1504
31557 # 1504
31559 # 1504
31561 # 1504
31563 # 1504
31565 # 1504
31566 # 1504
31569 # 1504
31573 # 1504
31576 # 1504
31578 # 1504
31582 # 1504
31585 # 1504
31588 # 1504
31590 # 1504
31593 # 1504
31595 # 1504
31596 # 1504
31599 # 1504
31602 # 1504
31604 # 1504
31607 # 1504
31610 # 1504
31627 # 1504
31627 # 1504
31627 # 1504
31627 # 1504
31628 # 1504
31628 # 1504
31628 # 1504
31628 # 1504
31629 # 1504
31629 # 1504
31631 # 1504
31632 # 1504
31634 # 1504
31636 # 1504
31639 # 1504
31640 # 1504
31641 # 1504
31643 # 1504
31646 # 1504
31646 # 1504
31648 # 1504
31649 # 1504
31650 # 1504
31667 # 1504
31668 # 1504
31668 # 1504
31668 # 1504
31668 # 1504
31668 # 1504
31668 # 1504
31668 # 1504
31668 # 1504
31668 # 1504
31670 # 1504
31671 # 1504
31680 # 1504
31680 # 1504
31680 # 1504
31682 # 1504
31684 # 1504
31686 # 1504
31688 # 1504
31689 # 1504
31690 # 1504
31692 # 1504
31696 # 1504
31696 # 1504
31697 # 1504
31701 # 1504
31701 # 1504
31704 # 1504
31706 # 1504
31709 # 1504
31709 # 1504
31712 # 1504
31713 # 1504
31715 # 1504
31716 # 1504
31718 # 1504
31720 # 1504
31722 # 1504
31724 # 1504
31726 # 1504
31729 # 1504
31730 # 1504
31743 # 1504
31743 # 1504
31745 # 1504
31745 # 1504
31745 # 1504
31750 # 1504
31754 # 1504
31754 # 1504
31755 # 1504
31763 # 1504
31763 # 1504
31763 # 1504
31776 # 1504
31776 # 1504
31778 # 1504
31787 # 1504
31787 # 1504
31790 # 1504
31790 # 1504
31792 # 1504
31794 # 1504
31796 # 1504
31806 # 1504
31806 # 1504
31806 # 1504
31806 # 1504
31808 # 1504
31809 # 1504
31811 # 1504
31812 # 1504
31814 # 1504
31816 # 1504
31818 # 1504
31819 # 1504
31822 # 1504
31822 # 1504
31824 # 1504
31825 # 1504
31828 # 1504
31829 # 1504
31830 # 1504
31832 # 1504
31834 # 1504
31837 # 1504
31837 # 1504
31838 # 1504
31841 # 1504
31841 # 1504
31843 # 1504
31844 # 1504
31846 # 1504
31848 # 1504
31856 # 1504
31856 # 1504
31856 # 1504
31857 # 1504
31857 # 1504
31858 # 1504
31867 # 1504
31867 # 1504
31867 # 1504
31868 # 1504
31868 # 1504
31868 # 1504
31870 # 1504
31871 # 1504
31873 # 1504
31874 # 1504
31876 # 1504
31877 # 1504
31878 # 1504
31880 # 1504
31881 # 1504
31882 # 1504
31884 # 1504
31885 # 1504
31887 # 1504
31888 # 1504
31890 # 1504
31891 # 1504
31893 # 1504
31894 # 1504
31896 # 1504
31898 # 1504
31899 # 1504
31902 # 1504
31903 # 1504
31904 # 1504
31907 # 1504
31907 # 1504
31911 # 1504
31911 # 1504
31913 # 1504
31914 # 1504
31916 # 1504
31917 # 1504
31919 # 1504
31920 # 1504
31922 # 1504
31923 # 1504
31924 # 1504
31928 # 1504
31928 # 1504
31929 # 1504
31930 # 1504
31932 # 1504
31935 # 1504
31936 # 1504
31938 # 1504
31939 # 1504
31949 # 1504
31951 # 1504
31951 # 1504
31951 # 1504
31951 # 1504
31951 # 1504
31951 # 1504
31953 # 1504
31955 # 1504
31956 # 1504
31958 # 1504
31961 # 1504
31962 # 1504
31964 # 1504
31966 # 1504
31968 # 1504
31969 # 1504
31972 # 1504
31975 # 1504
31977 # 1504
31980 # 1504
31982 # 1504
31991 # 1504
31991 # 1504
31992 # 1504
31992 # 1504
31992 # 1504
31995 # 1504
31996 # 1504
31998 # 1504
31999 # 1504
32000 # 1504
32002 # 1504
32003 # 1504
32004 # 1504
32006 # 1504
32006 # 1504
32013 # 1504
32014 # 1504
32017 # 1504
32021 # 1504
32025 # 1504
32026 # 1504
32028 # 1504
32030 # 1504
32032 # 1504
32033 # 1504
32048 # 1504
32048 # 1504
32048 # 1504
32048 # 1504
32048 # 1504
32048 # 1504
32048 # 1504
32048 # 1504
32049 # 1504
32050 # 1504
32052 # 1504
32053 # 1504
32063 # 1504
32063 # 1504
32067 # 1504
32067 # 1504
32067 # 1504
32067 # 1504
32067 # 1504
32068 # 1504
32077 # 1504
32080 # 1504
32080 # 1504
32080 # 1504
32084 # 1504
32084 # 1504
32084 # 1504
32093 # 1504
32093 # 1504
32093 # 1504
32093 # 1504
32093 # 1504
32094 # 1504
32096 # 1504
32097 # 1504
32099 # 1504
32101 # 1504
32102 # 1504
32105 # 1504
32106 # 1504
32108 # 1504
32109 # 1504
32110 # 1504
32111 # 1504
32113 # 1504
32114 # 1504
32123 # 1504
32123 # 1504
32123 # 1504
32124 # 1504
32131 # 1504
32131 # 1504
32131 # 1504
32131 # 1504
32131 # 1504
32139 # 1504
32140 # 1504
32140 # 1504
32144 # 1504
32147 # 1504
32150 # 1504
32152 # 1504
32152 # 1504
32155 # 1504
32161 # 1504
32162 # 1504
32167 # 1504
32170 # 1504
32177 # 1504
32177 # 1504
32183 # 1504
32183 # 1504
32183 # 1504
32185 # 1504
32187 # 1504
32192 # 1504
32192 # 1504
32193 # 1504
32197 # 1504
32197 # 1504
32199 # 1504
32201 # 1504
32204 # 1504
32205 # 1504
32207 # 1504
32209 # 1504
32210 # 1504
32220 # 1504
32220 # 1504
32220 # 1504
32221 # 1504
32228 # 1504
32231 # 1504
32231 # 1504
32231 # 1504
32233 # 1504
32234 # 1504
32237 # 1504
32237 # 1504
32240 # 1504
32246 # 1504
32252 # 1504
32252 # 1504
32252 # 1504
32260 # 1504
32260 # 1504
32266 # 1504
32267 # 1504
32270 # 1504
32281 # 1504
32283 # 1504
32283 # 1504
32283 # 1504
32283 # 1504
32285 # 1504
32287 # 1504
32289 # 1504
32293 # 1504
32295 # 1504
32296 # 1504
32298 # 1504
32301 # 1504
32303 # 1504
32305 # 1504
32307 # 1504
32309 # 1504
32311 # 1504
32313 # 1504
32315 # 1504
32317 # 1504
32319 # 1504
32321 # 1504
32324 # 1504
32326 # 1504
32327 # 1504
32330 # 1504
32340 # 1504
32341 # 1504
32341 # 1504
32341 # 1504
32341 # 1504
32348 # 1504
32348 # 1504
32348 # 1504
32349 # 1504
32350 # 1504
32352 # 1504
32354 # 1504
32356 # 1504
32358 # 1504
32361 # 1504
32362 # 1504
32364 # 1504
32367 # 1504
32368 # 1504
32370 # 1504
32371 # 1504
32380 # 1504
32380 # 1504
32380 # 1504
32381 # 1504
32382 # 1504
32383 # 1504
32385 # 1504
32388 # 1504
32389 # 1504
32390 # 1504
32392 # 1504
32394 # 1504
32397 # 1504
32398 # 1504
32400 # 1504
32403 # 1504
32404 # 1504
32406 # 1504
32408 # 1504
32410 # 1504
32414 # 1504
32415 # 1504
32417 # 1504
32418 # 1504
32421 # 1504
32423 # 1504
32425 # 1504
32427 # 1504
32429 # 1504
32431 # 1504
32434 # 1504
32434 # 1504
32443 # 1504
32443 # 1504
32443 # 1504
32443 # 1504
32449 # 1504
32449 # 1504
32449 # 1504
32450 # 1504
32460 # 1504
32460 # 1504
32460 # 1504
32460 # 1504
32465 # 1504
32465 # 1504
32470 # 1504
32470 # 1504
32475 # 1504
32475 # 1504
32480 # 1504
32480 # 1504
32480 # 1504
32480 # 1504
32481 # 1504
32482 # 1504
32484 # 1504
32486 # 1504
32488 # 1504
32490 # 1504
32493 # 1504
32495 # 1504
32497 # 1504
32498 # 1504
32508 # 1504
32508 # 1504
32508 # 1504
32514 # 1504
32518 # 1504
32521 # 1504
32530 # 1504
32530 # 1504
32535 # 1504
32540 # 1504
32540 # 1504
32551 # 1504
32551 # 1504
32551 # 1504
32551 # 1504
32551 # 1504
32558 # 1504
32562 # 1504
32562 # 1504
32567 # 1504
32567 # 1504
32568 # 1504
32571 # 1504
32573 # 1504
32575 # 1504
32578 # 1504
32580 # 1504
32582 # 1504
32587 # 1504
32589 # 1504
32590 # 1504
32594 # 1504
32596 # 1504
32598 # 1504
32600 # 1504
32602 # 1504
32605 # 1504
32615 # 1504
32615 # 1504
32618 # 1504
32620 # 1504
32620 # 1504
32621 # 1504
32630 # 1504
32630 # 1504
32630 # 1504
32630 # 1504
32639 # 1504
32639 # 1504
32639 # 1504
32639 # 1504
32642 # 1504
32644 # 1504
32652 # 1504
32652 # 1504
32653 # 1504
32654 # 1504
32658 # 1504
32660 # 1504
32663 # 1504
32666 # 1504
32668 # 1504
32670 # 1504
32674 # 1504
32675 # 1504
32680 # 1504
32683 # 1504
32692 # 1504
32692 # 1504
32692 # 1504
32693 # 1504
32695 # 1504
32697 # 1504
32699 # 1504
32701 # 1504
32702 # 1504
32705 # 1504
32707 # 1504
32709 # 1504
32719 # 1504
32719 # 1504
32719 # 1504
32719 # 1504
32720 # 1504
32723 # 1504
32726 # 1504
32729 # 1504
32731 # 1504
32733 # 1504
32736 # 1504
32738 # 1504
32742 # 1504
32746 # 1504
32751 # 1504
32754 # 1504
32768 # 1504
32774 # 1504
32783 # 1504
32788 # 1504
32788 # 1504
32788 # 1504
32790 # 1504
32792 # 1504
32802 # 1504
32802 # 1504
32803 # 1504
32803 # 1504
32805 # 1504
32807 # 1504
32809 # 1504
32812 # 1504
32814 # 1504
32816 # 1504
32818 # 1504
32821 # 1504
32823 # 1504
32828 # 1504
32831 # 1504
32840 # 1504
32840 # 1504
32843 # 1504
32846 # 1504
32852 # 1504
32854 # 1504
32859 # 1504
32860 # 1504
32866 # 1504
32877 # 1504
32880 # 1504
32882 # 1504
32886 # 1504
32887 # 1504
32890 # 1504
32892 # 1504
32903 # 1504
32908 # 1504
32908 # 1504
32908 # 1504
32909 # 1504
32911 # 1504
32914 # 1504
32918 # 1504
32920 # 1504
32923 # 1504
32926 # 1504
32929 # 1504
32930 # 1504
32934 # 1504
32936 # 1504
32938 # 1504
32941 # 1504
32942 # 1504
32945 # 1504
32947 # 1504
32953 # 1504
32954 # 1504
32954 # 1504
32956 # 1504
32959 # 1504
32961 # 1504
32963 # 1504
32966 # 1504
32968 # 1504
32970 # 1504
32974 # 1504
32976 # 1504
32981 # 1504
32984 # 1504
32986 # 1504
32995 # 1504
32995 # 1504
32997 # 1504
33000 # 1504
33010 # 1504
33020 # 1504
33020 # 1504
33022 # 1504
33033 # 1504
33033 # 1504
33039 # 1504
33041 # 1504
33045 # 1504
33053 # 1504
33053 # 1504
33054 # 1504
33058 # 1504
33067 # 1504
33067 # 1504
33069 # 1504
33080 # 1504
33080 # 1504
33080 # 1504
33082 # 1504
33086 # 1504
33088 # 1504
33090 # 1504
33095 # 1504
33096 # 1504
33098 # 1504
33101 # 1504
33103 # 1504
33107 # 1504
33109 # 1504
33113 # 1504
33118 # 1504
33121 # 1504
33124 # 1504
33128 # 1504
33133 # 1504
33136 # 1504
33140 # 1504
33143 # 1504
33155 # 1504
33156 # 1504
33159 # 1504
33162 # 1504
33167 # 1504
33169 # 1504
33173 # 1504
33176 # 1504
33181 # 1504
33182 # 1504
33186 # 1504
33190 # 1504
33192 # 1504
33198 # 1504
33198 # 1504
33200 # 1504
33203 # 1504
33206 # 1504
33208 # 1504
33211 # 1504
33214 # 1504
33227 # 1504
33227 # 1504
33228 # 1504
33232 # 1504
33236 # 1504
33238 # 1504
33243 # 1504
33248 # 1504
33252 # 1504
33263 # 1504
33270 # 1504
33280 # 1504
33280 # 1504
33282 # 1504
33285 # 1504
33290 # 1504
33294 # 1504
33297 # 1504
33306 # 1504
33307 # 1504
33310 # 1504
33315 # 1504
33318 # 1504
33322 # 1504
33325 # 1504
33329 # 1504
33339 # 1504
33339 # 1504
33342 # 1504
33346 # 1504
33354 # 1504
33354 # 1504
33355 # 1504
33359 # 1504
33361 # 1504
33364 # 1504
33367 # 1504
33370 # 1504
33372 # 1504
33376 # 1504
33379 # 1504
33382 # 1504
33385 # 1504
33387 # 1504
33390 # 1504
33392 # 1504
33395 # 1504
33397 # 1504
33400 # 1504
33402 # 1504
33404 # 1504
33408 # 1504
33411 # 1504
33412 # 1504
33414 # 1504
33417 # 1504
33418 # 1504
33420 # 1504
33422 # 1504
33424 # 1504
33426 # 1504
33427 # 1504
33429 # 1504
33432 # 1504
33433 # 1504
33435 # 1504
33437 # 1504
33439 # 1504
33442 # 1504
33445 # 1504
33447 # 1504
33450 # 1504
33455 # 1504
33455 # 1504
33458 # 1504
33460 # 1504
33462 # 1504
33464 # 1504
33468 # 1504
33470 # 1504
33480 # 1504
33482 # 1504
33482 # 1504
33482 # 1504
33482 # 1504
33484 # 1504
33486 # 1504
33488 # 1504
33490 # 1504
33492 # 1504
33494 # 1504
33497 # 1504
33504 # 1504
33513 # 1504
33516 # 1504
33518 # 1504
33521 # 1504
33524 # 1504
33527 # 1504
33528 # 1504
33530 # 1504
33532 # 1504
33535 # 1504
33537 # 1504
33539 # 1504
33541 # 1504
33543 # 1504
33546 # 1504
33548 # 1504
33550 # 1504
33554 # 1504
33557 # 1504
33558 # 1504
33561 # 1504
33563 # 1504
33564 # 1504
33567 # 1504
33570 # 1504
33571 # 1504
33573 # 1504
33576 # 1504
33578 # 1504
33579 # 1504
33582 # 1504
33583 # 1504
33585 # 1504
33587 # 1504
33590 # 1504
33592 # 1504
33594 # 1504
33597 # 1504
33598 # 1504
33600 # 1504
33602 # 1504
33604 # 1504
33605 # 1504
33607 # 1504
33609 # 1504
33611 # 1504
33612 # 1504
33614 # 1504
33617 # 1504
33618 # 1504
33621 # 1504
33622 # 1504
33623 # 1504
33625 # 1504
33627 # 1504
33629 # 1504
33632 # 1504
33634 # 1504
33636 # 1504
33645 # 1504
33645 # 1504
33645 # 1504
33645 # 1504
33646 # 1504
33649 # 1504
33652 # 1504
33653 # 1504
33654 # 1504
33665 # 1504
33672 # 1504
33675 # 1504
33676 # 1504
33678 # 1504
33680 # 1504
33681 # 1504
33683 # 1504
33685 # 1504
33687 # 1504
33689 # 1504
33690 # 1504
33692 # 1504
33694 # 1504
33696 # 1504
33698 # 1504
33699 # 1504
33702 # 1504
33702 # 1504
33705 # 1504
33705 # 1504
33708 # 1504
33710 # 1504
33713 # 1504
33714 # 1504
33716 # 1504
33718 # 1504
33719 # 1504
33722 # 1504
33724 # 1504
33725 # 1504
33727 # 1504
33730 # 1504
33732 # 1504
33733 # 1504
33735 # 1504
33738 # 1504
33740 # 1504
33741 # 1504
33743 # 1504
33746 # 1504
33748 # 1504
33750 # 1504
33757 # 1504
33757 # 1504
33757 # 1504
33757 # 1504
33766 # 1504
33779 # 1504
33779 # 1504
33779 # 1504
33779 # 1504
33779 # 1504
33782 # 1504
33783 # 1504
33789 # 1504
33789 # 1504
33789 # 1504
33791 # 1504
33794 # 1504
33796 # 1504
33798 # 1504
33799 # 1504
33801 # 1504
33803 # 1504
33806 # 1504
33806 # 1504
33808 # 1504
33810 # 1504
33813 # 1504
33815 # 1504
33817 # 1504
33818 # 1504
33821 # 1504
33822 # 1504
33825 # 1504
33827 # 1504
33828 # 1504
33830 # 1504
33830 # 1504
33834 # 1504
33836 # 1504
33838 # 1504
33839 # 1504
33842 # 1504
33844 # 1504
33845 # 1504
33847 # 1504
33850 # 1504
33851 # 1504
33858 # 1504
33858 # 1504
33858 # 1504
33858 # 1504
33860 # 1504
33861 # 1504
33863 # 1504
33866 # 1504
33867 # 1504
33870 # 1504
33871 # 1504
33872 # 1504
33874 # 1504
33876 # 1504
33878 # 1504
33880 # 1504
33881 # 1504
33883 # 1504
33884 # 1504
33886 # 1504
33887 # 1504
33889 # 1504
33890 # 1504
33892 # 1504
33894 # 1504
33896 # 1504
33897 # 1504
33899 # 1504
33901 # 1504
33903 # 1504
33904 # 1504
33906 # 1504
33908 # 1504
33909 # 1504
33911 # 1504
33912 # 1504
33914 # 1504
33916 # 1504
33917 # 1504
33920 # 1504
33920 # 1504
33922 # 1504
33923 # 1504
33925 # 1504
33926 # 1504
33928 # 1504
33930 # 1504
33931 # 1504
33933 # 1504
33934 # 1504
33936 # 1504
33938 # 1504
33939 # 1504
33940 # 1504
33942 # 1504
33944 # 1504
33946 # 1504
33947 # 1504
33950 # 1504
33951 # 1504
33953 # 1504
33957 # 1504
33957 # 1504
33957 # 1504
33959 # 1504
33960 # 1504
33962 # 1504
33964 # 1504
33965 # 1504
33967 # 1504
33967 # 1504
33970 # 1504
33973 # 1504
33973 # 1504
33974 # 1504
33977 # 1504
33977 # 1504
33979 # 1504
33980 # 1504
33981 # 1504
33983 # 1504
33984 # 1504
33987 # 1504
33987 # 1504
33988 # 1504
33998 # 1504
33999 # 1504
33999 # 1504
33999 # 1504
33999 # 1504
33999 # 1504
33999 # 1504
34001 # 1504
34002 # 1504
34004 # 1504
34005 # 1504
34015 # 1504
34019 # 1504
34019 # 1504
34026 # 1504
34029 # 1504
34029 # 1504
34029 # 1504
34029 # 1504
34031 # 1504
34032 # 1504
34033 # 1504
34036 # 1504
34037 # 1504
34038 # 1504
34039 # 1504
34041 # 1504
34042 # 1504
34044 # 1504
34060 # 1504
34061 # 1504
34061 # 1504
34061 # 1504
34061 # 1504
34061 # 1504
34061 # 1504
34061 # 1504
34061 # 1504
34061 # 1504
34062 # 1504
34064 # 1504
34066 # 1504
34067 # 1504
34069 # 1504
34070 # 1504
34074 # 1504
34074 # 1504
34075 # 1504
34077 # 1504
34078 # 1504
34079 # 1504
34081 # 1504
34082 # 1504
34084 # 1504
34086 # 1504
34086 # 1504
34089 # 1504
34089 # 1504
34090 # 1504
34092 # 1504
34093 # 1504
34095 # 1504
34096 # 1504
34097 # 1504
34098 # 1504
34101 # 1504
34102 # 1504
34102 # 1504
34104 # 1504
34105 # 1504
34107 # 1504
34108 # 1504
34109 # 1504
34110 # 1504
34111 # 1504
34112 # 1504
34113 # 1504
34115 # 1504
34116 # 1504
34117 # 1504
34118 # 1504
34119 # 1504
34122 # 1504
34123 # 1504
34123 # 1504
34125 # 1504
34126 # 1504
34127 # 1504
34128 # 1504
34129 # 1504
34130 # 1504
34132 # 1504
34133 # 1504
34134 # 1504
34137 # 1504
34137 # 1504
34138 # 1504
34139 # 1504
34148 # 1504
34148 # 1504
34148 # 1504
34148 # 1504
34148 # 1504
34148 # 1504
34148 # 1504
34161 # 1504
34161 # 1504
34161 # 1504
34161 # 1504
34161 # 1504
34161 # 1504
34161 # 1504
34161 # 1504
34169 # 1504
34169 # 1504
34169 # 1504
34169 # 1504
34169 # 1504
34169 # 1504
34175 # 1504
34175 # 1504
34175 # 1504
34175 # 1504
34175 # 1504
34177 # 1504
34178 # 1504
34180 # 1504
34181 # 1504
34182 # 1504
34184 # 1504
34186 # 1504
34188 # 1504
34189 # 1504
34190 # 1504
34192 # 1504
34193 # 1504
34195 # 1504
34196 # 1504
34198 # 1504
34199 # 1504
34202 # 1504
34202 # 1504
34204 # 1504
34205 # 1504
34207 # 1504
34208 # 1504
34209 # 1504
34210 # 1504
34211 # 1504
34221 # 1504
34221 # 1504
34221 # 1504
34222 # 1504
34222 # 1504
34222 # 1504
34222 # 1504
34222 # 1504
34222 # 1504
34224 # 1504
34226 # 1504
34227 # 1504
34228 # 1504
34229 # 1504
34230 # 1504
34230 # 1504
34232 # 1504
34234 # 1504
34234 # 1504
34236 # 1504
34237 # 1504
34238 # 1504
34239 # 1504
34240 # 1504
34241 # 1504
34242 # 1504
34244 # 1504
34245 # 1504
34247 # 1504
34248 # 1504
34249 # 1504
34251 # 1504
34253 # 1504
34254 # 1504
34261 # 1504
34261 # 1504
34262 # 1504
34268 # 1504
34270 # 1504
34271 # 1504
34274 # 1504
34276 # 1504
34285 # 1504
34286 # 1504
34286 # 1504
34286 # 1504
34286 # 1504
34286 # 1504
34287 # 1504
34288 # 1504
34288 # 1504
34290 # 1504
34291 # 1504
34293 # 1504
34294 # 1504
34295 # 1504
34297 # 1504
34298 # 1504
34300 # 1504
34301 # 1504
34302 # 1504
34304 # 1504
34306 # 1504
34307 # 1504
34308 # 1504
34310 # 1504
34314 # 1504
34314 # 1504
34315 # 1504
34317 # 1504
34318 # 1504
34320 # 1504
34321 # 1504
34323 # 1504
34324 # 1504
34325 # 1504
34327 # 1504
34329 # 1504
34330 # 1504
34331 # 1504
34333 # 1504
34334 # 1504
34335 # 1504
34336 # 1504
34345 # 1504
34345 # 1504
34345 # 1504
34345 # 1504
34346 # 1504
34346 # 1504
34347 # 1504
34348 # 1504
34349 # 1504
34351 # 1504
34353 # 1504
34353 # 1504
34355 # 1504
34360 # 1504
34360 # 1504
34360 # 1504
34360 # 1504
34360 # 1504
34362 # 1504
34364 # 1504
34365 # 1504
34366 # 1504
34368 # 1504
34369 # 1504
34370 # 1504
34371 # 1504
34372 # 1504
34373 # 1504
34374 # 1504
34376 # 1504
34385 # 1504
34385 # 1504
34385 # 1504
34385 # 1504
34385 # 1504
34385 # 1504
34385 # 1504
34386 # 1504
34387 # 1504
34388 # 1504
34390 # 1504
34394 # 1504
34394 # 1504
34394 # 1504
34395 # 1504
34396 # 1504
34407 # 1504
34407 # 1504
34407 # 1504
34407 # 1504
34407 # 1504
34407 # 1504
34407 # 1504
34407 # 1504
34408 # 1504
34409 # 1504
34411 # 1504
34412 # 1504
34413 # 1504
34414 # 1504
34415 # 1504
34417 # 1504
34420 # 1504
34420 # 1504
34421 # 1504
34422 # 1504
34423 # 1504
34424 # 1504
34425 # 1504
34427 # 1504
34428 # 1504
34430 # 1504
34430 # 1504
34431 # 1504
34432 # 1504
34433 # 1504
34434 # 1504
34436 # 1504
34445 # 1504
34445 # 1504
34445 # 1504
34445 # 1504
34445 # 1504
34445 # 1504
34445 # 1504
34446 # 1504
34447 # 1504
34448 # 1504
34449 # 1504
34450 # 1504
34452 # 1504
34453 # 1504
34454 # 1504
34456 # 1504
34461 # 1504
34461 # 1504
34461 # 1504
34461 # 1504
34462 # 1504
34463 # 1504
34465 # 1504
34466 # 1504
34467 # 1504
34469 # 1504
34470 # 1504
34471 # 1504
34472 # 1504
34472 # 1504
34473 # 1504
34475 # 1504
34477 # 1504
34478 # 1504
34479 # 1504
34480 # 1504
34482 # 1504
34482 # 1504
34483 # 1504
34484 # 1504
34485 # 1504
34486 # 1504
34487 # 1504
34488 # 1504
34490 # 1504
34491 # 1504
34492 # 1504
34493 # 1504
34495 # 1504
34496 # 1504
34498 # 1504
34498 # 1504
34499 # 1504
34500 # 1504
34501 # 1504
34503 # 1504
34504 # 1504
34505 # 1504
34507 # 1504
34518 # 1504
34518 # 1504
34518 # 1504
34518 # 1504
34519 # 1504
34522 # 1504
34522 # 1504
34524 # 1504
34526 # 1504
34527 # 1504
34528 # 1504
34530 # 1504
34531 # 1504
34540 # 1504
34540 # 1504
34540 # 1504
34540 # 1504
34540 # 1504
34546 # 1504
34546 # 1504
34546 # 1504
34546 # 1504
34546 # 1504
34547 # 1504
34547 # 1504
34548 # 1504
34549 # 1504
34551 # 1504
34552 # 1504
34554 # 1504
34555 # 1504
34555 # 1504
34563 # 1504
34563 # 1504
34563 # 1504
34564 # 1504
34564 # 1504
34565 # 1504
34566 # 1504
34566 # 1504
34566 # 1504
34568 # 1504
34569 # 1504
34571 # 1504
34571 # 1504
34572 # 1504
34574 # 1504
34574 # 1504
34575 # 1504
34576 # 1504
34577 # 1504
34578 # 1504
34579 # 1504
34580 # 1504
34582 # 1504
34582 # 1504
34583 # 1504
34585 # 1504
34585 # 1504
34587 # 1504
34588 # 1504
34589 # 1504
34590 # 1504
34590 # 1504
34594 # 1504
34595 # 1504
34596 # 1504
34605 # 1504
34605 # 1504
34605 # 1504
34605 # 1504
34605 # 1504
34605 # 1504
34605 # 1504
34606 # 1504
34607 # 1504
34608 # 1504
34609 # 1504
34611 # 1504
34612 # 1504
34613 # 1504
34614 # 1504
34616 # 1504
34617 # 1504
34618 # 1504
34620 # 1504
34621 # 1504
34622 # 1504
34623 # 1504
34624 # 1504
34626 # 1504
34626 # 1504
34628 # 1504
34629 # 1504
34630 # 1504
34631 # 1504
34632 # 1504
34633 # 1504
34634 # 1504
34643 # 1504
34643 # 1504
34643 # 1504
34643 # 1504
34643 # 1504
34643 # 1504
34643 # 1504
34644 # 1504
34644 # 1504
34645 # 1504
34647 # 1504
34648 # 1504
34648 # 1504
34650 # 1504
34651 # 1504
34654 # 1504
34664 # 1504
34664 # 1504
34664 # 1504
34664 # 1504
34664 # 1504
34664 # 1504
34664 # 1504
34664 # 1504
34665 # 1504
34666 # 1504
34669 # 1504
34670 # 1504
34670 # 1504
34670 # 1504
34672 # 1504
34673 # 1504
34674 # 1504
34675 # 1504
34677 # 1504
34678 # 1504
34679 # 1504
34680 # 1504
34681 # 1504
34682 # 1504
34682 # 1504
34683 # 1504
34692 # 1504
34692 # 1504
34693 # 1504
34693 # 1504
34693 # 1504
34693 # 1504
34693 # 1504
34693 # 1504
34694 # 1504
34695 # 1504
34696 # 1504
34697 # 1504
34698 # 1504
34699 # 1504
34700 # 1504
34701 # 1504
34702 # 1504
34704 # 1504
34705 # 1504
34705 # 1504
34708 # 1504
34715 # 1504
34715 # 1504
34715 # 1504
34715 # 1504
34715 # 1504
34716 # 1504
34716 # 1504
34716 # 1504
34716 # 1504
34716 # 1504
34717 # 1504
34718 # 1504
34719 # 1504
34719 # 1504
34720 # 1504
34721 # 1504
34722 # 1504
34723 # 1504
34724 # 1504
34733 # 1504
34733 # 1504
34733 # 1504
34733 # 1504
34737 # 1504
34737 # 1504
34737 # 1504
34737 # 1504
34737 # 1504
34737 # 1504
34737 # 1504
34737 # 1504
34738 # 1504
34740 # 1504
34740 # 1504
34741 # 1504
34742 # 1504
34743 # 1504
34744 # 1504
34744 # 1504
34746 # 1504
34746 # 1504
34749 # 1504
34749 # 1504
34750 # 1504
34751 # 1504
34752 # 1504
34753 # 1504
34754 # 1504
34755 # 1504
34757 # 1504
34766 # 1504
34766 # 1504
34766 # 1504
34766 # 1504
34769 # 1504
34770 # 1504
34772 # 1504
34774 # 1504
34776 # 1504
34777 # 1504
34778 # 1504
34779 # 1504
34780 # 1504
34782 # 1504
34782 # 1504
34783 # 1504
34784 # 1504
34785 # 1504
34786 # 1504
34787 # 1504
34788 # 1504
34789 # 1504
34791 # 1504
34791 # 1504
34792 # 1504
34793 # 1504
34794 # 1504
34796 # 1504
34797 # 1504
34798 # 1504
34799 # 1504
34800 # 1504
34801 # 1504
34802 # 1504
34804 # 1504
34805 # 1504
34806 # 1504
34807 # 1504
34808 # 1504
34809 # 1504
34811 # 1504
34813 # 1504
34814 # 1504
34815 # 1504
34817 # 1504
34817 # 1504
34818 # 1504
34820 # 1504
34823 # 1504
34823 # 1504
34824 # 1504
34825 # 1504
34825 # 1504
34827 # 1504
34828 # 1504
34829 # 1504
34830 # 1504
34831 # 1504
34840 # 1504
34841 # 1504
34842 # 1504
34842 # 1504
34844 # 1504
34846 # 1504
34846 # 1504
34846 # 1504
34848 # 1504
34856 # 1504
34856 # 1504
34857 # 1504
34857 # 1504
34857 # 1504
34857 # 1504
34866 # 1504
34866 # 1504
34866 # 1504
34866 # 1504
34866 # 1504
34866 # 1504
34867 # 1504
34867 # 1504
34868 # 1504
34869 # 1504
34870 # 1504
34872 # 1504
34872 # 1504
34875 # 1504
34876 # 1504
34878 # 1504
34878 # 1504
34880 # 1504
34881 # 1504
34883 # 1504
34884 # 1504
34885 # 1504
34887 # 1504
34888 # 1504
34888 # 1504
34890 # 1504
34890 # 1504
34892 # 1504
34893 # 1504
34894 # 1504
34895 # 1504
34896 # 1504
34897 # 1504
34898 # 1504
34901 # 1504
34901 # 1504
34902 # 1504
34902 # 1504
34904 # 1504
34905 # 1504
34907 # 1504
34908 # 1504
34909 # 1504
34909 # 1504
34910 # 1504
34911 # 1504
34912 # 1504
34913 # 1504
34913 # 1504
34916 # 1504
34917 # 1504
34917 # 1504
34918 # 1504
34919 # 1504
34922 # 1504
34922 # 1504
34923 # 1504
34924 # 1504
34924 # 1504
34926 # 1504
34927 # 1504
34936 # 1504
34936 # 1504
34939 # 1504
34941 # 1504
34941 # 1504
34941 # 1504
34942 # 1504
34942 # 1504
34942 # 1504
34943 # 1504
34944 # 1504
34945 # 1504
34946 # 1504
34947 # 1504
34948 # 1504
34950 # 1504
34950 # 1504
34951 # 1504
34953 # 1504
34954 # 1504
34956 # 1504
34956 # 1504
34957 # 1504
34965 # 1504
34965 # 1504
34965 # 1504
34965 # 1504
34966 # 1504
34966 # 1504
34966 # 1504
34967 # 1504
34976 # 1504
34976 # 1504
34976 # 1504
34976 # 1504
34977 # 1504
34977 # 1504
34983 # 1504
34983 # 1504
34983 # 1504
34989 # 1504
34989 # 1504
34989 # 1504
34989 # 1504
34989 # 1504
34989 # 1504
34995 # 1504
34995 # 1504
34995 # 1504
34995 # 1504
34995 # 1504
34995 # 1504
34995 # 1504
34996 # 1504
34997 # 1504
34998 # 1504
34999 # 1504
35000 # 1504
35012 # 1504
35012 # 1504
35012 # 1504
35012 # 1504
35016 # 1504
35017 # 1504
35026 # 1504
35026 # 1504
35031 # 1504
35031 # 1504
35031 # 1504
35031 # 1504
35033 # 1504
35035 # 1504
35035 # 1504
35036 # 1504
35039 # 1504
35040 # 1504
35043 # 1504
35044 # 1504
35044 # 1504
35045 # 1504
35047 # 1504
35048 # 1504
35048 # 1504
35050 # 1504
35051 # 1504
35052 # 1504
35054 # 1504
35055 # 1504
35056 # 1504
35059 # 1504
35065 # 1504
35066 # 1504
35075 # 1504
35075 # 1504
35076 # 1504
35076 # 1504
35076 # 1504
35076 # 1504
35079 # 1504
35080 # 1504
35081 # 1504
35083 # 1504
35084 # 1504
35085 # 1504
35086 # 1504
35088 # 1504
35089 # 1504
35090 # 1504
35091 # 1504
35092 # 1504
35093 # 1504
35095 # 1504
35096 # 1504
35097 # 1504
35100 # 1504
35103 # 1504
35105 # 1504
35106 # 1504
35108 # 1504
35118 # 1504
35118 # 1504
35118 # 1504
35118 # 1504
35118 # 1504
35118 # 1504
35119 # 1504
35119 # 1504
35120 # 1504
35121 # 1504
35122 # 1504
35123 # 1504
35132 # 1504
35132 # 1504
35132 # 1504
35132 # 1504
35132 # 1504
35132 # 1504
35133 # 1504
35140 # 1504
35140 # 1504
35140 # 1504
35140 # 1504
35140 # 1504
35140 # 1504
35140 # 1504
35140 # 1504
35141 # 1504
35142 # 1504
35145 # 1504
35145 # 1504
35146 # 1504
35147 # 1504
35148 # 1504
35149 # 1504
35150 # 1504
35151 # 1504
35152 # 1504
35153 # 1504
35154 # 1504
35156 # 1504
35156 # 1504
35157 # 1504
35158 # 1504
35165 # 1504
35165 # 1504
35165 # 1504
35166 # 1504
35166 # 1504
35166 # 1504
35166 # 1504
35166 # 1504
35168 # 1504
35169 # 1504
35170 # 1504
35171 # 1504
35172 # 1504
35174 # 1504
35174 # 1504
35175 # 1504
35176 # 1504
35177 # 1504
35178 # 1504
35180 # 1504
35180 # 1504
35181 # 1504
35182 # 1504
35183 # 1504
35185 # 1504
35188 # 1504
35188 # 1504
35188 # 1504
35189 # 1504
35190 # 1504
35191 # 1504
35192 # 1504
35193 # 1504
35194 # 1504
35195 # 1504
35197 # 1504
35197 # 1504
35198 # 1504
35199 # 1504
35201 # 1504
35202 # 1504
35202 # 1504
35202 # 1504
35204 # 1504
35206 # 1504
35206 # 1504
35207 # 1504
35208 # 1504
35209 # 1504
35210 # 1504
35210 # 1504
35221 # 1504
35221 # 1504
35221 # 1504
35221 # 1504
35221 # 1504
35221 # 1504
35221 # 1504
35221 # 1504
35221 # 1504
35222 # 1504
35231 # 1504
35231 # 1504
35231 # 1504
35231 # 1504
35231 # 1504
35231 # 1504
35231 # 1504
35231 # 1504
35232 # 1504
35233 # 1504
35234 # 1504
35235 # 1504
35236 # 1504
35237 # 1504
35239 # 1504
35239 # 1504
35240 # 1504
35241 # 1504
35242 # 1504
35243 # 1504
35245 # 1504
35245 # 1504
35247 # 1504
35248 # 1504
35249 # 1504
35250 # 1504
35250 # 1504
35252 # 1504
35253 # 1504
35254 # 1504
35255 # 1504
35264 # 1504
35266 # 1504
35267 # 1504
35267 # 1504
35267 # 1504
35269 # 1504
35270 # 1504
35271 # 1504
35273 # 1504
35274 # 1504
35276 # 1504
35277 # 1504
35278 # 1504
35279 # 1504
35280 # 1504
35281 # 1504
35282 # 1504
35283 # 1504
35285 # 1504
35286 # 1504
35287 # 1504
35288 # 1504
35289 # 1504
35291 # 1504
35291 # 1504
35293 # 1504
35294 # 1504
35295 # 1504
35296 # 1504
35297 # 1504
35298 # 1504
35308 # 1504
35308 # 1504
35308 # 1504
35308 # 1504
35308 # 1504
35309 # 1504
35309 # 1504
35309 # 1504
35310 # 1504
35312 # 1504
35313 # 1504
35314 # 1504
35315 # 1504
35316 # 1504
35317 # 1504
35318 # 1504
35320 # 1504
35320 # 1504
35322 # 1504
35322 # 1504
35325 # 1504
35325 # 1504
35326 # 1504
35335 # 1504
35335 # 1504
35335 # 1504
35335 # 1504
35335 # 1504
35336 # 1504
35336 # 1504
35336 # 1504
35337 # 1504
35338 # 1504
35339 # 1504
35340 # 1504
35341 # 1504
35342 # 1504
35343 # 1504
35344 # 1504
35345 # 1504
35347 # 1504
35348 # 1504
35349 # 1504
35350 # 1504
35350 # 1504
35352 # 1504
35353 # 1504
35354 # 1504
35355 # 1504
35356 # 1504
35357 # 1504
35358 # 1504
35359 # 1504
35360 # 1504
35364 # 1504
35364 # 1504
35365 # 1504
35366 # 1504
35375 # 1504
35375 # 1504
35381 # 1504
35381 # 1504
35387 # 1504
35391 # 1504
35391 # 1504
35391 # 1504
35392 # 1504
35396 # 1504
35398 # 1504
35399 # 1504
35409 # 1504
35409 # 1504
35409 # 1504
35409 # 1504
35409 # 1504
35409 # 1504
35409 # 1504
35409 # 1504
35410 # 1504
35411 # 1504
35413 # 1504
35414 # 1504
35414 # 1504
35415 # 1504
35416 # 1504
35417 # 1504
35426 # 1504
35426 # 1504
35428 # 1504
35428 # 1504
35428 # 1504
35428 # 1504
35428 # 1504
35428 # 1504
35429 # 1504
35431 # 1504
35440 # 1504
35440 # 1504
35440 # 1504
35440 # 1504
35440 # 1504
35440 # 1504
35447 # 1504
35447 # 1504
35447 # 1504
35447 # 1504
35447 # 1504
35447 # 1504
35448 # 1504
35449 # 1504
35450 # 1504
35459 # 1504
35459 # 1504
35459 # 1504
35459 # 1504
35459 # 1504
35465 # 1504
35465 # 1504
35465 # 1504
35467 # 1504
35468 # 1504
35468 # 1504
35472 # 1504
35472 # 1504
35472 # 1504
35472 # 1504
35472 # 1504
35472 # 1504
35473 # 1504
35474 # 1504
35476 # 1504
35476 # 1504
35478 # 1504
35479 # 1504
35488 # 1504
35488 # 1504
35488 # 1504
35488 # 1504
35493 # 1504
35493 # 1504
35493 # 1504
35493 # 1504
35493 # 1504
35494 # 1504
35495 # 1504
35495 # 1504
35496 # 1504
35497 # 1504
35499 # 1504
35500 # 1504
35502 # 1504
35503 # 1504
35504 # 1504
35506 # 1504
35517 # 1504
35518 # 1504
35518 # 1504
35522 # 1504
35525 # 1504
35528 # 1504
35528 # 1504
35528 # 1504
35531 # 1504
35531 # 1504
35531 # 1504
35531 # 1504
35532 # 1504
35533 # 1504
35534 # 1504
35535 # 1504
35536 # 1504
35537 # 1504
35538 # 1504
35539 # 1504
35541 # 1504
35542 # 1504
35543 # 1504
35544 # 1504
35545 # 1504
35547 # 1504
35548 # 1504
35549 # 1504
35550 # 1504
35561 # 1504
35561 # 1504
35567 # 1504
35567 # 1504
35567 # 1504
35567 # 1504
35569 # 1504
35569 # 1504
35569 # 1504
35571 # 1504
35572 # 1504
35573 # 1504
35574 # 1504
35576 # 1504
35577 # 1504
35579 # 1504
35581 # 1504
35581 # 1504
35582 # 1504
35583 # 1504
35584 # 1504
35586 # 1504
35595 # 1504
35595 # 1504
35595 # 1504
35595 # 1504
35595 # 1504
35595 # 1504
35596 # 1504
35598 # 1504
35598 # 1504
35599 # 1504
35601 # 1504
35601 # 1504
35603 # 1504
35604 # 1504
35605 # 1504
35606 # 1504
35609 # 1504
35609 # 1504
35609 # 1504
35611 # 1504
35612 # 1504
35613 # 1504
35614 # 1504
35615 # 1504
35616 # 1504
35617 # 1504
35618 # 1504
35619 # 1504
35620 # 1504
35621 # 1504
35622 # 1504
35624 # 1504
35626 # 1504
35626 # 1504
35627 # 1504
35628 # 1504
35630 # 1504
35630 # 1504
35632 # 1504
35634 # 1504
35636 # 1504
35636 # 1504
35637 # 1504
35638 # 1504
35639 # 1504
35648 # 1504
35649 # 1504
35649 # 1504
35649 # 1504
35649 # 1504
35649 # 1504
35649 # 1504
35660 # 1504
35660 # 1504
35662 # 1504
35665 # 1504
35665 # 1504
35665 # 1504
35667 # 1504
35667 # 1504
35676 # 1504
35677 # 1504
35677 # 1504
35680 # 1504
35680 # 1504
35680 # 1504
35680 # 1504
35683 # 1504
35684 # 1504
35686 # 1504
35687 # 1504
35688 # 1504
35690 # 1504
35692 # 1504
35694 # 1504
35695 # 1504
35696 # 1504
35697 # 1504
35698 # 1504
35700 # 1504
35701 # 1504
35702 # 1504
35704 # 1504
35705 # 1504
35706 # 1504
35716 # 1504
35716 # 1504
35716 # 1504
35716 # 1504
35716 # 1504
35716 # 1504
35717 # 1504
35717 # 1504
35718 # 1504
35720 # 1504
35721 # 1504
35722 # 1504
35725 # 1504
35726 # 1504
35728 # 1504
35729 # 1504
35730 # 1504
35731 # 1504
35732 # 1504
35734 # 1504
35735 # 1504
35736 # 1504
35737 # 1504
35739 # 1504
35740 # 1504
35741 # 1504
35742 # 1504
35744 # 1504
35746 # 1504
35746 # 1504
35747 # 1504
35750 # 1504
35752 # 1504
35754 # 1504
35766 # 1504
35766 # 1504
35766 # 1504
35768 # 1504
35777 # 1504
35778 # 1504
35778 # 1504
35778 # 1504
35778 # 1504
35780 # 1504
35782 # 1504
35783 # 1504
35784 # 1504
35785 # 1504
35787 # 1504
35797 # 1504
35797 # 1504
35797 # 1504
35797 # 1504
35797 # 1504
35797 # 1504
35799 # 1504
35800 # 1504
35801 # 1504
35804 # 1504
35804 # 1504
35805 # 1504
35806 # 1504
35808 # 1504
35809 # 1504
35810 # 1504
35812 # 1504
35813 # 1504
35814 # 1504
35816 # 1504
35817 # 1504
35822 # 1504
35825 # 1504
35827 # 1504
35828 # 1504
35829 # 1504
35830 # 1504
35831 # 1504
35832 # 1504
35834 # 1504
35836 # 1504
35836 # 1504
35837 # 1504
35838 # 1504
35839 # 1504
35840 # 1504
35841 # 1504
35842 # 1504
35843 # 1504
35844 # 1504
35846 # 1504
35847 # 1504
35849 # 1504
35850 # 1504
35850 # 1504
35852 # 1504
35853 # 1504
35855 # 1504
35855 # 1504
35856 # 1504
35857 # 1504
35858 # 1504
35860 # 1504
35861 # 1504
35868 # 1504
35868 # 1504
35868 # 1504
35868 # 1504
35868 # 1504
35868 # 1504
35869 # 1504
35870 # 1504
35870 # 1504
35871 # 1504
35872 # 1504
35873 # 1504
35874 # 1504
35876 # 1504
35876 # 1504
35877 # 1504
35879 # 1504
35882 # 1504
35883 # 1504
35884 # 1504
35884 # 1504
35886 # 1504
35887 # 1504
35888 # 1504
35889 # 1504
35889 # 1504
35891 # 1504
35892 # 1504
35894 # 1504
35895 # 1504
35896 # 1504
35897 # 1504
35897 # 1504
35898 # 1504
35899 # 1504
35900 # 1504
35902 # 1504
35902 # 1504
35904 # 1504
35905 # 1504
35905 # 1504
35907 # 1504
35908 # 1504
35909 # 1504
35910 # 1504
35912 # 1504
35912 # 1504
35914 # 1504
35915 # 1504
35915 # 1504
35916 # 1504
35918 # 1504
35918 # 1504
35920 # 1504
35921 # 1504
35922 # 1504
35922 # 1504
35923 # 1504
35924 # 1504
35925 # 1504
35926 # 1504
35927 # 1504
35929 # 1504
35930 # 1504
35931 # 1504
35932 # 1504
35932 # 1504
35933 # 1504
35934 # 1504
35936 # 1504
35938 # 1504
35938 # 1504
35940 # 1504
35940 # 1504
35941 # 1504
35942 # 1504
35942 # 1504
35944 # 1504
35946 # 1504
35946 # 1504
35946 # 1504
35947 # 1504
35948 # 1504
35949 # 1504
35950 # 1504
35951 # 1504
35952 # 1504
35953 # 1504
35954 # 1504
35955 # 1504
35956 # 1504
35957 # 1504
35959 # 1504
35959 # 1504
35960 # 1504
35961 # 1504
35962 # 1504
35968 # 1504
35968 # 1504
35968 # 1504
35968 # 1504
35968 # 1504
35968 # 1504
35969 # 1504
35970 # 1504
35971 # 1504
35972 # 1504
35973 # 1504
35973 # 1504
35975 # 1504
35977 # 1504
35978 # 1504
35979 # 1504
35980 # 1504
35980 # 1504
35981 # 1504
35982 # 1504
35984 # 1504
35985 # 1504
35987 # 1504
35987 # 1504
35988 # 1504
35989 # 1504
35989 # 1504
35990 # 1504
35991 # 1504
35993 # 1504
35993 # 1504
35994 # 1504
35994 # 1504
35996 # 1504
35997 # 1504
35997 # 1504
35998 # 1504
35999 # 1504
36000 # 1504
36001 # 1504
36002 # 1504
36003 # 1504
36004 # 1504
36005 # 1504
36014 # 1504
36015 # 1504
36015 # 1504
36015 # 1504
36015 # 1504
36026 # 1504
36026 # 1504
36030 # 1504
36030 # 1504
36030 # 1504
36030 # 1504
36030 # 1504
36030 # 1504
36032 # 1504
36034 # 1504
36034 # 1504
36035 # 1504
36035 # 1504
36036 # 1504
36037 # 1504
36039 # 1504
36040 # 1504
36041 # 1504
36042 # 1504
36043 # 1504
36044 # 1504
36044 # 1504
36045 # 1504
36047 # 1504
36049 # 1504
36050 # 1504
36051 # 1504
36051 # 1504
36052 # 1504
36052 # 1504
36054 # 1504
36054 # 1504
36055 # 1504
36056 # 1504
36071 # 1504
36071 # 1504
36075 # 1504
36075 # 1504
36075 # 1504
36075 # 1504
36075 # 1504
36075 # 1504
36075 # 1504
36075 # 1504
36075 # 1504
36076 # 1504
36076 # 1504
36077 # 1504
36077 # 1504
36077 # 1504
36077 # 1504
36077 # 1504
36077 # 1504
36078 # 1504
36079 # 1504
36080 # 1504
36080 # 1504
36081 # 1504
36082 # 1504
36086 # 1504
36086 # 1504
36096 # 1504
36096 # 1504
36096 # 1504
36097 # 1504
36097 # 1504
36097 # 1504
36099 # 1504
36100 # 1504
36100 # 1504
36100 # 1504
36100 # 1504
36101 # 1504
36101 # 1504
36102 # 1504
36104 # 1504
36104 # 1504
36105 # 1504
36105 # 1504
36106 # 1504
36107 # 1504
36108 # 1504
36109 # 1504
36110 # 1504
36112 # 1504
36113 # 1504
36114 # 1504
36116 # 1504
36116 # 1504
36117 # 1504
36118 # 1504
36119 # 1504
36120 # 1504
36121 # 1504
36124 # 1504
36124 # 1504
36125 # 1504
36126 # 1504
36127 # 1504
36136 # 1504
36136 # 1504
36136 # 1504
36136 # 1504
36136 # 1504
36136 # 1504
36136 # 1504
36137 # 1504
36137 # 1504
36140 # 1504
36140 # 1504
36141 # 1504
36142 # 1504
36143 # 1504
36144 # 1504
36145 # 1504
36145 # 1504
36156 # 1504
36156 # 1504
36156 # 1504
36156 # 1504
36156 # 1504
36156 # 1504
36156 # 1504
36156 # 1504
36156 # 1504
36157 # 1504
36158 # 1504
36159 # 1504
36160 # 1504
36161 # 1504
36162 # 1504
36163 # 1504
36164 # 1504
36165 # 1504
36172 # 1504
36172 # 1504
36172 # 1504
36172 # 1504
36173 # 1504
36173 # 1504
36180 # 1504
36180 # 1504
36180 # 1504
36180 # 1504
36181 # 1504
36181 # 1504
36181 # 1504
36181 # 1504
36181 # 1504
36182 # 1504
36184 # 1504
36186 # 1504
36186 # 1504
36186 # 1504
36186 # 1504
36187 # 1504
36189 # 1504
36189 # 1504
36190 # 1504
36193 # 1504
36194 # 1504
36195 # 1504
36196 # 1504
36197 # 1504
36199 # 1504
36199 # 1504
36202 # 1504
36203 # 1504
36205 # 1504
36206 # 1504
36206 # 1504
36208 # 1504
36209 # 1504
36209 # 1504
36210 # 1504
36211 # 1504
36212 # 1504
36212 # 1504
36214 # 1504
36216 # 1504
36216 # 1504
36217 # 1504
36217 # 1504
36218 # 1504
36219 # 1504
36220 # 1504
36221 # 1504
36223 # 1504
36223 # 1504
36226 # 1504
36226 # 1504
36227 # 1504
36227 # 1504
36229 # 1504
36229 # 1504
36230 # 1504
36233 # 1504
36233 # 1504
36234 # 1504
36235 # 1504
36236 # 1504
36237 # 1504
36237 # 1504
36238 # 1504
36239 # 1504
36240 # 1504
36241 # 1504
36242 # 1504
36242 # 1504
36244 # 1504
36244 # 1504
36245 # 1504
36245 # 1504
36247 # 1504
36249 # 1504
36249 # 1504
36249 # 1504
36250 # 1504
36251 # 1504
36253 # 1504
36253 # 1504
36254 # 1504
36255 # 1504
36264 # 1504
36273 # 1504
36273 # 1504
36273 # 1504
36275 # 1504
36275 # 1504
36275 # 1504
36275 # 1504
36277 # 1504
36278 # 1504
36278 # 1504
36287 # 1504
36287 # 1504
36287 # 1504
36287 # 1504
36287 # 1504
36287 # 1504
36288 # 1504
36288 # 1504
36290 # 1504
36291 # 1504
36292 # 1504
36293 # 1504
36295 # 1504
36296 # 1504
36305 # 1504
36305 # 1504
36305 # 1504
36305 # 1504
36305 # 1504
36305 # 1504
36305 # 1504
36306 # 1504
36306 # 1504
36307 # 1504
36308 # 1504
36309 # 1504
36309 # 1504
36311 # 1504
36312 # 1504
36313 # 1504
36314 # 1504
36314 # 1504
36315 # 1504
36316 # 1504
36317 # 1504
36320 # 1504
36321 # 1504
36321 # 1504
36321 # 1504
36322 # 1504
36323 # 1504
36324 # 1504
36325 # 1504
36326 # 1504
36328 # 1504
36328 # 1504
36329 # 1504
36338 # 1504
36338 # 1504
36338 # 1504
36338 # 1504
36338 # 1504
36339 # 1504
36339 # 1504
36355 # 1504
36355 # 1504
36355 # 1504
36355 # 1504
36356 # 1504
36356 # 1504
36356 # 1504
36356 # 1504
36356 # 1504
36357 # 1504
36357 # 1504
36358 # 1504
36358 # 1504
36358 # 1504
36358 # 1504
36358 # 1504
36358 # 1504
36358 # 1504
36358 # 1504
36371 # 1504
36371 # 1504
36371 # 1504
36371 # 1504
36371 # 1504
36371 # 1504
36371 # 1504
36371 # 1504
36374 # 1504
36374 # 1504
36374 # 1504
36374 # 1504
36374 # 1504
36374 # 1504
36375 # 1504
36384 # 1504
36384 # 1504
36384 # 1504
36387 # 1504
36387 # 1504
36387 # 1504
36387 # 1504
36387 # 1504
36391 # 1504
36391 # 1504
36392 # 1504
36392 # 1504
36392 # 1504
36392 # 1504
36392 # 1504
36392 # 1504
36393 # 1504
36394 # 1504
36395 # 1504
36395 # 1504
36396 # 1504
36398 # 1504
36398 # 1504
36399 # 1504
36400 # 1504
36402 # 1504
36402 # 1504
36403 # 1504
36404 # 1504
36405 # 1504
36406 # 1504
36406 # 1504
36407 # 1504
36408 # 1504
36410 # 1504
36410 # 1504
36413 # 1504
36413 # 1504
36415 # 1504
36415 # 1504
36416 # 1504
36417 # 1504
36418 # 1504
36427 # 1504
36428 # 1504
36428 # 1504
36428 # 1504
36428 # 1504
36428 # 1504
36429 # 1504
36430 # 1504
36439 # 1504
36439 # 1504
36439 # 1504
36440 # 1504
36440 # 1504
36440 # 1504
36440 # 1504
36440 # 1504
36440 # 1504
36440 # 1504
36441 # 1504
36442 # 1504
36444 # 1504
36446 # 1504
36446 # 1504
36446 # 1504
36447 # 1504
36448 # 1504
36449 # 1504
36450 # 1504
36451 # 1504
36452 # 1504
36453 # 1504
36453 # 1504
36454 # 1504
36455 # 1504
36461 # 1504
36461 # 1504
36461 # 1504
36461 # 1504
36461 # 1504
36461 # 1504
36462 # 1504
36464 # 1504
36464 # 1504
36465 # 1504
36471 # 1504
36471 # 1504
36471 # 1504
36471 # 1504
36471 # 1504
36471 # 1504
36472 # 1504
36474 # 1504
36474 # 1504
36475 # 1504
36475 # 1504
36477 # 1504
36477 # 1504
36478 # 1504
36480 # 1504
36480 # 1504
36482 # 1504
36482 # 1504
36484 # 1504
36486 # 1504
36486 # 1504
36486 # 1504
36488 # 1504
36496 # 1504
36497 # 1504
36500 # 1504
36501 # 1504
36501 # 1504
36501 # 1504
36501 # 1504
36506 # 1504
36506 # 1504
36508 # 1504
36508 # 1504
36508 # 1504
36508 # 1504
36518 # 1504
36518 # 1504
36518 # 1504
36525 # 1504
36536 # 1504
36536 # 1504
36536 # 1504
36537 # 1504
36537 # 1504
36537 # 1504
36537 # 1504
36537 # 1504
36537 # 1504
36537 # 1504
36537 # 1504
36545 # 1504
36545 # 1504
36547 # 1504
36547 # 1504
36547 # 1504
36547 # 1504
36547 # 1504
36547 # 1504
36547 # 1504
36548 # 1504
36549 # 1504
36550 # 1504
36551 # 1504
36552 # 1504
36552 # 1504
36554 # 1504
36554 # 1504
36555 # 1504
36556 # 1504
36557 # 1504
36558 # 1504
36559 # 1504
36560 # 1504
36561 # 1504
36562 # 1504
36562 # 1504
36565 # 1504
36566 # 1504
36566 # 1504
36570 # 1504
36570 # 1504
36570 # 1504
36571 # 1504
36577 # 1504
36578 # 1504
36586 # 1504
36586 # 1504
36587 # 1504
36589 # 1504
36590 # 1504
36591 # 1504
36593 # 1504
36594 # 1504
36595 # 1504
36605 # 1504
36605 # 1504
36605 # 1504
36605 # 1504
36605 # 1504
36605 # 1504
36606 # 1504
36606 # 1504
36607 # 1504
36607 # 1504
36611 # 1504
36612 # 1504
36613 # 1504
36614 # 1504
36615 # 1504
36616 # 1504
36617 # 1504
36618 # 1504
36619 # 1504
36619 # 1504
36621 # 1504
36622 # 1504
36622 # 1504
36624 # 1504
36624 # 1504
36626 # 1504
36627 # 1504
36628 # 1504
36630 # 1504
36630 # 1504
36630 # 1504
36632 # 1504
36633 # 1504
36634 # 1504
36635 # 1504
36636 # 1504
36638 # 1504
36639 # 1504
36640 # 1504
36641 # 1504
36642 # 1504
36644 # 1504
36645 # 1504
36645 # 1504
36646 # 1504
36647 # 1504
36648 # 1504
36649 # 1504
36650 # 1504
36659 # 1504
36659 # 1504
36660 # 1504
36660 # 1504
36660 # 1504
36660 # 1504
36660 # 1504
36660 # 1504
36660 # 1504
36661 # 1504
36662 # 1504
36672 # 1504
36673 # 1504
36673 # 1504
36673 # 1504
36673 # 1504
36673 # 1504
36673 # 1504
36673 # 1504
36673 # 1504
36673 # 1504
36674 # 1504
36675 # 1504
36676 # 1504
36677 # 1504
36678 # 1504
36680 # 1504
36680 # 1504
36681 # 1504
36682 # 1504
36684 # 1504
36685 # 1504
36686 # 1504
36687 # 1504
36688 # 1504
36690 # 1504
36690 # 1504
36700 # 1504
36700 # 1504
36700 # 1504
36700 # 1504
36700 # 1504
36700 # 1504
36700 # 1504
36700 # 1504
36700 # 1504
36700 # 1504
36701 # 1504
36703 # 1504
36704 # 1504
36705 # 1504
36706 # 1504
36707 # 1504
36708 # 1504
36709 # 1504
36712 # 1504
36713 # 1504
36714 # 1504
36715 # 1504
36716 # 1504
36717 # 1504
36720 # 1504
36720 # 1504
36722 # 1504
36731 # 1504
36731 # 1504
36731 # 1504
36731 # 1504
36731 # 1504
36731 # 1504
36731 # 1504
36732 # 1504
36733 # 1504
36736 # 1504
36737 # 1504
36738 # 1504
36739 # 1504
36740 # 1504
36741 # 1504
36744 # 1504
36745 # 1504
36746 # 1504
36748 # 1504
36749 # 1504
36749 # 1504
36752 # 1504
36754 # 1504
36754 # 1504
36755 # 1504
36757 # 1504
36760 # 1504
36765 # 1504
36767 # 1504
36772 # 1504
36772 # 1504
36772 # 1504
36773 # 1504
36775 # 1504
36784 # 1504
36784 # 1504
36791 # 1504
36791 # 1504
36791 # 1504
36791 # 1504
36791 # 1504
36791 # 1504
36792 # 1504
36794 # 1504
36794 # 1504
36795 # 1504
36795 # 1504
36797 # 1504
36798 # 1504
36798 # 1504
36800 # 1504
36801 # 1504
36803 # 1504
36803 # 1504
36804 # 1504
36805 # 1504
36807 # 1504
36807 # 1504
36808 # 1504
36810 # 1504
36810 # 1504
36811 # 1504
36812 # 1504
36812 # 1504
36814 # 1504
36815 # 1504
36815 # 1504
36816 # 1504
36817 # 1504
36818 # 1504
36819 # 1504
36819 # 1504
36820 # 1504
36821 # 1504
36824 # 1504
36824 # 1504
36825 # 1504
36827 # 1504
36827 # 1504
36828 # 1504
36829 # 1504
36829 # 1504
36832 # 1504
36835 # 1504
36835 # 1504
36835 # 1504
36835 # 1504
36836 # 1504
36837 # 1504
36840 # 1504
36841 # 1504
36842 # 1504
36843 # 1504
36843 # 1504
36844 # 1504
36847 # 1504
36849 # 1504
36849 # 1504
36850 # 1504
36851 # 1504
36851 # 1504
36853 # 1504
36853 # 1504
36855 # 1504
36856 # 1504
36857 # 1504
36858 # 1504
36859 # 1504
36860 # 1504
36860 # 1504
36861 # 1504
36863 # 1504
36864 # 1504
36865 # 1504
36865 # 1504
36866 # 1504
36867 # 1504
36877 # 1504
36877 # 1504
36877 # 1504
36877 # 1504
36877 # 1504
36877 # 1504
36877 # 1504
36877 # 1504
36877 # 1504
36877 # 1504
36878 # 1504
36881 # 1504
36882 # 1504
36882 # 1504
36883 # 1504
36885 # 1504
36886 # 1504
36889 # 1504
36889 # 1504
36890 # 1504
36891 # 1504
36893 # 1504
36895 # 1504
36895 # 1504
36896 # 1504
36898 # 1504
36898 # 1504
36898 # 1504
36899 # 1504
36902 # 1504
36911 # 1504
36911 # 1504
36911 # 1504
36911 # 1504
36911 # 1504
36912 # 1504
36912 # 1504
36912 # 1504
36912 # 1504
36913 # 1504
36914 # 1504
36915 # 1504
36915 # 1504
36918 # 1504
36919 # 1504
36920 # 1504
36920 # 1504
36921 # 1504
36922 # 1504
36923 # 1504
36926 # 1504
36927 # 1504
36927 # 1504
36930 # 1504
36930 # 1504
36931 # 1504
36934 # 1504
36935 # 1504
36936 # 1504
36936 # 1504
36937 # 1504
36938 # 1504
36939 # 1504
36940 # 1504
36940 # 1504
36944 # 1504
36945 # 1504
36945 # 1504
36945 # 1504
36945 # 1504
36946 # 1504
36947 # 1504
36948 # 1504
36950 # 1504
36950 # 1504
36951 # 1504
36953 # 1504
36961 # 1504
36961 # 1504
36961 # 1504
36961 # 1504
36961 # 1504
36962 # 1504
36962 # 1504
36962 # 1504
36962 # 1504
36962 # 1504
36962 # 1504
36963 # 1504
36963 # 1504
36964 # 1504
36965 # 1504
36966 # 1504
36966 # 1504
36967 # 1504
36973 # 1504
36973 # 1504
36974 # 1504
36974 # 1504
36974 # 1504
36974 # 1504
36974 # 1504
36974 # 1504
36974 # 1504
36975 # 1504
36976 # 1504
36977 # 1504
36977 # 1504
36978 # 1504
36980 # 1504
36980 # 1504
36980 # 1504
36982 # 1504
36982 # 1504
36982 # 1504
36991 # 1504
36991 # 1504
36991 # 1504
36991 # 1504
36991 # 1504
36991 # 1504
36992 # 1504
36992 # 1504
36992 # 1504
36992 # 1504
36993 # 1504
36994 # 1504
36995 # 1504
36995 # 1504
36996 # 1504
36997 # 1504
36998 # 1504
36998 # 1504
37000 # 1504
37001 # 1504
37001 # 1504
37002 # 1504
37003 # 1504
37004 # 1504
37004 # 1504
37004 # 1504
37006 # 1504
37007 # 1504
37008 # 1504
37020 # 1504
37020 # 1504
37020 # 1504
37020 # 1504
37020 # 1504
37022 # 1504
37024 # 1504
37024 # 1504
37027 # 1504
37027 # 1504
37028 # 1504
37030 # 1504
37032 # 1504
37032 # 1504
37034 # 1504
37035 # 1504
37035 # 1504
37036 # 1504
37038 # 1504
37039 # 1504
37040 # 1504
37042 # 1504
37043 # 1504
37044 # 1504
37046 # 1504
37048 # 1504
37048 # 1504
37048 # 1504
37057 # 1504
37057 # 1504
37057 # 1504
37057 # 1504
37058 # 1504
37058 # 1504
37058 # 1504
37060 # 1504
37062 # 1504
37063 # 1504
37065 # 1504
37068 # 1504
37073 # 1504
37074 # 1504
37074 # 1504
37084 # 1504
37084 # 1504
37084 # 1504
37084 # 1504
37085 # 1504
37085 # 1504
37086 # 1504
37097 # 1504
37097 # 1504
37097 # 1504
37097 # 1504
37098 # 1504
37099 # 1504
37100 # 1504
37101 # 1504
37102 # 1504
37104 # 1504
37105 # 1504
37106 # 1504
37107 # 1504
37107 # 1504
37109 # 1504
37110 # 1504
37112 # 1504
37112 # 1504
37113 # 1504
37122 # 1504
37122 # 1504
37122 # 1504
37122 # 1504
37122 # 1504
37122 # 1504
37126 # 1504
37126 # 1504
37126 # 1504
37128 # 1504
37128 # 1504
37129 # 1504
37133 # 1504
37133 # 1504
37134 # 1504
37136 # 1504
37137 # 1504
37141 # 1504
37142 # 1504
37142 # 1504
37145 # 1504
37149 # 1504
37157 # 1504
37158 # 1504
37158 # 1504
37160 # 1504
37160 # 1504
37160 # 1504
37160 # 1504
37160 # 1504
37161 # 1504
37165 # 1504
37165 # 1504
37165 # 1504
37168 # 1504
37175 # 1504
37175 # 1504
37175 # 1504
37175 # 1504
37175 # 1504
37176 # 1504
37177 # 1504
37178 # 1504
37180 # 1504
37183 # 1504
37183 # 1504
37186 # 1504
37186 # 1504
37187 # 1504
37187 # 1504
37188 # 1504
37197 # 1504
37197 # 1504
37197 # 1504
37197 # 1504
37197 # 1504
37197 # 1504
37197 # 1504
37200 # 1504
37201 # 1504
37205 # 1504
37207 # 1504
37219 # 1504
37219 # 1504
37219 # 1504
37222 # 1504
37225 # 1504
37229 # 1504
37231 # 1504
37233 # 1504
37244 # 1504
37245 # 1504
37246 # 1504
37247 # 1504
37247 # 1504
37247 # 1504
37249 # 1504
37249 # 1504
37250 # 1504
37251 # 1504
37252 # 1504
37254 # 1504
37255 # 1504
37256 # 1504
37260 # 1504
37267 # 1504
37269 # 1504
37273 # 1504
37273 # 1504
37277 # 1504
37277 # 1504
37279 # 1504
37281 # 1504
37283 # 1504
37284 # 1504
37285 # 1504
37288 # 1504
37288 # 1504
37298 # 1504
37298 # 1504
37298 # 1504
37300 # 1504
37304 # 1504
37305 # 1504
37306 # 1504
37307 # 1504
37310 # 1504
37311 # 1504
37312 # 1504
37314 # 1504
37315 # 1504
37316 # 1504
37319 # 1504
37320 # 1504
37321 # 1504
37323 # 1504
37324 # 1504
37325 # 1504
37328 # 1504
37329 # 1504
37330 # 1504
37331 # 1504
37332 # 1504
37335 # 1504
37336 # 1504
37337 # 1504
37338 # 1504
37339 # 1504
37340 # 1504
37343 # 1504
37344 # 1504
37345 # 1504
37346 # 1504
37348 # 1504
37349 # 1504
37352 # 1504
37354 # 1504
37355 # 1504
37356 # 1504
37358 # 1504
37361 # 1504
37362 # 1504
37366 # 1504
37368 # 1504
37369 # 1504
37370 # 1504
37374 # 1504
37375 # 1504
37377 # 1504
37378 # 1504
37382 # 1504
37383 # 1504
37385 # 1504
37387 # 1504
37389 # 1504
37392 # 1504
37394 # 1504
37397 # 1504
37398 # 1504
37399 # 1504
37400 # 1504
37402 # 1504
37405 # 1504
37406 # 1504
37408 # 1504
37409 # 1504
37410 # 1504
37411 # 1504
37414 # 1504
37415 # 1504
37416 # 1504
37417 # 1504
37418 # 1504
37420 # 1504
37421 # 1504
37422 # 1504
37425 # 1504
37425 # 1504
37426 # 1504
37428 # 1504
37429 # 1504
37430 # 1504
37440 # 1504
37441 # 1504
37442 # 1504
37442 # 1504
37442 # 1504
37443 # 1504
37453 # 1504
37453 # 1504
37453 # 1504
37455 # 1504
37456 # 1504
37458 # 1504
37461 # 1504
37463 # 1504
37465 # 1504
37466 # 1504
37469 # 1504
37471 # 1504
37475 # 1504
37475 # 1504
37475 # 1504
37477 # 1504
37480 # 1504
37482 # 1504
37485 # 1504
37486 # 1504
37488 # 1504
37490 # 1504
37493 # 1504
37495 # 1504
37496 # 1504
37499 # 1504
37501 # 1504
37503 # 1504
37506 # 1504
37508 # 1504
37512 # 1504
37523 # 1504
37523 # 1504
37523 # 1504
37524 # 1504
37527 # 1504
37532 # 1504
37535 # 1504
37535 # 1504
37536 # 1504
37537 # 1504
37538 # 1504
37539 # 1504
37540 # 1504
37542 # 1504
37544 # 1504
37545 # 1504
37547 # 1504
37548 # 1504
37550 # 1504
37552 # 1504
37554 # 1504
37556 # 1504
37557 # 1504
37558 # 1504
37559 # 1504
37560 # 1504
37562 # 1504
37564 # 1504
37565 # 1504
37567 # 1504
37568 # 1504
37569 # 1504
37570 # 1504
37576 # 1504
37576 # 1504
37576 # 1504
37577 # 1504
37579 # 1504
37580 # 1504
37581 # 1504
37583 # 1504
37584 # 1504
37585 # 1504
37588 # 1504
37589 # 1504
37589 # 1504
37592 # 1504
37593 # 1504
37595 # 1504
37596 # 1504
37598 # 1504
37599 # 1504
37600 # 1504
37604 # 1504
37605 # 1504
37606 # 1504
37607 # 1504
37610 # 1504
37612 # 1504
37613 # 1504
37614 # 1504
37616 # 1504
37618 # 1504
37619 # 1504
37620 # 1504
37621 # 1504
37622 # 1504
37623 # 1504
37626 # 1504
37627 # 1504
37628 # 1504
37629 # 1504
37634 # 1504
37636 # 1504
37644 # 1504
37644 # 1504
37645 # 1504
37646 # 1504
37653 # 1504
37654 # 1504
37655 # 1504
37657 # 1504
37660 # 1504
37662 # 1504
37665 # 1504
37670 # 1504
37672 # 1504
37675 # 1504
37675 # 1504
37677 # 1504
37678 # 1504
37680 # 1504
37680 # 1504
37681 # 1504
37682 # 1504
37684 # 1504
37685 # 1504
37686 # 1504
37688 # 1504
37689 # 1504
37690 # 1504
37692 # 1504
37693 # 1504
37695 # 1504
37696 # 1504
37697 # 1504
37698 # 1504
37700 # 1504
37703 # 1504
37706 # 1504
37707 # 1504
37709 # 1504
37719 # 1504
37722 # 1504
37722 # 1504
37722 # 1504
37722 # 1504
37731 # 1504
37731 # 1504
37731 # 1504
37733 # 1504
37735 # 1504
37738 # 1504
37741 # 1504
37744 # 1504
37749 # 1504
37752 # 1504
37755 # 1504
37772 # 1504
37777 # 1504
37777 # 1504
37780 # 1504
37783 # 1504
37784 # 1504
37785 # 1504
37787 # 1504
37790 # 1504
37793 # 1504
37795 # 1504
37796 # 1504
37798 # 1504
37801 # 1504
37803 # 1504
37805 # 1504
37808 # 1504
37811 # 1504
37815 # 1504
37817 # 1504
37819 # 1504
37820 # 1504
37820 # 1504
37824 # 1504
37824 # 1504
37826 # 1504
37827 # 1504
37829 # 1504
37830 # 1504
37833 # 1504
37834 # 1504
37836 # 1504
37837 # 1504
37839 # 1504
37840 # 1504
37842 # 1504
37843 # 1504
37845 # 1504
37849 # 1504
37849 # 1504
37850 # 1504
37852 # 1504
37855 # 1504
37856 # 1504
37859 # 1504
37860 # 1504
37863 # 1504
37864 # 1504
37867 # 1504
37868 # 1504
37869 # 1504
37871 # 1504
37874 # 1504
37879 # 1504
37879 # 1504
37880 # 1504
37880 # 1504
37880 # 1504
37881 # 1504
37882 # 1504
37884 # 1504
37886 # 1504
37886 # 1504
37888 # 1504
37888 # 1504
37891 # 1504
37892 # 1504
37893 # 1504
37894 # 1504
37895 # 1504
37896 # 1504
37897 # 1504
37898 # 1504
37900 # 1504
37901 # 1504
37903 # 1504
37903 # 1504
37905 # 1504
37906 # 1504
37907 # 1504
37908 # 1504
37909 # 1504
37911 # 1504
37912 # 1504
37913 # 1504
37914 # 1504
37916 # 1504
37917 # 1504
37918 # 1504
37919 # 1504
37920 # 1504
37921 # 1504
37923 # 1504
37924 # 1504
37926 # 1504
37927 # 1504
37928 # 1504
37929 # 1504
37930 # 1504
37933 # 1504
37934 # 1504
37936 # 1504
37937 # 1504
37938 # 1504
37939 # 1504
37940 # 1504
37944 # 1504
37945 # 1504
37946 # 1504
37947 # 1504
37948 # 1504
37949 # 1504
37953 # 1504
37954 # 1504
37955 # 1504
37956 # 1504
37958 # 1504
37961 # 1504
37962 # 1504
37964 # 1504
37965 # 1504
37968 # 1504
37979 # 1504
37979 # 1504
37979 # 1504
37979 # 1504
37979 # 1504
37980 # 1504
37980 # 1504
37980 # 1504
37981 # 1504
37984 # 1504
37985 # 1504
37986 # 1504
37988 # 1504
37989 # 1504
37993 # 1504
37994 # 1504
37996 # 1504
37996 # 1504
37997 # 1504
37998 # 1504
38001 # 1504
38002 # 1504
38004 # 1504
38007 # 1504
38012 # 1504
38018 # 1504
38020 # 1504
38024 # 1504
38027 # 1504
38028 # 1504
38028 # 1504
38032 # 1504
38034 # 1504
38035 # 1504
38036 # 1504
38038 # 1504
38040 # 1504
38042 # 1504
38044 # 1504
38046 # 1504
38048 # 1504
38050 # 1504
38052 # 1504
38054 # 1504
38057 # 1504
38059 # 1504
38060 # 1504
38063 # 1504
38066 # 1504
38067 # 1504
38068 # 1504
38074 # 1504
38074 # 1504
38079 # 1504
38079 # 1504
38079 # 1504
38079 # 1504
38083 # 1504
38083 # 1504
38085 # 1504
38085 # 1504
38087 # 1504
38089 # 1504
38092 # 1504
38094 # 1504
38095 # 1504
38101 # 1504
38102 # 1504
38103 # 1504
38105 # 1504
38106 # 1504
38107 # 1504
38109 # 1504
38111 # 1504
38113 # 1504
38113 # 1504
38116 # 1504
38125 # 1504
38125 # 1504
38126 # 1504
38129 # 1504
38131 # 1504
38134 # 1504
38137 # 1504
38138 # 1504
38140 # 1504
38144 # 1504
38146 # 1504
38148 # 1504
38152 # 1504
38154 # 1504
38156 # 1504
38159 # 1504
38160 # 1504
38164 # 1504
38167 # 1504
38168 # 1504
38170 # 1504
38172 # 1504
38179 # 1504
38183 # 1504
38186 # 1504
38188 # 1504
38190 # 1504
38194 # 1504
38195 # 1504
38202 # 1504
38203 # 1504
38207 # 1504
38210 # 1504
38213 # 1504
38215 # 1504
38217 # 1504
38218 # 1504
38221 # 1504
38222 # 1504
38225 # 1504
38227 # 1504
38229 # 1504
38231 # 1504
38236 # 1504
38236 # 1504
38238 # 1504
38242 # 1504
38244 # 1504
38246 # 1504
38250 # 1504
38252 # 1504
38255 # 1504
38260 # 1504
38268 # 1504
38281 # 1504
38287 # 1504
38304 # 1504
38312 # 1504
38317 # 1504
38320 # 1504
38324 # 1504
38326 # 1504
38330 # 1504
38333 # 1504
38335 # 1504
38339 # 1504
38341 # 1504
38344 # 1504
38346 # 1504
38348 # 1504
38350 # 1504
38352 # 1504
38354 # 1504
38356 # 1504
38358 # 1504
38360 # 1504
38362 # 1504
38365 # 1504
38368 # 1504
38370 # 1504
38373 # 1504
38379 # 1504
38379 # 1504
38384 # 1504
38386 # 1504
38392 # 1504
38395 # 1504
38400 # 1504
38402 # 1504
38408 # 1504
38412 # 1504
38418 # 1504
38426 # 1504
38449 # 1504
38457 # 1504
38483 # 1504
38485 # 1504
38494 # 1504
38502 # 1504
38527 # 1504
38534 # 1504
38541 # 1504
38555 # 1504
38557 # 1504
38566 # 1504
38573 # 1504
38584 # 1504
38586 # 1504
38589 # 1504
38596 # 1504
38602 # 1504
38606 # 1504
38611 # 1504
38614 # 1504
38616 # 1504
38618 # 1504
38620 # 1504
38623 # 1504
38626 # 1504
38628 # 1504
38632 # 1504
38635 # 1504
38638 # 1504
38641 # 1504
38645 # 1504
38649 # 1504
38652 # 1504
38657 # 1504
38662 # 1504
38668 # 1504
38670 # 1504
38675 # 1504
38678 # 1504
38683 # 1504
38685 # 1504
38689 # 1504
38692 # 1504
38695 # 1504
38700 # 1504
38703 # 1504
38706 # 1504
38709 # 1504
38711 # 1504
38714 # 1504
38717 # 1504
38718 # 1504
38720 # 1504
38723 # 1504
38725 # 1504
38728 # 1504
38730 # 1504
38732 # 1504
38734 # 1504
38736 # 1504
38739 # 1504
38741 # 1504
38743 # 1504
38745 # 1504
38748 # 1504
38749 # 1504
38752 # 1504
38754 # 1504
38755 # 1504
38762 # 1504
38768 # 1504
38770 # 1504
38772 # 1504
38777 # 1504
38783 # 1504
38784 # 1504
38786 # 1504
38791 # 1504
38794 # 1504
38797 # 1504
38799 # 1504
38802 # 1504
38805 # 1504
38808 # 1504
38810 # 1504
38816 # 1504
38817 # 1504
38821 # 1504
38826 # 1504
38827 # 1504
38834 # 1504
38838 # 1504
38842 # 1504
38845 # 1504
38847 # 1504
38850 # 1504
38852 # 1504
38855 # 1504
38858 # 1504
38861 # 1504
38863 # 1504
38866 # 1504
38869 # 1504
38871 # 1504
38875 # 1504
38878 # 1504
38885 # 1504
38885 # 1504
38887 # 1504
38893 # 1504
38894 # 1504
38899 # 1504
38901 # 1504
38903 # 1504
38907 # 1504
38910 # 1504
38912 # 1504
38918 # 1504
38918 # 1504
38921 # 1504
38924 # 1504
38929 # 1504
38935 # 1504
38941 # 1504
38962 # 1504
38962 # 1504
38962 # 1504
38962 # 1504
38963 # 1504
38964 # 1504
38974 # 1504
38974 # 1504
38977 # 1504
38984 # 1504
38986 # 1504
38989 # 1504
38992 # 1504
38997 # 1504
39002 # 1504
39006 # 1504
39013 # 1504
39018 # 1504
39023 # 1504
39029 # 1504
39032 # 1504
39038 # 1504
39040 # 1504
39047 # 1504
39054 # 1504
39062 # 1504
39068 # 1504
39076 # 1504
39085 # 1504
39094 # 1504
39097 # 1504
39100 # 1504
39105 # 1504
39107 # 1504
39110 # 1504
39113 # 1504
39120 # 1504
39123 # 1504
39128 # 1504
39131 # 1504
39138 # 1504
39144 # 1504
39147 # 1504
39154 # 1504
39157 # 1504
39163 # 1504
39164 # 1504
39168 # 1504
39173 # 1504
39178 # 1504
39185 # 1504
39185 # 1504
39189 # 1504
39192 # 1504
39196 # 1504
39199 # 1504
39203 # 1504
39205 # 1504
39210 # 1504
39214 # 1504
39217 # 1504
39220 # 1504
39227 # 1504
39229 # 1504
39234 # 1504
39238 # 1504
39242 # 1504
39247 # 1504
39250 # 1504
39254 # 1504
39258 # 1504
39278 # 1504
39286 # 1504
39297 # 1504
39308 # 1504
39312 # 1504
39318 # 1504
39322 # 1504
39328 # 1504
39334 # 1504
39340 # 1504
39353 # 1504
39370 # 1504
39375 # 1504
39378 # 1504
39383 # 1504
39388 # 1504
39394 # 1504
39401 # 1504
39407 # 1504
39413 # 1504
39421 # 1504
39429 # 1504
39436 # 1504
39444 # 1504
39470 # 1504
39479 # 1504
39489 # 1504
39496 # 1504
39503 # 1504
39508 # 1504
39519 # 1504
39529 # 1504
39533 # 1504
39537 # 1504
39541 # 1504
39545 # 1504
39553 # 1504
39586 # 1504
39628 # 1504
39640 # 1504
39656 # 1504
39669 # 1504
39687 # 1504
39692 # 1504
39699 # 1504
39710 # 1504
39720 # 1504
39724 # 1504
39732 # 1504
39743 # 1504
39753 # 1504
39789 # 1504
39812 # 1504
39835 # 1504
39850 # 1504
39874 # 1504
39889 # 1504
39912 # 1504
39942 # 1504
39958 # 1504
39971 # 1504
39976 # 1504
39984 # 1504
39994 # 1504
40002 # 1504
40019 # 1504
40034 # 1504
40048 # 1504
40055 # 1504
40063 # 1504
40072 # 1504
40102 # 1504
40127 # 1504
40145 # 1504
40156 # 1504
40166 # 1504
40180 # 1504
40193 # 1504
40205 # 1504
40216 # 1504
40231 # 1504
40244 # 1504
40278 # 1504
40320 # 1504
40345 # 1504
40370 # 1504
40394 # 1504
40414 # 1504
40424 # 1504
40436 # 1504
40452 # 1504
40461 # 1504
40476 # 1504
40488 # 1504
40494 # 1504
40501 # 1504
40510 # 1504
40531 # 1504
40541 # 1504
40557 # 1504
40583 # 1504
40607 # 1504
40616 # 1504
40623 # 1504
40637 # 1504
40648 # 1504
40662 # 1504
40673 # 1504
40683 # 1504
40695 # 1504
40742 # 1504
40756 # 1504
40775 # 1504
40787 # 1504
40800 # 1504
40815 # 1504
40830 # 1504
40844 # 1504
40854 # 1504
40867 # 1504
40876 # 1504
40885 # 1504
40900 # 1504
40901 # 1504
40907 # 1504
40915 # 1504
40920 # 1504
40924 # 1504
40932 # 1504
40940 # 1504
40950 # 1504
40955 # 1504
40972 # 1504
40988 # 1504
41025 # 1504
41036 # 1504
41045 # 1504
41052 # 1504
41060 # 1504
41067 # 1504
41075 # 1504
41082 # 1504
41090 # 1504
41104 # 1504
41112 # 1504
41120 # 1504
41128 # 1504
41145 # 1504
41154 # 1504
41162 # 1504
41183 # 1504
41210 # 1504
41227 # 1504
41250 # 1504
41290 # 1504
41323 # 1504
41363 # 1504
41384 # 1504
41401 # 1504
41416 # 1504
41432 # 1504
41487 # 1504
41535 # 1504
41571 # 1504
41600 # 1504
41618 # 1504
41639 # 1504
41653 # 1504
41672 # 1504
41707 # 1504
41721 # 1504
41735 # 1504
41749 # 1504
41768 # 1504
41793 # 1504
41807 # 1504
41821 # 1504
41833 # 1504
41849 # 1504
41868 # 1504
41879 # 1504
41888 # 1504
41901 # 1504
41908 # 1504
41920 # 1504
41930 # 1504
41942 # 1504
41962 # 1504
41976 # 1504
41990 # 1504
42005 # 1504
42032 # 1504
42042 # 1504
42054 # 1504
42088 # 1504
42097 # 1504
42108 # 1504
42120 # 1504
42131 # 1504
42141 # 1504
42150 # 1504
42162 # 1504
42172 # 1504
42180 # 1504
42188 # 1504
42193 # 1504
42206 # 1504
42209 # 1504
42219 # 1504
42227 # 1504
42241 # 1504
42256 # 1504
42304 # 1504
42320 # 1504
42343 # 1504
42359 # 1504
42372 # 1504
42388 # 1504
42403 # 1504
42421 # 1504
42443 # 1504
42462 # 1504
42560 # 1504
42572 # 1504
42582 # 1504
42593 # 1504
42605 # 1504
42615 # 1504
42628 # 1504
42638 # 1504
42651 # 1504
42671 # 1504
42692 # 1504
42748 # 1504
42764 # 1504
42780 # 1504
42832 # 1504
42848 # 1504
42860 # 1504
42872 # 1504
42882 # 1504
42893 # 1504
42910 # 1504
42916 # 1504
42932 # 1504
42939 # 1504
42949 # 1504
42959 # 1504
42970 # 1504
42980 # 1504
42992 # 1504
43008 # 1504
43034 # 1504
43047 # 1504
43059 # 1504
43067 # 1504
43076 # 1504
43084 # 1504
43092 # 1504
43102 # 1504
43110 # 1504
43119 # 1504
43128 # 1504
43141 # 1504
43153 # 1504
43165 # 1504
43216 # 1504
43235 # 1504
43247 # 1504
43263 # 1504
43284 # 1504
43293 # 1504
43303 # 1504
43315 # 1504
43329 # 1504
43348 # 1504
43537 # 1504
43552 # 1504
43565 # 1504
43581 # 1504
43596 # 1504
43615 # 1504
43627 # 1504
43644 # 1504
43660 # 1504
43668 # 1504
43675 # 1504
43686 # 1504
43694 # 1504
43701 # 1504
43706 # 1504
43711 # 1504
43716 # 1504
43720 # 1504
43730 # 1504
43730 # 1504
43733 # 1504
43737 # 1504
43745 # 1504
43758 # 1504
43759 # 1504
43762 # 1504
43786 # 1504
43786 # 1504
43787 # 1504
43793 # 1504
43797 # 1504
43805 # 1504
43817 # 1504
43821 # 1504
43825 # 1504
43829 # 1504
43835 # 1504
43840 # 1504
43843 # 1504
43849 # 1504
43852 # 1504
43856 # 1504
43862 # 1504
43864 # 1504
43874 # 1504
43874 # 1504
43884 # 1504
43906 # 1504
43906 # 1504
43908 # 1504
43919 # 1504
43924 # 1504
43927 # 1504
43934 # 1504
43937 # 1504
43943 # 1504
43957 # 1504
43974 # 1504
43974 # 1504
43974 # 1504
43974 # 1504
43976 # 1504
43980 # 1504
43994 # 1504
43994 # 1504
43994 # 1504
43996 # 1504
43996 # 1504
44016 # 1504
44016 # 1504
44017 # 1504
44019 # 1504
44036 # 1504
44053 # 1504
44053 # 1504
44056 # 1504
44061 # 1504
44066 # 1504
44085 # 1504
44085 # 1504
44085 # 1504
44094 # 1504
44096 # 1504
44100 # 1504
44102 # 1504
44108 # 1504
44116 # 1504
44117 # 1504
44126 # 1504
44140 # 1504
44153 # 1504
44158 # 1504
44184 # 1504
44184 # 1504
44196 # 1504
44204 # 1504
44217 # 1504
44234 # 1504
44240 # 1504
44245 # 1504
44256 # 1504
44284 # 1504
44302 # 1504
44310 # 1504
44316 # 1504
44326 # 1504
44338 # 1504
44345 # 1504
44354 # 1504
44361 # 1504
44369 # 1504
44377 # 1504
44382 # 1504
44387 # 1504
44397 # 1504
44398 # 1504
44403 # 1504
44407 # 1504
44417 # 1504
44420 # 1504
44426 # 1504
44432 # 1504
44439 # 1504
44444 # 1504
44448 # 1504
44453 # 1504
44457 # 1504
44462 # 1504
44465 # 1504
44477 # 1504
44477 # 1504
44477 # 1504
44494 # 1504
44494 # 1504
44494 # 1504
44496 # 1504
44496 # 1504
44497 # 1504
44502 # 1504
44505 # 1504
44511 # 1504
44523 # 1504
44525 # 1504
44536 # 1504
44536 # 1504
44537 # 1504
44541 # 1504
44544 # 1504
44547 # 1504
44556 # 1504
44556 # 1504
44559 # 1504
44563 # 1504
44574 # 1504
44585 # 1504
44585 # 1504
44587 # 1504
44596 # 1504
44596 # 1504
44596 # 1504
44600 # 1504
44604 # 1504
44606 # 1504
44619 # 1504
44619 # 1504
44619 # 1504
44621 # 1504
44624 # 1504
44644 # 1504
44645 # 1504
44645 # 1504
44645 # 1504
44654 # 1504
44657 # 1504
44657 # 1504
44659 # 1504
44662 # 1504
44667 # 1504
44677 # 1504
44678 # 1504
44683 # 1504
44694 # 1504
44694 # 1504
44698 # 1504
44702 # 1504
44705 # 1504
44725 # 1504
44725 # 1504
44725 # 1504
44725 # 1504
44725 # 1504
44736 # 1504
44737 # 1504
44737 # 1504
44740 # 1504
44743 # 1504
44754 # 1504
44756 # 1504
44756 # 1504
44761 # 1504
44777 # 1504
44777 # 1504
44779 # 1504
44782 # 1504
44785 # 1504
44794 # 1504
44798 # 1504
44798 # 1504
44801 # 1504
44801 # 1504
44812 # 1504
44814 # 1504
44820 # 1504
44820 # 1504
44821 # 1504
44822 # 1504
44825 # 1504
44836 # 1504
44836 # 1504
44836 # 1504
44838 # 1504
44841 # 1504
44843 # 1504
44846 # 1504
44865 # 1504
44865 # 1504
44865 # 1504
44865 # 1504
44865 # 1504
44870 # 1504
44870 # 1504
44884 # 1504
44886 # 1504
44886 # 1504
44886 # 1504
44886 # 1504
44896 # 1504
44896 # 1504
44897 # 1504
44899 # 1504
44902 # 1504
44904 # 1504
44914 # 1504
44924 # 1504
44924 # 1504
44924 # 1504
44924 # 1504
44925 # 1504
44934 # 1504
44936 # 1504
44936 # 1504
44937 # 1504
44940 # 1504
44943 # 1504
44954 # 1504
44959 # 1504
44959 # 1504
44959 # 1504
44970 # 1504
44970 # 1504
44975 # 1504
44985 # 1504
44990 # 1504
44990 # 1504
44996 # 1504
45004 # 1504
45005 # 1504
45022 # 1504
45022 # 1504
45022 # 1504
45034 # 1504
45036 # 1504
45037 # 1504
45037 # 1504
45054 # 1504
45054 # 1504
45054 # 1504
45056 # 1504
45056 # 1504
45060 # 1504
45063 # 1504
45066 # 1504
45076 # 1504
45076 # 1504
45078 # 1504
45081 # 1504
45084 # 1504
45096 # 1504
45096 # 1504
45096 # 1504
45099 # 1504
45102 # 1504
45105 # 1504
45108 # 1504
45111 # 1504
45116 # 1504
45121 # 1504
45122 # 1504
45124 # 1504
45126 # 1504
45135 # 1504
45136 # 1504
45138 # 1504
45138 # 1504
45140 # 1504
45142 # 1504
45146 # 1504
45154 # 1504
45156 # 1504
45156 # 1504
45157 # 1504
45159 # 1504
45168 # 1504
45168 # 1504
45174 # 1504
45174 # 1504
45174 # 1504
45190 # 1504
45197 # 1504
45201 # 1504
45203 # 1504
45265 # 1504
45266 # 1504
45266 # 1504
45266 # 1504
45312 # 1504
45312 # 1504
45312 # 1504
45312 # 1504
45312 # 1504
45312 # 1504
45312 # 1504
45313 # 1504
45313 # 1504
45313 # 1504
45313 # 1504
45313 # 1504
45313 # 1504
45313 # 1504
45313 # 1504
45314 # 1504
45314 # 1504
45314 # 1504
45314 # 1504
45314 # 1504
45314 # 1504
45314 # 1504
45314 # 1504
45314 # 1504
45316 # 1504
45316 # 1504
45322 # 1504
45322 # 1504
45323 # 1504
45325 # 1504
45334 # 1504
45334 # 1504
45336 # 1504
45338 # 1504
45342 # 1504
45348 # 1504
45353 # 1504
45358 # 1504
45368 # 1504
45374 # 1504
45388 # 1504
45392 # 1504
45397 # 1504
45400 # 1504
45406 # 1504
45412 # 1504
45417 # 1504
45423 # 1504
45427 # 1504
45432 # 1504
45436 # 1504
45443 # 1504
45449 # 1504
45456 # 1504
45462 # 1504
45468 # 1504
45475 # 1504
45481 # 1504
45488 # 1504
45500 # 1504
45508 # 1504
45534 # 1504
45543 # 1504
45556 # 1504
45568 # 1504
45580 # 1504
45592 # 1504
45607 # 1504
45623 # 1504
45637 # 1504
45652 # 1504
45665 # 1504
45676 # 1504
45688 # 1504
45699 # 1504
45708 # 1504
45719 # 1504
45728 # 1504
45739 # 1504
45745 # 1504
45752 # 1504
45765 # 1504
45784 # 1504
45799 # 1504
45814 # 1504
45827 # 1504
45840 # 1504
45852 # 1504
45864 # 1504
45876 # 1504
45888 # 1504
45901 # 1504
45909 # 1504
45918 # 1504
45927 # 1504
45935 # 1504
45945 # 1504
45961 # 1504
45977 # 1504
45988 # 1504
46000 # 1504
46028 # 1504
46045 # 1504
46061 # 1504
46073 # 1504
46083 # 1504
46091 # 1504
46100 # 1504
46113 # 1504
46126 # 1504
46136 # 1504
46143 # 1504
46148 # 1504
46155 # 1504
46164 # 1504
46171 # 1504
46182 # 1504
46191 # 1504
46203 # 1504
46216 # 1504
46231 # 1504
46242 # 1504
46248 # 1504
46256 # 1504
46266 # 1504
46280 # 1504
46287 # 1504
46293 # 1504
46299 # 1504
46304 # 1504
46308 # 1504
46315 # 1504
46319 # 1504
46327 # 1504
46329 # 1504
46335 # 1504
46340 # 1504
46343 # 1504
46355 # 1504
46355 # 1504
46357 # 1504
46360 # 1504
46363 # 1504
46374 # 1504
46374 # 1504
46375 # 1504
46376 # 1504
46379 # 1504
46382 # 1504
46385 # 1504
46394 # 1504
46397 # 1504
46397 # 1504
46409 # 1504
46409 # 1504
46415 # 1504
46415 # 1504
46416 # 1504
46419 # 1504
46421 # 1504
46432 # 1504
46442 # 1504
46442 # 1504
46442 # 1504
46445 # 1504
46456 # 1504
46458 # 1504
46458 # 1504
46461 # 1504
46465 # 1504
46485 # 1504
46485 # 1504
46485 # 1504
46485 # 1504
46488 # 1504
46491 # 1504
46496 # 1504
46500 # 1504
46505 # 1504
46509 # 1504
46517 # 1504
46524 # 1504
46536 # 1504
46537 # 1504
46540 # 1504
46544 # 1504
46547 # 1504
46550 # 1504
46553 # 1504
46556 # 1504
46561 # 1504
46563 # 1504
46567 # 1504
46570 # 1504
46574 # 1504
46578 # 1504
46581 # 1504
46584 # 1504
46588 # 1504
46591 # 1504
46594 # 1504
46597 # 1504
46600 # 1504
46603 # 1504
46605 # 1504
46617 # 1504
46617 # 1504
46617 # 1504
46618 # 1504
46620 # 1504
46624 # 1504
46634 # 1504
46634 # 1504
46634 # 1504
46636 # 1504
46638 # 1504
46642 # 1504
46645 # 1504
46654 # 1504
46656 # 1504
46660 # 1504
46660 # 1504
46663 # 1504
46668 # 1504
46671 # 1504
46676 # 1504
46681 # 1504
46683 # 1504
46693 # 1504
46694 # 1504
46694 # 1504
46695 # 1504
46699 # 1504
46708 # 1504
46708 # 1504
46714 # 1504
46714 # 1504
46716 # 1504
46724 # 1504
46735 # 1504
46736 # 1504
46757 # 1504
46757 # 1504
46757 # 1504
46757 # 1504
46761 # 1504
46774 # 1504
46777 # 1504
46781 # 1504
46791 # 1504
46798 # 1504
46798 # 1504
46802 # 1504
46804 # 1504
46814 # 1504
46815 # 1504
46820 # 1504
46823 # 1504
46832 # 1504
46832 # 1504
46840 # 1504
46840 # 1504
46852 # 1504
46856 # 1504
46859 # 1504
46864 # 1504
46868 # 1504
46873 # 1504
46878 # 1504
46883 # 1504
46888 # 1504
46892 # 1504
46898 # 1504
46901 # 1504
46907 # 1504
46910 # 1504
46914 # 1504
46918 # 1504
46922 # 1504
46925 # 1504
46932 # 1504
46932 # 1504
46936 # 1504
46940 # 1504
46943 # 1504
46946 # 1504
46956 # 1504
46956 # 1504
46957 # 1504
46967 # 1504
46981 # 1504
46981 # 1504
46983 # 1504
46986 # 1504
46988 # 1504
46992 # 1504
46996 # 1504
47000 # 1504
47004 # 1504
47009 # 1504
47015 # 1504
47024 # 1504
47033 # 1504
47035 # 1504
47039 # 1504
47044 # 1504
47047 # 1504
47052 # 1504
47056 # 1504
47060 # 1504
47063 # 1504
47074 # 1504
47078 # 1504
47078 # 1504
47088 # 1504
47088 # 1504
47091 # 1504
47094 # 1504
47094 # 1504
47098 # 1504
47100 # 1504
47103 # 1504
47113 # 1504
47118 # 1504
47123 # 1504
47128 # 1504
47134 # 1504
47134 # 1504
47144 # 1504
47145 # 1504
47154 # 1504
47174 # 1504
47174 # 1504
47174 # 1504
47174 # 1504
47174 # 1504
47175 # 1504
47176 # 1504
47202 # 1504
47202 # 1504
47202 # 1504
47214 # 1504
47214 # 1504
47218 # 1504
47219 # 1504
47221 # 1504
47225 # 1504
47234 # 1504
47238 # 1504
47238 # 1504
47242 # 1504
47245 # 1504
47254 # 1504
47258 # 1504
47258 # 1504
47261 # 1504
47278 # 1504
47278 # 1504
47281 # 1504
47284 # 1504
47287 # 1504
47291 # 1504
47294 # 1504
47297 # 1504
47302 # 1504
47306 # 1504
47316 # 1504
47316 # 1504
47317 # 1504
47329 # 1504
47333 # 1504
47333 # 1504
47336 # 1504
47346 # 1504
47346 # 1504
47347 # 1504
47352 # 1504
47356 # 1504
47361 # 1504
47365 # 1504
47369 # 1504
47372 # 1504
47376 # 1504
47380 # 1504
47384 # 1504
47389 # 1504
47394 # 1504
47399 # 1504
47402 # 1504
47406 # 1504
47409 # 1504
47413 # 1504
47416 # 1504
47420 # 1504
47423 # 1504
47427 # 1504
47435 # 1504
47435 # 1504
47437 # 1504
47440 # 1504
47443 # 1504
47454 # 1504
47455 # 1504
47459 # 1504
47463 # 1504
47464 # 1504
47465 # 1504
47470 # 1504
47481 # 1504
47481 # 1504
47481 # 1504
47485 # 1504
47490 # 1504
47494 # 1504
47499 # 1504
47502 # 1504
47505 # 1504
47509 # 1504
47523 # 1504
47529 # 1504
47535 # 1504
47538 # 1504
47538 # 1504
47541 # 1504
47544 # 1504
47548 # 1504
47551 # 1504
47554 # 1504
47557 # 1504
47563 # 1504
47566 # 1504
47571 # 1504
47574 # 1504
47579 # 1504
47583 # 1504
47586 # 1504
47591 # 1504
47595 # 1504
47599 # 1504
47604 # 1504
47606 # 1504
47625 # 1504
47625 # 1504
47625 # 1504
47625 # 1504
47625 # 1504
47627 # 1504
47630 # 1504
47634 # 1504
47637 # 1504
47641 # 1504
47644 # 1504
47647 # 1504
47650 # 1504
47654 # 1504
47657 # 1504
47662 # 1504
47665 # 1504
47679 # 1504
47685 # 1504
47688 # 1504
47694 # 1504
47703 # 1504
47703 # 1504
47713 # 1504
47723 # 1504
47729 # 1504
47740 # 1504
47754 # 1504
47772 # 1504
47785 # 1504
47792 # 1504
47799 # 1504
47805 # 1504
47811 # 1504
47816 # 1504
47822 # 1504
47824 # 1504
47827 # 1504
47835 # 1504
47835 # 1504
47837 # 1504
47841 # 1504
47846 # 1504
47851 # 1504
47856 # 1504
47860 # 1504
47865 # 1504
47872 # 1504
47877 # 1504
47882 # 1504
47886 # 1504
47891 # 1504
47896 # 1504
47908 # 1504
47908 # 1504
47910 # 1504
47914 # 1504
47917 # 1504
47921 # 1504
47926 # 1504
47930 # 1504
47937 # 1504
47946 # 1504
47946 # 1504
47952 # 1504
47956 # 1504
47960 # 1504
47964 # 1504
47969 # 1504
47972 # 1504
47976 # 1504
47979 # 1504
47989 # 1504
47993 # 1504
47993 # 1504
47995 # 1504
48005 # 1504
48006 # 1504
48006 # 1504
48020 # 1504
48021 # 1504
48030 # 1504
48030 # 1504
48040 # 1504
48040 # 1504
48041 # 1504
48042 # 1504
48044 # 1504
48047 # 1504
48051 # 1504
48053 # 1504
48056 # 1504
48067 # 1504
48067 # 1504
48067 # 1504
48076 # 1504
48077 # 1504
48077 # 1504
48080 # 1504
48082 # 1504
48085 # 1504
48094 # 1504
48094 # 1504
48094 # 1504
48104 # 1504
48104 # 1504
48109 # 1504
48109 # 1504
48114 # 1504
48114 # 1504
48114 # 1504
48116 # 1504
48121 # 1504
48122 # 1504
48125 # 1504
48136 # 1504
48136 # 1504
48136 # 1504
48136 # 1504
48139 # 1504
48142 # 1504
48144 # 1504
48155 # 1504
48156 # 1504
48157 # 1504
48157 # 1504
48158 # 1504
48176 # 1504
48176 # 1504
48176 # 1504
48176 # 1504
48177 # 1504
48187 # 1504
48189 # 1504
48198 # 1504
48198 # 1504
48202 # 1504
48202 # 1504
48203 # 1504
48203 # 1504
48203 # 1504
48214 # 1504
48214 # 1504
48214 # 1504
48215 # 1504
48217 # 1504
48220 # 1504
48222 # 1504
48224 # 1504
48235 # 1504
48236 # 1504
48236 # 1504
48237 # 1504
48239 # 1504
48249 # 1504
48249 # 1504
48249 # 1504
48254 # 1504
48256 # 1504
48256 # 1504
48263 # 1504
48265 # 1504
48273 # 1504
48276 # 1504
48279 # 1504
48281 # 1504
48284 # 1504
48295 # 1504
48295 # 1504
48295 # 1504
48302 # 1504
48302 # 1504
48302 # 1504
48315 # 1504
48315 # 1504
48315 # 1504
48315 # 1504
48322 # 1504
48322 # 1504
48326 # 1504
48326 # 1504
48326 # 1504
48337 # 1504
48337 # 1504
48339 # 1504
48348 # 1504
48349 # 1504
48349 # 1504
48349 # 1504
48355 # 1504
48359 # 1504
48359 # 1504
48364 # 1504
48365 # 1504
48366 # 1504
48374 # 1504
48375 # 1504
48375 # 1504
48375 # 1504
48377 # 1504
48388 # 1504
48389 # 1504
48389 # 1504
48393 # 1504
48394 # 1504
48399 # 1504
48399 # 1504
48406 # 1504
48409 # 1504
48409 # 1504
48415 # 1504
48415 # 1504
48415 # 1504
48425 # 1504
48426 # 1504
48426 # 1504
48426 # 1504
48438 # 1504
48438 # 1504
48438 # 1504
48438 # 1504
48446 # 1504
48449 # 1504
48451 # 1504
48462 # 1504
48462 # 1504
48462 # 1504
48466 # 1504
48473 # 1504
48476 # 1504
48478 # 1504
48478 # 1504
48487 # 1504
48487 # 1504
48487 # 1504
48493 # 1504
48496 # 1504
48496 # 1504
48496 # 1504
48498 # 1504
48508 # 1504
48510 # 1504
48511 # 1504
48513 # 1504
48523 # 1504
48539 # 1504
48539 # 1504
48539 # 1504
48549 # 1504
48605 # 1504
48605 # 1504
48605 # 1504
48605 # 1504
48642 # 1504
48645 # 1504
48645 # 1504
48645 # 1504
48645 # 1504
48645 # 1504
48645 # 1504
48645 # 1504
48645 # 1504
48645 # 1504
48645 # 1504
48645 # 1504
48645 # 1504
48645 # 1504
48645 # 1504
48645 # 1504
48645 # 1504
48645 # 1504
48645 # 1504
48645 # 1504
48656 # 1504
48656 # 1504
48657 # 1504
48666 # 1504
48667 # 1504
48669 # 1504
48672 # 1504
48675 # 1504
48685 # 1504
48689 # 1504
48689 # 1504
48696 # 1504
48696 # 1504
48696 # 1504
48754 # 1504
48754 # 1504
48754 # 1504
48754 # 1504
48755 # 1504
48755 # 1504
48755 # 1504
48755 # 1504
48755 # 1504
48755 # 1504
48755 # 1504
48755 # 1504
48755 # 1504
48755 # 1504
48756 # 1504
48756 # 1504
48756 # 1504
48756 # 1504
48760 # 1504
48766 # 1504
48774 # 1504
48775 # 1504
48775 # 1504
48783 # 1504
48783 # 1504
48783 # 1504
48785 # 1504
48794 # 1504
48794 # 1504
48794 # 1504
48794 # 1504
48795 # 1504
48799 # 1504
48800 # 1504
48802 # 1504
48813 # 1504
48814 # 1504
48816 # 1504
48816 # 1504
48816 # 1504
48819 # 1504
48821 # 1504
48823 # 1504
48826 # 1504
48834 # 1504
48834 # 1504
48834 # 1504
48843 # 1504
48845 # 1504
48855 # 1504
48855 # 1504
48855 # 1504
48855 # 1504
48865 # 1504
48865 # 1504
48865 # 1504
48865 # 1504
48874 # 1504
48876 # 1504
48876 # 1504
48883 # 1504
48883 # 1504
48883 # 1504
48884 # 1504
48894 # 1504
48894 # 1504
48894 # 1504
48895 # 1504
48898 # 1504
48900 # 1504
48910 # 1504
48910 # 1504
48914 # 1504
48916 # 1504
48916 # 1504
48923 # 1504
48923 # 1504
48928 # 1504
48929 # 1504
48934 # 1504
48942 # 1504
48942 # 1504
48942 # 1504
48942 # 1504
48944 # 1504
48954 # 1504
48956 # 1504
48956 # 1504
48956 # 1504
48964 # 1504
48968 # 1504
48969 # 1504
48973 # 1504
48979 # 1504
48984 # 1504
48986 # 1504
48986 # 1504
48994 # 1504
48996 # 1504
48996 # 1504
48996 # 1504
48998 # 1504
49008 # 1504
49010 # 1504
49012 # 1504
49014 # 1504
49019 # 1504
49024 # 1504
49026 # 1504
49033 # 1504
49036 # 1504
49042 # 1504
49042 # 1504
49042 # 1504
49044 # 1504
49054 # 1504
49056 # 1504
49056 # 1504
49056 # 1504
49058 # 1504
49061 # 1504
49063 # 1504
49075 # 1504
49075 # 1504
49075 # 1504
49075 # 1504
49078 # 1504
49080 # 1504
49083 # 1504
49093 # 1504
49095 # 1504
49096 # 1504
49107 # 1504
49164 # 1504
49164 # 1504
49164 # 1504
49164 # 1504
49164 # 1504
49164 # 1504
49164 # 1504
49164 # 1504
49164 # 1504
49164 # 1504
49164 # 1504
49164 # 1504
49164 # 1504
49164 # 1504
49165 # 1504
49165 # 1504
49165 # 1504
49165 # 1504
49165 # 1504
49174 # 1504
49177 # 1504
49177 # 1504
49177 # 1504
49178 # 1504
49181 # 1504
49183 # 1504
49194 # 1504
49196 # 1504
49196 # 1504
49196 # 1504
49198 # 1504
49213 # 1504
49217 # 1504
49217 # 1504
49227 # 1504
49229 # 1504
49232 # 1504
49233 # 1504
49236 # 1504
49243 # 1504
49246 # 1504
49246 # 1504
49246 # 1504
49257 # 1504
49257 # 1504
49257 # 1504
49266 # 1504
49268 # 1504
49273 # 1504
49280 # 1504
49283 # 1504
49285 # 1504
49286 # 1504
49286 # 1504
49297 # 1504
49297 # 1504
49297 # 1504
49298 # 1504
49300 # 1504
49302 # 1504
49305 # 1504
49314 # 1504
49316 # 1504
49317 # 1504
49317 # 1504
49326 # 1504
49326 # 1504
49326 # 1504
49336 # 1504
49336 # 1504
49343 # 1504
49346 # 1504
49346 # 1504
49353 # 1504
49356 # 1504
49357 # 1504
49357 # 1504
49358 # 1504
49367 # 1504
49367 # 1504
49367 # 1504
49372 # 1504
49376 # 1504
49377 # 1504
49377 # 1504
49377 # 1504
49377 # 1504
49379 # 1504
49389 # 1504
49390 # 1504
49392 # 1504
49393 # 1504
49395 # 1504
49404 # 1504
49406 # 1504
49407 # 1504
49409 # 1504
49411 # 1504
49418 # 1504
49421 # 1504
49425 # 1504
49429 # 1504
49431 # 1504
49432 # 1504
49435 # 1504
49436 # 1504
49445 # 1504
49446 # 1504
49449 # 1504
49450 # 1504
49452 # 1504
49456 # 1504
49461 # 1504
49463 # 1504
49463 # 1504
49464 # 1504
49475 # 1504
49475 # 1504
49475 # 1504
49475 # 1504
49476 # 1504
49486 # 1504
49488 # 1504
49491 # 1504
49492 # 1504
49499 # 1504
49502 # 1504
49504 # 1504
49504 # 1504
49504 # 1504
49506 # 1504
49515 # 1504
49517 # 1504
49520 # 1504
49529 # 1504
49530 # 1504
49533 # 1504
49536 # 1504
49542 # 1504
49542 # 1504
49542 # 1504
49543 # 1504
49545 # 1504
49554 # 1504
49554 # 1504
49554 # 1504
49556 # 1504
49557 # 1504
49560 # 1504
49570 # 1504
49570 # 1504
49575 # 1504
49575 # 1504
49575 # 1504
49576 # 1504
49579 # 1504
49581 # 1504
49583 # 1504
49594 # 1504
49595 # 1504
49595 # 1504
49599 # 1504
49599 # 1504
49599 # 1504
49610 # 1504
49610 # 1504
49610 # 1504
49614 # 1504
49617 # 1504
49617 # 1504
49623 # 1504
49623 # 1504
49623 # 1504
49624 # 1504
49634 # 1504
49634 # 1504
49635 # 1504
49635 # 1504
49641 # 1504
49641 # 1504
49642 # 1504
49644 # 1504
49654 # 1504
49654 # 1504
49654 # 1504
49654 # 1504
49659 # 1504
49659 # 1504
49661 # 1504
49663 # 1504
49666 # 1504
49675 # 1504
49676 # 1504
49676 # 1504
49676 # 1504
49680 # 1504
49690 # 1504
49690 # 1504
49690 # 1504
49696 # 1504
49699 # 1504
49701 # 1504
49704 # 1504
49708 # 1504
49714 # 1504
49714 # 1504
49719 # 1504
49723 # 1504
49739 # 1504
49746 # 1504
49746 # 1504
49749 # 1504
49751 # 1504
49762 # 1504
49762 # 1504
49762 # 1504
49763 # 1504
49763 # 1504
49763 # 1504
49774 # 1504
49774 # 1504
49776 # 1504
49786 # 1504
49786 # 1504
49786 # 1504
49786 # 1504
49794 # 1504
49796 # 1504
49796 # 1504
49801 # 1504
49803 # 1504
49803 # 1504
49803 # 1504
49813 # 1504
49822 # 1504
49822 # 1504
49822 # 1504
49822 # 1504
49823 # 1504
49832 # 1504
49834 # 1504
49836 # 1504
49836 # 1504
49836 # 1504
49837 # 1504
49843 # 1504
49843 # 1504
49852 # 1504
49854 # 1504
49857 # 1504
49857 # 1504
49857 # 1504
49860 # 1504
49862 # 1504
49871 # 1504
49874 # 1504
49876 # 1504
49876 # 1504
49876 # 1504
49877 # 1504
49886 # 1504
49887 # 1504
49887 # 1504
49892 # 1504
49895 # 1504
49897 # 1504
49899 # 1504
49899 # 1504
49902 # 1504
49905 # 1504
49914 # 1504
49916 # 1504
49916 # 1504
49926 # 1504
49935 # 1504
49935 # 1504
49935 # 1504
49936 # 1504
49939 # 1504
49939 # 1504
49945 # 1504
49952 # 1504
49954 # 1504
49959 # 1504
49959 # 1504
49964 # 1504
49964 # 1504
49974 # 1504
49976 # 1504
49976 # 1504
49979 # 1504
49981 # 1504
49984 # 1504
49995 # 1504
49996 # 1504
49996 # 1504
50003 # 1504
50009 # 1504
50013 # 1504
50016 # 1504
50019 # 1504
50029 # 1504
50032 # 1504
50033 # 1504
50044 # 1504
50045 # 1504
50048 # 1504
50054 # 1504
50055 # 1504
50060 # 1504
50065 # 1504
50065 # 1504
50066 # 1504
50076 # 1504
50076 # 1504
50076 # 1504
50079 # 1504
50082 # 1504
50092 # 1504
50094 # 1504
50096 # 1504
50096 # 1504
50099 # 1504
50102 # 1504
50104 # 1504
50114 # 1504
50117 # 1504
50119 # 1504
50119 # 1504
50128 # 1504
50133 # 1504
50134 # 1504
50134 # 1504
50137 # 1504
50141 # 1504
50146 # 1504
50146 # 1504
50154 # 1504
50156 # 1504
50156 # 1504
50157 # 1504
50161 # 1504
50165 # 1504
50176 # 1504
50176 # 1504
50176 # 1504
50179 # 1504
50181 # 1504
50185 # 1504
50194 # 1504
50196 # 1504
50196 # 1504
50205 # 1504
50206 # 1504
50216 # 1504
50219 # 1504
50220 # 1504
50224 # 1504
50234 # 1504
50236 # 1504
50236 # 1504
50239 # 1504
50241 # 1504
50251 # 1504
50254 # 1504
50256 # 1504
50256 # 1504
50256 # 1504
50259 # 1504
50263 # 1504
50280 # 1504
50284 # 1504
50298 # 1504
50298 # 1504
50298 # 1504
50298 # 1504
50301 # 1504
50311 # 1504
50312 # 1504
50316 # 1504
50316 # 1504
50317 # 1504
50321 # 1504
50322 # 1504
50332 # 1504
50332 # 1504
50332 # 1504
50335 # 1504
50339 # 1504
50342 # 1504
50351 # 1504
50355 # 1504
50356 # 1504
50361 # 1504
50362 # 1504
50365 # 1504
50377 # 1504
50377 # 1504
50377 # 1504
50379 # 1504
50382 # 1504
50385 # 1504
50397 # 1504
50400 # 1504
50406 # 1504
50409 # 1504
50411 # 1504
50414 # 1504
50416 # 1504
50425 # 1504
50426 # 1504
50431 # 1504
50436 # 1504
50441 # 1504
50441 # 1504
50449 # 1504
50451 # 1504
50454 # 1504
50454 # 1504
50463 # 1504
50465 # 1504
50468 # 1504
50475 # 1504
50475 # 1504
50484 # 1504
50484 # 1504
50484 # 1504
50495 # 1504
50496 # 1504
50496 # 1504
50498 # 1504
50501 # 1504
50512 # 1504
50514 # 1504
50514 # 1504
50516 # 1504
50541 # 1504
50541 # 1504
50541 # 1504
50542 # 1504
50547 # 1504
50547 # 1504
50547 # 1504
50556 # 1504
50556 # 1504
50556 # 1504
50567 # 1504
50567 # 1504
50567 # 1504
50576 # 1504
50576 # 1504
50576 # 1504
50578 # 1504
50589 # 1504
50589 # 1504
50593 # 1504
50595 # 1504
50598 # 1504
50598 # 1504
50608 # 1504
50609 # 1504
50611 # 1504
50614 # 1504
50618 # 1504
50625 # 1504
50628 # 1504
50631 # 1504
50634 # 1504
50635 # 1504
50638 # 1504
50650 # 1504
50650 # 1504
50652 # 1504
50656 # 1504
50658 # 1504
50658 # 1504
50660 # 1504
50662 # 1504
50665 # 1504
50675 # 1504
50677 # 1504
50677 # 1504
50687 # 1504
50688 # 1504
50691 # 1504
50693 # 1504
50698 # 1504
50701 # 1504
50707 # 1504
50707 # 1504
50714 # 1504
50717 # 1504
50723 # 1504
50725 # 1504
50730 # 1504
50736 # 1504
50739 # 1504
50748 # 1504
50748 # 1504
50752 # 1504
50754 # 1504
50758 # 1504
50772 # 1504
50776 # 1504
50776 # 1504
50786 # 1504
50789 # 1504
50791 # 1504
50796 # 1504
50797 # 1504
50800 # 1504
50803 # 1504
50814 # 1504
50819 # 1504
50827 # 1504
50855 # 1504
50855 # 1504
50856 # 1504
50856 # 1504
50860 # 1504
50860 # 1504
50865 # 1504
50874 # 1504
50875 # 1504
50880 # 1504
50885 # 1504
50890 # 1504
50896 # 1504
50908 # 1504
50908 # 1504
50914 # 1504
50914 # 1504
50925 # 1504
50954 # 1504
50954 # 1504
50954 # 1504
50955 # 1504
50974 # 1504
50974 # 1504
50974 # 1504
50976 # 1504
50981 # 1504
50986 # 1504
50991 # 1504
50995 # 1504
50998 # 1504
51002 # 1504
51004 # 1504
51016 # 1504
51016 # 1504
51019 # 1504
51022 # 1504
51026 # 1504
51029 # 1504
51034 # 1504
51035 # 1504
51038 # 1504
51041 # 1504
51044 # 1504
51049 # 1504
51049 # 1504
51052 # 1504
51055 # 1504
51057 # 1504
51061 # 1504
51063 # 1504
51072 # 1504
51074 # 1504
51075 # 1504
51075 # 1504
51077 # 1504
51079 # 1504
51083 # 1504
51084 # 1504
51094 # 1504
51096 # 1504
51096 # 1504
51096 # 1504
51098 # 1504
51101 # 1504
51104 # 1504
51112 # 1504
51114 # 1504
51114 # 1504
51115 # 1504
51116 # 1504
51118 # 1504
51121 # 1504
51123 # 1504
51125 # 1504
51134 # 1504
51136 # 1504
51136 # 1504
51136 # 1504
51138 # 1504
51141 # 1504
51143 # 1504
51152 # 1504
51154 # 1504
51154 # 1504
51154 # 1504
51155 # 1504
51157 # 1504
51160 # 1504
51163 # 1504
51172 # 1504
51175 # 1504
51178 # 1504
51178 # 1504
51179 # 1504
51189 # 1504
51191 # 1504
51194 # 1504
51195 # 1504
51195 # 1504
51196 # 1504
51198 # 1504
51202 # 1504
51203 # 1504
51212 # 1504
51214 # 1504
51214 # 1504
51215 # 1504
51217 # 1504
51220 # 1504
51222 # 1504
51232 # 1504
51232 # 1504
51243 # 1504
51252 # 1504
51253 # 1504
51254 # 1504
51256 # 1504
51256 # 1504
51257 # 1504
51270 # 1504
51272 # 1504
51276 # 1504
51283 # 1504
51285 # 1504
51295 # 1504
51295 # 1504
51295 # 1504
51295 # 1504
51299 # 1504
51306 # 1504
51306 # 1504
51306 # 1504
51312 # 1504
51316 # 1504
51316 # 1504
51327 # 1504
51336 # 1504
51336 # 1504
51339 # 1504
51353 # 1504
51353 # 1504
51353 # 1504
51355 # 1504
51356 # 1504
51356 # 1504
51356 # 1504
51357 # 1504
51367 # 1504
51367 # 1504
51367 # 1504
51372 # 1504
51372 # 1504
51376 # 1504
51379 # 1504
51379 # 1504
51379 # 1504
51380 # 1504
51382 # 1504
51383 # 1504
51392 # 1504
51394 # 1504
51399 # 1504
51399 # 1504
51399 # 1504
51399 # 1504
51408 # 1504
51408 # 1504
51412 # 1504
51412 # 1504
51423 # 1504
51423 # 1504
51423 # 1504
51439 # 1504
51439 # 1504
51439 # 1504
51440 # 1504
51440 # 1504
51440 # 1504
51440 # 1504
51442 # 1504
51443 # 1504
51453 # 1504
51454 # 1504
51457 # 1504
51457 # 1504
51463 # 1504
51463 # 1504
51463 # 1504
51464 # 1504
51472 # 1504
51474 # 1504
51476 # 1504
51479 # 1504
51479 # 1504
51479 # 1504
51480 # 1504
51482 # 1504
51484 # 1504
51494 # 1504
51494 # 1504
51494 # 1504
51494 # 1504
51495 # 1504
51497 # 1504
51500 # 1504
51501 # 1504
51511 # 1504
51512 # 1504
51514 # 1504
51514 # 1504
51521 # 1504
51527 # 1504
51527 # 1504
51535 # 1504
51536 # 1504
51544 # 1504
51544 # 1504
51551 # 1504
51558 # 1504
51558 # 1504
51558 # 1504
51558 # 1504
51559 # 1504
51560 # 1504
51569 # 1504
51572 # 1504
51574 # 1504
51577 # 1504
51579 # 1504
51588 # 1504
51606 # 1504
51606 # 1504
51608 # 1504
51616 # 1504
51616 # 1504
51616 # 1504
51627 # 1504
51628 # 1504
51632 # 1504
51632 # 1504
51634 # 1504
51637 # 1504
51639 # 1504
51643 # 1504
51652 # 1504
51654 # 1504
51656 # 1504
51656 # 1504
51658 # 1504
51669 # 1504
51669 # 1504
51672 # 1504
51680 # 1504
51681 # 1504
51681 # 1504
51682 # 1504
51693 # 1504
51694 # 1504
51695 # 1504
51698 # 1504
51698 # 1504
51700 # 1504
51703 # 1504
51712 # 1504
51714 # 1504
51716 # 1504
51727 # 1504
51731 # 1504
51788 # 1504
51788 # 1504
51788 # 1504
51788 # 1504
51788 # 1504
51788 # 1504
51788 # 1504
51788 # 1504
51788 # 1504
51788 # 1504
51788 # 1504
51788 # 1504
51788 # 1504
51788 # 1504
51788 # 1504
51788 # 1504
51788 # 1504
51794 # 1504
51796 # 1504
51798 # 1504
51798 # 1504
51800 # 1504
51809 # 1504
51812 # 1504
51814 # 1504
51818 # 1504
51818 # 1504
51819 # 1504
51829 # 1504
51832 # 1504
51834 # 1504
51836 # 1504
51838 # 1504
51843 # 1504
51843 # 1504
51852 # 1504
51855 # 1504
51856 # 1504
51859 # 1504
51859 # 1504
51860 # 1504
51862 # 1504
51874 # 1504
51874 # 1504
51878 # 1504
51879 # 1504
51886 # 1504
51886 # 1504
51898 # 1504
51898 # 1504
51898 # 1504
51898 # 1504
51909 # 1504
51910 # 1504
51913 # 1504
51923 # 1504
51923 # 1504
51923 # 1504
51932 # 1504
51934 # 1504
51936 # 1504
51938 # 1504
51941 # 1504
51954 # 1504
51954 # 1504
51954 # 1504
51954 # 1504
51955 # 1504
51956 # 1504
51958 # 1504
51961 # 1504
51970 # 1504
51972 # 1504
51974 # 1504
51976 # 1504
51976 # 1504
51977 # 1504
51980 # 1504
51982 # 1504
51990 # 1504
51992 # 1504
51994 # 1504
51994 # 1504
51994 # 1504
52004 # 1504
52004 # 1504
52009 # 1504
52010 # 1504
52014 # 1504
52016 # 1504
52035 # 1504
52035 # 1504
52035 # 1504
52036 # 1504
52036 # 1504
52039 # 1504
52058 # 1504
52062 # 1504
52062 # 1504
52064 # 1504
52068 # 1504
52071 # 1504
52074 # 1504
52077 # 1504
52082 # 1504
52086 # 1504
52092 # 1504
52094 # 1504
52098 # 1504
52103 # 1504
52105 # 1504
52109 # 1504
52114 # 1504
52117 # 1504
52121 # 1504
52132 # 1504
52133 # 1504
52139 # 1504
52139 # 1504
52141 # 1504
52144 # 1504
52147 # 1504
52149 # 1504
52154 # 1504
52159 # 1504
52163 # 1504
52166 # 1504
52170 # 1504
52172 # 1504
52183 # 1504
52184 # 1504
52184 # 1504
52184 # 1504
52192 # 1504
52194 # 1504
52197 # 1504
52198 # 1504
52211 # 1504
52212 # 1504
52212 # 1504
52219 # 1504
52219 # 1504
52220 # 1504
52223 # 1504
52226 # 1504
52228 # 1504
52238 # 1504
52238 # 1504
52238 # 1504
52242 # 1504
52243 # 1504
52245 # 1504
52248 # 1504
52259 # 1504
52259 # 1504
52259 # 1504
52259 # 1504
52263 # 1504
52287 # 1504
52287 # 1504
52287 # 1504
52289 # 1504
52299 # 1504
52299 # 1504
52299 # 1504
52300 # 1504
52302 # 1504
52305 # 1504
52308 # 1504
52318 # 1504
52318 # 1504
52319 # 1504
52319 # 1504
52322 # 1504
52332 # 1504
52332 # 1504
52338 # 1504
52338 # 1504
52338 # 1504
52342 # 1504
52344 # 1504
52346 # 1504
52356 # 1504
52356 # 1504
52357 # 1504
52359 # 1504
52370 # 1504
52372 # 1504
52372 # 1504
52373 # 1504
52375 # 1504
52386 # 1504
52386 # 1504
52386 # 1504
52387 # 1504
52398 # 1504
52398 # 1504
52399 # 1504
52399 # 1504
52401 # 1504
52404 # 1504
52406 # 1504
52409 # 1504
52418 # 1504
52419 # 1504
52419 # 1504
52421 # 1504
52423 # 1504
52432 # 1504
52432 # 1504
52439 # 1504
52439 # 1504
52439 # 1504
52441 # 1504
52447 # 1504
52455 # 1504
52459 # 1504
52471 # 1504
52481 # 1504
52484 # 1504
52486 # 1504
52488 # 1504
52489 # 1504
52492 # 1504
52494 # 1504
52498 # 1504
52502 # 1504
52512 # 1504
52523 # 1504
52529 # 1504
52536 # 1504
52545 # 1504
52557 # 1504
52561 # 1504
52566 # 1504
52575 # 1504
52580 # 1504
52585 # 1504
52592 # 1504
52596 # 1504
52602 # 1504
52607 # 1504
52611 # 1504
52615 # 1504
52621 # 1504
52624 # 1504
52629 # 1504
52634 # 1504
52639 # 1504
52643 # 1504
52648 # 1504
52658 # 1504
52660 # 1504
52663 # 1504
52665 # 1504
52668 # 1504
52674 # 1504
52675 # 1504
52675 # 1504
52678 # 1504
52680 # 1504
52683 # 1504
52693 # 1504
52693 # 1504
52698 # 1504
52698 # 1504
52698 # 1504
52699 # 1504
52702 # 1504
52705 # 1504
52707 # 1504
52718 # 1504
52718 # 1504
52719 # 1504
52719 # 1504
52722 # 1504
52726 # 1504
52733 # 1504
52735 # 1504
52740 # 1504
52751 # 1504
52752 # 1504
52752 # 1504
52756 # 1504
52756 # 1504
52759 # 1504
52768 # 1504
52777 # 1504
52786 # 1504
52787 # 1504
52787 # 1504
52792 # 1504
52796 # 1504
52800 # 1504
52805 # 1504
52816 # 1504
52816 # 1504
52817 # 1504
52821 # 1504
52825 # 1504
52828 # 1504
52833 # 1504
52836 # 1504
52841 # 1504
52844 # 1504
52847 # 1504
52852 # 1504
52858 # 1504
52860 # 1504
52866 # 1504
52876 # 1504
52880 # 1504
52884 # 1504
52889 # 1504
52894 # 1504
52900 # 1504
52909 # 1504
52919 # 1504
52923 # 1504
52927 # 1504
52932 # 1504
52935 # 1504
52940 # 1504
52942 # 1504
52946 # 1504
52950 # 1504
52953 # 1504
52959 # 1504
52960 # 1504
52963 # 1504
52966 # 1504
52971 # 1504
52973 # 1504
52976 # 1504
52979 # 1504
52981 # 1504
52984 # 1504
52986 # 1504
52989 # 1504
52998 # 1504
52998 # 1504
52998 # 1504
53000 # 1504
53002 # 1504
53005 # 1504
53011 # 1504
53016 # 1504
53027 # 1504
53029 # 1504
53032 # 1504
53038 # 1504
53038 # 1504
53038 # 1504
53041 # 1504
53043 # 1504
53045 # 1504
53049 # 1504
53051 # 1504
53053 # 1504
53058 # 1504
53059 # 1504
53061 # 1504
53064 # 1504
53066 # 1504
53068 # 1504
53071 # 1504
53074 # 1504
53077 # 1504
53080 # 1504
53082 # 1504
53085 # 1504
53088 # 1504
53099 # 1504
53099 # 1504
53099 # 1504
53102 # 1504
53103 # 1504
53105 # 1504
53108 # 1504
53111 # 1504
53113 # 1504
53116 # 1504
53118 # 1504
53120 # 1504
53123 # 1504
53125 # 1504
53127 # 1504
53129 # 1504
53131 # 1504
53133 # 1504
53135 # 1504
53137 # 1504
53140 # 1504
53143 # 1504
53145 # 1504
53148 # 1504
53150 # 1504
53152 # 1504
53154 # 1504
53165 # 1504
53165 # 1504
53165 # 1504
53173 # 1504
53173 # 1504
53177 # 1504
53177 # 1504
53183 # 1504
53183 # 1504
53189 # 1504
53192 # 1504
53192 # 1504
53196 # 1504
53196 # 1504
53196 # 1504
53197 # 1504
53201 # 1504
53204 # 1504
53208 # 1504
53212 # 1504
53216 # 1504
53224 # 1504
53230 # 1504
53240 # 1504
53240 # 1504
53241 # 1504
53247 # 1504
53250 # 1504
53262 # 1504
53262 # 1504
53263 # 1504
53267 # 1504
53273 # 1504
53276 # 1504
53280 # 1504
53283 # 1504
53285 # 1504
53288 # 1504
53291 # 1504
53294 # 1504
53296 # 1504
53299 # 1504
53302 # 1504
53306 # 1504
53309 # 1504
53312 # 1504
53315 # 1504
53318 # 1504
53320 # 1504
53322 # 1504
53333 # 1504
53333 # 1504
53336 # 1504
53336 # 1504
53337 # 1504
53340 # 1504
53343 # 1504
53352 # 1504
53380 # 1504
53380 # 1504
53380 # 1504
53380 # 1504
53381 # 1504
53382 # 1504
53382 # 1504
53382 # 1504
53383 # 1504
53385 # 1504
53387 # 1504
53391 # 1504
53393 # 1504
53396 # 1504
53397 # 1504
53399 # 1504
53402 # 1504
53404 # 1504
53413 # 1504
53414 # 1504
53414 # 1504
53414 # 1504
53423 # 1504
53423 # 1504
53423 # 1504
53423 # 1504
53432 # 1504
53434 # 1504
53434 # 1504
53434 # 1504
53435 # 1504
53437 # 1504
53439 # 1504
53441 # 1504
53443 # 1504
53453 # 1504
53454 # 1504
53454 # 1504
53454 # 1504
53464 # 1504
53467 # 1504
53467 # 1504
53470 # 1504
53487 # 1504
53488 # 1504
53492 # 1504
53492 # 1504
53492 # 1504
53493 # 1504
53494 # 1504
53498 # 1504
53499 # 1504
53501 # 1504
53510 # 1504
53522 # 1504
53526 # 1504
53526 # 1504
53531 # 1504
53536 # 1504
53541 # 1504
53544 # 1504
53549 # 1504
53551 # 1504
53554 # 1504
53556 # 1504
53563 # 1504
53563 # 1504
53564 # 1504
53572 # 1504
53572 # 1504
53576 # 1504
53576 # 1504
53577 # 1504
53577 # 1504
53580 # 1504
53581 # 1504
53584 # 1504
53593 # 1504
53595 # 1504
53595 # 1504
53595 # 1504
53596 # 1504
53597 # 1504
53600 # 1504
53601 # 1504
53604 # 1504
53612 # 1504
53612 # 1504
53613 # 1504
53613 # 1504
53619 # 1504
53619 # 1504
53619 # 1504
53619 # 1504
53621 # 1504
53624 # 1504
53633 # 1504
53633 # 1504
53634 # 1504
53634 # 1504
53635 # 1504
53636 # 1504
53638 # 1504
53647 # 1504
53650 # 1504
53651 # 1504
53654 # 1504
53656 # 1504
53656 # 1504
53666 # 1504
53667 # 1504
53670 # 1504
53671 # 1504
53676 # 1504
53682 # 1504
53683 # 1504
53686 # 1504
53690 # 1504
53692 # 1504
53692 # 1504
53692 # 1504
53701 # 1504
53703 # 1504
53703 # 1504
53703 # 1504
53704 # 1504
53712 # 1504
53712 # 1504
53712 # 1504
53716 # 1504
53716 # 1504
53716 # 1504
53716 # 1504
53728 # 1504
53737 # 1504
53739 # 1504
53742 # 1504
53744 # 1504
53746 # 1504
53746 # 1504
53753 # 1504
53753 # 1504
53753 # 1504
53753 # 1504
53755 # 1504
53763 # 1504
53763 # 1504
53767 # 1504
53769 # 1504
53773 # 1504
53774 # 1504
53776 # 1504
53782 # 1504
53783 # 1504
53783 # 1504
53783 # 1504
53792 # 1504
53794 # 1504
53794 # 1504
53794 # 1504
53799 # 1504
53802 # 1504
53803 # 1504
53806 # 1504
53806 # 1504
53812 # 1504
53815 # 1504
53815 # 1504
53819 # 1504
53820 # 1504
53820 # 1504
53820 # 1504
53822 # 1504
53825 # 1504
53835 # 1504
53835 # 1504
53835 # 1504
53839 # 1504
53841 # 1504
53843 # 1504
53846 # 1504
53850 # 1504
53852 # 1504
53855 # 1504
53856 # 1504
53864 # 1504
53870 # 1504
53870 # 1504
53871 # 1504
53871 # 1504
53874 # 1504
53874 # 1504
53876 # 1504
53880 # 1504
53880 # 1504
53890 # 1504
53890 # 1504
53893 # 1504
53893 # 1504
53894 # 1504
53899 # 1504
53901 # 1504
53912 # 1504
53912 # 1504
53912 # 1504
53913 # 1504
53913 # 1504
53913 # 1504
53922 # 1504
53922 # 1504
53926 # 1504
53930 # 1504
53933 # 1504
53940 # 1504
53940 # 1504
53945 # 1504
53947 # 1504
53947 # 1504
53954 # 1504
53954 # 1504
53959 # 1504
53959 # 1504
53965 # 1504
53965 # 1504
53965 # 1504
53965 # 1504
53974 # 1504
53975 # 1504
53979 # 1504
53980 # 1504
53987 # 1504
53992 # 1504
53992 # 1504
53996 # 1504
54000 # 1504
54002 # 1504
54003 # 1504
54008 # 1504
54008 # 1504
54014 # 1504
54014 # 1504
54014 # 1504
54014 # 1504
54024 # 1504
54024 # 1504
54025 # 1504
54025 # 1504
54026 # 1504
54029 # 1504
54029 # 1504
54032 # 1504
54033 # 1504
54034 # 1504
54036 # 1504
54038 # 1504
54040 # 1504
54042 # 1504
54051 # 1504
54052 # 1504
54054 # 1504
54054 # 1504
54054 # 1504
54065 # 1504
54065 # 1504
54065 # 1504
54065 # 1504
54072 # 1504
54075 # 1504
54075 # 1504
54077 # 1504
54079 # 1504
54089 # 1504
54090 # 1504
54091 # 1504
54112 # 1504
54112 # 1504
54112 # 1504
54112 # 1504
54112 # 1504
54112 # 1504
54113 # 1504
54114 # 1504
54124 # 1504
54124 # 1504
54124 # 1504
54124 # 1504
54125 # 1504
54128 # 1504
54131 # 1504
54133 # 1504
54134 # 1504
54143 # 1504
54143 # 1504
54143 # 1504
54144 # 1504
54145 # 1504
54147 # 1504
54149 # 1504
54151 # 1504
54153 # 1504
54155 # 1504
54159 # 1504
54170 # 1504
54170 # 1504
54172 # 1504
54172 # 1504
54172 # 1504
54173 # 1504
54182 # 1504
54182 # 1504
54183 # 1504
54185 # 1504
54185 # 1504
54187 # 1504
54192 # 1504
54192 # 1504
54194 # 1504
54195 # 1504
54197 # 1504
54201 # 1504
54201 # 1504
54205 # 1504
54212 # 1504
54212 # 1504
54212 # 1504
54212 # 1504
54222 # 1504
54224 # 1504
54226 # 1504
54233 # 1504
54237 # 1504
54240 # 1504
54241 # 1504
54243 # 1504
54254 # 1504
54254 # 1504
54256 # 1504
54256 # 1504
54256 # 1504
54256 # 1504
54266 # 1504
54267 # 1504
54267 # 1504
54272 # 1504
54272 # 1504
54276 # 1504
54278 # 1504
54282 # 1504
54283 # 1504
54287 # 1504
54287 # 1504
54292 # 1504
54296 # 1504
54296 # 1504
54306 # 1504
54306 # 1504
54306 # 1504
54306 # 1504
54306 # 1504
54313 # 1504
54313 # 1504
54313 # 1504
54314 # 1504
54324 # 1504
54324 # 1504
54324 # 1504
54332 # 1504
54335 # 1504
54335 # 1504
54335 # 1504
54335 # 1504
54337 # 1504
54337 # 1504
54346 # 1504
54346 # 1504
54346 # 1504
54352 # 1504
54352 # 1504
54352 # 1504
54352 # 1504
54354 # 1504
54354 # 1504
54357 # 1504
54360 # 1504
54367 # 1504
54367 # 1504
54367 # 1504
54367 # 1504
54377 # 1504
54396 # 1504
54397 # 1504
54397 # 1504
54397 # 1504
54401 # 1504
54401 # 1504
54401 # 1504
54408 # 1504
54420 # 1504
54420 # 1504
54425 # 1504
54425 # 1504
54426 # 1504
54429 # 1504
54434 # 1504
54439 # 1504
54443 # 1504
54447 # 1504
54451 # 1504
54456 # 1504
54459 # 1504
54470 # 1504
54471 # 1504
54482 # 1504
54487 # 1504
54489 # 1504
54493 # 1504
54495 # 1504
54498 # 1504
54504 # 1504
54506 # 1504
54511 # 1504
54514 # 1504
54517 # 1504
54521 # 1504
54525 # 1504
54532 # 1504
54534 # 1504
54541 # 1504
54544 # 1504
54547 # 1504
54549 # 1504
54552 # 1504
54555 # 1504
54559 # 1504
54562 # 1504
54566 # 1504
54569 # 1504
54573 # 1504
54577 # 1504
54580 # 1504
54584 # 1504
54588 # 1504
54591 # 1504
54594 # 1504
54597 # 1504
54602 # 1504
54603 # 1504
54612 # 1504
54612 # 1504
54612 # 1504
54614 # 1504
54617 # 1504
54622 # 1504
54624 # 1504
54627 # 1504
54638 # 1504
54642 # 1504
54644 # 1504
54646 # 1504
54652 # 1504
54655 # 1504
54660 # 1504
54667 # 1504
54667 # 1504
54668 # 1504
54673 # 1504
54676 # 1504
54679 # 1504
54682 # 1504
54692 # 1504
54692 # 1504
54692 # 1504
54694 # 1504
54696 # 1504
54699 # 1504
54702 # 1504
54704 # 1504
54707 # 1504
54718 # 1504
54718 # 1504
54718 # 1504
54723 # 1504
54733 # 1504
54736 # 1504
54740 # 1504
54743 # 1504
54745 # 1504
54748 # 1504
54751 # 1504
54754 # 1504
54759 # 1504
54761 # 1504
54767 # 1504
54774 # 1504
54774 # 1504
54774 # 1504
54781 # 1504
54781 # 1504
54781 # 1504
54783 # 1504
54785 # 1504
54787 # 1504
54798 # 1504
54798 # 1504
54799 # 1504
54799 # 1504
54800 # 1504
54804 # 1504
54813 # 1504
54815 # 1504
54816 # 1504
54817 # 1504
54826 # 1504
54826 # 1504
54827 # 1504
54830 # 1504
54832 # 1504
54835 # 1504
54838 # 1504
54841 # 1504
54843 # 1504
54846 # 1504
54849 # 1504
54852 # 1504
54854 # 1504
54857 # 1504
54860 # 1504
54862 # 1504
54868 # 1504
54868 # 1504
54871 # 1504
54887 # 1504
54887 # 1504
54887 # 1504
54896 # 1504
54900 # 1504
54909 # 1504
54912 # 1504
54913 # 1504
54913 # 1504
54914 # 1504
54916 # 1504
54920 # 1504
54923 # 1504
54924 # 1504
54927 # 1504
54930 # 1504
54932 # 1504
54934 # 1504
54937 # 1504
54939 # 1504
54942 # 1504
54945 # 1504
54947 # 1504
54951 # 1504
54952 # 1504
54955 # 1504
54958 # 1504
54961 # 1504
54963 # 1504
54969 # 1504
54969 # 1504
54972 # 1504
54983 # 1504
54983 # 1504
54984 # 1504
54987 # 1504
54989 # 1504
54991 # 1504
54993 # 1504
54996 # 1504
54999 # 1504
55001 # 1504
55004 # 1504
55005 # 1504
55009 # 1504
55018 # 1504
55018 # 1504
55018 # 1504
55018 # 1504
55022 # 1504
55024 # 1504
55029 # 1504
55032 # 1504
55035 # 1504
55037 # 1504
55040 # 1504
55050 # 1504
55052 # 1504
55052 # 1504
55052 # 1504
55059 # 1504
55059 # 1504
55060 # 1504
55060 # 1504
55071 # 1504
55072 # 1504
55072 # 1504
55072 # 1504
55072 # 1504
55073 # 1504
55075 # 1504
55078 # 1504
55086 # 1504
55086 # 1504
55091 # 1504
55091 # 1504
55091 # 1504
55092 # 1504
55094 # 1504
55096 # 1504
55107 # 1504
55107 # 1504
55107 # 1504
55107 # 1504
55107 # 1504
55111 # 1504
55112 # 1504
55115 # 1504
55116 # 1504
55118 # 1504
55120 # 1504
55130 # 1504
55132 # 1504
55132 # 1504
55132 # 1504
55132 # 1504
55134 # 1504
55143 # 1504
55147 # 1504
55147 # 1504
55150 # 1504
55152 # 1504
55156 # 1504
55156 # 1504
55156 # 1504
55162 # 1504
55171 # 1504
55172 # 1504
55172 # 1504
55175 # 1504
55186 # 1504
55186 # 1504
55186 # 1504
55186 # 1504
55188 # 1504
55191 # 1504
55194 # 1504
55197 # 1504
55199 # 1504
55201 # 1504
55211 # 1504
55211 # 1504
55211 # 1504
55211 # 1504
55213 # 1504
55216 # 1504
55226 # 1504
55228 # 1504
55231 # 1504
55240 # 1504
55240 # 1504
55242 # 1504
55253 # 1504
55255 # 1504
55255 # 1504
55259 # 1504
55259 # 1504
55273 # 1504
55274 # 1504
55274 # 1504
55274 # 1504
55286 # 1504
55287 # 1504
55290 # 1504
55303 # 1504
55305 # 1504
55312 # 1504
55318 # 1504
55331 # 1504
55331 # 1504
55333 # 1504
55336 # 1504
55341 # 1504
55348 # 1504
55355 # 1504
55361 # 1504
55374 # 1504
55377 # 1504
55389 # 1504
55395 # 1504
55396 # 1504
55403 # 1504
55414 # 1504
55420 # 1504
55426 # 1504
55433 # 1504
55441 # 1504
55446 # 1504
55457 # 1504
55461 # 1504
55465 # 1504
55477 # 1504
55479 # 1504
55492 # 1504
55492 # 1504
55495 # 1504
55506 # 1504
55507 # 1504
55511 # 1504
55514 # 1504
55519 # 1504
55523 # 1504
55527 # 1504
55532 # 1504
55536 # 1504
55542 # 1504
55545 # 1504
55548 # 1504
55551 # 1504
55556 # 1504
55558 # 1504
55563 # 1504
55567 # 1504
55574 # 1504
55574 # 1504
55577 # 1504
55586 # 1504
55590 # 1504
55592 # 1504
55592 # 1504
55595 # 1504
55597 # 1504
55602 # 1504
55604 # 1504
55608 # 1504
55611 # 1504
55614 # 1504
55620 # 1504
55621 # 1504
55630 # 1504
55632 # 1504
55635 # 1504
55635 # 1504
55635 # 1504
55638 # 1504
55641 # 1504
55644 # 1504
55647 # 1504
55649 # 1504
55653 # 1504
55655 # 1504
55657 # 1504
55660 # 1504
55666 # 1504
55673 # 1504
55675 # 1504
55680 # 1504
55683 # 1504
55689 # 1504
55692 # 1504
55698 # 1504
55700 # 1504
55712 # 1504
55712 # 1504
55712 # 1504
55712 # 1504
55713 # 1504
55717 # 1504
55719 # 1504
55723 # 1504
55733 # 1504
55736 # 1504
55739 # 1504
55767 # 1504
55767 # 1504
55767 # 1504
55767 # 1504
55768 # 1504
55770 # 1504
55775 # 1504
55782 # 1504
55782 # 1504
55787 # 1504
55792 # 1504
55792 # 1504
55792 # 1504
55799 # 1504
55799 # 1504
55799 # 1504
55809 # 1504
55809 # 1504
55815 # 1504
55815 # 1504
55815 # 1504
55816 # 1504
55828 # 1504
55828 # 1504
55828 # 1504
55836 # 1504
55838 # 1504
55838 # 1504
55839 # 1504
55841 # 1504
55853 # 1504
55853 # 1504
55858 # 1504
55858 # 1504
55858 # 1504
55861 # 1504
55866 # 1504
55868 # 1504
55876 # 1504
55876 # 1504
55892 # 1504
55892 # 1504
55892 # 1504
55892 # 1504
55898 # 1504
55898 # 1504
55898 # 1504
55905 # 1504
55905 # 1504
55909 # 1504
55914 # 1504
55919 # 1504
55923 # 1504
55928 # 1504
55931 # 1504
55936 # 1504
55940 # 1504
55943 # 1504
55953 # 1504
55953 # 1504
55958 # 1504
55958 # 1504
55963 # 1504
55966 # 1504
55975 # 1504
55988 # 1504
55995 # 1504
56003 # 1504
56009 # 1504
56013 # 1504
56017 # 1504
56026 # 1504
56031 # 1504
56037 # 1504
56045 # 1504
56053 # 1504
56062 # 1504
56064 # 1504
56068 # 1504
56071 # 1504
56075 # 1504
56078 # 1504
56086 # 1504
56086 # 1504
56091 # 1504
56102 # 1504
56102 # 1504
56104 # 1504
56108 # 1504
56113 # 1504
56116 # 1504
56127 # 1504
56127 # 1504
56129 # 1504
56148 # 1504
56148 # 1504
56148 # 1504
56159 # 1504
56168 # 1504
56178 # 1504
56183 # 1504
56189 # 1504
56196 # 1504
56201 # 1504
56204 # 1504
56214 # 1504
56214 # 1504
56228 # 1504
56228 # 1504
56233 # 1504
56248 # 1504
56250 # 1504
56257 # 1504
56260 # 1504
56266 # 1504
56266 # 1504
56276 # 1504
56286 # 1504
56286 # 1504
56299 # 1504
56300 # 1504
56304 # 1504
56310 # 1504
56316 # 1504
56339 # 1504
56341 # 1504
56344 # 1504
56354 # 1504
56358 # 1504
56358 # 1504
56360 # 1504
56362 # 1504
56365 # 1504
56369 # 1504
56374 # 1504
56380 # 1504
56388 # 1504
56388 # 1504
56395 # 1504
56398 # 1504
56398 # 1504
56408 # 1504
56408 # 1504
56414 # 1504
56418 # 1504
56419 # 1504
56439 # 1504
56439 # 1504
56439 # 1504
56444 # 1504
56449 # 1504
56454 # 1504
56469 # 1504
56469 # 1504
56483 # 1504
56497 # 1504
56502 # 1504
56514 # 1504
56514 # 1504
56515 # 1504
56519 # 1504
56524 # 1504
56524 # 1504
56534 # 1504
56534 # 1504
56534 # 1504
56537 # 1504
56541 # 1504
56544 # 1504
56558 # 1504
56560 # 1504
56560 # 1504
56580 # 1504
56589 # 1504
56597 # 1504
56601 # 1504
56605 # 1504
56610 # 1504
56614 # 1504
56620 # 1504
56625 # 1504
56634 # 1504
56635 # 1504
56636 # 1504
56652 # 1504
56659 # 1504
56664 # 1504
56683 # 1504
56685 # 1504
56687 # 1504
56693 # 1504
56696 # 1504
56697 # 1504
56703 # 1504
56705 # 1504
56708 # 1504
56713 # 1504
56721 # 1504
56729 # 1504
56735 # 1504
56737 # 1504
56743 # 1504
56746 # 1504
56749 # 1504
56753 # 1504
56763 # 1504
56763 # 1504
56766 # 1504
56786 # 1504
56809 # 1504
56814 # 1504
56820 # 1504
56824 # 1504
56827 # 1504
56832 # 1504
56837 # 1504
56843 # 1504
56844 # 1504
56848 # 1504
56851 # 1504
56855 # 1504
56859 # 1504
56863 # 1504
56866 # 1504
56869 # 1504
56873 # 1504
56877 # 1504
56884 # 1504
56885 # 1504
56886 # 1504
56888 # 1504
56895 # 1504
56932 # 1504
56935 # 1504
56940 # 1504
56942 # 1504
56945 # 1504
56948 # 1504
56949 # 1504
56952 # 1504
56954 # 1504
56956 # 1504
56966 # 1504
56966 # 1504
56967 # 1504
56971 # 1504
56976 # 1504
56985 # 1504
56988 # 1504
56992 # 1504
56995 # 1504
56998 # 1504
57006 # 1504
57006 # 1504
57006 # 1504
57012 # 1504
57013 # 1504
57014 # 1504
57016 # 1504
57027 # 1504
57027 # 1504
57027 # 1504
57027 # 1504
57027 # 1504
57038 # 1504
57039 # 1504
57039 # 1504
57039 # 1504
57039 # 1504
57042 # 1504
57044 # 1504
57046 # 1504
57049 # 1504
57051 # 1504
57054 # 1504
57056 # 1504
57066 # 1504
57066 # 1504
57066 # 1504
57068 # 1504
57072 # 1504
57075 # 1504
57088 # 1504
57088 # 1504
57094 # 1504
57095 # 1504
57101 # 1504
57103 # 1504
57105 # 1504
57114 # 1504
57118 # 1504
57118 # 1504
57118 # 1504
57122 # 1504
57125 # 1504
57130 # 1504
57134 # 1504
57140 # 1504
57147 # 1504
57157 # 1504
57166 # 1504
57173 # 1504
57178 # 1504
57180 # 1504
57187 # 1504
57187 # 1504
57187 # 1504
57189 # 1504
57193 # 1504
57195 # 1504
57206 # 1504
57206 # 1504
57206 # 1504
57209 # 1504
57211 # 1504
57214 # 1504
57227 # 1504
57229 # 1504
57237 # 1504
57247 # 1504
57247 # 1504
57250 # 1504
57257 # 1504
57261 # 1504
57263 # 1504
57274 # 1504
57274 # 1504
57275 # 1504
57278 # 1504
57280 # 1504
57285 # 1504
57285 # 1504
57286 # 1504
57289 # 1504
57292 # 1504
57303 # 1504
57303 # 1504
57303 # 1504
57303 # 1504
57304 # 1504
57314 # 1504
57314 # 1504
57314 # 1504
57315 # 1504
57319 # 1504
57320 # 1504
57322 # 1504
57324 # 1504
57327 # 1504
57329 # 1504
57330 # 1504
57333 # 1504
57334 # 1504
57336 # 1504
57337 # 1504
57341 # 1504
57343 # 1504
57344 # 1504
57348 # 1504
57348 # 1504
57349 # 1504
57353 # 1504
57354 # 1504
57356 # 1504
57366 # 1504
57366 # 1504
57366 # 1504
57371 # 1504
57377 # 1504
57388 # 1504
57389 # 1504
57389 # 1504
57389 # 1504
57389 # 1504
57392 # 1504
57400 # 1504
57402 # 1504
57406 # 1504
57406 # 1504
57413 # 1504
57414 # 1504
57414 # 1504
57414 # 1504
57415 # 1504
57417 # 1504
57426 # 1504
57428 # 1504
57428 # 1504
57428 # 1504
57429 # 1504
57432 # 1504
57433 # 1504
57443 # 1504
57443 # 1504
57448 # 1504
57448 # 1504
57448 # 1504
57449 # 1504
57452 # 1504
57453 # 1504
57462 # 1504
57462 # 1504
57462 # 1504
57463 # 1504
57465 # 1504
57478 # 1504
57478 # 1504
57491 # 1504
57491 # 1504
57491 # 1504
57494 # 1504
57495 # 1504
57495 # 1504
57500 # 1504
57500 # 1504
57500 # 1504
57506 # 1504
57506 # 1504
57507 # 1504
57513 # 1504
57513 # 1504
57513 # 1504
57514 # 1504
57515 # 1504
57525 # 1504
57525 # 1504
57525 # 1504
57531 # 1504
57533 # 1504
57534 # 1504
57536 # 1504
57543 # 1504
57543 # 1504
57546 # 1504
57547 # 1504
57547 # 1504
57547 # 1504
57549 # 1504
57552 # 1504
57555 # 1504
57564 # 1504
57565 # 1504
57566 # 1504
57569 # 1504
57571 # 1504
57575 # 1504
57576 # 1504
57593 # 1504
57593 # 1504
57594 # 1504
57594 # 1504
57597 # 1504
57597 # 1504
57597 # 1504
57602 # 1504
57605 # 1504
57605 # 1504
57605 # 1504
57606 # 1504
57615 # 1504
57615 # 1504
57615 # 1504
57621 # 1504
57621 # 1504
57624 # 1504
57625 # 1504
57625 # 1504
57626 # 1504
57629 # 1504
57633 # 1504
57634 # 1504
57637 # 1504
57638 # 1504
57649 # 1504
57650 # 1504
57652 # 1504
57654 # 1504
57655 # 1504
57680 # 1504
57682 # 1504
57682 # 1504
57685 # 1504
57692 # 1504
57694 # 1504
57694 # 1504
57700 # 1504
57702 # 1504
57704 # 1504
57704 # 1504
57704 # 1504
57714 # 1504
57716 # 1504
57716 # 1504
57723 # 1504
57749 # 1504
57749 # 1504
57749 # 1504
57749 # 1504
57761 # 1504
57761 # 1504
57770 # 1504
57773 # 1504
57774 # 1504
57774 # 1504
57790 # 1504
57790 # 1504
57790 # 1504
57791 # 1504
57794 # 1504
57794 # 1504
57795 # 1504
57797 # 1504
57808 # 1504
57812 # 1504
57812 # 1504
57815 # 1504
57815 # 1504
57820 # 1504
57826 # 1504
57826 # 1504
57829 # 1504
57830 # 1504
57834 # 1504
57836 # 1504
57841 # 1504
57841 # 1504
57845 # 1504
57850 # 1504
57862 # 1504
57862 # 1504
57863 # 1504
57865 # 1504
57868 # 1504
57875 # 1504
57875 # 1504
57878 # 1504
57889 # 1504
57889 # 1504
57891 # 1504
57891 # 1504
57894 # 1504
57894 # 1504
57895 # 1504
57904 # 1504
57904 # 1504
57910 # 1504
57910 # 1504
57922 # 1504
57922 # 1504
57923 # 1504
57928 # 1504
57929 # 1504
57935 # 1504
57939 # 1504
57939 # 1504
57949 # 1504
57953 # 1504
57977 # 1504
57977 # 1504
57977 # 1504
57977 # 1504
57977 # 1504
57991 # 1504
57991 # 1504
57991 # 1504
57994 # 1504
57999 # 1504
57999 # 1504
58000 # 1504
58011 # 1504
58015 # 1504
58015 # 1504
58015 # 1504
58015 # 1504
58019 # 1504
58021 # 1504
58031 # 1504
58032 # 1504
58036 # 1504
58036 # 1504
58037 # 1504
58048 # 1504
58050 # 1504
58052 # 1504
58055 # 1504
58055 # 1504
58065 # 1504
58065 # 1504
58065 # 1504
58082 # 1504
58082 # 1504
58090 # 1504
58090 # 1504
58090 # 1504
58090 # 1504
58094 # 1504
58094 # 1504
58094 # 1504
58095 # 1504
58097 # 1504
58100 # 1504
58111 # 1504
58111 # 1504
58112 # 1504
58112 # 1504
58112 # 1504
58116 # 1504
58117 # 1504
58119 # 1504
58121 # 1504
58124 # 1504
58135 # 1504
58135 # 1504
58135 # 1504
58135 # 1504
58145 # 1504
58145 # 1504
58145 # 1504
58145 # 1504
58154 # 1504
58154 # 1504
58158 # 1504
58160 # 1504
58160 # 1504
58164 # 1504
58171 # 1504
58173 # 1504
58176 # 1504
58176 # 1504
58179 # 1504
58181 # 1504
58183 # 1504
58191 # 1504
58195 # 1504
58196 # 1504
58199 # 1504
58201 # 1504
58201 # 1504
58202 # 1504
58212 # 1504
58214 # 1504
58216 # 1504
58216 # 1504
58226 # 1504
58238 # 1504
58252 # 1504
58253 # 1504
58253 # 1504
58253 # 1504
58253 # 1504
58253 # 1504
58262 # 1504
58262 # 1504
58262 # 1504
58264 # 1504
58266 # 1504
58268 # 1504
58271 # 1504
58280 # 1504
58280 # 1504
58281 # 1504
58281 # 1504
58284 # 1504
58287 # 1504
58292 # 1504
58293 # 1504
58293 # 1504
58295 # 1504
58299 # 1504
58308 # 1504
58308 # 1504
58309 # 1504
58309 # 1504
58311 # 1504
58321 # 1504
58321 # 1504
58321 # 1504
58321 # 1504
58323 # 1504
58324 # 1504
58334 # 1504
58334 # 1504
58334 # 1504
58335 # 1504
58346 # 1504
58346 # 1504
58346 # 1504
58346 # 1504
58354 # 1504
58354 # 1504
58358 # 1504
58360 # 1504
58360 # 1504
58360 # 1504
58387 # 1504
58387 # 1504
58387 # 1504
58387 # 1504
58390 # 1504
58390 # 1504
58390 # 1504
58392 # 1504
58395 # 1504
58398 # 1504
58400 # 1504
58404 # 1504
58405 # 1504
58415 # 1504
58418 # 1504
58420 # 1504
58424 # 1504
58424 # 1504
58432 # 1504
58435 # 1504
58437 # 1504
58440 # 1504
58441 # 1504
58442 # 1504
58452 # 1504
58452 # 1504
58454 # 1504
58454 # 1504
58460 # 1504
58464 # 1504
58464 # 1504
58464 # 1504
58464 # 1504
58475 # 1504
58483 # 1504
58496 # 1504
58496 # 1504
58500 # 1504
58501 # 1504
58515 # 1504
58515 # 1504
58515 # 1504
58515 # 1504
58525 # 1504
58525 # 1504
58529 # 1504
58531 # 1504
58534 # 1504
58535 # 1504
58535 # 1504
58535 # 1504
58544 # 1504
58545 # 1504
58545 # 1504
58545 # 1504
58554 # 1504
58554 # 1504
58554 # 1504
58554 # 1504
58555 # 1504
58557 # 1504
58559 # 1504
58569 # 1504
58572 # 1504
58574 # 1504
58574 # 1504
58575 # 1504
58578 # 1504
58589 # 1504
58595 # 1504
58595 # 1504
58596 # 1504
58604 # 1504
58606 # 1504
58609 # 1504
58610 # 1504
58612 # 1504
58623 # 1504
58624 # 1504
58626 # 1504
58628 # 1504
58628 # 1504
58638 # 1504
58639 # 1504
58642 # 1504
58644 # 1504
58648 # 1504
58654 # 1504
58654 # 1504
58658 # 1504
58658 # 1504
58665 # 1504
58668 # 1504
58670 # 1504
58674 # 1504
58674 # 1504
58680 # 1504
58680 # 1504
58686 # 1504
58690 # 1504
58695 # 1504
58695 # 1504
58701 # 1504
58711 # 1504
58711 # 1504
58711 # 1504
58711 # 1504
58712 # 1504
58716 # 1504
58717 # 1504
58721 # 1504
58722 # 1504
58728 # 1504
58729 # 1504
58744 # 1504
58744 # 1504
58744 # 1504
58747 # 1504
58750 # 1504
58754 # 1504
58760 # 1504
58763 # 1504
58763 # 1504
58770 # 1504
58774 # 1504
58775 # 1504
58777 # 1504
58779 # 1504
58781 # 1504
58792 # 1504
58796 # 1504
58796 # 1504
58796 # 1504
58811 # 1504
58818 # 1504
58824 # 1504
58829 # 1504
58834 # 1504
58838 # 1504
58843 # 1504
58843 # 1504
58843 # 1504
58843 # 1504
58847 # 1504
58849 # 1504
58850 # 1504
58852 # 1504
58854 # 1504
58868 # 1504
58870 # 1504
58873 # 1504
58899 # 1504
58899 # 1504
58900 # 1504
58900 # 1504
58900 # 1504
58900 # 1504
58902 # 1504
58904 # 1504
58914 # 1504
58914 # 1504
58918 # 1504
58918 # 1504
58922 # 1504
58934 # 1504
58940 # 1504
58944 # 1504
58953 # 1504
58956 # 1504
58957 # 1504
58960 # 1504
58962 # 1504
58964 # 1504
58972 # 1504
58976 # 1504
58976 # 1504
58985 # 1504
58986 # 1504
59005 # 1504
59054 # 1504
59056 # 1504
59062 # 1504
59064 # 1504
59069 # 1504
59071 # 1504
59074 # 1504
59098 # 1504
59098 # 1504
59098 # 1504
59098 # 1504
59098 # 1504
59098 # 1504
59115 # 1504
59115 # 1504
59115 # 1504
59115 # 1504
59115 # 1504
59115 # 1504
59117 # 1504
59134 # 1504
59134 # 1504
59135 # 1504
59135 # 1504
59135 # 1504
59139 # 1504
59142 # 1504
59147 # 1504
59149 # 1504
59152 # 1504
59156 # 1504
59178 # 1504
59181 # 1504
59184 # 1504
59188 # 1504
59191 # 1504
59193 # 1504
59200 # 1504
59200 # 1504
59200 # 1504
59204 # 1504
59205 # 1504
59210 # 1504
59211 # 1504
59213 # 1504
59215 # 1504
59219 # 1504
59225 # 1504
59231 # 1504
59241 # 1504
59241 # 1504
59246 # 1504
59247 # 1504
59248 # 1504
59250 # 1504
59268 # 1504
59268 # 1504
59271 # 1504
59283 # 1504
59285 # 1504
59292 # 1504
59302 # 1504
59308 # 1504
59317 # 1504
59323 # 1504
59327 # 1504
59331 # 1504
59336 # 1504
59341 # 1504
59349 # 1504
59354 # 1504
59358 # 1504
59362 # 1504
59366 # 1504
59370 # 1504
59374 # 1504
59381 # 1504
59390 # 1504
59390 # 1504
59392 # 1504
59399 # 1504
59400 # 1504
59402 # 1504
59405 # 1504
59408 # 1504
59410 # 1504
59413 # 1504
59416 # 1504
59419 # 1504
59423 # 1504
59424 # 1504
59427 # 1504
59437 # 1504
59437 # 1504
59437 # 1504
59439 # 1504
59449 # 1504
59450 # 1504
59451 # 1504
59455 # 1504
59456 # 1504
59458 # 1504
59461 # 1504
59465 # 1504
59477 # 1504
59481 # 1504
59489 # 1504
59494 # 1504
59500 # 1504
59502 # 1504
59507 # 1504
59511 # 1504
59513 # 1504
59516 # 1504
59519 # 1504
59524 # 1504
59526 # 1504
59528 # 1504
59532 # 1504
59535 # 1504
59567 # 1504
59579 # 1504
59595 # 1504
59605 # 1504
59611 # 1504
59619 # 1504
59623 # 1504
59626 # 1504
59631 # 1504
59634 # 1504
59654 # 1504
59660 # 1504
59662 # 1504
59664 # 1504
59668 # 1504
59670 # 1504
59673 # 1504
59675 # 1504
59680 # 1504
59681 # 1504
59684 # 1504
59688 # 1504
59690 # 1504
59692 # 1504
59696 # 1504
59699 # 1504
59701 # 1504
59704 # 1504
59707 # 1504
59710 # 1504
59713 # 1504
59716 # 1504
59723 # 1504
59728 # 1504
59734 # 1504
59740 # 1504
59752 # 1504
59755 # 1504
59768 # 1504
59771 # 1504
59773 # 1504
59783 # 1504
59783 # 1504
59785 # 1504
59795 # 1504
59801 # 1504
59811 # 1504
59811 # 1504
59817 # 1504
59818 # 1504
59823 # 1504
59833 # 1504
59843 # 1504
59849 # 1504
59856 # 1504
59865 # 1504
59872 # 1504
59881 # 1504
59885 # 1504
59893 # 1504
59896 # 1504
59903 # 1504
59907 # 1504
59912 # 1504
59919 # 1504
59925 # 1504
59930 # 1504
59937 # 1504
59941 # 1504
59947 # 1504
59951 # 1504
59957 # 1504
59963 # 1504
59969 # 1504
59979 # 1504
59987 # 1504
59994 # 1504
60008 # 1504
60008 # 1504
60011 # 1504
60018 # 1504
60025 # 1504
60028 # 1504
60032 # 1504
60036 # 1504
60039 # 1504
60042 # 1504
60045 # 1504
60057 # 1504
60057 # 1504
60057 # 1504
60058 # 1504
60060 # 1504
60063 # 1504
60066 # 1504
60069 # 1504
60072 # 1504
60075 # 1504
60081 # 1504
60085 # 1504
60089 # 1504
60092 # 1504
60097 # 1504
60102 # 1504
60104 # 1504
60108 # 1504
60112 # 1504
60118 # 1504
60120 # 1504
60125 # 1504
60128 # 1504
60130 # 1504
60133 # 1504
60136 # 1504
60137 # 1504
60142 # 1504
60144 # 1504
60149 # 1504
60158 # 1504
60158 # 1504
60160 # 1504
60164 # 1504
60166 # 1504
60171 # 1504
60174 # 1504
60178 # 1504
60180 # 1504
60183 # 1504
60186 # 1504
60189 # 1504
60192 # 1504
60196 # 1504
60200 # 1504
60207 # 1504
60208 # 1504
60212 # 1504
60223 # 1504
60224 # 1504
60231 # 1504
60240 # 1504
60253 # 1504
60264 # 1504
60269 # 1504
60273 # 1504
60282 # 1504
60287 # 1504
60458 # 1504
60474 # 1504
60493 # 1504
60500 # 1504
60508 # 1504
60516 # 1504
60526 # 1504
60526 # 1504
60531 # 1504
60534 # 1504
60541 # 1504
60541 # 1504
60545 # 1504
60547 # 1504
60558 # 1504
60560 # 1504
60568 # 1504
60569 # 1504
60570 # 1504
60571 # 1504
60598 # 1504
60608 # 1504
60618 # 1504
60630 # 1504
60645 # 1504
60658 # 1504
60662 # 1504
60688 # 1504
60688 # 1504
60698 # 1504
60720 # 1504
60767 # 1504
60784 # 1504
60793 # 1504
60808 # 1504
60818 # 1504
60839 # 1504
60848 # 1504
60858 # 1504
60869 # 1504
60880 # 1504
60893 # 1504
60911 # 1504
60919 # 1504
60928 # 1504
60940 # 1504
60945 # 1504
60953 # 1504
61052 # 1504
61061 # 1504
61067 # 1504
61071 # 1504
61077 # 1504
61081 # 1504
61084 # 1504
61089 # 1504
61093 # 1504
61096 # 1504
61100 # 1504
61104 # 1504
61110 # 1504
61114 # 1504
61116 # 1504
61120 # 1504
61124 # 1504
61128 # 1504
61132 # 1504
61134 # 1504
61138 # 1504
61141 # 1504
61145 # 1504
61148 # 1504
61150 # 1504
61159 # 1504
61159 # 1504
61160 # 1504
61164 # 1504
61166 # 1504
61169 # 1504
61179 # 1504
61179 # 1504
61181 # 1504
61186 # 1504
61190 # 1504
61199 # 1504
61199 # 1504
61199 # 1504
61204 # 1504
61206 # 1504
61210 # 1504
61212 # 1504
61217 # 1504
61218 # 1504
61220 # 1504
61225 # 1504
61229 # 1504
61231 # 1504
61234 # 1504
61236 # 1504
61238 # 1504
61242 # 1504
61244 # 1504
61246 # 1504
61250 # 1504
61253 # 1504
61254 # 1504
61256 # 1504
61258 # 1504
61260 # 1504
61265 # 1504
61265 # 1504
61267 # 1504
61269 # 1504
61279 # 1504
61279 # 1504
61279 # 1504
61279 # 1504
61280 # 1504
61281 # 1504
61283 # 1504
61285 # 1504
61287 # 1504
61298 # 1504
61298 # 1504
61298 # 1504
61298 # 1504
61299 # 1504
61299 # 1504
61299 # 1504
61300 # 1504
61302 # 1504
61304 # 1504
61306 # 1504
61308 # 1504
61312 # 1504
61312 # 1504
61312 # 1504
61313 # 1504
61314 # 1504
61316 # 1504
61317 # 1504
61318 # 1504
61319 # 1504
61321 # 1504
61322 # 1504
61323 # 1504
61324 # 1504
61326 # 1504
61327 # 1504
61328 # 1504
61330 # 1504
61331 # 1504
61332 # 1504
61333 # 1504
61334 # 1504
61336 # 1504
61336 # 1504
61341 # 1504
61342 # 1504
61343 # 1504
61344 # 1504
61345 # 1504
61347 # 1504
61348 # 1504
61350 # 1504
61351 # 1504
61352 # 1504
61353 # 1504
61355 # 1504
61355 # 1504
61365 # 1504
61365 # 1504
61365 # 1504
61365 # 1504
61374 # 1504
61374 # 1504
61374 # 1504
61374 # 1504
61374 # 1504
61375 # 1504
61375 # 1504
61376 # 1504
61378 # 1504
61381 # 1504
61381 # 1504
61382 # 1504
61385 # 1504
61385 # 1504
61387 # 1504
61388 # 1504
61390 # 1504
61391 # 1504
61393 # 1504
61394 # 1504
61395 # 1504
61396 # 1504
61397 # 1504
61406 # 1504
61406 # 1504
61407 # 1504
61407 # 1504
61407 # 1504
61407 # 1504
61407 # 1504
61408 # 1504
61409 # 1504
61414 # 1504
61414 # 1504
61414 # 1504
61414 # 1504
61414 # 1504
61415 # 1504
61416 # 1504
61417 # 1504
61428 # 1504
61428 # 1504
61429 # 1504
61429 # 1504
61429 # 1504
61438 # 1504
61438 # 1504
61438 # 1504
61439 # 1504
61439 # 1504
61445 # 1504
61445 # 1504
61448 # 1504
61448 # 1504
61450 # 1504
61450 # 1504
61451 # 1504
61451 # 1504
61451 # 1504
61459 # 1504
61459 # 1504
61459 # 1504
61459 # 1504
61459 # 1504
61460 # 1504
61461 # 1504
61462 # 1504
61463 # 1504
61465 # 1504
61466 # 1504
61475 # 1504
61475 # 1504
61475 # 1504
61480 # 1504
61480 # 1504
61485 # 1504
61485 # 1504
61485 # 1504
61485 # 1504
61486 # 1504
61486 # 1504
61487 # 1504
61489 # 1504
61490 # 1504
61491 # 1504
61500 # 1504
61501 # 1504
61501 # 1504
61501 # 1504
61501 # 1504
61502 # 1504
61502 # 1504
61503 # 1504
61504 # 1504
61505 # 1504
61506 # 1504
61507 # 1504
61508 # 1504
61515 # 1504
61515 # 1504
61520 # 1504
61520 # 1504
61520 # 1504
61520 # 1504
61521 # 1504
61521 # 1504
61521 # 1504
61522 # 1504
61523 # 1504
61533 # 1504
61533 # 1504
61533 # 1504
61533 # 1504
61533 # 1504
61533 # 1504
61533 # 1504
61533 # 1504
61534 # 1504
61534 # 1504
61535 # 1504
61536 # 1504
61537 # 1504
61538 # 1504
61538 # 1504
61539 # 1504
61548 # 1504
61548 # 1504
61548 # 1504
61548 # 1504
61549 # 1504
61549 # 1504
61553 # 1504
61553 # 1504
61554 # 1504
61554 # 1504
61554 # 1504
61554 # 1504
61558 # 1504
61559 # 1504
61560 # 1504
61560 # 1504
61560 # 1504
61561 # 1504
61561 # 1504
61561 # 1504
61569 # 1504
61570 # 1504
61570 # 1504
61572 # 1504
61572 # 1504
61574 # 1504
61575 # 1504
61575 # 1504
61575 # 1504
61576 # 1504
61577 # 1504
61586 # 1504
61586 # 1504
61592 # 1504
61592 # 1504
61592 # 1504
61592 # 1504
61592 # 1504
61592 # 1504
61600 # 1504
61601 # 1504
61601 # 1504
61601 # 1504
61601 # 1504
61601 # 1504
61603 # 1504
61603 # 1504
61604 # 1504
61604 # 1504
61607 # 1504
61607 # 1504
61608 # 1504
61624 # 1504
61624 # 1504
61624 # 1504
61624 # 1504
61624 # 1504
61624 # 1504
61624 # 1504
61624 # 1504
61626 # 1504
61626 # 1504
61626 # 1504
61626 # 1504
61626 # 1504
61627 # 1504
61628 # 1504
61629 # 1504
61631 # 1504
61640 # 1504
61640 # 1504
61640 # 1504
61640 # 1504
61640 # 1504
61641 # 1504
61641 # 1504
61641 # 1504
61641 # 1504
61641 # 1504
61642 # 1504
61642 # 1504
61643 # 1504
61644 # 1504
61645 # 1504
61646 # 1504
61647 # 1504
61647 # 1504
61648 # 1504
61649 # 1504
61651 # 1504
61652 # 1504
61652 # 1504
61653 # 1504
61653 # 1504
61654 # 1504
61654 # 1504
61656 # 1504
61656 # 1504
61657 # 1504
61659 # 1504
61659 # 1504
61660 # 1504
61662 # 1504
61662 # 1504
61662 # 1504
61664 # 1504
61664 # 1504
61665 # 1504
61667 # 1504
61667 # 1504
61668 # 1504
61668 # 1504
61669 # 1504
61669 # 1504
61670 # 1504
61671 # 1504
61672 # 1504
61673 # 1504
61674 # 1504
61674 # 1504
61675 # 1504
61676 # 1504
61677 # 1504
61678 # 1504
61679 # 1504
61680 # 1504
61680 # 1504
61681 # 1504
61682 # 1504
61683 # 1504
61685 # 1504
61685 # 1504
61686 # 1504
61686 # 1504
61687 # 1504
61688 # 1504
61691 # 1504
61691 # 1504
61700 # 1504
61700 # 1504
61700 # 1504
61700 # 1504
61700 # 1504
61700 # 1504
61700 # 1504
61700 # 1504
61701 # 1504
61703 # 1504
61704 # 1504
61705 # 1504
61706 # 1504
61707 # 1504
61708 # 1504
61709 # 1504
61715 # 1504
61720 # 1504
61720 # 1504
61720 # 1504
61721 # 1504
61722 # 1504
61722 # 1504
61722 # 1504
61730 # 1504
61730 # 1504
61730 # 1504
61730 # 1504
61731 # 1504
61741 # 1504
61743 # 1504
61743 # 1504
61745 # 1504
61745 # 1504
61745 # 1504
61745 # 1504
61745 # 1504
61748 # 1504
61749 # 1504
61750 # 1504
61751 # 1504
61760 # 1504
61760 # 1504
61760 # 1504
61760 # 1504
61761 # 1504
61761 # 1504
61761 # 1504
61770 # 1504
61770 # 1504
61770 # 1504
61770 # 1504
61770 # 1504
61770 # 1504
61771 # 1504
61772 # 1504
61774 # 1504
61776 # 1504
61776 # 1504
61777 # 1504
61778 # 1504
61787 # 1504
61787 # 1504
61787 # 1504
61787 # 1504
61787 # 1504
61787 # 1504
61788 # 1504
61789 # 1504
61790 # 1504
61791 # 1504
61793 # 1504
61794 # 1504
61795 # 1504
61796 # 1504
61798 # 1504
61799 # 1504
61800 # 1504
61802 # 1504
61803 # 1504
61804 # 1504
61805 # 1504
61808 # 1504
61809 # 1504
61810 # 1504
61814 # 1504
61814 # 1504
61814 # 1504
61816 # 1504
61817 # 1504
61819 # 1504
61820 # 1504
61830 # 1504
61830 # 1504
61830 # 1504
61830 # 1504
61830 # 1504
61830 # 1504
61831 # 1504
61832 # 1504
61833 # 1504
61834 # 1504
61835 # 1504
61837 # 1504
61838 # 1504
61839 # 1504
61840 # 1504
61841 # 1504
61842 # 1504
61843 # 1504
61844 # 1504
61845 # 1504
61846 # 1504
61849 # 1504
61849 # 1504
61850 # 1504
61851 # 1504
61852 # 1504
61854 # 1504
61857 # 1504
61858 # 1504
61860 # 1504
61861 # 1504
61863 # 1504
61865 # 1504
61869 # 1504
61870 # 1504
61871 # 1504
61872 # 1504
61874 # 1504
61876 # 1504
61877 # 1504
61879 # 1504
61880 # 1504
61882 # 1504
61884 # 1504
61885 # 1504
61887 # 1504
61888 # 1504
61891 # 1504
61892 # 1504
61893 # 1504
61896 # 1504
61897 # 1504
61898 # 1504
61899 # 1504
61901 # 1504
61902 # 1504
61904 # 1504
61906 # 1504
61908 # 1504
61909 # 1504
61915 # 1504
61915 # 1504
61916 # 1504
61916 # 1504
61918 # 1504
61920 # 1504
61922 # 1504
61923 # 1504
61926 # 1504
61926 # 1504
61928 # 1504
61930 # 1504
61932 # 1504
61933 # 1504
61934 # 1504
61936 # 1504
61937 # 1504
61939 # 1504
61940 # 1504
61941 # 1504
61943 # 1504
61944 # 1504
61945 # 1504
61947 # 1504
61948 # 1504
61950 # 1504
61951 # 1504
61952 # 1504
61954 # 1504
61955 # 1504
61956 # 1504
61958 # 1504
61959 # 1504
61960 # 1504
61962 # 1504
61963 # 1504
61964 # 1504
61967 # 1504
61967 # 1504
61982 # 1504
61983 # 1504
61985 # 1504
61985 # 1504
61985 # 1504
61985 # 1504
61985 # 1504
61986 # 1504
61988 # 1504
61989 # 1504
61991 # 1504
61992 # 1504
61994 # 1504
61996 # 1504
61998 # 1504
62000 # 1504
62001 # 1504
62004 # 1504
62004 # 1504
62006 # 1504
62008 # 1504
62010 # 1504
62017 # 1504
62017 # 1504
62017 # 1504
62017 # 1504
62025 # 1504
62025 # 1504
62027 # 1504
62027 # 1504
62028 # 1504
62028 # 1504
62028 # 1504
62029 # 1504
62032 # 1504
62032 # 1504
62034 # 1504
62035 # 1504
62037 # 1504
62038 # 1504
62040 # 1504
62041 # 1504
62043 # 1504
62045 # 1504
62046 # 1504
62048 # 1504
62049 # 1504
62051 # 1504
62052 # 1504
62054 # 1504
62055 # 1504
62057 # 1504
62058 # 1504
62060 # 1504
62061 # 1504
62063 # 1504
62064 # 1504
62066 # 1504
62068 # 1504
62070 # 1504
62072 # 1504
62073 # 1504
62074 # 1504
62076 # 1504
62077 # 1504
62079 # 1504
62080 # 1504
62083 # 1504
62083 # 1504
62085 # 1504
62086 # 1504
62088 # 1504
62090 # 1504
62091 # 1504
62100 # 1504
62100 # 1504
62100 # 1504
62100 # 1504
62101 # 1504
62102 # 1504
62102 # 1504
62104 # 1504
62106 # 1504
62107 # 1504
62108 # 1504
62110 # 1504
62112 # 1504
62117 # 1504
62117 # 1504
62117 # 1504
62118 # 1504
62119 # 1504
62122 # 1504
62130 # 1504
62130 # 1504
62130 # 1504
62130 # 1504
62130 # 1504
62131 # 1504
62132 # 1504
62134 # 1504
62135 # 1504
62137 # 1504
62139 # 1504
62140 # 1504
62142 # 1504
62144 # 1504
62146 # 1504
62147 # 1504
62149 # 1504
62151 # 1504
62153 # 1504
62155 # 1504
62156 # 1504
62159 # 1504
62162 # 1504
62162 # 1504
62164 # 1504
62167 # 1504
62167 # 1504
62169 # 1504
62171 # 1504
62172 # 1504
62173 # 1504
62175 # 1504
62176 # 1504
62177 # 1504
62178 # 1504
62180 # 1504
62181 # 1504
62182 # 1504
62183 # 1504
62184 # 1504
62186 # 1504
62187 # 1504
62188 # 1504
62191 # 1504
62191 # 1504
62192 # 1504
62194 # 1504
62194 # 1504
62195 # 1504
62196 # 1504
62198 # 1504
62199 # 1504
62200 # 1504
62202 # 1504
62202 # 1504
62204 # 1504
62204 # 1504
62206 # 1504
62206 # 1504
62208 # 1504
62208 # 1504
62218 # 1504
62218 # 1504
62218 # 1504
62218 # 1504
62218 # 1504
62218 # 1504
62218 # 1504
62219 # 1504
62220 # 1504
62229 # 1504
62233 # 1504
62235 # 1504
62237 # 1504
62240 # 1504
62243 # 1504
62244 # 1504
62246 # 1504
62247 # 1504
62257 # 1504
62257 # 1504
62258 # 1504
62258 # 1504
62258 # 1504
62260 # 1504
62262 # 1504
62264 # 1504
62265 # 1504
62267 # 1504
62270 # 1504
62271 # 1504
62274 # 1504
62275 # 1504
62277 # 1504
62278 # 1504
62280 # 1504
62282 # 1504
62284 # 1504
62286 # 1504
62288 # 1504
62290 # 1504
62292 # 1504
62294 # 1504
62295 # 1504
62297 # 1504
62299 # 1504
62301 # 1504
62302 # 1504
62304 # 1504
62305 # 1504
62309 # 1504
62310 # 1504
62311 # 1504
62313 # 1504
62314 # 1504
62318 # 1504
62318 # 1504
62320 # 1504
62320 # 1504
62322 # 1504
62323 # 1504
62325 # 1504
62326 # 1504
62328 # 1504
62329 # 1504
62331 # 1504
62333 # 1504
62334 # 1504
62336 # 1504
62337 # 1504
62338 # 1504
62340 # 1504
62341 # 1504
62343 # 1504
62344 # 1504
62346 # 1504
62347 # 1504
62349 # 1504
62350 # 1504
62352 # 1504
62353 # 1504
62355 # 1504
62356 # 1504
62359 # 1504
62360 # 1504
62362 # 1504
62363 # 1504
62365 # 1504
62367 # 1504
62368 # 1504
62369 # 1504
62371 # 1504
62373 # 1504
62374 # 1504
62376 # 1504
62378 # 1504
62379 # 1504
62380 # 1504
62382 # 1504
62383 # 1504
62385 # 1504
62386 # 1504
62388 # 1504
62390 # 1504
62394 # 1504
62395 # 1504
62395 # 1504
62396 # 1504
62406 # 1504
62406 # 1504
62406 # 1504
62406 # 1504
62407 # 1504
62407 # 1504
62408 # 1504
62409 # 1504
62410 # 1504
62413 # 1504
62413 # 1504
62420 # 1504
62420 # 1504
62426 # 1504
62426 # 1504
62428 # 1504
62428 # 1504
62428 # 1504
62428 # 1504
62429 # 1504
62431 # 1504
62432 # 1504
62434 # 1504
62436 # 1504
62437 # 1504
62439 # 1504
62440 # 1504
62443 # 1504
62446 # 1504
62447 # 1504
62448 # 1504
62449 # 1504
62451 # 1504
62454 # 1504
62456 # 1504
62457 # 1504
62460 # 1504
62461 # 1504
62462 # 1504
62464 # 1504
62466 # 1504
62468 # 1504
62472 # 1504
62479 # 1504
62481 # 1504
62484 # 1504
62486 # 1504
62488 # 1504
62491 # 1504
62492 # 1504
62494 # 1504
62496 # 1504
62497 # 1504
62500 # 1504
62501 # 1504
62503 # 1504
62506 # 1504
62507 # 1504
62509 # 1504
62510 # 1504
62513 # 1504
62513 # 1504
62521 # 1504
62521 # 1504
62521 # 1504
62521 # 1504
62522 # 1504
62523 # 1504
62525 # 1504
62527 # 1504
62528 # 1504
62532 # 1504
62533 # 1504
62533 # 1504
62535 # 1504
62536 # 1504
62538 # 1504
62540 # 1504
62540 # 1504
62545 # 1504
62546 # 1504
62546 # 1504
62546 # 1504
62549 # 1504
62551 # 1504
62552 # 1504
62553 # 1504
62555 # 1504
62555 # 1504
62557 # 1504
62558 # 1504
62558 # 1504
62561 # 1504
62562 # 1504
62563 # 1504
62564 # 1504
62567 # 1504
62567 # 1504
62569 # 1504
62570 # 1504
62573 # 1504
62573 # 1504
62576 # 1504
62577 # 1504
62580 # 1504
62590 # 1504
62590 # 1504
62590 # 1504
62591 # 1504
62593 # 1504
62594 # 1504
62595 # 1504
62607 # 1504
62607 # 1504
62607 # 1504
62607 # 1504
62607 # 1504
62609 # 1504
62615 # 1504
62621 # 1504
62622 # 1504
62625 # 1504
62626 # 1504
62627 # 1504
62629 # 1504
62630 # 1504
62632 # 1504
62633 # 1504
62634 # 1504
62635 # 1504
62638 # 1504
62648 # 1504
62648 # 1504
62648 # 1504
62648 # 1504
62648 # 1504
62648 # 1504
62649 # 1504
62650 # 1504
62651 # 1504
62652 # 1504
62654 # 1504
62655 # 1504
62658 # 1504
62659 # 1504
62660 # 1504
62661 # 1504
62662 # 1504
62663 # 1504
62664 # 1504
62666 # 1504
62668 # 1504
62669 # 1504
62670 # 1504
62672 # 1504
62673 # 1504
62674 # 1504
62676 # 1504
62676 # 1504
62686 # 1504
62686 # 1504
62686 # 1504
62686 # 1504
62686 # 1504
62686 # 1504
62686 # 1504
62687 # 1504
62689 # 1504
62690 # 1504
62691 # 1504
62692 # 1504
62702 # 1504
62702 # 1504
62702 # 1504
62702 # 1504
62703 # 1504
62703 # 1504
62703 # 1504
62704 # 1504
62704 # 1504
62706 # 1504
62707 # 1504
62707 # 1504
62709 # 1504
62710 # 1504
62712 # 1504
62713 # 1504
62715 # 1504
62731 # 1504
62751 # 1504
62753 # 1504
62754 # 1504
62756 # 1504
62758 # 1504
62760 # 1504
62761 # 1504
62764 # 1504
62764 # 1504
62768 # 1504
62768 # 1504
62769 # 1504
62771 # 1504
62772 # 1504
62776 # 1504
62776 # 1504
62777 # 1504
62778 # 1504
62779 # 1504
62781 # 1504
62783 # 1504
62784 # 1504
62785 # 1504
62788 # 1504
62791 # 1504
62791 # 1504
62792 # 1504
62793 # 1504
62795 # 1504
62796 # 1504
62797 # 1504
62799 # 1504
62800 # 1504
62801 # 1504
62804 # 1504
62805 # 1504
62807 # 1504
62808 # 1504
62809 # 1504
62811 # 1504
62812 # 1504
62813 # 1504
62814 # 1504
62816 # 1504
62824 # 1504
62824 # 1504
62824 # 1504
62825 # 1504
62850 # 1504
62852 # 1504
62855 # 1504
62858 # 1504
62860 # 1504
62864 # 1504
62866 # 1504
62867 # 1504
62868 # 1504
62871 # 1504
62874 # 1504
62875 # 1504
62877 # 1504
62882 # 1504
62883 # 1504
62884 # 1504
62884 # 1504
62886 # 1504
62887 # 1504
62888 # 1504
62891 # 1504
62892 # 1504
62894 # 1504
62896 # 1504
62896 # 1504
62897 # 1504
62898 # 1504
62900 # 1504
62901 # 1504
62902 # 1504
62903 # 1504
62904 # 1504
62905 # 1504
62914 # 1504
62930 # 1504
62936 # 1504
62940 # 1504
62944 # 1504
62948 # 1504
62950 # 1504
62953 # 1504
62954 # 1504
62959 # 1504
62961 # 1504
62962 # 1504
62964 # 1504
62966 # 1504
62984 # 1504
62993 # 1504
63000 # 1504
63003 # 1504
63004 # 1504
63004 # 1504
63005 # 1504
63007 # 1504
63009 # 1504
63009 # 1504
63018 # 1504
63018 # 1504
63018 # 1504
63018 # 1504
63018 # 1504
63018 # 1504
63018 # 1504
63026 # 1504
63026 # 1504
63026 # 1504
63026 # 1504
63027 # 1504
63027 # 1504
63027 # 1504
63028 # 1504
63030 # 1504
63032 # 1504
63033 # 1504
63035 # 1504
63036 # 1504
63037 # 1504
63042 # 1504
63055 # 1504
63078 # 1504
63078 # 1504
63080 # 1504
63081 # 1504
63085 # 1504
63086 # 1504
63086 # 1504
63087 # 1504
63088 # 1504
63088 # 1504
63089 # 1504
63090 # 1504
63093 # 1504
63095 # 1504
63096 # 1504
63098 # 1504
63098 # 1504
63098 # 1504
63102 # 1504
63103 # 1504
63104 # 1504
63105 # 1504
63106 # 1504
63106 # 1504
63107 # 1504
63109 # 1504
63112 # 1504
63112 # 1504
63113 # 1504
63114 # 1504
63115 # 1504
63116 # 1504
63117 # 1504
63119 # 1504
63124 # 1504
63124 # 1504
63124 # 1504
63127 # 1504
63135 # 1504
63140 # 1504
63151 # 1504
63152 # 1504
63152 # 1504
