# mahimahi mm-link (Downlink) [/usr/share/mahimahi/traces/Verizon-LTE-short.down] > /home/bradley/pantheon/my_logs/profileA/vegas_mm_acklink_run1.log
# command line: 'mm-link' '/usr/share/mahimahi/traces/Verizon-LTE-short.up' '/usr/share/mahimahi/traces/Verizon-LTE-short.down' '--uplink-log=/home/bradley/pantheon/my_logs/profileA/vegas_mm_datalink_run1.log' '--downlink-log=/home/bradley/pantheon/my_logs/profileA/vegas_mm_acklink_run1.log' 'python' '/home/bradley/pantheon/src/experiments/tunnel_manager.py'
# queue: infinite
# init timestamp: 1744936429546
# base timestamp: 35
35 # 1504
35 # 1504
36 # 1504
36 # 1504
37 # 1504
37 # 1504
37 + 80
37 + 52
37 + 80
38 # 1504
38 - 80 1
38 - 52 1
38 - 80 1
38 # 1504
38 # 1504
38 # 1504
40 # 1504
40 # 1504
41 # 1504
41 # 1504
41 # 1504
42 # 1504
43 # 1504
44 # 1504
44 # 1504
45 # 1504
46 # 1504
46 # 1504
47 # 1504
56 # 1504
56 # 1504
57 # 1504
57 # 1504
57 # 1504
57 # 1504
57 # 1504
58 # 1504
58 # 1504
59 # 1504
67 # 1504
68 # 1504
69 # 1504
70 # 1504
71 # 1504
72 # 1504
72 # 1504
75 # 1504
80 # 1504
80 # 1504
80 + 40
81 # 1504
81 - 40 1
81 # 1504
81 # 1504
81 # 1504
81 # 1504
82 # 1504
84 # 1504
85 # 1504
85 # 1504
87 # 1504
87 # 1504
88 # 1504
89 # 1504
90 # 1504
92 # 1504
92 # 1504
92 # 1504
93 # 1504
94 # 1504
95 # 1504
95 # 1504
96 # 1504
97 # 1504
98 # 1504
98 # 1504
99 # 1504
100 # 1504
101 # 1504
102 # 1504
104 # 1504
105 # 1504
107 # 1504
107 # 1504
111 # 1504
111 # 1504
111 # 1504
111 # 1504
113 # 1504
113 # 1504
113 # 1504
114 # 1504
115 # 1504
116 # 1504
116 # 1504
117 # 1504
118 # 1504
120 # 1504
122 # 1504
123 # 1504
124 # 1504
125 # 1504
126 # 1504
126 # 1504
128 # 1504
128 # 1504
129 # 1504
130 # 1504
130 # 1504
131 # 1504
134 # 1504
136 # 1504
136 # 1504
136 # 1504
137 # 1504
139 # 1504
140 # 1504
141 # 1504
142 # 1504
143 # 1504
143 # 1504
143 # 1504
144 # 1504
146 # 1504
146 # 1504
146 # 1504
148 # 1504
148 # 1504
149 # 1504
151 # 1504
151 # 1504
152 # 1504
152 # 1504
153 # 1504
155 # 1504
155 # 1504
156 # 1504
156 # 1504
157 # 1504
157 # 1504
158 # 1504
158 # 1504
160 # 1504
160 # 1504
160 # 1504
162 # 1504
162 # 1504
163 # 1504
163 # 1504
163 # 1504
166 # 1504
166 # 1504
166 # 1504
168 # 1504
168 # 1504
169 # 1504
169 # 1504
169 # 1504
171 # 1504
171 # 1504
172 # 1504
172 # 1504
173 # 1504
173 # 1504
173 # 1504
175 # 1504
175 # 1504
176 # 1504
176 # 1504
176 # 1504
177 # 1504
186 # 1504
187 # 1504
187 # 1504
187 # 1504
187 # 1504
187 # 1504
187 # 1504
187 # 1504
187 # 1504
191 # 1504
191 # 1504
191 # 1504
191 # 1504
191 # 1504
191 # 1504
191 # 1504
192 # 1504
192 # 1504
192 # 1504
192 # 1504
193 # 1504
193 # 1504
194 # 1504
194 # 1504
196 # 1504
196 # 1504
196 # 1504
197 # 1504
197 # 1504
198 # 1504
199 # 1504
203 # 1504
203 # 1504
203 # 1504
203 # 1504
203 # 1504
204 # 1504
204 # 1504
204 # 1504
206 # 1504
206 # 1504
207 # 1504
207 # 1504
208 # 1504
208 # 1504
208 # 1504
209 # 1504
209 # 1504
210 # 1504
210 # 1504
212 # 1504
212 # 1504
213 # 1504
213 # 1504
213 # 1504
215 # 1504
216 # 1504
216 # 1504
217 # 1504
217 # 1504
218 # 1504
218 # 1504
220 # 1504
220 # 1504
220 # 1504
222 # 1504
222 # 1504
224 # 1504
225 # 1504
225 # 1504
226 # 1504
226 # 1504
235 # 1504
235 # 1504
235 # 1504
235 # 1504
236 # 1504
236 # 1504
236 # 1504
236 # 1504
236 # 1504
236 # 1504
236 # 1504
237 # 1504
237 # 1504
238 # 1504
238 # 1504
239 # 1504
239 # 1504
240 # 1504
240 # 1504
250 # 1504
250 # 1504
250 # 1504
252 # 1504
252 # 1504
252 # 1504
252 # 1504
253 # 1504
253 # 1504
253 # 1504
253 # 1504
253 # 1504
253 # 1504
254 # 1504
255 # 1504
256 # 1504
257 # 1504
257 # 1504
259 # 1504
259 # 1504
259 # 1504
261 # 1504
263 # 1504
263 # 1504
263 # 1504
263 # 1504
263 # 1504
265 # 1504
265 # 1504
265 # 1504
267 # 1504
267 # 1504
267 # 1504
268 # 1504
269 # 1504
270 # 1504
270 # 1504
271 # 1504
272 # 1504
273 # 1504
275 # 1504
275 # 1504
275 # 1504
276 # 1504
276 # 1504
277 # 1504
278 # 1504
278 # 1504
279 # 1504
281 # 1504
282 # 1504
282 # 1504
283 # 1504
284 # 1504
284 # 1504
285 # 1504
287 # 1504
287 # 1504
287 # 1504
288 # 1504
300 # 1504
300 # 1504
300 # 1504
300 # 1504
301 # 1504
301 # 1504
301 # 1504
301 # 1504
301 # 1504
301 # 1504
301 # 1504
301 # 1504
301 # 1504
302 # 1504
302 # 1504
302 # 1504
303 # 1504
303 # 1504
303 # 1504
304 # 1504
306 # 1504
306 # 1504
307 # 1504
307 # 1504
307 # 1504
308 # 1504
309 # 1504
310 # 1504
310 # 1504
312 # 1504
312 # 1504
313 # 1504
313 # 1504
313 # 1504
323 # 1504
324 # 1504
324 # 1504
324 # 1504
326 # 1504
327 # 1504
327 # 1504
328 # 1504
330 # 1504
330 # 1504
330 # 1504
332 # 1504
332 # 1504
333 # 1504
334 # 1504
336 # 1504
336 # 1504
337 # 1504
337 # 1504
337 # 1504
339 # 1504
339 # 1504
340 # 1504
340 # 1504
341 # 1504
343 # 1504
345 # 1504
345 # 1504
346 # 1504
346 # 1504
347 # 1504
347 # 1504
348 # 1504
349 # 1504
351 # 1504
351 # 1504
351 # 1504
352 # 1504
352 # 1504
353 # 1504
354 # 1504
355 # 1504
355 # 1504
356 # 1504
356 # 1504
357 # 1504
357 # 1504
358 # 1504
361 # 1504
361 # 1504
361 # 1504
363 # 1504
364 # 1504
365 # 1504
365 # 1504
375 # 1504
376 # 1504
376 # 1504
376 # 1504
376 # 1504
376 # 1504
376 # 1504
376 # 1504
377 # 1504
377 # 1504
377 # 1504
377 # 1504
377 # 1504
379 # 1504
379 # 1504
379 # 1504
381 # 1504
382 # 1504
382 # 1504
383 # 1504
384 # 1504
385 # 1504
385 # 1504
386 # 1504
387 # 1504
387 # 1504
390 # 1504
390 # 1504
390 # 1504
392 # 1504
392 # 1504
393 # 1504
393 # 1504
393 # 1504
395 # 1504
395 # 1504
396 # 1504
396 # 1504
397 # 1504
398 # 1504
400 # 1504
401 # 1504
401 # 1504
402 # 1504
403 # 1504
403 # 1504
404 # 1504
405 # 1504
406 # 1504
407 # 1504
410 # 1504
410 # 1504
412 # 1504
412 # 1504
412 # 1504
413 # 1504
413 # 1504
414 # 1504
416 # 1504
416 # 1504
416 # 1504
417 # 1504
418 # 1504
420 # 1504
421 # 1504
421 # 1504
423 # 1504
423 # 1504
424 # 1504
427 # 1504
428 # 1504
428 # 1504
435 # 1504
435 # 1504
440 # 1504
440 # 1504
442 # 1504
442 # 1504
442 # 1504
442 # 1504
442 # 1504
442 # 1504
443 # 1504
453 # 1504
453 # 1504
453 # 1504
453 # 1504
454 # 1504
454 # 1504
454 # 1504
454 # 1504
454 # 1504
454 # 1504
454 # 1504
454 # 1504
455 # 1504
455 # 1504
456 # 1504
457 # 1504
457 # 1504
457 # 1504
458 # 1504
466 # 1504
466 # 1504
470 # 1504
470 # 1504
470 # 1504
471 # 1504
471 # 1504
471 # 1504
471 # 1504
471 # 1504
471 # 1504
471 # 1504
471 # 1504
471 # 1504
472 # 1504
472 # 1504
473 # 1504
474 # 1504
475 # 1504
475 # 1504
476 # 1504
478 # 1504
478 # 1504
478 # 1504
479 # 1504
480 # 1504
480 # 1504
481 # 1504
482 # 1504
482 # 1504
484 # 1504
485 # 1504
485 # 1504
485 # 1504
486 # 1504
487 # 1504
487 # 1504
489 # 1504
490 # 1504
492 # 1504
492 # 1504
494 # 1504
495 # 1504
496 # 1504
497 # 1504
501 # 1504
501 # 1504
501 # 1504
511 # 1504
512 # 1504
512 # 1504
512 # 1504
513 # 1504
514 # 1504
515 # 1504
515 # 1504
517 # 1504
517 # 1504
518 # 1504
519 # 1504
520 # 1504
520 # 1504
522 # 1504
522 # 1504
523 # 1504
524 # 1504
524 # 1504
525 # 1504
526 # 1504
528 # 1504
528 # 1504
529 # 1504
530 # 1504
532 # 1504
533 # 1504
533 # 1504
533 # 1504
534 # 1504
536 # 1504
537 # 1504
537 # 1504
537 # 1504
540 # 1504
542 # 1504
542 # 1504
543 # 1504
544 # 1504
546 # 1504
547 # 1504
547 # 1504
548 # 1504
549 # 1504
551 # 1504
552 # 1504
552 # 1504
552 # 1504
553 # 1504
554 # 1504
555 # 1504
555 # 1504
556 # 1504
557 # 1504
557 # 1504
559 # 1504
560 # 1504
562 # 1504
562 # 1504
564 # 1504
564 # 1504
564 + 80
565 # 1504
565 - 80 1
566 # 1504
566 # 1504
567 # 1504
568 # 1504
570 # 1504
571 # 1504
571 # 1504
572 # 1504
573 # 1504
575 # 1504
575 # 1504
575 # 1504
578 # 1504
578 # 1504
578 # 1504
579 # 1504
580 # 1504
580 # 1504
581 # 1504
582 # 1504
583 # 1504
585 # 1504
586 # 1504
587 # 1504
587 # 1504
588 # 1504
588 # 1504
588 # 1504
589 # 1504
590 # 1504
591 # 1504
591 # 1504
592 # 1504
592 # 1504
593 # 1504
593 # 1504
594 # 1504
596 # 1504
596 # 1504
596 # 1504
597 # 1504
598 # 1504
599 # 1504
600 # 1504
601 # 1504
601 # 1504
604 # 1504
605 # 1504
606 # 1504
606 # 1504
608 # 1504
608 # 1504
609 # 1504
610 # 1504
610 # 1504
610 # 1504
611 # 1504
612 # 1504
613 # 1504
613 # 1504
613 # 1504
614 # 1504
615 # 1504
615 # 1504
616 # 1504
618 # 1504
618 # 1504
618 # 1504
619 # 1504
621 # 1504
621 # 1504
629 + 80
630 # 1504
630 - 80 1
630 # 1504
630 # 1504
630 # 1504
631 # 1504
631 # 1504
631 # 1504
631 # 1504
631 # 1504
631 # 1504
631 # 1504
631 # 1504
631 # 1504
631 # 1504
632 # 1504
640 # 1504
640 # 1504
640 # 1504
640 # 1504
640 # 1504
641 # 1504
641 # 1504
641 # 1504
641 # 1504
641 # 1504
641 # 1504
648 # 1504
648 # 1504
648 # 1504
648 # 1504
648 # 1504
649 # 1504
649 # 1504
649 # 1504
651 # 1504
652 # 1504
652 # 1504
653 # 1504
655 # 1504
656 # 1504
665 # 1504
665 # 1504
665 # 1504
668 # 1504
669 # 1504
670 # 1504
670 # 1504
670 # 1504
670 # 1504
670 # 1504
670 # 1504
670 # 1504
670 # 1504
671 # 1504
672 # 1504
672 # 1504
674 # 1504
675 # 1504
676 # 1504
676 # 1504
677 # 1504
678 # 1504
679 # 1504
679 # 1504
681 # 1504
682 # 1504
684 # 1504
684 # 1504
685 # 1504
686 # 1504
687 # 1504
687 # 1504
689 # 1504
690 # 1504
690 # 1504
692 # 1504
693 # 1504
696 # 1504
696 # 1504
696 # 1504
697 # 1504
697 # 1504
699 # 1504
700 # 1504
701 # 1504
703 # 1504
705 # 1504
705 # 1504
705 # 1504
707 # 1504
718 # 1504
718 # 1504
719 # 1504
719 # 1504
719 # 1504
719 # 1504
719 # 1504
719 # 1504
723 # 1504
725 # 1504
725 # 1504
725 # 1504
725 # 1504
726 # 1504
726 # 1504
726 # 1504
726 # 1504
726 # 1504
726 # 1504
726 # 1504
735 # 1504
735 # 1504
735 # 1504
735 # 1504
735 # 1504
736 # 1504
736 # 1504
736 # 1504
746 # 1504
746 # 1504
746 # 1504
746 # 1504
746 # 1504
746 # 1504
746 # 1504
746 # 1504
746 # 1504
747 # 1504
747 # 1504
747 # 1504
747 # 1504
756 # 1504
756 # 1504
756 # 1504
756 # 1504
756 # 1504
756 # 1504
756 # 1504
757 # 1504
757 # 1504
757 # 1504
758 # 1504
760 # 1504
760 # 1504
760 # 1504
762 # 1504
762 # 1504
772 # 1504
772 # 1504
772 # 1504
772 # 1504
772 # 1504
775 # 1504
776 # 1504
776 # 1504
777 # 1504
779 # 1504
780 # 1504
780 # 1504
781 # 1504
781 # 1504
785 # 1504
785 # 1504
800 # 1504
800 # 1504
800 # 1504
800 # 1504
801 # 1504
801 # 1504
801 # 1504
801 # 1504
802 # 1504
802 # 1504
803 # 1504
806 # 1504
806 # 1504
807 # 1504
808 # 1504
809 # 1504
810 # 1504
812 # 1504
812 # 1504
816 # 1504
819 # 1504
820 # 1504
822 # 1504
825 # 1504
825 # 1504
826 # 1504
826 # 1504
827 # 1504
830 # 1504
830 # 1504
835 # 1504
837 # 1504
837 # 1504
839 # 1504
839 # 1504
840 # 1504
841 # 1504
842 # 1504
845 # 1504
845 # 1504
846 # 1504
847 # 1504
848 # 1504
849 # 1504
850 # 1504
852 # 1504
855 # 1504
857 # 1504
858 # 1504
859 # 1504
861 # 1504
863 # 1504
865 # 1504
867 # 1504
880 # 1504
881 # 1504
891 # 1504
901 # 1504
911 # 1504
911 # 1504
916 # 1504
919 # 1504
919 # 1504
920 # 1504
922 # 1504
922 # 1504
923 # 1504
924 # 1504
929 # 1504
929 # 1504
929 # 1504
930 # 1504
931 # 1504
933 # 1504
935 # 1504
936 # 1504
936 # 1504
938 # 1504
939 # 1504
941 # 1504
945 # 1504
945 # 1504
956 # 1504
956 # 1504
956 # 1504
957 # 1504
957 # 1504
957 # 1504
957 # 1504
957 # 1504
957 # 1504
957 # 1504
957 # 1504
958 # 1504
958 # 1504
959 # 1504
968 # 1504
968 # 1504
968 # 1504
968 # 1504
968 # 1504
968 # 1504
968 # 1504
969 # 1504
974 # 1504
976 # 1504
976 # 1504
985 # 1504
985 # 1504
985 # 1504
985 # 1504
985 # 1504
985 # 1504
985 # 1504
986 # 1504
996 # 1504
996 # 1504
996 # 1504
996 # 1504
996 # 1504
996 # 1504
996 # 1504
996 # 1504
996 # 1504
1002 # 1504
1002 # 1504
1003 # 1504
1003 # 1504
1003 # 1504
1003 # 1504
1003 # 1504
1003 # 1504
1003 # 1504
1003 # 1504
1003 # 1504
1004 # 1504
1006 # 1504
1006 # 1504
1006 # 1504
1016 # 1504
1016 # 1504
1016 # 1504
1016 # 1504
1017 # 1504
1017 # 1504
1017 # 1504
1017 # 1504
1017 # 1504
1017 # 1504
1021 # 1504
1021 # 1504
1022 # 1504
1022 # 1504
1023 # 1504
1025 # 1504
1026 # 1504
1026 # 1504
1026 # 1504
1030 # 1504
1030 # 1504
1030 # 1504
1032 # 1504
1033 # 1504
1033 # 1504
1033 # 1504
1045 # 1504
1045 # 1504
1046 # 1504
1046 # 1504
1046 # 1504
1047 # 1504
1047 # 1504
1047 # 1504
1047 # 1504
1048 # 1504
1048 # 1504
1048 # 1504
1048 # 1504
1048 # 1504
1048 # 1504
1048 # 1504
1048 # 1504
1048 # 1504
1049 # 1504
1049 # 1504
1050 # 1504
1050 # 1504
1051 # 1504
1051 # 1504
1054 # 1504
1054 # 1504
1055 # 1504
1055 # 1504
1056 # 1504
1057 # 1504
1057 # 1504
1067 # 1504
1067 # 1504
1067 # 1504
1067 # 1504
1067 # 1504
1067 # 1504
1067 # 1504
1067 # 1504
1067 # 1504
1067 # 1504
1068 # 1504
1068 # 1504
1070 # 1504
1070 # 1504
1071 # 1504
1071 # 1504
1072 # 1504
1072 # 1504
1073 # 1504
1073 # 1504
1074 # 1504
1075 # 1504
1076 # 1504
1077 # 1504
1077 # 1504
1077 # 1504
1078 # 1504
1078 # 1504
1079 # 1504
1082 # 1504
1082 # 1504
1082 # 1504
1083 # 1504
1084 # 1504
1084 # 1504
1085 # 1504
1085 # 1504
1087 # 1504
1088 # 1504
1088 # 1504
1091 # 1504
1092 # 1504
1092 # 1504
1093 # 1504
1095 # 1504
1095 # 1504
1095 # 1504
1096 # 1504
1097 # 1504
1097 # 1504
1098 # 1504
1098 # 1504
1099 # 1504
1102 # 1504
1102 # 1504
1102 # 1504
1103 # 1504
1103 # 1504
1103 # 1504
1104 # 1504
1105 # 1504
1105 # 1504
1106 # 1504
1107 # 1504
1107 # 1504
1107 # 1504
1108 # 1504
1108 # 1504
1110 # 1504
1110 # 1504
1111 # 1504
1111 # 1504
1112 # 1504
1112 # 1504
1113 # 1504
1113 # 1504
1114 # 1504
1115 # 1504
1116 # 1504
1116 # 1504
1117 # 1504
1118 # 1504
1118 # 1504
1119 # 1504
1119 # 1504
1121 # 1504
1121 # 1504
1122 # 1504
1123 # 1504
1123 # 1504
1123 # 1504
1123 # 1504
1124 # 1504
1126 # 1504
1126 # 1504
1127 # 1504
1127 # 1504
1129 # 1504
1131 # 1504
1131 # 1504
1132 # 1504
1132 # 1504
1134 # 1504
1135 # 1504
1135 # 1504
1135 # 1504
1135 # 1504
1137 # 1504
1138 # 1504
1140 # 1504
1140 # 1504
1140 # 1504
1140 # 1504
1142 # 1504
1142 # 1504
1142 # 1504
1143 # 1504
1143 # 1504
1146 # 1504
1146 # 1504
1147 # 1504
1147 # 1504
1147 # 1504
1148 # 1504
1148 # 1504
1148 # 1504
1149 # 1504
1149 # 1504
1150 # 1504
1151 # 1504
1152 # 1504
1152 # 1504
1154 # 1504
1155 # 1504
1156 # 1504
1156 # 1504
1156 # 1504
1157 # 1504
1157 # 1504
1179 # 1504
1179 # 1504
1179 # 1504
1179 # 1504
1180 # 1504
1180 # 1504
1180 # 1504
1180 # 1504
1180 # 1504
1180 # 1504
1180 # 1504
1180 # 1504
1180 # 1504
1180 # 1504
1180 # 1504
1180 # 1504
1181 # 1504
1181 # 1504
1181 # 1504
1181 # 1504
1181 # 1504
1181 # 1504
1181 # 1504
1181 # 1504
1181 # 1504
1181 # 1504
1181 # 1504
1181 # 1504
1181 # 1504
1182 # 1504
1182 # 1504
1182 # 1504
1182 # 1504
1182 # 1504
1184 # 1504
1184 # 1504
1186 # 1504
1187 # 1504
1188 # 1504
1189 # 1504
1189 # 1504
1189 # 1504
1190 # 1504
1190 # 1504
1190 # 1504
1190 # 1504
1192 # 1504
1192 # 1504
1193 # 1504
1193 # 1504
1193 # 1504
1193 # 1504
1194 # 1504
1195 # 1504
1197 # 1504
1197 # 1504
1198 # 1504
1198 # 1504
1199 # 1504
1200 # 1504
1200 # 1504
1201 # 1504
1201 # 1504
1202 # 1504
1202 # 1504
1212 # 1504
1212 # 1504
1212 # 1504
1213 # 1504
1215 # 1504
1215 # 1504
1216 # 1504
1216 # 1504
1217 # 1504
1217 # 1504
1218 # 1504
1218 # 1504
1218 # 1504
1218 # 1504
1218 # 1504
1228 # 1504
1228 # 1504
1231 # 1504
1231 # 1504
1231 # 1504
1232 # 1504
1235 # 1504
1235 # 1504
1235 # 1504
1236 # 1504
1238 # 1504
1238 # 1504
1238 # 1504
1238 # 1504
1239 # 1504
1242 # 1504
1242 # 1504
1243 # 1504
1244 # 1504
1245 # 1504
1246 # 1504
1247 # 1504
1250 # 1504
1250 # 1504
1250 # 1504
1260 # 1504
1260 # 1504
1260 # 1504
1261 # 1504
1261 # 1504
1261 # 1504
1261 # 1504
1261 # 1504
1262 # 1504
1262 # 1504
1265 # 1504
1265 # 1504
1267 # 1504
1267 # 1504
1268 # 1504
1269 # 1504
1269 # 1504
1270 # 1504
1271 # 1504
1272 # 1504
1272 # 1504
1273 # 1504
1274 # 1504
1275 # 1504
1276 # 1504
1277 # 1504
1279 # 1504
1280 # 1504
1280 # 1504
1281 # 1504
1283 # 1504
1284 # 1504
1285 # 1504
1285 # 1504
1286 # 1504
1287 # 1504
1288 # 1504
1288 # 1504
1293 # 1504
1293 # 1504
1294 # 1504
1294 # 1504
1295 # 1504
1296 # 1504
1297 # 1504
1297 # 1504
1297 # 1504
1300 # 1504
1300 # 1504
1300 # 1504
1301 # 1504
1302 # 1504
1303 # 1504
1304 # 1504
1305 # 1504
1305 # 1504
1307 # 1504
1307 # 1504
1307 # 1504
1309 # 1504
1310 # 1504
1310 # 1504
1311 # 1504
1312 # 1504
1313 # 1504
1314 # 1504
1316 # 1504
1316 # 1504
1318 # 1504
1318 # 1504
1319 # 1504
1320 # 1504
1321 # 1504
1321 # 1504
1322 # 1504
1323 # 1504
1323 # 1504
1324 # 1504
1326 # 1504
1326 # 1504
1326 # 1504
1326 # 1504
1328 # 1504
1330 # 1504
1330 # 1504
1330 # 1504
1332 # 1504
1332 # 1504
1341 # 1504
1341 # 1504
1341 # 1504
1341 # 1504
1342 # 1504
1342 # 1504
1342 # 1504
1342 # 1504
1342 # 1504
1342 # 1504
1342 # 1504
1342 # 1504
1342 # 1504
1342 # 1504
1343 # 1504
1344 # 1504
1344 # 1504
1355 # 1504
1355 # 1504
1355 # 1504
1355 # 1504
1355 # 1504
1355 # 1504
1355 # 1504
1360 # 1504
1360 # 1504
1360 # 1504
1360 # 1504
1361 # 1504
1361 # 1504
1361 # 1504
1361 # 1504
1361 # 1504
1361 # 1504
1361 # 1504
1366 # 1504
1366 # 1504
1366 # 1504
1366 # 1504
1366 # 1504
1366 # 1504
1373 # 1504
1373 # 1504
1375 # 1504
1375 # 1504
1376 # 1504
1376 # 1504
1377 # 1504
1377 # 1504
1377 # 1504
1377 # 1504
1377 # 1504
1378 # 1504
1379 # 1504
1380 # 1504
1381 # 1504
1385 # 1504
1385 # 1504
1386 # 1504
1389 # 1504
1390 # 1504
1390 # 1504
1391 # 1504
1394 # 1504
1395 # 1504
1396 # 1504
1397 # 1504
1410 # 1504
1410 # 1504
1410 # 1504
1411 # 1504
1411 # 1504
1411 # 1504
1411 # 1504
1411 # 1504
1411 # 1504
1411 # 1504
1411 # 1504
1414 # 1504
1415 # 1504
1415 # 1504
1416 # 1504
1417 # 1504
1420 # 1504
1422 # 1504
1422 # 1504
1424 # 1504
1425 # 1504
1425 # 1504
1427 # 1504
1430 # 1504
1430 # 1504
1430 # 1504
1431 # 1504
1432 # 1504
1433 # 1504
1434 # 1504
1434 # 1504
1435 # 1504
1436 # 1504
1437 # 1504
1438 # 1504
1439 # 1504
1440 # 1504
1440 # 1504
1441 # 1504
1442 # 1504
1443 # 1504
1444 # 1504
1445 # 1504
1445 # 1504
1446 # 1504
1447 # 1504
1448 # 1504
1448 # 1504
1450 # 1504
1450 # 1504
1451 # 1504
1451 # 1504
1452 # 1504
1455 # 1504
1455 # 1504
1455 # 1504
1456 # 1504
1456 # 1504
1457 # 1504
1458 # 1504
1458 # 1504
1467 # 1504
1467 # 1504
1467 # 1504
1467 # 1504
1467 # 1504
1470 # 1504
1471 # 1504
1471 # 1504
1471 # 1504
1471 # 1504
1471 # 1504
1471 # 1504
1471 # 1504
1471 # 1504
1474 # 1504
1475 # 1504
1486 # 1504
1486 # 1504
1487 # 1504
1490 # 1504
1490 # 1504
1492 # 1504
1493 # 1504
1494 # 1504
1495 # 1504
1495 # 1504
1495 # 1504
1496 # 1504
1496 # 1504
1496 # 1504
1502 # 1504
1502 # 1504
1502 # 1504
1503 # 1504
1507 # 1504
1508 # 1504
1509 # 1504
1510 # 1504
1514 # 1504
1515 # 1504
1517 # 1504
1518 # 1504
1519 # 1504
1521 # 1504
1522 # 1504
1525 # 1504
1526 # 1504
1527 # 1504
1529 # 1504
1530 # 1504
1531 # 1504
1534 # 1504
1535 # 1504
1535 # 1504
1538 # 1504
1539 # 1504
1540 # 1504
1541 # 1504
1542 # 1504
1543 # 1504
1544 # 1504
1546 # 1504
1546 # 1504
1547 # 1504
1549 # 1504
1550 # 1504
1551 # 1504
1553 # 1504
1554 # 1504
1556 # 1504
1559 # 1504
1559 # 1504
1560 # 1504
1560 # 1504
1561 # 1504
1562 # 1504
1564 # 1504
1564 # 1504
1565 # 1504
1566 # 1504
1567 # 1504
1568 # 1504
1569 # 1504
1569 # 1504
1570 # 1504
1572 # 1504
1572 # 1504
1574 # 1504
1575 # 1504
1575 # 1504
1575 # 1504
1576 # 1504
1577 # 1504
1633 # 1504
1637 # 1504
1637 # 1504
1637 # 1504
1638 # 1504
1638 # 1504
1638 # 1504
1638 # 1504
1638 # 1504
1638 # 1504
1638 # 1504
1638 # 1504
1638 # 1504
1638 # 1504
1639 # 1504
1639 # 1504
1639 # 1504
1639 # 1504
1639 # 1504
1639 # 1504
1639 # 1504
1639 # 1504
1639 # 1504
1640 # 1504
1640 # 1504
1640 # 1504
1640 # 1504
1640 # 1504
1640 # 1504
1640 # 1504
1640 # 1504
1640 # 1504
1641 # 1504
1641 # 1504
1641 # 1504
1641 # 1504
1641 # 1504
1641 # 1504
1641 # 1504
1642 # 1504
1642 # 1504
1642 # 1504
1642 # 1504
1642 # 1504
1642 # 1504
1643 # 1504
1643 # 1504
1643 # 1504
1643 # 1504
1643 # 1504
1644 # 1504
1644 # 1504
1644 # 1504
1644 # 1504
1644 # 1504
1644 # 1504
1644 # 1504
1645 # 1504
1645 # 1504
1645 # 1504
1645 # 1504
1645 # 1504
1646 # 1504
1646 # 1504
1646 # 1504
1646 # 1504
1646 # 1504
1646 # 1504
1646 # 1504
1647 # 1504
1647 # 1504
1647 # 1504
1647 # 1504
1647 # 1504
1648 # 1504
1650 # 1504
1651 # 1504
1651 # 1504
1652 # 1504
1653 # 1504
1654 # 1504
1655 # 1504
1657 # 1504
1657 # 1504
1658 # 1504
1660 # 1504
1660 # 1504
1661 # 1504
1661 # 1504
1663 # 1504
1665 # 1504
1665 # 1504
1666 # 1504
1667 # 1504
1669 # 1504
1669 # 1504
1670 # 1504
1674 # 1504
1674 # 1504
1675 # 1504
1675 # 1504
1675 # 1504
1677 # 1504
1687 # 1504
1691 # 1504
1691 # 1504
1691 # 1504
1691 # 1504
1695 # 1504
1695 # 1504
1698 # 1504
1699 # 1504
1699 # 1504
1706 # 1504
1716 # 1504
1716 # 1504
1716 # 1504
1717 # 1504
1717 # 1504
1717 # 1504
1717 # 1504
1717 # 1504
1720 # 1504
1720 # 1504
1721 # 1504
1722 # 1504
1724 # 1504
1725 # 1504
1728 # 1504
1730 # 1504
1731 # 1504
1732 # 1504
1736 # 1504
1739 # 1504
1741 # 1504
1744 # 1504
1745 # 1504
1747 # 1504
1749 # 1504
1752 # 1504
1752 # 1504
1755 # 1504
1758 # 1504
1760 # 1504
1761 # 1504
1763 # 1504
1767 # 1504
1767 # 1504
1770 # 1504
1771 # 1504
1776 # 1504
1776 # 1504
1777 # 1504
1779 # 1504
1780 # 1504
1784 # 1504
1785 # 1504
1787 # 1504
1788 # 1504
1789 # 1504
1791 # 1504
1791 # 1504
1792 # 1504
1792 # 1504
1793 # 1504
1795 # 1504
1798 # 1504
1799 # 1504
1800 # 1504
1801 # 1504
1802 # 1504
1803 # 1504
1803 # 1504
1804 # 1504
1805 # 1504
1806 # 1504
1806 # 1504
1807 # 1504
1808 # 1504
1809 # 1504
1810 # 1504
1812 # 1504
1812 # 1504
1812 # 1504
1813 # 1504
1814 # 1504
1815 # 1504
1816 # 1504
1816 # 1504
1817 # 1504
1818 # 1504
1827 # 1504
1831 # 1504
1832 # 1504
1832 # 1504
1832 # 1504
1832 # 1504
1832 # 1504
1832 # 1504
1838 # 1504
1838 # 1504
1838 # 1504
1838 # 1504
1838 # 1504
1838 # 1504
1848 # 1504
1848 # 1504
1848 # 1504
1848 # 1504
1848 # 1504
1848 # 1504
1849 # 1504
1850 # 1504
1851 # 1504
1853 # 1504
1854 # 1504
1862 # 1504
1865 # 1504
1865 # 1504
1865 # 1504
1865 # 1504
1865 # 1504
1865 # 1504
1865 # 1504
1868 # 1504
1868 # 1504
1870 # 1504
1874 # 1504
1874 # 1504
1876 # 1504
1881 # 1504
1882 # 1504
1884 # 1504
1886 # 1504
1887 # 1504
1888 # 1504
1889 # 1504
1890 # 1504
1892 # 1504
1892 # 1504
1893 # 1504
1894 # 1504
1895 # 1504
1896 # 1504
1897 # 1504
1898 # 1504
1900 # 1504
1900 # 1504
1900 # 1504
1902 # 1504
1912 # 1504
1912 # 1504
1925 # 1504
1931 # 1504
1933 # 1504
1935 # 1504
1940 # 1504
1941 # 1504
1943 # 1504
1944 # 1504
1945 # 1504
1948 # 1504
1948 # 1504
1949 # 1504
1950 # 1504
1951 # 1504
1956 # 1504
1956 # 1504
1957 # 1504
1959 # 1504
1960 # 1504
1962 # 1504
1962 # 1504
1965 # 1504
1965 # 1504
1968 # 1504
1968 # 1504
1970 # 1504
1972 # 1504
1974 # 1504
1980 # 1504
1982 # 1504
1982 # 1504
1983 # 1504
1984 # 1504
1986 # 1504
1989 # 1504
1995 # 1504
2001 # 1504
2012 # 1504
2015 # 1504
2017 # 1504
2017 # 1504
2017 # 1504
2017 # 1504
2017 # 1504
2019 # 1504
2022 # 1504
2022 # 1504
2023 # 1504
2025 # 1504
2026 # 1504
2026 # 1504
2029 # 1504
2031 # 1504
2040 # 1504
2041 # 1504
2046 # 1504
2047 # 1504
2049 # 1504
2050 # 1504
2051 # 1504
2053 # 1504
2054 # 1504
2055 # 1504
2057 # 1504
2058 # 1504
2059 # 1504
2060 # 1504
2061 # 1504
2065 # 1504
2068 # 1504
2068 # 1504
2070 # 1504
2071 # 1504
2073 # 1504
2075 # 1504
2076 # 1504
2077 # 1504
2078 # 1504
2082 # 1504
2082 # 1504
2084 # 1504
2086 # 1504
2090 # 1504
2094 # 1504
2095 # 1504
2096 # 1504
2097 # 1504
2098 # 1504
2100 # 1504
2100 # 1504
2101 # 1504
2103 # 1504
2104 # 1504
2106 # 1504
2106 # 1504
2106 # 1504
2107 # 1504
2108 # 1504
2109 # 1504
2110 # 1504
2110 # 1504
2112 # 1504
2113 # 1504
2115 # 1504
2115 # 1504
2116 # 1504
2118 # 1504
2118 # 1504
2118 # 1504
2119 # 1504
2120 # 1504
2122 # 1504
2122 # 1504
2122 # 1504
2123 # 1504
2124 # 1504
2125 # 1504
2126 # 1504
2126 # 1504
2127 # 1504
2128 # 1504
2129 # 1504
2130 # 1504
2131 # 1504
2133 # 1504
2134 # 1504
2135 # 1504
2140 # 1504
2140 # 1504
2140 # 1504
2140 # 1504
2141 # 1504
2141 # 1504
2142 # 1504
2143 # 1504
2143 # 1504
2143 # 1504
2144 # 1504
2145 # 1504
2146 # 1504
2146 # 1504
2147 # 1504
2147 # 1504
2148 # 1504
2149 # 1504
2149 # 1504
2150 # 1504
2151 # 1504
2152 # 1504
2153 # 1504
2153 # 1504
2154 # 1504
2155 # 1504
2155 # 1504
2156 # 1504
2157 # 1504
2157 # 1504
2169 # 1504
2169 # 1504
2172 # 1504
2173 # 1504
2173 # 1504
2173 # 1504
2173 # 1504
2173 # 1504
2173 # 1504
2173 # 1504
2173 # 1504
2174 # 1504
2175 # 1504
2175 # 1504
2177 # 1504
2178 # 1504
2179 # 1504
2179 # 1504
2180 # 1504
2182 # 1504
2182 # 1504
2183 # 1504
2185 # 1504
2186 # 1504
2187 # 1504
2187 # 1504
2188 # 1504
2189 # 1504
2190 # 1504
2192 # 1504
2192 # 1504
2193 # 1504
2194 # 1504
2195 # 1504
2196 # 1504
2198 # 1504
2198 # 1504
2198 # 1504
2199 # 1504
2200 # 1504
2200 # 1504
2201 # 1504
2203 # 1504
2204 # 1504
2205 # 1504
2206 # 1504
2206 # 1504
2207 # 1504
2209 # 1504
2210 # 1504
2210 # 1504
2211 # 1504
2213 # 1504
2214 # 1504
2214 # 1504
2215 # 1504
2216 # 1504
2217 # 1504
2217 # 1504
2218 # 1504
2219 # 1504
2221 # 1504
2223 # 1504
2224 # 1504
2226 # 1504
2226 # 1504
2226 # 1504
2227 # 1504
2228 # 1504
2229 # 1504
2229 # 1504
2230 # 1504
2231 # 1504
2233 # 1504
2234 # 1504
2246 # 1504
2246 # 1504
2246 # 1504
2246 # 1504
2246 # 1504
2246 # 1504
2246 # 1504
2246 # 1504
2246 # 1504
2254 # 1504
2254 # 1504
2254 # 1504
2254 # 1504
2254 # 1504
2254 # 1504
2257 # 1504
2257 # 1504
2257 # 1504
2259 # 1504
2259 # 1504
2261 # 1504
2262 # 1504
2262 # 1504
2262 # 1504
2264 # 1504
2265 # 1504
2266 # 1504
2267 # 1504
2267 # 1504
2269 # 1504
2270 # 1504
2271 # 1504
2271 # 1504
2272 # 1504
2273 # 1504
2275 # 1504
2286 # 1504
2286 # 1504
2286 # 1504
2286 # 1504
2286 # 1504
2286 # 1504
2286 # 1504
2286 # 1504
2286 # 1504
2286 # 1504
2295 # 1504
2295 # 1504
2295 # 1504
2295 # 1504
2297 # 1504
2297 # 1504
2297 # 1504
2297 # 1504
2300 # 1504
2301 # 1504
2301 # 1504
2301 # 1504
2307 # 1504
2311 # 1504
2313 # 1504
2313 # 1504
2314 # 1504
2316 # 1504
2316 # 1504
2320 # 1504
2322 # 1504
2323 # 1504
2336 # 1504
2336 # 1504
2336 # 1504
2336 # 1504
2336 # 1504
2340 # 1504
2342 # 1504
2346 # 1504
2347 # 1504
2349 # 1504
2351 # 1504
2353 # 1504
2354 # 1504
2355 # 1504
2357 # 1504
2359 # 1504
2361 # 1504
2364 # 1504
2365 # 1504
2376 # 1504
2376 # 1504
2377 # 1504
2377 # 1504
2382 # 1504
2382 # 1504
2387 # 1504
2387 # 1504
2387 # 1504
2387 # 1504
2388 # 1504
2388 # 1504
2388 # 1504
2389 # 1504
2408 # 1504
2409 # 1504
2409 # 1504
2409 # 1504
2409 # 1504
2409 # 1504
2409 # 1504
2410 # 1504
2410 # 1504
2410 # 1504
2410 # 1504
2410 # 1504
2410 # 1504
2410 # 1504
2412 # 1504
2414 # 1504
2417 # 1504
2419 # 1504
2421 # 1504
2426 # 1504
2429 # 1504
2429 # 1504
2432 # 1504
2434 # 1504
2435 # 1504
2437 # 1504
2439 # 1504
2441 # 1504
2443 # 1504
2445 # 1504
2447 # 1504
2449 # 1504
2450 # 1504
2453 # 1504
2455 # 1504
2456 # 1504
2458 # 1504
2461 # 1504
2462 # 1504
2464 # 1504
2464 # 1504
2467 # 1504
2471 # 1504
2471 # 1504
2472 # 1504
2473 # 1504
2475 # 1504
2477 # 1504
2479 # 1504
2482 # 1504
2482 # 1504
2484 # 1504
2487 # 1504
2487 # 1504
2488 # 1504
2489 # 1504
2490 # 1504
2491 # 1504
2492 # 1504
2494 # 1504
2494 # 1504
2495 # 1504
2496 # 1504
2497 # 1504
2502 # 1504
2502 # 1504
2503 # 1504
2503 # 1504
2504 # 1504
2505 # 1504
2506 # 1504
2507 # 1504
2509 # 1504
2509 # 1504
2510 # 1504
2511 # 1504
2513 # 1504
2514 # 1504
2514 # 1504
2515 # 1504
2517 # 1504
2517 # 1504
2518 # 1504
2519 # 1504
2519 # 1504
2520 # 1504
2521 # 1504
2523 # 1504
2525 # 1504
2526 # 1504
2526 # 1504
2526 # 1504
2527 # 1504
2528 # 1504
2528 # 1504
2538 # 1504
2538 # 1504
2538 # 1504
2539 # 1504
2539 # 1504
2539 # 1504
2539 # 1504
2539 # 1504
2540 # 1504
2540 # 1504
2540 # 1504
2540 # 1504
2545 # 1504
2545 # 1504
2545 # 1504
2545 # 1504
2546 # 1504
2546 # 1504
2546 # 1504
2546 # 1504
2546 # 1504
2552 # 1504
2553 # 1504
2553 # 1504
2553 # 1504
2553 # 1504
2553 # 1504
2553 # 1504
2554 # 1504
2554 # 1504
2554 # 1504
2554 # 1504
2554 # 1504
2554 # 1504
2554 # 1504
2555 # 1504
2555 # 1504
2565 # 1504
2565 # 1504
2565 # 1504
2565 # 1504
2565 # 1504
2566 # 1504
2566 # 1504
2566 # 1504
2572 # 1504
2572 # 1504
2573 # 1504
2573 # 1504
2577 # 1504
2577 # 1504
2578 # 1504
2578 # 1504
2578 # 1504
2578 # 1504
2579 # 1504
2581 # 1504
2583 # 1504
2584 # 1504
2586 # 1504
2588 # 1504
2589 # 1504
2591 # 1504
2593 # 1504
2596 # 1504
2596 # 1504
2598 # 1504
2599 # 1504
2601 # 1504
2605 # 1504
2606 # 1504
2607 # 1504
2609 # 1504
2611 # 1504
2614 # 1504
2615 # 1504
2617 # 1504
2619 # 1504
2622 # 1504
2624 # 1504
2626 # 1504
2627 # 1504
2628 # 1504
2630 # 1504
2631 # 1504
2635 # 1504
2637 # 1504
2637 # 1504
2639 # 1504
2642 # 1504
2642 # 1504
2644 # 1504
2645 # 1504
2647 # 1504
2650 # 1504
2650 # 1504
2652 # 1504
2652 # 1504
2653 # 1504
2654 # 1504
2655 # 1504
2656 # 1504
2657 # 1504
2660 # 1504
2660 # 1504
2661 # 1504
2664 # 1504
2664 # 1504
2665 # 1504
2666 # 1504
2667 # 1504
2669 # 1504
2670 # 1504
2670 # 1504
2672 # 1504
2674 # 1504
2674 # 1504
2675 # 1504
2678 # 1504
2678 # 1504
2679 # 1504
2680 # 1504
2681 # 1504
2682 # 1504
2683 # 1504
2684 # 1504
2685 # 1504
2687 # 1504
2688 # 1504
2690 # 1504
2690 # 1504
2690 # 1504
2692 # 1504
2692 # 1504
2693 # 1504
2693 # 1504
2694 # 1504
2695 # 1504
2696 # 1504
2696 # 1504
2697 # 1504
2698 # 1504
2709 # 1504
2709 # 1504
2711 # 1504
2711 # 1504
2711 # 1504
2711 # 1504
2712 # 1504
2713 # 1504
2713 # 1504
2713 # 1504
2713 # 1504
2713 # 1504
2713 # 1504
2714 # 1504
2715 # 1504
2715 # 1504
2715 # 1504
2717 # 1504
2726 # 1504
2726 # 1504
2726 # 1504
2730 # 1504
2730 # 1504
2731 # 1504
2731 # 1504
2731 # 1504
2731 # 1504
2731 # 1504
2731 # 1504
2731 # 1504
2731 # 1504
2734 # 1504
2736 # 1504
2737 # 1504
2739 # 1504
2741 # 1504
2744 # 1504
2745 # 1504
2747 # 1504
2748 # 1504
2749 # 1504
2752 # 1504
2752 # 1504
2754 # 1504
2754 # 1504
2756 # 1504
2758 # 1504
2758 # 1504
2759 # 1504
2760 # 1504
2760 # 1504
2764 # 1504
2764 # 1504
2765 # 1504
2765 # 1504
2767 # 1504
2767 # 1504
2768 # 1504
2769 # 1504
2770 # 1504
2771 # 1504
2771 # 1504
2773 # 1504
2783 # 1504
2783 # 1504
2783 # 1504
2783 # 1504
2783 # 1504
2783 # 1504
2783 # 1504
2791 # 1504
2791 # 1504
2791 # 1504
2791 # 1504
2792 # 1504
2792 # 1504
2792 # 1504
2792 # 1504
2792 # 1504
2792 # 1504
2793 # 1504
2794 # 1504
2795 # 1504
2795 # 1504
2796 # 1504
2798 # 1504
2798 # 1504
2799 # 1504
2800 # 1504
2800 # 1504
2801 # 1504
2803 # 1504
2803 # 1504
2804 # 1504
2804 # 1504
2805 # 1504
2806 # 1504
2807 # 1504
2808 # 1504
2809 # 1504
2810 # 1504
2812 # 1504
2814 # 1504
2815 # 1504
2816 # 1504
2816 # 1504
2817 # 1504
2819 # 1504
2820 # 1504
2820 # 1504
2821 # 1504
2822 # 1504
2823 # 1504
2824 # 1504
2828 # 1504
2828 # 1504
2829 # 1504
2830 # 1504
2831 # 1504
2831 # 1504
2831 # 1504
2833 # 1504
2836 # 1504
2837 # 1504
2837 # 1504
2837 # 1504
2837 # 1504
2838 # 1504
2839 # 1504
2839 # 1504
2840 # 1504
2841 # 1504
2844 # 1504
2844 # 1504
2845 # 1504
2845 # 1504
2845 # 1504
2846 # 1504
2847 # 1504
2848 # 1504
2848 # 1504
2848 # 1504
2858 # 1504
2858 # 1504
2858 # 1504
2858 # 1504
2858 # 1504
2859 # 1504
2859 # 1504
2859 # 1504
2859 # 1504
2859 # 1504
2859 # 1504
2859 # 1504
2859 # 1504
2860 # 1504
2860 # 1504
2861 # 1504
2861 # 1504
2862 # 1504
2873 # 1504
2873 # 1504
2873 # 1504
2873 # 1504
2873 # 1504
2874 # 1504
2874 # 1504
2874 # 1504
2874 # 1504
2874 # 1504
2874 # 1504
2874 # 1504
2877 # 1504
2877 # 1504
2877 # 1504
2878 # 1504
2879 # 1504
2880 # 1504
2881 # 1504
2890 # 1504
2890 # 1504
2890 # 1504
2890 # 1504
2890 # 1504
2890 # 1504
2890 # 1504
2890 # 1504
2896 # 1504
2897 # 1504
2898 # 1504
2898 # 1504
2899 # 1504
2901 # 1504
2901 # 1504
2902 # 1504
2902 # 1504
2905 # 1504
2905 # 1504
2906 # 1504
2906 # 1504
2906 # 1504
2906 # 1504
2907 # 1504
2908 # 1504
2909 # 1504
2910 # 1504
2911 # 1504
2912 # 1504
2913 # 1504
2913 # 1504
2914 # 1504
2916 # 1504
2916 # 1504
2917 # 1504
2918 # 1504
2919 # 1504
2920 # 1504
2921 # 1504
2921 # 1504
2923 # 1504
2925 # 1504
2926 # 1504
2930 # 1504
2930 # 1504
2931 # 1504
2932 # 1504
2934 # 1504
2934 # 1504
2935 # 1504
2956 # 1504
2970 # 1504
2971 # 1504
2989 # 1504
2991 # 1504
2998 # 1504
2998 # 1504
2999 # 1504
2999 # 1504
3002 # 1504
3004 # 1504
3009 # 1504
3009 # 1504
3021 # 1504
3021 # 1504
3021 # 1504
3021 # 1504
3021 # 1504
3026 # 1504
3026 # 1504
3026 # 1504
3029 # 1504
3029 # 1504
3032 # 1504
3036 # 1504
3036 # 1504
3038 # 1504
3038 # 1504
3046 # 1504
3046 # 1504
3048 # 1504
3049 # 1504
3049 # 1504
3051 # 1504
3052 # 1504
3053 # 1504
3053 # 1504
3053 # 1504
3056 # 1504
3056 # 1504
3057 # 1504
3057 # 1504
3058 # 1504
3060 # 1504
3061 # 1504
3062 # 1504
3063 # 1504
3065 # 1504
3066 # 1504
3066 # 1504
3068 # 1504
3068 # 1504
3069 # 1504
3070 # 1504
3072 # 1504
3072 # 1504
3072 # 1504
3072 # 1504
3073 # 1504
3075 # 1504
3075 # 1504
3075 # 1504
3078 # 1504
3078 # 1504
3079 # 1504
3081 # 1504
3081 # 1504
3081 # 1504
3083 # 1504
3083 # 1504
3084 # 1504
3085 # 1504
3087 # 1504
3087 # 1504
3096 # 1504
3098 # 1504
3098 # 1504
3100 # 1504
3100 # 1504
3100 # 1504
3100 # 1504
3100 # 1504
3100 # 1504
3100 # 1504
3101 # 1504
3111 # 1504
3115 # 1504
3115 # 1504
3115 # 1504
3115 # 1504
3115 # 1504
3115 # 1504
3116 # 1504
3116 # 1504
3116 # 1504
3116 # 1504
3116 # 1504
3116 # 1504
3116 # 1504
3118 # 1504
3119 # 1504
3119 # 1504
3120 # 1504
3120 # 1504
3121 # 1504
3121 # 1504
3121 # 1504
3122 # 1504
3123 # 1504
3126 # 1504
3126 # 1504
3130 # 1504
3136 # 1504
3143 # 1504
3154 # 1504
3158 # 1504
3158 # 1504
3159 # 1504
3159 # 1504
3160 # 1504
3163 # 1504
3164 # 1504
3166 # 1504
3168 # 1504
3169 # 1504
3171 # 1504
3173 # 1504
3175 # 1504
3177 # 1504
3178 # 1504
3180 # 1504
3183 # 1504
3186 # 1504
3187 # 1504
3189 # 1504
3190 # 1504
3195 # 1504
3197 # 1504
3198 # 1504
3200 # 1504
3201 # 1504
3204 # 1504
3205 # 1504
3208 # 1504
3209 # 1504
3210 # 1504
3212 # 1504
3212 # 1504
3213 # 1504
3214 # 1504
3215 # 1504
3216 # 1504
3219 # 1504
3219 # 1504
3220 # 1504
3220 # 1504
3221 # 1504
3223 # 1504
3224 # 1504
3225 # 1504
3226 # 1504
3230 # 1504
3231 # 1504
3236 # 1504
3237 # 1504
3238 # 1504
3239 # 1504
3241 # 1504
3244 # 1504
3244 # 1504
3246 # 1504
3248 # 1504
3249 # 1504
3250 # 1504
3250 # 1504
3251 # 1504
3252 # 1504
3253 # 1504
3255 # 1504
3257 # 1504
3257 # 1504
3260 # 1504
3260 # 1504
3262 # 1504
3262 # 1504
3265 # 1504
3265 # 1504
3267 # 1504
3268 # 1504
3269 # 1504
3269 # 1504
3270 # 1504
3271 # 1504
3273 # 1504
3276 # 1504
3276 # 1504
3276 # 1504
3277 # 1504
3279 # 1504
3280 # 1504
3282 # 1504
3282 # 1504
3283 # 1504
3284 # 1504
3285 # 1504
3286 # 1504
3287 # 1504
3287 # 1504
3288 # 1504
3290 # 1504
3290 # 1504
3290 # 1504
3292 # 1504
3292 # 1504
3293 # 1504
3295 # 1504
3295 # 1504
3296 # 1504
3297 # 1504
3297 # 1504
3297 # 1504
3300 # 1504
3300 # 1504
3300 # 1504
3300 # 1504
3302 # 1504
3307 # 1504
3307 # 1504
3307 # 1504
3307 # 1504
3307 # 1504
3307 # 1504
3308 # 1504
3308 # 1504
3308 # 1504
3310 # 1504
3311 # 1504
3311 # 1504
3312 # 1504
3312 # 1504
3312 # 1504
3313 # 1504
3314 # 1504
3315 # 1504
3316 # 1504
3316 # 1504
3316 # 1504
3318 # 1504
3318 # 1504
3320 # 1504
3320 # 1504
3320 # 1504
3322 # 1504
3322 # 1504
3323 # 1504
3325 # 1504
3325 # 1504
3325 # 1504
3327 # 1504
3327 # 1504
3329 # 1504
3330 # 1504
3331 # 1504
3332 # 1504
3332 # 1504
3332 # 1504
3334 # 1504
3336 # 1504
3336 # 1504
3337 # 1504
3337 # 1504
3337 # 1504
3340 # 1504
3340 # 1504
3340 # 1504
3344 # 1504
3344 # 1504
3345 # 1504
3346 # 1504
3346 # 1504
3346 # 1504
3356 # 1504
3357 # 1504
3360 # 1504
3361 # 1504
3361 # 1504
3361 # 1504
3362 # 1504
3362 # 1504
3363 # 1504
3363 # 1504
3365 # 1504
3365 # 1504
3365 # 1504
3366 # 1504
3368 # 1504
3369 # 1504
3369 # 1504
3370 # 1504
3372 # 1504
3373 # 1504
3378 # 1504
3379 # 1504
3382 # 1504
3385 # 1504
3386 # 1504
3387 # 1504
3388 # 1504
3390 # 1504
3391 # 1504
3393 # 1504
3395 # 1504
3396 # 1504
3396 # 1504
3397 # 1504
3398 # 1504
3400 # 1504
3404 # 1504
3404 # 1504
3404 # 1504
3405 # 1504
3405 # 1504
3406 # 1504
3407 # 1504
3410 # 1504
3412 # 1504
3413 # 1504
3414 # 1504
3415 # 1504
3419 # 1504
3420 # 1504
3421 # 1504
3423 # 1504
3423 # 1504
3424 # 1504
3425 # 1504
3426 # 1504
3427 # 1504
3431 # 1504
3432 # 1504
3433 # 1504
3434 # 1504
3435 # 1504
3436 # 1504
3437 # 1504
3495 # 1504
3495 # 1504
3495 # 1504
3495 # 1504
3495 # 1504
3495 # 1504
3495 # 1504
3495 # 1504
3495 # 1504
3496 # 1504
3496 # 1504
3496 # 1504
3496 # 1504
3496 # 1504
3496 # 1504
3496 # 1504
3496 # 1504
3496 # 1504
3496 # 1504
3496 # 1504
3496 # 1504
3496 # 1504
3497 # 1504
3497 # 1504
3497 # 1504
3497 # 1504
3497 # 1504
3497 # 1504
3497 # 1504
3497 # 1504
3497 # 1504
3497 # 1504
3497 # 1504
3497 # 1504
3497 # 1504
3498 # 1504
3498 # 1504
3498 # 1504
3498 # 1504
3498 # 1504
3498 # 1504
3498 # 1504
3498 # 1504
3498 # 1504
3498 # 1504
3498 # 1504
3498 # 1504
3498 # 1504
3498 # 1504
3499 # 1504
3499 # 1504
3499 # 1504
3499 # 1504
3500 # 1504
3501 # 1504
3503 # 1504
3504 # 1504
3506 # 1504
3507 # 1504
3509 # 1504
3509 # 1504
3510 # 1504
3511 # 1504
3512 # 1504
3513 # 1504
3514 # 1504
3515 # 1504
3515 # 1504
3516 # 1504
3517 # 1504
3518 # 1504
3519 # 1504
3520 # 1504
3520 # 1504
3521 # 1504
3523 # 1504
3524 # 1504
3525 # 1504
3526 # 1504
3527 # 1504
3528 # 1504
3529 # 1504
3530 # 1504
3530 # 1504
3532 # 1504
3532 # 1504
3533 # 1504
3535 # 1504
3535 # 1504
3536 # 1504
3536 # 1504
3538 # 1504
3540 # 1504
3540 # 1504
3540 # 1504
3542 # 1504
3543 # 1504
3545 # 1504
3545 # 1504
3545 # 1504
3546 # 1504
3548 # 1504
3548 # 1504
3550 # 1504
3551 # 1504
3551 # 1504
3552 # 1504
3554 # 1504
3554 # 1504
3554 # 1504
3556 # 1504
3556 # 1504
3557 # 1504
3557 # 1504
3557 # 1504
3559 # 1504
3568 # 1504
3568 # 1504
3568 # 1504
3568 # 1504
3569 # 1504
3573 # 1504
3573 # 1504
3573 # 1504
3575 # 1504
3576 # 1504
3576 # 1504
3576 # 1504
3576 # 1504
3576 # 1504
3577 # 1504
3577 # 1504
3577 # 1504
3577 # 1504
3577 # 1504
3577 # 1504
3577 # 1504
3579 # 1504
3580 # 1504
3580 # 1504
3581 # 1504
3581 # 1504
3581 # 1504
3582 # 1504
3583 # 1504
3583 # 1504
3584 # 1504
3585 # 1504
3586 # 1504
3587 # 1504
3587 # 1504
3587 # 1504
3591 # 1504
3593 # 1504
3593 # 1504
3596 # 1504
3596 # 1504
3597 # 1504
3599 # 1504
3600 # 1504
3604 # 1504
3606 # 1504
3608 # 1504
3609 # 1504
3609 # 1504
3611 # 1504
3612 # 1504
3613 # 1504
3616 # 1504
3617 # 1504
3617 # 1504
3619 # 1504
3619 # 1504
3620 # 1504
3621 # 1504
3623 # 1504
3624 # 1504
3625 # 1504
3628 # 1504
3628 # 1504
3629 # 1504
3629 # 1504
3630 # 1504
3631 # 1504
3634 # 1504
3635 # 1504
3635 # 1504
3637 # 1504
3637 # 1504
3637 # 1504
3639 # 1504
3641 # 1504
3642 # 1504
3642 # 1504
3653 # 1504
3656 # 1504
3656 # 1504
3656 # 1504
3656 # 1504
3656 # 1504
3656 # 1504
3656 # 1504
3657 # 1504
3660 # 1504
3660 # 1504
3660 # 1504
3661 # 1504
3666 # 1504
3666 # 1504
3666 # 1504
3668 # 1504
3668 # 1504
3669 # 1504
3672 # 1504
3672 # 1504
3672 # 1504
3673 # 1504
3676 # 1504
3679 # 1504
3682 # 1504
3683 # 1504
3687 # 1504
3689 # 1504
3691 # 1504
3694 # 1504
3697 # 1504
3699 # 1504
3702 # 1504
3704 # 1504
3707 # 1504
3707 # 1504
3711 # 1504
3713 # 1504
3716 # 1504
3718 # 1504
3721 # 1504
3723 # 1504
3727 # 1504
3730 # 1504
3733 # 1504
3734 # 1504
3736 # 1504
3737 # 1504
3739 # 1504
3741 # 1504
3745 # 1504
3749 # 1504
3749 # 1504
3754 # 1504
3755 # 1504
3756 # 1504
3759 # 1504
3761 # 1504
3762 # 1504
3766 # 1504
3766 # 1504
3769 # 1504
3771 # 1504
3773 # 1504
3775 # 1504
3777 # 1504
3779 # 1504
3781 # 1504
3783 # 1504
3786 # 1504
3787 # 1504
3791 # 1504
3793 # 1504
3795 # 1504
3798 # 1504
3800 # 1504
3802 # 1504
3804 # 1504
3809 # 1504
3810 # 1504
3812 # 1504
3814 # 1504
3816 # 1504
3832 # 1504
3855 # 1504
3857 # 1504
3859 # 1504
3861 # 1504
3863 # 1504
3864 # 1504
3866 # 1504
3868 # 1504
3869 # 1504
3870 # 1504
3873 # 1504
3874 # 1504
3875 # 1504
3877 # 1504
3878 # 1504
3880 # 1504
3881 # 1504
3884 # 1504
3885 # 1504
3888 # 1504
3888 # 1504
3889 # 1504
3891 # 1504
3892 # 1504
3892 + 52
3894 # 1504
3894 - 52 2
3895 # 1504
3896 # 1504
3896 # 1504
3897 # 1504
3899 # 1504
3899 # 1504
3900 # 1504
3901 # 1504
3904 # 1504
3905 # 1504
3906 # 1504
3907 # 1504
3910 # 1504
3910 # 1504
3912 # 1504
3913 # 1504
3914 # 1504
3915 # 1504
3916 # 1504
3917 # 1504
3918 # 1504
3919 # 1504
3920 # 1504
3922 # 1504
3923 # 1504
3924 # 1504
3926 # 1504
3926 # 1504
3928 # 1504
3928 # 1504
3928 # 1504
3938 # 1504
3938 # 1504
3938 # 1504
3938 # 1504
3938 # 1504
3938 # 1504
3939 # 1504
3939 # 1504
3939 # 1504
3939 # 1504
3940 # 1504
3940 # 1504
3940 # 1504
3941 # 1504
3943 # 1504
3944 # 1504
3944 # 1504
3945 # 1504
3946 # 1504
3948 # 1504
3951 # 1504
3956 # 1504
3956 # 1504
3958 # 1504
3960 # 1504
3964 # 1504
3967 # 1504
3968 # 1504
3978 # 1504
3987 # 1504
4010 # 1504
4028 # 1504
4030 # 1504
4032 # 1504
4033 # 1504
4035 # 1504
4040 # 1504
4042 # 1504
4046 # 1504
4048 # 1504
4048 # 1504
4050 # 1504
4052 # 1504
4053 # 1504
4056 # 1504
4056 # 1504
4057 # 1504
4058 # 1504
4062 # 1504
4064 # 1504
4064 # 1504
4065 # 1504
4068 # 1504
4068 # 1504
4069 # 1504
4070 # 1504
4072 # 1504
4074 # 1504
4074 # 1504
4075 # 1504
4078 # 1504
4080 # 1504
4080 # 1504
4082 # 1504
4082 # 1504
4083 # 1504
4084 # 1504
4087 # 1504
4090 # 1504
4090 # 1504
4092 # 1504
4092 # 1504
4095 # 1504
4095 # 1504
4100 # 1504
4100 # 1504
4101 # 1504
4103 # 1504
4106 # 1504
4106 # 1504
4116 # 1504
4116 # 1504
4117 # 1504
4117 # 1504
4117 # 1504
4121 # 1504
4122 # 1504
4122 # 1504
4122 # 1504
4122 # 1504
4122 # 1504
4128 # 1504
4128 # 1504
4128 # 1504
4130 # 1504
4135 # 1504
4136 # 1504
4166 # 1504
4171 # 1504
4177 # 1504
4180 # 1504
4182 # 1504
4184 # 1504
4187 # 1504
4189 # 1504
4192 # 1504
4193 # 1504
4195 # 1504
4197 # 1504
4199 # 1504
4201 # 1504
4205 # 1504
4207 # 1504
4211 # 1504
4212 # 1504
4214 # 1504
4216 # 1504
4221 # 1504
4221 # 1504
4225 # 1504
4227 # 1504
4229 # 1504
4232 # 1504
4233 # 1504
4236 # 1504
4238 # 1504
4240 # 1504
4244 # 1504
4244 # 1504
4248 # 1504
4249 # 1504
4252 # 1504
4253 # 1504
4255 # 1504
4257 # 1504
4258 # 1504
4261 # 1504
4264 # 1504
4265 # 1504
4267 # 1504
4268 # 1504
4270 # 1504
4271 # 1504
4272 # 1504
4276 # 1504
4278 # 1504
4278 # 1504
4280 # 1504
4281 # 1504
4284 # 1504
4285 # 1504
4288 # 1504
4288 # 1504
4290 # 1504
4292 # 1504
4293 # 1504
4294 # 1504
4295 # 1504
4298 # 1504
4298 # 1504
4301 # 1504
4303 # 1504
4310 # 1504
4314 # 1504
4314 # 1504
4315 # 1504
4316 # 1504
4331 # 1504
4331 # 1504
4342 # 1504
4342 # 1504
4342 # 1504
4342 # 1504
4342 # 1504
4353 # 1504
4354 # 1504
4354 # 1504
4354 # 1504
4354 # 1504
4354 # 1504
4355 # 1504
4356 # 1504
4368 # 1504
4368 # 1504
4370 # 1504
4371 # 1504
4372 # 1504
4374 # 1504
4375 # 1504
4376 # 1504
4379 # 1504
4380 # 1504
4382 # 1504
4384 # 1504
4385 # 1504
4388 # 1504
4390 # 1504
4390 # 1504
4392 # 1504
4393 # 1504
4395 # 1504
4396 # 1504
4398 # 1504
4401 # 1504
4402 # 1504
4404 # 1504
4405 # 1504
4408 # 1504
4417 # 1504
4417 # 1504
4417 # 1504
4417 # 1504
4417 # 1504
4417 # 1504
4417 # 1504
4418 # 1504
4425 # 1504
4425 # 1504
4425 # 1504
4425 # 1504
4426 # 1504
4426 # 1504
4426 # 1504
4431 # 1504
4431 # 1504
4435 # 1504
4435 # 1504
4435 # 1504
4435 # 1504
4435 # 1504
4435 # 1504
4435 # 1504
4436 # 1504
4443 # 1504
4443 # 1504
4443 # 1504
4443 # 1504
4445 # 1504
4445 # 1504
4445 # 1504
4447 # 1504
4447 # 1504
4448 # 1504
4451 # 1504
4451 # 1504
4451 # 1504
4452 # 1504
4453 # 1504
4454 # 1504
4455 # 1504
4456 # 1504
4457 # 1504
4458 # 1504
4459 # 1504
4459 # 1504
4460 # 1504
4461 # 1504
4462 # 1504
4464 # 1504
4465 # 1504
4465 # 1504
4466 # 1504
4467 # 1504
4467 # 1504
4468 # 1504
4469 # 1504
4470 # 1504
4471 # 1504
4473 # 1504
4474 # 1504
4476 # 1504
4476 # 1504
4477 # 1504
4478 # 1504
4480 # 1504
4480 # 1504
4480 # 1504
4481 # 1504
4482 # 1504
4483 # 1504
4495 # 1504
4495 # 1504
4495 # 1504
4495 # 1504
4495 # 1504
4495 # 1504
4495 # 1504
4496 # 1504
4496 # 1504
4507 # 1504
4507 # 1504
4525 # 1504
4525 # 1504
4526 # 1504
4527 # 1504
4527 # 1504
4527 # 1504
4527 # 1504
4527 # 1504
4527 # 1504
4527 # 1504
4527 # 1504
4527 # 1504
4527 # 1504
4527 # 1504
4528 # 1504
4536 # 1504
4538 # 1504
4540 # 1504
4540 # 1504
4541 # 1504
4542 # 1504
4545 # 1504
4545 # 1504
4546 # 1504
4552 # 1504
4552 # 1504
4552 # 1504
4552 # 1504
4562 # 1504
4563 # 1504
4563 # 1504
4563 # 1504
4563 # 1504
4563 # 1504
4567 # 1504
4567 # 1504
4567 # 1504
4567 # 1504
4568 # 1504
4568 # 1504
4568 # 1504
4568 # 1504
4568 # 1504
4569 # 1504
4573 # 1504
4576 # 1504
4578 # 1504
4584 # 1504
4587 # 1504
4591 # 1504
4595 # 1504
4597 # 1504
4599 # 1504
4604 # 1504
4607 # 1504
4611 # 1504
4614 # 1504
4617 # 1504
4624 # 1504
4626 # 1504
4631 # 1504
4635 # 1504
4638 # 1504
4639 # 1504
4645 # 1504
4647 # 1504
4651 # 1504
4675 # 1504
4676 # 1504
4676 # 1504
4676 # 1504
4676 # 1504
4676 # 1504
4676 # 1504
4676 # 1504
4676 # 1504
4676 # 1504
4676 # 1504
4677 # 1504
4681 # 1504
4682 # 1504
4684 # 1504
4686 # 1504
4689 # 1504
4690 # 1504
4693 # 1504
4695 # 1504
4697 # 1504
4699 # 1504
4702 # 1504
4704 # 1504
4706 # 1504
4709 # 1504
4710 # 1504
4715 # 1504
4716 # 1504
4717 # 1504
4719 # 1504
4723 # 1504
4726 # 1504
4728 # 1504
4729 # 1504
4730 # 1504
4733 # 1504
4734 # 1504
4735 # 1504
4736 # 1504
4739 # 1504
4740 # 1504
4741 # 1504
4742 # 1504
4745 # 1504
4745 # 1504
4746 # 1504
4747 # 1504
4749 # 1504
4750 # 1504
4751 # 1504
4752 # 1504
4756 # 1504
4756 # 1504
4757 # 1504
4759 # 1504
4760 # 1504
4764 # 1504
4764 # 1504
4765 # 1504
4766 # 1504
4767 # 1504
4769 # 1504
4770 # 1504
4771 # 1504
4775 # 1504
4776 # 1504
4777 # 1504
4777 # 1504
4778 # 1504
4779 # 1504
4780 # 1504
4782 # 1504
4783 # 1504
4784 # 1504
4785 # 1504
4786 # 1504
4787 # 1504
4788 # 1504
4789 # 1504
4790 # 1504
4791 # 1504
4793 # 1504
4794 # 1504
4795 # 1504
4796 # 1504
4798 # 1504
4798 # 1504
4799 # 1504
4801 # 1504
4802 # 1504
4802 # 1504
4804 # 1504
4804 # 1504
4805 # 1504
4806 # 1504
4808 # 1504
4808 # 1504
4808 # 1504
4809 # 1504
4810 # 1504
4811 # 1504
4813 # 1504
4814 # 1504
4815 # 1504
4816 # 1504
4816 # 1504
4818 # 1504
4818 # 1504
4819 # 1504
4820 # 1504
4820 # 1504
4821 # 1504
4822 # 1504
4823 # 1504
4823 # 1504
4824 # 1504
4825 # 1504
4826 # 1504
4828 # 1504
4828 # 1504
4830 # 1504
4830 # 1504
4832 # 1504
4832 # 1504
4833 # 1504
4833 # 1504
4833 # 1504
4834 # 1504
4844 # 1504
4845 # 1504
4845 # 1504
4847 # 1504
4848 # 1504
4849 # 1504
4850 # 1504
4853 # 1504
4854 # 1504
4855 # 1504
4860 # 1504
4865 # 1504
4865 # 1504
4866 # 1504
4867 # 1504
4869 # 1504
4870 # 1504
4871 # 1504
4873 # 1504
4875 # 1504
4877 # 1504
4879 # 1504
4880 # 1504
4884 # 1504
4884 # 1504
4885 # 1504
4888 # 1504
4888 # 1504
4889 # 1504
4890 # 1504
4919 # 1504
4919 # 1504
4919 # 1504
4920 # 1504
4920 # 1504
4920 # 1504
4920 # 1504
4920 # 1504
4920 # 1504
4921 # 1504
4921 # 1504
4921 # 1504
4921 # 1504
4921 # 1504
4921 # 1504
4921 # 1504
4921 # 1504
4922 # 1504
4954 # 1504
4954 # 1504
4955 # 1504
4955 # 1504
4959 # 1504
4962 # 1504
4963 # 1504
4966 # 1504
4971 # 1504
4975 # 1504
4978 # 1504
4983 # 1504
4986 # 1504
4991 # 1504
4994 # 1504
4996 # 1504
4997 # 1504
4999 # 1504
5044 # 1504
5056 # 1504
5060 # 1504
5067 # 1504
5069 # 1504
5074 # 1504
5081 # 1504
5086 # 1504
5089 # 1504
5091 # 1504
5095 # 1504
5096 # 1504
5097 # 1504
5099 # 1504
5104 # 1504
5104 # 1504
5111 # 1504
5113 # 1504
5115 # 1504
5120 # 1504
5122 # 1504
5123 # 1504
5125 # 1504
5129 # 1504
5129 # 1504
5134 # 1504
5135 # 1504
5139 # 1504
5142 # 1504
5145 # 1504
5150 # 1504
5150 # 1504
5160 # 1504
5160 # 1504
5160 # 1504
5163 # 1504
5175 # 1504
5175 # 1504
5175 # 1504
5185 # 1504
5185 # 1504
5186 # 1504
5186 # 1504
5191 # 1504
5201 # 1504
5201 # 1504
5205 # 1504
5207 # 1504
5209 # 1504
5218 # 1504
5218 # 1504
5218 # 1504
5231 # 1504
5231 # 1504
5232 # 1504
5232 # 1504
5233 # 1504
5234 # 1504
5236 # 1504
5238 # 1504
5238 # 1504
5239 # 1504
5241 # 1504
5243 # 1504
5245 # 1504
5246 # 1504
5246 # 1504
5251 # 1504
5252 # 1504
5253 # 1504
5255 # 1504
5256 # 1504
5256 # 1504
5257 # 1504
5259 # 1504
5259 # 1504
5260 # 1504
5260 # 1504
5262 # 1504
5263 # 1504
5263 # 1504
5266 # 1504
5266 # 1504
5266 # 1504
5266 # 1504
5267 # 1504
5268 # 1504
5269 # 1504
5270 # 1504
5271 # 1504
5273 # 1504
5275 # 1504
5275 # 1504
5275 # 1504
5278 # 1504
5278 # 1504
5279 # 1504
5280 # 1504
5282 # 1504
5283 # 1504
5293 # 1504
5293 # 1504
5294 # 1504
5294 # 1504
5294 # 1504
5294 # 1504
5294 # 1504
5294 # 1504
5294 # 1504
5300 # 1504
5300 # 1504
5300 # 1504
5301 # 1504
5301 # 1504
5301 # 1504
5304 # 1504
5306 # 1504
5306 # 1504
5306 # 1504
5311 # 1504
5311 # 1504
5311 # 1504
5311 # 1504
5311 # 1504
5311 # 1504
5312 # 1504
5315 # 1504
5315 # 1504
5316 # 1504
5318 # 1504
5318 # 1504
5320 # 1504
5322 # 1504
5323 # 1504
5324 # 1504
5326 # 1504
5327 # 1504
5331 # 1504
5336 # 1504
5338 # 1504
5340 # 1504
5343 # 1504
5346 # 1504
5356 # 1504
5356 # 1504
5356 # 1504
5360 # 1504
5360 # 1504
5360 # 1504
5363 # 1504
5363 # 1504
5366 # 1504
5366 # 1504
5370 # 1504
5374 # 1504
5376 # 1504
5379 # 1504
5382 # 1504
5386 # 1504
5392 # 1504
5395 # 1504
5395 # 1504
5398 # 1504
5401 # 1504
5402 # 1504
5404 # 1504
5406 # 1504
5407 # 1504
5420 # 1504
5420 # 1504
5420 # 1504
5420 # 1504
5420 # 1504
5420 # 1504
5424 # 1504
5425 # 1504
5429 # 1504
5430 # 1504
5430 # 1504
5433 # 1504
5437 # 1504
5437 # 1504
5438 # 1504
5440 # 1504
5443 # 1504
5445 # 1504
5446 # 1504
5448 # 1504
5449 # 1504
5450 # 1504
5451 # 1504
5453 # 1504
5455 # 1504
5461 # 1504
5461 # 1504
5461 # 1504
5462 # 1504
5465 # 1504
5465 # 1504
5467 # 1504
5469 # 1504
5478 # 1504
5480 # 1504
5480 # 1504
5481 # 1504
5483 # 1504
5484 # 1504
5484 # 1504
5484 # 1504
5485 # 1504
5497 # 1504
5497 # 1504
5503 # 1504
5505 # 1504
5506 # 1504
5509 # 1504
5510 # 1504
5513 # 1504
5517 # 1504
5517 # 1504
5520 # 1504
5521 # 1504
5523 # 1504
5526 # 1504
5527 # 1504
5529 # 1504
5531 # 1504
5534 # 1504
5534 # 1504
5539 # 1504
5540 # 1504
5541 # 1504
5545 # 1504
5548 # 1504
5548 # 1504
5560 # 1504
5560 # 1504
5560 # 1504
5560 # 1504
5560 # 1504
5560 # 1504
5560 # 1504
5561 # 1504
5564 # 1504
5564 # 1504
5565 # 1504
5568 # 1504
5569 # 1504
5570 # 1504
5572 # 1504
5573 # 1504
5575 # 1504
5579 # 1504
5580 # 1504
5582 # 1504
5584 # 1504
5585 # 1504
5587 # 1504
5588 # 1504
5589 # 1504
5589 # 1504
5592 # 1504
5592 # 1504
5594 # 1504
5595 # 1504
5596 # 1504
5596 # 1504
5597 # 1504
5599 # 1504
5600 # 1504
5602 # 1504
5603 # 1504
5615 # 1504
5615 # 1504
5615 # 1504
5615 # 1504
5616 # 1504
5628 # 1504
5628 # 1504
5628 # 1504
5628 # 1504
5628 # 1504
5629 # 1504
5632 # 1504
5632 # 1504
5634 # 1504
5636 # 1504
5638 # 1504
5640 # 1504
5644 # 1504
5645 # 1504
5646 # 1504
5648 # 1504
5650 # 1504
5651 # 1504
5653 # 1504
5655 # 1504
5656 # 1504
5657 # 1504
5659 # 1504
5660 # 1504
5663 # 1504
5664 # 1504
5665 # 1504
5666 # 1504
5668 # 1504
5670 # 1504
5671 # 1504
5675 # 1504
5675 # 1504
5676 # 1504
5678 # 1504
5681 # 1504
5683 # 1504
5684 # 1504
5685 # 1504
5689 # 1504
5689 # 1504
5690 # 1504
5690 # 1504
5692 # 1504
5693 # 1504
5705 # 1504
5705 # 1504
5705 # 1504
5706 # 1504
5706 # 1504
5706 # 1504
5706 # 1504
5706 # 1504
5707 # 1504
5710 # 1504
5711 # 1504
5714 # 1504
5715 # 1504
5717 # 1504
5722 # 1504
5722 # 1504
5723 # 1504
5724 # 1504
5726 # 1504
5735 # 1504
5738 # 1504
5739 # 1504
5740 # 1504
5741 # 1504
5742 # 1504
5743 # 1504
5743 # 1504
5743 # 1504
5744 # 1504
5745 # 1504
5747 # 1504
5749 # 1504
5752 # 1504
5755 # 1504
5760 # 1504
5761 # 1504
5764 # 1504
5767 # 1504
5769 # 1504
5770 # 1504
5772 # 1504
5775 # 1504
5775 # 1504
5777 # 1504
5778 # 1504
5780 # 1504
5781 # 1504
5784 # 1504
5785 # 1504
5786 # 1504
5788 # 1504
5789 # 1504
5791 # 1504
5791 # 1504
5795 # 1504
5795 # 1504
5796 # 1504
5796 # 1504
5797 # 1504
5799 # 1504
5800 # 1504
5801 # 1504
5802 # 1504
5804 # 1504
5806 # 1504
5807 # 1504
5808 # 1504
5826 # 1504
5826 # 1504
5826 # 1504
5826 # 1504
5826 # 1504
5826 # 1504
5826 # 1504
5827 # 1504
5827 # 1504
5827 # 1504
5828 # 1504
5828 # 1504
5830 # 1504
5836 # 1504
5838 # 1504
5839 # 1504
5841 # 1504
5846 # 1504
5847 # 1504
5849 # 1504
5850 # 1504
5852 # 1504
5854 # 1504
5855 # 1504
5856 # 1504
5859 # 1504
5861 # 1504
5862 # 1504
5864 # 1504
5866 # 1504
5883 # 1504
5883 # 1504
5884 # 1504
5884 # 1504
5884 # 1504
5884 # 1504
5884 # 1504
5886 # 1504
5886 # 1504
5886 # 1504
5886 # 1504
5887 # 1504
5887 # 1504
5890 # 1504
5892 # 1504
5893 # 1504
5894 # 1504
5905 # 1504
5906 # 1504
5906 # 1504
5906 # 1504
5910 # 1504
5910 # 1504
5913 # 1504
5916 # 1504
5919 # 1504
5921 # 1504
5923 # 1504
5926 # 1504
5928 # 1504
5929 # 1504
5930 # 1504
5931 # 1504
5933 # 1504
5934 # 1504
5935 # 1504
5936 # 1504
5937 # 1504
5939 # 1504
5940 # 1504
5946 # 1504
5946 # 1504
5946 # 1504
5947 # 1504
5948 # 1504
5949 # 1504
5950 # 1504
5953 # 1504
5953 # 1504
5954 # 1504
5955 # 1504
5967 # 1504
5967 # 1504
5967 # 1504
5967 # 1504
5967 # 1504
5967 # 1504
5976 # 1504
5976 # 1504
5976 # 1504
5976 # 1504
5979 # 1504
5983 # 1504
5984 # 1504
5986 # 1504
5989 # 1504
5991 # 1504
5991 # 1504
5992 # 1504
5995 # 1504
5996 # 1504
6001 # 1504
6002 # 1504
6003 # 1504
6005 # 1504
6009 # 1504
6009 # 1504
6020 # 1504
6023 # 1504
6023 # 1504
6023 # 1504
6023 # 1504
6023 # 1504
6023 # 1504
6026 # 1504
6026 # 1504
6030 # 1504
6034 # 1504
6036 # 1504
6050 # 1504
6051 # 1504
6061 # 1504
6090 # 1504
6092 # 1504
6109 # 1504
6109 # 1504
6109 # 1504
6111 # 1504
6114 # 1504
6116 # 1504
6117 # 1504
6121 # 1504
6125 # 1504
6128 # 1504
6128 # 1504
6130 # 1504
6133 # 1504
6133 # 1504
6134 # 1504
6145 # 1504
6145 # 1504
6145 # 1504
6145 # 1504
6145 # 1504
6156 # 1504
6158 # 1504
6169 # 1504
6174 # 1504
6175 # 1504
6175 # 1504
6177 # 1504
6179 # 1504
6187 # 1504
6191 # 1504
6191 # 1504
6191 # 1504
6195 # 1504
6195 # 1504
6198 # 1504
6199 # 1504
6202 # 1504
6203 # 1504
6204 # 1504
6207 # 1504
6209 # 1504
6213 # 1504
6214 # 1504
6216 # 1504
6221 # 1504
6225 # 1504
6226 # 1504
6227 # 1504
6229 # 1504
6231 # 1504
6233 # 1504
6237 # 1504
6238 # 1504
6240 # 1504
6244 # 1504
6246 # 1504
6247 # 1504
6253 # 1504
6254 # 1504
6256 # 1504
6260 # 1504
6260 # 1504
6263 # 1504
6265 # 1504
6267 # 1504
6270 # 1504
6271 # 1504
6272 # 1504
6275 # 1504
6277 # 1504
6278 # 1504
6279 # 1504
6283 # 1504
6284 # 1504
6286 # 1504
6287 # 1504
6308 # 1504
6308 # 1504
6308 # 1504
6308 # 1504
6308 # 1504
6308 # 1504
6309 # 1504
6309 # 1504
6309 # 1504
6312 # 1504
6315 # 1504
6316 # 1504
6357 # 1504
6357 # 1504
6358 # 1504
6358 # 1504
6358 # 1504
6358 # 1504
6358 # 1504
6358 # 1504
6358 # 1504
6358 # 1504
6358 # 1504
6358 # 1504
6359 # 1504
6359 # 1504
6359 # 1504
6359 # 1504
6359 # 1504
6359 # 1504
6359 # 1504
6359 # 1504
6359 # 1504
6359 # 1504
6368 # 1504
6368 # 1504
6372 # 1504
6373 # 1504
6375 # 1504
6375 # 1504
6377 # 1504
6377 # 1504
6378 # 1504
6378 # 1504
6381 # 1504
6381 # 1504
6382 # 1504
6384 # 1504
6385 # 1504
6386 # 1504
6388 # 1504
6389 # 1504
6390 # 1504
6392 # 1504
6393 # 1504
6394 # 1504
6395 # 1504
6396 # 1504
6397 # 1504
6398 # 1504
6399 # 1504
6400 # 1504
6401 # 1504
6412 # 1504
6412 # 1504
6414 # 1504
6416 # 1504
6416 # 1504
6417 # 1504
6425 # 1504
6426 # 1504
6436 # 1504
6436 # 1504
6436 # 1504
6436 # 1504
6439 # 1504
6440 # 1504
6444 # 1504
6447 # 1504
6449 # 1504
6450 # 1504
6453 # 1504
6465 # 1504
6465 # 1504
6465 # 1504
6465 # 1504
6465 # 1504
6465 # 1504
6466 # 1504
6469 # 1504
6470 # 1504
6493 # 1504
6493 # 1504
6493 # 1504
6493 # 1504
6493 # 1504
6493 # 1504
6493 # 1504
6494 # 1504
6494 # 1504
6494 # 1504
6500 # 1504
6500 # 1504
6500 # 1504
6505 # 1504
6505 # 1504
6505 # 1504
6506 # 1504
6506 # 1504
6512 # 1504
6512 # 1504
6513 # 1504
6517 # 1504
6520 # 1504
6525 # 1504
6528 # 1504
6530 # 1504
6533 # 1504
6543 # 1504
6543 # 1504
6543 # 1504
6543 # 1504
6547 # 1504
6550 # 1504
6552 # 1504
6555 # 1504
6557 # 1504
6560 # 1504
6564 # 1504
6567 # 1504
6569 # 1504
6570 # 1504
6572 # 1504
6574 # 1504
6575 # 1504
6577 # 1504
6578 # 1504
6580 # 1504
6581 # 1504
6584 # 1504
6585 # 1504
6596 # 1504
6596 # 1504
6605 # 1504
6606 # 1504
6606 # 1504
6606 # 1504
6606 # 1504
6606 # 1504
6606 # 1504
6606 # 1504
6612 # 1504
6612 # 1504
6614 # 1504
6617 # 1504
6621 # 1504
6625 # 1504
6634 # 1504
6637 # 1504
6642 # 1504
6645 # 1504
6649 # 1504
6650 # 1504
6653 # 1504
6656 # 1504
6658 # 1504
6660 # 1504
6662 # 1504
6665 # 1504
6678 # 1504
6678 # 1504
6678 # 1504
6678 # 1504
6681 # 1504
6683 # 1504
6685 # 1504
6687 # 1504
6690 # 1504
6692 # 1504
6693 # 1504
6694 # 1504
6698 # 1504
6699 # 1504
6699 # 1504
6701 # 1504
6704 # 1504
6705 # 1504
6708 # 1504
6709 # 1504
6710 # 1504
6712 # 1504
6714 # 1504
6715 # 1504
6717 # 1504
6718 # 1504
6720 # 1504
6722 # 1504
6724 # 1504
6725 # 1504
6726 # 1504
6736 # 1504
6736 # 1504
6737 # 1504
6741 # 1504
6750 # 1504
6750 # 1504
6750 # 1504
6750 # 1504
6756 # 1504
6756 # 1504
6756 # 1504
6759 # 1504
6763 # 1504
6767 # 1504
6769 # 1504
6772 # 1504
6777 # 1504
6778 # 1504
6782 # 1504
6787 # 1504
6790 # 1504
6795 # 1504
6798 # 1504
6802 # 1504
6806 # 1504
6810 # 1504
6813 # 1504
6817 # 1504
6819 # 1504
6827 # 1504
6832 # 1504
6835 # 1504
6836 # 1504
6843 # 1504
6846 # 1504
6850 # 1504
6851 # 1504
6872 # 1504
6872 # 1504
6872 # 1504
6872 # 1504
6872 # 1504
6872 # 1504
6872 # 1504
6872 # 1504
6874 # 1504
6877 # 1504
6879 # 1504
6880 # 1504
6886 # 1504
6887 # 1504
6890 # 1504
6892 # 1504
6894 # 1504
6895 # 1504
6897 # 1504
6900 # 1504
6901 # 1504
6905 # 1504
6906 # 1504
6908 # 1504
6909 # 1504
6909 # 1504
6910 # 1504
6914 # 1504
6914 # 1504
6916 # 1504
6917 # 1504
6918 # 1504
6919 # 1504
6920 # 1504
6921 # 1504
6923 # 1504
6925 # 1504
6926 # 1504
6927 # 1504
6929 # 1504
6931 # 1504
6932 # 1504
6933 # 1504
6934 # 1504
6935 # 1504
6936 # 1504
6937 # 1504
6941 # 1504
6941 # 1504
6944 # 1504
6945 # 1504
6947 # 1504
6956 # 1504
6958 # 1504
6960 # 1504
6960 # 1504
6962 # 1504
6963 # 1504
6964 # 1504
6965 # 1504
6966 # 1504
6967 # 1504
6970 # 1504
6971 # 1504
6972 # 1504
6974 # 1504
6975 # 1504
6977 # 1504
6979 # 1504
6981 # 1504
6983 # 1504
6996 # 1504
7006 # 1504
7006 # 1504
7006 # 1504
7006 # 1504
7006 # 1504
7006 # 1504
7023 # 1504
7023 # 1504
7024 # 1504
7024 # 1504
7024 # 1504
7026 # 1504
7038 # 1504
7038 # 1504
7038 # 1504
7043 # 1504
7048 # 1504
7050 # 1504
7051 # 1504
7054 # 1504
7056 # 1504
7059 # 1504
7060 # 1504
7063 # 1504
7065 # 1504
7076 # 1504
7102 # 1504
7134 # 1504
7146 # 1504
7153 # 1504
7165 # 1504
7168 # 1504
7170 # 1504
7174 # 1504
7176 # 1504
7181 # 1504
7187 # 1504
7191 # 1504
7193 # 1504
7197 # 1504
7201 # 1504
7205 # 1504
7209 # 1504
7212 # 1504
7215 # 1504
7218 # 1504
7222 # 1504
7236 # 1504
7236 # 1504
7240 # 1504
7240 # 1504
7240 # 1504
7248 # 1504
7248 # 1504
7248 # 1504
7248 # 1504
7255 # 1504
7255 # 1504
7259 # 1504
7264 # 1504
7268 # 1504
7271 # 1504
7275 # 1504
7280 # 1504
7284 # 1504
7285 # 1504
7287 # 1504
7288 # 1504
7289 # 1504
7291 # 1504
7291 # 1504
7292 # 1504
7294 # 1504
7295 # 1504
7296 # 1504
7306 # 1504
7307 # 1504
7307 # 1504
7307 # 1504
7307 # 1504
7315 # 1504
7315 # 1504
7317 # 1504
7318 # 1504
7318 # 1504
7318 # 1504
7318 # 1504
7321 # 1504
7322 # 1504
7336 # 1504
7336 # 1504
7336 # 1504
7337 # 1504
7337 # 1504
7340 # 1504
7344 # 1504
7346 # 1504
7349 # 1504
7353 # 1504
7356 # 1504
7358 # 1504
7364 # 1504
7375 # 1504
7375 # 1504
7380 # 1504
7380 # 1504
7380 # 1504
7380 # 1504
7384 # 1504
7395 # 1504
7396 # 1504
7398 # 1504
7401 # 1504
7406 # 1504
7411 # 1504
7416 # 1504
7418 # 1504
7422 # 1504
7430 # 1504
7431 # 1504
7432 # 1504
7434 # 1504
7435 # 1504
7437 # 1504
7440 # 1504
7444 # 1504
7446 # 1504
7456 # 1504
7456 # 1504
7459 # 1504
7464 # 1504
7466 # 1504
7466 # 1504
7467 # 1504
7469 # 1504
7471 # 1504
7472 # 1504
7477 # 1504
7480 # 1504
7482 # 1504
7487 # 1504
7491 # 1504
7495 # 1504
7498 # 1504
7500 # 1504
7505 # 1504
7509 # 1504
7511 # 1504
7514 # 1504
7517 # 1504
7519 # 1504
7521 # 1504
7523 # 1504
7526 # 1504
7530 # 1504
7535 # 1504
7536 # 1504
7538 # 1504
7539 # 1504
7542 # 1504
7544 # 1504
7545 # 1504
7547 # 1504
7548 # 1504
7550 # 1504
7551 # 1504
7556 # 1504
7557 # 1504
7557 # 1504
7560 # 1504
7561 # 1504
7575 # 1504
7575 # 1504
7577 # 1504
7580 # 1504
7580 # 1504
7581 # 1504
7592 # 1504
7601 # 1504
7601 # 1504
7601 # 1504
7602 # 1504
7602 # 1504
7610 # 1504
7610 # 1504
7611 # 1504
7611 # 1504
7611 # 1504
7612 # 1504
7615 # 1504
7620 # 1504
7623 # 1504
7629 # 1504
7632 # 1504
7636 # 1504
7640 # 1504
7647 # 1504
7650 # 1504
7654 # 1504
7658 # 1504
7662 # 1504
7668 # 1504
7670 # 1504
7675 # 1504
7677 # 1504
7682 # 1504
7687 # 1504
7689 # 1504
7691 # 1504
7694 # 1504
7697 # 1504
7698 # 1504
7701 # 1504
7703 # 1504
7706 # 1504
7710 # 1504
7711 # 1504
7713 # 1504
7715 # 1504
7717 # 1504
7720 # 1504
7722 # 1504
7723 # 1504
7725 # 1504
7728 # 1504
7730 # 1504
7731 # 1504
7734 # 1504
7737 # 1504
7740 # 1504
7744 # 1504
7746 # 1504
7748 # 1504
7750 # 1504
7752 # 1504
7754 # 1504
7756 # 1504
7759 # 1504
7760 # 1504
7761 # 1504
7763 # 1504
7767 # 1504
7769 # 1504
7772 # 1504
7776 # 1504
7777 # 1504
7780 # 1504
7785 # 1504
7788 # 1504
7791 # 1504
7794 # 1504
7795 # 1504
7797 # 1504
7799 # 1504
7801 # 1504
7802 # 1504
7804 # 1504
7807 # 1504
7808 # 1504
7810 # 1504
7811 # 1504
7812 # 1504
7814 # 1504
7816 # 1504
7817 # 1504
7820 # 1504
7822 # 1504
7823 # 1504
7825 # 1504
7827 # 1504
7848 # 1504
7848 # 1504
7848 # 1504
7848 # 1504
7848 # 1504
7849 # 1504
7849 # 1504
7849 # 1504
7849 # 1504
7849 # 1504
7849 # 1504
7849 # 1504
7851 # 1504
7852 # 1504
7855 # 1504
7856 # 1504
7857 # 1504
7857 # 1504
7858 # 1504
7859 # 1504
7860 # 1504
7861 # 1504
7867 # 1504
7867 # 1504
7869 # 1504
7869 # 1504
7869 # 1504
7880 # 1504
7880 # 1504
7880 # 1504
7881 # 1504
7881 # 1504
7881 # 1504
7881 # 1504
7881 # 1504
7881 # 1504
7892 # 1504
7893 # 1504
7899 # 1504
7920 # 1504
7920 # 1504
7920 # 1504
7920 # 1504
7920 # 1504
7920 # 1504
7920 # 1504
7921 # 1504
7921 # 1504
7921 # 1504
7921 # 1504
7921 # 1504
7921 # 1504
7921 # 1504
7921 # 1504
7921 # 1504
7921 # 1504
7922 # 1504
7922 # 1504
7926 # 1504
7926 # 1504
7935 # 1504
7935 # 1504
7935 # 1504
7935 # 1504
7935 # 1504
7935 # 1504
7937 # 1504
7946 # 1504
7946 # 1504
7948 # 1504
7951 # 1504
7955 # 1504
7958 # 1504
7961 # 1504
7966 # 1504
7967 # 1504
7971 # 1504
7973 # 1504
7975 # 1504
7978 # 1504
7980 # 1504
7984 # 1504
7987 # 1504
7991 # 1504
7996 # 1504
7998 # 1504
8002 # 1504
8006 # 1504
8009 # 1504
8014 # 1504
8016 # 1504
8018 # 1504
8020 # 1504
8026 # 1504
8035 # 1504
8035 # 1504
8038 # 1504
8038 # 1504
8039 # 1504
8048 # 1504
8048 # 1504
8048 # 1504
8048 # 1504
8052 # 1504
8054 # 1504
8057 # 1504
8059 # 1504
8064 # 1504
8073 # 1504
8073 # 1504
8076 # 1504
8077 # 1504
8082 # 1504
8087 # 1504
8092 # 1504
8096 # 1504
8098 # 1504
8148 # 1504
8154 # 1504
8165 # 1504
8168 # 1504
8184 # 1504
8203 # 1504
8203 # 1504
8205 # 1504
8208 # 1504
8209 # 1504
8209 # 1504
8210 # 1504
8219 # 1504
8224 # 1504
8225 # 1504
8243 # 1504
8247 # 1504
8257 # 1504
8260 # 1504
8260 # 1504
8276 # 1504
8279 # 1504
8286 # 1504
8298 # 1504
8299 # 1504
8311 # 1504
8325 # 1504
8332 # 1504
8344 # 1504
8349 # 1504
8351 # 1504
8354 # 1504
8357 # 1504
8359 # 1504
8363 # 1504
8365 # 1504
8378 # 1504
8386 # 1504
8394 # 1504
8401 # 1504
8406 # 1504
8417 # 1504
8417 # 1504
8417 # 1504
8417 # 1504
8418 # 1504
8418 # 1504
8420 # 1504
8422 # 1504
8422 # 1504
8425 # 1504
8427 # 1504
8432 # 1504
8436 # 1504
8441 # 1504
8445 # 1504
8450 # 1504
8456 # 1504
8463 # 1504
8470 # 1504
8473 # 1504
8479 # 1504
8486 # 1504
8490 # 1504
8495 # 1504
8496 # 1504
8498 # 1504
8500 # 1504
8505 # 1504
8505 # 1504
8509 # 1504
8514 # 1504
8519 # 1504
8521 # 1504
8527 # 1504
8530 # 1504
8535 # 1504
8540 # 1504
8545 # 1504
8552 # 1504
8558 # 1504
8560 # 1504
8565 # 1504
8567 # 1504
8569 # 1504
8572 # 1504
8573 # 1504
8575 # 1504
8576 # 1504
8580 # 1504
8581 # 1504
8583 # 1504
8585 # 1504
8587 # 1504
8589 # 1504
8591 # 1504
8593 # 1504
8595 # 1504
8596 # 1504
8598 # 1504
8599 # 1504
8602 # 1504
8605 # 1504
8605 # 1504
8606 # 1504
8608 # 1504
8611 # 1504
8613 # 1504
8617 # 1504
8617 # 1504
8619 # 1504
8620 # 1504
8622 # 1504
8624 # 1504
8625 # 1504
8627 # 1504
8628 # 1504
8630 # 1504
8631 # 1504
8634 # 1504
8635 # 1504
8636 # 1504
8638 # 1504
8640 # 1504
8644 # 1504
8646 # 1504
8647 # 1504
8650 # 1504
8650 # 1504
8653 # 1504
8654 # 1504
8655 # 1504
8658 # 1504
8667 # 1504
8667 # 1504
8667 # 1504
8667 # 1504
8667 # 1504
8668 # 1504
8670 # 1504
8671 # 1504
8673 # 1504
8676 # 1504
8677 # 1504
8678 # 1504
8681 # 1504
8681 # 1504
8683 # 1504
8685 # 1504
8686 # 1504
8689 # 1504
8689 # 1504
8690 # 1504
8691 # 1504
8700 # 1504
8700 # 1504
8701 # 1504
8701 # 1504
8703 # 1504
8704 # 1504
8706 # 1504
8706 # 1504
8710 # 1504
8711 # 1504
8712 # 1504
8714 # 1504
8715 # 1504
8724 # 1504
8724 # 1504
8725 # 1504
8725 # 1504
8735 # 1504
8737 # 1504
8737 # 1504
8739 # 1504
8740 # 1504
8742 # 1504
8742 # 1504
8742 # 1504
8753 # 1504
8753 # 1504
8753 # 1504
8753 # 1504
8757 # 1504
8763 # 1504
8767 # 1504
8771 # 1504
8777 # 1504
8780 # 1504
8787 # 1504
8791 # 1504
8794 # 1504
8797 # 1504
8806 # 1504
8810 # 1504
8816 # 1504
8820 # 1504
8824 # 1504
8832 # 1504
8836 # 1504
8839 # 1504
8845 # 1504
8849 # 1504
8851 # 1504
8854 # 1504
8858 # 1504
8861 # 1504
8864 # 1504
8867 # 1504
8871 # 1504
8875 # 1504
8878 # 1504
8881 # 1504
8887 # 1504
8888 # 1504
8890 # 1504
8892 # 1504
8896 # 1504
8896 # 1504
8898 # 1504
8900 # 1504
8911 # 1504
8916 # 1504
8916 # 1504
8916 # 1504
8918 # 1504
8929 # 1504
8929 # 1504
8931 # 1504
8934 # 1504
8938 # 1504
8942 # 1504
8946 # 1504
8950 # 1504
8953 # 1504
8956 # 1504
8958 # 1504
8962 # 1504
8967 # 1504
8968 # 1504
8970 # 1504
8971 # 1504
8974 # 1504
8984 # 1504
8984 # 1504
8988 # 1504
8988 # 1504
8995 # 1504
8995 # 1504
8995 # 1504
8995 # 1504
8997 # 1504
8999 # 1504
9000 # 1504
9006 # 1504
9008 # 1504
9012 # 1504
9016 # 1504
9026 # 1504
9026 # 1504
9026 # 1504
9030 # 1504
9035 # 1504
9038 # 1504
9041 # 1504
9045 # 1504
9048 # 1504
9053 # 1504
9056 # 1504
9058 # 1504
9061 # 1504
9065 # 1504
9068 # 1504
9071 # 1504
9073 # 1504
9074 # 1504
9075 # 1504
9077 # 1504
9078 # 1504
9081 # 1504
9081 # 1504
9084 # 1504
9087 # 1504
9089 # 1504
9090 # 1504
9093 # 1504
9093 # 1504
9095 # 1504
9096 # 1504
9098 # 1504
9099 # 1504
9101 # 1504
9102 # 1504
9112 # 1504
9115 # 1504
9116 # 1504
9117 # 1504
9118 # 1504
9118 # 1504
9121 # 1504
9121 # 1504
9131 # 1504
9132 # 1504
9132 # 1504
9137 # 1504
9176 # 1504
9198 # 1504
9208 # 1504
9215 # 1504
9221 # 1504
9229 # 1504
9231 # 1504
9234 # 1504
9238 # 1504
9241 # 1504
9249 # 1504
9249 # 1504
9251 # 1504
9260 # 1504
9260 # 1504
9260 # 1504
9260 # 1504
9262 # 1504
9262 # 1504
9265 # 1504
9268 # 1504
9270 # 1504
9272 # 1504
9275 # 1504
9278 # 1504
9282 # 1504
9285 # 1504
9291 # 1504
9306 # 1504
9308 # 1504
9308 # 1504
9309 # 1504
9310 # 1504
9311 # 1504
9315 # 1504
9315 # 1504
9316 # 1504
9317 # 1504
9317 # 1504
9318 # 1504
9327 # 1504
9327 # 1504
9332 # 1504
9334 # 1504
9337 # 1504
9337 # 1504
9345 # 1504
9349 # 1504
9351 # 1504
9362 # 1504
9367 # 1504
9376 # 1504
9382 # 1504
9382 # 1504
9382 # 1504
9388 # 1504
9397 # 1504
9407 # 1504
9415 # 1504
9422 # 1504
9430 # 1504
9436 # 1504
9442 # 1504
9446 # 1504
9452 # 1504
9458 # 1504
9463 # 1504
9468 # 1504
9476 # 1504
9480 # 1504
9484 # 1504
9490 # 1504
9497 # 1504
9502 # 1504
9511 # 1504
9516 # 1504
9540 # 1504
9547 # 1504
9556 # 1504
9565 # 1504
9570 # 1504
9572 # 1504
9577 # 1504
9579 # 1504
9586 # 1504
9590 # 1504
9590 # 1504
9593 # 1504
9596 # 1504
9596 # 1504
9599 # 1504
9600 # 1504
9603 # 1504
9605 # 1504
9607 # 1504
9608 # 1504
9611 # 1504
9613 # 1504
9614 # 1504
9616 # 1504
9619 # 1504
9621 # 1504
9622 # 1504
9624 # 1504
9625 # 1504
9628 # 1504
9629 # 1504
9631 # 1504
9635 # 1504
9637 # 1504
9638 # 1504
9640 # 1504
9643 # 1504
9644 # 1504
9646 # 1504
9647 # 1504
9650 # 1504
9652 # 1504
9652 # 1504
9654 # 1504
9656 # 1504
9659 # 1504
9660 # 1504
9661 # 1504
9663 # 1504
9666 # 1504
9668 # 1504
9668 # 1504
9670 # 1504
9671 # 1504
9676 # 1504
9676 # 1504
9678 # 1504
9679 # 1504
9682 # 1504
9682 # 1504
9684 # 1504
9685 # 1504
9688 # 1504
9727 # 1504
9727 # 1504
9727 # 1504
9727 # 1504
9727 # 1504
9727 # 1504
9727 # 1504
9727 # 1504
9727 # 1504
9727 # 1504
9728 # 1504
9728 # 1504
9728 # 1504
9728 # 1504
9728 # 1504
9728 # 1504
9728 # 1504
9728 # 1504
9728 # 1504
9728 # 1504
9729 # 1504
9730 # 1504
9732 # 1504
9733 # 1504
9736 # 1504
9737 # 1504
9739 # 1504
9740 # 1504
9744 # 1504
9747 # 1504
9748 # 1504
9751 # 1504
9760 # 1504
9761 # 1504
9761 # 1504
9761 # 1504
9761 # 1504
9763 # 1504
9764 # 1504
9767 # 1504
9767 # 1504
9770 # 1504
9770 # 1504
9773 # 1504
9775 # 1504
9776 # 1504
9777 # 1504
9779 # 1504
9780 # 1504
9784 # 1504
9795 # 1504
9795 # 1504
9795 # 1504
9796 # 1504
9800 # 1504
9800 # 1504
9801 # 1504
9802 # 1504
9803 # 1504
9804 # 1504
9806 # 1504
9806 # 1504
9809 # 1504
9811 # 1504
9816 # 1504
9817 # 1504
9820 # 1504
9823 # 1504
9825 # 1504
9828 # 1504
9832 # 1504
9835 # 1504
9839 # 1504
9841 # 1504
9845 # 1504
9856 # 1504
9856 # 1504
9856 # 1504
9856 # 1504
9856 # 1504
9856 # 1504
9857 # 1504
9859 # 1504
9861 # 1504
9862 # 1504
9863 # 1504
9865 # 1504
9866 # 1504
9869 # 1504
9872 # 1504
9875 # 1504
9879 # 1504
9880 # 1504
9885 # 1504
9896 # 1504
9896 # 1504
9900 # 1504
9900 # 1504
9901 # 1504
9903 # 1504
9905 # 1504
9906 # 1504
9910 # 1504
9912 # 1504
9915 # 1504
9917 # 1504
9917 # 1504
9925 # 1504
9926 # 1504
9927 # 1504
9927 # 1504
9927 # 1504
9929 # 1504
9929 # 1504
9933 # 1504
9937 # 1504
9941 # 1504
9945 # 1504
9949 # 1504
9952 # 1504
9955 # 1504
9957 # 1504
9959 # 1504
9964 # 1504
9967 # 1504
9971 # 1504
9971 # 1504
9973 # 1504
9975 # 1504
9978 # 1504
9979 # 1504
9981 # 1504
9984 # 1504
10001 # 1504
10005 # 1504
10005 # 1504
10005 # 1504
10006 # 1504
10006 # 1504
10006 # 1504
10006 # 1504
10006 # 1504
10006 # 1504
10008 # 1504
10010 # 1504
10013 # 1504
10015 # 1504
10017 # 1504
10019 # 1504
10021 # 1504
10026 # 1504
10026 # 1504
10028 # 1504
10030 # 1504
10031 # 1504
10034 # 1504
10035 # 1504
10045 # 1504
10048 # 1504
10048 # 1504
10049 # 1504
10049 # 1504
10050 # 1504
10051 # 1504
10054 # 1504
10056 # 1504
10058 # 1504
10058 # 1504
10060 # 1504
10062 # 1504
10064 # 1504
10065 # 1504
10067 # 1504
10068 # 1504
10070 # 1504
10072 # 1504
10073 # 1504
10074 # 1504
10076 # 1504
10077 # 1504
10079 # 1504
10080 # 1504
10083 # 1504
10095 # 1504
10097 # 1504
10097 # 1504
10097 # 1504
10097 # 1504
10097 # 1504
10115 # 1504
10116 # 1504
10116 # 1504
10116 # 1504
10116 # 1504
10116 # 1504
10116 # 1504
10116 # 1504
10117 # 1504
10117 # 1504
10117 # 1504
10120 # 1504
10123 # 1504
10125 # 1504
10129 # 1504
10132 # 1504
10135 # 1504
10150 # 1504
10152 # 1504
10152 # 1504
10152 # 1504
10154 # 1504
10157 # 1504
10161 # 1504
10164 # 1504
10168 # 1504
10195 # 1504
10199 # 1504
10206 # 1504
10209 # 1504
10214 # 1504
10216 # 1504
10220 # 1504
10224 # 1504
10227 # 1504
10231 # 1504
10234 # 1504
10245 # 1504
10249 # 1504
10254 # 1504
10255 # 1504
10259 # 1504
10261 # 1504
10262 # 1504
10267 # 1504
10277 # 1504
10288 # 1504
10288 # 1504
10294 # 1504
10295 # 1504
10306 # 1504
10317 # 1504
10326 # 1504
10330 # 1504
10335 # 1504
10340 # 1504
10346 # 1504
10371 # 1504
10386 # 1504
10397 # 1504
10403 # 1504
10408 # 1504
10415 # 1504
10423 # 1504
10428 # 1504
10437 # 1504
10439 # 1504
10443 # 1504
10447 # 1504
10451 # 1504
10456 # 1504
10460 # 1504
10465 # 1504
10470 # 1504
10474 # 1504
10477 # 1504
10480 # 1504
10483 # 1504
10488 # 1504
10491 # 1504
10495 # 1504
10499 # 1504
10506 # 1504
10507 # 1504
10512 # 1504
10515 # 1504
10520 # 1504
10522 # 1504
10526 # 1504
10537 # 1504
10541 # 1504
10543 # 1504
10547 # 1504
10554 # 1504
10554 # 1504
10560 # 1504
10560 # 1504
10560 # 1504
10570 # 1504
10570 # 1504
10570 # 1504
10570 # 1504
10575 # 1504
10575 # 1504
10580 # 1504
10585 # 1504
10588 # 1504
10591 # 1504
10597 # 1504
10599 # 1504
10605 # 1504
10607 # 1504
10609 # 1504
10612 # 1504
10623 # 1504
10623 # 1504
10624 # 1504
10624 # 1504
10628 # 1504
10630 # 1504
10631 # 1504
10636 # 1504
10637 # 1504
10639 # 1504
10642 # 1504
10643 # 1504
10645 # 1504
10647 # 1504
10649 # 1504
10651 # 1504
10653 # 1504
10655 # 1504
10657 # 1504
10659 # 1504
10661 # 1504
10681 # 1504
10683 # 1504
10684 # 1504
10687 # 1504
10694 # 1504
10695 # 1504
10698 # 1504
10700 # 1504
10705 # 1504
10708 # 1504
10713 # 1504
10716 # 1504
10721 # 1504
10723 # 1504
10725 # 1504
10729 # 1504
10732 # 1504
10736 # 1504
10740 # 1504
10744 # 1504
10747 # 1504
10750 # 1504
10753 # 1504
10758 # 1504
10762 # 1504
10765 # 1504
10771 # 1504
10775 # 1504
10777 # 1504
10781 # 1504
10786 # 1504
10789 # 1504
10792 # 1504
10795 # 1504
10808 # 1504
10808 # 1504
10815 # 1504
10838 # 1504
10838 # 1504
10838 # 1504
10838 # 1504
10845 # 1504
10845 # 1504
10850 # 1504
10851 # 1504
10857 # 1504
10861 # 1504
10863 # 1504
10870 # 1504
10875 # 1504
10879 # 1504
10892 # 1504
10893 # 1504
10895 # 1504
10904 # 1504
10909 # 1504
10923 # 1504
10926 # 1504
10932 # 1504
10936 # 1504
10941 # 1504
10963 # 1504
10963 # 1504
10966 # 1504
10995 # 1504
10996 # 1504
10997 # 1504
11005 # 1504
11009 # 1504
11013 # 1504
11016 # 1504
11020 # 1504
11025 # 1504
11027 # 1504
11030 # 1504
11035 # 1504
11037 # 1504
11041 # 1504
11046 # 1504
11049 # 1504
11050 # 1504
11054 # 1504
11057 # 1504
11058 # 1504
11077 # 1504
11077 # 1504
11078 # 1504
11096 # 1504
11096 # 1504
11102 # 1504
11106 # 1504
11108 # 1504
11128 # 1504
11128 # 1504
11128 # 1504
11129 # 1504
11131 # 1504
11144 # 1504
11144 # 1504
11145 # 1504
11148 # 1504
11169 # 1504
11174 # 1504
11178 # 1504
11183 # 1504
11187 # 1504
11303 # 1504
11323 + 52
11383 # 1504
11383 - 52 60
11383 # 1504
11489 # 1504
11504 # 1504
11513 # 1504
11519 # 1504
11521 # 1504
11526 # 1504
11530 # 1504
11530 # 1504
11530 # 1504
11530 # 1504
11530 # 1504
11530 # 1504
11530 # 1504
11531 # 1504
11531 # 1504
11531 # 1504
11552 # 1504
11559 # 1504
11569 # 1504
11584 # 1504
11588 # 1504
11592 # 1504
11596 # 1504
11610 # 1504
11619 # 1504
11622 # 1504
11635 # 1504
11638 # 1504
11644 # 1504
11647 # 1504
11657 # 1504
11659 # 1504
11664 # 1504
11669 # 1504
11673 # 1504
11681 # 1504
11685 # 1504
11691 # 1504
11695 # 1504
11707 # 1504
11707 # 1504
11712 # 1504
11717 # 1504
11722 # 1504
11725 # 1504
11728 # 1504
11742 # 1504
11742 # 1504
11750 # 1504
11756 # 1504
11771 # 1504
11793 # 1504
11794 # 1504
11862 # 1504
11864 # 1504
11865 # 1504
11865 # 1504
11865 # 1504
11865 # 1504
11869 # 1504
11879 # 1504
11895 # 1504
11908 # 1504
11944 # 1504
11983 # 1504
12014 # 1504
12036 # 1504
12059 # 1504
12088 # 1504
12100 # 1504
12121 # 1504
12140 # 1504
12165 # 1504
12167 # 1504
12175 # 1504
12190 # 1504
12204 # 1504
12215 # 1504
12237 # 1504
12241 # 1504
12246 # 1504
12259 # 1504
12290 # 1504
12290 # 1504
12291 # 1504
12299 # 1504
12304 # 1504
12320 # 1504
12340 # 1504
12350 # 1504
12448 # 1504
12448 # 1504
12452 # 1504
12452 # 1504
12456 # 1504
12467 # 1504
12467 # 1504
12473 # 1504
12473 # 1504
12476 # 1504
12488 # 1504
12488 # 1504
12490 # 1504
12492 # 1504
12496 # 1504
12506 # 1504
12506 # 1504
12517 # 1504
12521 # 1504
12528 # 1504
12530 # 1504
12537 # 1504
12544 # 1504
12548 # 1504
12553 # 1504
12556 # 1504
12566 # 1504
12568 # 1504
12572 # 1504
12585 # 1504
12585 # 1504
12591 # 1504
12593 # 1504
12599 # 1504
12603 # 1504
12608 # 1504
12612 # 1504
12615 # 1504
12620 # 1504
12625 # 1504
12630 # 1504
12633 # 1504
12638 # 1504
12642 # 1504
12655 # 1504
12658 # 1504
12665 # 1504
12669 # 1504
12674 # 1504
12678 # 1504
12682 # 1504
12687 # 1504
12697 # 1504
12702 # 1504
12709 # 1504
12716 # 1504
12723 # 1504
12731 # 1504
12739 # 1504
12745 # 1504
12751 # 1504
12756 # 1504
12762 # 1504
12767 # 1504
12770 # 1504
12774 # 1504
12777 # 1504
12781 # 1504
12784 # 1504
12787 # 1504
12792 # 1504
12802 # 1504
12803 # 1504
12803 # 1504
12806 # 1504
12809 # 1504
12814 # 1504
12817 # 1504
12820 # 1504
12824 # 1504
12827 # 1504
12831 # 1504
12835 # 1504
12839 # 1504
12847 # 1504
12855 # 1504
12855 # 1504
12855 # 1504
12860 # 1504
12862 # 1504
12866 # 1504
12870 # 1504
12873 # 1504
12878 # 1504
12881 # 1504
12884 # 1504
12888 # 1504
12892 # 1504
12895 # 1504
12900 # 1504
12903 # 1504
12906 # 1504
12909 # 1504
12911 # 1504
12913 # 1504
12917 # 1504
12919 # 1504
12922 # 1504
12932 # 1504
12932 # 1504
12932 # 1504
12932 # 1504
12936 # 1504
12937 # 1504
12940 # 1504
12942 # 1504
12945 # 1504
12948 # 1504
12950 # 1504
12952 # 1504
12955 # 1504
12958 # 1504
12959 # 1504
12962 # 1504
12965 # 1504
12968 # 1504
12972 # 1504
12976 # 1504
12979 # 1504
12982 # 1504
12987 # 1504
12988 # 1504
12991 # 1504
12994 # 1504
12996 # 1504
12998 # 1504
13000 # 1504
13003 # 1504
13006 # 1504
13015 # 1504
13018 # 1504
13021 # 1504
13021 # 1504
13031 # 1504
13036 # 1504
13036 # 1504
13038 # 1504
13042 # 1504
13045 # 1504
13049 # 1504
13052 # 1504
13056 # 1504
13060 # 1504
13063 # 1504
13066 # 1504
13070 # 1504
13073 # 1504
13081 # 1504
13087 # 1504
13090 # 1504
13095 # 1504
13097 # 1504
13100 # 1504
13105 # 1504
13107 # 1504
13112 # 1504
13116 # 1504
13119 # 1504
13123 # 1504
13136 # 1504
13138 # 1504
13139 # 1504
13145 # 1504
13145 # 1504
13148 # 1504
13153 # 1504
13155 # 1504
13159 # 1504
13162 # 1504
13166 # 1504
13170 # 1504
13179 # 1504
13186 # 1504
13192 # 1504
13206 # 1504
13206 # 1504
13210 # 1504
13220 # 1504
13220 # 1504
13238 # 1504
13238 # 1504
13239 # 1504
13241 # 1504
13246 # 1504
13251 # 1504
13257 # 1504
13263 # 1504
13270 # 1504
13273 # 1504
13280 # 1504
13286 # 1504
13293 # 1504
13298 # 1504
13312 # 1504
13312 # 1504
13316 # 1504
13323 # 1504
13328 # 1504
13336 # 1504
13341 # 1504
13348 # 1504
13353 # 1504
13358 # 1504
13366 # 1504
13372 # 1504
13379 # 1504
13386 # 1504
13388 # 1504
13401 # 1504
13404 # 1504
13405 # 1504
13411 # 1504
13418 # 1504
13432 # 1504
13432 # 1504
13436 # 1504
13455 # 1504
13455 # 1504
13459 # 1504
13465 # 1504
13477 # 1504
13477 # 1504
13489 # 1504
13490 # 1504
13496 # 1504
13502 # 1504
13508 # 1504
13516 # 1504
13521 # 1504
13531 # 1504
13536 # 1504
13542 # 1504
13548 # 1504
13553 # 1504
13559 # 1504
13565 # 1504
13571 # 1504
13584 # 1504
13585 # 1504
13590 # 1504
13597 # 1504
13603 # 1504
13610 # 1504
13617 # 1504
13623 # 1504
13629 # 1504
13634 # 1504
13640 # 1504
13646 # 1504
13653 # 1504
13659 # 1504
13664 # 1504
13670 # 1504
13675 # 1504
13682 # 1504
13688 # 1504
13694 # 1504
13699 # 1504
13705 # 1504
13708 # 1504
13720 # 1504
13720 # 1504
13726 # 1504
13727 # 1504
13731 # 1504
13734 # 1504
13737 # 1504
13749 # 1504
13749 # 1504
13750 # 1504
13760 # 1504
13766 # 1504
13770 # 1504
13775 # 1504
13785 # 1504
13791 # 1504
13801 # 1504
13808 # 1504
13815 # 1504
13822 # 1504
13829 # 1504
13837 # 1504
13845 # 1504
13854 # 1504
13861 # 1504
13867 # 1504
13873 # 1504
13879 # 1504
13895 # 1504
13896 # 1504
13902 # 1504
13908 # 1504
13912 # 1504
13919 # 1504
13925 # 1504
13930 # 1504
13945 # 1504
13951 # 1504
13958 # 1504
13965 # 1504
13965 # 1504
13972 # 1504
13979 # 1504
13984 # 1504
13990 # 1504
13996 # 1504
14002 # 1504
14007 # 1504
14014 # 1504
14020 # 1504
14026 # 1504
14030 # 1504
14037 # 1504
14045 # 1504
14054 # 1504
14060 # 1504
14066 # 1504
14066 # 1504
14077 # 1504
14081 # 1504
14081 # 1504
14089 # 1504
14090 # 1504
14097 # 1504
14111 # 1504
14112 # 1504
14126 # 1504
14128 # 1504
14145 # 1504
14156 # 1504
14158 # 1504
14162 # 1504
14187 # 1504
14192 # 1504
14206 # 1504
14211 # 1504
14221 # 1504
14243 # 1504
14249 # 1504
14255 # 1504
14263 # 1504
14279 # 1504
14285 # 1504
14292 # 1504
14301 # 1504
14310 # 1504
14320 # 1504
14328 # 1504
14345 # 1504
14348 # 1504
14355 # 1504
14365 # 1504
14380 # 1504
14387 # 1504
14404 # 1504
14415 # 1504
14425 # 1504
14433 # 1504
14450 # 1504
14466 # 1504
14557 # 1504
14573 # 1504
14630 # 1504
14634 # 1504
14642 # 1504
14651 # 1504
14660 # 1504
14668 # 1504
14678 # 1504
14686 # 1504
14696 # 1504
14705 # 1504
14715 # 1504
14725 # 1504
14734 # 1504
14745 # 1504
14755 # 1504
14763 # 1504
14776 # 1504
14787 # 1504
14797 # 1504
14808 # 1504
14817 # 1504
14827 # 1504
14827 # 1504
14827 # 1504
14827 # 1504
14827 # 1504
14837 # 1504
14849 # 1504
14861 # 1504
14870 # 1504
14880 # 1504
14892 # 1504
14903 # 1504
14911 # 1504
14922 # 1504
14936 # 1504
14942 # 1504
14967 # 1504
14972 # 1504
14990 # 1504
14998 # 1504
15016 # 1504
15026 # 1504
15037 # 1504
15047 # 1504
15058 # 1504
15070 # 1504
15082 # 1504
15092 # 1504
15101 # 1504
15110 # 1504
15119 # 1504
15128 # 1504
15141 # 1504
15161 # 1504
15169 # 1504
15195 # 1504
15361 # 1504
15385 # 1504
15391 # 1504
15391 # 1504
15391 # 1504
15391 # 1504
15391 # 1504
15412 # 1504
15422 # 1504
15431 # 1504
15454 # 1504
15472 # 1504
15473 # 1504
15486 # 1504
15495 # 1504
15510 # 1504
15520 # 1504
15526 # 1504
15534 # 1504
15545 # 1504
15562 # 1504
15566 # 1504
15577 # 1504
15587 # 1504
15596 # 1504
15610 # 1504
15615 # 1504
15636 # 1504
15650 # 1504
15656 # 1504
15680 # 1504
15711 # 1504
15735 # 1504
15745 # 1504
15763 # 1504
15771 # 1504
15792 # 1504
15800 # 1504
15822 # 1504
15831 # 1504
15840 # 1504
15968 # 1504
15977 # 1504
15977 # 1504
15977 # 1504
15977 # 1504
15986 # 1504
15996 # 1504
16006 # 1504
16020 # 1504
16025 # 1504
16040 # 1504
16054 # 1504
16064 # 1504
16075 # 1504
16083 # 1504
16095 # 1504
16104 # 1504
16115 # 1504
16125 # 1504
16133 # 1504
16143 # 1504
16160 # 1504
16162 # 1504
16171 # 1504
16180 # 1504
16190 # 1504
16198 # 1504
16210 # 1504
16220 # 1504
16228 # 1504
16237 # 1504
16255 # 1504
16270 # 1504
16281 # 1504
16286 # 1504
16297 # 1504
16312 # 1504
16328 # 1504
16348 # 1504
16360 # 1504
16371 # 1504
16383 # 1504
16428 # 1504
16440 # 1504
16446 # 1504
16468 # 1504
16509 # 1504
16725 # 1504
16732 # 1504
16742 # 1504
16770 # 1504
16770 # 1504
16798 # 1504
16976 # 1504
16976 # 1504
16976 # 1504
16976 # 1504
16981 # 1504
16984 # 1504
16993 # 1504
17007 # 1504
17011 # 1504
17015 # 1504
17015 # 1504
17022 # 1504
17022 # 1504
17022 # 1504
17023 # 1504
17023 # 1504
17023 # 1504
17025 # 1504
17025 # 1504
17028 # 1504
17030 # 1504
17031 # 1504
17033 # 1504
17034 # 1504
17035 # 1504
17036 # 1504
17039 # 1504
17041 # 1504
17042 # 1504
17043 # 1504
17045 # 1504
17046 # 1504
17048 # 1504
17058 # 1504
17058 # 1504
17058 # 1504
17058 # 1504
17059 # 1504
17060 # 1504
17060 # 1504
17062 # 1504
17066 # 1504
17066 # 1504
17067 # 1504
17079 # 1504
17079 # 1504
17080 # 1504
17080 # 1504
17080 # 1504
17080 # 1504
17081 # 1504
17083 # 1504
17083 # 1504
17084 # 1504
17085 # 1504
17086 # 1504
17087 # 1504
17088 # 1504
17089 # 1504
17090 # 1504
17091 # 1504
17092 # 1504
17094 # 1504
17096 # 1504
17096 # 1504
17097 # 1504
17098 # 1504
17099 # 1504
17100 # 1504
17101 # 1504
17105 # 1504
17105 # 1504
17106 # 1504
17107 # 1504
17108 # 1504
17111 # 1504
17114 # 1504
17114 # 1504
17115 # 1504
17116 # 1504
17117 # 1504
17119 # 1504
17120 # 1504
17121 # 1504
17122 # 1504
17123 # 1504
17124 # 1504
17125 # 1504
17128 # 1504
17129 # 1504
17130 # 1504
17131 # 1504
17132 # 1504
17133 # 1504
17145 # 1504
17145 # 1504
17146 # 1504
17146 # 1504
17146 # 1504
17146 # 1504
17146 # 1504
17146 # 1504
17146 # 1504
17146 # 1504
17147 # 1504
17148 # 1504
17150 # 1504
17150 # 1504
17151 # 1504
17152 # 1504
17153 # 1504
17154 # 1504
17156 # 1504
17158 # 1504
17163 # 1504
17171 # 1504
17175 # 1504
17181 # 1504
17182 # 1504
17192 # 1504
17199 # 1504
17201 # 1504
17210 # 1504
17210 # 1504
17212 # 1504
17214 # 1504
17216 # 1504
17217 # 1504
17222 # 1504
17222 # 1504
17223 # 1504
17226 # 1504
17230 # 1504
17240 # 1504
17240 # 1504
17241 # 1504
17242 # 1504
17242 # 1504
17242 # 1504
17252 # 1504
17252 # 1504
17255 # 1504
17255 # 1504
17255 # 1504
17255 # 1504
17257 # 1504
17261 # 1504
17263 # 1504
17264 # 1504
17269 # 1504
17270 # 1504
17271 # 1504
17276 # 1504
17280 # 1504
17280 # 1504
17284 # 1504
17286 # 1504
17287 # 1504
17288 # 1504
17289 # 1504
17291 # 1504
17293 # 1504
17293 # 1504
17294 # 1504
17295 # 1504
17296 # 1504
17297 # 1504
17298 # 1504
17299 # 1504
17300 # 1504
17301 # 1504
17302 # 1504
17304 # 1504
17305 # 1504
17306 # 1504
17320 # 1504
17322 # 1504
17325 # 1504
17327 # 1504
17330 # 1504
17332 # 1504
17337 # 1504
17338 # 1504
17341 # 1504
17343 # 1504
17346 # 1504
17348 # 1504
17350 # 1504
17351 # 1504
17362 # 1504
17362 # 1504
17362 # 1504
17362 # 1504
17375 # 1504
17375 # 1504
17378 # 1504
17381 # 1504
17383 # 1504
17387 # 1504
17394 # 1504
17397 # 1504
17397 # 1504
17398 # 1504
17400 # 1504
17412 # 1504
17412 # 1504
17422 # 1504
17423 # 1504
17423 # 1504
17431 # 1504
17453 # 1504
17458 # 1504
17463 # 1504
17466 # 1504
17470 # 1504
17472 # 1504
17475 # 1504
17476 # 1504
17480 # 1504
17483 # 1504
17484 # 1504
17488 # 1504
17489 # 1504
17492 # 1504
17497 # 1504
17499 # 1504
17502 # 1504
17504 # 1504
17508 # 1504
17512 # 1504
17515 # 1504
17519 # 1504
17521 # 1504
17522 # 1504
17526 # 1504
17528 # 1504
17530 # 1504
17534 # 1504
17536 # 1504
17537 # 1504
17539 # 1504
17542 # 1504
17543 # 1504
17545 # 1504
17547 # 1504
17550 # 1504
17552 # 1504
17556 # 1504
17558 # 1504
17560 # 1504
17561 # 1504
17565 # 1504
17567 # 1504
17568 # 1504
17570 # 1504
17572 # 1504
17575 # 1504
17575 # 1504
17576 # 1504
17578 # 1504
17581 # 1504
17581 # 1504
17592 # 1504
17607 # 1504
17608 # 1504
17611 # 1504
17613 # 1504
17615 # 1504
17616 # 1504
17617 # 1504
17620 # 1504
17622 # 1504
17623 # 1504
17625 # 1504
17627 # 1504
17629 # 1504
17629 # 1504
17632 # 1504
17634 # 1504
17636 # 1504
17637 # 1504
17639 # 1504
17642 # 1504
17644 # 1504
17644 # 1504
17646 # 1504
17649 # 1504
17660 # 1504
17660 # 1504
17660 # 1504
17670 # 1504
17670 # 1504
17671 # 1504
17680 # 1504
17680 # 1504
17683 # 1504
17684 # 1504
17684 # 1504
17686 # 1504
17687 # 1504
17690 # 1504
17692 # 1504
17692 # 1504
17694 # 1504
17698 # 1504
17700 # 1504
17700 # 1504
17702 # 1504
17705 # 1504
17707 # 1504
17708 # 1504
17711 # 1504
17712 # 1504
17713 # 1504
17715 # 1504
17716 # 1504
17717 # 1504
17719 # 1504
17721 # 1504
17728 # 1504
17728 # 1504
17728 # 1504
17728 # 1504
17730 # 1504
17731 # 1504
17733 # 1504
17735 # 1504
17736 # 1504
17738 # 1504
17739 # 1504
17741 # 1504
17742 # 1504
17749 # 1504
17750 # 1504
17756 # 1504
17758 # 1504
17760 # 1504
17762 # 1504
17763 # 1504
17764 # 1504
17766 # 1504
17767 # 1504
17769 # 1504
17773 # 1504
17773 # 1504
17774 # 1504
17776 # 1504
17777 # 1504
17779 # 1504
17780 # 1504
17787 # 1504
17787 # 1504
17787 # 1504
17793 # 1504
17793 # 1504
17793 # 1504
17794 # 1504
17798 # 1504
17798 # 1504
17799 # 1504
17801 # 1504
17803 # 1504
17806 # 1504
17808 # 1504
17809 # 1504
17810 # 1504
17812 # 1504
17814 # 1504
17816 # 1504
17816 # 1504
17817 # 1504
17836 # 1504
17837 # 1504
17842 # 1504
17842 # 1504
17842 # 1504
17842 # 1504
17843 # 1504
17843 # 1504
17843 # 1504
17844 # 1504
17844 # 1504
17844 # 1504
17844 # 1504
17845 # 1504
17852 # 1504
17852 # 1504
17860 # 1504
17860 # 1504
17860 # 1504
17860 # 1504
17860 # 1504
17860 # 1504
17862 # 1504
17862 # 1504
17877 # 1504
17877 # 1504
17877 # 1504
17877 # 1504
17877 # 1504
17877 # 1504
17877 # 1504
17877 # 1504
17878 # 1504
17878 # 1504
17879 # 1504
17880 # 1504
17881 # 1504
17885 # 1504
17895 # 1504
17895 # 1504
17895 # 1504
17895 # 1504
17895 # 1504
17895 # 1504
17896 # 1504
17897 # 1504
17912 # 1504
17912 # 1504
17912 # 1504
17913 # 1504
17913 # 1504
17913 # 1504
17913 # 1504
17913 # 1504
17913 # 1504
17913 # 1504
17913 # 1504
17914 # 1504
17917 # 1504
17917 # 1504
17918 # 1504
17919 # 1504
17920 # 1504
17924 # 1504
17924 # 1504
17924 # 1504
17933 # 1504
17933 # 1504
17933 # 1504
17933 # 1504
17933 # 1504
17933 # 1504
17934 # 1504
17935 # 1504
17936 # 1504
17937 # 1504
17938 # 1504
17940 # 1504
17948 # 1504
17948 # 1504
17948 # 1504
17948 # 1504
17948 # 1504
17948 # 1504
17949 # 1504
17957 # 1504
17958 # 1504
17958 # 1504
17958 # 1504
17965 # 1504
17966 # 1504
17966 # 1504
17966 # 1504
17966 # 1504
17966 # 1504
17966 # 1504
17966 # 1504
17967 # 1504
17967 # 1504
17979 # 1504
17979 # 1504
17979 # 1504
17979 # 1504
17979 # 1504
17979 # 1504
17979 # 1504
17979 # 1504
17980 # 1504
17981 # 1504
17982 # 1504
17985 # 1504
17985 # 1504
17988 # 1504
17988 # 1504
17989 # 1504
17993 # 1504
17993 # 1504
17994 # 1504
17995 # 1504
17996 # 1504
17997 # 1504
18001 # 1504
18001 # 1504
18001 # 1504
18002 # 1504
18004 # 1504
18005 # 1504
18006 # 1504
18007 # 1504
18020 # 1504
18020 # 1504
18020 # 1504
18020 # 1504
18021 # 1504
18021 # 1504
18021 # 1504
18021 # 1504
18021 # 1504
18021 # 1504
18021 # 1504
18021 # 1504
18022 # 1504
18023 # 1504
18027 # 1504
18027 # 1504
18027 # 1504
18027 # 1504
18028 # 1504
18033 # 1504
18033 # 1504
18033 # 1504
18034 # 1504
18039 # 1504
18039 # 1504
18039 # 1504
18040 # 1504
18043 # 1504
18044 # 1504
18048 # 1504
18049 # 1504
18060 # 1504
18060 # 1504
18060 # 1504
18060 # 1504
18060 # 1504
18060 # 1504
18060 # 1504
18060 # 1504
18062 # 1504
18064 # 1504
18081 # 1504
18081 # 1504
18082 # 1504
18082 # 1504
18082 # 1504
18082 # 1504
18082 # 1504
18082 # 1504
18082 # 1504
18082 # 1504
18082 # 1504
18083 # 1504
18083 # 1504
18083 # 1504
18083 # 1504
18083 # 1504
18099 # 1504
18099 # 1504
18099 # 1504
18099 # 1504
18099 # 1504
18099 # 1504
18099 # 1504
18100 # 1504
18100 # 1504
18100 # 1504
18100 # 1504
18100 # 1504
18101 # 1504
18111 # 1504
18111 # 1504
18111 # 1504
18111 # 1504
18111 # 1504
18119 # 1504
18119 # 1504
18119 # 1504
18119 # 1504
18119 # 1504
18120 # 1504
18121 # 1504
18124 # 1504
18124 # 1504
18125 # 1504
18128 # 1504
18128 # 1504
18129 # 1504
18130 # 1504
18131 # 1504
18132 # 1504
18136 # 1504
18137 # 1504
18137 # 1504
18138 # 1504
18139 # 1504
18140 # 1504
18143 # 1504
18143 # 1504
18154 # 1504
18156 # 1504
18156 # 1504
18157 # 1504
18157 # 1504
18157 # 1504
18157 # 1504
18157 # 1504
18157 # 1504
18157 # 1504
18157 # 1504
18160 # 1504
18160 # 1504
18161 # 1504
18162 # 1504
18165 # 1504
18166 # 1504
18166 # 1504
18167 # 1504
18178 # 1504
18178 # 1504
18178 # 1504
18178 # 1504
18178 # 1504
18179 # 1504
18179 # 1504
18179 # 1504
18179 # 1504
18179 # 1504
18179 # 1504
18180 # 1504
18181 # 1504
18182 # 1504
18183 # 1504
18184 # 1504
18185 # 1504
18191 # 1504
18191 # 1504
18191 # 1504
18191 # 1504
18191 # 1504
18191 # 1504
18192 # 1504
18193 # 1504
18199 # 1504
18199 # 1504
18199 # 1504
18199 # 1504
18199 # 1504
18199 # 1504
18200 # 1504
18201 # 1504
18201 # 1504
18202 # 1504
18205 # 1504
18216 # 1504
18216 # 1504
18216 # 1504
18216 # 1504
18217 # 1504
18217 # 1504
18217 # 1504
18217 # 1504
18217 # 1504
18217 # 1504
18217 # 1504
18217 # 1504
18217 # 1504
18218 # 1504
18218 # 1504
18219 # 1504
18221 # 1504
18221 # 1504
18222 # 1504
18228 # 1504
18228 # 1504
18228 # 1504
18228 # 1504
18228 # 1504
18229 # 1504
18229 # 1504
18240 # 1504
18240 # 1504
18240 # 1504
18240 # 1504
18240 # 1504
18240 # 1504
18240 # 1504
18240 # 1504
18240 # 1504
18241 # 1504
18251 # 1504
18252 # 1504
18253 # 1504
18253 # 1504
18254 # 1504
18255 # 1504
18258 # 1504
18258 # 1504
18281 # 1504
18281 # 1504
18281 # 1504
18281 # 1504
18281 # 1504
18281 # 1504
18281 # 1504
18281 # 1504
18282 # 1504
18282 # 1504
18304 # 1504
18304 # 1504
18304 # 1504
18305 # 1504
18305 # 1504
18305 # 1504
18305 # 1504
18305 # 1504
18305 # 1504
18305 # 1504
18305 # 1504
18306 # 1504
18306 # 1504
18306 # 1504
18306 # 1504
18306 # 1504
18306 # 1504
18308 # 1504
18308 # 1504
18309 # 1504
18315 # 1504
18315 # 1504
18315 # 1504
18316 # 1504
18316 # 1504
18317 # 1504
18318 # 1504
18322 # 1504
18330 # 1504
18330 # 1504
18330 # 1504
18333 # 1504
18333 # 1504
18333 # 1504
18333 # 1504
18333 # 1504
18333 # 1504
18334 # 1504
18335 # 1504
18336 # 1504
18337 # 1504
18338 # 1504
18348 # 1504
18348 # 1504
18348 # 1504
18348 # 1504
18348 # 1504
18348 # 1504
18348 # 1504
18348 # 1504
18349 # 1504
18350 # 1504
18351 # 1504
18352 # 1504
18361 # 1504
18361 # 1504
18361 # 1504
18362 # 1504
18362 # 1504
18362 # 1504
18362 # 1504
18362 # 1504
18362 # 1504
18373 # 1504
18376 # 1504
18376 # 1504
18377 # 1504
18377 # 1504
18377 # 1504
18377 # 1504
18377 # 1504
18382 # 1504
18382 # 1504
18382 # 1504
18382 # 1504
18383 # 1504
18384 # 1504
18386 # 1504
18387 # 1504
18388 # 1504
18389 # 1504
18390 # 1504
18391 # 1504
18406 # 1504
18406 # 1504
18406 # 1504
18406 # 1504
18406 # 1504
18413 # 1504
18413 # 1504
18414 # 1504
18414 # 1504
18416 # 1504
18422 # 1504
18422 # 1504
18422 # 1504
18422 # 1504
18422 # 1504
18433 # 1504
18433 # 1504
18433 # 1504
18442 # 1504
18442 # 1504
18443 # 1504
18444 # 1504
18450 # 1504
18450 # 1504
18450 # 1504
18450 # 1504
18455 # 1504
18455 # 1504
18459 # 1504
18460 # 1504
18460 # 1504
18460 # 1504
18463 # 1504
18465 # 1504
18466 # 1504
18472 # 1504
18482 # 1504
18482 # 1504
18482 # 1504
18482 # 1504
18484 # 1504
18484 # 1504
18486 # 1504
18488 # 1504
18494 # 1504
18499 # 1504
18503 # 1504
18507 # 1504
18513 # 1504
18519 # 1504
18529 # 1504
18532 # 1504
18537 # 1504
18545 # 1504
18552 # 1504
18557 # 1504
18563 # 1504
18572 # 1504
18576 # 1504
18583 # 1504
18598 # 1504
18598 # 1504
18601 # 1504
18605 # 1504
18612 # 1504
18616 # 1504
18622 # 1504
18626 # 1504
18630 # 1504
18635 # 1504
18640 # 1504
18648 # 1504
18651 # 1504
18653 # 1504
18658 # 1504
18662 # 1504
18666 # 1504
18671 # 1504
18676 # 1504
18679 # 1504
18688 # 1504
18697 # 1504
18697 # 1504
18697 # 1504
18698 # 1504
18700 # 1504
18703 # 1504
18715 # 1504
18715 # 1504
18715 # 1504
18715 # 1504
18717 # 1504
18721 # 1504
18724 # 1504
18726 # 1504
18735 # 1504
18735 # 1504
18735 # 1504
18738 # 1504
18741 # 1504
18745 # 1504
18757 # 1504
18757 # 1504
18757 # 1504
18757 # 1504
18757 # 1504
18760 # 1504
18762 # 1504
18763 # 1504
18765 # 1504
18775 # 1504
18775 # 1504
18775 # 1504
18775 # 1504
18777 # 1504
18779 # 1504
18783 # 1504
18785 # 1504
18786 # 1504
18789 # 1504
18792 # 1504
18794 # 1504
18802 # 1504
18802 # 1504
18803 # 1504
18803 # 1504
18810 # 1504
18810 # 1504
18811 # 1504
18814 # 1504
18818 # 1504
18819 # 1504
18821 # 1504
18823 # 1504
18833 # 1504
18833 # 1504
18833 # 1504
18833 # 1504
18835 # 1504
18837 # 1504
18839 # 1504
18841 # 1504
18843 # 1504
18850 # 1504
18850 # 1504
18850 # 1504
18852 # 1504
18855 # 1504
18855 # 1504
18857 # 1504
18859 # 1504
18861 # 1504
18863 # 1504
18865 # 1504
18867 # 1504
18878 # 1504
18878 # 1504
18878 # 1504
18878 # 1504
18878 # 1504
18880 # 1504
18882 # 1504
18884 # 1504
18886 # 1504
18888 # 1504
18890 # 1504
18892 # 1504
18893 # 1504
18905 # 1504
18905 # 1504
18905 # 1504
18905 # 1504
18905 # 1504
18905 # 1504
18916 # 1504
18916 # 1504
18916 # 1504
18916 # 1504
18917 # 1504
18917 # 1504
18919 # 1504
18921 # 1504
18923 # 1504
18931 # 1504
18931 # 1504
18931 # 1504
18932 # 1504
18935 # 1504
18937 # 1504
18938 # 1504
18941 # 1504
18944 # 1504
18953 # 1504
18953 # 1504
18953 # 1504
18953 # 1504
18956 # 1504
18956 # 1504
18958 # 1504
18960 # 1504
18963 # 1504
18966 # 1504
18966 # 1504
18967 # 1504
18970 # 1504
18971 # 1504
18973 # 1504
18974 # 1504
18976 # 1504
18978 # 1504
18980 # 1504
18983 # 1504
18983 # 1504
18985 # 1504
18987 # 1504
18989 # 1504
18992 # 1504
18994 # 1504
18995 # 1504
18996 # 1504
18998 # 1504
19000 # 1504
19002 # 1504
19004 # 1504
19005 # 1504
19007 # 1504
19009 # 1504
19012 # 1504
19012 # 1504
19017 # 1504
19017 # 1504
19019 # 1504
19020 # 1504
19022 # 1504
19023 # 1504
19025 # 1504
19027 # 1504
19029 # 1504
19033 # 1504
19033 # 1504
19034 # 1504
19036 # 1504
19037 # 1504
19043 # 1504
19044 # 1504
19044 # 1504
19045 # 1504
19047 # 1504
19049 # 1504
19051 # 1504
19052 # 1504
19054 # 1504
19056 # 1504
19058 # 1504
19060 # 1504
19061 # 1504
19065 # 1504
19065 # 1504
19067 # 1504
19072 # 1504
19072 # 1504
19072 # 1504
19075 # 1504
19076 # 1504
19077 # 1504
19080 # 1504
19081 # 1504
19084 # 1504
19085 # 1504
19086 # 1504
19088 # 1504
19090 # 1504
19093 # 1504
19094 # 1504
19095 # 1504
19097 # 1504
19098 # 1504
19100 # 1504
19101 # 1504
19103 # 1504
19109 # 1504
19109 # 1504
19109 # 1504
19110 # 1504
19112 # 1504
19114 # 1504
19115 # 1504
19117 # 1504
19118 # 1504
19120 # 1504
19121 # 1504
19123 # 1504
19126 # 1504
19127 # 1504
19128 # 1504
19129 # 1504
19132 # 1504
19134 # 1504
19135 # 1504
19137 # 1504
19138 # 1504
19147 # 1504
19147 # 1504
19148 # 1504
19148 # 1504
19148 # 1504
19150 # 1504
19151 # 1504
19152 # 1504
19154 # 1504
19155 # 1504
19158 # 1504
19160 # 1504
19160 # 1504
19162 # 1504
19164 # 1504
19165 # 1504
19174 # 1504
19175 # 1504
19175 # 1504
19175 # 1504
19175 # 1504
19176 # 1504
19178 # 1504
19179 # 1504
19181 # 1504
19183 # 1504
19184 # 1504
19186 # 1504
19187 # 1504
19190 # 1504
19190 # 1504
19193 # 1504
19194 # 1504
19196 # 1504
19197 # 1504
19199 # 1504
19200 # 1504
19202 # 1504
19204 # 1504
19205 # 1504
19207 # 1504
19209 # 1504
19210 # 1504
19212 # 1504
19214 # 1504
19215 # 1504
19218 # 1504
19219 # 1504
19221 # 1504
19222 # 1504
19224 # 1504
19227 # 1504
19227 # 1504
19229 # 1504
19230 # 1504
19232 # 1504
19234 # 1504
19235 # 1504
19237 # 1504
19238 # 1504
19240 # 1504
19241 # 1504
19244 # 1504
19245 # 1504
19246 # 1504
19248 # 1504
19250 # 1504
19251 # 1504
19253 # 1504
19256 # 1504
19256 # 1504
19258 # 1504
19260 # 1504
19262 # 1504
19263 # 1504
19264 # 1504
19266 # 1504
19268 # 1504
19269 # 1504
19270 # 1504
19272 # 1504
19275 # 1504
19275 # 1504
19277 # 1504
19278 # 1504
19280 # 1504
19286 # 1504
19286 # 1504
19286 # 1504
19287 # 1504
19288 # 1504
19289 # 1504
19291 # 1504
19292 # 1504
19293 # 1504
19294 # 1504
19305 # 1504
19305 # 1504
19305 # 1504
19305 # 1504
19305 # 1504
19305 # 1504
19306 # 1504
19315 # 1504
19315 # 1504
19315 # 1504
19315 # 1504
19316 # 1504
19316 # 1504
19316 # 1504
19316 # 1504
19317 # 1504
19319 # 1504
19322 # 1504
19323 # 1504
19324 # 1504
19325 # 1504
19327 # 1504
19329 # 1504
19330 # 1504
19332 # 1504
19333 # 1504
19336 # 1504
19337 # 1504
19338 # 1504
19340 # 1504
19341 # 1504
19343 # 1504
19345 # 1504
19346 # 1504
19348 # 1504
19349 # 1504
19351 # 1504
19354 # 1504
19355 # 1504
19356 # 1504
19357 # 1504
19359 # 1504
19360 # 1504
19362 # 1504
19364 # 1504
19365 # 1504
19367 # 1504
19368 # 1504
19371 # 1504
19372 # 1504
19373 # 1504
19375 # 1504
19377 # 1504
19378 # 1504
19381 # 1504
19382 # 1504
19383 # 1504
19385 # 1504
19386 # 1504
19388 # 1504
19389 # 1504
19391 # 1504
19395 # 1504
19396 # 1504
19397 # 1504
19399 # 1504
19400 # 1504
19402 # 1504
19404 # 1504
19408 # 1504
19409 # 1504
19410 # 1504
19411 # 1504
19412 # 1504
19413 # 1504
19414 # 1504
19416 # 1504
19417 # 1504
19418 # 1504
19427 # 1504
19428 # 1504
19428 # 1504
19428 # 1504
19435 # 1504
19435 # 1504
19435 # 1504
19435 # 1504
19435 # 1504
19435 # 1504
19444 # 1504
19444 # 1504
19444 # 1504
19445 # 1504
19445 # 1504
19445 # 1504
19454 # 1504
19456 # 1504
19456 # 1504
19457 # 1504
19459 # 1504
19459 # 1504
19460 # 1504
19460 # 1504
19461 # 1504
19462 # 1504
19466 # 1504
19468 # 1504
19468 # 1504
19470 # 1504
19471 # 1504
19474 # 1504
19477 # 1504
19478 # 1504
19480 # 1504
19483 # 1504
19486 # 1504
19488 # 1504
19490 # 1504
19492 # 1504
19495 # 1504
19505 # 1504
19505 # 1504
19506 # 1504
19506 # 1504
19507 # 1504
19509 # 1504
19510 # 1504
19511 # 1504
19513 # 1504
19517 # 1504
19517 # 1504
19519 # 1504
19521 # 1504
19523 # 1504
19525 # 1504
19527 # 1504
19529 # 1504
19530 # 1504
19534 # 1504
19536 # 1504
19538 # 1504
19539 # 1504
19541 # 1504
19542 # 1504
19554 # 1504
19554 # 1504
19554 # 1504
19554 # 1504
19554 # 1504
19554 # 1504
19555 # 1504
19558 # 1504
19569 # 1504
19569 # 1504
19569 # 1504
19569 # 1504
19569 # 1504
19569 # 1504
19570 # 1504
19572 # 1504
19574 # 1504
19576 # 1504
19579 # 1504
19581 # 1504
19582 # 1504
19585 # 1504
19586 # 1504
19588 # 1504
19589 # 1504
19591 # 1504
19594 # 1504
19596 # 1504
19597 # 1504
19598 # 1504
19607 # 1504
19607 # 1504
19608 # 1504
19608 # 1504
19608 # 1504
19611 # 1504
19612 # 1504
19613 # 1504
19615 # 1504
19618 # 1504
19619 # 1504
19620 # 1504
19622 # 1504
19623 # 1504
19625 # 1504
19627 # 1504
19630 # 1504
19630 # 1504
19632 # 1504
19633 # 1504
19637 # 1504
19638 # 1504
19640 # 1504
19642 # 1504
19643 # 1504
19645 # 1504
19647 # 1504
19649 # 1504
19660 # 1504
19660 # 1504
19660 # 1504
19660 # 1504
19661 # 1504
19661 # 1504
19662 # 1504
19664 # 1504
19667 # 1504
19667 # 1504
19669 # 1504
19671 # 1504
19674 # 1504
19675 # 1504
19676 # 1504
19677 # 1504
19679 # 1504
19682 # 1504
19682 # 1504
19684 # 1504
19688 # 1504
19688 # 1504
19689 # 1504
19691 # 1504
19692 # 1504
19696 # 1504
19696 # 1504
19697 # 1504
19699 # 1504
19700 # 1504
19702 # 1504
19705 # 1504
19708 # 1504
19708 # 1504
19709 # 1504
19710 # 1504
19712 # 1504
19714 # 1504
19715 # 1504
19719 # 1504
19719 # 1504
19720 # 1504
19721 # 1504
19723 # 1504
19727 # 1504
19727 # 1504
19728 # 1504
19730 # 1504
19731 # 1504
19733 # 1504
19735 # 1504
19736 # 1504
19738 # 1504
19740 # 1504
19741 # 1504
19744 # 1504
19744 # 1504
19746 # 1504
19749 # 1504
19749 # 1504
19751 # 1504
19752 # 1504
19756 # 1504
19756 # 1504
19761 # 1504
19761 # 1504
19763 # 1504
19764 # 1504
19765 # 1504
19767 # 1504
19768 # 1504
19770 # 1504
19771 # 1504
19773 # 1504
19775 # 1504
19780 # 1504
19780 # 1504
19781 # 1504
19783 # 1504
19784 # 1504
19786 # 1504
19787 # 1504
19789 # 1504
19791 # 1504
19791 # 1504
19813 # 1504
19813 # 1504
19814 # 1504
19814 # 1504
19814 # 1504
19814 # 1504
19814 # 1504
19814 # 1504
19814 # 1504
19814 # 1504
19814 # 1504
19815 # 1504
19815 # 1504
19821 # 1504
19821 # 1504
19833 # 1504
19833 # 1504
19833 # 1504
19833 # 1504
19834 # 1504
19834 # 1504
19834 # 1504
19834 # 1504
19838 # 1504
19838 # 1504
19838 # 1504
19838 # 1504
19838 # 1504
19839 # 1504
19840 # 1504
19841 # 1504
19842 # 1504
19848 # 1504
19848 # 1504
19849 # 1504
19849 # 1504
19868 # 1504
19871 # 1504
19871 # 1504
19871 # 1504
19871 # 1504
19871 # 1504
19871 # 1504
19871 # 1504
19871 # 1504
19873 # 1504
19877 # 1504
19877 # 1504
19878 # 1504
19881 # 1504
19882 # 1504
19883 # 1504
19885 # 1504
19886 # 1504
19888 # 1504
19889 # 1504
19892 # 1504
19892 # 1504
19894 # 1504
19896 # 1504
19921 # 1504
19921 # 1504
19921 # 1504
19921 # 1504
19921 # 1504
19921 # 1504
19921 # 1504
19921 # 1504
19922 # 1504
19922 # 1504
19922 # 1504
19922 # 1504
19922 # 1504
19922 # 1504
19922 # 1504
19923 # 1504
19924 # 1504
19925 # 1504
19928 # 1504
19929 # 1504
19930 # 1504
19932 # 1504
19933 # 1504
19941 # 1504
19941 # 1504
19941 # 1504
19941 # 1504
19942 # 1504
19943 # 1504
19947 # 1504
19947 # 1504
19958 # 1504
19958 # 1504
19958 # 1504
19958 # 1504
19958 # 1504
19958 # 1504
19958 # 1504
19974 # 1504
19974 # 1504
19975 # 1504
19975 # 1504
19975 # 1504
19980 # 1504
19980 # 1504
19980 # 1504
19980 # 1504
19980 # 1504
19980 # 1504
19980 # 1504
19980 # 1504
19981 # 1504
19982 # 1504
19983 # 1504
19984 # 1504
19985 # 1504
19987 # 1504
19988 # 1504
19990 # 1504
20012 # 1504
20012 # 1504
20012 # 1504
20012 # 1504
20012 # 1504
20012 # 1504
20013 # 1504
20013 # 1504
20013 # 1504
20013 # 1504
20013 # 1504
20013 # 1504
20013 # 1504
20022 # 1504
20023 # 1504
20030 # 1504
20030 # 1504
20030 # 1504
20030 # 1504
20030 # 1504
20030 # 1504
20030 # 1504
20036 # 1504
20039 # 1504
20041 # 1504
20041 # 1504
20043 # 1504
20044 # 1504
20049 # 1504
20050 # 1504
20050 # 1504
20058 # 1504
20058 # 1504
20058 # 1504
20058 # 1504
20058 # 1504
20059 # 1504
20059 # 1504
20059 # 1504
20069 # 1504
20069 # 1504
20069 # 1504
20069 # 1504
20069 # 1504
20069 # 1504
20069 # 1504
20082 # 1504
20082 # 1504
20082 # 1504
20082 # 1504
20082 # 1504
20082 # 1504
20083 # 1504
20083 # 1504
20083 # 1504
20083 # 1504
20083 # 1504
20083 # 1504
20084 # 1504
20087 # 1504
20087 # 1504
20087 # 1504
20088 # 1504
20091 # 1504
20094 # 1504
20111 # 1504
20112 # 1504
20112 # 1504
20112 # 1504
20112 # 1504
20112 # 1504
20112 # 1504
20113 # 1504
20115 # 1504
20118 # 1504
20118 # 1504
20119 # 1504
20120 # 1504
20122 # 1504
20123 # 1504
20134 # 1504
20134 # 1504
20138 # 1504
20138 # 1504
20139 # 1504
20139 # 1504
20139 # 1504
20139 # 1504
20139 # 1504
20140 # 1504
20141 # 1504
20144 # 1504
20145 # 1504
20147 # 1504
20147 # 1504
20150 # 1504
20150 # 1504
20151 # 1504
20153 # 1504
20154 # 1504
20159 # 1504
20159 # 1504
20159 # 1504
20160 # 1504
20162 # 1504
20164 # 1504
20165 # 1504
20166 # 1504
20168 # 1504
20169 # 1504
20171 # 1504
20172 # 1504
20175 # 1504
20175 # 1504
20180 # 1504
20180 # 1504
20180 # 1504
20182 # 1504
20184 # 1504
20194 # 1504
20195 # 1504
20195 # 1504
20195 # 1504
20198 # 1504
20203 # 1504
20203 # 1504
20203 # 1504
20206 # 1504
20208 # 1504
20210 # 1504
20213 # 1504
20215 # 1504
20219 # 1504
20220 # 1504
20220 # 1504
20222 # 1504
20226 # 1504
20228 # 1504
20229 # 1504
20232 # 1504
20233 # 1504
20235 # 1504
20237 # 1504
20240 # 1504
20244 # 1504
20245 # 1504
20247 # 1504
20250 # 1504
20253 # 1504
20254 # 1504
20261 # 1504
20261 # 1504
20262 # 1504
20263 # 1504
20265 # 1504
20267 # 1504
20271 # 1504
20272 # 1504
20275 # 1504
20277 # 1504
20279 # 1504
20280 # 1504
20282 # 1504
20285 # 1504
20286 # 1504
20288 # 1504
20291 # 1504
20294 # 1504
20298 # 1504
20299 # 1504
20301 # 1504
20303 # 1504
20305 # 1504
20307 # 1504
20309 # 1504
20312 # 1504
20313 # 1504
20317 # 1504
20318 # 1504
20320 # 1504
20323 # 1504
20325 # 1504
20328 # 1504
20329 # 1504
20341 # 1504
20342 # 1504
20342 # 1504
20342 # 1504
20342 # 1504
20342 # 1504
20344 # 1504
20345 # 1504
20346 # 1504
20348 # 1504
20350 # 1504
20352 # 1504
20355 # 1504
20358 # 1504
20359 # 1504
20362 # 1504
20364 # 1504
20368 # 1504
20369 # 1504
20370 # 1504
20372 # 1504
20374 # 1504
20377 # 1504
20380 # 1504
20381 # 1504
20383 # 1504
20387 # 1504
20389 # 1504
20390 # 1504
20392 # 1504
20394 # 1504
20397 # 1504
20400 # 1504
20402 # 1504
20404 # 1504
20406 # 1504
20411 # 1504
20411 # 1504
20413 # 1504
20414 # 1504
20416 # 1504
20419 # 1504
20420 # 1504
20421 # 1504
20423 # 1504
20426 # 1504
20427 # 1504
20429 # 1504
20431 # 1504
20433 # 1504
20435 # 1504
20438 # 1504
20439 # 1504
20440 # 1504
20443 # 1504
20446 # 1504
20447 # 1504
20449 # 1504
20452 # 1504
20452 # 1504
20457 # 1504
20457 # 1504
20458 # 1504
20459 # 1504
20463 # 1504
20463 # 1504
20467 # 1504
20467 # 1504
20469 # 1504
20471 # 1504
20473 # 1504
20474 # 1504
20475 # 1504
20477 # 1504
20481 # 1504
20481 # 1504
20482 # 1504
20485 # 1504
20486 # 1504
20488 # 1504
20498 # 1504
20499 # 1504
20500 # 1504
20502 # 1504
20502 # 1504
20503 # 1504
20504 # 1504
20505 # 1504
20505 # 1504
20511 # 1504
20514 # 1504
20515 # 1504
20516 # 1504
20519 # 1504
20520 # 1504
20521 # 1504
20523 # 1504
20526 # 1504
20530 # 1504
20537 # 1504
20550 # 1504
20550 # 1504
20552 # 1504
20552 # 1504
20555 # 1504
20555 # 1504
20559 # 1504
20567 # 1504
20573 # 1504
20574 # 1504
20574 # 1504
20574 # 1504
20574 # 1504
20575 # 1504
20580 # 1504
20586 # 1504
20592 # 1504
20599 # 1504
20606 # 1504
20612 # 1504
20617 # 1504
20620 # 1504
20625 # 1504
20631 # 1504
20635 # 1504
20639 # 1504
20643 # 1504
20652 # 1504
20662 # 1504
20664 # 1504
20672 # 1504
20672 # 1504
20675 # 1504
20676 # 1504
20678 # 1504
20682 # 1504
20683 # 1504
20688 # 1504
20692 # 1504
20695 # 1504
20697 # 1504
20701 # 1504
20733 # 1504
20733 # 1504
20733 # 1504
20733 # 1504
20733 # 1504
20734 # 1504
20734 # 1504
20734 # 1504
20734 # 1504
20734 # 1504
20736 # 1504
20738 # 1504
20739 # 1504
20744 # 1504
20749 # 1504
20755 # 1504
20757 # 1504
20760 # 1504
20762 # 1504
20764 # 1504
20769 # 1504
20771 # 1504
20773 # 1504
20780 # 1504
20789 # 1504
20789 # 1504
20794 # 1504
20795 # 1504
20797 # 1504
20800 # 1504
20802 # 1504
20818 # 1504
20818 # 1504
20818 # 1504
20818 # 1504
20818 # 1504
20818 # 1504
20818 # 1504
20821 # 1504
20823 # 1504
20825 # 1504
20827 # 1504
20829 # 1504
20831 # 1504
20833 # 1504
20851 # 1504
20851 # 1504
20851 # 1504
20851 # 1504
20851 # 1504
20851 # 1504
20852 # 1504
20852 # 1504
20855 # 1504
20857 # 1504
20859 # 1504
20891 # 1504
20891 # 1504
20891 # 1504
20891 # 1504
20891 # 1504
20892 # 1504
20892 # 1504
20892 # 1504
20892 # 1504
20892 # 1504
20892 # 1504
20892 # 1504
20892 # 1504
20892 # 1504
20893 # 1504
20893 # 1504
20897 # 1504
20900 # 1504
20904 # 1504
20904 # 1504
20908 # 1504
20909 # 1504
20911 # 1504
20914 # 1504
20916 # 1504
20919 # 1504
20921 # 1504
20923 # 1504
20925 # 1504
20927 # 1504
20931 # 1504
20933 # 1504
20936 # 1504
20940 # 1504
20945 # 1504
20949 # 1504
20949 # 1504
20952 # 1504
20955 # 1504
20958 # 1504
20962 # 1504
20964 # 1504
20966 # 1504
20968 # 1504
20970 # 1504
20982 # 1504
20982 # 1504
20983 # 1504
21002 # 1504
21002 # 1504
21002 # 1504
21003 # 1504
21003 # 1504
21003 # 1504
21003 # 1504
21003 # 1504
21003 # 1504
21003 # 1504
21004 # 1504
21004 # 1504
21015 # 1504
21018 # 1504
21018 # 1504
21018 # 1504
21018 # 1504
21018 # 1504
21026 # 1504
21026 # 1504
21026 # 1504
21026 # 1504
21026 # 1504
21035 # 1504
21035 # 1504
21051 # 1504
21051 # 1504
21051 # 1504
21051 # 1504
21051 # 1504
21052 # 1504
21055 # 1504
21055 # 1504
21055 # 1504
21055 # 1504
21055 # 1504
21065 # 1504
21065 # 1504
21065 # 1504
21065 # 1504
21065 # 1504
21066 # 1504
21068 # 1504
21069 # 1504
21071 # 1504
21073 # 1504
21074 # 1504
21076 # 1504
21077 # 1504
21080 # 1504
21081 # 1504
21082 # 1504
21084 # 1504
21085 # 1504
21089 # 1504
21089 # 1504
21098 # 1504
21098 # 1504
21098 # 1504
21098 # 1504
21098 # 1504
21100 # 1504
21103 # 1504
21105 # 1504
21106 # 1504
21107 # 1504
21109 # 1504
21112 # 1504
21112 # 1504
21114 # 1504
21126 # 1504
21126 # 1504
21126 # 1504
21126 # 1504
21126 # 1504
21126 # 1504
21127 # 1504
21128 # 1504
21130 # 1504
21131 # 1504
21135 # 1504
21137 # 1504
21137 # 1504
21139 # 1504
21140 # 1504
21142 # 1504
21143 # 1504
21145 # 1504
21146 # 1504
21148 # 1504
21150 # 1504
21152 # 1504
21152 # 1504
21157 # 1504
21157 # 1504
21158 # 1504
21159 # 1504
21162 # 1504
21162 # 1504
21164 # 1504
21166 # 1504
21168 # 1504
21172 # 1504
21172 # 1504
21172 # 1504
21183 # 1504
21183 # 1504
21185 # 1504
21186 # 1504
21187 # 1504
21191 # 1504
21192 # 1504
21193 # 1504
21193 # 1504
21194 # 1504
21195 # 1504
21197 # 1504
21199 # 1504
21200 # 1504
21202 # 1504
21208 # 1504
21208 # 1504
21208 # 1504
21209 # 1504
21210 # 1504
21212 # 1504
21213 # 1504
21215 # 1504
21216 # 1504
21218 # 1504
21220 # 1504
21221 # 1504
21223 # 1504
21224 # 1504
21226 # 1504
21228 # 1504
21229 # 1504
21230 # 1504
21232 # 1504
21234 # 1504
21235 # 1504
21237 # 1504
21239 # 1504
21240 # 1504
21242 # 1504
21245 # 1504
21246 # 1504
21247 # 1504
21251 # 1504
21252 # 1504
21252 # 1504
21254 # 1504
21256 # 1504
21257 # 1504
21259 # 1504
21260 # 1504
21262 # 1504
21264 # 1504
21265 # 1504
21267 # 1504
21268 # 1504
21270 # 1504
21272 # 1504
21273 # 1504
21275 # 1504
21276 # 1504
21278 # 1504
21279 # 1504
21281 # 1504
21283 # 1504
21284 # 1504
21287 # 1504
21288 # 1504
21289 # 1504
21300 # 1504
21300 # 1504
21300 # 1504
21300 # 1504
21300 # 1504
21300 # 1504
21303 # 1504
21308 # 1504
21308 # 1504
21309 # 1504
21310 # 1504
21311 # 1504
21313 # 1504
21315 # 1504
21317 # 1504
21318 # 1504
21322 # 1504
21322 # 1504
21323 # 1504
21325 # 1504
21326 # 1504
21327 # 1504
21330 # 1504
21331 # 1504
21332 # 1504
21334 # 1504
21338 # 1504
21338 # 1504
21339 # 1504
21342 # 1504
21342 # 1504
21344 # 1504
21346 # 1504
21347 # 1504
21349 # 1504
21350 # 1504
21353 # 1504
21354 # 1504
21355 # 1504
21357 # 1504
21359 # 1504
21360 # 1504
21361 # 1504
21363 # 1504
21365 # 1504
21366 # 1504
21367 # 1504
21370 # 1504
21371 # 1504
21375 # 1504
21376 # 1504
21376 # 1504
21378 # 1504
21379 # 1504
21390 # 1504
21390 # 1504
21390 # 1504
21390 # 1504
21390 # 1504
21400 # 1504
21400 # 1504
21400 # 1504
21402 # 1504
21405 # 1504
21407 # 1504
21409 # 1504
21411 # 1504
21411 # 1504
21412 # 1504
21413 # 1504
21417 # 1504
21418 # 1504
21419 # 1504
21422 # 1504
21422 # 1504
21424 # 1504
21425 # 1504
21427 # 1504
21428 # 1504
21430 # 1504
21432 # 1504
21433 # 1504
21438 # 1504
21438 # 1504
21439 # 1504
21439 # 1504
21441 # 1504
21443 # 1504
21444 # 1504
21447 # 1504
21447 # 1504
21462 # 1504
21463 # 1504
21463 # 1504
21464 # 1504
21464 # 1504
21464 # 1504
21465 # 1504
21466 # 1504
21467 # 1504
21471 # 1504
21473 # 1504
21474 # 1504
21475 # 1504
21476 # 1504
21479 # 1504
21480 # 1504
21481 # 1504
21483 # 1504
21484 # 1504
21486 # 1504
21488 # 1504
21488 # 1504
21492 # 1504
21494 # 1504
21495 # 1504
21496 # 1504
21498 # 1504
21499 # 1504
21500 # 1504
21503 # 1504
21503 # 1504
21505 # 1504
21506 # 1504
21507 # 1504
21508 # 1504
21510 # 1504
21512 # 1504
21513 # 1504
21515 # 1504
21516 # 1504
21518 # 1504
21519 # 1504
21521 # 1504
21523 # 1504
21524 # 1504
21526 # 1504
21528 # 1504
21529 # 1504
21530 # 1504
21532 # 1504
21533 # 1504
21543 # 1504
21543 # 1504
21543 # 1504
21543 # 1504
21543 # 1504
21543 # 1504
21544 # 1504
21545 # 1504
21547 # 1504
21548 # 1504
21549 # 1504
21560 # 1504
21560 # 1504
21560 # 1504
21561 # 1504
21563 # 1504
21566 # 1504
21567 # 1504
21572 # 1504
21576 # 1504
21576 # 1504
21576 # 1504
21576 # 1504
21577 # 1504
21580 # 1504
21580 # 1504
21583 # 1504
21588 # 1504
21588 # 1504
21589 # 1504
21599 # 1504
21600 # 1504
21607 # 1504
21611 # 1504
21611 # 1504
21614 # 1504
21619 # 1504
21622 # 1504
21627 # 1504
21630 # 1504
21635 # 1504
21637 # 1504
21642 # 1504
21646 # 1504
21649 # 1504
21653 # 1504
21656 # 1504
21661 # 1504
21665 # 1504
21669 # 1504
21674 # 1504
21679 # 1504
21683 # 1504
21687 # 1504
21692 # 1504
21695 # 1504
21699 # 1504
21703 # 1504
21711 # 1504
21711 # 1504
21713 # 1504
21715 # 1504
21716 # 1504
21718 # 1504
21720 # 1504
21723 # 1504
21725 # 1504
21726 # 1504
21729 # 1504
21732 # 1504
21734 # 1504
21737 # 1504
21739 # 1504
21742 # 1504
21744 # 1504
21747 # 1504
21749 # 1504
21753 # 1504
21755 # 1504
21757 # 1504
21763 # 1504
21763 # 1504
21767 # 1504
21768 # 1504
21771 # 1504
21773 # 1504
21776 # 1504
21778 # 1504
21780 # 1504
21783 # 1504
21820 # 1504
21820 # 1504
21820 # 1504
21821 # 1504
21821 # 1504
21821 # 1504
21821 # 1504
21821 # 1504
21821 # 1504
21822 # 1504
21822 # 1504
21822 # 1504
21822 # 1504
21822 # 1504
21822 # 1504
21824 # 1504
21826 # 1504
21829 # 1504
21832 # 1504
21833 # 1504
21835 # 1504
21837 # 1504
21839 # 1504
21841 # 1504
21845 # 1504
21846 # 1504
21848 # 1504
21850 # 1504
21854 # 1504
21856 # 1504
21858 # 1504
21861 # 1504
21863 # 1504
21866 # 1504
21867 # 1504
21870 # 1504
21871 # 1504
21884 # 1504
21884 # 1504
21884 # 1504
21884 # 1504
21884 # 1504
21884 # 1504
21885 # 1504
21888 # 1504
21891 # 1504
21892 # 1504
21894 # 1504
21895 # 1504
21897 # 1504
21899 # 1504
21901 # 1504
21903 # 1504
21905 # 1504
21909 # 1504
21909 # 1504
21911 # 1504
21912 # 1504
21914 # 1504
21917 # 1504
21917 # 1504
21919 # 1504
21922 # 1504
21923 # 1504
21926 # 1504
21927 # 1504
21929 # 1504
21930 # 1504
21932 # 1504
21935 # 1504
21936 # 1504
21938 # 1504
21939 # 1504
21941 # 1504
21977 # 1504
21977 # 1504
21977 # 1504
21978 # 1504
21978 # 1504
21978 # 1504
21978 # 1504
21978 # 1504
21979 # 1504
21979 # 1504
21979 # 1504
21979 # 1504
21979 # 1504
21980 # 1504
21981 # 1504
21981 # 1504
21981 # 1504
21981 # 1504
21982 # 1504
21982 # 1504
21982 # 1504
21985 # 1504
21986 # 1504
21991 # 1504
21991 # 1504
21991 # 1504
21992 # 1504
21995 # 1504
21997 # 1504
21999 # 1504
22002 # 1504
22002 # 1504
22004 # 1504
22006 # 1504
22008 # 1504
22013 # 1504
22013 # 1504
22014 # 1504
22015 # 1504
22017 # 1504
22019 # 1504
22021 # 1504
22025 # 1504
22025 # 1504
22026 # 1504
22028 # 1504
22030 # 1504
22031 # 1504
22035 # 1504
22035 # 1504
22036 # 1504
22037 # 1504
22048 # 1504
22048 # 1504
22048 # 1504
22048 # 1504
22048 # 1504
22048 # 1504
22048 # 1504
22050 # 1504
22051 # 1504
22053 # 1504
22056 # 1504
22056 # 1504
22057 # 1504
22059 # 1504
22060 # 1504
22062 # 1504
22063 # 1504
22065 # 1504
22066 # 1504
22068 # 1504
22070 # 1504
22072 # 1504
22094 # 1504
22095 # 1504
22095 # 1504
22095 # 1504
22095 # 1504
22095 # 1504
22095 # 1504
22095 # 1504
22095 # 1504
22095 # 1504
22097 # 1504
22099 # 1504
22103 # 1504
22103 # 1504
22104 # 1504
22106 # 1504
22108 # 1504
22110 # 1504
22112 # 1504
22114 # 1504
22115 # 1504
22117 # 1504
22119 # 1504
22122 # 1504
22122 # 1504
22124 # 1504
22126 # 1504
22128 # 1504
22130 # 1504
22131 # 1504
22135 # 1504
22135 # 1504
22137 # 1504
22139 # 1504
22144 # 1504
22144 # 1504
22144 # 1504
22146 # 1504
22148 # 1504
22150 # 1504
22152 # 1504
22154 # 1504
22155 # 1504
22158 # 1504
22160 # 1504
22164 # 1504
22164 # 1504
22165 # 1504
22166 # 1504
22168 # 1504
22170 # 1504
22172 # 1504
22175 # 1504
22180 # 1504
22180 # 1504
22180 # 1504
22181 # 1504
22182 # 1504
22194 # 1504
22199 # 1504
22199 # 1504
22199 # 1504
22199 # 1504
22199 # 1504
22199 # 1504
22199 # 1504
22199 # 1504
22201 # 1504
22202 # 1504
22205 # 1504
22205 # 1504
22208 # 1504
22208 # 1504
22210 # 1504
22213 # 1504
22214 # 1504
22215 # 1504
22216 # 1504
22218 # 1504
22221 # 1504
22221 # 1504
22222 # 1504
22224 # 1504
22229 # 1504
22229 # 1504
22229 # 1504
22230 # 1504
22232 # 1504
22234 # 1504
22236 # 1504
22246 # 1504
22246 # 1504
22248 # 1504
22248 # 1504
22248 # 1504
22249 # 1504
22249 # 1504
22250 # 1504
22253 # 1504
22254 # 1504
22255 # 1504
22256 # 1504
22259 # 1504
22260 # 1504
22262 # 1504
22263 # 1504
22266 # 1504
22266 # 1504
22267 # 1504
22269 # 1504
22270 # 1504
22272 # 1504
22273 # 1504
22275 # 1504
22276 # 1504
22277 # 1504
22279 # 1504
22280 # 1504
22281 # 1504
22283 # 1504
22284 # 1504
22287 # 1504
22287 # 1504
22299 # 1504
22299 # 1504
22299 # 1504
22299 # 1504
22300 # 1504
22300 # 1504
22301 # 1504
22301 # 1504
22302 # 1504
22303 # 1504
22304 # 1504
22306 # 1504
22307 # 1504
22309 # 1504
22310 # 1504
22312 # 1504
22313 # 1504
22315 # 1504
22316 # 1504
22317 # 1504
22319 # 1504
22320 # 1504
22323 # 1504
22323 # 1504
22325 # 1504
22326 # 1504
22327 # 1504
22330 # 1504
22330 # 1504
22332 # 1504
22335 # 1504
22336 # 1504
22336 # 1504
22340 # 1504
22342 # 1504
22342 # 1504
22344 # 1504
22346 # 1504
22348 # 1504
22349 # 1504
22352 # 1504
22352 # 1504
22355 # 1504
22356 # 1504
22359 # 1504
22359 # 1504
22360 # 1504
22363 # 1504
22364 # 1504
22365 # 1504
22368 # 1504
22369 # 1504
22371 # 1504
22372 # 1504
22373 # 1504
22374 # 1504
22375 # 1504
22376 # 1504
22377 # 1504
22379 # 1504
22380 # 1504
22382 # 1504
22383 # 1504
22385 # 1504
22386 # 1504
22386 # 1504
22387 # 1504
22388 # 1504
22389 # 1504
22390 # 1504
22392 # 1504
22393 # 1504
22393 # 1504
22394 # 1504
22395 # 1504
22396 # 1504
22397 # 1504
22398 # 1504
22399 # 1504
22400 # 1504
22402 # 1504
22413 # 1504
22413 # 1504
22413 # 1504
22413 # 1504
22414 # 1504
22414 # 1504
22414 # 1504
22414 # 1504
22414 # 1504
22416 # 1504
22417 # 1504
22426 # 1504
22426 # 1504
22426 # 1504
22426 # 1504
22426 # 1504
22427 # 1504
22427 # 1504
22427 # 1504
22427 # 1504
22436 # 1504
22437 # 1504
22437 # 1504
22438 # 1504
22438 # 1504
22438 # 1504
22438 # 1504
22438 # 1504
22456 # 1504
22460 # 1504
22460 # 1504
22460 # 1504
22460 # 1504
22460 # 1504
22460 # 1504
22460 # 1504
22461 # 1504
22461 # 1504
22465 # 1504
22465 # 1504
22465 # 1504
22466 # 1504
22466 # 1504
22466 # 1504
22466 # 1504
22469 # 1504
22469 # 1504
22470 # 1504
22471 # 1504
22472 # 1504
22483 # 1504
22483 # 1504
22483 # 1504
22483 # 1504
22483 # 1504
22488 # 1504
22488 # 1504
22488 # 1504
22488 # 1504
22488 # 1504
22489 # 1504
22490 # 1504
22492 # 1504
22492 # 1504
22494 # 1504
22494 # 1504
22505 # 1504
22505 # 1504
22505 # 1504
22505 # 1504
22505 # 1504
22505 # 1504
22505 # 1504
22515 # 1504
22515 # 1504
22515 # 1504
22515 # 1504
22518 # 1504
22518 # 1504
22518 # 1504
22518 # 1504
22518 # 1504
22527 # 1504
22527 # 1504
22528 # 1504
22528 # 1504
22528 # 1504
22528 # 1504
22528 # 1504
22528 # 1504
22528 # 1504
22529 # 1504
22532 # 1504
22541 # 1504
22545 # 1504
22545 # 1504
22547 # 1504
22549 # 1504
22551 # 1504
22555 # 1504
22556 # 1504
22557 # 1504
22557 # 1504
22559 # 1504
22560 # 1504
22561 # 1504
22562 # 1504
22566 # 1504
22566 # 1504
22566 # 1504
22567 # 1504
22577 # 1504
22580 # 1504
22580 # 1504
22583 # 1504
22583 # 1504
22584 # 1504
22584 # 1504
22593 # 1504
22593 # 1504
22604 # 1504
22604 # 1504
22604 # 1504
22604 # 1504
22604 # 1504
22605 # 1504
22609 # 1504
22614 # 1504
22615 # 1504
22615 # 1504
22626 # 1504
22626 # 1504
22626 # 1504
22626 # 1504
22626 # 1504
22629 # 1504
22631 # 1504
22635 # 1504
22636 # 1504
22638 # 1504
22641 # 1504
22643 # 1504
22646 # 1504
22648 # 1504
22650 # 1504
22653 # 1504
22655 # 1504
22659 # 1504
22661 # 1504
22663 # 1504
22667 # 1504
22670 # 1504
22671 # 1504
22676 # 1504
22677 # 1504
22679 # 1504
22682 # 1504
22685 # 1504
22688 # 1504
22692 # 1504
22694 # 1504
22696 # 1504
22698 # 1504
22701 # 1504
22703 # 1504
22706 # 1504
22708 # 1504
22712 # 1504
22715 # 1504
22716 # 1504
22719 # 1504
22722 # 1504
22724 # 1504
22726 # 1504
22729 # 1504
22732 # 1504
22734 # 1504
22737 # 1504
22740 # 1504
22741 # 1504
22742 # 1504
22743 # 1504
22753 # 1504
22755 # 1504
22756 # 1504
22756 # 1504
22756 # 1504
22756 # 1504
22756 # 1504
22757 # 1504
22768 # 1504
22768 # 1504
22768 # 1504
22769 # 1504
22769 # 1504
22769 # 1504
22769 # 1504
22778 # 1504
22778 # 1504
22779 # 1504
22781 # 1504
22781 # 1504
22787 # 1504
22791 # 1504
22792 # 1504
22792 # 1504
22794 # 1504
22794 # 1504
22796 # 1504
22799 # 1504
22805 # 1504
22805 # 1504
22805 # 1504
22806 # 1504
22807 # 1504
22807 # 1504
22810 # 1504
22812 # 1504
22814 # 1504
22815 # 1504
22817 # 1504
22819 # 1504
22822 # 1504
22823 # 1504
22825 # 1504
22827 # 1504
22829 # 1504
22830 # 1504
22832 # 1504
22835 # 1504
22835 # 1504
22836 # 1504
22838 # 1504
22839 # 1504
22841 # 1504
22851 # 1504
22851 # 1504
22852 # 1504
22852 # 1504
22852 # 1504
22852 # 1504
22854 # 1504
22854 # 1504
22856 # 1504
22857 # 1504
22859 # 1504
22861 # 1504
22862 # 1504
22866 # 1504
22866 # 1504
22867 # 1504
22869 # 1504
22871 # 1504
22872 # 1504
22874 # 1504
22875 # 1504
22878 # 1504
22878 # 1504
22880 # 1504
22881 # 1504
22883 # 1504
22886 # 1504
22886 # 1504
22890 # 1504
22891 # 1504
22893 # 1504
22895 # 1504
22896 # 1504
22900 # 1504
22900 # 1504
22901 # 1504
22903 # 1504
22905 # 1504
22908 # 1504
22908 # 1504
22910 # 1504
22913 # 1504
22916 # 1504
22917 # 1504
22919 # 1504
22921 # 1504
22922 # 1504
22924 # 1504
22925 # 1504
22927 # 1504
22929 # 1504
22930 # 1504
22932 # 1504
22934 # 1504
22935 # 1504
22937 # 1504
22939 # 1504
22941 # 1504
22968 # 1504
22968 # 1504
22968 # 1504
22968 # 1504
22968 # 1504
22968 # 1504
22969 # 1504
22969 # 1504
22969 # 1504
22969 # 1504
22969 # 1504
22969 # 1504
22969 # 1504
22970 # 1504
22970 # 1504
22970 # 1504
22970 # 1504
22971 # 1504
22972 # 1504
22973 # 1504
22974 # 1504
22977 # 1504
22979 # 1504
22980 # 1504
22981 # 1504
22982 # 1504
22986 # 1504
22986 # 1504
22988 # 1504
22989 # 1504
22992 # 1504
22994 # 1504
22997 # 1504
22997 # 1504
22999 # 1504
23000 # 1504
23002 # 1504
23003 # 1504
23005 # 1504
23006 # 1504
23008 # 1504
23012 # 1504
23014 # 1504
23014 # 1504
23016 # 1504
23017 # 1504
23019 # 1504
23021 # 1504
23022 # 1504
23025 # 1504
23025 # 1504
23028 # 1504
23029 # 1504
23030 # 1504
23031 # 1504
23032 # 1504
23034 # 1504
23035 # 1504
23036 # 1504
23037 # 1504
23038 # 1504
23041 # 1504
23048 # 1504
23052 # 1504
23052 # 1504
23052 # 1504
23052 # 1504
23052 # 1504
23052 # 1504
23052 # 1504
23053 # 1504
23053 # 1504
23057 # 1504
23057 # 1504
23057 # 1504
23067 # 1504
23067 # 1504
23067 # 1504
23067 # 1504
23072 # 1504
23073 # 1504
23073 # 1504
23073 # 1504
23078 # 1504
23078 # 1504
23078 # 1504
23078 # 1504
23078 # 1504
23084 # 1504
23084 # 1504
23085 # 1504
23085 # 1504
23085 # 1504
23085 # 1504
23086 # 1504
23087 # 1504
23088 # 1504
23089 # 1504
23090 # 1504
23096 # 1504
23096 # 1504
23096 # 1504
23096 # 1504
23097 # 1504
23097 # 1504
23107 # 1504
23107 # 1504
23107 # 1504
23107 # 1504
23107 # 1504
23107 # 1504
23107 # 1504
23107 # 1504
23108 # 1504
23109 # 1504
23111 # 1504
23112 # 1504
23112 # 1504
23114 # 1504
23115 # 1504
23118 # 1504
23118 # 1504
23118 # 1504
23119 # 1504
23120 # 1504
23121 # 1504
23122 # 1504
23124 # 1504
23135 # 1504
23135 # 1504
23138 # 1504
23139 # 1504
23140 # 1504
23140 # 1504
23144 # 1504
23145 # 1504
23145 # 1504
23151 # 1504
23154 # 1504
23154 # 1504
23155 # 1504
23156 # 1504
23158 # 1504
23158 # 1504
23158 # 1504
23158 # 1504
23158 # 1504
23159 # 1504
23160 # 1504
23161 # 1504
23163 # 1504
23163 # 1504
23164 # 1504
23166 # 1504
23167 # 1504
23168 # 1504
23169 # 1504
23171 # 1504
23172 # 1504
23173 # 1504
23190 # 1504
23192 # 1504
23222 # 1504
23222 # 1504
23222 # 1504
23222 # 1504
23222 # 1504
23222 # 1504
23222 # 1504
23222 # 1504
23222 # 1504
23222 # 1504
23222 # 1504
23222 # 1504
23223 # 1504
23223 # 1504
23223 # 1504
23223 # 1504
23223 # 1504
23223 # 1504
23223 # 1504
23223 # 1504
23223 # 1504
23223 # 1504
23223 # 1504
23223 # 1504
23223 # 1504
23223 # 1504
23224 # 1504
23224 # 1504
23224 # 1504
23224 # 1504
23225 # 1504
23225 # 1504
23225 # 1504
23225 # 1504
23227 # 1504
23229 # 1504
23230 # 1504
23231 # 1504
23233 # 1504
23234 # 1504
23235 # 1504
23237 # 1504
23239 # 1504
23240 # 1504
23241 # 1504
23243 # 1504
23244 # 1504
23245 # 1504
23247 # 1504
23249 # 1504
23250 # 1504
23252 # 1504
23254 # 1504
23266 # 1504
23266 # 1504
23266 # 1504
23266 # 1504
23266 # 1504
23267 # 1504
23267 # 1504
23268 # 1504
23278 # 1504
23280 # 1504
23280 # 1504
23280 # 1504
23280 # 1504
23280 # 1504
23287 # 1504
23287 # 1504
23289 # 1504
23290 # 1504
23307 # 1504
23307 # 1504
23307 # 1504
23307 # 1504
23307 # 1504
23307 # 1504
23307 # 1504
23310 # 1504
23310 # 1504
23311 # 1504
23313 # 1504
23315 # 1504
23319 # 1504
23319 # 1504
23320 # 1504
23320 # 1504
23321 # 1504
23322 # 1504
23323 # 1504
23324 # 1504
23326 # 1504
23328 # 1504
23328 # 1504
23329 # 1504
23330 # 1504
23332 # 1504
23333 # 1504
23334 # 1504
23335 # 1504
23337 # 1504
23338 # 1504
23339 # 1504
23341 # 1504
23342 # 1504
23343 # 1504
23347 # 1504
23348 # 1504
23348 # 1504
23349 # 1504
23351 # 1504
23352 # 1504
23357 # 1504
23357 # 1504
23357 # 1504
23357 # 1504
23358 # 1504
23359 # 1504
23360 # 1504
23361 # 1504
23362 # 1504
23364 # 1504
23365 # 1504
23366 # 1504
23367 # 1504
23377 # 1504
23377 # 1504
23380 # 1504
23380 # 1504
23380 # 1504
23380 # 1504
23380 # 1504
23380 # 1504
23380 # 1504
23381 # 1504
23382 # 1504
23383 # 1504
23384 # 1504
23385 # 1504
23386 # 1504
23387 # 1504
23394 # 1504
23394 # 1504
23396 # 1504
23397 # 1504
23398 # 1504
23400 # 1504
23402 # 1504
23404 # 1504
23405 # 1504
23406 # 1504
23408 # 1504
23409 # 1504
23411 # 1504
23412 # 1504
23422 # 1504
23424 # 1504
23424 # 1504
23424 # 1504
23427 # 1504
23427 # 1504
23433 # 1504
23434 # 1504
23434 # 1504
23435 # 1504
23435 # 1504
23435 # 1504
23435 # 1504
23436 # 1504
23437 # 1504
23439 # 1504
23440 # 1504
23441 # 1504
23445 # 1504
23445 # 1504
23446 # 1504
23447 # 1504
23449 # 1504
23450 # 1504
23451 # 1504
23455 # 1504
23455 # 1504
23457 # 1504
23457 # 1504
23459 # 1504
23460 # 1504
23461 # 1504
23464 # 1504
23465 # 1504
23466 # 1504
23467 # 1504
23469 # 1504
23471 # 1504
23471 # 1504
23474 # 1504
23476 # 1504
23477 # 1504
23479 # 1504
23480 # 1504
23481 # 1504
23482 # 1504
23483 # 1504
23484 # 1504
23487 # 1504
23487 # 1504
23488 # 1504
23489 # 1504
23490 # 1504
23492 # 1504
23494 # 1504
23494 # 1504
23496 # 1504
23497 # 1504
23498 # 1504
23499 # 1504
23503 # 1504
23503 # 1504
23504 # 1504
23506 # 1504
23507 # 1504
23508 # 1504
23519 # 1504
23519 # 1504
23519 # 1504
23519 # 1504
23526 # 1504
23527 # 1504
23527 # 1504
23528 # 1504
23528 # 1504
23530 # 1504
23530 # 1504
23531 # 1504
23534 # 1504
23535 # 1504
23536 # 1504
23536 # 1504
23537 # 1504
23548 # 1504
23548 # 1504
23548 # 1504
23548 # 1504
23548 # 1504
23548 # 1504
23548 # 1504
23548 # 1504
23550 # 1504
23550 # 1504
23551 # 1504
23553 # 1504
23554 # 1504
23555 # 1504
23556 # 1504
23557 # 1504
23558 # 1504
23567 # 1504
23567 # 1504
23567 # 1504
23571 # 1504
23571 # 1504
23571 # 1504
23571 # 1504
23571 # 1504
23571 # 1504
23571 # 1504
23572 # 1504
23574 # 1504
23584 # 1504
23584 # 1504
23585 # 1504
23585 # 1504
23587 # 1504
23588 # 1504
23588 # 1504
23588 # 1504
23598 # 1504
23598 # 1504
23598 # 1504
23598 # 1504
23598 # 1504
23599 # 1504
23605 # 1504
23608 # 1504
23609 # 1504
23611 # 1504
23613 # 1504
23614 # 1504
23614 # 1504
23614 # 1504
23625 # 1504
23628 # 1504
23630 # 1504
23630 # 1504
23630 # 1504
23634 # 1504
23634 # 1504
23641 # 1504
23641 # 1504
23642 # 1504
23643 # 1504
23645 # 1504
23646 # 1504
23647 # 1504
23649 # 1504
23661 # 1504
23661 # 1504
23661 # 1504
23661 # 1504
23661 # 1504
23662 # 1504
23664 # 1504
23667 # 1504
23668 # 1504
23670 # 1504
23671 # 1504
23674 # 1504
23675 # 1504
23677 # 1504
23680 # 1504
23681 # 1504
23683 # 1504
23685 # 1504
23687 # 1504
23690 # 1504
23690 # 1504
23692 # 1504
23693 # 1504
23705 # 1504
23706 # 1504
23711 # 1504
23712 # 1504
23712 # 1504
23712 # 1504
23720 # 1504
23720 # 1504
23720 # 1504
23720 # 1504
23726 # 1504
23726 # 1504
23726 # 1504
23726 # 1504
23727 # 1504
23728 # 1504
23738 # 1504
23738 # 1504
23738 # 1504
23738 # 1504
23739 # 1504
23752 # 1504
23752 # 1504
23752 # 1504
23753 # 1504
23754 # 1504
23756 # 1504
23758 # 1504
23761 # 1504
23763 # 1504
23775 # 1504
23775 # 1504
23775 # 1504
23775 # 1504
23776 # 1504
23776 # 1504
23778 # 1504
23779 # 1504
23783 # 1504
23783 # 1504
23785 # 1504
23788 # 1504
23789 # 1504
23791 # 1504
23793 # 1504
23795 # 1504
23797 # 1504
23799 # 1504
23801 # 1504
23804 # 1504
23806 # 1504
23809 # 1504
23810 # 1504
23815 # 1504
23815 # 1504
23816 # 1504
23819 # 1504
23821 # 1504
23823 # 1504
23827 # 1504
23830 # 1504
23831 # 1504
23833 # 1504
23835 # 1504
23837 # 1504
23838 # 1504
23840 # 1504
23842 # 1504
23851 # 1504
23851 # 1504
23852 # 1504
23854 # 1504
23855 # 1504
23857 # 1504
23860 # 1504
23862 # 1504
23864 # 1504
23866 # 1504
23867 # 1504
23870 # 1504
23871 # 1504
23873 # 1504
23875 # 1504
23877 # 1504
23878 # 1504
23881 # 1504
23884 # 1504
23885 # 1504
23887 # 1504
23889 # 1504
23891 # 1504
23892 # 1504
23894 # 1504
23896 # 1504
23908 # 1504
23908 # 1504
23908 # 1504
23908 # 1504
23908 # 1504
23911 # 1504
23912 # 1504
23913 # 1504
23917 # 1504
23918 # 1504
23921 # 1504
23924 # 1504
23926 # 1504
23927 # 1504
23929 # 1504
23931 # 1504
23933 # 1504
23934 # 1504
23936 # 1504
23937 # 1504
23951 # 1504
23954 # 1504
23956 # 1504
23956 # 1504
23956 # 1504
23961 # 1504
23963 # 1504
23966 # 1504
23968 # 1504
23971 # 1504
23973 # 1504
23974 # 1504
23976 # 1504
23977 # 1504
23979 # 1504
23981 # 1504
23984 # 1504
23986 # 1504
23988 # 1504
23989 # 1504
23992 # 1504
23994 # 1504
23994 # 1504
23996 # 1504
23999 # 1504
24000 # 1504
24002 # 1504
24003 # 1504
24006 # 1504
24008 # 1504
24010 # 1504
24011 # 1504
24012 # 1504
24025 # 1504
24025 # 1504
24025 # 1504
24028 # 1504
24031 # 1504
24031 # 1504
24032 # 1504
24042 # 1504
24042 # 1504
24042 # 1504
24042 # 1504
24042 # 1504
24042 # 1504
24046 # 1504
24047 # 1504
24048 # 1504
24049 # 1504
24051 # 1504
24052 # 1504
24054 # 1504
24057 # 1504
24062 # 1504
24063 # 1504
24063 # 1504
24066 # 1504
24067 # 1504
24069 # 1504
24070 # 1504
24073 # 1504
24077 # 1504
24077 # 1504
24078 # 1504
24081 # 1504
24082 # 1504
24083 # 1504
24085 # 1504
24087 # 1504
24089 # 1504
24090 # 1504
24092 # 1504
24101 # 1504
24105 # 1504
24108 # 1504
24108 # 1504
24108 # 1504
24117 # 1504
24117 # 1504
24118 # 1504
24122 # 1504
24123 # 1504
24123 # 1504
24123 # 1504
24123 # 1504
24125 # 1504
24127 # 1504
24129 # 1504
24129 # 1504
24132 # 1504
24134 # 1504
24145 # 1504
24145 # 1504
24145 # 1504
24145 # 1504
24145 # 1504
24146 # 1504
24148 # 1504
24150 # 1504
24159 # 1504
24160 # 1504
24160 # 1504
24160 # 1504
24160 # 1504
24162 # 1504
24170 # 1504
24170 # 1504
24170 # 1504
24170 # 1504
24207 # 1504
24207 # 1504
24207 # 1504
24207 # 1504
24208 # 1504
24208 # 1504
24208 # 1504
24208 # 1504
24208 # 1504
24208 # 1504
24208 # 1504
24208 # 1504
24208 # 1504
24208 # 1504
24208 # 1504
24208 # 1504
24208 # 1504
24213 # 1504
24214 # 1504
24216 # 1504
24216 # 1504
24216 # 1504
24222 # 1504
24222 # 1504
24222 # 1504
24224 # 1504
24226 # 1504
24228 # 1504
24237 # 1504
24237 # 1504
24237 # 1504
24237 # 1504
24237 # 1504
24240 # 1504
24240 # 1504
24242 # 1504
24246 # 1504
24247 # 1504
24249 # 1504
24250 # 1504
24253 # 1504
24255 # 1504
24255 # 1504
24257 # 1504
24260 # 1504
24262 # 1504
24263 # 1504
24265 # 1504
24266 # 1504
24271 # 1504
24275 # 1504
24277 # 1504
24277 # 1504
24280 # 1504
24283 # 1504
24285 # 1504
24285 # 1504
24287 # 1504
24302 # 1504
24302 # 1504
24302 # 1504
24302 # 1504
24303 # 1504
24303 # 1504
24303 # 1504
24303 # 1504
24304 # 1504
24307 # 1504
24310 # 1504
24312 # 1504
24314 # 1504
24315 # 1504
24317 # 1504
24324 # 1504
24324 # 1504
24324 # 1504
24325 # 1504
24326 # 1504
24341 # 1504
24341 # 1504
24346 # 1504
24346 # 1504
24347 # 1504
24350 # 1504
24351 # 1504
24362 # 1504
24364 # 1504
24364 # 1504
24365 # 1504
24365 # 1504
24365 # 1504
24375 # 1504
24375 # 1504
24375 # 1504
24376 # 1504
24376 # 1504
24378 # 1504
24380 # 1504
24382 # 1504
24385 # 1504
24386 # 1504
24387 # 1504
24390 # 1504
24392 # 1504
24394 # 1504
24396 # 1504
24398 # 1504
24401 # 1504
24402 # 1504
24405 # 1504
24408 # 1504
24409 # 1504
24413 # 1504
24413 # 1504
24416 # 1504
24416 # 1504
24418 # 1504
24421 # 1504
24423 # 1504
24424 # 1504
24425 # 1504
24427 # 1504
24429 # 1504
24431 # 1504
24433 # 1504
24468 # 1504
24468 # 1504
24468 # 1504
24468 # 1504
24468 # 1504
24469 # 1504
24469 # 1504
24469 # 1504
24469 # 1504
24469 # 1504
24469 # 1504
24469 # 1504
24469 # 1504
24469 # 1504
24469 # 1504
24469 # 1504
24469 # 1504
24469 # 1504
24472 # 1504
24473 # 1504
24480 # 1504
24481 # 1504
24483 # 1504
24486 # 1504
24486 # 1504
24488 # 1504
24500 # 1504
24500 # 1504
24500 # 1504
24500 # 1504
24500 # 1504
24500 # 1504
24501 # 1504
24503 # 1504
24504 # 1504
24506 # 1504
24516 # 1504
24516 # 1504
24516 # 1504
24516 # 1504
24516 # 1504
24518 # 1504
24518 # 1504
24520 # 1504
24522 # 1504
24524 # 1504
24526 # 1504
24527 # 1504
24529 # 1504
24530 # 1504
24551 # 1504
24551 # 1504
24551 # 1504
24551 # 1504
24563 # 1504
24563 # 1504
24563 # 1504
24564 # 1504
24564 # 1504
24564 # 1504
24564 # 1504
24564 # 1504
24564 # 1504
24564 # 1504
24564 # 1504
24565 # 1504
24565 # 1504
24566 # 1504
24567 # 1504
24569 # 1504
24571 # 1504
24572 # 1504
24574 # 1504
24576 # 1504
24578 # 1504
24579 # 1504
24582 # 1504
24582 # 1504
24585 # 1504
24586 # 1504
24588 # 1504
24592 # 1504
24592 # 1504
24602 # 1504
24602 # 1504
24602 # 1504
24602 # 1504
24602 # 1504
24603 # 1504
24604 # 1504
24606 # 1504
24608 # 1504
24609 # 1504
24611 # 1504
24612 # 1504
24614 # 1504
24615 # 1504
24617 # 1504
24618 # 1504
24621 # 1504
24622 # 1504
24623 # 1504
24624 # 1504
24626 # 1504
24627 # 1504
24629 # 1504
24630 # 1504
24632 # 1504
24633 # 1504
24635 # 1504
24636 # 1504
24637 # 1504
24644 # 1504
24645 # 1504
24647 # 1504
24648 # 1504
24665 # 1504
24665 # 1504
24666 # 1504
24666 # 1504
24667 # 1504
24669 # 1504
24678 # 1504
24681 # 1504
24685 # 1504
24685 # 1504
24686 # 1504
24692 # 1504
24713 # 1504
24713 # 1504
24714 # 1504
24715 # 1504
24716 # 1504
24719 # 1504
24722 # 1504
24723 # 1504
24725 # 1504
24729 # 1504
24731 # 1504
24736 # 1504
24739 # 1504
24745 # 1504
24748 # 1504
24753 # 1504
24757 # 1504
24762 # 1504
24766 # 1504
24770 # 1504
24773 # 1504
24776 # 1504
24780 # 1504
24782 # 1504
24785 # 1504
24788 # 1504
24792 # 1504
24795 # 1504
24802 # 1504
24805 # 1504
24808 # 1504
24811 # 1504
24814 # 1504
24817 # 1504
24820 # 1504
24825 # 1504
24827 # 1504
24830 # 1504
24832 # 1504
24835 # 1504
24838 # 1504
24841 # 1504
24844 # 1504
24847 # 1504
24850 # 1504
24853 # 1504
24855 # 1504
24858 # 1504
24861 # 1504
24864 # 1504
24876 # 1504
24878 # 1504
24890 # 1504
24896 # 1504
24898 # 1504
24902 # 1504
24904 # 1504
24906 # 1504
24910 # 1504
24911 # 1504
24914 # 1504
24915 # 1504
24917 # 1504
24919 # 1504
24925 # 1504
24927 # 1504
24929 # 1504
24932 # 1504
24934 # 1504
24936 # 1504
24938 # 1504
24943 # 1504
24944 # 1504
24947 # 1504
24950 # 1504
24951 # 1504
24953 # 1504
24956 # 1504
24959 # 1504
24960 # 1504
24962 # 1504
24965 # 1504
24967 # 1504
24971 # 1504
24975 # 1504
24978 # 1504
24982 # 1504
24983 # 1504
24987 # 1504
24990 # 1504
24991 # 1504
24994 # 1504
24996 # 1504
24997 # 1504
24999 # 1504
25002 # 1504
25003 # 1504
25006 # 1504
25007 # 1504
25018 # 1504
25020 # 1504
25024 # 1504
25026 # 1504
25026 # 1504
25031 # 1504
25035 # 1504
25035 # 1504
25039 # 1504
25044 # 1504
25048 # 1504
25052 # 1504
25055 # 1504
25058 # 1504
25063 # 1504
25064 # 1504
25066 # 1504
25069 # 1504
25072 # 1504
25073 # 1504
25075 # 1504
25077 # 1504
25081 # 1504
25082 # 1504
25084 # 1504
25086 # 1504
25088 # 1504
25090 # 1504
25092 # 1504
25094 # 1504
25097 # 1504
25098 # 1504
25100 # 1504
25104 # 1504
25105 # 1504
25107 # 1504
25109 # 1504
25111 # 1504
25113 # 1504
25115 # 1504
25117 # 1504
25120 # 1504
25123 # 1504
25125 # 1504
25127 # 1504
25131 # 1504
25133 # 1504
25135 # 1504
25136 # 1504
25139 # 1504
25140 # 1504
25142 # 1504
25144 # 1504
25146 # 1504
25147 # 1504
25149 # 1504
25151 # 1504
25153 # 1504
25160 # 1504
25162 # 1504
25164 # 1504
25166 # 1504
25168 # 1504
25170 # 1504
25172 # 1504
25174 # 1504
25176 # 1504
25178 # 1504
25179 # 1504
25181 # 1504
25183 # 1504
25185 # 1504
25187 # 1504
25189 # 1504
25191 # 1504
25193 # 1504
25195 # 1504
25197 # 1504
25199 # 1504
25201 # 1504
25203 # 1504
25205 # 1504
25206 # 1504
25208 # 1504
25210 # 1504
25212 # 1504
25214 # 1504
25215 # 1504
25217 # 1504
25221 # 1504
25222 # 1504
25224 # 1504
25225 # 1504
25227 # 1504
25230 # 1504
25231 # 1504
25232 # 1504
25234 # 1504
25236 # 1504
25239 # 1504
25241 # 1504
25244 # 1504
25244 # 1504
25246 # 1504
25248 # 1504
25250 # 1504
25253 # 1504
25254 # 1504
25256 # 1504
25257 # 1504
25259 # 1504
25262 # 1504
25262 # 1504
25264 # 1504
25266 # 1504
25269 # 1504
25271 # 1504
25271 # 1504
25276 # 1504
25278 # 1504
25281 # 1504
25283 # 1504
25285 # 1504
25288 # 1504
25289 # 1504
25291 # 1504
25293 # 1504
25295 # 1504
25297 # 1504
25301 # 1504
25302 # 1504
25303 # 1504
25305 # 1504
25307 # 1504
25309 # 1504
25310 # 1504
25312 # 1504
25314 # 1504
25316 # 1504
25320 # 1504
25320 # 1504
25321 # 1504
25323 # 1504
25325 # 1504
25328 # 1504
25330 # 1504
25331 # 1504
25332 # 1504
25335 # 1504
25335 # 1504
25339 # 1504
25340 # 1504
25342 # 1504
25343 # 1504
25344 # 1504
25347 # 1504
25347 # 1504
25350 # 1504
25353 # 1504
25356 # 1504
25356 # 1504
25357 # 1504
25361 # 1504
25362 # 1504
25364 # 1504
25364 # 1504
25366 # 1504
25367 # 1504
25370 # 1504
25380 # 1504
25380 # 1504
25380 # 1504
25380 # 1504
25380 # 1504
25380 # 1504
25381 # 1504
25383 # 1504
25386 # 1504
25389 # 1504
25392 # 1504
25394 # 1504
25394 # 1504
25395 # 1504
25396 # 1504
25398 # 1504
25399 # 1504
25402 # 1504
25402 # 1504
25403 # 1504
25406 # 1504
25406 # 1504
25408 # 1504
25409 # 1504
25410 # 1504
25412 # 1504
25413 # 1504
25415 # 1504
25416 # 1504
25417 # 1504
25418 # 1504
25419 # 1504
25421 # 1504
25422 # 1504
25423 # 1504
25424 # 1504
25425 # 1504
25427 # 1504
25428 # 1504
25429 # 1504
25431 # 1504
25432 # 1504
25433 # 1504
25434 # 1504
25436 # 1504
25437 # 1504
25438 # 1504
25440 # 1504
25441 # 1504
25442 # 1504
25443 # 1504
25449 # 1504
25449 # 1504
25449 # 1504
25450 # 1504
25451 # 1504
25452 # 1504
25454 # 1504
25455 # 1504
25456 # 1504
25457 # 1504
25459 # 1504
25460 # 1504
25461 # 1504
25463 # 1504
25472 # 1504
25472 # 1504
25472 # 1504
25472 # 1504
25472 # 1504
25472 # 1504
25474 # 1504
25475 # 1504
25477 # 1504
25477 # 1504
25479 # 1504
25480 # 1504
25481 # 1504
25482 # 1504
25483 # 1504
25486 # 1504
25486 # 1504
25487 # 1504
25488 # 1504
25490 # 1504
25492 # 1504
25492 # 1504
25493 # 1504
25505 # 1504
25505 # 1504
25505 # 1504
25505 # 1504
25506 # 1504
25507 # 1504
25507 # 1504
25507 # 1504
25510 # 1504
25511 # 1504
25512 # 1504
25513 # 1504
25514 # 1504
25515 # 1504
25516 # 1504
25517 # 1504
25518 # 1504
25520 # 1504
25521 # 1504
25522 # 1504
25524 # 1504
25526 # 1504
25526 # 1504
25528 # 1504
25529 # 1504
25532 # 1504
25533 # 1504
25541 # 1504
25542 # 1504
25542 # 1504
25542 # 1504
25542 # 1504
25542 # 1504
25542 # 1504
25550 # 1504
25550 # 1504
25550 # 1504
25555 # 1504
25555 # 1504
25555 # 1504
25555 # 1504
25556 # 1504
25556 # 1504
25556 # 1504
25557 # 1504
25559 # 1504
25567 # 1504
25567 # 1504
25568 # 1504
25568 # 1504
25568 # 1504
25568 # 1504
25568 # 1504
25568 # 1504
25572 # 1504
25572 # 1504
25582 # 1504
25585 # 1504
25586 # 1504
25586 # 1504
25586 # 1504
25590 # 1504
25590 # 1504
25590 # 1504
25598 # 1504
25607 # 1504
25607 # 1504
25609 # 1504
25610 # 1504
25614 # 1504
25616 # 1504
25618 # 1504
25618 # 1504
25619 # 1504
25627 # 1504
25628 # 1504
25628 # 1504
25629 # 1504
25629 # 1504
25629 # 1504
25629 # 1504
25630 # 1504
25633 # 1504
25635 # 1504
25644 # 1504
25645 # 1504
25645 # 1504
25645 # 1504
25646 # 1504
25647 # 1504
25648 # 1504
25651 # 1504
25653 # 1504
25653 + 52
25655 # 1504
25655 - 52 2
25657 # 1504
25660 # 1504
25662 # 1504
25665 # 1504
25665 # 1504
25667 # 1504
25669 # 1504
25671 # 1504
25672 # 1504
25677 # 1504
25679 # 1504
25680 # 1504
25681 # 1504
25684 # 1504
25685 # 1504
25686 # 1504
25689 # 1504
25690 # 1504
25691 # 1504
25693 # 1504
25694 # 1504
25695 # 1504
25697 # 1504
25699 # 1504
25738 # 1504
25738 # 1504
25738 # 1504
25738 # 1504
25738 # 1504
25738 # 1504
25738 # 1504
25739 # 1504
25739 # 1504
25739 # 1504
25739 # 1504
25739 # 1504
25739 # 1504
25739 # 1504
25739 # 1504
25739 # 1504
25739 # 1504
25740 # 1504
25740 # 1504
25740 # 1504
25740 # 1504
25740 # 1504
25740 # 1504
25740 # 1504
25740 # 1504
25740 # 1504
25741 # 1504
25752 # 1504
25752 # 1504
25752 # 1504
25752 # 1504
25761 # 1504
25761 # 1504
25761 # 1504
25761 # 1504
25761 # 1504
25761 # 1504
25762 # 1504
25763 # 1504
25764 # 1504
25766 # 1504
25769 # 1504
25771 # 1504
25771 # 1504
25774 # 1504
25776 # 1504
25776 # 1504
25777 # 1504
25779 # 1504
25780 # 1504
25783 # 1504
25783 # 1504
25786 # 1504
25786 # 1504
25789 # 1504
25791 # 1504
25792 # 1504
25793 # 1504
25794 # 1504
25796 # 1504
25799 # 1504
25800 # 1504
25801 # 1504
25802 # 1504
25803 # 1504
25815 # 1504
25815 # 1504
25815 # 1504
25815 # 1504
25821 # 1504
25825 # 1504
25825 # 1504
25825 # 1504
25825 # 1504
25826 # 1504
25826 # 1504
25839 # 1504
25839 # 1504
25839 # 1504
25839 # 1504
25840 # 1504
25840 # 1504
25840 # 1504
25840 # 1504
25840 # 1504
25842 # 1504
25842 # 1504
25855 # 1504
25855 # 1504
25856 # 1504
25856 # 1504
25856 # 1504
25856 # 1504
25857 # 1504
25868 # 1504
25868 # 1504
25868 # 1504
25868 # 1504
25868 # 1504
25868 # 1504
25874 # 1504
25874 # 1504
25874 # 1504
25874 # 1504
25881 # 1504
25884 # 1504
25886 # 1504
25886 # 1504
25887 # 1504
25887 # 1504
25891 # 1504
25895 # 1504
25900 # 1504
25900 # 1504
25900 # 1504
25900 # 1504
25901 # 1504
25901 # 1504
25903 # 1504
25904 # 1504
25907 # 1504
25908 # 1504
25911 # 1504
25914 # 1504
25916 # 1504
25919 # 1504
25919 # 1504
25922 # 1504
25925 # 1504
25925 # 1504
25927 # 1504
25930 # 1504
25931 # 1504
25934 # 1504
25945 # 1504
25945 # 1504
25945 # 1504
25949 # 1504
25949 # 1504
25951 # 1504
25955 # 1504
25960 # 1504
25960 # 1504
25960 # 1504
25960 # 1504
25960 # 1504
25961 # 1504
25964 # 1504
25966 # 1504
25966 # 1504
25967 # 1504
25969 # 1504
25971 # 1504
25973 # 1504
25974 # 1504
25975 # 1504
25977 # 1504
25980 # 1504
25981 # 1504
25981 # 1504
25983 # 1504
25986 # 1504
25986 # 1504
25989 # 1504
25989 # 1504
25991 # 1504
25994 # 1504
25994 # 1504
25997 # 1504
25997 # 1504
26000 # 1504
26002 # 1504
26004 # 1504
26013 # 1504
26013 # 1504
26013 # 1504
26013 # 1504
26013 # 1504
26014 # 1504
26014 # 1504
26015 # 1504
26018 # 1504
26018 # 1504
26019 # 1504
26022 # 1504
26025 # 1504
26025 # 1504
26027 # 1504
26027 # 1504
26031 # 1504
26033 # 1504
26043 # 1504
26043 # 1504
26043 # 1504
26043 # 1504
26043 # 1504
26118 # 1504
26118 # 1504
26118 # 1504
26118 # 1504
26118 # 1504
26119 # 1504
26119 # 1504
26119 # 1504
26119 # 1504
26119 # 1504
26119 # 1504
26119 # 1504
26119 # 1504
26120 # 1504
26120 # 1504
26120 # 1504
26120 # 1504
26120 # 1504
26120 # 1504
26120 # 1504
26121 # 1504
26121 # 1504
26121 # 1504
26121 # 1504
26121 # 1504
26121 # 1504
26121 # 1504
26122 # 1504
26122 # 1504
26122 # 1504
26122 # 1504
26122 # 1504
26122 # 1504
26122 # 1504
26122 # 1504
26133 # 1504
26134 # 1504
26134 # 1504
26134 # 1504
26134 # 1504
26134 # 1504
26134 # 1504
26134 # 1504
26137 # 1504
26139 # 1504
26142 # 1504
26144 # 1504
26145 # 1504
26147 # 1504
26149 # 1504
26150 # 1504
26152 # 1504
26153 # 1504
26155 # 1504
26156 # 1504
26158 # 1504
26160 # 1504
26161 # 1504
26163 # 1504
26164 # 1504
26167 # 1504
26167 # 1504
26169 # 1504
26170 # 1504
26173 # 1504
26173 # 1504
26175 # 1504
26176 # 1504
26177 # 1504
26186 # 1504
26186 # 1504
26186 # 1504
26186 # 1504
26187 # 1504
26188 # 1504
26197 # 1504
26208 # 1504
26208 # 1504
26209 # 1504
26221 # 1504
26221 # 1504
26221 # 1504
26221 # 1504
26221 # 1504
26221 # 1504
26221 # 1504
26221 # 1504
26221 # 1504
26226 # 1504
26226 # 1504
26234 # 1504
26234 # 1504
26236 # 1504
26237 # 1504
26237 # 1504
26237 # 1504
26249 # 1504
26250 # 1504
26250 # 1504
26250 # 1504
26250 # 1504
26251 # 1504
26252 # 1504
26253 # 1504
26255 # 1504
26257 # 1504
26260 # 1504
26262 # 1504
26264 # 1504
26266 # 1504
26270 # 1504
26272 # 1504
26276 # 1504
26276 # 1504
26278 # 1504
26280 # 1504
26283 # 1504
26285 # 1504
26287 # 1504
26288 # 1504
26293 # 1504
26293 # 1504
26295 # 1504
26297 # 1504
26300 # 1504
26302 # 1504
26303 # 1504
26305 # 1504
26310 # 1504
26311 # 1504
26313 # 1504
26316 # 1504
26318 # 1504
26320 # 1504
26322 # 1504
26325 # 1504
26327 # 1504
26330 # 1504
26331 # 1504
26332 # 1504
26334 # 1504
26336 # 1504
26339 # 1504
26341 # 1504
26342 # 1504
26344 # 1504
26347 # 1504
26348 # 1504
26350 # 1504
26352 # 1504
26354 # 1504
26355 # 1504
26357 # 1504
26361 # 1504
26363 # 1504
26365 # 1504
26366 # 1504
26370 # 1504
26372 # 1504
26374 # 1504
26377 # 1504
26380 # 1504
26383 # 1504
26383 # 1504
26385 # 1504
26387 # 1504
26389 # 1504
26391 # 1504
26393 # 1504
26394 # 1504
26396 # 1504
26399 # 1504
26401 # 1504
26403 # 1504
26404 # 1504
26406 # 1504
26408 # 1504
26413 # 1504
26414 # 1504
26414 # 1504
26419 # 1504
26420 # 1504
26422 # 1504
26424 # 1504
26426 # 1504
26427 # 1504
26429 # 1504
26432 # 1504
26434 # 1504
26436 # 1504
26437 # 1504
26440 # 1504
26442 # 1504
26444 # 1504
26448 # 1504
26449 # 1504
26453 # 1504
26455 # 1504
26456 # 1504
26457 # 1504
26459 # 1504
26462 # 1504
26464 # 1504
26466 # 1504
26468 # 1504
26471 # 1504
26472 # 1504
26474 # 1504
26476 # 1504
26477 # 1504
26480 # 1504
26482 # 1504
26483 # 1504
26484 # 1504
26487 # 1504
26488 # 1504
26490 # 1504
26491 # 1504
26494 # 1504
26496 # 1504
26497 # 1504
26500 # 1504
26501 # 1504
26502 # 1504
26504 # 1504
26506 # 1504
26509 # 1504
26510 # 1504
26513 # 1504
26516 # 1504
26517 # 1504
26519 # 1504
26520 # 1504
26522 # 1504
26526 # 1504
26526 # 1504
26530 # 1504
26531 # 1504
26531 # 1504
26534 # 1504
26535 # 1504
26537 # 1504
26539 # 1504
26541 # 1504
26542 # 1504
26544 # 1504
26548 # 1504
26548 # 1504
26550 # 1504
26551 # 1504
26554 # 1504
26555 # 1504
26556 # 1504
26557 # 1504
26559 # 1504
26561 # 1504
26562 # 1504
26564 # 1504
26566 # 1504
26567 # 1504
26570 # 1504
26571 # 1504
26572 # 1504
26575 # 1504
26576 # 1504
26578 # 1504
26581 # 1504
26582 # 1504
26583 # 1504
26584 # 1504
26586 # 1504
26588 # 1504
26589 # 1504
26590 # 1504
26592 # 1504
26593 # 1504
26596 # 1504
26597 # 1504
26597 # 1504
26600 # 1504
26601 # 1504
26602 # 1504
26605 # 1504
26606 # 1504
26607 # 1504
26608 # 1504
26609 # 1504
26618 # 1504
26618 # 1504
26625 # 1504
26625 # 1504
26625 # 1504
26625 # 1504
26625 # 1504
26625 # 1504
26626 # 1504
26627 # 1504
26629 # 1504
26630 # 1504
26631 # 1504
26634 # 1504
26635 # 1504
26636 # 1504
26637 # 1504
26639 # 1504
26640 # 1504
26642 # 1504
26643 # 1504
26645 # 1504
26646 # 1504
26650 # 1504
26650 # 1504
26651 # 1504
26653 # 1504
26654 # 1504
26655 # 1504
26656 # 1504
26658 # 1504
26661 # 1504
26662 # 1504
26662 # 1504
26664 # 1504
26665 # 1504
26667 # 1504
26668 # 1504
26670 # 1504
26671 # 1504
26674 # 1504
26674 # 1504
26675 # 1504
26677 # 1504
26678 # 1504
26680 # 1504
26681 # 1504
26684 # 1504
26686 # 1504
26686 # 1504
26687 # 1504
26689 # 1504
26690 # 1504
26690 # 1504
26692 # 1504
26693 # 1504
26694 # 1504
26697 # 1504
26697 # 1504
26698 # 1504
26712 # 1504
26713 # 1504
26713 # 1504
26714 # 1504
26714 # 1504
26714 # 1504
26715 # 1504
26715 # 1504
26716 # 1504
26717 # 1504
26719 # 1504
26720 # 1504
26722 # 1504
26722 # 1504
26724 # 1504
26725 # 1504
26726 # 1504
26727 # 1504
26730 # 1504
26731 # 1504
26732 # 1504
26732 # 1504
26733 # 1504
26734 # 1504
26736 # 1504
26736 # 1504
26737 # 1504
26738 # 1504
26739 # 1504
26740 # 1504
26741 # 1504
26742 # 1504
26744 # 1504
26744 # 1504
26745 # 1504
26746 # 1504
26747 # 1504
26749 # 1504
26760 # 1504
26760 # 1504
26760 # 1504
26760 # 1504
26761 # 1504
26761 # 1504
26761 # 1504
26761 # 1504
26761 # 1504
26761 # 1504
26765 # 1504
26777 # 1504
26777 # 1504
26777 # 1504
26778 # 1504
26779 # 1504
26779 # 1504
26779 # 1504
26781 # 1504
26783 # 1504
26784 # 1504
26786 # 1504
26787 # 1504
26789 # 1504
26791 # 1504
26792 # 1504
26796 # 1504
26797 # 1504
26801 # 1504
26801 # 1504
26804 # 1504
26805 # 1504
26808 # 1504
26809 # 1504
26812 # 1504
26813 # 1504
26815 # 1504
26816 # 1504
26817 # 1504
26819 # 1504
26822 # 1504
26822 # 1504
26825 # 1504
26825 # 1504
26826 # 1504
26828 # 1504
26832 # 1504
26832 # 1504
26833 # 1504
26836 # 1504
26836 # 1504
26838 # 1504
26839 # 1504
26842 # 1504
26843 # 1504
26845 # 1504
26846 # 1504
26848 # 1504
26850 # 1504
26851 # 1504
26852 # 1504
26855 # 1504
26856 # 1504
26857 # 1504
26859 # 1504
26860 # 1504
26862 # 1504
26864 # 1504
26865 # 1504
26869 # 1504
26869 # 1504
26870 # 1504
26871 # 1504
26873 # 1504
26874 # 1504
26875 # 1504
26878 # 1504
26878 # 1504
26879 # 1504
26880 # 1504
26881 # 1504
26882 # 1504
26884 # 1504
26885 # 1504
26886 # 1504
26887 # 1504
26889 # 1504
26890 # 1504
26891 # 1504
26893 # 1504
26894 # 1504
26896 # 1504
26897 # 1504
26900 # 1504
26900 # 1504
26902 # 1504
26902 # 1504
26904 # 1504
26905 # 1504
26906 # 1504
26907 # 1504
26909 # 1504
26910 # 1504
26911 # 1504
26915 # 1504
26916 # 1504
26916 # 1504
26917 # 1504
26918 # 1504
26919 # 1504
26920 # 1504
26922 # 1504
26923 # 1504
26925 # 1504
26926 # 1504
26928 # 1504
26929 # 1504
26930 # 1504
26933 # 1504
26934 # 1504
26935 # 1504
26944 # 1504
26944 # 1504
26947 # 1504
26948 # 1504
26948 # 1504
26948 # 1504
26948 # 1504
26950 # 1504
26951 # 1504
26952 # 1504
26954 # 1504
26956 # 1504
26958 # 1504
26965 # 1504
26969 # 1504
26970 # 1504
26971 # 1504
26972 # 1504
26974 # 1504
26975 # 1504
26976 # 1504
26977 # 1504
26979 # 1504
26980 # 1504
26981 # 1504
26990 # 1504
26990 # 1504
26990 # 1504
26990 # 1504
26990 # 1504
26990 # 1504
26991 # 1504
26992 # 1504
26994 # 1504
26994 # 1504
26996 # 1504
26997 # 1504
26998 # 1504
26999 # 1504
27001 # 1504
27002 # 1504
27003 # 1504
27005 # 1504
27006 # 1504
27007 # 1504
27032 # 1504
27037 # 1504
27037 # 1504
27038 # 1504
27039 # 1504
27039 # 1504
27039 # 1504
27039 # 1504
27039 # 1504
27039 # 1504
27039 # 1504
27039 # 1504
27039 # 1504
27040 # 1504
27040 # 1504
27040 # 1504
27040 # 1504
27040 # 1504
27041 # 1504
27041 # 1504
27041 # 1504
27041 # 1504
27041 # 1504
27041 # 1504
27041 # 1504
27044 # 1504
27046 # 1504
27046 # 1504
27046 # 1504
27051 # 1504
27052 # 1504
27052 # 1504
27052 # 1504
27052 # 1504
27052 # 1504
27054 # 1504
27055 # 1504
27056 # 1504
27065 # 1504
27065 # 1504
27065 # 1504
27066 # 1504
27066 # 1504
27067 # 1504
27069 # 1504
27071 # 1504
27073 # 1504
27074 # 1504
27075 # 1504
27076 # 1504
27077 # 1504
27080 # 1504
27080 # 1504
27084 # 1504
27084 # 1504
27085 # 1504
27087 # 1504
27088 # 1504
27089 # 1504
27090 # 1504
27094 # 1504
27095 # 1504
27096 # 1504
27097 # 1504
27099 # 1504
27102 # 1504
27102 # 1504
27104 # 1504
27110 # 1504
27110 # 1504
27110 # 1504
27110 # 1504
27110 # 1504
27112 # 1504
27113 # 1504
27114 # 1504
27116 # 1504
27116 # 1504
27117 # 1504
27118 # 1504
27120 # 1504
27121 # 1504
27122 # 1504
27123 # 1504
27125 # 1504
27126 # 1504
27127 # 1504
27128 # 1504
27129 # 1504
27139 # 1504
27140 # 1504
27140 # 1504
27140 # 1504
27140 # 1504
27140 # 1504
27140 # 1504
27140 # 1504
27140 # 1504
27141 # 1504
27142 # 1504
27143 # 1504
27145 # 1504
27146 # 1504
27147 # 1504
27148 # 1504
27151 # 1504
27152 # 1504
27152 # 1504
27155 # 1504
27156 # 1504
27158 # 1504
27158 # 1504
27158 # 1504
27161 # 1504
27164 # 1504
27165 # 1504
27165 # 1504
27165 # 1504
27165 # 1504
27167 # 1504
27168 # 1504
27179 # 1504
27179 # 1504
27180 # 1504
27184 # 1504
27186 # 1504
27187 # 1504
27187 # 1504
27187 # 1504
27187 # 1504
27197 # 1504
27210 # 1504
27210 # 1504
27210 # 1504
27210 # 1504
27215 # 1504
27215 # 1504
27215 # 1504
27215 # 1504
27216 # 1504
27220 # 1504
27221 # 1504
27228 # 1504
27229 # 1504
27230 # 1504
27231 # 1504
27234 # 1504
27234 # 1504
27235 # 1504
27235 # 1504
27235 # 1504
27237 # 1504
27237 # 1504
27240 # 1504
27242 # 1504
27244 # 1504
27246 # 1504
27247 # 1504
27249 # 1504
27250 # 1504
27253 # 1504
27254 # 1504
27255 # 1504
27257 # 1504
27258 # 1504
27260 # 1504
27262 # 1504
27263 # 1504
27265 # 1504
27266 # 1504
27268 # 1504
27270 # 1504
27271 # 1504
27273 # 1504
27274 # 1504
27276 # 1504
27277 # 1504
27279 # 1504
27280 # 1504
27283 # 1504
27283 # 1504
27286 # 1504
27287 # 1504
27290 # 1504
27291 # 1504
27292 # 1504
27295 # 1504
27295 # 1504
27297 # 1504
27299 # 1504
27300 # 1504
27303 # 1504
27304 # 1504
27305 # 1504
27307 # 1504
27309 # 1504
27310 # 1504
27314 # 1504
27314 # 1504
27316 # 1504
27317 # 1504
27319 # 1504
27320 # 1504
27323 # 1504
27324 # 1504
27325 # 1504
27329 # 1504
27329 # 1504
27331 # 1504
27332 # 1504
27334 # 1504
27336 # 1504
27339 # 1504
27339 # 1504
27341 # 1504
27343 # 1504
27346 # 1504
27348 # 1504
27350 # 1504
27350 # 1504
27352 # 1504
27355 # 1504
27415 # 1504
27415 # 1504
27415 # 1504
27415 # 1504
27415 # 1504
27415 # 1504
27415 # 1504
27415 # 1504
27416 # 1504
27416 # 1504
27417 # 1504
27417 # 1504
27417 # 1504
27417 # 1504
27418 # 1504
27418 # 1504
27418 # 1504
27419 # 1504
27419 # 1504
27419 # 1504
27420 # 1504
27420 # 1504
27420 # 1504
27420 # 1504
27420 # 1504
27420 # 1504
27420 # 1504
27420 # 1504
27420 # 1504
27420 # 1504
27420 # 1504
27420 # 1504
27420 # 1504
27421 # 1504
27421 # 1504
27422 # 1504
27424 # 1504
27426 # 1504
27429 # 1504
27430 # 1504
27432 # 1504
27433 # 1504
27435 # 1504
27436 # 1504
27439 # 1504
27441 # 1504
27441 # 1504
27443 # 1504
27444 # 1504
27447 # 1504
27447 # 1504
27449 # 1504
27451 # 1504
27453 # 1504
27455 # 1504
27457 # 1504
27458 # 1504
27462 # 1504
27462 # 1504
27463 # 1504
27466 # 1504
27467 # 1504
27469 # 1504
27472 # 1504
27472 # 1504
27474 # 1504
27475 # 1504
27478 # 1504
27480 # 1504
27481 # 1504
27483 # 1504
27484 # 1504
27486 # 1504
27487 # 1504
27489 # 1504
27490 # 1504
27492 # 1504
27494 # 1504
27495 # 1504
27498 # 1504
27499 # 1504
27502 # 1504
27503 # 1504
27504 # 1504
27505 # 1504
27507 # 1504
27511 # 1504
27512 # 1504
27513 # 1504
27514 # 1504
27519 # 1504
27521 # 1504
27521 # 1504
27525 # 1504
27527 # 1504
27527 # 1504
27529 # 1504
27532 # 1504
27533 # 1504
27535 # 1504
27536 # 1504
27538 # 1504
27541 # 1504
27542 # 1504
27544 # 1504
27546 # 1504
27549 # 1504
27552 # 1504
27552 # 1504
27553 # 1504
27555 # 1504
27557 # 1504
27558 # 1504
27559 # 1504
27561 # 1504
27563 # 1504
27565 # 1504
27566 # 1504
27567 # 1504
27569 # 1504
27570 # 1504
27572 # 1504
27575 # 1504
27576 # 1504
27580 # 1504
27581 # 1504
27582 # 1504
27585 # 1504
27586 # 1504
27590 # 1504
27590 # 1504
27592 # 1504
27593 # 1504
27596 # 1504
27596 # 1504
27598 # 1504
27600 # 1504
27601 # 1504
27605 # 1504
27606 # 1504
27608 # 1504
27609 # 1504
27612 # 1504
27612 # 1504
27614 # 1504
27615 # 1504
27616 # 1504
27619 # 1504
27621 # 1504
27623 # 1504
27623 # 1504
27634 # 1504
27634 # 1504
27634 # 1504
27634 # 1504
27634 # 1504
27634 # 1504
27636 # 1504
27639 # 1504
27640 # 1504
27643 # 1504
27645 # 1504
27646 # 1504
27648 # 1504
27651 # 1504
27652 # 1504
27653 # 1504
27655 # 1504
27657 # 1504
27659 # 1504
27660 # 1504
27662 # 1504
27663 # 1504
27666 # 1504
27670 # 1504
27670 # 1504
27670 # 1504
27671 # 1504
27672 # 1504
27674 # 1504
27675 # 1504
27676 # 1504
27677 # 1504
27678 # 1504
27681 # 1504
27683 # 1504
27683 # 1504
27685 # 1504
27690 # 1504
27690 # 1504
27690 # 1504
27700 # 1504
27700 # 1504
27701 # 1504
27701 # 1504
27701 # 1504
27701 # 1504
27701 # 1504
27701 # 1504
27702 # 1504
27704 # 1504
27706 # 1504
27706 # 1504
27707 # 1504
27717 # 1504
27718 # 1504
27718 # 1504
27718 # 1504
27718 # 1504
27718 # 1504
27718 # 1504
27718 # 1504
27718 # 1504
27728 # 1504
27728 # 1504
27728 # 1504
27729 # 1504
27729 # 1504
27729 # 1504
27729 # 1504
27731 # 1504
27731 # 1504
27734 # 1504
27736 # 1504
27736 # 1504
27738 # 1504
27740 # 1504
27741 # 1504
27742 # 1504
27745 # 1504
27746 # 1504
27747 # 1504
27757 # 1504
27760 # 1504
27761 # 1504
27762 # 1504
27763 # 1504
27773 # 1504
27773 # 1504
27773 # 1504
27774 # 1504
27776 # 1504
27776 # 1504
27778 # 1504
27779 # 1504
27779 # 1504
27782 # 1504
27783 # 1504
27784 # 1504
27785 # 1504
27786 # 1504
27787 # 1504
27792 # 1504
27793 # 1504
27795 # 1504
27796 # 1504
27799 # 1504
27802 # 1504
27803 # 1504
27803 # 1504
27804 # 1504
27806 # 1504
27808 # 1504
27808 # 1504
27810 # 1504
27812 # 1504
27814 # 1504
27817 # 1504
27817 # 1504
27818 # 1504
27824 # 1504
27825 # 1504
27825 # 1504
27826 # 1504
27827 # 1504
27831 # 1504
27832 # 1504
27833 # 1504
27835 # 1504
27836 # 1504
27838 # 1504
27839 # 1504
27842 # 1504
27843 # 1504
27844 # 1504
27846 # 1504
27847 # 1504
27850 # 1504
27851 # 1504
27852 # 1504
27855 # 1504
27856 # 1504
27857 # 1504
27859 # 1504
27862 # 1504
27863 # 1504
27865 # 1504
27866 # 1504
27872 # 1504
27872 # 1504
27872 # 1504
27873 # 1504
27875 # 1504
27877 # 1504
27878 # 1504
27880 # 1504
27881 # 1504
27883 # 1504
27886 # 1504
27893 # 1504
27893 # 1504
27893 # 1504
27893 # 1504
27893 # 1504
27895 # 1504
27896 # 1504
27897 # 1504
27901 # 1504
27902 # 1504
27903 # 1504
27905 # 1504
27906 # 1504
27908 # 1504
27909 # 1504
27912 # 1504
27912 # 1504
27913 # 1504
27914 # 1504
27919 # 1504
27920 # 1504
27921 # 1504
27922 # 1504
27925 # 1504
27926 # 1504
27927 # 1504
27929 # 1504
27931 # 1504
27933 # 1504
27943 # 1504
27943 # 1504
27943 # 1504
27943 # 1504
27944 # 1504
27945 # 1504
27947 # 1504
27948 # 1504
27958 # 1504
27958 # 1504
27958 # 1504
27958 # 1504
27958 # 1504
27958 # 1504
27959 # 1504
27960 # 1504
27962 # 1504
27963 # 1504
27964 # 1504
27965 # 1504
27968 # 1504
27968 # 1504
27969 # 1504
27972 # 1504
27973 # 1504
27974 # 1504
27975 # 1504
27977 # 1504
27980 # 1504
27980 # 1504
27981 # 1504
27983 # 1504
27984 # 1504
27985 # 1504
27987 # 1504
27989 # 1504
27990 # 1504
27991 # 1504
27992 # 1504
27994 # 1504
27995 # 1504
27997 # 1504
27998 # 1504
27999 # 1504
28000 # 1504
28002 # 1504
28003 # 1504
28004 # 1504
28006 # 1504
28007 # 1504
28008 # 1504
28009 # 1504
28010 # 1504
28012 # 1504
28013 # 1504
28014 # 1504
28015 # 1504
28016 # 1504
28026 # 1504
28026 # 1504
28027 # 1504
28027 # 1504
28027 # 1504
28031 # 1504
28035 # 1504
28035 # 1504
28035 # 1504
28037 # 1504
28041 # 1504
28046 # 1504
28046 # 1504
28046 # 1504
28048 # 1504
28048 # 1504
28048 # 1504
28048 # 1504
28048 # 1504
28049 # 1504
28050 # 1504
28051 # 1504
28052 # 1504
28054 # 1504
28055 # 1504
28056 # 1504
28057 # 1504
28059 # 1504
28059 # 1504
28062 # 1504
28062 # 1504
28064 # 1504
28065 # 1504
28066 # 1504
28067 # 1504
28068 # 1504
28069 # 1504
28070 # 1504
28073 # 1504
28074 # 1504
28074 # 1504
28075 # 1504
28076 # 1504
28077 # 1504
28078 # 1504
28080 # 1504
28080 # 1504
28081 # 1504
28082 # 1504
28085 # 1504
28086 # 1504
28086 # 1504
28087 # 1504
28088 # 1504
28098 # 1504
28099 # 1504
28100 # 1504
28101 # 1504
28101 # 1504
28115 # 1504
28115 # 1504
28118 # 1504
28118 # 1504
28119 # 1504
28120 # 1504
28120 # 1504
28120 # 1504
28122 # 1504
28123 # 1504
28125 # 1504
28128 # 1504
28129 # 1504
28130 # 1504
28131 # 1504
28132 # 1504
28145 # 1504
28146 # 1504
28146 # 1504
28147 # 1504
28149 # 1504
28149 # 1504
28149 # 1504
28150 # 1504
28161 # 1504
28161 # 1504
28161 # 1504
28161 # 1504
28161 # 1504
28161 # 1504
28167 # 1504
28167 # 1504
28172 # 1504
28172 # 1504
28172 # 1504
28172 # 1504
28172 # 1504
28172 # 1504
28172 # 1504
28193 # 1504
28193 # 1504
28193 # 1504
28193 # 1504
28193 # 1504
28193 # 1504
28193 # 1504
28193 # 1504
28194 # 1504
28194 # 1504
28194 # 1504
28194 # 1504
28194 # 1504
28194 # 1504
28194 # 1504
28195 # 1504
28196 # 1504
28198 # 1504
28198 # 1504
28200 # 1504
28205 # 1504
28205 # 1504
28205 # 1504
28205 # 1504
28206 # 1504
28206 # 1504
28207 # 1504
28217 # 1504
28217 # 1504
28217 # 1504
28217 # 1504
28217 # 1504
28217 # 1504
28218 # 1504
28219 # 1504
28221 # 1504
28221 # 1504
28222 # 1504
28223 # 1504
28224 # 1504
28225 # 1504
28226 # 1504
28227 # 1504
28229 # 1504
28230 # 1504
28240 # 1504
28260 # 1504
28260 # 1504
28260 # 1504
28260 # 1504
28260 # 1504
28261 # 1504
28261 # 1504
28261 # 1504
28261 # 1504
28261 # 1504
28261 # 1504
28261 # 1504
28261 # 1504
28261 # 1504
28261 # 1504
28267 # 1504
28267 # 1504
28269 # 1504
28270 # 1504
28271 # 1504
28275 # 1504
28286 # 1504
28286 # 1504
28286 # 1504
28289 # 1504
28289 # 1504
28289 # 1504
28297 # 1504
28302 # 1504
28302 # 1504
28303 # 1504
28303 # 1504
28303 # 1504
28307 # 1504
28308 # 1504
28310 # 1504
28313 # 1504
28315 # 1504
28316 # 1504
28318 # 1504
28323 # 1504
28324 # 1504
28326 # 1504
28331 # 1504
28331 # 1504
28333 # 1504
28335 # 1504
28339 # 1504
28341 # 1504
28341 # 1504
28343 # 1504
28350 # 1504
28350 # 1504
28351 # 1504
28351 # 1504
28353 # 1504
28355 # 1504
28357 # 1504
28359 # 1504
28360 # 1504
28363 # 1504
28364 # 1504
28366 # 1504
28368 # 1504
28369 # 1504
28371 # 1504
28373 # 1504
28374 # 1504
28375 # 1504
28378 # 1504
28378 # 1504
28379 # 1504
28381 # 1504
28382 # 1504
28385 # 1504
28385 # 1504
28387 # 1504
28388 # 1504
28401 # 1504
28402 # 1504
28402 # 1504
28402 # 1504
28402 # 1504
28402 # 1504
28403 # 1504
28405 # 1504
28406 # 1504
28408 # 1504
28411 # 1504
28412 # 1504
28422 # 1504
28424 # 1504
28424 # 1504
28424 # 1504
28424 # 1504
28425 # 1504
28426 # 1504
28427 # 1504
28429 # 1504
28432 # 1504
28434 # 1504
28435 # 1504
28436 # 1504
28440 # 1504
28441 # 1504
28442 # 1504
28444 # 1504
28445 # 1504
28448 # 1504
28450 # 1504
28455 # 1504
28460 # 1504
28460 # 1504
28460 # 1504
28460 # 1504
28461 # 1504
28462 # 1504
28464 # 1504
28466 # 1504
28467 # 1504
28469 # 1504
28472 # 1504
28474 # 1504
28474 # 1504
28475 # 1504
28478 # 1504
28480 # 1504
28491 # 1504
28491 # 1504
28491 # 1504
28496 # 1504
28496 # 1504
28501 # 1504
28501 # 1504
28503 # 1504
28504 # 1504
28505 # 1504
28507 # 1504
28510 # 1504
28513 # 1504
28515 # 1504
28517 # 1504
28520 # 1504
28523 # 1504
28526 # 1504
28527 # 1504
28530 # 1504
28533 # 1504
28536 # 1504
28539 # 1504
28541 # 1504
28544 # 1504
28546 # 1504
28550 # 1504
28551 # 1504
28553 # 1504
28556 # 1504
28557 # 1504
28559 # 1504
28562 # 1504
28563 # 1504
28566 # 1504
28568 # 1504
28570 # 1504
28573 # 1504
28576 # 1504
28577 # 1504
28580 # 1504
28582 # 1504
28584 # 1504
28585 # 1504
28588 # 1504
28589 # 1504
28591 # 1504
28594 # 1504
28596 # 1504
28597 # 1504
28599 # 1504
28602 # 1504
28605 # 1504
28607 # 1504
28609 # 1504
28611 # 1504
28613 # 1504
28615 # 1504
28617 # 1504
28619 # 1504
28621 # 1504
28623 # 1504
28626 # 1504
28628 # 1504
28629 # 1504
28632 # 1504
28633 # 1504
28635 # 1504
28637 # 1504
28639 # 1504
28641 # 1504
28644 # 1504
28646 # 1504
28673 # 1504
28673 # 1504
28673 # 1504
28673 # 1504
28673 # 1504
28673 # 1504
28673 # 1504
28673 # 1504
28674 # 1504
28674 # 1504
28674 # 1504
28674 # 1504
28674 # 1504
28676 # 1504
28676 # 1504
28678 # 1504
28681 # 1504
28720 # 1504
28720 # 1504
28720 # 1504
28720 # 1504
28720 # 1504
28720 # 1504
28721 # 1504
28721 # 1504
28721 # 1504
28721 # 1504
28721 # 1504
28721 # 1504
28721 # 1504
28721 # 1504
28721 # 1504
28721 # 1504
28721 # 1504
28721 # 1504
28721 # 1504
28721 # 1504
28722 # 1504
28722 # 1504
28722 # 1504
28724 # 1504
28726 # 1504
28728 # 1504
28730 # 1504
28731 # 1504
28733 # 1504
28736 # 1504
28737 # 1504
28739 # 1504
28740 # 1504
28742 # 1504
28744 # 1504
28746 # 1504
28747 # 1504
28749 # 1504
28761 # 1504
28761 # 1504
28765 # 1504
28765 # 1504
28765 # 1504
28765 # 1504
28768 # 1504
28770 # 1504
28773 # 1504
28774 # 1504
28775 # 1504
28777 # 1504
28779 # 1504
28781 # 1504
28783 # 1504
28785 # 1504
28788 # 1504
28789 # 1504
28790 # 1504
28792 # 1504
28794 # 1504
28795 # 1504
28797 # 1504
28800 # 1504
28801 # 1504
28805 # 1504
28806 # 1504
28806 # 1504
28808 # 1504
28818 # 1504
28818 # 1504
28818 # 1504
28825 # 1504
28826 # 1504
28827 # 1504
28830 # 1504
28830 # 1504
28833 # 1504
28845 # 1504
28845 # 1504
28845 # 1504
28845 # 1504
28855 # 1504
28857 # 1504
28857 # 1504
28860 # 1504
28866 # 1504
28867 # 1504
28867 # 1504
28876 # 1504
28876 # 1504
28877 # 1504
28880 # 1504
28882 # 1504
28887 # 1504
28889 # 1504
28911 # 1504
28911 # 1504
28911 # 1504
28912 # 1504
28912 # 1504
28912 # 1504
28912 # 1504
28912 # 1504
28913 # 1504
28913 # 1504
28914 # 1504
28916 # 1504
28918 # 1504
28920 # 1504
28922 # 1504
28925 # 1504
28928 # 1504
28929 # 1504
28932 # 1504
28934 # 1504
28935 # 1504
28937 # 1504
28948 # 1504
28949 # 1504
28949 # 1504
28949 # 1504
28949 # 1504
28952 # 1504
28955 # 1504
28956 # 1504
28958 # 1504
28960 # 1504
28969 # 1504
28969 # 1504
28969 # 1504
28971 # 1504
28973 # 1504
28975 # 1504
28977 # 1504
28980 # 1504
28982 # 1504
28984 # 1504
28985 # 1504
28988 # 1504
28990 # 1504
28992 # 1504
28994 # 1504
28996 # 1504
28998 # 1504
29000 # 1504
29002 # 1504
29004 # 1504
29006 # 1504
29010 # 1504
29011 # 1504
29013 # 1504
29015 # 1504
29017 # 1504
29019 # 1504
29021 # 1504
29026 # 1504
29026 # 1504
29028 # 1504
29031 # 1504
29033 # 1504
29036 # 1504
29038 # 1504
29041 # 1504
29042 # 1504
29045 # 1504
29046 # 1504
29050 # 1504
29051 # 1504
29055 # 1504
29057 # 1504
29057 # 1504
29059 # 1504
29060 # 1504
29062 # 1504
29064 # 1504
29065 # 1504
29067 # 1504
29068 # 1504
29070 # 1504
29080 # 1504
29080 # 1504
29080 # 1504
29080 # 1504
29081 # 1504
29081 # 1504
29083 # 1504
29085 # 1504
29086 # 1504
29089 # 1504
29090 # 1504
29093 # 1504
29095 # 1504
29097 # 1504
29098 # 1504
29099 # 1504
29101 # 1504
29102 # 1504
29105 # 1504
29125 # 1504
29125 # 1504
29125 # 1504
29125 # 1504
29125 # 1504
29125 # 1504
29125 # 1504
29125 # 1504
29130 # 1504
29134 # 1504
29134 # 1504
29134 # 1504
29137 # 1504
29139 # 1504
29141 # 1504
29143 # 1504
29155 # 1504
29155 # 1504
29155 # 1504
29155 # 1504
29159 # 1504
29160 # 1504
29161 # 1504
29163 # 1504
29167 # 1504
29167 # 1504
29170 # 1504
29170 # 1504
29173 # 1504
29175 # 1504
29176 # 1504
29178 # 1504
29182 # 1504
29182 # 1504
29186 # 1504
29186 # 1504
29187 # 1504
29189 # 1504
29200 # 1504
29200 # 1504
29205 # 1504
29205 # 1504
29205 # 1504
29205 # 1504
29205 # 1504
29210 # 1504
29220 # 1504
29220 # 1504
29222 # 1504
29222 # 1504
29226 # 1504
29226 # 1504
29233 # 1504
29237 # 1504
29237 # 1504
29237 # 1504
29242 # 1504
29245 # 1504
29246 # 1504
29249 # 1504
29250 # 1504
29253 # 1504
29256 # 1504
29257 # 1504
29257 # 1504
29260 # 1504
29263 # 1504
29264 # 1504
29265 # 1504
29268 # 1504
29269 # 1504
29271 # 1504
29272 # 1504
29274 # 1504
29277 # 1504
29278 # 1504
29279 # 1504
29280 # 1504
29283 # 1504
29285 # 1504
29286 # 1504
29287 # 1504
29288 # 1504
29290 # 1504
29291 # 1504
29293 # 1504
29295 # 1504
29296 # 1504
29298 # 1504
29300 # 1504
29301 # 1504
29303 # 1504
29304 # 1504
29307 # 1504
29309 # 1504
29314 # 1504
29314 # 1504
29326 # 1504
29326 # 1504
29326 # 1504
29327 # 1504
29327 # 1504
29328 # 1504
29331 # 1504
29333 # 1504
29335 # 1504
29336 # 1504
29338 # 1504
29340 # 1504
29352 # 1504
29352 # 1504
29352 # 1504
29352 # 1504
29352 # 1504
29352 # 1504
29353 # 1504
29353 # 1504
29354 # 1504
29356 # 1504
29357 # 1504
29359 # 1504
29360 # 1504
29363 # 1504
29366 # 1504
29366 # 1504
29368 # 1504
29370 # 1504
29370 # 1504
29372 # 1504
29374 # 1504
29378 # 1504
29378 # 1504
29379 # 1504
29381 # 1504
29382 # 1504
29383 # 1504
29385 # 1504
29386 # 1504
29388 # 1504
29390 # 1504
29393 # 1504
29401 # 1504
29404 # 1504
29404 # 1504
29404 # 1504
29408 # 1504
29409 # 1504
29413 # 1504
29425 # 1504
29425 # 1504
29425 # 1504
29426 # 1504
29426 # 1504
29426 # 1504
29426 # 1504
29426 # 1504
29426 # 1504
29426 # 1504
29426 # 1504
29426 # 1504
29427 # 1504
29428 # 1504
29430 # 1504
29432 # 1504
29433 # 1504
29462 # 1504
29462 # 1504
29462 # 1504
29462 # 1504
29462 # 1504
29463 # 1504
29463 # 1504
29463 # 1504
29463 # 1504
29463 # 1504
29463 # 1504
29463 # 1504
29463 # 1504
29463 # 1504
29464 # 1504
29467 # 1504
29467 # 1504
29467 # 1504
29467 # 1504
29467 # 1504
29469 # 1504
29469 # 1504
29471 # 1504
29472 # 1504
29473 # 1504
29474 # 1504
29475 # 1504
29485 # 1504
29485 # 1504
29485 # 1504
29485 # 1504
29485 # 1504
29485 # 1504
29486 # 1504
29487 # 1504
29488 # 1504
29489 # 1504
29490 # 1504
29491 # 1504
29494 # 1504
29496 # 1504
29496 # 1504
29497 # 1504
29498 # 1504
29500 # 1504
29502 # 1504
29503 # 1504
29504 # 1504
29505 # 1504
29510 # 1504
29510 # 1504
29511 # 1504
29511 # 1504
29512 # 1504
29516 # 1504
29527 # 1504
29527 # 1504
29530 # 1504
29530 # 1504
29531 # 1504
29533 # 1504
29535 # 1504
29542 # 1504
29543 # 1504
29543 # 1504
29543 # 1504
29547 # 1504
29551 # 1504
29551 # 1504
29551 # 1504
29551 # 1504
29551 # 1504
29561 # 1504
29562 # 1504
29564 # 1504
29566 # 1504
29566 # 1504
29573 # 1504
29573 # 1504
29573 # 1504
29574 # 1504
29575 # 1504
29578 # 1504
29579 # 1504
29582 # 1504
29583 # 1504
29584 # 1504
29587 # 1504
29588 # 1504
29590 # 1504
29592 # 1504
29593 # 1504
29595 # 1504
29598 # 1504
29599 # 1504
29600 # 1504
29603 # 1504
29605 # 1504
29607 # 1504
29609 # 1504
29612 # 1504
29613 # 1504
29614 # 1504
29616 # 1504
29619 # 1504
29620 # 1504
29621 # 1504
29623 # 1504
29624 # 1504
29626 # 1504
29628 # 1504
29629 # 1504
29632 # 1504
29634 # 1504
29636 # 1504
29637 # 1504
29638 # 1504
29640 # 1504
29643 # 1504
29644 # 1504
29645 # 1504
29648 # 1504
29650 # 1504
29652 # 1504
29654 # 1504
29658 # 1504
29659 # 1504
29660 # 1504
29662 # 1504
29664 # 1504
29667 # 1504
29669 # 1504
29670 # 1504
29671 # 1504
29674 # 1504
29675 # 1504
29676 # 1504
29678 # 1504
29679 # 1504
29682 # 1504
29683 # 1504
29685 # 1504
29688 # 1504
29689 # 1504
29689 # 1504
29690 # 1504
29692 # 1504
29693 # 1504
29695 # 1504
29696 # 1504
29698 # 1504
29699 # 1504
29700 # 1504
29701 # 1504
29705 # 1504
29705 # 1504
29705 # 1504
29709 # 1504
29709 # 1504
29709 # 1504
29710 # 1504
29713 # 1504
29715 # 1504
29715 # 1504
29716 # 1504
29720 # 1504
29720 # 1504
29721 # 1504
29722 # 1504
29723 # 1504
29725 # 1504
29726 # 1504
29727 # 1504
29729 # 1504
29730 # 1504
29732 # 1504
29733 # 1504
29735 # 1504
29737 # 1504
29738 # 1504
29739 # 1504
29740 # 1504
29742 # 1504
29743 # 1504
29744 # 1504
29746 # 1504
29747 # 1504
29749 # 1504
29750 # 1504
29752 # 1504
29754 # 1504
29796 # 1504
29796 # 1504
29797 # 1504
29797 # 1504
29797 # 1504
29797 # 1504
29797 # 1504
29798 # 1504
29799 # 1504
29799 # 1504
29800 # 1504
29801 # 1504
29802 # 1504
29802 # 1504
29803 # 1504
29803 # 1504
29804 # 1504
29804 # 1504
29805 # 1504
29805 # 1504
29806 # 1504
29807 # 1504
29807 # 1504
29808 # 1504
29808 # 1504
29809 # 1504
29810 # 1504
29810 # 1504
29810 # 1504
29810 # 1504
29810 # 1504
29810 # 1504
29810 # 1504
29811 # 1504
29811 # 1504
29811 # 1504
29811 # 1504
29811 # 1504
29811 # 1504
29811 # 1504
29811 # 1504
29811 # 1504
29811 # 1504
29811 # 1504
29811 # 1504
29811 # 1504
29813 # 1504
29815 # 1504
29815 # 1504
29816 # 1504
29817 # 1504
29820 # 1504
29821 # 1504
29822 # 1504
29823 # 1504
29824 # 1504
29825 # 1504
29826 # 1504
29828 # 1504
29829 # 1504
29831 # 1504
29832 # 1504
29833 # 1504
29834 # 1504
29836 # 1504
29837 # 1504
29838 # 1504
29841 # 1504
29841 # 1504
29841 # 1504
29842 # 1504
29844 # 1504
29846 # 1504
29846 # 1504
29847 # 1504
29849 # 1504
29849 # 1504
29854 # 1504
29855 # 1504
29855 # 1504
29856 # 1504
29858 # 1504
29860 # 1504
29870 # 1504
29870 # 1504
29870 # 1504
29871 # 1504
29880 # 1504
29880 # 1504
29880 # 1504
29886 # 1504
29886 # 1504
29886 # 1504
29886 # 1504
29886 # 1504
29887 # 1504
29888 # 1504
29889 # 1504
29890 # 1504
29892 # 1504
29893 # 1504
29895 # 1504
29896 # 1504
29897 # 1504
29898 # 1504
29899 # 1504
29900 # 1504
29901 # 1504
29903 # 1504
29904 # 1504
29905 # 1504
29906 # 1504
29907 # 1504
29908 # 1504
29909 # 1504
29911 # 1504
29912 # 1504
29913 # 1504
29914 # 1504
29915 # 1504
29916 # 1504
29917 # 1504
29919 # 1504
29920 # 1504
29921 # 1504
29922 # 1504
29926 # 1504
29926 # 1504
29927 # 1504
29928 # 1504
29929 # 1504
29931 # 1504
29932 # 1504
29932 # 1504
29934 # 1504
29935 # 1504
29936 # 1504
29937 # 1504
29938 # 1504
29940 # 1504
29941 # 1504
29942 # 1504
29943 # 1504
29945 # 1504
29946 # 1504
29948 # 1504
29949 # 1504
29950 # 1504
29951 # 1504
29952 # 1504
29953 # 1504
29954 # 1504
29957 # 1504
29958 # 1504
29959 # 1504
29960 # 1504
29961 # 1504
29963 # 1504
29963 # 1504
29964 # 1504
29965 # 1504
29966 # 1504
29967 # 1504
29969 # 1504
29970 # 1504
29971 # 1504
29972 # 1504
29973 # 1504
29974 # 1504
29976 # 1504
29977 # 1504
29978 # 1504
29979 # 1504
29980 # 1504
29981 # 1504
29983 # 1504
29984 # 1504
29987 # 1504
29987 # 1504
29988 # 1504
29989 # 1504
29990 # 1504
29991 # 1504
29992 # 1504
29994 # 1504
29996 # 1504
29997 # 1504
29998 # 1504
29999 # 1504
30000 # 1504
30002 # 1504
30003 # 1504
30015 # 1504
30015 # 1504
30016 # 1504
30016 # 1504
30016 # 1504
30016 # 1504
30018 # 1504
30018 # 1504
30018 # 1504
30019 # 1504
30020 # 1504
30021 # 1504
30022 # 1504
30024 # 1504
30026 # 1504
30026 # 1504
30027 # 1504
30028 # 1504
30029 # 1504
30030 # 1504
30031 # 1504
30032 # 1504
30034 # 1504
30038 # 1504
30039 # 1504
30041 # 1504
30042 # 1504
30043 # 1504
30045 # 1504
30047 # 1504
30050 # 1504
30050 # 1504
30051 # 1504
30053 # 1504
30054 # 1504
30055 # 1504
30057 # 1504
30058 # 1504
30070 # 1504
30070 # 1504
30070 # 1504
30070 # 1504
30070 # 1504
30070 # 1504
30070 # 1504
30070 # 1504
30072 # 1504
30074 # 1504
30074 # 1504
30075 # 1504
30076 # 1504
30077 # 1504
30078 # 1504
30080 # 1504
30081 # 1504
30099 # 1504
30099 # 1504
30099 # 1504
30100 # 1504
30110 # 1504
30111 # 1504
30114 # 1504
30120 # 1504
30124 # 1504
30125 # 1504
30125 # 1504
30127 # 1504
30131 # 1504
30135 # 1504
30135 # 1504
30136 # 1504
30137 # 1504
30139 # 1504
30141 # 1504
30144 # 1504
30146 # 1504
30147 # 1504
30149 # 1504
30151 # 1504
30153 # 1504
30154 # 1504
30156 # 1504
30158 # 1504
30159 # 1504
30161 # 1504
30162 # 1504
30166 # 1504
30168 # 1504
30171 # 1504
30172 # 1504
30174 # 1504
30175 # 1504
30176 # 1504
30179 # 1504
30182 # 1504
30184 # 1504
30185 # 1504
30186 # 1504
30190 # 1504
30192 # 1504
30193 # 1504
30195 # 1504
30198 # 1504
30200 # 1504
30200 # 1504
30202 # 1504
30205 # 1504
30207 # 1504
30207 # 1504
30210 # 1504
30213 # 1504
30225 # 1504
30225 # 1504
30225 # 1504
30230 # 1504
30230 # 1504
30230 # 1504
30237 # 1504
30237 # 1504
30237 # 1504
30239 # 1504
30241 # 1504
30242 # 1504
30256 # 1504
30256 # 1504
30256 # 1504
30258 # 1504
30258 # 1504
30258 # 1504
30260 # 1504
30261 # 1504
30262 # 1504
30264 # 1504
30266 # 1504
30268 # 1504
30270 # 1504
30272 # 1504
30273 # 1504
30275 # 1504
30277 # 1504
30279 # 1504
30283 # 1504
30284 # 1504
30286 # 1504
30288 # 1504
30291 # 1504
30293 # 1504
30295 # 1504
30297 # 1504
30301 # 1504
30303 # 1504
30305 # 1504
30307 # 1504
30309 # 1504
30312 # 1504
30313 # 1504
30316 # 1504
30317 # 1504
30319 # 1504
30320 # 1504
30322 # 1504
30324 # 1504
30326 # 1504
30330 # 1504
30330 # 1504
30333 # 1504
30334 # 1504
30336 # 1504
30338 # 1504
30340 # 1504
30341 # 1504
30352 # 1504
30352 # 1504
30352 # 1504
30352 # 1504
30352 # 1504
30361 # 1504
30361 # 1504
30365 # 1504
30365 # 1504
30365 # 1504
30367 # 1504
30367 # 1504
30367 # 1504
30367 # 1504
30370 # 1504
30370 # 1504
30372 # 1504
30374 # 1504
30379 # 1504
30381 # 1504
30383 # 1504
30387 # 1504
30388 # 1504
30391 # 1504
30394 # 1504
30396 # 1504
30397 # 1504
30401 # 1504
30402 # 1504
30404 # 1504
30406 # 1504
30411 # 1504
30413 # 1504
30414 # 1504
30417 # 1504
30417 # 1504
30420 # 1504
30421 # 1504
30424 # 1504
30426 # 1504
30427 # 1504
30429 # 1504
30432 # 1504
30435 # 1504
30436 # 1504
30438 # 1504
30441 # 1504
30443 # 1504
30445 # 1504
30447 # 1504
30449 # 1504
30450 # 1504
30452 # 1504
30453 # 1504
30456 # 1504
30457 # 1504
30459 # 1504
30460 # 1504
30461 # 1504
30467 # 1504
30472 # 1504
30473 # 1504
30475 # 1504
30476 # 1504
30478 # 1504
30479 # 1504
30481 # 1504
30482 # 1504
30484 # 1504
30487 # 1504
30487 # 1504
30489 # 1504
30491 # 1504
30492 # 1504
30494 # 1504
30495 # 1504
30496 # 1504
30498 # 1504
30500 # 1504
30502 # 1504
30503 # 1504
30504 # 1504
30506 # 1504
30508 # 1504
30509 # 1504
30510 # 1504
30513 # 1504
30515 # 1504
30518 # 1504
30519 # 1504
30521 # 1504
30522 # 1504
30524 # 1504
30526 # 1504
30528 # 1504
30528 # 1504
30529 # 1504
30531 # 1504
30533 # 1504
30533 # 1504
30540 # 1504
30540 # 1504
30540 # 1504
30540 # 1504
30540 # 1504
30542 # 1504
30543 # 1504
30545 # 1504
30546 # 1504
30547 # 1504
30549 # 1504
30553 # 1504
30553 # 1504
30554 # 1504
30556 # 1504
30557 # 1504
30558 # 1504
30561 # 1504
30563 # 1504
30565 # 1504
30565 # 1504
30566 # 1504
30568 # 1504
30570 # 1504
30571 # 1504
30585 # 1504
30585 # 1504
30585 # 1504
30585 # 1504
30587 # 1504
30591 # 1504
30591 # 1504
30592 # 1504
30595 # 1504
30597 # 1504
30598 # 1504
30610 # 1504
30611 # 1504
30611 # 1504
30611 # 1504
30611 # 1504
30613 # 1504
30615 # 1504
30615 # 1504
30617 # 1504
30619 # 1504
30620 # 1504
30622 # 1504
30623 # 1504
30625 # 1504
30626 # 1504
30628 # 1504
30629 # 1504
30631 # 1504
30633 # 1504
30643 # 1504
30643 # 1504
30643 # 1504
30643 # 1504
30645 # 1504
30648 # 1504
30649 # 1504
30651 # 1504
30653 # 1504
30655 # 1504
30656 # 1504
30658 # 1504
30670 # 1504
30671 # 1504
30675 # 1504
30678 # 1504
30678 # 1504
30680 # 1504
30681 # 1504
30684 # 1504
30685 # 1504
30686 # 1504
30687 # 1504
30689 # 1504
30692 # 1504
30693 # 1504
30695 # 1504
30696 # 1504
30699 # 1504
30700 # 1504
30701 # 1504
30703 # 1504
30706 # 1504
30706 # 1504
30708 # 1504
30711 # 1504
30713 # 1504
30715 # 1504
30716 # 1504
30718 # 1504
30720 # 1504
30721 # 1504
30722 # 1504
30724 # 1504
30726 # 1504
30728 # 1504
30729 # 1504
30731 # 1504
30732 # 1504
30734 # 1504
30736 # 1504
30737 # 1504
30739 # 1504
30741 # 1504
30742 # 1504
30745 # 1504
30746 # 1504
30747 # 1504
30749 # 1504
30752 # 1504
30752 # 1504
30753 # 1504
30754 # 1504
30765 # 1504
30765 # 1504
30765 # 1504
30765 # 1504
30765 # 1504
30765 # 1504
30775 # 1504
30775 # 1504
30776 # 1504
30776 # 1504
30776 # 1504
30776 # 1504
30776 # 1504
30776 # 1504
30778 # 1504
30778 # 1504
30779 # 1504
30781 # 1504
30782 # 1504
30783 # 1504
30784 # 1504
30785 # 1504
30786 # 1504
30787 # 1504
30788 # 1504
30789 # 1504
30790 # 1504
30791 # 1504
30792 # 1504
30793 # 1504
30794 # 1504
30796 # 1504
30797 # 1504
30798 # 1504
30799 # 1504
30800 # 1504
30801 # 1504
30802 # 1504
30804 # 1504
30805 # 1504
30807 # 1504
30808 # 1504
30808 # 1504
30809 # 1504
30820 # 1504
30820 # 1504
30821 # 1504
30821 # 1504
30821 # 1504
30821 # 1504
30835 # 1504
30835 # 1504
30835 # 1504
30835 # 1504
30835 # 1504
30840 # 1504
30840 # 1504
30844 # 1504
30844 # 1504
30844 # 1504
30844 # 1504
30855 # 1504
30855 # 1504
30855 # 1504
30856 # 1504
30856 # 1504
30856 # 1504
30866 # 1504
30866 # 1504
30866 # 1504
30866 # 1504
30866 # 1504
30876 # 1504
30876 # 1504
30876 # 1504
30876 # 1504
30876 # 1504
30876 # 1504
30876 # 1504
30876 # 1504
30878 # 1504
30880 # 1504
30880 # 1504
30881 # 1504
30882 # 1504
30885 # 1504
30885 # 1504
30886 # 1504
30887 # 1504
30889 # 1504
30890 # 1504
30891 # 1504
30892 # 1504
30894 # 1504
30896 # 1504
30898 # 1504
30898 # 1504
30899 # 1504
30901 # 1504
30902 # 1504
30906 # 1504
30908 # 1504
30908 # 1504
30909 # 1504
30910 # 1504
30912 # 1504
30913 # 1504
30924 # 1504
30925 # 1504
30926 # 1504
30929 # 1504
30929 # 1504
30930 # 1504
30933 # 1504
30934 # 1504
30937 # 1504
30946 # 1504
30946 # 1504
30946 # 1504
30947 # 1504
30948 # 1504
30950 # 1504
30951 # 1504
30960 # 1504
30963 # 1504
30965 # 1504
30966 # 1504
30967 # 1504
30969 # 1504
30972 # 1504
30973 # 1504
30975 # 1504
30977 # 1504
30980 # 1504
30980 # 1504
30982 # 1504
30984 # 1504
30986 # 1504
30987 # 1504
30989 # 1504
30991 # 1504
30992 # 1504
30994 # 1504
30996 # 1504
30998 # 1504
31000 # 1504
31002 # 1504
31003 # 1504
31005 # 1504
31007 # 1504
31010 # 1504
31010 # 1504
31012 # 1504
31014 # 1504
31016 # 1504
31017 # 1504
31019 # 1504
31021 # 1504
31023 # 1504
31026 # 1504
31026 # 1504
31028 # 1504
31030 # 1504
31032 # 1504
31034 # 1504
31036 # 1504
31038 # 1504
31039 # 1504
31041 # 1504
31042 # 1504
31044 # 1504
31045 # 1504
31047 # 1504
31049 # 1504
31050 # 1504
31051 # 1504
31052 # 1504
31055 # 1504
31055 # 1504
31056 # 1504
31057 # 1504
31059 # 1504
31060 # 1504
31062 # 1504
31062 # 1504
31073 # 1504
31073 # 1504
31073 # 1504
31073 # 1504
31073 # 1504
31073 # 1504
31074 # 1504
31074 # 1504
31076 # 1504
31077 # 1504
31078 # 1504
31080 # 1504
31081 # 1504
31083 # 1504
31085 # 1504
31086 # 1504
31088 # 1504
31089 # 1504
31091 # 1504
31092 # 1504
31094 # 1504
31096 # 1504
31097 # 1504
31099 # 1504
31100 # 1504
31102 # 1504
31104 # 1504
31105 # 1504
31107 # 1504
31108 # 1504
31110 # 1504
31112 # 1504
31113 # 1504
31115 # 1504
31117 # 1504
31118 # 1504
31120 # 1504
31121 # 1504
31122 # 1504
31124 # 1504
31127 # 1504
31129 # 1504
31130 # 1504
31141 # 1504
31141 # 1504
31141 # 1504
31141 # 1504
31141 # 1504
31148 # 1504
31148 # 1504
31148 # 1504
31148 # 1504
31148 # 1504
31175 # 1504
31175 # 1504
31175 # 1504
31175 # 1504
31175 # 1504
31175 # 1504
31175 # 1504
31175 # 1504
31175 # 1504
31176 # 1504
31176 # 1504
31176 # 1504
31176 # 1504
31176 # 1504
31176 # 1504
31176 # 1504
31176 # 1504
31177 # 1504
31179 # 1504
31180 # 1504
31181 # 1504
31183 # 1504
31184 # 1504
31185 # 1504
31187 # 1504
31188 # 1504
31190 # 1504
31191 # 1504
31193 # 1504
31194 # 1504
31195 # 1504
31205 # 1504
31205 # 1504
31205 # 1504
31205 # 1504
31215 # 1504
31215 # 1504
31215 # 1504
31217 # 1504
31217 # 1504
31218 # 1504
31221 # 1504
31225 # 1504
31225 # 1504
31226 # 1504
31227 # 1504
31227 # 1504
31229 # 1504
31238 # 1504
31239 # 1504
31240 # 1504
31240 # 1504
31245 # 1504
31245 # 1504
31249 # 1504
31250 # 1504
31252 # 1504
31255 # 1504
31256 # 1504
31257 # 1504
31258 # 1504
31261 # 1504
31262 # 1504
31263 # 1504
31266 # 1504
31267 # 1504
31269 # 1504
31270 # 1504
31273 # 1504
31276 # 1504
31276 # 1504
31278 # 1504
31280 # 1504
31282 # 1504
31283 # 1504
31285 # 1504
31287 # 1504
31288 # 1504
31291 # 1504
31292 # 1504
31293 # 1504
31294 # 1504
31295 # 1504
31297 # 1504
31299 # 1504
31300 # 1504
31301 # 1504
31303 # 1504
31305 # 1504
31306 # 1504
31308 # 1504
31309 # 1504
31311 # 1504
31312 # 1504
31316 # 1504
31317 # 1504
31318 # 1504
31328 # 1504
31328 # 1504
31328 # 1504
31328 # 1504
31328 # 1504
31332 # 1504
31333 # 1504
31335 # 1504
31336 # 1504
31339 # 1504
31340 # 1504
31341 # 1504
31343 # 1504
31345 # 1504
31347 # 1504
31348 # 1504
31349 # 1504
31351 # 1504
31352 # 1504
31354 # 1504
31356 # 1504
31357 # 1504
31358 # 1504
31359 # 1504
31361 # 1504
31363 # 1504
31365 # 1504
31366 # 1504
31368 # 1504
31369 # 1504
31371 # 1504
31372 # 1504
31373 # 1504
31374 # 1504
31377 # 1504
31377 # 1504
31378 # 1504
31379 # 1504
31381 # 1504
31382 # 1504
31383 # 1504
31384 # 1504
31387 # 1504
31388 # 1504
31389 # 1504
31391 # 1504
31393 # 1504
31394 # 1504
31395 # 1504
31397 # 1504
31398 # 1504
31399 # 1504
31401 # 1504
31402 # 1504
31403 # 1504
31405 # 1504
31407 # 1504
31409 # 1504
31411 # 1504
31412 # 1504
31413 # 1504
31414 # 1504
31416 # 1504
31417 # 1504
31419 # 1504
31419 # 1504
31420 # 1504
31421 # 1504
31423 # 1504
31425 # 1504
31426 # 1504
31427 # 1504
31428 # 1504
31429 # 1504
31456 # 1504
31456 # 1504
31456 # 1504
31456 # 1504
31456 # 1504
31457 # 1504
31457 # 1504
31457 # 1504
31457 # 1504
31457 # 1504
31457 # 1504
31457 # 1504
31457 # 1504
31457 # 1504
31457 # 1504
31458 # 1504
31458 # 1504
31459 # 1504
31460 # 1504
31461 # 1504
31469 # 1504
31469 # 1504
31472 # 1504
31485 # 1504
31485 # 1504
31485 # 1504
31485 # 1504
31485 # 1504
31486 # 1504
31486 # 1504
31486 # 1504
31486 # 1504
31492 # 1504
31492 # 1504
31492 # 1504
31492 # 1504
31492 # 1504
31494 # 1504
31494 # 1504
31496 # 1504
31496 # 1504
31497 # 1504
31498 # 1504
31499 # 1504
31500 # 1504
31502 # 1504
31506 # 1504
31507 # 1504
31510 # 1504
31511 # 1504
31511 # 1504
31512 # 1504
31514 # 1504
31515 # 1504
31516 # 1504
31517 # 1504
31519 # 1504
31520 # 1504
31521 # 1504
31522 # 1504
31524 # 1504
31529 # 1504
31529 # 1504
31529 # 1504
31530 # 1504
31532 # 1504
31534 # 1504
31545 # 1504
31545 # 1504
31545 # 1504
31546 # 1504
31547 # 1504
31549 # 1504
31549 # 1504
31551 # 1504
31552 # 1504
31553 # 1504
31562 # 1504
31562 # 1504
31563 # 1504
31563 # 1504
31563 # 1504
31563 # 1504
31566 # 1504
31566 # 1504
31567 # 1504
31568 # 1504
31569 # 1504
31573 # 1504
31574 # 1504
31574 # 1504
31578 # 1504
31580 # 1504
31582 # 1504
31582 # 1504
31584 # 1504
31585 # 1504
31588 # 1504
31590 # 1504
31590 # 1504
31591 # 1504
31593 # 1504
31596 # 1504
31598 # 1504
31616 # 1504
31616 # 1504
31616 # 1504
31616 # 1504
31617 # 1504
31617 # 1504
31621 # 1504
31622 # 1504
31627 # 1504
31627 # 1504
31632 # 1504
31645 # 1504
31645 # 1504
31645 # 1504
31645 # 1504
31645 # 1504
31650 # 1504
31650 # 1504
31651 # 1504
31651 # 1504
31651 # 1504
31653 # 1504
31655 # 1504
31658 # 1504
31660 # 1504
31661 # 1504
31663 # 1504
31664 # 1504
31666 # 1504
31668 # 1504
31670 # 1504
31672 # 1504
31674 # 1504
31676 # 1504
31677 # 1504
31679 # 1504
31682 # 1504
31683 # 1504
31685 # 1504
31687 # 1504
31689 # 1504
31690 # 1504
31692 # 1504
31694 # 1504
31696 # 1504
31699 # 1504
31700 # 1504
31701 # 1504
31703 # 1504
31706 # 1504
31707 # 1504
31709 # 1504
31714 # 1504
31715 # 1504
31717 # 1504
31721 # 1504
31722 # 1504
31724 # 1504
31726 # 1504
31728 # 1504
31731 # 1504
31734 # 1504
31736 # 1504
31738 # 1504
31740 # 1504
31742 # 1504
31745 # 1504
31747 # 1504
31748 # 1504
31749 # 1504
31752 # 1504
31754 # 1504
31755 # 1504
31757 # 1504
31760 # 1504
31762 # 1504
31763 # 1504
31765 # 1504
31766 # 1504
31768 # 1504
31780 # 1504
31780 # 1504
31781 # 1504
31785 # 1504
31785 # 1504
31794 # 1504
31795 # 1504
31795 # 1504
31795 # 1504
31803 # 1504
31803 # 1504
31803 # 1504
31804 # 1504
31807 # 1504
31810 # 1504
31812 # 1504
31815 # 1504
31817 # 1504
31819 # 1504
31822 # 1504
31824 # 1504
31827 # 1504
31830 # 1504
31832 # 1504
31834 # 1504
31838 # 1504
31840 # 1504
31841 # 1504
31844 # 1504
31849 # 1504
31851 # 1504
31854 # 1504
31856 # 1504
31858 # 1504
31860 # 1504
31863 # 1504
31864 # 1504
31865 # 1504
31873 # 1504
31873 # 1504
31874 # 1504
31877 # 1504
31879 # 1504
31885 # 1504
31886 # 1504
31887 # 1504
31889 # 1504
31891 # 1504
31893 # 1504
31895 # 1504
31897 # 1504
31899 # 1504
31904 # 1504
31907 # 1504
31914 # 1504
31917 # 1504
31917 # 1504
31919 # 1504
31921 # 1504
31924 # 1504
31925 # 1504
31927 # 1504
31928 # 1504
31930 # 1504
31933 # 1504
31934 # 1504
31936 # 1504
31937 # 1504
31942 # 1504
31942 # 1504
31944 # 1504
31946 # 1504
31949 # 1504
31950 # 1504
31961 # 1504
31965 # 1504
31965 # 1504
31965 # 1504
31972 # 1504
31972 # 1504
31972 # 1504
31972 # 1504
31974 # 1504
31976 # 1504
31981 # 1504
31981 # 1504
31983 # 1504
31993 # 1504
31993 # 1504
31993 # 1504
31993 # 1504
31999 # 1504
31999 # 1504
31999 # 1504
32010 # 1504
32010 # 1504
32010 # 1504
32010 # 1504
32010 # 1504
32013 # 1504
32014 # 1504
32016 # 1504
32019 # 1504
32021 # 1504
32022 # 1504
32025 # 1504
32027 # 1504
32029 # 1504
32030 # 1504
32033 # 1504
32035 # 1504
32036 # 1504
32038 # 1504
32041 # 1504
32043 # 1504
32044 # 1504
32045 # 1504
32047 # 1504
32050 # 1504
32052 # 1504
32057 # 1504
32058 # 1504
32060 # 1504
32061 # 1504
32063 # 1504
32066 # 1504
32071 # 1504
32074 # 1504
32076 # 1504
32081 # 1504
32082 # 1504
32084 # 1504
32086 # 1504
32089 # 1504
32090 # 1504
32092 # 1504
32093 # 1504
32098 # 1504
32099 # 1504
32101 # 1504
32103 # 1504
32105 # 1504
32107 # 1504
32109 # 1504
32112 # 1504
32113 # 1504
32114 # 1504
32116 # 1504
32125 # 1504
32125 # 1504
32125 # 1504
32133 # 1504
32133 # 1504
32133 # 1504
32143 # 1504
32144 # 1504
32144 # 1504
32144 # 1504
32151 # 1504
32206 # 1504
32206 # 1504
32206 # 1504
32206 # 1504
32206 # 1504
32206 # 1504
32206 # 1504
32206 # 1504
32206 # 1504
32206 # 1504
32206 # 1504
32206 # 1504
32206 # 1504
32206 # 1504
32206 # 1504
32206 # 1504
32207 # 1504
32207 # 1504
32207 # 1504
32207 # 1504
32207 # 1504
32207 # 1504
32207 # 1504
32207 # 1504
32207 # 1504
32207 # 1504
32207 # 1504
32208 # 1504
32208 # 1504
32208 # 1504
32208 # 1504
32208 # 1504
32208 # 1504
32209 # 1504
32211 # 1504
32213 # 1504
32215 # 1504
32217 # 1504
32221 # 1504
32223 # 1504
32224 # 1504
32226 # 1504
32228 # 1504
32230 # 1504
32232 # 1504
32234 # 1504
32236 # 1504
32238 # 1504
32240 # 1504
32242 # 1504
32244 # 1504
32245 # 1504
32248 # 1504
32250 # 1504
32252 # 1504
32253 # 1504
32256 # 1504
32257 # 1504
32260 # 1504
32262 # 1504
32264 # 1504
32266 # 1504
32269 # 1504
32269 # 1504
32271 # 1504
32273 # 1504
32275 # 1504
32277 # 1504
32277 # 1504
32279 # 1504
32281 # 1504
32282 # 1504
32293 # 1504
32293 # 1504
32294 # 1504
32296 # 1504
32299 # 1504
32299 # 1504
32311 # 1504
32311 # 1504
32325 # 1504
32327 # 1504
32327 # 1504
32327 # 1504
32328 # 1504
32328 # 1504
32335 # 1504
32336 # 1504
32336 # 1504
32338 # 1504
32340 # 1504
32343 # 1504
32344 # 1504
32347 # 1504
32348 # 1504
32350 # 1504
32352 # 1504
32355 # 1504
32356 # 1504
32357 # 1504
32361 # 1504
32362 # 1504
32364 # 1504
32366 # 1504
32371 # 1504
32372 # 1504
32374 # 1504
32377 # 1504
32387 # 1504
32390 # 1504
32390 # 1504
32390 # 1504
32391 # 1504
32393 # 1504
32396 # 1504
32397 # 1504
32399 # 1504
32403 # 1504
32405 # 1504
32416 # 1504
32416 # 1504
32416 # 1504
32416 # 1504
32416 # 1504
32419 # 1504
32421 # 1504
32424 # 1504
32425 # 1504
32426 # 1504
32428 # 1504
32430 # 1504
32433 # 1504
32434 # 1504
32436 # 1504
32438 # 1504
32439 # 1504
32441 # 1504
32443 # 1504
32445 # 1504
32449 # 1504
32450 # 1504
32451 # 1504
32453 # 1504
32456 # 1504
32458 # 1504
32459 # 1504
32460 # 1504
32462 # 1504
32465 # 1504
32468 # 1504
32471 # 1504
32472 # 1504
32475 # 1504
32477 # 1504
32478 # 1504
32480 # 1504
32482 # 1504
32484 # 1504
32486 # 1504
32497 # 1504
32497 # 1504
32500 # 1504
32500 # 1504
32514 # 1504
32514 # 1504
32515 # 1504
32515 # 1504
32515 # 1504
32518 # 1504
32520 # 1504
32523 # 1504
32525 # 1504
32527 # 1504
32539 # 1504
32539 # 1504
32539 # 1504
32539 # 1504
32541 # 1504
32543 # 1504
32546 # 1504
32548 # 1504
32550 # 1504
32552 # 1504
32554 # 1504
32555 # 1504
32557 # 1504
32560 # 1504
32562 # 1504
32563 # 1504
32565 # 1504
32567 # 1504
32569 # 1504
32572 # 1504
32573 # 1504
32574 # 1504
32576 # 1504
32578 # 1504
32580 # 1504
32582 # 1504
32584 # 1504
32586 # 1504
32588 # 1504
32597 # 1504
32597 # 1504
32598 # 1504
32598 # 1504
32598 # 1504
32601 # 1504
32603 # 1504
32605 # 1504
32606 # 1504
32608 # 1504
32610 # 1504
32614 # 1504
32616 # 1504
32618 # 1504
32620 # 1504
32622 # 1504
32623 # 1504
32625 # 1504
32627 # 1504
32629 # 1504
32631 # 1504
32634 # 1504
32635 # 1504
32636 # 1504
32638 # 1504
32640 # 1504
32643 # 1504
32644 # 1504
32646 # 1504
32647 # 1504
32649 # 1504
32651 # 1504
32654 # 1504
32656 # 1504
32658 # 1504
32660 # 1504
32663 # 1504
32665 # 1504
32668 # 1504
32671 # 1504
32672 # 1504
32676 # 1504
32676 # 1504
32683 # 1504
32684 # 1504
32687 # 1504
32688 # 1504
32689 # 1504
32692 # 1504
32694 # 1504
32697 # 1504
32699 # 1504
32701 # 1504
32703 # 1504
32706 # 1504
32708 # 1504
32710 # 1504
32711 # 1504
32722 # 1504
32722 # 1504
32722 # 1504
32725 # 1504
32725 # 1504
32731 # 1504
32731 # 1504
32734 # 1504
32734 # 1504
32734 # 1504
32735 # 1504
32738 # 1504
32740 # 1504
32749 # 1504
32749 # 1504
32749 # 1504
32749 # 1504
32750 # 1504
32754 # 1504
32754 # 1504
32756 # 1504
32758 # 1504
32761 # 1504
32762 # 1504
32764 # 1504
32765 # 1504
32767 # 1504
32770 # 1504
32771 # 1504
32772 # 1504
32776 # 1504
32778 # 1504
32779 # 1504
32780 # 1504
32782 # 1504
32785 # 1504
32786 # 1504
32788 # 1504
32791 # 1504
32792 # 1504
32794 # 1504
32796 # 1504
32797 # 1504
32800 # 1504
32801 # 1504
32804 # 1504
32805 # 1504
32812 # 1504
32812 # 1504
32812 # 1504
32815 # 1504
32817 # 1504
32819 # 1504
32822 # 1504
32823 # 1504
32826 # 1504
32828 # 1504
32830 # 1504
32832 # 1504
32834 # 1504
32836 # 1504
32837 # 1504
32840 # 1504
32841 # 1504
32843 # 1504
32846 # 1504
32857 # 1504
32857 # 1504
32857 # 1504
32864 # 1504
32864 # 1504
32865 # 1504
32866 # 1504
32866 # 1504
32877 # 1504
32877 # 1504
32881 # 1504
32881 # 1504
32881 # 1504
32881 # 1504
32882 # 1504
32885 # 1504
32886 # 1504
32888 # 1504
32897 # 1504
32897 # 1504
32897 # 1504
32905 # 1504
32905 # 1504
32909 # 1504
32909 # 1504
32909 # 1504
32916 # 1504
32917 # 1504
32917 # 1504
32925 # 1504
32925 # 1504
32925 # 1504
32926 # 1504
32926 # 1504
32928 # 1504
32949 # 1504
32949 # 1504
32949 # 1504
32949 # 1504
32949 # 1504
32949 # 1504
32950 # 1504
32950 # 1504
32954 # 1504
32954 # 1504
32954 # 1504
32955 # 1504
32965 # 1504
32965 # 1504
32965 # 1504
32966 # 1504
32966 # 1504
32967 # 1504
32971 # 1504
32973 # 1504
32974 # 1504
32976 # 1504
32978 # 1504
32981 # 1504
32981 # 1504
32985 # 1504
32987 # 1504
32988 # 1504
32990 # 1504
33002 # 1504
33003 # 1504
33003 # 1504
33003 # 1504
33003 # 1504
33004 # 1504
33006 # 1504
33007 # 1504
33009 # 1504
33014 # 1504
33016 # 1504
33019 # 1504
33020 # 1504
33022 # 1504
33024 # 1504
33035 # 1504
33035 # 1504
33035 # 1504
33035 # 1504
33036 # 1504
33037 # 1504
33042 # 1504
33043 # 1504
33046 # 1504
33049 # 1504
33051 # 1504
33052 # 1504
33065 # 1504
33065 # 1504
33065 # 1504
33066 # 1504
33066 # 1504
33076 # 1504
33076 # 1504
33076 # 1504
33076 # 1504
33076 # 1504
33077 # 1504
33080 # 1504
33082 # 1504
33083 # 1504
33085 # 1504
33087 # 1504
33089 # 1504
33091 # 1504
33093 # 1504
33096 # 1504
33097 # 1504
33108 # 1504
33108 # 1504
33108 # 1504
33108 # 1504
33117 # 1504
33117 # 1504
33117 # 1504
33117 # 1504
33119 # 1504
33123 # 1504
33124 # 1504
33126 # 1504
33128 # 1504
33130 # 1504
33132 # 1504
33134 # 1504
33137 # 1504
33137 # 1504
33139 # 1504
33141 # 1504
33144 # 1504
33145 # 1504
33149 # 1504
33166 # 1504
33166 # 1504
33166 # 1504
33166 # 1504
33166 # 1504
33167 # 1504
33172 # 1504
33172 # 1504
33172 # 1504
33174 # 1504
33185 # 1504
33185 # 1504
33185 # 1504
33189 # 1504
33190 # 1504
33190 # 1504
33191 # 1504
33193 # 1504
33195 # 1504
33206 # 1504
33206 # 1504
33206 # 1504
33206 # 1504
33206 # 1504
33207 # 1504
33209 # 1504
33211 # 1504
33213 # 1504
33215 # 1504
33217 # 1504
33219 # 1504
33221 # 1504
33223 # 1504
33225 # 1504
33227 # 1504
33229 # 1504
33230 # 1504
33233 # 1504
33234 # 1504
33236 # 1504
33238 # 1504
33240 # 1504
33242 # 1504
33244 # 1504
33255 # 1504
33273 # 1504
33273 # 1504
33273 # 1504
33273 # 1504
33273 # 1504
33273 # 1504
33273 # 1504
33274 # 1504
33274 # 1504
33274 # 1504
33274 # 1504
33274 # 1504
33274 # 1504
33274 # 1504
33274 # 1504
33276 # 1504
33278 # 1504
33279 # 1504
33281 # 1504
33283 # 1504
33285 # 1504
33287 # 1504
33289 # 1504
33291 # 1504
33292 # 1504
33294 # 1504
33296 # 1504
33298 # 1504
33300 # 1504
33302 # 1504
33305 # 1504
33306 # 1504
33308 # 1504
33310 # 1504
33312 # 1504
33314 # 1504
33315 # 1504
33317 # 1504
33321 # 1504
33322 # 1504
33323 # 1504
33325 # 1504
33327 # 1504
33330 # 1504
33332 # 1504
33342 # 1504
33342 # 1504
33342 # 1504
33342 # 1504
33342 # 1504
33344 # 1504
33346 # 1504
33348 # 1504
33350 # 1504
33352 # 1504
33355 # 1504
33356 # 1504
33359 # 1504
33360 # 1504
33362 # 1504
33364 # 1504
33366 # 1504
33369 # 1504
33383 # 1504
33383 # 1504
33383 # 1504
33383 # 1504
33384 # 1504
33384 # 1504
33385 # 1504
33386 # 1504
33388 # 1504
33390 # 1504
33391 # 1504
33393 # 1504
33393 # 1504
33395 # 1504
33398 # 1504
33398 # 1504
33399 # 1504
33400 # 1504
33401 # 1504
33402 # 1504
33403 # 1504
33405 # 1504
33408 # 1504
33408 # 1504
33409 # 1504
33412 # 1504
33412 # 1504
33413 # 1504
33415 # 1504
33416 # 1504
33417 # 1504
33419 # 1504
33420 # 1504
33421 # 1504
33422 # 1504
33424 # 1504
33425 # 1504
33426 # 1504
33427 # 1504
33430 # 1504
33431 # 1504
33432 # 1504
33434 # 1504
33436 # 1504
33438 # 1504
33440 # 1504
33449 # 1504
33449 # 1504
33454 # 1504
33454 # 1504
33455 # 1504
33455 # 1504
33455 # 1504
33455 # 1504
33457 # 1504
33459 # 1504
33460 # 1504
33462 # 1504
33466 # 1504
33467 # 1504
33469 # 1504
33480 # 1504
33481 # 1504
33481 # 1504
33481 # 1504
33481 # 1504
33481 # 1504
33483 # 1504
33484 # 1504
33486 # 1504
33487 # 1504
33489 # 1504
33499 # 1504
33502 # 1504
33504 # 1504
33507 # 1504
33507 # 1504
33507 # 1504
33514 # 1504
33514 # 1504
33521 # 1504
33521 # 1504
33521 # 1504
33521 # 1504
33521 # 1504
33522 # 1504
33524 # 1504
33525 # 1504
33527 # 1504
33528 # 1504
33541 # 1504
33541 # 1504
33541 # 1504
33541 # 1504
33541 # 1504
33542 # 1504
33544 # 1504
33545 # 1504
33548 # 1504
33550 # 1504
33559 # 1504
33560 # 1504
33560 # 1504
33560 # 1504
33560 # 1504
33560 # 1504
33560 # 1504
33562 # 1504
33563 # 1504
33565 # 1504
33572 # 1504
33572 # 1504
33573 # 1504
33574 # 1504
33576 # 1504
33577 # 1504
33578 # 1504
33580 # 1504
33581 # 1504
33582 # 1504
33583 # 1504
33585 # 1504
33586 # 1504
33588 # 1504
33589 # 1504
33600 # 1504
33600 # 1504
33600 # 1504
33600 # 1504
33600 # 1504
33600 # 1504
33601 # 1504
33601 # 1504
33602 # 1504
33604 # 1504
33605 # 1504
33606 # 1504
33607 # 1504
33609 # 1504
33612 # 1504
33620 # 1504
33620 # 1504
33621 # 1504
33621 # 1504
33621 # 1504
33621 # 1504
33621 # 1504
33622 # 1504
33623 # 1504
33655 # 1504
33655 # 1504
33655 # 1504
33655 # 1504
33655 # 1504
33656 # 1504
33656 # 1504
33656 # 1504
33656 # 1504
33656 # 1504
33656 # 1504
33657 # 1504
33657 # 1504
33658 # 1504
33660 # 1504
33660 # 1504
33661 # 1504
33661 # 1504
33662 # 1504
33662 # 1504
33666 # 1504
33667 # 1504
33667 # 1504
33667 # 1504
33668 # 1504
33668 # 1504
33669 # 1504
33670 # 1504
33671 # 1504
33671 # 1504
33672 # 1504
33674 # 1504
33676 # 1504
33676 # 1504
33677 # 1504
33677 # 1504
33677 # 1504
33677 # 1504
33677 # 1504
33678 # 1504
33706 # 1504
33706 # 1504
33706 # 1504
33706 # 1504
33706 # 1504
33706 # 1504
33706 # 1504
33707 # 1504
33707 # 1504
33707 # 1504
33713 # 1504
33714 # 1504
33714 # 1504
33714 # 1504
33714 # 1504
33721 # 1504
33721 # 1504
33721 # 1504
33721 # 1504
33721 # 1504
33721 # 1504
33721 # 1504
33731 # 1504
33731 # 1504
33731 # 1504
33735 # 1504
33737 # 1504
33737 # 1504
33737 # 1504
33738 # 1504
33738 # 1504
33738 # 1504
33738 # 1504
33738 # 1504
33748 # 1504
33748 # 1504
33748 # 1504
33749 # 1504
33754 # 1504
33754 # 1504
33754 # 1504
33754 # 1504
33754 # 1504
33755 # 1504
33755 # 1504
33757 # 1504
33758 # 1504
33760 # 1504
33762 # 1504
33764 # 1504
33764 # 1504
33765 # 1504
33766 # 1504
33768 # 1504
33769 # 1504
33770 # 1504
33771 # 1504
33773 # 1504
33774 # 1504
33775 # 1504
33776 # 1504
33778 # 1504
33779 # 1504
33780 # 1504
33782 # 1504
33784 # 1504
33784 # 1504
33785 # 1504
33787 # 1504
33788 # 1504
33798 # 1504
33799 # 1504
33799 # 1504
33799 # 1504
33799 # 1504
33799 # 1504
33799 # 1504
33799 # 1504
33801 # 1504
33802 # 1504
33802 # 1504
33803 # 1504
33804 # 1504
33815 # 1504
33815 # 1504
33815 # 1504
33816 # 1504
33816 # 1504
33816 # 1504
33820 # 1504
33821 # 1504
33821 # 1504
33821 # 1504
33821 # 1504
33822 # 1504
33831 # 1504
33831 # 1504
33831 # 1504
33831 # 1504
33831 # 1504
33831 # 1504
33838 # 1504
33839 # 1504
33839 # 1504
33840 # 1504
33841 # 1504
33844 # 1504
33846 # 1504
33857 # 1504
33857 # 1504
33857 # 1504
33860 # 1504
33860 # 1504
33860 # 1504
33860 # 1504
33860 # 1504
33860 # 1504
33861 # 1504
33862 # 1504
33864 # 1504
33865 # 1504
33874 # 1504
33875 # 1504
33875 # 1504
33876 # 1504
33876 # 1504
33876 # 1504
33876 # 1504
33877 # 1504
33879 # 1504
33881 # 1504
33882 # 1504
33883 # 1504
33884 # 1504
33885 # 1504
33886 # 1504
33896 # 1504
33896 # 1504
33896 # 1504
33896 # 1504
33896 # 1504
33896 # 1504
33896 # 1504
33906 # 1504
33906 # 1504
33906 # 1504
33906 # 1504
33906 # 1504
33913 # 1504
33920 # 1504
33922 # 1504
33933 # 1504
33934 # 1504
33935 # 1504
33937 # 1504
33937 # 1504
33940 # 1504
33941 # 1504
33943 # 1504
33944 # 1504
33946 # 1504
33947 # 1504
33949 # 1504
33952 # 1504
33952 # 1504
33966 # 1504
33966 # 1504
33966 # 1504
33966 # 1504
33966 # 1504
33966 # 1504
33967 # 1504
33969 # 1504
33970 # 1504
33972 # 1504
33973 # 1504
33974 # 1504
33976 # 1504
33977 # 1504
33981 # 1504
33987 # 1504
33989 # 1504
33990 # 1504
33992 # 1504
33993 # 1504
33994 # 1504
33996 # 1504
33997 # 1504
33999 # 1504
34000 # 1504
34002 # 1504
34002 # 1504
34004 # 1504
34007 # 1504
34007 # 1504
34008 # 1504
34009 # 1504
34020 # 1504
34020 # 1504
34020 # 1504
34024 # 1504
34024 # 1504
34025 # 1504
34025 # 1504
34027 # 1504
34028 # 1504
34028 # 1504
34046 # 1504
34046 # 1504
34046 # 1504
34046 # 1504
34046 # 1504
34046 # 1504
34046 # 1504
34047 # 1504
34047 # 1504
34056 # 1504
34056 # 1504
34056 # 1504
34058 # 1504
34062 # 1504
34064 # 1504
34070 # 1504
34072 # 1504
34080 # 1504
34088 # 1504
34100 # 1504
34113 # 1504
34113 # 1504
34115 # 1504
34120 # 1504
34122 # 1504
34131 # 1504
34133 # 1504
34136 # 1504
34138 # 1504
34143 # 1504
34145 # 1504
34145 # 1504
34151 # 1504
34156 # 1504
34156 # 1504
34156 # 1504
34160 # 1504
34163 # 1504
34165 # 1504
34166 # 1504
34169 # 1504
34170 # 1504
34172 # 1504
34174 # 1504
34174 # 1504
34176 # 1504
34177 # 1504
34178 # 1504
34179 # 1504
34181 # 1504
34182 # 1504
34183 # 1504
34194 # 1504
34194 # 1504
34194 # 1504
34194 # 1504
34208 # 1504
34208 # 1504
34208 # 1504
34208 # 1504
34208 # 1504
34208 # 1504
34209 # 1504
34213 # 1504
34216 # 1504
34226 # 1504
34228 # 1504
34231 # 1504
34232 # 1504
34234 # 1504
34239 # 1504
34240 # 1504
34243 # 1504
34246 # 1504
34248 # 1504
34251 # 1504
34254 # 1504
34256 # 1504
34258 # 1504
34260 # 1504
34262 # 1504
34264 # 1504
34278 # 1504
34278 # 1504
34281 # 1504
34282 # 1504
34284 # 1504
34284 # 1504
34285 # 1504
34287 # 1504
34296 # 1504
34297 # 1504
34297 # 1504
34309 # 1504
34311 # 1504
34312 # 1504
34312 # 1504
34314 # 1504
34316 # 1504
34316 # 1504
34324 # 1504
34335 # 1504
34335 # 1504
34335 # 1504
34336 # 1504
34336 # 1504
34350 # 1504
34371 # 1504
34381 # 1504
34389 # 1504
34399 # 1504
34406 # 1504
34414 # 1504
34434 # 1504
34441 # 1504
34452 # 1504
34456 # 1504
34461 # 1504
34466 # 1504
34471 # 1504
34475 # 1504
34476 # 1504
34480 # 1504
34484 # 1504
34490 # 1504
34495 # 1504
34503 # 1504
34504 # 1504
34513 # 1504
34519 # 1504
34522 # 1504
34540 # 1504
34540 # 1504
34540 # 1504
34543 # 1504
34549 # 1504
34552 # 1504
34555 # 1504
34562 # 1504
34571 # 1504
34575 # 1504
34575 # 1504
34575 # 1504
34577 # 1504
34580 # 1504
34583 # 1504
34585 # 1504
34588 # 1504
34591 # 1504
34593 # 1504
34594 # 1504
34598 # 1504
34600 # 1504
34601 # 1504
34604 # 1504
34606 # 1504
34608 # 1504
34611 # 1504
34613 # 1504
34616 # 1504
34618 # 1504
34620 # 1504
34622 # 1504
34624 # 1504
34626 # 1504
34628 # 1504
34631 # 1504
34633 # 1504
34634 # 1504
34636 # 1504
34638 # 1504
34640 # 1504
34641 # 1504
34644 # 1504
34645 # 1504
34647 # 1504
34648 # 1504
34650 # 1504
34652 # 1504
34654 # 1504
34655 # 1504
34657 # 1504
34659 # 1504
34662 # 1504
34662 # 1504
34664 # 1504
34666 # 1504
34667 # 1504
34669 # 1504
34671 # 1504
34672 # 1504
34674 # 1504
34676 # 1504
34677 # 1504
34679 # 1504
34689 # 1504
34690 # 1504
34690 # 1504
34691 # 1504
34691 # 1504
34696 # 1504
34696 # 1504
34696 # 1504
34696 # 1504
34698 # 1504
34700 # 1504
34703 # 1504
34703 # 1504
34705 # 1504
34707 # 1504
34708 # 1504
34710 # 1504
34713 # 1504
34713 # 1504
34715 # 1504
34735 # 1504
34735 # 1504
34735 # 1504
34735 # 1504
34735 # 1504
34735 # 1504
34735 # 1504
34736 # 1504
34740 # 1504
34740 # 1504
34740 # 1504
34740 # 1504
34740 # 1504
34741 # 1504
34744 # 1504
34746 # 1504
34747 # 1504
34748 # 1504
34749 # 1504
34752 # 1504
34752 # 1504
34754 # 1504
34757 # 1504
34758 # 1504
34758 # 1504
34760 # 1504
34761 # 1504
34763 # 1504
34764 # 1504
34766 # 1504
34767 # 1504
34769 # 1504
34771 # 1504
34772 # 1504
34774 # 1504
34785 # 1504
34785 # 1504
34788 # 1504
34788 # 1504
34788 # 1504
34788 # 1504
34788 # 1504
34797 # 1504
34797 # 1504
34797 # 1504
34799 # 1504
34799 # 1504
34801 # 1504
34802 # 1504
34805 # 1504
34807 # 1504
34808 # 1504
34810 # 1504
34812 # 1504
34812 # 1504
34815 # 1504
34824 # 1504
34824 # 1504
34824 # 1504
34825 # 1504
34825 # 1504
34826 # 1504
34829 # 1504
34830 # 1504
34831 # 1504
34832 # 1504
34842 # 1504
34844 # 1504
34844 # 1504
34855 # 1504
34855 # 1504
34855 # 1504
34856 # 1504
34856 # 1504
34856 # 1504
34857 # 1504
34857 # 1504
34857 # 1504
34857 # 1504
34857 # 1504
34857 # 1504
34858 # 1504
34859 # 1504
34862 # 1504
34862 # 1504
34864 # 1504
34865 # 1504
34866 # 1504
34868 # 1504
34871 # 1504
34874 # 1504
34874 # 1504
34885 # 1504
34885 # 1504
34886 # 1504
34886 # 1504
34886 # 1504
34886 # 1504
34886 # 1504
34890 # 1504
34893 # 1504
34895 # 1504
34902 # 1504
34902 # 1504
34902 # 1504
34902 # 1504
34906 # 1504
34916 # 1504
34916 # 1504
34916 # 1504
34916 # 1504
34916 # 1504
34919 # 1504
34920 # 1504
34975 # 1504
34975 # 1504
34975 # 1504
34975 # 1504
34975 # 1504
34975 # 1504
34975 # 1504
34975 # 1504
34975 # 1504
34975 # 1504
34975 # 1504
34975 # 1504
34975 # 1504
34976 # 1504
34976 # 1504
34976 # 1504
34976 # 1504
34976 # 1504
34976 # 1504
34976 # 1504
34976 # 1504
34976 # 1504
34976 # 1504
34976 # 1504
34976 # 1504
34977 # 1504
34977 # 1504
34977 # 1504
34977 # 1504
34985 # 1504
34985 # 1504
34985 # 1504
34985 # 1504
34985 # 1504
34985 # 1504
34985 # 1504
34985 # 1504
34986 # 1504
34986 # 1504
34986 # 1504
34986 # 1504
34988 # 1504
34988 # 1504
34990 # 1504
34999 # 1504
35000 # 1504
35000 # 1504
35000 # 1504
35000 # 1504
35000 # 1504
35000 # 1504
35005 # 1504
35010 # 1504
35011 # 1504
35012 # 1504
35014 # 1504
35024 # 1504
35024 # 1504
35025 # 1504
35025 # 1504
35025 # 1504
35025 # 1504
35034 # 1504
35034 # 1504
35034 # 1504
35034 # 1504
35034 # 1504
35034 # 1504
35034 # 1504
35044 # 1504
35045 # 1504
35045 # 1504
35045 # 1504
35045 # 1504
35045 # 1504
35045 # 1504
35046 # 1504
35064 # 1504
35064 # 1504
35065 # 1504
35065 # 1504
35065 # 1504
35065 # 1504
35066 # 1504
35066 # 1504
35066 # 1504
35067 # 1504
35067 # 1504
35076 # 1504
35076 # 1504
35077 # 1504
35077 # 1504
35085 # 1504
35085 # 1504
35085 # 1504
35086 # 1504
35086 # 1504
35086 # 1504
35086 # 1504
35089 # 1504
35092 # 1504
35092 # 1504
35092 # 1504
35092 # 1504
35094 # 1504
35096 # 1504
35096 # 1504
35102 # 1504
35109 # 1504
35111 # 1504
35112 # 1504
35114 # 1504
35124 # 1504
35125 # 1504
35125 # 1504
35126 # 1504
35126 # 1504
35126 # 1504
35136 # 1504
35136 # 1504
35136 # 1504
35136 # 1504
35136 # 1504
35136 # 1504
35137 # 1504
35138 # 1504
35139 # 1504
35142 # 1504
35142 # 1504
35144 # 1504
35145 # 1504
35146 # 1504
35147 # 1504
35148 # 1504
35160 # 1504
35160 # 1504
35160 # 1504
35160 # 1504
35160 # 1504
35216 # 1504
35216 # 1504
35216 # 1504
35216 # 1504
35216 # 1504
35216 # 1504
35217 # 1504
35217 # 1504
35217 # 1504
35217 # 1504
35217 # 1504
35217 # 1504
35217 # 1504
35218 # 1504
35218 # 1504
35218 # 1504
35218 # 1504
35218 # 1504
35218 # 1504
35219 # 1504
35219 # 1504
35219 # 1504
35219 # 1504
35219 # 1504
35219 # 1504
35219 # 1504
35219 # 1504
35219 # 1504
35220 # 1504
35220 # 1504
35220 # 1504
35220 # 1504
35220 # 1504
35220 # 1504
35220 # 1504
35220 # 1504
35220 # 1504
35229 # 1504
35229 # 1504
35229 # 1504
35229 # 1504
35229 # 1504
35230 # 1504
35235 # 1504
35236 # 1504
35239 # 1504
35239 # 1504
35240 # 1504
35240 # 1504
35240 # 1504
35256 # 1504
35256 # 1504
35256 # 1504
35256 # 1504
35256 # 1504
35256 # 1504
35256 # 1504
35256 # 1504
35256 # 1504
35257 # 1504
35260 # 1504
35260 # 1504
35260 # 1504
35260 # 1504
35267 # 1504
35267 # 1504
35267 # 1504
35272 # 1504
35272 # 1504
35272 # 1504
35285 # 1504
35285 # 1504
35285 # 1504
35286 # 1504
35286 # 1504
35286 # 1504
35286 # 1504
35286 # 1504
35286 # 1504
35294 # 1504
35316 # 1504
35316 # 1504
35316 # 1504
35316 # 1504
35316 # 1504
35316 # 1504
35316 # 1504
35316 # 1504
35316 # 1504
35316 # 1504
35316 # 1504
35317 # 1504
35321 # 1504
35321 # 1504
35321 # 1504
35324 # 1504
35334 # 1504
35334 # 1504
35335 # 1504
35335 # 1504
35335 # 1504
35345 # 1504
35346 # 1504
35350 # 1504
35351 # 1504
35351 # 1504
35352 # 1504
35355 # 1504
35355 # 1504
35355 # 1504
35365 # 1504
35365 # 1504
35365 # 1504
35375 # 1504
35375 # 1504
35375 # 1504
35375 # 1504
35375 # 1504
35375 # 1504
35375 # 1504
35375 # 1504
35376 # 1504
35376 # 1504
35376 # 1504
35380 # 1504
35380 # 1504
35380 # 1504
35380 # 1504
35395 # 1504
35395 # 1504
35395 # 1504
35395 # 1504
35404 # 1504
35404 # 1504
35404 # 1504
35404 # 1504
35417 # 1504
35417 # 1504
35417 # 1504
35418 # 1504
35418 # 1504
35418 # 1504
35420 # 1504
35420 # 1504
35420 # 1504
35435 # 1504
35435 # 1504
35435 # 1504
35435 # 1504
35435 # 1504
35435 # 1504
35436 # 1504
35436 # 1504
35436 # 1504
35447 # 1504
35447 # 1504
35447 # 1504
35447 # 1504
35447 # 1504
35450 # 1504
35452 # 1504
35453 # 1504
35455 # 1504
35457 # 1504
35460 # 1504
35470 # 1504
35471 # 1504
35476 # 1504
35476 # 1504
35476 # 1504
35476 # 1504
35476 # 1504
35485 # 1504
35485 # 1504
35485 # 1504
35485 # 1504
35487 # 1504
35489 # 1504
35491 # 1504
35492 # 1504
35493 # 1504
35496 # 1504
35496 # 1504
35498 # 1504
35498 # 1504
35500 # 1504
35502 # 1504
35502 # 1504
35514 # 1504
35515 # 1504
35515 # 1504
35516 # 1504
35516 # 1504
35516 # 1504
35518 # 1504
35533 # 1504
35533 # 1504
35533 # 1504
35533 # 1504
35538 # 1504
35538 # 1504
35538 # 1504
35540 # 1504
35541 # 1504
35543 # 1504
35546 # 1504
35547 # 1504
35549 # 1504
35551 # 1504
35563 # 1504
35564 # 1504
35575 # 1504
35575 # 1504
35575 # 1504
35575 # 1504
35575 # 1504
35586 # 1504
35586 # 1504
35586 # 1504
35588 # 1504
35590 # 1504
35593 # 1504
35594 # 1504
35596 # 1504
35600 # 1504
35601 # 1504
35603 # 1504
35608 # 1504
35611 # 1504
35612 # 1504
35613 # 1504
35616 # 1504
35628 # 1504
35628 # 1504
35629 # 1504
35629 # 1504
35630 # 1504
35644 # 1504
35645 # 1504
35645 # 1504
35645 # 1504
35645 # 1504
35645 # 1504
35645 # 1504
35646 # 1504
35646 # 1504
35656 # 1504
35657 # 1504
35657 # 1504
35657 # 1504
35657 # 1504
35657 # 1504
35666 # 1504
35666 # 1504
35701 # 1504
35701 # 1504
35701 # 1504
35701 # 1504
35701 # 1504
35701 # 1504
35701 # 1504
35701 # 1504
35737 # 1504
35737 # 1504
35737 # 1504
35738 # 1504
35738 # 1504
35738 # 1504
35738 # 1504
35738 # 1504
35738 # 1504
35738 # 1504
35738 # 1504
35739 # 1504
35739 # 1504
35739 # 1504
35739 # 1504
35739 # 1504
35739 # 1504
35739 # 1504
35739 # 1504
35739 # 1504
35739 # 1504
35740 # 1504
35740 # 1504
35740 # 1504
35755 # 1504
35755 # 1504
35755 # 1504
35755 # 1504
35755 # 1504
35755 # 1504
35755 # 1504
35756 # 1504
35760 # 1504
35762 # 1504
35763 # 1504
35766 # 1504
35768 # 1504
35792 # 1504
35792 # 1504
35792 # 1504
35792 # 1504
35814 # 1504
35814 # 1504
35814 # 1504
35815 # 1504
35815 # 1504
35815 # 1504
35835 # 1504
35835 # 1504
35835 # 1504
35838 # 1504
35838 # 1504
35839 # 1504
35841 # 1504
35843 # 1504
35846 # 1504
35847 # 1504
35851 # 1504
35854 # 1504
35855 # 1504
35875 # 1504
35875 # 1504
35876 # 1504
35894 # 1504
35894 # 1504
35894 # 1504
35951 # 1504
35952 # 1504
35952 # 1504
35952 # 1504
35952 # 1504
35952 # 1504
35952 # 1504
35952 # 1504
35952 # 1504
35953 # 1504
35953 # 1504
35953 # 1504
35953 # 1504
36010 # 1504
36010 # 1504
36010 # 1504
36010 # 1504
36010 # 1504
36011 # 1504
36012 # 1504
36012 # 1504
36012 # 1504
36012 # 1504
36012 # 1504
36012 # 1504
36012 # 1504
36012 # 1504
36012 # 1504
36012 # 1504
36013 # 1504
36013 # 1504
36013 # 1504
36013 # 1504
36013 # 1504
36013 # 1504
36013 # 1504
36013 # 1504
36013 # 1504
36013 # 1504
36035 # 1504
36045 # 1504
36045 # 1504
36045 # 1504
36054 # 1504
36054 # 1504
36054 # 1504
36054 # 1504
36060 # 1504
36061 # 1504
36062 # 1504
36064 # 1504
36085 # 1504
36090 # 1504
36090 # 1504
36096 # 1504
36096 # 1504
36100 # 1504
36100 # 1504
36107 # 1504
36112 # 1504
36114 # 1504
36118 # 1504
36120 # 1504
36122 # 1504
36125 # 1504
36129 # 1504
36134 # 1504
36137 # 1504
36140 # 1504
36141 # 1504
36145 # 1504
36147 # 1504
36150 # 1504
36153 # 1504
36165 # 1504
36165 # 1504
36165 # 1504
36168 # 1504
36172 # 1504
36174 # 1504
36184 # 1504
36194 # 1504
36194 # 1504
36196 # 1504
36199 # 1504
36199 # 1504
36200 # 1504
36202 # 1504
36224 # 1504
36224 # 1504
36224 # 1504
36225 # 1504
36230 # 1504
36234 # 1504
36234 # 1504
36239 # 1504
36239 # 1504
36244 # 1504
36255 # 1504
36255 # 1504
36255 # 1504
36260 # 1504
36265 # 1504
36278 # 1504
36294 # 1504
36294 # 1504
36294 # 1504
36294 # 1504
36346 # 1504
36346 # 1504
36346 # 1504
36388 # 1504
36388 # 1504
36389 # 1504
36389 # 1504
36400 # 1504
36401 # 1504
36401 # 1504
36401 # 1504
36401 # 1504
36434 # 1504
36437 # 1504
36437 # 1504
36437 # 1504
36437 # 1504
36437 # 1504
36437 # 1504
36437 # 1504
36437 # 1504
36438 # 1504
36438 # 1504
36438 # 1504
36438 # 1504
36438 # 1504
36438 # 1504
36438 # 1504
36438 # 1504
36439 # 1504
36439 # 1504
36439 # 1504
36439 # 1504
36443 # 1504
36445 # 1504
36449 # 1504
36451 # 1504
36453 # 1504
36485 # 1504
36485 # 1504
36485 # 1504
36485 # 1504
36485 # 1504
36487 # 1504
36487 # 1504
36487 # 1504
36495 # 1504
36499 # 1504
36499 # 1504
36504 # 1504
36506 # 1504
36507 # 1504
36511 # 1504
36513 # 1504
36515 # 1504
36516 # 1504
36544 # 1504
36544 # 1504
36544 # 1504
36545 # 1504
36545 # 1504
36546 # 1504
36546 # 1504
36546 # 1504
36547 # 1504
36547 # 1504
36547 # 1504
36550 # 1504
36551 # 1504
36553 # 1504
36580 # 1504
36581 # 1504
36581 # 1504
36581 # 1504
36581 # 1504
36581 # 1504
36581 # 1504
36581 # 1504
36582 # 1504
36582 # 1504
36582 # 1504
36583 # 1504
36584 # 1504
36586 # 1504
36588 # 1504
36590 # 1504
36590 # 1504
36592 # 1504
36594 # 1504
36597 # 1504
36598 # 1504
36607 # 1504
36607 # 1504
36607 # 1504
36607 # 1504
36607 # 1504
36609 # 1504
36611 # 1504
36612 # 1504
36614 # 1504
36625 # 1504
36625 # 1504
36625 # 1504
36626 # 1504
36645 # 1504
36645 # 1504
36645 # 1504
36645 # 1504
36645 # 1504
36645 # 1504
36645 # 1504
36648 # 1504
36659 # 1504
36660 # 1504
36662 # 1504
36666 # 1504
36666 # 1504
36668 # 1504
36669 # 1504
36687 # 1504
36687 # 1504
36687 # 1504
36687 # 1504
36743 # 1504
36749 # 1504
36749 # 1504
36749 # 1504
36749 # 1504
36749 # 1504
36750 # 1504
36750 # 1504
36750 # 1504
36750 # 1504
36750 # 1504
36750 # 1504
36750 # 1504
36750 # 1504
36751 # 1504
36751 # 1504
36751 # 1504
36751 # 1504
36751 # 1504
36751 # 1504
36751 # 1504
36754 # 1504
36757 # 1504
36757 # 1504
36758 # 1504
36758 # 1504
36761 # 1504
36762 # 1504
36772 # 1504
36772 # 1504
36783 # 1504
36783 # 1504
36783 # 1504
36789 # 1504
36789 # 1504
36812 # 1504
36815 # 1504
36815 # 1504
36836 # 1504
36837 # 1504
36837 # 1504
36837 # 1504
36837 # 1504
36837 # 1504
36846 # 1504
36857 # 1504
36857 # 1504
36857 # 1504
36857 # 1504
36871 # 1504
36871 # 1504
36885 # 1504
36885 # 1504
36885 # 1504
36885 # 1504
36889 # 1504
36899 # 1504
36900 # 1504
36900 # 1504
36900 # 1504
36900 # 1504
36902 # 1504
36987 # 1504
36987 # 1504
36987 # 1504
36987 # 1504
36987 # 1504
36987 # 1504
36987 # 1504
36987 # 1504
36987 # 1504
36988 # 1504
36988 # 1504
36988 # 1504
36988 # 1504
36988 # 1504
36988 # 1504
36993 # 1504
36994 # 1504
37003 # 1504
37007 # 1504
37011 # 1504
37013 # 1504
37014 # 1504
37016 # 1504
37018 # 1504
37019 # 1504
37021 # 1504
37023 # 1504
37035 # 1504
37035 # 1504
37035 # 1504
37035 # 1504
37035 # 1504
37035 # 1504
37039 # 1504
37049 # 1504
37049 # 1504
37049 # 1504
37052 # 1504
37059 # 1504
37065 # 1504
37068 # 1504
37072 # 1504
37073 # 1504
37075 # 1504
37085 # 1504
37085 # 1504
37161 # 1504
37161 # 1504
37161 # 1504
37161 # 1504
37161 # 1504
37162 # 1504
37162 # 1504
37162 # 1504
37162 # 1504
37162 # 1504
37162 # 1504
37162 # 1504
37217 # 1504
37240 # 1504
37240 # 1504
37241 # 1504
37241 # 1504
37241 # 1504
37241 # 1504
37241 # 1504
37241 # 1504
37242 # 1504
37242 # 1504
37242 # 1504
37242 # 1504
37242 # 1504
37242 # 1504
37242 # 1504
37242 # 1504
37242 # 1504
37242 # 1504
37243 # 1504
37243 # 1504
37243 # 1504
37243 # 1504
37243 # 1504
37243 # 1504
37243 # 1504
37243 # 1504
37244 # 1504
37244 # 1504
37244 # 1504
37255 # 1504
37262 # 1504
37269 # 1504
37274 # 1504
37279 # 1504
37288 # 1504
37292 # 1504
37296 # 1504
37305 # 1504
37305 # 1504
37307 # 1504
37310 # 1504
37313 # 1504
37317 # 1504
37321 # 1504
37325 # 1504
37329 # 1504
37332 # 1504
37337 # 1504
37340 # 1504
37346 # 1504
37349 # 1504
37355 # 1504
37358 # 1504
37363 # 1504
37366 # 1504
37371 # 1504
37372 # 1504
37375 # 1504
37378 # 1504
37385 # 1504
37386 # 1504
37390 # 1504
37393 # 1504
37396 # 1504
37405 # 1504
37405 # 1504
37405 # 1504
37407 # 1504
37410 # 1504
37413 # 1504
37417 # 1504
37418 # 1504
37420 # 1504
37424 # 1504
37425 # 1504
37427 # 1504
37489 # 1504
37489 # 1504
37490 # 1504
37490 # 1504
37490 # 1504
37490 # 1504
37490 # 1504
37490 # 1504
37491 # 1504
37491 # 1504
37491 # 1504
37491 # 1504
37491 # 1504
37491 # 1504
37491 # 1504
37491 # 1504
37491 # 1504
37492 # 1504
37492 # 1504
37492 # 1504
37492 # 1504
37505 # 1504
37506 # 1504
37510 # 1504
37510 # 1504
37515 # 1504
37519 # 1504
37521 # 1504
37528 # 1504
37533 # 1504
37544 # 1504
37544 # 1504
37544 # 1504
37544 # 1504
37547 # 1504
37550 # 1504
37559 # 1504
37559 # 1504
37559 # 1504
37565 # 1504
37569 # 1504
37569 # 1504
37569 # 1504
37579 # 1504
37584 # 1504
37584 # 1504
37589 # 1504
37589 # 1504
37609 # 1504
37609 # 1504
37609 # 1504
37610 # 1504
37614 # 1504
37614 # 1504
37614 # 1504
37614 # 1504
37616 # 1504
37623 # 1504
37637 # 1504
37645 # 1504
37655 # 1504
37667 # 1504
37678 # 1504
37690 # 1504
37693 # 1504
37703 # 1504
37705 # 1504
37706 # 1504
37706 # 1504
37706 # 1504
37706 # 1504
37710 # 1504
37710 # 1504
37710 # 1504
37711 # 1504
37711 # 1504
37715 # 1504
37715 # 1504
37718 # 1504
37721 # 1504
37722 # 1504
37723 # 1504
37729 # 1504
37732 # 1504
37733 # 1504
37735 # 1504
37746 # 1504
37746 # 1504
37746 # 1504
37748 # 1504
37750 # 1504
37752 # 1504
37752 # 1504
37755 # 1504
37755 # 1504
37761 # 1504
37763 # 1504
37765 # 1504
37766 # 1504
37768 # 1504
37772 # 1504
37776 # 1504
37776 # 1504
37787 # 1504
37787 # 1504
37796 # 1504
37816 # 1504
37816 # 1504
37819 # 1504
37825 # 1504
37825 # 1504
37825 # 1504
37825 # 1504
37825 # 1504
37827 # 1504
37831 # 1504
37832 # 1504
37832 # 1504
37834 # 1504
37835 # 1504
37836 # 1504
37838 # 1504
37840 # 1504
37841 # 1504
37843 # 1504
37844 # 1504
37846 # 1504
37848 # 1504
37849 # 1504
37852 # 1504
37854 # 1504
37856 # 1504
37857 # 1504
37864 # 1504
37868 # 1504
37870 # 1504
37871 # 1504
37872 # 1504
37873 # 1504
37874 # 1504
37877 # 1504
37879 # 1504
37881 # 1504
37882 # 1504
37883 # 1504
37885 # 1504
37895 # 1504
37895 # 1504
37895 # 1504
37895 # 1504
37895 # 1504
37895 # 1504
37896 # 1504
37905 # 1504
37906 # 1504
37906 # 1504
37906 # 1504
37906 # 1504
37907 # 1504
37925 # 1504
37925 # 1504
37925 # 1504
37925 # 1504
37925 # 1504
37925 # 1504
37925 # 1504
37925 # 1504
37992 # 1504
37992 # 1504
37992 # 1504
37992 # 1504
37992 # 1504
37992 # 1504
37993 # 1504
37993 # 1504
37993 # 1504
37993 # 1504
37994 # 1504
37994 # 1504
37995 # 1504
37995 # 1504
37995 # 1504
37995 # 1504
37995 # 1504
37995 # 1504
37996 # 1504
37998 # 1504
37999 # 1504
38002 # 1504
38010 # 1504
38015 # 1504
38015 # 1504
38015 # 1504
38015 # 1504
38026 # 1504
38026 # 1504
38029 # 1504
38031 # 1504
38040 # 1504
38042 # 1504
38046 # 1504
38049 # 1504
38050 # 1504
38051 # 1504
38053 # 1504
38055 # 1504
38056 # 1504
38058 # 1504
38059 # 1504
38078 # 1504
38078 # 1504
38078 # 1504
38078 # 1504
38080 # 1504
38080 # 1504
38080 # 1504
38080 # 1504
38080 # 1504
38085 # 1504
38089 # 1504
38089 # 1504
38092 # 1504
38092 # 1504
38092 # 1504
38093 # 1504
38094 # 1504
38096 # 1504
38107 # 1504
38107 # 1504
38109 # 1504
38120 # 1504
38121 # 1504
38121 # 1504
38121 # 1504
38121 # 1504
38121 # 1504
38121 # 1504
38122 # 1504
38145 # 1504
38149 # 1504
38149 # 1504
38149 # 1504
38161 # 1504
38161 # 1504
38161 # 1504
38176 # 1504
38176 # 1504
38176 # 1504
38176 # 1504
38176 # 1504
38176 # 1504
38177 # 1504
38177 # 1504
38179 # 1504
38183 # 1504
38186 # 1504
38189 # 1504
38193 # 1504
38197 # 1504
38202 # 1504
38207 # 1504
38213 # 1504
38217 # 1504
38227 # 1504
38233 # 1504
38240 # 1504
38309 # 1504
38309 # 1504
38309 # 1504
38354 # 1504
38366 # 1504
38366 # 1504
38366 # 1504
38366 # 1504
38366 # 1504
38366 # 1504
38366 # 1504
38366 # 1504
38366 # 1504
38366 # 1504
38366 # 1504
38367 # 1504
38367 # 1504
38367 # 1504
38367 # 1504
38367 # 1504
38367 # 1504
38367 # 1504
38367 # 1504
38367 # 1504
38367 # 1504
38367 # 1504
38377 # 1504
38400 # 1504
38426 # 1504
38427 # 1504
38430 # 1504
38430 # 1504
38430 # 1504
38445 # 1504
38503 # 1504
38517 # 1504
38517 # 1504
38518 # 1504
38518 # 1504
38518 # 1504
38518 # 1504
38518 # 1504
38518 # 1504
38518 # 1504
38518 # 1504
38518 # 1504
38520 # 1504
38524 # 1504
38526 # 1504
38527 # 1504
38529 # 1504
38548 # 1504
38548 # 1504
38548 # 1504
38548 # 1504
38548 # 1504
38549 # 1504
38549 # 1504
38553 # 1504
38553 # 1504
38553 # 1504
38553 # 1504
38555 # 1504
38557 # 1504
38557 # 1504
38567 # 1504
38567 # 1504
38567 # 1504
38567 # 1504
38568 # 1504
38570 # 1504
38572 # 1504
38581 # 1504
38581 # 1504
38581 # 1504
38644 # 1504
38645 # 1504
38645 # 1504
38645 # 1504
38645 # 1504
38645 # 1504
38646 # 1504
38646 # 1504
38646 # 1504
38646 # 1504
38690 # 1504
38693 # 1504
38693 # 1504
38693 # 1504
38693 # 1504
38693 # 1504
38693 # 1504
38694 # 1504
38694 # 1504
38694 # 1504
38694 # 1504
38694 # 1504
38694 # 1504
38694 # 1504
38694 # 1504
38695 # 1504
38695 # 1504
38695 # 1504
38695 # 1504
38695 # 1504
38695 # 1504
38695 # 1504
38695 # 1504
38695 # 1504
38695 # 1504
38696 # 1504
38696 # 1504
38696 # 1504
38696 # 1504
38696 # 1504
38696 # 1504
38696 # 1504
38696 # 1504
38699 # 1504
38701 # 1504
38707 # 1504
38709 # 1504
38714 # 1504
38717 # 1504
38723 # 1504
38728 # 1504
38731 # 1504
38732 # 1504
38749 # 1504
38760 # 1504
38761 # 1504
38761 # 1504
38761 # 1504
38761 # 1504
38768 # 1504
38829 # 1504
38832 # 1504
38832 # 1504
38832 # 1504
38832 # 1504
38832 # 1504
38832 # 1504
38833 # 1504
38833 # 1504
38833 # 1504
38833 # 1504
38833 # 1504
38866 # 1504
38867 # 1504
38867 # 1504
38867 # 1504
38867 # 1504
38867 # 1504
38867 # 1504
38867 # 1504
38867 # 1504
38867 # 1504
38868 # 1504
38868 # 1504
38868 # 1504
38868 # 1504
38868 # 1504
38868 # 1504
38868 # 1504
38868 # 1504
38870 # 1504
38874 # 1504
38875 # 1504
38882 # 1504
38889 # 1504
38890 # 1504
38892 # 1504
38895 # 1504
38897 # 1504
38906 # 1504
38906 # 1504
38910 # 1504
38910 # 1504
38916 # 1504
38916 # 1504
38916 # 1504
38916 # 1504
38927 # 1504
38927 # 1504
38927 # 1504
38929 # 1504
38939 # 1504
38940 # 1504
38960 # 1504
38960 # 1504
38960 # 1504
38960 # 1504
38960 # 1504
38960 # 1504
38960 # 1504
38961 # 1504
38963 # 1504
38991 # 1504
38991 # 1504
38991 # 1504
38991 # 1504
38991 # 1504
38991 # 1504
38996 # 1504
38997 # 1504
38997 # 1504
39001 # 1504
39005 # 1504
39006 # 1504
39010 # 1504
39010 # 1504
39013 # 1504
39023 # 1504
39024 # 1504
39035 # 1504
39035 # 1504
39035 # 1504
39035 # 1504
39035 # 1504
39035 # 1504
39042 # 1504
39042 # 1504
39055 # 1504
39055 # 1504
39060 # 1504
39060 # 1504
39060 # 1504
39121 # 1504
39121 # 1504
39121 # 1504
39122 # 1504
39122 # 1504
39122 # 1504
39122 # 1504
39122 # 1504
39122 # 1504
39122 # 1504
39122 # 1504
39123 # 1504
39123 # 1504
39123 # 1504
39123 # 1504
39125 # 1504
39126 # 1504
39129 # 1504
39137 # 1504
39144 # 1504
39150 # 1504
39158 # 1504
39178 # 1504
39196 # 1504
39204 # 1504
39210 # 1504
39210 # 1504
39211 # 1504
39230 # 1504
39230 # 1504
39233 # 1504
39233 # 1504
39233 # 1504
39233 # 1504
39233 # 1504
39233 # 1504
39235 # 1504
39235 # 1504
39240 # 1504
39252 # 1504
39259 # 1504
39263 # 1504
39264 # 1504
39265 # 1504
39268 # 1504
39270 # 1504
39274 # 1504
39278 # 1504
39279 # 1504
39281 # 1504
39285 # 1504
39288 # 1504
39288 # 1504
39300 # 1504
39300 # 1504
39300 # 1504
39313 # 1504
39313 # 1504
39313 # 1504
39313 # 1504
39313 # 1504
39322 # 1504
39322 # 1504
39325 # 1504
39325 # 1504
39325 # 1504
39336 # 1504
39336 # 1504
39336 # 1504
39336 # 1504
39336 # 1504
39337 # 1504
39337 # 1504
39337 # 1504
39341 # 1504
39341 # 1504
39341 # 1504
39349 # 1504
39350 # 1504
39351 # 1504
39352 # 1504
39364 # 1504
39385 # 1504
39385 # 1504
39385 # 1504
39385 # 1504
39385 # 1504
39385 # 1504
39385 # 1504
39385 # 1504
39400 # 1504
39409 # 1504
39410 # 1504
39410 # 1504
39416 # 1504
39416 # 1504
39416 # 1504
39418 # 1504
39419 # 1504
39420 # 1504
39420 # 1504
39435 # 1504
39439 # 1504
39440 # 1504
39441 # 1504
39450 # 1504
39453 # 1504
39453 # 1504
39454 # 1504
39454 # 1504
39454 # 1504
39454 # 1504
39454 # 1504
39454 # 1504
39454 # 1504
39462 # 1504
39462 # 1504
39464 # 1504
39465 # 1504
39465 # 1504
39465 # 1504
39467 # 1504
39467 # 1504
39474 # 1504
39474 # 1504
39474 # 1504
39474 # 1504
39474 # 1504
39475 # 1504
39475 # 1504
39475 # 1504
39476 # 1504
39477 # 1504
39479 # 1504
39488 # 1504
39490 # 1504
39490 # 1504
39490 # 1504
39490 # 1504
39494 # 1504
39497 # 1504
39502 # 1504
39502 # 1504
39525 # 1504
39525 # 1504
39525 # 1504
39530 # 1504
39530 # 1504
39530 # 1504
39530 # 1504
39530 # 1504
39530 # 1504
39532 # 1504
39536 # 1504
39537 # 1504
39539 # 1504
39542 # 1504
39544 # 1504
39563 # 1504
39563 # 1504
39563 # 1504
39563 # 1504
39563 # 1504
39564 # 1504
39564 # 1504
39564 # 1504
39564 # 1504
39564 # 1504
39564 # 1504
39580 # 1504
39580 # 1504
39584 # 1504
39584 # 1504
39603 # 1504
39605 # 1504
39605 # 1504
39616 # 1504
39616 # 1504
39616 # 1504
39616 # 1504
39616 # 1504
39616 # 1504
39617 # 1504
39617 # 1504
39617 # 1504
39617 # 1504
39620 # 1504
39622 # 1504
39623 # 1504
39653 # 1504
39653 # 1504
39712 # 1504
39714 # 1504
39714 # 1504
39716 # 1504
39716 # 1504
39716 # 1504
39719 # 1504
39719 # 1504
39720 # 1504
39720 # 1504
39720 # 1504
39720 # 1504
39720 # 1504
39720 # 1504
39720 # 1504
39720 # 1504
39721 # 1504
39721 # 1504
39721 # 1504
39721 # 1504
39721 # 1504
39721 # 1504
39731 # 1504
39756 # 1504
39756 # 1504
39756 # 1504
39756 # 1504
39765 # 1504
39765 # 1504
39765 # 1504
39765 # 1504
39786 # 1504
39786 # 1504
39786 # 1504
39786 # 1504
39787 # 1504
39789 # 1504
39792 # 1504
39792 # 1504
39795 # 1504
39805 # 1504
39805 # 1504
39805 # 1504
39808 # 1504
39825 # 1504
39825 # 1504
39825 # 1504
39825 # 1504
39825 # 1504
39825 # 1504
39843 # 1504
39846 # 1504
39865 # 1504
39877 # 1504
39890 # 1504
39894 # 1504
39904 # 1504
39914 # 1504
39930 # 1504
39930 # 1504
39930 # 1504
39930 # 1504
39956 # 1504
39956 # 1504
39956 # 1504
39956 # 1504
39960 # 1504
39970 # 1504
39970 # 1504
39990 # 1504
39990 # 1504
39990 # 1504
39990 # 1504
39990 # 1504
39990 # 1504
40000 # 1504
40000 # 1504
40005 # 1504
40005 # 1504
40005 # 1504
40005 # 1504
40005 # 1504
40017 # 1504
40017 # 1504
40025 # 1504
40025 # 1504
40025 # 1504
40025 # 1504
40026 # 1504
40030 # 1504
40031 # 1504
40033 # 1504
40037 # 1504
40056 # 1504
40056 # 1504
40056 # 1504
40056 # 1504
40056 # 1504
40056 # 1504
40060 # 1504
40060 # 1504
40061 # 1504
40065 # 1504
40076 # 1504
40076 # 1504
40076 # 1504
40078 # 1504
40079 # 1504
40082 # 1504
40084 # 1504
40085 # 1504
40086 # 1504
40088 # 1504
40090 # 1504
40091 # 1504
40092 # 1504
40094 # 1504
40096 # 1504
40098 # 1504
40099 # 1504
40101 # 1504
40102 # 1504
40105 # 1504
40105 # 1504
40107 # 1504
40109 # 1504
40110 # 1504
40111 # 1504
40114 # 1504
40114 # 1504
40123 # 1504
40123 # 1504
40125 # 1504
40125 # 1504
40125 # 1504
40137 # 1504
40137 # 1504
40137 # 1504
40156 # 1504
40156 # 1504
40156 # 1504
40156 # 1504
40156 # 1504
40166 # 1504
40166 # 1504
40166 # 1504
40229 # 1504
40230 # 1504
40230 # 1504
40230 # 1504
40230 # 1504
40230 # 1504
40230 # 1504
40230 # 1504
40230 # 1504
40231 # 1504
40231 # 1504
40231 # 1504
40231 # 1504
40231 # 1504
40231 # 1504
40231 # 1504
40231 # 1504
40231 # 1504
40231 # 1504
40231 # 1504
40232 # 1504
40232 # 1504
40232 # 1504
40232 # 1504
40232 # 1504
40234 # 1504
40244 # 1504
40244 # 1504
40244 # 1504
40250 # 1504
40250 # 1504
40250 # 1504
40259 # 1504
40259 # 1504
40260 # 1504
40263 # 1504
40265 # 1504
40266 # 1504
40287 # 1504
40289 # 1504
40290 # 1504
40293 # 1504
40293 # 1504
40297 # 1504
40300 # 1504
40300 # 1504
40321 # 1504
40321 # 1504
40321 # 1504
40325 # 1504
40327 # 1504
40327 # 1504
40336 # 1504
40336 # 1504
40336 # 1504
40340 # 1504
40343 # 1504
40349 # 1504
40360 # 1504
40360 # 1504
40360 # 1504
40360 # 1504
40364 # 1504
40366 # 1504
40367 # 1504
40375 # 1504
40379 # 1504
40384 # 1504
40389 # 1504
40393 # 1504
40400 # 1504
40404 # 1504
40407 # 1504
40411 # 1504
40416 # 1504
40425 # 1504
40428 # 1504
40434 # 1504
40437 # 1504
40441 # 1504
40445 # 1504
40450 # 1504
40452 # 1504
40455 # 1504
40460 # 1504
40464 # 1504
40467 # 1504
40471 # 1504
40474 # 1504
40485 # 1504
40486 # 1504
40490 # 1504
40492 # 1504
40495 # 1504
40498 # 1504
40500 # 1504
40512 # 1504
40512 # 1504
40512 # 1504
40513 # 1504
40514 # 1504
40515 # 1504
40517 # 1504
40520 # 1504
40530 # 1504
40530 # 1504
40530 # 1504
40530 # 1504
40536 # 1504
40539 # 1504
40549 # 1504
40549 # 1504
40550 # 1504
40565 # 1504
40567 # 1504
40569 # 1504
40581 # 1504
40584 # 1504
40586 # 1504
40586 # 1504
40586 # 1504
40587 # 1504
40588 # 1504
40590 # 1504
40591 # 1504
40593 # 1504
40596 # 1504
40597 # 1504
40599 # 1504
40627 # 1504
40627 # 1504
40627 # 1504
40629 # 1504
40629 # 1504
40645 # 1504
40645 # 1504
40645 # 1504
40654 # 1504
40654 # 1504
40659 # 1504
40659 # 1504
40659 # 1504
40659 # 1504
40660 # 1504
40674 # 1504
40674 # 1504
40686 # 1504
40686 # 1504
40686 # 1504
40686 # 1504
40687 # 1504
40687 # 1504
40687 # 1504
40705 # 1504
40768 # 1504
40768 # 1504
40768 # 1504
40769 # 1504
40810 # 1504
40810 # 1504
40810 # 1504
40810 # 1504
40810 # 1504
40810 # 1504
40811 # 1504
40811 # 1504
40811 # 1504
40811 # 1504
40811 # 1504
40811 # 1504
40811 # 1504
40811 # 1504
40811 # 1504
40820 # 1504
40824 # 1504
40830 # 1504
40833 # 1504
40833 # 1504
40840 # 1504
40840 # 1504
40841 # 1504
40850 # 1504
40850 # 1504
40850 # 1504
40861 # 1504
40861 # 1504
40870 # 1504
40870 # 1504
40877 # 1504
40880 # 1504
40881 # 1504
40881 # 1504
40891 # 1504
40891 # 1504
40897 # 1504
40916 # 1504
40916 # 1504
40916 # 1504
40921 # 1504
40921 # 1504
40925 # 1504
40986 # 1504
40987 # 1504
40987 # 1504
40987 # 1504
40987 # 1504
40987 # 1504
40987 # 1504
40988 # 1504
40988 # 1504
40988 # 1504
40988 # 1504
40990 # 1504
40991 # 1504
40998 # 1504
41006 # 1504
41021 # 1504
41037 # 1504
41044 # 1504
41050 # 1504
41052 # 1504
41061 # 1504
41061 # 1504
41061 # 1504
41061 # 1504
41061 # 1504
41075 # 1504
41075 # 1504
41085 # 1504
41085 # 1504
41085 # 1504
41091 # 1504
41091 # 1504
41097 # 1504
41097 # 1504
41097 # 1504
41097 # 1504
41097 # 1504
41099 # 1504
41100 # 1504
41110 # 1504
41110 # 1504
41110 # 1504
41110 # 1504
41117 # 1504
41117 # 1504
41125 # 1504
41125 # 1504
41125 # 1504
41125 # 1504
41126 # 1504
41130 # 1504
41130 # 1504
41138 # 1504
41140 # 1504
41150 # 1504
41165 # 1504
41165 # 1504
41165 # 1504
41165 # 1504
41165 # 1504
41166 # 1504
41166 # 1504
41171 # 1504
41246 # 1504
41247 # 1504
41250 # 1504
41250 # 1504
41250 # 1504
41250 # 1504
41250 # 1504
41250 # 1504
41250 # 1504
41283 # 1504
41285 # 1504
41285 # 1504
41285 # 1504
41285 # 1504
41285 # 1504
41285 # 1504
41285 # 1504
41288 # 1504
41300 # 1504
41301 # 1504
41301 # 1504
41301 # 1504
41301 # 1504
41311 # 1504
41311 # 1504
41311 # 1504
41313 # 1504
41316 # 1504
41318 # 1504
41320 # 1504
41331 # 1504
41331 # 1504
41331 # 1504
41341 # 1504
41351 # 1504
41351 # 1504
41351 # 1504
41351 # 1504
41351 # 1504
41351 # 1504
41370 # 1504
41370 # 1504
41370 # 1504
41377 # 1504
41392 # 1504
41396 # 1504
41396 # 1504
41396 # 1504
41396 # 1504
41396 # 1504
41396 # 1504
41405 # 1504
41418 # 1504
41418 # 1504
41418 # 1504
41427 # 1504
41428 # 1504
41429 # 1504
41433 # 1504
41433 # 1504
41437 # 1504
41437 # 1504
41439 # 1504
41445 # 1504
41445 # 1504
41468 # 1504
41469 # 1504
41469 # 1504
41476 # 1504
41488 # 1504
41495 # 1504
41498 # 1504
41498 # 1504
41509 # 1504
41509 # 1504
41509 # 1504
41509 # 1504
41512 # 1504
41514 # 1504
41516 # 1504
41522 # 1504
41524 # 1504
41526 # 1504
41529 # 1504
41532 # 1504
41540 # 1504
41544 # 1504
41549 # 1504
41552 # 1504
41557 # 1504
41561 # 1504
41563 # 1504
41567 # 1504
41571 # 1504
41576 # 1504
41577 # 1504
41580 # 1504
41584 # 1504
41587 # 1504
41593 # 1504
41596 # 1504
41600 # 1504
41603 # 1504
41607 # 1504
41610 # 1504
41615 # 1504
41618 # 1504
41622 # 1504
41625 # 1504
41629 # 1504
41632 # 1504
41635 # 1504
41641 # 1504
41650 # 1504
41650 # 1504
41659 # 1504
41659 # 1504
41674 # 1504
41674 # 1504
41674 # 1504
41676 # 1504
41677 # 1504
41681 # 1504
41684 # 1504
41746 # 1504
41746 # 1504
41746 # 1504
41746 # 1504
41791 # 1504
41791 # 1504
41791 # 1504
41791 # 1504
41791 # 1504
41791 # 1504
41791 # 1504
41791 # 1504
41791 # 1504
41792 # 1504
41792 # 1504
41792 # 1504
41792 # 1504
41792 # 1504
41800 # 1504
41807 # 1504
41815 # 1504
41822 # 1504
41830 # 1504
41840 # 1504
41847 # 1504
41981 # 1504
41983 # 1504
41992 # 1504
42001 # 1504
42009 # 1504
42014 # 1504
42045 # 1504
42045 # 1504
42262 # 1504
42262 # 1504
42262 # 1504
42263 # 1504
42263 # 1504
42263 # 1504
42276 # 1504
42276 # 1504
42277 # 1504
42282 # 1504
42289 # 1504
42305 # 1504
42322 # 1504
42332 # 1504
42343 # 1504
42367 # 1504
42378 # 1504
42396 # 1504
42396 # 1504
42408 # 1504
42425 # 1504
42438 # 1504
42525 # 1504
42525 # 1504
42525 # 1504
42525 # 1504
42525 # 1504
42525 # 1504
42532 # 1504
42549 # 1504
42576 # 1504
42579 # 1504
42586 # 1504
42593 # 1504
42607 # 1504
42623 # 1504
42640 # 1504
42657 # 1504
42669 # 1504
42691 # 1504
42691 # 1504
42710 # 1504
42718 # 1504
42726 # 1504
42739 # 1504
42747 # 1504
42753 # 1504
42761 # 1504
42767 # 1504
42777 # 1504
42785 # 1504
42789 # 1504
42795 # 1504
42803 # 1504
42811 # 1504
42820 # 1504
42828 # 1504
42837 # 1504
42841 # 1504
42845 # 1504
42847 # 1504
42848 # 1504
42852 # 1504
42855 # 1504
42857 # 1504
42860 # 1504
42864 # 1504
42867 # 1504
42875 # 1504
42878 # 1504
42883 # 1504
42888 # 1504
42889 # 1504
42895 # 1504
42898 # 1504
42904 # 1504
42909 # 1504
42915 # 1504
42921 # 1504
42925 # 1504
42928 # 1504
42930 # 1504
42934 # 1504
42937 # 1504
42943 # 1504
42950 # 1504
42956 # 1504
42959 # 1504
42963 # 1504
42967 # 1504
42972 # 1504
42979 # 1504
42982 # 1504
42985 # 1504
42987 # 1504
42990 # 1504
42994 # 1504
42997 # 1504
43000 # 1504
43004 # 1504
43007 # 1504
43012 # 1504
43015 # 1504
43018 # 1504
43023 # 1504
43026 # 1504
43030 # 1504
43038 # 1504
43042 # 1504
43046 # 1504
43049 # 1504
43053 # 1504
43055 # 1504
43058 # 1504
43061 # 1504
43065 # 1504
43067 # 1504
43070 # 1504
43074 # 1504
43077 # 1504
43080 # 1504
43083 # 1504
43086 # 1504
43089 # 1504
43097 # 1504
43106 # 1504
43115 # 1504
43123 # 1504
43130 # 1504
43140 # 1504
43147 # 1504
43156 # 1504
43162 # 1504
43167 # 1504
43170 # 1504
43177 # 1504
43180 # 1504
43186 # 1504
43188 # 1504
43192 # 1504
43200 # 1504
43202 # 1504
43205 # 1504
43208 # 1504
43209 # 1504
43210 # 1504
43214 # 1504
43217 # 1504
43218 # 1504
43223 # 1504
43225 # 1504
43227 # 1504
43230 # 1504
43231 # 1504
43233 # 1504
43236 # 1504
43239 # 1504
43263 # 1504
43282 # 1504
43286 # 1504
43289 # 1504
43295 # 1504
43302 # 1504
43306 # 1504
43310 # 1504
43314 # 1504
43327 # 1504
43332 # 1504
43336 # 1504
43346 # 1504
43347 # 1504
43349 # 1504
43350 # 1504
43354 # 1504
43357 # 1504
43368 # 1504
43386 # 1504
43390 # 1504
43410 # 1504
43410 # 1504
43410 # 1504
43415 # 1504
43416 # 1504
43421 # 1504
43427 # 1504
43429 # 1504
43432 # 1504
43438 # 1504
43440 # 1504
43444 # 1504
43446 # 1504
43450 # 1504
43452 # 1504
43453 # 1504
43456 # 1504
43458 # 1504
43460 # 1504
43463 # 1504
43465 # 1504
43475 # 1504
43475 # 1504
43475 # 1504
43475 # 1504
43476 # 1504
43478 # 1504
43480 # 1504
43482 # 1504
43486 # 1504
43489 # 1504
43491 # 1504
43493 # 1504
43496 # 1504
43499 # 1504
43502 # 1504
43507 # 1504
43510 # 1504
43512 # 1504
43515 # 1504
43517 # 1504
43519 # 1504
43521 # 1504
43523 # 1504
43524 # 1504
43526 # 1504
43527 # 1504
43529 # 1504
43530 # 1504
43532 # 1504
43533 # 1504
43535 # 1504
43536 # 1504
43538 # 1504
43539 # 1504
43541 # 1504
43542 # 1504
43544 # 1504
43546 # 1504
43548 # 1504
43549 # 1504
43551 # 1504
43553 # 1504
43555 # 1504
43556 # 1504
43558 # 1504
43560 # 1504
43561 # 1504
43563 # 1504
43564 # 1504
43566 # 1504
43569 # 1504
43579 # 1504
43579 # 1504
43579 # 1504
43580 # 1504
43580 # 1504
43580 # 1504
43582 # 1504
43583 # 1504
43585 # 1504
43586 # 1504
43588 # 1504
43589 # 1504
43591 # 1504
43592 # 1504
43594 # 1504
43596 # 1504
43597 # 1504
43599 # 1504
43600 # 1504
43601 # 1504
43603 # 1504
43605 # 1504
43607 # 1504
43608 # 1504
43610 # 1504
43612 # 1504
43614 # 1504
43615 # 1504
43617 # 1504
43619 # 1504
43620 # 1504
43622 # 1504
43631 # 1504
43631 # 1504
43631 # 1504
43632 # 1504
43632 # 1504
43632 # 1504
43633 # 1504
43634 # 1504
43635 # 1504
43637 # 1504
43638 # 1504
43640 # 1504
43642 # 1504
43643 # 1504
43645 # 1504
43646 # 1504
43647 # 1504
43649 # 1504
43650 # 1504
43652 # 1504
43653 # 1504
43662 # 1504
43662 # 1504
43662 # 1504
43663 # 1504
43667 # 1504
43671 # 1504
43674 # 1504
43677 # 1504
43682 # 1504
43685 # 1504
43689 # 1504
43692 # 1504
43697 # 1504
43702 # 1504
43708 # 1504
43713 # 1504
43720 # 1504
43723 # 1504
43726 # 1504
43729 # 1504
43731 # 1504
43736 # 1504
43739 # 1504
43743 # 1504
43747 # 1504
43751 # 1504
43754 # 1504
43758 # 1504
43761 # 1504
43764 # 1504
43765 # 1504
43767 # 1504
43769 # 1504
43770 # 1504
43772 # 1504
43774 # 1504
43776 # 1504
43777 # 1504
43780 # 1504
43782 # 1504
43785 # 1504
43786 # 1504
43789 # 1504
43791 # 1504
43793 # 1504
43795 # 1504
43796 # 1504
43798 # 1504
43800 # 1504
43801 # 1504
43811 # 1504
43812 # 1504
43812 # 1504
43812 # 1504
43812 # 1504
43816 # 1504
43817 # 1504
43818 # 1504
43820 # 1504
43829 # 1504
43829 # 1504
43829 # 1504
43830 # 1504
43830 # 1504
43830 # 1504
43830 # 1504
43833 # 1504
43834 # 1504
43836 # 1504
43837 # 1504
43838 # 1504
43840 # 1504
43841 # 1504
43842 # 1504
43844 # 1504
43845 # 1504
43847 # 1504
43848 # 1504
43849 # 1504
43859 # 1504
43859 # 1504
43859 # 1504
43860 # 1504
43860 # 1504
43868 # 1504
43876 # 1504
43878 # 1504
43880 # 1504
43881 # 1504
43883 # 1504
43884 # 1504
43885 # 1504
43887 # 1504
43888 # 1504
43890 # 1504
43891 # 1504
43892 # 1504
43911 # 1504
43911 # 1504
43912 # 1504
43912 # 1504
43912 # 1504
43913 # 1504
43914 # 1504
43915 # 1504
43917 # 1504
43918 # 1504
43920 # 1504
43921 # 1504
43923 # 1504
43925 # 1504
43928 # 1504
43929 # 1504
43932 # 1504
43936 # 1504
43938 # 1504
43941 # 1504
43942 # 1504
43953 # 1504
43955 # 1504
43964 # 1504
43964 # 1504
43964 # 1504
43965 # 1504
43966 # 1504
43968 # 1504
43972 # 1504
43973 # 1504
43975 # 1504
43977 # 1504
43979 # 1504
43983 # 1504
43985 # 1504
43987 # 1504
43990 # 1504
43992 # 1504
43996 # 1504
43997 # 1504
43999 # 1504
44026 # 1504
44026 # 1504
44026 # 1504
44026 # 1504
44027 # 1504
44033 # 1504
44033 # 1504
44033 # 1504
44033 # 1504
44033 # 1504
44038 # 1504
44038 # 1504
44038 # 1504
44038 # 1504
44038 # 1504
44039 # 1504
44043 # 1504
44045 # 1504
44046 # 1504
44051 # 1504
44057 # 1504
44061 # 1504
44064 # 1504
44069 # 1504
44072 # 1504
44076 # 1504
44080 # 1504
44084 # 1504
44086 # 1504
44091 # 1504
44094 # 1504
44099 # 1504
44101 # 1504
44108 # 1504
44113 # 1504
44121 # 1504
44124 # 1504
44125 # 1504
44130 # 1504
44134 # 1504
44138 # 1504
44141 # 1504
44145 # 1504
44147 # 1504
44149 # 1504
44154 # 1504
44157 # 1504
44161 # 1504
44163 # 1504
44168 # 1504
44172 # 1504
44180 # 1504
44183 # 1504
44189 # 1504
44191 # 1504
44194 # 1504
44196 # 1504
44202 # 1504
44207 # 1504
44209 # 1504
44217 # 1504
44219 # 1504
44224 # 1504
44227 # 1504
44230 # 1504
44240 # 1504
44242 # 1504
44246 # 1504
44249 # 1504
44253 # 1504
44254 # 1504
44257 # 1504
44261 # 1504
44265 # 1504
44266 # 1504
44270 # 1504
44301 # 1504
44328 # 1504
44337 # 1504
44343 # 1504
44350 # 1504
44356 # 1504
44362 # 1504
44365 # 1504
44369 # 1504
44378 # 1504
44384 # 1504
44389 # 1504
44396 # 1504
44400 # 1504
44402 # 1504
44405 # 1504
44405 # 1504
44407 # 1504
44409 # 1504
44426 # 1504
44426 # 1504
44426 # 1504
44426 # 1504
44430 # 1504
44433 # 1504
44435 # 1504
44436 # 1504
44439 # 1504
44442 # 1504
44446 # 1504
44448 # 1504
44454 # 1504
44455 # 1504
44458 # 1504
44458 # 1504
44460 # 1504
44463 # 1504
44465 # 1504
44466 # 1504
44467 # 1504
44469 # 1504
44472 # 1504
44472 # 1504
44474 # 1504
44476 # 1504
44477 # 1504
44480 # 1504
44482 # 1504
44483 # 1504
44485 # 1504
44487 # 1504
44489 # 1504
44500 # 1504
44500 # 1504
44500 # 1504
44500 # 1504
44500 # 1504
44500 # 1504
44502 # 1504
44506 # 1504
44506 # 1504
44508 # 1504
44511 # 1504
44513 # 1504
44514 # 1504
44516 # 1504
44519 # 1504
44521 # 1504
44524 # 1504
44526 # 1504
44536 # 1504
44538 # 1504
44539 # 1504
44543 # 1504
44543 # 1504
44543 # 1504
44543 # 1504
44555 # 1504
44555 # 1504
44555 # 1504
44555 # 1504
44555 # 1504
44555 # 1504
44558 # 1504
44559 # 1504
44560 # 1504
44562 # 1504
44565 # 1504
44566 # 1504
44568 # 1504
44572 # 1504
44576 # 1504
44576 # 1504
44578 # 1504
44580 # 1504
44582 # 1504
44584 # 1504
44585 # 1504
44587 # 1504
44593 # 1504
44594 # 1504
44596 # 1504
44598 # 1504
44600 # 1504
44601 # 1504
44604 # 1504
44608 # 1504
44617 # 1504
44617 # 1504
44617 # 1504
44617 # 1504
44619 # 1504
44620 # 1504
44623 # 1504
44624 # 1504
44625 # 1504
44628 # 1504
44629 # 1504
44631 # 1504
44632 # 1504
44636 # 1504
44638 # 1504
44639 # 1504
44640 # 1504
44644 # 1504
44644 # 1504
44655 # 1504
44655 # 1504
44655 # 1504
44657 # 1504
44657 # 1504
44657 # 1504
44657 # 1504
44659 # 1504
44670 # 1504
44670 # 1504
44670 # 1504
44670 # 1504
44670 # 1504
44672 # 1504
44675 # 1504
44676 # 1504
44678 # 1504
44679 # 1504
44683 # 1504
44685 # 1504
44686 # 1504
44688 # 1504
44690 # 1504
44693 # 1504
44694 # 1504
44698 # 1504
44700 # 1504
44701 # 1504
44703 # 1504
44705 # 1504
44709 # 1504
44713 # 1504
44720 # 1504
44728 # 1504
44735 # 1504
44741 # 1504
44750 # 1504
44752 # 1504
44755 # 1504
44756 # 1504
44756 # 1504
44756 # 1504
44756 # 1504
44766 # 1504
44766 # 1504
44766 # 1504
44766 # 1504
44771 # 1504
44771 # 1504
44771 # 1504
44771 # 1504
44771 # 1504
44772 # 1504
44774 # 1504
44775 # 1504
44778 # 1504
44779 # 1504
44780 # 1504
44782 # 1504
44785 # 1504
44786 # 1504
44787 # 1504
44789 # 1504
44792 # 1504
44792 # 1504
44794 # 1504
44796 # 1504
44798 # 1504
44800 # 1504
44801 # 1504
44803 # 1504
44805 # 1504
44808 # 1504
44808 # 1504
44810 # 1504
44811 # 1504
44813 # 1504
44817 # 1504
44818 # 1504
44819 # 1504
44821 # 1504
44824 # 1504
44825 # 1504
44826 # 1504
44828 # 1504
44830 # 1504
44831 # 1504
44833 # 1504
44834 # 1504
44836 # 1504
44837 # 1504
44839 # 1504
44840 # 1504
44841 # 1504
44843 # 1504
44844 # 1504
44846 # 1504
44846 # 1504
44847 # 1504
44849 # 1504
44850 # 1504
44851 # 1504
44852 # 1504
44865 # 1504
44865 # 1504
44865 # 1504
44865 # 1504
44865 # 1504
44865 # 1504
44872 # 1504
44872 # 1504
44872 # 1504
44872 # 1504
44872 # 1504
44872 # 1504
44873 # 1504
44874 # 1504
44875 # 1504
44876 # 1504
44879 # 1504
44880 # 1504
44880 # 1504
44881 # 1504
44883 # 1504
44885 # 1504
44885 # 1504
44887 # 1504
44887 # 1504
44889 # 1504
44890 # 1504
44891 # 1504
44893 # 1504
44895 # 1504
44895 # 1504
44896 # 1504
44897 # 1504
44898 # 1504
44908 # 1504
44910 # 1504
44910 # 1504
44910 # 1504
44910 # 1504
44910 # 1504
44910 # 1504
44910 # 1504
44911 # 1504
44912 # 1504
44914 # 1504
44915 # 1504
44916 # 1504
44917 # 1504
44918 # 1504
44930 # 1504
44930 # 1504
44930 # 1504
44930 # 1504
44930 # 1504
44931 # 1504
44931 # 1504
44932 # 1504
44932 # 1504
44933 # 1504
44935 # 1504
44936 # 1504
44937 # 1504
44938 # 1504
44940 # 1504
44942 # 1504
44943 # 1504
44944 # 1504
44945 # 1504
44948 # 1504
44949 # 1504
44950 # 1504
44952 # 1504
44962 # 1504
44962 # 1504
44962 # 1504
44962 # 1504
44962 # 1504
44964 # 1504
44967 # 1504
44967 # 1504
44969 # 1504
44971 # 1504
44971 # 1504
44975 # 1504
44976 # 1504
44979 # 1504
44983 # 1504
44983 # 1504
44984 # 1504
44985 # 1504
44987 # 1504
44989 # 1504
44990 # 1504
44991 # 1504
44992 # 1504
44994 # 1504
45006 # 1504
45006 # 1504
45006 # 1504
45006 # 1504
45006 # 1504
45007 # 1504
45008 # 1504
45010 # 1504
45010 # 1504
45015 # 1504
45015 # 1504
45016 # 1504
45018 # 1504
45020 # 1504
45020 # 1504
45021 # 1504
45022 # 1504
45024 # 1504
45025 # 1504
45027 # 1504
45037 # 1504
45037 # 1504
45037 # 1504
45037 # 1504
45038 # 1504
45038 # 1504
45038 # 1504
45042 # 1504
45042 # 1504
45045 # 1504
45045 # 1504
45046 # 1504
45057 # 1504
45057 # 1504
45057 # 1504
45057 # 1504
45057 # 1504
45057 # 1504
45067 # 1504
45068 # 1504
45068 # 1504
45072 # 1504
45072 # 1504
45072 # 1504
45080 # 1504
45085 # 1504
45085 # 1504
45085 # 1504
45085 # 1504
45085 # 1504
45086 # 1504
45088 # 1504
45090 # 1504
45092 # 1504
45092 # 1504
45094 # 1504
45097 # 1504
45098 # 1504
45099 # 1504
45100 # 1504
45102 # 1504
45104 # 1504
45115 # 1504
45115 # 1504
45115 # 1504
45117 # 1504
45120 # 1504
45120 # 1504
45120 # 1504
45120 # 1504
45122 # 1504
45123 # 1504
45124 # 1504
45126 # 1504
45128 # 1504
45130 # 1504
45130 # 1504
45132 # 1504
45133 # 1504
45136 # 1504
45136 # 1504
45138 # 1504
45139 # 1504
45141 # 1504
45143 # 1504
45143 # 1504
45144 # 1504
45146 # 1504
45147 # 1504
45148 # 1504
45149 # 1504
45150 # 1504
45152 # 1504
45153 # 1504
45154 # 1504
45155 # 1504
45156 # 1504
45167 # 1504
45167 # 1504
45167 # 1504
45167 # 1504
45167 # 1504
45167 # 1504
45167 # 1504
45168 # 1504
45169 # 1504
45172 # 1504
45175 # 1504
45175 # 1504
45176 # 1504
45177 # 1504
45188 # 1504
45190 # 1504
45190 # 1504
45190 # 1504
45192 # 1504
45192 # 1504
45200 # 1504
45200 # 1504
45200 # 1504
45200 # 1504
45200 # 1504
45200 # 1504
45200 # 1504
45201 # 1504
45202 # 1504
45215 # 1504
45215 # 1504
45215 # 1504
45215 # 1504
45215 # 1504
45215 # 1504
45216 # 1504
45216 # 1504
45225 # 1504
45225 # 1504
45225 # 1504
45225 # 1504
45225 # 1504
45225 # 1504
45226 # 1504
45227 # 1504
45229 # 1504
45231 # 1504
45232 # 1504
45236 # 1504
45239 # 1504
45239 # 1504
45240 # 1504
45241 # 1504
45242 # 1504
45244 # 1504
45246 # 1504
45248 # 1504
45257 # 1504
45257 # 1504
45257 # 1504
45257 # 1504
45257 # 1504
45257 # 1504
45258 # 1504
45260 # 1504
45260 # 1504
45262 # 1504
45272 # 1504
45274 # 1504
45276 # 1504
45276 # 1504
45276 # 1504
45276 # 1504
45279 # 1504
45279 # 1504
45280 # 1504
45283 # 1504
45285 # 1504
45286 # 1504
45288 # 1504
45290 # 1504
45292 # 1504
45294 # 1504
45295 # 1504
45296 # 1504
45298 # 1504
45301 # 1504
45310 # 1504
45310 # 1504
45310 # 1504
45336 # 1504
45344 # 1504
45350 # 1504
45355 # 1504
45359 # 1504
45364 # 1504
45374 # 1504
45376 # 1504
45392 # 1504
45397 # 1504
45400 # 1504
45405 # 1504
45407 # 1504
45410 # 1504
45414 # 1504
45424 # 1504
45430 # 1504
45430 # 1504
45430 # 1504
45432 # 1504
45435 # 1504
45437 # 1504
45438 # 1504
45442 # 1504
45445 # 1504
45447 # 1504
45450 # 1504
45450 # 1504
45454 # 1504
45457 # 1504
45458 # 1504
45459 # 1504
45463 # 1504
45465 # 1504
45467 # 1504
45467 # 1504
45469 # 1504
45472 # 1504
45473 # 1504
45475 # 1504
45477 # 1504
45481 # 1504
45481 # 1504
45484 # 1504
45486 # 1504
45489 # 1504
45489 # 1504
45494 # 1504
45497 # 1504
45497 # 1504
45499 # 1504
45501 # 1504
45505 # 1504
45506 # 1504
45507 # 1504
45510 # 1504
45512 # 1504
45516 # 1504
45518 # 1504
45520 # 1504
45521 # 1504
45522 # 1504
45524 # 1504
45525 # 1504
45527 # 1504
45528 # 1504
45529 # 1504
45531 # 1504
45533 # 1504
45534 # 1504
45536 # 1504
45537 # 1504
45539 # 1504
45540 # 1504
45542 # 1504
45552 # 1504
45552 # 1504
45552 # 1504
45552 # 1504
45552 # 1504
45552 # 1504
45552 # 1504
45554 # 1504
45555 # 1504
45557 # 1504
45559 # 1504
45559 # 1504
45560 # 1504
45562 # 1504
45565 # 1504
45567 # 1504
45567 # 1504
45568 # 1504
45570 # 1504
45572 # 1504
45575 # 1504
45575 # 1504
45576 # 1504
45578 # 1504
45579 # 1504
45580 # 1504
45590 # 1504
45592 # 1504
45592 # 1504
45594 # 1504
45597 # 1504
45599 # 1504
45599 # 1504
45601 # 1504
45603 # 1504
45605 # 1504
45607 # 1504
45609 # 1504
45610 # 1504
45612 # 1504
45614 # 1504
45615 # 1504
45617 # 1504
45619 # 1504
45622 # 1504
45622 # 1504
45625 # 1504
45627 # 1504
45629 # 1504
45631 # 1504
45632 # 1504
45636 # 1504
45637 # 1504
45639 # 1504
45643 # 1504
45646 # 1504
45647 # 1504
45648 # 1504
45650 # 1504
45655 # 1504
45656 # 1504
45666 # 1504
45666 # 1504
45666 # 1504
45666 # 1504
45666 # 1504
45668 # 1504
45669 # 1504
45670 # 1504
45672 # 1504
45675 # 1504
45676 # 1504
45677 # 1504
45679 # 1504
45683 # 1504
45692 # 1504
45694 # 1504
45694 # 1504
45694 # 1504
45694 # 1504
45695 # 1504
45697 # 1504
45699 # 1504
45701 # 1504
45702 # 1504
45703 # 1504
45705 # 1504
45706 # 1504
45708 # 1504
45709 # 1504
45711 # 1504
45712 # 1504
45715 # 1504
45715 # 1504
45717 # 1504
45719 # 1504
45721 # 1504
45721 # 1504
45725 # 1504
45725 # 1504
45727 # 1504
45729 # 1504
45731 # 1504
45731 # 1504
45733 # 1504
45734 # 1504
45737 # 1504
45737 # 1504
45739 # 1504
45749 # 1504
45749 # 1504
45750 # 1504
45750 # 1504
45750 # 1504
45750 # 1504
45751 # 1504
45753 # 1504
45754 # 1504
45756 # 1504
45757 # 1504
45767 # 1504
45770 # 1504
45771 # 1504
45772 # 1504
45772 # 1504
45772 # 1504
45772 # 1504
45784 # 1504
45784 # 1504
45785 # 1504
45785 # 1504
45787 # 1504
45789 # 1504
45791 # 1504
45791 # 1504
45792 # 1504
45794 # 1504
45796 # 1504
45806 # 1504
45807 # 1504
45810 # 1504
45810 # 1504
45811 # 1504
45822 # 1504
45822 # 1504
45822 # 1504
45822 # 1504
45823 # 1504
45825 # 1504
45826 # 1504
45828 # 1504
45830 # 1504
45831 # 1504
45833 # 1504
45835 # 1504
45837 # 1504
45838 # 1504
45840 # 1504
45849 # 1504
45850 # 1504
45851 # 1504
45855 # 1504
45856 # 1504
45856 # 1504
45857 # 1504
45868 # 1504
45869 # 1504
45869 # 1504
45871 # 1504
45871 # 1504
45871 # 1504
45875 # 1504
45875 # 1504
45876 # 1504
45878 # 1504
45880 # 1504
45880 # 1504
45882 # 1504
45885 # 1504
45885 # 1504
45886 # 1504
45896 # 1504
45896 # 1504
45896 # 1504
45896 # 1504
45902 # 1504
45902 # 1504
45902 # 1504
45902 # 1504
45911 # 1504
45911 # 1504
45911 # 1504
45911 # 1504
45911 # 1504
45912 # 1504
45913 # 1504
45914 # 1504
45915 # 1504
45927 # 1504
45927 # 1504
45927 # 1504
45927 # 1504
45930 # 1504
45934 # 1504
45935 # 1504
45941 # 1504
45942 # 1504
45942 # 1504
45944 # 1504
45946 # 1504
45947 # 1504
45950 # 1504
45951 # 1504
45952 # 1504
45953 # 1504
45957 # 1504
45957 # 1504
45959 # 1504
45960 # 1504
45963 # 1504
45965 # 1504
45965 # 1504
45967 # 1504
45969 # 1504
45972 # 1504
45972 # 1504
45976 # 1504
45977 # 1504
45979 # 1504
45980 # 1504
45982 # 1504
45984 # 1504
45985 # 1504
45987 # 1504
45989 # 1504
45991 # 1504
45992 # 1504
45994 # 1504
45997 # 1504
45997 # 1504
45999 # 1504
46001 # 1504
46005 # 1504
46005 # 1504
46006 # 1504
46008 # 1504
46010 # 1504
46012 # 1504
46013 # 1504
46015 # 1504
46016 # 1504
46020 # 1504
46021 # 1504
46022 # 1504
46024 # 1504
46027 # 1504
46028 # 1504
46029 # 1504
46031 # 1504
46033 # 1504
46035 # 1504
46036 # 1504
46038 # 1504
46040 # 1504
46042 # 1504
46044 # 1504
46045 # 1504
46047 # 1504
46048 # 1504
46051 # 1504
46052 # 1504
46054 # 1504
46055 # 1504
46058 # 1504
46059 # 1504
46060 # 1504
46065 # 1504
46066 # 1504
46067 # 1504
46069 # 1504
46070 # 1504
46072 # 1504
46074 # 1504
46076 # 1504
46077 # 1504
46079 # 1504
46082 # 1504
46082 # 1504
46084 # 1504
46094 # 1504
46094 # 1504
46094 # 1504
46094 # 1504
46096 # 1504
46096 # 1504
46099 # 1504
46100 # 1504
46104 # 1504
46107 # 1504
46109 # 1504
46114 # 1504
46117 # 1504
46119 # 1504
46123 # 1504
46127 # 1504
46132 # 1504
46136 # 1504
46139 # 1504
46141 # 1504
46146 # 1504
46148 # 1504
46152 # 1504
46156 # 1504
46160 # 1504
46164 # 1504
46165 # 1504
46168 # 1504
46170 # 1504
46172 # 1504
46174 # 1504
46177 # 1504
46178 # 1504
46180 # 1504
46182 # 1504
46185 # 1504
46185 # 1504
46190 # 1504
46191 # 1504
46192 # 1504
46194 # 1504
46196 # 1504
46198 # 1504
46200 # 1504
46202 # 1504
46204 # 1504
46206 # 1504
46208 # 1504
46210 # 1504
46212 # 1504
46215 # 1504
46216 # 1504
46218 # 1504
46221 # 1504
46223 # 1504
46224 # 1504
46226 # 1504
46229 # 1504
46231 # 1504
46233 # 1504
46235 # 1504
46237 # 1504
46240 # 1504
46242 # 1504
46244 # 1504
46246 # 1504
46248 # 1504
46252 # 1504
46253 # 1504
46256 # 1504
46257 # 1504
46260 # 1504
46261 # 1504
46264 # 1504
46265 # 1504
46266 # 1504
46270 # 1504
46271 # 1504
46276 # 1504
46277 # 1504
46289 # 1504
46296 # 1504
46297 # 1504
46300 # 1504
46301 # 1504
46301 # 1504
46307 # 1504
46307 # 1504
46308 # 1504
46316 # 1504
46316 # 1504
46316 # 1504
46316 # 1504
46317 # 1504
46319 # 1504
46320 # 1504
46326 # 1504
46332 # 1504
46333 # 1504
46336 # 1504
46339 # 1504
46342 # 1504
46344 # 1504
46347 # 1504
46348 # 1504
46350 # 1504
46352 # 1504
46354 # 1504
46356 # 1504
46358 # 1504
46360 # 1504
46363 # 1504
46364 # 1504
46366 # 1504
46368 # 1504
46371 # 1504
46373 # 1504
46375 # 1504
46377 # 1504
46379 # 1504
46381 # 1504
46384 # 1504
46387 # 1504
46388 # 1504
46390 # 1504
46393 # 1504
46395 # 1504
46396 # 1504
46398 # 1504
46401 # 1504
46402 # 1504
46404 # 1504
46406 # 1504
46407 # 1504
46410 # 1504
46411 # 1504
46414 # 1504
46416 # 1504
46418 # 1504
46420 # 1504
46422 # 1504
46426 # 1504
46427 # 1504
46429 # 1504
46432 # 1504
46434 # 1504
46437 # 1504
46439 # 1504
46440 # 1504
46443 # 1504
46446 # 1504
46450 # 1504
46452 # 1504
46457 # 1504
46459 # 1504
46461 # 1504
46465 # 1504
46468 # 1504
46471 # 1504
46474 # 1504
46476 # 1504
46479 # 1504
46481 # 1504
46484 # 1504
46486 # 1504
46488 # 1504
46490 # 1504
46492 # 1504
46494 # 1504
46496 # 1504
46499 # 1504
46501 # 1504
46504 # 1504
46506 # 1504
46508 # 1504
46510 # 1504
46512 # 1504
46514 # 1504
46516 # 1504
46517 # 1504
46519 # 1504
46521 # 1504
46525 # 1504
46525 # 1504
46526 # 1504
46527 # 1504
46529 # 1504
46539 # 1504
46540 # 1504
46541 # 1504
46541 # 1504
46541 # 1504
46541 # 1504
46543 # 1504
46545 # 1504
46546 # 1504
46548 # 1504
46550 # 1504
46551 # 1504
46552 # 1504
46554 # 1504
46555 # 1504
46565 # 1504
46565 # 1504
46565 # 1504
46570 # 1504
46570 # 1504
46570 # 1504
46570 # 1504
46580 # 1504
46582 # 1504
46584 # 1504
46585 # 1504
46589 # 1504
46600 # 1504
46601 # 1504
46604 # 1504
46605 # 1504
46605 # 1504
46605 # 1504
46606 # 1504
46609 # 1504
46613 # 1504
46616 # 1504
46618 # 1504
46622 # 1504
46624 # 1504
46627 # 1504
46630 # 1504
46632 # 1504
46637 # 1504
46639 # 1504
46644 # 1504
46646 # 1504
46648 # 1504
46652 # 1504
46654 # 1504
46656 # 1504
46660 # 1504
46662 # 1504
46665 # 1504
46668 # 1504
46670 # 1504
46673 # 1504
46677 # 1504
46679 # 1504
46682 # 1504
46685 # 1504
46688 # 1504
46691 # 1504
46694 # 1504
46697 # 1504
46701 # 1504
46703 # 1504
46705 # 1504
46708 # 1504
46711 # 1504
46715 # 1504
46716 # 1504
46719 # 1504
46723 # 1504
46725 # 1504
46727 # 1504
46731 # 1504
46734 # 1504
46736 # 1504
46739 # 1504
46741 # 1504
46744 # 1504
46746 # 1504
46749 # 1504
46752 # 1504
46757 # 1504
46760 # 1504
46762 # 1504
46764 # 1504
46768 # 1504
46769 # 1504
46772 # 1504
46777 # 1504
46780 # 1504
46781 # 1504
46784 # 1504
46787 # 1504
46789 # 1504
46793 # 1504
46796 # 1504
46799 # 1504
46802 # 1504
46803 # 1504
46805 # 1504
46807 # 1504
46809 # 1504
46811 # 1504
46813 # 1504
46816 # 1504
46816 # 1504
46819 # 1504
46820 # 1504
46822 # 1504
46825 # 1504
46826 # 1504
46830 # 1504
46830 # 1504
46832 # 1504
46834 # 1504
46836 # 1504
46838 # 1504
46840 # 1504
46842 # 1504
46844 # 1504
46847 # 1504
46848 # 1504
46852 # 1504
46853 # 1504
46854 # 1504
46856 # 1504
46857 # 1504
46860 # 1504
46862 # 1504
46864 # 1504
46865 # 1504
46867 # 1504
46869 # 1504
46871 # 1504
46874 # 1504
46875 # 1504
46878 # 1504
46879 # 1504
46881 # 1504
46883 # 1504
46885 # 1504
46887 # 1504
46891 # 1504
46892 # 1504
46893 # 1504
46895 # 1504
46897 # 1504
46899 # 1504
46902 # 1504
46903 # 1504
46905 # 1504
46907 # 1504
46908 # 1504
46910 # 1504
46912 # 1504
46914 # 1504
46915 # 1504
46918 # 1504
46919 # 1504
46920 # 1504
46922 # 1504
46924 # 1504
46925 # 1504
46927 # 1504
46929 # 1504
46931 # 1504
46932 # 1504
46935 # 1504
46938 # 1504
46938 # 1504
46940 # 1504
46942 # 1504
46944 # 1504
46945 # 1504
46955 # 1504
46958 # 1504
46958 # 1504
46958 # 1504
46958 # 1504
46959 # 1504
46960 # 1504
46962 # 1504
46964 # 1504
46966 # 1504
46967 # 1504
46969 # 1504
46971 # 1504
46973 # 1504
46974 # 1504
46976 # 1504
46978 # 1504
46980 # 1504
46981 # 1504
46983 # 1504
46984 # 1504
46987 # 1504
46987 # 1504
46990 # 1504
46992 # 1504
46994 # 1504
46995 # 1504
46997 # 1504
46998 # 1504
47000 # 1504
47001 # 1504
47003 # 1504
47004 # 1504
47006 # 1504
47007 # 1504
47010 # 1504
47011 # 1504
47012 # 1504
47013 # 1504
47015 # 1504
47016 # 1504
47018 # 1504
47019 # 1504
47021 # 1504
47022 # 1504
47025 # 1504
47027 # 1504
47028 # 1504
47030 # 1504
47031 # 1504
47032 # 1504
47034 # 1504
47035 # 1504
47037 # 1504
47046 # 1504
47046 # 1504
47050 # 1504
47050 # 1504
47054 # 1504
47055 # 1504
47055 # 1504
47060 # 1504
47060 # 1504
47060 # 1504
47060 # 1504
47060 # 1504
47064 # 1504
47066 # 1504
47068 # 1504
47069 # 1504
47071 # 1504
47073 # 1504
47075 # 1504
47076 # 1504
47079 # 1504
47081 # 1504
47082 # 1504
47084 # 1504
47085 # 1504
47088 # 1504
47096 # 1504
47096 # 1504
47099 # 1504
47104 # 1504
47104 # 1504
47104 # 1504
47104 # 1504
47112 # 1504
47112 # 1504
47118 # 1504
47118 # 1504
47120 # 1504
47124 # 1504
47124 # 1504
47124 # 1504
47131 # 1504
47131 # 1504
47132 # 1504
47132 # 1504
47132 # 1504
47133 # 1504
47135 # 1504
47137 # 1504
47138 # 1504
47140 # 1504
47143 # 1504
47145 # 1504
47149 # 1504
47152 # 1504
47155 # 1504
47159 # 1504
47162 # 1504
47163 # 1504
47166 # 1504
47169 # 1504
47173 # 1504
47176 # 1504
47178 # 1504
47182 # 1504
47184 # 1504
47186 # 1504
47191 # 1504
47194 # 1504
47197 # 1504
47201 # 1504
47202 # 1504
47205 # 1504
47208 # 1504
47211 # 1504
47214 # 1504
47216 # 1504
47219 # 1504
47223 # 1504
47224 # 1504
47227 # 1504
47229 # 1504
47230 # 1504
47233 # 1504
47238 # 1504
47247 # 1504
47249 # 1504
47249 # 1504
47250 # 1504
47255 # 1504
47256 # 1504
47259 # 1504
47263 # 1504
47265 # 1504
47268 # 1504
47270 # 1504
47273 # 1504
47277 # 1504
47278 # 1504
47282 # 1504
47286 # 1504
47287 # 1504
47291 # 1504
47299 # 1504
47302 # 1504
47303 # 1504
47304 # 1504
47307 # 1504
47307 # 1504
47310 # 1504
47310 # 1504
47312 # 1504
47313 # 1504
47315 # 1504
47316 # 1504
47318 # 1504
47327 # 1504
47327 # 1504
47327 # 1504
47327 # 1504
47329 # 1504
47330 # 1504
47332 # 1504
47333 # 1504
47335 # 1504
47336 # 1504
47339 # 1504
47348 # 1504
47348 # 1504
47348 # 1504
47348 # 1504
47348 # 1504
47356 # 1504
47356 # 1504
47356 # 1504
47357 # 1504
47357 # 1504
47358 # 1504
47368 # 1504
47368 # 1504
47371 # 1504
47371 # 1504
47374 # 1504
47374 # 1504
47376 # 1504
47378 # 1504
47381 # 1504
47387 # 1504
47389 # 1504
47389 # 1504
47389 # 1504
47399 # 1504
47401 # 1504
47401 # 1504
47401 # 1504
47401 # 1504
47401 # 1504
47403 # 1504
47405 # 1504
47407 # 1504
47410 # 1504
47411 # 1504
47412 # 1504
47414 # 1504
47416 # 1504
47418 # 1504
47428 # 1504
47428 # 1504
47428 # 1504
47428 # 1504
47428 # 1504
47429 # 1504
47439 # 1504
47445 # 1504
47445 # 1504
47445 # 1504
47445 # 1504
47445 # 1504
47445 # 1504
47446 # 1504
47457 # 1504
47460 # 1504
47477 # 1504
47477 # 1504
47477 # 1504
47477 # 1504
47477 # 1504
47477 # 1504
47477 # 1504
47477 # 1504
47478 # 1504
47479 # 1504
47482 # 1504
47482 # 1504
47484 # 1504
47486 # 1504
47488 # 1504
47489 # 1504
47491 # 1504
47493 # 1504
47494 # 1504
47496 # 1504
47498 # 1504
47500 # 1504
47502 # 1504
47503 # 1504
47505 # 1504
47506 # 1504
47510 # 1504
47512 # 1504
47513 # 1504
47514 # 1504
47515 # 1504
47517 # 1504
47519 # 1504
47520 # 1504
47523 # 1504
47526 # 1504
47529 # 1504
47532 # 1504
47535 # 1504
47537 # 1504
47540 # 1504
47551 # 1504
47551 # 1504
47551 # 1504
47556 # 1504
47572 # 1504
47572 # 1504
47574 # 1504
47576 # 1504
47577 # 1504
47580 # 1504
47582 # 1504
47583 # 1504
47585 # 1504
47586 # 1504
47588 # 1504
47590 # 1504
47591 # 1504
47593 # 1504
47596 # 1504
47598 # 1504
47600 # 1504
47600 # 1504
47602 # 1504
47604 # 1504
47606 # 1504
47606 # 1504
47608 # 1504
47609 # 1504
47611 # 1504
47612 # 1504
47614 # 1504
47615 # 1504
47617 # 1504
47620 # 1504
47620 # 1504
47621 # 1504
47630 # 1504
47637 # 1504
47641 # 1504
47641 # 1504
47641 # 1504
47646 # 1504
47646 # 1504
47647 # 1504
47649 # 1504
47651 # 1504
47653 # 1504
47654 # 1504
47657 # 1504
47658 # 1504
47660 # 1504
47661 # 1504
47664 # 1504
47666 # 1504
47667 # 1504
47669 # 1504
47672 # 1504
47672 # 1504
47674 # 1504
47676 # 1504
47678 # 1504
47679 # 1504
47683 # 1504
47693 # 1504
47693 # 1504
47694 # 1504
47694 # 1504
47700 # 1504
47700 # 1504
47704 # 1504
47704 # 1504
47704 # 1504
47704 # 1504
47715 # 1504
47716 # 1504
47716 # 1504
47716 # 1504
47716 # 1504
47719 # 1504
47721 # 1504
47724 # 1504
47727 # 1504
47730 # 1504
47732 # 1504
47737 # 1504
47739 # 1504
47741 # 1504
47745 # 1504
47747 # 1504
47750 # 1504
47752 # 1504
47755 # 1504
47758 # 1504
47762 # 1504
47764 # 1504
47766 # 1504
47770 # 1504
47772 # 1504
47774 # 1504
47777 # 1504
47780 # 1504
47782 # 1504
47785 # 1504
47785 # 1504
47788 # 1504
47789 # 1504
47790 # 1504
47792 # 1504
47794 # 1504
47796 # 1504
47798 # 1504
47800 # 1504
47801 # 1504
47803 # 1504
47804 # 1504
47807 # 1504
47809 # 1504
47810 # 1504
47811 # 1504
47813 # 1504
47816 # 1504
47817 # 1504
47818 # 1504
47820 # 1504
47822 # 1504
47823 # 1504
47825 # 1504
47827 # 1504
47829 # 1504
47830 # 1504
47832 # 1504
47834 # 1504
47835 # 1504
47837 # 1504
47840 # 1504
47841 # 1504
47842 # 1504
47844 # 1504
47846 # 1504
47856 # 1504
47856 # 1504
47859 # 1504
47860 # 1504
47862 # 1504
47864 # 1504
47865 # 1504
47868 # 1504
47871 # 1504
47871 # 1504
47873 # 1504
47876 # 1504
47877 # 1504
47882 # 1504
47882 # 1504
47882 # 1504
47884 # 1504
47886 # 1504
47888 # 1504
47890 # 1504
47891 # 1504
47895 # 1504
47896 # 1504
47897 # 1504
47899 # 1504
47901 # 1504
47902 # 1504
47904 # 1504
47906 # 1504
47908 # 1504
47910 # 1504
47911 # 1504
47913 # 1504
47915 # 1504
47916 # 1504
47919 # 1504
47920 # 1504
47921 # 1504
47923 # 1504
47925 # 1504
47926 # 1504
47927 # 1504
47929 # 1504
47930 # 1504
47933 # 1504
47934 # 1504
47935 # 1504
47936 # 1504
47938 # 1504
47940 # 1504
47941 # 1504
47944 # 1504
47945 # 1504
47955 # 1504
47959 # 1504
47961 # 1504
47961 # 1504
47966 # 1504
47966 # 1504
47972 # 1504
47972 # 1504
47972 # 1504
47972 # 1504
47974 # 1504
47976 # 1504
47977 # 1504
47979 # 1504
47982 # 1504
47983 # 1504
47985 # 1504
47986 # 1504
47988 # 1504
47990 # 1504
47992 # 1504
47993 # 1504
47995 # 1504
47998 # 1504
48001 # 1504
48002 # 1504
48004 # 1504
48005 # 1504
48007 # 1504
48008 # 1504
48011 # 1504
48011 # 1504
48013 # 1504
48014 # 1504
48016 # 1504
48018 # 1504
48019 # 1504
48020 # 1504
48023 # 1504
48024 # 1504
48027 # 1504
48027 # 1504
48029 # 1504
48030 # 1504
48032 # 1504
48034 # 1504
48036 # 1504
48037 # 1504
48039 # 1504
48040 # 1504
48042 # 1504
48043 # 1504
48045 # 1504
48046 # 1504
48050 # 1504
48051 # 1504
48052 # 1504
48054 # 1504
48065 # 1504
48065 # 1504
48065 # 1504
48065 # 1504
48065 # 1504
48067 # 1504
48067 # 1504
48069 # 1504
48071 # 1504
48073 # 1504
48075 # 1504
48076 # 1504
48077 # 1504
48088 # 1504
48088 # 1504
48089 # 1504
48090 # 1504
48090 # 1504
48090 # 1504
48090 # 1504
48098 # 1504
48099 # 1504
48100 # 1504
48101 # 1504
48102 # 1504
48102 # 1504
48102 # 1504
48105 # 1504
48106 # 1504
48107 # 1504
48109 # 1504
48111 # 1504
48113 # 1504
48114 # 1504
48116 # 1504
48118 # 1504
48119 # 1504
48122 # 1504
48122 # 1504
48124 # 1504
48126 # 1504
48129 # 1504
48129 # 1504
48130 # 1504
48132 # 1504
48133 # 1504
48135 # 1504
48136 # 1504
48138 # 1504
48139 # 1504
48141 # 1504
48143 # 1504
48144 # 1504
48145 # 1504
48147 # 1504
48158 # 1504
48158 # 1504
48158 # 1504
48158 # 1504
48158 # 1504
48158 # 1504
48161 # 1504
48162 # 1504
48164 # 1504
48165 # 1504
48168 # 1504
48169 # 1504
48173 # 1504
48175 # 1504
48176 # 1504
48178 # 1504
48180 # 1504
48182 # 1504
48182 # 1504
48184 # 1504
48185 # 1504
48186 # 1504
48187 # 1504
48196 # 1504
48198 # 1504
48198 # 1504
48198 # 1504
48198 # 1504
48198 # 1504
48207 # 1504
48207 # 1504
48207 # 1504
48207 # 1504
48208 # 1504
48210 # 1504
48212 # 1504
48214 # 1504
48216 # 1504
48218 # 1504
48219 # 1504
48221 # 1504
48223 # 1504
48225 # 1504
48226 # 1504
48235 # 1504
48235 # 1504
48235 # 1504
48236 # 1504
48236 # 1504
48238 # 1504
48239 # 1504
48241 # 1504
48243 # 1504
48246 # 1504
48247 # 1504
48248 # 1504
48250 # 1504
48251 # 1504
48253 # 1504
48254 # 1504
48256 # 1504
48265 # 1504
48265 # 1504
48265 # 1504
48265 # 1504
48266 # 1504
48274 # 1504
48274 # 1504
48274 # 1504
48274 # 1504
48275 # 1504
48276 # 1504
48277 # 1504
48279 # 1504
48281 # 1504
48282 # 1504
48284 # 1504
48285 # 1504
48286 # 1504
48288 # 1504
48290 # 1504
48291 # 1504
48293 # 1504
48294 # 1504
48295 # 1504
48305 # 1504
48308 # 1504
48309 # 1504
48310 # 1504
48310 # 1504
48315 # 1504
48316 # 1504
48319 # 1504
48319 # 1504
48319 # 1504
48319 # 1504
48320 # 1504
48321 # 1504
48325 # 1504
48326 # 1504
48327 # 1504
48329 # 1504
48340 # 1504
48340 # 1504
48340 # 1504
48344 # 1504
48344 # 1504
48344 # 1504
48345 # 1504
48345 # 1504
48355 # 1504
48365 # 1504
48365 # 1504
48365 # 1504
48365 # 1504
48365 # 1504
48365 # 1504
48366 # 1504
48366 # 1504
48366 # 1504
48367 # 1504
48368 # 1504
48372 # 1504
48372 # 1504
48386 # 1504
48386 # 1504
48389 # 1504
48390 # 1504
48393 # 1504
48395 # 1504
48397 # 1504
48398 # 1504
48410 # 1504
48410 # 1504
48410 # 1504
48415 # 1504
48418 # 1504
48420 # 1504
48423 # 1504
48427 # 1504
48433 # 1504
48436 # 1504
48438 # 1504
48442 # 1504
48443 # 1504
48444 # 1504
48446 # 1504
48457 # 1504
48457 # 1504
48457 # 1504
48457 # 1504
48458 # 1504
48460 # 1504
48461 # 1504
48463 # 1504
48467 # 1504
48468 # 1504
48469 # 1504
48472 # 1504
48474 # 1504
48476 # 1504
48477 # 1504
48490 # 1504
48490 # 1504
48490 # 1504
48497 # 1504
48502 # 1504
48502 # 1504
48503 # 1504
48505 # 1504
48508 # 1504
48511 # 1504
48514 # 1504
48518 # 1504
48527 # 1504
48527 # 1504
48528 # 1504
48532 # 1504
48536 # 1504
48538 # 1504
48542 # 1504
48545 # 1504
48548 # 1504
48551 # 1504
48555 # 1504
48558 # 1504
48562 # 1504
48566 # 1504
48567 # 1504
48573 # 1504
48575 # 1504
48577 # 1504
48580 # 1504
48584 # 1504
48587 # 1504
48589 # 1504
48593 # 1504
48598 # 1504
48599 # 1504
48604 # 1504
48605 # 1504
48609 # 1504
48612 # 1504
48616 # 1504
48620 # 1504
48622 # 1504
48626 # 1504
48629 # 1504
48632 # 1504
48637 # 1504
48639 # 1504
48643 # 1504
48644 # 1504
48647 # 1504
48648 # 1504
48650 # 1504
48652 # 1504
48654 # 1504
48656 # 1504
48659 # 1504
48660 # 1504
48662 # 1504
48664 # 1504
48666 # 1504
48668 # 1504
48669 # 1504
48671 # 1504
48674 # 1504
48675 # 1504
48676 # 1504
48679 # 1504
48684 # 1504
48684 # 1504
48686 # 1504
48687 # 1504
48696 # 1504
48697 # 1504
48698 # 1504
48698 # 1504
48700 # 1504
48701 # 1504
48702 # 1504
48704 # 1504
48705 # 1504
48715 # 1504
48715 # 1504
48719 # 1504
48719 # 1504
48719 # 1504
48725 # 1504
48725 # 1504
48725 # 1504
48732 # 1504
48737 # 1504
48741 # 1504
48741 # 1504
48741 # 1504
48743 # 1504
48746 # 1504
48749 # 1504
48752 # 1504
48757 # 1504
48760 # 1504
48762 # 1504
48764 # 1504
48766 # 1504
48769 # 1504
48771 # 1504
48771 # 1504
48773 # 1504
48775 # 1504
48776 # 1504
48778 # 1504
48780 # 1504
48782 # 1504
48784 # 1504
48786 # 1504
48787 # 1504
48789 # 1504
48791 # 1504
48794 # 1504
48796 # 1504
48798 # 1504
48800 # 1504
48802 # 1504
48804 # 1504
48805 # 1504
48807 # 1504
48808 # 1504
48810 # 1504
48819 # 1504
48819 # 1504
48819 # 1504
48819 # 1504
48819 # 1504
48830 # 1504
48830 # 1504
48830 # 1504
48830 # 1504
48830 # 1504
48832 # 1504
48841 # 1504
48842 # 1504
48844 # 1504
48844 # 1504
48844 # 1504
48849 # 1504
48854 # 1504
48856 # 1504
48857 # 1504
48859 # 1504
48860 # 1504
48867 # 1504
48867 # 1504
48867 # 1504
48870 # 1504
48870 # 1504
48872 # 1504
48874 # 1504
48878 # 1504
48887 # 1504
48889 # 1504
48889 # 1504
48889 # 1504
48894 # 1504
48896 # 1504
48899 # 1504
48902 # 1504
48905 # 1504
48909 # 1504
48912 # 1504
48913 # 1504
48916 # 1504
48919 # 1504
48921 # 1504
48923 # 1504
48925 # 1504
48927 # 1504
48928 # 1504
48930 # 1504
48933 # 1504
48933 # 1504
48935 # 1504
48937 # 1504
48940 # 1504
48941 # 1504
48942 # 1504
48944 # 1504
48945 # 1504
48948 # 1504
48949 # 1504
48951 # 1504
48962 # 1504
48962 # 1504
48962 # 1504
48962 # 1504
48966 # 1504
48968 # 1504
48972 # 1504
48974 # 1504
48977 # 1504
48979 # 1504
48983 # 1504
48984 # 1504
48986 # 1504
48988 # 1504
48990 # 1504
48991 # 1504
48994 # 1504
48996 # 1504
48997 # 1504
49000 # 1504
49003 # 1504
49004 # 1504
49006 # 1504
49008 # 1504
49011 # 1504
49011 # 1504
49014 # 1504
49016 # 1504
49018 # 1504
49019 # 1504
49021 # 1504
49024 # 1504
49026 # 1504
49027 # 1504
49029 # 1504
49033 # 1504
49035 # 1504
49036 # 1504
49038 # 1504
49040 # 1504
49043 # 1504
49054 # 1504
49055 # 1504
49060 # 1504
49060 # 1504
49072 # 1504
49072 # 1504
49073 # 1504
49076 # 1504
49076 # 1504
49076 # 1504
49076 # 1504
49077 # 1504
49078 # 1504
49080 # 1504
49082 # 1504
49083 # 1504
49085 # 1504
49087 # 1504
49090 # 1504
49090 # 1504
49094 # 1504
49096 # 1504
49097 # 1504
49099 # 1504
49111 # 1504
49111 # 1504
49111 # 1504
49111 # 1504
49111 # 1504
49113 # 1504
49114 # 1504
49116 # 1504
49118 # 1504
49121 # 1504
49121 # 1504
49123 # 1504
49125 # 1504
49127 # 1504
49128 # 1504
49130 # 1504
49132 # 1504
49134 # 1504
49137 # 1504
49138 # 1504
49140 # 1504
49143 # 1504
49144 # 1504
49145 # 1504
49147 # 1504
49148 # 1504
49151 # 1504
49152 # 1504
49153 # 1504
49154 # 1504
49156 # 1504
49157 # 1504
49160 # 1504
49160 # 1504
49162 # 1504
49163 # 1504
49165 # 1504
49166 # 1504
49168 # 1504
49169 # 1504
49179 # 1504
49179 # 1504
49182 # 1504
49182 # 1504
49182 # 1504
49190 # 1504
49190 # 1504
49190 # 1504
49190 # 1504
49190 # 1504
49192 # 1504
49193 # 1504
49215 # 1504
49215 # 1504
49215 # 1504
49215 # 1504
49225 # 1504
49225 # 1504
49225 # 1504
49225 # 1504
49226 # 1504
49226 # 1504
49226 # 1504
49226 # 1504
49229 # 1504
49232 # 1504
49234 # 1504
49237 # 1504
49241 # 1504
49242 # 1504
49246 # 1504
49249 # 1504
49252 # 1504
49254 # 1504
49256 # 1504
49259 # 1504
49262 # 1504
49264 # 1504
49268 # 1504
49270 # 1504
49273 # 1504
49275 # 1504
49285 # 1504
49285 # 1504
49285 # 1504
49295 # 1504
49295 # 1504
49295 # 1504
49295 # 1504
49295 # 1504
49296 # 1504
49298 # 1504
49307 # 1504
49307 # 1504
49307 # 1504
49307 # 1504
49309 # 1504
49309 # 1504
49311 # 1504
49321 # 1504
49321 # 1504
49326 # 1504
49326 # 1504
49327 # 1504
49329 # 1504
49332 # 1504
49348 # 1504
49348 # 1504
49348 # 1504
49348 # 1504
49348 # 1504
49348 # 1504
49348 # 1504
49349 # 1504
49351 # 1504
49352 # 1504
49365 # 1504
49365 # 1504
49365 # 1504
49365 # 1504
49366 # 1504
49366 # 1504
49367 # 1504
49368 # 1504
49370 # 1504
49379 # 1504
49379 # 1504
49379 # 1504
49380 # 1504
49380 # 1504
49380 # 1504
49390 # 1504
49390 # 1504
49390 # 1504
49390 # 1504
49391 # 1504
49401 # 1504
49401 # 1504
49401 # 1504
49401 # 1504
49403 # 1504
49404 # 1504
49406 # 1504
49408 # 1504
49411 # 1504
49412 # 1504
49417 # 1504
49419 # 1504
49421 # 1504
49422 # 1504
49426 # 1504
49427 # 1504
49429 # 1504
49430 # 1504
49432 # 1504
49434 # 1504
49435 # 1504
49437 # 1504
49440 # 1504
49441 # 1504
49450 # 1504
49450 # 1504
49450 # 1504
49451 # 1504
49451 # 1504
49460 # 1504
49460 # 1504
49460 # 1504
49460 # 1504
49460 # 1504
49460 # 1504
49462 # 1504
49464 # 1504
49474 # 1504
49476 # 1504
49476 # 1504
49476 # 1504
49481 # 1504
49481 # 1504
49482 # 1504
49484 # 1504
49485 # 1504
49488 # 1504
49489 # 1504
49490 # 1504
49494 # 1504
49497 # 1504
49498 # 1504
49499 # 1504
49501 # 1504
49504 # 1504
49506 # 1504
49507 # 1504
49509 # 1504
49514 # 1504
49516 # 1504
49518 # 1504
49519 # 1504
49521 # 1504
49522 # 1504
49524 # 1504
49526 # 1504
49528 # 1504
49528 # 1504
49530 # 1504
49531 # 1504
49533 # 1504
49535 # 1504
49536 # 1504
49537 # 1504
49547 # 1504
49547 # 1504
49548 # 1504
49548 # 1504
49548 # 1504
49548 # 1504
49549 # 1504
49552 # 1504
49552 # 1504
49564 # 1504
49564 # 1504
49565 # 1504
49565 # 1504
49565 # 1504
49571 # 1504
49571 # 1504
49571 # 1504
49572 # 1504
49580 # 1504
49582 # 1504
49584 # 1504
49584 # 1504
49584 # 1504
49594 # 1504
49594 # 1504
49605 # 1504
49605 # 1504
49605 # 1504
49605 # 1504
49610 # 1504
49610 # 1504
49624 # 1504
49624 # 1504
49636 # 1504
49636 # 1504
49638 # 1504
49638 # 1504
49638 # 1504
49638 # 1504
49638 # 1504
49638 # 1504
49651 # 1504
49652 # 1504
49652 # 1504
49655 # 1504
49655 # 1504
49656 # 1504
49657 # 1504
49659 # 1504
49670 # 1504
49670 # 1504
49671 # 1504
49671 # 1504
49672 # 1504
49685 # 1504
49685 # 1504
49685 # 1504
49687 # 1504
49688 # 1504
49697 # 1504
49703 # 1504
49710 # 1504
49716 # 1504
49724 # 1504
49730 # 1504
49737 # 1504
49747 # 1504
49751 # 1504
49758 # 1504
49764 # 1504
49772 # 1504
49779 # 1504
49785 # 1504
49792 # 1504
49800 # 1504
49807 # 1504
49812 # 1504
49820 # 1504
49827 # 1504
49833 # 1504
49840 # 1504
49847 # 1504
49854 # 1504
49863 # 1504
49865 # 1504
49870 # 1504
49872 # 1504
49875 # 1504
49879 # 1504
49883 # 1504
49889 # 1504
49895 # 1504
49902 # 1504
49907 # 1504
49916 # 1504
49921 # 1504
49926 # 1504
49928 # 1504
49932 # 1504
49937 # 1504
49941 # 1504
49944 # 1504
49948 # 1504
49952 # 1504
49959 # 1504
49962 # 1504
49965 # 1504
49968 # 1504
49973 # 1504
49976 # 1504
49981 # 1504
49985 # 1504
49989 # 1504
49992 # 1504
49997 # 1504
50000 # 1504
50003 # 1504
50007 # 1504
50018 # 1504
50018 # 1504
50020 # 1504
50021 # 1504
50023 # 1504
50035 # 1504
50037 # 1504
50039 # 1504
50039 # 1504
50040 # 1504
50044 # 1504
50048 # 1504
50051 # 1504
50055 # 1504
50058 # 1504
50062 # 1504
50066 # 1504
50070 # 1504
50074 # 1504
50077 # 1504
50081 # 1504
50087 # 1504
50090 # 1504
50093 # 1504
50096 # 1504
50099 # 1504
50103 # 1504
50106 # 1504
50109 # 1504
50114 # 1504
50116 # 1504
50119 # 1504
50123 # 1504
50127 # 1504
50130 # 1504
50135 # 1504
50139 # 1504
50142 # 1504
50146 # 1504
50149 # 1504
50152 # 1504
50156 # 1504
50160 # 1504
50163 # 1504
50167 # 1504
50171 # 1504
50174 # 1504
50184 # 1504
50190 # 1504
50190 # 1504
50194 # 1504
50198 # 1504
50201 # 1504
50204 # 1504
50209 # 1504
50213 # 1504
50217 # 1504
50222 # 1504
50226 # 1504
50230 # 1504
50233 # 1504
50236 # 1504
50240 # 1504
50243 # 1504
50246 # 1504
50250 # 1504
50253 # 1504
50256 # 1504
50260 # 1504
50263 # 1504
50266 # 1504
50270 # 1504
50273 # 1504
50276 # 1504
50280 # 1504
50283 # 1504
50286 # 1504
50291 # 1504
50295 # 1504
50298 # 1504
50302 # 1504
50305 # 1504
50308 # 1504
50312 # 1504
50315 # 1504
50319 # 1504
50324 # 1504
50327 # 1504
50330 # 1504
50334 # 1504
50337 # 1504
50340 # 1504
50345 # 1504
50349 # 1504
50351 # 1504
50355 # 1504
50358 # 1504
50361 # 1504
50365 # 1504
50368 # 1504
50371 # 1504
50375 # 1504
50378 # 1504
50381 # 1504
50385 # 1504
50388 # 1504
50391 # 1504
50395 # 1504
50398 # 1504
50401 # 1504
50405 # 1504
50408 # 1504
50411 # 1504
50416 # 1504
50419 # 1504
50422 # 1504
50427 # 1504
50430 # 1504
50434 # 1504
50437 # 1504
50440 # 1504
50443 # 1504
50447 # 1504
50450 # 1504
50454 # 1504
50457 # 1504
50461 # 1504
50465 # 1504
50468 # 1504
50473 # 1504
50475 # 1504
50479 # 1504
50482 # 1504
50485 # 1504
50488 # 1504
50494 # 1504
50497 # 1504
50502 # 1504
50512 # 1504
50512 # 1504
50513 # 1504
50518 # 1504
50522 # 1504
50527 # 1504
50528 # 1504
50531 # 1504
50536 # 1504
50538 # 1504
50543 # 1504
50546 # 1504
50549 # 1504
50553 # 1504
50557 # 1504
50560 # 1504
50562 # 1504
50566 # 1504
50567 # 1504
50569 # 1504
50571 # 1504
50574 # 1504
50575 # 1504
50577 # 1504
50579 # 1504
50583 # 1504
50584 # 1504
50586 # 1504
50588 # 1504
50590 # 1504
50592 # 1504
50594 # 1504
50596 # 1504
50598 # 1504
50600 # 1504
50604 # 1504
50605 # 1504
50607 # 1504
50609 # 1504
50612 # 1504
50614 # 1504
50615 # 1504
50626 # 1504
50630 # 1504
50631 # 1504
50631 # 1504
50636 # 1504
50639 # 1504
50643 # 1504
50652 # 1504
50654 # 1504
50654 # 1504
50654 # 1504
50655 # 1504
50657 # 1504
50660 # 1504
50661 # 1504
50666 # 1504
50670 # 1504
50673 # 1504
50677 # 1504
50683 # 1504
50706 # 1504
50707 # 1504
50709 # 1504
50711 # 1504
50715 # 1504
50717 # 1504
50719 # 1504
50722 # 1504
50726 # 1504
50731 # 1504
50734 # 1504
50737 # 1504
50742 # 1504
50744 # 1504
50746 # 1504
50756 # 1504
50760 # 1504
50760 # 1504
50760 # 1504
50760 # 1504
50760 # 1504
50765 # 1504
50774 # 1504
50777 # 1504
50779 # 1504
50795 # 1504
50795 # 1504
50795 # 1504
50798 # 1504
50842 # 1504
50854 # 1504
50861 # 1504
50869 # 1504
50886 # 1504
50892 # 1504
50896 # 1504
50899 # 1504
50906 # 1504
50911 # 1504
50916 # 1504
50922 # 1504
50925 # 1504
50929 # 1504
50933 # 1504
50936 # 1504
50941 # 1504
50943 # 1504
50946 # 1504
50951 # 1504
50954 # 1504
50957 # 1504
50964 # 1504
50967 # 1504
50972 # 1504
50975 # 1504
50980 # 1504
50985 # 1504
50992 # 1504
50997 # 1504
51004 # 1504
51010 # 1504
51016 # 1504
51021 # 1504
51027 # 1504
51040 # 1504
51040 # 1504
51043 # 1504
51045 # 1504
51048 # 1504
51051 # 1504
51055 # 1504
51058 # 1504
51062 # 1504
51067 # 1504
51070 # 1504
51079 # 1504
51079 # 1504
51082 # 1504
51086 # 1504
51091 # 1504
51102 # 1504
51107 # 1504
51110 # 1504
51113 # 1504
51116 # 1504
51119 # 1504
51122 # 1504
51125 # 1504
51128 # 1504
51131 # 1504
51134 # 1504
51136 # 1504
51140 # 1504
51143 # 1504
51147 # 1504
51150 # 1504
51153 # 1504
51165 # 1504
51167 # 1504
51168 # 1504
51172 # 1504
51185 # 1504
51187 # 1504
51187 # 1504
51188 # 1504
51191 # 1504
51194 # 1504
51196 # 1504
51199 # 1504
51202 # 1504
51206 # 1504
51208 # 1504
51212 # 1504
51215 # 1504
51218 # 1504
51221 # 1504
51223 # 1504
51227 # 1504
51230 # 1504
51234 # 1504
51238 # 1504
51247 # 1504
51247 # 1504
51247 # 1504
51250 # 1504
51255 # 1504
51258 # 1504
51262 # 1504
51266 # 1504
51269 # 1504
51272 # 1504
51276 # 1504
51287 # 1504
51287 # 1504
51295 # 1504
51295 # 1504
51296 # 1504
51299 # 1504
51301 # 1504
51304 # 1504
51307 # 1504
51311 # 1504
51318 # 1504
51322 # 1504
51327 # 1504
51331 # 1504
51333 # 1504
51336 # 1504
51339 # 1504
51342 # 1504
51346 # 1504
51348 # 1504
51351 # 1504
51355 # 1504
51357 # 1504
51359 # 1504
51365 # 1504
51368 # 1504
51371 # 1504
51374 # 1504
51377 # 1504
51380 # 1504
51390 # 1504
51394 # 1504
51394 # 1504
51394 # 1504
51402 # 1504
51405 # 1504
51414 # 1504
51415 # 1504
51415 # 1504
51415 # 1504
51415 # 1504
51418 # 1504
51419 # 1504
51423 # 1504
51427 # 1504
51430 # 1504
51433 # 1504
51435 # 1504
51438 # 1504
51441 # 1504
51443 # 1504
51445 # 1504
51447 # 1504
51449 # 1504
51451 # 1504
51452 # 1504
51454 # 1504
51457 # 1504
51458 # 1504
51459 # 1504
51461 # 1504
51465 # 1504
51467 # 1504
51470 # 1504
51473 # 1504
51475 # 1504
51479 # 1504
51485 # 1504
51494 # 1504
51505 # 1504
51515 # 1504
51522 # 1504
51532 # 1504
51539 # 1504
51540 # 1504
51544 # 1504
51545 # 1504
51547 # 1504
51551 # 1504
51553 # 1504
51557 # 1504
51559 # 1504
51561 # 1504
51565 # 1504
51568 # 1504
51574 # 1504
51582 # 1504
51584 # 1504
51586 # 1504
51591 # 1504
51592 # 1504
51595 # 1504
51599 # 1504
51602 # 1504
51606 # 1504
51608 # 1504
51613 # 1504
51615 # 1504
51627 # 1504
51630 # 1504
51635 # 1504
51637 # 1504
51640 # 1504
51644 # 1504
51646 # 1504
51649 # 1504
51654 # 1504
51660 # 1504
51663 # 1504
51665 # 1504
51668 # 1504
51671 # 1504
51674 # 1504
51677 # 1504
51679 # 1504
51683 # 1504
51684 # 1504
51686 # 1504
51688 # 1504
51690 # 1504
51692 # 1504
51693 # 1504
51696 # 1504
51697 # 1504
51700 # 1504
51701 # 1504
51703 # 1504
51705 # 1504
51707 # 1504
51708 # 1504
51710 # 1504
51711 # 1504
51715 # 1504
51716 # 1504
51717 # 1504
51719 # 1504
51721 # 1504
51722 # 1504
51724 # 1504
51725 # 1504
51727 # 1504
51729 # 1504
51730 # 1504
51731 # 1504
51735 # 1504
51736 # 1504
51738 # 1504
51739 # 1504
51749 # 1504
51749 # 1504
51751 # 1504
51751 # 1504
51751 # 1504
51751 # 1504
51762 # 1504
51762 # 1504
51764 # 1504
51764 # 1504
51764 # 1504
51765 # 1504
51766 # 1504
51777 # 1504
51777 # 1504
51777 # 1504
51778 # 1504
51778 # 1504
51778 # 1504
51778 # 1504
51779 # 1504
51781 # 1504
51782 # 1504
51784 # 1504
51794 # 1504
51796 # 1504
51796 # 1504
51796 # 1504
51799 # 1504
51799 # 1504
51800 # 1504
51810 # 1504
51811 # 1504
51812 # 1504
51815 # 1504
51815 # 1504
51815 # 1504
51816 # 1504
51818 # 1504
51819 # 1504
51821 # 1504
51823 # 1504
51824 # 1504
51825 # 1504
51827 # 1504
51828 # 1504
51830 # 1504
51831 # 1504
51833 # 1504
51834 # 1504
51836 # 1504
51837 # 1504
51839 # 1504
51841 # 1504
51844 # 1504
51847 # 1504
51850 # 1504
51852 # 1504
51856 # 1504
51858 # 1504
51861 # 1504
51870 # 1504
51872 # 1504
51874 # 1504
51877 # 1504
51877 # 1504
51877 # 1504
51884 # 1504
51884 # 1504
51887 # 1504
51887 # 1504
51895 # 1504
51895 # 1504
51895 # 1504
51895 # 1504
51895 # 1504
51904 # 1504
51904 # 1504
51905 # 1504
51905 # 1504
51905 # 1504
51906 # 1504
51910 # 1504
51911 # 1504
51912 # 1504
51914 # 1504
51916 # 1504
51917 # 1504
51919 # 1504
51920 # 1504
51924 # 1504
51928 # 1504
51932 # 1504
51936 # 1504
51940 # 1504
51945 # 1504
51949 # 1504
51954 # 1504
51959 # 1504
51964 # 1504
51966 # 1504
51969 # 1504
51972 # 1504
51975 # 1504
51977 # 1504
51981 # 1504
51983 # 1504
51987 # 1504
51989 # 1504
51993 # 1504
51996 # 1504
52000 # 1504
52002 # 1504
52004 # 1504
52005 # 1504
52009 # 1504
52011 # 1504
52013 # 1504
52015 # 1504
52018 # 1504
52020 # 1504
52020 # 1504
52022 # 1504
52023 # 1504
52035 # 1504
52035 # 1504
52035 # 1504
52036 # 1504
52036 # 1504
52045 # 1504
52045 # 1504
52045 # 1504
52048 # 1504
52051 # 1504
52055 # 1504
52058 # 1504
52060 # 1504
52066 # 1504
52067 # 1504
52070 # 1504
52074 # 1504
52076 # 1504
52079 # 1504
52083 # 1504
52085 # 1504
52087 # 1504
52090 # 1504
52094 # 1504
52097 # 1504
52099 # 1504
52103 # 1504
52106 # 1504
52109 # 1504
52113 # 1504
52116 # 1504
52119 # 1504
52121 # 1504
52123 # 1504
52125 # 1504
52126 # 1504
52128 # 1504
52130 # 1504
52131 # 1504
52134 # 1504
52136 # 1504
52138 # 1504
52139 # 1504
52144 # 1504
52146 # 1504
52148 # 1504
52151 # 1504
52154 # 1504
52156 # 1504
52158 # 1504
52161 # 1504
52162 # 1504
52171 # 1504
52171 # 1504
52176 # 1504
52176 # 1504
52176 # 1504
52176 # 1504
52186 # 1504
52186 # 1504
52187 # 1504
52190 # 1504
52190 # 1504
52192 # 1504
52196 # 1504
52199 # 1504
52203 # 1504
52208 # 1504
52212 # 1504
52219 # 1504
52223 # 1504
52227 # 1504
52232 # 1504
52237 # 1504
52242 # 1504
52244 # 1504
52246 # 1504
52249 # 1504
52252 # 1504
52256 # 1504
52259 # 1504
52262 # 1504
52263 # 1504
52265 # 1504
52266 # 1504
52269 # 1504
52270 # 1504
52271 # 1504
52273 # 1504
52276 # 1504
52277 # 1504
52278 # 1504
52280 # 1504
52281 # 1504
52291 # 1504
52295 # 1504
52295 # 1504
52296 # 1504
52296 # 1504
52297 # 1504
52298 # 1504
52309 # 1504
52309 # 1504
52309 # 1504
52309 # 1504
52314 # 1504
52314 # 1504
52314 # 1504
52324 # 1504
52325 # 1504
52325 # 1504
52325 # 1504
52325 # 1504
52328 # 1504
52330 # 1504
52333 # 1504
52336 # 1504
52339 # 1504
52341 # 1504
52343 # 1504
52345 # 1504
52346 # 1504
52348 # 1504
52350 # 1504
52351 # 1504
52354 # 1504
52355 # 1504
52357 # 1504
52358 # 1504
52360 # 1504
52363 # 1504
52375 # 1504
52377 # 1504
52377 # 1504
52379 # 1504
52379 # 1504
52379 # 1504
52380 # 1504
52382 # 1504
52383 # 1504
52385 # 1504
52386 # 1504
52396 # 1504
52397 # 1504
52400 # 1504
52400 # 1504
52400 # 1504
52400 # 1504
52402 # 1504
52404 # 1504
52405 # 1504
52407 # 1504
52409 # 1504
52410 # 1504
52412 # 1504
52414 # 1504
52416 # 1504
52417 # 1504
52419 # 1504
52430 # 1504
52430 # 1504
52434 # 1504
52435 # 1504
52440 # 1504
52441 # 1504
52445 # 1504
52450 # 1504
52450 # 1504
52451 # 1504
52460 # 1504
52460 # 1504
52466 # 1504
52470 # 1504
52476 # 1504
52480 # 1504
52485 # 1504
52489 # 1504
52493 # 1504
52497 # 1504
52505 # 1504
52509 # 1504
52513 # 1504
52518 # 1504
52522 # 1504
52526 # 1504
52528 # 1504
52530 # 1504
52535 # 1504
52536 # 1504
52539 # 1504
52543 # 1504
52545 # 1504
52547 # 1504
52552 # 1504
52557 # 1504
52560 # 1504
52562 # 1504
52566 # 1504
52568 # 1504
52571 # 1504
52574 # 1504
52576 # 1504
52579 # 1504
52583 # 1504
52585 # 1504
52588 # 1504
52591 # 1504
52594 # 1504
52596 # 1504
52599 # 1504
52604 # 1504
52606 # 1504
52609 # 1504
52612 # 1504
52615 # 1504
52618 # 1504
52620 # 1504
52623 # 1504
52626 # 1504
52629 # 1504
52632 # 1504
52635 # 1504
52638 # 1504
52641 # 1504
52644 # 1504
52646 # 1504
52649 # 1504
52652 # 1504
52655 # 1504
52657 # 1504
52660 # 1504
52663 # 1504
52667 # 1504
52670 # 1504
52673 # 1504
52676 # 1504
52680 # 1504
52682 # 1504
52684 # 1504
52686 # 1504
52687 # 1504
52689 # 1504
52692 # 1504
52694 # 1504
52696 # 1504
52698 # 1504
52700 # 1504
52702 # 1504
52704 # 1504
52705 # 1504
52707 # 1504
52709 # 1504
52711 # 1504
52712 # 1504
52715 # 1504
52716 # 1504
52718 # 1504
52720 # 1504
52722 # 1504
52723 # 1504
52725 # 1504
52727 # 1504
52730 # 1504
52730 # 1504
52736 # 1504
52738 # 1504
52738 # 1504
52740 # 1504
52743 # 1504
52744 # 1504
52746 # 1504
52749 # 1504
52749 # 1504
52752 # 1504
52753 # 1504
52754 # 1504
52755 # 1504
52766 # 1504
52766 # 1504
52766 # 1504
52767 # 1504
52767 # 1504
52777 # 1504
52777 # 1504
52777 # 1504
52777 # 1504
52780 # 1504
52789 # 1504
52792 # 1504
52794 # 1504
52795 # 1504
52796 # 1504
52802 # 1504
52808 # 1504
52809 # 1504
52809 # 1504
52816 # 1504
52819 # 1504
52823 # 1504
52827 # 1504
52835 # 1504
52839 # 1504
52843 # 1504
52847 # 1504
52851 # 1504
52856 # 1504
52862 # 1504
52866 # 1504
52870 # 1504
52876 # 1504
52882 # 1504
52888 # 1504
52892 # 1504
52896 # 1504
52902 # 1504
52905 # 1504
52909 # 1504
52915 # 1504
52919 # 1504
52923 # 1504
52929 # 1504
52933 # 1504
52938 # 1504
52942 # 1504
52946 # 1504
52951 # 1504
52954 # 1504
52957 # 1504
52961 # 1504
52963 # 1504
52965 # 1504
52968 # 1504
52970 # 1504
52972 # 1504
52975 # 1504
52977 # 1504
52979 # 1504
52982 # 1504
52984 # 1504
52987 # 1504
52989 # 1504
52991 # 1504
52993 # 1504
52997 # 1504
52998 # 1504
53001 # 1504
53003 # 1504
53005 # 1504
53006 # 1504
53008 # 1504
53010 # 1504
53012 # 1504
53014 # 1504
53016 # 1504
53019 # 1504
53020 # 1504
53021 # 1504
53023 # 1504
53026 # 1504
53028 # 1504
53028 # 1504
53030 # 1504
53032 # 1504
53034 # 1504
53036 # 1504
53037 # 1504
53039 # 1504
53040 # 1504
53043 # 1504
53043 # 1504
53045 # 1504
53046 # 1504
53048 # 1504
53050 # 1504
53051 # 1504
53052 # 1504
53057 # 1504
53057 # 1504
53067 # 1504
53067 # 1504
53071 # 1504
53074 # 1504
53074 # 1504
53074 # 1504
53074 # 1504
53082 # 1504
53082 # 1504
53082 # 1504
53082 # 1504
53082 # 1504
53083 # 1504
53085 # 1504
53086 # 1504
53088 # 1504
53090 # 1504
53091 # 1504
53092 # 1504
53094 # 1504
53096 # 1504
53097 # 1504
53099 # 1504
53100 # 1504
53102 # 1504
53104 # 1504
53105 # 1504
53106 # 1504
53108 # 1504
53109 # 1504
53112 # 1504
53114 # 1504
53115 # 1504
53116 # 1504
53118 # 1504
53121 # 1504
53129 # 1504
53131 # 1504
53131 # 1504
53135 # 1504
53135 # 1504
53135 # 1504
53135 # 1504
53143 # 1504
53144 # 1504
53145 # 1504
53146 # 1504
53149 # 1504
53151 # 1504
53151 # 1504
53151 # 1504
53154 # 1504
53156 # 1504
53157 # 1504
53159 # 1504
53161 # 1504
53163 # 1504
53166 # 1504
53169 # 1504
53170 # 1504
53174 # 1504
53176 # 1504
53178 # 1504
53182 # 1504
53183 # 1504
53185 # 1504
53187 # 1504
53191 # 1504
53194 # 1504
53196 # 1504
53199 # 1504
53201 # 1504
53203 # 1504
53204 # 1504
53207 # 1504
53208 # 1504
53211 # 1504
53213 # 1504
53217 # 1504
53217 # 1504
53219 # 1504
53222 # 1504
53222 # 1504
53224 # 1504
53225 # 1504
53229 # 1504
53230 # 1504
53231 # 1504
53232 # 1504
53234 # 1504
53255 # 1504
53255 # 1504
53255 # 1504
53255 # 1504
53255 # 1504
53255 # 1504
53255 # 1504
53255 # 1504
53257 # 1504
53258 # 1504
53260 # 1504
53261 # 1504
53264 # 1504
53265 # 1504
53267 # 1504
53268 # 1504
53270 # 1504
53271 # 1504
53273 # 1504
53274 # 1504
53276 # 1504
53277 # 1504
53280 # 1504
53281 # 1504
53284 # 1504
53286 # 1504
53287 # 1504
53289 # 1504
53291 # 1504
53293 # 1504
53295 # 1504
53296 # 1504
53298 # 1504
53308 # 1504
53308 # 1504
53308 # 1504
53308 # 1504
53308 # 1504
53310 # 1504
53310 # 1504
53312 # 1504
53315 # 1504
53316 # 1504
53317 # 1504
53319 # 1504
53320 # 1504
53323 # 1504
53324 # 1504
53326 # 1504
53327 # 1504
53330 # 1504
53332 # 1504
53334 # 1504
53335 # 1504
53337 # 1504
53340 # 1504
53340 # 1504
53343 # 1504
53344 # 1504
53347 # 1504
53347 # 1504
53349 # 1504
53350 # 1504
53352 # 1504
53354 # 1504
53355 # 1504
53356 # 1504
53358 # 1504
53359 # 1504
53369 # 1504
53371 # 1504
53374 # 1504
53375 # 1504
53376 # 1504
53377 # 1504
53378 # 1504
53379 # 1504
53382 # 1504
53384 # 1504
53386 # 1504
53388 # 1504
53390 # 1504
53393 # 1504
53395 # 1504
53397 # 1504
53399 # 1504
53402 # 1504
53403 # 1504
53405 # 1504
53407 # 1504
53408 # 1504
53410 # 1504
53412 # 1504
53414 # 1504
53417 # 1504
53418 # 1504
53420 # 1504
53421 # 1504
53423 # 1504
53426 # 1504
53428 # 1504
53430 # 1504
53432 # 1504
53434 # 1504
53444 # 1504
53445 # 1504
53445 # 1504
53445 # 1504
53445 # 1504
53447 # 1504
53449 # 1504
53451 # 1504
53460 # 1504
53460 # 1504
53464 # 1504
53465 # 1504
53465 # 1504
53466 # 1504
53468 # 1504
53470 # 1504
53474 # 1504
53476 # 1504
53479 # 1504
53482 # 1504
53482 # 1504
53484 # 1504
53487 # 1504
53489 # 1504
53490 # 1504
53491 # 1504
53494 # 1504
53496 # 1504
53497 # 1504
53499 # 1504
53501 # 1504
53502 # 1504
53505 # 1504
53506 # 1504
53516 # 1504
53516 # 1504
53516 # 1504
53516 # 1504
53526 # 1504
53526 # 1504
53526 # 1504
53526 # 1504
53526 # 1504
53527 # 1504
53529 # 1504
53530 # 1504
53540 # 1504
53540 # 1504
53540 # 1504
53540 # 1504
53542 # 1504
53552 # 1504
53552 # 1504
53552 # 1504
53552 # 1504
53552 # 1504
53554 # 1504
53555 # 1504
53556 # 1504
53558 # 1504
53559 # 1504
53561 # 1504
53562 # 1504
53565 # 1504
53565 # 1504
53567 # 1504
53569 # 1504
53570 # 1504
53571 # 1504
53573 # 1504
53575 # 1504
53576 # 1504
53578 # 1504
53579 # 1504
53582 # 1504
53582 # 1504
53594 # 1504
53595 # 1504
53597 # 1504
53597 # 1504
53597 # 1504
53597 # 1504
53599 # 1504
53600 # 1504
53602 # 1504
53604 # 1504
53605 # 1504
53606 # 1504
53608 # 1504
53617 # 1504
53617 # 1504
53617 # 1504
53617 # 1504
53627 # 1504
53627 # 1504
53627 # 1504
53627 # 1504
53631 # 1504
53631 # 1504
53631 # 1504
53631 # 1504
53640 # 1504
53640 # 1504
53640 # 1504
53640 # 1504
53641 # 1504
53642 # 1504
53643 # 1504
53654 # 1504
53654 # 1504
53654 # 1504
53655 # 1504
53655 # 1504
53655 # 1504
53656 # 1504
53657 # 1504
53659 # 1504
53660 # 1504
53662 # 1504
53663 # 1504
53665 # 1504
53667 # 1504
53679 # 1504
53682 # 1504
53683 # 1504
53683 # 1504
53683 # 1504
53683 # 1504
53694 # 1504
53705 # 1504
53705 # 1504
53705 # 1504
53711 # 1504
53711 # 1504
53711 # 1504
53711 # 1504
53712 # 1504
53714 # 1504
53717 # 1504
53719 # 1504
53722 # 1504
53726 # 1504
53729 # 1504
53730 # 1504
53735 # 1504
53737 # 1504
53739 # 1504
53743 # 1504
53745 # 1504
53748 # 1504
53750 # 1504
53754 # 1504
53756 # 1504
53759 # 1504
53761 # 1504
53764 # 1504
53766 # 1504
53768 # 1504
53769 # 1504
53773 # 1504
53775 # 1504
53777 # 1504
53778 # 1504
53781 # 1504
53783 # 1504
53786 # 1504
53786 # 1504
53788 # 1504
53790 # 1504
53791 # 1504
53793 # 1504
53795 # 1504
53797 # 1504
53798 # 1504
53800 # 1504
53802 # 1504
53803 # 1504
53805 # 1504
53816 # 1504
53824 # 1504
53824 # 1504
53825 # 1504
53825 # 1504
53825 # 1504
53825 # 1504
53834 # 1504
53835 # 1504
53837 # 1504
53837 # 1504
53841 # 1504
53841 # 1504
53846 # 1504
53846 # 1504
53848 # 1504
53849 # 1504
53851 # 1504
53854 # 1504
53856 # 1504
53858 # 1504
53862 # 1504
53863 # 1504
53865 # 1504
53868 # 1504
53871 # 1504
53872 # 1504
53875 # 1504
53878 # 1504
53880 # 1504
53889 # 1504
53889 # 1504
53895 # 1504
53895 # 1504
53895 # 1504
53895 # 1504
53896 # 1504
53897 # 1504
53908 # 1504
53910 # 1504
53914 # 1504
53914 # 1504
53914 # 1504
53914 # 1504
53916 # 1504
53925 # 1504
53929 # 1504
53929 # 1504
53929 # 1504
53932 # 1504
53936 # 1504
53941 # 1504
53942 # 1504
53944 # 1504
53948 # 1504
53950 # 1504
53952 # 1504
53955 # 1504
53957 # 1504
53959 # 1504
53961 # 1504
53963 # 1504
53965 # 1504
53967 # 1504
53968 # 1504
53970 # 1504
53973 # 1504
53975 # 1504
53976 # 1504
53979 # 1504
53980 # 1504
53982 # 1504
53983 # 1504
53985 # 1504
53988 # 1504
53989 # 1504
53990 # 1504
53992 # 1504
53994 # 1504
53996 # 1504
53997 # 1504
53999 # 1504
54001 # 1504
54003 # 1504
54005 # 1504
54006 # 1504
54008 # 1504
54009 # 1504
54012 # 1504
54012 # 1504
54015 # 1504
54016 # 1504
54018 # 1504
54020 # 1504
54022 # 1504
54023 # 1504
54026 # 1504
54027 # 1504
54029 # 1504
54031 # 1504
54032 # 1504
54035 # 1504
54036 # 1504
54038 # 1504
54039 # 1504
54041 # 1504
54044 # 1504
54045 # 1504
54047 # 1504
54048 # 1504
54050 # 1504
54052 # 1504
54057 # 1504
54057 # 1504
54059 # 1504
54060 # 1504
54063 # 1504
54066 # 1504
54066 # 1504
54067 # 1504
54069 # 1504
54071 # 1504
54072 # 1504
54075 # 1504
54077 # 1504
54079 # 1504
54080 # 1504
54089 # 1504
54091 # 1504
54091 # 1504
54094 # 1504
54095 # 1504
54101 # 1504
54105 # 1504
54107 # 1504
54107 # 1504
54109 # 1504
54109 # 1504
54109 # 1504
54112 # 1504
54113 # 1504
54115 # 1504
54117 # 1504
54119 # 1504
54121 # 1504
54124 # 1504
54127 # 1504
54132 # 1504
54136 # 1504
54140 # 1504
54143 # 1504
54147 # 1504
54151 # 1504
54154 # 1504
54157 # 1504
54162 # 1504
54162 # 1504
54165 # 1504
54168 # 1504
54171 # 1504
54174 # 1504
54186 # 1504
54187 # 1504
54190 # 1504
54190 # 1504
54192 # 1504
54192 # 1504
54194 # 1504
54206 # 1504
54208 # 1504
54208 # 1504
54209 # 1504
54209 # 1504
54209 # 1504
54212 # 1504
54214 # 1504
54216 # 1504
54218 # 1504
54220 # 1504
54222 # 1504
54224 # 1504
54228 # 1504
54230 # 1504
54235 # 1504
54237 # 1504
54239 # 1504
54241 # 1504
54254 # 1504
54256 # 1504
54256 # 1504
54256 # 1504
54258 # 1504
54262 # 1504
54265 # 1504
54269 # 1504
54272 # 1504
54276 # 1504
54280 # 1504
54285 # 1504
54288 # 1504
54292 # 1504
54297 # 1504
54301 # 1504
54305 # 1504
54309 # 1504
54311 # 1504
54316 # 1504
54319 # 1504
54321 # 1504
54332 # 1504
54344 # 1504
54345 # 1504
54421 # 1504
54421 # 1504
54426 # 1504
54426 # 1504
54427 # 1504
54427 # 1504
54427 # 1504
54428 # 1504
54428 # 1504
54428 # 1504
54428 # 1504
54428 # 1504
54428 # 1504
54428 # 1504
54428 # 1504
54429 # 1504
54435 # 1504
54442 # 1504
54446 # 1504
54451 # 1504
54455 # 1504
54458 # 1504
54465 # 1504
54469 # 1504
54474 # 1504
54478 # 1504
54482 # 1504
54485 # 1504
54488 # 1504
54489 # 1504
54491 # 1504
54494 # 1504
54497 # 1504
54499 # 1504
54510 # 1504
54510 # 1504
54514 # 1504
54521 # 1504
54526 # 1504
54529 # 1504
54534 # 1504
54537 # 1504
54540 # 1504
54545 # 1504
54547 # 1504
54550 # 1504
54554 # 1504
54557 # 1504
54560 # 1504
54563 # 1504
54565 # 1504
54567 # 1504
54570 # 1504
54572 # 1504
54574 # 1504
54576 # 1504
54579 # 1504
54581 # 1504
54591 # 1504
54592 # 1504
54594 # 1504
54595 # 1504
54595 # 1504
54596 # 1504
54598 # 1504
54607 # 1504
54609 # 1504
54610 # 1504
54615 # 1504
54615 # 1504
54615 # 1504
54626 # 1504
54626 # 1504
54628 # 1504
54630 # 1504
54632 # 1504
54633 # 1504
54636 # 1504
54638 # 1504
54640 # 1504
54643 # 1504
54649 # 1504
54654 # 1504
54660 # 1504
54665 # 1504
54671 # 1504
54676 # 1504
54684 # 1504
54690 # 1504
54696 # 1504
54702 # 1504
54708 # 1504
54713 # 1504
54719 # 1504
54725 # 1504
54728 # 1504
54732 # 1504
54735 # 1504
54738 # 1504
54741 # 1504
54746 # 1504
54748 # 1504
54752 # 1504
54756 # 1504
54760 # 1504
54762 # 1504
54765 # 1504
54768 # 1504
54787 # 1504
54793 # 1504
54793 # 1504
54793 # 1504
54793 # 1504
54793 # 1504
54794 # 1504
54798 # 1504
54801 # 1504
54805 # 1504
54808 # 1504
54811 # 1504
54820 # 1504
54824 # 1504
54826 # 1504
54831 # 1504
54833 # 1504
54836 # 1504
54841 # 1504
54842 # 1504
54845 # 1504
54847 # 1504
54849 # 1504
54852 # 1504
54855 # 1504
54856 # 1504
54859 # 1504
54862 # 1504
54863 # 1504
54866 # 1504
54868 # 1504
54870 # 1504
54873 # 1504
54875 # 1504
54877 # 1504
54882 # 1504
54885 # 1504
54887 # 1504
54889 # 1504
54892 # 1504
54911 # 1504
54911 # 1504
54915 # 1504
54915 # 1504
54921 # 1504
54923 # 1504
54925 # 1504
54929 # 1504
54935 # 1504
54941 # 1504
54952 # 1504
54955 # 1504
54961 # 1504
54961 # 1504
54961 # 1504
54966 # 1504
54968 # 1504
54975 # 1504
54980 # 1504
54985 # 1504
54991 # 1504
54996 # 1504
55003 # 1504
55007 # 1504
55014 # 1504
55019 # 1504
55027 # 1504
55032 # 1504
55037 # 1504
55050 # 1504
55050 # 1504
55050 # 1504
55054 # 1504
55057 # 1504
55060 # 1504
55065 # 1504
55070 # 1504
55072 # 1504
55076 # 1504
55077 # 1504
55079 # 1504
55083 # 1504
55085 # 1504
55087 # 1504
55090 # 1504
55092 # 1504
55096 # 1504
55098 # 1504
55101 # 1504
55104 # 1504
55106 # 1504
55109 # 1504
55120 # 1504
55126 # 1504
55130 # 1504
55130 # 1504
55130 # 1504
55131 # 1504
55138 # 1504
55145 # 1504
55145 # 1504
55149 # 1504
55152 # 1504
55156 # 1504
55158 # 1504
55160 # 1504
55163 # 1504
55165 # 1504
55168 # 1504
55169 # 1504
55176 # 1504
55182 # 1504
55185 # 1504
55187 # 1504
55190 # 1504
55192 # 1504
55193 # 1504
55199 # 1504
55216 # 1504
55216 # 1504
55217 # 1504
55228 # 1504
55228 # 1504
55234 # 1504
55235 # 1504
55235 # 1504
55235 # 1504
55237 # 1504
55246 # 1504
55246 # 1504
55246 # 1504
55247 # 1504
55247 # 1504
55249 # 1504
55259 # 1504
55262 # 1504
55265 # 1504
55265 # 1504
55265 # 1504
55269 # 1504
55272 # 1504
55274 # 1504
55277 # 1504
55278 # 1504
55285 # 1504
55289 # 1504
55299 # 1504
55303 # 1504
55309 # 1504
55315 # 1504
55319 # 1504
55323 # 1504
55325 # 1504
55327 # 1504
55329 # 1504
55332 # 1504
55334 # 1504
55335 # 1504
55337 # 1504
55339 # 1504
55347 # 1504
55366 # 1504
55366 # 1504
55366 # 1504
55435 # 1504
55559 # 1504
55559 # 1504
55560 # 1504
55560 # 1504
55560 # 1504
55560 # 1504
55560 # 1504
55560 # 1504
55560 # 1504
55560 # 1504
55560 # 1504
55560 # 1504
55560 # 1504
55561 # 1504
55561 # 1504
55561 # 1504
55561 # 1504
55583 # 1504
55623 # 1504
55679 # 1504
55679 # 1504
55679 # 1504
55682 # 1504
55685 # 1504
55685 # 1504
55685 # 1504
55685 # 1504
55685 # 1504
55685 # 1504
55685 # 1504
55686 # 1504
55686 # 1504
55686 # 1504
55686 # 1504
55686 # 1504
55686 # 1504
55686 # 1504
55686 # 1504
55686 # 1504
55686 # 1504
55745 # 1504
55756 # 1504
55763 # 1504
55765 # 1504
55781 # 1504
55785 # 1504
55785 # 1504
55785 # 1504
55793 # 1504
55825 # 1504
55836 # 1504
55846 # 1504
55859 # 1504
55860 + 52
55871 # 1504
55871 - 52 11
55910 # 1504
55926 # 1504
55936 # 1504
55950 # 1504
55972 # 1504
55986 # 1504
55992 # 1504
55999 # 1504
56010 # 1504
56019 # 1504
56029 # 1504
56067 # 1504
56076 # 1504
56084 # 1504
56093 # 1504
56102 # 1504
56132 # 1504
56144 # 1504
56155 # 1504
56165 # 1504
56183 # 1504
56192 # 1504
56198 # 1504
56204 # 1504
56211 # 1504
56219 # 1504
56225 # 1504
56232 # 1504
56240 # 1504
56248 # 1504
56254 # 1504
56262 # 1504
56268 # 1504
56275 # 1504
56282 # 1504
56288 # 1504
56295 # 1504
56302 # 1504
56311 # 1504
56316 # 1504
56325 # 1504
56333 # 1504
56338 # 1504
56345 # 1504
56353 # 1504
56361 # 1504
56370 # 1504
56399 # 1504
56406 # 1504
56417 # 1504
56425 # 1504
56432 # 1504
56439 # 1504
56447 # 1504
56468 # 1504
56476 # 1504
56482 # 1504
56490 # 1504
56496 # 1504
56503 # 1504
56510 # 1504
56524 # 1504
56546 # 1504
56553 # 1504
56561 # 1504
56566 # 1504
56572 # 1504
56577 # 1504
56584 # 1504
56592 # 1504
56597 # 1504
56603 # 1504
56608 # 1504
56614 # 1504
56619 # 1504
56625 # 1504
56630 # 1504
56637 # 1504
56644 # 1504
56650 # 1504
56657 # 1504
56668 # 1504
56673 # 1504
56679 # 1504
56685 # 1504
56691 # 1504
56698 # 1504
56705 # 1504
56711 # 1504
56717 # 1504
56726 # 1504
56733 # 1504
56738 # 1504
56745 # 1504
56751 # 1504
56758 # 1504
56764 # 1504
56769 # 1504
56776 # 1504
56781 # 1504
56786 # 1504
56792 # 1504
56798 # 1504
56804 # 1504
56809 # 1504
56816 # 1504
56820 # 1504
56826 # 1504
56833 # 1504
56840 # 1504
56844 # 1504
56849 # 1504
56856 # 1504
56865 # 1504
56871 # 1504
56876 # 1504
56882 # 1504
56887 # 1504
56893 # 1504
56898 # 1504
56904 # 1504
56910 # 1504
56916 # 1504
56921 # 1504
56927 # 1504
56933 # 1504
56938 # 1504
56944 # 1504
56949 # 1504
56956 # 1504
56961 # 1504
56967 # 1504
56973 # 1504
56977 # 1504
56984 # 1504
56991 # 1504
56996 # 1504
57001 # 1504
57015 # 1504
57021 # 1504
57027 # 1504
57032 # 1504
57039 # 1504
57044 # 1504
57049 # 1504
57056 # 1504
57062 # 1504
57068 # 1504
57073 # 1504
57083 # 1504
57101 # 1504
57113 # 1504
57119 # 1504
57123 # 1504
57126 # 1504
57129 # 1504
57134 # 1504
57137 # 1504
57140 # 1504
57147 # 1504
57153 # 1504
57158 # 1504
57165 # 1504
57168 # 1504
57172 # 1504
57176 # 1504
57182 # 1504
57186 # 1504
57191 # 1504
57196 # 1504
57200 # 1504
57204 # 1504
57207 # 1504
57211 # 1504
57215 # 1504
57219 # 1504
57223 # 1504
57230 # 1504
57234 # 1504
57240 # 1504
57243 # 1504
57247 # 1504
57251 # 1504
57254 # 1504
57258 # 1504
57262 # 1504
57264 # 1504
57269 # 1504
57271 # 1504
57277 # 1504
57280 # 1504
57284 # 1504
57286 # 1504
57289 # 1504
57292 # 1504
57294 # 1504
57297 # 1504
57300 # 1504
57302 # 1504
57305 # 1504
57308 # 1504
57312 # 1504
57315 # 1504
57318 # 1504
57323 # 1504
57326 # 1504
57329 # 1504
57332 # 1504
57335 # 1504
57338 # 1504
57341 # 1504
57343 # 1504
57346 # 1504
57349 # 1504
57355 # 1504
57357 # 1504
57360 # 1504
57364 # 1504
57367 # 1504
57369 # 1504
57372 # 1504
57375 # 1504
57379 # 1504
57382 # 1504
57393 # 1504
57394 # 1504
57395 # 1504
57398 # 1504
57401 # 1504
57403 # 1504
57407 # 1504
57412 # 1504
57416 # 1504
57419 # 1504
57421 # 1504
57424 # 1504
57427 # 1504
57430 # 1504
57434 # 1504
57437 # 1504
57441 # 1504
57443 # 1504
57444 # 1504
57446 # 1504
57448 # 1504
57450 # 1504
57452 # 1504
57455 # 1504
57457 # 1504
57459 # 1504
57463 # 1504
57465 # 1504
57467 # 1504
57469 # 1504
57471 # 1504
57473 # 1504
57475 # 1504
57477 # 1504
57479 # 1504
57481 # 1504
57491 # 1504
57492 # 1504
57505 # 1504
57505 # 1504
57505 # 1504
57505 # 1504
57505 # 1504
57506 # 1504
57506 # 1504
57507 # 1504
57510 # 1504
57513 # 1504
57525 # 1504
57525 # 1504
57525 # 1504
57525 # 1504
57526 # 1504
57529 # 1504
57539 # 1504
57545 # 1504
57545 # 1504
57545 # 1504
57548 # 1504
57553 # 1504
57557 # 1504
57560 # 1504
57572 # 1504
57573 # 1504
57573 # 1504
57573 # 1504
57575 # 1504
57576 # 1504
57578 # 1504
57580 # 1504
57582 # 1504
57584 # 1504
57605 # 1504
57605 # 1504
57605 # 1504
57605 # 1504
57605 # 1504
57605 # 1504
57605 # 1504
57607 # 1504
57609 # 1504
57614 # 1504
57616 # 1504
57617 # 1504
57619 # 1504
57622 # 1504
57624 # 1504
57626 # 1504
57637 # 1504
57639 # 1504
57640 # 1504
57640 # 1504
57658 # 1504
57658 # 1504
57663 # 1504
57665 # 1504
57666 # 1504
57670 # 1504
57680 # 1504
57746 # 1504
57746 # 1504
57806 # 1504
57815 # 1504
57820 # 1504
57823 # 1504
57824 # 1504
57837 # 1504
57837 # 1504
57839 # 1504
57856 # 1504
57856 # 1504
57856 # 1504
57856 # 1504
57856 # 1504
57857 # 1504
57857 # 1504
57857 # 1504
57857 # 1504
57857 # 1504
57857 # 1504
57857 # 1504
57857 # 1504
57857 # 1504
57857 # 1504
57858 # 1504
57858 # 1504
57858 # 1504
57858 # 1504
57858 # 1504
57858 # 1504
57858 # 1504
57858 # 1504
57858 # 1504
57859 # 1504
57955 # 1504
57970 # 1504
57980 # 1504
57991 # 1504
58042 # 1504
58069 # 1504
58093 # 1504
58112 # 1504
58137 # 1504
58159 # 1504
58173 # 1504
58263 # 1504
58264 # 1504
58264 # 1504
58264 # 1504
58266 # 1504
58285 # 1504
58292 # 1504
58299 # 1504
58308 # 1504
58318 # 1504
58326 # 1504
58337 # 1504
58348 # 1504
58358 # 1504
58369 # 1504
58377 # 1504
58387 # 1504
58398 # 1504
58409 # 1504
58419 # 1504
58428 # 1504
58437 # 1504
58446 # 1504
58457 # 1504
58466 # 1504
58478 # 1504
58487 # 1504
58497 # 1504
58506 # 1504
58516 # 1504
58525 # 1504
58535 # 1504
58545 # 1504
58556 # 1504
58565 # 1504
58574 # 1504
58583 # 1504
58593 # 1504
58605 # 1504
58632 # 1504
58645 # 1504
58652 # 1504
58660 # 1504
58671 # 1504
58682 # 1504
58693 # 1504
58705 # 1504
58715 # 1504
58727 # 1504
58746 # 1504
58776 # 1504
58786 # 1504
58796 # 1504
58815 # 1504
58826 # 1504
58852 # 1504
58873 # 1504
58886 # 1504
58911 # 1504
58937 # 1504
58955 # 1504
58970 # 1504
59116 # 1504
59176 # 1504
59179 # 1504
59180 # 1504
59182 # 1504
59200 # 1504
59203 # 1504
59207 # 1504
59209 # 1504
59217 # 1504
59242 # 1504
59260 # 1504
59270 # 1504
59285 # 1504
59292 # 1504
59303 # 1504
59311 # 1504
59322 # 1504
59330 # 1504
59336 # 1504
59340 # 1504
59344 # 1504
59346 # 1504
59352 # 1504
59357 # 1504
59363 # 1504
59372 # 1504
59376 # 1504
59380 # 1504
59384 # 1504
59387 # 1504
59392 # 1504
59399 # 1504
59416 # 1504
59422 # 1504
59435 # 1504
59436 # 1504
59447 # 1504
59453 # 1504
59457 # 1504
59460 # 1504
59465 # 1504
59479 # 1504
59490 # 1504
59497 # 1504
59497 # 1504
59501 # 1504
59504 # 1504
59511 # 1504
59511 # 1504
59551 # 1504
59570 # 1504
59574 # 1504
59584 # 1504
59591 # 1504
59619 # 1504
59625 # 1504
59632 # 1504
59638 # 1504
59645 # 1504
59727 # 1504
59730 # 1504
59734 # 1504
59737 # 1504
59737 # 1504
59738 # 1504
59740 # 1504
59750 # 1504
59750 # 1504
59750 # 1504
59750 # 1504
59750 # 1504
59750 # 1504
59754 # 1504
59758 # 1504
59760 # 1504
59761 # 1504
59764 # 1504
59766 # 1504
59776 # 1504
59777 # 1504
59777 # 1504
59778 # 1504
59782 # 1504
59792 # 1504
59799 # 1504
59801 # 1504
59802 # 1504
59802 # 1504
59806 # 1504
59819 # 1504
59819 # 1504
59819 # 1504
59827 # 1504
59827 # 1504
59827 # 1504
59830 # 1504
59833 # 1504
59836 # 1504
59838 # 1504
59842 # 1504
59844 # 1504
59846 # 1504
59849 # 1504
59852 # 1504
59856 # 1504
59858 # 1504
59863 # 1504
59868 # 1504
59870 # 1504
59874 # 1504
59878 # 1504
59881 # 1504
59886 # 1504
59889 # 1504
59892 # 1504
59895 # 1504
59898 # 1504
59902 # 1504
59905 # 1504
59907 # 1504
59910 # 1504
59915 # 1504
59918 # 1504
59924 # 1504
59927 # 1504
59929 # 1504
59934 # 1504
59936 # 1504
59942 # 1504
59945 # 1504
59949 # 1504
59954 # 1504
59957 # 1504
59961 # 1504
59965 # 1504
59968 # 1504
59974 # 1504
59977 # 1504
59979 # 1504
59992 # 1504
59994 # 1504
59996 # 1504
60001 # 1504
60002 # 1504
60005 # 1504
60006 # 1504
60012 # 1504
60015 # 1504
60022 # 1504
60026 # 1504
60030 # 1504
60034 # 1504
60037 # 1504
60043 # 1504
60047 # 1504
60052 # 1504
60056 # 1504
60063 # 1504
60066 # 1504
60069 # 1504
60072 # 1504
60075 # 1504
60079 # 1504
60082 # 1504
60084 # 1504
60087 # 1504
60094 # 1504
60097 # 1504
60110 # 1504
60123 # 1504
60123 # 1504
60124 # 1504
60126 # 1504
60142 # 1504
60143 # 1504
60143 # 1504
60143 # 1504
60146 # 1504
60148 # 1504
60152 # 1504
60154 # 1504
60157 # 1504
60160 # 1504
60166 # 1504
60169 # 1504
60175 # 1504
60176 # 1504
60181 # 1504
60186 # 1504
60190 # 1504
60194 # 1504
60196 # 1504
60199 # 1504
60201 # 1504
60206 # 1504
60209 # 1504
60211 # 1504
60215 # 1504
60217 # 1504
60225 # 1504
60227 # 1504
60232 # 1504
60236 # 1504
60240 # 1504
60243 # 1504
60246 # 1504
60248 # 1504
60252 # 1504
60254 # 1504
60259 # 1504
60260 # 1504
60264 # 1504
60267 # 1504
60270 # 1504
60272 # 1504
60275 # 1504
60277 # 1504
60282 # 1504
60286 # 1504
60290 # 1504
60291 # 1504
60296 # 1504
60299 # 1504
60311 # 1504
60311 # 1504
60311 # 1504
60315 # 1504
60329 # 1504
60332 # 1504
60335 # 1504
60338 # 1504
60342 # 1504
60346 # 1504
60348 # 1504
60352 # 1504
60377 # 1504
60377 # 1504
60377 # 1504
60377 # 1504
60377 # 1504
60381 # 1504
60384 # 1504
60387 # 1504
60391 # 1504
60393 # 1504
60397 # 1504
60401 # 1504
60404 # 1504
60406 # 1504
60409 # 1504
60412 # 1504
60416 # 1504
60419 # 1504
60421 # 1504
60425 # 1504
60427 # 1504
60430 # 1504
60433 # 1504
60436 # 1504
60438 # 1504
60443 # 1504
60445 # 1504
60448 # 1504
60450 # 1504
60458 # 1504
60462 # 1504
60464 # 1504
60467 # 1504
60469 # 1504
60473 # 1504
60476 # 1504
60482 # 1504
60485 # 1504
60488 # 1504
60494 # 1504
60494 # 1504
60498 # 1504
60500 # 1504
60503 # 1504
60512 # 1504
60512 # 1504
60514 # 1504
60517 # 1504
60518 # 1504
60523 # 1504
60525 # 1504
60528 # 1504
60533 # 1504
60536 # 1504
60538 # 1504
60546 # 1504
60547 # 1504
60551 # 1504
60553 # 1504
60557 # 1504
60558 # 1504
60560 # 1504
60562 # 1504
60564 # 1504
60566 # 1504
60571 # 1504
60573 # 1504
60575 # 1504
60577 # 1504
60579 # 1504
60580 # 1504
60584 # 1504
60585 # 1504
60587 # 1504
60595 # 1504
60595 # 1504
60596 # 1504
60598 # 1504
60602 # 1504
60611 # 1504
60613 # 1504
60616 # 1504
60618 # 1504
60620 # 1504
60623 # 1504
60626 # 1504
60631 # 1504
60632 # 1504
60636 # 1504
60640 # 1504
60643 # 1504
60645 # 1504
60647 # 1504
60658 # 1504
60658 # 1504
60658 # 1504
60658 # 1504
60661 # 1504
60662 # 1504
60664 # 1504
60666 # 1504
60670 # 1504
60671 # 1504
60675 # 1504
60677 # 1504
60686 # 1504
60686 # 1504
60686 # 1504
60686 # 1504
60688 # 1504
60691 # 1504
60695 # 1504
60698 # 1504
60703 # 1504
60706 # 1504
60708 # 1504
60710 # 1504
60711 # 1504
60714 # 1504
60716 # 1504
60718 # 1504
60720 # 1504
60723 # 1504
60725 # 1504
60727 # 1504
60732 # 1504
60732 # 1504
60734 # 1504
60737 # 1504
60739 # 1504
60741 # 1504
60746 # 1504
60753 # 1504
60753 # 1504
60755 # 1504
60764 # 1504
60765 # 1504
60767 # 1504
60770 # 1504
60772 # 1504
60774 # 1504
60776 # 1504
60777 # 1504
60802 # 1504
60802 # 1504
60805 # 1504
60810 # 1504
60816 # 1504
60818 # 1504
60821 # 1504
60825 # 1504
60827 # 1504
60833 # 1504
60835 # 1504
60837 # 1504
60838 # 1504
60840 # 1504
60842 # 1504
60845 # 1504
60847 # 1504
60852 # 1504
60854 # 1504
60856 # 1504
60886 # 1504
60890 # 1504
60890 # 1504
60891 # 1504
60891 # 1504
60891 # 1504
60891 # 1504
60895 # 1504
60907 # 1504
60912 # 1504
60914 # 1504
60915 # 1504
60918 # 1504
60920 # 1504
60922 # 1504
60925 # 1504
60927 # 1504
60929 # 1504
60935 # 1504
60935 # 1504
60937 # 1504
60939 # 1504
60941 # 1504
60943 # 1504
60944 # 1504
60946 # 1504
60948 # 1504
60950 # 1504
60953 # 1504
60964 # 1504
60975 # 1504
60982 # 1504
60983 # 1504
60985 # 1504
60987 # 1504
60990 # 1504
60992 # 1504
60995 # 1504
60996 # 1504
60997 # 1504
61001 # 1504
61003 # 1504
61005 # 1504
61008 # 1504
61010 # 1504
61012 # 1504
61014 # 1504
61016 # 1504
61017 # 1504
61019 # 1504
61020 # 1504
61021 # 1504
61024 # 1504
61025 # 1504
61026 # 1504
61029 # 1504
61031 # 1504
61033 # 1504
61036 # 1504
61039 # 1504
61040 # 1504
61042 # 1504
61044 # 1504
61045 # 1504
61047 # 1504
61048 # 1504
61051 # 1504
61054 # 1504
61057 # 1504
61058 # 1504
61060 # 1504
61062 # 1504
61064 # 1504
61066 # 1504
61068 # 1504
61070 # 1504
61073 # 1504
61074 # 1504
61076 # 1504
61077 # 1504
61081 # 1504
61083 # 1504
61085 # 1504
61087 # 1504
61090 # 1504
61092 # 1504
61094 # 1504
61097 # 1504
61099 # 1504
61101 # 1504
61103 # 1504
61106 # 1504
61108 # 1504
61112 # 1504
61113 # 1504
61115 # 1504
61117 # 1504
61122 # 1504
61124 # 1504
61126 # 1504
61128 # 1504
61130 # 1504
61132 # 1504
61134 # 1504
61136 # 1504
61137 # 1504
61140 # 1504
61144 # 1504
61146 # 1504
61147 # 1504
61149 # 1504
61151 # 1504
61154 # 1504
61155 # 1504
61156 # 1504
61162 # 1504
61162 # 1504
61164 # 1504
61175 # 1504
61175 # 1504
61175 # 1504
61175 # 1504
61175 # 1504
61178 # 1504
61180 # 1504
61181 # 1504
61183 # 1504
61187 # 1504
61189 # 1504
61191 # 1504
61194 # 1504
61196 # 1504
61199 # 1504
61201 # 1504
61204 # 1504
61206 # 1504
61207 # 1504
61209 # 1504
61211 # 1504
61213 # 1504
61216 # 1504
61218 # 1504
61225 # 1504
61227 # 1504
61228 # 1504
61231 # 1504
61232 # 1504
61236 # 1504
61236 # 1504
61238 # 1504
61239 # 1504
61242 # 1504
61243 # 1504
61244 # 1504
61247 # 1504
61251 # 1504
61252 # 1504
61255 # 1504
61256 # 1504
61260 # 1504
61265 # 1504
61269 # 1504
61269 # 1504
61274 # 1504
61276 # 1504
61278 # 1504
61279 # 1504
61283 # 1504
61285 # 1504
61296 # 1504
61296 # 1504
61296 # 1504
61306 # 1504
61306 # 1504
61306 # 1504
61306 # 1504
61306 # 1504
61309 # 1504
61310 # 1504
61311 # 1504
61312 # 1504
61315 # 1504
61315 # 1504
61316 # 1504
61317 # 1504
61321 # 1504
61323 # 1504
61323 # 1504
61324 # 1504
61326 # 1504
61328 # 1504
61330 # 1504
61331 # 1504
61332 # 1504
61343 # 1504
61350 # 1504
61353 # 1504
61354 # 1504
61366 # 1504
61366 # 1504
61367 # 1504
61367 # 1504
61367 # 1504
61367 # 1504
61367 # 1504
61368 # 1504
61369 # 1504
61371 # 1504
61373 # 1504
61374 # 1504
61376 # 1504
61377 # 1504
61380 # 1504
61382 # 1504
61383 # 1504
61385 # 1504
61387 # 1504
61388 # 1504
61391 # 1504
61392 # 1504
61394 # 1504
61395 # 1504
61396 # 1504
61400 # 1504
61401 # 1504
61402 # 1504
61404 # 1504
61405 # 1504
61406 # 1504
61409 # 1504
61412 # 1504
61412 # 1504
61413 # 1504
61415 # 1504
61417 # 1504
61420 # 1504
61421 # 1504
61431 # 1504
61431 # 1504
61431 # 1504
61431 # 1504
61441 # 1504
61441 # 1504
61441 # 1504
61441 # 1504
61444 # 1504
61445 # 1504
61446 # 1504
61449 # 1504
61452 # 1504
61454 # 1504
61455 # 1504
61458 # 1504
61460 # 1504
61466 # 1504
61475 # 1504
61480 # 1504
61481 # 1504
61485 # 1504
61487 # 1504
61487 # 1504
61490 # 1504
61490 # 1504
61503 # 1504
61503 # 1504
61568 # 1504
61569 # 1504
61574 # 1504
61607 # 1504
61610 # 1504
61616 # 1504
61619 # 1504
61632 # 1504
61635 # 1504
61636 # 1504
61636 # 1504
61637 # 1504
61638 # 1504
61642 # 1504
61642 # 1504
61642 # 1504
61642 # 1504
61642 # 1504
61642 # 1504
61643 # 1504
61643 # 1504
61643 # 1504
61643 # 1504
61643 # 1504
61669 # 1504
61669 # 1504
61669 # 1504
61669 # 1504
61670 # 1504
61670 # 1504
61670 # 1504
61670 # 1504
61670 # 1504
61670 # 1504
61670 # 1504
61670 # 1504
61670 # 1504
61670 # 1504
61671 # 1504
61671 # 1504
61671 # 1504
61671 # 1504
61671 # 1504
61671 # 1504
61671 # 1504
61671 # 1504
61672 # 1504
61672 # 1504
61674 # 1504
61677 # 1504
61679 # 1504
61680 # 1504
61682 # 1504
61684 # 1504
61685 # 1504
61687 # 1504
61689 # 1504
61691 # 1504
61693 # 1504
61696 # 1504
61699 # 1504
61702 # 1504
61704 # 1504
61707 # 1504
61715 # 1504
61715 # 1504
61715 # 1504
61717 # 1504
61723 # 1504
61724 # 1504
61726 # 1504
61727 # 1504
61730 # 1504
61733 # 1504
61735 # 1504
61736 # 1504
61738 # 1504
61739 # 1504
61750 # 1504
61750 # 1504
61750 # 1504
61750 # 1504
61752 # 1504
61754 # 1504
61755 # 1504
61757 # 1504
61759 # 1504
61760 # 1504
61761 # 1504
61770 # 1504
61770 # 1504
61775 # 1504
61775 # 1504
61775 # 1504
61776 # 1504
61777 # 1504
61779 # 1504
61780 # 1504
61782 # 1504
61785 # 1504
61786 # 1504
61788 # 1504
61790 # 1504
61792 # 1504
61811 # 1504
61811 # 1504
61873 # 1504
61875 # 1504
61878 # 1504
61878 # 1504
61878 # 1504
61878 # 1504
61878 # 1504
61918 # 1504
61920 # 1504
61925 # 1504
61926 # 1504
61926 # 1504
61926 # 1504
61926 # 1504
61926 # 1504
61926 # 1504
61926 # 1504
61926 # 1504
61927 # 1504
61927 # 1504
61927 # 1504
61927 # 1504
61927 # 1504
61927 # 1504
61927 # 1504
61927 # 1504
61927 # 1504
61927 # 1504
61927 # 1504
61928 # 1504
61928 # 1504
61928 # 1504
61928 # 1504
61928 # 1504
61928 # 1504
61928 # 1504
61928 # 1504
61928 # 1504
61928 # 1504
61929 # 1504
61929 # 1504
61973 # 1504
61973 # 1504
61973 # 1504
61974 # 1504
61974 # 1504
61974 # 1504
61974 # 1504
61975 # 1504
61975 # 1504
61975 # 1504
61975 # 1504
61975 # 1504
61975 # 1504
61975 # 1504
61975 # 1504
61975 # 1504
61975 # 1504
61976 # 1504
61976 # 1504
61976 # 1504
61976 # 1504
61976 # 1504
61976 # 1504
61976 # 1504
61976 # 1504
61976 # 1504
61977 # 1504
61977 # 1504
61977 # 1504
61977 # 1504
61977 # 1504
61977 # 1504
61977 # 1504
61977 # 1504
61978 # 1504
61980 # 1504
61982 # 1504
61984 # 1504
61985 # 1504
61988 # 1504
61989 # 1504
61990 # 1504
61992 # 1504
61996 # 1504
61996 # 1504
61998 # 1504
61999 # 1504
62001 # 1504
62003 # 1504
62005 # 1504
62007 # 1504
62010 # 1504
62014 # 1504
62017 # 1504
62020 # 1504
62022 # 1504
62023 # 1504
62026 # 1504
62028 # 1504
62030 # 1504
62034 # 1504
62036 # 1504
62037 # 1504
62039 # 1504
62041 # 1504
62043 # 1504
62046 # 1504
62048 # 1504
62051 # 1504
62052 # 1504
62054 # 1504
62056 # 1504
62058 # 1504
62060 # 1504
62062 # 1504
62063 # 1504
62065 # 1504
62067 # 1504
62069 # 1504
62070 # 1504
62073 # 1504
62074 # 1504
62076 # 1504
62077 # 1504
62079 # 1504
62082 # 1504
62084 # 1504
62085 # 1504
62087 # 1504
62090 # 1504
62092 # 1504
62107 # 1504
62107 # 1504
62107 # 1504
62107 # 1504
62107 # 1504
62107 # 1504
62125 # 1504
62125 # 1504
62125 # 1504
62125 # 1504
62125 # 1504
62125 # 1504
62125 # 1504
62126 # 1504
62126 # 1504
62126 # 1504
62126 # 1504
62127 # 1504
62127 # 1504
62128 # 1504
62131 # 1504
62133 # 1504
62137 # 1504
62137 # 1504
62139 # 1504
62141 # 1504
62151 # 1504
62151 # 1504
62151 # 1504
62156 # 1504
62156 # 1504
62156 # 1504
62156 # 1504
62159 # 1504
62160 # 1504
62162 # 1504
62163 # 1504
62164 # 1504
62165 # 1504
62167 # 1504
62168 # 1504
62169 # 1504
62170 # 1504
62172 # 1504
62173 # 1504
62185 # 1504
62195 # 1504
62195 # 1504
62195 # 1504
62210 # 1504
62210 # 1504
62211 # 1504
62214 # 1504
62216 # 1504
62219 # 1504
62224 # 1504
62227 # 1504
62230 # 1504
62232 # 1504
62234 # 1504
62238 # 1504
62240 # 1504
62242 # 1504
62244 # 1504
62246 # 1504
62248 # 1504
62250 # 1504
62252 # 1504
62254 # 1504
62256 # 1504
62259 # 1504
62264 # 1504
62265 # 1504
62267 # 1504
62269 # 1504
62272 # 1504
62273 # 1504
62275 # 1504
62282 # 1504
62286 # 1504
62290 # 1504
62291 # 1504
62293 # 1504
62380 # 1504
62380 # 1504
62381 # 1504
62385 # 1504
62385 # 1504
62405 # 1504
62405 # 1504
62405 # 1504
62407 # 1504
62410 # 1504
62410 # 1504
62411 # 1504
62413 # 1504
62418 # 1504
62418 # 1504
62418 # 1504
62426 # 1504
62428 # 1504
62431 # 1504
62434 # 1504
62437 # 1504
62439 # 1504
62440 # 1504
62444 # 1504
62448 # 1504
62450 # 1504
62452 # 1504
62456 # 1504
62459 # 1504
62460 # 1504
62461 # 1504
62463 # 1504
62467 # 1504
62469 # 1504
62471 # 1504
62472 # 1504
62485 # 1504
62485 # 1504
62485 # 1504
62485 # 1504
62487 # 1504
62488 # 1504
62492 # 1504
62495 # 1504
62497 # 1504
62504 # 1504
62509 # 1504
62513 # 1504
62513 # 1504
62522 # 1504
62526 # 1504
62530 # 1504
62532 # 1504
62536 # 1504
62537 # 1504
62539 # 1504
62540 # 1504
62543 # 1504
62547 # 1504
62550 # 1504
62552 # 1504
62555 # 1504
62556 # 1504
62558 # 1504
62560 # 1504
62568 # 1504
62570 # 1504
62573 # 1504
62575 # 1504
62577 # 1504
62579 # 1504
62581 # 1504
62583 # 1504
62586 # 1504
62589 # 1504
62591 # 1504
62592 # 1504
62597 # 1504
62599 # 1504
62601 # 1504
62605 # 1504
62607 # 1504
62608 # 1504
62610 # 1504
62612 # 1504
62616 # 1504
62617 # 1504
62627 # 1504
62632 # 1504
62638 # 1504
62640 # 1504
62644 # 1504
62646 # 1504
62648 # 1504
62649 # 1504
62652 # 1504
62654 # 1504
62656 # 1504
62660 # 1504
62661 # 1504
62663 # 1504
62665 # 1504
62667 # 1504
62672 # 1504
62677 # 1504
62679 # 1504
62682 # 1504
62684 # 1504
62687 # 1504
62688 # 1504
62690 # 1504
62691 # 1504
62693 # 1504
62696 # 1504
62697 # 1504
62700 # 1504
62701 # 1504
62703 # 1504
62704 # 1504
62706 # 1504
62707 # 1504
62709 # 1504
62711 # 1504
62712 # 1504
62714 # 1504
62715 # 1504
62718 # 1504
62720 # 1504
62722 # 1504
62723 # 1504
62726 # 1504
62728 # 1504
62734 # 1504
62741 # 1504
62762 # 1504
62764 # 1504
62775 # 1504
62779 # 1504
62779 # 1504
62779 # 1504
62780 # 1504
62780 # 1504
62782 # 1504
62784 # 1504
62786 # 1504
62788 # 1504
62790 # 1504
62794 # 1504
62796 # 1504
62797 # 1504
62803 # 1504
62805 # 1504
62806 # 1504
62809 # 1504
62812 # 1504
62814 # 1504
62819 # 1504
62819 # 1504
62830 # 1504
62830 # 1504
62830 # 1504
62832 # 1504
62846 # 1504
62846 # 1504
62846 # 1504
62846 # 1504
62848 # 1504
62851 # 1504
62854 # 1504
62857 # 1504
62859 # 1504
62860 # 1504
62862 # 1504
62866 # 1504
62868 # 1504
62872 # 1504
62872 # 1504
62882 # 1504
62882 # 1504
62882 # 1504
62882 # 1504
62883 # 1504
62885 # 1504
62906 # 1504
62906 # 1504
62924 # 1504
62925 # 1504
62930 # 1504
62930 # 1504
62930 # 1504
62930 # 1504
62930 # 1504
62939 # 1504
62941 # 1504
62941 # 1504
62941 # 1504
62941 # 1504
62942 # 1504
62952 # 1504
62952 # 1504
62952 # 1504
62952 # 1504
62964 # 1504
62965 # 1504
62965 # 1504
62965 # 1504
62965 # 1504
62965 # 1504
62967 # 1504
62969 # 1504
62987 # 1504
62988 # 1504
62999 # 1504
62999 # 1504
62999 # 1504
63002 # 1504
63006 # 1504
63008 # 1504
63010 # 1504
63012 # 1504
63014 # 1504
63020 # 1504
63027 # 1504
63030 # 1504
63034 # 1504
63035 # 1504
63037 # 1504
63043 # 1504
63046 # 1504
63054 # 1504
63056 # 1504
63058 # 1504
63060 # 1504
63068 # 1504
63069 # 1504
63071 # 1504
63074 # 1504
63086 # 1504
63086 # 1504
63086 # 1504
63086 # 1504
63089 # 1504
63091 # 1504
63097 # 1504
63100 # 1504
63106 # 1504
63109 # 1504
63114 # 1504
63135 # 1504
63135 # 1504
63136 # 1504
63136 # 1504
63136 # 1504
63136 # 1504
63137 # 1504
63139 # 1504
63141 # 1504
63147 # 1504
63152 # 1504
63154 # 1504
