# init timestamp: 1744936302554.000
36.000 # 1500
36.000 # 1500
37.000 # 1500
37.000 # 1500
38.000 # 1500
38.000 # 1500
39.000 # 1500
39.000 # 1500
39.000 # 1500
39.000 # 1500
41.000 # 1500
41.000 # 1500
42.000 # 1500
42.000 # 1500
42.000 # 1500
43.000 # 1500
44.000 # 1500
45.000 # 1500
45.000 # 1500
46.000 # 1500
47.000 # 1500
47.000 # 1500
48.000 # 1500
57.000 # 1500
57.000 # 1500
58.000 # 1500
58.000 # 1500
58.000 # 1500
58.000 # 1500
58.000 # 1500
59.000 # 1500
59.000 # 1500
60.000 # 1500
68.000 # 1500
69.000 # 1500
70.000 # 1500
71.000 # 1500
72.000 # 1500
73.000 # 1500
73.000 # 1500
76.000 # 1500
81.000 # 1500
81.000 # 1500
82.000 # 1500
82.000 # 1500
82.000 # 1500
82.000 # 1500
82.000 # 1500
83.000 # 1500
85.000 # 1500
86.000 # 1500
86.000 # 1500
88.000 # 1500
88.000 # 1500
89.000 # 1500
90.000 # 1500
91.000 # 1500
93.000 # 1500
93.000 # 1500
93.000 # 1500
94.000 # 1500
95.000 # 1500
96.000 # 1500
96.000 # 1500
97.000 # 1500
98.000 # 1500
99.000 # 1500
99.000 # 1500
100.000 # 1500
101.000 # 1500
102.000 # 1500
103.000 # 1500
105.000 # 1500
106.000 # 1500
108.000 # 1500
108.000 # 1500
112.000 # 1500
112.000 # 1500
112.000 # 1500
112.000 # 1500
114.000 # 1500
114.000 # 1500
114.000 # 1500
115.000 # 1500
116.000 # 1500
117.000 # 1500
117.000 # 1500
118.000 # 1500
119.000 # 1500
121.000 # 1500
123.000 # 1500
124.000 # 1500
125.000 # 1500
126.000 # 1500
127.000 # 1500
127.000 # 1500
129.000 # 1500
129.000 # 1500
130.000 # 1500
131.000 # 1500
131.000 # 1500
132.000 # 1500
135.000 # 1500
137.000 # 1500
137.000 # 1500
137.000 # 1500
138.000 # 1500
140.000 # 1500
141.000 # 1500
142.000 # 1500
143.000 # 1500
144.000 # 1500
144.000 # 1500
144.000 # 1500
145.000 # 1500
147.000 # 1500
147.000 # 1500
147.000 # 1500
149.000 # 1500
149.000 # 1500
150.000 # 1500
152.000 # 1500
152.000 # 1500
153.000 # 1500
153.000 # 1500
154.000 # 1500
156.000 # 1500
156.000 # 1500
157.000 # 1500
157.000 # 1500
158.000 # 1500
158.000 # 1500
159.000 # 1500
159.000 # 1500
161.000 # 1500
161.000 # 1500
161.000 # 1500
163.000 # 1500
163.000 # 1500
164.000 # 1500
164.000 # 1500
164.000 # 1500
167.000 # 1500
167.000 # 1500
167.000 # 1500
169.000 # 1500
169.000 # 1500
170.000 # 1500
170.000 # 1500
170.000 # 1500
172.000 # 1500
172.000 # 1500
173.000 # 1500
173.000 # 1500
174.000 # 1500
174.000 # 1500
174.000 # 1500
176.000 # 1500
176.000 # 1500
177.000 # 1500
177.000 # 1500
177.000 # 1500
178.000 # 1500
187.000 # 1500
188.000 # 1500
188.000 # 1500
188.000 # 1500
188.000 # 1500
188.000 # 1500
188.000 # 1500
188.000 # 1500
188.000 # 1500
192.000 # 1500
192.000 # 1500
192.000 # 1500
192.000 # 1500
192.000 # 1500
192.000 # 1500
192.000 # 1500
193.000 # 1500
193.000 # 1500
193.000 # 1500
193.000 # 1500
194.000 # 1500
194.000 # 1500
195.000 # 1500
195.000 # 1500
197.000 # 1500
197.000 # 1500
197.000 # 1500
198.000 # 1500
198.000 # 1500
199.000 # 1500
200.000 # 1500
204.000 # 1500
204.000 # 1500
204.000 # 1500
204.000 # 1500
204.000 # 1500
205.000 # 1500
205.000 # 1500
205.000 # 1500
207.000 # 1500
207.000 # 1500
208.000 # 1500
208.000 # 1500
209.000 # 1500
209.000 # 1500
209.000 # 1500
210.000 # 1500
210.000 # 1500
211.000 # 1500
211.000 # 1500
213.000 # 1500
213.000 # 1500
214.000 # 1500
214.000 # 1500
214.000 # 1500
216.000 # 1500
217.000 # 1500
217.000 # 1500
218.000 # 1500
218.000 # 1500
219.000 # 1500
219.000 # 1500
221.000 # 1500
221.000 # 1500
221.000 # 1500
223.000 # 1500
223.000 # 1500
225.000 # 1500
226.000 # 1500
226.000 # 1500
227.000 # 1500
227.000 # 1500
236.000 # 1500
236.000 # 1500
236.000 # 1500
236.000 # 1500
237.000 # 1500
237.000 # 1500
237.000 # 1500
237.000 # 1500
237.000 # 1500
237.000 # 1500
237.000 # 1500
238.000 # 1500
238.000 # 1500
239.000 # 1500
239.000 # 1500
240.000 # 1500
240.000 # 1500
241.000 # 1500
241.000 # 1500
251.000 # 1500
251.000 # 1500
251.000 # 1500
253.000 # 1500
253.000 # 1500
253.000 # 1500
253.000 # 1500
254.000 # 1500
254.000 # 1500
254.000 # 1500
254.000 # 1500
254.000 # 1500
254.000 # 1500
255.000 # 1500
256.000 # 1500
257.000 # 1500
258.000 # 1500
258.000 # 1500
260.000 # 1500
260.000 # 1500
260.000 # 1500
262.000 # 1500
264.000 # 1500
264.000 # 1500
264.000 # 1500
264.000 # 1500
264.000 # 1500
266.000 # 1500
266.000 # 1500
266.000 # 1500
268.000 # 1500
268.000 # 1500
268.000 # 1500
269.000 # 1500
270.000 # 1500
271.000 # 1500
271.000 # 1500
272.000 # 1500
273.000 # 1500
274.000 # 1500
276.000 # 1500
276.000 # 1500
276.000 # 1500
277.000 # 1500
277.000 # 1500
278.000 # 1500
279.000 # 1500
279.000 # 1500
280.000 # 1500
282.000 # 1500
283.000 # 1500
283.000 # 1500
284.000 # 1500
285.000 # 1500
285.000 # 1500
286.000 # 1500
288.000 # 1500
288.000 # 1500
288.000 # 1500
289.000 # 1500
301.000 # 1500
301.000 # 1500
301.000 # 1500
301.000 # 1500
302.000 # 1500
302.000 # 1500
302.000 # 1500
302.000 # 1500
302.000 # 1500
302.000 # 1500
302.000 # 1500
302.000 # 1500
302.000 # 1500
303.000 # 1500
303.000 # 1500
303.000 # 1500
304.000 # 1500
304.000 # 1500
304.000 # 1500
305.000 # 1500
307.000 # 1500
307.000 # 1500
308.000 # 1500
308.000 # 1500
308.000 # 1500
309.000 # 1500
310.000 # 1500
311.000 # 1500
311.000 # 1500
313.000 # 1500
313.000 # 1500
314.000 # 1500
314.000 # 1500
314.000 # 1500
324.000 # 1500
325.000 # 1500
325.000 # 1500
325.000 # 1500
327.000 # 1500
328.000 # 1500
328.000 # 1500
329.000 # 1500
331.000 # 1500
331.000 # 1500
331.000 # 1500
333.000 # 1500
333.000 # 1500
334.000 # 1500
335.000 # 1500
337.000 # 1500
337.000 # 1500
338.000 # 1500
338.000 # 1500
338.000 # 1500
340.000 # 1500
340.000 # 1500
341.000 # 1500
341.000 # 1500
342.000 # 1500
344.000 # 1500
346.000 # 1500
346.000 # 1500
347.000 # 1500
347.000 # 1500
348.000 # 1500
348.000 # 1500
349.000 # 1500
350.000 # 1500
352.000 # 1500
352.000 # 1500
352.000 # 1500
353.000 # 1500
353.000 # 1500
354.000 # 1500
355.000 # 1500
356.000 # 1500
356.000 # 1500
357.000 # 1500
357.000 # 1500
358.000 # 1500
358.000 # 1500
359.000 # 1500
362.000 # 1500
362.000 # 1500
362.000 # 1500
364.000 # 1500
365.000 # 1500
366.000 # 1500
366.000 # 1500
376.000 # 1500
377.000 # 1500
377.000 # 1500
377.000 # 1500
377.000 # 1500
377.000 # 1500
377.000 # 1500
377.000 # 1500
378.000 # 1500
378.000 # 1500
378.000 # 1500
378.000 # 1500
378.000 # 1500
380.000 # 1500
380.000 # 1500
380.000 # 1500
382.000 # 1500
383.000 # 1500
383.000 # 1500
384.000 # 1500
385.000 # 1500
386.000 # 1500
386.000 # 1500
387.000 # 1500
388.000 # 1500
388.000 # 1500
391.000 # 1500
391.000 # 1500
391.000 # 1500
393.000 # 1500
393.000 # 1500
394.000 # 1500
394.000 # 1500
394.000 # 1500
396.000 # 1500
396.000 # 1500
397.000 # 1500
397.000 # 1500
398.000 # 1500
399.000 # 1500
401.000 # 1500
402.000 # 1500
402.000 # 1500
403.000 # 1500
404.000 # 1500
404.000 # 1500
405.000 # 1500
406.000 # 1500
407.000 # 1500
408.000 # 1500
411.000 # 1500
411.000 # 1500
413.000 # 1500
413.000 # 1500
413.000 # 1500
414.000 # 1500
414.000 # 1500
415.000 # 1500
417.000 # 1500
417.000 # 1500
417.000 # 1500
418.000 # 1500
419.000 # 1500
421.000 # 1500
422.000 # 1500
422.000 # 1500
424.000 # 1500
424.000 # 1500
425.000 # 1500
428.000 # 1500
429.000 # 1500
429.000 # 1500
436.000 # 1500
436.000 # 1500
441.000 # 1500
441.000 # 1500
443.000 # 1500
443.000 # 1500
443.000 # 1500
443.000 # 1500
443.000 # 1500
443.000 # 1500
444.000 # 1500
454.000 # 1500
454.000 # 1500
454.000 # 1500
454.000 # 1500
455.000 # 1500
455.000 # 1500
455.000 # 1500
455.000 # 1500
455.000 # 1500
455.000 # 1500
455.000 # 1500
455.000 # 1500
456.000 # 1500
456.000 # 1500
457.000 # 1500
458.000 # 1500
458.000 # 1500
458.000 # 1500
459.000 # 1500
467.000 # 1500
467.000 # 1500
471.000 # 1500
471.000 # 1500
471.000 # 1500
472.000 # 1500
472.000 # 1500
472.000 # 1500
472.000 # 1500
472.000 # 1500
472.000 # 1500
472.000 # 1500
472.000 # 1500
472.000 # 1500
473.000 # 1500
473.000 # 1500
474.000 # 1500
475.000 # 1500
476.000 # 1500
476.000 # 1500
477.000 # 1500
479.000 # 1500
479.000 # 1500
479.000 # 1500
480.000 # 1500
481.000 # 1500
481.000 # 1500
482.000 # 1500
483.000 # 1500
483.000 # 1500
485.000 # 1500
486.000 # 1500
486.000 # 1500
486.000 # 1500
487.000 # 1500
488.000 # 1500
488.000 # 1500
490.000 # 1500
491.000 # 1500
493.000 # 1500
493.000 # 1500
495.000 # 1500
496.000 # 1500
497.000 # 1500
498.000 # 1500
502.000 # 1500
502.000 # 1500
502.000 # 1500
512.000 # 1500
513.000 # 1500
513.000 # 1500
513.000 # 1500
514.000 # 1500
515.000 # 1500
516.000 # 1500
516.000 # 1500
518.000 # 1500
518.000 # 1500
519.000 # 1500
520.000 # 1500
521.000 # 1500
521.000 # 1500
523.000 # 1500
523.000 # 1500
524.000 # 1500
525.000 # 1500
525.000 # 1500
526.000 # 1500
527.000 # 1500
529.000 # 1500
529.000 # 1500
530.000 # 1500
531.000 # 1500
533.000 # 1500
534.000 # 1500
534.000 # 1500
534.000 # 1500
535.000 # 1500
537.000 # 1500
538.000 # 1500
538.000 # 1500
538.000 # 1500
541.000 # 1500
543.000 # 1500
543.000 # 1500
544.000 # 1500
545.000 # 1500
547.000 # 1500
548.000 # 1500
548.000 # 1500
549.000 # 1500
550.000 # 1500
552.000 # 1500
553.000 # 1500
553.000 # 1500
553.000 # 1500
554.000 # 1500
555.000 # 1500
556.000 # 1500
556.000 # 1500
557.000 # 1500
558.000 # 1500
558.000 # 1500
560.000 # 1500
561.000 # 1500
563.000 # 1500
563.000 # 1500
565.000 # 1500
565.000 # 1500
566.000 # 1500
567.000 # 1500
567.000 # 1500
568.000 # 1500
569.000 # 1500
571.000 # 1500
572.000 # 1500
572.000 # 1500
573.000 # 1500
574.000 # 1500
576.000 # 1500
576.000 # 1500
576.000 # 1500
579.000 # 1500
579.000 # 1500
579.000 # 1500
580.000 # 1500
581.000 # 1500
581.000 # 1500
582.000 # 1500
583.000 # 1500
584.000 # 1500
586.000 # 1500
587.000 # 1500
588.000 # 1500
588.000 # 1500
589.000 # 1500
589.000 # 1500
589.000 # 1500
590.000 # 1500
591.000 # 1500
592.000 # 1500
592.000 # 1500
593.000 # 1500
593.000 # 1500
594.000 # 1500
594.000 # 1500
595.000 # 1500
597.000 # 1500
597.000 # 1500
597.000 # 1500
598.000 # 1500
599.000 # 1500
600.000 # 1500
601.000 # 1500
602.000 # 1500
602.000 # 1500
605.000 # 1500
606.000 # 1500
607.000 # 1500
607.000 # 1500
609.000 # 1500
609.000 # 1500
610.000 # 1500
611.000 # 1500
611.000 # 1500
611.000 # 1500
612.000 # 1500
613.000 # 1500
614.000 # 1500
614.000 # 1500
614.000 # 1500
615.000 # 1500
616.000 # 1500
616.000 # 1500
617.000 # 1500
619.000 # 1500
619.000 # 1500
619.000 # 1500
620.000 # 1500
622.000 # 1500
622.000 # 1500
631.000 # 1500
631.000 # 1500
631.000 # 1500
631.000 # 1500
632.000 # 1500
632.000 # 1500
632.000 # 1500
632.000 # 1500
632.000 # 1500
632.000 # 1500
632.000 # 1500
632.000 # 1500
632.000 # 1500
632.000 # 1500
633.000 # 1500
641.000 # 1500
641.000 # 1500
641.000 # 1500
641.000 # 1500
641.000 # 1500
642.000 # 1500
642.000 # 1500
642.000 # 1500
642.000 # 1500
642.000 # 1500
642.000 # 1500
649.000 # 1500
649.000 # 1500
649.000 # 1500
649.000 # 1500
649.000 # 1500
650.000 # 1500
650.000 # 1500
650.000 # 1500
652.000 # 1500
653.000 # 1500
653.000 # 1500
654.000 # 1500
656.000 # 1500
657.000 # 1500
666.000 # 1500
666.000 # 1500
666.000 # 1500
669.000 # 1500
670.000 # 1500
671.000 # 1500
671.000 # 1500
671.000 # 1500
671.000 # 1500
671.000 # 1500
671.000 # 1500
671.000 # 1500
671.000 # 1500
672.000 # 1500
673.000 # 1500
673.000 # 1500
675.000 # 1500
676.000 # 1500
677.000 # 1500
677.000 # 1500
678.000 # 1500
679.000 # 1500
680.000 # 1500
680.000 # 1500
682.000 # 1500
683.000 # 1500
685.000 # 1500
685.000 # 1500
686.000 # 1500
687.000 # 1500
688.000 # 1500
688.000 # 1500
690.000 # 1500
691.000 # 1500
691.000 # 1500
693.000 # 1500
694.000 # 1500
697.000 # 1500
697.000 # 1500
697.000 # 1500
698.000 # 1500
698.000 # 1500
700.000 # 1500
701.000 # 1500
702.000 # 1500
704.000 # 1500
706.000 # 1500
706.000 # 1500
706.000 # 1500
708.000 # 1500
719.000 # 1500
719.000 # 1500
720.000 # 1500
720.000 # 1500
720.000 # 1500
720.000 # 1500
720.000 # 1500
720.000 # 1500
724.000 # 1500
726.000 # 1500
726.000 # 1500
726.000 # 1500
726.000 # 1500
727.000 # 1500
727.000 # 1500
727.000 # 1500
727.000 # 1500
727.000 # 1500
727.000 # 1500
727.000 # 1500
736.000 # 1500
736.000 # 1500
736.000 # 1500
736.000 # 1500
736.000 # 1500
737.000 # 1500
737.000 # 1500
737.000 # 1500
747.000 # 1500
747.000 # 1500
747.000 # 1500
747.000 # 1500
747.000 # 1500
747.000 # 1500
747.000 # 1500
747.000 # 1500
747.000 # 1500
748.000 # 1500
748.000 # 1500
748.000 # 1500
748.000 # 1500
757.000 # 1500
757.000 # 1500
757.000 # 1500
757.000 # 1500
757.000 # 1500
757.000 # 1500
757.000 # 1500
758.000 # 1500
758.000 # 1500
758.000 # 1500
759.000 # 1500
761.000 # 1500
761.000 # 1500
761.000 # 1500
763.000 # 1500
763.000 # 1500
773.000 # 1500
773.000 # 1500
773.000 # 1500
773.000 # 1500
773.000 # 1500
776.000 # 1500
777.000 # 1500
777.000 # 1500
778.000 # 1500
780.000 # 1500
781.000 # 1500
781.000 # 1500
782.000 # 1500
782.000 # 1500
786.000 # 1500
786.000 # 1500
801.000 # 1500
801.000 # 1500
801.000 # 1500
801.000 # 1500
802.000 # 1500
802.000 # 1500
802.000 # 1500
802.000 # 1500
803.000 # 1500
803.000 # 1500
804.000 # 1500
807.000 # 1500
807.000 # 1500
808.000 # 1500
809.000 # 1500
810.000 # 1500
811.000 # 1500
813.000 # 1500
813.000 # 1500
817.000 # 1500
820.000 # 1500
821.000 # 1500
823.000 # 1500
826.000 # 1500
826.000 # 1500
827.000 # 1500
827.000 # 1500
828.000 # 1500
831.000 # 1500
831.000 # 1500
836.000 # 1500
838.000 # 1500
838.000 # 1500
840.000 # 1500
840.000 # 1500
841.000 # 1500
842.000 # 1500
843.000 # 1500
846.000 # 1500
846.000 # 1500
847.000 # 1500
848.000 # 1500
849.000 # 1500
850.000 # 1500
851.000 # 1500
853.000 # 1500
856.000 # 1500
858.000 # 1500
859.000 # 1500
860.000 # 1500
862.000 # 1500
864.000 # 1500
866.000 # 1500
868.000 # 1500
881.000 # 1500
882.000 # 1500
892.000 # 1500
902.000 # 1500
912.000 # 1500
912.000 # 1500
917.000 # 1500
920.000 # 1500
920.000 # 1500
921.000 # 1500
923.000 # 1500
923.000 # 1500
924.000 # 1500
925.000 # 1500
930.000 # 1500
930.000 # 1500
930.000 # 1500
931.000 # 1500
932.000 # 1500
934.000 # 1500
936.000 # 1500
937.000 # 1500
937.000 # 1500
939.000 # 1500
940.000 # 1500
942.000 # 1500
946.000 # 1500
946.000 # 1500
957.000 # 1500
957.000 # 1500
957.000 # 1500
958.000 # 1500
958.000 # 1500
958.000 # 1500
958.000 # 1500
958.000 # 1500
958.000 # 1500
958.000 # 1500
958.000 # 1500
959.000 # 1500
959.000 # 1500
960.000 # 1500
969.000 # 1500
969.000 # 1500
969.000 # 1500
969.000 # 1500
969.000 # 1500
969.000 # 1500
969.000 # 1500
970.000 # 1500
975.000 # 1500
977.000 # 1500
977.000 # 1500
986.000 # 1500
986.000 # 1500
986.000 # 1500
986.000 # 1500
986.000 # 1500
986.000 # 1500
986.000 # 1500
987.000 # 1500
997.000 # 1500
997.000 # 1500
997.000 # 1500
997.000 # 1500
997.000 # 1500
997.000 # 1500
997.000 # 1500
997.000 # 1500
997.000 # 1500
1003.000 # 1500
1003.000 # 1500
1004.000 # 1500
1004.000 # 1500
1004.000 # 1500
1004.000 # 1500
1004.000 # 1500
1004.000 # 1500
1004.000 # 1500
1004.000 # 1500
1004.000 # 1500
1005.000 # 1500
1007.000 # 1500
1007.000 # 1500
1007.000 # 1500
1017.000 # 1500
1017.000 # 1500
1017.000 # 1500
1017.000 # 1500
1018.000 # 1500
1018.000 # 1500
1018.000 # 1500
1018.000 # 1500
1018.000 # 1500
1018.000 # 1500
1022.000 # 1500
1022.000 # 1500
1023.000 # 1500
1023.000 # 1500
1024.000 # 1500
1026.000 # 1500
1027.000 # 1500
1027.000 # 1500
1027.000 # 1500
1031.000 # 1500
1031.000 # 1500
1031.000 # 1500
1033.000 # 1500
1034.000 # 1500
1034.000 # 1500
1034.000 # 1500
1046.000 # 1500
1046.000 # 1500
1047.000 # 1500
1047.000 # 1500
1047.000 # 1500
1048.000 # 1500
1048.000 # 1500
1048.000 # 1500
1048.000 # 1500
1049.000 # 1500
1049.000 # 1500
1049.000 # 1500
1049.000 # 1500
1049.000 # 1500
1049.000 # 1500
1049.000 # 1500
1049.000 # 1500
1049.000 # 1500
1050.000 # 1500
1050.000 # 1500
1051.000 # 1500
1051.000 # 1500
1052.000 # 1500
1052.000 # 1500
1055.000 # 1500
1055.000 # 1500
1056.000 # 1500
1056.000 # 1500
1057.000 # 1500
1058.000 # 1500
1058.000 # 1500
1068.000 # 1500
1068.000 # 1500
1068.000 # 1500
1068.000 # 1500
1068.000 # 1500
1068.000 # 1500
1068.000 # 1500
1068.000 # 1500
1068.000 # 1500
1068.000 # 1500
1069.000 # 1500
1069.000 # 1500
1071.000 # 1500
1071.000 # 1500
1072.000 # 1500
1072.000 # 1500
1073.000 # 1500
1073.000 # 1500
1074.000 # 1500
1074.000 # 1500
1075.000 # 1500
1076.000 # 1500
1077.000 # 1500
1078.000 # 1500
1078.000 # 1500
1078.000 # 1500
1079.000 # 1500
1079.000 # 1500
1080.000 # 1500
1083.000 # 1500
1083.000 # 1500
1083.000 # 1500
1084.000 # 1500
1085.000 # 1500
1085.000 # 1500
1086.000 # 1500
1086.000 # 1500
1088.000 # 1500
1089.000 # 1500
1089.000 # 1500
1092.000 # 1500
1093.000 # 1500
1093.000 # 1500
1094.000 # 1500
1096.000 # 1500
1096.000 # 1500
1096.000 # 1500
1097.000 # 1500
1098.000 # 1500
1098.000 # 1500
1099.000 # 1500
1099.000 # 1500
1100.000 # 1500
1103.000 # 1500
1103.000 # 1500
1103.000 # 1500
1104.000 # 1500
1104.000 # 1500
1104.000 # 1500
1105.000 # 1500
1106.000 # 1500
1106.000 # 1500
1107.000 # 1500
1108.000 # 1500
1108.000 # 1500
1108.000 # 1500
1109.000 # 1500
1109.000 # 1500
1111.000 # 1500
1111.000 # 1500
1112.000 # 1500
1112.000 # 1500
1113.000 # 1500
1113.000 # 1500
1114.000 # 1500
1114.000 # 1500
1115.000 # 1500
1116.000 # 1500
1117.000 # 1500
1117.000 # 1500
1118.000 # 1500
1119.000 # 1500
1119.000 # 1500
1120.000 # 1500
1120.000 # 1500
1122.000 # 1500
1122.000 # 1500
1123.000 # 1500
1124.000 # 1500
1124.000 # 1500
1124.000 # 1500
1124.000 # 1500
1125.000 # 1500
1127.000 # 1500
1127.000 # 1500
1128.000 # 1500
1128.000 # 1500
1130.000 # 1500
1132.000 # 1500
1132.000 # 1500
1133.000 # 1500
1133.000 # 1500
1135.000 # 1500
1136.000 # 1500
1136.000 # 1500
1136.000 # 1500
1136.000 # 1500
1138.000 # 1500
1139.000 # 1500
1141.000 # 1500
1141.000 # 1500
1141.000 # 1500
1141.000 # 1500
1143.000 # 1500
1143.000 # 1500
1143.000 # 1500
1144.000 # 1500
1144.000 # 1500
1147.000 # 1500
1147.000 # 1500
1148.000 # 1500
1148.000 # 1500
1148.000 # 1500
1149.000 # 1500
1149.000 # 1500
1149.000 # 1500
1150.000 # 1500
1150.000 # 1500
1151.000 # 1500
1152.000 # 1500
1153.000 # 1500
1153.000 # 1500
1155.000 # 1500
1156.000 # 1500
1157.000 # 1500
1157.000 # 1500
1157.000 # 1500
1158.000 # 1500
1158.000 # 1500
1180.000 # 1500
1180.000 # 1500
1180.000 # 1500
1180.000 # 1500
1181.000 # 1500
1181.000 # 1500
1181.000 # 1500
1181.000 # 1500
1181.000 # 1500
1181.000 # 1500
1181.000 # 1500
1181.000 # 1500
1181.000 # 1500
1181.000 # 1500
1181.000 # 1500
1181.000 # 1500
1182.000 # 1500
1182.000 # 1500
1182.000 # 1500
1182.000 # 1500
1182.000 # 1500
1182.000 # 1500
1182.000 # 1500
1182.000 # 1500
1182.000 # 1500
1182.000 # 1500
1182.000 # 1500
1182.000 # 1500
1182.000 # 1500
1183.000 # 1500
1183.000 # 1500
1183.000 # 1500
1183.000 # 1500
1183.000 # 1500
1185.000 # 1500
1185.000 # 1500
1187.000 # 1500
1188.000 # 1500
1189.000 # 1500
1190.000 # 1500
1190.000 # 1500
1190.000 # 1500
1191.000 # 1500
1191.000 # 1500
1191.000 # 1500
1191.000 # 1500
1193.000 # 1500
1193.000 # 1500
1194.000 # 1500
1194.000 # 1500
1194.000 # 1500
1194.000 # 1500
1195.000 # 1500
1196.000 # 1500
1198.000 # 1500
1198.000 # 1500
1199.000 # 1500
1199.000 # 1500
1200.000 # 1500
1201.000 # 1500
1201.000 # 1500
1202.000 # 1500
1202.000 # 1500
1203.000 # 1500
1203.000 # 1500
1213.000 # 1500
1213.000 # 1500
1213.000 # 1500
1214.000 # 1500
1216.000 # 1500
1216.000 # 1500
1217.000 # 1500
1217.000 # 1500
1218.000 # 1500
1218.000 # 1500
1219.000 # 1500
1219.000 # 1500
1219.000 # 1500
1219.000 # 1500
1219.000 # 1500
1229.000 # 1500
1229.000 # 1500
1232.000 # 1500
1232.000 # 1500
1232.000 # 1500
1233.000 # 1500
1236.000 # 1500
1236.000 # 1500
1236.000 # 1500
1237.000 # 1500
1239.000 # 1500
1239.000 # 1500
1239.000 # 1500
1239.000 # 1500
1240.000 # 1500
1243.000 # 1500
1243.000 # 1500
1244.000 # 1500
1245.000 # 1500
1246.000 # 1500
1247.000 # 1500
1248.000 # 1500
1251.000 # 1500
1251.000 # 1500
1251.000 # 1500
1261.000 # 1500
1261.000 # 1500
1261.000 # 1500
1262.000 # 1500
1262.000 # 1500
1262.000 # 1500
1262.000 # 1500
1262.000 # 1500
1263.000 # 1500
1263.000 # 1500
1266.000 # 1500
1266.000 # 1500
1268.000 # 1500
1268.000 # 1500
1269.000 # 1500
1270.000 # 1500
1270.000 # 1500
1271.000 # 1500
1272.000 # 1500
1273.000 # 1500
1273.000 # 1500
1274.000 # 1500
1275.000 # 1500
1276.000 # 1500
1277.000 # 1500
1278.000 # 1500
1280.000 # 1500
1281.000 # 1500
1281.000 # 1500
1282.000 # 1500
1284.000 # 1500
1285.000 # 1500
1286.000 # 1500
1286.000 # 1500
1287.000 # 1500
1288.000 # 1500
1289.000 # 1500
1289.000 # 1500
1294.000 # 1500
1294.000 # 1500
1295.000 # 1500
1295.000 # 1500
1296.000 # 1500
1297.000 # 1500
1298.000 # 1500
1298.000 # 1500
1298.000 # 1500
1301.000 # 1500
1301.000 # 1500
1301.000 # 1500
1302.000 # 1500
1303.000 # 1500
1304.000 # 1500
1305.000 # 1500
1306.000 # 1500
1306.000 # 1500
1308.000 # 1500
1308.000 # 1500
1308.000 # 1500
1310.000 # 1500
1311.000 # 1500
1311.000 # 1500
1312.000 # 1500
1313.000 # 1500
1314.000 # 1500
1315.000 # 1500
1317.000 # 1500
1317.000 # 1500
1319.000 # 1500
1319.000 # 1500
1320.000 # 1500
1321.000 # 1500
1322.000 # 1500
1322.000 # 1500
1323.000 # 1500
1324.000 # 1500
1324.000 # 1500
1325.000 # 1500
1327.000 # 1500
1327.000 # 1500
1327.000 # 1500
1327.000 # 1500
1329.000 # 1500
1331.000 # 1500
1331.000 # 1500
1331.000 # 1500
1333.000 # 1500
1333.000 # 1500
1342.000 # 1500
1342.000 # 1500
1342.000 # 1500
1342.000 # 1500
1343.000 # 1500
1343.000 # 1500
1343.000 # 1500
1343.000 # 1500
1343.000 # 1500
1343.000 # 1500
1343.000 # 1500
1343.000 # 1500
1343.000 # 1500
1343.000 # 1500
1344.000 # 1500
1345.000 # 1500
1345.000 # 1500
1356.000 # 1500
1356.000 # 1500
1356.000 # 1500
1356.000 # 1500
1356.000 # 1500
1356.000 # 1500
1356.000 # 1500
1361.000 # 1500
1361.000 # 1500
1361.000 # 1500
1361.000 # 1500
1362.000 # 1500
1362.000 # 1500
1362.000 # 1500
1362.000 # 1500
1362.000 # 1500
1362.000 # 1500
1362.000 # 1500
1367.000 # 1500
1367.000 # 1500
1367.000 # 1500
1367.000 # 1500
1367.000 # 1500
1367.000 # 1500
1374.000 # 1500
1374.000 # 1500
1376.000 # 1500
1376.000 # 1500
1377.000 # 1500
1377.000 # 1500
1378.000 # 1500
1378.000 # 1500
1378.000 # 1500
1378.000 # 1500
1378.000 # 1500
1379.000 # 1500
1380.000 # 1500
1381.000 # 1500
1382.000 # 1500
1386.000 # 1500
1386.000 # 1500
1387.000 # 1500
1390.000 # 1500
1391.000 # 1500
1391.000 # 1500
1392.000 # 1500
1395.000 # 1500
1396.000 # 1500
1397.000 # 1500
1398.000 # 1500
1411.000 # 1500
1411.000 # 1500
1411.000 # 1500
1412.000 # 1500
1412.000 # 1500
1412.000 # 1500
1412.000 # 1500
1412.000 # 1500
1412.000 # 1500
1412.000 # 1500
1412.000 # 1500
1415.000 # 1500
1416.000 # 1500
1416.000 # 1500
1417.000 # 1500
1418.000 # 1500
1421.000 # 1500
1423.000 # 1500
1423.000 # 1500
1425.000 # 1500
1426.000 # 1500
1426.000 # 1500
1428.000 # 1500
1431.000 # 1500
1431.000 # 1500
1431.000 # 1500
1432.000 # 1500
1433.000 # 1500
1434.000 # 1500
1435.000 # 1500
1435.000 # 1500
1436.000 # 1500
1437.000 # 1500
1438.000 # 1500
1439.000 # 1500
1440.000 # 1500
1441.000 # 1500
1441.000 # 1500
1442.000 # 1500
1443.000 # 1500
1444.000 # 1500
1445.000 # 1500
1446.000 # 1500
1446.000 # 1500
1447.000 # 1500
1448.000 # 1500
1449.000 # 1500
1449.000 # 1500
1451.000 # 1500
1451.000 # 1500
1452.000 # 1500
1452.000 # 1500
1453.000 # 1500
1456.000 # 1500
1456.000 # 1500
1456.000 # 1500
1457.000 # 1500
1457.000 # 1500
1458.000 # 1500
1459.000 # 1500
1459.000 # 1500
1468.000 # 1500
1468.000 # 1500
1468.000 # 1500
1468.000 # 1500
1468.000 # 1500
1471.000 # 1500
1472.000 # 1500
1472.000 # 1500
1472.000 # 1500
1472.000 # 1500
1472.000 # 1500
1472.000 # 1500
1472.000 # 1500
1472.000 # 1500
1475.000 # 1500
1476.000 # 1500
1487.000 # 1500
1487.000 # 1500
1488.000 # 1500
1491.000 # 1500
1491.000 # 1500
1493.000 # 1500
1494.000 # 1500
1495.000 # 1500
1496.000 # 1500
1496.000 # 1500
1496.000 # 1500
1497.000 # 1500
1497.000 # 1500
1497.000 # 1500
1503.000 # 1500
1503.000 # 1500
1503.000 # 1500
1504.000 # 1500
1508.000 # 1500
1509.000 # 1500
1510.000 # 1500
1511.000 # 1500
1515.000 # 1500
1516.000 # 1500
1518.000 # 1500
1519.000 # 1500
1520.000 # 1500
1522.000 # 1500
1523.000 # 1500
1526.000 # 1500
1527.000 # 1500
1528.000 # 1500
1530.000 # 1500
1531.000 # 1500
1532.000 # 1500
1535.000 # 1500
1536.000 # 1500
1536.000 # 1500
1539.000 # 1500
1540.000 # 1500
1541.000 # 1500
1542.000 # 1500
1543.000 # 1500
1544.000 # 1500
1545.000 # 1500
1547.000 # 1500
1547.000 # 1500
1548.000 # 1500
1550.000 # 1500
1551.000 # 1500
1552.000 # 1500
1554.000 # 1500
1555.000 # 1500
1557.000 # 1500
1560.000 # 1500
1560.000 # 1500
1561.000 # 1500
1561.000 # 1500
1562.000 # 1500
1563.000 # 1500
1565.000 # 1500
1565.000 # 1500
1566.000 # 1500
1567.000 # 1500
1568.000 # 1500
1569.000 # 1500
1570.000 # 1500
1570.000 # 1500
1571.000 # 1500
1573.000 # 1500
1573.000 # 1500
1575.000 # 1500
1576.000 # 1500
1576.000 # 1500
1576.000 # 1500
1577.000 # 1500
1578.000 # 1500
1634.000 # 1500
1638.000 # 1500
1638.000 # 1500
1638.000 # 1500
1639.000 # 1500
1639.000 # 1500
1639.000 # 1500
1639.000 # 1500
1639.000 # 1500
1639.000 # 1500
1639.000 # 1500
1639.000 # 1500
1639.000 # 1500
1639.000 # 1500
1640.000 # 1500
1640.000 # 1500
1640.000 # 1500
1640.000 # 1500
1640.000 # 1500
1640.000 # 1500
1640.000 # 1500
1640.000 # 1500
1640.000 # 1500
1641.000 # 1500
1641.000 # 1500
1641.000 # 1500
1641.000 # 1500
1641.000 # 1500
1641.000 # 1500
1641.000 # 1500
1641.000 # 1500
1641.000 # 1500
1642.000 # 1500
1642.000 # 1500
1642.000 # 1500
1642.000 # 1500
1642.000 # 1500
1642.000 # 1500
1642.000 # 1500
1643.000 # 1500
1643.000 # 1500
1643.000 # 1500
1643.000 # 1500
1643.000 # 1500
1643.000 # 1500
1644.000 # 1500
1644.000 # 1500
1644.000 # 1500
1644.000 # 1500
1644.000 # 1500
1645.000 # 1500
1645.000 # 1500
1645.000 # 1500
1645.000 # 1500
1645.000 # 1500
1645.000 # 1500
1645.000 # 1500
1646.000 # 1500
1646.000 # 1500
1646.000 # 1500
1646.000 # 1500
1646.000 # 1500
1647.000 # 1500
1647.000 # 1500
1647.000 # 1500
1647.000 # 1500
1647.000 # 1500
1647.000 # 1500
1647.000 # 1500
1648.000 # 1500
1648.000 # 1500
1648.000 # 1500
1648.000 # 1500
1648.000 # 1500
1649.000 # 1500
1651.000 # 1500
1652.000 # 1500
1652.000 # 1500
1653.000 # 1500
1654.000 # 1500
1655.000 # 1500
1656.000 # 1500
1658.000 # 1500
1658.000 # 1500
1659.000 # 1500
1661.000 # 1500
1661.000 # 1500
1662.000 # 1500
1662.000 # 1500
1664.000 # 1500
1666.000 # 1500
1666.000 # 1500
1667.000 # 1500
1668.000 # 1500
1670.000 # 1500
1670.000 # 1500
1671.000 # 1500
1675.000 # 1500
1675.000 # 1500
1676.000 # 1500
1676.000 # 1500
1676.000 # 1500
1678.000 # 1500
1688.000 # 1500
1692.000 # 1500
1692.000 # 1500
1692.000 # 1500
1692.000 # 1500
1696.000 # 1500
1696.000 # 1500
1699.000 # 1500
1700.000 # 1500
1700.000 # 1500
1707.000 # 1500
1717.000 # 1500
1717.000 # 1500
1717.000 # 1500
1718.000 # 1500
1718.000 # 1500
1718.000 # 1500
1718.000 # 1500
1718.000 # 1500
1721.000 # 1500
1721.000 # 1500
1722.000 # 1500
1723.000 # 1500
1725.000 # 1500
1726.000 # 1500
1729.000 # 1500
1731.000 # 1500
1732.000 # 1500
1733.000 # 1500
1737.000 # 1500
1740.000 # 1500
1742.000 # 1500
1745.000 # 1500
1746.000 # 1500
1748.000 # 1500
1750.000 # 1500
1753.000 # 1500
1753.000 # 1500
1756.000 # 1500
1759.000 # 1500
1761.000 # 1500
1762.000 # 1500
1764.000 # 1500
1768.000 # 1500
1768.000 # 1500
1771.000 # 1500
1772.000 # 1500
1777.000 # 1500
1777.000 # 1500
1778.000 # 1500
1780.000 # 1500
1781.000 # 1500
1785.000 # 1500
1786.000 # 1500
1788.000 # 1500
1789.000 # 1500
1790.000 # 1500
1792.000 # 1500
1792.000 # 1500
1793.000 # 1500
1793.000 # 1500
1794.000 # 1500
1796.000 # 1500
1799.000 # 1500
1800.000 # 1500
1801.000 # 1500
1802.000 # 1500
1803.000 # 1500
1804.000 # 1500
1804.000 # 1500
1805.000 # 1500
1806.000 # 1500
1807.000 # 1500
1807.000 # 1500
1808.000 # 1500
1809.000 # 1500
1810.000 # 1500
1811.000 # 1500
1813.000 # 1500
1813.000 # 1500
1813.000 # 1500
1814.000 # 1500
1815.000 # 1500
1816.000 # 1500
1817.000 # 1500
1817.000 # 1500
1818.000 # 1500
1819.000 # 1500
1828.000 # 1500
1832.000 # 1500
1833.000 # 1500
1833.000 # 1500
1833.000 # 1500
1833.000 # 1500
1833.000 # 1500
1833.000 # 1500
1839.000 # 1500
1839.000 # 1500
1839.000 # 1500
1839.000 # 1500
1839.000 # 1500
1839.000 # 1500
1849.000 # 1500
1849.000 # 1500
1849.000 # 1500
1849.000 # 1500
1849.000 # 1500
1849.000 # 1500
1850.000 # 1500
1851.000 # 1500
1852.000 # 1500
1854.000 # 1500
1855.000 # 1500
1863.000 # 1500
1866.000 # 1500
1866.000 # 1500
1866.000 # 1500
1866.000 # 1500
1866.000 # 1500
1866.000 # 1500
1866.000 # 1500
1869.000 # 1500
1869.000 # 1500
1871.000 # 1500
1875.000 # 1500
1875.000 # 1500
1877.000 # 1500
1882.000 # 1500
1883.000 # 1500
1885.000 # 1500
1887.000 # 1500
1888.000 # 1500
1889.000 # 1500
1890.000 # 1500
1891.000 # 1500
1893.000 # 1500
1893.000 # 1500
1894.000 # 1500
1895.000 # 1500
1896.000 # 1500
1897.000 # 1500
1898.000 # 1500
1899.000 # 1500
1901.000 # 1500
1901.000 # 1500
1901.000 # 1500
1903.000 # 1500
1913.000 # 1500
1913.000 # 1500
1926.000 # 1500
1932.000 # 1500
1934.000 # 1500
1936.000 # 1500
1941.000 # 1500
1942.000 # 1500
1944.000 # 1500
1945.000 # 1500
1946.000 # 1500
1949.000 # 1500
1949.000 # 1500
1950.000 # 1500
1951.000 # 1500
1952.000 # 1500
1957.000 # 1500
1957.000 # 1500
1958.000 # 1500
1960.000 # 1500
1961.000 # 1500
1963.000 # 1500
1963.000 # 1500
1966.000 # 1500
1966.000 # 1500
1969.000 # 1500
1969.000 # 1500
1971.000 # 1500
1973.000 # 1500
1975.000 # 1500
1981.000 # 1500
1983.000 # 1500
1983.000 # 1500
1984.000 # 1500
1985.000 # 1500
1987.000 # 1500
1990.000 # 1500
1996.000 # 1500
2002.000 # 1500
2013.000 # 1500
2016.000 # 1500
2018.000 # 1500
2018.000 # 1500
2018.000 # 1500
2018.000 # 1500
2018.000 # 1500
2020.000 # 1500
2023.000 # 1500
2023.000 # 1500
2024.000 # 1500
2026.000 # 1500
2027.000 # 1500
2027.000 # 1500
2030.000 # 1500
2032.000 # 1500
2041.000 # 1500
2042.000 # 1500
2047.000 # 1500
2048.000 # 1500
2050.000 # 1500
2051.000 # 1500
2052.000 # 1500
2054.000 # 1500
2055.000 # 1500
2056.000 # 1500
2058.000 # 1500
2059.000 # 1500
2060.000 # 1500
2061.000 # 1500
2062.000 # 1500
2066.000 # 1500
2069.000 # 1500
2069.000 # 1500
2071.000 # 1500
2072.000 # 1500
2074.000 # 1500
2076.000 # 1500
2077.000 # 1500
2078.000 # 1500
2079.000 # 1500
2083.000 # 1500
2083.000 # 1500
2085.000 # 1500
2087.000 # 1500
2091.000 # 1500
2095.000 # 1500
2096.000 # 1500
2097.000 # 1500
2098.000 # 1500
2099.000 # 1500
2101.000 # 1500
2101.000 # 1500
2102.000 # 1500
2104.000 # 1500
2105.000 # 1500
2107.000 # 1500
2107.000 # 1500
2107.000 # 1500
2108.000 # 1500
2109.000 # 1500
2110.000 # 1500
2111.000 # 1500
2111.000 # 1500
2113.000 # 1500
2114.000 # 1500
2116.000 # 1500
2116.000 # 1500
2117.000 # 1500
2119.000 # 1500
2119.000 # 1500
2119.000 # 1500
2120.000 # 1500
2121.000 # 1500
2123.000 # 1500
2123.000 # 1500
2123.000 # 1500
2124.000 # 1500
2125.000 # 1500
2126.000 # 1500
2127.000 # 1500
2127.000 # 1500
2128.000 # 1500
2129.000 # 1500
2130.000 # 1500
2131.000 # 1500
2132.000 # 1500
2134.000 # 1500
2135.000 # 1500
2136.000 # 1500
2141.000 # 1500
2141.000 # 1500
2141.000 # 1500
2141.000 # 1500
2142.000 # 1500
2142.000 # 1500
2143.000 # 1500
2144.000 # 1500
2144.000 # 1500
2144.000 # 1500
2145.000 # 1500
2146.000 # 1500
2147.000 # 1500
2147.000 # 1500
2148.000 # 1500
2148.000 # 1500
2149.000 # 1500
2150.000 # 1500
2150.000 # 1500
2151.000 # 1500
2152.000 # 1500
2153.000 # 1500
2154.000 # 1500
2154.000 # 1500
2155.000 # 1500
2156.000 # 1500
2156.000 # 1500
2157.000 # 1500
2158.000 # 1500
2158.000 # 1500
2170.000 # 1500
2170.000 # 1500
2173.000 # 1500
2174.000 # 1500
2174.000 # 1500
2174.000 # 1500
2174.000 # 1500
2174.000 # 1500
2174.000 # 1500
2174.000 # 1500
2174.000 # 1500
2175.000 # 1500
2176.000 # 1500
2176.000 # 1500
2178.000 # 1500
2179.000 # 1500
2180.000 # 1500
2180.000 # 1500
2181.000 # 1500
2183.000 # 1500
2183.000 # 1500
2184.000 # 1500
2186.000 # 1500
2187.000 # 1500
2188.000 # 1500
2188.000 # 1500
2189.000 # 1500
2190.000 # 1500
2191.000 # 1500
2193.000 # 1500
2193.000 # 1500
2194.000 # 1500
2195.000 # 1500
2196.000 # 1500
2197.000 # 1500
2199.000 # 1500
2199.000 # 1500
2199.000 # 1500
2200.000 # 1500
2201.000 # 1500
2201.000 # 1500
2202.000 # 1500
2204.000 # 1500
2205.000 # 1500
2206.000 # 1500
2207.000 # 1500
2207.000 # 1500
2208.000 # 1500
2210.000 # 1500
2211.000 # 1500
2211.000 # 1500
2212.000 # 1500
2214.000 # 1500
2215.000 # 1500
2215.000 # 1500
2216.000 # 1500
2217.000 # 1500
2218.000 # 1500
2218.000 # 1500
2219.000 # 1500
2220.000 # 1500
2222.000 # 1500
2224.000 # 1500
2225.000 # 1500
2227.000 # 1500
2227.000 # 1500
2227.000 # 1500
2228.000 # 1500
2229.000 # 1500
2230.000 # 1500
2230.000 # 1500
2231.000 # 1500
2232.000 # 1500
2234.000 # 1500
2235.000 # 1500
2247.000 # 1500
2247.000 # 1500
2247.000 # 1500
2247.000 # 1500
2247.000 # 1500
2247.000 # 1500
2247.000 # 1500
2247.000 # 1500
2247.000 # 1500
2255.000 # 1500
2255.000 # 1500
2255.000 # 1500
2255.000 # 1500
2255.000 # 1500
2255.000 # 1500
2258.000 # 1500
2258.000 # 1500
2258.000 # 1500
2260.000 # 1500
2260.000 # 1500
2262.000 # 1500
2263.000 # 1500
2263.000 # 1500
2263.000 # 1500
2265.000 # 1500
2266.000 # 1500
2267.000 # 1500
2268.000 # 1500
2268.000 # 1500
2270.000 # 1500
2271.000 # 1500
2272.000 # 1500
2272.000 # 1500
2273.000 # 1500
2274.000 # 1500
2276.000 # 1500
2287.000 # 1500
2287.000 # 1500
2287.000 # 1500
2287.000 # 1500
2287.000 # 1500
2287.000 # 1500
2287.000 # 1500
2287.000 # 1500
2287.000 # 1500
2287.000 # 1500
2296.000 # 1500
2296.000 # 1500
2296.000 # 1500
2296.000 # 1500
2298.000 # 1500
2298.000 # 1500
2298.000 # 1500
2298.000 # 1500
2301.000 # 1500
2302.000 # 1500
2302.000 # 1500
2302.000 # 1500
2308.000 # 1500
2312.000 # 1500
2314.000 # 1500
2314.000 # 1500
2315.000 # 1500
2317.000 # 1500
2317.000 # 1500
2321.000 # 1500
2323.000 # 1500
2324.000 # 1500
2337.000 # 1500
2337.000 # 1500
2337.000 # 1500
2337.000 # 1500
2337.000 # 1500
2341.000 # 1500
2343.000 # 1500
2347.000 # 1500
2348.000 # 1500
2350.000 # 1500
2352.000 # 1500
2354.000 # 1500
2355.000 # 1500
2356.000 # 1500
2358.000 # 1500
2360.000 # 1500
2362.000 # 1500
2365.000 # 1500
2366.000 # 1500
2377.000 # 1500
2377.000 # 1500
2378.000 # 1500
2378.000 # 1500
2383.000 # 1500
2383.000 # 1500
2388.000 # 1500
2388.000 # 1500
2388.000 # 1500
2388.000 # 1500
2389.000 # 1500
2389.000 # 1500
2389.000 # 1500
2390.000 # 1500
2409.000 # 1500
2410.000 # 1500
2410.000 # 1500
2410.000 # 1500
2410.000 # 1500
2410.000 # 1500
2410.000 # 1500
2411.000 # 1500
2411.000 # 1500
2411.000 # 1500
2411.000 # 1500
2411.000 # 1500
2411.000 # 1500
2411.000 # 1500
2413.000 # 1500
2415.000 # 1500
2418.000 # 1500
2420.000 # 1500
2422.000 # 1500
2427.000 # 1500
2430.000 # 1500
2430.000 # 1500
2433.000 # 1500
2435.000 # 1500
2436.000 # 1500
2438.000 # 1500
2440.000 # 1500
2442.000 # 1500
2444.000 # 1500
2446.000 # 1500
2448.000 # 1500
2450.000 # 1500
2451.000 # 1500
2454.000 # 1500
2456.000 # 1500
2457.000 # 1500
2459.000 # 1500
2462.000 # 1500
2463.000 # 1500
2465.000 # 1500
2465.000 # 1500
2468.000 # 1500
2472.000 # 1500
2472.000 # 1500
2473.000 # 1500
2474.000 # 1500
2476.000 # 1500
2478.000 # 1500
2480.000 # 1500
2483.000 # 1500
2483.000 # 1500
2485.000 # 1500
2488.000 # 1500
2488.000 # 1500
2489.000 # 1500
2490.000 # 1500
2491.000 # 1500
2492.000 # 1500
2493.000 # 1500
2495.000 # 1500
2495.000 # 1500
2496.000 # 1500
2497.000 # 1500
2498.000 # 1500
2503.000 # 1500
2503.000 # 1500
2504.000 # 1500
2504.000 # 1500
2505.000 # 1500
2506.000 # 1500
2507.000 # 1500
2508.000 # 1500
2510.000 # 1500
2510.000 # 1500
2511.000 # 1500
2512.000 # 1500
2514.000 # 1500
2515.000 # 1500
2515.000 # 1500
2516.000 # 1500
2518.000 # 1500
2518.000 # 1500
2519.000 # 1500
2520.000 # 1500
2520.000 # 1500
2521.000 # 1500
2522.000 # 1500
2524.000 # 1500
2526.000 # 1500
2527.000 # 1500
2527.000 # 1500
2527.000 # 1500
2528.000 # 1500
2529.000 # 1500
2529.000 # 1500
2539.000 # 1500
2539.000 # 1500
2539.000 # 1500
2540.000 # 1500
2540.000 # 1500
2540.000 # 1500
2540.000 # 1500
2540.000 # 1500
2541.000 # 1500
2541.000 # 1500
2541.000 # 1500
2541.000 # 1500
2546.000 # 1500
2546.000 # 1500
2546.000 # 1500
2546.000 # 1500
2547.000 # 1500
2547.000 # 1500
2547.000 # 1500
2547.000 # 1500
2547.000 # 1500
2553.000 # 1500
2554.000 # 1500
2554.000 # 1500
2554.000 # 1500
2554.000 # 1500
2554.000 # 1500
2554.000 # 1500
2555.000 # 1500
2555.000 # 1500
2555.000 # 1500
2555.000 # 1500
2555.000 # 1500
2555.000 # 1500
2555.000 # 1500
2556.000 # 1500
2556.000 # 1500
2566.000 # 1500
2566.000 # 1500
2566.000 # 1500
2566.000 # 1500
2566.000 # 1500
2567.000 # 1500
2567.000 # 1500
2567.000 # 1500
2573.000 # 1500
2573.000 # 1500
2574.000 # 1500
2574.000 # 1500
2578.000 # 1500
2578.000 # 1500
2579.000 # 1500
2579.000 # 1500
2579.000 # 1500
2579.000 # 1500
2580.000 # 1500
2582.000 # 1500
2584.000 # 1500
2585.000 # 1500
2587.000 # 1500
2589.000 # 1500
2590.000 # 1500
2592.000 # 1500
2594.000 # 1500
2597.000 # 1500
2597.000 # 1500
2599.000 # 1500
2600.000 # 1500
2602.000 # 1500
2606.000 # 1500
2607.000 # 1500
2608.000 # 1500
2610.000 # 1500
2612.000 # 1500
2615.000 # 1500
2616.000 # 1500
2618.000 # 1500
2620.000 # 1500
2623.000 # 1500
2625.000 # 1500
2627.000 # 1500
2628.000 # 1500
2629.000 # 1500
2631.000 # 1500
2632.000 # 1500
2636.000 # 1500
2638.000 # 1500
2638.000 # 1500
2640.000 # 1500
2643.000 # 1500
2643.000 # 1500
2645.000 # 1500
2646.000 # 1500
2648.000 # 1500
2651.000 # 1500
2651.000 # 1500
2653.000 # 1500
2653.000 # 1500
2654.000 # 1500
2655.000 # 1500
2656.000 # 1500
2657.000 # 1500
2658.000 # 1500
2661.000 # 1500
2661.000 # 1500
2662.000 # 1500
2665.000 # 1500
2665.000 # 1500
2666.000 # 1500
2667.000 # 1500
2668.000 # 1500
2670.000 # 1500
2671.000 # 1500
2671.000 # 1500
2673.000 # 1500
2675.000 # 1500
2675.000 # 1500
2676.000 # 1500
2679.000 # 1500
2679.000 # 1500
2680.000 # 1500
2681.000 # 1500
2682.000 # 1500
2683.000 # 1500
2684.000 # 1500
2685.000 # 1500
2686.000 # 1500
2688.000 # 1500
2689.000 # 1500
2691.000 # 1500
2691.000 # 1500
2691.000 # 1500
2693.000 # 1500
2693.000 # 1500
2694.000 # 1500
2694.000 # 1500
2695.000 # 1500
2696.000 # 1500
2697.000 # 1500
2697.000 # 1500
2698.000 # 1500
2699.000 # 1500
2710.000 # 1500
2710.000 # 1500
2712.000 # 1500
2712.000 # 1500
2712.000 # 1500
2712.000 # 1500
2713.000 # 1500
2714.000 # 1500
2714.000 # 1500
2714.000 # 1500
2714.000 # 1500
2714.000 # 1500
2714.000 # 1500
2715.000 # 1500
2716.000 # 1500
2716.000 # 1500
2716.000 # 1500
2718.000 # 1500
2727.000 # 1500
2727.000 # 1500
2727.000 # 1500
2731.000 # 1500
2731.000 # 1500
2732.000 # 1500
2732.000 # 1500
2732.000 # 1500
2732.000 # 1500
2732.000 # 1500
2732.000 # 1500
2732.000 # 1500
2732.000 # 1500
2735.000 # 1500
2737.000 # 1500
2738.000 # 1500
2740.000 # 1500
2742.000 # 1500
2745.000 # 1500
2746.000 # 1500
2748.000 # 1500
2749.000 # 1500
2750.000 # 1500
2753.000 # 1500
2753.000 # 1500
2755.000 # 1500
2755.000 # 1500
2757.000 # 1500
2759.000 # 1500
2759.000 # 1500
2760.000 # 1500
2761.000 # 1500
2761.000 # 1500
2765.000 # 1500
2765.000 # 1500
2766.000 # 1500
2766.000 # 1500
2768.000 # 1500
2768.000 # 1500
2769.000 # 1500
2770.000 # 1500
2771.000 # 1500
2772.000 # 1500
2772.000 # 1500
2774.000 # 1500
2784.000 # 1500
2784.000 # 1500
2784.000 # 1500
2784.000 # 1500
2784.000 # 1500
2784.000 # 1500
2784.000 # 1500
2792.000 # 1500
2792.000 # 1500
2792.000 # 1500
2792.000 # 1500
2793.000 # 1500
2793.000 # 1500
2793.000 # 1500
2793.000 # 1500
2793.000 # 1500
2793.000 # 1500
2794.000 # 1500
2795.000 # 1500
2796.000 # 1500
2796.000 # 1500
2797.000 # 1500
2799.000 # 1500
2799.000 # 1500
2800.000 # 1500
2801.000 # 1500
2801.000 # 1500
2802.000 # 1500
2804.000 # 1500
2804.000 # 1500
2805.000 # 1500
2805.000 # 1500
2806.000 # 1500
2807.000 # 1500
2808.000 # 1500
2809.000 # 1500
2810.000 # 1500
2811.000 # 1500
2813.000 # 1500
2815.000 # 1500
2816.000 # 1500
2817.000 # 1500
2817.000 # 1500
2818.000 # 1500
2820.000 # 1500
2821.000 # 1500
2821.000 # 1500
2822.000 # 1500
2823.000 # 1500
2824.000 # 1500
2825.000 # 1500
2829.000 # 1500
2829.000 # 1500
2830.000 # 1500
2831.000 # 1500
2832.000 # 1500
2832.000 # 1500
2832.000 # 1500
2834.000 # 1500
2837.000 # 1500
2838.000 # 1500
2838.000 # 1500
2838.000 # 1500
2838.000 # 1500
2839.000 # 1500
2840.000 # 1500
2840.000 # 1500
2841.000 # 1500
2842.000 # 1500
2845.000 # 1500
2845.000 # 1500
2846.000 # 1500
2846.000 # 1500
2846.000 # 1500
2847.000 # 1500
2848.000 # 1500
2849.000 # 1500
2849.000 # 1500
2849.000 # 1500
2859.000 # 1500
2859.000 # 1500
2859.000 # 1500
2859.000 # 1500
2859.000 # 1500
2860.000 # 1500
2860.000 # 1500
2860.000 # 1500
2860.000 # 1500
2860.000 # 1500
2860.000 # 1500
2860.000 # 1500
2860.000 # 1500
2861.000 # 1500
2861.000 # 1500
2862.000 # 1500
2862.000 # 1500
2863.000 # 1500
2874.000 # 1500
2874.000 # 1500
2874.000 # 1500
2874.000 # 1500
2874.000 # 1500
2875.000 # 1500
2875.000 # 1500
2875.000 # 1500
2875.000 # 1500
2875.000 # 1500
2875.000 # 1500
2875.000 # 1500
2878.000 # 1500
2878.000 # 1500
2878.000 # 1500
2879.000 # 1500
2880.000 # 1500
2881.000 # 1500
2882.000 # 1500
2891.000 # 1500
2891.000 # 1500
2891.000 # 1500
2891.000 # 1500
2891.000 # 1500
2891.000 # 1500
2891.000 # 1500
2891.000 # 1500
2897.000 # 1500
2898.000 # 1500
2899.000 # 1500
2899.000 # 1500
2900.000 # 1500
2902.000 # 1500
2902.000 # 1500
2903.000 # 1500
2903.000 # 1500
2906.000 # 1500
2906.000 # 1500
2907.000 # 1500
2907.000 # 1500
2907.000 # 1500
2907.000 # 1500
2908.000 # 1500
2909.000 # 1500
2910.000 # 1500
2911.000 # 1500
2912.000 # 1500
2913.000 # 1500
2914.000 # 1500
2914.000 # 1500
2915.000 # 1500
2917.000 # 1500
2917.000 # 1500
2918.000 # 1500
2919.000 # 1500
2920.000 # 1500
2921.000 # 1500
2922.000 # 1500
2922.000 # 1500
2924.000 # 1500
2926.000 # 1500
2927.000 # 1500
2931.000 # 1500
2931.000 # 1500
2932.000 # 1500
2933.000 # 1500
2935.000 # 1500
2935.000 # 1500
2936.000 # 1500
2957.000 # 1500
2971.000 # 1500
2972.000 # 1500
2990.000 # 1500
2992.000 # 1500
2999.000 # 1500
2999.000 # 1500
3000.000 # 1500
3000.000 # 1500
3003.000 # 1500
3005.000 # 1500
3010.000 # 1500
3010.000 # 1500
3022.000 # 1500
3022.000 # 1500
3022.000 # 1500
3022.000 # 1500
3022.000 # 1500
3027.000 # 1500
3027.000 # 1500
3027.000 # 1500
3030.000 # 1500
3030.000 # 1500
3033.000 # 1500
3037.000 # 1500
3037.000 # 1500
3039.000 # 1500
3039.000 # 1500
3047.000 # 1500
3047.000 # 1500
3049.000 # 1500
3050.000 # 1500
3050.000 # 1500
3052.000 # 1500
3053.000 # 1500
3054.000 # 1500
3054.000 # 1500
3054.000 # 1500
3057.000 # 1500
3057.000 # 1500
3058.000 # 1500
3058.000 # 1500
3059.000 # 1500
3061.000 # 1500
3062.000 # 1500
3063.000 # 1500
3064.000 # 1500
3066.000 # 1500
3067.000 # 1500
3067.000 # 1500
3069.000 # 1500
3069.000 # 1500
3070.000 # 1500
3071.000 # 1500
3073.000 # 1500
3073.000 # 1500
3073.000 # 1500
3073.000 # 1500
3074.000 # 1500
3076.000 # 1500
3076.000 # 1500
3076.000 # 1500
3079.000 # 1500
3079.000 # 1500
3080.000 # 1500
3082.000 # 1500
3082.000 # 1500
3082.000 # 1500
3084.000 # 1500
3084.000 # 1500
3085.000 # 1500
3086.000 # 1500
3088.000 # 1500
3088.000 # 1500
3097.000 # 1500
3099.000 # 1500
3099.000 # 1500
3101.000 # 1500
3101.000 # 1500
3101.000 # 1500
3101.000 # 1500
3101.000 # 1500
3101.000 # 1500
3101.000 # 1500
3102.000 # 1500
3112.000 # 1500
3116.000 # 1500
3116.000 # 1500
3116.000 # 1500
3116.000 # 1500
3116.000 # 1500
3116.000 # 1500
3116.932 + 96 1
3117.000 # 1500
3117.000 # 1500
3117.000 # 1500
3117.000 # 1500
3117.000 # 1500
3117.000 # 1500
3117.000 # 1500
3119.000 # 1500
3119.692 - 96 2.760 1
3120.000 # 1500
3120.000 # 1500
3121.000 # 1500
3121.000 # 1500
3122.000 # 1500
3122.000 # 1500
3122.000 # 1500
3123.000 # 1500
3124.000 # 1500
3124.286 + 88 1
3124.303 + 88 1
3124.342 + 88 1
3125.684 + 88 1
3126.743 + 88 1
3127.000 # 1500
3127.000 # 1500
3128.656 + 88 1
3128.665 + 88 1
3128.739 - 88 4.453 1
3128.785 - 88 4.482 1
3128.814 - 88 4.472 1
3128.818 - 88 3.134 1
3128.821 - 88 2.078 1
3129.684 + 88 1
3131.000 # 1500
3132.568 + 88 1
3132.576 + 88 1
3132.620 - 88 3.964 1
3132.637 - 88 3.972 1
3132.643 - 88 2.959 1
3135.465 + 88 1
3135.499 + 88 1
3135.505 + 88 1
3137.000 # 1500
3138.431 - 88 5.863 1
3138.460 - 88 5.884 1
3138.466 - 88 3.001 1
3138.468 + 88 1
3138.496 - 88 2.997 1
3138.500 - 88 2.995 1
3138.503 + 88 1
3140.403 + 88 1
3142.354 + 88 1
3144.000 # 1500
3145.251 + 88 1
3145.338 - 88 6.870 1
3145.382 - 88 6.879 1
3145.411 - 88 5.008 1
3145.416 - 88 3.062 1
3147.244 + 88 1
3150.162 + 88 1
3154.006 + 88 1
3155.000 # 1500
3156.083 - 88 10.832 1
3156.114 + 88 1
3156.128 - 88 8.884 1
3156.158 - 88 5.996 1
3156.164 - 88 2.158 1
3158.252 + 88 1
3159.000 # 1500
3159.000 # 1500
3159.837 - 88 3.723 1
3159.887 - 88 1.635 1
3160.000 # 1500
3160.000 # 1500
3161.000 # 1500
3164.000 # 1500
3164.829 + 88 1
3164.964 + 88 1
3165.000 # 1500
3166.732 - 88 1.903 1
3166.778 - 88 1.814 1
3167.000 # 1500
3169.000 # 1500
3169.686 + 88 1
3170.000 # 1500
3171.578 - 88 1.892 1
3171.929 + 88 1
3172.000 # 1500
3174.000 # 1500
3175.506 - 88 3.577 1
3176.000 # 1500
3178.000 # 1500
3179.000 # 1500
3181.000 # 1500
3183.356 + 88 1
3184.000 # 1500
3185.242 - 88 1.886 1
3187.000 # 1500
3188.000 # 1500
3190.000 # 1500
3191.000 # 1500
3191.388 + 88 1
3195.432 + 88 1
3196.000 # 1500
3197.177 - 88 5.789 1
3197.221 - 88 1.789 1
3198.000 # 1500
3199.000 # 1500
3201.000 # 1500
3202.000 # 1500
3202.288 + 88 1
3205.000 # 1500
3205.065 + 88 1
3205.192 - 88 2.904 1
3205.529 + 88 1
3206.000 # 1500
3207.897 - 88 2.832 1
3207.950 - 88 2.421 1
3208.172 + 88 1
3209.000 # 1500
3209.678 - 88 1.506 1
3210.000 # 1500
3211.000 # 1500
3212.739 + 88 1
3213.000 # 1500
3213.000 # 1500
3214.000 # 1500
3214.513 - 88 1.774 1
3215.000 # 1500
3216.000 # 1500
3217.000 # 1500
3220.000 # 1500
3220.000 # 1500
3221.000 # 1500
3221.000 # 1500
3222.000 # 1500
3224.000 # 1500
3225.000 # 1500
3226.000 # 1500
3226.386 + 88 1
3226.420 + 88 1
3227.000 # 1500
3228.189 - 88 1.803 1
3228.261 - 88 1.841 1
3228.406 + 88 1
3231.000 # 1500
3232.000 # 1500
3232.127 - 88 3.721 1
3237.000 # 1500
3238.000 # 1500
3239.000 # 1500
3240.000 # 1500
3242.000 # 1500
3245.000 # 1500
3245.000 # 1500
3247.000 # 1500
3248.026 + 88 1
3248.061 + 88 1
3248.067 + 88 1
3248.072 + 88 1
3249.000 # 1500
3249.676 - 88 1.650 1
3249.728 - 88 1.667 1
3249.754 - 88 1.687 1
3249.761 - 88 1.689 1
3250.000 # 1500
3251.000 # 1500
3251.000 # 1500
3252.000 # 1500
3253.000 # 1500
3253.020 + 88 1
3254.000 # 1500
3254.629 - 88 1.609 1
3254.936 + 88 1
3256.000 # 1500
3256.717 - 88 1.781 1
3256.772 + 88 1
3258.000 # 1500
3258.000 # 1500
3259.808 - 88 3.036 1
3259.883 + 88 1
3261.000 # 1500
3261.000 # 1500
3262.572 - 88 2.689 1
3263.000 # 1500
3263.000 # 1500
3266.000 # 1500
3266.000 # 1500
3268.000 # 1500
3269.000 # 1500
3269.182 + 88 1
3269.219 + 88 1
3269.224 + 88 1
3269.229 + 88 1
3269.233 + 88 1
3270.000 # 1500
3270.000 # 1500
3270.662 - 88 1.480 1
3270.704 - 88 1.485 1
3270.718 + 88 1
3270.762 - 88 1.538 1
3270.780 - 88 1.551 1
3270.791 - 88 1.558 1
3271.000 # 1500
3272.000 # 1500
3272.402 + 88 1
3272.764 - 88 2.046 1
3274.000 # 1500
3274.366 + 88 1
3274.398 + 88 1
3274.628 - 88 2.226 1
3276.304 + 88 1
3277.000 # 1500
3277.000 # 1500
3277.000 # 1500
3278.000 # 1500
3278.058 - 88 3.692 1
3278.079 - 88 3.681 1
3278.084 - 88 1.780 1
3280.000 # 1500
3281.000 # 1500
3283.000 # 1500
3283.000 # 1500
3284.000 # 1500
3285.000 # 1500
3286.000 # 1500
3287.000 # 1500
3288.000 # 1500
3288.000 # 1500
3289.000 # 1500
3291.000 # 1500
3291.000 # 1500
3291.000 # 1500
3293.000 # 1500
3293.000 # 1500
3294.000 # 1500
3296.000 # 1500
3296.000 # 1500
3297.000 # 1500
3298.000 # 1500
3298.000 # 1500
3298.000 # 1500
3301.000 # 1500
3301.000 # 1500
3301.000 # 1500
3301.000 # 1500
3303.000 # 1500
3308.000 # 1500
3308.000 # 1500
3308.000 # 1500
3308.000 # 1500
3308.000 # 1500
3308.000 # 1500
3308.682 + 88 1
3308.716 + 88 1
3308.722 + 88 1
3308.726 + 88 1
3308.730 + 88 1
3308.734 + 88 1
3308.739 + 88 1
3309.000 # 1500
3309.000 # 1500
3309.000 # 1500
3310.291 - 88 1.609 1
3310.312 - 88 1.596 1
3310.315 - 88 1.593 1
3310.335 - 88 1.609 1
3310.340 - 88 1.610 1
3310.343 - 88 1.609 1
3310.346 - 88 1.607 1
3311.000 # 1500
3312.000 # 1500
3312.000 # 1500
3313.000 # 1500
3313.000 # 1500
3313.000 # 1500
3314.000 # 1500
3315.000 # 1500
3316.000 # 1500
3317.000 # 1500
3317.000 # 1500
3317.000 # 1500
3319.000 # 1500
3319.000 # 1500
3321.000 # 1500
3321.000 # 1500
3321.000 # 1500
3323.000 # 1500
3323.000 # 1500
3324.000 # 1500
3324.405 + 88 1
3324.439 + 88 1
3326.000 # 1500
3326.000 # 1500
3326.000 # 1500
3326.752 - 88 2.347 1
3326.830 - 88 2.391 1
3327.288 + 88 1
3328.000 # 1500
3328.000 # 1500
3330.000 # 1500
3330.014 - 88 2.726 1
3331.000 # 1500
3332.000 # 1500
3333.000 # 1500
3333.000 # 1500
3333.000 # 1500
3334.090 + 88 1
3335.000 # 1500
3335.688 - 88 1.598 1
3337.000 # 1500
3337.000 # 1500
3338.000 # 1500
3338.000 # 1500
3338.000 # 1500
3340.101 + 88 1
3341.000 # 1500
3341.000 # 1500
3341.000 # 1500
3341.510 - 88 1.409 1
3345.000 # 1500
3345.000 # 1500
3345.496 + 88 1
3346.000 # 1500
3346.814 - 88 1.318 1
3347.000 # 1500
3347.000 # 1500
3347.000 # 1500
3350.712 + 88 1
3356.295 + 88 1
3357.000 # 1500
3358.000 # 1500
3358.419 - 88 7.707 1
3358.465 - 88 2.170 1
3361.000 # 1500
3361.349 + 88 1
3362.000 # 1500
3362.000 # 1500
3362.000 # 1500
3363.000 # 1500
3363.000 # 1500
3363.028 - 88 1.679 1
3364.000 # 1500
3364.000 # 1500
3366.000 # 1500
3366.000 # 1500
3366.000 # 1500
3367.000 # 1500
3369.000 # 1500
3370.000 # 1500
3370.000 # 1500
3370.051 + 88 1
3371.000 # 1500
3371.895 - 88 1.844 1
3372.086 + 88 1
3373.000 # 1500
3373.752 - 88 1.666 1
3374.000 # 1500
3375.264 + 88 1
3378.011 + 88 1
3379.000 # 1500
3379.556 - 88 4.292 1
3379.608 - 88 1.597 1
3380.000 # 1500
3382.916 + 88 1
3383.000 # 1500
3384.768 + 88 1
3386.000 # 1500
3387.000 # 1500
3387.375 - 88 4.459 1
3387.389 - 88 2.621 1
3388.000 # 1500
3388.716 + 88 1
3389.000 # 1500
3390.300 - 88 1.584 1
3391.000 # 1500
3392.000 # 1500
3393.519 + 88 1
3394.000 # 1500
3395.194 - 88 1.675 1
3396.000 # 1500
3396.768 + 88 1
3397.000 # 1500
3397.000 # 1500
3398.000 # 1500
3398.074 - 88 1.306 1
3399.000 # 1500
3401.000 # 1500
3401.347 + 88 1
3403.289 + 88 1
3405.000 # 1500
3405.000 # 1500
3405.000 # 1500
3405.279 + 88 1
3405.312 + 88 1
3405.433 - 88 4.086 1
3405.445 - 88 2.156 1
3406.000 # 1500
3406.000 # 1500
3406.898 - 88 1.619 1
3406.910 - 88 1.598 1
3407.000 # 1500
3408.000 # 1500
3410.204 + 88 1
3411.000 # 1500
3411.804 - 88 1.600 1
3412.194 + 88 1
3413.000 # 1500
3413.752 - 88 1.558 1
3414.000 # 1500
3415.000 # 1500
3415.941 + 88 1
3416.000 # 1500
3418.942 + 88 1
3420.000 # 1500
3420.568 - 88 4.627 1
3420.602 - 88 1.660 1
3421.000 # 1500
3421.052 + 88 1
3422.000 # 1500
3422.581 - 88 1.529 1
3424.000 # 1500
3424.000 # 1500
3424.816 + 88 1
3425.000 # 1500
3426.000 # 1500
3426.483 - 88 1.667 1
3426.719 + 88 1
3427.000 # 1500
3428.000 # 1500
3428.391 - 88 1.672 1
3428.630 + 88 1
3432.000 # 1500
3432.478 + 88 1
3432.611 - 88 3.981 1
3433.000 # 1500
3434.000 # 1500
3434.264 - 88 1.786 1
3435.000 # 1500
3436.000 # 1500
3437.000 # 1500
3438.000 # 1500
3441.244 + 88 1
3441.256 + 88 1
3441.261 + 88 1
3441.266 + 88 1
3443.370 + 88 1
3445.292 + 88 1
3449.308 + 88 1
3450.991 + 88 1
3453.937 + 88 1
3457.409 + 88 1
3459.188 + 88 1
3464.871 + 88 1
3466.632 + 88 1
3471.553 + 88 1
3473.449 + 88 1
3474.733 + 88 1
3485.316 + 88 1
3496.000 # 1500
3496.000 # 1500
3496.000 # 1500
3496.000 # 1500
3496.000 # 1500
3496.000 # 1500
3496.000 # 1500
3496.000 # 1500
3496.000 # 1500
3496.740 - 88 55.496 1
3496.808 - 88 55.552 1
3496.814 - 88 55.553 1
3496.820 - 88 55.554 1
3496.825 - 88 53.455 1
3496.830 - 88 51.538 1
3496.835 - 88 47.527 1
3496.839 - 88 45.848 1
3496.843 - 88 42.906 1
3496.847 - 88 39.438 1
3496.851 - 88 37.663 1
3496.855 - 88 31.984 1
3496.860 - 88 30.228 1
3496.865 - 88 25.312 1
3496.869 - 88 23.420 1
3496.873 - 88 22.140 1
3496.877 - 88 11.561 1
3497.000 # 1500
3497.000 # 1500
3497.000 # 1500
3497.000 # 1500
3497.000 # 1500
3497.000 # 1500
3497.000 # 1500
3497.000 # 1500
3497.000 # 1500
3497.000 # 1500
3497.000 # 1500
3497.000 # 1500
3497.000 # 1500
3498.000 # 1500
3498.000 # 1500
3498.000 # 1500
3498.000 # 1500
3498.000 # 1500
3498.000 # 1500
3498.000 # 1500
3498.000 # 1500
3498.000 # 1500
3498.000 # 1500
3498.000 # 1500
3498.000 # 1500
3498.000 # 1500
3499.000 # 1500
3499.000 # 1500
3499.000 # 1500
3499.000 # 1500
3499.000 # 1500
3499.000 # 1500
3499.000 # 1500
3499.000 # 1500
3499.000 # 1500
3499.000 # 1500
3499.000 # 1500
3499.000 # 1500
3499.000 # 1500
3499.000 # 1500
3500.000 # 1500
3500.000 # 1500
3500.000 # 1500
3500.000 # 1500
3501.000 # 1500
3502.000 # 1500
3502.981 + 88 1
3502.993 + 88 1
3504.000 # 1500
3504.577 - 88 1.596 1
3504.585 - 88 1.592 1
3505.000 # 1500
3507.000 # 1500
3508.000 # 1500
3509.674 + 88 1
3510.000 # 1500
3510.000 # 1500
3511.000 # 1500
3511.367 - 88 1.693 1
3511.896 + 88 1
3512.000 # 1500
3513.000 # 1500
3513.515 - 88 1.619 1
3514.000 # 1500
3514.710 + 88 1
3515.000 # 1500
3516.000 # 1500
3516.000 # 1500
3516.266 - 88 1.556 1
3516.590 + 88 1
3517.000 # 1500
3518.000 # 1500
3518.194 - 88 1.604 1
3519.000 # 1500
3520.000 # 1500
3521.000 # 1500
3521.000 # 1500
3522.000 # 1500
3524.000 # 1500
3525.000 # 1500
3526.000 # 1500
3527.000 # 1500
3528.000 # 1500
3529.000 # 1500
3530.000 # 1500
3531.000 # 1500
3531.000 # 1500
3533.000 # 1500
3533.000 # 1500
3534.000 # 1500
3535.277 + 88 1
3535.289 + 88 1
3535.293 + 88 1
3535.298 + 88 1
3535.302 + 88 1
3535.306 + 88 1
3536.000 # 1500
3536.000 # 1500
3536.838 - 88 1.561 1
3536.851 - 88 1.562 1
3536.855 - 88 1.562 1
3536.860 - 88 1.562 1
3536.864 - 88 1.562 1
3536.868 - 88 1.562 1
3537.000 # 1500
3537.000 # 1500
3538.156 + 88 1
3539.000 # 1500
3539.738 - 88 1.582 1
3541.000 # 1500
3541.000 # 1500
3541.000 # 1500
3542.925 + 88 1
3543.000 # 1500
3544.000 # 1500
3544.608 - 88 1.683 1
3544.826 + 88 1
3546.000 # 1500
3546.000 # 1500
3546.000 # 1500
3546.862 + 88 1
3547.000 # 1500
3547.040 - 88 2.214 1
3547.051 - 88 0.189 1
3549.000 # 1500
3549.000 # 1500
3550.661 + 88 1
3551.000 # 1500
3552.000 # 1500
3552.000 # 1500
3552.409 - 88 1.748 1
3552.628 + 88 1
3553.000 # 1500
3553.633 + 88 1
3553.759 - 88 1.131 1
3555.000 # 1500
3555.000 # 1500
3555.000 # 1500
3556.276 - 88 2.643 1
3556.748 + 88 1
3557.000 # 1500
3557.000 # 1500
3558.000 # 1500
3558.000 # 1500
3558.000 # 1500
3558.317 - 88 1.569 1
3558.548 + 88 1
3560.000 # 1500
3561.171 - 88 2.623 1
3569.000 # 1500
3569.000 # 1500
3569.000 # 1500
3569.000 # 1500
3570.000 # 1500
3574.000 # 1500
3574.000 # 1500
3574.000 # 1500
3576.000 # 1500
3577.000 # 1500
3577.000 # 1500
3577.000 # 1500
3577.000 # 1500
3577.000 # 1500
3578.000 # 1500
3578.000 # 1500
3578.000 # 1500
3578.000 # 1500
3578.000 # 1500
3578.000 # 1500
3578.000 # 1500
3580.000 # 1500
3581.000 # 1500
3581.000 # 1500
3582.000 # 1500
3582.000 # 1500
3582.000 # 1500
3583.000 # 1500
3584.000 # 1500
3584.000 # 1500
3585.000 # 1500
3586.000 # 1500
3587.000 # 1500
3588.000 # 1500
3588.000 # 1500
3588.000 # 1500
3589.675 + 88 1
3589.688 + 88 1
3589.692 + 88 1
3589.696 + 88 1
3589.700 + 88 1
3589.704 + 88 1
3589.708 + 88 1
3589.713 + 88 1
3589.718 + 88 1
3592.000 # 1500
3593.400 - 88 3.725 1
3593.455 - 88 3.767 1
3593.462 - 88 3.770 1
3593.485 - 88 3.789 1
3593.492 - 88 3.792 1
3593.498 - 88 3.794 1
3593.502 - 88 3.794 1
3593.507 - 88 3.794 1
3593.511 - 88 3.793 1
3594.000 # 1500
3594.000 # 1500
3597.000 # 1500
3597.000 # 1500
3598.000 # 1500
3600.000 # 1500
3601.000 # 1500
3603.418 + 88 1
3603.429 + 88 1
3603.434 + 88 1
3603.438 + 88 1
3605.000 # 1500
3605.316 + 88 1
3605.327 + 88 1
3605.331 + 88 1
3605.445 - 88 2.027 1
3605.457 - 88 2.028 1
3605.462 - 88 2.028 1
3605.466 - 88 2.028 1
3607.000 # 1500
3608.098 - 88 2.782 1
3608.109 - 88 2.782 1
3608.114 - 88 2.783 1
3609.000 # 1500
3610.000 # 1500
3610.000 # 1500
3612.000 # 1500
3613.000 # 1500
3614.000 # 1500
3617.000 # 1500
3618.000 # 1500
3618.000 # 1500
3620.000 # 1500
3620.000 # 1500
3621.000 # 1500
3622.000 # 1500
3622.973 + 88 1
3622.984 + 88 1
3622.989 + 88 1
3624.000 # 1500
3624.444 - 88 1.471 1
3624.457 - 88 1.473 1
3624.462 - 88 1.473 1
3625.000 # 1500
3625.689 + 88 1
3626.000 # 1500
3627.366 - 88 1.677 1
3629.000 # 1500
3629.000 # 1500
3629.734 + 88 1
3629.771 + 88 1
3629.788 + 88 1
3629.802 + 88 1
3630.000 # 1500
3630.000 # 1500
3631.000 # 1500
3631.428 - 88 1.694 1
3631.463 - 88 1.692 1
3631.478 - 88 1.690 1
3631.492 - 88 1.690 1
3631.927 + 88 1
3632.000 # 1500
3633.488 + 88 1
3635.000 # 1500
3636.000 # 1500
3636.000 # 1500
3636.197 - 88 4.270 1
3636.211 - 88 2.723 1
3636.441 + 88 1
3638.000 # 1500
3638.000 # 1500
3638.000 # 1500
3638.351 + 88 1
3638.361 + 88 1
3638.496 - 88 2.055 1
3640.000 # 1500
3641.204 - 88 2.853 1
3641.215 - 88 2.854 1
3641.282 + 88 1
3642.000 # 1500
3642.553 - 88 1.271 1
3643.000 # 1500
3643.000 # 1500
3644.311 + 88 1
3647.236 + 88 1
3647.248 + 88 1
3650.222 + 88 1
3652.160 + 88 1
3653.932 + 88 1
3654.000 # 1500
3654.060 - 88 9.749 1
3654.072 - 88 6.836 1
3654.077 - 88 6.829 1
3654.081 - 88 3.859 1
3654.085 - 88 1.925 1
3656.210 + 88 1
3657.000 # 1500
3657.000 # 1500
3657.000 # 1500
3657.000 # 1500
3657.000 # 1500
3657.000 # 1500
3657.000 # 1500
3657.646 - 88 3.714 1
3657.658 - 88 1.448 1
3658.000 # 1500
3661.000 # 1500
3661.000 # 1500
3661.000 # 1500
3662.000 # 1500
3665.668 + 88 1
3665.681 + 88 1
3665.685 + 88 1
3665.690 + 88 1
3665.694 + 88 1
3667.000 # 1500
3667.000 # 1500
3667.000 # 1500
3667.669 + 88 1
3667.787 - 88 2.119 1
3667.798 - 88 2.117 1
3667.803 - 88 2.118 1
3667.808 - 88 2.118 1
3667.812 - 88 2.118 1
3669.000 # 1500
3669.000 # 1500
3669.633 + 88 1
3669.644 + 88 1
3669.817 - 88 2.148 1
3670.000 # 1500
3671.352 - 88 1.719 1
3671.362 - 88 1.718 1
3671.602 + 88 1
3672.891 + 88 1
3673.000 # 1500
3673.000 # 1500
3673.000 # 1500
3673.027 - 88 1.425 1
3673.037 - 88 0.146 1
3674.000 # 1500
3675.565 + 88 1
3675.577 + 88 1
3676.441 + 88 1
3677.000 # 1500
3678.158 - 88 2.593 1
3678.171 - 88 2.594 1
3678.175 - 88 1.734 1
3680.000 # 1500
3680.458 + 88 1
3683.000 # 1500
3684.000 # 1500
3684.025 - 88 3.567 1
3688.000 # 1500
3690.000 # 1500
3691.370 + 88 1
3691.382 + 88 1
3691.387 + 88 1
3692.000 # 1500
3692.768 - 88 1.398 1
3692.780 - 88 1.398 1
3692.785 - 88 1.398 1
3695.000 # 1500
3697.172 + 88 1
3697.184 + 88 1
3697.189 + 88 1
3697.193 + 88 1
3698.000 # 1500
3698.638 - 88 1.466 1
3698.651 - 88 1.467 1
3698.655 - 88 1.466 1
3698.660 - 88 1.467 1
3700.000 # 1500
3703.000 # 1500
3704.223 + 88 1
3705.000 # 1500
3705.458 - 88 1.235 1
3708.000 # 1500
3708.000 # 1500
3712.000 # 1500
3714.000 # 1500
3714.427 + 88 1
3714.439 + 88 1
3714.443 + 88 1
3714.447 + 88 1
3714.451 + 88 1
3714.462 + 88 1
3714.467 + 88 1
3714.470 + 88 1
3714.475 + 88 1
3717.000 # 1500
3717.469 + 88 1
3717.481 + 88 1
3717.652 - 88 3.225 1
3717.663 - 88 3.224 1
3717.711 - 88 3.268 1
3717.717 - 88 3.270 1
3717.723 - 88 3.272 1
3717.727 - 88 3.265 1
3717.732 - 88 3.265 1
3717.736 - 88 3.266 1
3717.741 - 88 3.266 1
3719.000 # 1500
3720.187 - 88 2.718 1
3720.200 - 88 2.719 1
3720.566 + 88 1
3721.260 + 88 1
3722.000 # 1500
3723.074 - 88 2.508 1
3723.086 - 88 1.826 1
3724.000 # 1500
3724.316 + 88 1
3724.401 + 88 1
3727.135 + 88 1
3728.000 # 1500
3728.282 + 88 1
3728.458 - 88 4.142 1
3728.469 - 88 4.068 1
3728.472 - 88 1.337 1
3731.000 # 1500
3731.294 + 88 1
3731.489 - 88 3.207 1
3733.197 + 88 1
3734.000 # 1500
3734.214 + 88 1
3734.417 - 88 3.123 1
3734.426 - 88 1.229 1
3735.000 # 1500
3735.898 - 88 1.684 1
3737.000 # 1500
3737.002 + 88 1
3738.000 # 1500
3738.800 - 88 1.798 1
3739.081 + 88 1
3740.000 # 1500
3740.080 + 88 1
3740.308 - 88 1.227 1
3742.000 # 1500
3742.771 - 88 2.691 1
3746.000 # 1500
3749.781 + 88 1
3749.792 + 88 1
3749.797 + 88 1
3749.802 + 88 1
3750.000 # 1500
3750.000 # 1500
3751.554 - 88 1.773 1
3751.646 - 88 1.854 1
3751.655 - 88 1.858 1
3751.658 - 88 1.856 1
3752.773 + 88 1
3754.558 + 88 1
3755.000 # 1500
3755.842 - 88 3.069 1
3755.868 - 88 1.310 1
3756.000 # 1500
3756.152 + 88 1
3757.000 # 1500
3758.360 - 88 2.208 1
3760.000 # 1500
3762.000 # 1500
3763.000 # 1500
3766.216 + 88 1
3766.228 + 88 1
3766.233 + 88 1
3766.237 + 88 1
3767.000 # 1500
3767.000 # 1500
3767.604 + 88 1
3767.651 - 88 1.435 1
3767.696 - 88 1.468 1
3767.705 - 88 1.472 1
3767.715 - 88 1.478 1
3770.000 # 1500
3771.052 + 88 1
3771.063 + 88 1
3771.245 - 88 3.641 1
3772.000 # 1500
3772.350 - 88 1.298 1
3772.359 - 88 1.296 1
3774.000 # 1500
3776.000 # 1500
3778.000 # 1500
3780.000 # 1500
3782.000 # 1500
3784.000 # 1500
3787.000 # 1500
3788.000 # 1500
3789.067 + 88 1
3789.165 + 88 1
3789.183 + 88 1
3789.197 + 88 1
3789.268 + 88 1
3789.296 + 88 1
3789.372 + 88 1
3789.471 + 88 1
3789.489 + 88 1
3789.503 + 88 1
3789.517 + 88 1
3790.665 + 88 1
3791.964 + 88 1
3792.000 # 1500
3792.140 - 88 3.073 1
3792.161 - 88 2.996 1
3792.166 - 88 2.983 1
3792.187 - 88 2.990 1
3792.192 - 88 2.924 1
3792.195 - 88 2.899 1
3792.198 - 88 2.826 1
3792.200 - 88 2.729 1
3792.202 - 88 2.713 1
3792.204 - 88 2.701 1
3792.206 - 88 2.689 1
3792.208 - 88 1.543 1
3793.611 + 88 1
3794.000 # 1500
3795.453 - 88 3.489 1
3795.463 - 88 1.852 1
3795.717 + 88 1
3795.746 + 88 1
3796.000 # 1500
3796.918 - 88 1.201 1
3796.927 - 88 1.181 1
3799.000 # 1500
3801.000 # 1500
3803.000 # 1500
3805.000 # 1500
3805.461 + 88 1
3805.472 + 88 1
3805.477 + 88 1
3810.000 # 1500
3811.000 # 1500
3811.038 - 88 5.577 1
3811.050 - 88 5.578 1
3811.053 - 88 5.576 1
3813.000 # 1500
3815.000 # 1500
3815.127 + 88 1
3817.000 # 1500
3817.871 - 88 2.744 1
3821.927 + 88 1
3821.940 + 88 1
3821.945 + 88 1
3821.949 + 88 1
3825.894 + 88 1
3825.907 + 88 1
3828.872 + 88 1
3828.884 + 88 1
3831.788 + 88 1
3833.000 # 1500
3833.803 + 88 1
3834.062 - 88 12.135 1
3834.082 - 88 12.142 1
3834.085 - 88 12.140 1
3834.088 - 88 12.139 1
3834.091 - 88 8.197 1
3834.093 - 88 8.186 1
3834.095 - 88 5.223 1
3834.098 - 88 5.214 1
3834.100 - 88 2.312 1
3834.336 + 88 1
3835.593 + 88 1
3837.611 + 88 1
3837.622 + 88 1
3841.401 + 88 1
3841.412 + 88 1
3842.538 + 88 1
3845.330 + 88 1
3845.340 + 88 1
3847.382 + 88 1
3850.301 + 88 1
3850.312 + 88 1
3852.305 + 88 1
3854.286 + 88 1
3854.298 + 88 1
3856.000 # 1500
3856.058 + 88 1
3856.238 - 88 22.435 1
3856.261 - 88 21.925 1
3856.264 - 88 20.671 1
3856.267 - 88 18.656 1
3856.269 - 88 18.647 1
3856.297 - 88 14.896 1
3856.302 - 88 14.890 1
3856.305 - 88 13.767 1
3856.308 - 88 10.978 1
3856.310 - 88 10.970 1
3856.312 - 88 8.930 1
3856.315 - 88 6.014 1
3856.317 - 88 6.005 1
3856.319 - 88 4.014 1
3856.321 - 88 2.035 1
3856.323 - 88 2.025 1
3856.521 + 88 1
3857.365 + 88 1
3858.000 # 1500
3858.915 - 88 2.857 1
3858.925 - 88 2.404 1
3858.928 - 88 1.563 1
3860.000 # 1500
3860.034 + 88 1
3860.397 + 88 1
3862.000 # 1500
3862.817 - 88 2.783 1
3862.829 - 88 2.432 1
3863.989 + 88 1
3864.000 # 1500
3864.000 + 88 1
3865.000 # 1500
3865.751 - 88 1.762 1
3865.760 - 88 1.760 1
3866.014 + 88 1
3866.077 + 88 1
3867.000 # 1500
3867.690 - 88 1.676 1
3867.699 - 88 1.622 1
3868.833 + 88 1
3869.000 # 1500
3870.000 # 1500
3870.654 - 88 1.821 1
3870.849 + 88 1
3871.000 # 1500
3872.647 - 88 1.798 1
3873.098 + 88 1
3874.000 # 1500
3874.639 - 88 1.541 1
3875.000 # 1500
3875.985 + 88 1
3876.000 # 1500
3876.051 + 88 1
3878.000 # 1500
3878.360 - 88 2.375 1
3878.477 - 88 2.426 1
3878.578 + 88 1
3879.000 # 1500
3880.268 - 88 1.690 1
3881.000 # 1500
3882.000 # 1500
3885.000 # 1500
3886.000 # 1500
3887.421 + 88 1
3889.000 # 1500
3889.000 # 1500
3890.000 # 1500
3890.059 - 88 2.638 1
3892.000 # 1500
3892.338 + 88 1
3892.349 + 88 1
3892.354 + 88 1
3892.358 + 88 1
3893.000 # 1500
3893.988 - 88 1.650 1
3894.000 - 88 1.651 1
3894.005 - 88 1.651 1
3894.010 - 88 1.652 1
3894.096 + 88 1
3895.000 # 1500
3895.234 - 88 1.138 1
3896.000 # 1500
3897.000 # 1500
3897.000 # 1500
3897.097 + 88 1
3898.000 # 1500
3898.871 - 88 1.774 1
3898.984 + 88 1
3900.000 # 1500
3900.000 # 1500
3900.783 - 88 1.799 1
3901.000 # 1500
3902.000 # 1500
3902.151 + 88 1
3904.797 + 88 1
3904.808 + 88 1
3905.000 # 1500
3905.998 - 88 3.847 1
3906.000 # 1500
3906.008 - 88 1.211 1
3906.013 - 88 1.205 1
3907.000 # 1500
3908.000 # 1500
3908.598 + 88 1
3910.755 + 88 1
3911.000 # 1500
3911.000 # 1500
3911.879 - 88 3.281 1
3911.890 - 88 1.135 1
3911.938 + 88 1
3913.000 # 1500
3913.462 - 88 1.524 1
3913.950 + 88 1
3914.000 # 1500
3915.000 # 1500
3915.497 - 88 1.547 1
3915.619 + 88 1
3916.000 # 1500
3917.000 # 1500
3917.403 - 88 1.784 1
3918.000 # 1500
3918.621 + 88 1
3919.000 # 1500
3920.000 # 1500
3920.333 - 88 1.712 1
3920.501 + 88 1
3921.000 # 1500
3921.631 - 88 1.130 1
3923.000 # 1500
3924.000 # 1500
3925.000 # 1500
3927.000 # 1500
3927.000 # 1500
3928.594 + 88 1
3928.747 + 88 1
3929.000 # 1500
3929.000 # 1500
3929.000 # 1500
3930.879 - 88 2.285 1
3930.914 - 88 2.167 1
3931.164 + 88 1
3935.104 + 88 1
3937.222 + 88 1
3939.000 # 1500
3939.000 # 1500
3939.000 # 1500
3939.000 # 1500
3939.000 # 1500
3939.000 # 1500
3940.000 # 1500
3940.000 # 1500
3940.000 # 1500
3940.000 # 1500
3940.213 - 88 9.049 1
3940.238 - 88 5.134 1
3940.266 - 88 3.044 1
3941.000 # 1500
3941.000 # 1500
3941.000 # 1500
3941.940 + 88 1
3942.000 # 1500
3944.000 # 1500
3944.881 + 88 1
3945.000 # 1500
3945.000 # 1500
3945.065 - 88 3.125 1
3945.077 - 88 0.196 1
3946.000 # 1500
3947.000 # 1500
3948.903 + 88 1
3949.000 # 1500
3951.887 + 88 1
3952.000 # 1500
3952.069 - 88 3.166 1
3952.080 - 88 0.193 1
3955.913 + 88 1
3957.000 # 1500
3957.000 # 1500
3957.792 - 88 1.879 1
3959.000 # 1500
3961.000 # 1500
3965.000 # 1500
3965.716 + 88 1
3965.843 + 88 1
3968.000 # 1500
3968.451 + 88 1
3968.689 - 88 2.973 1
3968.711 - 88 2.868 1
3969.000 # 1500
3970.463 - 88 2.012 1
3972.370 + 88 1
3975.160 + 88 1
3977.109 + 88 1
3979.000 # 1500
3980.157 - 88 7.787 1
3980.184 - 88 5.024 1
3980.191 - 88 3.082 1
3980.369 + 88 1
3980.575 + 88 1
3987.089 + 88 1
3988.000 # 1500
3988.578 - 88 8.209 1
3988.606 - 88 8.031 1
3988.612 - 88 1.523 1
3991.834 + 88 1
3992.927 + 88 1
3995.875 + 88 1
3998.764 + 88 1
4002.530 + 88 1
4005.439 + 88 1
4009.477 + 88 1
4011.000 # 1500
4011.509 + 88 1
4011.911 - 88 20.077 1
4011.935 - 88 19.008 1
4011.963 - 88 16.088 1
4011.968 - 88 13.204 1
4011.970 - 88 9.440 1
4011.972 - 88 6.533 1
4011.975 - 88 2.498 1
4015.223 + 88 1
4017.284 + 88 1
4020.224 + 88 1
4024.034 + 88 1
4025.251 + 88 1
4029.000 # 1500
4029.095 + 88 1
4029.370 - 88 17.861 1
4029.387 - 88 14.164 1
4029.393 - 88 12.109 1
4029.396 - 88 9.172 1
4029.399 - 88 5.365 1
4029.401 - 88 4.150 1
4031.000 # 1500
4031.880 + 88 1
4032.077 - 88 2.982 1
4033.000 # 1500
4033.210 - 88 1.330 1
4034.000 # 1500
4034.986 + 88 1
4036.000 # 1500
4036.770 - 88 1.784 1
4041.000 # 1500
4043.000 # 1500
4045.561 + 88 1
4045.734 + 88 1
4047.000 # 1500
4048.523 - 88 2.962 1
4048.533 - 88 2.799 1
4049.000 # 1500
4049.000 # 1500
4050.710 + 88 1
4051.000 # 1500
4052.426 - 88 1.716 1
4053.000 # 1500
4054.000 # 1500
4056.323 + 88 1
4057.000 # 1500
4057.000 # 1500
4057.806 - 88 1.483 1
4058.000 # 1500
4059.000 # 1500
4063.000 # 1500
4065.000 # 1500
4065.000 # 1500
4066.000 # 1500
4069.000 # 1500
4069.000 # 1500
4070.000 # 1500
4071.000 # 1500
4071.108 + 88 1
4071.283 + 88 1
4073.000 # 1500
4073.197 + 88 1
4073.413 - 88 2.305 1
4073.433 - 88 2.150 1
4075.000 # 1500
4075.000 # 1500
4075.956 - 88 2.759 1
4076.000 # 1500
4077.314 + 88 1
4079.000 # 1500
4079.716 - 88 2.402 1
4081.000 # 1500
4081.000 # 1500
4081.685 + 88 1
4083.000 # 1500
4083.000 # 1500
4084.000 # 1500
4084.650 - 88 2.965 1
4084.841 + 88 1
4085.000 # 1500
4085.072 - 88 0.231 1
4086.797 + 88 1
4088.000 # 1500
4089.718 - 88 2.921 1
4089.901 + 88 1
4091.000 # 1500
4091.000 # 1500
4091.489 + 88 1
4091.901 - 88 2.000 1
4093.000 # 1500
4093.000 # 1500
4094.468 - 88 2.979 1
4096.000 # 1500
4096.000 # 1500
4101.000 # 1500
4101.000 # 1500
4101.190 + 88 1
4101.480 + 88 1
4102.000 # 1500
4103.234 - 88 2.044 1
4103.256 - 88 1.776 1
4103.495 + 88 1
4104.000 # 1500
4105.350 - 88 1.855 1
4105.426 + 88 1
4107.000 # 1500
4107.000 # 1500
4108.171 - 88 2.745 1
4108.226 + 88 1
4110.176 + 88 1
4113.182 + 88 1
4114.892 + 88 1
4115.978 + 88 1
4117.000 # 1500
4117.000 # 1500
4117.927 - 88 9.701 1
4117.938 - 88 7.762 1
4117.940 - 88 4.758 1
4117.942 - 88 3.050 1
4117.945 - 88 1.967 1
4118.000 # 1500
4118.000 # 1500
4118.000 # 1500
4122.000 # 1500
4123.000 # 1500
4123.000 # 1500
4123.000 # 1500
4123.000 # 1500
4123.000 # 1500
4125.616 + 88 1
4125.893 + 88 1
4129.000 # 1500
4129.000 # 1500
4129.000 # 1500
4129.582 - 88 3.966 1
4129.593 - 88 3.700 1
4131.000 # 1500
4131.558 + 88 1
4136.000 # 1500
4136.367 + 88 1
4136.409 + 88 1
4136.579 - 88 5.021 1
4137.000 # 1500
4138.347 - 88 1.980 1
4138.356 - 88 1.947 1
4140.307 + 88 1
4142.227 + 88 1
4154.007 + 88 1
4154.056 + 88 1
4157.863 + 88 1
4157.908 + 88 1
4161.757 + 88 1
4164.916 + 88 1
4166.606 + 88 1
4167.000 # 1500
4168.655 - 88 28.348 1
4168.679 - 88 26.452 1
4168.685 - 88 14.678 1
4168.687 - 88 14.631 1
4168.690 - 88 10.827 1
4168.692 - 88 10.784 1
4168.694 - 88 6.937 1
4168.696 - 88 3.780 1
4168.698 - 88 2.092 1
4170.556 + 88 1
4171.848 + 88 1
4172.000 # 1500
4173.565 - 88 3.009 1
4173.575 - 88 1.727 1
4173.653 + 88 1
4176.583 + 88 1
4178.000 # 1500
4178.360 + 88 1
4178.592 - 88 4.939 1
4178.600 - 88 2.017 1
4181.000 # 1500
4182.330 + 88 1
4182.344 - 88 3.984 1
4183.000 # 1500
4183.747 - 88 1.417 1
4185.000 # 1500
4188.000 # 1500
4189.205 + 88 1
4189.429 + 88 1
4190.000 # 1500
4191.113 - 88 1.908 1
4191.125 - 88 1.696 1
4193.000 # 1500
4193.594 + 88 1
4194.000 # 1500
4195.071 - 88 1.477 1
4195.502 + 88 1
4196.000 # 1500
4197.341 - 88 1.839 1
4198.000 # 1500
4200.000 # 1500
4202.000 # 1500
4204.929 + 88 1
4206.000 # 1500
4206.717 - 88 1.788 1
4208.000 # 1500
4212.000 # 1500
4213.000 # 1500
4215.000 # 1500
4216.180 + 88 1
4217.000 # 1500
4218.289 - 88 2.109 1
4218.732 + 88 1
4222.000 # 1500
4222.000 # 1500
4223.204 + 88 1
4223.454 - 88 4.722 1
4225.272 + 88 1
4226.000 # 1500
4227.190 - 88 3.986 1
4227.200 - 88 1.928 1
4228.000 # 1500
4228.657 + 88 1
4230.000 # 1500
4230.931 - 88 2.274 1
4232.020 + 88 1
4233.000 # 1500
4233.303 + 88 1
4233.382 - 88 1.362 1
4234.000 # 1500
4235.018 - 88 1.715 1
4236.214 + 88 1
4237.000 # 1500
4237.976 - 88 1.762 1
4238.297 + 88 1
4239.000 # 1500
4239.900 - 88 1.603 1
4241.000 # 1500
4241.750 + 88 1
4243.714 + 88 1
4245.000 # 1500
4245.000 # 1500
4246.792 - 88 5.042 1
4246.838 - 88 3.124 1
4246.877 + 88 1
4248.823 + 88 1
4249.000 # 1500
4249.161 - 88 2.284 1
4249.187 - 88 0.364 1
4250.000 # 1500
4253.000 # 1500
4254.000 # 1500
4256.000 # 1500
4258.000 # 1500
4258.430 + 88 1
4258.721 + 88 1
4259.000 # 1500
4260.398 - 88 1.968 1
4260.444 - 88 1.723 1
4262.000 # 1500
4265.000 # 1500
4266.000 # 1500
4268.000 # 1500
4269.000 # 1500
4271.000 # 1500
4272.000 # 1500
4273.000 # 1500
4273.713 + 88 1
4277.000 # 1500
4278.290 - 88 4.577 1
4279.000 # 1500
4279.000 # 1500
4281.000 # 1500
4282.000 # 1500
4283.485 + 88 1
4285.000 # 1500
4285.914 - 88 2.429 1
4286.000 # 1500
4289.000 # 1500
4289.000 # 1500
4289.912 + 88 1
4291.000 # 1500
4291.072 + 88 1
4291.407 - 88 1.495 1
4293.000 # 1500
4293.986 - 88 2.914 1
4294.000 # 1500
4294.007 + 88 1
4295.000 # 1500
4295.429 - 88 1.422 1
4296.000 # 1500
4296.497 + 88 1
4299.000 # 1500
4299.000 # 1500
4300.424 - 88 3.927 1
4300.554 + 88 1
4302.000 # 1500
4303.387 - 88 2.833 1
4303.406 + 88 1
4304.000 # 1500
4305.337 - 88 1.931 1
4307.287 + 88 1
4311.000 # 1500
4314.021 - 88 6.734 1
4315.000 # 1500
4315.000 # 1500
4316.000 # 1500
4317.000 # 1500
4320.297 + 88 1
4321.409 + 88 1
4323.974 + 88 1
4326.978 + 88 1
4332.000 # 1500
4332.000 # 1500
4332.622 + 88 1
4332.867 - 88 12.570 1
4332.888 - 88 11.479 1
4332.894 - 88 8.920 1
4332.897 - 88 5.919 1
4334.719 + 88 1
4339.503 + 88 1
4343.000 # 1500
4343.000 # 1500
4343.000 # 1500
4343.000 # 1500
4343.000 # 1500
4343.520 + 88 1
4343.991 - 88 11.369 1
4344.012 - 88 9.293 1
4344.017 - 88 4.514 1
4346.319 + 88 1
4350.152 + 88 1
4353.143 + 88 1
4354.000 # 1500
4354.975 - 88 11.455 1
4354.997 - 88 8.678 1
4355.000 # 1500
4355.000 # 1500
4355.000 # 1500
4355.000 # 1500
4355.000 # 1500
4355.003 - 88 4.851 1
4355.006 - 88 1.863 1
4355.405 + 88 1
4356.000 # 1500
4356.903 - 88 1.498 1
4357.000 # 1500
4359.027 + 88 1
4361.921 + 88 1
4365.814 + 88 1
4366.947 + 88 1
4369.000 # 1500
4369.000 # 1500
4369.840 - 88 10.813 1
4369.861 - 88 7.940 1
4369.866 - 88 4.052 1
4369.869 - 88 2.922 1
4371.000 # 1500
4371.934 + 88 1
4372.000 # 1500
4373.000 # 1500
4373.225 - 88 1.291 1
4373.674 + 88 1
4375.000 # 1500
4376.000 # 1500
4376.683 - 88 3.009 1
4376.769 + 88 1
4377.000 # 1500
4378.614 - 88 1.845 1
4380.000 # 1500
4380.738 + 88 1
4381.000 # 1500
4382.533 - 88 1.795 1
4383.000 # 1500
4383.425 + 88 1
4385.000 # 1500
4385.731 - 88 2.306 1
4386.000 # 1500
4389.000 # 1500
4389.617 + 88 1
4391.000 # 1500
4391.000 # 1500
4392.130 - 88 2.513 1
4392.635 + 88 1
4393.000 # 1500
4394.000 # 1500
4394.335 + 88 1
4394.627 - 88 1.992 1
4396.000 # 1500
4397.000 # 1500
4397.173 - 88 2.838 1
4398.059 + 88 1
4399.000 # 1500
4399.458 - 88 1.399 1
4400.211 + 88 1
4402.000 # 1500
4403.000 # 1500
4403.009 + 88 1
4403.277 - 88 3.066 1
4405.000 # 1500
4405.782 - 88 2.773 1
4406.000 # 1500
4409.000 # 1500
4413.742 + 88 1
4414.026 + 88 1
4418.000 # 1500
4418.000 # 1500
4418.000 # 1500
4418.000 # 1500
4418.000 # 1500
4418.000 # 1500
4418.000 # 1500
4418.520 - 88 4.778 1
4418.546 - 88 4.520 1
4419.000 # 1500
4420.832 + 88 1
4426.000 # 1500
4426.000 # 1500
4426.000 # 1500
4426.000 # 1500
4427.000 # 1500
4427.000 # 1500
4427.000 # 1500
4428.450 - 88 7.618 1
4428.961 + 88 1
4431.844 + 88 1
4432.000 # 1500
4432.000 # 1500
4432.243 - 88 3.282 1
4436.000 # 1500
4436.000 # 1500
4436.000 # 1500
4436.000 # 1500
4436.000 # 1500
4436.000 # 1500
4436.000 # 1500
4436.183 + 88 1
4436.252 + 88 1
4436.494 - 88 4.650 1
4437.000 # 1500
4438.190 - 88 2.007 1
4438.199 - 88 1.947 1
4444.000 # 1500
4444.000 # 1500
4444.000 # 1500
4444.000 # 1500
4446.000 # 1500
4446.000 # 1500
4446.000 # 1500
4446.994 + 88 1
4448.000 # 1500
4448.000 # 1500
4448.022 + 88 1
4448.222 - 88 1.228 1
4449.000 # 1500
4449.907 - 88 1.885 1
4451.799 + 88 1
4452.000 # 1500
4452.000 # 1500
4452.000 # 1500
4452.074 - 88 0.275 1
4453.000 # 1500
4454.000 # 1500
4455.000 # 1500
4456.000 # 1500
4457.000 # 1500
4458.000 # 1500
4459.000 # 1500
4460.000 # 1500
4460.000 # 1500
4461.000 # 1500
4462.000 # 1500
4462.675 + 88 1
4463.000 # 1500
4464.345 - 88 1.670 1
4464.552 + 88 1
4465.000 # 1500
4466.000 # 1500
4466.000 # 1500
4466.387 - 88 1.835 1
4466.816 + 88 1
4467.000 # 1500
4467.075 - 88 0.259 1
4468.000 # 1500
4468.000 # 1500
4469.000 # 1500
4470.000 # 1500
4470.482 + 88 1
4471.000 # 1500
4472.000 # 1500
4472.354 + 88 1
4472.385 - 88 1.903 1
4474.000 # 1500
4475.000 # 1500
4475.322 + 88 1
4475.349 - 88 2.995 1
4477.000 # 1500
4477.000 # 1500
4477.160 + 88 1
4477.412 - 88 2.090 1
4478.000 # 1500
4479.000 # 1500
4479.048 - 88 1.888 1
4481.000 # 1500
4481.000 # 1500
4481.000 # 1500
4482.000 # 1500
4482.094 + 88 1
4483.000 # 1500
4483.370 + 88 1
4483.611 - 88 1.517 1
4484.000 # 1500
4485.136 - 88 1.766 1
4491.771 + 88 1
4491.868 + 88 1
4492.136 + 88 1
4494.687 + 88 1
4495.855 + 88 1
4496.000 # 1500
4496.000 # 1500
4496.000 # 1500
4496.000 # 1500
4496.000 # 1500
4496.000 # 1500
4496.000 # 1500
4496.118 - 88 4.347 1
4496.137 - 88 4.269 1
4496.143 - 88 4.007 1
4496.146 - 88 1.459 1
4497.000 # 1500
4497.000 # 1500
4497.686 - 88 1.831 1
4498.779 + 88 1
4500.735 + 88 1
4503.608 + 88 1
4506.685 + 88 1
4508.000 # 1500
4508.000 # 1500
4509.513 - 88 10.734 1
4509.532 - 88 8.797 1
4509.557 - 88 5.949 1
4509.590 + 88 1
4509.605 - 88 2.920 1
4512.378 + 88 1
4514.359 + 88 1
4520.081 + 88 1
4523.005 + 88 1
4524.401 + 88 1
4526.000 # 1500
4526.000 # 1500
4526.964 - 88 17.374 1
4526.991 - 88 14.613 1
4526.997 - 88 12.638 1
4527.000 # 1500
4527.000 - 88 6.919 1
4527.002 - 88 3.997 1
4527.004 - 88 2.603 1
4527.316 + 88 1
4528.000 # 1500
4528.000 # 1500
4528.000 # 1500
4528.000 # 1500
4528.000 # 1500
4528.000 # 1500
4528.000 # 1500
4528.000 # 1500
4528.000 # 1500
4528.000 # 1500
4528.000 # 1500
4528.819 - 88 1.503 1
4529.000 # 1500
4529.416 + 88 1
4531.999 + 88 1
4533.868 + 88 1
4535.932 + 88 1
4537.000 # 1500
4537.464 + 88 1
4537.594 - 88 8.178 1
4537.606 - 88 5.607 1
4537.657 - 88 3.789 1
4537.661 - 88 1.729 1
4538.778 + 88 1
4539.000 # 1500
4540.042 - 88 2.578 1
4540.052 - 88 1.274 1
4541.000 # 1500
4541.000 # 1500
4541.697 + 88 1
4542.000 # 1500
4543.000 # 1500
4543.517 - 88 1.820 1
4544.649 + 88 1
4546.000 # 1500
4546.000 # 1500
4546.487 + 88 1
4546.593 - 88 1.944 1
4547.000 # 1500
4548.582 - 88 2.095 1
4548.788 + 88 1
4552.342 + 88 1
4553.000 # 1500
4553.000 # 1500
4553.000 # 1500
4553.000 # 1500
4554.294 - 88 5.506 1
4554.304 - 88 1.962 1
4563.000 # 1500
4564.000 # 1500
4564.000 # 1500
4564.000 # 1500
4564.000 # 1500
4564.000 # 1500
4567.135 + 88 1
4568.000 # 1500
4568.000 # 1500
4568.000 # 1500
4568.000 # 1500
4568.976 - 88 1.841 1
4569.000 # 1500
4569.000 # 1500
4569.000 # 1500
4569.000 # 1500
4569.000 # 1500
4570.000 # 1500
4570.456 + 88 1
4574.000 # 1500
4574.797 + 88 1
4574.902 - 88 4.446 1
4577.000 # 1500
4577.836 + 88 1
4577.958 - 88 3.161 1
4579.000 # 1500
4580.744 - 88 2.908 1
4585.000 # 1500
4588.000 # 1500
4589.727 + 88 1
4591.471 + 88 1
4591.742 + 88 1
4592.000 # 1500
4593.352 - 88 3.625 1
4593.393 - 88 1.922 1
4593.422 - 88 1.680 1
4595.194 + 88 1
4596.000 # 1500
4597.267 - 88 2.073 1
4598.000 # 1500
4599.407 + 88 1
4600.000 # 1500
4601.071 - 88 1.664 1
4604.114 + 88 1
4605.000 # 1500
4605.939 - 88 1.825 1
4606.304 + 88 1
4608.000 # 1500
4608.975 - 88 2.671 1
4612.000 # 1500
4613.017 + 88 1
4613.284 + 88 1
4614.954 + 88 1
4615.000 # 1500
4615.017 - 88 2.000 1
4615.039 - 88 1.755 1
4615.044 - 88 0.090 1
4618.000 # 1500
4619.307 + 88 1
4621.898 + 88 1
4624.608 + 88 1
4625.000 # 1500
4625.966 + 88 1
4626.014 - 88 6.707 1
4626.038 - 88 4.140 1
4626.065 - 88 1.457 1
4627.000 # 1500
4627.642 - 88 1.676 1
4629.482 + 88 1
4632.000 # 1500
4632.854 + 88 1
4632.910 - 88 3.428 1
4636.000 # 1500
4636.287 + 88 1
4636.438 - 88 3.584 1
4638.396 + 88 1
4639.000 # 1500
4640.000 # 1500
4640.329 - 88 4.042 1
4640.492 - 88 2.096 1
4641.376 + 88 1
4643.319 + 88 1
4646.000 # 1500
4646.977 - 88 5.601 1
4647.001 - 88 3.682 1
4648.000 # 1500
4648.208 + 88 1
4650.063 + 88 1
4652.000 # 1500
4652.008 + 88 1
4652.149 - 88 3.941 1
4652.202 - 88 2.139 1
4653.823 + 88 1
4657.829 + 88 1
4659.937 + 88 1
4671.399 + 88 1
4671.616 + 88 1
4676.000 # 1500
4677.000 # 1500
4677.000 # 1500
4677.000 # 1500
4677.000 # 1500
4677.000 # 1500
4677.000 # 1500
4677.000 # 1500
4677.000 # 1500
4677.000 # 1500
4677.000 # 1500
4677.319 - 88 25.311 1
4677.447 - 88 23.624 1
4677.568 - 88 19.739 1
4677.583 - 88 17.646 1
4677.588 - 88 6.189 1
4677.593 - 88 5.977 1
4678.000 # 1500
4682.000 # 1500
4682.310 + 88 1
4682.629 + 88 1
4683.000 # 1500
4684.270 - 88 1.960 1
4684.278 - 88 1.649 1
4685.000 # 1500
4687.000 # 1500
4689.117 + 88 1
4689.284 + 88 1
4690.000 # 1500
4691.000 # 1500
4691.090 - 88 1.973 1
4691.098 - 88 1.814 1
4691.203 + 88 1
4694.000 # 1500
4694.901 - 88 3.698 1
4695.895 + 88 1
4696.000 # 1500
4698.000 # 1500
4699.108 + 88 1
4699.195 - 88 3.300 1
4700.000 # 1500
4701.063 - 88 1.955 1
4703.000 # 1500
4703.096 + 88 1
4705.000 # 1500
4705.611 - 88 2.515 1
4705.763 + 88 1
4707.000 # 1500
4708.740 - 88 2.977 1
4708.787 + 88 1
4710.000 # 1500
4711.000 # 1500
4711.593 - 88 2.806 1
4711.804 + 88 1
4715.494 + 88 1
4716.000 # 1500
4717.000 # 1500
4717.341 - 88 5.537 1
4717.353 - 88 1.859 1
4717.604 + 88 1
4718.000 # 1500
4719.319 - 88 1.715 1
4720.000 # 1500
4720.523 + 88 1
4724.000 # 1500
4724.130 + 88 1
4724.236 - 88 3.713 1
4727.000 # 1500
4728.938 - 88 4.808 1
4729.000 # 1500
4730.000 # 1500
4731.000 # 1500
4734.000 # 1500
4734.603 + 88 1
4735.000 # 1500
4735.852 - 88 1.249 1
4736.000 # 1500
4737.000 # 1500
4739.352 + 88 1
4740.000 # 1500
4740.596 - 88 1.244 1
4741.000 # 1500
4742.000 # 1500
4743.000 # 1500
4743.246 + 88 1
4746.000 # 1500
4746.000 # 1500
4746.183 + 88 1
4746.320 - 88 3.074 1
4747.000 # 1500
4748.000 # 1500
4748.358 - 88 2.175 1
4748.524 + 88 1
4750.000 # 1500
4751.000 # 1500
4751.221 - 88 2.697 1
4751.309 + 88 1
4752.000 # 1500
4753.000 # 1500
4753.008 - 88 1.699 1
4755.445 + 88 1
4757.000 # 1500
4757.000 # 1500
4757.982 - 88 2.537 1
4758.000 # 1500
4758.117 + 88 1
4760.000 # 1500
4760.980 - 88 2.863 1
4761.000 # 1500
4761.067 + 88 1
4765.000 # 1500
4765.000 # 1500
4765.735 - 88 4.668 1
4765.868 + 88 1
4766.000 # 1500
4767.000 # 1500
4767.706 - 88 1.838 1
4768.000 # 1500
4769.864 + 88 1
4770.000 # 1500
4771.000 # 1500
4771.614 - 88 1.750 1
4772.000 # 1500
4772.833 + 88 1
4775.742 + 88 1
4776.000 # 1500
4777.000 # 1500
4777.570 - 88 4.737 1
4777.629 - 88 1.887 1
4778.000 # 1500
4778.000 # 1500
4779.000 # 1500
4779.657 + 88 1
4780.000 # 1500
4781.000 # 1500
4781.358 - 88 1.701 1
4783.000 # 1500
4784.000 # 1500
4785.000 # 1500
4786.000 # 1500
4787.000 # 1500
4788.000 # 1500
4789.000 # 1500
4790.000 # 1500
4791.000 # 1500
4792.000 # 1500
4792.211 + 88 1
4793.341 + 88 1
4794.000 # 1500
4795.000 # 1500
4795.023 - 88 2.812 1
4795.076 - 88 1.735 1
4796.000 # 1500
4797.000 # 1500
4797.244 + 88 1
4799.000 # 1500
4799.000 # 1500
4800.000 # 1500
4800.095 - 88 2.851 1
4802.000 # 1500
4803.000 # 1500
4803.000 # 1500
4805.000 # 1500
4805.000 # 1500
4806.000 # 1500
4807.000 # 1500
4809.000 # 1500
4809.000 # 1500
4809.000 # 1500
4810.000 # 1500
4811.000 # 1500
4812.000 # 1500
4813.609 + 88 1
4814.000 # 1500
4815.000 # 1500
4815.630 - 88 2.021 1
4816.000 # 1500
4817.000 # 1500
4817.000 # 1500
4818.517 + 88 1
4819.000 # 1500
4819.000 # 1500
4820.000 # 1500
4820.532 - 88 2.015 1
4821.000 # 1500
4821.000 # 1500
4822.000 # 1500
4822.377 + 88 1
4823.000 # 1500
4824.000 # 1500
4824.000 # 1500
4824.452 - 88 2.075 1
4825.000 # 1500
4826.000 # 1500
4826.705 + 88 1
4827.000 # 1500
4828.361 - 88 1.656 1
4829.000 # 1500
4829.000 # 1500
4830.180 + 88 1
4831.000 # 1500
4831.000 # 1500
4832.148 - 88 1.968 1
4833.000 # 1500
4833.000 # 1500
4834.000 # 1500
4834.000 # 1500
4834.000 # 1500
4835.000 # 1500
4838.991 + 88 1
4839.046 + 88 1
4841.120 + 88 1
4843.961 + 88 1
4845.000 # 1500
4845.884 - 88 6.893 1
4845.962 - 88 6.916 1
4845.991 - 88 4.871 1
4846.000 # 1500
4846.000 # 1500
4846.000 - 88 2.039 1
4846.106 + 88 1
4848.000 # 1500
4848.885 - 88 2.779 1
4849.000 # 1500
4849.092 + 88 1
4850.000 # 1500
4850.996 - 88 1.904 1
4851.000 # 1500
4854.000 # 1500
4855.000 # 1500
4856.000 # 1500
4860.691 + 88 1
4860.741 + 88 1
4861.000 # 1500
4862.417 - 88 1.726 1
4862.472 - 88 1.731 1
4866.000 # 1500
4866.000 # 1500
4867.000 # 1500
4868.000 # 1500
4870.000 # 1500
4871.000 # 1500
4872.000 # 1500
4874.000 # 1500
4876.000 # 1500
4878.000 # 1500
4879.381 + 88 1
4879.399 + 88 1
4879.413 + 88 1
4879.427 + 88 1
4879.441 + 88 1
4880.000 # 1500
4881.000 # 1500
4881.459 - 88 2.078 1
4881.585 - 88 2.186 1
4881.668 - 88 2.255 1
4881.687 - 88 2.260 1
4881.693 - 88 2.252 1
4885.000 # 1500
4885.000 # 1500
4886.000 # 1500
4889.000 # 1500
4889.000 # 1500
4890.000 # 1500
4891.000 # 1500
4894.169 + 88 1
4894.390 + 88 1
4894.459 + 88 1
4894.475 + 88 1
4903.784 + 88 1
4903.922 + 88 1
4907.658 + 88 1
4920.000 # 1500
4920.000 # 1500
4920.000 # 1500
4921.000 # 1500
4921.000 # 1500
4921.000 # 1500
4921.000 # 1500
4921.000 # 1500
4921.000 # 1500
4921.548 + 88 1
4921.685 - 88 27.516 1
4921.746 - 88 27.356 1
4921.795 + 88 1
4921.868 - 88 27.409 1
4921.893 - 88 27.418 1
4921.909 - 88 18.125 1
4921.923 - 88 18.001 1
4921.937 - 88 14.279 1
4922.000 # 1500
4922.000 # 1500
4922.000 # 1500
4922.000 # 1500
4922.000 # 1500
4922.000 # 1500
4922.000 # 1500
4922.000 # 1500
4922.041 + 88 1
4922.175 + 88 1
4922.225 + 88 1
4922.287 - 88 0.739 1
4922.311 - 88 0.516 1
4923.000 # 1500
4923.773 - 88 1.732 1
4923.793 - 88 1.618 1
4923.810 - 88 1.585 1
4924.034 + 88 1
4925.463 + 88 1
4927.687 + 88 1
4929.725 + 88 1
4933.497 + 88 1
4935.505 + 88 1
4938.191 + 88 1
4940.661 + 88 1
4942.213 + 88 1
4944.439 + 88 1
4948.115 + 88 1
4950.170 + 88 1
4952.760 + 88 1
4954.705 + 88 1
4955.000 # 1500
4955.000 # 1500
4956.000 # 1500
4956.000 # 1500
4956.315 - 88 32.281 1
4956.481 - 88 31.018 1
4956.501 - 88 28.814 1
4956.510 - 88 26.785 1
4956.517 - 88 23.020 1
4956.524 - 88 21.019 1
4956.530 - 88 18.339 1
4956.536 - 88 15.875 1
4956.542 - 88 14.329 1
4956.548 - 88 12.109 1
4956.555 - 88 8.440 1
4956.562 - 88 6.392 1
4956.568 - 88 3.808 1
4956.575 - 88 1.870 1
4957.677 + 88 1
4960.000 # 1500
4960.993 + 88 1
4961.279 - 88 3.602 1
4962.696 + 88 1
4963.000 # 1500
4964.000 # 1500
4964.394 - 88 3.401 1
4964.419 - 88 1.723 1
4965.801 + 88 1
4967.000 # 1500
4967.394 - 88 1.593 1
4967.796 + 88 1
4972.000 # 1500
4972.118 + 88 1
4972.326 - 88 4.530 1
4975.366 + 88 1
4976.000 # 1500
4977.083 - 88 4.965 1
4977.109 - 88 1.743 1
4978.257 + 88 1
4979.000 # 1500
4980.117 - 88 1.860 1
4981.451 + 88 1
4983.173 + 88 1
4984.000 # 1500
4984.137 + 88 1
4984.439 - 88 2.988 1
4984.462 - 88 1.289 1
4987.000 # 1500
4987.853 - 88 3.716 1
4991.820 + 88 1
4992.000 # 1500
4992.491 + 88 1
4995.000 # 1500
4996.854 - 88 5.034 1
4996.874 - 88 4.383 1
4997.000 # 1500
4998.000 # 1500
4998.210 + 88 1
4998.325 + 88 1
4998.603 + 88 1
5000.000 # 1500
5001.681 - 88 3.471 1
5001.701 - 88 3.376 1
5001.709 - 88 3.106 1
5005.834 + 88 1
5005.925 + 88 1
5006.034 + 88 1
5006.701 + 88 1
5008.336 + 88 1
5009.676 + 88 1
5013.375 + 88 1
5015.338 + 88 1
5015.639 + 88 1
5017.418 + 88 1
5020.716 + 88 1
5022.223 + 88 1
5032.193 + 88 1
5032.785 + 88 1
5034.955 + 88 1
5036.817 + 88 1
5039.677 + 88 1
5039.836 + 88 1
5042.554 + 88 1
5043.210 + 88 1
5045.000 # 1500
5045.701 - 88 39.867 1
5045.844 - 88 39.919 1
5045.873 - 88 39.839 1
5045.882 - 88 39.181 1
5045.889 - 88 37.553 1
5045.896 - 88 36.220 1
5045.903 - 88 32.528 1
5045.909 - 88 30.571 1
5045.916 - 88 30.277 1
5045.922 - 88 28.504 1
5045.929 - 88 25.213 1
5045.935 - 88 23.712 1
5045.941 - 88 13.748 1
5045.947 - 88 13.162 1
5045.955 - 88 11.000 1
5045.962 - 88 9.145 1
5054.361 + 88 1
5054.680 + 88 1
5054.767 + 88 1
5056.348 + 88 1
5057.000 # 1500
5058.346 - 88 18.669 1
5058.365 - 88 18.529 1
5058.372 - 88 15.818 1
5058.379 - 88 15.169 1
5058.386 - 88 4.025 1
5058.393 - 88 3.713 1
5058.400 - 88 3.633 1
5058.406 - 88 2.058 1
5058.482 + 88 1
5061.000 # 1500
5062.205 - 88 3.723 1
5062.467 + 88 1
5066.317 + 88 1
5068.000 # 1500
5069.403 - 88 6.936 1
5069.421 - 88 3.104 1
5069.592 + 88 1
5070.000 # 1500
5071.171 - 88 1.579 1
5074.084 + 88 1
5074.512 + 88 1
5075.000 # 1500
5076.351 - 88 2.267 1
5076.365 - 88 1.853 1
5076.587 + 88 1
5080.091 + 88 1
5082.000 # 1500
5082.727 - 88 6.140 1
5082.740 - 88 2.649 1
5087.000 # 1500
5090.000 # 1500
5092.000 # 1500
5092.703 + 88 1
5092.808 + 88 1
5094.692 + 88 1
5096.000 # 1500
5096.765 + 88 1
5097.000 # 1500
5097.344 - 88 4.641 1
5097.365 - 88 4.557 1
5097.373 - 88 2.681 1
5098.000 # 1500
5098.417 - 88 1.652 1
5098.961 + 88 1
5100.000 # 1500
5101.377 - 88 2.416 1
5101.706 + 88 1
5102.686 + 88 1
5105.000 # 1500
5105.000 # 1500
5105.304 - 88 3.598 1
5105.323 - 88 2.637 1
5112.000 # 1500
5113.790 + 88 1
5113.927 + 88 1
5114.000 # 1500
5114.194 - 88 0.404 1
5116.000 # 1500
5116.159 + 88 1
5116.585 - 88 2.658 1
5117.581 + 88 1
5120.203 + 88 1
5120.310 + 88 1
5121.000 # 1500
5121.846 - 88 5.687 1
5121.962 - 88 4.381 1
5121.979 - 88 1.776 1
5121.987 - 88 1.677 1
5123.000 # 1500
5124.000 # 1500
5126.000 # 1500
5130.000 # 1500
5130.000 # 1500
5131.147 + 88 1
5131.536 + 88 1
5132.857 + 88 1
5135.000 # 1500
5135.685 + 88 1
5136.000 # 1500
5136.357 - 88 5.210 1
5136.487 - 88 4.951 1
5136.745 - 88 3.888 1
5137.549 + 88 1
5139.121 + 88 1
5140.000 # 1500
5140.513 - 88 4.828 1
5140.716 - 88 3.167 1
5140.798 - 88 1.677 1
5143.000 # 1500
5146.000 # 1500
5149.281 + 88 1
5151.000 # 1500
5151.000 # 1500
5151.256 + 88 1
5151.523 + 88 1
5151.570 - 88 2.289 1
5154.475 + 88 1
5156.684 + 88 1
5158.317 + 88 1
5160.544 + 88 1
5161.000 # 1500
5161.000 # 1500
5161.000 # 1500
5162.710 - 88 11.454 1
5162.769 - 88 11.246 1
5162.843 - 88 8.368 1
5162.865 - 88 6.181 1
5162.883 - 88 4.566 1
5163.094 - 88 2.550 1
5164.000 # 1500
5165.083 + 88 1
5174.318 + 88 1
5176.000 # 1500
5176.000 # 1500
5176.000 # 1500
5177.424 + 88 1
5177.701 + 88 1
5177.759 - 88 12.676 1
5177.994 - 88 3.676 1
5181.643 + 88 1
5184.665 + 88 1
5186.000 # 1500
5186.000 # 1500
5187.000 # 1500
5187.000 # 1500
5187.730 - 88 10.306 1
5188.128 - 88 10.427 1
5188.195 - 88 6.552 1
5188.213 - 88 3.548 1
5191.738 + 88 1
5192.000 # 1500
5192.132 - 88 0.394 1
5192.525 + 88 1
5195.173 + 88 1
5198.985 + 88 1
5200.943 + 88 1
5202.000 # 1500
5202.000 # 1500
5202.899 - 88 10.374 1
5202.945 - 88 7.772 1
5203.026 - 88 4.041 1
5203.041 - 88 2.098 1
5203.457 + 88 1
5205.811 + 88 1
5206.000 # 1500
5206.079 - 88 2.622 1
5206.104 - 88 0.293 1
5208.000 # 1500
5208.691 + 88 1
5210.000 # 1500
5211.759 - 88 3.068 1
5212.358 + 88 1
5213.771 + 88 1
5215.997 + 88 1
5218.674 + 88 1
5219.000 # 1500
5219.000 # 1500
5219.000 # 1500
5220.374 - 88 8.016 1
5220.647 - 88 6.876 1
5220.678 - 88 4.681 1
5220.686 - 88 2.012 1
5220.984 + 88 1
5223.414 + 88 1
5223.666 + 88 1
5226.338 + 88 1
5232.000 # 1500
5232.000 # 1500
5233.000 # 1500
5233.000 # 1500
5233.074 - 88 12.090 1
5233.167 - 88 9.753 1
5233.197 - 88 9.531 1
5233.206 - 88 6.868 1
5234.000 # 1500
5235.000 # 1500
5237.000 # 1500
5237.730 + 88 1
5239.000 # 1500
5239.000 # 1500
5239.546 + 88 1
5240.000 # 1500
5240.059 - 88 2.329 1
5240.151 - 88 0.605 1
5242.000 # 1500
5243.453 + 88 1
5244.000 # 1500
5245.162 + 88 1
5245.218 - 88 1.765 1
5246.000 # 1500
5246.759 - 88 1.597 1
5247.000 # 1500
5247.000 # 1500
5252.000 # 1500
5253.000 # 1500
5254.000 # 1500
5255.004 + 88 1
5256.000 # 1500
5256.524 - 88 1.520 1
5257.000 # 1500
5257.000 # 1500
5258.000 # 1500
5258.830 + 88 1
5259.090 + 88 1
5260.000 # 1500
5260.000 # 1500
5261.000 # 1500
5261.000 # 1500
5261.482 - 88 2.652 1
5261.551 - 88 2.461 1
5261.862 + 88 1
5263.000 # 1500
5263.356 - 88 1.494 1
5263.669 + 88 1
5264.000 # 1500
5264.000 # 1500
5265.251 - 88 1.582 1
5267.000 # 1500
5267.000 # 1500
5267.000 # 1500
5267.000 # 1500
5268.000 # 1500
5269.000 # 1500
5270.000 # 1500
5271.000 # 1500
5272.000 # 1500
5273.755 + 88 1
5274.000 # 1500
5275.175 - 88 1.420 1
5276.000 # 1500
5276.000 # 1500
5276.000 # 1500
5279.000 # 1500
5279.000 # 1500
5280.000 # 1500
5281.000 # 1500
5283.000 # 1500
5283.480 + 88 1
5284.000 # 1500
5285.889 - 88 2.409 1
5286.718 + 88 1
5293.197 + 88 1
5294.000 # 1500
5294.000 # 1500
5295.000 # 1500
5295.000 # 1500
5295.000 # 1500
5295.000 # 1500
5295.000 # 1500
5295.000 # 1500
5295.000 # 1500
5295.213 - 88 8.495 1
5295.255 - 88 2.058 1
5295.431 + 88 1
5298.811 + 88 1
5301.000 # 1500
5301.000 # 1500
5301.000 # 1500
5301.494 - 88 6.063 1
5301.594 - 88 2.783 1
5302.000 # 1500
5302.000 # 1500
5302.000 # 1500
5305.000 # 1500
5307.000 # 1500
5307.000 # 1500
5307.000 # 1500
5312.000 # 1500
5312.000 # 1500
5312.000 # 1500
5312.000 # 1500
5312.000 # 1500
5312.000 # 1500
5313.000 # 1500
5314.447 + 88 1
5316.000 # 1500
5316.000 # 1500
5316.971 - 88 2.524 1
5317.000 # 1500
5317.708 + 88 1
5319.000 # 1500
5319.000 # 1500
5320.023 - 88 2.315 1
5321.000 # 1500
5322.053 + 88 1
5323.000 # 1500
5323.956 - 88 1.903 1
5324.000 # 1500
5325.000 # 1500
5326.165 + 88 1
5327.000 # 1500
5328.000 # 1500
5328.480 - 88 2.315 1
5330.519 + 88 1
5332.000 # 1500
5333.408 - 88 2.889 1
5333.901 + 88 1
5337.000 # 1500
5339.000 # 1500
5339.424 + 88 1
5339.491 - 88 5.590 1
5341.000 # 1500
5342.294 + 88 1
5342.309 - 88 2.885 1
5344.000 # 1500
5345.138 - 88 2.844 1
5345.862 + 88 1
5347.000 # 1500
5347.944 - 88 2.082 1
5353.348 + 88 1
5357.000 # 1500
5357.000 # 1500
5357.000 # 1500
5358.814 - 88 5.466 1
5359.379 + 88 1
5361.000 # 1500
5361.000 # 1500
5361.000 # 1500
5362.713 - 88 3.334 1
5363.451 + 88 1
5364.000 # 1500
5364.000 # 1500
5365.075 - 88 1.624 1
5367.000 # 1500
5367.000 # 1500
5367.591 + 88 1
5371.000 # 1500
5372.355 - 88 4.764 1
5375.000 # 1500
5376.665 + 88 1
5377.000 # 1500
5378.296 - 88 1.631 1
5380.000 # 1500
5380.622 + 88 1
5383.000 # 1500
5384.216 - 88 3.594 1
5387.000 # 1500
5392.182 + 88 1
5392.518 + 88 1
5393.000 # 1500
5394.067 - 88 1.885 1
5394.162 - 88 1.644 1
5395.974 + 88 1
5396.000 # 1500
5396.000 # 1500
5399.000 # 1500
5399.895 - 88 3.921 1
5400.059 + 88 1
5402.000 # 1500
5403.000 # 1500
5403.331 - 88 3.272 1
5404.032 + 88 1
5405.000 # 1500
5406.651 - 88 2.619 1
5407.000 # 1500
5408.000 # 1500
5416.585 + 88 1
5416.919 + 88 1
5419.734 + 88 1
5421.000 # 1500
5421.000 # 1500
5421.000 # 1500
5421.000 # 1500
5421.000 # 1500
5421.000 # 1500
5422.149 - 88 5.564 1
5422.200 - 88 5.281 1
5422.290 - 88 2.556 1
5425.000 # 1500
5426.000 # 1500
5430.000 # 1500
5431.000 # 1500
5431.000 # 1500
5431.120 + 88 1
5431.384 + 88 1
5434.000 # 1500
5434.440 + 88 1
5434.878 - 88 3.758 1
5434.972 - 88 3.588 1
5436.986 + 88 1
5438.000 # 1500
5438.000 # 1500
5438.780 - 88 4.340 1
5438.849 - 88 1.863 1
5439.000 # 1500
5440.949 + 88 1
5441.000 # 1500
5444.000 # 1500
5444.756 - 88 3.807 1
5445.438 + 88 1
5446.000 # 1500
5447.000 # 1500
5447.231 - 88 1.793 1
5449.000 # 1500
5449.627 + 88 1
5450.000 # 1500
5451.000 # 1500
5451.506 - 88 1.879 1
5452.000 # 1500
5452.255 + 88 1
5454.000 # 1500
5454.875 + 88 1
5455.079 - 88 2.824 1
5456.000 # 1500
5457.502 - 88 2.627 1
5458.034 + 88 1
5462.000 # 1500
5462.000 # 1500
5462.000 # 1500
5462.372 + 88 1
5462.836 - 88 4.802 1
5463.000 # 1500
5464.295 - 88 1.923 1
5464.731 + 88 1
5466.000 # 1500
5466.000 # 1500
5466.352 - 88 1.621 1
5468.000 # 1500
5468.574 + 88 1
5470.000 # 1500
5471.137 - 88 2.563 1
5472.189 + 88 1
5474.444 + 88 1
5476.666 + 88 1
5479.000 # 1500
5480.935 - 88 8.746 1
5481.000 # 1500
5481.000 # 1500
5481.035 - 88 6.591 1
5481.121 - 88 4.455 1
5481.122 + 88 1
5482.000 # 1500
5482.914 - 88 1.792 1
5483.145 + 88 1
5484.000 # 1500
5484.716 - 88 1.571 1
5485.000 # 1500
5485.000 # 1500
5485.000 # 1500
5486.000 # 1500
5486.276 + 88 1
5498.000 # 1500
5498.000 # 1500
5498.530 + 88 1
5498.637 + 88 1
5498.848 + 88 1
5499.111 - 88 12.835 1
5501.599 + 88 1
5504.000 # 1500
5504.563 + 88 1
5505.005 - 88 6.475 1
5505.096 - 88 6.459 1
5505.172 - 88 6.324 1
5505.186 - 88 3.587 1
5506.000 # 1500
5507.000 # 1500
5507.171 + 88 1
5507.519 - 88 2.956 1
5509.467 + 88 1
5510.000 # 1500
5511.000 # 1500
5511.080 - 88 3.909 1
5511.100 - 88 1.633 1
5511.942 + 88 1
5513.369 + 88 1
5514.000 # 1500
5515.092 - 88 3.150 1
5515.264 - 88 1.895 1
5518.000 # 1500
5518.000 # 1500
5518.027 + 88 1
5520.266 + 88 1
5520.393 + 88 1
5521.000 # 1500
5521.978 - 88 3.951 1
5521.999 - 88 1.733 1
5522.000 # 1500
5522.007 - 88 1.614 1
5523.955 + 88 1
5524.000 # 1500
5526.320 + 88 1
5527.000 # 1500
5528.000 # 1500
5528.190 - 88 4.235 1
5528.211 - 88 1.891 1
5528.814 + 88 1
5530.000 # 1500
5530.334 + 88 1
5530.696 - 88 1.882 1
5532.000 # 1500
5532.617 + 88 1
5533.040 - 88 2.706 1
5535.000 # 1500
5535.000 # 1500
5535.254 + 88 1
5535.663 - 88 3.046 1
5536.640 + 88 1
5539.729 + 88 1
5540.000 # 1500
5540.185 - 88 4.931 1
5540.204 - 88 3.564 1
5540.212 - 88 0.483 1
5541.000 # 1500
5541.549 + 88 1
5541.672 + 88 1
5542.000 # 1500
5543.381 - 88 1.832 1
5543.401 - 88 1.729 1
5544.446 + 88 1
5545.927 + 88 1
5546.000 # 1500
5546.263 - 88 1.817 1
5548.366 + 88 1
5549.000 # 1500
5549.000 # 1500
5550.335 - 88 4.408 1
5550.356 - 88 1.990 1
5551.314 + 88 1
5561.000 # 1500
5561.000 # 1500
5561.000 # 1500
5561.000 # 1500
5561.000 # 1500
5561.000 # 1500
5561.000 # 1500
5562.000 # 1500
5562.124 - 88 10.810 1
5564.254 + 88 1
5564.640 + 88 1
5565.000 # 1500
5565.000 # 1500
5566.000 # 1500
5566.753 - 88 2.499 1
5566.773 - 88 2.133 1
5569.000 # 1500
5570.000 # 1500
5571.000 # 1500
5573.000 # 1500
5574.000 # 1500
5575.573 + 88 1
5575.896 + 88 1
5576.000 # 1500
5576.354 - 88 0.781 1
5580.000 # 1500
5581.000 # 1500
5581.436 - 88 5.540 1
5581.803 + 88 1
5581.911 + 88 1
5582.138 + 88 1
5583.000 # 1500
5583.902 - 88 2.099 1
5583.921 - 88 2.010 1
5583.929 - 88 1.791 1
5585.000 # 1500
5586.000 # 1500
5588.000 # 1500
5589.000 # 1500
5590.000 # 1500
5590.000 # 1500
5590.479 + 88 1
5593.000 # 1500
5593.000 # 1500
5594.078 - 88 3.599 1
5595.000 # 1500
5595.588 + 88 1
5595.809 + 88 1
5596.000 # 1500
5597.000 # 1500
5597.000 # 1500
5597.567 - 88 1.979 1
5597.587 - 88 1.778 1
5598.000 # 1500
5598.031 + 88 1
5600.000 # 1500
5600.200 + 88 1
5600.814 - 88 2.783 1
5601.000 # 1500
5602.067 - 88 1.867 1
5602.092 + 88 1
5603.000 # 1500
5604.000 # 1500
5604.049 - 88 1.957 1
5612.802 + 88 1
5612.907 + 88 1
5612.925 + 88 1
5613.173 + 88 1
5614.899 + 88 1
5616.000 # 1500
5616.000 # 1500
5616.000 # 1500
5616.000 # 1500
5616.665 - 88 3.863 1
5616.686 - 88 3.779 1
5616.693 - 88 3.768 1
5616.701 - 88 3.528 1
5616.708 - 88 1.809 1
5616.878 + 88 1
5617.000 # 1500
5627.392 + 88 1
5627.548 + 88 1
5627.866 + 88 1
5629.000 # 1500
5629.000 # 1500
5629.000 # 1500
5629.000 # 1500
5629.000 # 1500
5629.520 - 88 12.642 1
5629.534 - 88 2.142 1
5629.541 - 88 1.993 1
5629.548 - 88 1.682 1
5630.000 # 1500
5631.517 + 88 1
5632.179 + 88 1
5633.000 # 1500
5633.000 # 1500
5634.145 - 88 2.628 1
5634.175 - 88 1.996 1
5635.000 # 1500
5636.739 + 88 1
5637.000 # 1500
5639.000 # 1500
5639.223 - 88 2.484 1
5639.630 + 88 1
5640.361 + 88 1
5641.000 # 1500
5641.475 + 88 1
5642.028 - 88 2.398 1
5642.062 - 88 1.701 1
5645.000 # 1500
5645.337 - 88 3.862 1
5646.000 # 1500
5647.000 # 1500
5649.000 # 1500
5651.000 # 1500
5651.445 + 88 1
5651.780 + 88 1
5652.000 # 1500
5652.277 + 88 1
5652.438 + 88 1
5652.668 - 88 1.223 1
5652.691 - 88 0.911 1
5654.000 # 1500
5655.725 - 88 3.448 1
5655.755 - 88 3.317 1
5656.000 # 1500
5656.299 + 88 1
5656.415 + 88 1
5657.000 # 1500
5658.000 # 1500
5658.548 - 88 2.249 1
5658.568 - 88 2.153 1
5659.227 + 88 1
5660.000 # 1500
5660.777 - 88 1.550 1
5661.000 # 1500
5664.000 # 1500
5665.000 # 1500
5666.000 # 1500
5667.000 # 1500
5669.000 # 1500
5669.813 + 88 1
5670.144 + 88 1
5670.396 + 88 1
5670.961 + 88 1
5671.000 # 1500
5671.363 - 88 1.550 1
5671.399 - 88 1.255 1
5671.408 - 88 1.012 1
5672.000 # 1500
5672.856 - 88 1.895 1
5674.273 + 88 1
5676.000 # 1500
5676.000 # 1500
5677.000 # 1500
5677.134 - 88 2.861 1
5677.398 + 88 1
5679.000 # 1500
5680.228 - 88 2.830 1
5682.000 # 1500
5684.000 # 1500
5685.000 # 1500
5686.000 # 1500
5688.822 + 88 1
5689.139 + 88 1
5690.000 # 1500
5690.000 # 1500
5690.900 - 88 2.078 1
5690.997 - 88 1.858 1
5691.000 # 1500
5691.000 # 1500
5693.000 # 1500
5694.000 # 1500
5699.170 + 88 1
5699.320 + 88 1
5706.000 # 1500
5706.000 # 1500
5706.000 # 1500
5706.596 - 88 7.426 1
5706.690 - 88 7.370 1
5707.000 # 1500
5707.000 # 1500
5707.000 # 1500
5707.000 # 1500
5707.000 # 1500
5708.000 # 1500
5708.402 + 88 1
5708.669 + 88 1
5711.000 # 1500
5712.000 # 1500
5712.518 - 88 4.116 1
5712.611 - 88 3.942 1
5714.227 + 88 1
5715.000 # 1500
5716.000 # 1500
5716.100 - 88 1.873 1
5716.514 + 88 1
5718.000 # 1500
5719.508 - 88 2.994 1
5720.124 + 88 1
5723.000 # 1500
5723.000 # 1500
5723.651 + 88 1
5724.000 # 1500
5724.147 - 88 4.023 1
5725.000 # 1500
5726.366 - 88 2.715 1
5727.000 # 1500
5728.184 + 88 1
5730.388 + 88 1
5733.257 + 88 1
5736.000 # 1500
5736.997 + 88 1
5737.455 - 88 9.271 1
5737.575 - 88 7.187 1
5737.659 - 88 4.402 1
5739.000 # 1500
5739.273 + 88 1
5740.000 # 1500
5740.374 - 88 3.377 1
5740.399 - 88 1.126 1
5740.640 + 88 1
5741.000 # 1500
5741.193 - 88 0.553 1
5742.000 # 1500
5743.000 # 1500
5744.000 # 1500
5744.000 # 1500
5744.000 # 1500
5744.320 + 88 1
5744.767 + 88 1
5745.000 # 1500
5746.000 # 1500
5746.612 - 88 2.292 1
5746.641 - 88 1.874 1
5748.000 # 1500
5750.000 # 1500
5752.469 + 88 1
5752.854 + 88 1
5753.000 # 1500
5754.449 - 88 1.980 1
5754.494 - 88 1.640 1
5754.754 + 88 1
5756.000 # 1500
5756.285 - 88 1.531 1
5761.000 # 1500
5762.000 # 1500
5764.376 + 88 1
5765.000 # 1500
5766.301 - 88 1.925 1
5766.332 + 88 1
5768.000 # 1500
5768.486 + 88 1
5768.678 - 88 2.346 1
5770.000 # 1500
5771.000 # 1500
5771.073 - 88 2.587 1
5773.000 # 1500
5773.157 + 88 1
5774.993 + 88 1
5776.000 # 1500
5776.000 # 1500
5777.061 - 88 3.904 1
5777.087 - 88 2.094 1
5777.239 + 88 1
5778.000 # 1500
5778.551 - 88 1.312 1
5779.000 # 1500
5779.953 + 88 1
5781.000 # 1500
5781.967 - 88 2.014 1
5782.000 # 1500
5782.136 + 88 1
5785.000 # 1500
5785.680 + 88 1
5785.795 - 88 3.659 1
5786.000 # 1500
5787.000 # 1500
5787.583 - 88 1.903 1
5787.936 + 88 1
5789.000 # 1500
5789.646 - 88 1.710 1
5789.858 + 88 1
5790.000 # 1500
5791.648 - 88 1.790 1
5792.000 # 1500
5792.000 # 1500
5796.000 # 1500
5796.000 # 1500
5796.134 + 88 1
5796.403 + 88 1
5797.000 # 1500
5797.000 # 1500
5798.000 # 1500
5798.530 - 88 2.396 1
5798.569 - 88 2.166 1
5800.000 # 1500
5801.000 # 1500
5802.000 # 1500
5803.000 # 1500
5805.000 # 1500
5807.000 # 1500
5808.000 # 1500
5809.000 # 1500
5818.115 + 88 1
5818.336 + 88 1
5824.978 + 88 1
5827.000 # 1500
5827.000 # 1500
5827.000 # 1500
5827.000 # 1500
5827.000 # 1500
5827.000 # 1500
5827.000 # 1500
5827.603 - 88 9.488 1
5827.625 - 88 9.289 1
5827.633 - 88 2.655 1
5828.000 # 1500
5828.000 # 1500
5828.000 # 1500
5829.000 # 1500
5829.000 # 1500
5830.470 + 88 1
5831.000 # 1500
5832.177 - 88 1.707 1
5837.000 # 1500
5839.000 # 1500
5840.000 # 1500
5842.000 # 1500
5847.000 # 1500
5848.000 # 1500
5850.000 # 1500
5851.000 # 1500
5853.000 # 1500
5855.000 # 1500
5856.000 # 1500
5857.000 # 1500
5859.416 + 88 1
5859.631 + 88 1
5860.000 # 1500
5860.983 - 88 1.567 1
5861.027 - 88 1.396 1
5861.234 + 88 1
5862.000 # 1500
5862.859 - 88 1.625 1
5863.000 # 1500
5864.534 + 88 1
5865.000 # 1500
5866.295 - 88 1.761 1
5867.000 # 1500
5868.606 + 88 1
5874.098 + 88 1
5878.151 + 88 1
5879.925 + 88 1
5883.066 + 88 1
5884.000 # 1500
5884.000 # 1500
5885.000 # 1500
5885.000 # 1500
5885.000 # 1500
5885.000 # 1500
5885.000 # 1500
5885.763 - 88 17.157 1
5885.805 - 88 11.707 1
5885.833 - 88 7.682 1
5885.837 - 88 5.912 1
5885.840 - 88 2.774 1
5887.000 # 1500
5887.000 # 1500
5887.000 # 1500
5887.000 # 1500
5887.988 + 88 1
5888.000 # 1500
5888.000 # 1500
5891.000 # 1500
5892.455 - 88 4.467 1
5893.000 # 1500
5894.000 # 1500
5895.000 # 1500
5896.697 + 88 1
5898.615 + 88 1
5900.624 + 88 1
5904.284 + 88 1
5904.569 + 88 1
5906.000 # 1500
5906.493 + 88 1
5906.628 - 88 9.931 1
5906.686 - 88 8.071 1
5906.693 - 88 6.069 1
5906.697 - 88 2.413 1
5906.701 - 88 2.132 1
5907.000 # 1500
5907.000 # 1500
5907.000 # 1500
5908.053 - 88 1.560 1
5908.387 + 88 1
5911.000 # 1500
5911.000 # 1500
5911.130 + 88 1
5911.274 - 88 2.887 1
5913.278 + 88 1
5914.000 # 1500
5914.910 - 88 3.780 1
5914.941 - 88 1.663 1
5916.838 + 88 1
5917.000 # 1500
5918.121 - 88 1.283 1
5919.927 + 88 1
5920.000 # 1500
5920.011 - 88 0.084 1
5922.000 # 1500
5924.000 # 1500
5927.000 # 1500
5929.000 # 1500
5930.000 # 1500
5930.771 + 88 1
5931.000 # 1500
5931.056 + 88 1
5931.167 - 88 0.396 1
5932.000 # 1500
5932.744 - 88 1.688 1
5932.829 + 88 1
5934.000 # 1500
5935.000 # 1500
5935.898 - 88 3.069 1
5936.000 # 1500
5937.000 # 1500
5937.675 + 88 1
5938.000 # 1500
5939.537 - 88 1.862 1
5939.641 + 88 1
5940.000 # 1500
5941.000 # 1500
5941.389 - 88 1.748 1
5941.582 + 88 1
5947.000 # 1500
5947.000 # 1500
5947.000 # 1500
5948.000 # 1500
5948.047 - 88 6.465 1
5949.000 # 1500
5950.000 # 1500
5951.000 # 1500
5954.000 # 1500
5954.000 # 1500
5955.000 # 1500
5956.000 # 1500
5959.204 + 88 1
5968.000 # 1500
5968.000 # 1500
5968.000 # 1500
5968.000 # 1500
5968.000 # 1500
5968.000 # 1500
5968.813 + 88 1
5968.893 - 88 9.689 1
5969.291 + 88 1
5973.608 + 88 1
5975.609 + 88 1
5975.842 + 88 1
5977.000 # 1500
5977.000 # 1500
5977.000 # 1500
5977.000 # 1500
5977.535 - 88 8.722 1
5977.546 - 88 8.255 1
5977.549 - 88 3.941 1
5977.551 - 88 1.942 1
5977.554 - 88 1.712 1
5978.680 + 88 1
5980.000 # 1500
5982.292 - 88 3.612 1
5984.000 # 1500
5985.000 # 1500
5987.000 # 1500
5987.477 + 88 1
5990.000 # 1500
5990.315 + 88 1
5990.494 + 88 1
5990.581 - 88 3.104 1
5992.000 # 1500
5992.000 # 1500
5993.000 # 1500
5994.188 - 88 3.873 1
5994.198 - 88 3.704 1
5996.000 # 1500
5997.000 # 1500
6000.302 + 88 1
6002.000 # 1500
6002.045 + 88 1
6002.225 - 88 1.923 1
6003.000 # 1500
6004.000 # 1500
6004.012 - 88 1.967 1
6006.000 # 1500
6010.000 # 1500
6010.000 # 1500
6014.556 + 88 1
6014.736 + 88 1
6017.598 + 88 1
6020.003 + 88 1
6021.000 # 1500
6022.326 - 88 7.770 1
6022.382 - 88 7.646 1
6022.394 - 88 4.796 1
6022.396 - 88 2.393 1
6024.000 # 1500
6024.000 # 1500
6024.000 # 1500
6024.000 # 1500
6024.000 # 1500
6024.000 # 1500
6027.000 # 1500
6027.000 # 1500
6029.259 + 88 1
6031.000 # 1500
6032.215 - 88 2.956 1
6032.308 + 88 1
6034.131 + 88 1
6035.000 # 1500
6036.012 - 88 3.704 1
6036.021 - 88 1.890 1
6037.000 # 1500
6044.208 + 88 1
6044.272 + 88 1
6050.883 + 88 1
6051.000 # 1500
6051.081 + 88 1
6051.116 - 88 6.908 1
6051.153 - 88 6.881 1
6051.181 - 88 0.298 1
6051.621 + 88 1
6052.000 # 1500
6053.019 - 88 1.938 1
6053.046 - 88 1.425 1
6062.000 # 1500
6066.337 + 88 1
6071.293 + 88 1
6071.495 + 88 1
6080.639 + 88 1
6091.000 # 1500
6092.679 + 88 1
6092.850 - 88 26.513 1
6092.916 - 88 21.623 1
6092.945 - 88 21.450 1
6092.950 - 88 12.311 1
6092.957 + 88 1
6093.000 # 1500
6093.459 - 88 0.780 1
6098.656 + 88 1
6101.507 + 88 1
6104.033 + 88 1
6106.476 + 88 1
6110.000 # 1500
6110.000 # 1500
6110.000 # 1500
6111.269 - 88 18.312 1
6111.313 - 88 12.657 1
6111.325 - 88 9.818 1
6111.328 - 88 7.295 1
6111.330 - 88 4.854 1
6112.000 # 1500
6115.000 # 1500
6117.000 # 1500
6118.000 # 1500
6118.150 + 88 1
6121.914 + 88 1
6122.000 # 1500
6122.141 - 88 3.991 1
6122.171 - 88 0.257 1
6126.000 # 1500
6128.894 + 88 1
6129.000 # 1500
6129.000 # 1500
6129.126 + 88 1
6131.000 # 1500
6131.776 - 88 2.882 1
6131.816 - 88 2.690 1
6133.727 + 88 1
6134.000 # 1500
6134.000 # 1500
6135.000 # 1500
6135.874 - 88 2.147 1
6137.630 + 88 1
6139.540 + 88 1
6145.565 + 88 1
6146.000 # 1500
6146.000 # 1500
6146.000 # 1500
6146.000 # 1500
6146.000 # 1500
6147.353 - 88 9.723 1
6147.450 - 88 7.910 1
6147.536 - 88 1.971 1
6149.207 + 88 1
6154.444 + 88 1
6157.000 # 1500
6157.571 - 88 8.364 1
6157.596 - 88 3.152 1
6159.000 # 1500
6164.864 + 88 1
6164.931 + 88 1
6166.805 + 88 1
6170.000 # 1500
6171.689 - 88 6.825 1
6171.716 - 88 6.785 1
6171.722 - 88 4.917 1
6171.751 + 88 1
6173.682 + 88 1
6175.000 # 1500
6175.887 - 88 4.136 1
6175.918 - 88 2.236 1
6176.000 # 1500
6176.000 # 1500
6177.726 + 88 1
6178.000 # 1500
6179.446 - 88 1.720 1
6180.000 # 1500
6180.454 + 88 1
6184.359 + 88 1
6187.291 + 88 1
6188.000 # 1500
6188.416 - 88 7.962 1
6188.440 - 88 4.081 1
6188.447 - 88 1.156 1
6190.231 + 88 1
6192.000 # 1500
6192.000 # 1500
6192.000 # 1500
6192.552 - 88 2.321 1
6194.210 + 88 1
6196.000 # 1500
6196.000 # 1500
6197.133 - 88 2.923 1
6199.000 # 1500
6199.305 + 88 1
6199.327 + 88 1
6200.000 # 1500
6200.970 - 88 1.665 1
6200.992 - 88 1.665 1
6203.000 # 1500
6204.000 # 1500
6204.059 + 88 1
6205.000 # 1500
6205.872 - 88 1.813 1
6208.000 # 1500
6210.000 # 1500
6211.154 + 88 1
6211.179 + 88 1
6211.198 + 88 1
6214.000 # 1500
6214.667 - 88 3.513 1
6214.694 - 88 3.515 1
6214.700 - 88 3.502 1
6215.000 # 1500
6217.000 # 1500
6219.727 + 88 1
6220.921 + 88 1
6220.944 + 88 1
6222.000 # 1500
6223.451 - 88 3.724 1
6223.475 - 88 2.554 1
6223.480 - 88 2.536 1
6223.615 + 88 1
6225.476 + 88 1
6226.000 # 1500
6227.000 # 1500
6227.353 - 88 3.738 1
6227.362 - 88 1.886 1
6228.000 # 1500
6228.508 + 88 1
6230.000 # 1500
6230.629 - 88 2.121 1
6231.462 + 88 1
6232.000 # 1500
6232.584 - 88 1.122 1
6234.000 # 1500
6234.228 + 88 1
6237.235 + 88 1
6238.000 # 1500
6239.000 # 1500
6239.119 - 88 4.891 1
6239.137 - 88 1.902 1
6239.175 + 88 1
6241.000 # 1500
6241.292 - 88 2.117 1
6242.333 + 88 1
6245.000 # 1500
6245.944 - 88 3.611 1
6247.000 # 1500
6248.000 # 1500
6254.000 # 1500
6254.774 + 88 1
6254.829 + 88 1
6255.000 # 1500
6256.673 - 88 1.899 1
6256.700 - 88 1.871 1
6257.000 # 1500
6258.693 + 88 1
6260.635 + 88 1
6261.000 # 1500
6261.000 # 1500
6262.502 - 88 3.809 1
6262.517 - 88 1.882 1
6263.638 + 88 1
6264.000 # 1500
6264.743 - 88 1.105 1
6266.000 # 1500
6267.451 + 88 1
6268.000 # 1500
6268.507 - 88 1.056 1
6269.513 + 88 1
6271.000 # 1500
6271.647 - 88 2.134 1
6272.000 # 1500
6273.000 # 1500
6273.309 + 88 1
6276.000 # 1500
6276.183 + 88 1
6276.260 - 88 2.951 1
6278.000 # 1500
6278.401 - 88 2.218 1
6279.000 # 1500
6280.000 # 1500
6284.000 # 1500
6285.000 # 1500
6287.000 # 1500
6288.000 # 1500
6294.793 + 88 1
6294.823 + 88 1
6294.841 + 88 1
6301.607 + 88 1
6301.633 + 88 1
6301.651 + 88 1
6301.669 + 88 1
6309.000 # 1500
6309.000 # 1500
6309.000 # 1500
6309.000 # 1500
6309.000 # 1500
6309.000 # 1500
6310.000 # 1500
6310.000 # 1500
6310.000 # 1500
6310.392 - 88 15.599 1
6310.441 - 88 15.618 1
6310.448 - 88 15.607 1
6310.453 - 88 8.846 1
6310.458 - 88 8.825 1
6310.462 - 88 8.811 1
6310.467 - 88 8.798 1
6311.481 + 88 1
6313.000 # 1500
6314.291 - 88 2.810 1
6316.000 # 1500
6316.456 + 88 1
6317.000 # 1500
6318.189 - 88 1.733 1
6329.419 + 88 1
6329.699 + 88 1
6333.482 + 88 1
6337.821 + 88 1
6339.196 + 88 1
6344.096 + 88 1
6346.500 + 88 1
6349.168 + 88 1
6358.000 # 1500
6358.000 # 1500
6359.000 # 1500
6359.000 # 1500
6359.000 # 1500
6359.000 # 1500
6359.000 # 1500
6359.000 # 1500
6359.000 # 1500
6359.000 # 1500
6359.000 # 1500
6359.000 # 1500
6359.989 - 88 30.570 1
6360.000 # 1500
6360.000 # 1500
6360.000 # 1500
6360.000 # 1500
6360.000 # 1500
6360.000 # 1500
6360.000 # 1500
6360.000 # 1500
6360.000 # 1500
6360.000 # 1500
6360.106 + 88 1
6360.221 - 88 30.522 1
6360.314 - 88 26.832 1
6360.327 - 88 22.506 1
6360.334 - 88 21.138 1
6360.342 - 88 16.246 1
6360.349 - 88 13.849 1
6360.356 - 88 11.188 1
6362.405 + 88 1
6362.525 + 88 1
6367.999 + 88 1
6369.000 # 1500
6369.000 # 1500
6370.245 - 88 10.139 1
6370.268 - 88 7.863 1
6370.285 - 88 7.760 1
6370.299 - 88 2.300 1
6372.660 + 88 1
6373.000 # 1500
6374.000 # 1500
6374.106 - 88 1.446 1
6376.000 # 1500
6376.000 # 1500
6377.974 + 88 1
6378.000 # 1500
6378.000 # 1500
6379.000 # 1500
6379.000 # 1500
6379.811 - 88 1.837 1
6381.737 + 88 1
6382.000 # 1500
6382.000 # 1500
6383.000 # 1500
6383.262 - 88 1.525 1
6385.000 # 1500
6386.000 # 1500
6386.144 + 88 1
6387.000 # 1500
6388.038 - 88 1.894 1
6388.924 + 88 1
6389.000 # 1500
6390.000 # 1500
6390.728 - 88 1.804 1
6391.000 # 1500
6393.000 # 1500
6394.000 # 1500
6395.000 # 1500
6395.331 + 88 1
6396.000 # 1500
6397.000 # 1500
6397.598 - 88 2.267 1
6398.000 # 1500
6399.000 # 1500
6400.000 # 1500
6400.536 + 88 1
6401.000 # 1500
6402.000 # 1500
6402.416 - 88 1.880 1
6409.611 + 88 1
6413.000 # 1500
6413.000 # 1500
6415.000 # 1500
6415.146 - 88 5.535 1
6415.943 + 88 1
6417.000 # 1500
6417.000 # 1500
6417.723 + 88 1
6417.889 - 88 1.946 1
6418.000 # 1500
6420.085 - 88 2.362 1
6421.246 + 88 1
6425.859 + 88 1
6426.000 # 1500
6426.430 - 88 5.184 1
6427.000 # 1500
6429.034 - 88 3.175 1
6429.602 + 88 1
6434.645 + 88 1
6437.000 # 1500
6437.000 # 1500
6437.000 # 1500
6437.000 # 1500
6437.663 + 88 1
6438.073 - 88 8.471 1
6438.095 - 88 3.450 1
6440.000 # 1500
6440.314 + 88 1
6440.722 - 88 3.059 1
6441.000 # 1500
6442.375 - 88 2.061 1
6442.598 + 88 1
6445.000 # 1500
6445.988 + 88 1
6446.346 - 88 3.748 1
6448.000 # 1500
6448.968 - 88 2.980 1
6449.124 + 88 1
6450.000 # 1500
6450.636 + 88 1
6450.734 - 88 1.610 1
6451.000 # 1500
6452.203 - 88 1.567 1
6453.251 + 88 1
6454.000 # 1500
6455.187 + 88 1
6455.390 - 88 2.139 1
6456.131 + 88 1
6458.006 + 88 1
6459.450 + 88 1
6461.264 + 88 1
6464.272 + 88 1
6466.000 # 1500
6466.000 # 1500
6466.000 # 1500
6466.000 # 1500
6466.000 # 1500
6466.000 # 1500
6467.000 # 1500
6467.137 - 88 11.950 1
6467.162 - 88 11.031 1
6467.172 - 88 9.166 1
6467.179 - 88 7.729 1
6467.186 - 88 5.922 1
6467.192 - 88 2.920 1
6470.000 # 1500
6471.000 # 1500
6472.377 + 88 1
6476.533 + 88 1
6476.628 + 88 1
6476.942 + 88 1
6485.691 + 88 1
6492.359 + 88 1
6492.568 + 88 1
6492.586 + 88 1
6494.000 # 1500
6494.000 # 1500
6494.000 # 1500
6494.000 # 1500
6494.000 # 1500
6494.000 # 1500
6494.000 # 1500
6495.000 # 1500
6495.000 # 1500
6495.000 # 1500
6495.350 - 88 22.973 1
6495.443 - 88 18.910 1
6495.475 - 88 18.847 1
6495.485 - 88 18.543 1
6495.493 - 88 9.802 1
6495.508 - 88 3.149 1
6495.515 - 88 2.947 1
6495.523 - 88 2.937 1
6495.535 + 88 1
6500.482 + 88 1
6501.000 # 1500
6501.000 # 1500
6501.000 # 1500
6502.043 - 88 6.508 1
6502.065 - 88 1.583 1
6502.258 + 88 1
6504.880 + 88 1
6506.000 # 1500
6506.000 # 1500
6506.000 # 1500
6506.856 - 88 4.598 1
6506.879 - 88 1.999 1
6507.000 # 1500
6507.000 # 1500
6507.114 + 88 1
6513.000 # 1500
6513.000 # 1500
6513.786 - 88 6.672 1
6514.000 # 1500
6515.821 + 88 1
6517.080 + 88 1
6518.000 # 1500
6518.758 + 88 1
6518.970 - 88 3.149 1
6519.236 - 88 2.156 1
6519.975 + 88 1
6521.000 # 1500
6521.740 - 88 2.982 1
6521.813 + 88 1
6521.880 - 88 1.905 1
6523.170 + 88 1
6526.000 # 1500
6526.401 + 88 1
6526.686 + 88 1
6527.079 - 88 5.266 1
6527.099 - 88 3.929 1
6529.000 # 1500
6530.449 - 88 4.048 1
6530.471 - 88 3.785 1
6531.000 # 1500
6534.000 # 1500
6536.673 + 88 1
6537.852 + 88 1
6539.467 + 88 1
6541.659 + 88 1
6544.000 # 1500
6544.000 # 1500
6544.000 # 1500
6544.000 # 1500
6546.111 - 88 9.438 1
6546.133 - 88 8.281 1
6546.141 - 88 6.674 1
6546.149 - 88 4.490 1
6548.000 # 1500
6551.000 # 1500
6552.234 + 88 1
6553.000 # 1500
6553.579 + 88 1
6553.854 + 88 1
6554.142 - 88 1.908 1
6556.000 # 1500
6556.685 + 88 1
6556.854 - 88 3.275 1
6556.875 - 88 3.021 1
6558.000 # 1500
6559.259 - 88 2.574 1
6561.000 # 1500
6565.000 # 1500
6567.700 + 88 1
6568.000 # 1500
6569.384 - 88 1.684 1
6570.000 # 1500
6571.000 # 1500
6572.299 + 88 1
6573.000 # 1500
6574.477 - 88 2.178 1
6574.808 + 88 1
6575.000 # 1500
6575.177 - 88 0.369 1
6576.000 # 1500
6578.000 # 1500
6579.000 # 1500
6581.000 # 1500
6582.000 # 1500
6585.000 # 1500
6586.000 # 1500
6595.817 + 88 1
6596.287 + 88 1
6596.471 + 88 1
6596.646 + 88 1
6597.000 # 1500
6597.000 # 1500
6598.759 - 88 2.942 1
6598.794 - 88 2.507 1
6598.806 - 88 2.335 1
6598.814 - 88 2.168 1
6605.318 + 88 1
6605.612 + 88 1
6605.785 + 88 1
6605.952 + 88 1
6606.000 # 1500
6606.152 - 88 0.834 1
6606.176 - 88 0.564 1
6606.185 - 88 0.400 1
6607.000 # 1500
6607.000 # 1500
6607.000 # 1500
6607.000 # 1500
6607.000 # 1500
6607.000 # 1500
6607.000 # 1500
6607.871 - 88 1.919 1
6613.000 # 1500
6613.000 # 1500
6614.113 + 88 1
6614.174 + 88 1
6615.000 # 1500
6616.180 - 88 2.067 1
6616.277 - 88 2.103 1
6616.316 + 88 1
6618.000 # 1500
6618.192 + 88 1
6618.396 - 88 2.080 1
6622.000 # 1500
6622.988 - 88 4.796 1
6623.493 + 88 1
6626.000 # 1500
6626.943 - 88 3.450 1
6627.441 + 88 1
6632.824 + 88 1
6632.929 + 88 1
6635.000 # 1500
6636.701 - 88 9.260 1
6636.776 + 88 1
6636.836 - 88 4.012 1
6636.909 - 88 3.980 1
6638.000 # 1500
6639.758 - 88 2.982 1
6640.215 + 88 1
6643.000 # 1500
6644.449 - 88 4.234 1
6646.000 # 1500
6648.686 + 88 1
6650.000 # 1500
6651.000 # 1500
6651.211 - 88 2.525 1
6651.966 + 88 1
6654.000 # 1500
6655.110 - 88 3.144 1
6655.925 + 88 1
6657.000 # 1500
6658.148 - 88 2.223 1
6658.520 + 88 1
6659.000 # 1500
6660.068 - 88 1.548 1
6660.534 + 88 1
6661.000 # 1500
6662.071 - 88 1.537 1
6663.000 # 1500
6663.757 + 88 1
6666.000 # 1500
6667.842 - 88 4.085 1
6668.070 + 88 1
6670.007 + 88 1
6673.292 + 88 1
6675.188 + 88 1
6678.804 + 88 1
6679.000 # 1500
6679.000 # 1500
6679.000 # 1500
6679.000 # 1500
6679.089 - 88 11.019 1
6679.214 - 88 9.207 1
6679.236 - 88 5.944 1
6679.252 - 88 4.064 1
6679.266 - 88 0.462 1
6679.807 + 88 1
6682.000 # 1500
6682.424 - 88 2.617 1
6682.473 + 88 1
6684.000 # 1500
6685.416 - 88 2.943 1
6685.801 + 88 1
6686.000 # 1500
6686.070 - 88 0.269 1
6688.000 # 1500
6688.306 + 88 1
6689.788 + 88 1
6691.000 # 1500
6691.728 + 88 1
6692.227 - 88 3.921 1
6692.308 - 88 2.520 1
6693.000 # 1500
6693.490 - 88 1.762 1
6693.607 + 88 1
6694.000 # 1500
6695.000 # 1500
6695.121 + 88 1
6695.241 - 88 1.634 1
6699.000 # 1500
6700.000 # 1500
6700.000 # 1500
6700.076 - 88 4.955 1
6702.000 # 1500
6702.137 + 88 1
6702.357 + 88 1
6704.328 + 88 1
6705.000 # 1500
6706.000 # 1500
6706.181 - 88 4.044 1
6706.319 - 88 3.962 1
6706.391 - 88 2.063 1
6706.606 + 88 1
6709.000 # 1500
6709.917 - 88 3.311 1
6710.000 # 1500
6711.000 # 1500
6713.000 # 1500
6715.000 # 1500
6716.000 # 1500
6717.120 + 88 1
6718.000 # 1500
6718.833 - 88 1.713 1
6719.000 # 1500
6719.296 + 88 1
6721.000 # 1500
6721.816 + 88 1
6721.929 - 88 2.633 1
6723.000 # 1500
6724.290 - 88 2.474 1
6725.000 # 1500
6725.554 + 88 1
6725.899 + 88 1
6726.000 # 1500
6726.215 - 88 0.661 1
6727.000 # 1500
6727.612 + 88 1
6727.657 - 88 1.758 1
6729.722 + 88 1
6732.305 + 88 1
6734.317 + 88 1
6736.251 + 88 1
6737.000 # 1500
6737.000 # 1500
6738.000 # 1500
6738.101 - 88 10.489 1
6738.157 - 88 8.435 1
6738.215 + 88 1
6738.230 - 88 5.925 1
6738.257 - 88 3.940 1
6738.273 - 88 2.022 1
6742.000 # 1500
6743.124 - 88 4.909 1
6747.143 + 88 1
6749.344 + 88 1
6751.000 # 1500
6751.000 # 1500
6751.000 # 1500
6751.000 # 1500
6751.812 - 88 4.669 1
6752.181 - 88 2.837 1
6757.000 # 1500
6757.000 # 1500
6757.000 # 1500
6757.330 + 88 1
6760.000 # 1500
6761.749 - 88 4.419 1
6764.000 # 1500
6764.033 + 88 1
6764.187 + 88 1
6766.601 + 88 1
6768.000 # 1500
6769.379 - 88 5.346 1
6769.432 - 88 5.245 1
6769.503 - 88 2.902 1
6769.512 + 88 1
6770.000 # 1500
6770.741 - 88 1.229 1
6772.512 + 88 1
6773.000 # 1500
6774.329 - 88 1.817 1
6774.426 + 88 1
6778.000 # 1500
6778.224 + 88 1
6778.541 - 88 4.115 1
6779.000 # 1500
6780.245 - 88 2.021 1
6780.455 + 88 1
6782.247 + 88 1
6783.000 # 1500
6784.026 - 88 3.571 1
6784.145 - 88 1.898 1
6786.125 + 88 1
6788.000 # 1500
6788.072 + 88 1
6788.540 - 88 2.415 1
6791.000 # 1500
6791.880 - 88 3.808 1
6791.934 + 88 1
6794.967 + 88 1
6796.000 # 1500
6796.725 - 88 4.791 1
6796.777 - 88 1.810 1
6796.821 + 88 1
6799.000 # 1500
6799.734 - 88 2.913 1
6801.689 + 88 1
6803.000 # 1500
6804.051 + 88 1
6804.375 - 88 2.686 1
6807.000 # 1500
6808.099 + 88 1
6808.119 - 88 4.068 1
6811.000 # 1500
6811.726 - 88 3.627 1
6814.000 # 1500
6816.279 + 88 1
6818.000 # 1500
6819.322 - 88 3.043 1
6820.000 # 1500
6826.204 + 88 1
6826.228 + 88 1
6828.000 # 1500
6829.080 - 88 2.876 1
6829.249 - 88 3.021 1
6831.894 + 88 1
6833.000 # 1500
6833.443 - 88 1.549 1
6835.035 + 88 1
6836.000 # 1500
6836.870 - 88 1.835 1
6837.000 # 1500
6838.728 + 88 1
6842.690 + 88 1
6844.000 # 1500
6845.648 - 88 6.920 1
6845.741 - 88 3.051 1
6845.962 + 88 1
6847.000 # 1500
6848.165 - 88 2.203 1
6851.000 # 1500
6852.000 # 1500
6856.480 + 88 1
6856.590 + 88 1
6858.376 + 88 1
6866.307 + 88 1
6866.435 + 88 1
6866.444 + 88 1
6868.348 + 88 1
6872.245 + 88 1
6873.000 # 1500
6873.000 # 1500
6873.000 # 1500
6873.000 # 1500
6873.000 # 1500
6873.000 # 1500
6873.000 # 1500
6873.000 # 1500
6873.977 - 88 17.497 1
6874.070 - 88 17.480 1
6874.090 - 88 15.714 1
6874.099 - 88 7.792 1
6874.106 - 88 7.671 1
6874.112 - 88 7.668 1
6874.119 - 88 5.771 1
6874.125 - 88 1.880 1
6875.000 # 1500
6876.109 + 88 1
6877.960 + 88 1
6878.000 # 1500
6878.314 - 88 2.205 1
6880.000 # 1500
6880.758 - 88 2.798 1
6881.000 # 1500
6881.113 + 88 1
6884.088 + 88 1
6886.838 + 88 1
6887.000 # 1500
6888.000 # 1500
6888.584 - 88 7.471 1
6888.603 - 88 4.515 1
6888.612 - 88 1.774 1
6890.525 + 88 1
6891.000 # 1500
6892.981 - 88 2.456 1
6893.000 # 1500
6893.210 + 88 1
6895.000 # 1500
6895.644 - 88 2.434 1
6896.000 # 1500
6896.206 + 88 1
6898.000 # 1500
6899.241 - 88 3.035 1
6901.000 # 1500
6902.000 # 1500
6902.883 + 88 1
6903.471 + 88 1
6906.000 # 1500
6906.386 + 88 1
6906.762 - 88 3.879 1
6906.789 - 88 3.318 1
6907.000 # 1500
6907.987 - 88 1.601 1
6909.000 # 1500
6910.000 # 1500
6910.000 # 1500
6910.741 + 88 1
6911.000 # 1500
6913.047 + 88 1
6915.000 # 1500
6915.000 # 1500
6915.249 + 88 1
6915.677 - 88 4.936 1
6915.702 - 88 2.655 1
6917.000 # 1500
6917.985 - 88 2.736 1
6918.000 # 1500
6919.000 # 1500
6919.259 + 88 1
6920.000 # 1500
6920.814 - 88 1.555 1
6921.000 # 1500
6921.125 + 88 1
6922.000 # 1500
6922.752 - 88 1.627 1
6923.351 + 88 1
6924.000 # 1500
6925.946 - 88 2.595 1
6926.000 # 1500
6926.034 + 88 1
6927.000 # 1500
6927.565 - 88 1.531 1
6928.000 # 1500
6930.000 # 1500
6931.936 + 88 1
6932.000 # 1500
6933.000 # 1500
6934.000 # 1500
6934.102 + 88 1
6934.116 - 88 2.180 1
6935.000 # 1500
6936.000 # 1500
6936.613 - 88 2.511 1
6936.903 + 88 1
6937.000 # 1500
6938.000 # 1500
6939.373 + 88 1
6940.353 - 88 3.450 1
6942.000 # 1500
6942.000 # 1500
6942.138 + 88 1
6942.615 - 88 3.242 1
6944.460 + 88 1
6945.000 # 1500
6946.000 # 1500
6946.062 - 88 3.924 1
6946.131 - 88 1.671 1
6948.000 # 1500
6948.195 + 88 1
6949.898 + 88 1
6951.942 + 88 1
6957.000 # 1500
6957.693 - 88 9.498 1
6957.787 - 88 7.889 1
6957.866 - 88 5.924 1
6959.000 # 1500
6961.000 # 1500
6961.000 # 1500
6962.301 + 88 1
6962.769 + 88 1
6963.000 # 1500
6964.000 # 1500
6964.557 - 88 2.256 1
6964.649 - 88 1.880 1
6965.000 # 1500
6966.000 # 1500
6967.000 # 1500
6968.000 # 1500
6968.784 + 88 1
6969.087 + 88 1
6970.774 + 88 1
6971.000 # 1500
6972.000 # 1500
6972.456 - 88 3.672 1
6972.523 - 88 3.436 1
6972.746 - 88 1.972 1
6973.000 # 1500
6973.062 + 88 1
6974.599 + 88 1
6975.000 # 1500
6976.000 # 1500
6976.283 - 88 3.221 1
6976.303 - 88 1.704 1
6976.786 + 88 1
6978.000 # 1500
6979.310 - 88 2.524 1
6980.000 # 1500
6980.077 + 88 1
6982.000 # 1500
6982.524 - 88 2.447 1
6984.000 # 1500
6988.675 + 88 1
6991.067 + 88 1
6991.426 + 88 1
6994.792 + 88 1
6995.223 + 88 1
6997.000 # 1500
6997.707 - 88 9.032 1
6997.924 - 88 6.857 1
6997.959 - 88 6.533 1
6997.977 - 88 3.185 1
6997.991 - 88 2.768 1
6998.016 + 88 1
7007.000 # 1500
7007.000 # 1500
7007.000 # 1500
7007.000 # 1500
7007.000 # 1500
7007.000 # 1500
7007.648 - 88 9.632 1
7007.932 + 88 1
7008.510 + 88 1
7012.482 + 88 1
7022.165 + 88 1
7022.489 + 88 1
7022.728 + 88 1
7024.000 # 1500
7024.000 # 1500
7025.000 # 1500
7025.000 # 1500
7025.000 # 1500
7026.012 - 88 18.080 1
7026.110 - 88 17.600 1
7026.145 - 88 13.663 1
7026.154 - 88 3.989 1
7026.161 - 88 3.672 1
7026.167 - 88 3.439 1
7026.560 + 88 1
7027.000 # 1500
7028.226 - 88 1.666 1
7028.685 + 88 1
7033.095 + 88 1
7033.246 + 88 1
7035.114 + 88 1
7039.000 # 1500
7039.000 # 1500
7039.000 # 1500
7039.761 + 88 1
7039.827 - 88 11.142 1
7039.847 - 88 6.752 1
7039.855 - 88 6.609 1
7039.862 - 88 4.748 1
7041.752 + 88 1
7044.000 # 1500
7044.276 + 88 1
7044.607 - 88 4.846 1
7044.627 - 88 2.875 1
7046.870 + 88 1
7049.000 # 1500
7049.469 - 88 5.193 1
7049.489 - 88 2.619 1
7051.000 # 1500
7051.941 + 88 1
7052.000 # 1500
7055.000 # 1500
7055.427 + 88 1
7055.860 - 88 3.919 1
7057.000 # 1500
7060.000 # 1500
7061.000 # 1500
7064.000 # 1500
7064.662 + 88 1
7065.163 - 88 9.736 1
7066.000 # 1500
7066.382 - 88 1.720 1
7071.645 + 88 1
7071.773 + 88 1
7077.000 # 1500
7078.067 - 88 6.422 1
7078.200 - 88 6.427 1
7078.452 + 88 1
7078.582 + 88 1
7080.300 + 88 1
7084.039 + 88 1
7096.011 + 88 1
7096.140 + 88 1
7096.202 + 88 1
7098.855 + 88 1
7103.000 # 1500
7104.667 + 88 1
7104.796 + 88 1
7104.909 - 88 26.457 1
7105.033 - 88 26.451 1
7105.055 - 88 24.755 1
7105.073 - 88 21.034 1
7105.087 - 88 9.076 1
7105.101 - 88 8.961 1
7105.114 - 88 8.912 1
7105.128 - 88 6.273 1
7107.585 + 88 1
7117.219 + 88 1
7117.310 + 88 1
7120.609 + 88 1
7124.460 + 88 1
7127.521 + 88 1
7130.421 + 88 1
7132.360 + 88 1
7135.000 # 1500
7135.457 + 88 1
7135.672 - 88 31.005 1
7135.726 - 88 30.930 1
7135.744 - 88 28.159 1
7135.760 - 88 18.541 1
7135.774 - 88 18.464 1
7135.787 - 88 15.178 1
7135.801 - 88 11.341 1
7135.814 - 88 8.293 1
7135.828 - 88 5.407 1
7135.840 - 88 3.480 1
7140.156 + 88 1
7142.213 + 88 1
7144.152 + 88 1
7147.000 # 1500
7147.931 - 88 12.474 1
7147.960 - 88 7.804 1
7147.975 - 88 5.762 1
7147.989 - 88 3.837 1
7148.426 + 88 1
7150.059 + 88 1
7153.049 + 88 1
7154.000 # 1500
7154.890 - 88 6.464 1
7155.043 + 88 1
7155.073 - 88 5.014 1
7155.096 - 88 2.047 1
7157.899 + 88 1
7158.255 + 88 1
7162.785 + 88 1
7164.714 + 88 1
7166.000 # 1500
7166.784 + 88 1
7167.089 - 88 12.046 1
7167.111 - 88 9.212 1
7167.119 - 88 8.864 1
7167.126 - 88 4.341 1
7167.132 - 88 2.418 1
7168.797 + 88 1
7169.000 # 1500
7170.438 - 88 3.654 1
7170.460 - 88 1.663 1
7171.000 # 1500
7173.540 + 88 1
7175.000 # 1500
7175.609 + 88 1
7176.004 - 88 2.464 1
7176.374 + 88 1
7177.000 # 1500
7178.290 - 88 2.681 1
7178.312 - 88 1.938 1
7180.354 + 88 1
7182.000 # 1500
7182.535 + 88 1
7182.990 - 88 2.636 1
7185.464 + 88 1
7187.367 + 88 1
7188.000 # 1500
7189.144 - 88 6.609 1
7189.165 - 88 3.701 1
7189.173 - 88 1.806 1
7191.221 + 88 1
7192.000 # 1500
7192.886 - 88 1.665 1
7194.000 # 1500
7194.008 + 88 1
7196.071 + 88 1
7198.000 # 1500
7198.800 - 88 4.792 1
7198.821 - 88 2.750 1
7201.035 + 88 1
7202.000 # 1500
7202.660 - 88 1.625 1
7206.000 # 1500
7209.678 + 88 1
7209.947 + 88 1
7210.000 # 1500
7210.214 - 88 0.536 1
7213.000 # 1500
7213.615 - 88 3.668 1
7215.705 + 88 1
7216.000 # 1500
7217.371 - 88 1.666 1
7218.667 + 88 1
7219.000 # 1500
7220.313 - 88 1.646 1
7223.000 # 1500
7228.590 + 88 1
7229.151 + 88 1
7232.551 + 88 1
7234.436 + 88 1
7237.000 # 1500
7237.000 # 1500
7237.918 + 88 1
7237.957 - 88 9.367 1
7238.266 - 88 9.115 1
7238.296 - 88 5.745 1
7238.305 - 88 3.869 1
7238.640 + 88 1
7241.000 # 1500
7241.000 # 1500
7241.000 # 1500
7242.757 - 88 4.839 1
7242.776 - 88 4.136 1
7248.922 + 88 1
7249.000 # 1500
7249.000 # 1500
7249.000 # 1500
7249.000 # 1500
7249.063 + 88 1
7249.302 - 88 0.380 1
7251.599 + 88 1
7251.816 + 88 1
7256.000 # 1500
7256.000 # 1500
7257.384 - 88 8.321 1
7257.408 - 88 5.809 1
7257.417 - 88 5.601 1
7258.884 + 88 1
7260.000 # 1500
7260.734 - 88 1.850 1
7262.571 + 88 1
7262.702 + 88 1
7265.000 # 1500
7266.171 - 88 3.600 1
7266.191 - 88 3.489 1
7269.000 # 1500
7269.472 + 88 1
7271.587 + 88 1
7272.000 # 1500
7273.904 - 88 4.432 1
7273.920 - 88 2.333 1
7276.000 # 1500
7281.000 # 1500
7282.861 + 88 1
7282.997 + 88 1
7285.000 # 1500
7285.601 - 88 2.740 1
7285.629 - 88 2.632 1
7286.000 # 1500
7288.000 # 1500
7289.000 # 1500
7289.593 + 88 1
7290.000 # 1500
7291.658 - 88 2.065 1
7292.000 # 1500
7292.000 # 1500
7293.000 # 1500
7295.000 # 1500
7296.000 # 1500
7296.243 + 88 1
7297.000 # 1500
7297.710 + 88 1
7297.991 - 88 1.748 1
7307.000 # 1500
7308.000 # 1500
7308.000 # 1500
7308.000 # 1500
7308.000 # 1500
7308.033 - 88 10.323 1
7316.000 # 1500
7316.000 # 1500
7318.000 # 1500
7319.000 # 1500
7319.000 # 1500
7319.000 # 1500
7319.000 # 1500
7319.539 + 88 1
7319.642 + 88 1
7319.910 + 88 1
7322.000 # 1500
7322.847 - 88 3.308 1
7322.886 - 88 3.244 1
7322.902 - 88 2.992 1
7323.000 # 1500
7324.779 + 88 1
7328.557 + 88 1
7330.624 + 88 1
7337.000 # 1500
7337.000 # 1500
7337.000 # 1500
7338.000 # 1500
7338.000 # 1500
7338.508 - 88 13.729 1
7338.550 - 88 9.993 1
7338.631 - 88 8.007 1
7341.000 # 1500
7342.376 + 88 1
7342.442 + 88 1
7342.491 + 88 1
7342.537 + 88 1
7345.000 # 1500
7346.229 + 88 1
7346.480 - 88 4.104 1
7346.521 - 88 4.079 1
7346.590 - 88 4.099 1
7346.603 - 88 4.066 1
7347.000 # 1500
7348.292 - 88 2.063 1
7348.427 + 88 1
7350.000 # 1500
7350.206 + 88 1
7350.529 - 88 2.102 1
7352.179 + 88 1
7354.000 # 1500
7354.016 + 88 1
7354.584 - 88 4.378 1
7354.608 - 88 2.429 1
7355.966 + 88 1
7357.000 # 1500
7357.962 - 88 3.946 1
7357.982 - 88 2.016 1
7358.097 + 88 1
7359.000 # 1500
7360.083 - 88 1.986 1
7360.461 + 88 1
7365.000 # 1500
7367.055 - 88 6.594 1
7368.773 + 88 1
7371.708 + 88 1
7374.548 + 88 1
7374.930 + 88 1
7376.000 # 1500
7376.000 # 1500
7376.381 - 88 7.608 1
7376.422 - 88 4.714 1
7376.438 - 88 1.890 1
7376.446 - 88 1.516 1
7378.747 + 88 1
7381.000 # 1500
7381.000 # 1500
7381.000 # 1500
7381.000 # 1500
7382.856 - 88 4.109 1
7385.000 # 1500
7390.117 + 88 1
7390.182 + 88 1
7390.556 + 88 1
7392.210 + 88 1
7394.304 + 88 1
7396.000 # 1500
7397.000 # 1500
7397.158 - 88 7.041 1
7397.197 - 88 7.015 1
7397.214 - 88 6.658 1
7397.224 - 88 5.014 1
7397.231 - 88 2.927 1
7397.347 + 88 1
7399.000 # 1500
7399.888 - 88 2.541 1
7402.000 # 1500
7407.000 # 1500
7409.245 + 88 1
7409.701 + 88 1
7412.000 # 1500
7416.676 - 88 7.431 1
7416.769 - 88 7.068 1
7417.000 # 1500
7419.000 # 1500
7423.000 # 1500
7427.506 + 88 1
7427.688 + 88 1
7427.762 + 88 1
7429.488 + 88 1
7431.000 # 1500
7432.000 # 1500
7433.000 # 1500
7435.000 # 1500
7436.000 # 1500
7436.414 + 88 1
7436.509 + 88 1
7436.712 - 88 9.206 1
7436.859 - 88 9.171 1
7436.891 - 88 9.129 1
7436.906 - 88 7.418 1
7438.000 # 1500
7438.492 + 88 1
7438.696 - 88 2.282 1
7438.723 - 88 2.214 1
7441.000 # 1500
7443.189 - 88 4.697 1
7443.779 + 88 1
7445.000 # 1500
7446.532 + 88 1
7446.691 - 88 2.912 1
7447.000 # 1500
7447.967 - 88 1.435 1
7453.229 + 88 1
7453.648 + 88 1
7455.895 + 88 1
7457.000 # 1500
7457.000 # 1500
7457.763 - 88 4.534 1
7457.791 - 88 4.143 1
7457.807 - 88 1.912 1
7459.005 + 88 1
7460.000 # 1500
7462.788 - 88 3.783 1
7463.044 + 88 1
7465.000 # 1500
7465.658 - 88 2.614 1
7467.000 # 1500
7467.000 # 1500
7468.000 # 1500
7470.000 # 1500
7472.000 # 1500
7473.000 # 1500
7478.000 # 1500
7479.881 + 88 1
7479.968 + 88 1
7480.462 + 88 1
7480.842 + 88 1
7481.000 # 1500
7481.052 - 88 1.171 1
7481.224 - 88 1.256 1
7481.242 - 88 0.780 1
7483.000 # 1500
7484.514 - 88 3.672 1
7488.000 # 1500
7491.348 + 88 1
7492.000 # 1500
7493.004 - 88 1.656 1
7495.235 + 88 1
7495.559 + 88 1
7496.000 # 1500
7496.927 - 88 1.692 1
7497.005 - 88 1.446 1
7498.847 + 88 1
7499.000 # 1500
7499.104 - 88 0.257 1
7501.000 # 1500
7506.000 # 1500
7508.678 + 88 1
7510.000 # 1500
7510.975 + 88 1
7511.062 + 88 1
7511.497 + 88 1
7511.604 - 88 2.926 1
7512.000 # 1500
7513.503 + 88 1
7513.609 - 88 2.634 1
7513.778 - 88 2.716 1
7513.798 - 88 2.301 1
7515.000 # 1500
7516.406 - 88 2.903 1
7516.903 + 88 1
7518.000 # 1500
7518.619 - 88 1.716 1
7520.000 # 1500
7520.066 + 88 1
7522.000 # 1500
7523.646 - 88 3.580 1
7524.000 # 1500
7527.000 # 1500
7531.000 # 1500
7536.000 # 1500
7537.000 # 1500
7537.376 + 88 1
7539.000 # 1500
7539.984 + 88 1
7540.000 # 1500
7540.058 + 88 1
7540.147 - 88 2.771 1
7543.000 # 1500
7544.214 - 88 4.230 1
7544.240 - 88 4.182 1
7545.000 # 1500
7546.000 # 1500
7548.000 # 1500
7548.335 + 88 1
7548.505 + 88 1
7548.555 + 88 1
7549.000 # 1500
7550.674 - 88 2.339 1
7550.695 - 88 2.190 1
7550.709 - 88 2.154 1
7550.710 + 88 1
7551.000 # 1500
7552.000 # 1500
7552.711 - 88 2.001 1
7557.000 # 1500
7558.000 # 1500
7558.000 # 1500
7558.629 + 88 1
7561.000 # 1500
7562.000 # 1500
7562.682 - 88 4.053 1
7571.318 + 88 1
7573.502 + 88 1
7575.441 + 88 1
7576.000 # 1500
7576.000 # 1500
7577.056 - 88 5.738 1
7577.381 - 88 3.879 1
7577.397 + 88 1
7577.406 - 88 1.965 1
7578.000 # 1500
7579.117 - 88 1.720 1
7581.000 # 1500
7581.000 # 1500
7582.000 # 1500
7588.742 + 88 1
7590.752 + 88 1
7591.076 + 88 1
7593.000 # 1500
7593.595 - 88 4.853 1
7593.715 - 88 2.963 1
7593.803 - 88 2.727 1
7594.436 + 88 1
7596.580 + 88 1
7599.037 + 88 1
7602.000 # 1500
7602.000 # 1500
7602.000 # 1500
7603.000 # 1500
7603.000 # 1500
7603.519 - 88 9.083 1
7603.565 - 88 6.985 1
7603.580 - 88 4.543 1
7609.389 + 88 1
7609.791 + 88 1
7611.000 # 1500
7611.000 # 1500
7612.000 # 1500
7612.000 # 1500
7612.000 # 1500
7613.000 # 1500
7613.249 - 88 3.860 1
7613.290 - 88 3.499 1
7613.587 + 88 1
7613.984 + 88 1
7614.127 + 88 1
7616.000 # 1500
7616.306 + 88 1
7616.828 - 88 3.241 1
7616.852 - 88 2.868 1
7616.861 - 88 2.734 1
7616.874 + 88 1
7621.000 # 1500
7622.024 - 88 5.718 1
7622.057 - 88 5.183 1
7624.000 # 1500
7627.785 + 88 1
7628.779 + 88 1
7628.875 + 88 1
7630.000 # 1500
7630.666 - 88 2.881 1
7630.848 + 88 1
7630.887 - 88 2.108 1
7631.033 - 88 2.158 1
7632.817 + 88 1
7633.000 # 1500
7634.815 + 88 1
7634.938 - 88 4.090 1
7634.972 - 88 2.155 1
7636.749 + 88 1
7637.000 # 1500
7638.583 - 88 3.768 1
7638.606 - 88 1.857 1
7641.000 # 1500
7645.613 + 88 1
7645.925 + 88 1
7648.000 # 1500
7648.300 - 88 2.687 1
7648.392 - 88 2.467 1
7648.798 + 88 1
7648.881 + 88 1
7651.000 # 1500
7651.435 - 88 2.637 1
7651.688 - 88 2.807 1
7652.174 + 88 1
7654.596 + 88 1
7655.000 # 1500
7657.206 - 88 5.032 1
7657.246 - 88 2.650 1
7657.583 + 88 1
7659.000 # 1500
7660.417 - 88 2.834 1
7663.000 # 1500
7668.874 + 88 1
7669.000 # 1500
7669.015 + 88 1
7669.307 + 88 1
7671.000 # 1500
7671.842 - 88 2.968 1
7671.941 - 88 2.926 1
7671.974 - 88 2.667 1
7672.220 + 88 1
7676.000 # 1500
7676.854 - 88 4.634 1
7678.000 # 1500
7681.663 + 88 1
7681.783 + 88 1
7682.092 + 88 1
7683.000 # 1500
7684.530 - 88 2.867 1
7684.624 - 88 2.841 1
7684.703 - 88 2.611 1
7688.000 # 1500
7688.815 + 88 1
7690.000 # 1500
7691.337 - 88 2.522 1
7692.000 # 1500
7692.002 + 88 1
7695.000 # 1500
7696.232 - 88 4.230 1
7696.333 + 88 1
7698.000 # 1500
7698.308 + 88 1
7698.716 - 88 2.383 1
7699.000 # 1500
7700.019 - 88 1.711 1
7700.483 + 88 1
7702.000 # 1500
7702.917 - 88 2.434 1
7704.000 # 1500
7707.000 # 1500
7708.488 + 88 1
7711.000 # 1500
7712.000 # 1500
7712.018 - 88 3.530 1
7712.188 + 88 1
7714.000 # 1500
7714.174 + 88 1
7714.535 - 88 2.347 1
7716.000 # 1500
7716.125 + 88 1
7716.487 - 88 2.313 1
7718.000 # 1500
7718.668 - 88 2.543 1
7720.110 + 88 1
7721.000 # 1500
7721.524 - 88 1.414 1
7721.823 + 88 1
7723.000 # 1500
7723.406 - 88 1.583 1
7724.000 # 1500
7725.593 + 88 1
7726.000 # 1500
7727.617 + 88 1
7727.648 - 88 2.055 1
7729.000 # 1500
7729.521 + 88 1
7729.595 - 88 1.978 1
7731.000 # 1500
7731.331 + 88 1
7732.000 # 1500
7732.245 - 88 2.724 1
7732.312 - 88 0.981 1
7733.332 + 88 1
7735.000 # 1500
7735.228 + 88 1
7735.545 - 88 2.213 1
7737.198 + 88 1
7738.000 # 1500
7739.179 + 88 1
7739.272 - 88 4.044 1
7739.340 - 88 2.142 1
7741.000 # 1500
7742.205 + 88 1
7742.553 - 88 3.374 1
7744.070 + 88 1
7745.000 # 1500
7746.136 - 88 3.931 1
7746.143 + 88 1
7746.171 - 88 2.101 1
7747.000 # 1500
7749.000 # 1500
7749.048 - 88 2.905 1
7749.099 + 88 1
7749.535 + 88 1
7751.000 # 1500
7752.265 - 88 3.166 1
7752.438 - 88 2.903 1
7753.000 # 1500
7755.000 # 1500
7756.399 + 88 1
7757.000 # 1500
7758.065 - 88 1.666 1
7760.000 # 1500
7761.000 # 1500
7762.000 # 1500
7764.000 # 1500
7768.000 # 1500
7770.000 # 1500
7773.000 # 1500
7777.000 # 1500
7777.308 + 88 1
7777.423 + 88 1
7777.446 + 88 1
7777.692 + 88 1
7777.814 + 88 1
7777.950 + 88 1
7778.000 # 1500
7778.304 - 88 0.996 1
7778.414 - 88 0.991 1
7778.503 - 88 1.057 1
7778.514 - 88 0.822 1
7778.522 - 88 0.708 1
7780.498 + 88 1
7781.000 # 1500
7782.258 - 88 4.308 1
7782.278 - 88 1.780 1
7786.000 # 1500
7788.423 + 88 1
7788.566 + 88 1
7788.760 + 88 1
7789.000 # 1500
7790.194 + 88 1
7790.213 - 88 1.790 1
7790.232 - 88 1.666 1
7790.248 - 88 1.488 1
7792.000 # 1500
7792.985 - 88 2.791 1
7793.811 + 88 1
7795.000 # 1500
7795.774 - 88 1.963 1
7796.000 # 1500
7796.106 + 88 1
7797.723 + 88 1
7798.000 # 1500
7798.119 + 88 1
7798.518 - 88 2.412 1
7798.540 - 88 0.817 1
7800.000 # 1500
7800.844 - 88 2.725 1
7801.196 + 88 1
7802.000 # 1500
7803.000 # 1500
7803.618 - 88 2.422 1
7805.000 # 1500
7808.000 # 1500
7809.000 # 1500
7811.000 # 1500
7812.000 # 1500
7813.000 # 1500
7813.495 + 88 1
7813.553 + 88 1
7813.770 + 88 1
7815.000 # 1500
7815.569 + 88 1
7816.044 - 88 2.549 1
7816.074 - 88 2.521 1
7816.091 - 88 2.321 1
7817.000 # 1500
7817.333 - 88 1.764 1
7818.000 # 1500
7819.287 + 88 1
7821.000 # 1500
7821.932 - 88 2.645 1
7823.000 # 1500
7824.000 # 1500
7826.000 # 1500
7828.000 # 1500
7829.056 + 88 1
7831.967 + 88 1
7833.922 + 88 1
7837.845 + 88 1
7837.978 + 88 1
7838.039 + 88 1
7842.610 + 88 1
7844.624 + 88 1
7846.631 + 88 1
7848.714 + 88 1
7849.000 # 1500
7849.000 # 1500
7849.000 # 1500
7849.000 # 1500
7849.000 # 1500
7850.000 # 1500
7850.000 # 1500
7850.000 # 1500
7850.000 # 1500
7850.000 # 1500
7850.000 # 1500
7850.000 # 1500
7850.533 - 88 21.477 1
7850.624 - 88 18.657 1
7850.708 - 88 16.786 1
7850.720 - 88 12.875 1
7850.729 - 88 12.751 1
7850.736 - 88 12.697 1
7850.743 - 88 8.133 1
7850.749 - 88 6.125 1
7850.755 - 88 4.124 1
7850.762 - 88 2.048 1
7851.121 + 88 1
7852.000 # 1500
7852.878 - 88 1.757 1
7853.000 # 1500
7854.685 + 88 1
7856.000 # 1500
7856.604 + 88 1
7857.000 # 1500
7857.011 - 88 2.326 1
7858.000 # 1500
7858.000 # 1500
7858.382 - 88 1.778 1
7858.452 + 88 1
7859.000 # 1500
7860.000 # 1500
7860.214 - 88 1.762 1
7860.438 + 88 1
7861.000 # 1500
7862.000 # 1500
7862.166 - 88 1.728 1
7868.000 # 1500
7868.000 # 1500
7869.119 + 88 1
7870.000 # 1500
7870.000 # 1500
7870.000 # 1500
7871.045 - 88 1.926 1
7874.480 + 88 1
7876.207 + 88 1
7881.000 # 1500
7881.000 # 1500
7881.000 # 1500
7882.000 # 1500
7882.000 # 1500
7882.000 # 1500
7882.000 # 1500
7882.000 # 1500
7882.000 # 1500
7882.054 - 88 7.574 1
7882.086 - 88 5.879 1
7884.022 + 88 1
7884.354 + 88 1
7886.066 + 88 1
7887.965 + 88 1
7890.143 + 88 1
7893.000 # 1500
7893.623 - 88 9.601 1
7893.767 - 88 9.413 1
7893.844 - 88 7.778 1
7893.866 - 88 5.901 1
7893.881 - 88 3.738 1
7894.000 # 1500
7894.177 + 88 1
7894.522 + 88 1
7897.344 + 88 1
7900.000 # 1500
7901.327 - 88 7.150 1
7901.353 - 88 6.831 1
7901.368 - 88 4.024 1
7909.713 + 88 1
7913.202 + 88 1
7916.873 + 88 1
7917.243 + 88 1
7918.951 + 88 1
7921.000 # 1500
7921.000 # 1500
7921.000 # 1500
7921.000 # 1500
7921.000 # 1500
7921.000 # 1500
7921.000 # 1500
7921.709 - 88 11.996 1
7921.820 - 88 8.618 1
7921.840 - 88 4.967 1
7921.854 - 88 4.611 1
7921.868 - 88 2.917 1
7922.000 # 1500
7922.000 # 1500
7922.000 # 1500
7922.000 # 1500
7922.000 # 1500
7922.000 # 1500
7922.000 # 1500
7922.000 # 1500
7922.000 # 1500
7922.000 # 1500
7923.000 # 1500
7923.000 # 1500
7927.000 # 1500
7927.000 # 1500
7929.719 + 88 1
7931.772 + 88 1
7933.853 + 88 1
7935.658 + 88 1
7936.000 # 1500
7936.000 # 1500
7936.000 # 1500
7936.000 # 1500
7936.000 # 1500
7936.000 # 1500
7937.252 - 88 7.533 1
7937.305 - 88 5.533 1
7937.449 + 88 1
7937.501 - 88 3.648 1
7937.531 - 88 1.873 1
7938.000 # 1500
7939.700 + 88 1
7940.202 - 88 2.753 1
7947.000 # 1500
7947.000 # 1500
7948.170 - 88 8.470 1
7948.888 + 88 1
7949.000 # 1500
7949.167 - 88 0.279 1
7952.000 # 1500
7955.122 + 88 1
7956.000 # 1500
7956.931 - 88 1.809 1
7959.000 # 1500
7960.340 + 88 1
7962.000 # 1500
7963.073 - 88 2.733 1
7963.453 + 88 1
7967.000 # 1500
7967.795 - 88 4.342 1
7968.000 # 1500
7968.110 + 88 1
7972.000 # 1500
7972.533 - 88 4.423 1
7974.000 # 1500
7976.000 # 1500
7977.555 + 88 1
7977.702 + 88 1
7977.908 + 88 1
7979.000 # 1500
7979.503 - 88 1.948 1
7979.540 - 88 1.838 1
7979.557 - 88 1.649 1
7979.585 + 88 1
7981.000 # 1500
7982.253 - 88 2.668 1
7985.000 # 1500
7988.000 # 1500
7988.659 + 88 1
7992.000 # 1500
7994.601 - 88 5.942 1
7995.206 + 88 1
7997.000 # 1500
7997.556 - 88 2.350 1
7997.749 + 88 1
7999.000 # 1500
7999.537 - 88 1.788 1
7999.670 + 88 1
8001.665 + 88 1
8003.000 # 1500
8004.292 + 88 1
8004.607 - 88 4.937 1
8004.632 - 88 2.967 1
8007.000 # 1500
8008.074 - 88 3.782 1
8010.000 # 1500
8011.426 + 88 1
8011.786 + 88 1
8013.613 + 88 1
8015.000 # 1500
8016.399 + 88 1
8016.511 - 88 5.085 1
8016.551 - 88 4.765 1
8016.624 - 88 3.011 1
8017.000 # 1500
8018.228 - 88 1.829 1
8019.000 # 1500
8021.000 # 1500
8025.998 + 88 1
8026.976 + 88 1
8027.000 # 1500
8027.361 - 88 1.363 1
8030.815 + 88 1
8031.141 + 88 1
8032.847 + 88 1
8034.957 + 88 1
8036.000 # 1500
8036.000 # 1500
8036.297 + 88 1
8036.629 - 88 9.653 1
8036.789 - 88 5.974 1
8036.823 - 88 5.682 1
8036.831 - 88 3.984 1
8036.838 - 88 1.881 1
8038.883 + 88 1
8039.000 # 1500
8039.000 # 1500
8039.189 - 88 2.892 1
8039.208 - 88 0.325 1
8040.000 # 1500
8040.970 + 88 1
8044.494 + 88 1
8046.504 + 88 1
8046.876 + 88 1
8049.000 # 1500
8049.000 # 1500
8049.000 # 1500
8049.000 # 1500
8049.606 - 88 8.636 1
8049.628 - 88 5.134 1
8049.637 - 88 3.133 1
8049.644 - 88 2.768 1
8049.889 + 88 1
8053.000 # 1500
8053.195 + 88 1
8053.742 - 88 3.853 1
8055.000 # 1500
8056.060 - 88 2.865 1
8058.000 # 1500
8060.000 # 1500
8063.299 + 88 1
8065.000 # 1500
8065.963 - 88 2.664 1
8073.915 + 88 1
8074.000 # 1500
8074.000 # 1500
8074.247 + 88 1
8074.873 + 88 1
8076.954 + 88 1
8077.000 # 1500
8077.532 - 88 3.617 1
8077.628 - 88 3.381 1
8077.718 - 88 2.845 1
8078.000 # 1500
8078.940 - 88 1.986 1
8079.223 + 88 1
8082.144 + 88 1
8083.000 # 1500
8084.240 - 88 5.017 1
8084.266 - 88 2.122 1
8087.457 + 88 1
8088.000 # 1500
8089.645 - 88 2.188 1
8089.789 + 88 1
8093.000 # 1500
8094.419 - 88 4.630 1
8097.000 # 1500
8098.554 + 88 1
8099.000 # 1500
8100.329 - 88 1.775 1
8110.069 + 88 1
8113.025 + 88 1
8114.949 + 88 1
8116.865 + 88 1
8121.696 + 88 1
8124.668 + 88 1
8126.609 + 88 1
8128.605 + 88 1
8132.991 + 88 1
8135.975 + 88 1
8139.612 + 88 1
8143.067 + 88 1
8144.377 + 88 1
8149.000 # 1500
8150.409 - 88 40.340 1
8150.682 - 88 37.657 1
8150.718 - 88 35.769 1
8150.728 - 88 33.863 1
8150.735 - 88 29.039 1
8150.743 - 88 26.075 1
8150.869 - 88 24.260 1
8150.879 - 88 22.274 1
8150.886 - 88 17.895 1
8150.893 - 88 14.918 1
8150.900 - 88 11.288 1
8150.906 - 88 7.839 1
8150.912 - 88 6.535 1
8154.724 + 88 1
8155.000 # 1500
8155.114 - 88 0.390 1
8156.452 + 88 1
8160.224 + 88 1
8166.000 # 1500
8166.962 - 88 10.510 1
8166.985 - 88 6.761 1
8168.518 + 88 1
8169.000 # 1500
8170.897 - 88 2.379 1
8171.351 + 88 1
8175.921 + 88 1
8178.270 + 88 1
8181.261 + 88 1
8184.841 + 88 1
8185.000 # 1500
8185.199 - 88 13.848 1
8185.220 - 88 9.299 1
8185.228 - 88 6.958 1
8185.235 - 88 3.974 1
8185.262 - 88 0.421 1
8188.945 + 88 1
8190.664 + 88 1
8202.449 + 88 1
8202.562 + 88 1
8202.598 + 88 1
8204.000 # 1500
8204.000 # 1500
8205.186 - 88 16.241 1
8205.210 - 88 14.546 1
8205.219 - 88 2.770 1
8205.226 - 88 2.664 1
8205.233 - 88 2.635 1
8206.000 # 1500
8209.000 # 1500
8210.000 # 1500
8210.000 # 1500
8211.000 # 1500
8212.710 + 88 1
8214.073 + 88 1
8214.181 + 88 1
8215.158 + 88 1
8218.883 + 88 1
8220.000 # 1500
8220.828 - 88 8.118 1
8220.848 - 88 6.775 1
8220.856 - 88 6.675 1
8220.864 - 88 5.706 1
8220.870 - 88 1.987 1
8222.828 + 88 1
8225.000 # 1500
8225.806 - 88 2.978 1
8225.868 + 88 1
8226.000 # 1500
8226.222 - 88 0.354 1
8229.851 + 88 1
8234.570 + 88 1
8237.058 + 88 1
8241.370 + 88 1
8244.000 # 1500
8244.322 + 88 1
8244.733 - 88 14.882 1
8244.829 - 88 10.259 1
8244.907 - 88 7.849 1
8244.919 - 88 3.549 1
8248.000 # 1500
8248.976 - 88 4.654 1
8256.012 + 88 1
8256.122 + 88 1
8256.157 + 88 1
8258.000 # 1500
8259.020 - 88 3.008 1
8259.060 - 88 2.938 1
8259.078 - 88 2.921 1
8261.000 # 1500
8261.000 # 1500
8261.072 + 88 1
8264.759 + 88 1
8268.672 + 88 1
8271.725 + 88 1
8274.640 + 88 1
8275.924 + 88 1
8277.000 # 1500
8277.508 - 88 16.436 1
8277.549 - 88 12.790 1
8277.565 - 88 8.893 1
8277.573 - 88 5.848 1
8277.582 - 88 2.942 1
8277.588 - 88 1.664 1
8279.482 + 88 1
8280.000 # 1500
8281.392 - 88 1.910 1
8281.752 + 88 1
8286.300 + 88 1
8287.000 # 1500
8288.315 - 88 6.563 1
8288.338 - 88 2.038 1
8290.115 + 88 1
8292.113 + 88 1
8295.114 + 88 1
8298.976 + 88 1
8299.000 # 1500
8299.392 - 88 9.277 1
8299.433 - 88 7.320 1
8299.450 - 88 4.336 1
8300.000 # 1500
8300.755 - 88 1.779 1
8301.090 + 88 1
8312.000 # 1500
8312.651 - 88 11.561 1
8313.489 + 88 1
8314.771 + 88 1
8317.855 + 88 1
8326.000 # 1500
8326.405 - 88 12.916 1
8326.470 - 88 11.699 1
8326.655 - 88 8.800 1
8330.261 + 88 1
8330.382 + 88 1
8333.000 # 1500
8334.044 - 88 3.783 1
8334.173 - 88 3.791 1
8334.602 + 88 1
8334.712 + 88 1
8336.410 + 88 1
8339.976 + 88 1
8342.976 + 88 1
8345.000 # 1500
8345.892 + 88 1
8345.927 - 88 11.325 1
8345.991 - 88 11.279 1
8346.174 - 88 9.764 1
8346.199 - 88 6.223 1
8346.214 - 88 3.238 1
8350.000 # 1500
8350.138 + 88 1
8350.439 - 88 4.547 1
8352.000 # 1500
8352.711 + 88 1
8352.799 - 88 2.661 1
8354.681 + 88 1
8355.000 # 1500
8356.601 - 88 3.890 1
8356.628 - 88 1.947 1
8358.000 # 1500
8360.000 # 1500
8364.000 # 1500
8366.000 # 1500
8366.290 + 88 1
8368.373 + 88 1
8368.482 + 88 1
8368.516 + 88 1
8371.317 + 88 1
8375.481 + 88 1
8378.106 + 88 1
8379.000 # 1500
8379.813 - 88 13.523 1
8380.346 - 88 11.973 1
8380.389 + 88 1
8380.435 - 88 11.953 1
8380.462 - 88 11.946 1
8380.478 - 88 9.161 1
8380.492 - 88 5.011 1
8380.505 - 88 2.399 1
8387.000 # 1500
8388.956 - 88 8.567 1
8390.753 + 88 1
8394.653 + 88 1
8394.766 + 88 1
8394.801 + 88 1
8395.000 # 1500
8396.913 - 88 6.160 1
8396.991 - 88 2.338 1
8397.016 - 88 2.250 1
8397.032 - 88 2.231 1
8398.585 + 88 1
8400.516 + 88 1
8402.000 # 1500
8403.404 - 88 4.819 1
8403.428 - 88 2.912 1
8407.000 # 1500
8411.222 + 88 1
8411.334 + 88 1
8416.261 + 88 1
8416.368 + 88 1
8418.000 # 1500
8418.000 # 1500
8418.000 # 1500
8418.000 # 1500
8418.182 + 88 1
8418.465 - 88 7.243 1
8418.520 - 88 7.186 1
8418.538 - 88 2.277 1
8418.787 - 88 2.419 1
8419.000 # 1500
8419.000 # 1500
8420.963 - 88 2.781 1
8421.000 # 1500
8421.334 + 88 1
8423.000 # 1500
8423.000 # 1500
8424.029 - 88 2.695 1
8424.479 + 88 1
8426.000 # 1500
8427.989 + 88 1
8428.000 # 1500
8428.043 - 88 3.564 1
8431.116 + 88 1
8433.000 # 1500
8433.543 - 88 5.554 1
8433.616 - 88 2.500 1
8433.927 + 88 1
8437.000 # 1500
8437.385 - 88 3.458 1
8437.836 + 88 1
8442.000 # 1500
8443.406 - 88 5.570 1
8446.000 # 1500
8449.396 + 88 1
8451.000 # 1500
8452.135 - 88 2.739 1
8454.228 + 88 1
8454.345 + 88 1
8454.379 + 88 1
8457.000 # 1500
8457.169 + 88 1
8457.467 - 88 3.239 1
8457.556 - 88 3.211 1
8457.633 - 88 3.254 1
8459.117 + 88 1
8462.144 + 88 1
8464.000 # 1500
8464.882 - 88 7.713 1
8464.921 - 88 5.804 1
8464.994 - 88 2.850 1
8471.000 # 1500
8474.000 # 1500
8474.816 + 88 1
8474.925 + 88 1
8474.959 + 88 1
8474.990 + 88 1
8478.740 + 88 1
8480.000 # 1500
8481.397 - 88 6.581 1
8481.453 - 88 6.528 1
8481.523 + 88 1
8481.668 - 88 6.709 1
8481.695 - 88 6.705 1
8481.711 - 88 2.971 1
8487.000 # 1500
8488.291 - 88 6.768 1
8491.000 # 1500
8491.619 + 88 1
8493.651 + 88 1
8493.757 + 88 1
8496.000 # 1500
8497.000 # 1500
8497.943 - 88 6.324 1
8498.073 - 88 4.422 1
8498.143 - 88 4.386 1
8499.000 # 1500
8501.000 # 1500
8504.279 + 88 1
8504.388 + 88 1
8506.000 # 1500
8506.000 # 1500
8506.744 - 88 2.465 1
8506.865 - 88 2.477 1
8510.000 # 1500
8513.873 + 88 1
8515.000 # 1500
8515.466 - 88 1.593 1
8515.997 + 88 1
8518.813 + 88 1
8520.000 # 1500
8520.405 - 88 4.408 1
8520.578 - 88 1.765 1
8522.000 # 1500
8522.599 + 88 1
8525.486 + 88 1
8528.000 # 1500
8529.153 - 88 6.554 1
8529.278 - 88 3.792 1
8531.000 # 1500
8534.379 + 88 1
8536.000 # 1500
8536.955 - 88 2.576 1
8540.196 + 88 1
8540.306 + 88 1
8541.000 # 1500
8541.840 - 88 1.644 1
8541.981 - 88 1.675 1
8542.483 + 88 1
8546.000 # 1500
8546.704 + 88 1
8547.121 - 88 4.638 1
8553.000 # 1500
8553.516 - 88 6.812 1
8557.433 + 88 1
8557.542 + 88 1
8559.000 # 1500
8560.300 - 88 2.867 1
8560.396 - 88 2.854 1
8561.000 # 1500
8566.000 # 1500
8568.000 # 1500
8569.248 + 88 1
8570.000 # 1500
8570.884 - 88 1.636 1
8573.000 # 1500
8574.000 # 1500
8575.307 + 88 1
8576.000 # 1500
8576.692 - 88 1.385 1
8577.000 # 1500
8581.000 # 1500
8582.000 # 1500
8584.000 # 1500
8586.000 # 1500
8588.000 # 1500
8589.797 + 88 1
8589.910 + 88 1
8589.944 + 88 1
8589.976 + 88 1
8590.000 # 1500
8590.065 - 88 0.268 1
8590.586 + 88 1
8592.000 # 1500
8593.596 - 88 3.686 1
8593.651 - 88 3.707 1
8593.664 + 88 1
8593.721 - 88 3.745 1
8593.858 - 88 3.272 1
8594.000 # 1500
8595.377 - 88 1.713 1
8596.000 # 1500
8597.000 # 1500
8598.351 + 88 1
8599.000 # 1500
8600.000 # 1500
8600.131 - 88 1.780 1
8603.000 # 1500
8606.000 # 1500
8606.000 # 1500
8607.000 # 1500
8608.625 + 88 1
8608.734 + 88 1
8609.000 # 1500
8610.049 - 88 1.424 1
8610.165 - 88 1.431 1
8612.000 # 1500
8612.300 + 88 1
8614.000 # 1500
8615.109 + 88 1
8615.214 - 88 2.914 1
8618.000 # 1500
8618.000 # 1500
8618.012 + 88 1
8618.330 - 88 3.221 1
8620.000 # 1500
8620.771 - 88 2.759 1
8621.000 # 1500
8621.159 + 88 1
8623.000 # 1500
8623.911 + 88 1
8624.079 - 88 2.920 1
8625.000 # 1500
8625.573 - 88 1.662 1
8626.000 # 1500
8627.817 + 88 1
8628.000 # 1500
8629.000 # 1500
8629.492 - 88 1.675 1
8630.007 + 88 1
8631.000 # 1500
8631.454 - 88 1.447 1
8632.000 # 1500
8633.070 + 88 1
8635.000 # 1500
8635.496 - 88 2.426 1
8636.000 # 1500
8636.036 + 88 1
8637.000 # 1500
8637.699 - 88 1.663 1
8637.963 + 88 1
8639.000 # 1500
8639.269 - 88 1.306 1
8640.119 + 88 1
8641.000 # 1500
8642.106 - 88 1.987 1
8642.855 + 88 1
8645.000 # 1500
8645.560 - 88 2.705 1
8647.000 # 1500
8648.000 # 1500
8651.000 # 1500
8651.000 # 1500
8654.000 # 1500
8654.155 + 88 1
8654.274 + 88 1
8654.309 + 88 1
8655.000 # 1500
8655.828 - 88 1.673 1
8655.880 - 88 1.606 1
8655.896 - 88 1.587 1
8656.000 # 1500
8656.403 + 88 1
8659.000 # 1500
8660.349 - 88 3.946 1
8660.692 + 88 1
8663.142 + 88 1
8666.858 + 88 1
8668.000 # 1500
8668.000 # 1500
8668.000 # 1500
8668.000 # 1500
8668.000 # 1500
8668.497 - 88 7.805 1
8668.640 - 88 5.498 1
8668.662 - 88 1.804 1
8669.000 # 1500
8669.163 + 88 1
8671.000 # 1500
8671.684 - 88 2.521 1
8672.000 # 1500
8672.306 + 88 1
8674.000 # 1500
8674.678 + 88 1
8675.028 - 88 2.722 1
8677.000 # 1500
8677.559 - 88 2.881 1
8677.588 + 88 1
8678.000 # 1500
8679.000 # 1500
8679.420 - 88 1.832 1
8682.000 # 1500
8682.000 # 1500
8684.000 # 1500
8686.000 # 1500
8687.000 # 1500
8688.407 + 88 1
8688.518 + 88 1
8688.553 + 88 1
8690.000 # 1500
8690.000 # 1500
8691.000 # 1500
8691.003 - 88 2.596 1
8691.131 - 88 2.613 1
8691.154 - 88 2.601 1
8692.000 # 1500
8693.493 + 88 1
8693.600 + 88 1
8695.241 + 88 1
8699.112 + 88 1
8701.000 # 1500
8701.000 # 1500
8701.817 - 88 8.324 1
8701.872 - 88 8.272 1
8701.945 - 88 6.704 1
8702.000 # 1500
8702.000 # 1500
8702.096 - 88 2.984 1
8704.000 # 1500
8705.000 # 1500
8707.000 # 1500
8707.000 # 1500
8709.833 + 88 1
8709.943 + 88 1
8711.000 # 1500
8711.513 - 88 1.680 1
8711.545 - 88 1.602 1
8712.000 # 1500
8713.000 # 1500
8715.000 # 1500
8715.270 + 88 1
8715.380 + 88 1
8715.416 + 88 1
8716.000 # 1500
8717.658 - 88 2.388 1
8717.730 - 88 2.350 1
8717.750 - 88 2.334 1
8717.860 + 88 1
8725.000 # 1500
8725.000 # 1500
8726.000 # 1500
8726.000 # 1500
8726.319 - 88 8.459 1
8729.316 + 88 1
8732.313 + 88 1
8734.291 + 88 1
8734.407 + 88 1
8736.000 # 1500
8737.119 - 88 7.803 1
8737.335 - 88 5.022 1
8737.421 - 88 3.130 1
8737.435 - 88 3.028 1
8737.640 + 88 1
8738.000 # 1500
8738.000 # 1500
8739.425 - 88 1.785 1
8740.000 # 1500
8741.000 # 1500
8742.315 + 88 1
8743.000 # 1500
8743.000 # 1500
8743.000 # 1500
8744.116 - 88 1.801 1
8745.004 + 88 1
8747.506 + 88 1
8750.140 + 88 1
8753.803 + 88 1
8754.000 # 1500
8754.000 # 1500
8754.000 # 1500
8754.000 # 1500
8754.109 - 88 9.105 1
8754.201 - 88 6.695 1
8754.301 - 88 4.161 1
8754.318 - 88 0.515 1
8756.032 + 88 1
8758.000 # 1500
8758.693 - 88 2.661 1
8761.516 + 88 1
8764.000 # 1500
8764.917 + 88 1
8765.156 - 88 3.640 1
8766.504 + 88 1
8768.000 # 1500
8769.360 - 88 4.443 1
8769.386 - 88 2.882 1
8769.931 + 88 1
8772.000 # 1500
8772.501 + 88 1
8772.734 - 88 2.803 1
8775.688 + 88 1
8778.000 # 1500
8778.412 + 88 1
8778.907 - 88 6.406 1
8778.933 - 88 3.245 1
8781.000 # 1500
8781.352 + 88 1
8781.671 - 88 3.259 1
8783.118 + 88 1
8785.893 + 88 1
8788.000 # 1500
8789.052 + 88 1
8789.105 - 88 7.753 1
8789.142 - 88 6.024 1
8789.213 - 88 3.320 1
8790.787 + 88 1
8792.000 # 1500
8792.186 + 88 1
8792.606 - 88 3.554 1
8792.630 - 88 1.843 1
8794.823 + 88 1
8795.000 # 1500
8795.222 - 88 3.036 1
8795.244 - 88 0.421 1
8796.665 + 88 1
8798.000 # 1500
8799.670 - 88 3.005 1
8799.917 + 88 1
8807.000 # 1500
8808.395 - 88 8.478 1
8811.000 # 1500
8817.000 # 1500
8818.005 + 88 1
8818.047 + 88 1
8821.000 # 1500
8821.988 + 88 1
8822.015 - 88 4.010 1
8822.110 - 88 4.063 1
8822.389 + 88 1
8822.430 + 88 1
8825.000 # 1500
8825.734 + 88 1
8825.866 - 88 3.878 1
8825.889 - 88 3.500 1
8825.897 - 88 3.467 1
8830.074 + 88 1
8832.289 + 88 1
8833.000 # 1500
8834.145 - 88 8.411 1
8834.169 - 88 4.095 1
8834.178 - 88 1.889 1
8836.801 + 88 1
8837.000 # 1500
8837.155 - 88 0.354 1
8840.000 # 1500
8843.735 + 88 1
8843.844 + 88 1
8846.000 # 1500
8847.496 - 88 3.761 1
8847.522 - 88 3.678 1
8848.952 + 88 1
8850.000 # 1500
8851.537 - 88 2.585 1
8852.000 # 1500
8854.506 + 88 1
8854.624 + 88 1
8854.671 + 88 1
8855.000 # 1500
8856.193 - 88 1.687 1
8856.218 + 88 1
8856.357 - 88 1.733 1
8856.377 - 88 1.706 1
8859.000 # 1500
8860.089 - 88 3.871 1
8860.383 + 88 1
8862.000 # 1500
8862.923 - 88 2.540 1
8865.000 # 1500
8868.000 # 1500
8868.322 + 88 1
8868.431 + 88 1
8872.000 # 1500
8873.617 - 88 5.295 1
8873.671 - 88 5.240 1
8874.064 + 88 1
8875.938 + 88 1
8876.000 # 1500
8876.046 + 88 1
8876.199 - 88 2.135 1
8879.000 # 1500
8882.000 # 1500
8886.699 - 88 10.761 1
8886.758 - 88 10.712 1
8887.067 + 88 1
8888.000 # 1500
8888.819 - 88 1.752 1
8889.000 # 1500
8889.226 + 88 1
8891.000 # 1500
8892.028 - 88 2.802 1
8893.000 # 1500
8893.751 + 88 1
8896.653 + 88 1
8896.767 + 88 1
8897.000 # 1500
8897.000 # 1500
8898.398 - 88 4.647 1
8898.424 - 88 1.771 1
8898.434 - 88 1.667 1
8899.000 # 1500
8901.000 # 1500
8909.254 + 88 1
8912.000 # 1500
8912.995 - 88 3.741 1
8916.047 + 88 1
8916.159 + 88 1
8916.193 + 88 1
8917.000 # 1500
8917.000 # 1500
8917.000 # 1500
8917.999 - 88 1.952 1
8918.053 + 88 1
8918.116 - 88 1.957 1
8918.190 - 88 1.997 1
8919.000 # 1500
8920.305 - 88 2.252 1
8929.794 + 88 1
8929.904 + 88 1
8929.939 + 88 1
8930.000 # 1500
8930.000 # 1500
8930.279 - 88 0.485 1
8932.000 # 1500
8933.083 - 88 3.179 1
8933.143 - 88 3.204 1
8933.352 + 88 1
8935.000 # 1500
8936.508 - 88 3.156 1
8937.553 + 88 1
8939.000 # 1500
8939.793 + 88 1
8940.104 - 88 2.551 1
8943.000 # 1500
8944.347 - 88 4.554 1
8947.000 # 1500
8949.228 + 88 1
8949.382 + 88 1
8951.000 # 1500
8952.033 - 88 2.805 1
8952.203 - 88 2.821 1
8954.000 # 1500
8954.087 + 88 1
8956.091 + 88 1
8957.000 # 1500
8957.990 - 88 3.903 1
8958.068 - 88 1.977 1
8959.000 # 1500
8963.000 # 1500
8968.000 # 1500
8969.000 # 1500
8969.952 + 88 1
8970.102 + 88 1
8971.000 # 1500
8971.577 - 88 1.625 1
8971.699 - 88 1.597 1
8972.000 # 1500
8973.850 + 88 1
8973.991 + 88 1
8974.338 + 88 1
8975.000 # 1500
8976.446 - 88 2.596 1
8976.564 - 88 2.573 1
8976.635 - 88 2.297 1
8978.685 + 88 1
8985.000 # 1500
8985.000 # 1500
8989.000 # 1500
8989.000 # 1500
8992.081 - 88 13.396 1
8992.244 + 88 1
8992.383 + 88 1
8996.000 # 1500
8996.000 # 1500
8996.000 # 1500
8996.000 # 1500
8996.274 + 88 1
8996.424 + 88 1
8996.608 - 88 4.364 1
8996.732 - 88 4.349 1
8998.000 # 1500
8998.231 + 88 1
8998.546 - 88 2.272 1
8998.576 - 88 2.152 1
9000.000 # 1500
9001.000 # 1500
9001.231 + 88 1
9001.311 - 88 3.080 1
9004.095 + 88 1
9007.000 # 1500
9008.072 - 88 6.841 1
9008.101 - 88 4.006 1
9008.190 + 88 1
9009.000 # 1500
9009.982 - 88 1.792 1
9011.160 + 88 1
9013.000 # 1500
9014.136 - 88 2.976 1
9016.822 + 88 1
9016.961 + 88 1
9017.000 # 1500
9017.131 - 88 0.309 1
9020.019 + 88 1
9027.000 # 1500
9027.000 # 1500
9027.000 # 1500
9028.636 - 88 11.675 1
9028.752 - 88 8.733 1
9028.988 + 88 1
9029.133 + 88 1
9031.000 # 1500
9031.643 - 88 2.655 1
9031.811 - 88 2.678 1
9031.965 + 88 1
9033.559 + 88 1
9036.000 # 1500
9036.851 + 88 1
9037.268 - 88 5.303 1
9037.346 - 88 3.787 1
9039.000 # 1500
9040.219 - 88 3.368 1
9040.363 + 88 1
9042.000 # 1500
9043.201 - 88 2.838 1
9043.665 + 88 1
9046.000 # 1500
9047.402 - 88 3.737 1
9049.000 # 1500
9054.000 # 1500
9054.077 + 88 1
9054.218 + 88 1
9057.000 # 1500
9057.844 - 88 3.767 1
9057.971 - 88 3.753 1
9058.218 + 88 1
9059.000 # 1500
9059.821 - 88 1.603 1
9062.000 # 1500
9066.000 # 1500
9069.000 # 1500
9072.000 # 1500
9072.192 + 88 1
9074.000 # 1500
9074.110 + 88 1
9074.375 - 88 2.183 1
9075.000 # 1500
9076.000 # 1500
9076.045 + 88 1
9076.163 - 88 2.053 1
9078.000 # 1500
9079.000 # 1500
9079.302 - 88 3.257 1
9080.918 + 88 1
9082.000 # 1500
9082.000 # 1500
9082.780 - 88 1.862 1
9083.109 + 88 1
9085.000 # 1500
9085.536 - 88 2.427 1
9086.812 + 88 1
9088.000 # 1500
9089.749 + 88 1
9089.765 - 88 2.953 1
9090.000 # 1500
9091.000 # 1500
9091.607 - 88 1.858 1
9092.151 + 88 1
9094.000 # 1500
9094.000 # 1500
9094.744 - 88 2.593 1
9096.000 # 1500
9096.447 + 88 1
9097.000 # 1500
9098.535 + 88 1
9098.756 - 88 2.309 1
9099.000 # 1500
9100.000 # 1500
9100.314 - 88 1.779 1
9100.368 + 88 1
9102.000 # 1500
9103.000 # 1500
9103.216 - 88 2.848 1
9103.391 + 88 1
9106.294 + 88 1
9108.265 + 88 1
9110.200 + 88 1
9113.000 # 1500
9114.099 - 88 10.708 1
9114.283 - 88 7.989 1
9114.358 - 88 6.093 1
9114.370 - 88 4.170 1
9114.561 + 88 1
9116.000 # 1500
9116.192 + 88 1
9116.559 - 88 1.998 1
9117.000 # 1500
9117.952 + 88 1
9118.000 # 1500
9118.204 - 88 2.012 1
9119.000 # 1500
9119.000 # 1500
9119.955 + 88 1
9120.249 - 88 2.297 1
9122.000 # 1500
9122.000 # 1500
9123.120 - 88 3.165 1
9123.262 + 88 1
9125.634 + 88 1
9128.666 + 88 1
9129.438 + 88 1
9132.000 # 1500
9132.139 + 88 1
9132.524 - 88 9.262 1
9132.548 - 88 6.914 1
9132.558 - 88 3.892 1
9132.565 - 88 3.127 1
9133.000 # 1500
9133.000 # 1500
9134.544 - 88 2.405 1
9136.404 + 88 1
9137.581 + 88 1
9138.000 # 1500
9139.444 - 88 3.040 1
9139.464 - 88 1.883 1
9140.615 + 88 1
9142.397 + 88 1
9153.656 + 88 1
9153.802 + 88 1
9153.853 + 88 1
9153.901 + 88 1
9158.394 + 88 1
9160.441 + 88 1
9170.320 + 88 1
9170.470 + 88 1
9170.522 + 88 1
9174.137 + 88 1
9174.214 + 88 1
9177.000 # 1500
9178.061 - 88 37.446 1
9178.103 - 88 35.706 1
9178.173 - 88 24.517 1
9178.186 - 88 24.384 1
9178.194 - 88 24.341 1
9178.201 - 88 24.300 1
9178.209 - 88 19.815 1
9178.215 - 88 17.774 1
9178.221 - 88 7.901 1
9178.234 - 88 7.764 1
9178.241 - 88 7.719 1
9178.247 - 88 4.110 1
9178.254 - 88 4.040 1
9178.395 + 88 1
9180.278 + 88 1
9189.779 + 88 1
9189.896 + 88 1
9194.045 + 88 1
9194.151 + 88 1
9196.857 + 88 1
9199.000 # 1500
9199.627 - 88 21.232 1
9199.647 - 88 19.369 1
9199.764 - 88 9.985 1
9199.774 - 88 9.878 1
9199.781 - 88 5.736 1
9199.789 - 88 5.638 1
9199.796 - 88 2.939 1
9199.855 + 88 1
9209.000 # 1500
9209.388 + 88 1
9209.523 - 88 9.668 1
9212.372 + 88 1
9216.000 # 1500
9217.084 - 88 7.696 1
9217.104 - 88 4.732 1
9217.386 + 88 1
9220.452 + 88 1
9222.000 # 1500
9223.041 - 88 5.655 1
9223.062 - 88 2.610 1
9224.768 + 88 1
9228.871 + 88 1
9230.000 # 1500
9230.647 + 88 1
9230.985 - 88 6.217 1
9231.017 - 88 2.146 1
9232.000 # 1500
9232.558 + 88 1
9232.775 - 88 2.128 1
9235.000 # 1500
9235.517 + 88 1
9235.958 - 88 3.400 1
9238.413 + 88 1
9239.000 # 1500
9239.972 - 88 4.455 1
9239.990 - 88 1.577 1
9242.000 # 1500
9249.175 + 88 1
9249.380 + 88 1
9250.000 # 1500
9250.000 # 1500
9251.261 - 88 2.086 1
9251.282 - 88 1.902 1
9252.000 # 1500
9254.098 + 88 1
9254.199 + 88 1
9254.274 + 88 1
9261.000 # 1500
9261.000 # 1500
9261.000 # 1500
9261.000 # 1500
9262.247 - 88 8.149 1
9262.268 - 88 8.069 1
9262.285 - 88 8.011 1
9262.325 + 88 1
9262.538 + 88 1
9263.000 # 1500
9263.000 # 1500
9263.912 - 88 1.587 1
9264.110 - 88 1.572 1
9266.000 # 1500
9267.983 + 88 1
9268.201 + 88 1
9269.000 # 1500
9269.811 - 88 1.828 1
9269.832 - 88 1.631 1
9271.000 # 1500
9273.000 # 1500
9273.615 + 88 1
9273.921 + 88 1
9276.000 # 1500
9277.188 - 88 3.573 1
9277.206 - 88 3.285 1
9277.995 + 88 1
9279.000 # 1500
9279.416 - 88 1.421 1
9283.000 # 1500
9286.000 # 1500
9289.261 + 88 1
9289.362 + 88 1
9289.439 + 88 1
9292.000 # 1500
9292.144 + 88 1
9292.262 - 88 3.001 1
9292.275 - 88 2.913 1
9292.283 - 88 2.844 1
9294.036 + 88 1
9296.198 + 88 1
9300.025 + 88 1
9307.000 # 1500
9307.936 - 88 15.792 1
9307.972 - 88 13.936 1
9307.982 - 88 11.784 1
9307.990 - 88 7.965 1
9309.000 # 1500
9309.000 # 1500
9310.000 # 1500
9311.000 # 1500
9312.000 # 1500
9316.000 # 1500
9316.000 # 1500
9317.000 # 1500
9317.659 + 88 1
9318.000 # 1500
9318.000 # 1500
9319.000 # 1500
9319.044 - 88 1.385 1
9320.647 + 88 1
9321.159 + 88 1
9328.000 # 1500
9328.000 # 1500
9329.303 - 88 8.656 1
9329.433 - 88 8.274 1
9331.585 + 88 1
9333.000 # 1500
9334.107 - 88 2.522 1
9334.471 + 88 1
9335.000 # 1500
9336.466 - 88 1.995 1
9336.573 + 88 1
9338.000 # 1500
9338.000 # 1500
9338.157 + 88 1
9338.397 - 88 1.824 1
9346.000 # 1500
9347.531 - 88 9.374 1
9349.379 + 88 1
9349.858 + 88 1
9350.000 # 1500
9351.363 - 88 1.984 1
9351.457 - 88 1.599 1
9352.000 # 1500
9353.975 + 88 1
9360.091 + 88 1
9360.661 + 88 1
9363.000 # 1500
9364.142 - 88 10.167 1
9364.238 - 88 4.147 1
9364.317 - 88 3.656 1
9368.000 # 1500
9368.254 + 88 1
9373.759 + 88 1
9374.084 + 88 1
9377.000 # 1500
9377.726 - 88 9.472 1
9377.797 + 88 1
9377.984 - 88 4.225 1
9378.015 - 88 3.931 1
9383.000 # 1500
9383.000 # 1500
9383.000 # 1500
9384.785 - 88 6.988 1
9389.000 # 1500
9389.354 + 88 1
9389.735 + 88 1
9398.000 # 1500
9398.402 + 88 1
9398.666 - 88 9.312 1
9398.757 - 88 9.022 1
9408.000 # 1500
9409.015 + 88 1
9409.048 - 88 10.646 1
9409.302 + 88 1
9416.000 # 1500
9416.775 - 88 7.760 1
9416.866 - 88 7.564 1
9419.030 + 88 1
9423.000 # 1500
9423.778 - 88 4.748 1
9424.414 + 88 1
9427.641 + 88 1
9431.000 # 1500
9432.490 + 88 1
9432.559 - 88 8.145 1
9432.597 - 88 4.956 1
9437.000 # 1500
9437.302 + 88 1
9437.501 - 88 5.011 1
9443.000 # 1500
9444.029 - 88 6.727 1
9447.000 # 1500
9449.028 + 88 1
9449.139 + 88 1
9453.000 # 1500
9453.779 - 88 4.751 1
9453.840 - 88 4.701 1
9459.000 # 1500
9460.873 + 88 1
9460.985 + 88 1
9461.019 + 88 1
9464.000 # 1500
9464.601 - 88 3.728 1
9464.656 - 88 3.671 1
9464.727 - 88 3.708 1
9464.813 + 88 1
9466.729 + 88 1
9469.000 # 1500
9470.421 - 88 5.608 1
9470.454 - 88 3.725 1
9472.523 + 88 1
9474.359 + 88 1
9477.000 # 1500
9478.219 - 88 5.696 1
9478.276 - 88 3.917 1
9481.000 # 1500
9481.314 + 88 1
9485.000 # 1500
9485.996 - 88 4.682 1
9487.940 + 88 1
9490.859 + 88 1
9491.000 # 1500
9492.762 - 88 4.822 1
9492.814 - 88 1.955 1
9493.009 + 88 1
9498.000 # 1500
9498.764 - 88 5.755 1
9503.000 # 1500
9505.628 + 88 1
9509.456 + 88 1
9512.000 # 1500
9512.378 + 88 1
9512.486 - 88 6.858 1
9512.591 - 88 3.135 1
9512.669 + 88 1
9514.341 + 88 1
9517.000 # 1500
9517.515 - 88 5.137 1
9517.544 - 88 4.875 1
9517.560 - 88 3.219 1
9519.223 + 88 1
9520.349 + 88 1
9525.091 + 88 1
9526.732 + 88 1
9531.963 + 88 1
9536.122 + 88 1
9540.719 + 88 1
9541.000 # 1500
9542.639 - 88 23.416 1
9542.693 - 88 22.344 1
9542.710 - 88 17.619 1
9542.725 - 88 15.993 1
9542.739 - 88 10.776 1
9542.752 - 88 6.630 1
9542.765 - 88 2.046 1
9544.816 + 88 1
9547.313 + 88 1
9548.000 # 1500
9548.491 - 88 3.675 1
9548.517 - 88 1.204 1
9553.571 + 88 1
9556.221 + 88 1
9557.000 # 1500
9557.432 - 88 3.861 1
9557.457 - 88 1.236 1
9562.313 + 88 1
9565.204 + 88 1
9566.000 # 1500
9567.034 - 88 4.721 1
9567.062 - 88 1.858 1
9569.048 + 88 1
9571.000 # 1500
9571.955 - 88 2.907 1
9572.047 + 88 1
9573.000 # 1500
9573.211 - 88 1.164 1
9575.937 + 88 1
9578.000 # 1500
9579.146 - 88 3.209 1
9580.000 # 1500
9584.797 + 88 1
9584.891 + 88 1
9584.966 + 88 1
9585.064 + 88 1
9587.000 # 1500
9587.820 - 88 3.023 1
9588.108 - 88 3.217 1
9588.149 - 88 3.183 1
9588.171 - 88 3.107 1
9588.264 + 88 1
9589.654 + 88 1
9591.000 # 1500
9591.000 # 1500
9592.446 - 88 4.182 1
9592.472 - 88 2.818 1
9594.000 # 1500
9597.000 # 1500
9597.000 # 1500
9599.168 + 88 1
9599.264 + 88 1
9599.340 + 88 1
9600.000 # 1500
9601.000 # 1500
9601.206 - 88 2.038 1
9601.233 - 88 1.969 1
9601.247 - 88 1.907 1
9604.000 # 1500
9606.000 # 1500
9608.000 # 1500
9608.163 + 88 1
9608.319 + 88 1
9608.402 + 88 1
9609.000 # 1500
9609.997 - 88 1.834 1
9610.024 - 88 1.705 1
9610.038 - 88 1.636 1
9612.000 # 1500
9614.000 # 1500
9615.000 # 1500
9617.000 # 1500
9620.000 # 1500
9621.922 + 88 1
9622.000 # 1500
9622.027 - 88 0.105 1
9622.164 + 88 1
9622.352 + 88 1
9622.527 + 88 1
9623.000 # 1500
9623.776 - 88 1.612 1
9623.804 - 88 1.452 1
9623.819 - 88 1.292 1
9625.000 # 1500
9626.000 # 1500
9628.853 + 88 1
9628.953 + 88 1
9629.000 # 1500
9630.000 # 1500
9630.605 - 88 1.752 1
9630.631 - 88 1.678 1
9632.000 # 1500
9632.490 + 88 1
9633.145 + 88 1
9635.794 + 88 1
9636.000 # 1500
9637.384 - 88 4.894 1
9637.416 - 88 4.271 1
9637.430 - 88 1.636 1
9638.000 # 1500
9638.428 + 88 1
9639.000 # 1500
9639.669 - 88 1.241 1
9641.000 # 1500
9644.000 # 1500
9644.258 + 88 1
9645.000 # 1500
9646.240 - 88 1.982 1
9647.000 # 1500
9648.000 # 1500
9650.092 + 88 1
9650.239 + 88 1
9651.000 # 1500
9651.877 - 88 1.785 1
9651.904 - 88 1.665 1
9653.000 # 1500
9653.000 # 1500
9653.874 + 88 1
9655.000 # 1500
9655.936 + 88 1
9655.987 - 88 2.113 1
9656.062 + 88 1
9657.000 # 1500
9657.812 - 88 1.876 1
9657.841 - 88 1.779 1
9658.260 + 88 1
9660.000 # 1500
9660.461 - 88 2.201 1
9661.000 # 1500
9662.000 # 1500
9664.000 # 1500
9667.000 # 1500
9668.852 + 88 1
9668.959 + 88 1
9669.000 # 1500
9669.000 # 1500
9669.038 + 88 1
9669.076 - 88 0.224 1
9669.104 - 88 0.145 1
9670.718 + 88 1
9671.000 # 1500
9672.000 # 1500
9672.520 - 88 3.482 1
9672.543 - 88 1.825 1
9672.659 + 88 1
9675.490 + 88 1
9677.000 # 1500
9677.000 # 1500
9677.732 - 88 5.073 1
9677.756 - 88 2.266 1
9679.000 # 1500
9679.344 + 88 1
9680.000 # 1500
9680.520 - 88 1.176 1
9683.000 # 1500
9683.000 # 1500
9685.000 # 1500
9686.000 # 1500
9689.000 # 1500
9689.120 + 88 1
9689.280 + 88 1
9689.357 + 88 1
9691.001 + 88 1
9692.965 + 88 1
9696.880 + 88 1
9706.639 + 88 1
9709.555 + 88 1
9709.651 + 88 1
9719.378 + 88 1
9719.476 + 88 1
9719.551 + 88 1
9719.625 + 88 1
9719.698 + 88 1
9728.000 # 1500
9728.000 # 1500
9728.000 # 1500
9728.000 # 1500
9728.000 # 1500
9728.000 # 1500
9728.000 # 1500
9728.000 # 1500
9728.000 # 1500
9728.000 # 1500
9729.000 # 1500
9729.000 # 1500
9729.000 # 1500
9729.000 # 1500
9729.000 # 1500
9729.000 # 1500
9729.000 # 1500
9729.000 # 1500
9729.000 # 1500
9729.000 # 1500
9729.211 - 88 40.091 1
9729.278 - 88 39.998 1
9729.352 - 88 39.995 1
9729.376 - 88 38.375 1
9729.391 - 88 36.426 1
9729.405 - 88 32.525 1
9729.419 - 88 22.780 1
9729.432 - 88 19.877 1
9729.445 - 88 19.794 1
9729.457 - 88 10.079 1
9729.470 - 88 9.994 1
9729.483 - 88 9.932 1
9729.495 - 88 9.870 1
9729.507 - 88 9.809 1
9729.703 + 88 1
9729.873 + 88 1
9729.964 + 88 1
9730.000 # 1500
9730.040 + 88 1
9730.077 - 88 0.374 1
9730.100 - 88 0.227 1
9730.113 - 88 0.149 1
9731.000 # 1500
9731.309 - 88 1.269 1
9733.000 # 1500
9734.000 # 1500
9737.000 # 1500
9738.000 # 1500
9739.152 + 88 1
9739.250 + 88 1
9739.326 + 88 1
9740.000 # 1500
9740.751 - 88 1.599 1
9740.776 - 88 1.526 1
9740.790 - 88 1.464 1
9741.000 # 1500
9745.000 # 1500
9748.000 # 1500
9748.659 + 88 1
9748.858 + 88 1
9749.000 # 1500
9749.029 + 88 1
9749.110 - 88 0.451 1
9749.135 - 88 0.277 1
9750.544 + 88 1
9752.000 # 1500
9753.607 - 88 4.578 1
9753.633 - 88 3.089 1
9755.473 + 88 1
9759.411 + 88 1
9761.000 # 1500
9762.000 # 1500
9762.000 # 1500
9762.000 # 1500
9762.000 # 1500
9762.347 - 88 6.874 1
9762.371 - 88 2.960 1
9764.000 # 1500
9765.000 # 1500
9768.000 # 1500
9768.000 # 1500
9768.194 + 88 1
9771.000 # 1500
9771.000 # 1500
9771.154 + 88 1
9771.255 - 88 3.061 1
9771.336 + 88 1
9774.000 # 1500
9774.954 - 88 3.800 1
9774.982 - 88 3.646 1
9775.999 + 88 1
9776.000 # 1500
9777.000 # 1500
9777.840 - 88 1.841 1
9778.000 # 1500
9780.000 # 1500
9780.845 + 88 1
9781.000 # 1500
9782.090 - 88 1.245 1
9785.000 # 1500
9790.677 + 88 1
9795.601 + 88 1
9795.708 + 88 1
9796.000 # 1500
9796.000 # 1500
9796.000 # 1500
9797.000 # 1500
9797.402 - 88 6.725 1
9797.430 - 88 1.829 1
9797.444 - 88 1.736 1
9801.000 # 1500
9801.000 # 1500
9802.000 # 1500
9803.000 # 1500
9803.292 + 88 1
9804.000 # 1500
9804.479 - 88 1.187 1
9805.000 # 1500
9807.000 # 1500
9807.000 # 1500
9810.000 # 1500
9812.000 # 1500
9817.000 # 1500
9818.000 # 1500
9818.190 + 88 1
9821.000 # 1500
9821.814 - 88 3.624 1
9823.862 + 88 1
9824.000 # 1500
9825.690 - 88 1.828 1
9826.000 # 1500
9829.000 # 1500
9829.231 + 88 1
9833.000 # 1500
9834.510 - 88 5.279 1
9834.598 + 88 1
9836.000 # 1500
9836.762 - 88 2.164 1
9839.486 + 88 1
9840.000 # 1500
9840.658 - 88 1.172 1
9842.000 # 1500
9843.436 + 88 1
9846.000 # 1500
9846.648 - 88 3.212 1
9851.163 + 88 1
9856.013 + 88 1
9857.000 # 1500
9857.000 # 1500
9857.000 # 1500
9857.000 # 1500
9857.000 # 1500
9857.000 # 1500
9857.932 - 88 6.769 1
9857.985 - 88 1.972 1
9858.000 # 1500
9860.000 # 1500
9861.236 + 88 1
9862.000 # 1500
9862.858 - 88 1.622 1
9863.000 # 1500
9864.000 # 1500
9865.833 + 88 1
9866.000 # 1500
9867.000 # 1500
9867.724 - 88 1.891 1
9870.000 # 1500
9870.678 + 88 1
9873.000 # 1500
9873.897 - 88 3.219 1
9874.061 + 88 1
9876.000 # 1500
9876.525 - 88 2.464 1
9879.485 + 88 1
9880.000 # 1500
9880.661 - 88 1.176 1
9881.000 # 1500
9883.444 + 88 1
9886.000 # 1500
9887.267 - 88 3.823 1
9892.245 + 88 1
9894.176 + 88 1
9897.000 # 1500
9897.000 # 1500
9897.354 - 88 5.109 1
9897.537 - 88 3.361 1
9899.057 + 88 1
9901.000 # 1500
9901.000 # 1500
9901.263 - 88 2.206 1
9902.000 # 1500
9904.000 # 1500
9904.874 + 88 1
9906.000 # 1500
9907.000 # 1500
9907.800 - 88 2.926 1
9909.770 + 88 1
9911.000 # 1500
9912.626 - 88 2.856 1
9913.000 # 1500
9914.710 + 88 1
9916.000 # 1500
9917.537 - 88 2.827 1
9918.000 # 1500
9918.000 # 1500
9923.513 + 88 1
9926.000 # 1500
9927.000 # 1500
9927.306 - 88 3.793 1
9927.433 + 88 1
9928.000 # 1500
9928.000 # 1500
9928.000 # 1500
9929.223 - 88 1.790 1
9930.000 # 1500
9930.000 # 1500
9932.182 + 88 1
9934.000 # 1500
9934.457 - 88 2.275 1
9937.111 + 88 1
9938.000 # 1500
9938.985 - 88 1.874 1
9942.000 # 1500
9946.000 # 1500
9949.305 + 88 1
9949.489 + 88 1
9950.000 # 1500
9950.749 - 88 1.444 1
9950.905 - 88 1.416 1
9953.000 # 1500
9955.089 + 88 1
9956.000 # 1500
9957.241 - 88 2.152 1
9958.000 # 1500
9958.622 + 88 1
9960.000 # 1500
9961.575 - 88 2.953 1
9965.000 # 1500
9965.594 + 88 1
9968.000 # 1500
9969.379 - 88 3.785 1
9969.849 + 88 1
9972.000 # 1500
9972.000 # 1500
9972.199 - 88 2.350 1
9974.000 # 1500
9975.718 + 88 1
9976.000 # 1500
9977.132 - 88 1.414 1
9979.000 # 1500
9980.000 # 1500
9980.136 + 88 1
9982.000 # 1500
9982.493 + 88 1
9982.657 - 88 2.521 1
9985.000 # 1500
9986.046 - 88 3.553 1
9990.129 + 88 1
9994.884 + 88 1
9999.711 + 88 1
10002.000 # 1500
10002.785 - 88 12.656 1
10002.840 - 88 7.956 1
10002.857 - 88 3.146 1
10004.833 + 88 1
10006.000 # 1500
10006.000 # 1500
10006.000 # 1500
10007.000 # 1500
10007.000 # 1500
10007.000 # 1500
10007.000 # 1500
10007.000 # 1500
10007.000 # 1500
10007.369 - 88 2.536 1
10009.000 # 1500
10011.000 # 1500
10013.410 + 88 1
10014.000 # 1500
10015.407 - 88 1.997 1
10016.000 # 1500
10018.000 # 1500
10020.000 # 1500
10022.000 # 1500
10027.000 # 1500
10027.000 # 1500
10029.000 # 1500
10029.199 + 88 1
10029.350 + 88 1
10031.000 # 1500
10032.000 # 1500
10032.180 + 88 1
10032.249 - 88 3.050 1
10032.290 - 88 2.940 1
10035.000 # 1500
10036.000 # 1500
10036.884 - 88 4.704 1
10038.733 + 88 1
10046.000 # 1500
10046.698 - 88 7.965 1
10049.000 # 1500
10049.000 # 1500
10049.464 + 88 1
10050.000 # 1500
10050.000 # 1500
10051.000 # 1500
10051.785 - 88 2.321 1
10052.000 # 1500
10055.000 # 1500
10056.334 + 88 1
10057.000 # 1500
10058.219 - 88 1.885 1
10059.000 # 1500
10059.000 # 1500
10061.000 # 1500
10063.000 # 1500
10065.000 # 1500
10065.068 + 88 1
10066.000 # 1500
10067.175 - 88 2.107 1
10068.000 # 1500
10069.000 # 1500
10071.000 # 1500
10072.263 + 88 1
10073.000 # 1500
10073.954 - 88 1.691 1
10074.000 # 1500
10075.000 # 1500
10077.000 # 1500
10078.000 # 1500
10078.803 + 88 1
10080.000 # 1500
10080.345 - 88 1.542 1
10081.000 # 1500
10084.000 # 1500
10084.821 + 88 1
10092.475 + 88 1
10096.000 # 1500
10097.370 + 88 1
10097.464 - 88 12.643 1
10097.579 - 88 5.104 1
10098.000 # 1500
10098.000 # 1500
10098.000 # 1500
10098.000 # 1500
10098.000 # 1500
10099.582 - 88 2.212 1
10107.099 + 88 1
10113.006 + 88 1
10116.000 # 1500
10117.000 # 1500
10117.000 # 1500
10117.000 # 1500
10117.000 # 1500
10117.000 # 1500
10117.000 # 1500
10117.000 # 1500
10118.000 # 1500
10118.000 # 1500
10118.000 # 1500
10118.399 + 88 1
10118.729 - 88 11.630 1
10118.828 - 88 5.822 1
10121.000 # 1500
10122.538 - 88 4.139 1
10124.000 # 1500
10124.589 + 88 1
10126.000 # 1500
10127.431 - 88 2.842 1
10130.000 # 1500
10132.319 + 88 1
10133.000 # 1500
10134.241 - 88 1.922 1
10134.665 + 88 1
10136.000 # 1500
10137.309 - 88 2.644 1
10138.957 + 88 1
10143.849 + 88 1
10145.847 + 88 1
10150.679 + 88 1
10151.000 # 1500
10152.901 + 88 1
10152.944 - 88 13.987 1
10153.000 # 1500
10153.000 # 1500
10153.000 # 1500
10153.038 - 88 9.189 1
10153.122 - 88 7.275 1
10153.134 - 88 2.455 1
10155.000 # 1500
10155.477 - 88 2.576 1
10158.000 # 1500
10158.724 + 88 1
10160.589 + 88 1
10162.000 # 1500
10163.427 + 88 1
10163.574 - 88 4.850 1
10163.597 - 88 3.008 1
10165.000 # 1500
10165.816 - 88 2.389 1
10167.357 + 88 1
10169.000 # 1500
10169.598 + 88 1
10169.933 - 88 2.576 1
10174.157 + 88 1
10177.062 + 88 1
10179.354 + 88 1
10182.258 + 88 1
10188.177 + 88 1
10190.173 + 88 1
10192.125 + 88 1
10195.985 + 88 1
10196.000 # 1500
10196.532 - 88 26.934 1
10196.627 - 88 22.470 1
10196.708 - 88 19.646 1
10196.721 - 88 17.367 1
10196.728 - 88 14.470 1
10196.735 - 88 8.558 1
10196.742 - 88 6.569 1
10196.749 - 88 4.624 1
10198.906 + 88 1
10200.000 # 1500
10200.923 + 88 1
10201.130 - 88 5.145 1
10201.153 - 88 2.247 1
10205.052 + 88 1
10207.000 # 1500
10207.934 - 88 7.011 1
10207.956 - 88 2.904 1
10209.709 + 88 1
10210.000 # 1500
10211.665 - 88 1.956 1
10212.990 + 88 1
10214.587 + 88 1
10215.000 # 1500
10216.507 - 88 3.517 1
10216.521 - 88 1.934 1
10217.000 # 1500
10218.712 + 88 1
10221.000 # 1500
10222.458 - 88 3.746 1
10223.239 + 88 1
10225.000 # 1500
10226.211 - 88 2.972 1
10226.548 + 88 1
10228.000 # 1500
10229.178 - 88 2.630 1
10229.702 + 88 1
10230.495 + 88 1
10232.000 # 1500
10233.614 - 88 3.912 1
10233.646 - 88 3.151 1
10235.000 # 1500
10235.196 + 88 1
10237.402 + 88 1
10239.145 + 88 1
10246.000 # 1500
10247.126 - 88 11.930 1
10247.158 - 88 9.756 1
10247.165 - 88 8.020 1
10249.041 + 88 1
10250.000 # 1500
10251.138 - 88 2.097 1
10255.000 # 1500
10256.000 # 1500
10256.026 + 88 1
10256.131 + 88 1
10260.000 # 1500
10260.656 + 88 1
10261.112 - 88 5.086 1
10261.161 - 88 5.030 1
10262.000 # 1500
10263.000 # 1500
10263.511 - 88 2.855 1
10268.000 # 1500
10269.256 + 88 1
10270.546 + 88 1
10274.193 + 88 1
10277.079 + 88 1
10278.000 # 1500
10278.606 - 88 9.350 1
10278.629 - 88 8.083 1
10278.637 - 88 4.444 1
10278.645 - 88 1.566 1
10288.118 + 88 1
10289.000 # 1500
10289.000 # 1500
10290.841 - 88 2.723 1
10293.728 + 88 1
10293.838 + 88 1
10295.000 # 1500
10296.000 # 1500
10296.487 - 88 2.759 1
10296.508 - 88 2.670 1
10305.699 + 88 1
10305.806 + 88 1
10307.000 # 1500
10308.373 - 88 2.674 1
10308.395 - 88 2.589 1
10312.814 + 88 1
10318.000 # 1500
10318.090 + 88 1
10318.560 - 88 5.746 1
10324.069 + 88 1
10324.276 + 88 1
10327.000 # 1500
10327.973 - 88 9.883 1
10327.995 - 88 3.926 1
10328.004 - 88 3.728 1
10328.416 + 88 1
10331.000 # 1500
10332.008 + 88 1
10332.639 - 88 4.223 1
10334.676 + 88 1
10336.000 # 1500
10336.610 + 88 1
10337.223 - 88 5.215 1
10337.246 - 88 2.570 1
10340.119 + 88 1
10341.000 # 1500
10342.050 - 88 5.440 1
10342.071 - 88 1.952 1
10342.937 + 88 1
10345.557 + 88 1
10347.000 # 1500
10348.443 - 88 5.506 1
10348.464 - 88 2.907 1
10348.568 + 88 1
10350.934 + 88 1
10355.237 + 88 1
10355.348 + 88 1
10358.119 + 88 1
10360.350 + 88 1
10364.241 + 88 1
10372.000 # 1500
10372.501 + 88 1
10373.139 - 88 24.571 1
10373.247 - 88 22.313 1
10373.334 - 88 18.097 1
10373.348 - 88 18.000 1
10373.356 - 88 15.237 1
10373.364 - 88 13.014 1
10373.372 - 88 9.131 1
10373.450 + 88 1
10373.504 + 88 1
10376.313 + 88 1
10378.743 + 88 1
10380.521 + 88 1
10384.006 + 88 1
10387.000 # 1500
10387.452 + 88 1
10388.036 - 88 15.535 1
10388.059 - 88 14.609 1
10388.068 - 88 14.564 1
10388.093 - 88 11.780 1
10388.104 - 88 9.361 1
10388.112 - 88 7.591 1
10388.118 - 88 4.112 1
10389.678 + 88 1
10392.649 + 88 1
10395.768 + 88 1
10398.000 # 1500
10398.625 - 88 11.173 1
10398.647 - 88 8.969 1
10398.655 - 88 6.006 1
10398.663 - 88 2.895 1
10398.742 + 88 1
10404.000 # 1500
10406.011 - 88 7.269 1
10407.428 + 88 1
10409.000 # 1500
10410.327 - 88 2.899 1
10413.240 + 88 1
10415.054 + 88 1
10416.000 # 1500
10416.561 - 88 3.321 1
10416.573 - 88 1.519 1
10417.244 + 88 1
10424.000 # 1500
10425.706 - 88 8.462 1
10426.062 + 88 1
10426.186 + 88 1
10426.432 + 88 1
10429.000 # 1500
10429.522 + 88 1
10430.024 - 88 3.962 1
10430.046 - 88 3.860 1
10430.054 - 88 3.622 1
10431.348 + 88 1
10433.603 + 88 1
10436.380 + 88 1
10438.000 # 1500
10439.312 - 88 9.790 1
10439.335 - 88 7.987 1
10439.343 - 88 5.740 1
10439.350 - 88 2.970 1
10439.642 + 88 1
10440.000 # 1500
10441.228 - 88 1.586 1
10441.286 + 88 1
10444.000 # 1500
10445.026 - 88 3.740 1
10448.000 # 1500
10452.000 # 1500
10452.333 + 88 1
10452.443 + 88 1
10457.000 # 1500
10458.269 - 88 5.936 1
10458.289 - 88 5.846 1
10459.932 + 88 1
10460.046 + 88 1
10460.081 + 88 1
10460.112 + 88 1
10461.000 # 1500
10461.713 - 88 1.781 1
10461.742 - 88 1.696 1
10461.750 - 88 1.669 1
10461.757 - 88 1.645 1
10466.000 # 1500
10468.430 + 88 1
10468.542 + 88 1
10471.000 # 1500
10472.152 - 88 3.722 1
10472.173 - 88 3.631 1
10472.401 + 88 1
10475.000 # 1500
10476.321 - 88 3.920 1
10478.000 # 1500
10481.000 # 1500
10483.305 + 88 1
10483.414 + 88 1
10483.448 + 88 1
10483.480 + 88 1
10484.000 # 1500
10484.979 - 88 1.674 1
10485.000 - 88 1.586 1
10485.008 - 88 1.560 1
10485.015 - 88 1.535 1
10489.000 # 1500
10491.602 + 88 1
10492.000 # 1500
10493.610 - 88 2.008 1
10494.077 + 88 1
10496.000 # 1500
10496.209 + 88 1
10496.317 + 88 1
10496.969 - 88 2.892 1
10497.432 + 88 1
10500.000 # 1500
10501.191 - 88 4.982 1
10501.211 - 88 4.894 1
10501.219 - 88 3.787 1
10507.000 # 1500
10508.000 # 1500
10508.673 + 88 1
10508.714 + 88 1
10512.537 + 88 1
10512.652 + 88 1
10512.688 + 88 1
10513.000 # 1500
10514.550 - 88 5.877 1
10514.570 - 88 5.856 1
10514.578 - 88 2.041 1
10514.584 + 88 1
10514.585 - 88 1.933 1
10514.592 - 88 1.904 1
10516.000 # 1500
10517.413 - 88 2.829 1
10517.933 + 88 1
10519.572 + 88 1
10521.000 # 1500
10522.401 - 88 4.468 1
10522.422 - 88 2.850 1
10523.000 # 1500
10527.000 # 1500
10527.150 + 88 1
10531.336 + 88 1
10535.160 + 88 1
10535.266 + 88 1
10538.000 # 1500
10538.922 - 88 11.772 1
10538.945 - 88 7.609 1
10538.953 - 88 3.793 1
10538.960 - 88 3.694 1
10542.000 # 1500
10543.439 + 88 1
10544.000 # 1500
10545.329 - 88 1.890 1
10548.000 # 1500
10552.143 + 88 1
10554.193 + 88 1
10555.000 # 1500
10555.000 # 1500
10555.878 - 88 3.735 1
10555.901 - 88 1.708 1
10561.000 # 1500
10561.000 # 1500
10561.000 # 1500
10571.000 # 1500
10571.000 # 1500
10571.000 # 1500
10571.000 # 1500
10571.676 + 88 1
10574.610 + 88 1
10576.000 # 1500
10576.000 # 1500
10576.142 + 88 1
10576.552 - 88 4.876 1
10576.573 - 88 1.963 1
10579.054 + 88 1
10581.000 # 1500
10581.621 - 88 5.479 1
10581.642 - 88 2.588 1
10582.543 + 88 1
10586.000 # 1500
10587.560 - 88 5.017 1
10589.000 # 1500
10592.000 # 1500
10592.661 + 88 1
10592.769 + 88 1
10594.273 + 88 1
10598.000 # 1500
10598.286 + 88 1
10598.739 - 88 6.078 1
10598.760 - 88 5.991 1
10598.768 - 88 4.495 1
10600.000 # 1500
10601.236 - 88 2.950 1
10604.207 + 88 1
10606.000 # 1500
10606.970 - 88 2.763 1
10608.000 # 1500
10610.000 # 1500
10613.000 # 1500
10613.821 + 88 1
10624.000 # 1500
10624.000 # 1500
10625.000 # 1500
10625.000 # 1500
10626.048 - 88 12.227 1
10628.416 + 88 1
10629.000 # 1500
10630.199 + 88 1
10630.400 - 88 1.984 1
10631.000 # 1500
10631.535 + 88 1
10631.778 - 88 1.579 1
10632.000 # 1500
10633.169 + 88 1
10633.592 - 88 2.057 1
10637.000 # 1500
10637.823 - 88 4.654 1
10638.000 # 1500
10640.000 # 1500
10642.906 + 88 1
10643.000 # 1500
10643.014 + 88 1
10644.000 # 1500
10644.914 - 88 2.008 1
10645.148 - 88 2.134 1
10645.520 + 88 1
10646.000 # 1500
10647.168 - 88 1.648 1
10648.000 # 1500
10650.000 # 1500
10651.130 + 88 1
10652.000 # 1500
10653.424 - 88 2.294 1
10654.000 # 1500
10656.000 # 1500
10658.000 # 1500
10659.464 + 88 1
10660.000 # 1500
10661.232 - 88 1.768 1
10662.000 # 1500
10670.138 + 88 1
10676.013 + 88 1
10680.834 + 88 1
10682.000 # 1500
10682.769 - 88 12.631 1
10682.850 - 88 6.837 1
10682.868 - 88 2.034 1
10684.000 # 1500
10684.801 + 88 1
10685.000 # 1500
10686.604 - 88 1.803 1
10688.000 # 1500
10692.582 + 88 1
10694.622 + 88 1
10695.000 # 1500
10696.000 # 1500
10696.374 - 88 3.792 1
10696.417 - 88 1.795 1
10698.419 + 88 1
10699.000 # 1500
10700.475 - 88 2.056 1
10700.989 + 88 1
10701.000 # 1500
10702.419 + 88 1
10706.000 # 1500
10707.245 - 88 6.256 1
10707.290 - 88 4.871 1
10707.402 + 88 1
10709.000 # 1500
10710.020 + 88 1
10710.242 - 88 2.840 1
10712.156 + 88 1
10714.000 # 1500
10714.916 - 88 4.896 1
10715.098 - 88 2.942 1
10715.484 + 88 1
10717.000 # 1500
10717.035 + 88 1
10717.457 - 88 1.973 1
10719.965 + 88 1
10722.000 # 1500
10722.774 - 88 5.739 1
10722.817 - 88 2.852 1
10724.000 # 1500
10726.000 # 1500
10727.828 + 88 1
10730.000 # 1500
10730.701 + 88 1
10730.820 - 88 2.992 1
10733.000 # 1500
10734.642 - 88 3.941 1
10734.786 + 88 1
10737.000 # 1500
10737.544 - 88 2.758 1
10739.422 + 88 1
10741.000 # 1500
10742.350 - 88 2.928 1
10744.341 + 88 1
10745.000 # 1500
10746.331 - 88 1.990 1
10748.000 # 1500
10750.212 + 88 1
10751.000 # 1500
10751.930 - 88 1.718 1
10753.895 + 88 1
10754.000 # 1500
10758.734 + 88 1
10759.000 # 1500
10759.197 - 88 5.302 1
10759.241 - 88 0.507 1
10762.673 + 88 1
10763.000 # 1500
10763.141 - 88 0.468 1
10766.000 # 1500
10772.000 # 1500
10774.546 + 88 1
10774.661 + 88 1
10774.697 + 88 1
10776.000 # 1500
10777.266 - 88 2.720 1
10777.309 - 88 2.648 1
10777.474 - 88 2.777 1
10778.000 # 1500
10779.429 + 88 1
10782.000 # 1500
10782.437 + 88 1
10782.917 - 88 3.488 1
10787.000 # 1500
10788.320 - 88 5.883 1
10788.433 + 88 1
10790.000 # 1500
10791.201 - 88 2.768 1
10793.000 # 1500
10796.000 # 1500
10799.865 + 88 1
10800.136 + 88 1
10805.731 + 88 1
10808.652 + 88 1
10809.000 # 1500
10809.000 # 1500
10810.413 - 88 10.548 1
10810.458 - 88 10.322 1
10810.474 - 88 4.743 1
10810.483 - 88 1.831 1
10812.533 + 88 1
10816.000 # 1500
10817.405 + 88 1
10817.557 - 88 5.024 1
10822.133 + 88 1
10829.957 + 88 1
10838.798 + 88 1
10839.000 # 1500
10839.000 # 1500
10839.000 # 1500
10839.000 # 1500
10839.268 - 88 21.863 1
10839.312 - 88 17.179 1
10839.329 - 88 9.372 1
10839.337 - 88 0.539 1
10846.000 # 1500
10846.000 # 1500
10846.599 + 88 1
10851.000 # 1500
10851.637 - 88 5.038 1
10852.000 # 1500
10852.048 + 88 1
10856.282 + 88 1
10858.000 # 1500
10859.314 - 88 7.266 1
10859.355 - 88 3.073 1
10861.283 + 88 1
10862.000 # 1500
10863.198 - 88 1.915 1
10864.000 # 1500
10871.000 # 1500
10876.000 # 1500
10878.959 + 88 1
10879.071 + 88 1
10879.105 + 88 1
10880.000 # 1500
10880.845 + 88 1
10880.864 - 88 1.905 1
10880.906 - 88 1.835 1
10880.925 - 88 1.820 1
10884.585 + 88 1
10888.030 + 88 1
10891.595 + 88 1
10893.000 # 1500
10893.555 - 88 12.710 1
10893.597 - 88 9.012 1
10893.668 - 88 5.638 1
10893.681 - 88 2.086 1
10894.000 # 1500
10896.000 # 1500
10904.198 + 88 1
10904.310 + 88 1
10904.344 + 88 1
10905.000 # 1500
10906.229 - 88 2.031 1
10906.270 - 88 1.960 1
10906.356 - 88 2.012 1
10906.731 + 88 1
10910.000 # 1500
10911.257 - 88 4.526 1
10911.575 + 88 1
10916.881 + 88 1
10920.913 + 88 1
10924.000 # 1500
10924.694 - 88 13.119 1
10924.738 - 88 7.857 1
10924.809 - 88 3.896 1
10926.743 + 88 1
10927.000 # 1500
10927.127 - 88 0.384 1
10932.476 + 88 1
10933.000 # 1500
10934.429 - 88 1.953 1
10937.000 # 1500
10938.872 + 88 1
10942.000 # 1500
10942.594 - 88 3.722 1
10945.226 + 88 1
10950.269 + 88 1
10954.999 + 88 1
10958.873 + 88 1
10964.000 # 1500
10964.000 # 1500
10964.712 - 88 19.486 1
10964.754 - 88 14.485 1
10964.823 - 88 9.824 1
10964.837 - 88 5.964 1
10967.000 # 1500
10967.994 + 88 1
10968.038 + 88 1
10969.720 + 88 1
10975.524 + 88 1
10980.428 + 88 1
10985.202 + 88 1
10990.184 + 88 1
10994.105 + 88 1
10996.000 # 1500
10996.871 - 88 28.877 1
10996.913 - 88 28.875 1
10996.930 - 88 27.210 1
10996.939 - 88 21.415 1
10996.946 - 88 16.518 1
10996.952 - 88 11.750 1
10996.959 - 88 6.775 1
10996.965 - 88 2.860 1
10997.000 # 1500
10997.307 + 88 1
10998.000 # 1500
10999.004 - 88 1.697 1
11006.000 # 1500
11008.880 + 88 1
11010.000 # 1500
11010.612 - 88 1.732 1
11012.604 + 88 1
11014.000 # 1500
11015.455 - 88 2.851 1
11017.000 # 1500
11021.000 # 1500
11026.000 # 1500
11028.000 # 1500
11030.157 + 88 1
11030.273 + 88 1
11031.000 # 1500
11032.092 - 88 1.935 1
11032.189 - 88 1.916 1
11034.073 + 88 1
11036.000 # 1500
11037.028 - 88 2.955 1
11038.000 # 1500
11042.000 # 1500
11047.000 # 1500
11050.000 # 1500
11051.000 # 1500
11055.000 # 1500
11058.000 # 1500
11058.649 + 88 1
11059.000 # 1500
11060.428 - 88 1.779 1
11073.030 + 88 1
11078.000 # 1500
11078.000 # 1500
11079.000 # 1500
11079.200 - 88 6.170 1
11091.723 + 88 1
11094.643 + 88 1
11097.000 # 1500
11097.000 # 1500
11098.564 - 88 6.841 1
11098.668 - 88 4.025 1
11102.306 + 88 1
11103.000 # 1500
11104.367 - 88 2.061 1
11107.000 # 1500
11109.000 # 1500
11117.081 + 88 1
11129.000 # 1500
11129.000 # 1500
11129.000 # 1500
11129.775 + 88 1
11129.797 - 88 12.716 1
11130.000 # 1500
11132.000 # 1500
11132.835 - 88 3.060 1
11145.000 # 1500
11145.000 # 1500
11145.347 + 88 1
11146.000 # 1500
11147.205 - 88 1.858 1
11149.000 # 1500
11162.185 + 88 1
11170.000 # 1500
11171.114 - 88 8.929 1
11175.000 # 1500
11176.072 + 88 1
11179.000 # 1500
11179.729 - 88 3.657 1
11184.000 # 1500
11188.000 # 1500
11192.618 + 88 1
11209.034 + 88 1
11221.741 + 88 1
11234.453 + 88 1
11248.167 + 88 1
11252.296 + 88 1
11258.863 + 88 1
11265.742 + 88 1
11271.042 + 88 1
11278.538 + 88 1
11285.336 + 88 1
11292.217 + 88 1
11299.064 + 88 1
11304.000 # 1500
11304.909 - 88 112.291 1
11304.975 - 88 95.941 1
11305.051 - 88 83.310 1
11305.078 - 88 70.625 1
11305.094 - 88 56.927 1
11305.108 - 88 52.812 1
11305.121 - 88 46.258 1
11305.135 - 88 39.393 1
11305.148 - 88 34.106 1
11305.161 - 88 26.623 1
11305.175 - 88 19.839 1
11305.188 - 88 12.971 1
11305.201 - 88 6.137 1
11317.549 + 88 1
11323.899 + 88 1
11330.234 + 88 1
11336.390 + 88 1
11344.115 + 88 1
11349.718 + 88 1
11362.337 + 88 1
11364.216 + 88 1
11371.007 + 88 1
11375.301 + 88 1
11384.000 # 1500
11384.000 # 1500
11384.721 + 88 1
11384.961 - 88 67.412 1
11385.020 - 88 61.121 1
11385.094 - 88 54.860 1
11385.120 - 88 48.730 1
11385.136 - 88 41.021 1
11385.150 - 88 35.432 1
11385.164 - 88 22.827 1
11385.177 - 88 20.961 1
11385.190 - 88 14.183 1
11385.206 - 88 9.905 1
11392.044 + 88 1
11396.035 + 88 1
11399.390 + 88 1
11405.239 + 88 1
11410.107 + 88 1
11415.006 + 88 1
11418.924 + 88 1
11423.911 + 88 1
11435.032 + 88 1
11435.143 + 88 1
11439.880 + 88 1
11444.724 + 88 1
11449.755 + 88 1
11456.519 + 88 1
11463.351 + 88 1
11469.186 + 88 1
11478.986 + 88 1
11484.777 + 88 1
11490.000 # 1500
11490.646 - 88 105.925 1
11490.686 + 88 1
11490.711 - 88 98.667 1
11490.730 - 88 94.695 1
11490.747 - 88 91.357 1
11490.761 - 88 85.522 1
11490.774 - 88 80.667 1
11490.788 - 88 75.782 1
11490.801 - 88 71.877 1
11490.814 - 88 66.903 1
11490.828 - 88 55.796 1
11490.842 - 88 55.699 1
11490.855 - 88 50.975 1
11490.867 - 88 46.143 1
11490.880 - 88 41.125 1
11490.893 - 88 34.374 1
11490.906 - 88 27.555 1
11494.707 + 88 1
11503.687 + 88 1
11505.000 # 1500
11505.394 + 88 1
11505.527 - 88 36.341 1
11505.557 - 88 26.571 1
11505.573 - 88 20.796 1
11505.586 - 88 14.900 1
11505.600 - 88 10.893 1
11505.613 - 88 1.926 1
11510.189 + 88 1
11514.000 # 1500
11514.109 + 88 1
11514.422 - 88 9.028 1
11514.449 - 88 4.260 1
11519.240 + 88 1
11520.000 # 1500
11520.804 - 88 6.695 1
11520.832 - 88 1.592 1
11522.000 # 1500
11524.325 + 88 1
11527.000 # 1500
11528.062 - 88 3.737 1
11531.000 # 1500
11531.000 # 1500
11531.000 # 1500
11531.000 # 1500
11531.000 # 1500
11531.000 # 1500
11531.000 # 1500
11532.000 # 1500
11532.000 # 1500
11532.000 # 1500
11533.676 + 88 1
11553.000 # 1500
11554.373 - 88 20.697 1
11557.287 + 88 1
11557.397 + 88 1
11560.000 # 1500
11560.933 - 88 3.646 1
11560.959 - 88 3.562 1
11570.000 # 1500
11570.006 + 88 1
11585.000 # 1500
11586.221 - 88 16.215 1
11586.528 + 88 1
11589.000 # 1500
11590.127 - 88 3.599 1
11593.000 # 1500
11596.126 + 88 1
11597.000 # 1500
11598.014 - 88 1.888 1
11600.283 + 88 1
11610.106 + 88 1
11611.000 # 1500
11611.581 - 88 11.298 1
11611.611 - 88 1.505 1
11614.735 + 88 1
11618.590 + 88 1
11620.000 # 1500
11621.309 - 88 6.574 1
11621.336 - 88 2.746 1
11623.000 # 1500
11623.602 + 88 1
11628.352 + 88 1
11633.210 + 88 1
11636.000 # 1500
11637.020 - 88 13.418 1
11637.046 - 88 8.694 1
11637.062 - 88 3.852 1
11639.000 # 1500
11644.149 + 88 1
11644.261 + 88 1
11645.000 # 1500
11645.704 - 88 1.555 1
11645.734 - 88 1.473 1
11648.000 # 1500
11648.861 + 88 1
11651.758 + 88 1
11658.000 # 1500
11659.052 - 88 10.191 1
11659.080 - 88 7.322 1
11660.000 # 1500
11662.639 + 88 1
11662.754 + 88 1
11662.789 + 88 1
11665.000 # 1500
11666.068 - 88 3.429 1
11666.097 - 88 3.343 1
11666.112 - 88 3.323 1
11670.000 # 1500
11674.000 # 1500
11676.098 + 88 1
11676.211 + 88 1
11676.248 + 88 1
11679.688 + 88 1
11682.000 # 1500
11683.303 - 88 7.205 1
11683.331 - 88 7.120 1
11683.347 - 88 7.099 1
11683.362 - 88 3.674 1
11684.533 + 88 1
11686.000 # 1500
11687.350 - 88 2.817 1
11692.000 # 1500
11692.279 + 88 1
11696.000 # 1500
11697.095 - 88 4.816 1
11703.026 + 88 1
11706.948 + 88 1
11708.000 # 1500
11708.000 # 1500
11708.375 + 88 1
11708.495 - 88 5.469 1
11708.540 - 88 1.592 1
11712.813 + 88 1
11713.000 # 1500
11713.120 - 88 4.745 1
11713.146 - 88 0.333 1
11718.000 # 1500
11718.719 + 88 1
11722.564 + 88 1
11722.673 + 88 1
11723.000 # 1500
11724.347 - 88 5.628 1
11724.379 - 88 1.815 1
11724.394 - 88 1.721 1
11726.000 # 1500
11729.000 # 1500
11734.277 + 88 1
11741.173 + 88 1
11741.284 + 88 1
11743.000 # 1500
11743.000 # 1500
11743.991 - 88 9.714 1
11744.020 - 88 2.847 1
11744.050 - 88 2.766 1
11744.575 + 88 1
11744.877 + 88 1
11751.000 # 1500
11751.586 - 88 7.011 1
11751.612 - 88 6.735 1
11751.622 + 88 1
11753.913 + 88 1
11757.000 # 1500
11757.665 - 88 6.043 1
11757.694 - 88 3.781 1
11764.708 + 88 1
11764.819 + 88 1
11764.855 + 88 1
11767.037 + 88 1
11772.000 # 1500
11772.706 - 88 7.998 1
11772.733 - 88 7.914 1
11772.749 - 88 7.894 1
11772.762 - 88 5.725 1
11778.584 + 88 1
11780.299 + 88 1
11782.672 + 88 1
11793.157 + 88 1
11793.269 + 88 1
11794.000 # 1500
11795.000 # 1500
11795.025 - 88 16.441 1
11795.049 - 88 14.750 1
11795.058 - 88 12.386 1
11795.065 - 88 1.908 1
11795.068 + 88 1
11795.072 - 88 1.803 1
11798.867 + 88 1
11801.748 + 88 1
11804.150 + 88 1
11825.266 + 88 1
11825.380 + 88 1
11825.416 + 88 1
11825.448 + 88 1
11834.095 + 88 1
11835.189 + 88 1
11835.302 + 88 1
11836.957 + 88 1
11841.703 + 88 1
11843.899 + 88 1
11845.315 + 88 1
11855.497 + 88 1
11860.920 + 88 1
11861.033 + 88 1
11861.067 + 88 1
11863.000 # 1500
11864.023 - 88 68.955 1
11864.046 - 88 65.179 1
11864.054 - 88 62.306 1
11864.061 - 88 59.911 1
11864.069 - 88 38.803 1
11864.075 - 88 38.695 1
11864.082 - 88 38.666 1
11864.088 - 88 38.640 1
11864.094 - 88 29.999 1
11864.101 - 88 28.912 1
11864.107 - 88 28.805 1
11864.121 - 88 27.164 1
11864.128 - 88 22.425 1
11864.134 - 88 20.235 1
11864.140 - 88 18.825 1
11864.148 - 88 8.651 1
11865.000 # 1500
11866.000 # 1500
11866.000 # 1500
11866.000 # 1500
11866.000 # 1500
11866.484 - 88 5.564 1
11866.505 - 88 5.472 1
11866.513 - 88 5.446 1
11870.000 # 1500
11871.626 + 88 1
11871.739 + 88 1
11873.597 + 88 1
11879.349 + 88 1
11880.000 # 1500
11881.587 - 88 9.961 1
11881.607 - 88 9.868 1
11881.615 - 88 8.018 1
11881.622 - 88 2.273 1
11885.238 + 88 1
11886.779 + 88 1
11896.000 # 1500
11897.018 - 88 11.780 1
11897.041 - 88 10.262 1
11897.356 + 88 1
11900.918 + 88 1
11901.022 + 88 1
11905.770 + 88 1
11909.000 # 1500
11909.618 - 88 12.262 1
11909.640 - 88 8.722 1
11909.649 - 88 8.627 1
11909.656 - 88 3.886 1
11915.538 + 88 1
11915.653 + 88 1
11916.941 + 88 1
11921.325 + 88 1
11926.229 + 88 1
11930.155 + 88 1
11935.056 + 88 1
11937.491 + 88 1
11940.137 + 88 1
11943.857 + 88 1
11945.000 # 1500
11945.343 + 88 1
11945.946 - 88 30.408 1
11945.969 - 88 30.316 1
11945.976 - 88 29.035 1
11945.983 - 88 24.658 1
11945.990 - 88 19.761 1
11945.996 - 88 15.841 1
11946.003 - 88 10.947 1
11946.009 - 88 8.518 1
11946.015 - 88 5.878 1
11946.021 - 88 2.164 1
11950.679 + 88 1
11961.823 + 88 1
11961.938 + 88 1
11961.973 + 88 1
11966.462 + 88 1
11976.175 + 88 1
11976.315 + 88 1
11976.367 + 88 1
11980.805 + 88 1
11982.851 + 88 1
11984.000 # 1500
11984.730 - 88 39.387 1
11984.751 - 88 34.072 1
11984.760 - 88 22.937 1
11984.767 - 88 22.829 1
11984.774 - 88 22.801 1
11984.780 - 88 18.318 1
11984.786 - 88 8.611 1
11984.793 - 88 8.478 1
11984.799 - 88 8.432 1
11984.805 - 88 4.000 1
11984.811 - 88 1.960 1
11992.548 + 88 1
11994.594 + 88 1
11996.133 + 88 1
12007.219 + 88 1
12008.521 + 88 1
12012.607 + 88 1
12015.000 # 1500
12016.447 - 88 23.899 1
12016.468 - 88 21.874 1
12016.476 - 88 20.343 1
12016.483 - 88 9.264 1
12016.490 - 88 7.969 1
12016.496 - 88 3.889 1
12016.500 + 88 1
12020.099 + 88 1
12025.302 + 88 1
12029.640 + 88 1
12037.000 # 1500
12038.337 - 88 21.837 1
12038.360 - 88 18.261 1
12038.369 - 88 13.067 1
12038.376 - 88 8.736 1
12038.678 + 88 1
12038.741 + 88 1
12041.133 + 88 1
12060.000 # 1500
12060.137 + 88 1
12060.282 + 88 1
12060.507 - 88 21.829 1
12060.528 - 88 21.787 1
12060.537 - 88 19.404 1
12065.301 + 88 1
12070.687 + 88 1
12072.064 + 88 1
12077.467 + 88 1
12080.063 + 88 1
12085.426 + 88 1
12087.438 + 88 1
12089.000 # 1500
12090.348 - 88 30.211 1
12090.645 - 88 30.363 1
12090.674 - 88 25.373 1
12090.681 - 88 19.994 1
12090.688 - 88 18.624 1
12090.694 - 88 13.227 1
12090.701 - 88 10.638 1
12090.707 - 88 5.281 1
12090.714 - 88 3.276 1
12098.325 + 88 1
12098.629 + 88 1
12100.039 + 88 1
12101.000 # 1500
12101.953 - 88 3.628 1
12101.973 - 88 3.344 1
12101.980 - 88 1.941 1
12102.057 + 88 1
12108.065 + 88 1
12109.257 + 88 1
12112.686 + 88 1
12115.660 + 88 1
12119.914 + 88 1
12122.000 # 1500
12122.571 - 88 20.514 1
12122.602 - 88 14.537 1
12122.610 - 88 13.353 1
12122.617 - 88 9.931 1
12122.624 - 88 6.964 1
12122.630 - 88 2.716 1
12129.293 + 88 1
12136.095 + 88 1
12136.258 + 88 1
12141.000 # 1500
12141.959 - 88 12.666 1
12141.978 - 88 5.883 1
12141.986 - 88 5.728 1
12152.688 + 88 1
12152.835 + 88 1
12152.995 + 88 1
12164.486 + 88 1
12164.601 + 88 1
12164.649 + 88 1
12166.000 # 1500
12166.622 + 88 1
12167.041 - 88 14.353 1
12167.076 - 88 14.241 1
12167.085 - 88 14.090 1
12167.093 - 88 2.607 1
12167.100 - 88 2.499 1
12167.107 - 88 2.458 1
12168.000 # 1500
12169.310 + 88 1
12169.337 - 88 2.715 1
12176.000 # 1500
12177.183 - 88 7.873 1
12179.414 + 88 1
12179.532 + 88 1
12179.572 + 88 1
12189.074 + 88 1
12191.000 # 1500
12191.967 - 88 12.553 1
12192.050 - 88 12.518 1
12192.068 - 88 12.496 1
12192.078 - 88 3.004 1
12200.670 + 88 1
12200.791 + 88 1
12200.831 + 88 1
12200.861 + 88 1
12200.890 + 88 1
12202.447 + 88 1
12204.867 + 88 1
12205.000 # 1500
12205.253 - 88 4.583 1
12205.274 - 88 4.483 1
12205.282 - 88 4.451 1
12205.289 - 88 4.428 1
12205.295 - 88 4.405 1
12205.301 - 88 2.854 1
12207.497 + 88 1
12209.304 + 88 1
12209.415 + 88 1
12213.186 + 88 1
12214.513 + 88 1
12216.000 # 1500
12217.108 + 88 1
12217.199 - 88 12.332 1
12217.211 - 88 9.714 1
12217.218 - 88 7.914 1
12217.226 - 88 7.811 1
12217.233 - 88 4.047 1
12217.239 - 88 2.726 1
12217.264 + 88 1
12221.281 + 88 1
12223.009 + 88 1
12235.688 + 88 1
12236.209 + 88 1
12236.369 + 88 1
12236.429 + 88 1
12236.512 + 88 1
12236.793 + 88 1
12238.000 # 1500
12239.059 - 88 21.951 1
12239.080 - 88 21.816 1
12239.088 - 88 17.807 1
12239.094 - 88 16.085 1
12239.101 - 88 3.413 1
12239.107 - 88 2.898 1
12239.113 - 88 2.744 1
12239.119 - 88 2.690 1
12239.126 - 88 2.614 1
12239.132 - 88 2.339 1
12242.000 # 1500
12247.000 # 1500
12249.331 + 88 1
12249.492 + 88 1
12251.336 + 88 1
12258.141 + 88 1
12260.000 # 1500
12260.674 - 88 11.343 1
12260.695 - 88 11.203 1
12260.703 - 88 9.367 1
12260.709 - 88 2.568 1
12262.022 + 88 1
12266.004 + 88 1
12268.316 + 88 1
12271.057 + 88 1
12281.569 + 88 1
12281.686 + 88 1
12283.515 + 88 1
12284.890 + 88 1
12291.000 # 1500
12291.000 # 1500
12291.856 - 88 29.834 1
12292.000 # 1500
12292.204 - 88 26.200 1
12292.219 - 88 23.903 1
12292.227 - 88 21.170 1
12292.233 - 88 10.664 1
12292.240 - 88 10.554 1
12292.248 - 88 8.733 1
12292.255 - 88 7.365 1
12294.671 + 88 1
12296.372 + 88 1
12296.472 + 88 1
12299.288 + 88 1
12300.000 # 1500
12301.186 - 88 6.515 1
12301.218 - 88 4.846 1
12301.226 - 88 4.754 1
12301.233 - 88 1.945 1
12305.000 # 1500
12310.828 + 88 1
12310.925 + 88 1
12311.997 + 88 1
12312.093 + 88 1
12314.205 + 88 1
12321.000 # 1500
12322.738 - 88 11.910 1
12322.760 - 88 11.835 1
12322.768 - 88 10.771 1
12322.774 - 88 10.681 1
12322.781 - 88 8.576 1
12325.754 + 88 1
12325.852 + 88 1
12329.459 + 88 1
12329.555 + 88 1
12335.414 + 88 1
12335.511 + 88 1
12336.528 + 88 1
12341.000 # 1500
12341.172 + 88 1
12341.450 - 88 15.696 1
12341.666 - 88 15.814 1
12341.795 - 88 12.336 1
12341.816 - 88 12.261 1
12341.824 - 88 6.410 1
12341.833 - 88 6.322 1
12341.840 - 88 5.312 1
12343.146 + 88 1
12351.000 # 1500
12352.071 - 88 10.899 1
12352.131 + 88 1
12352.141 - 88 8.995 1
12352.223 + 88 1
12352.248 + 88 1
12352.268 + 88 1
12354.321 + 88 1
12357.007 + 88 1
12360.118 + 88 1
12361.841 + 88 1
12364.756 + 88 1
12366.665 + 88 1
12368.675 + 88 1
12371.614 + 88 1
12373.642 + 88 1
12378.451 + 88 1
12378.556 + 88 1
12378.585 + 88 1
12378.605 + 88 1
12381.319 + 88 1
12383.352 + 88 1
12392.074 + 88 1
12392.172 + 88 1
12396.984 + 88 1
12397.083 + 88 1
12403.291 + 88 1
12403.385 + 88 1
12403.409 + 88 1
12405.271 + 88 1
12419.013 + 88 1
12424.046 + 88 1
12431.440 + 88 1
12436.104 + 88 1
12439.063 + 88 1
12443.870 + 88 1
12447.823 + 88 1
12449.000 # 1500
12449.000 # 1500
12449.917 - 88 97.786 1
12450.014 - 88 97.791 1
12450.042 - 88 97.794 1
12450.098 - 88 97.830 1
12450.116 - 88 95.795 1
12450.125 - 88 93.118 1
12450.133 - 88 90.015 1
12450.140 - 88 88.299 1
12450.146 - 88 85.390 1
12450.153 - 88 83.488 1
12450.269 - 88 81.594 1
12450.283 - 88 78.669 1
12450.290 - 88 76.648 1
12450.297 - 88 71.846 1
12450.319 - 88 71.763 1
12450.332 - 88 71.747 1
12450.347 - 88 71.742 1
12450.354 - 88 69.035 1
12450.361 - 88 67.009 1
12450.368 - 88 58.294 1
12450.374 - 88 58.202 1
12450.381 - 88 53.397 1
12450.388 - 88 53.305 1
12450.395 - 88 47.104 1
12450.404 - 88 47.019 1
12450.411 - 88 47.002 1
12450.418 - 88 45.147 1
12450.425 - 88 31.412 1
12450.432 - 88 26.386 1
12450.439 - 88 18.999 1
12450.446 - 88 14.342 1
12450.453 - 88 11.390 1
12451.959 + 88 1
12453.000 # 1500
12453.000 # 1500
12453.589 - 88 9.719 1
12453.611 - 88 5.788 1
12453.727 - 88 1.768 1
12457.000 # 1500
12462.531 + 88 1
12462.577 + 88 1
12462.609 + 88 1
12468.000 # 1500
12468.000 # 1500
12468.245 + 88 1
12468.501 - 88 5.970 1
12468.522 - 88 5.945 1
12468.531 - 88 5.922 1
12469.654 + 88 1
12474.000 # 1500
12474.000 # 1500
12474.076 + 88 1
12474.342 - 88 6.097 1
12474.363 - 88 4.709 1
12476.027 + 88 1
12477.000 # 1500
12477.849 + 88 1
12478.048 - 88 3.972 1
12478.068 - 88 2.041 1
12480.869 + 88 1
12489.000 # 1500
12489.000 # 1500
12489.824 - 88 11.975 1
12489.845 - 88 8.976 1
12491.000 # 1500
12492.644 + 88 1
12492.686 + 88 1
12492.718 + 88 1
12493.000 # 1500
12497.000 # 1500
12498.637 + 88 1
12498.680 + 88 1
12498.712 + 88 1
12498.839 - 88 6.195 1
12498.860 - 88 6.174 1
12498.874 - 88 6.156 1
12501.692 + 88 1
12507.000 # 1500
12507.000 # 1500
12509.193 - 88 10.556 1
12509.220 - 88 10.540 1
12509.235 - 88 10.523 1
12509.258 - 88 7.566 1
12518.000 # 1500
12522.000 # 1500
12529.000 # 1500
12531.000 # 1500
12538.000 # 1500
12544.151 + 88 1
12545.000 # 1500
12546.292 - 88 2.141 1
12549.000 # 1500
12554.000 # 1500
12557.000 # 1500
12567.000 # 1500
12569.000 # 1500
12573.000 # 1500
12586.000 # 1500
12586.000 # 1500
12592.000 # 1500
12594.000 # 1500
12600.000 # 1500
12604.000 # 1500
12609.000 # 1500
12613.000 # 1500
12616.000 # 1500
12621.000 # 1500
12626.000 # 1500
12631.000 # 1500
12634.000 # 1500
12638.076 + 88 1
12639.000 # 1500
12639.888 - 88 1.812 1
12643.000 # 1500
12656.000 # 1500
12659.000 # 1500
12660.030 + 88 1
12666.000 # 1500
12666.637 - 88 6.607 1
12670.000 # 1500
12675.000 # 1500
12679.000 # 1500
12683.000 # 1500
12686.356 + 88 1
12688.000 # 1500
12689.228 - 88 2.872 1
12695.207 + 88 1
12698.000 # 1500
12699.191 - 88 3.984 1
12703.000 # 1500
12707.001 + 88 1
12710.000 # 1500
12710.914 - 88 3.913 1
12717.000 # 1500
12724.000 # 1500
12732.000 # 1500
12740.000 # 1500
12744.689 + 88 1
12746.000 # 1500
12747.764 - 88 3.075 1
12752.000 # 1500
12755.640 + 88 1
12757.000 # 1500
12763.000 # 1500
12766.406 - 88 10.766 1
12766.534 + 88 1
12768.000 # 1500
12771.000 # 1500
12771.635 - 88 5.101 1
12771.792 + 88 1
12775.000 # 1500
12775.516 - 88 3.724 1
12778.000 # 1500
12782.000 # 1500
12785.000 # 1500
12787.409 + 88 1
12787.722 + 88 1
12788.000 # 1500
12789.196 - 88 1.787 1
12789.413 + 88 1
12789.445 - 88 1.723 1
12793.000 # 1500
12795.346 - 88 5.933 1
12795.422 + 88 1
12803.000 # 1500
12803.308 + 88 1
12803.419 - 88 7.997 1
12804.000 # 1500
12804.000 # 1500
12806.838 - 88 3.530 1
12807.000 # 1500
12809.101 + 88 1
12810.000 # 1500
12811.034 - 88 1.933 1
12814.051 + 88 1
12815.000 # 1500
12815.860 - 88 1.809 1
12818.000 # 1500
12818.107 + 88 1
12821.000 # 1500
12825.000 # 1500
12828.000 # 1500
12829.859 - 88 11.752 1
12830.345 + 88 1
12832.000 # 1500
12836.000 # 1500
12840.000 # 1500
12840.826 - 88 10.481 1
12841.310 + 88 1
12848.000 # 1500
12848.741 - 88 7.431 1
12849.247 + 88 1
12854.636 + 88 1
12856.000 # 1500
12856.000 # 1500
12856.000 # 1500
12861.000 # 1500
12861.702 - 88 12.455 1
12861.755 - 88 7.119 1
12862.289 + 88 1
12863.000 # 1500
12867.000 # 1500
12871.000 # 1500
12872.383 - 88 10.094 1
12872.942 + 88 1
12874.000 # 1500
12879.000 # 1500
12882.000 # 1500
12882.738 - 88 9.796 1
12882.988 + 88 1
12883.110 + 88 1
12885.000 # 1500
12885.563 - 88 2.575 1
12885.591 - 88 2.481 1
12885.777 + 88 1
12888.830 + 88 1
12889.000 # 1500
12890.407 - 88 4.630 1
12890.435 - 88 1.605 1
12891.610 + 88 1
12893.000 # 1500
12894.364 - 88 2.754 1
12895.572 + 88 1
12896.000 # 1500
12897.618 - 88 2.046 1
12899.454 + 88 1
12901.000 # 1500
12901.513 + 88 1
12901.706 - 88 2.252 1
12904.000 # 1500
12905.215 + 88 1
12905.300 - 88 3.787 1
12907.000 # 1500
12910.000 # 1500
12911.113 - 88 5.898 1
12911.371 + 88 1
12911.793 + 88 1
12912.000 # 1500
12912.230 - 88 0.859 1
12914.000 # 1500
12915.260 - 88 3.467 1
12915.367 + 88 1
12918.000 # 1500
12919.270 - 88 3.903 1
12920.000 # 1500
12920.073 + 88 1
12923.000 # 1500
12923.275 + 88 1
12923.667 - 88 3.594 1
12927.532 + 88 1
12930.487 + 88 1
12933.000 # 1500
12933.000 # 1500
12933.000 # 1500
12933.000 # 1500
12934.542 - 88 11.267 1
12934.565 - 88 7.033 1
12934.647 + 88 1
12934.679 - 88 4.192 1
12937.000 # 1500
12938.000 # 1500
12940.835 - 88 6.188 1
12941.000 # 1500
12941.219 + 88 1
12941.532 + 88 1
12943.000 # 1500
12944.713 - 88 3.494 1
12944.733 - 88 3.201 1
12944.999 + 88 1
12946.000 # 1500
12946.602 - 88 1.603 1
12947.577 + 88 1
12949.000 # 1500
12950.667 - 88 3.090 1
12950.875 + 88 1
12951.000 # 1500
12953.000 # 1500
12953.587 - 88 2.712 1
12954.424 + 88 1
12956.000 # 1500
12957.488 - 88 3.064 1
12957.757 + 88 1
12959.000 # 1500
12959.253 - 88 1.496 1
12960.000 # 1500
12961.553 + 88 1
12963.000 # 1500
12964.184 - 88 2.631 1
12964.480 + 88 1
12966.000 # 1500
12967.332 - 88 2.852 1
12969.000 # 1500
12973.000 # 1500
12977.000 # 1500
12980.000 # 1500
12983.000 # 1500
12985.401 + 88 1
12985.560 + 88 1
12985.638 + 88 1
12985.713 + 88 1
12985.802 + 88 1
12985.893 + 88 1
12985.969 + 88 1
12988.000 # 1500
12989.000 # 1500
12990.125 - 88 4.724 1
12990.149 - 88 4.589 1
12990.157 - 88 4.519 1
12990.163 - 88 4.450 1
12990.170 - 88 4.368 1
12990.176 - 88 4.283 1
12990.183 - 88 4.214 1
12991.987 + 88 1
12992.000 # 1500
12992.203 + 88 1
12992.367 + 88 1
12995.000 # 1500
12996.290 + 88 1
12996.554 - 88 4.567 1
12996.576 - 88 4.373 1
12996.584 - 88 4.217 1
12997.000 # 1500
12997.858 - 88 1.568 1
12999.000 # 1500
13001.000 # 1500
13004.000 # 1500
13006.861 + 88 1
13006.921 + 88 1
13006.970 + 88 1
13007.000 # 1500
13007.033 + 88 1
13011.474 + 88 1
13014.463 + 88 1
13016.000 # 1500
13017.450 - 88 10.589 1
13017.472 - 88 10.551 1
13017.481 - 88 10.511 1
13017.488 - 88 10.455 1
13017.495 - 88 6.021 1
13017.501 - 88 3.038 1
13019.000 # 1500
13020.408 + 88 1
13020.547 + 88 1
13022.000 # 1500
13022.000 # 1500
13023.244 - 88 2.836 1
13023.271 - 88 2.724 1
13026.185 + 88 1
13028.075 + 88 1
13030.951 + 88 1
13032.000 # 1500
13033.023 + 88 1
13033.157 - 88 6.972 1
13033.180 - 88 5.105 1
13033.195 - 88 2.244 1
13037.000 # 1500
13037.000 # 1500
13037.899 - 88 4.876 1
13039.000 # 1500
13041.025 + 88 1
13043.000 # 1500
13043.781 - 88 2.756 1
13046.000 # 1500
13046.582 + 88 1
13046.721 + 88 1
13046.772 + 88 1
13048.606 + 88 1
13048.747 + 88 1
13050.000 # 1500
13051.446 - 88 4.864 1
13051.487 - 88 4.766 1
13051.532 - 88 4.760 1
13051.546 - 88 2.940 1
13051.560 - 88 2.813 1
13051.749 + 88 1
13053.000 # 1500
13053.678 - 88 1.929 1
13055.492 + 88 1
13055.551 + 88 1
13057.000 # 1500
13058.307 - 88 2.815 1
13058.328 - 88 2.777 1
13059.375 + 88 1
13061.000 # 1500
13061.284 + 88 1
13061.617 - 88 2.242 1
13063.519 + 88 1
13064.000 # 1500
13065.217 - 88 3.933 1
13065.243 - 88 1.724 1
13065.246 + 88 1
13067.000 # 1500
13068.001 + 88 1
13068.280 - 88 3.034 1
13071.000 # 1500
13071.152 + 88 1
13071.417 - 88 3.416 1
13074.000 # 1500
13074.042 + 88 1
13074.273 - 88 3.121 1
13080.805 + 88 1
13081.746 + 88 1
13082.000 # 1500
13083.652 - 88 9.610 1
13083.679 - 88 2.874 1
13083.693 - 88 1.947 1
13088.000 # 1500
13088.644 + 88 1
13091.000 # 1500
13092.674 + 88 1
13092.719 - 88 4.075 1
13095.842 + 88 1
13096.000 # 1500
13096.353 - 88 3.679 1
13098.000 # 1500
13099.549 - 88 3.707 1
13099.864 + 88 1
13101.000 # 1500
13101.215 - 88 1.351 1
13102.405 + 88 1
13106.000 # 1500
13106.246 + 88 1
13106.519 - 88 4.114 1
13108.000 # 1500
13108.269 + 88 1
13108.537 - 88 2.291 1
13110.207 + 88 1
13113.000 # 1500
13114.137 - 88 5.868 1
13114.150 + 88 1
13114.158 - 88 3.951 1
13117.000 # 1500
13117.213 + 88 1
13117.475 - 88 3.325 1
13120.000 # 1500
13120.975 - 88 3.762 1
13124.000 # 1500
13128.256 + 88 1
13128.426 + 88 1
13131.732 + 88 1
13132.087 + 88 1
13132.282 + 88 1
13137.000 # 1500
13138.515 - 88 10.259 1
13138.542 - 88 10.116 1
13138.558 - 88 6.826 1
13138.571 - 88 6.484 1
13138.676 + 88 1
13138.702 - 88 6.420 1
13138.736 + 88 1
13139.000 # 1500
13140.000 # 1500
13140.253 - 88 1.577 1
13140.279 - 88 1.543 1
13141.487 + 88 1
13146.000 # 1500
13146.000 # 1500
13146.230 + 88 1
13146.510 - 88 5.023 1
13149.000 # 1500
13149.250 + 88 1
13149.480 - 88 3.250 1
13154.000 # 1500
13155.010 - 88 5.760 1
13156.000 # 1500
13157.332 + 88 1
13157.492 + 88 1
13157.545 + 88 1
13160.000 # 1500
13161.341 - 88 4.009 1
13161.368 - 88 3.876 1
13161.382 - 88 3.837 1
13163.000 # 1500
13167.000 # 1500
13169.337 + 88 1
13169.476 + 88 1
13171.000 # 1500
13171.327 + 88 1
13171.591 - 88 2.254 1
13171.618 - 88 2.142 1
13174.247 + 88 1
13177.171 + 88 1
13180.000 # 1500
13181.092 + 88 1
13181.140 - 88 9.813 1
13181.160 - 88 6.913 1
13181.167 - 88 3.996 1
13182.938 + 88 1
13184.121 + 88 1
13187.000 # 1500
13188.196 - 88 7.104 1
13188.218 - 88 5.280 1
13188.227 - 88 4.106 1
13188.519 + 88 1
13188.565 + 88 1
13192.680 + 88 1
13193.000 # 1500
13194.214 + 88 1
13194.468 - 88 5.949 1
13194.489 - 88 5.924 1
13194.497 - 88 1.817 1
13195.784 + 88 1
13197.699 + 88 1
13207.000 # 1500
13207.000 # 1500
13208.364 - 88 14.150 1
13208.439 - 88 12.655 1
13208.456 - 88 10.757 1
13210.543 + 88 1
13210.587 + 88 1
13210.618 + 88 1
13210.649 + 88 1
13211.000 # 1500
13212.270 - 88 1.727 1
13212.291 - 88 1.704 1
13212.299 - 88 1.681 1
13212.305 - 88 1.656 1
13212.537 + 88 1
13216.250 + 88 1
13216.362 + 88 1
13219.194 + 88 1
13221.000 # 1500
13221.000 # 1500
13221.941 - 88 9.404 1
13221.953 - 88 5.703 1
13221.960 - 88 5.598 1
13221.967 - 88 2.773 1
13224.024 + 88 1
13226.255 + 88 1
13228.107 + 88 1
13231.413 + 88 1
13232.836 + 88 1
13235.132 + 88 1
13239.000 # 1500
13239.000 # 1500
13240.000 # 1500
13240.073 - 88 16.049 1
13240.091 - 88 13.836 1
13240.099 - 88 11.992 1
13240.105 - 88 8.692 1
13240.112 - 88 7.276 1
13240.118 - 88 4.986 1
13240.271 + 88 1
13240.409 + 88 1
13242.000 # 1500
13244.614 - 88 4.343 1
13244.624 + 88 1
13244.640 - 88 4.231 1
13247.000 # 1500
13248.480 - 88 3.856 1
13251.379 + 88 1
13252.000 # 1500
13253.059 - 88 1.680 1
13258.000 # 1500
13258.664 + 88 1
13261.417 + 88 1
13264.000 # 1500
13264.906 - 88 6.242 1
13264.933 - 88 3.516 1
13267.062 + 88 1
13271.000 # 1500
13271.191 + 88 1
13271.547 - 88 4.485 1
13273.915 + 88 1
13274.000 # 1500
13274.287 - 88 3.096 1
13278.296 + 88 1
13280.335 + 88 1
13281.000 # 1500
13282.828 - 88 8.913 1
13282.848 - 88 4.552 1
13282.856 - 88 2.521 1
13283.066 + 88 1
13287.000 # 1500
13287.893 + 88 1
13288.316 - 88 5.250 1
13288.390 + 88 1
13291.764 + 88 1
13293.638 + 88 1
13294.000 # 1500
13294.681 + 88 1
13294.942 - 88 7.049 1
13294.962 - 88 6.572 1
13294.970 - 88 3.206 1
13294.977 - 88 1.339 1
13297.905 + 88 1
13299.000 # 1500
13299.823 - 88 5.142 1
13299.844 - 88 1.939 1
13300.137 + 88 1
13302.396 + 88 1
13305.544 + 88 1
13313.000 # 1500
13313.000 # 1500
13314.186 - 88 14.049 1
13314.204 - 88 11.808 1
13314.213 - 88 8.669 1
13316.098 + 88 1
13316.436 + 88 1
13316.633 + 88 1
13317.000 # 1500
13318.142 - 88 2.044 1
13318.162 - 88 1.726 1
13318.171 - 88 1.538 1
13320.167 + 88 1
13320.451 + 88 1
13323.258 + 88 1
13324.000 # 1500
13324.893 - 88 4.726 1
13324.913 - 88 4.462 1
13324.920 - 88 1.662 1
13326.116 + 88 1
13329.000 # 1500
13330.844 - 88 4.728 1
13330.922 + 88 1
13333.216 + 88 1
13336.582 + 88 1
13337.000 # 1500
13338.337 - 88 7.415 1
13338.369 - 88 5.153 1
13338.377 - 88 1.795 1
13340.729 + 88 1
13342.000 # 1500
13344.646 - 88 3.917 1
13344.750 + 88 1
13349.000 # 1500
13349.327 + 88 1
13349.465 - 88 4.715 1
13351.296 + 88 1
13352.549 + 88 1
13354.000 # 1500
13355.289 - 88 5.962 1
13355.310 - 88 4.014 1
13355.318 - 88 2.769 1
13356.184 + 88 1
13359.000 # 1500
13359.035 + 88 1
13359.259 - 88 3.075 1
13367.000 # 1500
13368.131 - 88 9.096 1
13368.235 + 88 1
13373.000 # 1500
13374.103 + 88 1
13374.364 + 88 1
13374.429 + 88 1
13374.442 - 88 6.207 1
13374.488 + 88 1
13374.541 + 88 1
13374.618 + 88 1
13374.690 + 88 1
13376.739 + 88 1
13380.000 # 1500
13384.056 - 88 9.953 1
13384.074 - 88 9.710 1
13384.088 - 88 9.659 1
13384.102 - 88 9.614 1
13384.123 - 88 9.582 1
13384.130 - 88 9.512 1
13384.137 - 88 9.447 1
13384.144 - 88 7.405 1
13384.190 + 88 1
13384.408 + 88 1
13384.558 + 88 1
13384.720 + 88 1
13384.829 + 88 1
13387.000 # 1500
13389.000 # 1500
13392.120 + 88 1
13392.347 + 88 1
13392.409 + 88 1
13392.463 + 88 1
13392.492 - 88 8.302 1
13392.523 - 88 8.115 1
13392.531 - 88 7.973 1
13392.538 - 88 7.818 1
13392.546 - 88 7.717 1
13392.552 + 88 1
13392.612 + 88 1
13392.666 + 88 1
13394.820 + 88 1
13395.475 + 88 1
13397.803 + 88 1
13397.873 + 88 1
13399.821 + 88 1
13400.212 + 88 1
13402.000 # 1500
13403.822 - 88 11.702 1
13403.842 - 88 11.495 1
13403.850 - 88 11.441 1
13403.856 - 88 11.393 1
13403.863 - 88 11.311 1
13403.869 - 88 11.257 1
13403.876 - 88 11.210 1
13403.882 - 88 9.062 1
13403.888 - 88 8.413 1
13403.895 - 88 6.092 1
13403.901 - 88 6.028 1
13403.907 - 88 4.086 1
13403.914 - 88 3.702 1
13404.091 + 88 1
13404.125 + 88 1
13405.000 # 1500
13405.492 - 88 1.401 1
13405.512 - 88 1.387 1
13406.000 # 1500
13412.000 # 1500
13412.798 + 88 1
13412.823 + 88 1
13412.842 + 88 1
13412.861 + 88 1
13414.356 + 88 1
13414.385 + 88 1
13414.406 + 88 1
13416.316 + 88 1
13418.279 + 88 1
13418.308 + 88 1
13419.000 # 1500
13420.224 - 88 7.426 1
13420.309 + 88 1
13420.338 + 88 1
13420.442 - 88 7.619 1
13420.457 - 88 7.615 1
13420.464 - 88 7.603 1
13420.471 - 88 6.115 1
13420.477 - 88 6.092 1
13420.483 - 88 6.077 1
13420.491 - 88 4.175 1
13420.497 - 88 2.218 1
13420.503 - 88 2.195 1
13423.209 + 88 1
13423.239 + 88 1
13425.289 + 88 1
13427.096 + 88 1
13427.124 + 88 1
13433.000 # 1500
13433.000 # 1500
13437.000 # 1500
13438.109 - 88 17.800 1
13438.138 - 88 17.800 1
13438.152 - 88 14.943 1
13438.165 - 88 14.926 1
13438.177 - 88 12.888 1
13438.189 - 88 11.093 1
13438.196 - 88 11.072 1
13438.510 + 88 1
13438.544 + 88 1
13438.564 + 88 1
13438.584 + 88 1
13438.603 + 88 1
13438.622 + 88 1
13441.765 + 88 1
13441.794 + 88 1
13441.814 + 88 1
13441.833 + 88 1
13441.851 + 88 1
13443.881 + 88 1
13445.676 + 88 1
13447.027 + 88 1
13447.740 + 88 1
13447.768 + 88 1
13449.613 + 88 1
13451.585 + 88 1
13451.615 + 88 1
13453.574 + 88 1
13453.666 + 88 1
13455.820 + 88 1
13456.000 # 1500
13456.000 # 1500
13457.300 - 88 18.790 1
13457.330 - 88 18.786 1
13457.345 - 88 18.781 1
13457.359 - 88 18.775 1
13457.372 - 88 18.769 1
13457.384 - 88 18.762 1
13457.397 - 88 15.632 1
13457.410 - 88 15.616 1
13457.423 - 88 15.609 1
13457.435 - 88 15.602 1
13457.448 - 88 15.597 1
13457.461 - 88 13.580 1
13457.473 - 88 11.797 1
13457.486 - 88 10.459 1
13457.499 - 88 9.759 1
13457.512 - 88 9.744 1
13457.525 - 88 7.912 1
13457.538 - 88 5.953 1
13457.551 - 88 5.936 1
13457.563 - 88 3.989 1
13457.577 - 88 3.911 1
13457.589 - 88 1.769 1
13457.948 + 88 1
13458.047 + 88 1
13459.391 + 88 1
13459.655 + 88 1
13460.000 # 1500
13461.292 - 88 3.344 1
13461.312 - 88 3.265 1
13461.320 - 88 1.929 1
13461.327 - 88 1.672 1
13461.572 + 88 1
13461.601 + 88 1
13463.350 + 88 1
13463.378 + 88 1
13466.000 # 1500
13466.309 + 88 1
13466.337 + 88 1
13466.357 + 88 1
13466.541 - 88 4.969 1
13466.561 - 88 4.960 1
13466.570 - 88 3.220 1
13466.576 - 88 3.198 1
13468.282 + 88 1
13470.314 + 88 1
13470.342 + 88 1
13470.362 + 88 1
13471.592 + 88 1
13473.073 + 88 1
13473.514 + 88 1
13475.273 + 88 1
13475.301 + 88 1
13477.071 + 88 1
13477.100 + 88 1
13478.000 # 1500
13478.000 # 1500
13478.927 - 88 12.618 1
13478.947 - 88 12.610 1
13478.954 - 88 12.597 1
13478.960 - 88 10.678 1
13478.967 - 88 8.653 1
13478.973 - 88 8.631 1
13478.979 - 88 8.617 1
13478.986 - 88 7.394 1
13478.993 - 88 5.920 1
13478.999 - 88 5.485 1
13479.005 - 88 3.732 1
13479.011 - 88 3.710 1
13479.017 - 88 1.946 1
13479.024 - 88 1.924 1
13479.281 + 88 1
13479.309 + 88 1
13479.329 + 88 1
13480.802 + 88 1
13483.655 + 88 1
13483.727 + 88 1
13483.782 + 88 1
13484.175 + 88 1
13484.244 + 88 1
13486.844 + 88 1
13488.521 + 88 1
13488.654 + 88 1
13488.770 + 88 1
13490.000 # 1500
13490.735 + 88 1
13490.981 - 88 11.700 1
13491.000 # 1500
13491.000 - 88 11.691 1
13491.008 - 88 11.679 1
13491.015 - 88 10.213 1
13491.021 - 88 7.366 1
13491.027 - 88 7.300 1
13491.034 - 88 7.252 1
13491.041 - 88 6.866 1
13491.047 - 88 6.803 1
13491.053 - 88 4.209 1
13491.059 - 88 2.538 1
13491.066 - 88 2.412 1
13491.072 - 88 2.302 1
13492.453 + 88 1
13492.495 - 88 1.760 1
13494.398 + 88 1
13494.482 + 88 1
13494.538 + 88 1
13494.592 + 88 1
13496.730 + 88 1
13497.000 # 1500
13497.791 + 88 1
13498.050 - 88 5.597 1
13498.069 - 88 3.671 1
13498.078 - 88 3.596 1
13498.084 - 88 3.546 1
13498.091 - 88 3.499 1
13498.097 - 88 1.367 1
13499.613 + 88 1
13499.655 + 88 1
13499.801 + 88 1
13501.189 + 88 1
13501.229 + 88 1
13503.000 # 1500
13506.509 - 88 8.718 1
13506.557 - 88 6.944 1
13506.571 - 88 6.916 1
13506.579 + 88 1
13506.583 - 88 6.782 1
13506.596 - 88 5.407 1
13506.602 - 88 5.373 1
13506.651 + 88 1
13506.705 + 88 1
13506.758 + 88 1
13506.809 + 88 1
13509.000 # 1500
13511.218 + 88 1
13511.246 + 88 1
13511.265 + 88 1
13511.284 + 88 1
13511.303 + 88 1
13511.512 - 88 4.933 1
13511.533 - 88 4.882 1
13511.541 - 88 4.836 1
13511.547 - 88 4.789 1
13511.554 - 88 4.745 1
13514.012 + 88 1
13514.040 + 88 1
13517.000 # 1500
13517.011 + 88 1
13517.047 + 88 1
13517.272 - 88 6.054 1
13517.291 - 88 6.045 1
13517.299 - 88 6.034 1
13517.305 - 88 6.021 1
13517.312 - 88 6.009 1
13517.318 - 88 3.306 1
13517.324 - 88 3.284 1
13520.385 + 88 1
13520.413 + 88 1
13522.000 # 1500
13522.051 + 88 1
13522.246 - 88 5.235 1
13522.265 - 88 5.218 1
13522.273 - 88 1.888 1
13522.280 - 88 1.867 1
13524.232 + 88 1
13526.084 + 88 1
13527.255 + 88 1
13527.284 + 88 1
13528.932 + 88 1
13528.960 + 88 1
13530.336 + 88 1
13530.366 + 88 1
13532.000 # 1500
13533.114 - 88 11.063 1
13533.133 - 88 8.901 1
13533.141 - 88 7.057 1
13533.147 - 88 5.892 1
13533.153 - 88 5.869 1
13533.159 - 88 4.227 1
13533.166 - 88 4.206 1
13533.172 - 88 2.836 1
13533.178 - 88 2.812 1
13537.000 # 1500
13543.000 # 1500
13544.292 + 88 1
13544.321 + 88 1
13544.340 + 88 1
13544.359 + 88 1
13544.378 + 88 1
13544.396 + 88 1
13544.415 + 88 1
13544.433 + 88 1
13544.452 + 88 1
13544.470 + 88 1
13544.488 + 88 1
13544.507 + 88 1
13544.525 + 88 1
13544.543 + 88 1
13546.846 + 88 1
13546.875 + 88 1
13547.255 + 88 1
13549.000 # 1500
13550.060 - 88 5.768 1
13550.081 - 88 5.760 1
13550.088 - 88 5.748 1
13550.095 - 88 5.736 1
13550.101 - 88 5.723 1
13550.107 - 88 5.711 1
13550.113 - 88 5.698 1
13550.120 - 88 5.687 1
13550.126 - 88 5.674 1
13550.132 - 88 5.662 1
13550.138 - 88 5.650 1
13550.145 - 88 5.638 1
13550.151 - 88 5.626 1
13550.157 - 88 5.614 1
13550.163 - 88 3.317 1
13550.169 - 88 3.294 1
13550.415 + 88 1
13554.000 # 1500
13555.812 - 88 8.557 1
13555.833 - 88 5.418 1
13560.000 # 1500
13565.909 + 88 1
13565.949 + 88 1
13565.981 + 88 1
13566.000 # 1500
13566.011 + 88 1
13566.042 + 88 1
13566.079 + 88 1
13566.109 + 88 1
13572.000 # 1500
13576.655 + 88 1
13576.697 + 88 1
13576.729 + 88 1
13576.759 + 88 1
13576.790 + 88 1
13576.820 + 88 1
13576.851 + 88 1
13576.881 + 88 1
13577.263 - 88 11.354 1
13577.284 - 88 11.335 1
13577.292 - 88 11.311 1
13577.299 - 88 11.288 1
13577.306 - 88 11.264 1
13577.313 - 88 11.234 1
13577.319 - 88 11.210 1
13579.566 + 88 1
13579.615 + 88 1
13581.461 + 88 1
13583.428 + 88 1
13584.464 + 88 1
13585.000 # 1500
13586.000 # 1500
13586.138 - 88 9.483 1
13586.152 - 88 9.455 1
13586.160 - 88 9.431 1
13586.166 - 88 9.407 1
13586.172 - 88 9.382 1
13586.179 - 88 9.359 1
13586.185 - 88 9.334 1
13586.191 - 88 9.310 1
13586.197 - 88 6.631 1
13586.204 - 88 6.589 1
13586.210 - 88 4.749 1
13586.217 - 88 2.789 1
13586.223 - 88 1.759 1
13587.174 + 88 1
13589.347 + 88 1
13591.000 # 1500
13591.273 + 88 1
13591.401 + 88 1
13591.639 - 88 4.465 1
13592.020 - 88 2.673 1
13594.482 + 88 1
13595.297 + 88 1
13597.366 + 88 1
13598.000 # 1500
13598.963 - 88 7.690 1
13598.983 - 88 7.582 1
13598.992 - 88 4.510 1
13598.999 - 88 3.702 1
13599.005 - 88 1.639 1
13600.117 + 88 1
13600.236 + 88 1
13603.107 + 88 1
13604.000 # 1500
13605.035 + 88 1
13605.113 - 88 4.996 1
13605.131 - 88 4.895 1
13605.140 - 88 2.033 1
13611.000 # 1500
13611.543 - 88 6.508 1
13615.598 + 88 1
13615.987 + 88 1
13616.056 + 88 1
13616.486 + 88 1
13617.638 + 88 1
13618.000 # 1500
13624.000 # 1500
13624.821 - 88 9.223 1
13624.853 - 88 8.866 1
13624.891 + 88 1
13624.992 - 88 8.936 1
13625.013 - 88 8.527 1
13625.028 - 88 7.390 1
13625.054 + 88 1
13627.952 + 88 1
13630.000 # 1500
13630.708 + 88 1
13631.015 - 88 6.124 1
13631.041 - 88 5.987 1
13631.058 - 88 3.106 1
13631.884 + 88 1
13633.650 + 88 1
13634.920 + 88 1
13635.000 # 1500
13635.202 - 88 4.494 1
13635.229 - 88 3.345 1
13635.244 - 88 1.594 1
13636.590 + 88 1
13641.000 # 1500
13642.141 - 88 7.221 1
13642.168 - 88 5.578 1
13644.366 + 88 1
13644.431 + 88 1
13644.502 + 88 1
13645.544 + 88 1
13647.000 # 1500
13648.071 + 88 1
13648.239 - 88 3.873 1
13648.267 - 88 3.836 1
13648.283 - 88 3.781 1
13648.297 - 88 2.753 1
13648.651 + 88 1
13650.361 + 88 1
13652.799 + 88 1
13654.000 # 1500
13654.042 + 88 1
13654.495 - 88 6.424 1
13654.524 - 88 5.873 1
13654.538 - 88 4.177 1
13654.569 - 88 1.770 1
13655.323 + 88 1
13658.012 + 88 1
13659.038 + 88 1
13660.000 # 1500
13660.785 + 88 1
13660.873 - 88 6.831 1
13660.901 - 88 5.578 1
13660.917 - 88 2.905 1
13660.931 - 88 1.893 1
13663.122 + 88 1
13664.416 + 88 1
13665.000 # 1500
13666.596 - 88 5.811 1
13666.637 - 88 3.515 1
13666.742 - 88 2.326 1
13666.963 + 88 1
13667.085 + 88 1
13671.000 # 1500
13672.465 - 88 5.502 1
13672.479 - 88 5.394 1
13676.000 # 1500
13683.000 # 1500
13689.000 # 1500
13695.000 # 1500
13700.000 # 1500
13706.000 # 1500
13709.000 # 1500
13721.000 # 1500
13721.000 # 1500
13727.000 # 1500
13728.000 # 1500
13732.000 # 1500
13735.000 # 1500
13738.000 # 1500
13750.000 # 1500
13750.000 # 1500
13751.000 # 1500
13761.000 # 1500
13767.000 # 1500
13771.000 # 1500
13776.000 # 1500
13781.478 + 88 1
13786.000 # 1500
13787.061 - 88 5.583 1
13792.000 # 1500
13802.000 # 1500
13809.000 # 1500
13811.587 + 88 1
13816.000 # 1500
13816.293 - 88 4.706 1
13823.000 # 1500
13830.000 # 1500
13832.683 + 88 1
13838.000 # 1500
13839.818 - 88 7.135 1
13846.000 # 1500
13850.759 + 88 1
13855.000 # 1500
13856.415 - 88 5.656 1
13862.000 # 1500
13868.000 # 1500
13868.333 + 88 1
13874.000 # 1500
13875.011 - 88 6.678 1
13880.000 # 1500
13881.436 + 88 1
13892.426 + 88 1
13896.000 # 1500
13897.000 # 1500
13897.168 - 88 15.732 1
13897.298 - 88 4.872 1
13901.529 + 88 1
13903.000 # 1500
13904.611 - 88 3.082 1
13909.000 # 1500
13913.000 # 1500
13920.000 # 1500
13923.137 + 88 1
13923.331 + 88 1
13926.000 # 1500
13926.825 - 88 3.688 1
13926.951 - 88 3.620 1
13930.917 + 88 1
13931.000 # 1500
13931.079 - 88 0.162 1
13939.799 + 88 1
13946.000 # 1500
13946.560 + 88 1
13946.724 - 88 6.925 1
13952.000 # 1500
13952.446 + 88 1
13952.611 - 88 6.051 1
13959.000 # 1500
13960.087 - 88 7.641 1
13964.294 + 88 1
13966.000 # 1500
13966.000 # 1500
13966.863 - 88 2.569 1
13969.295 + 88 1
13973.000 # 1500
13973.742 - 88 4.447 1
13974.173 + 88 1
13980.000 # 1500
13980.603 - 88 6.430 1
13982.873 + 88 1
13985.000 # 1500
13986.339 - 88 3.466 1
13990.528 + 88 1
13991.000 # 1500
13992.239 - 88 1.711 1
13996.203 + 88 1
13997.000 # 1500
13998.088 - 88 1.885 1
14002.078 + 88 1
14003.000 # 1500
14003.916 - 88 1.838 1
14008.000 # 1500
14015.000 # 1500
14017.127 + 88 1
14021.000 # 1500
14021.914 - 88 4.787 1
14022.239 + 88 1
14027.000 # 1500
14027.831 - 88 5.592 1
14028.343 + 88 1
14031.000 # 1500
14031.750 + 88 1
14032.146 - 88 3.803 1
14038.000 # 1500
14038.607 - 88 6.857 1
14044.455 + 88 1
14044.585 + 88 1
14046.000 # 1500
14047.476 + 88 1
14047.485 - 88 3.030 1
14047.542 - 88 2.957 1
14054.264 + 88 1
14055.000 # 1500
14055.825 - 88 8.349 1
14055.952 - 88 1.688 1
14060.246 + 88 1
14061.000 # 1500
14062.994 - 88 2.748 1
14067.000 # 1500
14067.000 # 1500
14068.201 + 88 1
14075.680 + 88 1
14078.000 # 1500
14079.597 - 88 11.396 1
14079.652 - 88 3.972 1
14081.711 + 88 1
14082.000 # 1500
14082.000 # 1500
14083.545 - 88 1.834 1
14089.426 + 88 1
14090.000 # 1500
14091.000 # 1500
14091.208 - 88 1.782 1
14096.255 + 88 1
14098.000 # 1500
14099.072 - 88 2.817 1
14103.060 + 88 1
14109.898 + 88 1
14112.000 # 1500
14112.757 - 88 9.697 1
14112.881 - 88 2.983 1
14113.000 # 1500
14117.707 + 88 1
14123.548 + 88 1
14127.000 # 1500
14128.095 - 88 10.388 1
14128.210 - 88 4.662 1
14129.000 # 1500
14137.207 + 88 1
14146.000 # 1500
14146.882 - 88 9.675 1
14147.355 + 88 1
14149.161 + 88 1
14157.000 # 1500
14157.762 - 88 10.407 1
14157.875 - 88 8.714 1
14159.000 # 1500
14160.475 + 88 1
14163.000 # 1500
14164.198 - 88 3.723 1
14170.467 + 88 1
14185.094 + 88 1
14188.000 # 1500
14189.116 - 88 18.649 1
14189.174 - 88 4.080 1
14189.346 + 88 1
14193.000 # 1500
14193.903 - 88 4.557 1
14196.271 + 88 1
14207.000 # 1500
14207.516 + 88 1
14207.892 - 88 11.621 1
14212.000 # 1500
14212.399 - 88 4.883 1
14212.987 + 88 1
14222.000 # 1500
14223.290 - 88 10.303 1
14227.127 + 88 1
14231.935 + 88 1
14244.000 # 1500
14244.739 - 88 17.612 1
14244.836 - 88 12.901 1
14245.114 + 88 1
14249.457 + 88 1
14250.000 # 1500
14251.492 - 88 6.378 1
14251.593 - 88 2.136 1
14256.000 # 1500
14260.370 + 88 1
14264.000 # 1500
14265.248 - 88 4.878 1
14275.121 + 88 1
14280.000 # 1500
14280.830 - 88 5.709 1
14283.879 + 88 1
14286.000 # 1500
14287.684 - 88 3.805 1
14291.686 + 88 1
14293.000 # 1500
14294.460 - 88 2.774 1
14302.000 # 1500
14303.399 + 88 1
14311.000 # 1500
14312.149 - 88 8.750 1
14321.000 # 1500
14321.122 + 88 1
14325.951 + 88 1
14329.000 # 1500
14329.781 - 88 8.659 1
14329.927 - 88 3.976 1
14331.805 + 88 1
14345.421 + 88 1
14346.000 # 1500
14347.193 - 88 15.388 1
14347.276 - 88 1.855 1
14349.000 # 1500
14353.282 + 88 1
14356.000 # 1500
14356.955 - 88 3.673 1
14361.966 + 88 1
14366.000 # 1500
14366.773 - 88 4.807 1
14369.882 + 88 1
14376.737 + 88 1
14381.000 # 1500
14383.312 - 88 13.430 1
14383.371 - 88 6.634 1
14385.607 + 88 1
14388.000 # 1500
14389.202 - 88 3.595 1
14391.427 + 88 1
14398.216 + 88 1
14405.000 # 1500
14405.787 - 88 14.360 1
14405.843 - 88 7.627 1
14410.184 + 88 1
14416.000 # 1500
14416.628 - 88 6.444 1
14424.585 + 88 1
14424.768 + 88 1
14426.000 # 1500
14427.326 - 88 2.741 1
14427.384 - 88 2.616 1
14434.000 # 1500
14440.647 + 88 1
14448.380 + 88 1
14448.742 + 88 1
14451.000 # 1500
14453.142 - 88 12.495 1
14453.197 - 88 4.817 1
14453.217 - 88 4.475 1
14455.293 + 88 1
14464.276 + 88 1
14467.000 # 1500
14467.910 - 88 12.617 1
14468.084 - 88 3.808 1
14468.414 + 88 1
14474.037 + 88 1
14485.799 + 88 1
14492.249 + 88 1
14504.228 + 88 1
14507.063 + 88 1
14515.743 + 88 1
14525.008 + 88 1
14533.412 + 88 1
14547.401 + 88 1
14553.236 + 88 1
14558.000 # 1500
14559.129 - 88 90.715 1
14559.269 - 88 85.232 1
14559.291 - 88 73.492 1
14559.306 - 88 67.057 1
14559.320 - 88 55.092 1
14559.334 - 88 52.271 1
14559.348 - 88 43.605 1
14559.361 - 88 34.353 1
14559.377 - 88 25.965 1
14559.502 - 88 12.101 1
14559.521 + 88 1
14559.529 - 88 6.293 1
14565.278 + 88 1
14572.810 + 88 1
14574.000 # 1500
14574.815 - 88 15.294 1
14574.849 - 88 9.571 1
14574.857 - 88 2.047 1
14584.823 + 88 1
14588.806 + 88 1
14593.320 + 88 1
14604.386 + 88 1
14611.090 + 88 1
14624.861 + 88 1
14629.472 + 88 1
14631.000 # 1500
14631.581 + 88 1
14632.236 - 88 47.413 1
14632.307 - 88 43.501 1
14632.327 - 88 39.007 1
14632.336 - 88 27.950 1
14632.343 - 88 21.253 1
14632.350 - 88 7.489 1
14632.357 - 88 2.885 1
14635.000 # 1500
14636.567 - 88 4.986 1
14643.000 # 1500
14645.203 + 88 1
14649.073 + 88 1
14652.000 # 1500
14654.216 - 88 9.013 1
14654.250 - 88 5.177 1
14656.085 + 88 1
14661.000 # 1500
14661.426 + 88 1
14661.875 - 88 5.790 1
14669.000 # 1500
14669.235 + 88 1
14669.668 - 88 8.242 1
14675.951 + 88 1
14679.000 # 1500
14679.756 - 88 10.521 1
14679.779 - 88 3.828 1
14687.000 # 1500
14689.180 + 88 1
14697.000 # 1500
14699.019 - 88 9.839 1
14702.873 + 88 1
14706.000 # 1500
14706.726 - 88 3.853 1
14714.219 + 88 1
14716.000 # 1500
14718.093 - 88 3.874 1
14720.348 + 88 1
14726.000 # 1500
14727.509 - 88 7.161 1
14730.598 + 88 1
14734.810 + 88 1
14735.000 # 1500
14735.427 - 88 4.829 1
14735.493 - 88 0.683 1
14741.815 + 88 1
14746.000 # 1500
14747.507 - 88 5.692 1
14756.000 # 1500
14756.380 + 88 1
14760.415 + 88 1
14764.000 # 1500
14765.344 - 88 8.964 1
14765.795 - 88 5.380 1
14770.433 + 88 1
14777.000 # 1500
14777.794 - 88 7.361 1
14781.045 + 88 1
14788.000 # 1500
14789.450 - 88 8.405 1
14789.806 + 88 1
14798.000 # 1500
14799.347 + 88 1
14799.513 - 88 9.707 1
14806.418 + 88 1
14809.000 # 1500
14809.942 - 88 10.595 1
14810.021 - 88 3.603 1
14813.501 + 88 1
14818.000 # 1500
14819.483 - 88 5.982 1
14820.255 + 88 1
14828.000 # 1500
14828.000 # 1500
14828.000 # 1500
14828.000 # 1500
14828.000 # 1500
14828.704 + 88 1
14829.081 - 88 8.826 1
14834.057 + 88 1
14838.000 # 1500
14838.774 - 88 10.070 1
14838.954 - 88 4.897 1
14841.343 + 88 1
14847.175 + 88 1
14850.000 # 1500
14850.609 - 88 9.266 1
14850.638 - 88 3.463 1
14855.295 + 88 1
14862.000 # 1500
14862.956 + 88 1
14863.090 - 88 7.795 1
14871.000 # 1500
14872.058 - 88 9.102 1
14872.274 + 88 1
14881.000 # 1500
14881.267 + 88 1
14881.504 - 88 9.230 1
14890.713 + 88 1
14893.000 # 1500
14894.795 - 88 13.528 1
14894.876 - 88 4.163 1
14904.000 # 1500
14908.658 + 88 1
14910.486 + 88 1
14912.000 # 1500
14913.537 - 88 4.879 1
14913.603 - 88 3.117 1
14920.468 + 88 1
14923.000 # 1500
14924.326 - 88 3.858 1
14930.995 + 88 1
14936.910 + 88 1
14937.000 # 1500
14937.154 - 88 6.159 1
14943.000 # 1500
14947.076 - 88 10.166 1
14947.489 + 88 1
14955.759 + 88 1
14963.087 + 88 1
14968.000 # 1500
14969.291 - 88 21.802 1
14969.355 - 88 13.596 1
14969.387 - 88 6.300 1
14969.525 + 88 1
14973.000 # 1500
14974.713 - 88 5.188 1
14976.049 + 88 1
14982.588 + 88 1
14990.643 + 88 1
14991.000 # 1500
14994.560 - 88 18.511 1
14994.693 - 88 12.105 1
14994.730 - 88 4.087 1
14998.402 + 88 1
14999.000 # 1500
15000.025 - 88 1.623 1
15007.310 + 88 1
15017.000 # 1500
15018.062 - 88 10.752 1
15018.998 + 88 1
15027.000 # 1500
15027.787 - 88 8.789 1
15032.787 + 88 1
15037.589 + 88 1
15038.000 # 1500
15039.583 - 88 6.796 1
15039.654 - 88 2.065 1
15048.000 # 1500
15048.989 + 88 1
15054.272 + 88 1
15059.000 # 1500
15060.164 - 88 11.175 1
15060.202 - 88 5.930 1
15064.806 + 88 1
15071.000 # 1500
15072.318 - 88 7.512 1
15072.583 + 88 1
15083.000 # 1500
15084.402 - 88 11.819 1
15090.245 + 88 1
15090.505 + 88 1
15093.000 # 1500
15094.203 - 88 3.958 1
15094.324 - 88 3.819 1
15102.000 # 1500
15102.262 + 88 1
15111.000 # 1500
15112.747 - 88 10.485 1
15118.219 + 88 1
15120.000 # 1500
15121.477 - 88 3.258 1
15129.000 # 1500
15130.531 + 88 1
15140.106 + 88 1
15142.000 # 1500
15142.952 - 88 12.421 1
15142.996 - 88 2.890 1
15155.796 + 88 1
15162.000 # 1500
15164.524 - 88 8.728 1
15170.000 # 1500
15174.136 + 88 1
15176.338 + 88 1
15184.146 + 88 1
15194.805 + 88 1
15196.000 # 1500
15197.768 + 88 1
15197.792 - 88 23.656 1
15197.862 - 88 21.524 1
15197.876 - 88 13.730 1
15197.879 - 88 3.074 1
15213.264 + 88 1
15214.738 + 88 1
15222.245 + 88 1
15233.974 + 88 1
15236.808 + 88 1
15251.502 + 88 1
15251.585 + 88 1
15256.343 + 88 1
15262.148 + 88 1
15270.011 + 88 1
15277.849 + 88 1
15290.511 + 88 1
15293.448 + 88 1
15307.156 + 88 1
15307.339 + 88 1
15314.932 + 88 1
15325.005 + 88 1
15329.666 + 88 1
15335.506 + 88 1
15345.524 + 88 1
15349.307 + 88 1
15356.008 + 88 1
15362.000 # 1500
15362.740 - 88 164.972 1
15362.805 - 88 149.541 1
15362.818 - 88 148.080 1
15362.821 - 88 140.576 1
15362.824 - 88 128.850 1
15362.827 - 88 126.019 1
15362.829 - 88 111.327 1
15362.831 - 88 111.246 1
15362.834 - 88 106.491 1
15362.836 - 88 100.688 1
15362.838 - 88 92.827 1
15362.840 - 88 84.991 1
15362.842 - 88 72.331 1
15362.845 - 88 69.397 1
15362.847 - 88 55.691 1
15362.850 - 88 55.511 1
15365.278 + 88 1
15369.855 + 88 1
15374.886 + 88 1
15381.491 + 88 1
15386.000 # 1500
15387.241 - 88 72.309 1
15387.261 - 88 62.256 1
15387.271 - 88 57.605 1
15387.278 - 88 51.772 1
15387.311 + 88 1
15387.401 - 88 41.877 1
15387.410 - 88 38.103 1
15387.417 - 88 31.409 1
15387.424 - 88 22.146 1
15387.431 - 88 17.576 1
15387.438 - 88 12.552 1
15387.446 - 88 5.955 1
15392.000 # 1500
15392.000 # 1500
15392.000 # 1500
15392.000 # 1500
15392.000 # 1500
15393.075 - 88 5.764 1
15394.538 + 88 1
15404.378 + 88 1
15407.872 + 88 1
15413.000 # 1500
15413.917 - 88 19.379 1
15413.936 - 88 9.558 1
15413.945 - 88 6.073 1
15421.517 + 88 1
15423.000 # 1500
15424.124 - 88 2.607 1
15425.443 + 88 1
15432.000 # 1500
15455.000 # 1500
15473.000 # 1500
15474.000 # 1500
15484.585 + 88 1
15484.937 - 88 59.494 1
15487.000 # 1500
15487.010 + 88 1
15487.507 - 88 2.922 1
15494.689 + 88 1
15496.000 # 1500
15497.466 - 88 10.456 1
15497.541 - 88 2.852 1
15504.038 + 88 1
15504.450 + 88 1
15511.000 # 1500
15511.553 + 88 1
15511.755 - 88 7.717 1
15511.775 - 88 7.325 1
15518.602 + 88 1
15521.000 # 1500
15522.417 - 88 10.864 1
15522.455 - 88 3.853 1
15527.000 # 1500
15531.577 + 88 1
15535.000 # 1500
15536.943 - 88 5.366 1
15542.100 + 88 1
15546.000 # 1500
15547.000 - 88 4.900 1
15552.027 + 88 1
15552.271 + 88 1
15563.000 # 1500
15564.612 + 88 1
15564.807 - 88 12.780 1
15564.832 - 88 12.561 1
15567.000 # 1500
15568.459 - 88 3.847 1
15569.464 + 88 1
15569.660 + 88 1
15575.245 + 88 1
15578.000 # 1500
15579.261 - 88 9.797 1
15579.273 - 88 9.613 1
15579.278 - 88 4.033 1
15588.000 # 1500
15589.322 + 88 1
15589.783 + 88 1
15597.000 # 1500
15598.347 - 88 9.025 1
15598.366 - 88 8.583 1
15605.792 + 88 1
15608.196 + 88 1
15611.000 # 1500
15611.612 + 88 1
15612.183 - 88 6.391 1
15612.195 - 88 3.999 1
15616.000 # 1500
15616.663 - 88 5.051 1
15618.502 + 88 1
15625.505 + 88 1
15632.321 + 88 1
15637.000 # 1500
15637.261 + 88 1
15637.524 - 88 19.022 1
15637.536 - 88 12.031 1
15637.539 - 88 5.218 1
15643.187 + 88 1
15651.000 # 1500
15652.034 - 88 14.773 1
15652.050 - 88 8.863 1
15653.867 + 88 1
15656.342 + 88 1
15657.000 # 1500
15657.868 - 88 4.001 1
15657.883 - 88 1.541 1
15668.511 + 88 1
15668.561 + 88 1
15671.909 + 88 1
15681.000 # 1500
15681.493 - 88 12.982 1
15681.517 - 88 12.956 1
15681.521 - 88 9.612 1
15684.166 + 88 1
15690.033 + 88 1
15691.233 + 88 1
15704.830 + 88 1
15704.891 + 88 1
15710.831 + 88 1
15712.000 # 1500
15713.423 - 88 29.257 1
15713.438 - 88 23.405 1
15713.441 - 88 22.208 1
15713.444 - 88 8.614 1
15713.447 - 88 8.556 1
15713.449 - 88 2.618 1
15722.435 + 88 1
15728.538 + 88 1
15736.000 # 1500
15736.941 - 88 14.506 1
15736.956 - 88 8.418 1
15746.000 # 1500
15753.553 + 88 1
15759.403 + 88 1
15764.000 # 1500
15765.245 - 88 11.692 1
15765.257 - 88 5.854 1
15770.057 + 88 1
15772.000 # 1500
15772.993 - 88 2.936 1
15784.682 + 88 1
15793.000 # 1500
15794.553 - 88 9.871 1
15794.812 + 88 1
15801.000 # 1500
15802.312 - 88 7.500 1
15803.272 + 88 1
15814.240 + 88 1
15823.000 # 1500
15824.144 - 88 20.872 1
15824.167 - 88 9.927 1
15832.000 # 1500
15841.000 # 1500
15861.025 + 88 1
15871.528 + 88 1
15882.250 + 88 1
15890.112 + 88 1
15898.873 + 88 1
15908.631 + 88 1
15919.355 + 88 1
15928.558 + 88 1
15936.883 + 88 1
15946.364 + 88 1
15955.054 + 88 1
15968.556 + 88 1
15968.670 + 88 1
15969.000 # 1500
15970.326 - 88 109.301 1
15970.354 - 88 98.826 1
15970.363 - 88 88.113 1
15970.371 - 88 80.259 1
15970.377 - 88 71.504 1
15970.384 - 88 61.753 1
15970.390 - 88 51.035 1
15970.397 - 88 41.839 1
15970.405 - 88 33.522 1
15970.423 - 88 24.059 1
15970.429 - 88 15.375 1
15970.436 - 88 1.880 1
15970.443 - 88 1.773 1
15978.000 # 1500
15978.000 # 1500
15978.000 # 1500
15978.000 # 1500
15982.382 + 88 1
15984.901 + 88 1
15987.000 # 1500
15987.877 - 88 5.495 1
15987.909 - 88 3.008 1
15992.004 + 88 1
15997.000 # 1500
15998.496 - 88 6.492 1
16004.339 + 88 1
16006.391 + 88 1
16007.000 # 1500
16008.385 - 88 4.046 1
16008.409 - 88 2.018 1
16017.322 + 88 1
16021.000 # 1500
16022.847 - 88 5.525 1
16024.090 + 88 1
16026.000 # 1500
16026.737 - 88 2.647 1
16031.363 + 88 1
16041.000 # 1500
16042.678 - 88 11.315 1
16044.718 + 88 1
16049.640 + 88 1
16054.675 + 88 1
16055.000 # 1500
16055.224 - 88 10.506 1
16055.248 - 88 5.608 1
16060.366 + 88 1
16065.000 # 1500
16066.321 - 88 11.646 1
16066.350 - 88 5.984 1
16068.095 + 88 1
16075.055 + 88 1
16076.000 # 1500
16076.860 - 88 8.765 1
16076.883 - 88 1.828 1
16083.821 + 88 1
16084.000 # 1500
16089.680 + 88 1
16096.000 # 1500
16097.401 - 88 13.580 1
16097.425 - 88 7.745 1
16105.000 # 1500
16116.000 # 1500
16126.000 # 1500
16134.000 # 1500
16137.260 + 88 1
16144.000 # 1500
16145.250 - 88 7.990 1
16152.147 + 88 1
16152.259 + 88 1
16152.295 + 88 1
16158.244 + 88 1
16158.389 + 88 1
16158.433 + 88 1
16158.466 + 88 1
16158.501 + 88 1
16161.000 # 1500
16161.957 - 88 9.810 1
16162.090 - 88 9.831 1
16162.139 - 88 9.844 1
16162.149 - 88 3.905 1
16162.157 - 88 3.768 1
16162.164 - 88 3.731 1
16162.173 - 88 3.707 1
16162.180 - 88 3.679 1
16162.902 + 88 1
16163.000 # 1500
16169.974 + 88 1
16172.000 # 1500
16173.269 - 88 10.367 1
16173.293 - 88 3.319 1
16181.000 # 1500
16184.269 + 88 1
16191.000 # 1500
16191.060 + 88 1
16191.412 - 88 7.143 1
16199.000 # 1500
16201.563 - 88 10.503 1
16204.714 + 88 1
16206.576 + 88 1
16211.000 # 1500
16212.453 - 88 7.739 1
16212.484 - 88 5.908 1
16213.048 + 88 1
16221.000 # 1500
16222.007 - 88 8.959 1
16224.201 + 88 1
16228.999 + 88 1
16229.000 # 1500
16229.267 - 88 5.066 1
16238.000 # 1500
16238.621 - 88 9.622 1
16243.786 + 88 1
16243.901 + 88 1
16251.494 + 88 1
16256.000 # 1500
16257.151 - 88 13.365 1
16257.182 - 88 13.281 1
16257.198 - 88 5.704 1
16258.324 + 88 1
16266.122 + 88 1
16271.000 # 1500
16272.019 - 88 13.695 1
16272.049 - 88 5.927 1
16273.076 + 88 1
16282.000 # 1500
16282.854 - 88 9.778 1
16284.699 + 88 1
16287.000 # 1500
16287.867 + 88 1
16288.276 - 88 3.577 1
16296.271 + 88 1
16298.000 # 1500
16302.077 - 88 14.210 1
16302.108 - 88 5.837 1
16304.619 + 88 1
16311.088 + 88 1
16313.000 # 1500
16315.956 - 88 11.337 1
16315.991 - 88 4.903 1
16323.685 + 88 1
16329.000 # 1500
16330.587 - 88 6.902 1
16331.830 + 88 1
16339.738 + 88 1
16349.000 # 1500
16349.333 + 88 1
16349.604 - 88 17.774 1
16349.662 - 88 9.924 1
16357.135 + 88 1
16361.000 # 1500
16361.859 - 88 12.526 1
16361.976 - 88 4.841 1
16364.039 + 88 1
16366.251 + 88 1
16372.000 # 1500
16372.144 + 88 1
16372.459 - 88 8.420 1
16372.539 - 88 6.288 1
16384.000 # 1500
16384.305 + 88 1
16384.402 + 88 1
16384.577 - 88 12.433 1
16387.207 + 88 1
16390.262 + 88 1
16395.162 + 88 1
16408.265 + 88 1
16408.364 + 88 1
16408.389 + 88 1
16408.409 + 88 1
16411.163 + 88 1
16415.087 + 88 1
16424.815 + 88 1
16424.912 + 88 1
16424.937 + 88 1
16428.687 + 88 1
16429.000 # 1500
16430.406 - 88 46.101 1
16430.577 - 88 46.175 1
16430.598 - 88 43.391 1
16430.616 - 88 40.354 1
16430.630 - 88 35.468 1
16430.644 - 88 22.379 1
16430.658 - 88 22.294 1
16430.671 - 88 22.282 1
16430.684 - 88 22.275 1
16430.821 - 88 19.658 1
16430.840 - 88 15.753 1
16430.853 - 88 6.038 1
16430.867 - 88 5.955 1
16430.880 - 88 5.943 1
16430.893 - 88 2.206 1
16432.514 + 88 1
16435.464 + 88 1
16441.000 # 1500
16442.245 - 88 9.731 1
16442.277 - 88 6.813 1
16444.275 + 88 1
16444.372 + 88 1
16444.398 + 88 1
16447.000 # 1500
16447.401 + 88 1
16447.696 - 88 3.421 1
16447.895 - 88 3.523 1
16447.927 - 88 3.529 1
16451.146 + 88 1
16458.941 + 88 1
16459.042 + 88 1
16465.054 + 88 1
16465.170 + 88 1
16468.990 + 88 1
16469.000 # 1500
16469.320 - 88 21.919 1
16469.343 - 88 18.197 1
16469.352 - 88 10.411 1
16469.361 - 88 10.319 1
16469.367 - 88 4.313 1
16469.374 - 88 4.204 1
16472.837 + 88 1
16477.733 + 88 1
16480.667 + 88 1
16486.458 + 88 1
16488.896 + 88 1
16492.599 + 88 1
16504.065 + 88 1
16507.955 + 88 1
16510.000 # 1500
16510.821 - 88 41.831 1
16510.850 - 88 38.013 1
16510.859 - 88 33.126 1
16510.866 - 88 30.199 1
16510.872 - 88 24.414 1
16510.878 - 88 21.982 1
16510.885 - 88 18.286 1
16510.891 - 88 6.826 1
16510.899 - 88 2.944 1
16520.993 + 88 1
16521.093 + 88 1
16549.051 + 88 1
16564.853 + 88 1
16564.953 + 88 1
16564.989 + 88 1
16582.493 + 88 1
16582.603 + 88 1
16582.630 + 88 1
16590.376 + 88 1
16590.499 + 88 1
16595.086 + 88 1
16602.920 + 88 1
16607.796 + 88 1
16613.689 + 88 1
16620.495 + 88 1
16627.325 + 88 1
16634.188 + 88 1
16644.120 + 88 1
16644.221 + 88 1
16647.989 + 88 1
16652.848 + 88 1
16663.551 + 88 1
16663.653 + 88 1
16668.334 + 88 1
16674.212 + 88 1
16682.058 + 88 1
16688.894 + 88 1
16696.043 + 88 1
16709.061 + 88 1
16709.191 + 88 1
16717.781 + 88 1
16717.887 + 88 1
16725.493 + 88 1
16725.593 + 88 1
16726.000 # 1500
16728.304 - 88 207.311 1
16728.373 - 88 207.280 1
16728.404 - 88 179.353 1
16728.412 - 88 163.559 1
16728.420 - 88 163.467 1
16728.427 - 88 163.438 1
16728.434 - 88 145.941 1
16728.440 - 88 145.837 1
16728.446 - 88 145.816 1
16728.453 - 88 138.077 1
16728.459 - 88 137.960 1
16728.466 - 88 133.380 1
16728.472 - 88 125.552 1
16728.479 - 88 120.683 1
16728.485 - 88 114.796 1
16728.493 - 88 107.998 1
16728.853 + 88 1
16733.000 # 1500
16734.132 - 88 106.807 1
16734.154 - 88 99.966 1
16734.158 + 88 1
16734.163 - 88 90.043 1
16734.170 - 88 89.949 1
16734.176 - 88 86.187 1
16734.183 - 88 81.335 1
16734.189 - 88 70.638 1
16734.195 - 88 70.542 1
16734.201 - 88 65.867 1
16734.208 - 88 59.996 1
16734.214 - 88 52.156 1
16734.220 - 88 45.326 1
16734.226 - 88 38.183 1
16734.233 - 88 25.172 1
16734.239 - 88 25.048 1
16734.245 - 88 16.464 1
16738.425 + 88 1
16741.420 + 88 1
16743.000 # 1500
16744.057 - 88 26.170 1
16744.090 - 88 18.597 1
16744.106 - 88 18.513 1
16744.120 - 88 15.267 1
16744.134 - 88 9.976 1
16744.147 - 88 5.722 1
16744.159 - 88 2.739 1
16745.179 + 88 1
16751.152 + 88 1
16753.977 + 88 1
16763.761 + 88 1
16763.858 + 88 1
16768.708 + 88 1
16771.000 # 1500
16771.000 # 1500
16772.401 - 88 27.222 1
16772.431 - 88 21.279 1
16772.446 - 88 18.469 1
16772.460 - 88 8.699 1
16772.474 - 88 8.616 1
16772.488 - 88 3.780 1
16776.589 + 88 1
16788.633 + 88 1
16793.981 + 88 1
16799.000 # 1500
16800.388 - 88 23.799 1
16800.416 - 88 11.783 1
16800.432 - 88 6.451 1
16801.819 + 88 1
16809.811 + 88 1
16815.830 + 88 1
16824.527 + 88 1
16832.078 + 88 1
16839.270 + 88 1
16850.655 + 88 1
16862.697 + 88 1
16878.461 + 88 1
16888.583 + 88 1
16893.848 + 88 1
16903.723 + 88 1
16913.535 + 88 1
16919.411 + 88 1
16930.138 + 88 1
16936.202 + 88 1
16948.833 + 88 1
16960.557 + 88 1
16967.446 + 88 1
16971.431 + 88 1
16977.000 # 1500
16977.000 # 1500
16977.000 # 1500
16977.000 # 1500
16978.384 - 88 176.565 1
16978.552 - 88 168.741 1
16978.577 - 88 162.747 1
16978.592 - 88 154.065 1
16978.608 - 88 146.530 1
16978.622 - 88 139.352 1
16978.635 - 88 127.980 1
16978.649 - 88 115.952 1
16978.773 - 88 100.312 1
16978.801 - 88 90.218 1
16978.817 - 88 84.969 1
16978.830 - 88 75.107 1
16978.844 - 88 65.309 1
16978.857 - 88 59.446 1
16978.870 - 88 48.732 1
16978.884 - 88 42.682 1
16978.897 - 88 30.064 1
16978.910 - 88 18.353 1
16978.922 - 88 11.476 1
16978.935 - 88 7.504 1
16982.000 # 1500
16984.308 + 88 1
16984.405 + 88 1
16985.000 # 1500
16986.261 - 88 1.953 1
16986.284 - 88 1.879 1
16990.266 + 88 1
16994.000 # 1500
16995.028 - 88 4.762 1
16996.169 + 88 1
17008.000 # 1500
17009.746 + 88 1
17009.777 + 88 1
17009.941 - 88 13.772 1
17012.000 # 1500
17013.647 - 88 3.901 1
17013.670 - 88 3.893 1
17016.000 # 1500
17016.000 # 1500
17017.232 + 88 1
17023.000 # 1500
17023.000 # 1500
17023.000 # 1500
17024.000 # 1500
17024.000 # 1500
17024.000 # 1500
17024.346 - 88 7.114 1
17026.000 # 1500
17026.000 # 1500
17027.669 + 88 1
17029.000 # 1500
17030.247 - 88 2.578 1
17031.000 # 1500
17032.000 # 1500
17034.000 # 1500
17035.000 # 1500
17035.182 + 88 1
17036.000 # 1500
17037.000 # 1500
17037.181 - 88 1.999 1
17040.000 # 1500
17040.081 + 88 1
17042.000 # 1500
17042.913 - 88 2.832 1
17043.000 # 1500
17044.000 # 1500
17046.000 # 1500
17047.000 # 1500
17048.550 + 88 1
17049.000 # 1500
17050.761 - 88 2.211 1
17059.000 # 1500
17059.000 # 1500
17059.000 # 1500
17059.000 # 1500
17059.491 + 88 1
17060.000 # 1500
17061.000 # 1500
17061.000 # 1500
17061.494 - 88 2.003 1
17063.000 # 1500
17065.363 + 88 1
17067.000 # 1500
17067.000 # 1500
17068.000 # 1500
17068.294 - 88 2.931 1
17070.185 + 88 1
17080.000 # 1500
17080.000 # 1500
17081.000 # 1500
17081.000 # 1500
17081.000 # 1500
17081.000 # 1500
17081.616 + 88 1
17081.909 - 88 11.724 1
17082.000 # 1500
17084.000 # 1500
17084.000 # 1500
17085.000 # 1500
17086.000 # 1500
17087.000 # 1500
17088.000 # 1500
17088.372 - 88 6.756 1
17088.597 + 88 1
17088.693 + 88 1
17089.000 # 1500
17090.000 # 1500
17090.135 - 88 1.538 1
17090.158 - 88 1.465 1
17091.000 # 1500
17092.000 # 1500
17092.178 + 88 1
17093.000 # 1500
17094.534 - 88 2.356 1
17095.000 # 1500
17096.091 + 88 1
17097.000 # 1500
17097.000 # 1500
17097.978 - 88 1.887 1
17098.000 # 1500
17099.000 # 1500
17099.548 + 88 1
17100.000 # 1500
17101.000 # 1500
17101.881 - 88 2.333 1
17102.000 # 1500
17106.000 # 1500
17106.000 # 1500
17107.000 # 1500
17108.000 # 1500
17109.000 # 1500
17109.133 + 88 1
17111.710 + 88 1
17112.000 # 1500
17113.606 - 88 4.473 1
17113.630 - 88 1.920 1
17115.000 # 1500
17115.000 # 1500
17116.000 # 1500
17116.791 + 88 1
17117.000 # 1500
17118.000 # 1500
17118.409 - 88 1.618 1
17120.000 # 1500
17121.000 # 1500
17122.000 # 1500
17123.000 # 1500
17124.000 # 1500
17125.000 # 1500
17126.000 # 1500
17129.000 # 1500
17129.604 + 88 1
17130.000 # 1500
17130.230 + 88 1
17130.547 - 88 0.943 1
17131.000 # 1500
17132.000 # 1500
17132.097 - 88 1.867 1
17133.000 # 1500
17134.000 # 1500
17137.090 + 88 1
17146.000 # 1500
17146.000 # 1500
17146.856 - 88 9.766 1
17147.000 # 1500
17147.000 # 1500
17147.000 # 1500
17147.000 # 1500
17147.000 # 1500
17147.000 # 1500
17147.000 # 1500
17147.000 # 1500
17148.000 # 1500
17149.000 # 1500
17149.781 + 88 1
17151.000 # 1500
17151.000 # 1500
17151.625 - 88 1.844 1
17152.000 # 1500
17152.091 + 88 1
17153.000 # 1500
17153.558 - 88 1.467 1
17154.000 # 1500
17154.581 + 88 1
17155.000 # 1500
17155.067 - 88 0.486 1
17157.000 # 1500
17159.000 # 1500
17161.481 + 88 1
17163.395 + 88 1
17164.000 # 1500
17165.187 - 88 3.706 1
17165.314 - 88 1.919 1
17168.367 + 88 1
17172.000 # 1500
17172.610 + 88 1
17172.927 - 88 4.560 1
17176.000 # 1500
17177.345 - 88 4.735 1
17177.831 + 88 1
17182.000 # 1500
17183.000 # 1500
17183.225 - 88 5.394 1
17190.069 + 88 1
17193.000 # 1500
17193.969 - 88 3.900 1
17200.000 # 1500
17201.886 + 88 1
17201.990 + 88 1
17202.000 # 1500
17202.022 + 88 1
17202.043 + 88 1
17209.672 + 88 1
17211.000 # 1500
17211.000 # 1500
17212.137 - 88 10.251 1
17212.248 - 88 10.258 1
17212.323 - 88 10.301 1
17212.345 - 88 10.302 1
17212.364 - 88 2.692 1
17213.000 # 1500
17215.000 # 1500
17217.000 # 1500
17218.000 # 1500
17221.950 + 88 1
17222.051 + 88 1
17223.000 # 1500
17223.000 # 1500
17223.828 - 88 1.878 1
17223.862 - 88 1.811 1
17224.000 # 1500
17224.930 + 88 1
17227.000 # 1500
17227.736 - 88 2.806 1
17229.974 + 88 1
17230.151 + 88 1
17231.000 # 1500
17231.868 - 88 1.894 1
17231.897 - 88 1.746 1
17232.063 + 88 1
17237.599 + 88 1
17241.000 # 1500
17241.000 # 1500
17241.572 + 88 1
17241.791 - 88 9.728 1
17241.812 - 88 4.213 1
17242.000 # 1500
17243.000 # 1500
17243.000 # 1500
17243.000 # 1500
17243.582 - 88 2.010 1
17249.311 + 88 1
17249.440 + 88 1
17250.669 + 88 1
17253.000 # 1500
17253.000 # 1500
17254.198 - 88 4.887 1
17254.224 - 88 4.784 1
17254.232 - 88 3.563 1
17256.000 # 1500
17256.000 # 1500
17256.000 # 1500
17256.000 # 1500
17256.409 + 88 1
17258.000 # 1500
17259.075 - 88 2.666 1
17262.000 # 1500
17264.000 # 1500
17265.000 # 1500
17269.775 + 88 1
17269.985 + 88 1
17270.000 # 1500
17270.182 - 88 0.407 1
17271.000 # 1500
17272.000 # 1500
17273.720 - 88 3.735 1
17273.784 + 88 1
17277.000 # 1500
17278.774 - 88 4.990 1
17279.010 + 88 1
17281.000 # 1500
17281.000 # 1500
17282.639 - 88 3.629 1
17285.000 # 1500
17287.000 # 1500
17288.000 # 1500
17289.000 # 1500
17290.000 # 1500
17290.603 + 88 1
17290.635 + 88 1
17292.000 # 1500
17293.257 - 88 2.654 1
17293.383 - 88 2.748 1
17293.707 + 88 1
17294.000 # 1500
17294.000 # 1500
17295.000 # 1500
17295.299 - 88 1.592 1
17296.000 # 1500
17297.000 # 1500
17298.000 # 1500
17299.000 # 1500
17300.000 # 1500
17301.000 # 1500
17302.000 # 1500
17303.000 # 1500
17305.000 # 1500
17305.382 + 88 1
17306.000 # 1500
17306.969 - 88 1.587 1
17307.000 # 1500
17309.121 + 88 1
17312.111 + 88 1
17321.000 # 1500
17321.594 - 88 12.473 1
17321.718 - 88 9.607 1
17323.000 # 1500
17324.290 + 88 1
17326.000 # 1500
17327.512 - 88 3.222 1
17328.000 # 1500
17329.473 + 88 1
17329.503 + 88 1
17331.000 # 1500
17332.425 - 88 2.952 1
17332.521 - 88 3.018 1
17333.000 # 1500
17334.461 + 88 1
17338.000 # 1500
17339.000 # 1500
17339.345 + 88 1
17339.518 - 88 5.057 1
17342.000 # 1500
17343.211 - 88 3.866 1
17344.000 # 1500
17346.411 + 88 1
17347.000 # 1500
17348.080 - 88 1.669 1
17349.000 # 1500
17351.000 # 1500
17352.000 # 1500
17354.048 + 88 1
17362.847 + 88 1
17363.000 # 1500
17363.000 # 1500
17363.000 # 1500
17363.000 # 1500
17363.279 - 88 9.231 1
17371.618 + 88 1
17376.000 # 1500
17376.000 # 1500
17377.346 - 88 14.499 1
17377.440 - 88 5.822 1
17379.000 # 1500
17379.498 + 88 1
17382.000 # 1500
17383.291 - 88 3.793 1
17384.000 # 1500
17384.326 + 88 1
17388.000 # 1500
17388.978 - 88 4.652 1
17389.420 + 88 1
17395.000 # 1500
17395.941 - 88 6.521 1
17396.372 + 88 1
17398.000 # 1500
17398.000 # 1500
17398.775 - 88 2.403 1
17399.000 # 1500
17400.746 + 88 1
17401.000 # 1500
17402.657 - 88 1.911 1
17405.785 + 88 1
17413.000 # 1500
17413.000 # 1500
17414.458 - 88 8.673 1
17423.000 # 1500
17423.485 + 88 1
17423.514 + 88 1
17423.536 + 88 1
17424.000 # 1500
17424.000 # 1500
17425.436 + 88 1
17425.602 - 88 2.117 1
17425.731 - 88 2.217 1
17425.755 - 88 2.219 1
17432.000 # 1500
17432.435 + 88 1
17432.636 - 88 7.200 1
17436.122 + 88 1
17441.155 + 88 1
17448.365 + 88 1
17452.882 + 88 1
17454.000 # 1500
17455.004 - 88 22.569 1
17455.155 - 88 19.033 1
17455.180 - 88 14.025 1
17455.195 - 88 6.830 1
17455.211 - 88 2.329 1
17459.000 # 1500
17464.000 # 1500
17467.000 # 1500
17467.528 + 88 1
17467.559 + 88 1
17468.727 + 88 1
17471.000 # 1500
17473.000 # 1500
17476.000 # 1500
17477.000 # 1500
17477.471 - 88 9.943 1
17477.540 - 88 9.981 1
17477.555 - 88 8.828 1
17477.837 + 88 1
17477.870 + 88 1
17481.000 # 1500
17484.000 # 1500
17485.000 # 1500
17485.748 - 88 7.911 1
17485.796 - 88 7.926 1
17486.098 + 88 1
17486.129 + 88 1
17489.000 # 1500
17489.472 - 88 3.374 1
17489.501 - 88 3.372 1
17490.000 # 1500
17490.670 + 88 1
17493.000 # 1500
17494.472 + 88 1
17494.688 - 88 4.018 1
17497.840 + 88 1
17498.000 # 1500
17498.042 - 88 3.570 1
17498.075 - 88 0.235 1
17500.000 # 1500
17502.303 + 88 1
17503.000 # 1500
17503.990 - 88 1.687 1
17505.000 # 1500
17507.119 + 88 1
17509.000 # 1500
17510.369 - 88 3.250 1
17512.908 + 88 1
17513.000 # 1500
17513.389 + 88 1
17516.000 # 1500
17516.809 - 88 3.901 1
17516.835 - 88 3.446 1
17520.000 # 1500
17522.000 # 1500
17523.000 # 1500
17523.772 + 88 1
17527.000 # 1500
17528.051 - 88 4.279 1
17529.000 # 1500
17531.000 # 1500
17532.429 + 88 1
17532.546 + 88 1
17532.585 + 88 1
17535.000 # 1500
17537.000 # 1500
17537.608 + 88 1
17537.724 + 88 1
17538.000 # 1500
17538.034 - 88 5.605 1
17538.082 - 88 5.536 1
17538.148 - 88 5.563 1
17538.169 - 88 0.561 1
17538.187 - 88 0.463 1
17540.000 # 1500
17542.492 + 88 1
17543.000 # 1500
17544.000 # 1500
17544.417 - 88 1.925 1
17545.503 + 88 1
17546.000 # 1500
17547.416 - 88 1.913 1
17548.000 # 1500
17549.423 + 88 1
17551.000 # 1500
17552.296 - 88 2.873 1
17553.000 # 1500
17554.209 + 88 1
17556.289 + 88 1
17557.000 # 1500
17558.125 - 88 3.916 1
17558.152 - 88 1.863 1
17559.000 # 1500
17561.000 # 1500
17562.000 # 1500
17566.000 # 1500
17567.009 + 88 1
17567.128 + 88 1
17568.000 # 1500
17568.826 - 88 1.817 1
17568.848 - 88 1.720 1
17569.000 # 1500
17569.829 + 88 1
17571.000 # 1500
17571.703 - 88 1.874 1
17573.000 # 1500
17576.000 # 1500
17576.000 # 1500
17577.000 # 1500
17579.000 # 1500
17582.000 # 1500
17582.000 # 1500
17582.768 + 88 1
17582.880 + 88 1
17584.732 + 88 1
17587.444 + 88 1
17592.327 + 88 1
17593.000 # 1500
17594.264 - 88 11.496 1
17594.306 - 88 11.426 1
17594.321 - 88 9.589 1
17594.330 - 88 6.886 1
17594.338 - 88 2.011 1
17599.200 + 88 1
17599.315 + 88 1
17603.130 + 88 1
17608.000 # 1500
17608.030 + 88 1
17608.387 - 88 9.187 1
17608.407 - 88 9.092 1
17608.426 - 88 5.296 1
17609.000 # 1500
17609.943 - 88 1.913 1
17611.887 + 88 1
17612.000 # 1500
17614.000 # 1500
17614.909 - 88 3.022 1
17616.000 # 1500
17617.000 # 1500
17618.000 # 1500
17621.000 # 1500
17623.000 # 1500
17624.000 # 1500
17625.830 + 88 1
17625.942 + 88 1
17626.000 # 1500
17626.201 - 88 0.371 1
17628.000 # 1500
17629.050 + 88 1
17629.051 - 88 3.109 1
17630.000 # 1500
17630.000 # 1500
17632.826 - 88 3.776 1
17633.000 # 1500
17633.760 + 88 1
17635.000 # 1500
17636.113 - 88 2.353 1
17637.000 # 1500
17637.589 + 88 1
17638.000 # 1500
17639.599 - 88 2.010 1
17640.000 # 1500
17643.000 # 1500
17645.000 # 1500
17645.000 # 1500
17645.610 + 88 1
17647.000 # 1500
17648.302 - 88 2.692 1
17650.000 # 1500
17653.290 + 88 1
17661.000 # 1500
17661.000 # 1500
17661.000 # 1500
17662.006 - 88 8.716 1
17664.959 + 88 1
17668.902 + 88 1
17671.000 # 1500
17671.000 # 1500
17671.757 - 88 6.798 1
17671.887 - 88 2.985 1
17672.000 # 1500
17673.919 + 88 1
17681.000 # 1500
17681.000 # 1500
17681.583 - 88 7.664 1
17681.679 + 88 1
17684.000 # 1500
17685.000 # 1500
17685.000 # 1500
17685.417 - 88 3.738 1
17687.000 # 1500
17687.396 + 88 1
17688.000 # 1500
17689.301 - 88 1.905 1
17691.000 # 1500
17693.000 # 1500
17693.000 # 1500
17693.325 + 88 1
17695.000 # 1500
17696.161 - 88 2.836 1
17698.120 + 88 1
17699.000 # 1500
17700.021 - 88 1.901 1
17701.000 # 1500
17701.000 # 1500
17702.045 + 88 1
17703.000 # 1500
17704.034 - 88 1.989 1
17706.000 # 1500
17706.002 + 88 1
17708.000 # 1500
17708.840 - 88 2.838 1
17709.000 # 1500
17710.914 + 88 1
17712.000 # 1500
17713.000 # 1500
17714.000 # 1500
17716.000 # 1500
17717.000 # 1500
17718.000 # 1500
17720.000 # 1500
17720.989 - 88 10.075 1
17721.514 + 88 1
17722.000 # 1500
17722.974 + 88 1
17723.416 - 88 1.902 1
17727.854 + 88 1
17729.000 # 1500
17729.000 # 1500
17729.000 # 1500
17729.000 # 1500
17729.636 - 88 6.662 1
17729.782 - 88 1.928 1
17731.000 # 1500
17732.000 # 1500
17733.036 + 88 1
17734.000 # 1500
17734.537 - 88 1.501 1
17736.000 # 1500
17737.000 # 1500
17739.000 # 1500
17739.510 + 88 1
17740.000 # 1500
17740.052 - 88 0.542 1
17742.000 # 1500
17743.000 # 1500
17745.429 + 88 1
17750.000 # 1500
17751.000 # 1500
17751.164 - 88 5.735 1
17757.000 # 1500
17759.000 # 1500
17761.000 # 1500
17763.000 # 1500
17764.000 # 1500
17765.000 # 1500
17766.791 + 88 1
17767.000 # 1500
17767.110 - 88 0.319 1
17768.000 # 1500
17770.000 # 1500
17774.000 # 1500
17774.000 # 1500
17775.000 # 1500
17777.000 # 1500
17778.000 # 1500
17780.000 # 1500
17781.000 # 1500
17783.521 + 88 1
17788.000 # 1500
17788.000 # 1500
17788.000 # 1500
17789.258 - 88 5.737 1
17791.279 + 88 1
17794.000 # 1500
17794.000 # 1500
17794.000 # 1500
17795.000 # 1500
17795.079 - 88 3.800 1
17799.000 # 1500
17799.000 # 1500
17800.000 # 1500
17800.499 + 88 1
17802.000 # 1500
17803.085 - 88 2.586 1
17804.000 # 1500
17807.000 # 1500
17809.000 # 1500
17810.000 # 1500
17810.840 + 88 1
17811.000 # 1500
17813.000 # 1500
17813.713 - 88 2.873 1
17815.000 # 1500
17817.000 # 1500
17817.000 # 1500
17817.943 + 88 1
17818.000 # 1500
17826.439 + 88 1
17837.000 # 1500
17838.000 # 1500
17838.316 - 88 20.373 1
17838.444 - 88 12.005 1
17843.000 # 1500
17843.000 # 1500
17843.000 # 1500
17843.000 # 1500
17844.000 # 1500
17844.000 # 1500
17844.000 # 1500
17845.000 # 1500
17845.000 # 1500
17845.000 # 1500
17845.000 # 1500
17846.000 # 1500
17849.183 + 88 1
17853.000 # 1500
17853.000 # 1500
17853.965 - 88 4.782 1
17861.000 # 1500
17861.000 # 1500
17861.000 # 1500
17861.000 # 1500
17861.000 # 1500
17861.000 # 1500
17863.000 # 1500
17863.000 # 1500
17878.000 # 1500
17878.000 # 1500
17878.000 # 1500
17878.000 # 1500
17878.000 # 1500
17878.000 # 1500
17878.000 # 1500
17878.000 # 1500
17879.000 # 1500
17879.000 # 1500
17880.000 # 1500
17881.000 # 1500
17882.000 # 1500
17886.000 # 1500
17896.000 # 1500
17896.000 # 1500
17896.000 # 1500
17896.000 # 1500
17896.000 # 1500
17896.000 # 1500
17897.000 # 1500
17898.000 # 1500
17907.130 + 88 1
17911.762 + 88 1
17913.000 # 1500
17913.000 # 1500
17913.000 # 1500
17914.000 # 1500
17914.000 # 1500
17914.000 # 1500
17914.000 # 1500
17914.000 # 1500
17914.000 # 1500
17914.000 # 1500
17914.000 # 1500
17914.652 - 88 7.522 1
17914.807 - 88 3.045 1
17915.000 # 1500
17918.000 # 1500
17918.000 # 1500
17919.000 # 1500
17920.000 # 1500
17921.000 # 1500
17924.564 + 88 1
17925.000 # 1500
17925.000 # 1500
17925.000 # 1500
17926.258 - 88 1.694 1
17933.150 + 88 1
17934.000 # 1500
17934.000 # 1500
17934.000 # 1500
17934.000 # 1500
17934.000 # 1500
17934.000 # 1500
17935.000 # 1500
17935.154 - 88 2.004 1
17936.000 # 1500
17937.000 # 1500
17938.000 # 1500
17939.000 # 1500
17941.000 # 1500
17942.990 + 88 1
17948.847 + 88 1
17949.000 # 1500
17949.000 # 1500
17949.000 # 1500
17949.000 # 1500
17949.000 # 1500
17949.000 # 1500
17949.178 - 88 6.188 1
17950.000 # 1500
17950.826 - 88 1.979 1
17955.628 + 88 1
17958.000 # 1500
17958.490 - 88 2.862 1
17959.000 # 1500
17959.000 # 1500
17959.000 # 1500
17965.441 + 88 1
17966.000 # 1500
17967.000 # 1500
17967.000 # 1500
17967.000 # 1500
17967.000 # 1500
17967.000 # 1500
17967.000 # 1500
17967.000 # 1500
17967.292 - 88 1.851 1
17968.000 # 1500
17968.000 # 1500
17970.309 + 88 1
17977.272 + 88 1
17980.000 # 1500
17980.000 # 1500
17980.000 # 1500
17980.000 # 1500
17980.000 # 1500
17980.000 # 1500
17980.000 # 1500
17980.000 # 1500
17981.000 # 1500
17981.511 - 88 11.202 1
17981.622 - 88 4.350 1
17982.000 # 1500
17983.000 # 1500
17985.397 + 88 1
17986.000 # 1500
17986.000 # 1500
17987.306 - 88 1.909 1
17989.000 # 1500
17989.000 # 1500
17990.000 # 1500
17991.349 + 88 1
17994.000 # 1500
17994.000 # 1500
17995.000 # 1500
17995.158 - 88 3.809 1
17996.000 # 1500
17997.000 # 1500
17998.000 # 1500
18002.000 # 1500
18002.000 # 1500
18002.000 # 1500
18003.000 # 1500
18004.128 + 88 1
18005.000 # 1500
18005.889 - 88 1.761 1
18006.000 # 1500
18007.000 # 1500
18008.000 # 1500
18011.844 + 88 1
18021.000 # 1500
18021.000 # 1500
18021.000 # 1500
18021.000 # 1500
18021.521 - 88 9.677 1
18022.000 # 1500
18022.000 # 1500
18022.000 # 1500
18022.000 # 1500
18022.000 # 1500
18022.000 # 1500
18022.000 # 1500
18022.000 # 1500
18023.000 # 1500
18024.000 # 1500
18028.000 # 1500
18028.000 # 1500
18028.000 # 1500
18028.000 # 1500
18029.000 # 1500
18034.000 # 1500
18034.000 # 1500
18034.000 # 1500
18035.000 # 1500
18039.203 + 88 1
18039.321 + 88 1
18040.000 # 1500
18040.000 # 1500
18040.000 # 1500
18041.000 # 1500
18041.002 - 88 1.799 1
18041.111 - 88 1.790 1
18043.231 + 88 1
18044.000 # 1500
18044.942 - 88 1.711 1
18045.000 # 1500
18049.000 # 1500
18050.000 # 1500
18056.770 + 88 1
18061.000 # 1500
18061.000 # 1500
18061.000 # 1500
18061.000 # 1500
18061.000 # 1500
18061.000 # 1500
18061.000 # 1500
18061.000 # 1500
18061.526 - 88 4.756 1
18063.000 # 1500
18065.000 # 1500
18071.419 + 88 1
18081.172 + 88 1
18082.000 # 1500
18082.000 # 1500
18083.000 # 1500
18083.000 # 1500
18083.000 # 1500
18083.000 # 1500
18083.000 # 1500
18083.000 # 1500
18083.000 # 1500
18083.000 # 1500
18083.000 # 1500
18083.050 - 88 11.631 1
18083.177 - 88 2.005 1
18084.000 # 1500
18084.000 # 1500
18084.000 # 1500
18084.000 # 1500
18084.000 # 1500
18089.958 + 88 1
18099.944 + 88 1
18100.000 # 1500
18100.000 # 1500
18100.000 # 1500
18100.000 # 1500
18100.000 # 1500
18100.000 # 1500
18100.000 # 1500
18100.268 - 88 10.310 1
18101.000 # 1500
18101.000 # 1500
18101.000 # 1500
18101.000 # 1500
18101.000 # 1500
18101.854 - 88 1.910 1
18102.000 # 1500
18112.000 # 1500
18112.000 # 1500
18112.000 # 1500
18112.000 # 1500
18112.000 # 1500
18115.359 + 88 1
18120.000 # 1500
18120.000 # 1500
18120.000 # 1500
18120.000 # 1500
18120.000 # 1500
18121.000 # 1500
18121.170 - 88 5.811 1
18122.000 # 1500
18125.000 # 1500
18125.000 # 1500
18126.000 # 1500
18129.000 # 1500
18129.000 # 1500
18130.000 # 1500
18131.000 # 1500
18132.000 # 1500
18133.000 # 1500
18137.000 # 1500
18138.000 # 1500
18138.000 # 1500
18139.000 # 1500
18140.000 # 1500
18141.000 # 1500
18144.000 # 1500
18144.000 # 1500
18146.247 + 88 1
18155.000 # 1500
18156.701 - 88 10.454 1
18157.000 # 1500
18157.000 # 1500
18158.000 # 1500
18158.000 # 1500
18158.000 # 1500
18158.000 # 1500
18158.000 # 1500
18158.000 # 1500
18158.000 # 1500
18158.000 # 1500
18161.000 # 1500
18161.000 # 1500
18162.000 # 1500
18163.000 # 1500
18166.000 # 1500
18167.000 # 1500
18167.000 # 1500
18168.000 # 1500
18179.000 # 1500
18179.000 # 1500
18179.000 # 1500
18179.000 # 1500
18179.000 # 1500
18180.000 # 1500
18180.000 # 1500
18180.000 # 1500
18180.000 # 1500
18180.000 # 1500
18180.000 # 1500
18180.276 + 88 1
18181.000 # 1500
18181.806 - 88 1.530 1
18182.000 # 1500
18183.000 # 1500
18184.000 # 1500
18185.000 # 1500
18186.000 # 1500
18192.000 # 1500
18192.000 # 1500
18192.000 # 1500
18192.000 # 1500
18192.000 # 1500
18192.000 # 1500
18193.000 # 1500
18194.000 # 1500
18200.000 # 1500
18200.000 # 1500
18200.000 # 1500
18200.000 # 1500
18200.000 # 1500
18200.000 # 1500
18201.000 # 1500
18202.000 # 1500
18202.000 # 1500
18203.000 # 1500
18206.000 # 1500
18217.000 # 1500
18217.000 # 1500
18217.000 # 1500
18217.000 # 1500
18218.000 # 1500
18218.000 # 1500
18218.000 # 1500
18218.000 # 1500
18218.000 # 1500
18218.000 # 1500
18218.000 # 1500
18218.000 # 1500
18218.000 # 1500
18219.000 # 1500
18219.000 # 1500
18220.000 # 1500
18222.000 # 1500
18222.000 # 1500
18223.000 # 1500
18229.000 # 1500
18229.000 # 1500
18229.000 # 1500
18229.000 # 1500
18229.000 # 1500
18230.000 # 1500
18230.000 # 1500
18241.000 # 1500
18241.000 # 1500
18241.000 # 1500
18241.000 # 1500
18241.000 # 1500
18241.000 # 1500
18241.000 # 1500
18241.000 # 1500
18241.000 # 1500
18242.000 # 1500
18252.000 # 1500
18253.000 # 1500
18254.000 # 1500
18254.000 # 1500
18255.000 # 1500
18256.000 # 1500
18259.000 # 1500
18259.000 # 1500
18282.000 # 1500
18282.000 # 1500
18282.000 # 1500
18282.000 # 1500
18282.000 # 1500
18282.000 # 1500
18282.000 # 1500
18282.000 # 1500
18283.000 # 1500
18283.000 # 1500
18296.514 + 88 1
18296.659 + 88 1
18296.701 + 88 1
18299.409 + 88 1
18301.358 + 88 1
18304.316 + 88 1
18304.435 + 88 1
18305.000 # 1500
18305.000 # 1500
18305.000 # 1500
18306.000 # 1500
18306.000 # 1500
18306.000 # 1500
18306.000 # 1500
18306.000 # 1500
18306.000 # 1500
18306.000 # 1500
18306.000 # 1500
18307.000 # 1500
18307.000 # 1500
18307.000 # 1500
18307.000 # 1500
18307.000 # 1500
18307.000 # 1500
18307.243 + 88 1
18309.000 # 1500
18309.000 # 1500
18310.000 # 1500
18310.407 + 88 1
18310.631 - 88 14.117 1
18310.756 - 88 14.097 1
18310.790 - 88 14.089 1
18310.804 - 88 11.395 1
18310.813 - 88 9.455 1
18310.838 - 88 6.522 1
18310.853 - 88 6.418 1
18310.864 - 88 3.621 1
18313.238 + 88 1
18316.000 # 1500
18316.000 # 1500
18316.000 # 1500
18317.000 # 1500
18317.000 # 1500
18317.012 - 88 6.605 1
18317.041 - 88 3.803 1
18317.299 + 88 1
18318.000 # 1500
18318.976 - 88 1.677 1
18319.000 # 1500
18321.036 + 88 1
18323.000 # 1500
18323.634 - 88 2.598 1
18324.816 + 88 1
18328.493 + 88 1
18331.000 # 1500
18331.000 # 1500
18331.000 # 1500
18332.391 + 88 1
18332.545 - 88 7.729 1
18332.554 - 88 4.061 1
18334.000 # 1500
18334.000 # 1500
18334.000 # 1500
18334.000 # 1500
18334.000 # 1500
18334.000 # 1500
18335.000 # 1500
18335.417 + 88 1
18335.475 - 88 3.084 1
18336.000 # 1500
18337.000 # 1500
18337.445 - 88 2.028 1
18337.563 + 88 1
18338.000 # 1500
18339.000 # 1500
18339.392 - 88 1.829 1
18341.218 + 88 1
18342.312 + 88 1
18345.270 + 88 1
18348.073 + 88 1
18349.000 # 1500
18349.000 # 1500
18349.000 # 1500
18349.000 # 1500
18349.000 # 1500
18349.000 # 1500
18349.000 # 1500
18349.000 # 1500
18349.429 - 88 8.211 1
18349.440 - 88 7.128 1
18349.442 - 88 4.172 1
18349.445 - 88 1.372 1
18350.000 # 1500
18351.000 # 1500
18351.013 + 88 1
18352.000 # 1500
18352.969 - 88 1.956 1
18353.000 # 1500
18354.911 + 88 1
18358.867 + 88 1
18359.173 + 88 1
18362.000 # 1500
18362.000 # 1500
18362.000 # 1500
18363.000 # 1500
18363.000 # 1500
18363.000 # 1500
18363.000 # 1500
18363.000 # 1500
18363.000 # 1500
18363.860 - 88 8.949 1
18363.871 - 88 5.004 1
18363.873 - 88 4.700 1
18364.078 + 88 1
18365.608 + 88 1
18368.741 + 88 1
18370.763 + 88 1
18374.000 # 1500
18375.408 - 88 11.330 1
18375.419 - 88 9.811 1
18375.421 - 88 6.680 1
18375.424 - 88 4.661 1
18377.000 # 1500
18377.000 # 1500
18378.000 # 1500
18378.000 # 1500
18378.000 # 1500
18378.000 # 1500
18378.000 # 1500
18381.279 + 88 1
18381.329 + 88 1
18381.346 + 88 1
18381.361 + 88 1
18383.000 # 1500
18383.000 # 1500
18383.000 # 1500
18383.000 # 1500
18383.338 + 88 1
18383.505 - 88 2.226 1
18383.516 - 88 2.187 1
18383.519 - 88 2.173 1
18383.522 - 88 2.161 1
18384.000 # 1500
18385.000 # 1500
18385.128 - 88 1.790 1
18386.327 + 88 1
18387.000 # 1500
18387.646 - 88 1.319 1
18388.000 # 1500
18389.000 # 1500
18389.100 + 88 1
18390.000 # 1500
18391.000 # 1500
18391.021 + 88 1
18391.156 - 88 2.056 1
18392.000 # 1500
18393.065 + 88 1
18393.261 - 88 2.240 1
18396.949 + 88 1
18398.882 + 88 1
18401.865 + 88 1
18407.000 # 1500
18407.000 # 1500
18407.000 # 1500
18407.000 # 1500
18407.000 # 1500
18408.798 - 88 15.733 1
18408.810 - 88 11.861 1
18408.813 - 88 9.931 1
18408.815 - 88 6.950 1
18411.534 + 88 1
18411.596 + 88 1
18411.618 + 88 1
18411.636 + 88 1
18414.000 # 1500
18414.000 # 1500
18415.000 # 1500
18415.000 # 1500
18415.602 - 88 4.068 1
18415.616 - 88 4.020 1
18415.624 - 88 4.006 1
18415.630 - 88 3.994 1
18417.000 # 1500
18422.270 + 88 1
18422.292 + 88 1
18422.312 + 88 1
18422.327 + 88 1
18423.000 # 1500
18423.000 # 1500
18423.000 # 1500
18423.000 # 1500
18423.000 # 1500
18424.401 - 88 2.131 1
18424.418 - 88 2.126 1
18424.421 - 88 2.109 1
18424.424 - 88 2.097 1
18431.095 + 88 1
18431.115 + 88 1
18431.131 + 88 1
18431.146 + 88 1
18434.000 # 1500
18434.000 # 1500
18434.000 # 1500
18435.123 - 88 4.028 1
18435.136 - 88 4.021 1
18435.139 - 88 4.008 1
18435.142 - 88 3.996 1
18442.880 + 88 1
18442.901 + 88 1
18442.917 + 88 1
18442.931 + 88 1
18443.000 # 1500
18443.000 # 1500
18443.140 - 88 0.260 1
18443.150 - 88 0.249 1
18443.153 - 88 0.236 1
18444.000 # 1500
18444.754 - 88 1.823 1
18445.000 # 1500
18451.000 # 1500
18451.000 # 1500
18451.000 # 1500
18451.000 # 1500
18452.718 + 88 1
18452.738 + 88 1
18452.753 + 88 1
18452.768 + 88 1
18452.783 + 88 1
18456.000 # 1500
18456.000 # 1500
18457.570 - 88 4.852 1
18457.585 - 88 4.847 1
18457.588 - 88 4.835 1
18457.591 - 88 4.823 1
18457.593 - 88 4.810 1
18460.000 # 1500
18461.000 # 1500
18461.000 # 1500
18461.000 # 1500
18461.493 + 88 1
18461.557 + 88 1
18461.605 + 88 1
18461.653 + 88 1
18461.699 + 88 1
18464.000 # 1500
18465.413 - 88 3.920 1
18465.423 - 88 3.866 1
18465.427 - 88 3.822 1
18465.429 - 88 3.776 1
18465.432 - 88 3.733 1
18466.000 # 1500
18466.215 + 88 1
18466.235 + 88 1
18467.000 # 1500
18468.184 + 88 1
18468.305 - 88 2.090 1
18468.314 - 88 2.079 1
18469.434 + 88 1
18471.277 + 88 1
18473.000 # 1500
18474.651 - 88 6.467 1
18474.673 - 88 5.239 1
18474.681 - 88 3.404 1
18480.793 + 88 1
18481.000 + 88 1
18481.171 + 88 1
18481.542 + 88 1
18483.000 # 1500
18483.000 # 1500
18483.000 # 1500
18483.000 # 1500
18483.380 + 88 1
18483.598 - 88 2.805 1
18483.617 - 88 2.617 1
18483.626 - 88 2.455 1
18483.632 - 88 2.090 1
18485.000 # 1500
18485.000 # 1500
18486.401 - 88 3.021 1
18486.485 + 88 1
18486.558 + 88 1
18487.000 # 1500
18488.401 + 88 1
18488.636 - 88 2.151 1
18488.657 - 88 2.099 1
18489.000 # 1500
18490.142 - 88 1.741 1
18495.000 # 1500
18500.000 # 1500
18500.222 + 88 1
18500.340 + 88 1
18500.375 + 88 1
18500.408 + 88 1
18500.439 + 88 1
18502.164 + 88 1
18504.000 # 1500
18508.000 # 1500
18511.142 - 88 10.920 1
18511.164 - 88 10.824 1
18511.172 - 88 10.797 1
18511.180 - 88 10.772 1
18511.187 - 88 10.748 1
18511.194 - 88 9.030 1
18511.383 + 88 1
18511.491 + 88 1
18511.526 + 88 1
18511.558 + 88 1
18514.000 # 1500
18514.168 + 88 1
18514.465 - 88 3.082 1
18514.486 - 88 2.995 1
18514.495 - 88 2.969 1
18514.502 - 88 2.944 1
18516.164 + 88 1
18520.000 # 1500
18523.155 - 88 8.987 1
18523.185 - 88 7.021 1
18523.195 + 88 1
18523.232 + 88 1
18523.263 + 88 1
18523.294 + 88 1
18530.000 # 1500
18530.863 - 88 7.668 1
18530.884 - 88 7.652 1
18530.897 - 88 7.634 1
18530.911 - 88 7.617 1
18530.990 + 88 1
18531.094 + 88 1
18531.129 + 88 1
18532.708 + 88 1
18533.000 # 1500
18534.436 - 88 3.446 1
18534.463 - 88 3.369 1
18534.482 - 88 3.353 1
18534.495 - 88 1.787 1
18535.729 + 88 1
18538.000 # 1500
18539.363 - 88 3.634 1
18540.879 + 88 1
18540.985 + 88 1
18541.020 + 88 1
18546.000 # 1500
18547.203 - 88 6.324 1
18547.234 - 88 6.249 1
18547.248 - 88 6.228 1
18550.542 + 88 1
18550.655 + 88 1
18550.690 + 88 1
18552.232 + 88 1
18553.000 # 1500
18553.961 - 88 3.419 1
18553.988 - 88 3.333 1
18554.003 - 88 3.313 1
18554.017 - 88 1.785 1
18558.000 # 1500
18562.243 + 88 1
18562.352 + 88 1
18562.386 + 88 1
18562.430 + 88 1
18564.000 # 1500
18564.986 - 88 2.743 1
18565.004 - 88 2.652 1
18565.019 - 88 2.633 1
18565.032 - 88 2.602 1
18571.555 + 88 1
18571.672 + 88 1
18571.707 + 88 1
18571.738 + 88 1
18571.768 + 88 1
18573.000 # 1500
18574.136 - 88 2.581 1
18574.162 - 88 2.490 1
18574.176 - 88 2.469 1
18574.189 - 88 2.451 1
18574.216 - 88 2.448 1
18577.000 # 1500
18581.154 + 88 1
18583.151 + 88 1
18583.258 + 88 1
18583.292 + 88 1
18583.323 + 88 1
18584.000 # 1500
18584.845 - 88 3.691 1
18584.878 - 88 1.727 1
18584.897 - 88 1.639 1
18584.910 - 88 1.618 1
18584.988 - 88 1.665 1
18591.983 + 88 1
18595.044 + 88 1
18595.152 + 88 1
18595.186 + 88 1
18595.217 + 88 1
18595.248 + 88 1
18596.802 + 88 1
18599.000 # 1500
18599.000 # 1500
18599.776 + 88 1
18599.898 + 88 1
18600.051 - 88 8.068 1
18600.088 - 88 5.044 1
18600.107 - 88 4.955 1
18600.120 - 88 4.934 1
18600.133 - 88 4.916 1
18600.153 - 88 4.905 1
18600.167 - 88 3.365 1
18602.000 # 1500
18602.623 - 88 2.847 1
18602.646 - 88 2.748 1
18606.000 # 1500
18612.741 + 88 1
18612.860 + 88 1
18612.895 + 88 1
18612.926 + 88 1
18612.958 + 88 1
18613.000 # 1500
18613.502 - 88 0.761 1
18617.000 # 1500
18618.210 - 88 5.350 1
18618.234 - 88 5.339 1
18618.242 - 88 5.316 1
18618.250 - 88 5.292 1
18621.302 + 88 1
18621.418 + 88 1
18621.454 + 88 1
18621.485 + 88 1
18623.000 # 1500
18624.180 - 88 2.878 1
18624.204 - 88 2.786 1
18624.213 - 88 2.759 1
18624.219 - 88 2.734 1
18627.000 # 1500
18631.000 # 1500
18631.551 + 88 1
18631.671 + 88 1
18631.705 + 88 1
18631.750 + 88 1
18631.786 + 88 1
18635.374 + 88 1
18636.000 # 1500
18636.812 + 88 1
18637.079 - 88 5.528 1
18637.101 - 88 5.430 1
18637.108 - 88 5.403 1
18637.115 - 88 5.365 1
18637.123 - 88 5.337 1
18637.130 - 88 1.756 1
18638.884 + 88 1
18639.011 + 88 1
18640.804 + 88 1
18641.000 # 1500
18642.685 - 88 5.873 1
18642.712 - 88 3.828 1
18642.720 - 88 3.709 1
18642.727 - 88 1.923 1
18649.000 # 1500
18652.000 # 1500
18652.513 + 88 1
18652.558 + 88 1
18652.592 + 88 1
18652.698 + 88 1
18652.733 + 88 1
18654.000 # 1500
18655.395 - 88 2.882 1
18655.418 - 88 2.860 1
18655.427 - 88 2.835 1
18655.435 - 88 2.737 1
18655.442 - 88 2.709 1
18659.000 # 1500
18661.348 + 88 1
18661.392 + 88 1
18661.425 + 88 1
18661.457 + 88 1
18663.000 # 1500
18664.188 - 88 2.840 1
18664.210 - 88 2.818 1
18664.218 - 88 2.793 1
18664.225 - 88 2.768 1
18667.000 # 1500
18669.983 + 88 1
18671.819 + 88 1
18671.960 + 88 1
18672.000 # 1500
18672.261 - 88 2.278 1
18674.919 + 88 1
18674.971 + 88 1
18677.000 # 1500
18677.785 - 88 5.966 1
18677.805 - 88 5.845 1
18677.813 - 88 2.894 1
18677.820 - 88 2.849 1
18680.000 # 1500
18680.643 + 88 1
18680.783 + 88 1
18680.836 + 88 1
18687.534 + 88 1
18689.000 # 1500
18690.473 + 88 1
18690.668 + 88 1
18690.729 - 88 10.086 1
18690.750 - 88 9.967 1
18690.759 - 88 9.923 1
18690.766 - 88 3.232 1
18692.111 + 88 1
18692.180 + 88 1
18693.447 + 88 1
18695.300 + 88 1
18695.362 + 88 1
18698.000 # 1500
18698.000 # 1500
18698.000 # 1500
18698.183 + 88 1
18698.765 - 88 8.292 1
18698.787 - 88 8.119 1
18698.795 - 88 6.684 1
18698.802 - 88 6.622 1
18698.809 - 88 5.362 1
18698.815 - 88 3.515 1
18698.822 - 88 3.460 1
18699.000 # 1500
18700.201 + 88 1
18700.536 - 88 2.353 1
18701.000 # 1500
18702.169 + 88 1
18702.257 - 88 2.056 1
18704.000 # 1500
18704.780 - 88 2.611 1
18710.904 + 88 1
18711.087 + 88 1
18711.138 + 88 1
18711.187 + 88 1
18711.235 + 88 1
18712.988 + 88 1
18714.828 + 88 1
18716.000 # 1500
18716.000 # 1500
18716.000 # 1500
18716.000 # 1500
18716.802 + 88 1
18717.063 - 88 6.159 1
18717.085 - 88 5.998 1
18717.094 - 88 5.956 1
18717.102 - 88 5.915 1
18717.109 - 88 5.874 1
18717.113 + 88 1
18717.115 - 88 4.127 1
18717.123 - 88 2.295 1
18718.000 # 1500
18718.854 + 88 1
18718.893 - 88 2.091 1
18718.915 - 88 1.802 1
18722.000 # 1500
18722.587 + 88 1
18722.890 + 88 1
18722.913 - 88 4.059 1
18725.000 # 1500
18726.620 - 88 4.033 1
18726.643 - 88 3.753 1
18727.000 # 1500
18731.441 + 88 1
18731.597 + 88 1
18731.648 + 88 1
18731.696 + 88 1
18731.778 + 88 1
18731.831 + 88 1
18736.000 # 1500
18736.000 # 1500
18736.000 # 1500
18737.664 - 88 6.223 1
18737.685 - 88 6.088 1
18737.694 - 88 6.046 1
18737.701 - 88 6.005 1
18737.707 - 88 5.929 1
18737.714 - 88 5.883 1
18739.000 # 1500
18741.677 + 88 1
18741.893 + 88 1
18741.970 + 88 1
18742.000 # 1500
18742.019 + 88 1
18742.067 + 88 1
18742.095 + 88 1
18742.295 - 88 0.618 1
18746.000 # 1500
18747.191 - 88 5.298 1
18747.214 - 88 5.244 1
18747.223 - 88 5.204 1
18747.230 - 88 5.163 1
18747.237 - 88 5.142 1
18750.911 + 88 1
18751.041 + 88 1
18751.079 + 88 1
18751.108 + 88 1
18751.136 + 88 1
18751.164 + 88 1
18751.192 + 88 1
18751.380 + 88 1
18751.500 + 88 1
18751.538 + 88 1
18751.567 + 88 1
18751.596 + 88 1
18751.633 + 88 1
18758.000 # 1500
18758.000 # 1500
18758.000 # 1500
18758.000 # 1500
18758.000 # 1500
18759.894 - 88 8.983 1
18759.916 - 88 8.875 1
18759.924 - 88 8.845 1
18759.930 - 88 8.822 1
18759.937 - 88 8.801 1
18759.944 - 88 8.780 1
18759.950 - 88 8.758 1
18759.956 - 88 8.576 1
18759.963 - 88 8.463 1
18759.969 - 88 8.431 1
18759.975 - 88 8.408 1
18759.981 - 88 8.385 1
18759.988 - 88 8.355 1
18761.000 # 1500
18761.262 + 88 1
18761.498 + 88 1
18761.536 + 88 1
18761.565 + 88 1
18761.593 + 88 1
18761.621 + 88 1
18761.649 + 88 1
18761.677 + 88 1
18761.704 + 88 1
18761.731 + 88 1
18761.760 + 88 1
18761.787 + 88 1
18761.929 + 88 1
18763.000 # 1500
18763.804 + 88 1
18763.822 - 88 2.560 1
18764.000 # 1500
18764.021 - 88 2.523 1
18764.034 - 88 2.498 1
18764.041 - 88 2.476 1
18764.048 - 88 2.455 1
18764.055 - 88 2.434 1
18764.062 - 88 2.413 1
18764.068 - 88 2.391 1
18764.075 - 88 2.371 1
18764.081 - 88 2.350 1
18764.087 - 88 2.327 1
18764.093 - 88 2.306 1
18764.099 - 88 2.170 1
18766.000 # 1500
18769.375 + 88 1
18769.414 + 88 1
18769.591 + 88 1
18769.637 + 88 1
18769.668 + 88 1
18769.671 - 88 5.867 1
18769.697 + 88 1
18769.726 + 88 1
18769.754 + 88 1
18769.783 + 88 1
18769.811 + 88 1
18771.791 + 88 1
18772.191 + 88 1
18772.330 + 88 1
18773.678 + 88 1
18773.718 + 88 1
18776.000 # 1500
18776.000 # 1500
18776.000 # 1500
18776.000 # 1500
18776.594 + 88 1
18776.711 + 88 1
18776.750 + 88 1
18776.779 + 88 1
18777.066 + 88 1
18777.320 - 88 7.945 1
18777.344 - 88 7.930 1
18777.353 - 88 7.762 1
18777.360 - 88 7.723 1
18777.366 - 88 7.698 1
18777.372 - 88 7.675 1
18777.378 - 88 7.652 1
18777.384 - 88 7.630 1
18777.390 - 88 7.607 1
18777.396 - 88 7.585 1
18777.403 - 88 5.612 1
18777.410 - 88 5.219 1
18777.416 - 88 5.086 1
18777.422 - 88 3.744 1
18777.428 - 88 3.710 1
18778.000 # 1500
18778.598 + 88 1
18778.671 + 88 1
18778.707 - 88 2.113 1
18778.726 - 88 2.015 1
18778.733 - 88 1.983 1
18778.741 - 88 1.962 1
18778.747 - 88 1.681 1
18780.000 # 1500
18780.177 + 88 1
18780.294 + 88 1
18780.332 + 88 1
18780.590 - 88 1.992 1
18780.610 - 88 1.939 1
18782.244 + 88 1
18782.283 + 88 1
18782.312 + 88 1
18784.000 # 1500
18784.236 + 88 1
18784.657 - 88 4.480 1
18784.677 - 88 4.383 1
18784.685 - 88 4.353 1
18784.692 - 88 2.448 1
18784.698 - 88 2.415 1
18784.705 - 88 2.393 1
18786.000 # 1500
18786.166 + 88 1
18786.278 + 88 1
18786.316 + 88 1
18786.345 + 88 1
18786.580 - 88 2.344 1
18787.000 # 1500
18787.499 + 88 1
18787.609 + 88 1
18788.174 - 88 2.008 1
18788.199 - 88 1.921 1
18788.208 - 88 1.892 1
18788.215 - 88 1.870 1
18789.084 + 88 1
18789.212 + 88 1
18789.249 + 88 1
18790.000 # 1500
18791.081 + 88 1
18791.307 - 88 3.808 1
18791.327 - 88 3.718 1
18791.335 - 88 2.251 1
18791.341 - 88 2.129 1
18791.348 - 88 2.099 1
18793.000 # 1500
18795.000 # 1500
18796.221 + 88 1
18796.332 + 88 1
18796.370 + 88 1
18796.399 + 88 1
18796.427 + 88 1
18796.606 + 88 1
18796.645 + 88 1
18796.682 + 88 1
18796.712 + 88 1
18796.731 - 88 5.650 1
18797.555 + 88 1
18799.125 + 88 1
18799.178 + 88 1
18799.354 + 88 1
18801.181 + 88 1
18801.296 + 88 1
18801.336 + 88 1
18803.000 # 1500
18803.000 # 1500
18804.000 # 1500
18804.000 # 1500
18804.024 + 88 1
18804.064 + 88 1
18804.342 - 88 8.121 1
18804.363 - 88 8.031 1
18804.371 - 88 8.001 1
18804.378 - 88 7.979 1
18804.385 - 88 7.958 1
18804.391 - 88 7.785 1
18804.398 - 88 7.753 1
18804.404 - 88 7.722 1
18804.410 - 88 7.698 1
18804.416 - 88 6.861 1
18804.423 - 88 5.298 1
18804.429 - 88 5.251 1
18804.435 - 88 5.081 1
18804.441 - 88 3.260 1
18804.448 - 88 3.152 1
18804.454 - 88 3.118 1
18806.946 + 88 1
18806.985 + 88 1
18807.014 + 88 1
18807.229 + 88 1
18808.431 + 88 1
18808.542 + 88 1
18809.812 + 88 1
18809.924 + 88 1
18811.000 # 1500
18811.000 # 1500
18811.954 - 88 7.930 1
18811.976 - 88 7.912 1
18811.983 - 88 5.037 1
18811.989 - 88 5.004 1
18811.996 - 88 4.982 1
18812.000 # 1500
18812.002 - 88 4.773 1
18812.009 - 88 3.578 1
18812.016 - 88 3.474 1
18812.022 - 88 2.210 1
18812.028 - 88 2.104 1
18812.227 + 88 1
18812.340 + 88 1
18815.000 # 1500
18815.843 - 88 3.616 1
18815.865 - 88 3.525 1
18819.000 # 1500
18820.000 # 1500
18821.051 + 88 1
18821.148 + 88 1
18821.173 + 88 1
18821.193 + 88 1
18821.212 + 88 1
18822.000 # 1500
18822.700 + 88 1
18822.731 - 88 1.680 1
18822.751 - 88 1.603 1
18822.759 - 88 1.586 1
18822.766 - 88 1.573 1
18822.773 - 88 1.561 1
18822.797 + 88 1
18822.821 + 88 1
18822.841 + 88 1
18822.861 + 88 1
18822.880 + 88 1
18822.899 + 88 1
18822.919 + 88 1
18823.526 + 88 1
18824.000 # 1500
18825.675 + 88 1
18825.704 + 88 1
18825.724 + 88 1
18825.733 - 88 3.033 1
18825.749 - 88 2.952 1
18825.757 - 88 2.936 1
18825.889 - 88 3.048 1
18825.901 - 88 3.040 1
18825.908 - 88 3.028 1
18825.914 - 88 3.015 1
18825.921 - 88 3.002 1
18825.927 - 88 2.401 1
18827.042 + 88 1
18827.152 + 88 1
18828.543 + 88 1
18828.639 + 88 1
18829.773 + 88 1
18829.876 + 88 1
18831.505 + 88 1
18831.600 + 88 1
18831.625 + 88 1
18834.000 # 1500
18834.000 # 1500
18834.000 # 1500
18834.000 # 1500
18836.000 # 1500
18836.458 - 88 10.783 1
18836.496 - 88 10.792 1
18836.505 - 88 10.781 1
18836.519 - 88 9.477 1
18836.526 - 88 9.374 1
18836.532 - 88 7.989 1
18836.539 - 88 7.900 1
18836.545 - 88 6.772 1
18836.551 - 88 6.675 1
18836.557 - 88 5.052 1
18836.563 - 88 4.963 1
18836.569 - 88 4.944 1
18838.000 # 1500
18840.000 # 1500
18842.000 # 1500
18842.377 + 88 1
18842.478 + 88 1
18842.502 + 88 1
18842.523 + 88 1
18842.544 + 88 1
18842.564 + 88 1
18842.582 + 88 1
18842.602 + 88 1
18842.621 + 88 1
18842.641 + 88 1
18842.660 + 88 1
18842.679 + 88 1
18842.698 + 88 1
18844.000 # 1500
18845.282 - 88 2.905 1
18845.328 - 88 2.850 1
18845.337 - 88 2.835 1
18845.343 - 88 2.820 1
18845.349 - 88 2.805 1
18845.356 - 88 2.792 1
18845.362 - 88 2.780 1
18845.368 - 88 2.766 1
18845.374 - 88 2.753 1
18845.380 - 88 2.739 1
18845.386 - 88 2.726 1
18845.392 - 88 2.713 1
18845.398 - 88 2.700 1
18851.000 # 1500
18851.000 # 1500
18851.000 # 1500
18851.074 + 88 1
18851.168 + 88 1
18851.193 + 88 1
18851.212 + 88 1
18851.232 + 88 1
18851.251 + 88 1
18851.271 + 88 1
18852.377 + 88 1
18852.475 + 88 1
18852.499 + 88 1
18852.519 + 88 1
18852.718 + 88 1
18852.740 + 88 1
18853.000 # 1500
18854.243 - 88 3.169 1
18854.259 - 88 3.091 1
18854.267 - 88 3.074 1
18854.273 - 88 3.061 1
18854.280 - 88 3.048 1
18854.286 - 88 3.035 1
18854.293 - 88 3.022 1
18854.299 - 88 1.922 1
18854.306 - 88 1.831 1
18854.312 - 88 1.813 1
18854.318 - 88 1.799 1
18854.325 - 88 1.607 1
18854.331 - 88 1.591 1
18856.000 # 1500
18856.000 # 1500
18858.000 # 1500
18860.000 # 1500
18861.883 + 88 1
18861.981 + 88 1
18862.000 # 1500
18862.005 + 88 1
18862.025 + 88 1
18862.044 + 88 1
18862.064 + 88 1
18862.083 + 88 1
18862.102 + 88 1
18862.121 + 88 1
18862.141 + 88 1
18862.371 + 88 1
18862.460 + 88 1
18862.483 + 88 1
18862.503 + 88 1
18864.000 # 1500
18865.535 - 88 3.652 1
18865.556 - 88 3.575 1
18865.564 - 88 3.559 1
18865.571 - 88 3.546 1
18865.578 - 88 3.534 1
18865.584 - 88 3.520 1
18865.590 - 88 3.507 1
18865.596 - 88 3.494 1
18865.602 - 88 3.481 1
18865.608 - 88 3.467 1
18865.614 - 88 3.243 1
18865.621 - 88 3.161 1
18865.628 - 88 3.145 1
18865.634 - 88 3.131 1
18866.000 # 1500
18868.000 # 1500
18871.588 + 88 1
18871.711 + 88 1
18871.738 + 88 1
18871.758 + 88 1
18871.777 + 88 1
18871.796 + 88 1
18871.815 + 88 1
18871.834 + 88 1
18871.853 + 88 1
18872.180 + 88 1
18872.205 + 88 1
18872.225 + 88 1
18873.446 + 88 1
18873.543 + 88 1
18875.332 + 88 1
18875.425 + 88 1
18875.449 + 88 1
18875.468 + 88 1
18876.693 + 88 1
18878.348 + 88 1
18878.442 + 88 1
18878.466 + 88 1
18879.000 # 1500
18879.000 # 1500
18879.000 # 1500
18879.000 # 1500
18879.000 # 1500
18879.282 + 88 1
18879.602 - 88 8.014 1
18879.620 - 88 7.909 1
18879.627 - 88 7.889 1
18879.634 - 88 7.876 1
18879.640 - 88 7.863 1
18879.647 - 88 7.851 1
18879.653 - 88 7.838 1
18879.659 - 88 7.825 1
18879.665 - 88 7.812 1
18879.671 - 88 7.491 1
18879.678 - 88 7.473 1
18879.684 - 88 7.459 1
18879.689 - 88 6.243 1
18879.696 - 88 6.153 1
18879.702 - 88 4.370 1
18879.708 - 88 4.283 1
18879.715 - 88 4.266 1
18879.721 - 88 4.253 1
18879.727 - 88 3.034 1
18879.733 - 88 1.385 1
18879.739 - 88 1.297 1
18879.746 - 88 1.280 1
18880.486 + 88 1
18881.000 # 1500
18882.154 - 88 2.872 1
18882.173 - 88 1.687 1
18882.523 + 88 1
18882.625 + 88 1
18883.000 # 1500
18884.090 - 88 1.567 1
18884.111 - 88 1.486 1
18884.309 + 88 1
18884.337 + 88 1
18885.000 # 1500
18886.005 - 88 1.696 1
18886.021 - 88 1.684 1
18886.548 + 88 1
18886.648 + 88 1
18886.673 + 88 1
18886.692 + 88 1
18887.000 # 1500
18888.004 + 88 1
18888.200 - 88 1.652 1
18888.225 - 88 1.577 1
18888.234 - 88 1.561 1
18888.241 - 88 1.549 1
18889.000 # 1500
18889.150 + 88 1
18889.608 - 88 1.604 1
18890.316 + 88 1
18890.409 + 88 1
18891.000 # 1500
18891.788 - 88 2.638 1
18891.805 - 88 1.489 1
18891.813 - 88 1.404 1
18893.000 # 1500
18894.000 # 1500
18900.848 + 88 1
18900.946 + 88 1
18902.906 + 88 1
18903.014 + 88 1
18903.043 + 88 1
18903.064 + 88 1
18903.083 + 88 1
18903.103 + 88 1
18903.132 + 88 1
18903.157 + 88 1
18903.243 + 88 1
18903.268 + 88 1
18903.289 + 88 1
18906.000 # 1500
18906.000 # 1500
18906.000 # 1500
18906.000 # 1500
18906.000 # 1500
18906.000 # 1500
18907.525 - 88 6.677 1
18907.543 - 88 6.597 1
18907.551 - 88 4.645 1
18907.558 - 88 4.544 1
18907.564 - 88 4.521 1
18907.570 - 88 4.506 1
18907.577 - 88 4.494 1
18907.583 - 88 4.480 1
18907.591 - 88 4.459 1
18907.597 - 88 4.440 1
18907.603 - 88 4.360 1
18907.609 - 88 4.341 1
18907.615 - 88 4.326 1
18911.127 + 88 1
18912.641 + 88 1
18912.737 + 88 1
18912.761 + 88 1
18912.781 + 88 1
18912.800 + 88 1
18912.819 + 88 1
18912.838 + 88 1
18912.857 + 88 1
18912.876 + 88 1
18912.895 + 88 1
18913.670 + 88 1
18917.000 # 1500
18917.000 # 1500
18917.000 # 1500
18917.000 # 1500
18918.000 # 1500
18918.000 # 1500
18918.408 - 88 7.281 1
18918.423 - 88 5.782 1
18918.431 - 88 5.694 1
18918.437 - 88 5.676 1
18918.443 - 88 5.662 1
18918.449 - 88 5.649 1
18918.591 - 88 5.772 1
18918.601 - 88 5.763 1
18918.608 - 88 5.751 1
18918.615 - 88 5.739 1
18918.622 - 88 5.727 1
18918.628 - 88 4.958 1
18920.000 # 1500
18922.000 # 1500
18923.554 + 88 1
18923.651 + 88 1
18923.676 + 88 1
18923.695 + 88 1
18923.715 + 88 1
18923.733 + 88 1
18923.752 + 88 1
18923.771 + 88 1
18923.789 + 88 1
18923.808 + 88 1
18923.858 + 88 1
18923.883 + 88 1
18924.000 # 1500
18925.396 + 88 1
18925.449 + 88 1
18925.460 - 88 1.906 1
18925.482 - 88 1.831 1
18925.491 - 88 1.815 1
18925.567 + 88 1
18925.635 - 88 1.940 1
18925.647 - 88 1.932 1
18925.654 - 88 1.921 1
18925.661 - 88 1.909 1
18925.670 - 88 1.899 1
18925.677 - 88 1.888 1
18925.683 - 88 1.875 1
18925.690 - 88 1.832 1
18925.697 - 88 1.814 1
18927.399 + 88 1
18928.827 + 88 1
18928.925 + 88 1
18930.142 + 88 1
18931.260 + 88 1
18931.355 + 88 1
18931.380 + 88 1
18932.000 # 1500
18932.000 # 1500
18932.000 # 1500
18932.910 - 88 7.514 1
18933.000 # 1500
18933.063 - 88 7.614 1
18933.083 - 88 7.516 1
18933.091 - 88 5.692 1
18933.097 - 88 4.270 1
18933.103 - 88 4.178 1
18933.110 - 88 2.968 1
18933.116 - 88 1.856 1
18933.122 - 88 1.767 1
18933.129 - 88 1.749 1
18933.204 + 88 1
18933.301 + 88 1
18933.326 + 88 1
18935.087 + 88 1
18936.000 # 1500
18936.853 - 88 3.649 1
18936.873 - 88 3.572 1
18936.881 - 88 3.555 1
18936.888 - 88 1.801 1
18937.387 + 88 1
18937.494 + 88 1
18937.526 + 88 1
18937.547 + 88 1
18938.000 # 1500
18938.522 + 88 1
18938.804 - 88 1.417 1
18938.820 - 88 1.326 1
18938.828 - 88 1.302 1
18938.835 - 88 1.288 1
18939.000 # 1500
18939.935 - 88 1.413 1
18941.064 + 88 1
18941.158 + 88 1
18941.182 + 88 1
18942.000 # 1500
18942.890 + 88 1
18942.918 + 88 1
18942.945 - 88 1.881 1
18942.950 + 88 1
18942.966 - 88 1.808 1
18942.981 - 88 1.799 1
18943.324 + 88 1
18945.000 # 1500
18948.180 - 88 5.290 1
18948.207 - 88 5.289 1
18948.221 - 88 5.271 1
18948.343 + 88 1
18948.355 - 88 5.031 1
18948.371 + 88 1
18948.390 + 88 1
18948.445 + 88 1
18948.470 + 88 1
18948.491 + 88 1
18949.979 + 88 1
18954.000 # 1500
18954.000 # 1500
18954.000 # 1500
18954.000 # 1500
18954.941 - 88 6.598 1
18954.972 - 88 6.601 1
18954.987 - 88 6.597 1
18955.001 - 88 6.556 1
18955.014 - 88 6.544 1
18955.027 - 88 6.536 1
18955.041 - 88 5.062 1
18957.000 # 1500
18957.000 # 1500
18959.000 # 1500
18961.000 # 1500
18964.000 # 1500
18967.000 # 1500
18967.000 # 1500
18968.000 # 1500
18971.000 # 1500
18972.000 # 1500
18974.000 # 1500
18975.000 # 1500
18977.000 # 1500
18979.000 # 1500
18981.000 # 1500
18984.000 # 1500
18984.000 # 1500
18986.000 # 1500
18988.000 # 1500
18990.000 # 1500
18993.000 # 1500
18995.000 # 1500
18996.000 # 1500
18997.000 # 1500
18997.403 + 88 1
18997.499 + 88 1
18997.539 + 88 1
18998.799 + 88 1
18999.000 # 1500
18999.224 - 88 1.821 1
18999.246 - 88 1.747 1
18999.254 - 88 1.715 1
19000.600 + 88 1
19000.696 + 88 1
19000.721 + 88 1
19001.000 # 1500
19001.450 + 88 1
19001.545 + 88 1
19001.758 - 88 2.959 1
19001.780 - 88 1.180 1
19001.788 - 88 1.092 1
19001.795 - 88 1.074 1
19003.000 # 1500
19004.335 - 88 2.885 1
19004.363 - 88 2.818 1
19005.000 # 1500
19006.000 # 1500
19008.000 # 1500
19010.000 # 1500
19012.012 + 88 1
19012.112 + 88 1
19012.136 + 88 1
19012.156 + 88 1
19012.176 + 88 1
19012.195 + 88 1
19012.214 + 88 1
19012.233 + 88 1
19012.252 + 88 1
19012.270 + 88 1
19012.289 + 88 1
19013.000 # 1500
19013.000 # 1500
19014.086 - 88 2.074 1
19014.260 - 88 2.148 1
19014.284 - 88 2.148 1
19014.299 - 88 2.143 1
19014.312 - 88 2.136 1
19014.325 - 88 2.130 1
19014.338 - 88 2.124 1
19014.351 - 88 2.118 1
19014.364 - 88 2.112 1
19014.377 - 88 2.107 1
19014.390 - 88 2.101 1
19018.000 # 1500
19018.000 # 1500
19019.198 + 88 1
19020.000 # 1500
19020.994 - 88 1.796 1
19021.000 # 1500
19023.000 # 1500
19024.000 # 1500
19026.000 # 1500
19028.000 # 1500
19030.000 # 1500
19034.000 # 1500
19034.000 # 1500
19035.000 # 1500
19037.000 # 1500
19038.000 # 1500
19044.000 # 1500
19045.000 # 1500
19045.000 # 1500
19046.000 # 1500
19048.000 # 1500
19050.000 # 1500
19052.000 # 1500
19053.000 # 1500
19055.000 # 1500
19056.583 + 88 1
19057.000 # 1500
19058.266 - 88 1.683 1
19058.335 + 88 1
19059.000 # 1500
19059.976 - 88 1.641 1
19060.280 + 88 1
19060.393 + 88 1
19061.000 # 1500
19061.872 - 88 1.592 1
19061.892 - 88 1.499 1
19062.000 # 1500
19063.079 + 88 1
19065.494 + 88 1
19065.616 + 88 1
19066.000 # 1500
19066.000 # 1500
19067.316 - 88 4.237 1
19067.334 - 88 1.840 1
19067.344 - 88 1.728 1
19068.000 # 1500
19070.275 + 88 1
19070.381 + 88 1
19070.415 + 88 1
19072.054 + 88 1
19073.000 # 1500
19073.000 # 1500
19073.000 # 1500
19073.872 - 88 3.597 1
19073.896 - 88 3.515 1
19073.911 - 88 3.496 1
19073.933 - 88 1.879 1
19076.000 # 1500
19077.000 # 1500
19078.000 # 1500
19080.726 + 88 1
19080.841 + 88 1
19080.876 + 88 1
19080.908 + 88 1
19080.941 + 88 1
19080.971 + 88 1
19081.000 # 1500
19081.024 - 88 0.298 1
19081.048 - 88 0.207 1
19081.063 - 88 0.187 1
19082.000 # 1500
19082.625 + 88 1
19082.640 - 88 1.732 1
19082.659 - 88 1.718 1
19082.667 + 88 1
19082.673 - 88 1.702 1
19085.000 # 1500
19086.000 # 1500
19087.000 # 1500
19088.992 + 88 1
19089.000 # 1500
19089.101 + 88 1
19089.135 + 88 1
19089.255 - 88 6.630 1
19089.280 - 88 6.613 1
19091.000 # 1500
19091.704 - 88 2.712 1
19091.729 - 88 2.628 1
19091.744 - 88 2.609 1
19094.000 # 1500
19095.000 # 1500
19096.000 # 1500
19098.000 # 1500
19099.000 # 1500
19101.000 # 1500
19102.000 # 1500
19104.000 # 1500
19110.000 # 1500
19110.000 # 1500
19110.000 # 1500
19111.000 # 1500
19113.000 # 1500
19115.000 # 1500
19116.000 # 1500
19118.000 # 1500
19119.000 # 1500
19120.563 + 88 1
19120.685 + 88 1
19120.724 + 88 1
19121.000 # 1500
19122.000 # 1500
19122.604 - 88 2.041 1
19122.629 - 88 1.944 1
19122.638 - 88 1.914 1
19123.448 + 88 1
19123.593 + 88 1
19124.000 # 1500
19125.422 - 88 1.974 1
19125.442 - 88 1.849 1
19125.447 + 88 1
19125.665 + 88 1
19127.000 # 1500
19127.346 + 88 1
19127.624 - 88 2.177 1
19127.644 - 88 1.979 1
19128.000 # 1500
19129.000 # 1500
19129.313 - 88 1.967 1
19129.520 + 88 1
19129.734 + 88 1
19130.000 # 1500
19131.343 + 88 1
19131.580 - 88 2.060 1
19131.600 - 88 1.866 1
19133.000 # 1500
19133.279 + 88 1
19133.738 - 88 2.395 1
19135.000 # 1500
19136.000 # 1500
19136.067 + 88 1
19136.125 - 88 2.846 1
19136.234 + 88 1
19138.000 # 1500
19138.080 + 88 1
19138.468 - 88 2.401 1
19138.499 - 88 2.265 1
19139.000 # 1500
19139.959 - 88 1.879 1
19140.199 + 88 1
19140.336 + 88 1
19141.890 + 88 1
19148.000 # 1500
19148.000 # 1500
19149.000 # 1500
19149.000 # 1500
19149.000 # 1500
19149.758 - 88 9.559 1
19149.789 - 88 9.453 1
19149.798 - 88 7.908 1
19151.000 # 1500
19152.000 # 1500
19152.042 + 88 1
19152.273 + 88 1
19152.444 + 88 1
19152.600 + 88 1
19152.752 + 88 1
19152.865 + 88 1
19152.917 + 88 1
19153.000 # 1500
19153.740 + 88 1
19153.888 - 88 1.846 1
19153.912 - 88 1.639 1
19153.921 - 88 1.477 1
19153.928 - 88 1.328 1
19153.935 - 88 1.183 1
19153.942 - 88 1.077 1
19153.949 - 88 1.032 1
19155.000 # 1500
19155.811 + 88 1
19155.880 - 88 2.140 1
19156.000 # 1500
19156.287 + 88 1
19156.581 - 88 0.770 1
19157.577 + 88 1
19159.000 # 1500
19159.552 + 88 1
19159.912 - 88 3.625 1
19159.925 - 88 2.348 1
19161.000 # 1500
19161.000 # 1500
19161.691 + 88 1
19161.985 - 88 2.433 1
19163.000 # 1500
19164.482 - 88 2.791 1
19165.000 # 1500
19166.000 # 1500
19172.241 + 88 1
19172.594 + 88 1
19172.758 + 88 1
19172.886 + 88 1
19175.000 # 1500
19176.000 # 1500
19176.000 # 1500
19176.000 # 1500
19176.000 # 1500
19176.153 + 88 1
19176.456 - 88 4.215 1
19176.459 + 88 1
19176.476 - 88 3.882 1
19176.484 - 88 3.726 1
19176.491 - 88 3.605 1
19176.617 + 88 1
19176.789 + 88 1
19176.968 + 88 1
19177.000 # 1500
19177.177 + 88 1
19177.203 - 88 1.050 1
19177.221 - 88 0.762 1
19177.229 - 88 0.612 1
19177.236 - 88 0.447 1
19179.000 # 1500
19180.000 # 1500
19180.125 - 88 3.157 1
19180.146 - 88 2.969 1
19182.000 # 1500
19184.000 # 1500
19185.000 # 1500
19186.140 + 88 1
19186.183 + 88 1
19186.214 + 88 1
19186.246 + 88 1
19187.000 # 1500
19188.000 # 1500
19188.291 - 88 2.151 1
19188.314 - 88 2.131 1
19188.321 - 88 2.107 1
19188.328 - 88 2.082 1
19188.570 + 88 1
19188.607 + 88 1
19188.638 + 88 1
19189.864 + 88 1
19191.000 # 1500
19191.000 # 1500
19192.122 + 88 1
19192.420 - 88 3.850 1
19192.440 - 88 3.833 1
19192.448 - 88 3.810 1
19192.455 - 88 2.591 1
19192.913 + 88 1
19194.000 # 1500
19194.912 + 88 1
19194.967 - 88 2.845 1
19194.986 - 88 2.073 1
19195.000 # 1500
19195.098 - 88 0.186 1
19195.753 + 88 1
19197.000 # 1500
19198.000 # 1500
19198.566 + 88 1
19198.579 - 88 2.826 1
19198.608 + 88 1
19200.000 # 1500
19200.803 + 88 1
19200.844 + 88 1
19201.000 # 1500
19201.133 - 88 2.567 1
19201.173 - 88 2.565 1
19201.183 - 88 0.380 1
19201.190 - 88 0.346 1
19203.000 # 1500
19205.000 # 1500
19206.000 # 1500
19208.000 # 1500
19209.584 + 88 1
19209.620 + 88 1
19209.651 + 88 1
19210.000 # 1500
19211.000 # 1500
19211.231 - 88 1.647 1
19211.243 - 88 1.623 1
19211.250 - 88 1.599 1
19213.000 # 1500
19214.385 + 88 1
19214.428 + 88 1
19214.460 + 88 1
19214.498 + 88 1
19214.530 + 88 1
19215.000 # 1500
19216.000 # 1500
19216.125 - 88 1.740 1
19216.137 - 88 1.709 1
19216.144 - 88 1.684 1
19216.151 - 88 1.653 1
19216.158 - 88 1.628 1
19216.262 + 88 1
19217.229 + 88 1
19218.629 + 88 1
19219.000 # 1500
19220.000 # 1500
19220.209 - 88 3.947 1
19220.334 - 88 3.105 1
19220.361 - 88 1.732 1
19222.000 # 1500
19223.000 # 1500
19225.000 # 1500
19228.000 # 1500
19228.000 # 1500
19228.570 + 88 1
19228.611 + 88 1
19228.643 + 88 1
19228.674 + 88 1
19230.000 # 1500
19230.381 + 88 1
19230.501 + 88 1
19230.536 + 88 1
19230.569 + 88 1
19230.752 - 88 2.182 1
19230.768 - 88 2.157 1
19230.776 - 88 2.133 1
19230.782 - 88 2.108 1
19231.000 # 1500
19232.124 - 88 1.743 1
19232.143 - 88 1.642 1
19232.292 - 88 1.756 1
19232.309 - 88 1.740 1
19233.000 # 1500
19235.000 # 1500
19236.000 # 1500
19238.000 # 1500
19239.000 # 1500
19241.000 # 1500
19241.066 + 88 1
19241.176 + 88 1
19241.239 + 88 1
19241.272 + 88 1
19241.303 + 88 1
19241.335 + 88 1
19242.000 # 1500
19243.506 - 88 2.440 1
19243.535 - 88 2.359 1
19243.543 - 88 2.304 1
19243.550 - 88 2.278 1
19243.556 - 88 2.253 1
19243.563 - 88 2.228 1
19245.000 # 1500
19246.000 # 1500
19247.000 # 1500
19249.000 # 1500
19250.462 + 88 1
19250.578 + 88 1
19250.613 + 88 1
19251.000 # 1500
19252.000 # 1500
19252.334 - 88 1.872 1
19252.363 - 88 1.785 1
19252.370 - 88 1.757 1
19254.000 # 1500
19254.758 + 88 1
19254.882 + 88 1
19254.924 + 88 1
19255.663 + 88 1
19255.768 + 88 1
19257.000 # 1500
19257.000 # 1500
19257.662 + 88 1
19257.979 - 88 3.221 1
19258.001 - 88 3.119 1
19258.009 - 88 3.085 1
19258.017 - 88 2.354 1
19258.024 - 88 2.256 1
19259.000 # 1500
19261.000 # 1500
19263.000 # 1500
19264.000 # 1500
19265.000 # 1500
19266.239 - 88 8.577 1
19266.447 + 88 1
19266.561 + 88 1
19266.596 + 88 1
19266.629 + 88 1
19266.661 + 88 1
19267.000 # 1500
19268.153 - 88 1.706 1
19268.182 - 88 1.621 1
19268.190 - 88 1.594 1
19268.197 - 88 1.568 1
19268.204 - 88 1.543 1
19269.000 # 1500
19270.000 # 1500
19271.000 # 1500
19271.356 + 88 1
19273.000 # 1500
19273.164 + 88 1
19273.572 - 88 2.216 1
19276.000 # 1500
19276.000 # 1500
19276.279 + 88 1
19276.409 + 88 1
19276.680 - 88 3.516 1
19278.000 # 1500
19279.000 # 1500
19281.000 # 1500
19284.164 - 88 7.885 1
19284.193 + 88 1
19284.203 - 88 7.794 1
19284.311 + 88 1
19284.348 + 88 1
19284.380 + 88 1
19284.482 + 88 1
19287.000 # 1500
19287.000 # 1500
19287.000 # 1500
19288.000 # 1500
19289.000 # 1500
19290.000 # 1500
19292.000 # 1500
19293.000 # 1500
19293.789 - 88 9.596 1
19293.815 - 88 9.504 1
19293.823 - 88 9.475 1
19293.830 - 88 9.450 1
19293.837 - 88 9.355 1
19294.000 # 1500
19294.170 + 88 1
19294.279 + 88 1
19294.370 + 88 1
19294.413 + 88 1
19295.000 # 1500
19295.856 - 88 1.686 1
19295.876 - 88 1.597 1
19295.884 - 88 1.514 1
19295.891 - 88 1.478 1
19300.702 + 88 1
19300.818 + 88 1
19302.691 + 88 1
19302.803 + 88 1
19302.838 + 88 1
19302.869 + 88 1
19303.845 + 88 1
19305.610 + 88 1
19306.000 # 1500
19306.000 # 1500
19306.000 # 1500
19306.000 # 1500
19306.000 # 1500
19306.000 # 1500
19307.000 # 1500
19307.261 - 88 6.559 1
19307.281 - 88 6.463 1
19307.288 - 88 4.597 1
19307.296 - 88 4.493 1
19307.303 - 88 4.465 1
19307.309 - 88 4.440 1
19307.316 - 88 3.471 1
19307.323 - 88 1.713 1
19307.643 + 88 1
19309.491 + 88 1
19310.473 + 88 1
19312.459 + 88 1
19314.612 + 88 1
19316.000 # 1500
19316.000 # 1500
19316.000 # 1500
19316.000 # 1500
19317.000 # 1500
19317.000 # 1500
19317.000 # 1500
19317.000 # 1500
19317.446 + 88 1
19317.486 + 88 1
19318.000 # 1500
19318.171 - 88 10.528 1
19318.190 - 88 8.699 1
19318.198 - 88 7.725 1
19318.205 - 88 5.746 1
19318.211 - 88 3.599 1
19318.218 - 88 0.772 1
19318.224 - 88 0.738 1
19319.486 + 88 1
19319.598 + 88 1
19320.000 # 1500
19321.002 - 88 1.516 1
19321.021 - 88 1.423 1
19321.438 + 88 1
19322.402 + 88 1
19323.000 # 1500
19324.000 # 1500
19324.162 - 88 2.724 1
19324.174 - 88 1.772 1
19324.725 + 88 1
19325.000 # 1500
19326.000 # 1500
19326.221 + 88 1
19326.340 - 88 1.615 1
19328.000 # 1500
19328.376 + 88 1
19328.515 + 88 1
19329.094 - 88 2.873 1
19330.000 # 1500
19330.539 - 88 2.163 1
19330.570 - 88 2.055 1
19330.613 + 88 1
19331.000 # 1500
19332.203 - 88 1.590 1
19332.552 + 88 1
19333.000 # 1500
19333.507 + 88 1
19333.846 - 88 1.294 1
19334.000 # 1500
19335.122 + 88 1
19335.286 - 88 1.779 1
19336.937 + 88 1
19337.000 # 1500
19337.431 - 88 2.309 1
19337.520 + 88 1
19338.000 # 1500
19339.000 # 1500
19339.020 - 88 2.083 1
19339.039 - 88 1.519 1
19340.253 + 88 1
19340.301 + 88 1
19341.000 # 1500
19341.765 - 88 1.512 1
19341.784 - 88 1.483 1
19342.000 # 1500
19344.000 # 1500
19346.000 # 1500
19347.000 # 1500
19349.000 # 1500
19349.647 + 88 1
19349.756 + 88 1
19349.790 + 88 1
19349.823 + 88 1
19350.000 # 1500
19351.422 - 88 1.775 1
19351.441 - 88 1.685 1
19351.454 - 88 1.664 1
19351.467 - 88 1.644 1
19351.776 + 88 1
19351.885 + 88 1
19352.000 # 1500
19352.653 + 88 1
19352.864 - 88 1.088 1
19352.890 - 88 1.005 1
19353.418 + 88 1
19355.000 # 1500
19355.674 + 88 1
19355.776 - 88 3.123 1
19355.801 - 88 2.383 1
19356.000 # 1500
19357.000 # 1500
19357.126 - 88 1.452 1
19357.507 + 88 1
19358.000 # 1500
19359.391 - 88 1.884 1
19359.484 + 88 1
19359.596 + 88 1
19360.000 # 1500
19361.000 # 1500
19361.265 - 88 1.781 1
19361.288 - 88 1.692 1
19361.801 + 88 1
19362.743 + 88 1
19363.000 # 1500
19363.038 - 88 1.237 1
19363.061 - 88 0.318 1
19364.350 + 88 1
19365.000 # 1500
19366.000 # 1500
19366.063 - 88 1.713 1
19366.274 + 88 1
19367.433 + 88 1
19368.000 # 1500
19369.000 # 1500
19369.825 - 88 3.551 1
19369.846 - 88 2.413 1
19372.000 # 1500
19373.000 # 1500
19374.000 # 1500
19375.539 + 88 1
19375.683 + 88 1
19375.739 + 88 1
19376.000 # 1500
19377.639 - 88 2.100 1
19377.660 - 88 1.977 1
19377.668 - 88 1.929 1
19378.000 # 1500
19379.000 # 1500
19381.121 + 88 1
19381.409 + 88 1
19381.574 + 88 1
19381.730 + 88 1
19381.891 + 88 1
19382.000 # 1500
19382.260 - 88 1.139 1
19382.279 - 88 0.870 1
19382.287 - 88 0.713 1
19382.294 - 88 0.564 1
19382.301 - 88 0.410 1
19383.000 # 1500
19384.000 # 1500
19386.000 # 1500
19387.000 # 1500
19389.000 # 1500
19390.000 # 1500
19391.776 + 88 1
19392.000 # 1500
19392.328 + 88 1
19392.435 + 88 1
19392.908 + 88 1
19392.981 + 88 1
19393.018 + 88 1
19396.000 # 1500
19396.385 - 88 4.609 1
19396.508 - 88 4.180 1
19396.536 - 88 4.101 1
19396.544 - 88 3.636 1
19396.551 - 88 3.570 1
19396.558 - 88 3.540 1
19397.000 # 1500
19398.000 # 1500
19400.000 # 1500
19401.000 # 1500
19401.636 + 88 1
19401.760 + 88 1
19401.800 + 88 1
19401.832 + 88 1
19401.865 + 88 1
19403.000 # 1500
19404.394 - 88 2.758 1
19404.415 - 88 2.655 1
19404.422 - 88 2.622 1
19404.434 - 88 2.602 1
19404.441 - 88 2.576 1
19405.000 # 1500
19409.000 # 1500
19410.000 # 1500
19410.190 + 88 1
19410.230 + 88 1
19411.000 # 1500
19412.000 # 1500
19412.053 - 88 1.863 1
19412.074 - 88 1.844 1
19413.000 # 1500
19414.000 # 1500
19414.216 + 88 1
19414.327 + 88 1
19414.361 + 88 1
19414.393 + 88 1
19415.000 # 1500
19416.118 - 88 1.902 1
19416.149 - 88 1.822 1
19416.156 - 88 1.795 1
19416.163 - 88 1.770 1
19417.000 # 1500
19418.000 # 1500
19419.000 # 1500
19420.552 + 88 1
19421.639 + 88 1
19421.769 + 88 1
19421.807 + 88 1
19428.000 # 1500
19428.534 - 88 7.982 1
19428.555 - 88 6.916 1
19428.563 - 88 6.794 1
19428.570 - 88 6.763 1
19429.000 # 1500
19429.000 # 1500
19429.000 # 1500
19430.562 + 88 1
19430.679 + 88 1
19430.714 + 88 1
19430.747 + 88 1
19431.557 + 88 1
19433.094 + 88 1
19433.307 + 88 1
19436.000 # 1500
19436.000 # 1500
19436.000 # 1500
19436.000 # 1500
19436.000 # 1500
19436.000 # 1500
19436.603 + 88 1
19436.664 - 88 6.102 1
19436.684 - 88 6.005 1
19436.693 - 88 5.979 1
19436.700 - 88 5.953 1
19436.706 - 88 5.149 1
19436.713 - 88 3.619 1
19436.719 - 88 3.412 1
19436.751 + 88 1
19440.327 + 88 1
19440.466 + 88 1
19442.298 + 88 1
19443.330 + 88 1
19445.000 # 1500
19445.000 # 1500
19445.000 # 1500
19445.207 + 88 1
19445.521 - 88 8.918 1
19445.541 - 88 8.790 1
19445.648 - 88 5.321 1
19445.688 - 88 5.222 1
19445.702 - 88 3.404 1
19445.711 - 88 2.381 1
19446.000 # 1500
19446.000 # 1500
19446.000 # 1500
19447.348 + 88 1
19447.383 - 88 2.176 1
19449.258 + 88 1
19451.079 + 88 1
19455.000 # 1500
19456.215 - 88 8.867 1
19456.235 - 88 6.977 1
19456.243 - 88 5.164 1
19457.000 # 1500
19457.000 # 1500
19458.000 # 1500
19460.000 # 1500
19460.000 # 1500
19461.000 # 1500
19461.000 # 1500
19462.000 # 1500
19463.000 # 1500
19467.000 # 1500
19469.000 # 1500
19469.000 # 1500
19471.000 # 1500
19472.000 # 1500
19475.000 # 1500
19478.000 # 1500
19479.000 # 1500
19481.000 # 1500
19484.000 # 1500
19487.000 # 1500
19489.000 # 1500
19491.000 # 1500
19491.367 + 88 1
19491.444 + 88 1
19491.478 + 88 1
19491.509 + 88 1
19491.540 + 88 1
19491.570 + 88 1
19491.601 + 88 1
19491.796 + 88 1
19491.832 + 88 1
19492.149 + 88 1
19492.181 + 88 1
19492.212 + 88 1
19492.244 + 88 1
19492.275 + 88 1
19492.307 + 88 1
19492.338 + 88 1
19492.395 + 88 1
19492.442 + 88 1
19492.475 + 88 1
19493.000 # 1500
19494.134 + 88 1
19494.176 + 88 1
19494.208 + 88 1
19494.239 + 88 1
19494.277 + 88 1
19494.405 - 88 3.038 1
19494.422 - 88 2.978 1
19494.431 - 88 2.953 1
19494.438 - 88 2.929 1
19494.444 - 88 2.904 1
19494.451 - 88 2.881 1
19494.457 - 88 2.856 1
19494.464 - 88 2.668 1
19494.470 - 88 2.638 1
19494.477 - 88 2.328 1
19494.496 - 88 2.315 1
19494.502 - 88 2.290 1
19494.508 - 88 2.264 1
19494.515 - 88 2.240 1
19494.523 - 88 2.216 1
19494.530 - 88 2.192 1
19494.700 + 88 1
19496.000 # 1500
19497.585 + 88 1
19497.635 - 88 5.240 1
19497.668 - 88 5.226 1
19497.676 - 88 5.201 1
19497.682 - 88 3.548 1
19497.689 - 88 3.513 1
19497.696 - 88 3.488 1
19497.703 - 88 3.464 1
19497.709 - 88 3.432 1
19497.715 - 88 3.015 1
19499.250 + 88 1
19499.294 + 88 1
19501.474 + 88 1
19506.000 # 1500
19506.000 # 1500
19507.000 # 1500
19507.000 # 1500
19507.070 - 88 9.485 1
19507.198 - 88 7.948 1
19507.218 - 88 7.924 1
19507.227 - 88 5.753 1
19508.000 # 1500
19510.000 # 1500
19511.000 # 1500
19511.545 + 88 1
19511.654 + 88 1
19511.688 + 88 1
19511.719 + 88 1
19512.000 # 1500
19512.085 + 88 1
19512.447 - 88 0.902 1
19512.466 - 88 0.812 1
19512.474 - 88 0.786 1
19512.481 - 88 0.762 1
19514.000 # 1500
19514.786 - 88 2.701 1
19518.000 # 1500
19518.000 # 1500
19520.000 # 1500
19520.474 + 88 1
19520.584 + 88 1
19520.618 + 88 1
19522.000 # 1500
19524.000 # 1500
19524.033 - 88 3.559 1
19524.054 - 88 3.470 1
19524.062 - 88 3.444 1
19526.000 # 1500
19528.000 # 1500
19530.000 # 1500
19531.000 # 1500
19531.776 + 88 1
19531.891 + 88 1
19531.926 + 88 1
19532.067 + 88 1
19532.942 + 88 1
19533.356 + 88 1
19535.000 # 1500
19535.138 + 88 1
19535.546 - 88 3.770 1
19535.566 - 88 3.675 1
19535.573 - 88 3.647 1
19535.580 - 88 3.513 1
19535.586 - 88 2.644 1
19535.593 - 88 2.237 1
19537.000 # 1500
19538.960 + 88 1
19539.000 # 1500
19539.157 - 88 4.019 1
19540.000 # 1500
19540.423 - 88 1.463 1
19540.659 + 88 1
19542.000 # 1500
19543.000 # 1500
19543.588 - 88 2.929 1
19543.826 + 88 1
19546.494 + 88 1
19547.227 + 88 1
19550.400 + 88 1
19551.450 + 88 1
19553.287 + 88 1
19555.000 # 1500
19555.000 # 1500
19555.000 # 1500
19555.000 # 1500
19555.000 # 1500
19555.000 # 1500
19556.000 # 1500
19556.065 - 88 12.239 1
19556.086 - 88 9.592 1
19556.094 - 88 8.867 1
19556.102 - 88 5.702 1
19556.108 - 88 4.658 1
19556.115 - 88 2.828 1
19557.502 + 88 1
19558.103 + 88 1
19559.000 # 1500
19560.075 - 88 2.573 1
19560.095 - 88 1.992 1
19560.280 + 88 1
19562.144 + 88 1
19565.134 + 88 1
19567.065 + 88 1
19570.000 # 1500
19570.000 # 1500
19570.000 # 1500
19570.000 # 1500
19570.000 # 1500
19570.000 # 1500
19570.747 - 88 10.467 1
19570.760 - 88 8.616 1
19570.763 - 88 5.629 1
19570.765 - 88 3.700 1
19571.000 # 1500
19573.000 # 1500
19573.056 + 88 1
19573.098 + 88 1
19574.736 + 88 1
19575.000 # 1500
19576.564 - 88 3.508 1
19576.576 - 88 3.478 1
19576.580 - 88 1.844 1
19576.716 + 88 1
19577.000 # 1500
19578.499 - 88 1.783 1
19579.686 + 88 1
19580.000 # 1500
19580.657 + 88 1
19580.866 - 88 1.180 1
19582.000 # 1500
19582.143 + 88 1
19582.361 - 88 1.704 1
19583.000 # 1500
19583.881 - 88 1.738 1
19585.028 + 88 1
19586.000 # 1500
19586.910 - 88 1.882 1
19587.000 # 1500
19587.057 + 88 1
19588.037 + 88 1
19589.000 # 1500
19589.771 - 88 2.714 1
19589.782 - 88 1.745 1
19590.000 # 1500
19591.081 + 88 1
19592.000 # 1500
19592.790 - 88 1.709 1
19595.000 # 1500
19597.000 # 1500
19598.000 # 1500
19599.000 # 1500
19600.626 + 88 1
19600.668 + 88 1
19600.679 + 88 1
19601.072 + 88 1
19607.411 + 88 1
19607.461 + 88 1
19608.000 # 1500
19608.000 # 1500
19608.468 + 88 1
19608.689 - 88 8.063 1
19608.698 - 88 8.030 1
19608.702 - 88 8.023 1
19608.704 - 88 7.632 1
19608.706 - 88 1.295 1
19608.708 - 88 1.247 1
19609.000 # 1500
19609.000 # 1500
19609.000 # 1500
19610.243 - 88 1.775 1
19612.000 # 1500
19613.000 # 1500
19613.423 + 88 1
19614.000 # 1500
19614.209 + 88 1
19614.258 + 88 1
19614.274 + 88 1
19614.433 - 88 1.010 1
19616.000 # 1500
19616.340 + 88 1
19616.571 - 88 2.362 1
19616.580 - 88 2.322 1
19616.582 - 88 2.308 1
19618.130 + 88 1
19619.000 # 1500
19619.688 - 88 3.348 1
19619.697 - 88 1.567 1
19620.000 # 1500
19621.000 # 1500
19621.188 + 88 1
19622.080 + 88 1
19623.000 # 1500
19623.520 - 88 2.332 1
19623.533 - 88 1.453 1
19624.000 # 1500
19625.190 + 88 1
19626.000 # 1500
19626.041 + 88 1
19626.272 - 88 1.082 1
19628.000 # 1500
19628.047 + 88 1
19628.365 - 88 2.324 1
19631.000 # 1500
19631.000 # 1500
19631.141 + 88 1
19631.160 + 88 1
19631.318 - 88 3.271 1
19633.000 # 1500
19633.758 - 88 2.617 1
19633.769 - 88 2.609 1
19634.000 # 1500
19638.000 # 1500
19639.000 # 1500
19640.658 + 88 1
19640.707 + 88 1
19641.000 # 1500
19641.096 + 88 1
19641.115 + 88 1
19641.345 - 88 0.687 1
19641.425 - 88 0.718 1
19642.722 + 88 1
19643.000 # 1500
19644.000 # 1500
19644.520 - 88 3.424 1
19644.540 - 88 3.425 1
19644.554 - 88 1.832 1
19644.601 + 88 1
19646.000 # 1500
19646.504 + 88 1
19646.931 - 88 2.330 1
19647.054 + 88 1
19648.000 # 1500
19648.377 - 88 1.873 1
19648.388 - 88 1.334 1
19650.000 # 1500
19650.378 + 88 1
19651.570 + 88 1
19653.296 + 88 1
19655.287 + 88 1
19657.633 + 88 1
19659.366 + 88 1
19661.000 # 1500
19661.000 # 1500
19661.000 # 1500
19661.000 # 1500
19661.199 + 88 1
19661.442 - 88 11.064 1
19661.452 - 88 9.882 1
19661.455 - 88 8.159 1
19661.457 - 88 6.170 1
19661.459 - 88 3.826 1
19661.462 - 88 2.096 1
19662.000 # 1500
19662.000 # 1500
19662.391 + 88 1
19662.659 - 88 1.460 1
19663.000 # 1500
19663.040 + 88 1
19663.227 - 88 0.836 1
19665.000 # 1500
19665.893 - 88 2.853 1
19668.000 # 1500
19668.000 # 1500
19668.979 + 88 1
19669.032 + 88 1
19669.055 + 88 1
19670.000 # 1500
19670.925 - 88 1.946 1
19670.934 - 88 1.902 1
19670.936 - 88 1.881 1
19672.000 # 1500
19674.820 + 88 1
19675.000 # 1500
19676.000 # 1500
19676.661 - 88 1.841 1
19677.000 # 1500
19678.000 # 1500
19680.000 # 1500
19680.723 + 88 1
19680.743 + 88 1
19681.168 + 88 1
19681.186 + 88 1
19681.202 + 88 1
19681.216 + 88 1
19683.000 # 1500
19683.000 # 1500
19683.063 + 88 1
19683.285 - 88 2.562 1
19683.294 - 88 2.551 1
19683.297 - 88 2.129 1
19683.299 - 88 2.113 1
19683.302 - 88 2.100 1
19683.304 - 88 2.088 1
19685.000 # 1500
19686.418 - 88 3.355 1
19689.000 # 1500
19689.000 # 1500
19690.000 # 1500
19692.000 # 1500
19693.000 # 1500
19693.425 + 88 1
19694.361 + 88 1
19694.410 + 88 1
19694.426 + 88 1
19694.441 + 88 1
19697.000 # 1500
19697.000 # 1500
19698.000 # 1500
19698.107 - 88 4.682 1
19698.139 - 88 3.778 1
19698.227 - 88 3.817 1
19698.236 - 88 3.810 1
19698.239 - 88 3.798 1
19700.000 # 1500
19701.000 # 1500
19703.000 # 1500
19704.000 + 88 1
19704.020 + 88 1
19704.044 + 88 1
19704.059 + 88 1
19704.074 + 88 1
19706.000 # 1500
19706.905 - 88 2.905 1
19706.963 - 88 2.943 1
19706.973 - 88 2.929 1
19706.976 - 88 2.917 1
19706.978 - 88 2.904 1
19709.000 # 1500
19709.000 # 1500
19710.000 # 1500
19711.000 # 1500
19712.246 + 88 1
19712.265 + 88 1
19712.280 + 88 1
19712.295 + 88 1
19712.310 + 88 1
19712.325 + 88 1
19713.000 # 1500
19713.732 - 88 1.486 1
19713.771 - 88 1.506 1
19713.800 - 88 1.520 1
19713.803 - 88 1.508 1
19713.806 - 88 1.496 1
19713.808 - 88 1.483 1
19715.000 # 1500
19716.000 # 1500
19717.726 + 88 1
19717.775 + 88 1
19717.791 + 88 1
19719.636 + 88 1
19720.000 # 1500
19720.000 # 1500
19721.000 # 1500
19721.549 - 88 3.823 1
19721.590 - 88 3.815 1
19721.621 - 88 3.830 1
19721.624 - 88 1.988 1
19721.835 + 88 1
19722.000 # 1500
19722.204 + 88 1
19722.398 - 88 0.563 1
19724.000 # 1500
19724.973 + 88 1
19725.183 - 88 2.979 1
19728.000 # 1500
19728.000 # 1500
19728.406 - 88 3.433 1
19729.000 # 1500
19731.000 # 1500
19732.000 # 1500
19734.000 # 1500
19734.417 + 88 1
19734.475 + 88 1
19734.493 + 88 1
19734.509 + 88 1
19734.524 + 88 1
19736.000 # 1500
19736.165 + 88 1
19736.349 - 88 1.932 1
19736.408 - 88 1.933 1
19736.419 - 88 1.926 1
19736.422 - 88 1.913 1
19736.424 - 88 1.900 1
19737.000 # 1500
19737.312 + 88 1
19737.622 - 88 1.457 1
19739.000 # 1500
19739.175 + 88 1
19739.379 - 88 2.067 1
19741.000 # 1500
19741.287 + 88 1
19741.647 - 88 2.472 1
19742.000 # 1500
19743.126 - 88 1.839 1
19743.261 + 88 1
19744.096 + 88 1
19745.000 # 1500
19745.000 # 1500
19746.958 - 88 3.697 1
19746.998 - 88 2.902 1
19747.000 # 1500
19750.000 # 1500
19750.000 # 1500
19752.000 # 1500
19753.000 # 1500
19754.814 + 88 1
19754.832 + 88 1
19754.847 + 88 1
19754.862 + 88 1
19756.653 + 88 1
19757.000 # 1500
19757.000 # 1500
19758.619 + 88 1
19758.872 - 88 4.058 1
19758.911 - 88 4.079 1
19758.940 - 88 4.093 1
19758.943 - 88 4.081 1
19758.946 - 88 2.293 1
19759.049 + 88 1
19761.886 + 88 1
19762.000 # 1500
19762.000 # 1500
19762.250 - 88 3.631 1
19762.271 - 88 3.222 1
19763.744 + 88 1
19764.000 # 1500
19765.000 # 1500
19765.755 - 88 3.869 1
19765.809 - 88 2.065 1
19766.000 # 1500
19768.000 # 1500
19769.000 # 1500
19771.000 # 1500
19772.000 # 1500
19774.000 # 1500
19776.000 # 1500
19777.356 + 88 1
19777.413 + 88 1
19777.429 + 88 1
19779.124 + 88 1
19780.283 + 88 1
19781.000 # 1500
19781.000 # 1500
19782.000 # 1500
19782.143 - 88 4.787 1
19782.203 - 88 4.790 1
19782.215 - 88 4.786 1
19782.217 - 88 3.093 1
19782.220 - 88 1.937 1
19782.334 + 88 1
19784.000 # 1500
19784.131 + 88 1
19784.391 - 88 2.057 1
19785.000 # 1500
19785.589 - 88 1.458 1
19787.000 # 1500
19787.074 + 88 1
19788.000 # 1500
19788.095 + 88 1
19788.340 - 88 1.266 1
19790.000 # 1500
19790.802 - 88 2.707 1
19792.000 # 1500
19792.000 # 1500
19797.877 + 88 1
19797.930 + 88 1
19797.946 + 88 1
19799.607 + 88 1
19801.714 + 88 1
19803.589 + 88 1
19806.640 + 88 1
19806.701 + 88 1
19810.320 + 88 1
19811.653 + 88 1
19814.000 # 1500
19814.000 # 1500
19814.352 + 88 1
19814.464 - 88 16.587 1
19814.489 - 88 16.559 1
19814.494 - 88 16.548 1
19814.499 - 88 14.892 1
19814.504 - 88 12.790 1
19814.509 - 88 10.920 1
19814.599 - 88 7.959 1
19814.610 - 88 7.909 1
19814.615 - 88 4.295 1
19814.665 - 88 3.012 1
19815.000 # 1500
19815.000 # 1500
19815.000 # 1500
19815.000 # 1500
19815.000 # 1500
19815.000 # 1500
19815.000 # 1500
19815.000 # 1500
19815.000 # 1500
19815.138 + 88 1
19815.267 - 88 0.915 1
19816.000 # 1500
19816.000 # 1500
19816.540 - 88 1.402 1
19817.391 + 88 1
19819.363 + 88 1
19822.000 # 1500
19822.000 # 1500
19822.374 + 88 1
19822.642 - 88 5.251 1
19822.652 - 88 3.289 1
19824.221 + 88 1
19827.176 + 88 1
19830.007 + 88 1
19831.883 + 88 1
19834.000 # 1500
19834.000 # 1500
19834.000 # 1500
19834.000 # 1500
19834.973 - 88 12.599 1
19835.000 # 1500
19835.000 # 1500
19835.000 # 1500
19835.000 # 1500
19835.033 - 88 10.812 1
19835.044 - 88 7.868 1
19835.047 - 88 5.040 1
19835.050 - 88 3.167 1
19835.169 + 88 1
19836.900 + 88 1
19839.000 # 1500
19839.000 # 1500
19839.000 # 1500
19839.000 # 1500
19839.000 # 1500
19839.811 - 88 4.642 1
19839.825 - 88 2.925 1
19840.000 # 1500
19840.031 + 88 1
19840.050 + 88 1
19841.000 # 1500
19841.740 - 88 1.709 1
19841.751 - 88 1.701 1
19842.000 # 1500
19843.000 # 1500
19843.770 + 88 1
19844.720 + 88 1
19848.418 + 88 1
19849.000 # 1500
19849.000 # 1500
19850.000 # 1500
19850.000 # 1500
19850.485 - 88 6.715 1
19850.487 + 88 1
19850.584 - 88 5.864 1
19850.661 - 88 2.243 1
19852.533 + 88 1
19854.296 + 88 1
19855.624 + 88 1
19860.291 + 88 1
19860.555 + 88 1
19862.327 + 88 1
19864.110 + 88 1
19869.000 # 1500
19870.184 - 88 19.697 1
19870.246 - 88 17.713 1
19870.258 - 88 15.962 1
19870.261 - 88 14.637 1
19870.263 - 88 9.972 1
19870.266 - 88 9.711 1
19870.268 - 88 7.941 1
19870.270 - 88 6.160 1
19872.000 # 1500
19872.000 # 1500
19872.000 # 1500
19872.000 # 1500
19872.000 # 1500
19872.000 # 1500
19872.000 # 1500
19872.000 # 1500
19874.000 # 1500
19877.047 + 88 1
19877.096 + 88 1
19877.112 + 88 1
19877.127 + 88 1
19877.142 + 88 1
19878.000 # 1500
19878.000 # 1500
19878.820 - 88 1.773 1
19878.866 - 88 1.770 1
19878.873 - 88 1.761 1
19878.878 - 88 1.751 1
19878.883 - 88 1.741 1
19879.000 # 1500
19879.016 + 88 1
19882.000 # 1500
19883.000 # 1500
19884.000 # 1500
19886.000 # 1500
19886.552 + 88 1
19886.573 + 88 1
19886.588 + 88 1
19886.603 + 88 1
19886.779 - 88 7.763 1
19887.000 # 1500
19889.000 # 1500
19890.000 # 1500
19892.988 + 88 1
19893.000 # 1500
19893.000 # 1500
19893.063 + 88 1
19893.082 + 88 1
19893.203 - 88 6.651 1
19893.213 - 88 6.640 1
19893.216 - 88 6.628 1
19893.219 - 88 6.616 1
19895.000 # 1500
19895.888 - 88 2.900 1
19895.900 - 88 2.837 1
19895.902 - 88 2.820 1
19896.069 + 88 1
19896.136 + 88 1
19897.000 # 1500
19898.969 - 88 2.900 1
19898.978 - 88 2.842 1
19899.056 + 88 1
19901.801 + 88 1
19904.674 + 88 1
19907.524 + 88 1
19907.554 + 88 1
19912.376 + 88 1
19912.452 + 88 1
19915.311 + 88 1
19922.000 # 1500
19922.000 # 1500
19922.000 # 1500
19922.000 # 1500
19922.000 # 1500
19922.000 # 1500
19922.000 # 1500
19922.000 # 1500
19923.000 # 1500
19923.000 # 1500
19923.000 # 1500
19923.000 # 1500
19923.000 # 1500
19923.000 # 1500
19923.000 # 1500
19923.194 - 88 24.138 1
19923.260 - 88 21.459 1
19923.279 - 88 18.605 1
19923.295 - 88 15.771 1
19923.309 - 88 15.755 1
19923.322 - 88 10.946 1
19923.335 - 88 10.883 1
19923.348 - 88 8.037 1
19923.582 + 88 1
19923.651 + 88 1
19923.673 + 88 1
19924.000 # 1500
19924.036 + 88 1
19924.055 - 88 0.473 1
19924.065 - 88 0.414 1
19924.069 - 88 0.396 1
19925.000 # 1500
19925.309 - 88 1.273 1
19926.000 # 1500
19929.000 # 1500
19930.000 # 1500
19931.000 # 1500
19933.000 # 1500
19933.120 + 88 1
19933.136 + 88 1
19933.147 + 88 1
19933.156 + 88 1
19934.000 # 1500
19934.131 + 88 1
19934.179 - 88 1.059 1
19934.190 - 88 1.054 1
19934.194 - 88 1.047 1
19934.199 - 88 1.043 1
19937.158 + 88 1
19939.003 + 88 1
19940.743 + 88 1
19941.965 + 88 1
19942.000 # 1500
19942.000 # 1500
19942.000 # 1500
19942.000 # 1500
19942.032 - 88 7.901 1
19942.081 - 88 4.923 1
19942.106 - 88 3.103 1
19942.114 - 88 1.371 1
19942.119 - 88 0.154 1
19943.000 # 1500
19944.000 # 1500
19944.238 + 88 1
19948.000 # 1500
19948.000 # 1500
19948.548 - 88 4.310 1
19954.576 + 88 1
19954.590 + 88 1
19954.600 + 88 1
19954.610 + 88 1
19959.000 # 1500
19959.000 # 1500
19959.000 # 1500
19959.000 # 1500
19959.000 # 1500
19959.000 # 1500
19959.000 # 1500
19960.310 - 88 5.734 1
19960.434 - 88 5.844 1
19960.570 - 88 5.970 1
19960.582 - 88 5.972 1
19963.382 + 88 1
19963.397 + 88 1
19964.380 + 88 1
19964.396 + 88 1
19964.407 + 88 1
19975.000 # 1500
19975.000 # 1500
19975.936 - 88 12.554 1
19976.000 # 1500
19976.000 # 1500
19976.000 # 1500
19976.041 - 88 12.644 1
19976.079 - 88 11.699 1
19976.083 - 88 11.687 1
19976.085 - 88 11.678 1
19978.218 + 88 1
19978.233 + 88 1
19978.243 + 88 1
19978.253 + 88 1
19978.263 + 88 1
19978.272 + 88 1
19980.068 + 88 1
19981.000 # 1500
19981.000 # 1500
19981.000 # 1500
19981.000 # 1500
19981.000 # 1500
19981.000 # 1500
19981.000 # 1500
19981.000 # 1500
19981.765 - 88 3.547 1
19981.822 - 88 3.589 1
19981.833 - 88 3.590 1
19981.836 - 88 3.583 1
19981.838 - 88 3.575 1
19981.840 - 88 3.568 1
19981.843 - 88 1.775 1
19982.000 # 1500
19982.043 + 88 1
19983.000 # 1500
19983.879 + 88 1
19984.000 # 1500
19984.012 - 88 1.969 1
19985.000 # 1500
19985.752 - 88 1.873 1
19986.000 # 1500
19988.000 # 1500
19989.000 # 1500
19991.000 # 1500
19996.097 + 88 1
19996.113 + 88 1
19996.123 + 88 1
19996.133 + 88 1
19996.142 + 88 1
19996.152 + 88 1
19996.162 + 88 1
19998.890 + 88 1
20000.775 + 88 1
20003.651 + 88 1
20003.666 + 88 1
20013.000 # 1500
20013.000 # 1500
20013.000 # 1500
20013.000 # 1500
20013.000 # 1500
20013.000 # 1500
20013.434 + 88 1
20013.448 + 88 1
20013.599 - 88 17.502 1
20013.640 - 88 17.527 1
20013.669 - 88 17.546 1
20013.672 - 88 17.539 1
20013.675 - 88 17.533 1
20013.677 - 88 17.525 1
20013.680 - 88 17.518 1
20013.682 - 88 14.792 1
20013.685 - 88 12.910 1
20013.687 - 88 10.036 1
20013.689 - 88 10.023 1
20014.000 # 1500
20014.000 # 1500
20014.000 # 1500
20014.000 # 1500
20014.000 # 1500
20014.000 # 1500
20014.000 # 1500
20015.441 - 88 2.007 1
20015.452 - 88 2.004 1
20017.579 + 88 1
20017.593 + 88 1
20017.608 + 88 1
20018.419 + 88 1
20019.540 + 88 1
20021.298 + 88 1
20023.000 # 1500
20024.000 # 1500
20024.394 - 88 6.815 1
20024.403 - 88 6.810 1
20024.406 - 88 6.798 1
20024.408 - 88 5.989 1
20024.410 - 88 4.870 1
20024.413 - 88 3.115 1
20026.637 + 88 1
20027.765 + 88 1
20029.351 + 88 1
20031.000 # 1500
20031.000 # 1500
20031.000 # 1500
20031.000 # 1500
20031.000 # 1500
20031.000 # 1500
20031.000 # 1500
20032.074 - 88 5.437 1
20032.086 - 88 4.321 1
20032.091 - 88 2.740 1
20032.313 + 88 1
20033.244 + 88 1
20035.204 + 88 1
20037.000 # 1500
20037.148 + 88 1
20037.274 - 88 4.961 1
20037.304 - 88 4.060 1
20037.312 - 88 2.108 1
20039.147 + 88 1
20040.000 # 1500
20040.987 - 88 3.839 1
20041.032 + 88 1
20041.080 - 88 1.933 1
20042.000 # 1500
20042.000 # 1500
20042.708 - 88 1.676 1
20042.935 + 88 1
20044.000 # 1500
20044.833 - 88 1.898 1
20045.000 # 1500
20050.000 # 1500
20051.000 # 1500
20051.000 # 1500
20052.658 + 88 1
20054.029 + 88 1
20054.042 + 88 1
20056.629 + 88 1
20056.669 + 88 1
20056.680 + 88 1
20059.000 # 1500
20059.000 # 1500
20059.000 # 1500
20059.000 # 1500
20059.000 # 1500
20060.000 # 1500
20060.000 # 1500
20060.000 # 1500
20060.381 + 88 1
20060.395 + 88 1
20060.507 - 88 7.849 1
20060.550 - 88 6.521 1
20060.557 - 88 6.515 1
20060.561 - 88 3.932 1
20060.566 - 88 3.897 1
20060.571 - 88 3.891 1
20061.552 + 88 1
20063.614 + 88 1
20065.348 + 88 1
20070.000 # 1500
20070.000 # 1500
20070.000 # 1500
20070.000 # 1500
20070.000 # 1500
20070.000 # 1500
20070.000 # 1500
20071.214 - 88 10.833 1
20071.312 - 88 10.917 1
20071.321 - 88 9.769 1
20071.326 - 88 7.712 1
20071.330 - 88 5.982 1
20082.816 + 88 1
20082.859 + 88 1
20082.870 + 88 1
20083.000 # 1500
20083.000 # 1500
20083.000 # 1500
20083.000 # 1500
20083.000 # 1500
20083.000 # 1500
20084.000 # 1500
20084.000 # 1500
20084.000 # 1500
20084.000 # 1500
20084.000 # 1500
20084.000 # 1500
20084.010 + 88 1
20084.051 + 88 1
20084.063 + 88 1
20084.073 + 88 1
20084.179 - 88 1.363 1
20084.201 - 88 1.342 1
20084.232 - 88 1.362 1
20084.473 + 88 1
20085.000 # 1500
20086.672 - 88 2.662 1
20086.701 - 88 2.650 1
20086.709 - 88 2.646 1
20086.714 - 88 2.641 1
20086.719 - 88 2.246 1
20088.000 # 1500
20088.000 # 1500
20088.000 # 1500
20089.000 # 1500
20092.000 # 1500
20093.667 + 88 1
20093.711 + 88 1
20093.723 + 88 1
20095.000 # 1500
20095.673 + 88 1
20095.713 + 88 1
20095.727 + 88 1
20095.802 - 88 2.135 1
20095.852 - 88 2.141 1
20095.860 - 88 2.137 1
20104.412 + 88 1
20104.454 + 88 1
20104.466 + 88 1
20104.475 + 88 1
20112.000 # 1500
20113.000 # 1500
20113.000 # 1500
20113.000 # 1500
20113.000 # 1500
20113.000 # 1500
20113.000 # 1500
20113.092 - 88 17.419 1
20113.264 - 88 17.551 1
20113.285 - 88 17.558 1
20113.440 - 88 9.028 1
20113.453 - 88 8.999 1
20113.458 - 88 8.992 1
20113.463 - 88 8.988 1
20113.510 + 88 1
20113.560 + 88 1
20113.572 + 88 1
20114.000 # 1500
20114.177 + 88 1
20114.218 + 88 1
20114.305 - 88 0.795 1
20114.315 - 88 0.755 1
20114.319 - 88 0.747 1
20116.000 # 1500
20117.341 + 88 1
20117.372 - 88 3.195 1
20117.380 - 88 3.162 1
20119.000 # 1500
20119.000 # 1500
20119.276 + 88 1
20119.546 - 88 2.205 1
20120.000 # 1500
20120.965 - 88 1.689 1
20121.000 # 1500
20121.165 + 88 1
20123.000 # 1500
20123.977 - 88 2.812 1
20124.000 # 1500
20124.217 + 88 1
20126.934 + 88 1
20134.719 + 88 1
20134.765 + 88 1
20134.777 + 88 1
20135.000 # 1500
20135.000 # 1500
20136.650 + 88 1
20136.675 + 88 1
20136.793 - 88 12.576 1
20136.853 - 88 9.919 1
20136.864 - 88 2.145 1
20136.867 - 88 2.102 1
20136.870 - 88 2.093 1
20138.816 + 88 1
20139.000 # 1500
20139.000 # 1500
20140.000 # 1500
20140.000 # 1500
20140.000 # 1500
20140.000 # 1500
20140.000 # 1500
20140.171 + 88 1
20140.211 - 88 3.561 1
20140.218 - 88 3.543 1
20140.221 - 88 1.405 1
20141.000 # 1500
20141.850 + 88 1
20142.000 # 1500
20142.009 - 88 1.838 1
20143.751 + 88 1
20143.781 - 88 1.931 1
20145.000 # 1500
20146.000 # 1500
20146.660 - 88 2.909 1
20148.000 # 1500
20148.000 # 1500
20151.000 # 1500
20151.000 # 1500
20152.000 # 1500
20154.000 # 1500
20154.402 + 88 1
20154.448 + 88 1
20154.459 + 88 1
20154.469 + 88 1
20154.479 + 88 1
20155.000 # 1500
20156.327 + 88 1
20156.467 - 88 2.065 1
20156.511 - 88 2.063 1
20156.522 - 88 2.063 1
20156.525 - 88 2.056 1
20156.527 - 88 2.048 1
20158.431 + 88 1
20160.000 # 1500
20160.000 # 1500
20160.000 # 1500
20160.438 + 88 1
20160.798 - 88 4.471 1
20160.824 - 88 2.393 1
20161.000 # 1500
20162.449 - 88 2.011 1
20162.769 + 88 1
20163.000 # 1500
20164.381 + 88 1
20164.431 - 88 1.662 1
20165.000 # 1500
20166.000 # 1500
20166.025 - 88 1.644 1
20166.199 + 88 1
20167.000 # 1500
20168.151 + 88 1
20168.209 - 88 2.010 1
20169.000 # 1500
20170.000 # 1500
20170.050 - 88 1.899 1
20172.000 # 1500
20172.063 + 88 1
20173.000 # 1500
20173.880 - 88 1.817 1
20174.094 + 88 1
20176.000 # 1500
20176.000 # 1500
20176.862 - 88 2.768 1
20181.000 # 1500
20181.000 # 1500
20181.000 # 1500
20183.000 # 1500
20184.648 + 88 1
20184.691 + 88 1
20185.000 # 1500
20186.642 - 88 1.994 1
20186.684 - 88 1.993 1
20187.662 + 88 1
20188.765 + 88 1
20188.806 + 88 1
20188.817 + 88 1
20195.000 # 1500
20195.572 + 88 1
20195.614 + 88 1
20195.625 + 88 1
20195.796 - 88 8.134 1
20195.835 - 88 7.070 1
20195.841 - 88 7.035 1
20195.844 - 88 7.027 1
20196.000 # 1500
20196.000 # 1500
20196.000 # 1500
20197.343 + 88 1
20197.647 - 88 2.075 1
20197.655 - 88 2.041 1
20197.658 - 88 2.033 1
20198.474 + 88 1
20199.000 # 1500
20200.219 + 88 1
20200.271 - 88 2.928 1
20200.279 - 88 1.805 1
20202.249 + 88 1
20204.000 # 1500
20204.000 # 1500
20204.000 # 1500
20204.134 + 88 1
20204.319 - 88 4.100 1
20204.328 - 88 2.079 1
20207.000 # 1500
20209.000 # 1500
20209.973 - 88 5.839 1
20211.000 # 1500
20213.975 + 88 1
20214.000 # 1500
20214.018 + 88 1
20214.030 + 88 1
20215.890 + 88 1
20216.000 # 1500
20216.084 - 88 2.109 1
20216.125 - 88 2.107 1
20216.132 - 88 2.102 1
20216.134 - 88 0.244 1
20218.924 + 88 1
20220.000 # 1500
20220.892 - 88 1.968 1
20220.992 + 88 1
20221.000 # 1500
20221.000 # 1500
20222.829 + 88 1
20223.000 # 1500
20224.171 + 88 1
20224.203 - 88 3.211 1
20224.277 - 88 1.448 1
20227.000 # 1500
20228.689 - 88 4.518 1
20229.000 # 1500
20230.000 # 1500
20233.000 # 1500
20234.000 # 1500
20235.655 + 88 1
20235.672 + 88 1
20235.682 + 88 1
20235.692 + 88 1
20236.000 # 1500
20237.401 + 88 1
20237.513 - 88 1.858 1
20237.575 - 88 1.903 1
20237.587 - 88 1.905 1
20237.590 - 88 1.898 1
20238.000 # 1500
20239.501 - 88 2.100 1
20240.502 + 88 1
20241.000 # 1500
20242.283 - 88 1.781 1
20245.000 # 1500
20246.000 # 1500
20248.000 # 1500
20251.000 # 1500
20251.236 + 88 1
20251.280 + 88 1
20251.291 + 88 1
20253.101 + 88 1
20253.144 + 88 1
20254.000 # 1500
20255.000 # 1500
20255.015 - 88 3.779 1
20255.064 - 88 3.784 1
20255.075 - 88 3.784 1
20255.078 - 88 1.977 1
20255.081 - 88 1.937 1
20255.550 + 88 1
20258.065 + 88 1
20260.864 + 88 1
20262.000 # 1500
20262.000 # 1500
20263.000 # 1500
20263.723 - 88 8.173 1
20263.768 - 88 5.703 1
20263.779 - 88 2.915 1
20264.000 # 1500
20266.000 # 1500
20268.000 # 1500
20271.557 + 88 1
20271.606 + 88 1
20272.000 # 1500
20273.000 # 1500
20273.474 + 88 1
20273.734 - 88 2.177 1
20273.796 - 88 2.190 1
20276.000 # 1500
20277.447 - 88 3.973 1
20278.000 # 1500
20280.000 # 1500
20280.361 + 88 1
20280.404 + 88 1
20280.416 + 88 1
20281.000 # 1500
20282.253 - 88 1.892 1
20282.295 - 88 1.891 1
20282.324 - 88 1.908 1
20283.000 # 1500
20283.332 + 88 1
20285.375 + 88 1
20286.000 # 1500
20287.000 # 1500
20287.306 - 88 3.974 1
20287.351 - 88 1.976 1
20288.278 + 88 1
20289.000 # 1500
20290.045 - 88 1.767 1
20292.000 # 1500
20295.000 # 1500
20297.555 + 88 1
20299.000 # 1500
20299.974 - 88 2.419 1
20300.000 # 1500
20300.253 + 88 1
20302.000 # 1500
20302.832 + 88 1
20302.845 + 88 1
20302.875 - 88 2.622 1
20303.130 + 88 1
20304.000 # 1500
20304.949 - 88 2.117 1
20304.995 - 88 2.150 1
20305.026 - 88 1.896 1
20305.284 + 88 1
20306.000 # 1500
20306.697 - 88 1.413 1
20308.000 # 1500
20309.688 + 88 1
20310.000 # 1500
20311.554 - 88 1.866 1
20311.780 + 88 1
20313.000 # 1500
20313.636 + 88 1
20313.717 - 88 1.937 1
20314.000 # 1500
20315.380 - 88 1.744 1
20315.699 + 88 1
20318.000 # 1500
20319.000 # 1500
20319.422 + 88 1
20319.568 - 88 3.869 1
20321.000 # 1500
20322.283 - 88 2.861 1
20324.000 # 1500
20326.000 # 1500
20328.168 + 88 1
20328.184 + 88 1
20328.200 + 88 1
20329.000 # 1500
20330.000 # 1500
20330.330 + 88 1
20330.384 - 88 2.216 1
20330.524 - 88 2.340 1
20330.567 - 88 2.367 1
20331.278 + 88 1
20333.246 + 88 1
20336.933 + 88 1
20339.881 + 88 1
20342.000 # 1500
20342.831 - 88 12.501 1
20342.876 - 88 11.598 1
20342.905 - 88 9.659 1
20342.908 - 88 5.975 1
20342.911 - 88 3.030 1
20343.000 # 1500
20343.000 # 1500
20343.000 # 1500
20343.000 # 1500
20343.000 # 1500
20343.104 + 88 1
20345.000 # 1500
20345.011 + 88 1
20345.238 - 88 2.134 1
20346.000 # 1500
20346.807 - 88 1.796 1
20347.000 # 1500
20347.003 + 88 1
20349.000 # 1500
20349.705 - 88 2.702 1
20349.874 + 88 1
20351.000 # 1500
20351.768 + 88 1
20352.050 - 88 2.176 1
20353.000 # 1500
20353.620 + 88 1
20353.835 - 88 2.067 1
20356.000 # 1500
20357.558 - 88 3.938 1
20357.821 + 88 1
20359.000 # 1500
20359.436 + 88 1
20359.721 - 88 1.900 1
20360.000 # 1500
20360.431 + 88 1
20360.644 - 88 1.208 1
20363.000 # 1500
20364.317 + 88 1
20364.335 - 88 3.904 1
20365.000 # 1500
20365.417 + 88 1
20365.708 - 88 1.391 1
20368.167 + 88 1
20369.000 # 1500
20370.000 # 1500
20370.175 - 88 4.758 1
20370.235 - 88 2.068 1
20371.000 # 1500
20371.247 + 88 1
20373.000 # 1500
20374.063 + 88 1
20374.086 - 88 2.839 1
20375.000 # 1500
20376.040 - 88 1.977 1
20378.000 # 1500
20379.998 + 88 1
20380.043 + 88 1
20381.000 # 1500
20381.834 + 88 1
20382.000 # 1500
20382.066 - 88 2.068 1
20382.123 - 88 2.080 1
20382.258 + 88 1
20382.490 - 88 0.656 1
20384.000 # 1500
20385.507 + 88 1
20385.763 - 88 3.505 1
20388.000 # 1500
20389.254 - 88 3.747 1
20390.000 # 1500
20391.000 # 1500
20393.000 # 1500
20394.090 + 88 1
20394.133 + 88 1
20394.144 + 88 1
20395.000 # 1500
20395.994 + 88 1
20396.097 - 88 2.007 1
20396.137 - 88 2.004 1
20396.166 - 88 2.022 1
20396.287 + 88 1
20398.000 # 1500
20398.130 + 88 1
20398.399 - 88 2.405 1
20398.409 - 88 2.122 1
20401.000 # 1500
20401.102 + 88 1
20401.414 - 88 3.284 1
20403.000 # 1500
20403.019 + 88 1
20403.245 - 88 2.143 1
20404.068 + 88 1
20405.000 # 1500
20405.909 - 88 2.890 1
20405.965 - 88 1.897 1
20407.000 # 1500
20412.000 # 1500
20412.000 # 1500
20414.000 # 1500
20414.642 + 88 1
20414.690 + 88 1
20414.701 + 88 1
20415.000 # 1500
20416.568 + 88 1
20416.799 - 88 2.157 1
20416.861 - 88 2.171 1
20416.873 - 88 2.172 1
20417.000 # 1500
20417.569 + 88 1
20417.815 - 88 1.247 1
20418.692 + 88 1
20420.000 # 1500
20421.000 # 1500
20421.565 - 88 3.996 1
20421.596 - 88 2.904 1
20422.000 # 1500
20424.000 # 1500
20427.000 # 1500
20428.000 # 1500
20428.233 + 88 1
20430.000 # 1500
20432.000 # 1500
20434.000 # 1500
20434.139 + 88 1
20434.158 + 88 1
20434.173 + 88 1
20434.356 - 88 6.123 1
20436.000 # 1500
20437.245 - 88 3.106 1
20437.297 - 88 3.139 1
20437.328 - 88 3.155 1
20439.000 # 1500
20440.000 # 1500
20441.000 # 1500
20444.000 # 1500
20444.005 + 88 1
20444.025 + 88 1
20446.955 + 88 1
20447.000 # 1500
20447.211 - 88 3.206 1
20447.269 - 88 3.244 1
20448.000 # 1500
20449.035 - 88 2.080 1
20450.000 # 1500
20450.078 + 88 1
20453.000 # 1500
20453.000 # 1500
20453.584 + 88 1
20453.796 - 88 3.718 1
20456.654 + 88 1
20458.000 # 1500
20458.000 # 1500
20459.000 # 1500
20459.615 - 88 6.031 1
20459.665 - 88 3.011 1
20459.838 + 88 1
20459.857 + 88 1
20460.000 # 1500
20461.645 - 88 1.807 1
20461.676 - 88 1.819 1
20462.653 + 88 1
20464.000 # 1500
20464.000 # 1500
20464.511 + 88 1
20464.761 - 88 2.108 1
20468.000 # 1500
20468.000 # 1500
20468.276 + 88 1
20468.569 - 88 4.058 1
20470.000 # 1500
20471.277 - 88 3.001 1
20472.000 # 1500
20474.000 # 1500
20475.000 # 1500
20476.000 # 1500
20478.000 # 1500
20481.140 + 88 1
20481.162 + 88 1
20481.177 + 88 1
20481.193 + 88 1
20482.000 # 1500
20482.000 # 1500
20483.000 # 1500
20483.071 - 88 1.931 1
20483.118 - 88 1.956 1
20483.147 - 88 1.970 1
20483.151 - 88 1.958 1
20483.261 + 88 1
20485.911 + 88 1
20486.000 # 1500
20486.131 - 88 2.870 1
20487.000 # 1500
20488.071 + 88 1
20488.324 - 88 2.413 1
20489.000 # 1500
20490.015 - 88 1.944 1
20491.783 + 88 1
20494.647 + 88 1
20497.781 + 88 1
20499.000 # 1500
20500.000 # 1500
20500.646 - 88 8.863 1
20500.705 - 88 6.058 1
20500.716 - 88 2.935 1
20500.832 + 88 1
20501.000 # 1500
20501.742 + 88 1
20502.058 - 88 1.226 1
20503.000 # 1500
20503.000 # 1500
20503.516 + 88 1
20503.782 - 88 2.040 1
20504.000 # 1500
20505.000 # 1500
20505.577 - 88 2.061 1
20506.000 # 1500
20506.000 # 1500
20512.000 # 1500
20514.154 + 88 1
20514.205 + 88 1
20514.222 + 88 1
20515.000 # 1500
20516.000 # 1500
20516.121 + 88 1
20516.336 - 88 2.182 1
20516.376 - 88 2.171 1
20516.384 - 88 2.162 1
20517.000 # 1500
20520.000 # 1500
20521.000 # 1500
20522.000 # 1500
20524.000 # 1500
20524.268 + 88 1
20524.324 + 88 1
20524.521 - 88 8.400 1
20527.000 # 1500
20528.213 - 88 3.945 1
20528.252 - 88 3.928 1
20531.000 # 1500
20535.000 + 88 1
20535.020 + 88 1
20535.036 + 88 1
20535.051 + 88 1
20538.000 # 1500
20545.111 - 88 10.111 1
20545.135 - 88 10.115 1
20545.141 - 88 10.105 1
20545.144 - 88 10.093 1
20545.235 + 88 1
20545.254 + 88 1
20545.270 + 88 1
20545.285 + 88 1
20545.432 + 88 1
20547.961 + 88 1
20549.995 + 88 1
20551.000 # 1500
20551.000 # 1500
20551.832 + 88 1
20552.042 - 88 6.807 1
20552.081 - 88 6.827 1
20552.088 - 88 6.818 1
20552.090 - 88 6.805 1
20552.093 - 88 6.661 1
20552.095 - 88 4.134 1
20552.097 - 88 2.102 1
20553.000 # 1500
20553.000 # 1500
20554.008 + 88 1
20554.522 - 88 2.690 1
20556.000 # 1500
20556.000 # 1500
20556.235 + 88 1
20556.730 - 88 2.722 1
20557.941 + 88 1
20560.000 # 1500
20560.952 - 88 4.717 1
20560.971 - 88 3.030 1
20568.000 # 1500
20568.582 + 88 1
20569.777 + 88 1
20569.888 + 88 1
20569.923 + 88 1
20570.601 + 88 1
20574.000 # 1500
20575.000 # 1500
20575.000 # 1500
20575.000 # 1500
20575.000 # 1500
20576.000 # 1500
20576.897 - 88 8.315 1
20576.926 + 88 1
20576.934 - 88 7.157 1
20576.951 - 88 7.063 1
20576.959 - 88 7.036 1
20576.965 - 88 6.364 1
20577.090 + 88 1
20579.735 + 88 1
20579.900 + 88 1
20579.980 + 88 1
20581.000 # 1500
20587.000 # 1500
20587.769 + 88 1
20588.150 - 88 11.224 1
20588.184 + 88 1
20588.234 - 88 11.144 1
20588.280 + 88 1
20588.281 - 88 8.546 1
20588.296 - 88 8.396 1
20588.305 - 88 8.325 1
20590.894 + 88 1
20592.817 + 88 1
20593.000 # 1500
20595.147 - 88 7.378 1
20595.222 - 88 7.038 1
20595.233 - 88 6.953 1
20595.242 - 88 4.348 1
20595.248 - 88 2.431 1
20598.512 + 88 1
20598.553 + 88 1
20599.436 + 88 1
20600.000 # 1500
20601.301 - 88 2.789 1
20601.322 - 88 2.769 1
20601.330 - 88 1.894 1
20602.533 + 88 1
20604.259 + 88 1
20606.247 + 88 1
20607.000 # 1500
20608.097 - 88 5.564 1
20608.188 - 88 3.929 1
20608.208 - 88 1.961 1
20610.195 + 88 1
20612.110 + 88 1
20612.150 + 88 1
20613.000 # 1500
20614.006 - 88 3.811 1
20614.053 - 88 1.943 1
20614.135 - 88 1.985 1
20616.117 + 88 1
20617.128 + 88 1
20618.000 # 1500
20618.924 - 88 2.807 1
20619.014 - 88 1.886 1
20620.911 + 88 1
20621.000 # 1500
20621.101 - 88 0.190 1
20623.861 + 88 1
20626.000 # 1500
20628.056 + 88 1
20628.097 + 88 1
20628.295 - 88 4.434 1
20628.629 + 88 1
20631.884 + 88 1
20632.000 # 1500
20632.091 - 88 4.035 1
20632.181 - 88 4.084 1
20632.201 - 88 3.572 1
20632.209 - 88 0.325 1
20634.119 + 88 1
20635.880 + 88 1
20636.000 # 1500
20636.281 - 88 2.162 1
20636.303 - 88 0.423 1
20636.615 + 88 1
20638.817 + 88 1
20640.000 # 1500
20641.576 - 88 4.961 1
20641.614 - 88 2.797 1
20641.925 + 88 1
20643.664 + 88 1
20644.000 # 1500
20644.354 + 88 1
20644.642 - 88 2.717 1
20644.716 - 88 1.052 1
20651.470 + 88 1
20651.510 + 88 1
20651.541 + 88 1
20653.000 # 1500
20654.594 - 88 10.240 1
20654.639 + 88 1
20654.688 - 88 3.218 1
20654.711 - 88 3.201 1
20654.719 - 88 3.178 1
20656.284 + 88 1
20658.092 + 88 1
20663.000 # 1500
20663.965 - 88 9.326 1
20664.082 - 88 7.798 1
20664.105 - 88 6.013 1
20665.000 # 1500
20667.286 + 88 1
20667.465 + 88 1
20667.533 + 88 1
20667.582 + 88 1
20668.996 + 88 1
20669.155 + 88 1
20672.525 + 88 1
20673.000 # 1500
20673.000 # 1500
20674.686 + 88 1
20674.787 - 88 7.501 1
20674.881 - 88 7.416 1
20674.969 - 88 7.436 1
20674.980 - 88 7.398 1
20674.987 - 88 5.991 1
20674.994 - 88 5.839 1
20675.001 - 88 2.476 1
20675.329 + 88 1
20676.000 # 1500
20677.000 # 1500
20677.648 - 88 2.962 1
20677.667 - 88 2.338 1
20679.000 # 1500
20680.918 + 88 1
20681.368 + 88 1
20683.000 # 1500
20683.825 + 88 1
20684.000 # 1500
20684.006 - 88 3.088 1
20684.047 - 88 2.679 1
20686.389 + 88 1
20688.528 + 88 1
20689.000 # 1500
20690.253 - 88 6.428 1
20690.274 - 88 3.885 1
20690.282 - 88 1.754 1
20691.617 + 88 1
20693.000 # 1500
20693.299 + 88 1
20693.670 - 88 2.053 1
20695.277 + 88 1
20696.000 # 1500
20697.141 - 88 3.842 1
20697.222 - 88 1.945 1
20697.374 + 88 1
20698.000 # 1500
20702.000 # 1500
20704.250 - 88 6.876 1
20711.683 + 88 1
20711.826 + 88 1
20711.992 + 88 1
20712.129 + 88 1
20712.263 + 88 1
20712.416 + 88 1
20715.608 + 88 1
20715.756 + 88 1
20718.526 + 88 1
20718.675 + 88 1
20722.423 + 88 1
20722.565 + 88 1
20726.373 + 88 1
20734.000 # 1500
20734.000 # 1500
20734.000 # 1500
20734.000 # 1500
20734.000 # 1500
20735.000 # 1500
20735.000 # 1500
20735.000 # 1500
20735.000 # 1500
20735.000 # 1500
20735.417 - 88 23.734 1
20735.421 + 88 1
20735.466 - 88 23.640 1
20735.478 + 88 1
20735.483 - 88 23.491 1
20735.491 - 88 23.362 1
20735.498 - 88 23.235 1
20735.506 - 88 23.090 1
20735.513 - 88 19.905 1
20735.519 - 88 19.763 1
20735.526 - 88 17.000 1
20735.533 - 88 16.858 1
20735.540 - 88 13.117 1
20735.546 - 88 12.981 1
20735.553 - 88 9.180 1
20735.663 + 88 1
20737.000 # 1500
20738.906 - 88 3.485 1
20738.938 - 88 3.460 1
20738.945 - 88 3.282 1
20739.000 # 1500
20739.081 + 88 1
20739.221 + 88 1
20740.000 # 1500
20741.047 - 88 1.966 1
20741.071 - 88 1.850 1
20744.060 + 88 1
20744.197 + 88 1
20744.279 + 88 1
20744.521 + 88 1
20744.572 + 88 1
20745.000 # 1500
20746.868 - 88 2.808 1
20746.906 - 88 2.709 1
20746.914 - 88 2.635 1
20746.922 - 88 2.401 1
20746.929 - 88 2.357 1
20750.000 # 1500
20753.931 + 88 1
20754.070 + 88 1
20754.281 + 88 1
20754.571 + 88 1
20754.730 + 88 1
20756.000 # 1500
20757.739 - 88 3.808 1
20757.759 - 88 3.689 1
20757.768 - 88 3.487 1
20757.774 - 88 3.203 1
20757.781 - 88 3.051 1
20758.000 # 1500
20761.000 # 1500
20763.000 # 1500
20765.000 # 1500
20765.508 + 88 1
20765.651 + 88 1
20765.824 + 88 1
20765.959 + 88 1
20766.101 + 88 1
20768.325 + 88 1
20770.000 # 1500
20770.291 + 88 1
20770.747 - 88 5.239 1
20770.771 - 88 5.120 1
20770.779 - 88 4.955 1
20770.786 - 88 4.827 1
20770.792 - 88 4.691 1
20770.800 - 88 2.475 1
20772.000 # 1500
20772.311 + 88 1
20772.757 - 88 2.466 1
20774.000 # 1500
20775.258 - 88 2.947 1
20780.008 + 88 1
20780.516 + 88 1
20781.000 # 1500
20782.027 + 88 1
20782.348 - 88 2.340 1
20782.368 - 88 1.852 1
20790.000 # 1500
20790.000 # 1500
20791.163 + 88 1
20791.309 + 88 1
20791.377 + 88 1
20791.565 + 88 1
20791.615 + 88 1
20791.626 - 88 9.599 1
20792.980 + 88 1
20795.000 # 1500
20796.000 # 1500
20796.057 - 88 4.894 1
20796.078 - 88 4.769 1
20796.086 - 88 4.709 1
20796.093 - 88 4.528 1
20796.099 - 88 4.484 1
20796.105 - 88 3.125 1
20798.000 # 1500
20801.000 # 1500
20803.000 # 1500
20805.723 + 88 1
20805.786 + 88 1
20805.835 + 88 1
20806.054 + 88 1
20806.189 + 88 1
20814.248 + 88 1
20814.301 + 88 1
20814.349 + 88 1
20814.527 + 88 1
20814.675 + 88 1
20819.000 # 1500
20819.000 # 1500
20819.000 # 1500
20819.000 # 1500
20819.000 # 1500
20819.000 # 1500
20819.000 # 1500
20820.201 - 88 14.478 1
20820.223 - 88 14.437 1
20820.231 - 88 14.396 1
20820.238 - 88 14.184 1
20820.245 - 88 14.056 1
20820.251 - 88 6.003 1
20820.257 - 88 5.956 1
20820.263 - 88 5.914 1
20820.270 - 88 5.743 1
20820.276 - 88 5.601 1
20822.000 # 1500
20824.000 # 1500
20826.000 # 1500
20826.969 + 88 1
20827.107 + 88 1
20827.158 + 88 1
20827.334 + 88 1
20827.469 + 88 1
20828.000 # 1500
20828.957 - 88 1.988 1
20828.979 - 88 1.872 1
20828.988 - 88 1.830 1
20828.994 - 88 1.660 1
20829.001 - 88 1.532 1
20830.000 # 1500
20832.000 # 1500
20833.925 + 88 1
20834.000 # 1500
20834.060 + 88 1
20834.110 + 88 1
20834.600 + 88 1
20834.739 + 88 1
20845.520 + 88 1
20845.581 + 88 1
20845.628 + 88 1
20845.838 + 88 1
20852.000 # 1500
20852.000 # 1500
20852.000 # 1500
20852.000 # 1500
20852.000 # 1500
20852.000 # 1500
20852.454 - 88 18.529 1
20852.478 - 88 18.418 1
20852.486 - 88 18.376 1
20852.492 - 88 17.892 1
20852.498 - 88 17.759 1
20852.505 - 88 6.985 1
20852.511 - 88 6.930 1
20852.517 - 88 6.889 1
20852.525 - 88 6.687 1
20853.000 # 1500
20853.000 # 1500
20853.326 + 88 1
20853.464 + 88 1
20853.515 + 88 1
20855.235 + 88 1
20855.309 + 88 1
20855.358 + 88 1
20856.000 # 1500
20858.000 # 1500
20860.000 # 1500
20864.337 - 88 11.011 1
20864.358 - 88 10.894 1
20864.366 - 88 10.851 1
20864.373 - 88 9.138 1
20864.380 - 88 9.071 1
20864.386 - 88 9.028 1
20872.260 + 88 1
20872.317 + 88 1
20872.517 + 88 1
20872.660 + 88 1
20872.712 + 88 1
20874.135 + 88 1
20874.193 + 88 1
20874.426 + 88 1
20874.608 + 88 1
20874.775 + 88 1
20874.917 + 88 1
20884.944 + 88 1
20885.080 + 88 1
20887.340 + 88 1
20890.359 + 88 1
20890.414 + 88 1
20892.000 # 1500
20892.000 # 1500
20892.000 # 1500
20892.000 # 1500
20892.000 # 1500
20893.000 # 1500
20893.000 # 1500
20893.000 # 1500
20893.000 # 1500
20893.000 # 1500
20893.000 # 1500
20893.000 # 1500
20893.000 # 1500
20893.000 # 1500
20893.426 - 88 21.166 1
20893.450 - 88 21.133 1
20893.459 - 88 20.942 1
20893.466 - 88 20.806 1
20893.473 - 88 20.761 1
20893.480 - 88 19.345 1
20893.487 - 88 19.294 1
20893.493 - 88 19.067 1
20893.499 - 88 18.891 1
20893.505 - 88 18.730 1
20893.512 - 88 18.595 1
20893.518 - 88 8.574 1
20893.524 - 88 8.444 1
20893.530 - 88 6.190 1
20893.537 - 88 3.178 1
20893.544 - 88 3.130 1
20893.629 + 88 1
20893.773 + 88 1
20893.824 + 88 1
20894.000 # 1500
20894.000 # 1500
20894.150 + 88 1
20894.286 - 88 0.657 1
20898.000 # 1500
20899.163 - 88 5.390 1
20899.187 - 88 5.363 1
20899.195 - 88 5.045 1
20901.000 # 1500
20902.945 + 88 1
20904.923 + 88 1
20905.000 # 1500
20905.000 # 1500
20905.061 + 88 1
20905.111 + 88 1
20905.161 + 88 1
20905.214 + 88 1
20905.445 - 88 2.500 1
20909.000 # 1500
20910.000 # 1500
20910.793 - 88 5.870 1
20910.820 - 88 5.759 1
20910.830 - 88 5.719 1
20910.838 - 88 5.677 1
20910.845 - 88 5.631 1
20912.000 # 1500
20914.756 + 88 1
20914.903 + 88 1
20915.000 # 1500
20917.000 # 1500
20920.000 # 1500
20922.000 # 1500
20924.000 # 1500
20926.000 # 1500
20928.000 # 1500
20929.718 - 88 14.962 1
20929.747 - 88 14.844 1
20929.936 + 88 1
20930.055 + 88 1
20930.104 + 88 1
20930.138 + 88 1
20930.172 + 88 1
20930.205 + 88 1
20930.240 + 88 1
20930.406 + 88 1
20930.516 + 88 1
20930.559 + 88 1
20930.595 + 88 1
20932.000 # 1500
20932.729 + 88 1
20932.854 + 88 1
20933.111 - 88 3.175 1
20933.133 - 88 3.078 1
20933.141 - 88 3.037 1
20933.148 - 88 3.010 1
20933.154 - 88 2.982 1
20933.160 - 88 2.955 1
20933.171 - 88 2.931 1
20933.177 - 88 2.771 1
20933.183 - 88 2.667 1
20933.190 - 88 2.631 1
20933.196 - 88 2.601 1
20934.000 # 1500
20937.000 # 1500
20939.755 - 88 7.026 1
20939.786 + 88 1
20939.827 + 88 1
20939.860 + 88 1
20939.951 - 88 7.097 1
20941.000 # 1500
20941.537 + 88 1
20941.899 - 88 2.113 1
20941.919 - 88 2.092 1
20941.928 - 88 2.068 1
20946.000 # 1500
20950.000 # 1500
20950.000 # 1500
20950.075 - 88 8.538 1
20950.091 + 88 1
20950.209 + 88 1
20953.000 # 1500
20953.839 - 88 3.748 1
20953.860 - 88 3.651 1
20955.013 + 88 1
20955.233 + 88 1
20955.275 + 88 1
20955.310 + 88 1
20955.345 + 88 1
20956.000 # 1500
20956.944 + 88 1
20956.984 - 88 1.971 1
20957.004 - 88 1.771 1
20957.011 - 88 1.736 1
20957.019 - 88 1.709 1
20957.026 - 88 1.681 1
20959.000 # 1500
20961.111 + 88 1
20961.204 - 88 4.260 1
20961.222 + 88 1
20963.000 # 1500
20963.000 + 88 1
20963.323 - 88 2.212 1
20963.342 - 88 2.120 1
20965.000 # 1500
20967.000 # 1500
20969.000 # 1500
20971.000 # 1500
20972.011 - 88 9.011 1
20976.938 + 88 1
20977.049 + 88 1
20977.084 + 88 1
20977.115 + 88 1
20977.145 + 88 1
20982.752 + 88 1
20982.875 + 88 1
20982.909 + 88 1
20983.000 # 1500
20983.000 # 1500
20984.000 # 1500
20984.623 - 88 7.685 1
20984.644 - 88 7.595 1
20984.652 - 88 7.568 1
20984.658 - 88 7.543 1
20984.665 - 88 7.520 1
20984.671 - 88 1.919 1
20984.679 - 88 1.804 1
20984.685 - 88 1.776 1
20984.847 + 88 1
20994.801 + 88 1
20994.912 + 88 1
20994.946 + 88 1
20994.977 + 88 1
20995.007 + 88 1
20995.039 + 88 1
21003.000 # 1500
21003.000 # 1500
21003.000 # 1500
21004.000 # 1500
21004.000 # 1500
21004.000 # 1500
21004.000 # 1500
21004.000 # 1500
21004.000 # 1500
21004.000 # 1500
21004.441 - 88 19.594 1
21004.461 - 88 9.660 1
21004.469 - 88 9.557 1
21004.476 - 88 9.530 1
21004.483 - 88 9.506 1
21004.554 - 88 9.547 1
21004.570 - 88 9.531 1
21004.758 + 88 1
21004.876 + 88 1
21004.916 + 88 1
21004.952 + 88 1
21004.986 + 88 1
21005.000 # 1500
21005.000 # 1500
21005.232 - 88 0.474 1
21005.256 - 88 0.380 1
21013.778 + 88 1
21013.890 + 88 1
21013.926 + 88 1
21014.795 + 88 1
21016.000 # 1500
21017.451 - 88 12.535 1
21017.471 - 88 12.519 1
21017.479 - 88 12.493 1
21017.486 - 88 3.708 1
21017.492 - 88 3.602 1
21017.499 - 88 3.573 1
21017.505 - 88 2.710 1
21019.000 # 1500
21019.000 # 1500
21019.000 # 1500
21019.000 # 1500
21019.000 # 1500
21024.224 + 88 1
21024.343 + 88 1
21024.379 + 88 1
21024.410 + 88 1
21027.000 # 1500
21027.000 # 1500
21027.000 # 1500
21027.000 # 1500
21027.000 # 1500
21028.032 - 88 3.808 1
21028.055 - 88 3.712 1
21028.072 - 88 3.693 1
21028.080 - 88 3.670 1
21034.087 + 88 1
21034.200 + 88 1
21034.235 + 88 1
21034.266 + 88 1
21035.276 + 88 1
21035.398 + 88 1
21036.000 # 1500
21036.000 # 1500
21037.127 - 88 3.040 1
21037.158 - 88 2.958 1
21037.167 - 88 2.932 1
21037.175 - 88 2.909 1
21037.181 - 88 1.905 1
21037.188 - 88 1.790 1
21043.944 + 88 1
21044.051 + 88 1
21044.086 + 88 1
21046.806 + 88 1
21046.946 + 88 1
21046.986 + 88 1
21048.166 + 88 1
21050.480 + 88 1
21052.000 # 1500
21052.000 # 1500
21052.000 # 1500
21052.000 # 1500
21052.000 # 1500
21052.053 + 88 1
21052.683 - 88 8.739 1
21052.709 - 88 8.658 1
21052.718 - 88 8.632 1
21052.725 - 88 5.919 1
21052.732 - 88 5.786 1
21052.739 - 88 5.753 1
21052.746 - 88 4.580 1
21052.754 - 88 2.274 1
21052.918 + 88 1
21053.000 # 1500
21053.895 - 88 1.842 1
21055.363 + 88 1
21056.000 # 1500
21056.000 # 1500
21056.000 # 1500
21056.000 # 1500
21056.000 # 1500
21057.037 - 88 4.119 1
21057.064 - 88 1.701 1
21063.468 + 88 1
21063.602 + 88 1
21063.658 + 88 1
21063.741 + 88 1
21064.049 + 88 1
21065.302 + 88 1
21066.000 # 1500
21066.000 # 1500
21066.000 # 1500
21066.000 # 1500
21066.000 # 1500
21067.000 # 1500
21067.005 - 88 3.537 1
21067.043 - 88 3.441 1
21067.051 - 88 3.393 1
21067.059 - 88 3.318 1
21067.065 - 88 3.016 1
21067.073 - 88 1.771 1
21067.205 + 88 1
21068.823 + 88 1
21069.000 # 1500
21070.000 # 1500
21070.787 - 88 3.582 1
21070.813 + 88 1
21070.818 - 88 1.995 1
21072.000 # 1500
21072.950 + 88 1
21073.303 - 88 2.490 1
21074.000 # 1500
21074.533 - 88 1.583 1
21075.000 # 1500
21077.000 # 1500
21078.000 # 1500
21081.000 # 1500
21082.000 # 1500
21082.284 + 88 1
21082.369 + 88 1
21083.000 # 1500
21083.141 + 88 1
21083.191 + 88 1
21083.203 + 88 1
21083.213 + 88 1
21083.372 - 88 1.088 1
21083.382 - 88 1.013 1
21084.566 + 88 1
21085.000 # 1500
21085.925 - 88 2.784 1
21085.935 - 88 2.744 1
21085.938 - 88 2.735 1
21085.941 - 88 2.728 1
21085.943 - 88 1.377 1
21086.000 # 1500
21090.000 # 1500
21090.000 # 1500
21094.291 + 88 1
21094.335 + 88 1
21094.346 + 88 1
21094.356 + 88 1
21096.271 + 88 1
21099.000 # 1500
21099.000 # 1500
21099.000 # 1500
21099.000 # 1500
21099.000 # 1500
21099.973 - 88 5.682 1
21099.986 - 88 5.651 1
21099.991 - 88 5.645 1
21099.993 - 88 5.637 1
21099.996 - 88 3.725 1
21101.000 # 1500
21103.207 + 88 1
21104.000 # 1500
21104.946 - 88 1.739 1
21105.150 + 88 1
21105.191 + 88 1
21105.209 + 88 1
21105.219 + 88 1
21106.000 # 1500
21107.000 # 1500
21107.111 - 88 1.961 1
21107.135 - 88 1.944 1
21107.143 - 88 1.934 1
21107.150 - 88 1.931 1
21107.440 + 88 1
21108.000 # 1500
21109.068 + 88 1
21109.171 - 88 1.731 1
21110.000 # 1500
21110.713 - 88 1.645 1
21111.124 + 88 1
21112.216 + 88 1
21113.000 # 1500
21113.000 # 1500
21113.780 - 88 2.656 1
21113.795 - 88 1.579 1
21115.000 # 1500
21121.578 + 88 1
21123.090 + 88 1
21123.107 + 88 1
21123.117 + 88 1
21125.519 + 88 1
21125.535 + 88 1
21127.000 # 1500
21127.000 # 1500
21127.000 # 1500
21127.000 # 1500
21127.000 # 1500
21127.000 # 1500
21128.000 # 1500
21128.397 - 88 6.819 1
21128.410 - 88 5.320 1
21128.413 - 88 5.306 1
21128.415 - 88 5.298 1
21128.417 - 88 2.898 1
21128.420 - 88 2.885 1
21129.000 # 1500
21131.000 # 1500
21132.000 # 1500
21134.124 + 88 1
21134.139 + 88 1
21134.149 + 88 1
21134.158 + 88 1
21134.168 + 88 1
21136.000 # 1500
21136.740 - 88 2.616 1
21136.769 - 88 2.630 1
21136.786 - 88 2.637 1
21136.800 - 88 2.642 1
21136.814 - 88 2.646 1
21138.000 # 1500
21138.000 # 1500
21140.000 # 1500
21141.000 # 1500
21143.000 # 1500
21144.000 # 1500
21145.167 + 88 1
21145.183 + 88 1
21145.193 + 88 1
21145.203 + 88 1
21145.212 + 88 1
21146.000 # 1500
21146.908 - 88 1.741 1
21146.922 - 88 1.739 1
21146.927 - 88 1.734 1
21146.932 - 88 1.729 1
21146.936 - 88 1.724 1
21147.000 # 1500
21149.000 # 1500
21151.000 # 1500
21153.000 # 1500
21153.000 # 1500
21153.126 + 88 1
21154.968 + 88 1
21154.982 + 88 1
21154.992 + 88 1
21155.001 + 88 1
21158.000 # 1500
21158.000 # 1500
21158.315 - 88 5.189 1
21158.330 - 88 3.362 1
21158.336 - 88 3.354 1
21158.340 - 88 3.348 1
21158.344 - 88 3.343 1
21159.000 # 1500
21160.000 # 1500
21163.000 # 1500
21163.000 # 1500
21163.537 + 88 1
21163.588 + 88 1
21163.600 + 88 1
21163.610 + 88 1
21165.000 # 1500
21166.377 - 88 2.840 1
21166.412 - 88 2.824 1
21166.430 - 88 2.830 1
21166.446 - 88 2.836 1
21166.468 + 88 1
21167.000 # 1500
21167.611 + 88 1
21167.925 - 88 1.457 1
21169.000 # 1500
21170.389 - 88 2.778 1
21170.422 + 88 1
21172.287 + 88 1
21173.000 # 1500
21173.000 # 1500
21173.000 # 1500
21174.185 + 88 1
21175.000 - 88 4.578 1
21175.046 - 88 2.759 1
21184.000 # 1500
21184.000 # 1500
21185.232 + 88 1
21185.249 + 88 1
21185.259 + 88 1
21185.269 + 88 1
21185.279 + 88 1
21185.389 - 88 11.204 1
21186.000 # 1500
21186.409 + 88 1
21186.685 - 88 1.453 1
21186.697 - 88 1.448 1
21186.700 - 88 1.441 1
21186.702 - 88 1.433 1
21186.705 - 88 1.426 1
21187.000 # 1500
21187.759 - 88 1.350 1
21188.000 # 1500
21189.278 + 88 1
21192.000 # 1500
21192.677 - 88 3.399 1
21193.000 # 1500
21194.000 # 1500
21194.000 # 1500
21195.000 # 1500
21196.000 # 1500
21198.000 # 1500
21199.797 + 88 1
21199.814 + 88 1
21200.000 # 1500
21200.474 + 88 1
21200.630 - 88 0.833 1
21200.642 - 88 0.828 1
21201.000 # 1500
21201.775 - 88 1.301 1
21203.000 # 1500
21204.510 + 88 1
21204.524 + 88 1
21204.535 + 88 1
21204.544 + 88 1
21209.000 # 1500
21209.000 # 1500
21209.000 # 1500
21210.000 # 1500
21210.221 - 88 5.711 1
21210.233 - 88 5.709 1
21210.236 - 88 5.701 1
21210.239 - 88 5.695 1
21211.000 # 1500
21213.000 # 1500
21213.408 + 88 1
21213.425 + 88 1
21213.435 + 88 1
21213.444 + 88 1
21213.454 + 88 1
21214.000 # 1500
21214.820 + 88 1
21215.011 - 88 1.603 1
21215.024 - 88 1.599 1
21215.028 - 88 1.593 1
21215.031 - 88 1.587 1
21215.033 - 88 1.579 1
21216.000 # 1500
21217.000 # 1500
21217.928 - 88 3.108 1
21219.000 # 1500
21221.000 # 1500
21222.000 # 1500
21224.000 # 1500
21224.210 + 88 1
21224.358 + 88 1
21224.375 + 88 1
21224.385 + 88 1
21224.395 + 88 1
21225.000 # 1500
21226.015 - 88 1.805 1
21226.026 - 88 1.668 1
21226.029 - 88 1.654 1
21226.032 - 88 1.647 1
21226.034 - 88 1.639 1
21227.000 # 1500
21229.000 # 1500
21230.000 # 1500
21231.000 # 1500
21233.000 # 1500
21233.791 + 88 1
21233.841 + 88 1
21233.854 + 88 1
21234.880 + 88 1
21234.893 + 88 1
21235.000 # 1500
21236.000 # 1500
21236.192 - 88 2.401 1
21236.217 - 88 2.376 1
21236.220 - 88 2.366 1
21236.224 - 88 1.344 1
21236.226 - 88 1.333 1
21238.000 # 1500
21240.000 # 1500
21241.000 # 1500
21243.000 # 1500
21244.924 + 88 1
21244.974 + 88 1
21244.987 + 88 1
21244.997 + 88 1
21246.000 # 1500
21246.691 - 88 1.767 1
21246.704 - 88 1.730 1
21246.707 - 88 1.720 1
21246.709 - 88 1.712 1
21247.000 # 1500
21248.000 # 1500
21250.244 + 88 1
21252.000 # 1500
21253.000 # 1500
21253.000 # 1500
21253.210 - 88 2.966 1
21253.344 + 88 1
21253.367 + 88 1
21253.382 + 88 1
21254.214 + 88 1
21254.234 + 88 1
21255.000 # 1500
21256.090 - 88 2.746 1
21256.108 - 88 2.741 1
21256.111 - 88 2.729 1
21256.115 - 88 1.901 1
21256.118 - 88 1.884 1
21257.000 # 1500
21258.000 # 1500
21260.000 # 1500
21261.000 # 1500
21263.000 # 1500
21264.279 + 88 1
21264.339 + 88 1
21264.356 + 88 1
21264.370 + 88 1
21265.000 # 1500
21265.906 - 88 1.627 1
21265.920 - 88 1.581 1
21265.924 - 88 1.568 1
21265.926 - 88 1.556 1
21266.000 # 1500
21268.000 # 1500
21269.000 # 1500
21270.882 + 88 1
21271.000 # 1500
21273.000 # 1500
21273.674 - 88 2.792 1
21274.000 # 1500
21275.455 + 88 1
21276.000 # 1500
21276.618 + 88 1
21276.668 + 88 1
21276.953 - 88 1.498 1
21277.000 # 1500
21277.981 - 88 1.363 1
21277.996 - 88 1.328 1
21279.000 # 1500
21280.000 # 1500
21282.000 # 1500
21284.000 # 1500
21284.511 + 88 1
21284.563 + 88 1
21284.579 + 88 1
21284.595 + 88 1
21284.610 + 88 1
21285.000 # 1500
21286.606 - 88 2.095 1
21286.628 - 88 2.065 1
21286.636 - 88 2.057 1
21286.644 - 88 2.049 1
21286.710 - 88 2.100 1
21288.000 # 1500
21289.000 # 1500
21290.000 # 1500
21294.421 + 88 1
21294.467 + 88 1
21294.479 + 88 1
21294.489 + 88 1
21294.499 + 88 1
21301.000 # 1500
21301.000 # 1500
21301.000 # 1500
21301.000 # 1500
21301.000 # 1500
21301.000 # 1500
21302.125 - 88 7.704 1
21302.147 - 88 7.680 1
21302.156 - 88 7.677 1
21302.163 - 88 7.674 1
21302.170 - 88 7.671 1
21303.999 + 88 1
21304.000 # 1500
21304.043 + 88 1
21304.060 + 88 1
21304.070 + 88 1
21304.456 + 88 1
21304.497 + 88 1
21309.000 # 1500
21309.000 # 1500
21310.000 # 1500
21310.167 - 88 6.168 1
21310.190 - 88 6.147 1
21310.199 - 88 6.139 1
21310.206 - 88 6.136 1
21310.213 - 88 5.757 1
21310.220 - 88 5.723 1
21311.000 # 1500
21312.000 # 1500
21314.000 # 1500
21315.925 + 88 1
21315.972 + 88 1
21316.000 # 1500
21316.008 + 88 1
21316.105 + 88 1
21316.123 + 88 1
21316.208 - 88 0.283 1
21318.000 # 1500
21318.735 - 88 2.763 1
21318.749 - 88 2.741 1
21318.756 - 88 2.651 1
21318.763 - 88 2.640 1
21319.000 # 1500
21323.000 # 1500
21323.000 # 1500
21324.000 # 1500
21324.576 + 88 1
21324.622 + 88 1
21324.633 + 88 1
21324.643 + 88 1
21324.657 + 88 1
21326.000 # 1500
21327.000 # 1500
21327.389 - 88 2.813 1
21327.400 - 88 2.778 1
21327.403 - 88 2.770 1
21327.405 - 88 2.762 1
21327.408 - 88 2.751 1
21328.000 # 1500
21331.000 # 1500
21332.000 # 1500
21333.000 # 1500
21333.356 + 88 1
21333.400 + 88 1
21334.624 + 88 1
21334.667 + 88 1
21334.679 + 88 1
21334.688 + 88 1
21335.000 # 1500
21335.231 - 88 1.875 1
21335.244 - 88 1.844 1
21335.247 - 88 0.623 1
21339.000 # 1500
21339.000 # 1500
21340.000 # 1500
21340.146 - 88 5.479 1
21340.170 - 88 5.491 1
21340.178 - 88 5.490 1
21343.000 # 1500
21343.000 # 1500
21344.987 + 88 1
21345.000 # 1500
21345.029 + 88 1
21345.041 + 88 1
21345.050 + 88 1
21345.060 + 88 1
21347.000 # 1500
21347.905 - 88 2.918 1
21348.000 # 1500
21348.009 - 88 2.980 1
21348.036 - 88 2.995 1
21348.044 - 88 2.994 1
21348.051 - 88 2.991 1
21350.000 # 1500
21351.000 # 1500
21353.194 + 88 1
21353.235 + 88 1
21353.247 + 88 1
21354.000 # 1500
21354.740 + 88 1
21354.780 + 88 1
21355.000 # 1500
21355.186 - 88 1.992 1
21355.208 - 88 1.973 1
21355.337 - 88 2.090 1
21356.000 # 1500
21356.839 - 88 2.099 1
21356.852 - 88 2.072 1
21358.000 # 1500
21360.000 # 1500
21361.000 # 1500
21362.000 # 1500
21364.000 # 1500
21364.335 + 88 1
21364.630 + 88 1
21364.686 + 88 1
21364.721 + 88 1
21366.000 # 1500
21367.000 # 1500
21368.000 # 1500
21368.479 - 88 4.144 1
21368.490 - 88 3.860 1
21368.493 - 88 3.807 1
21368.496 - 88 3.775 1
21370.518 + 88 1
21371.000 # 1500
21372.000 # 1500
21372.356 - 88 1.838 1
21373.634 + 88 1
21373.677 + 88 1
21373.689 + 88 1
21373.699 + 88 1
21376.000 # 1500
21377.000 # 1500
21377.000 # 1500
21377.290 - 88 3.656 1
21377.299 - 88 3.622 1
21377.302 - 88 3.613 1
21377.305 - 88 3.606 1
21379.000 # 1500
21380.000 # 1500
21384.064 + 88 1
21384.107 + 88 1
21384.118 + 88 1
21384.128 + 88 1
21385.208 + 88 1
21391.000 # 1500
21391.000 # 1500
21391.000 # 1500
21391.000 # 1500
21391.000 # 1500
21391.807 - 88 7.743 1
21391.897 - 88 7.790 1
21391.901 - 88 7.783 1
21391.903 - 88 7.775 1
21391.944 - 88 6.736 1
21393.961 + 88 1
21394.003 + 88 1
21394.014 + 88 1
21394.024 + 88 1
21394.039 + 88 1
21401.000 # 1500
21401.000 # 1500
21401.000 # 1500
21401.614 - 88 7.653 1
21401.623 - 88 7.620 1
21401.630 - 88 7.616 1
21401.632 - 88 7.608 1
21401.635 - 88 7.596 1
21403.000 # 1500
21404.138 + 88 1
21404.180 + 88 1
21404.191 + 88 1
21404.202 + 88 1
21404.211 + 88 1
21404.221 + 88 1
21406.000 # 1500
21406.759 - 88 2.621 1
21406.772 - 88 2.592 1
21406.775 - 88 2.584 1
21406.777 - 88 2.575 1
21406.779 - 88 2.568 1
21406.782 - 88 2.561 1
21408.000 # 1500
21410.000 # 1500
21412.000 # 1500
21412.000 # 1500
21413.000 # 1500
21413.464 + 88 1
21413.507 + 88 1
21413.518 + 88 1
21413.527 + 88 1
21414.000 # 1500
21414.426 + 88 1
21414.465 + 88 1
21414.666 - 88 1.202 1
21414.675 - 88 1.168 1
21414.677 - 88 1.159 1
21414.680 - 88 1.153 1
21418.000 # 1500
21419.000 # 1500
21419.362 - 88 4.936 1
21419.378 - 88 4.913 1
21420.000 # 1500
21423.000 # 1500
21423.000 # 1500
21423.502 + 88 1
21423.516 + 88 1
21423.526 + 88 1
21424.494 + 88 1
21424.536 + 88 1
21425.000 # 1500
21426.000 # 1500
21426.125 - 88 2.623 1
21426.134 - 88 2.618 1
21426.137 - 88 2.611 1
21426.139 - 88 1.645 1
21426.142 - 88 1.606 1
21428.000 # 1500
21429.000 # 1500
21431.000 # 1500
21433.000 # 1500
21433.918 + 88 1
21433.963 + 88 1
21433.974 + 88 1
21433.984 + 88 1
21434.000 # 1500
21434.968 + 88 1
21439.000 # 1500
21439.000 # 1500
21439.822 - 88 5.904 1
21439.831 - 88 5.868 1
21439.834 - 88 5.860 1
21439.836 - 88 5.852 1
21439.839 - 88 4.871 1
21440.000 # 1500
21440.000 # 1500
21442.000 # 1500
21443.798 + 88 1
21444.000 # 1500
21444.832 + 88 1
21444.871 + 88 1
21444.882 + 88 1
21444.892 + 88 1
21444.902 + 88 1
21445.000 # 1500
21445.072 - 88 1.274 1
21445.081 - 88 0.249 1
21445.084 - 88 0.213 1
21445.086 - 88 0.204 1
21447.642 + 88 1
21447.681 + 88 1
21448.000 # 1500
21448.000 # 1500
21449.632 - 88 4.740 1
21449.669 - 88 4.767 1
21449.678 - 88 2.036 1
21449.686 - 88 2.005 1
21450.019 + 88 1
21451.602 + 88 1
21452.516 + 88 1
21461.429 + 88 1
21463.000 # 1500
21464.000 # 1500
21464.000 # 1500
21464.017 - 88 13.998 1
21464.039 - 88 12.437 1
21464.044 + 88 1
21464.048 - 88 11.532 1
21464.055 - 88 2.626 1
21464.089 + 88 1
21465.000 # 1500
21465.000 # 1500
21465.000 # 1500
21465.323 + 88 1
21465.364 + 88 1
21465.375 + 88 1
21465.711 - 88 1.667 1
21465.723 - 88 1.634 1
21466.000 # 1500
21467.000 # 1500
21467.038 - 88 1.715 1
21467.061 - 88 1.697 1
21467.069 - 88 1.694 1
21468.000 # 1500
21472.000 # 1500
21474.000 # 1500
21474.130 + 88 1
21474.174 + 88 1
21474.185 + 88 1
21474.195 + 88 1
21475.000 # 1500
21475.863 - 88 1.733 1
21475.873 - 88 1.699 1
21475.876 - 88 1.691 1
21475.878 - 88 1.683 1
21476.000 # 1500
21477.000 # 1500
21480.000 # 1500
21481.000 # 1500
21482.000 # 1500
21484.000 # 1500
21485.000 # 1500
21485.691 + 88 1
21485.734 + 88 1
21485.746 + 88 1
21485.756 + 88 1
21485.768 + 88 1
21486.746 + 88 1
21486.792 + 88 1
21486.804 + 88 1
21487.000 # 1500
21488.434 - 88 2.743 1
21488.444 - 88 2.710 1
21488.446 - 88 2.700 1
21488.449 - 88 2.693 1
21488.452 - 88 2.684 1
21488.454 - 88 1.708 1
21488.456 - 88 1.664 1
21488.459 - 88 1.655 1
21489.000 # 1500
21489.000 # 1500
21489.682 + 88 1
21489.722 + 88 1
21490.358 + 88 1
21493.000 # 1500
21493.470 + 88 1
21493.684 - 88 4.002 1
21493.693 - 88 3.971 1
21493.697 - 88 3.339 1
21494.505 + 88 1
21495.000 # 1500
21496.000 # 1500
21496.268 - 88 2.798 1
21496.277 - 88 1.772 1
21497.000 # 1500
21499.000 # 1500
21500.000 # 1500
21501.000 # 1500
21503.512 + 88 1
21503.554 + 88 1
21504.000 # 1500
21504.000 # 1500
21504.480 + 88 1
21504.520 + 88 1
21504.532 + 88 1
21504.541 + 88 1
21504.721 - 88 1.209 1
21504.730 - 88 1.176 1
21506.000 # 1500
21507.000 # 1500
21507.243 - 88 2.763 1
21507.253 - 88 2.733 1
21507.256 - 88 2.724 1
21507.258 - 88 2.717 1
21508.000 # 1500
21509.000 # 1500
21511.000 # 1500
21513.000 # 1500
21513.527 + 88 1
21513.571 + 88 1
21513.582 + 88 1
21514.000 # 1500
21515.897 - 88 2.370 1
21515.912 - 88 2.341 1
21515.914 - 88 2.332 1
21516.000 # 1500
21517.000 # 1500
21518.982 + 88 1
21519.000 # 1500
21520.000 # 1500
21520.744 - 88 1.762 1
21522.000 # 1500
21523.912 + 88 1
21523.954 + 88 1
21524.000 # 1500
21525.000 # 1500
21525.647 - 88 1.735 1
21525.657 - 88 1.703 1
21526.697 + 88 1
21526.738 + 88 1
21527.000 # 1500
21528.466 - 88 1.769 1
21528.475 - 88 1.737 1
21529.000 # 1500
21530.000 # 1500
21531.000 # 1500
21533.000 # 1500
21534.000 # 1500
21536.483 + 88 1
21536.525 + 88 1
21536.536 + 88 1
21536.546 + 88 1
21536.556 + 88 1
21543.351 + 88 1
21543.390 + 88 1
21544.000 # 1500
21544.000 # 1500
21544.000 # 1500
21544.000 # 1500
21544.000 # 1500
21544.000 # 1500
21544.311 + 88 1
21544.350 + 88 1
21544.365 + 88 1
21544.375 + 88 1
21544.675 - 88 8.192 1
21544.685 - 88 8.160 1
21544.688 - 88 8.152 1
21544.690 - 88 8.144 1
21544.692 - 88 8.136 1
21544.695 - 88 1.344 1
21544.697 - 88 1.307 1
21545.000 # 1500
21545.412 + 88 1
21545.636 - 88 1.325 1
21545.645 - 88 1.295 1
21545.648 - 88 1.283 1
21545.651 - 88 1.276 1
21546.000 # 1500
21547.344 + 88 1
21547.681 - 88 2.269 1
21548.000 # 1500
21549.000 # 1500
21549.077 - 88 1.733 1
21549.292 + 88 1
21549.333 + 88 1
21550.000 # 1500
21551.130 - 88 1.838 1
21551.138 - 88 1.805 1
21553.317 + 88 1
21553.357 + 88 1
21561.000 # 1500
21561.000 # 1500
21561.000 # 1500
21561.676 - 88 8.359 1
21561.685 - 88 8.328 1
21562.000 # 1500
21564.000 # 1500
21564.063 + 88 1
21564.107 + 88 1
21564.118 + 88 1
21564.877 + 88 1
21564.914 + 88 1
21567.000 # 1500
21568.000 # 1500
21568.747 - 88 4.684 1
21568.756 - 88 4.649 1
21568.759 - 88 4.641 1
21568.761 - 88 3.884 1
21568.764 - 88 3.850 1
21571.543 + 88 1
21573.000 # 1500
21573.723 + 88 1
21573.763 + 88 1
21573.774 + 88 1
21573.910 - 88 2.367 1
21576.065 + 88 1
21576.150 + 88 1
21577.000 # 1500
21577.000 # 1500
21577.000 # 1500
21577.000 # 1500
21577.574 - 88 3.851 1
21577.583 - 88 3.820 1
21577.586 - 88 3.812 1
21577.588 - 88 1.523 1
21577.590 - 88 1.440 1
21578.000 # 1500
21581.000 # 1500
21581.000 # 1500
21583.413 + 88 1
21583.426 + 88 1
21583.436 + 88 1
21584.000 # 1500
21584.336 + 88 1
21584.375 + 88 1
21584.557 - 88 1.144 1
21584.566 - 88 1.140 1
21584.569 - 88 1.133 1
21586.554 + 88 1
21588.205 + 88 1
21589.000 # 1500
21589.000 # 1500
21589.387 + 88 1
21589.728 - 88 5.392 1
21589.737 - 88 5.362 1
21589.740 - 88 3.186 1
21589.742 - 88 1.537 1
21590.000 # 1500
21590.473 + 88 1
21590.694 - 88 1.307 1
21592.144 + 88 1
21593.203 + 88 1
21600.000 # 1500
21600.892 - 88 10.419 1
21600.901 - 88 8.757 1
21600.904 - 88 7.701 1
21601.000 # 1500
21603.170 + 88 1
21603.183 + 88 1
21603.197 + 88 1
21604.707 + 88 1
21605.850 + 88 1
21605.867 + 88 1
21608.000 # 1500
21609.651 - 88 6.481 1
21609.664 - 88 6.481 1
21609.667 - 88 6.470 1
21609.669 - 88 4.962 1
21609.672 - 88 3.822 1
21609.674 - 88 3.807 1
21612.000 # 1500
21612.000 # 1500
21615.000 # 1500
21615.541 + 88 1
21615.631 + 88 1
21615.649 + 88 1
21615.664 + 88 1
21620.000 # 1500
21621.476 - 88 5.935 1
21621.485 - 88 5.854 1
21621.488 - 88 5.839 1
21621.491 - 88 5.827 1
21621.584 + 88 1
21621.603 + 88 1
21623.000 # 1500
21623.410 + 88 1
21623.604 - 88 2.020 1
21623.613 - 88 2.010 1
21627.153 + 88 1
21627.230 + 88 1
21627.247 + 88 1
21627.262 + 88 1
21627.277 + 88 1
21628.000 # 1500
21628.283 + 88 1
21628.482 - 88 5.072 1
21628.491 - 88 1.338 1
21628.493 - 88 1.263 1
21628.496 - 88 1.249 1
21628.498 - 88 1.236 1
21628.500 - 88 1.223 1
21631.000 # 1500
21631.195 + 88 1
21631.424 - 88 3.141 1
21633.109 + 88 1
21636.000 # 1500
21636.865 - 88 5.670 1
21636.874 - 88 3.765 1
21638.000 # 1500
21642.714 + 88 1
21642.766 + 88 1
21643.000 # 1500
21643.862 + 88 1
21643.911 + 88 1
21644.115 - 88 1.401 1
21644.124 - 88 1.358 1
21644.924 + 88 1
21644.943 + 88 1
21644.958 + 88 1
21647.000 # 1500
21647.859 - 88 3.997 1
21648.082 - 88 4.171 1
21648.090 - 88 3.166 1
21648.093 - 88 3.150 1
21648.095 - 88 3.137 1
21650.000 # 1500
21654.000 # 1500
21654.578 + 88 1
21654.632 + 88 1
21654.649 + 88 1
21654.664 + 88 1
21654.678 + 88 1
21657.000 # 1500
21658.390 - 88 3.812 1
21658.401 - 88 3.769 1
21658.404 - 88 3.755 1
21658.407 - 88 3.743 1
21658.410 - 88 3.732 1
21662.000 # 1500
21664.225 + 88 1
21664.250 + 88 1
21664.265 + 88 1
21664.280 + 88 1
21664.295 + 88 1
21664.310 + 88 1
21666.000 # 1500
21667.138 - 88 2.913 1
21667.149 - 88 2.899 1
21667.152 - 88 2.887 1
21667.154 - 88 2.874 1
21667.156 - 88 2.861 1
21667.158 - 88 2.848 1
21670.000 # 1500
21673.950 + 88 1
21673.972 + 88 1
21673.987 + 88 1
21674.002 + 88 1
21674.026 + 88 1
21674.041 + 88 1
21675.000 # 1500
21676.159 - 88 2.209 1
21676.181 - 88 2.209 1
21676.189 - 88 2.202 1
21676.197 - 88 2.195 1
21676.203 - 88 2.177 1
21676.210 - 88 2.169 1
21680.000 # 1500
21684.000 # 1500
21688.000 # 1500
21688.699 + 88 1
21688.722 + 88 1
21688.738 + 88 1
21690.427 + 88 1
21690.457 + 88 1
21693.000 # 1500
21695.337 + 88 1
21695.363 + 88 1
21695.382 + 88 1
21695.401 + 88 1
21695.418 - 88 6.719 1
21695.420 + 88 1
21695.443 - 88 6.721 1
21695.452 - 88 6.714 1
21695.459 - 88 5.032 1
21695.465 - 88 5.008 1
21696.000 # 1500
21697.396 - 88 2.059 1
21697.408 - 88 2.045 1
21697.411 - 88 2.029 1
21697.413 - 88 2.012 1
21697.416 - 88 1.996 1
21700.000 # 1500
21704.000 # 1500
21705.305 + 88 1
21705.358 + 88 1
21705.374 + 88 1
21705.389 + 88 1
21705.404 + 88 1
21705.418 + 88 1
21712.000 # 1500
21712.000 # 1500
21712.913 - 88 7.608 1
21712.924 - 88 7.566 1
21712.927 - 88 7.553 1
21712.932 - 88 7.543 1
21712.935 - 88 7.531 1
21712.937 - 88 7.519 1
21714.000 # 1500
21714.070 + 88 1
21714.130 + 88 1
21716.000 # 1500
21716.924 - 88 2.854 1
21716.935 - 88 2.805 1
21717.000 # 1500
21717.029 + 88 1
21717.103 + 88 1
21717.119 + 88 1
21719.000 # 1500
21719.760 - 88 2.731 1
21719.771 - 88 2.668 1
21719.775 - 88 2.656 1
21721.000 # 1500
21723.827 + 88 1
21723.891 + 88 1
21724.000 # 1500
21724.114 - 88 0.287 1
21725.800 + 88 1
21725.942 + 88 1
21725.996 + 88 1
21726.000 # 1500
21726.177 + 88 1
21726.336 - 88 2.445 1
21726.358 - 88 0.558 1
21727.000 # 1500
21727.724 - 88 1.782 1
21727.745 - 88 1.749 1
21727.753 - 88 1.576 1
21730.000 # 1500
21733.000 # 1500
21733.598 + 88 1
21733.762 + 88 1
21733.817 + 88 1
21735.000 # 1500
21735.582 - 88 1.984 1
21735.609 - 88 1.847 1
21735.628 - 88 1.811 1
21738.000 # 1500
21738.518 + 88 1
21738.823 + 88 1
21738.891 + 88 1
21740.000 # 1500
21741.405 - 88 2.887 1
21741.428 - 88 2.605 1
21741.437 - 88 2.546 1
21743.000 # 1500
21745.000 # 1500
21745.264 + 88 1
21745.415 + 88 1
21745.468 + 88 1
21745.517 + 88 1
21745.911 + 88 1
21748.000 # 1500
21749.198 - 88 3.934 1
21749.221 - 88 3.806 1
21749.229 - 88 3.761 1
21749.236 - 88 3.719 1
21749.242 - 88 3.331 1
21750.000 # 1500
21753.062 + 88 1
21753.227 + 88 1
21754.000 # 1500
21755.050 + 88 1
21755.112 + 88 1
21755.126 - 88 2.064 1
21755.146 - 88 1.919 1
21755.163 + 88 1
21755.212 + 88 1
21756.000 # 1500
21756.955 - 88 1.905 1
21756.976 - 88 1.864 1
21756.984 - 88 1.821 1
21756.991 - 88 1.779 1
21758.000 # 1500
21764.000 # 1500
21764.000 # 1500
21765.759 + 88 1
21766.158 + 88 1
21766.210 + 88 1
21766.484 + 88 1
21768.000 # 1500
21769.000 # 1500
21769.617 - 88 3.858 1
21769.639 - 88 3.481 1
21769.648 - 88 3.438 1
21769.655 - 88 3.171 1
21770.675 + 88 1
21770.820 + 88 1
21772.000 # 1500
21773.631 - 88 2.956 1
21773.653 - 88 2.833 1
21774.000 # 1500
21774.590 + 88 1
21774.742 + 88 1
21777.000 # 1500
21778.431 - 88 3.841 1
21778.450 - 88 3.708 1
21779.000 # 1500
21781.000 # 1500
21781.385 + 88 1
21781.534 + 88 1
21784.000 # 1500
21785.335 - 88 3.950 1
21785.356 - 88 3.822 1
21790.156 + 88 1
21790.296 + 88 1
21790.347 + 88 1
21790.396 + 88 1
21790.582 + 88 1
21792.106 + 88 1
21792.268 + 88 1
21795.919 + 88 1
21798.069 + 88 1
21798.221 + 88 1
21799.941 + 88 1
21801.878 + 88 1
21803.834 + 88 1
21804.367 + 88 1
21806.768 + 88 1
21808.761 + 88 1
21818.490 + 88 1
21818.649 + 88 1
21818.702 + 88 1
21818.750 + 88 1
21819.097 + 88 1
21819.248 + 88 1
21819.399 + 88 1
21821.000 # 1500
21821.000 # 1500
21821.000 # 1500
21822.000 # 1500
21822.000 # 1500
21822.000 # 1500
21822.000 # 1500
21822.000 # 1500
21822.000 # 1500
21822.753 + 88 1
21822.833 - 88 32.677 1
21822.854 - 88 32.558 1
21822.863 - 88 32.516 1
21822.870 - 88 32.474 1
21822.876 - 88 32.294 1
21822.883 - 88 30.777 1
21822.889 - 88 30.621 1
21822.894 + 88 1
21822.895 - 88 26.976 1
21822.902 - 88 24.833 1
21822.908 - 88 24.687 1
21822.915 - 88 22.974 1
21822.921 - 88 21.043 1
21822.928 - 88 19.094 1
21822.935 - 88 18.568 1
21822.941 - 88 16.173 1
21822.947 - 88 14.186 1
21822.953 - 88 4.463 1
21822.959 - 88 4.310 1
21822.966 - 88 4.264 1
21822.973 - 88 4.223 1
21822.980 - 88 3.883 1
21822.986 - 88 3.738 1
21822.992 - 88 3.593 1
21823.000 # 1500
21823.000 # 1500
21823.000 # 1500
21823.000 # 1500
21823.000 # 1500
21823.000 # 1500
21823.247 - 88 0.494 1
21824.400 + 88 1
21825.000 # 1500
21826.355 - 88 3.461 1
21826.380 - 88 1.980 1
21827.000 # 1500
21827.244 + 88 1
21827.387 + 88 1
21829.424 + 88 1
21830.000 # 1500
21831.376 - 88 4.132 1
21831.399 - 88 4.012 1
21831.406 - 88 1.982 1
21831.610 + 88 1
21831.720 + 88 1
21833.000 # 1500
21833.306 + 88 1
21833.670 - 88 2.060 1
21833.691 - 88 1.971 1
21834.000 # 1500
21835.236 + 88 1
21835.296 - 88 1.990 1
21835.349 + 88 1
21836.000 # 1500
21837.261 + 88 1
21837.341 - 88 2.105 1
21837.360 - 88 2.011 1
21838.000 # 1500
21839.140 + 88 1
21839.372 - 88 2.111 1
21840.000 # 1500
21841.198 - 88 2.058 1
21841.302 + 88 1
21841.598 + 88 1
21842.000 # 1500
21844.178 - 88 2.876 1
21844.200 - 88 2.602 1
21844.385 + 88 1
21844.670 + 88 1
21846.000 # 1500
21847.000 # 1500
21847.787 + 88 1
21848.037 - 88 3.652 1
21848.062 - 88 3.392 1
21849.000 # 1500
21849.769 + 88 1
21850.020 - 88 2.233 1
21850.059 + 88 1
21851.000 # 1500
21851.746 - 88 1.977 1
21851.767 - 88 1.708 1
21852.382 + 88 1
21853.691 + 88 1
21855.000 # 1500
21855.681 + 88 1
21855.985 - 88 3.603 1
21856.012 - 88 2.321 1
21857.000 # 1500
21857.578 + 88 1
21858.073 + 88 1
21858.388 - 88 2.707 1
21859.000 # 1500
21859.968 - 88 2.390 1
21859.989 - 88 1.916 1
21860.026 + 88 1
21861.523 + 88 1
21861.640 + 88 1
21862.000 # 1500
21863.543 + 88 1
21863.769 - 88 3.743 1
21863.792 - 88 2.269 1
21863.801 - 88 2.161 1
21864.000 # 1500
21866.397 + 88 1
21866.462 - 88 2.919 1
21867.000 # 1500
21868.000 # 1500
21868.333 + 88 1
21868.346 - 88 1.949 1
21870.227 + 88 1
21870.364 + 88 1
21871.000 # 1500
21872.000 # 1500
21872.287 - 88 3.954 1
21872.308 - 88 2.081 1
21872.317 - 88 1.953 1
21872.343 + 88 1
21874.361 + 88 1
21874.520 + 88 1
21876.277 + 88 1
21878.036 + 88 1
21878.186 + 88 1
21880.053 + 88 1
21882.067 + 88 1
21885.000 # 1500
21885.000 # 1500
21885.000 # 1500
21885.000 # 1500
21885.000 # 1500
21885.000 # 1500
21885.970 - 88 13.627 1
21886.000 # 1500
21886.002 - 88 11.641 1
21886.012 - 88 11.492 1
21886.019 - 88 9.742 1
21886.025 - 88 7.989 1
21886.031 - 88 7.845 1
21886.038 - 88 5.985 1
21886.044 - 88 3.977 1
21888.976 + 88 1
21889.000 # 1500
21889.162 + 88 1
21889.224 + 88 1
21889.278 + 88 1
21889.783 + 88 1
21891.836 + 88 1
21892.000 # 1500
21892.451 - 88 3.475 1
21892.484 - 88 3.322 1
21892.494 + 88 1
21892.495 - 88 3.271 1
21892.503 - 88 3.225 1
21892.509 - 88 2.726 1
21893.000 # 1500
21894.470 - 88 2.634 1
21894.495 - 88 2.001 1
21895.000 # 1500
21895.823 + 88 1
21895.974 + 88 1
21896.000 # 1500
21898.000 # 1500
21898.822 - 88 2.999 1
21898.856 - 88 2.882 1
21900.000 # 1500
21902.000 # 1500
21904.000 # 1500
21905.503 + 88 1
21905.691 + 88 1
21906.000 # 1500
21907.540 - 88 2.037 1
21907.585 - 88 1.894 1
21910.000 # 1500
21910.000 # 1500
21910.384 + 88 1
21910.547 + 88 1
21910.602 + 88 1
21910.657 + 88 1
21910.894 + 88 1
21912.000 # 1500
21912.422 - 88 2.038 1
21912.448 - 88 1.901 1
21912.457 - 88 1.855 1
21912.464 - 88 1.807 1
21912.470 - 88 1.576 1
21913.000 # 1500
21915.000 # 1500
21918.000 # 1500
21918.000 # 1500
21920.000 # 1500
21921.278 + 88 1
21921.425 + 88 1
21921.477 + 88 1
21921.525 + 88 1
21921.574 + 88 1
21921.743 + 88 1
21923.000 # 1500
21923.272 + 88 1
21924.000 # 1500
21924.271 - 88 2.993 1
21924.308 - 88 2.883 1
21924.318 - 88 2.841 1
21924.325 - 88 2.800 1
21924.332 - 88 2.758 1
21924.338 - 88 2.595 1
21924.344 - 88 1.072 1
21924.983 + 88 1
21925.150 + 88 1
21926.947 + 88 1
21927.000 # 1500
21927.505 - 88 2.522 1
21927.528 - 88 2.378 1
21928.000 # 1500
21928.886 - 88 1.939 1
21930.000 # 1500
21930.932 + 88 1
21931.000 # 1500
21931.133 + 88 1
21931.213 + 88 1
21933.000 # 1500
21933.956 - 88 3.024 1
21933.989 - 88 2.856 1
21933.998 - 88 2.785 1
21934.338 + 88 1
21936.000 # 1500
21936.087 + 88 1
21936.505 - 88 2.167 1
21937.000 # 1500
21937.574 - 88 1.487 1
21937.657 + 88 1
21939.000 # 1500
21940.000 # 1500
21942.000 # 1500
21942.700 + 88 1
21942.850 + 88 1
21942.901 + 88 1
21943.280 - 88 5.623 1
21944.508 + 88 1
21947.499 + 88 1
21947.683 + 88 1
21957.355 + 88 1
21957.520 + 88 1
21957.575 + 88 1
21957.627 + 88 1
21957.798 + 88 1
21957.976 + 88 1
21958.153 + 88 1
21960.155 + 88 1
21962.080 + 88 1
21964.019 + 88 1
21964.218 + 88 1
21968.828 + 88 1
21970.175 + 88 1
21977.806 + 88 1
21977.951 + 88 1
21978.000 # 1500
21978.000 # 1500
21978.000 # 1500
21978.004 + 88 1
21978.373 - 88 35.673 1
21978.408 - 88 35.558 1
21978.416 + 88 1
21978.419 - 88 35.518 1
21978.497 - 88 33.989 1
21978.516 - 88 31.017 1
21978.525 - 88 30.842 1
21978.532 - 88 21.177 1
21978.551 - 88 21.031 1
21978.558 - 88 20.983 1
21978.566 - 88 20.939 1
21978.580 + 88 1
21978.656 - 88 20.858 1
21978.674 - 88 20.698 1
21978.698 - 88 20.545 1
21978.712 - 88 18.557 1
21978.718 - 88 16.638 1
21978.724 - 88 14.705 1
21978.729 - 88 14.511 1
21978.735 - 88 9.907 1
21978.741 - 88 8.566 1
21978.746 - 88 0.940 1
21979.000 # 1500
21979.000 # 1500
21979.000 # 1500
21979.000 # 1500
21979.000 # 1500
21980.000 # 1500
21980.000 # 1500
21980.000 # 1500
21980.000 # 1500
21980.000 # 1500
21980.177 + 88 1
21980.330 - 88 2.379 1
21980.354 - 88 2.350 1
21980.360 + 88 1
21980.363 - 88 1.947 1
21980.371 - 88 1.791 1
21981.000 # 1500
21982.000 # 1500
21982.000 # 1500
21982.000 # 1500
21982.000 # 1500
21982.855 - 88 2.678 1
21982.892 - 88 2.532 1
21983.000 # 1500
21983.000 # 1500
21983.000 # 1500
21983.281 + 88 1
21986.000 # 1500
21986.766 + 88 1
21987.000 # 1500
21987.334 - 88 4.053 1
21987.977 + 88 1
21988.148 + 88 1
21988.481 + 88 1
21989.276 + 88 1
21991.993 + 88 1
21992.000 # 1500
21992.000 # 1500
21992.000 # 1500
21992.230 + 88 1
21992.660 - 88 5.894 1
21992.690 - 88 4.713 1
21992.699 - 88 4.551 1
21992.707 - 88 4.226 1
21992.715 - 88 3.439 1
21993.000 # 1500
21993.228 + 88 1
21993.750 - 88 1.757 1
21993.776 - 88 1.546 1
21995.669 + 88 1
21996.000 # 1500
21997.122 - 88 3.894 1
21997.144 - 88 1.475 1
21997.425 + 88 1
21998.000 # 1500
21998.289 + 88 1
21998.570 - 88 1.145 1
22000.000 # 1500
22000.467 + 88 1
22000.631 + 88 1
22000.890 - 88 2.601 1
22002.155 + 88 1
22003.000 # 1500
22003.000 # 1500
22003.967 + 88 1
22004.189 - 88 3.722 1
22004.200 - 88 3.569 1
22004.203 - 88 2.048 1
22005.000 # 1500
22006.331 - 88 2.364 1
22007.000 # 1500
22009.000 # 1500
22012.915 + 88 1
22012.960 + 88 1
22014.000 # 1500
22014.000 # 1500
22014.220 + 88 1
22014.777 - 88 1.862 1
22014.792 - 88 1.832 1
22015.000 # 1500
22016.000 # 1500
22016.071 - 88 1.851 1
22018.000 # 1500
22018.056 + 88 1
22020.000 # 1500
22020.000 + 88 1
22020.043 + 88 1
22020.272 - 88 2.216 1
22022.000 # 1500
22023.031 - 88 3.031 1
22023.046 - 88 3.003 1
22026.000 # 1500
22026.000 # 1500
22026.828 + 88 1
22026.875 + 88 1
22027.000 # 1500
22028.695 - 88 1.867 1
22028.705 - 88 1.830 1
22029.000 # 1500
22031.000 # 1500
22032.000 # 1500
22032.615 + 88 1
22032.662 + 88 1
22033.696 + 88 1
22036.000 # 1500
22036.000 # 1500
22037.000 # 1500
22038.000 # 1500
22038.368 - 88 5.753 1
22038.380 - 88 5.718 1
22038.383 - 88 4.687 1
22038.538 + 88 1
22038.581 + 88 1
22038.593 + 88 1
22038.605 + 88 1
22040.615 + 88 1
22041.164 + 88 1
22044.114 + 88 1
22044.154 + 88 1
22046.409 + 88 1
22048.192 + 88 1
22049.000 # 1500
22049.000 # 1500
22049.000 # 1500
22049.000 # 1500
22049.000 # 1500
22049.000 # 1500
22049.000 # 1500
22049.482 + 88 1
22049.766 - 88 11.228 1
22049.779 - 88 11.198 1
22049.784 - 88 11.191 1
22049.786 - 88 11.181 1
22049.788 - 88 9.173 1
22049.790 - 88 8.626 1
22049.793 - 88 5.679 1
22049.795 - 88 5.641 1
22049.798 - 88 3.389 1
22049.800 - 88 1.608 1
22051.000 # 1500
22051.657 + 88 1
22052.000 # 1500
22052.001 - 88 2.519 1
22053.067 + 88 1
22053.069 - 88 1.412 1
22054.000 # 1500
22054.380 + 88 1
22054.564 - 88 1.497 1
22057.000 # 1500
22057.000 # 1500
22058.000 # 1500
22058.275 - 88 3.895 1
22060.000 # 1500
22061.000 # 1500
22063.000 # 1500
22064.000 # 1500
22064.023 + 88 1
22064.100 + 88 1
22065.046 + 88 1
22065.089 + 88 1
22065.101 + 88 1
22065.111 + 88 1
22065.127 + 88 1
22066.000 # 1500
22066.638 - 88 2.615 1
22066.665 - 88 2.565 1
22066.675 - 88 1.629 1
22066.682 - 88 1.593 1
22066.715 - 88 1.614 1
22066.723 - 88 1.612 1
22066.725 - 88 1.598 1
22067.000 # 1500
22067.186 + 88 1
22067.303 + 88 1
22069.000 # 1500
22069.705 - 88 2.519 1
22069.714 - 88 2.411 1
22069.969 + 88 1
22071.000 # 1500
22071.327 - 88 1.358 1
22071.632 + 88 1
22073.000 # 1500
22073.066 + 88 1
22073.560 - 88 1.928 1
22075.399 + 88 1
22075.444 + 88 1
22076.499 + 88 1
22088.191 + 88 1
22088.234 + 88 1
22088.245 + 88 1
22088.255 + 88 1
22092.427 + 88 1
22092.539 + 88 1
22092.575 + 88 1
22094.197 + 88 1
22094.309 + 88 1
22094.344 + 88 1
22095.000 # 1500
22095.987 - 88 22.921 1
22096.000 # 1500
22096.000 # 1500
22096.000 # 1500
22096.000 # 1500
22096.000 # 1500
22096.000 # 1500
22096.000 # 1500
22096.000 # 1500
22096.000 # 1500
22096.012 - 88 20.613 1
22096.021 - 88 20.577 1
22096.028 - 88 19.529 1
22096.053 - 88 7.862 1
22096.059 - 88 7.825 1
22096.061 - 88 7.816 1
22096.063 - 88 7.808 1
22096.065 - 88 3.638 1
22096.067 - 88 3.528 1
22096.069 - 88 3.494 1
22096.072 - 88 1.875 1
22096.075 - 88 1.766 1
22096.077 - 88 1.733 1
22096.296 + 88 1
22097.876 + 88 1
22098.000 # 1500
22098.903 + 88 1
22099.124 - 88 2.828 1
22099.134 - 88 1.258 1
22100.000 # 1500
22100.611 - 88 1.708 1
22101.943 + 88 1
22101.983 + 88 1
22102.510 + 88 1
22104.000 # 1500
22104.000 # 1500
22105.000 # 1500
22105.625 + 88 1
22105.757 - 88 3.814 1
22105.788 - 88 3.805 1
22105.797 - 88 3.287 1
22106.668 + 88 1
22107.000 # 1500
22108.440 - 88 2.815 1
22108.449 - 88 1.781 1
22109.000 # 1500
22109.670 + 88 1
22109.710 + 88 1
22111.000 # 1500
22111.411 - 88 1.741 1
22111.420 - 88 1.710 1
22111.613 + 88 1
22113.000 # 1500
22114.367 - 88 2.754 1
22115.000 # 1500
22116.000 # 1500
22118.000 # 1500
22120.000 # 1500
22121.386 + 88 1
22121.431 + 88 1
22121.443 + 88 1
22121.453 + 88 1
22121.462 + 88 1
22121.472 + 88 1
22123.000 # 1500
22123.000 # 1500
22123.553 + 88 1
22123.876 - 88 2.490 1
22123.886 - 88 2.455 1
22123.889 - 88 2.446 1
22123.891 - 88 2.438 1
22123.893 - 88 2.431 1
22123.896 - 88 2.424 1
22125.000 # 1500
22125.246 + 88 1
22125.465 - 88 1.912 1
22127.000 # 1500
22128.143 - 88 2.897 1
22129.000 # 1500
22131.000 # 1500
22132.000 # 1500
22134.176 + 88 1
22136.000 # 1500
22136.000 # 1500
22136.945 - 88 2.769 1
22137.162 + 88 1
22138.000 # 1500
22138.777 - 88 1.615 1
22139.165 + 88 1
22139.178 + 88 1
22139.188 + 88 1
22140.000 # 1500
22140.826 - 88 1.661 1
22140.834 - 88 1.656 1
22140.836 - 88 1.648 1
22143.779 + 88 1
22144.474 + 88 1
22144.514 + 88 1
22145.000 # 1500
22145.000 # 1500
22145.000 # 1500
22146.560 - 88 2.781 1
22146.569 - 88 2.095 1
22146.572 - 88 2.058 1
22147.000 # 1500
22149.000 # 1500
22149.727 + 88 1
22150.927 + 88 1
22150.939 + 88 1
22150.949 + 88 1
22150.958 + 88 1
22151.000 # 1500
22152.542 - 88 2.815 1
22152.550 - 88 1.623 1
22152.553 - 88 1.614 1
22152.555 - 88 1.606 1
22152.557 - 88 1.599 1
22153.000 # 1500
22155.000 # 1500
22156.000 # 1500
22159.000 # 1500
22159.612 + 88 1
22160.243 + 88 1
22160.257 + 88 1
22160.267 + 88 1
22161.000 # 1500
22161.585 - 88 1.973 1
22161.620 - 88 1.377 1
22161.628 - 88 1.371 1
22161.630 - 88 1.363 1
22165.000 # 1500
22165.000 # 1500
22166.000 # 1500
22166.656 + 88 1
22167.000 # 1500
22168.298 - 88 1.642 1
22168.388 + 88 1
22169.000 # 1500
22170.157 - 88 1.769 1
22170.655 + 88 1
22170.671 + 88 1
22170.686 + 88 1
22170.697 + 88 1
22171.000 # 1500
22171.932 - 88 1.277 1
22171.942 - 88 1.271 1
22171.945 - 88 1.259 1
22171.947 - 88 1.250 1
22172.169 + 88 1
22173.000 # 1500
22173.868 - 88 1.699 1
22174.031 + 88 1
22176.000 # 1500
22176.389 + 88 1
22176.628 - 88 2.597 1
22179.142 + 88 1
22180.222 + 88 1
22181.000 # 1500
22181.000 # 1500
22181.000 # 1500
22182.000 # 1500
22182.087 - 88 5.698 1
22182.200 - 88 3.058 1
22182.217 - 88 1.995 1
22183.000 # 1500
22189.928 + 88 1
22190.128 + 88 1
22190.928 + 88 1
22192.193 + 88 1
22195.000 # 1500
22196.462 - 88 6.534 1
22196.494 - 88 6.366 1
22196.502 - 88 5.574 1
22196.509 - 88 4.316 1
22200.000 # 1500
22200.000 # 1500
22200.000 # 1500
22200.000 # 1500
22200.000 # 1500
22200.000 # 1500
22200.000 # 1500
22200.000 # 1500
22201.140 + 88 1
22202.000 # 1500
22202.394 + 88 1
22202.686 - 88 1.546 1
22203.000 # 1500
22204.235 - 88 1.841 1
22205.135 + 88 1
22205.317 + 88 1
22206.000 # 1500
22206.000 # 1500
22206.511 + 88 1
22206.823 - 88 1.688 1
22206.833 - 88 1.516 1
22209.000 # 1500
22209.000 # 1500
22210.161 - 88 3.650 1
22211.000 # 1500
22214.000 # 1500
22215.000 # 1500
22216.000 # 1500
22216.377 + 88 1
22217.000 # 1500
22218.064 - 88 1.687 1
22218.543 + 88 1
22219.000 # 1500
22220.790 - 88 2.247 1
22222.000 # 1500
22222.000 # 1500
22223.000 # 1500
22225.000 # 1500
22228.952 + 88 1
22230.000 # 1500
22230.000 # 1500
22230.000 # 1500
22230.636 - 88 1.684 1
22231.000 # 1500
22233.000 # 1500
22233.115 + 88 1
22235.000 # 1500
22235.413 - 88 2.298 1
22237.000 # 1500
22240.699 + 88 1
22240.845 + 88 1
22245.383 + 88 1
22245.582 + 88 1
22247.000 # 1500
22247.000 # 1500
22248.081 - 88 7.382 1
22248.090 - 88 7.245 1
22248.093 - 88 2.710 1
22248.095 - 88 2.513 1
22249.000 # 1500
22249.000 # 1500
22249.000 # 1500
22250.000 # 1500
22250.000 # 1500
22251.000 # 1500
22253.417 + 88 1
22254.000 # 1500
22254.843 - 88 1.426 1
22255.000 # 1500
22256.000 # 1500
22257.000 # 1500
22257.155 + 88 1
22260.000 # 1500
22260.778 - 88 3.623 1
22261.000 # 1500
22263.000 # 1500
22263.675 + 88 1
22264.000 # 1500
22265.710 - 88 2.035 1
22267.000 # 1500
22267.000 # 1500
22268.000 # 1500
22270.000 # 1500
22271.000 # 1500
22271.958 + 88 1
22273.000 # 1500
22273.564 - 88 1.606 1
22274.000 # 1500
22275.906 + 88 1
22276.000 # 1500
22277.000 # 1500
22277.473 - 88 1.567 1
22278.000 # 1500
22279.630 + 88 1
22280.000 # 1500
22281.000 # 1500
22282.000 # 1500
22282.314 - 88 2.684 1
22284.000 # 1500
22285.000 # 1500
22288.000 # 1500
22288.000 # 1500
22288.413 + 88 1
22290.305 + 88 1
22293.224 + 88 1
22300.000 # 1500
22300.000 # 1500
22300.000 # 1500
22300.000 # 1500
22301.000 # 1500
22301.000 # 1500
22301.852 - 88 13.439 1
22301.865 - 88 11.560 1
22301.868 - 88 8.644 1
22302.000 # 1500
22302.000 # 1500
22303.000 # 1500
22303.368 + 88 1
22304.000 # 1500
22304.954 - 88 1.586 1
22305.000 # 1500
22305.492 + 88 1
22307.000 # 1500
22308.000 # 1500
22308.191 - 88 2.699 1
22308.380 + 88 1
22309.842 + 88 1
22310.000 # 1500
22311.000 # 1500
22312.032 - 88 3.652 1
22312.043 - 88 2.201 1
22312.140 + 88 1
22313.000 # 1500
22313.791 + 88 1
22313.809 - 88 1.669 1
22314.000 # 1500
22315.478 - 88 1.687 1
22316.000 # 1500
22317.000 # 1500
22318.000 # 1500
22320.000 # 1500
22321.000 # 1500
22323.808 + 88 1
22323.850 + 88 1
22323.862 + 88 1
22323.872 + 88 1
22324.000 # 1500
22324.000 # 1500
22325.625 - 88 1.817 1
22325.634 - 88 1.784 1
22325.637 - 88 1.775 1
22325.639 - 88 1.767 1
22326.000 # 1500
22326.700 + 88 1
22327.000 # 1500
22328.000 # 1500
22328.307 - 88 1.607 1
22330.218 + 88 1
22331.000 # 1500
22331.000 # 1500
22331.310 + 88 1
22331.592 - 88 1.374 1
22333.000 # 1500
22333.222 + 88 1
22333.596 - 88 2.286 1
22336.000 # 1500
22336.057 + 88 1
22336.506 - 88 3.284 1
22337.000 # 1500
22337.000 # 1500
22338.231 + 88 1
22338.241 - 88 2.184 1
22341.000 # 1500
22342.087 - 88 3.856 1
22342.132 + 88 1
22342.202 + 88 1
22343.000 # 1500
22343.000 # 1500
22343.994 + 88 1
22344.232 - 88 2.100 1
22344.254 - 88 2.052 1
22345.000 # 1500
22345.748 - 88 1.754 1
22347.000 # 1500
22348.811 + 88 1
22349.000 # 1500
22349.283 + 88 1
22350.000 # 1500
22350.787 - 88 1.976 1
22350.796 - 88 1.513 1
22351.468 + 88 1
22353.000 # 1500
22353.000 # 1500
22354.680 - 88 3.212 1
22355.647 + 88 1
22356.000 # 1500
22356.205 + 88 1
22356.409 - 88 0.762 1
22357.000 # 1500
22358.058 - 88 1.853 1
22360.000 # 1500
22360.000 # 1500
22360.625 + 88 1
22361.000 # 1500
22361.728 + 88 1
22361.951 - 88 1.326 1
22363.481 + 88 1
22364.000 # 1500
22365.000 # 1500
22365.509 - 88 3.781 1
22365.518 - 88 2.037 1
22366.000 # 1500
22366.506 + 88 1
22368.715 + 88 1
22369.000 # 1500
22370.000 # 1500
22371.350 - 88 4.844 1
22371.360 - 88 2.645 1
22371.375 + 88 1
22372.000 # 1500
22372.490 + 88 1
22372.629 - 88 1.254 1
22373.000 # 1500
22374.000 # 1500
22374.158 - 88 1.668 1
22375.000 # 1500
22376.000 # 1500
22377.000 # 1500
22378.000 # 1500
22380.000 # 1500
22381.000 # 1500
22383.000 # 1500
22384.000 # 1500
22384.632 + 88 1
22386.000 # 1500
22387.000 # 1500
22387.000 # 1500
22388.000 # 1500
22388.096 - 88 3.464 1
22389.000 # 1500
22390.000 # 1500
22391.000 # 1500
22392.079 + 88 1
22393.000 # 1500
22393.135 + 88 1
22393.282 - 88 1.203 1
22394.000 # 1500
22394.000 # 1500
22394.573 - 88 1.438 1
22395.000 # 1500
22396.000 # 1500
22397.000 # 1500
22398.000 # 1500
22399.000 # 1500
22400.000 # 1500
22401.000 # 1500
22403.000 # 1500
22410.317 + 88 1
22412.583 + 88 1
22412.906 + 88 1
22414.000 # 1500
22414.000 # 1500
22414.000 # 1500
22414.000 # 1500
22415.000 # 1500
22415.000 # 1500
22415.000 # 1500
22415.000 # 1500
22415.000 # 1500
22415.314 - 88 4.997 1
22415.324 - 88 2.741 1
22415.327 - 88 2.421 1
22417.000 # 1500
22418.000 # 1500
22421.353 + 88 1
22421.393 + 88 1
22421.427 + 88 1
22421.573 + 88 1
22421.633 + 88 1
22423.366 + 88 1
22426.982 + 88 1
22427.000 # 1500
22427.000 # 1500
22427.000 # 1500
22427.000 # 1500
22427.000 # 1500
22427.273 - 88 5.920 1
22427.284 - 88 5.891 1
22427.288 - 88 5.861 1
22427.290 - 88 5.717 1
22427.293 - 88 5.660 1
22427.295 - 88 3.929 1
22427.499 + 88 1
22428.000 # 1500
22428.000 # 1500
22428.000 # 1500
22428.000 # 1500
22428.989 - 88 2.007 1
22428.998 - 88 1.499 1
22429.905 + 88 1
22432.095 + 88 1
22432.316 + 88 1
22437.000 # 1500
22437.780 - 88 7.875 1
22437.788 - 88 5.693 1
22437.791 - 88 5.475 1
22438.000 # 1500
22438.000 # 1500
22439.000 # 1500
22439.000 # 1500
22439.000 # 1500
22439.000 # 1500
22439.000 # 1500
22443.621 + 88 1
22443.761 + 88 1
22445.590 + 88 1
22447.463 + 88 1
22456.751 + 88 1
22457.000 # 1500
22458.304 + 88 1
22458.460 - 88 14.839 1
22458.470 - 88 14.709 1
22458.477 - 88 12.887 1
22458.482 - 88 11.019 1
22458.486 - 88 1.735 1
22459.476 + 88 1
22460.363 + 88 1
22461.000 # 1500
22461.000 # 1500
22461.000 # 1500
22461.000 # 1500
22461.000 # 1500
22461.000 # 1500
22461.000 # 1500
22462.000 # 1500
22462.000 # 1500
22462.577 - 88 4.273 1
22462.601 - 88 3.125 1
22462.610 - 88 2.247 1
22464.143 + 88 1
22466.000 # 1500
22466.000 # 1500
22466.000 # 1500
22466.074 + 88 1
22466.361 - 88 2.218 1
22467.000 # 1500
22467.000 # 1500
22467.000 # 1500
22467.000 # 1500
22467.945 - 88 1.871 1
22468.096 + 88 1
22469.992 + 88 1
22470.000 # 1500
22470.000 # 1500
22470.422 - 88 2.326 1
22470.943 + 88 1
22471.000 # 1500
22471.272 - 88 1.280 1
22472.000 # 1500
22473.000 # 1500
22473.003 - 88 2.060 1
22473.224 + 88 1
22475.053 + 88 1
22476.817 + 88 1
22479.210 + 88 1
22479.412 + 88 1
22482.834 + 88 1
22484.000 # 1500
22484.000 # 1500
22484.000 # 1500
22484.000 # 1500
22484.000 # 1500
22484.266 + 88 1
22484.375 - 88 11.151 1
22484.395 - 88 9.342 1
22484.403 - 88 7.586 1
22484.422 - 88 5.212 1
22484.434 - 88 5.022 1
22484.437 - 88 1.603 1
22489.000 # 1500
22489.000 # 1500
22489.000 # 1500
22489.000 # 1500
22489.000 # 1500
22489.684 - 88 5.418 1
22490.000 # 1500
22491.000 # 1500
22492.508 + 88 1
22493.000 # 1500
22493.000 # 1500
22493.550 + 88 1
22493.816 - 88 1.308 1
22495.000 # 1500
22495.000 # 1500
22496.714 - 88 3.164 1
22497.841 + 88 1
22498.100 + 88 1
22499.740 + 88 1
22500.662 + 88 1
22503.959 + 88 1
22505.699 + 88 1
22506.000 # 1500
22506.000 # 1500
22506.000 # 1500
22506.000 # 1500
22506.000 # 1500
22506.000 # 1500
22506.000 # 1500
22507.808 - 88 9.967 1
22507.820 - 88 9.720 1
22507.823 - 88 8.083 1
22507.825 - 88 7.163 1
22507.827 - 88 3.868 1
22507.830 - 88 2.131 1
22507.983 + 88 1
22516.000 # 1500
22516.000 # 1500
22516.000 # 1500
22516.000 # 1500
22516.640 - 88 8.657 1
22518.417 + 88 1
22519.000 # 1500
22519.000 # 1500
22519.000 # 1500
22519.000 # 1500
22519.000 # 1500
22520.215 - 88 1.798 1
22520.392 + 88 1
22523.299 + 88 1
22523.494 + 88 1
22528.000 # 1500
22528.000 # 1500
22528.989 - 88 8.597 1
22529.000 # 1500
22529.000 # 1500
22529.000 # 1500
22529.000 # 1500
22529.000 # 1500
22529.000 # 1500
22529.000 # 1500
22529.003 - 88 5.704 1
22529.005 - 88 5.511 1
22530.000 # 1500
22532.926 + 88 1
22533.000 # 1500
22534.303 - 88 1.377 1
22535.458 + 88 1
22538.318 + 88 1
22541.661 + 88 1
22542.000 # 1500
22543.747 - 88 8.289 1
22543.779 - 88 5.461 1
22543.789 - 88 2.128 1
22543.830 + 88 1
22546.000 # 1500
22546.000 # 1500
22546.550 + 88 1
22546.745 - 88 2.915 1
22546.773 + 88 1
22548.000 # 1500
22549.536 - 88 2.986 1
22549.552 - 88 2.779 1
22550.000 # 1500
22551.514 + 88 1
22551.759 + 88 1
22552.000 # 1500
22553.344 - 88 1.830 1
22553.370 - 88 1.611 1
22553.604 + 88 1
22556.000 # 1500
22556.316 + 88 1
22556.511 - 88 2.907 1
22557.000 # 1500
22558.000 # 1500
22558.000 # 1500
22558.344 - 88 2.028 1
22558.689 + 88 1
22560.000 # 1500
22561.000 # 1500
22561.399 + 88 1
22561.651 - 88 2.962 1
22562.000 # 1500
22563.000 # 1500
22563.172 - 88 1.773 1
22563.344 + 88 1
22564.353 + 88 1
22567.000 # 1500
22567.000 # 1500
22567.000 # 1500
22567.017 + 88 1
22567.382 - 88 4.038 1
22567.393 - 88 3.040 1
22568.000 # 1500
22568.182 + 88 1
22568.426 - 88 1.409 1
22570.412 + 88 1
22572.114 + 88 1
22574.176 + 88 1
22575.172 + 88 1
22577.929 + 88 1
22578.000 # 1500
22579.829 - 88 11.647 1
22579.840 - 88 9.428 1
22579.843 - 88 7.729 1
22579.845 - 88 5.669 1
22579.848 - 88 4.676 1
22579.850 - 88 1.921 1
22580.080 + 88 1
22581.000 # 1500
22581.000 # 1500
22581.691 - 88 1.611 1
22581.785 + 88 1
22584.000 # 1500
22584.000 # 1500
22585.000 # 1500
22585.000 # 1500
22585.622 - 88 3.837 1
22591.746 + 88 1
22593.649 + 88 1
22594.000 # 1500
22594.000 # 1500
22594.812 + 88 1
22595.018 - 88 3.272 1
22595.044 - 88 1.395 1
22597.803 + 88 1
22605.000 # 1500
22605.000 # 1500
22605.000 # 1500
22605.000 # 1500
22605.000 # 1500
22606.000 # 1500
22606.100 - 88 11.288 1
22606.112 - 88 8.309 1
22607.339 + 88 1
22607.528 + 88 1
22609.990 + 88 1
22610.000 # 1500
22610.045 - 88 2.706 1
22610.060 - 88 2.532 1
22611.339 + 88 1
22614.176 + 88 1
22615.000 # 1500
22616.000 # 1500
22616.000 # 1500
22616.749 - 88 6.759 1
22616.763 - 88 5.424 1
22616.766 - 88 2.590 1
22623.783 + 88 1
22625.672 + 88 1
22627.000 # 1500
22627.000 # 1500
22627.000 # 1500
22627.000 # 1500
22627.000 # 1500
22627.593 + 88 1
22627.961 - 88 4.178 1
22627.978 - 88 2.306 1
22630.000 # 1500
22631.558 + 88 1
22631.775 - 88 4.182 1
22632.000 # 1500
22632.255 + 88 1
22632.459 - 88 0.901 1
22635.296 + 88 1
22636.000 # 1500
22636.451 + 88 1
22636.655 - 88 4.400 1
22636.666 - 88 1.370 1
22637.000 # 1500
22638.346 + 88 1
22638.382 - 88 1.931 1
22639.000 # 1500
22640.258 + 88 1
22640.286 - 88 1.940 1
22642.000 # 1500
22642.297 + 88 1
22642.557 - 88 2.299 1
22644.000 # 1500
22644.234 + 88 1
22644.506 - 88 2.209 1
22647.000 # 1500
22647.295 + 88 1
22647.646 - 88 3.412 1
22649.000 # 1500
22649.039 + 88 1
22649.317 - 88 2.022 1
22651.000 # 1500
22651.998 - 88 2.959 1
22654.000 # 1500
22656.000 # 1500
22660.000 # 1500
22661.818 + 88 1
22661.867 + 88 1
22661.880 + 88 1
22661.891 + 88 1
22661.901 + 88 1
22662.000 # 1500
22662.185 - 88 0.367 1
22664.000 # 1500
22664.062 + 88 1
22664.459 - 88 2.592 1
22664.473 - 88 2.593 1
22664.476 - 88 2.585 1
22664.479 - 88 2.578 1
22665.644 + 88 1
22668.000 # 1500
22668.676 + 88 1
22668.976 - 88 4.914 1
22668.990 - 88 3.346 1
22670.532 + 88 1
22670.574 + 88 1
22671.000 # 1500
22672.000 # 1500
22672.483 - 88 3.807 1
22672.500 - 88 1.968 1
22672.504 - 88 1.930 1
22672.645 + 88 1
22674.408 + 88 1
22676.452 + 88 1
22677.000 # 1500
22678.000 # 1500
22678.198 - 88 5.553 1
22678.210 - 88 3.802 1
22678.213 - 88 1.761 1
22679.413 + 88 1
22680.000 # 1500
22681.339 - 88 1.926 1
22681.412 + 88 1
22681.481 + 88 1
22683.000 # 1500
22683.357 + 88 1
22683.804 - 88 2.392 1
22683.825 - 88 2.344 1
22685.344 + 88 1
22686.000 # 1500
22687.142 - 88 3.785 1
22687.173 - 88 1.829 1
22689.000 # 1500
22691.063 + 88 1
22691.106 + 88 1
22692.905 + 88 1
22693.000 # 1500
22693.198 - 88 2.135 1
22693.210 - 88 2.104 1
22694.142 + 88 1
22695.000 # 1500
22695.955 - 88 3.050 1
22695.976 - 88 1.834 1
22695.982 + 88 1
22697.000 # 1500
22697.867 - 88 1.885 1
22699.000 # 1500
22699.755 + 88 1
22702.000 # 1500
22703.724 - 88 3.969 1
22704.000 # 1500
22707.000 # 1500
22708.579 + 88 1
22709.000 # 1500
22710.548 - 88 1.969 1
22710.645 + 88 1
22712.454 + 88 1
22713.000 # 1500
22714.570 - 88 3.925 1
22714.592 - 88 2.138 1
22714.605 + 88 1
22714.719 + 88 1
22716.000 # 1500
22717.000 # 1500
22718.355 - 88 3.750 1
22718.367 - 88 3.648 1
22720.000 # 1500
22723.000 # 1500
22724.211 + 88 1
22724.257 + 88 1
22725.000 # 1500
22726.134 - 88 1.923 1
22726.145 - 88 1.888 1
22727.000 # 1500
22727.203 + 88 1
22729.165 + 88 1
22730.000 # 1500
22732.060 - 88 4.857 1
22732.072 - 88 2.907 1
22733.000 # 1500
22734.928 + 88 1
22734.971 + 88 1
22735.000 # 1500
22738.000 # 1500
22738.931 - 88 4.003 1
22738.946 - 88 3.975 1
22741.000 # 1500
22742.000 # 1500
22743.000 # 1500
22743.133 + 88 1
22743.261 + 88 1
22743.298 + 88 1
22744.000 # 1500
22744.720 - 88 1.587 1
22744.735 - 88 1.474 1
22744.739 - 88 1.441 1
22753.524 + 88 1
22753.572 + 88 1
22753.584 + 88 1
22754.000 # 1500
22755.396 - 88 1.872 1
22755.413 - 88 1.841 1
22755.416 - 88 1.832 1
22756.000 # 1500
22757.000 # 1500
22757.000 # 1500
22757.000 # 1500
22757.000 # 1500
22757.000 # 1500
22757.431 + 88 1
22757.475 + 88 1
22757.487 + 88 1
22758.000 # 1500
22759.354 + 88 1
22759.379 - 88 1.948 1
22759.407 - 88 1.932 1
22759.415 - 88 1.928 1
22769.000 # 1500
22769.000 # 1500
22769.000 # 1500
22770.000 # 1500
22770.000 # 1500
22770.000 # 1500
22770.000 # 1500
22778.723 - 88 19.369 1
22778.752 + 88 1
22778.800 + 88 1
22778.812 + 88 1
22778.831 + 88 1
22778.841 + 88 1
22779.000 # 1500
22779.000 # 1500
22780.000 # 1500
22780.334 - 88 1.582 1
22780.345 - 88 1.545 1
22780.348 - 88 1.536 1
22780.351 - 88 1.520 1
22780.353 - 88 1.512 1
22781.250 + 88 1
22782.000 # 1500
22782.000 # 1500
22783.060 - 88 1.810 1
22783.958 + 88 1
22785.157 + 88 1
22788.000 # 1500
22788.944 - 88 4.986 1
22788.974 - 88 3.817 1
22791.858 + 88 1
22791.906 + 88 1
22792.000 # 1500
22792.145 - 88 0.287 1
22793.000 # 1500
22793.000 # 1500
22793.803 - 88 1.897 1
22793.872 + 88 1
22795.000 # 1500
22795.000 # 1500
22795.759 - 88 1.887 1
22795.940 + 88 1
22797.000 # 1500
22797.863 - 88 1.923 1
22797.902 + 88 1
22800.000 # 1500
22800.750 - 88 2.848 1
22800.771 + 88 1
22802.597 + 88 1
22804.664 + 88 1
22806.000 # 1500
22806.000 # 1500
22806.000 # 1500
22807.000 # 1500
22807.448 - 88 6.677 1
22807.461 - 88 4.864 1
22807.464 - 88 2.800 1
22808.000 # 1500
22808.000 # 1500
22808.405 + 88 1
22810.394 + 88 1
22811.000 # 1500
22812.316 - 88 3.911 1
22812.328 - 88 1.934 1
22813.000 # 1500
22814.414 + 88 1
22814.461 + 88 1
22815.000 # 1500
22816.000 # 1500
22816.252 - 88 1.838 1
22816.278 - 88 1.817 1
22816.349 + 88 1
22818.000 # 1500
22818.219 + 88 1
22818.488 - 88 2.139 1
22820.000 # 1500
22820.132 + 88 1
22820.364 - 88 2.145 1
22823.000 # 1500
22823.408 + 88 1
22823.717 - 88 3.585 1
22824.000 # 1500
22825.061 - 88 1.653 1
22825.117 + 88 1
22826.000 # 1500
22827.036 - 88 1.919 1
22827.225 + 88 1
22828.000 # 1500
22828.948 - 88 1.723 1
22829.007 + 88 1
22830.000 # 1500
22831.000 # 1500
22831.009 - 88 2.002 1
22833.000 # 1500
22836.000 # 1500
22836.000 # 1500
22837.000 # 1500
22839.000 # 1500
22839.439 + 88 1
22839.454 + 88 1
22839.464 + 88 1
22839.474 + 88 1
22839.490 + 88 1
22840.000 # 1500
22841.285 - 88 1.846 1
22841.315 - 88 1.861 1
22841.325 - 88 1.861 1
22841.332 - 88 1.858 1
22841.339 - 88 1.849 1
22841.372 + 88 1
22842.000 # 1500
22843.160 + 88 1
22843.192 - 88 1.820 1
22847.031 + 88 1
22849.019 + 88 1
22851.880 + 88 1
22851.923 + 88 1
22852.000 # 1500
22852.000 # 1500
22852.139 - 88 8.979 1
22852.179 - 88 5.148 1
22852.190 - 88 3.171 1
22852.194 - 88 0.314 1
22853.000 # 1500
22853.000 # 1500
22853.000 # 1500
22853.000 # 1500
22853.811 - 88 1.888 1
22853.916 + 88 1
22855.000 # 1500
22855.000 # 1500
22855.890 - 88 1.974 1
22856.125 + 88 1
22857.000 # 1500
22857.709 - 88 1.584 1
22857.846 + 88 1
22857.905 + 88 1
22858.000 # 1500
22858.150 - 88 0.304 1
22860.000 # 1500
22860.662 - 88 2.757 1
22860.744 + 88 1
22862.000 # 1500
22863.000 # 1500
22863.617 + 88 1
22863.840 - 88 3.096 1
22865.598 + 88 1
22867.000 # 1500
22867.000 # 1500
22867.487 + 88 1
22867.714 - 88 4.097 1
22867.724 - 88 2.126 1
22868.000 # 1500
22869.433 - 88 1.946 1
22870.000 # 1500
22870.634 + 88 1
22870.868 + 88 1
22872.000 # 1500
22872.673 + 88 1
22872.996 - 88 2.362 1
22873.000 # 1500
22873.011 - 88 2.143 1
22874.537 + 88 1
22874.792 - 88 2.119 1
22875.000 # 1500
22876.000 # 1500
22876.561 + 88 1
22876.565 - 88 2.028 1
22878.404 + 88 1
22879.000 # 1500
22879.000 # 1500
22880.171 - 88 3.610 1
22880.196 - 88 1.792 1
22880.422 + 88 1
22881.000 # 1500
22882.000 # 1500
22882.421 + 88 1
22882.437 - 88 2.015 1
22884.000 # 1500
22885.242 - 88 2.821 1
22887.000 # 1500
22887.000 # 1500
22891.000 # 1500
22892.000 # 1500
22893.904 + 88 1
22894.000 # 1500
22894.090 + 88 1
22896.000 # 1500
22896.111 + 88 1
22896.286 - 88 2.382 1
22896.298 - 88 2.208 1
22897.000 # 1500
22897.774 - 88 1.663 1
22898.048 + 88 1
22901.000 # 1500
22901.000 # 1500
22901.642 - 88 3.594 1
22901.759 + 88 1
22901.958 + 88 1
22902.000 # 1500
22903.475 - 88 1.716 1
22903.488 - 88 1.530 1
22904.000 # 1500
22906.000 # 1500
22909.000 # 1500
22909.000 # 1500
22911.000 # 1500
22913.002 + 88 1
22914.000 # 1500
22914.359 - 88 1.357 1
22915.519 + 88 1
22917.000 # 1500
22918.000 # 1500
22918.217 - 88 2.698 1
22920.000 # 1500
22922.000 # 1500
22923.000 # 1500
22925.000 # 1500
22926.000 # 1500
22927.181 + 88 1
22927.411 + 88 1
22928.000 # 1500
22929.174 - 88 1.993 1
22929.186 - 88 1.775 1
22929.395 + 88 1
22930.000 # 1500
22931.000 # 1500
22931.198 - 88 1.803 1
22931.288 + 88 1
22933.000 # 1500
22934.115 - 88 2.827 1
22934.232 + 88 1
22935.000 # 1500
22935.798 - 88 1.566 1
22936.000 # 1500
22937.032 + 88 1
22938.000 # 1500
22938.758 - 88 1.726 1
22939.475 + 88 1
22940.000 # 1500
22941.011 - 88 1.536 1
22942.000 # 1500
22942.801 + 88 1
22943.037 + 88 1
22944.824 + 88 1
22947.804 + 88 1
22949.630 + 88 1
22952.574 + 88 1
22954.534 + 88 1
22964.359 + 88 1
22964.599 + 88 1
22966.316 + 88 1
22969.000 # 1500
22969.000 # 1500
22969.000 # 1500
22969.000 # 1500
22969.000 # 1500
22969.000 # 1500
22970.000 # 1500
22970.000 # 1500
22970.000 # 1500
22970.000 # 1500
22970.000 # 1500
22970.000 # 1500
22970.000 # 1500
22970.067 - 88 27.266 1
22970.084 - 88 27.047 1
22970.088 - 88 25.264 1
22970.091 - 88 22.287 1
22970.093 - 88 20.463 1
22970.095 - 88 17.521 1
22970.097 - 88 15.563 1
22970.100 - 88 5.741 1
22970.102 - 88 5.503 1
22970.105 - 88 3.789 1
22971.000 # 1500
22971.000 # 1500
22971.000 # 1500
22971.000 # 1500
22972.000 # 1500
22973.000 # 1500
22974.000 # 1500
22975.000 # 1500
22975.152 + 88 1
22977.016 + 88 1
22978.000 # 1500
22978.804 - 88 3.652 1
22978.836 - 88 1.820 1
22979.881 + 88 1
22980.000 # 1500
22981.000 # 1500
22981.933 + 88 1
22981.986 - 88 2.105 1
22982.000 # 1500
22982.095 + 88 1
22982.185 - 88 0.252 1
22983.000 # 1500
22983.903 - 88 1.808 1
22984.050 + 88 1
22985.782 + 88 1
22986.981 + 88 1
22987.000 # 1500
22987.000 # 1500
22987.113 - 88 3.063 1
22987.134 - 88 1.352 1
22987.156 - 88 0.175 1
22988.913 + 88 1
22989.000 # 1500
22990.000 # 1500
22990.675 - 88 1.762 1
22993.000 # 1500
22994.590 + 88 1
22994.801 + 88 1
22995.000 # 1500
22996.544 - 88 1.954 1
22996.568 - 88 1.767 1
22996.676 + 88 1
22998.000 # 1500
22998.000 # 1500
22998.548 + 88 1
22998.682 - 88 2.006 1
23000.000 # 1500
23000.454 + 88 1
23000.602 - 88 2.054 1
23001.000 # 1500
23002.246 - 88 1.792 1
23002.413 + 88 1
23003.000 # 1500
23003.677 - 88 1.264 1
23004.000 # 1500
23006.000 # 1500
23007.000 # 1500
23009.000 # 1500
23010.441 + 88 1
23012.294 + 88 1
23013.000 # 1500
23014.008 - 88 3.567 1
23014.019 - 88 1.725 1
23015.000 # 1500
23015.000 # 1500
23017.000 # 1500
23018.000 # 1500
23020.000 # 1500
23022.000 # 1500
23023.000 # 1500
23025.815 + 88 1
23026.000 # 1500
23026.000 # 1500
23027.024 + 88 1
23027.197 - 88 1.382 1
23029.000 # 1500
23029.820 - 88 2.796 1
23030.000 # 1500
23031.000 # 1500
23032.000 # 1500
23032.953 + 88 1
23033.000 # 1500
23034.497 - 88 1.544 1
23035.000 # 1500
23036.000 # 1500
23037.000 # 1500
23038.000 # 1500
23039.000 # 1500
23039.654 + 88 1
23040.064 + 88 1
23042.000 # 1500
23043.285 - 88 3.631 1
23043.296 - 88 3.232 1
23049.000 # 1500
23049.260 + 88 1
23050.556 + 88 1
23053.000 # 1500
23053.000 # 1500
23053.000 # 1500
23053.000 # 1500
23053.000 # 1500
23053.000 # 1500
23053.000 # 1500
23053.225 + 88 1
23053.441 - 88 4.181 1
23053.461 - 88 2.905 1
23053.545 + 88 1
23054.000 # 1500
23054.000 # 1500
23054.989 - 88 1.764 1
23054.999 - 88 1.454 1
23058.000 # 1500
23058.000 # 1500
23058.000 # 1500
23064.058 + 88 1
23064.236 + 88 1
23068.000 # 1500
23068.000 # 1500
23068.000 # 1500
23068.000 # 1500
23068.986 - 88 4.928 1
23069.007 - 88 4.771 1
23070.928 + 88 1
23071.118 + 88 1
23072.820 + 88 1
23073.000 # 1500
23074.000 # 1500
23074.000 # 1500
23074.000 # 1500
23074.557 - 88 3.629 1
23074.579 - 88 3.461 1
23074.589 - 88 1.769 1
23074.937 + 88 1
23076.666 + 88 1
23079.000 # 1500
23079.000 # 1500
23079.000 # 1500
23079.000 # 1500
23079.000 # 1500
23080.491 - 88 5.554 1
23080.505 - 88 3.839 1
23085.000 # 1500
23085.000 # 1500
23086.000 # 1500
23086.000 # 1500
23086.000 # 1500
23086.000 # 1500
23086.574 + 88 1
23086.789 + 88 1
23087.000 # 1500
23088.000 # 1500
23088.196 - 88 1.622 1
23088.218 - 88 1.429 1
23089.000 # 1500
23089.631 + 88 1
23090.000 # 1500
23091.000 # 1500
23091.225 - 88 1.594 1
23093.357 + 88 1
23093.544 + 88 1
23097.000 # 1500
23097.000 # 1500
23097.000 # 1500
23097.000 # 1500
23098.000 # 1500
23098.000 # 1500
23098.463 - 88 5.106 1
23098.472 - 88 4.928 1
23100.913 + 88 1
23103.671 + 88 1
23106.507 + 88 1
23106.741 + 88 1
23107.688 + 88 1
23108.000 # 1500
23108.000 # 1500
23108.000 # 1500
23108.000 # 1500
23108.000 # 1500
23108.000 # 1500
23108.000 # 1500
23108.000 # 1500
23108.941 + 88 1
23109.000 # 1500
23109.175 - 88 8.262 1
23109.184 - 88 5.513 1
23109.187 - 88 2.680 1
23109.189 - 88 2.448 1
23109.192 - 88 1.504 1
23110.000 # 1500
23110.893 - 88 1.952 1
23111.606 + 88 1
23112.000 # 1500
23113.000 # 1500
23113.000 # 1500
23113.288 - 88 1.682 1
23113.345 + 88 1
23114.416 + 88 1
23115.000 # 1500
23116.000 # 1500
23116.074 - 88 2.729 1
23116.087 - 88 1.671 1
23116.240 + 88 1
23117.427 + 88 1
23119.000 # 1500
23119.000 # 1500
23119.000 # 1500
23120.000 # 1500
23120.032 - 88 3.792 1
23120.038 - 88 2.611 1
23120.246 + 88 1
23121.000 # 1500
23121.420 - 88 1.174 1
23122.000 # 1500
23123.000 # 1500
23125.000 # 1500
23129.929 + 88 1
23131.289 + 88 1
23131.365 + 88 1
23131.388 + 88 1
23131.402 + 88 1
23136.000 # 1500
23136.000 # 1500
23136.848 - 88 6.919 1
23136.877 - 88 5.588 1
23136.886 - 88 5.521 1
23136.889 - 88 5.501 1
23136.891 - 88 5.489 1
23139.000 # 1500
23140.000 # 1500
23141.000 # 1500
23141.000 # 1500
23142.128 + 88 1
23145.000 # 1500
23146.000 # 1500
23146.000 # 1500
23146.556 - 88 4.428 1
23150.762 + 88 1
23152.000 # 1500
23153.371 + 88 1
23153.629 - 88 2.867 1
23154.453 + 88 1
23155.000 # 1500
23155.000 # 1500
23155.872 - 88 2.501 1
23155.883 - 88 1.430 1
23156.000 # 1500
23157.000 # 1500
23157.348 + 88 1
23157.540 + 88 1
23159.000 # 1500
23159.000 # 1500
23159.000 # 1500
23159.000 # 1500
23159.000 # 1500
23160.000 # 1500
23160.114 + 88 1
23160.238 - 88 2.890 1
23160.270 - 88 2.730 1
23161.000 # 1500
23162.000 # 1500
23162.073 - 88 1.959 1
23164.000 # 1500
23164.000 # 1500
23165.000 # 1500
23167.000 # 1500
23168.000 # 1500
23169.000 # 1500
23170.000 # 1500
23170.300 + 88 1
23170.493 + 88 1
23172.000 # 1500
23172.811 - 88 2.511 1
23172.827 - 88 2.334 1
23173.000 # 1500
23174.000 # 1500
23174.364 + 88 1
23175.599 + 88 1
23178.658 + 88 1
23179.764 + 88 1
23181.238 + 88 1
23184.622 + 88 1
23185.539 + 88 1
23187.729 + 88 1
23191.000 # 1500
23192.428 - 88 18.064 1
23192.442 - 88 16.843 1
23192.445 - 88 13.787 1
23192.447 - 88 12.683 1
23192.450 - 88 11.212 1
23192.452 - 88 7.830 1
23192.455 - 88 6.916 1
23192.457 - 88 4.728 1
23193.000 # 1500
23194.677 + 88 1
23195.760 + 88 1
23198.207 + 88 1
23198.488 + 88 1
23200.308 + 88 1
23210.124 + 88 1
23212.067 + 88 1
23213.332 + 88 1
23216.768 + 88 1
23217.088 + 88 1
23218.886 + 88 1
23221.875 + 88 1
23222.911 + 88 1
23223.000 # 1500
23223.000 # 1500
23223.000 # 1500
23223.000 # 1500
23223.000 # 1500
23223.000 # 1500
23223.000 # 1500
23223.000 # 1500
23223.000 # 1500
23223.000 # 1500
23223.000 # 1500
23223.000 # 1500
23223.241 + 88 1
23223.318 - 88 28.641 1
23223.330 - 88 27.570 1
23223.333 - 88 25.126 1
23223.336 - 88 24.848 1
23223.338 - 88 23.030 1
23223.340 - 88 13.216 1
23223.343 - 88 11.276 1
23223.346 - 88 10.014 1
23223.348 - 88 6.580 1
23223.350 - 88 6.262 1
23223.352 - 88 4.466 1
23223.354 - 88 1.479 1
23224.000 # 1500
23224.000 # 1500
23224.000 # 1500
23224.000 # 1500
23224.000 # 1500
23224.000 # 1500
23224.000 # 1500
23224.000 # 1500
23224.000 # 1500
23224.000 # 1500
23224.000 # 1500
23224.000 # 1500
23224.000 # 1500
23224.000 # 1500
23225.000 # 1500
23225.000 # 1500
23225.000 # 1500
23225.000 # 1500
23225.472 - 88 2.561 1
23225.481 - 88 2.240 1
23226.000 # 1500
23226.000 # 1500
23226.000 # 1500
23226.000 # 1500
23226.637 + 88 1
23228.000 # 1500
23228.509 + 88 1
23228.637 + 88 1
23228.856 - 88 2.219 1
23230.000 # 1500
23230.703 + 88 1
23230.932 - 88 2.423 1
23230.941 - 88 2.304 1
23231.000 # 1500
23232.000 # 1500
23232.118 - 88 1.415 1
23233.369 + 88 1
23234.000 # 1500
23234.482 + 88 1
23234.742 - 88 1.373 1
23235.000 # 1500
23236.000 # 1500
23236.260 - 88 1.778 1
23236.490 + 88 1
23238.000 # 1500
23238.984 - 88 2.494 1
23240.000 # 1500
23241.000 # 1500
23242.000 # 1500
23244.000 # 1500
23245.000 # 1500
23246.000 # 1500
23246.483 + 88 1
23248.000 # 1500
23249.049 - 88 2.566 1
23249.338 + 88 1
23250.000 # 1500
23251.000 # 1500
23251.004 - 88 1.666 1
23251.337 + 88 1
23252.282 + 88 1
23253.000 # 1500
23253.860 - 88 2.523 1
23253.875 - 88 1.593 1
23255.000 # 1500
23256.903 + 88 1
23263.962 + 88 1
23267.000 # 1500
23267.000 # 1500
23267.000 # 1500
23267.000 # 1500
23267.000 # 1500
23267.788 - 88 10.885 1
23267.799 - 88 3.837 1
23268.000 # 1500
23268.000 # 1500
23269.000 # 1500
23269.631 + 88 1
23269.681 + 88 1
23274.386 + 88 1
23274.434 + 88 1
23279.000 # 1500
23280.349 - 88 10.718 1
23280.359 - 88 10.678 1
23280.362 - 88 5.976 1
23280.364 - 88 5.930 1
23281.000 # 1500
23281.000 # 1500
23281.000 # 1500
23281.000 # 1500
23281.000 # 1500
23284.194 + 88 1
23284.239 + 88 1
23284.250 + 88 1
23284.260 + 88 1
23285.384 + 88 1
23287.096 + 88 1
23288.000 # 1500
23288.000 # 1500
23289.174 + 88 1
23289.211 - 88 5.017 1
23289.223 - 88 4.984 1
23289.226 - 88 4.976 1
23289.229 - 88 4.969 1
23289.231 - 88 3.847 1
23289.234 - 88 2.138 1
23290.000 # 1500
23291.000 # 1500
23291.040 - 88 1.866 1
23297.960 + 88 1
23298.005 + 88 1
23298.016 + 88 1
23298.026 + 88 1
23298.036 + 88 1
23300.806 + 88 1
23301.763 + 88 1
23308.000 # 1500
23308.000 # 1500
23308.000 # 1500
23308.000 # 1500
23308.000 # 1500
23308.000 # 1500
23308.000 # 1500
23309.666 + 88 1
23309.679 + 88 1
23309.857 - 88 11.897 1
23309.871 - 88 11.866 1
23309.874 - 88 11.858 1
23309.877 - 88 11.851 1
23309.880 - 88 11.844 1
23309.882 - 88 9.076 1
23309.885 - 88 8.122 1
23310.435 + 88 1
23310.479 + 88 1
23310.490 + 88 1
23311.000 # 1500
23311.000 # 1500
23312.000 # 1500
23312.522 - 88 2.856 1
23312.535 - 88 2.856 1
23312.537 - 88 2.102 1
23312.539 - 88 2.060 1
23312.542 - 88 2.052 1
23312.688 + 88 1
23313.503 + 88 1
23314.000 # 1500
23315.338 + 88 1
23315.550 - 88 2.862 1
23315.562 - 88 2.059 1
23316.000 # 1500
23317.420 - 88 2.082 1
23318.594 + 88 1
23319.618 + 88 1
23320.000 # 1500
23320.000 # 1500
23321.000 # 1500
23321.000 # 1500
23321.482 - 88 2.888 1
23321.493 - 88 1.875 1
23321.674 + 88 1
23322.000 # 1500
23323.000 # 1500
23323.310 - 88 1.636 1
23323.697 + 88 1
23324.000 # 1500
23325.000 # 1500
23325.181 - 88 1.484 1
23325.224 + 88 1
23327.000 # 1500
23327.261 + 88 1
23327.422 - 88 2.198 1
23329.000 # 1500
23329.000 # 1500
23329.569 + 88 1
23329.685 - 88 2.424 1
23330.000 # 1500
23330.996 - 88 1.427 1
23331.000 # 1500
23331.076 + 88 1
23333.000 # 1500
23333.892 - 88 2.816 1
23334.000 # 1500
23334.421 + 88 1
23335.000 # 1500
23335.971 - 88 1.550 1
23336.000 # 1500
23338.000 # 1500
23339.000 # 1500
23340.000 # 1500
23342.000 # 1500
23343.000 # 1500
23344.000 # 1500
23344.964 + 88 1
23345.081 + 88 1
23345.116 + 88 1
23345.164 + 88 1
23346.511 + 88 1
23348.000 # 1500
23348.106 + 88 1
23348.535 - 88 3.571 1
23348.560 - 88 3.479 1
23348.569 - 88 3.453 1
23348.578 - 88 3.414 1
23348.584 - 88 2.073 1
23349.000 # 1500
23349.000 # 1500
23350.000 # 1500
23350.538 - 88 2.432 1
23352.000 # 1500
23353.000 # 1500
23358.000 # 1500
23358.000 # 1500
23358.000 # 1500
23358.000 # 1500
23358.328 + 88 1
23358.344 + 88 1
23359.000 # 1500
23360.000 # 1500
23360.330 - 88 2.002 1
23360.342 - 88 1.998 1
23360.621 + 88 1
23360.666 + 88 1
23360.698 + 88 1
23360.730 + 88 1
23361.000 # 1500
23362.000 # 1500
23362.286 - 88 1.665 1
23362.324 - 88 1.658 1
23362.332 - 88 1.634 1
23362.340 - 88 1.610 1
23363.000 # 1500
23365.000 # 1500
23366.000 # 1500
23367.000 # 1500
23368.000 # 1500
23369.351 + 88 1
23369.394 + 88 1
23374.293 + 88 1
23374.336 + 88 1
23374.347 + 88 1
23376.032 + 88 1
23377.045 + 88 1
23378.000 # 1500
23378.000 # 1500
23378.799 - 88 9.448 1
23378.824 - 88 9.430 1
23378.832 - 88 4.539 1
23378.840 - 88 4.504 1
23378.847 - 88 4.500 1
23378.853 - 88 2.821 1
23378.860 - 88 1.815 1
23378.955 + 88 1
23378.997 + 88 1
23381.000 # 1500
23381.000 # 1500
23381.000 # 1500
23381.000 # 1500
23381.000 # 1500
23381.000 # 1500
23381.000 # 1500
23381.094 + 88 1
23381.370 - 88 2.415 1
23381.393 - 88 2.396 1
23382.000 # 1500
23383.000 # 1500
23383.027 - 88 1.933 1
23384.000 # 1500
23385.000 # 1500
23386.000 # 1500
23387.000 # 1500
23388.000 # 1500
23391.479 + 88 1
23391.532 + 88 1
23391.549 + 88 1
23391.564 + 88 1
23391.579 + 88 1
23393.494 + 88 1
23394.846 + 88 1
23395.000 # 1500
23395.000 # 1500
23396.160 + 88 1
23396.462 - 88 4.983 1
23396.474 - 88 4.942 1
23396.476 - 88 4.927 1
23396.479 - 88 4.915 1
23396.482 - 88 4.903 1
23396.485 - 88 2.991 1
23396.487 - 88 1.641 1
23397.000 # 1500
23398.000 # 1500
23398.371 - 88 2.211 1
23398.840 + 88 1
23399.000 # 1500
23401.000 # 1500
23401.199 + 88 1
23401.405 - 88 2.565 1
23403.000 # 1500
23404.333 - 88 3.134 1
23405.000 # 1500
23406.000 # 1500
23407.000 # 1500
23409.000 # 1500
23409.389 + 88 1
23409.536 + 88 1
23409.590 + 88 1
23409.738 + 88 1
23410.000 # 1500
23411.162 + 88 1
23411.181 + 88 1
23411.423 - 88 2.034 1
23411.434 - 88 1.898 1
23411.437 - 88 1.847 1
23411.440 - 88 1.702 1
23412.000 # 1500
23413.000 # 1500
23413.090 - 88 1.928 1
23413.119 - 88 1.938 1
23413.234 + 88 1
23416.836 + 88 1
23418.798 + 88 1
23423.000 # 1500
23424.124 - 88 10.890 1
23424.156 - 88 7.320 1
23424.163 - 88 5.365 1
23425.000 # 1500
23425.000 # 1500
23425.000 # 1500
23427.897 + 88 1
23428.000 # 1500
23428.000 # 1500
23429.652 + 88 1
23429.671 + 88 1
23430.797 + 88 1
23430.826 + 88 1
23430.845 + 88 1
23431.874 + 88 1
23434.000 # 1500
23434.059 + 88 1
23434.198 + 88 1
23434.320 - 88 6.423 1
23434.357 - 88 4.705 1
23434.365 - 88 4.694 1
23434.368 - 88 3.571 1
23434.370 - 88 3.544 1
23434.372 - 88 3.527 1
23434.374 - 88 2.500 1
23435.000 # 1500
23435.000 # 1500
23435.715 - 88 1.656 1
23435.897 - 88 1.699 1
23436.000 # 1500
23436.000 # 1500
23436.000 # 1500
23436.000 # 1500
23436.492 + 88 1
23437.000 # 1500
23437.826 - 88 1.334 1
23438.000 # 1500
23439.439 + 88 1
23439.465 + 88 1
23440.000 # 1500
23441.000 # 1500
23441.289 - 88 1.850 1
23441.309 - 88 1.844 1
23442.000 # 1500
23446.000 # 1500
23446.000 # 1500
23447.000 # 1500
23448.000 # 1500
23449.179 + 88 1
23449.201 + 88 1
23449.216 + 88 1
23450.000 # 1500
23450.114 + 88 1
23450.132 + 88 1
23450.178 - 88 0.999 1
23450.189 - 88 0.988 1
23450.194 - 88 0.978 1
23451.000 # 1500
23451.214 + 88 1
23451.260 - 88 1.146 1
23451.269 - 88 1.137 1
23452.000 # 1500
23453.076 + 88 1
23453.135 - 88 1.921 1
23455.051 + 88 1
23456.000 # 1500
23456.000 # 1500
23456.177 + 88 1
23456.470 - 88 3.394 1
23456.496 - 88 1.445 1
23458.000 # 1500
23458.000 # 1500
23459.038 - 88 2.861 1
23460.000 # 1500
23461.000 # 1500
23461.109 + 88 1
23461.162 + 88 1
23462.000 # 1500
23462.929 + 88 1
23462.958 - 88 1.849 1
23462.966 - 88 1.804 1
23464.793 + 88 1
23465.000 # 1500
23465.094 - 88 2.165 1
23465.107 - 88 0.314 1
23465.287 + 88 1
23466.000 # 1500
23467.000 # 1500
23467.744 + 88 1
23467.837 - 88 2.550 1
23468.000 # 1500
23468.538 + 88 1
23468.824 - 88 1.080 1
23470.000 # 1500
23471.664 - 88 3.126 1
23471.843 + 88 1
23472.000 # 1500
23472.000 # 1500
23473.747 + 88 1
23473.795 + 88 1
23473.802 - 88 1.959 1
23475.000 # 1500
23476.605 + 88 1
23476.769 - 88 3.022 1
23476.778 - 88 2.983 1
23477.000 # 1500
23477.634 + 88 1
23477.676 + 88 1
23478.000 # 1500
23478.090 - 88 1.485 1
23479.469 - 88 1.835 1
23479.485 - 88 1.809 1
23480.000 # 1500
23480.675 + 88 1
23481.000 # 1500
23482.000 # 1500
23482.709 + 88 1
23482.745 - 88 2.070 1
23483.000 # 1500
23483.692 + 88 1
23484.000 # 1500
23484.006 - 88 1.297 1
23485.000 # 1500
23485.267 - 88 1.575 1
23486.378 + 88 1
23487.429 + 88 1
23488.000 # 1500
23488.000 # 1500
23488.593 + 88 1
23488.841 - 88 2.463 1
23488.865 - 88 1.436 1
23489.000 # 1500
23490.000 # 1500
23490.734 - 88 2.141 1
23491.000 # 1500
23493.000 # 1500
23494.364 + 88 1
23495.000 # 1500
23495.000 # 1500
23496.033 - 88 1.669 1
23497.000 # 1500
23498.000 # 1500
23499.000 # 1500
23500.000 # 1500
23500.316 + 88 1
23504.000 # 1500
23504.000 # 1500
23504.854 - 88 4.538 1
23505.000 # 1500
23506.584 + 88 1
23507.000 # 1500
23508.000 # 1500
23508.763 - 88 2.179 1
23509.000 # 1500
23511.103 + 88 1
23511.295 + 88 1
23514.923 + 88 1
23520.000 # 1500
23520.000 # 1500
23520.000 # 1500
23520.000 # 1500
23520.620 - 88 9.517 1
23520.634 - 88 9.339 1
23520.637 - 88 5.714 1
23524.717 + 88 1
23527.000 # 1500
23528.000 # 1500
23528.000 # 1500
23528.273 + 88 1
23528.290 - 88 3.573 1
23529.000 # 1500
23529.000 # 1500
23529.618 + 88 1
23529.887 - 88 1.614 1
23531.000 # 1500
23531.000 # 1500
23532.000 # 1500
23533.278 - 88 3.660 1
23533.497 + 88 1
23535.000 # 1500
23536.000 # 1500
23536.097 - 88 2.600 1
23537.000 # 1500
23537.000 # 1500
23538.000 # 1500
23538.508 + 88 1
23540.219 + 88 1
23540.497 + 88 1
23547.181 + 88 1
23549.000 # 1500
23549.000 # 1500
23549.000 # 1500
23549.000 # 1500
23549.000 # 1500
23549.000 # 1500
23549.000 # 1500
23549.000 # 1500
23550.117 - 88 11.609 1
23550.124 - 88 9.905 1
23550.127 - 88 9.630 1
23550.130 - 88 2.949 1
23550.301 + 88 1
23551.000 # 1500
23551.000 # 1500
23551.769 - 88 1.468 1
23552.000 # 1500
23552.406 + 88 1
23554.000 # 1500
23554.963 + 88 1
23555.000 # 1500
23555.155 - 88 2.749 1
23556.000 # 1500
23556.976 - 88 2.013 1
23557.000 # 1500
23558.000 # 1500
23559.000 # 1500
23565.468 + 88 1
23567.548 + 88 1
23567.830 + 88 1
23568.000 # 1500
23568.000 # 1500
23568.000 # 1500
23569.166 - 88 3.698 1
23569.176 - 88 1.628 1
23569.179 - 88 1.349 1
23572.000 # 1500
23572.000 # 1500
23572.000 # 1500
23572.000 # 1500
23572.000 # 1500
23572.000 # 1500
23572.000 # 1500
23572.654 + 88 1
23573.000 # 1500
23574.195 - 88 1.541 1
23574.575 + 88 1
23575.000 # 1500
23576.074 - 88 1.499 1
23577.357 + 88 1
23579.338 + 88 1
23581.373 + 88 1
23583.425 + 88 1
23585.000 # 1500
23585.000 # 1500
23585.936 - 88 8.579 1
23585.958 - 88 6.620 1
23585.967 - 88 4.594 1
23585.974 - 88 2.549 1
23586.000 # 1500
23586.000 # 1500
23586.509 + 88 1
23588.000 # 1500
23588.354 + 88 1
23588.492 - 88 1.983 1
23589.000 # 1500
23589.000 # 1500
23589.000 # 1500
23589.774 - 88 1.420 1
23590.392 + 88 1
23594.736 + 88 1
23595.844 + 88 1
23598.598 + 88 1
23599.000 # 1500
23599.000 # 1500
23599.000 # 1500
23599.000 # 1500
23599.000 # 1500
23599.622 + 88 1
23599.754 - 88 9.362 1
23599.762 - 88 5.026 1
23599.765 - 88 3.921 1
23599.768 - 88 1.170 1
23600.000 # 1500
23601.328 - 88 1.706 1
23606.000 # 1500
23609.000 # 1500
23610.000 # 1500
23610.469 + 88 1
23610.809 + 88 1
23612.000 # 1500
23612.478 + 88 1
23612.636 - 88 2.167 1
23612.644 - 88 1.835 1
23614.000 # 1500
23615.000 # 1500
23615.000 # 1500
23615.000 # 1500
23615.200 - 88 2.722 1
23615.597 + 88 1
23617.289 + 88 1
23619.430 + 88 1
23623.066 + 88 1
23624.165 + 88 1
23626.000 # 1500
23626.933 - 88 11.336 1
23626.951 - 88 9.662 1
23626.954 - 88 7.524 1
23626.957 - 88 3.891 1
23626.959 - 88 2.794 1
23627.282 + 88 1
23629.000 # 1500
23630.756 - 88 3.474 1
23630.970 + 88 1
23631.000 # 1500
23631.000 # 1500
23631.000 # 1500
23631.610 + 88 1
23634.846 + 88 1
23635.000 # 1500
23635.000 # 1500
23635.737 + 88 1
23635.968 - 88 4.998 1
23635.976 - 88 4.366 1
23635.979 - 88 1.133 1
23636.945 + 88 1
23640.913 + 88 1
23642.000 # 1500
23642.000 # 1500
23642.451 - 88 6.714 1
23642.462 - 88 5.517 1
23642.467 - 88 1.554 1
23643.000 # 1500
23643.631 + 88 1
23644.000 # 1500
23644.580 + 88 1
23644.737 - 88 1.106 1
23646.000 # 1500
23647.000 # 1500
23647.423 - 88 2.843 1
23648.000 # 1500
23650.000 # 1500
23654.473 + 88 1
23657.305 + 88 1
23661.034 + 88 1
23662.000 # 1500
23662.000 # 1500
23662.000 # 1500
23662.000 # 1500
23662.000 # 1500
23662.838 - 88 8.365 1
23662.853 - 88 5.548 1
23662.858 - 88 1.824 1
23663.000 # 1500
23664.331 + 88 1
23665.000 # 1500
23665.812 - 88 1.481 1
23668.000 # 1500
23668.060 + 88 1
23669.000 # 1500
23669.771 - 88 1.711 1
23671.000 # 1500
23671.765 + 88 1
23672.000 # 1500
23672.868 + 88 1
23673.070 - 88 1.305 1
23674.985 + 88 1
23675.000 # 1500
23675.141 - 88 2.273 1
23676.000 # 1500
23677.469 - 88 2.484 1
23678.000 # 1500
23681.000 # 1500
23682.000 # 1500
23684.000 # 1500
23686.000 # 1500
23687.064 + 88 1
23687.296 + 88 1
23687.309 + 88 1
23688.000 # 1500
23688.505 + 88 1
23688.589 - 88 1.525 1
23688.603 - 88 1.307 1
23688.609 - 88 1.300 1
23690.701 + 88 1
23691.000 # 1500
23691.000 # 1500
23692.252 - 88 3.747 1
23692.285 - 88 1.584 1
23693.000 # 1500
23694.000 # 1500
23697.495 + 88 1
23697.596 + 88 1
23697.949 + 88 1
23699.356 + 88 1
23701.459 + 88 1
23706.000 # 1500
23706.090 + 88 1
23706.275 - 88 8.780 1
23706.291 - 88 8.695 1
23706.296 - 88 8.347 1
23706.301 - 88 6.945 1
23706.305 - 88 4.846 1
23706.366 + 88 1
23707.000 # 1500
23707.823 - 88 1.733 1
23707.839 - 88 1.473 1
23708.211 + 88 1
23710.172 + 88 1
23712.000 # 1500
23712.646 - 88 4.435 1
23712.659 - 88 2.487 1
23712.995 + 88 1
23713.000 # 1500
23713.000 # 1500
23713.000 # 1500
23714.969 + 88 1
23716.940 + 88 1
23719.006 + 88 1
23720.804 + 88 1
23721.000 # 1500
23721.000 # 1500
23721.000 # 1500
23721.000 # 1500
23722.470 - 88 9.475 1
23722.487 - 88 7.518 1
23722.492 - 88 5.552 1
23722.496 - 88 3.490 1
23722.501 - 88 1.697 1
23724.567 + 88 1
23724.760 + 88 1
23726.606 + 88 1
23727.000 # 1500
23727.000 # 1500
23727.000 # 1500
23727.000 # 1500
23728.000 # 1500
23728.028 - 88 3.461 1
23728.043 - 88 3.283 1
23728.048 - 88 1.442 1
23729.000 # 1500
23730.469 + 88 1
23730.838 + 88 1
23732.496 + 88 1
23734.480 + 88 1
23737.419 + 88 1
23739.000 # 1500
23739.000 # 1500
23739.000 # 1500
23739.000 # 1500
23740.000 # 1500
23740.107 - 88 9.638 1
23740.123 - 88 9.285 1
23740.128 - 88 7.632 1
23740.132 - 88 5.652 1
23740.137 - 88 2.718 1
23740.368 + 88 1
23742.134 + 88 1
23744.222 + 88 1
23748.072 + 88 1
23748.340 + 88 1
23752.859 + 88 1
23753.000 # 1500
23753.000 # 1500
23753.000 # 1500
23753.202 + 88 1
23753.359 - 88 12.991 1
23753.375 - 88 11.241 1
23753.378 - 88 9.156 1
23753.380 - 88 5.308 1
23753.383 - 88 5.043 1
23753.386 - 88 0.527 1
23754.000 # 1500
23754.788 - 88 1.586 1
23754.909 + 88 1
23755.000 # 1500
23756.764 - 88 1.855 1
23757.000 # 1500
23757.096 + 88 1
23759.000 # 1500
23759.699 - 88 2.603 1
23762.000 # 1500
23764.000 # 1500
23767.570 + 88 1
23767.807 + 88 1
23772.566 + 88 1
23776.000 # 1500
23776.000 # 1500
23776.000 # 1500
23776.000 # 1500
23777.000 # 1500
23777.000 # 1500
23777.274 - 88 9.704 1
23777.294 - 88 9.487 1
23777.298 - 88 4.732 1
23777.577 + 88 1
23779.000 # 1500
23780.000 # 1500
23780.111 - 88 2.534 1
23781.460 + 88 1
23783.198 + 88 1
23784.000 # 1500
23784.000 # 1500
23785.243 - 88 3.783 1
23785.256 - 88 2.058 1
23786.000 # 1500
23788.039 + 88 1
23789.000 # 1500
23790.000 # 1500
23790.058 - 88 2.019 1
23790.402 + 88 1
23792.000 # 1500
23792.226 + 88 1
23792.360 - 88 1.958 1
23794.000 # 1500
23794.815 - 88 2.589 1
23796.000 # 1500
23798.000 # 1500
23798.789 + 88 1
23799.037 + 88 1
23800.000 # 1500
23800.640 - 88 1.851 1
23800.652 - 88 1.615 1
23802.000 # 1500
23805.000 # 1500
23807.000 # 1500
23809.877 + 88 1
23810.000 # 1500
23811.000 # 1500
23811.508 - 88 1.631 1
23816.000 # 1500
23816.000 # 1500
23817.000 # 1500
23819.461 + 88 1
23820.000 # 1500
23822.000 # 1500
23822.166 - 88 2.705 1
23823.335 + 88 1
23823.529 + 88 1
23824.000 # 1500
23825.182 - 88 1.847 1
23825.208 - 88 1.679 1
23825.455 + 88 1
23828.000 # 1500
23828.121 + 88 1
23828.269 - 88 2.814 1
23830.003 + 88 1
23831.000 # 1500
23831.406 - 88 3.285 1
23831.416 - 88 1.413 1
23832.000 # 1500
23834.000 # 1500
23836.000 # 1500
23838.000 # 1500
23839.000 # 1500
23840.766 + 88 1
23840.993 + 88 1
23841.000 # 1500
23841.130 - 88 0.364 1
23843.000 # 1500
23843.596 - 88 2.603 1
23845.862 + 88 1
23850.548 + 88 1
23852.000 # 1500
23852.000 # 1500
23852.738 + 88 1
23852.862 - 88 7.000 1
23852.875 - 88 2.327 1
23853.000 # 1500
23854.362 - 88 1.624 1
23855.000 # 1500
23856.000 # 1500
23857.370 + 88 1
23858.000 # 1500
23859.211 - 88 1.841 1
23861.000 # 1500
23861.247 + 88 1
23862.435 + 88 1
23863.000 # 1500
23864.123 - 88 2.876 1
23864.134 - 88 1.699 1
23865.000 # 1500
23866.398 + 88 1
23867.000 # 1500
23868.000 # 1500
23868.074 - 88 1.676 1
23871.000 # 1500
23872.000 # 1500
23874.000 # 1500
23875.371 + 88 1
23876.000 # 1500
23876.865 - 88 1.494 1
23877.965 + 88 1
23878.000 # 1500
23878.093 - 88 0.128 1
23879.000 # 1500
23881.812 + 88 1
23882.000 # 1500
23883.688 - 88 1.876 1
23884.722 + 88 1
23885.000 # 1500
23886.000 # 1500
23886.697 - 88 1.975 1
23886.831 + 88 1
23888.000 # 1500
23888.711 + 88 1
23888.842 - 88 2.011 1
23890.000 # 1500
23891.476 + 88 1
23891.613 - 88 2.902 1
23892.000 # 1500
23893.000 # 1500
23893.447 - 88 1.971 1
23895.000 # 1500
23897.000 # 1500
23902.440 + 88 1
23907.339 + 88 1
23909.000 # 1500
23909.000 # 1500
23909.000 # 1500
23909.000 # 1500
23909.000 # 1500
23910.427 - 88 7.987 1
23910.441 - 88 3.102 1
23910.524 + 88 1
23912.000 # 1500
23912.966 - 88 2.442 1
23913.000 # 1500
23914.000 # 1500
23915.234 + 88 1
23918.000 # 1500
23918.909 - 88 3.675 1
23919.000 # 1500
23922.000 # 1500
23922.029 + 88 1
23925.000 # 1500
23925.891 + 88 1
23926.122 - 88 4.093 1
23927.000 # 1500
23928.000 # 1500
23928.691 - 88 2.800 1
23929.127 + 88 1
23930.000 # 1500
23930.558 - 88 1.431 1
23931.791 + 88 1
23932.000 # 1500
23934.000 # 1500
23934.419 - 88 2.628 1
23935.000 # 1500
23935.805 + 88 1
23937.000 # 1500
23938.000 # 1500
23938.418 - 88 2.613 1
23938.810 + 88 1
23941.636 + 88 1
23945.164 + 88 1
23952.000 # 1500
23953.095 - 88 14.285 1
23953.112 - 88 11.476 1
23953.115 - 88 7.951 1
23955.000 # 1500
23955.361 + 88 1
23957.000 # 1500
23957.000 # 1500
23957.000 # 1500
23957.120 + 88 1
23957.273 - 88 1.912 1
23960.036 + 88 1
23962.000 # 1500
23962.042 + 88 1
23962.230 - 88 5.110 1
23962.258 - 88 2.222 1
23964.000 # 1500
23964.889 - 88 2.847 1
23967.000 # 1500
23969.000 # 1500
23972.000 # 1500
23972.724 + 88 1
23972.968 + 88 1
23974.000 # 1500
23975.000 # 1500
23975.513 - 88 2.789 1
23975.527 - 88 2.559 1
23977.000 # 1500
23978.000 # 1500
23980.000 # 1500
23982.000 # 1500
23982.683 + 88 1
23985.000 # 1500
23985.573 + 88 1
23985.747 - 88 3.064 1
23987.000 # 1500
23988.225 - 88 2.652 1
23988.313 + 88 1
23989.000 # 1500
23990.000 # 1500
23990.062 - 88 1.749 1
23991.583 + 88 1
23993.000 # 1500
23995.000 # 1500
23995.000 # 1500
23995.991 - 88 4.408 1
23997.000 # 1500
24000.000 # 1500
24000.985 + 88 1
24001.000 # 1500
24001.152 + 88 1
24002.969 + 88 1
24003.000 # 1500
24003.161 - 88 2.176 1
24003.172 - 88 2.020 1
24004.000 # 1500
24004.786 - 88 1.817 1
24007.000 # 1500
24009.000 # 1500
24011.000 # 1500
24011.899 + 88 1
24012.000 # 1500
24013.000 # 1500
24013.550 - 88 1.651 1
24015.923 + 88 1
24026.000 # 1500
24026.000 # 1500
24026.000 # 1500
24026.444 - 88 10.521 1
24028.356 + 88 1
24028.536 + 88 1
24029.000 # 1500
24030.152 - 88 1.796 1
24030.163 - 88 1.627 1
24031.313 + 88 1
24032.000 # 1500
24032.000 # 1500
24033.000 # 1500
24033.192 - 88 1.879 1
24033.466 + 88 1
24035.437 + 88 1
24038.133 + 88 1
24040.283 + 88 1
24042.120 + 88 1
24043.000 # 1500
24043.000 # 1500
24043.000 # 1500
24043.000 # 1500
24043.000 # 1500
24043.000 # 1500
24044.155 - 88 10.689 1
24044.169 - 88 8.732 1
24044.172 - 88 6.039 1
24044.174 - 88 3.891 1
24044.176 - 88 2.056 1
24045.910 + 88 1
24047.000 # 1500
24047.884 - 88 1.974 1
24048.000 # 1500
24049.000 # 1500
24050.000 # 1500
24052.000 # 1500
24053.000 # 1500
24054.654 + 88 1
24054.865 + 88 1
24055.000 # 1500
24056.686 - 88 2.032 1
24056.693 + 88 1
24056.713 - 88 1.848 1
24058.000 # 1500
24058.507 + 88 1
24058.675 - 88 1.982 1
24060.490 + 88 1
24063.000 # 1500
24063.566 + 88 1
24063.781 - 88 5.274 1
24063.792 - 88 3.302 1
24064.000 # 1500
24064.000 # 1500
24065.375 + 88 1
24065.484 - 88 1.918 1
24067.000 # 1500
24068.000 # 1500
24068.391 - 88 3.016 1
24068.579 + 88 1
24070.000 # 1500
24070.204 + 88 1
24070.313 - 88 1.734 1
24071.000 # 1500
24072.271 + 88 1
24072.496 - 88 2.292 1
24074.000 # 1500
24075.168 + 88 1
24075.312 - 88 3.041 1
24077.207 + 88 1
24078.000 # 1500
24078.000 # 1500
24078.897 - 88 3.729 1
24078.911 - 88 1.704 1
24079.000 # 1500
24081.109 + 88 1
24082.000 # 1500
24083.000 # 1500
24083.107 - 88 1.998 1
24083.205 + 88 1
24084.000 # 1500
24084.842 + 88 1
24084.978 - 88 1.773 1
24086.000 # 1500
24087.908 - 88 3.066 1
24088.000 # 1500
24089.770 + 88 1
24089.786 + 88 1
24090.000 # 1500
24091.000 # 1500
24091.640 - 88 1.870 1
24091.654 - 88 1.868 1
24091.941 + 88 1
24093.000 # 1500
24094.692 - 88 2.751 1
24094.723 + 88 1
24098.501 + 88 1
24098.557 + 88 1
24101.024 + 88 1
24101.083 + 88 1
24102.000 # 1500
24103.309 - 88 8.586 1
24103.324 - 88 4.823 1
24103.329 - 88 4.772 1
24103.334 - 88 2.310 1
24103.339 - 88 2.256 1
24105.380 + 88 1
24106.000 # 1500
24106.561 + 88 1
24106.783 - 88 1.403 1
24108.353 + 88 1
24109.000 # 1500
24109.000 # 1500
24109.000 # 1500
24110.196 + 88 1
24110.256 - 88 3.695 1
24110.291 - 88 1.938 1
24115.182 + 88 1
24117.988 + 88 1
24118.000 # 1500
24118.000 # 1500
24118.183 - 88 7.987 1
24118.219 - 88 3.037 1
24119.000 # 1500
24119.472 - 88 1.484 1
24121.117 + 88 1
24123.000 # 1500
24123.076 + 88 1
24123.129 + 88 1
24123.256 - 88 2.139 1
24124.000 # 1500
24124.000 # 1500
24124.000 # 1500
24124.000 # 1500
24124.849 - 88 1.773 1
24124.860 - 88 1.731 1
24126.000 # 1500
24126.823 + 88 1
24128.000 # 1500
24129.056 - 88 2.233 1
24129.214 + 88 1
24130.000 # 1500
24130.000 # 1500
24130.719 - 88 1.505 1
24133.000 # 1500
24135.000 # 1500
24139.883 + 88 1
24139.938 + 88 1
24144.461 + 88 1
24144.514 + 88 1
24144.530 + 88 1
24146.000 # 1500
24146.000 # 1500
24146.000 # 1500
24146.000 # 1500
24146.000 # 1500
24146.832 - 88 6.949 1
24146.843 - 88 6.905 1
24146.847 - 88 2.386 1
24146.852 - 88 2.338 1
24146.857 - 88 2.327 1
24147.000 # 1500
24149.000 # 1500
24151.000 # 1500
24153.181 + 88 1
24153.203 + 88 1
24153.218 + 88 1
24153.233 + 88 1
24154.729 + 88 1
24158.191 + 88 1
24159.283 + 88 1
24160.000 # 1500
24161.000 # 1500
24161.000 # 1500
24161.000 # 1500
24161.000 # 1500
24161.058 - 88 7.877 1
24161.067 - 88 7.864 1
24161.072 - 88 7.854 1
24161.076 - 88 7.843 1
24161.080 - 88 6.351 1
24161.085 - 88 2.894 1
24161.089 - 88 1.806 1
24163.000 # 1500
24168.282 + 88 1
24170.805 + 88 1
24171.000 # 1500
24171.000 # 1500
24171.000 # 1500
24171.000 # 1500
24172.731 - 88 4.449 1
24172.746 - 88 1.941 1
24173.124 + 88 1
24173.142 + 88 1
24173.157 + 88 1
24176.785 + 88 1
24179.596 + 88 1
24187.440 + 88 1
24187.461 + 88 1
24187.476 + 88 1
24187.491 + 88 1
24189.790 + 88 1
24191.412 + 88 1
24198.084 + 88 1
24199.295 + 88 1
24199.314 + 88 1
24201.123 + 88 1
24203.896 + 88 1
24206.776 + 88 1
24208.000 # 1500
24208.000 # 1500
24208.000 # 1500
24208.000 # 1500
24208.441 + 88 1
24208.593 - 88 35.469 1
24208.605 - 88 35.463 1
24208.608 - 88 35.451 1
24208.610 - 88 31.825 1
24208.612 - 88 29.016 1
24208.615 - 88 21.175 1
24208.617 - 88 21.156 1
24208.619 - 88 21.143 1
24208.622 - 88 21.131 1
24208.625 - 88 18.835 1
24208.627 - 88 17.215 1
24208.629 - 88 10.545 1
24208.631 - 88 9.336 1
24208.633 - 88 9.319 1
24208.635 - 88 7.512 1
24208.637 - 88 4.741 1
24208.639 - 88 1.863 1
24209.000 # 1500
24209.000 # 1500
24209.000 # 1500
24209.000 # 1500
24209.000 # 1500
24209.000 # 1500
24209.000 # 1500
24209.000 # 1500
24209.000 # 1500
24209.000 # 1500
24209.000 # 1500
24209.000 # 1500
24209.000 # 1500
24210.590 - 88 2.149 1
24214.000 # 1500
24215.000 # 1500
24217.000 # 1500
24217.000 # 1500
24217.000 # 1500
24220.258 + 88 1
24220.353 + 88 1
24220.414 + 88 1
24220.475 + 88 1
24223.000 # 1500
24223.000 # 1500
24223.000 # 1500
24224.101 - 88 3.843 1
24224.119 - 88 3.766 1
24224.122 - 88 3.708 1
24224.125 - 88 3.650 1
24225.000 # 1500
24227.000 # 1500
24229.000 # 1500
24230.911 + 88 1
24230.934 + 88 1
24230.951 + 88 1
24235.224 + 88 1
24238.000 # 1500
24238.000 # 1500
24238.000 # 1500
24238.000 # 1500
24238.000 # 1500
24238.671 + 88 1
24238.769 - 88 7.858 1
24238.785 - 88 7.851 1
24238.787 - 88 7.836 1
24238.790 - 88 3.566 1
24241.000 # 1500
24241.000 # 1500
24241.704 + 88 1
24241.886 - 88 3.215 1
24243.000 # 1500
24243.132 + 88 1
24243.277 - 88 1.573 1
24247.000 # 1500
24247.625 - 88 4.493 1
24248.000 # 1500
24248.674 + 88 1
24249.571 + 88 1
24250.000 # 1500
24251.000 # 1500
24251.380 - 88 2.706 1
24251.387 - 88 1.816 1
24251.528 + 88 1
24254.000 # 1500
24255.580 - 88 4.052 1
24255.788 + 88 1
24256.000 # 1500
24256.000 # 1500
24256.196 - 88 0.408 1
24258.000 # 1500
24259.374 + 88 1
24261.000 # 1500
24262.355 - 88 2.981 1
24263.000 # 1500
24264.000 # 1500
24266.000 # 1500
24267.000 # 1500
24269.194 + 88 1
24269.210 + 88 1
24271.501 + 88 1
24272.000 # 1500
24273.116 - 88 3.922 1
24273.131 - 88 3.921 1
24273.139 - 88 1.638 1
24276.000 # 1500
24278.000 # 1500
24278.000 # 1500
24281.000 # 1500
24282.705 + 88 1
24282.719 + 88 1
24282.729 + 88 1
24284.000 # 1500
24284.633 + 88 1
24284.775 - 88 2.070 1
24284.785 - 88 2.066 1
24284.788 - 88 2.059 1
24286.000 # 1500
24286.000 # 1500
24286.677 + 88 1
24286.883 - 88 2.250 1
24288.000 # 1500
24289.648 - 88 2.971 1
24289.761 + 88 1
24290.853 + 88 1
24300.473 + 88 1
24300.487 + 88 1
24300.497 + 88 1
24300.507 + 88 1
24302.337 + 88 1
24303.000 # 1500
24303.000 # 1500
24303.000 # 1500
24303.000 # 1500
24304.000 # 1500
24304.000 # 1500
24304.000 # 1500
24304.000 # 1500
24304.262 + 88 1
24304.334 - 88 14.573 1
24304.358 - 88 13.505 1
24304.361 - 88 3.888 1
24304.364 - 88 3.877 1
24304.366 - 88 3.869 1
24304.368 - 88 3.861 1
24304.370 - 88 2.033 1
24305.000 # 1500
24305.596 - 88 1.334 1
24307.218 + 88 1
24308.000 # 1500
24309.032 - 88 1.814 1
24309.212 + 88 1
24310.214 + 88 1
24311.000 # 1500
24311.833 - 88 2.621 1
24311.843 - 88 1.629 1
24313.000 # 1500
24315.000 # 1500
24316.000 # 1500
24318.000 # 1500
24321.689 + 88 1
24321.742 + 88 1
24321.758 + 88 1
24325.000 # 1500
24325.000 # 1500
24325.000 # 1500
24326.000 # 1500
24327.000 # 1500
24327.809 - 88 6.120 1
24328.049 - 88 6.307 1
24328.054 - 88 6.296 1
24329.624 + 88 1
24329.674 + 88 1
24329.691 + 88 1
24331.463 + 88 1
24341.202 + 88 1
24341.253 + 88 1
24342.000 # 1500
24342.000 # 1500
24342.464 + 88 1
24342.481 + 88 1
24342.824 - 88 13.200 1
24342.835 - 88 13.161 1
24342.838 - 88 13.147 1
24342.840 - 88 11.377 1
24342.842 - 88 1.640 1
24342.844 - 88 1.591 1
24344.105 + 88 1
24347.000 # 1500
24347.000 # 1500
24347.048 + 88 1
24347.324 - 88 4.860 1
24347.335 - 88 4.854 1
24347.338 - 88 3.233 1
24348.000 # 1500
24349.198 - 88 2.150 1
24349.317 + 88 1
24351.000 # 1500
24352.000 # 1500
24352.023 - 88 2.706 1
24361.729 + 88 1
24361.783 + 88 1
24361.800 + 88 1
24361.814 + 88 1
24363.000 # 1500
24364.750 - 88 3.021 1
24364.760 - 88 2.977 1
24364.764 - 88 2.964 1
24364.766 - 88 2.952 1
24365.000 # 1500
24365.000 # 1500
24365.701 + 88 1
24366.000 # 1500
24366.000 # 1500
24366.000 # 1500
24366.949 - 88 1.248 1
24367.054 + 88 1
24370.596 + 88 1
24376.000 # 1500
24376.000 # 1500
24376.000 # 1500
24376.885 - 88 9.831 1
24376.893 - 88 6.297 1
24377.000 # 1500
24377.000 # 1500
24379.000 # 1500
24380.459 + 88 1
24380.519 + 88 1
24380.536 + 88 1
24381.000 # 1500
24382.323 - 88 1.864 1
24382.330 - 88 1.811 1
24382.333 - 88 1.797 1
24383.000 # 1500
24386.000 # 1500
24387.000 # 1500
24387.258 + 88 1
24388.000 # 1500
24389.059 - 88 1.801 1
24390.229 + 88 1
24390.289 + 88 1
24390.305 + 88 1
24390.320 + 88 1
24391.000 # 1500
24392.040 - 88 1.811 1
24392.047 - 88 1.758 1
24392.050 - 88 1.745 1
24392.052 - 88 1.732 1
24392.164 + 88 1
24393.000 # 1500
24393.448 - 88 1.284 1
24395.000 # 1500
24397.000 # 1500
24399.000 # 1500
24402.000 # 1500
24403.000 # 1500
24403.221 + 88 1
24403.272 + 88 1
24403.289 + 88 1
24403.304 + 88 1
24406.000 # 1500
24406.672 + 88 1
24406.826 - 88 3.605 1
24406.833 - 88 3.561 1
24406.836 - 88 3.547 1
24406.838 - 88 3.534 1
24408.678 + 88 1
24409.000 # 1500
24410.000 # 1500
24410.068 - 88 3.396 1
24410.076 - 88 1.398 1
24414.000 # 1500
24414.000 # 1500
24417.000 # 1500
24417.000 # 1500
24419.000 # 1500
24419.952 + 88 1
24420.003 + 88 1
24420.020 + 88 1
24420.036 + 88 1
24420.058 + 88 1
24421.428 + 88 1
24422.000 # 1500
24423.418 - 88 3.466 1
24423.426 - 88 3.423 1
24423.429 - 88 3.409 1
24423.431 - 88 3.395 1
24423.433 - 88 3.375 1
24423.435 - 88 2.007 1
24423.555 + 88 1
24424.000 # 1500
24425.000 # 1500
24425.287 - 88 1.732 1
24425.367 + 88 1
24426.000 # 1500
24426.584 + 88 1
24426.802 - 88 1.435 1
24428.000 # 1500
24429.211 - 88 2.627 1
24429.344 + 88 1
24430.000 # 1500
24430.229 + 88 1
24430.365 - 88 1.021 1
24432.000 # 1500
24432.510 - 88 2.281 1
24433.337 + 88 1
24434.000 # 1500
24435.026 - 88 1.689 1
24435.134 + 88 1
24437.014 + 88 1
24439.983 + 88 1
24441.390 + 88 1
24450.686 + 88 1
24450.735 + 88 1
24452.768 + 88 1
24455.537 + 88 1
24458.322 + 88 1
24468.463 + 88 1
24468.514 + 88 1
24468.530 + 88 1
24468.545 + 88 1
24468.560 + 88 1
24469.000 # 1500
24469.000 # 1500
24469.000 # 1500
24469.000 # 1500
24469.000 # 1500
24470.000 # 1500
24470.000 # 1500
24470.000 # 1500
24470.000 # 1500
24470.000 # 1500
24470.000 # 1500
24470.000 # 1500
24470.000 # 1500
24470.000 # 1500
24470.000 # 1500
24470.000 # 1500
24470.000 # 1500
24470.000 # 1500
24470.215 + 88 1
24470.383 - 88 35.249 1
24470.391 - 88 33.377 1
24470.394 - 88 30.411 1
24470.396 - 88 29.006 1
24470.399 - 88 19.713 1
24470.401 - 88 19.666 1
24470.403 - 88 17.635 1
24470.405 - 88 14.868 1
24470.407 - 88 12.085 1
24470.409 - 88 1.946 1
24470.411 - 88 1.897 1
24470.413 - 88 1.883 1
24470.415 - 88 1.870 1
24470.417 - 88 1.857 1
24472.181 + 88 1
24473.000 # 1500
24473.707 - 88 3.492 1
24473.714 - 88 1.533 1
24474.000 # 1500
24475.172 + 88 1
24476.969 + 88 1
24477.024 + 88 1
24481.000 # 1500
24481.938 - 88 6.766 1
24481.945 - 88 4.976 1
24481.948 - 88 4.924 1
24482.000 # 1500
24484.000 # 1500
24487.000 # 1500
24487.000 # 1500
24487.786 + 88 1
24487.837 + 88 1
24487.853 + 88 1
24488.867 + 88 1
24488.916 + 88 1
24489.000 # 1500
24489.116 - 88 1.330 1
24489.124 - 88 1.287 1
24489.127 - 88 1.274 1
24490.729 + 88 1
24492.738 + 88 1
24493.791 + 88 1
24501.000 # 1500
24501.000 # 1500
24501.000 # 1500
24501.000 # 1500
24501.000 # 1500
24501.000 # 1500
24502.000 # 1500
24503.268 - 88 14.401 1
24503.277 - 88 14.361 1
24503.280 - 88 12.551 1
24503.282 - 88 10.544 1
24503.285 - 88 9.494 1
24504.000 # 1500
24504.315 + 88 1
24504.368 + 88 1
24504.385 + 88 1
24504.400 + 88 1
24504.416 + 88 1
24505.000 # 1500
24506.345 - 88 2.030 1
24506.353 - 88 1.985 1
24506.356 - 88 1.971 1
24506.358 - 88 1.958 1
24506.360 - 88 1.944 1
24506.428 + 88 1
24507.000 # 1500
24507.530 + 88 1
24507.703 - 88 1.275 1
24517.000 # 1500
24517.000 # 1500
24517.000 # 1500
24517.000 # 1500
24517.000 # 1500
24518.014 + 88 1
24518.139 - 88 10.609 1
24518.236 + 88 1
24518.287 + 88 1
24519.000 # 1500
24519.000 # 1500
24520.104 - 88 2.090 1
24520.111 - 88 1.875 1
24520.114 - 88 1.827 1
24521.000 # 1500
24523.000 # 1500
24525.000 # 1500
24527.000 # 1500
24527.975 + 88 1
24528.000 # 1500
24528.026 + 88 1
24528.043 + 88 1
24528.058 + 88 1
24528.083 + 88 1
24530.000 # 1500
24530.762 - 88 2.787 1
24530.771 - 88 2.745 1
24530.774 - 88 2.731 1
24530.776 - 88 2.718 1
24530.778 - 88 2.695 1
24531.000 # 1500
24540.584 + 88 1
24542.520 + 88 1
24543.477 + 88 1
24543.525 + 88 1
24543.542 + 88 1
24543.557 + 88 1
24545.427 + 88 1
24547.264 + 88 1
24549.318 + 88 1
24550.357 + 88 1
24552.000 # 1500
24552.000 # 1500
24552.000 # 1500
24552.000 # 1500
24552.311 + 88 1
24552.519 - 88 11.935 1
24552.529 - 88 10.009 1
24552.532 - 88 9.055 1
24552.534 - 88 9.009 1
24552.536 - 88 8.994 1
24552.539 - 88 8.982 1
24552.542 - 88 7.115 1
24552.544 - 88 5.280 1
24552.546 - 88 3.228 1
24552.548 - 88 2.191 1
24554.465 + 88 1
24556.278 + 88 1
24559.060 + 88 1
24561.087 + 88 1
24563.078 + 88 1
24564.000 # 1500
24564.000 # 1500
24564.000 # 1500
24564.225 + 88 1
24564.585 - 88 12.274 1
24564.597 - 88 10.132 1
24564.600 - 88 8.322 1
24564.603 - 88 5.543 1
24564.606 - 88 3.519 1
24564.608 - 88 1.530 1
24565.000 # 1500
24565.000 # 1500
24565.000 # 1500
24565.000 # 1500
24565.000 # 1500
24565.000 # 1500
24565.000 # 1500
24565.000 # 1500
24566.000 # 1500
24566.000 # 1500
24566.074 + 88 1
24566.118 - 88 1.893 1
24567.000 # 1500
24568.000 # 1500
24568.039 + 88 1
24568.231 - 88 2.157 1
24570.000 # 1500
24570.748 - 88 2.709 1
24571.859 + 88 1
24571.902 + 88 1
24572.000 # 1500
24572.091 - 88 0.232 1
24572.100 - 88 0.198 1
24573.000 # 1500
24575.000 # 1500
24576.281 + 88 1
24577.000 # 1500
24577.682 - 88 1.401 1
24577.808 + 88 1
24579.000 # 1500
24579.595 - 88 1.787 1
24579.749 + 88 1
24580.000 # 1500
24580.969 + 88 1
24581.383 - 88 1.634 1
24583.000 # 1500
24583.000 # 1500
24583.542 + 88 1
24583.773 - 88 2.804 1
24585.517 + 88 1
24586.000 # 1500
24587.000 # 1500
24587.427 - 88 3.885 1
24587.438 - 88 1.921 1
24588.414 + 88 1
24589.000 # 1500
24590.407 - 88 1.993 1
24590.519 + 88 1
24593.000 # 1500
24593.000 # 1500
24595.139 - 88 4.620 1
24603.000 # 1500
24603.000 # 1500
24603.000 # 1500
24603.000 # 1500
24603.000 # 1500
24604.000 # 1500
24604.119 + 88 1
24604.133 + 88 1
24604.143 + 88 1
24604.153 + 88 1
24604.163 + 88 1
24605.000 # 1500
24606.185 - 88 2.066 1
24606.213 - 88 2.080 1
24606.222 - 88 2.079 1
24606.229 - 88 2.076 1
24606.236 - 88 2.073 1
24606.457 + 88 1
24606.502 + 88 1
24606.513 + 88 1
24607.000 # 1500
24608.007 - 88 1.550 1
24608.016 - 88 1.514 1
24608.019 - 88 1.506 1
24609.000 # 1500
24609.291 + 88 1
24610.000 # 1500
24610.786 - 88 1.495 1
24612.000 # 1500
24613.000 # 1500
24615.000 # 1500
24616.000 # 1500
24617.773 + 88 1
24617.884 + 88 1
24618.000 # 1500
24619.000 # 1500
24619.586 - 88 1.813 1
24619.597 - 88 1.713 1
24622.000 # 1500
24622.749 + 88 1
24622.792 + 88 1
24623.000 # 1500
24624.000 # 1500
24624.685 - 88 1.936 1
24624.761 - 88 1.969 1
24625.000 # 1500
24626.715 + 88 1
24626.756 + 88 1
24626.767 + 88 1
24626.777 + 88 1
24627.000 # 1500
24628.000 # 1500
24628.533 - 88 1.818 1
24628.542 - 88 1.786 1
24628.545 - 88 1.778 1
24628.547 - 88 1.770 1
24629.348 + 88 1
24630.000 # 1500
24630.774 - 88 1.426 1
24631.000 # 1500
24632.410 + 88 1
24633.000 # 1500
24634.000 # 1500
24634.321 + 88 1
24634.652 - 88 2.242 1
24635.398 + 88 1
24636.000 # 1500
24637.000 # 1500
24637.238 - 88 2.917 1
24637.247 - 88 1.849 1
24638.000 # 1500
24638.402 + 88 1
24639.603 + 88 1
24641.260 + 88 1
24643.216 + 88 1
24645.000 # 1500
24645.313 + 88 1
24645.557 - 88 7.155 1
24645.567 - 88 5.964 1
24645.571 - 88 4.311 1
24645.573 - 88 2.357 1
24646.000 # 1500
24647.050 - 88 1.737 1
24647.187 + 88 1
24648.000 # 1500
24648.379 + 88 1
24648.753 - 88 1.566 1
24649.000 # 1500
24650.121 - 88 1.742 1
24651.239 + 88 1
24654.857 + 88 1
24656.746 + 88 1
24658.802 + 88 1
24661.607 + 88 1
24664.544 + 88 1
24665.634 + 88 1
24666.000 # 1500
24666.000 # 1500
24667.000 # 1500
24667.000 # 1500
24667.544 - 88 16.305 1
24667.568 - 88 12.711 1
24667.577 - 88 10.831 1
24667.601 - 88 8.799 1
24667.609 - 88 6.002 1
24667.612 - 88 3.068 1
24667.615 - 88 1.981 1
24667.667 + 88 1
24668.000 # 1500
24669.602 - 88 1.935 1
24670.000 # 1500
24677.291 + 88 1
24679.000 # 1500
24680.267 - 88 2.976 1
24680.343 + 88 1
24681.293 + 88 1
24681.333 + 88 1
24682.000 # 1500
24683.081 - 88 2.738 1
24683.091 - 88 1.798 1
24683.094 - 88 1.761 1
24686.000 # 1500
24686.000 # 1500
24687.000 # 1500
24691.926 + 88 1
24691.966 + 88 1
24691.978 + 88 1
24693.000 # 1500
24693.747 - 88 1.821 1
24693.757 - 88 1.791 1
24693.761 - 88 1.783 1
24695.797 + 88 1
24697.004 + 88 1
24698.863 + 88 1
24703.024 + 88 1
24704.634 + 88 1
24705.752 + 88 1
24714.000 # 1500
24714.000 # 1500
24714.561 - 88 18.764 1
24714.571 - 88 17.567 1
24714.573 - 88 15.710 1
24714.576 - 88 11.552 1
24714.579 - 88 9.945 1
24714.581 - 88 8.829 1
24715.000 # 1500
24716.000 # 1500
24716.422 + 88 1
24716.538 + 88 1
24716.575 + 88 1
24716.608 + 88 1
24717.000 # 1500
24717.205 + 88 1
24717.403 - 88 0.981 1
24717.414 - 88 0.876 1
24717.419 - 88 0.844 1
24717.423 - 88 0.815 1
24719.349 + 88 1
24720.000 # 1500
24721.375 + 88 1
24721.541 - 88 4.336 1
24721.568 - 88 2.219 1
24723.000 # 1500
24723.138 + 88 1
24723.182 + 88 1
24723.388 - 88 2.013 1
24724.000 # 1500
24725.114 - 88 1.976 1
24725.125 - 88 1.943 1
24725.684 + 88 1
24726.000 # 1500
24727.371 - 88 1.687 1
24727.423 + 88 1
24729.205 + 88 1
24730.000 # 1500
24730.212 + 88 1
24730.456 - 88 3.033 1
24730.465 - 88 1.260 1
24732.000 # 1500
24732.974 - 88 2.762 1
24733.302 + 88 1
24736.043 + 88 1
24737.000 # 1500
24738.128 - 88 4.826 1
24738.139 - 88 2.096 1
24740.000 # 1500
24744.834 + 88 1
24746.000 # 1500
24748.102 - 88 3.268 1
24749.000 # 1500
24749.332 + 88 1
24749.391 + 88 1
24752.316 + 88 1
24752.433 + 88 1
24752.469 + 88 1
24752.502 + 88 1
24754.000 # 1500
24754.783 - 88 5.451 1
24754.801 - 88 5.410 1
24754.804 - 88 2.488 1
24754.806 - 88 2.373 1
24754.809 - 88 2.340 1
24754.812 - 88 2.310 1
24758.000 # 1500
24761.226 + 88 1
24761.298 + 88 1
24761.311 + 88 1
24761.321 + 88 1
24763.000 # 1500
24764.165 - 88 2.939 1
24764.177 - 88 2.879 1
24764.181 - 88 2.870 1
24764.183 - 88 2.862 1
24767.000 # 1500
24767.073 + 88 1
24770.061 + 88 1
24771.000 # 1500
24772.074 - 88 5.001 1
24772.100 - 88 2.039 1
24772.173 + 88 1
24772.216 + 88 1
24774.000 # 1500
24774.468 - 88 2.295 1
24774.478 - 88 2.262 1
24777.000 # 1500
24781.000 # 1500
24783.000 # 1500
24785.823 + 88 1
24785.866 + 88 1
24786.000 # 1500
24787.500 - 88 1.677 1
24787.512 - 88 1.646 1
24789.000 # 1500
24789.799 + 88 1
24789.868 + 88 1
24791.523 + 88 1
24791.634 + 88 1
24793.000 # 1500
24794.361 - 88 4.562 1
24794.373 - 88 4.505 1
24794.376 - 88 2.853 1
24794.378 - 88 2.744 1
24796.000 # 1500
24803.000 # 1500
24804.707 + 88 1
24804.827 + 88 1
24804.863 + 88 1
24804.897 + 88 1
24806.000 # 1500
24806.546 - 88 1.839 1
24806.555 - 88 1.728 1
24806.558 - 88 1.695 1
24806.560 - 88 1.663 1
24809.000 # 1500
24812.000 # 1500
24813.576 + 88 1
24813.618 + 88 1
24813.630 + 88 1
24813.639 + 88 1
24813.649 + 88 1
24815.000 # 1500
24816.333 - 88 2.757 1
24816.341 - 88 2.723 1
24816.343 - 88 2.713 1
24816.346 - 88 2.707 1
24816.349 - 88 2.700 1
24818.000 # 1500
24821.000 # 1500
24822.539 + 88 1
24822.581 + 88 1
24822.593 + 88 1
24826.000 # 1500
24827.184 - 88 4.645 1
24827.193 - 88 4.612 1
24827.196 - 88 4.603 1
24828.000 # 1500
24830.146 + 88 1
24831.000 # 1500
24831.475 - 88 1.329 1
24833.000 # 1500
24834.388 + 88 1
24836.000 # 1500
24836.987 - 88 2.599 1
24837.189 + 88 1
24837.235 + 88 1
24839.000 # 1500
24839.803 - 88 2.614 1
24839.991 - 88 2.756 1
24840.218 + 88 1
24840.259 + 88 1
24842.000 # 1500
24842.714 - 88 2.496 1
24842.737 - 88 2.478 1
24845.000 # 1500
24846.778 + 88 1
24848.000 # 1500
24849.530 - 88 2.752 1
24849.685 + 88 1
24849.726 + 88 1
24851.000 # 1500
24852.463 - 88 2.778 1
24852.472 - 88 2.746 1
24854.000 # 1500
24855.681 + 88 1
24856.000 # 1500
24857.081 - 88 1.400 1
24859.000 # 1500
24859.653 + 88 1
24861.352 + 88 1
24861.399 + 88 1
24861.410 + 88 1
24862.000 # 1500
24863.353 - 88 3.700 1
24863.383 - 88 2.031 1
24863.391 - 88 1.992 1
24863.398 - 88 1.988 1
24863.448 + 88 1
24865.000 # 1500
24866.188 - 88 2.740 1
24866.332 + 88 1
24869.115 + 88 1
24870.320 + 88 1
24877.000 # 1500
24878.027 - 88 11.695 1
24878.040 - 88 8.925 1
24878.042 - 88 7.722 1
24879.000 # 1500
24881.175 + 88 1
24881.218 + 88 1
24881.230 + 88 1
24887.843 + 88 1
24887.884 + 88 1
24890.658 + 88 1
24891.000 # 1500
24892.010 - 88 10.835 1
24892.032 - 88 10.814 1
24892.040 - 88 10.810 1
24892.047 - 88 4.204 1
24892.053 - 88 4.169 1
24892.060 - 88 1.402 1
24895.522 + 88 1
24897.000 # 1500
24897.593 + 88 1
24897.847 - 88 2.325 1
24899.000 # 1500
24900.404 - 88 2.811 1
24903.000 # 1500
24905.000 # 1500
24906.323 + 88 1
24906.437 + 88 1
24906.472 + 88 1
24907.000 # 1500
24907.504 + 88 1
24907.936 - 88 1.613 1
24907.950 - 88 1.513 1
24907.953 - 88 1.481 1
24911.000 # 1500
24911.173 + 88 1
24911.219 + 88 1
24911.498 - 88 3.994 1
24912.000 # 1500
24913.086 - 88 1.913 1
24913.098 - 88 1.879 1
24915.000 # 1500
24916.000 # 1500
24918.000 # 1500
24920.000 # 1500
24920.984 + 88 1
24921.028 + 88 1
24926.000 # 1500
24926.893 + 88 1
24927.058 - 88 6.074 1
24927.080 - 88 6.052 1
24928.000 # 1500
24929.674 - 88 2.781 1
24929.811 + 88 1
24929.883 + 88 1
24929.896 + 88 1
24930.000 # 1500
24931.006 + 88 1
24931.214 - 88 1.403 1
24931.224 - 88 1.341 1
24931.227 - 88 1.331 1
24932.617 + 88 1
24933.000 # 1500
24934.567 - 88 3.561 1
24934.579 - 88 1.962 1
24935.000 # 1500
24937.000 # 1500
24937.594 + 88 1
24939.000 # 1500
24940.405 - 88 2.811 1
24944.000 # 1500
24945.000 # 1500
24947.291 + 88 1
24947.365 + 88 1
24947.379 + 88 1
24947.389 + 88 1
24948.000 # 1500
24948.528 + 88 1
24948.844 - 88 1.553 1
24948.855 - 88 1.490 1
24948.858 - 88 1.479 1
24948.860 - 88 1.471 1
24950.224 + 88 1
24951.000 # 1500
24952.000 # 1500
24952.234 - 88 3.706 1
24952.253 - 88 2.029 1
24952.274 + 88 1
24954.000 # 1500
24955.074 - 88 2.800 1
24955.163 + 88 1
24957.000 # 1500
24957.162 + 88 1
24957.465 - 88 2.302 1
24960.000 # 1500
24960.141 + 88 1
24960.503 - 88 3.341 1
24961.000 # 1500
24961.884 - 88 1.743 1
24961.988 + 88 1
24963.000 # 1500
24963.935 - 88 1.947 1
24965.726 + 88 1
24966.000 # 1500
24966.861 + 88 1
24967.183 - 88 1.457 1
24968.000 # 1500
24968.885 - 88 2.024 1
24968.941 + 88 1
24970.898 + 88 1
24972.000 # 1500
24972.602 - 88 3.661 1
24972.613 - 88 1.715 1
24975.537 + 88 1
24975.576 + 88 1
24976.000 # 1500
24977.530 - 88 1.993 1
24977.540 - 88 1.964 1
24979.000 # 1500
24983.000 # 1500
24984.000 # 1500
24986.347 + 88 1
24986.389 + 88 1
24986.400 + 88 1
24988.000 # 1500
24988.327 + 88 1
24988.584 - 88 2.237 1
24988.594 - 88 2.205 1
24988.597 - 88 2.197 1
24989.566 + 88 1
24991.000 # 1500
24991.586 + 88 1
24991.844 - 88 3.517 1
24991.854 - 88 2.288 1
24992.000 # 1500
24993.082 - 88 1.496 1
24993.282 + 88 1
24995.000 # 1500
24995.696 - 88 2.414 1
24997.000 # 1500
24997.033 + 88 1
24998.000 # 1500
24999.001 - 88 1.968 1
24999.175 + 88 1
25000.000 # 1500
25000.870 - 88 1.695 1
25003.000 # 1500
25004.000 # 1500
25005.995 + 88 1
25006.035 + 88 1
25007.000 # 1500
25007.717 - 88 1.722 1
25007.727 - 88 1.692 1
25008.000 # 1500
25012.778 + 88 1
25012.819 + 88 1
25018.720 + 88 1
25018.777 + 88 1
25019.000 # 1500
25020.477 - 88 7.699 1
25020.490 - 88 7.671 1
25020.498 - 88 1.778 1
25020.500 - 88 1.723 1
25021.000 # 1500
25025.000 # 1500
25027.000 # 1500
25027.000 # 1500
25027.676 + 88 1
25030.310 + 88 1
25030.352 + 88 1
25032.000 # 1500
25033.176 - 88 5.500 1
25033.201 - 88 2.891 1
25033.209 - 88 2.857 1
25033.493 + 88 1
25036.000 # 1500
25036.000 # 1500
25037.070 + 88 1
25037.419 - 88 3.926 1
25039.134 + 88 1
25040.000 # 1500
25040.938 - 88 3.868 1
25040.948 - 88 1.814 1
25045.000 # 1500
25049.000 # 1500
25050.149 + 88 1
25050.218 + 88 1
25050.229 + 88 1
25050.240 + 88 1
25053.000 # 1500
25053.705 + 88 1
25054.036 - 88 3.887 1
25054.047 - 88 3.829 1
25054.049 - 88 3.820 1
25054.052 - 88 3.812 1
25056.000 # 1500
25056.850 + 88 1
25057.104 - 88 3.399 1
25058.606 + 88 1
25059.000 # 1500
25060.540 - 88 3.690 1
25060.550 - 88 1.944 1
25064.000 # 1500
25065.000 # 1500
25067.000 # 1500
25070.000 # 1500
25070.567 + 88 1
25070.614 + 88 1
25070.626 + 88 1
25073.000 # 1500
25074.000 # 1500
25074.381 - 88 3.814 1
25074.404 - 88 3.790 1
25074.414 - 88 3.788 1
25074.882 + 88 1
25074.939 + 88 1
25074.963 + 88 1
25076.000 # 1500
25076.311 - 88 1.429 1
25076.333 - 88 1.394 1
25076.340 + 88 1
25076.341 - 88 1.378 1
25078.000 # 1500
25078.258 + 88 1
25078.533 - 88 2.193 1
25082.000 # 1500
25082.970 - 88 4.712 1
25083.000 # 1500
25085.000 # 1500
25087.000 # 1500
25088.327 + 88 1
25088.372 + 88 1
25089.000 # 1500
25090.798 - 88 2.471 1
25090.809 - 88 2.437 1
25091.000 # 1500
25092.857 + 88 1
25093.000 # 1500
25094.740 + 88 1
25094.848 + 88 1
25094.955 + 88 1
25095.000 # 1500
25096.808 + 88 1
25096.827 - 88 3.970 1
25096.850 - 88 2.110 1
25096.858 - 88 2.010 1
25096.864 - 88 1.909 1
25098.000 # 1500
25099.000 # 1500
25099.675 - 88 2.867 1
25099.768 + 88 1
25101.000 # 1500
25102.517 - 88 2.749 1
25105.000 # 1500
25106.000 # 1500
25106.492 + 88 1
25106.534 + 88 1
25106.546 + 88 1
25108.000 # 1500
25108.555 + 88 1
25108.818 - 88 2.326 1
25108.828 - 88 2.294 1
25108.831 - 88 2.285 1
25110.000 # 1500
25111.378 - 88 2.823 1
25111.457 + 88 1
25112.000 # 1500
25113.548 - 88 2.091 1
25114.000 # 1500
25116.000 # 1500
25116.406 + 88 1
25116.478 + 88 1
25118.000 # 1500
25118.169 + 88 1
25118.439 - 88 2.033 1
25118.450 - 88 1.972 1
25121.000 # 1500
25121.135 + 88 1
25121.410 - 88 3.241 1
25124.000 # 1500
25125.131 + 88 1
25125.150 + 88 1
25125.167 - 88 4.032 1
25126.000 # 1500
25126.948 - 88 1.817 1
25126.960 - 88 1.810 1
25128.000 # 1500
25132.000 # 1500
25134.000 # 1500
25136.000 # 1500
25136.104 + 88 1
25136.149 + 88 1
25136.160 + 88 1
25137.000 # 1500
25137.771 - 88 1.667 1
25137.796 - 88 1.647 1
25137.804 - 88 1.644 1
25137.858 + 88 1
25140.000 # 1500
25140.733 + 88 1
25140.994 - 88 3.136 1
25141.000 # 1500
25142.786 - 88 2.053 1
25142.877 + 88 1
25143.000 # 1500
25143.144 - 88 0.267 1
25144.655 + 88 1
25145.000 # 1500
25146.402 - 88 1.747 1
25147.000 # 1500
25147.476 + 88 1
25148.000 # 1500
25149.418 - 88 1.942 1
25150.000 # 1500
25150.604 + 88 1
25152.000 # 1500
25152.444 + 88 1
25152.705 - 88 2.101 1
25154.000 # 1500
25155.359 - 88 2.915 1
25155.450 + 88 1
25161.000 # 1500
25162.086 - 88 6.636 1
25163.000 # 1500
25164.314 + 88 1
25165.000 # 1500
25165.903 - 88 1.589 1
25167.000 # 1500
25168.128 + 88 1
25169.000 # 1500
25169.907 - 88 1.779 1
25171.000 # 1500
25172.305 + 88 1
25173.000 # 1500
25173.737 - 88 1.432 1
25174.897 + 88 1
25174.937 + 88 1
25174.949 + 88 1
25175.000 # 1500
25177.000 # 1500
25177.890 + 88 1
25177.925 - 88 3.028 1
25177.946 - 88 3.009 1
25177.954 - 88 3.005 1
25179.000 # 1500
25180.000 # 1500
25180.868 - 88 2.978 1
25180.931 + 88 1
25182.000 # 1500
25182.700 - 88 1.769 1
25184.000 # 1500
25184.641 + 88 1
25186.000 # 1500
25186.659 + 88 1
25186.912 - 88 2.271 1
25188.000 # 1500
25188.596 + 88 1
25188.843 - 88 2.184 1
25190.000 # 1500
25190.490 + 88 1
25190.734 - 88 2.138 1
25192.000 # 1500
25193.343 - 88 2.853 1
25194.000 # 1500
25194.609 + 88 1
25196.000 # 1500
25197.161 - 88 2.552 1
25198.000 # 1500
25200.000 # 1500
25202.000 # 1500
25204.000 # 1500
25204.401 + 88 1
25204.518 + 88 1
25204.553 + 88 1
25204.585 + 88 1
25206.000 # 1500
25206.306 + 88 1
25206.724 - 88 2.323 1
25206.747 - 88 2.229 1
25206.755 - 88 2.202 1
25206.762 - 88 2.177 1
25207.000 # 1500
25208.203 + 88 1
25208.272 - 88 1.966 1
25209.000 # 1500
25209.905 - 88 1.702 1
25211.000 # 1500
25212.219 + 88 1
25213.000 # 1500
25213.812 - 88 1.593 1
25214.925 + 88 1
25215.000 # 1500
25216.000 # 1500
25216.995 - 88 2.070 1
25218.000 # 1500
25218.767 + 88 1
25220.119 + 88 1
25221.732 + 88 1
25222.000 # 1500
25223.000 # 1500
25223.772 - 88 5.005 1
25223.784 - 88 3.665 1
25223.787 - 88 2.055 1
25225.000 # 1500
25225.788 + 88 1
25226.000 # 1500
25227.449 - 88 1.661 1
25228.000 # 1500
25229.626 + 88 1
25231.000 # 1500
25231.806 + 88 1
25232.000 # 1500
25232.156 - 88 2.530 1
25232.166 - 88 0.360 1
25233.000 # 1500
25235.000 # 1500
25237.000 # 1500
25240.000 # 1500
25240.607 + 88 1
25240.647 + 88 1
25240.659 + 88 1
25240.669 + 88 1
25242.000 # 1500
25243.201 - 88 2.594 1
25243.212 - 88 2.565 1
25243.214 - 88 2.555 1
25243.216 - 88 2.547 1
25244.178 + 88 1
25244.219 + 88 1
25245.000 # 1500
25245.000 # 1500
25245.545 - 88 1.367 1
25245.554 - 88 1.335 1
25247.000 # 1500
25247.222 + 88 1
25247.261 + 88 1
25249.000 # 1500
25250.050 - 88 2.828 1
25250.061 - 88 2.800 1
25250.493 + 88 1
25251.000 # 1500
25251.882 - 88 1.389 1
25254.000 # 1500
25255.000 # 1500
25255.913 + 88 1
25257.000 # 1500
25257.785 - 88 1.872 1
25257.905 + 88 1
25257.944 + 88 1
25258.000 # 1500
25260.000 # 1500
25260.731 - 88 2.826 1
25260.742 - 88 2.798 1
25263.000 # 1500
25263.000 # 1500
25264.815 + 88 1
25265.000 # 1500
25266.517 - 88 1.702 1
25267.000 # 1500
25270.000 # 1500
25272.000 # 1500
25272.000 # 1500
25277.000 # 1500
25279.000 # 1500
25279.301 + 88 1
25279.341 + 88 1
25280.552 + 88 1
25280.591 + 88 1
25282.000 # 1500
25282.286 + 88 1
25282.548 - 88 3.247 1
25282.558 - 88 3.217 1
25282.560 - 88 2.008 1
25282.563 - 88 1.972 1
25284.000 # 1500
25285.063 - 88 2.777 1
25286.000 # 1500
25287.240 + 88 1
25289.000 # 1500
25289.276 + 88 1
25289.316 + 88 1
25289.532 - 88 2.292 1
25290.000 # 1500
25291.017 - 88 1.741 1
25291.042 - 88 1.726 1
25292.000 # 1500
25293.353 + 88 1
25294.000 # 1500
25295.009 - 88 1.656 1
25295.118 + 88 1
25296.000 # 1500
25296.978 - 88 1.860 1
25297.046 + 88 1
25298.000 # 1500
25298.969 + 88 1
25299.102 - 88 2.056 1
25300.791 + 88 1
25302.000 # 1500
25303.000 # 1500
25303.668 - 88 4.699 1
25303.679 - 88 2.888 1
25304.000 # 1500
25304.739 + 88 1
25304.852 + 88 1
25306.000 # 1500
25306.675 + 88 1
25306.988 - 88 2.249 1
25306.999 - 88 2.147 1
25308.000 # 1500
25309.056 - 88 2.381 1
25310.000 # 1500
25311.000 # 1500
25313.000 # 1500
25315.000 # 1500
25317.000 # 1500
25318.239 + 88 1
25318.309 + 88 1
25318.321 + 88 1
25318.331 + 88 1
25318.340 + 88 1
25318.350 + 88 1
25321.000 # 1500
25321.000 # 1500
25321.803 + 88 1
25322.000 # 1500
25322.022 - 88 3.783 1
25322.033 - 88 3.724 1
25322.036 - 88 3.715 1
25322.038 - 88 3.707 1
25322.041 - 88 3.701 1
25322.043 - 88 3.693 1
25323.211 + 88 1
25323.214 - 88 1.411 1
25323.253 + 88 1
25324.000 # 1500
25324.721 - 88 1.510 1
25324.732 - 88 1.479 1
25326.000 # 1500
25326.847 + 88 1
25329.000 # 1500
25329.770 + 88 1
25329.827 - 88 2.980 1
25331.000 # 1500
25332.000 # 1500
25332.727 + 88 1
25332.815 - 88 3.045 1
25333.000 # 1500
25334.596 - 88 1.869 1
25334.762 + 88 1
25336.000 # 1500
25336.000 # 1500
25336.676 + 88 1
25336.914 - 88 2.152 1
25339.592 + 88 1
25340.000 # 1500
25341.000 # 1500
25341.394 - 88 4.718 1
25341.407 - 88 1.815 1
25343.000 # 1500
25344.000 # 1500
25345.000 # 1500
25348.000 # 1500
25348.000 # 1500
25349.303 + 88 1
25349.347 + 88 1
25349.358 + 88 1
25349.368 + 88 1
25349.378 + 88 1
25351.000 # 1500
25351.191 + 88 1
25351.470 - 88 2.167 1
25351.481 - 88 2.134 1
25351.506 - 88 2.148 1
25351.511 - 88 2.143 1
25351.513 - 88 2.135 1
25352.234 + 88 1
25354.000 # 1500
25354.986 - 88 3.795 1
25354.995 - 88 2.761 1
25357.000 # 1500
25357.000 # 1500
25358.000 # 1500
25362.000 # 1500
25363.000 # 1500
25365.000 # 1500
25365.000 # 1500
25365.006 + 88 1
25365.049 + 88 1
25365.060 + 88 1
25365.070 + 88 1
25367.000 # 1500
25368.000 # 1500
25368.008 - 88 3.002 1
25368.022 - 88 2.973 1
25368.026 - 88 2.966 1
25368.028 - 88 2.958 1
25371.000 # 1500
25373.180 + 88 1
25374.770 + 88 1
25375.229 + 88 1
25376.619 + 88 1
25378.763 + 88 1
25380.116 + 88 1
25381.000 # 1500
25381.000 # 1500
25381.000 # 1500
25381.000 # 1500
25381.000 # 1500
25381.000 # 1500
25381.457 - 88 8.277 1
25381.484 - 88 6.714 1
25381.493 - 88 6.264 1
25381.548 - 88 4.929 1
25381.566 - 88 2.803 1
25381.569 - 88 1.453 1
25381.816 + 88 1
25382.000 # 1500
25383.530 - 88 1.714 1
25383.613 + 88 1
25384.000 # 1500
25385.403 + 88 1
25385.507 - 88 1.894 1
25387.000 # 1500
25388.246 - 88 2.843 1
25390.000 # 1500
25393.000 # 1500
25395.000 # 1500
25395.000 # 1500
25396.000 # 1500
25396.524 + 88 1
25397.000 # 1500
25397.343 + 88 1
25397.384 + 88 1
25397.395 + 88 1
25397.718 - 88 1.194 1
25399.000 # 1500
25399.180 + 88 1
25399.464 - 88 2.121 1
25399.473 - 88 2.089 1
25399.476 - 88 2.081 1
25400.000 # 1500
25400.909 - 88 1.729 1
25403.000 # 1500
25403.000 # 1500
25404.000 # 1500
25407.000 # 1500
25407.000 # 1500
25407.838 + 88 1
25407.877 + 88 1
25407.888 + 88 1
25409.000 # 1500
25409.659 - 88 1.821 1
25409.667 - 88 1.790 1
25409.670 - 88 1.782 1
25409.920 + 88 1
25410.000 # 1500
25411.000 # 1500
25411.129 + 88 1
25411.236 - 88 1.316 1
25412.868 + 88 1
25413.000 # 1500
25414.000 # 1500
25414.586 - 88 3.457 1
25414.598 - 88 1.730 1
25414.919 + 88 1
25416.000 # 1500
25416.553 - 88 1.634 1
25417.000 # 1500
25418.000 # 1500
25418.050 + 88 1
25419.000 # 1500
25419.618 - 88 1.568 1
25419.887 + 88 1
25420.000 # 1500
25422.000 # 1500
25422.331 - 88 2.444 1
25423.000 # 1500
25424.000 # 1500
25425.000 # 1500
25426.000 # 1500
25428.000 # 1500
25429.000 # 1500
25430.000 # 1500
25430.481 + 88 1
25430.726 + 88 1
25432.000 # 1500
25433.000 # 1500
25433.216 - 88 2.735 1
25433.228 - 88 2.502 1
25434.000 # 1500
25435.000 # 1500
25437.000 # 1500
25438.000 # 1500
25439.000 # 1500
25439.571 + 88 1
25441.000 # 1500
25441.972 - 88 2.401 1
25442.000 # 1500
25442.466 + 88 1
25443.000 # 1500
25443.875 - 88 1.409 1
25444.000 # 1500
25446.115 + 88 1
25447.495 + 88 1
25449.234 + 88 1
25450.000 # 1500
25450.000 # 1500
25450.000 # 1500
25450.780 - 88 4.665 1
25450.807 - 88 3.312 1
25450.816 - 88 1.582 1
25451.000 # 1500
25452.000 # 1500
25453.000 # 1500
25453.274 + 88 1
25455.000 # 1500
25455.651 - 88 2.377 1
25456.000 # 1500
25456.272 + 88 1
25457.000 # 1500
25457.643 - 88 1.371 1
25458.000 # 1500
25459.733 + 88 1
25460.000 # 1500
25461.000 # 1500
25461.575 - 88 1.842 1
25461.697 + 88 1
25462.000 # 1500
25463.491 - 88 1.794 1
25463.631 + 88 1
25464.000 # 1500
25465.033 + 88 1
25465.049 - 88 1.418 1
25467.747 + 88 1
25470.390 + 88 1
25472.448 + 88 1
25473.000 # 1500
25473.000 # 1500
25473.000 # 1500
25473.000 # 1500
25473.000 # 1500
25473.000 # 1500
25473.832 - 88 8.799 1
25473.851 - 88 6.104 1
25473.861 - 88 3.471 1
25473.868 - 88 1.420 1
25475.000 # 1500
25475.203 + 88 1
25475.457 + 88 1
25476.000 # 1500
25477.169 - 88 1.966 1
25477.198 - 88 1.741 1
25478.000 # 1500
25478.000 # 1500
25478.719 + 88 1
25480.000 # 1500
25480.165 + 88 1
25480.379 - 88 1.660 1
25480.847 + 88 1
25481.000 # 1500
25482.000 # 1500
25482.099 - 88 1.934 1
25482.110 - 88 1.263 1
25482.553 + 88 1
25483.000 # 1500
25484.000 # 1500
25484.238 - 88 1.685 1
25484.521 + 88 1
25487.000 # 1500
25487.000 # 1500
25488.000 # 1500
25488.023 - 88 3.502 1
25488.368 + 88 1
25489.000 # 1500
25489.781 - 88 1.413 1
25490.212 + 88 1
25491.000 # 1500
25491.283 + 88 1
25491.557 - 88 1.345 1
25493.000 # 1500
25493.000 # 1500
25493.657 - 88 2.374 1
25494.000 # 1500
25495.011 + 88 1
25505.586 + 88 1
25505.773 + 88 1
25506.000 # 1500
25506.000 # 1500
25506.000 # 1500
25506.000 # 1500
25507.000 # 1500
25507.329 - 88 12.318 1
25507.350 - 88 1.764 1
25507.365 - 88 1.592 1
25507.741 + 88 1
25508.000 # 1500
25508.000 # 1500
25508.000 # 1500
25509.230 - 88 1.489 1
25511.000 # 1500
25512.000 # 1500
25513.000 # 1500
25514.000 # 1500
25514.722 + 88 1
25515.000 # 1500
25516.000 # 1500
25516.128 - 88 1.406 1
25517.000 # 1500
25518.000 # 1500
25519.000 # 1500
25521.000 # 1500
25522.000 # 1500
25523.000 # 1500
25525.000 # 1500
25527.000 # 1500
25527.000 # 1500
25528.348 + 88 1
25529.000 # 1500
25529.811 - 88 1.463 1
25530.000 # 1500
25533.000 # 1500
25534.000 # 1500
25542.000 # 1500
25543.000 # 1500
25543.000 # 1500
25543.000 # 1500
25543.000 # 1500
25543.000 # 1500
25543.000 # 1500
25549.644 + 88 1
25551.000 # 1500
25551.000 # 1500
25551.000 # 1500
25551.813 + 88 1
25552.067 - 88 2.423 1
25554.225 + 88 1
25556.000 # 1500
25556.000 # 1500
25556.000 # 1500
25556.000 # 1500
25557.000 # 1500
25557.000 # 1500
25557.000 # 1500
25557.139 - 88 5.326 1
25557.150 - 88 2.925 1
25558.000 # 1500
25558.358 + 88 1
25560.000 # 1500
25560.222 + 88 1
25560.488 - 88 2.130 1
25562.316 + 88 1
25564.350 + 88 1
25568.000 # 1500
25568.000 # 1500
25568.915 - 88 8.693 1
25568.939 - 88 6.623 1
25568.947 - 88 4.597 1
25569.000 # 1500
25569.000 # 1500
25569.000 # 1500
25569.000 # 1500
25569.000 # 1500
25569.000 # 1500
25569.067 + 88 1
25569.270 + 88 1
25573.000 # 1500
25573.000 # 1500
25573.790 - 88 4.723 1
25573.814 - 88 4.544 1
25578.145 + 88 1
25580.033 + 88 1
25581.971 + 88 1
25583.000 # 1500
25583.426 + 88 1
25583.540 - 88 5.395 1
25583.551 - 88 3.518 1
25583.554 - 88 1.583 1
25584.970 + 88 1
25586.000 # 1500
25586.566 - 88 3.140 1
25586.578 - 88 1.608 1
25587.000 # 1500
25587.000 # 1500
25587.000 # 1500
25588.735 + 88 1
25590.604 + 88 1
25591.000 # 1500
25591.000 # 1500
25591.000 # 1500
25592.276 - 88 3.541 1
25592.288 - 88 1.684 1
25592.566 + 88 1
25594.594 + 88 1
25597.522 + 88 1
25599.000 # 1500
25599.383 + 88 1
25599.620 - 88 7.054 1
25599.639 - 88 5.045 1
25599.647 - 88 2.125 1
25603.203 + 88 1
25607.329 + 88 1
25608.000 # 1500
25608.000 # 1500
25609.381 - 88 9.998 1
25609.390 - 88 6.187 1
25609.394 - 88 2.065 1
25610.000 # 1500
25610.337 + 88 1
25611.000 # 1500
25611.973 - 88 1.636 1
25612.321 + 88 1
25615.000 # 1500
25615.812 + 88 1
25616.140 - 88 3.819 1
25617.000 # 1500
25617.720 - 88 1.908 1
25617.996 + 88 1
25619.000 # 1500
25619.000 # 1500
25620.000 # 1500
25620.053 - 88 2.057 1
25621.039 + 88 1
25622.772 + 88 1
25624.907 + 88 1
25628.000 # 1500
25628.597 - 88 7.558 1
25628.605 - 88 5.833 1
25628.608 - 88 3.701 1
25628.657 + 88 1
25629.000 # 1500
25629.000 # 1500
25630.000 # 1500
25630.000 # 1500
25630.000 # 1500
25630.000 # 1500
25630.433 - 88 1.776 1
25630.742 + 88 1
25631.000 # 1500
25632.557 - 88 1.815 1
25633.828 + 88 1
25634.000 # 1500
25635.398 - 88 1.570 1
25635.962 + 88 1
25636.000 # 1500
25640.298 + 88 1
25640.569 + 88 1
25643.198 + 88 1
25645.000 # 1500
25645.385 + 88 1
25645.666 - 88 9.704 1
25645.675 - 88 5.377 1
25645.678 - 88 5.109 1
25645.681 - 88 2.483 1
25646.000 # 1500
25646.000 # 1500
25646.000 # 1500
25647.000 # 1500
25647.132 - 88 1.747 1
25647.236 + 88 1
25648.000 # 1500
25649.000 # 1500
25649.018 - 88 1.782 1
25649.338 + 88 1
25651.333 + 88 1
25652.000 # 1500
25652.996 - 88 3.658 1
25653.007 - 88 1.674 1
25654.000 # 1500
25656.000 # 1500
25656.100 + 88 1
25658.000 # 1500
25658.028 + 88 1
25658.291 - 88 2.191 1
25660.006 + 88 1
25660.281 + 88 1
25661.000 # 1500
25661.919 - 88 3.891 1
25661.929 - 88 1.923 1
25661.933 - 88 1.652 1
25663.000 # 1500
25663.118 + 88 1
25664.639 + 88 1
25666.000 # 1500
25666.000 # 1500
25666.933 + 88 1
25667.221 - 88 4.103 1
25667.231 - 88 2.592 1
25668.000 # 1500
25668.874 - 88 1.941 1
25668.896 + 88 1
25670.000 # 1500
25670.522 - 88 1.626 1
25670.809 + 88 1
25672.000 # 1500
25672.660 + 88 1
25672.857 - 88 2.048 1
25673.000 # 1500
25674.429 - 88 1.769 1
25674.637 + 88 1
25678.000 # 1500
25678.348 + 88 1
25678.592 - 88 3.955 1
25680.000 # 1500
25681.000 # 1500
25681.194 - 88 2.846 1
25682.000 # 1500
25685.000 # 1500
25686.000 # 1500
25687.000 # 1500
25687.373 + 88 1
25689.225 + 88 1
25689.482 + 88 1
25690.000 # 1500
25691.000 # 1500
25691.232 - 88 3.859 1
25691.241 - 88 2.016 1
25691.244 - 88 1.762 1
25692.000 # 1500
25694.000 # 1500
25695.000 # 1500
25696.000 # 1500
25698.000 # 1500
25700.000 # 1500
25700.280 + 88 1
25700.549 + 88 1
25703.893 + 88 1
25710.029 + 88 1
25712.106 + 88 1
25722.335 + 88 1
25722.668 + 88 1
25726.164 + 88 1
25730.215 + 88 1
25732.406 + 88 1
25738.940 + 88 1
25739.000 # 1500
25739.000 # 1500
25739.000 # 1500
25739.000 # 1500
25739.000 # 1500
25739.000 # 1500
25739.000 # 1500
25739.252 - 88 38.972 1
25739.263 - 88 38.714 1
25739.267 - 88 35.374 1
25739.269 - 88 29.240 1
25739.272 - 88 27.166 1
25739.275 - 88 16.940 1
25739.277 - 88 16.609 1
25739.280 - 88 13.116 1
25739.282 - 88 9.067 1
25739.284 - 88 6.878 1
25740.000 # 1500
25740.000 # 1500
25740.000 # 1500
25740.000 # 1500
25740.000 # 1500
25740.000 # 1500
25740.000 # 1500
25740.000 # 1500
25740.000 # 1500
25740.000 # 1500
25740.964 + 88 1
25741.000 # 1500
25741.000 # 1500
25741.000 # 1500
25741.000 # 1500
25741.000 # 1500
25741.000 # 1500
25741.000 # 1500
25741.000 # 1500
25741.000 # 1500
25741.203 - 88 2.263 1
25742.000 # 1500
25742.917 + 88 1
25743.005 - 88 2.041 1
25745.098 + 88 1
25748.668 + 88 1
25753.000 # 1500
25753.000 # 1500
25753.000 # 1500
25753.000 # 1500
25754.780 - 88 11.863 1
25754.805 - 88 9.707 1
25754.814 - 88 6.146 1
25761.452 + 88 1
25761.733 + 88 1
25762.000 # 1500
25762.000 # 1500
25762.000 # 1500
25762.000 # 1500
25762.000 # 1500
25762.000 # 1500
25763.000 # 1500
25763.241 - 88 1.789 1
25763.252 - 88 1.519 1
25764.000 # 1500
25765.000 # 1500
25767.000 # 1500
25769.459 + 88 1
25770.000 # 1500
25771.136 - 88 1.677 1
25772.000 # 1500
25772.000 # 1500
25775.000 # 1500
25775.256 + 88 1
25777.000 # 1500
25777.000 # 1500
25777.632 - 88 2.376 1
25778.000 # 1500
25780.000 # 1500
25780.545 + 88 1
25781.000 # 1500
25782.079 - 88 1.534 1
25783.752 + 88 1
25784.000 # 1500
25784.000 # 1500
25785.878 - 88 2.126 1
25786.012 + 88 1
25787.000 # 1500
25787.000 # 1500
25787.618 - 88 1.606 1
25789.779 + 88 1
25790.000 # 1500
25791.802 - 88 2.023 1
25792.000 # 1500
25793.000 # 1500
25794.000 # 1500
25795.000 # 1500
25797.000 # 1500
25800.000 # 1500
25801.000 # 1500
25801.530 + 88 1
25802.000 # 1500
25802.020 + 88 1
25802.187 - 88 0.657 1
25803.000 # 1500
25803.320 - 88 1.300 1
25804.000 # 1500
25809.268 + 88 1
25811.308 + 88 1
25811.542 + 88 1
25815.154 + 88 1
25816.000 # 1500
25816.000 # 1500
25816.000 # 1500
25816.000 # 1500
25816.947 - 88 7.679 1
25816.954 - 88 5.646 1
25816.959 - 88 5.417 1
25816.964 - 88 1.810 1
25818.425 + 88 1
25822.000 # 1500
25822.711 - 88 4.286 1
25824.193 + 88 1
25825.894 + 88 1
25826.000 # 1500
25826.000 # 1500
25826.000 # 1500
25826.000 # 1500
25826.016 - 88 1.823 1
25826.026 - 88 0.132 1
25827.000 # 1500
25827.000 # 1500
25837.696 + 88 1
25840.000 # 1500
25840.000 # 1500
25840.000 # 1500
25840.000 # 1500
25841.000 # 1500
25841.000 # 1500
25841.000 # 1500
25841.000 # 1500
25841.000 # 1500
25841.484 - 88 3.788 1
25841.569 + 88 1
25843.000 # 1500
25843.000 # 1500
25844.366 - 88 2.797 1
25849.569 + 88 1
25851.498 + 88 1
25855.250 + 88 1
25856.000 # 1500
25856.000 # 1500
25857.000 # 1500
25857.000 # 1500
25857.000 # 1500
25857.000 # 1500
25857.002 - 88 7.433 1
25857.014 - 88 5.516 1
25857.019 - 88 1.769 1
25858.000 # 1500
25865.105 + 88 1
25866.857 + 88 1
25867.217 + 88 1
25869.000 # 1500
25869.000 # 1500
25869.000 # 1500
25869.000 # 1500
25869.000 # 1500
25869.000 # 1500
25869.862 - 88 4.757 1
25869.876 - 88 3.019 1
25869.878 - 88 2.661 1
25870.171 + 88 1
25874.782 + 88 1
25875.000 # 1500
25875.000 # 1500
25875.000 # 1500
25875.000 # 1500
25875.194 - 88 5.023 1
25879.539 + 88 1
25882.000 # 1500
25883.386 - 88 8.604 1
25883.410 - 88 3.871 1
25883.532 + 88 1
25885.000 # 1500
25886.264 - 88 2.732 1
25887.000 # 1500
25887.000 # 1500
25888.000 # 1500
25888.000 # 1500
25888.446 + 88 1
25891.548 + 88 1
25892.000 # 1500
25893.296 - 88 4.850 1
25893.330 - 88 1.782 1
25895.503 + 88 1
25896.000 # 1500
25897.190 - 88 1.687 1
25901.000 # 1500
25901.000 # 1500
25901.000 # 1500
25901.000 # 1500
25902.000 # 1500
25902.000 # 1500
25904.000 # 1500
25905.000 # 1500
25908.000 # 1500
25908.974 + 88 1
25909.000 # 1500
25909.207 + 88 1
25911.109 + 88 1
25912.000 # 1500
25912.806 - 88 3.832 1
25912.817 - 88 3.610 1
25912.822 - 88 1.713 1
25914.041 + 88 1
25915.000 # 1500
25915.782 - 88 1.741 1
25917.000 # 1500
25917.565 + 88 1
25919.612 + 88 1
25920.000 # 1500
25920.000 # 1500
25921.304 - 88 3.739 1
25921.313 - 88 1.701 1
25921.571 + 88 1
25923.000 # 1500
25924.375 - 88 2.804 1
25924.422 + 88 1
25924.662 + 88 1
25926.000 # 1500
25926.000 # 1500
25926.501 + 88 1
25926.751 - 88 2.329 1
25926.775 - 88 2.113 1
25928.000 # 1500
25929.326 - 88 2.825 1
25931.000 # 1500
25931.465 + 88 1
25931.775 + 88 1
25932.000 # 1500
25933.093 - 88 1.628 1
25933.103 - 88 1.328 1
25934.145 + 88 1
25935.000 # 1500
25935.922 - 88 1.777 1
25944.132 + 88 1
25946.000 # 1500
25946.000 # 1500
25946.000 # 1500
25946.661 - 88 2.529 1
25950.000 # 1500
25950.000 # 1500
25952.000 # 1500
25953.652 + 88 1
25953.859 + 88 1
25955.208 + 88 1
25956.000 # 1500
25956.750 - 88 3.098 1
25956.762 - 88 2.903 1
25956.765 - 88 1.557 1
25956.853 + 88 1
25958.803 + 88 1
25961.000 # 1500
25961.000 # 1500
25961.000 # 1500
25961.000 # 1500
25961.000 # 1500
25961.639 + 88 1
25961.824 - 88 4.971 1
25961.834 - 88 3.031 1
25962.000 # 1500
25963.303 - 88 1.664 1
25963.671 + 88 1
25965.000 # 1500
25965.816 - 88 2.145 1
25965.919 + 88 1
25967.000 # 1500
25967.000 # 1500
25968.000 # 1500
25968.120 - 88 2.201 1
25969.429 + 88 1
25970.000 # 1500
25971.134 - 88 1.705 1
25972.000 # 1500
25974.000 # 1500
25975.000 # 1500
25976.000 # 1500
25978.000 # 1500
25979.563 + 88 1
25981.000 # 1500
25982.000 # 1500
25982.000 # 1500
25982.050 - 88 2.487 1
25984.000 # 1500
25987.000 # 1500
25987.000 # 1500
25987.034 + 88 1
25990.000 # 1500
25990.000 # 1500
25990.639 - 88 3.605 1
25992.000 # 1500
25993.438 + 88 1
25995.000 # 1500
25995.000 # 1500
25996.523 - 88 3.085 1
25997.022 + 88 1
25998.000 # 1500
25998.000 # 1500
25998.277 - 88 1.255 1
25999.787 + 88 1
26000.880 + 88 1
26001.000 # 1500
26002.460 - 88 2.673 1
26002.505 - 88 1.625 1
26003.000 # 1500
26004.537 + 88 1
26005.000 # 1500
26006.416 - 88 1.879 1
26009.383 + 88 1
26009.551 + 88 1
26014.000 # 1500
26014.000 # 1500
26014.000 # 1500
26014.000 # 1500
26014.000 # 1500
26015.000 # 1500
26015.000 # 1500
26015.271 - 88 5.888 1
26015.310 - 88 5.759 1
26016.000 # 1500
26019.000 # 1500
26019.000 # 1500
26020.000 # 1500
26020.255 + 88 1
26023.000 # 1500
26023.624 - 88 3.369 1
26024.985 + 88 1
26026.000 # 1500
26026.000 # 1500
26026.707 - 88 1.722 1
26027.115 + 88 1
26028.000 # 1500
26028.000 # 1500
26028.663 - 88 1.548 1
26032.000 # 1500
26034.000 # 1500
26036.904 + 88 1
26037.746 + 88 1
26039.907 + 88 1
26042.415 + 88 1
26044.000 # 1500
26044.000 # 1500
26044.000 # 1500
26044.000 # 1500
26044.000 # 1500
26044.632 - 88 7.728 1
26044.653 - 88 6.907 1
26044.664 - 88 4.757 1
26044.672 - 88 2.257 1
26045.634 + 88 1
26049.388 + 88 1
26052.286 + 88 1
26054.318 + 88 1
26057.318 + 88 1
26060.164 + 88 1
26063.268 + 88 1
26065.103 + 88 1
26067.291 + 88 1
26068.222 + 88 1
26072.091 + 88 1
26084.679 + 88 1
26084.953 + 88 1
26087.522 + 88 1
26090.345 + 88 1
26092.223 + 88 1
26095.294 + 88 1
26097.449 + 88 1
26100.114 + 88 1
26103.532 + 88 1
26113.111 + 88 1
26119.000 # 1500
26119.000 # 1500
26119.000 # 1500
26119.000 # 1500
26119.000 # 1500
26119.786 - 88 74.152 1
26119.801 + 88 1
26119.811 - 88 70.423 1
26119.820 - 88 67.534 1
26120.000 # 1500
26120.000 # 1500
26120.000 # 1500
26120.000 # 1500
26120.000 # 1500
26120.000 # 1500
26120.000 # 1500
26120.000 # 1500
26120.024 - 88 65.706 1
26120.048 - 88 62.730 1
26120.073 - 88 59.909 1
26120.080 - 88 56.812 1
26120.083 - 88 54.980 1
26120.085 - 88 52.794 1
26120.088 - 88 51.866 1
26120.090 - 88 47.999 1
26120.092 - 88 35.413 1
26120.095 - 88 35.142 1
26120.098 - 88 32.576 1
26120.100 - 88 29.755 1
26120.102 - 88 27.879 1
26120.104 - 88 24.810 1
26120.106 - 88 22.657 1
26120.108 - 88 19.994 1
26120.111 - 88 16.579 1
26120.113 - 88 7.002 1
26121.000 # 1500
26121.000 # 1500
26121.000 # 1500
26121.000 # 1500
26121.000 # 1500
26121.000 # 1500
26121.000 # 1500
26121.537 - 88 1.736 1
26122.000 # 1500
26122.000 # 1500
26122.000 # 1500
26122.000 # 1500
26122.000 # 1500
26122.000 # 1500
26122.000 # 1500
26123.000 # 1500
26123.000 # 1500
26123.000 # 1500
26123.000 # 1500
26123.000 # 1500
26123.000 # 1500
26123.000 # 1500
26123.000 # 1500
26131.322 + 88 1
26134.000 # 1500
26134.400 + 88 1
26134.584 - 88 3.262 1
26135.000 # 1500
26135.000 # 1500
26135.000 # 1500
26135.000 # 1500
26135.000 # 1500
26135.000 # 1500
26135.000 # 1500
26136.210 - 88 1.810 1
26138.000 # 1500
26138.268 + 88 1
26138.443 + 88 1
26140.000 # 1500
26141.162 - 88 2.894 1
26141.184 - 88 2.741 1
26143.000 # 1500
26143.099 + 88 1
26144.221 + 88 1
26145.000 # 1500
26145.924 - 88 2.825 1
26145.937 - 88 1.716 1
26146.000 # 1500
26148.000 # 1500
26150.000 # 1500
26151.000 # 1500
26153.000 # 1500
26154.000 # 1500
26155.097 + 88 1
26156.000 # 1500
26156.118 + 88 1
26156.368 - 88 1.271 1
26157.000 # 1500
26157.918 + 88 1
26158.021 - 88 1.903 1
26159.000 # 1500
26159.648 + 88 1
26159.981 - 88 2.063 1
26161.000 # 1500
26162.000 # 1500
26162.988 - 88 3.340 1
26163.125 + 88 1
26164.000 # 1500
26164.796 - 88 1.671 1
26164.978 + 88 1
26165.000 # 1500
26165.146 - 88 0.168 1
26167.687 + 88 1
26168.000 # 1500
26168.000 # 1500
26169.382 - 88 1.695 1
26170.000 # 1500
26171.000 # 1500
26171.442 + 88 1
26172.797 + 88 1
26174.000 # 1500
26174.000 # 1500
26175.269 - 88 3.827 1
26175.282 - 88 2.485 1
26175.848 + 88 1
26176.000 # 1500
26177.000 # 1500
26177.382 + 88 1
26177.415 - 88 1.567 1
26178.000 # 1500
26179.196 - 88 1.814 1
26187.000 # 1500
26187.000 # 1500
26187.000 # 1500
26187.000 # 1500
26188.000 # 1500
26189.000 # 1500
26198.000 # 1500
26199.656 + 88 1
26199.854 + 88 1
26205.598 + 88 1
26209.000 # 1500
26209.000 # 1500
26209.631 + 88 1
26209.902 - 88 10.246 1
26209.913 - 88 10.059 1
26209.919 - 88 4.321 1
26210.000 # 1500
26211.387 - 88 1.756 1
26212.458 + 88 1
26222.000 # 1500
26222.000 # 1500
26222.000 # 1500
26222.000 # 1500
26222.000 # 1500
26222.000 # 1500
26222.000 # 1500
26222.000 # 1500
26222.000 # 1500
26223.196 - 88 10.738 1
26223.519 + 88 1
26227.000 # 1500
26227.000 # 1500
26228.167 - 88 4.648 1
26229.229 + 88 1
26235.000 # 1500
26235.000 # 1500
26235.866 - 88 6.637 1
26237.000 # 1500
26238.000 # 1500
26238.000 # 1500
26238.000 # 1500
26240.787 + 88 1
26241.118 + 88 1
26241.446 + 88 1
26244.526 + 88 1
26247.390 + 88 1
26250.000 # 1500
26251.000 # 1500
26251.000 # 1500
26251.000 # 1500
26251.000 # 1500
26251.386 - 88 10.599 1
26251.407 - 88 10.289 1
26251.411 - 88 9.965 1
26251.413 - 88 6.887 1
26251.416 - 88 4.026 1
26251.625 + 88 1
26252.000 # 1500
26253.000 # 1500
26253.538 - 88 1.913 1
26254.000 # 1500
26256.000 # 1500
26258.000 # 1500
26261.000 # 1500
26262.144 + 88 1
26262.365 + 88 1
26263.000 # 1500
26264.034 - 88 1.890 1
26264.049 - 88 1.684 1
26265.000 # 1500
26267.000 # 1500
26271.000 # 1500
26273.000 # 1500
26277.000 # 1500
26277.000 # 1500
26278.613 + 88 1
26279.000 # 1500
26280.657 - 88 2.044 1
26281.000 # 1500
26284.000 # 1500
26286.000 # 1500
26288.000 # 1500
26289.000 # 1500
26293.447 + 88 1
26294.000 # 1500
26294.000 # 1500
26295.322 - 88 1.875 1
26295.485 + 88 1
26295.672 + 88 1
26296.000 # 1500
26297.304 - 88 1.819 1
26297.316 - 88 1.644 1
26298.000 # 1500
26298.413 + 88 1
26300.377 + 88 1
26301.000 # 1500
26302.086 - 88 3.673 1
26302.098 - 88 1.721 1
26303.000 # 1500
26304.000 # 1500
26306.000 # 1500
26310.826 + 88 1
26311.000 # 1500
26312.000 # 1500
26312.839 - 88 2.013 1
26313.779 + 88 1
26314.000 # 1500
26315.965 + 88 1
26315.994 - 88 2.215 1
26317.000 # 1500
26317.723 - 88 1.758 1
26317.989 + 88 1
26319.000 # 1500
26319.910 + 88 1
26319.973 - 88 1.984 1
26321.000 # 1500
26321.678 - 88 1.768 1
26323.000 # 1500
26326.000 # 1500
26328.000 # 1500
26330.580 + 88 1
26331.000 # 1500
26332.000 # 1500
26332.537 + 88 1
26332.603 - 88 2.023 1
26333.000 # 1500
26334.414 - 88 1.877 1
26335.000 # 1500
26335.520 + 88 1
26337.000 # 1500
26338.339 - 88 2.819 1
26340.000 # 1500
26340.189 + 88 1
26342.000 # 1500
26343.000 # 1500
26343.121 - 88 2.932 1
26345.000 # 1500
26348.000 # 1500
26349.000 # 1500
26349.922 + 88 1
26350.145 + 88 1
26351.000 # 1500
26351.933 - 88 2.011 1
26351.947 - 88 1.802 1
26352.212 + 88 1
26353.000 # 1500
26353.950 - 88 1.738 1
26355.000 # 1500
26355.901 + 88 1
26356.000 # 1500
26358.000 # 1500
26359.787 - 88 3.886 1
26361.826 + 88 1
26362.000 # 1500
26362.166 - 88 0.340 1
26364.000 # 1500
26366.000 # 1500
26367.000 # 1500
26370.631 + 88 1
26370.915 + 88 1
26371.000 # 1500
26371.153 - 88 0.522 1
26373.000 # 1500
26373.411 - 88 2.496 1
26375.000 # 1500
26376.388 + 88 1
26378.000 # 1500
26378.370 + 88 1
26378.580 - 88 2.192 1
26381.000 # 1500
26382.253 - 88 3.883 1
26384.000 # 1500
26384.000 # 1500
26386.000 # 1500
26388.000 # 1500
26390.000 # 1500
26391.113 + 88 1
26391.188 + 88 1
26392.000 # 1500
26392.925 - 88 1.812 1
26392.937 - 88 1.749 1
26394.000 # 1500
26395.000 # 1500
26397.000 # 1500
26397.876 + 88 1
26400.000 # 1500
26400.927 - 88 3.051 1
26402.000 # 1500
26404.000 # 1500
26405.000 # 1500
26407.000 # 1500
26409.000 # 1500
26413.628 + 88 1
26413.707 + 88 1
26413.723 + 88 1
26413.738 + 88 1
26414.000 # 1500
26415.000 # 1500
26415.000 # 1500
26415.234 - 88 1.606 1
26415.251 - 88 1.544 1
26415.254 - 88 1.531 1
26415.256 - 88 1.518 1
26419.031 + 88 1
26420.000 # 1500
26420.973 + 88 1
26421.000 # 1500
26421.182 - 88 2.151 1
26423.000 # 1500
26423.079 + 88 1
26423.345 - 88 2.372 1
26425.000 # 1500
26426.024 - 88 2.945 1
26427.000 # 1500
26428.000 # 1500
26428.813 + 88 1
26430.000 # 1500
26430.768 + 88 1
26431.058 - 88 2.245 1
26432.730 + 88 1
26433.000 # 1500
26434.732 - 88 3.964 1
26434.743 - 88 2.013 1
26435.000 # 1500
26435.633 + 88 1
26437.000 # 1500
26437.669 + 88 1
26437.931 - 88 2.298 1
26438.000 # 1500
26439.548 - 88 1.879 1
26440.607 + 88 1
26441.000 # 1500
26442.534 - 88 1.927 1
26442.607 + 88 1
26443.000 # 1500
26444.448 - 88 1.841 1
26445.000 # 1500
26445.561 + 88 1
26447.370 + 88 1
26449.000 # 1500
26450.000 # 1500
26450.409 + 88 1
26450.634 - 88 5.073 1
26450.655 - 88 3.285 1
26452.422 + 88 1
26454.000 # 1500
26454.181 + 88 1
26454.426 - 88 4.017 1
26454.449 - 88 2.027 1
26456.000 # 1500
26456.175 + 88 1
26456.414 - 88 2.233 1
26457.000 # 1500
26458.000 # 1500
26458.247 - 88 2.072 1
26459.306 + 88 1
26460.000 # 1500
26461.008 + 88 1
26461.220 - 88 1.914 1
26463.000 # 1500
26463.138 + 88 1
26463.350 - 88 2.342 1
26465.000 # 1500
26465.113 + 88 1
26465.328 - 88 2.190 1
26467.000 # 1500
26467.917 - 88 2.804 1
26468.869 + 88 1
26469.000 # 1500
26470.799 + 88 1
26472.000 # 1500
26472.749 + 88 1
26472.986 - 88 4.117 1
26472.996 - 88 2.197 1
26473.000 # 1500
26474.675 + 88 1
26474.876 - 88 2.127 1
26475.000 # 1500
26477.000 # 1500
26478.000 # 1500
26478.004 + 88 1
26478.020 + 88 1
26478.239 - 88 3.564 1
26479.941 + 88 1
26481.000 # 1500
26481.401 - 88 3.397 1
26481.425 - 88 3.405 1
26481.449 - 88 1.508 1
26483.000 # 1500
26483.034 + 88 1
26484.000 # 1500
26484.841 + 88 1
26485.000 # 1500
26485.032 - 88 1.998 1
26486.859 - 88 2.018 1
26487.765 + 88 1
26488.000 # 1500
26488.182 - 88 0.417 1
26489.000 # 1500
26489.728 + 88 1
26491.000 # 1500
26491.668 + 88 1
26492.000 # 1500
26492.008 - 88 2.280 1
26493.797 - 88 2.129 1
26494.615 + 88 1
26495.000 # 1500
26496.567 + 88 1
26496.869 - 88 2.254 1
26497.000 # 1500
26498.000 # 1500
26498.570 - 88 2.003 1
26499.524 + 88 1
26501.000 # 1500
26501.571 + 88 1
26501.793 - 88 2.269 1
26502.000 # 1500
26503.000 # 1500
26503.627 - 88 2.056 1
26505.000 # 1500
26505.492 + 88 1
26505.542 + 88 1
26507.000 # 1500
26508.494 - 88 3.002 1
26508.504 - 88 2.962 1
26510.000 # 1500
26511.000 # 1500
26514.000 # 1500
26517.000 # 1500
26517.256 + 88 1
26517.324 + 88 1
26518.000 # 1500
26519.128 - 88 1.872 1
26519.141 - 88 1.817 1
26520.000 # 1500
26520.986 + 88 1
26521.000 # 1500
26523.000 # 1500
26523.065 + 88 1
26523.412 - 88 2.426 1
26527.000 # 1500
26527.000 # 1500
26528.014 - 88 4.949 1
26528.034 + 88 1
26530.773 + 88 1
26531.000 # 1500
26532.000 # 1500
26532.000 # 1500
26532.206 - 88 4.172 1
26532.218 - 88 1.445 1
26534.752 + 88 1
26535.000 # 1500
26536.000 # 1500
26536.717 - 88 1.965 1
26537.682 + 88 1
26538.000 # 1500
26539.657 - 88 1.975 1
26539.707 + 88 1
26540.000 # 1500
26541.559 - 88 1.852 1
26542.000 # 1500
26542.453 + 88 1
26543.000 # 1500
26544.684 - 88 2.231 1
26545.000 # 1500
26546.681 + 88 1
26549.000 # 1500
26549.000 # 1500
26550.673 - 88 3.992 1
26551.000 # 1500
26552.000 # 1500
26555.000 # 1500
26556.000 # 1500
26557.000 # 1500
26558.000 # 1500
26558.615 + 88 1
26558.675 + 88 1
26558.692 + 88 1
26558.707 + 88 1
26560.000 # 1500
26560.468 + 88 1
26560.718 - 88 2.103 1
26560.729 - 88 2.054 1
26560.732 - 88 2.040 1
26560.734 - 88 2.027 1
26562.000 # 1500
26562.492 + 88 1
26562.735 - 88 2.267 1
26563.000 # 1500
26564.361 - 88 1.869 1
26565.000 # 1500
26565.251 + 88 1
26567.000 # 1500
26567.392 + 88 1
26567.611 - 88 2.360 1
26568.000 # 1500
26569.307 - 88 1.915 1
26570.814 + 88 1
26571.000 # 1500
26571.075 - 88 0.261 1
26572.000 # 1500
26573.000 # 1500
26573.717 + 88 1
26575.950 + 88 1
26576.000 # 1500
26576.181 - 88 2.464 1
26577.000 # 1500
26577.649 + 88 1
26577.956 - 88 2.006 1
26579.000 # 1500
26582.000 # 1500
26582.512 + 88 1
26582.564 + 88 1
26582.581 + 88 1
26582.790 - 88 5.141 1
26583.000 # 1500
26584.000 # 1500
26584.473 + 88 1
26584.719 - 88 2.207 1
26584.728 - 88 2.164 1
26584.731 - 88 2.150 1
26585.000 # 1500
26586.430 + 88 1
26586.657 - 88 2.184 1
26587.000 # 1500
26588.586 - 88 2.156 1
26589.000 # 1500
26590.000 # 1500
26590.307 + 88 1
26591.000 # 1500
26592.242 + 88 1
26592.460 - 88 2.153 1
26593.000 # 1500
26594.000 # 1500
26594.207 + 88 1
26594.587 - 88 2.345 1
26597.000 # 1500
26597.361 + 88 1
26597.565 - 88 3.358 1
26598.000 # 1500
26598.000 # 1500
26599.202 - 88 1.841 1
26601.000 # 1500
26601.172 + 88 1
26602.000 # 1500
26603.000 # 1500
26603.169 - 88 1.997 1
26606.000 # 1500
26606.901 + 88 1
26607.000 # 1500
26607.099 - 88 0.198 1
26608.000 # 1500
26608.983 + 88 1
26609.000 # 1500
26610.000 # 1500
26610.888 - 88 1.905 1
26615.844 + 88 1
26617.794 + 88 1
26619.000 # 1500
26619.000 # 1500
26620.699 - 88 4.855 1
26620.712 - 88 2.918 1
26624.607 + 88 1
26624.830 + 88 1
26626.000 # 1500
26626.000 # 1500
26626.000 # 1500
26626.000 # 1500
26626.000 # 1500
26626.000 # 1500
26627.000 # 1500
26627.398 + 88 1
26627.607 - 88 3.000 1
26627.618 - 88 2.788 1
26628.000 # 1500
26630.000 # 1500
26631.000 # 1500
26632.000 # 1500
26635.000 # 1500
26636.000 # 1500
26637.000 # 1500
26638.000 # 1500
26638.127 + 88 1
26638.290 - 88 10.892 1
26640.000 # 1500
26641.000 # 1500
26641.056 + 88 1
26641.078 + 88 1
26641.104 + 88 1
26641.195 - 88 3.068 1
26643.000 # 1500
26644.000 # 1500
26644.186 - 88 3.130 1
26644.209 - 88 3.131 1
26644.217 - 88 3.113 1
26646.000 # 1500
26647.000 # 1500
26651.000 # 1500
26651.000 # 1500
26651.900 + 88 1
26651.956 + 88 1
26652.000 # 1500
26652.216 - 88 0.316 1
26654.000 # 1500
26654.958 - 88 3.002 1
26655.000 # 1500
26656.000 # 1500
26657.000 # 1500
26657.699 + 88 1
26657.756 + 88 1
26659.000 # 1500
26659.701 + 88 1
26659.958 - 88 2.259 1
26659.978 - 88 2.222 1
26661.606 + 88 1
26662.000 # 1500
26663.000 # 1500
26663.000 # 1500
26663.580 + 88 1
26663.829 - 88 4.128 1
26663.847 - 88 2.241 1
26665.000 # 1500
26666.000 # 1500
26666.529 + 88 1
26666.810 - 88 3.230 1
26668.000 # 1500
26669.000 # 1500
26669.502 - 88 2.973 1
26671.000 # 1500
26672.000 # 1500
26675.000 # 1500
26675.000 # 1500
26676.000 # 1500
26676.279 + 88 1
26676.339 + 88 1
26676.387 + 88 1
26676.434 + 88 1
26678.000 # 1500
26679.000 # 1500
26679.209 + 88 1
26679.459 - 88 3.180 1
26679.478 - 88 3.139 1
26679.486 - 88 3.099 1
26679.493 - 88 3.059 1
26681.000 # 1500
26682.000 # 1500
26682.415 - 88 3.206 1
26684.036 + 88 1
26685.000 # 1500
26686.132 - 88 2.096 1
26687.000 # 1500
26687.000 # 1500
26688.000 # 1500
26690.000 # 1500
26691.000 # 1500
26691.000 # 1500
26693.000 # 1500
26694.000 # 1500
26694.875 + 88 1
26694.927 + 88 1
26695.000 # 1500
26696.183 + 88 1
26696.484 - 88 1.609 1
26696.521 - 88 1.594 1
26698.000 # 1500
26698.000 # 1500
26698.841 - 88 2.658 1
26699.000 # 1500
26700.072 + 88 1
26702.696 + 88 1
26705.530 + 88 1
26708.492 + 88 1
26713.000 # 1500
26714.000 # 1500
26714.000 # 1500
26714.428 - 88 14.356 1
26714.457 - 88 11.761 1
26714.473 - 88 8.943 1
26714.487 - 88 5.995 1
26715.000 # 1500
26715.000 # 1500
26715.000 # 1500
26716.000 # 1500
26716.000 # 1500
26717.000 # 1500
26717.295 + 88 1
26718.000 # 1500
26719.283 - 88 1.988 1
26719.427 + 88 1
26719.535 + 88 1
26720.000 # 1500
26721.000 # 1500
26721.170 - 88 1.743 1
26721.198 - 88 1.663 1
26723.000 # 1500
26723.000 # 1500
26725.000 # 1500
26725.165 + 88 1
26725.369 + 88 1
26725.453 + 88 1
26726.000 # 1500
26727.000 # 1500
26727.099 - 88 1.934 1
26727.233 + 88 1
26727.270 - 88 1.901 1
26727.305 - 88 1.852 1
26728.000 # 1500
26729.005 + 88 1
26729.217 - 88 1.984 1
26730.966 + 88 1
26731.000 # 1500
26731.222 - 88 2.217 1
26732.000 # 1500
26732.890 - 88 1.924 1
26733.000 # 1500
26733.000 # 1500
26734.000 # 1500
26734.030 + 88 1
26735.000 # 1500
26735.977 - 88 1.947 1
26736.355 + 88 1
26737.000 # 1500
26737.000 # 1500
26738.000 # 1500
26739.000 # 1500
26740.000 # 1500
26741.000 # 1500
26742.000 # 1500
26743.000 # 1500
26745.000 # 1500
26745.000 # 1500
26745.671 - 88 9.316 1
26746.000 # 1500
26747.000 # 1500
26747.919 + 88 1
26747.983 + 88 1
26748.000 # 1500
26748.518 + 88 1
26750.000 # 1500
26751.421 - 88 3.502 1
26751.449 - 88 3.466 1
26751.465 - 88 2.947 1
26757.597 + 88 1
26757.695 + 88 1
26758.067 + 88 1
26760.349 + 88 1
26761.000 # 1500
26761.000 # 1500
26761.000 # 1500
26761.000 # 1500
26762.000 # 1500
26762.000 # 1500
26762.000 # 1500
26762.000 # 1500
26762.000 # 1500
26762.000 # 1500
26762.377 - 88 4.780 1
26762.404 - 88 4.709 1
26762.413 - 88 4.346 1
26762.421 - 88 2.072 1
26766.000 # 1500
26778.000 # 1500
26778.000 # 1500
26778.000 # 1500
26779.000 # 1500
26780.000 # 1500
26780.000 # 1500
26780.000 # 1500
26780.167 + 88 1
26782.000 # 1500
26782.811 - 88 2.644 1
26784.000 # 1500
26785.000 # 1500
26787.000 # 1500
26788.000 # 1500
26790.000 # 1500
26791.890 + 88 1
26792.000 # 1500
26792.404 + 88 1
26793.000 # 1500
26793.773 - 88 1.883 1
26793.802 - 88 1.398 1
26797.000 # 1500
26797.688 + 88 1
26798.000 # 1500
26799.507 - 88 1.819 1
26802.000 # 1500
26802.000 # 1500
26804.514 + 88 1
26805.000 # 1500
26806.000 # 1500
26806.350 - 88 1.836 1
26809.000 # 1500
26809.346 + 88 1
26810.000 # 1500
26811.286 - 88 1.940 1
26813.000 # 1500
26814.000 # 1500
26816.000 # 1500
26817.000 # 1500
26818.000 # 1500
26818.153 + 88 1
26820.000 # 1500
26821.069 + 88 1
26821.135 + 88 1
26821.269 - 88 3.116 1
26823.000 # 1500
26823.000 # 1500
26823.978 - 88 2.909 1
26824.006 - 88 2.871 1
26825.929 + 88 1
26826.000 # 1500
26826.000 # 1500
26827.000 # 1500
26828.020 - 88 2.091 1
26829.000 # 1500
26831.131 + 88 1
26833.000 # 1500
26833.000 # 1500
26834.000 # 1500
26834.026 - 88 2.895 1
26835.962 + 88 1
26837.000 # 1500
26837.000 # 1500
26837.978 - 88 2.016 1
26839.000 # 1500
26840.000 # 1500
26840.867 + 88 1
26843.000 # 1500
26844.000 # 1500
26844.737 - 88 3.870 1
26845.764 + 88 1
26846.000 # 1500
26847.000 # 1500
26847.767 - 88 2.003 1
26849.000 # 1500
26851.000 # 1500
26852.000 # 1500
26853.000 # 1500
26856.000 # 1500
26857.000 # 1500
26858.000 # 1500
26858.523 + 88 1
26858.662 + 88 1
26860.000 # 1500
26861.000 # 1500
26861.352 - 88 2.829 1
26861.379 - 88 2.717 1
26862.374 + 88 1
26863.000 # 1500
26864.245 - 88 1.871 1
26865.000 # 1500
26865.316 + 88 1
26866.000 # 1500
26867.178 - 88 1.862 1
26867.442 + 88 1
26870.000 # 1500
26870.000 # 1500
26871.000 # 1500
26871.071 - 88 3.629 1
26872.000 # 1500
26872.204 + 88 1
26874.000 # 1500
26874.159 + 88 1
26874.422 - 88 2.218 1
26875.000 # 1500
26875.915 - 88 1.756 1
26876.000 # 1500
26876.101 + 88 1
26879.000 # 1500
26879.000 # 1500
26879.024 + 88 1
26879.294 - 88 3.193 1
26880.000 # 1500
26880.839 - 88 1.815 1
26880.902 + 88 1
26881.000 # 1500
26882.000 # 1500
26882.917 - 88 2.015 1
26883.000 # 1500
26883.064 + 88 1
26884.882 + 88 1
26885.000 # 1500
26885.140 - 88 2.076 1
26886.000 # 1500
26886.687 - 88 1.805 1
26887.000 # 1500
26887.808 + 88 1
26888.000 # 1500
26889.775 + 88 1
26890.000 # 1500
26890.035 - 88 2.227 1
26890.061 - 88 0.286 1
26891.000 # 1500
26891.790 + 88 1
26892.000 # 1500
26892.059 - 88 0.269 1
26892.258 + 88 1
26894.000 # 1500
26894.990 - 88 2.732 1
26895.000 # 1500
26895.730 + 88 1
26897.000 # 1500
26898.000 # 1500
26898.748 - 88 3.018 1
26898.863 + 88 1
26900.531 + 88 1
26901.000 # 1500
26901.000 # 1500
26902.303 - 88 3.440 1
26902.332 - 88 1.801 1
26903.000 # 1500
26903.000 # 1500
26905.000 # 1500
26906.000 # 1500
26906.493 + 88 1
26907.000 # 1500
26908.000 # 1500
26908.163 - 88 1.670 1
26908.327 + 88 1
26910.000 # 1500
26910.281 + 88 1
26910.808 - 88 2.481 1
26911.000 # 1500
26912.000 # 1500
26912.177 - 88 1.896 1
26916.000 # 1500
26917.000 # 1500
26917.000 # 1500
26918.000 # 1500
26919.000 # 1500
26920.000 # 1500
26921.000 # 1500
26923.000 # 1500
26923.065 + 88 1
26923.203 + 88 1
26924.000 # 1500
26924.741 + 88 1
26924.794 + 88 1
26924.892 - 88 1.827 1
26924.923 - 88 1.720 1
26924.951 + 88 1
26926.000 # 1500
26926.721 - 88 1.980 1
26926.743 - 88 1.949 1
26926.757 - 88 1.806 1
26927.000 # 1500
26928.438 + 88 1
26929.000 # 1500
26930.000 # 1500
26930.524 + 88 1
26930.587 - 88 2.149 1
26931.000 # 1500
26932.406 - 88 1.882 1
26932.485 + 88 1
26934.000 # 1500
26934.400 + 88 1
26934.613 - 88 2.128 1
26935.000 # 1500
26936.000 # 1500
26936.336 - 88 1.936 1
26938.712 + 88 1
26942.313 + 88 1
26942.365 + 88 1
26945.000 # 1500
26945.000 # 1500
26945.338 + 88 1
26945.541 - 88 6.829 1
26945.568 - 88 3.255 1
26945.583 - 88 3.218 1
26946.525 + 88 1
26948.000 # 1500
26948.592 + 88 1
26948.788 - 88 3.450 1
26948.808 - 88 2.283 1
26949.000 # 1500
26949.000 # 1500
26949.000 # 1500
26949.000 # 1500
26950.026 - 88 1.434 1
26951.000 # 1500
26952.000 # 1500
26952.044 + 88 1
26953.000 # 1500
26953.871 + 88 1
26953.994 - 88 1.950 1
26955.000 # 1500
26955.166 + 88 1
26955.273 - 88 1.402 1
26957.000 # 1500
26957.870 - 88 2.704 1
26959.000 # 1500
26966.000 # 1500
26966.491 + 88 1
26966.665 + 88 1
26966.750 + 88 1
26970.000 # 1500
26971.000 # 1500
26971.500 - 88 5.009 1
26971.521 - 88 4.856 1
26971.530 - 88 4.780 1
26972.000 # 1500
26973.000 # 1500
26974.675 + 88 1
26975.000 # 1500
26976.000 # 1500
26976.405 - 88 1.730 1
26976.443 + 88 1
26977.000 # 1500
26978.000 # 1500
26978.311 + 88 1
26978.358 - 88 1.915 1
26980.000 # 1500
26980.694 - 88 2.383 1
26981.000 # 1500
26982.000 # 1500
26982.232 + 88 1
26991.000 # 1500
26991.000 # 1500
26991.000 # 1500
26991.000 # 1500
26991.000 # 1500
26991.000 # 1500
26991.966 - 88 9.734 1
26992.000 # 1500
26993.000 # 1500
26993.158 + 88 1
26993.352 + 88 1
26993.522 + 88 1
26995.000 # 1500
26995.000 # 1500
26995.995 - 88 2.837 1
26996.020 - 88 2.668 1
26996.029 - 88 2.507 1
26997.000 # 1500
26998.000 # 1500
26999.000 # 1500
27000.000 # 1500
27002.000 # 1500
27003.000 # 1500
27003.228 + 88 1
27003.287 + 88 1
27003.335 + 88 1
27003.399 + 88 1
27003.473 + 88 1
27004.000 # 1500
27005.020 + 88 1
27005.233 - 88 2.005 1
27005.254 - 88 1.967 1
27005.262 - 88 1.927 1
27005.269 - 88 1.870 1
27005.276 - 88 1.803 1
27006.000 # 1500
27006.759 - 88 1.739 1
27007.000 # 1500
27008.000 # 1500
27011.712 + 88 1
27017.474 + 88 1
27029.309 + 88 1
27033.000 # 1500
27033.345 + 88 1
27033.621 - 88 21.909 1
27033.640 - 88 16.166 1
27033.672 - 88 4.363 1
27034.910 + 88 1
27036.913 + 88 1
27037.539 + 88 1
27038.000 # 1500
27038.000 # 1500
27039.000 # 1500
27039.031 - 88 5.686 1
27039.052 - 88 4.142 1
27039.060 - 88 2.147 1
27039.066 - 88 1.527 1
27040.000 # 1500
27040.000 # 1500
27040.000 # 1500
27040.000 # 1500
27040.000 # 1500
27040.000 # 1500
27040.000 # 1500
27040.000 # 1500
27040.000 # 1500
27041.000 # 1500
27041.000 # 1500
27041.000 # 1500
27041.000 # 1500
27041.000 # 1500
27042.000 # 1500
27042.000 # 1500
27042.000 # 1500
27042.000 # 1500
27042.000 # 1500
27042.000 # 1500
27042.000 # 1500
27042.280 + 88 1
27044.306 + 88 1
27045.000 # 1500
27045.912 - 88 3.632 1
27045.925 - 88 1.619 1
27047.000 # 1500
27047.000 # 1500
27047.000 # 1500
27049.850 + 88 1
27052.000 # 1500
27053.000 # 1500
27053.000 # 1500
27053.000 # 1500
27053.000 # 1500
27053.000 # 1500
27053.796 - 88 3.946 1
27055.000 # 1500
27056.000 # 1500
27057.000 # 1500
27060.557 + 88 1
27060.880 + 88 1
27062.595 + 88 1
27064.373 + 88 1
27066.000 # 1500
27066.000 # 1500
27066.000 # 1500
27067.000 # 1500
27067.000 # 1500
27067.184 - 88 6.627 1
27067.212 - 88 6.332 1
27067.229 - 88 4.634 1
27067.243 - 88 2.870 1
27068.000 # 1500
27068.287 + 88 1
27070.000 # 1500
27070.756 + 88 1
27071.110 - 88 2.823 1
27072.000 # 1500
27072.111 + 88 1
27072.561 - 88 1.805 1
27074.000 # 1500
27074.930 + 88 1
27075.000 # 1500
27075.019 - 88 2.908 1
27076.000 # 1500
27076.726 - 88 1.796 1
27076.838 + 88 1
27077.000 # 1500
27078.000 # 1500
27078.415 - 88 1.577 1
27079.907 + 88 1
27081.000 # 1500
27081.000 # 1500
27081.794 - 88 1.887 1
27081.865 + 88 1
27084.622 + 88 1
27085.000 # 1500
27085.000 # 1500
27086.000 # 1500
27087.024 - 88 5.159 1
27087.043 - 88 2.421 1
27088.000 # 1500
27088.569 + 88 1
27089.000 # 1500
27090.000 # 1500
27090.735 - 88 2.166 1
27091.000 # 1500
27095.000 # 1500
27096.000 # 1500
27097.000 # 1500
27097.248 + 88 1
27097.387 + 88 1
27098.000 # 1500
27099.449 + 88 1
27099.687 - 88 2.439 1
27099.708 - 88 2.321 1
27100.000 # 1500
27101.612 + 88 1
27101.688 - 88 2.239 1
27103.000 # 1500
27103.000 # 1500
27104.396 - 88 2.784 1
27105.000 # 1500
27111.000 # 1500
27111.000 # 1500
27111.000 # 1500
27111.000 # 1500
27111.000 # 1500
27113.000 # 1500
27114.000 # 1500
27115.000 # 1500
27115.926 + 88 1
27116.063 + 88 1
27116.457 + 88 1
27116.594 + 88 1
27117.000 # 1500
27117.000 # 1500
27118.000 # 1500
27118.257 - 88 2.331 1
27118.277 - 88 2.214 1
27118.284 - 88 1.827 1
27118.292 - 88 1.698 1
27119.000 # 1500
27121.000 # 1500
27122.000 # 1500
27122.097 + 88 1
27122.237 + 88 1
27123.000 # 1500
27123.757 + 88 1
27124.000 # 1500
27124.014 - 88 1.917 1
27124.027 - 88 1.790 1
27124.115 + 88 1
27126.000 # 1500
27127.000 # 1500
27127.068 - 88 3.311 1
27127.093 - 88 2.978 1
27128.000 # 1500
27129.000 # 1500
27130.000 # 1500
27134.492 + 88 1
27134.640 + 88 1
27134.874 + 88 1
27135.027 + 88 1
27135.114 + 88 1
27138.325 + 88 1
27139.972 + 88 1
27140.000 # 1500
27140.442 - 88 5.950 1
27140.463 - 88 5.823 1
27140.471 - 88 5.597 1
27140.478 - 88 5.451 1
27140.484 - 88 5.370 1
27140.490 - 88 2.165 1
27141.000 # 1500
27141.000 # 1500
27141.000 # 1500
27141.000 # 1500
27141.000 # 1500
27141.000 # 1500
27141.000 # 1500
27141.000 # 1500
27142.000 # 1500
27142.468 - 88 2.496 1
27143.000 # 1500
27143.303 + 88 1
27144.000 # 1500
27144.907 - 88 1.604 1
27145.315 + 88 1
27146.000 # 1500
27147.000 # 1500
27147.179 + 88 1
27147.272 - 88 1.957 1
27148.000 # 1500
27149.000 # 1500
27149.500 + 88 1
27149.622 - 88 2.443 1
27152.000 # 1500
27153.000 # 1500
27153.000 # 1500
27153.229 - 88 3.729 1
27153.693 + 88 1
27156.000 # 1500
27157.000 # 1500
27157.152 - 88 3.459 1
27159.000 # 1500
27159.000 # 1500
27159.000 # 1500
27162.000 # 1500
27162.273 + 88 1
27162.411 + 88 1
27164.165 + 88 1
27164.308 + 88 1
27164.363 + 88 1
27165.000 # 1500
27166.000 # 1500
27166.000 # 1500
27166.000 # 1500
27166.000 # 1500
27166.447 - 88 4.174 1
27166.481 - 88 4.070 1
27166.492 - 88 2.327 1
27166.500 - 88 2.192 1
27166.507 - 88 2.144 1
27168.000 # 1500
27169.000 # 1500
27174.955 + 88 1
27175.095 + 88 1
27175.376 + 88 1
27175.680 + 88 1
27178.835 + 88 1
27180.000 # 1500
27180.000 # 1500
27180.677 - 88 5.722 1
27180.696 - 88 5.601 1
27180.706 - 88 5.330 1
27180.713 - 88 5.033 1
27180.720 - 88 1.885 1
27180.729 + 88 1
27181.000 # 1500
27181.262 - 88 0.533 1
27184.281 + 88 1
27185.000 # 1500
27186.381 - 88 2.100 1
27186.392 + 88 1
27187.000 # 1500
27188.000 # 1500
27188.000 # 1500
27188.000 # 1500
27188.000 # 1500
27188.313 - 88 1.921 1
27189.225 + 88 1
27191.338 + 88 1
27193.201 + 88 1
27195.190 + 88 1
27198.000 # 1500
27198.166 + 88 1
27198.536 - 88 9.311 1
27198.555 - 88 7.217 1
27198.563 - 88 5.362 1
27198.570 - 88 3.380 1
27201.918 + 88 1
27204.096 + 88 1
27208.275 + 88 1
27210.437 + 88 1
27211.000 # 1500
27211.000 # 1500
27211.000 # 1500
27211.000 # 1500
27212.715 - 88 14.549 1
27212.743 - 88 10.825 1
27212.751 - 88 8.655 1
27212.758 - 88 4.483 1
27212.765 - 88 2.328 1
27216.000 # 1500
27216.000 # 1500
27216.000 # 1500
27216.000 # 1500
27217.000 # 1500
27217.102 + 88 1
27217.371 + 88 1
27220.452 + 88 1
27221.000 # 1500
27222.000 # 1500
27222.865 + 88 1
27223.137 - 88 6.035 1
27223.162 - 88 5.791 1
27223.171 - 88 2.719 1
27223.517 + 88 1
27227.650 + 88 1
27229.000 # 1500
27229.415 + 88 1
27229.624 - 88 6.759 1
27229.645 - 88 6.128 1
27229.654 - 88 2.004 1
27230.000 # 1500
27231.000 # 1500
27231.297 - 88 1.882 1
27232.000 # 1500
27232.040 + 88 1
27233.306 + 88 1
27235.000 # 1500
27235.000 # 1500
27236.000 # 1500
27236.000 # 1500
27236.000 # 1500
27236.230 + 88 1
27236.438 - 88 4.398 1
27236.462 - 88 3.156 1
27238.000 # 1500
27238.000 # 1500
27239.037 - 88 2.807 1
27241.000 # 1500
27243.000 # 1500
27245.000 # 1500
27246.241 + 88 1
27246.280 + 88 1
27247.000 # 1500
27247.842 - 88 1.601 1
27247.876 - 88 1.596 1
27248.000 # 1500
27250.000 # 1500
27250.205 + 88 1
27250.244 + 88 1
27250.276 + 88 1
27251.000 # 1500
27251.793 - 88 1.588 1
27251.819 - 88 1.575 1
27251.835 - 88 1.559 1
27252.349 + 88 1
27254.000 # 1500
27254.998 + 88 1
27255.000 # 1500
27255.199 - 88 2.850 1
27256.000 # 1500
27256.787 + 88 1
27256.828 - 88 1.830 1
27258.000 # 1500
27259.000 # 1500
27259.713 - 88 2.926 1
27261.000 # 1500
27261.630 + 88 1
27263.000 # 1500
27264.000 # 1500
27264.399 - 88 2.769 1
27266.000 # 1500
27267.000 # 1500
27269.000 # 1500
27270.377 + 88 1
27271.000 # 1500
27272.000 # 1500
27272.541 - 88 2.164 1
27274.000 # 1500
27274.183 + 88 1
27275.000 # 1500
27276.275 - 88 2.092 1
27277.000 # 1500
27278.000 # 1500
27280.000 # 1500
27280.518 + 88 1
27281.000 # 1500
27282.054 - 88 1.536 1
27283.132 + 88 1
27284.000 # 1500
27284.000 # 1500
27284.879 - 88 1.747 1
27287.000 # 1500
27288.000 # 1500
27291.000 # 1500
27292.000 # 1500
27293.000 # 1500
27294.025 + 88 1
27295.702 + 88 1
27296.000 # 1500
27296.000 # 1500
27296.080 + 88 1
27296.144 + 88 1
27296.320 - 88 2.295 1
27298.000 # 1500
27298.731 - 88 3.029 1
27298.753 - 88 2.673 1
27298.760 - 88 2.616 1
27300.000 # 1500
27301.000 # 1500
27304.000 # 1500
27305.000 # 1500
27306.000 # 1500
27308.000 # 1500
27308.369 + 88 1
27310.000 # 1500
27311.000 # 1500
27311.513 - 88 3.144 1
27311.760 + 88 1
27315.000 # 1500
27315.000 # 1500
27316.301 - 88 4.541 1
27317.000 # 1500
27317.433 + 88 1
27317.488 + 88 1
27317.538 + 88 1
27318.000 # 1500
27319.212 - 88 1.779 1
27319.223 - 88 1.735 1
27319.226 - 88 1.688 1
27319.544 + 88 1
27320.000 # 1500
27321.000 # 1500
27321.454 - 88 1.910 1
27323.058 + 88 1
27324.000 # 1500
27325.000 # 1500
27325.130 - 88 2.072 1
27326.000 # 1500
27326.343 + 88 1
27328.365 + 88 1
27330.000 # 1500
27330.000 # 1500
27331.100 - 88 4.757 1
27331.126 - 88 2.761 1
27332.000 # 1500
27333.000 # 1500
27335.000 # 1500
27337.000 # 1500
27337.184 + 88 1
27337.383 + 88 1
27340.000 # 1500
27340.000 # 1500
27340.652 + 88 1
27340.668 - 88 3.484 1
27340.689 - 88 3.306 1
27342.000 # 1500
27342.651 + 88 1
27342.825 - 88 2.173 1
27344.000 # 1500
27345.383 - 88 2.732 1
27345.656 + 88 1
27347.000 # 1500
27348.360 - 88 2.704 1
27349.000 # 1500
27349.362 + 88 1
27351.000 # 1500
27351.000 # 1500
27352.169 - 88 2.807 1
27353.000 # 1500
27353.529 + 88 1
27356.000 # 1500
27356.380 + 88 1
27356.511 - 88 2.982 1
27360.239 + 88 1
27362.250 + 88 1
27363.159 + 88 1
27368.289 + 88 1
27371.954 + 88 1
27373.768 + 88 1
27375.907 + 88 1
27378.804 + 88 1
27382.655 + 88 1
27384.764 + 88 1
27388.515 + 88 1
27398.452 + 88 1
27400.507 + 88 1
27402.383 + 88 1
27405.363 + 88 1
27409.052 + 88 1
27411.189 + 88 1
27415.803 + 88 1
27416.000 # 1500
27416.000 # 1500
27416.000 # 1500
27416.000 # 1500
27416.000 # 1500
27416.000 # 1500
27416.000 # 1500
27416.000 # 1500
27417.000 # 1500
27417.000 # 1500
27417.798 - 88 61.418 1
27418.000 # 1500
27418.000 # 1500
27418.000 # 1500
27418.000 # 1500
27418.019 - 88 57.780 1
27418.026 - 88 55.776 1
27418.029 - 88 54.870 1
27418.032 - 88 49.743 1
27418.034 - 88 46.080 1
27418.036 - 88 44.268 1
27418.038 - 88 42.131 1
27418.040 - 88 39.236 1
27418.042 - 88 35.387 1
27418.044 - 88 33.280 1
27418.046 - 88 29.531 1
27418.049 - 88 19.597 1
27418.052 - 88 17.545 1
27418.054 - 88 15.671 1
27418.056 - 88 12.693 1
27418.058 - 88 9.006 1
27418.061 - 88 6.872 1
27418.063 - 88 2.260 1
27418.089 + 88 1
27419.000 # 1500
27419.000 # 1500
27419.000 # 1500
27419.810 - 88 1.721 1
27419.988 + 88 1
27420.000 # 1500
27420.000 # 1500
27420.000 # 1500
27421.000 # 1500
27421.000 # 1500
27421.000 # 1500
27421.000 # 1500
27421.000 # 1500
27421.000 # 1500
27421.000 # 1500
27421.000 # 1500
27421.000 # 1500
27421.000 # 1500
27421.000 # 1500
27421.000 # 1500
27421.000 # 1500
27421.673 - 88 1.685 1
27421.967 + 88 1
27422.000 # 1500
27422.000 # 1500
27423.000 # 1500
27423.533 - 88 1.566 1
27424.617 + 88 1
27425.000 # 1500
27426.477 - 88 1.860 1
27427.000 # 1500
27428.797 + 88 1
27430.000 # 1500
27431.000 # 1500
27431.387 - 88 2.590 1
27432.445 + 88 1
27433.000 # 1500
27434.000 # 1500
27434.384 - 88 1.939 1
27434.392 + 88 1
27436.000 # 1500
27436.472 + 88 1
27436.613 - 88 2.221 1
27437.000 # 1500
27438.221 - 88 1.749 1
27439.645 + 88 1
27440.000 # 1500
27441.140 - 88 1.495 1
27441.485 + 88 1
27442.000 # 1500
27442.000 # 1500
27443.910 - 88 2.425 1
27444.000 # 1500
27445.000 # 1500
27445.438 + 88 1
27448.000 # 1500
27448.000 # 1500
27448.054 + 88 1
27448.170 - 88 2.732 1
27449.289 + 88 1
27450.000 # 1500
27451.139 - 88 3.085 1
27451.147 - 88 1.858 1
27452.000 # 1500
27454.000 # 1500
27456.000 # 1500
27458.000 # 1500
27459.000 # 1500
27460.281 + 88 1
27460.534 + 88 1
27463.000 # 1500
27463.000 # 1500
27463.749 + 88 1
27463.899 - 88 3.618 1
27463.909 - 88 3.375 1
27464.000 # 1500
27465.582 - 88 1.833 1
27465.831 + 88 1
27467.000 # 1500
27468.000 # 1500
27468.511 - 88 2.680 1
27469.555 + 88 1
27470.000 # 1500
27470.967 - 88 1.412 1
27471.189 + 88 1
27473.000 # 1500
27473.000 # 1500
27473.328 - 88 2.139 1
27475.000 # 1500
27475.433 + 88 1
27476.000 # 1500
27477.327 - 88 1.894 1
27477.477 + 88 1
27479.000 # 1500
27480.148 + 88 1
27480.306 - 88 2.829 1
27481.000 # 1500
27481.996 - 88 1.848 1
27482.000 # 1500
27483.256 + 88 1
27484.000 # 1500
27484.429 + 88 1
27484.677 - 88 1.421 1
27485.000 # 1500
27486.131 - 88 1.702 1
27486.301 + 88 1
27487.000 # 1500
27487.935 - 88 1.634 1
27488.000 # 1500
27490.000 # 1500
27490.203 + 88 1
27491.000 # 1500
27492.009 - 88 1.806 1
27493.000 # 1500
27493.120 + 88 1
27495.000 # 1500
27495.793 - 88 2.673 1
27496.000 # 1500
27496.751 + 88 1
27497.900 + 88 1
27499.000 # 1500
27500.000 # 1500
27500.725 - 88 3.974 1
27500.733 - 88 2.833 1
27500.810 + 88 1
27502.765 + 88 1
27503.000 # 1500
27504.000 # 1500
27504.560 - 88 3.750 1
27504.580 - 88 1.815 1
27504.844 + 88 1
27505.000 # 1500
27506.000 # 1500
27506.550 - 88 1.706 1
27506.924 + 88 1
27508.000 # 1500
27509.411 - 88 2.487 1
27511.453 + 88 1
27512.000 # 1500
27513.000 # 1500
27513.403 - 88 1.950 1
27514.000 # 1500
27515.000 # 1500
27520.000 # 1500
27522.000 # 1500
27522.000 # 1500
27526.000 # 1500
27526.592 + 88 1
27528.000 # 1500
27528.000 # 1500
27528.702 + 88 1
27528.854 - 88 2.262 1
27530.000 # 1500
27531.487 - 88 2.785 1
27533.000 # 1500
27533.586 + 88 1
27534.000 # 1500
27535.448 - 88 1.862 1
27536.000 # 1500
27537.000 # 1500
27537.730 + 88 1
27539.000 # 1500
27540.408 - 88 2.678 1
27540.658 + 88 1
27542.000 # 1500
27543.000 # 1500
27543.223 - 88 2.565 1
27545.000 # 1500
27545.314 + 88 1
27547.000 # 1500
27548.250 - 88 2.936 1
27548.650 + 88 1
27550.000 # 1500
27551.298 - 88 2.648 1
27553.000 # 1500
27553.000 # 1500
27554.000 # 1500
27556.000 # 1500
27558.000 # 1500
27559.000 # 1500
27560.000 # 1500
27562.000 # 1500
27564.000 # 1500
27564.877 + 88 1
27565.051 + 88 1
27566.000 # 1500
27566.693 - 88 1.816 1
27566.707 - 88 1.656 1
27567.000 # 1500
27568.000 # 1500
27568.039 + 88 1
27570.000 # 1500
27570.568 - 88 2.529 1
27571.000 # 1500
27573.000 # 1500
27576.000 # 1500
27577.000 # 1500
27577.797 + 88 1
27577.958 + 88 1
27579.606 + 88 1
27581.000 # 1500
27582.000 # 1500
27582.447 + 88 1
27582.612 - 88 4.815 1
27582.622 - 88 4.664 1
27582.625 - 88 3.019 1
27583.000 # 1500
27583.432 + 88 1
27583.604 - 88 1.157 1
27586.000 # 1500
27587.000 # 1500
27587.232 - 88 3.800 1
27591.000 # 1500
27591.000 # 1500
27593.000 # 1500
27594.000 # 1500
27594.049 + 88 1
27594.253 + 88 1
27597.000 # 1500
27597.000 # 1500
27597.978 - 88 3.929 1
27597.987 - 88 3.734 1
27599.000 # 1500
27601.000 # 1500
27602.000 # 1500
27603.964 + 88 1
27606.000 # 1500
27606.819 - 88 2.855 1
27607.000 # 1500
27607.170 + 88 1
27608.719 + 88 1
27608.897 + 88 1
27609.000 # 1500
27610.000 # 1500
27610.691 - 88 3.521 1
27610.702 - 88 1.983 1
27610.705 - 88 1.808 1
27613.000 # 1500
27613.000 # 1500
27615.000 # 1500
27616.000 # 1500
27617.000 # 1500
27618.789 + 88 1
27618.975 + 88 1
27620.000 # 1500
27622.000 # 1500
27622.374 - 88 3.585 1
27622.397 - 88 3.422 1
27622.651 + 88 1
27624.000 # 1500
27624.000 # 1500
27625.203 - 88 2.552 1
27634.086 + 88 1
27634.290 + 88 1
27635.000 # 1500
27635.000 # 1500
27635.000 # 1500
27635.000 # 1500
27635.000 # 1500
27635.000 # 1500
27636.137 - 88 2.051 1
27636.150 - 88 1.860 1
27636.327 + 88 1
27637.000 # 1500
27638.227 - 88 1.900 1
27639.351 + 88 1
27640.000 # 1500
27640.928 - 88 1.577 1
27641.000 # 1500
27643.084 + 88 1
27644.000 # 1500
27644.936 - 88 1.852 1
27645.106 + 88 1
27646.000 # 1500
27646.774 - 88 1.668 1
27647.000 # 1500
27648.708 + 88 1
27649.000 # 1500
27650.703 - 88 1.995 1
27652.000 # 1500
27652.644 + 88 1
27653.000 # 1500
27654.000 # 1500
27654.598 - 88 1.954 1
27654.952 + 88 1
27656.000 # 1500
27656.813 + 88 1
27656.946 - 88 1.994 1
27658.000 # 1500
27659.512 - 88 2.699 1
27660.000 # 1500
27660.014 + 88 1
27661.000 # 1500
27661.658 - 88 1.644 1
27663.000 # 1500
27663.394 + 88 1
27664.000 # 1500
27665.418 - 88 2.024 1
27665.451 + 88 1
27667.000 # 1500
27667.520 + 88 1
27667.665 - 88 2.214 1
27671.000 # 1500
27671.000 # 1500
27671.000 # 1500
27671.443 + 88 1
27671.597 - 88 4.077 1
27672.000 # 1500
27673.000 # 1500
27673.142 - 88 1.699 1
27675.000 # 1500
27675.422 + 88 1
27676.000 # 1500
27677.000 # 1500
27677.033 - 88 1.611 1
27677.274 + 88 1
27678.000 # 1500
27679.000 # 1500
27679.084 - 88 1.810 1
27679.245 + 88 1
27682.000 # 1500
27682.900 + 88 1
27683.010 - 88 3.765 1
27684.000 # 1500
27684.000 # 1500
27685.201 - 88 2.301 1
27685.215 + 88 1
27686.000 # 1500
27686.899 - 88 1.684 1
27686.939 + 88 1
27691.000 # 1500
27691.000 # 1500
27691.000 # 1500
27693.689 - 88 6.750 1
27697.838 + 88 1
27697.854 + 88 1
27697.864 + 88 1
27699.512 + 88 1
27699.779 + 88 1
27701.000 # 1500
27701.000 # 1500
27701.829 - 88 3.991 1
27701.842 - 88 3.988 1
27701.845 - 88 3.981 1
27701.848 - 88 2.336 1
27701.851 - 88 2.072 1
27701.889 + 88 1
27702.000 # 1500
27702.000 # 1500
27702.000 # 1500
27702.000 # 1500
27702.000 # 1500
27702.000 # 1500
27703.000 # 1500
27703.633 - 88 1.744 1
27703.699 + 88 1
27705.000 # 1500
27706.257 - 88 2.558 1
27707.000 # 1500
27707.000 # 1500
27707.570 + 88 1
27708.000 # 1500
27709.321 + 88 1
27709.345 - 88 1.775 1
27711.195 + 88 1
27713.424 + 88 1
27715.391 + 88 1
27718.000 # 1500
27719.000 # 1500
27719.000 # 1500
27719.000 # 1500
27719.000 # 1500
27719.000 # 1500
27719.000 # 1500
27719.000 # 1500
27719.000 # 1500
27719.073 - 88 9.752 1
27719.082 - 88 7.887 1
27719.087 - 88 5.663 1
27719.092 - 88 3.701 1
27719.524 + 88 1
27723.191 + 88 1
27724.511 + 88 1
27725.952 + 88 1
27728.025 + 88 1
27729.000 # 1500
27729.000 # 1500
27729.000 # 1500
27729.822 - 88 10.298 1
27729.852 - 88 6.661 1
27729.867 - 88 5.356 1
27729.881 - 88 3.929 1
27729.895 - 88 1.870 1
27729.896 + 88 1
27730.000 # 1500
27730.000 # 1500
27730.000 # 1500
27730.000 # 1500
27730.453 - 88 0.557 1
27732.000 # 1500
27732.000 # 1500
27733.343 + 88 1
27735.000 # 1500
27735.583 + 88 1
27735.949 - 88 2.606 1
27737.000 # 1500
27737.000 # 1500
27737.424 + 88 1
27737.570 - 88 1.987 1
27739.000 # 1500
27739.465 + 88 1
27739.723 - 88 2.299 1
27741.000 # 1500
27741.449 + 88 1
27741.555 - 88 2.090 1
27742.000 # 1500
27743.000 # 1500
27743.316 - 88 1.867 1
27743.417 + 88 1
27745.473 + 88 1
27746.000 # 1500
27747.000 # 1500
27747.278 - 88 3.861 1
27747.357 - 88 1.884 1
27747.503 + 88 1
27748.000 # 1500
27749.183 - 88 1.680 1
27751.339 + 88 1
27751.378 + 88 1
27753.132 + 88 1
27757.130 + 88 1
27758.000 # 1500
27759.021 - 88 7.682 1
27759.029 - 88 7.651 1
27759.034 - 88 5.902 1
27759.038 - 88 1.908 1
27761.000 # 1500
27761.191 + 88 1
27762.000 # 1500
27763.000 # 1500
27763.442 - 88 2.251 1
27764.000 # 1500
27770.884 + 88 1
27772.938 + 88 1
27774.000 # 1500
27774.000 # 1500
27774.000 # 1500
27774.788 + 88 1
27774.925 - 88 4.041 1
27774.936 - 88 1.998 1
27775.000 # 1500
27776.303 - 88 1.515 1
27777.000 # 1500
27777.000 # 1500
27779.000 # 1500
27780.000 # 1500
27780.000 # 1500
27783.000 # 1500
27783.535 + 88 1
27784.000 # 1500
27785.000 # 1500
27785.521 - 88 1.986 1
27786.000 # 1500
27787.000 # 1500
27788.000 # 1500
27788.683 + 88 1
27788.725 + 88 1
27788.737 + 88 1
27788.747 + 88 1
27788.757 + 88 1
27791.401 + 88 1
27793.000 # 1500
27793.236 + 88 1
27793.510 - 88 4.827 1
27793.525 - 88 4.800 1
27793.528 - 88 4.791 1
27793.530 - 88 4.783 1
27793.532 - 88 4.775 1
27793.535 - 88 2.134 1
27794.000 # 1500
27795.184 - 88 1.948 1
27795.388 + 88 1
27796.000 # 1500
27797.000 # 1500
27797.284 - 88 1.896 1
27797.553 + 88 1
27797.594 + 88 1
27800.000 # 1500
27801.140 - 88 3.587 1
27801.155 - 88 3.561 1
27801.190 + 88 1
27803.000 # 1500
27803.107 + 88 1
27803.209 - 88 2.019 1
27803.226 + 88 1
27804.000 # 1500
27804.000 # 1500
27805.000 # 1500
27805.118 - 88 2.011 1
27805.130 - 88 1.904 1
27805.292 + 88 1
27807.000 # 1500
27808.823 - 88 3.531 1
27809.000 # 1500
27809.000 # 1500
27811.000 # 1500
27813.000 # 1500
27815.000 # 1500
27815.106 + 88 1
27815.149 + 88 1
27815.160 + 88 1
27816.758 + 88 1
27816.800 + 88 1
27818.000 # 1500
27818.000 # 1500
27819.000 # 1500
27820.008 - 88 4.902 1
27820.031 - 88 4.882 1
27820.039 - 88 4.879 1
27820.046 - 88 3.288 1
27820.052 - 88 3.252 1
27825.000 # 1500
27826.000 # 1500
27826.000 # 1500
27826.485 + 88 1
27827.000 # 1500
27828.000 # 1500
27828.509 - 88 2.024 1
27828.830 + 88 1
27828.873 + 88 1
27830.439 + 88 1
27830.479 + 88 1
27832.000 # 1500
27832.451 + 88 1
27832.668 - 88 3.838 1
27832.691 - 88 3.818 1
27832.699 - 88 2.260 1
27832.706 - 88 2.227 1
27833.000 # 1500
27834.000 # 1500
27834.353 + 88 1
27834.444 - 88 1.993 1
27836.000 # 1500
27836.407 + 88 1
27836.422 + 88 1
27836.563 - 88 2.210 1
27837.000 # 1500
27838.109 - 88 1.702 1
27838.132 - 88 1.710 1
27839.000 # 1500
27839.105 + 88 1
27840.000 # 1500
27841.149 - 88 2.044 1
27841.318 + 88 1
27843.000 # 1500
27843.184 + 88 1
27843.271 - 88 1.953 1
27844.000 # 1500
27845.000 # 1500
27845.018 - 88 1.834 1
27845.167 + 88 1
27846.900 + 88 1
27847.000 # 1500
27848.000 # 1500
27848.920 - 88 3.753 1
27848.932 - 88 2.032 1
27849.403 + 88 1
27851.000 # 1500
27851.947 - 88 2.544 1
27852.000 # 1500
27852.901 + 88 1
27852.917 + 88 1
27853.000 # 1500
27854.717 - 88 1.816 1
27854.741 - 88 1.824 1
27855.785 + 88 1
27856.000 # 1500
27856.938 + 88 1
27857.000 # 1500
27857.085 - 88 1.300 1
27858.000 # 1500
27858.762 - 88 1.824 1
27860.000 # 1500
27860.581 + 88 1
27860.622 + 88 1
27862.673 + 88 1
27863.000 # 1500
27864.000 # 1500
27864.594 + 88 1
27864.776 - 88 4.195 1
27864.794 - 88 4.172 1
27864.802 - 88 2.129 1
27866.000 # 1500
27866.474 + 88 1
27866.628 - 88 2.034 1
27867.000 # 1500
27868.350 - 88 1.876 1
27873.000 # 1500
27873.000 # 1500
27873.000 # 1500
27874.000 # 1500
27876.000 # 1500
27878.000 # 1500
27879.000 # 1500
27881.000 # 1500
27882.000 # 1500
27884.000 # 1500
27887.000 # 1500
27894.000 # 1500
27894.000 # 1500
27894.000 # 1500
27894.000 # 1500
27894.000 # 1500
27894.046 + 88 1
27894.063 + 88 1
27894.073 + 88 1
27895.510 + 88 1
27895.524 + 88 1
27895.534 + 88 1
27895.544 + 88 1
27895.554 + 88 1
27895.564 + 88 1
27895.573 + 88 1
27895.583 + 88 1
27895.593 + 88 1
27895.603 + 88 1
27896.000 # 1500
27897.000 # 1500
27897.031 - 88 2.985 1
27897.042 - 88 2.979 1
27897.045 - 88 2.972 1
27897.048 - 88 1.538 1
27897.050 - 88 1.526 1
27897.053 - 88 1.519 1
27897.055 - 88 1.511 1
27897.057 - 88 1.503 1
27897.059 - 88 1.495 1
27897.061 - 88 1.488 1
27897.063 - 88 1.480 1
27897.065 - 88 1.472 1
27897.067 - 88 1.464 1
27897.983 + 88 1
27897.998 + 88 1
27898.000 # 1500
27900.887 + 88 1
27900.901 + 88 1
27902.000 # 1500
27903.000 # 1500
27903.039 + 88 1
27903.201 - 88 5.218 1
27903.212 - 88 5.214 1
27903.215 - 88 2.328 1
27903.218 - 88 2.317 1
27904.000 # 1500
27904.911 + 88 1
27905.047 - 88 2.008 1
27906.000 # 1500
27907.000 # 1500
27909.000 # 1500
27910.000 # 1500
27913.000 # 1500
27913.000 # 1500
27914.000 # 1500
27914.007 + 88 1
27914.022 + 88 1
27914.031 + 88 1
27914.041 + 88 1
27914.051 + 88 1
27914.197 - 88 9.286 1
27915.000 # 1500
27920.000 # 1500
27921.000 # 1500
27922.000 # 1500
27923.000 # 1500
27924.068 + 88 1
27924.082 + 88 1
27924.092 + 88 1
27924.102 + 88 1
27924.112 + 88 1
27924.122 + 88 1
27924.276 - 88 10.269 1
27924.287 - 88 10.265 1
27924.290 - 88 10.259 1
27924.292 - 88 10.251 1
27924.294 - 88 10.243 1
27926.000 # 1500
27927.000 # 1500
27928.000 # 1500
27930.000 # 1500
27932.000 # 1500
27934.000 # 1500
27934.386 + 88 1
27934.402 + 88 1
27934.413 + 88 1
27934.568 - 88 10.500 1
27934.578 - 88 10.496 1
27934.581 - 88 10.489 1
27934.584 - 88 10.482 1
27934.586 - 88 10.474 1
27934.588 - 88 10.466 1
27938.329 + 88 1
27938.343 + 88 1
27938.353 + 88 1
27938.363 + 88 1
27938.373 + 88 1
27941.245 + 88 1
27943.213 + 88 1
27944.000 # 1500
27944.000 # 1500
27944.000 # 1500
27944.000 # 1500
27944.976 - 88 10.590 1
27944.986 - 88 10.584 1
27944.989 - 88 10.576 1
27944.992 - 88 6.663 1
27944.994 - 88 6.651 1
27944.996 - 88 6.643 1
27945.000 # 1500
27945.002 - 88 6.639 1
27945.004 - 88 6.631 1
27945.006 - 88 3.761 1
27945.009 - 88 1.796 1
27945.081 + 88 1
27946.000 # 1500
27948.000 # 1500
27949.000 # 1500
27950.002 - 88 4.921 1
27950.549 + 88 1
27950.613 + 88 1
27950.656 + 88 1
27952.029 + 88 1
27953.899 + 88 1
27955.946 + 88 1
27958.862 + 88 1
27958.901 + 88 1
27959.000 # 1500
27959.000 # 1500
27959.000 # 1500
27959.000 # 1500
27959.000 # 1500
27959.000 # 1500
27959.182 - 88 8.633 1
27959.203 - 88 8.590 1
27959.211 - 88 8.555 1
27959.218 - 88 7.189 1
27959.224 - 88 5.325 1
27959.230 - 88 3.284 1
27959.236 - 88 0.374 1
27960.000 # 1500
27960.687 + 88 1
27960.791 - 88 1.890 1
27961.000 # 1500
27962.670 - 88 1.983 1
27963.000 # 1500
27964.000 # 1500
27965.000 # 1500
27966.000 # 1500
27969.000 # 1500
27969.000 # 1500
27970.000 # 1500
27973.000 # 1500
27974.000 # 1500
27974.586 + 88 1
27974.704 + 88 1
27974.742 + 88 1
27974.774 + 88 1
27974.805 + 88 1
27974.835 + 88 1
27974.866 + 88 1
27975.000 # 1500
27976.000 # 1500
27977.481 + 88 1
27977.535 - 88 2.949 1
27977.556 - 88 2.852 1
27977.564 - 88 2.822 1
27977.572 - 88 2.798 1
27977.579 - 88 2.774 1
27977.585 - 88 2.750 1
27977.591 - 88 2.725 1
27978.000 # 1500
27979.358 - 88 1.877 1
27979.478 + 88 1
27981.000 # 1500
27981.000 # 1500
27982.000 # 1500
27982.213 - 88 2.735 1
27982.480 + 88 1
27982.587 + 88 1
27984.000 # 1500
27984.277 + 88 1
27984.534 - 88 2.054 1
27984.560 - 88 1.973 1
27985.000 # 1500
27985.943 - 88 1.666 1
27986.000 # 1500
27986.286 + 88 1
27988.000 # 1500
27988.152 + 88 1
27988.416 - 88 2.130 1
27990.000 # 1500
27991.000 # 1500
27991.879 - 88 3.727 1
27992.000 # 1500
27992.196 + 88 1
27992.232 + 88 1
27993.000 # 1500
27993.772 - 88 1.576 1
27993.797 - 88 1.565 1
27995.000 # 1500
27996.000 # 1500
27996.017 + 88 1
27997.927 + 88 1
27998.000 # 1500
27998.158 - 88 2.141 1
27999.000 # 1500
27999.686 - 88 1.759 1
28000.000 # 1500
28001.000 # 1500
28003.000 # 1500
28004.000 # 1500
28005.000 # 1500
28007.000 # 1500
28008.000 # 1500
28008.056 + 88 1
28009.000 # 1500
28009.934 - 88 1.878 1
28009.939 + 88 1
28010.000 # 1500
28011.000 # 1500
28011.687 - 88 1.748 1
28012.053 + 88 1
28012.161 + 88 1
28013.000 # 1500
28013.572 - 88 1.519 1
28013.597 - 88 1.436 1
28014.000 # 1500
28015.000 # 1500
28016.000 # 1500
28017.000 # 1500
28027.000 # 1500
28027.000 # 1500
28028.000 # 1500
28028.000 # 1500
28028.000 # 1500
28032.000 # 1500
28036.000 # 1500
28036.000 # 1500
28036.000 # 1500
28036.104 + 88 1
28036.144 + 88 1
28036.176 + 88 1
28036.208 + 88 1
28036.238 + 88 1
28038.000 # 1500
28038.710 - 88 2.606 1
28038.741 - 88 2.597 1
28038.757 - 88 2.581 1
28038.771 - 88 2.563 1
28038.784 - 88 2.546 1
28039.098 + 88 1
28041.879 + 88 1
28042.000 # 1500
28042.135 - 88 3.037 1
28043.858 + 88 1
28047.000 # 1500
28047.000 # 1500
28047.000 # 1500
28047.293 + 88 1
28047.419 - 88 5.540 1
28047.445 - 88 3.587 1
28049.000 # 1500
28049.000 # 1500
28049.000 # 1500
28049.000 # 1500
28049.000 # 1500
28049.305 + 88 1
28049.572 - 88 2.279 1
28050.000 # 1500
28050.985 - 88 1.680 1
28051.000 # 1500
28052.000 # 1500
28052.246 + 88 1
28053.000 # 1500
28053.957 - 88 1.711 1
28054.263 + 88 1
28055.000 # 1500
28055.869 - 88 1.606 1
28056.000 # 1500
28057.000 # 1500
28057.215 + 88 1
28058.000 # 1500
28058.831 - 88 1.616 1
28060.000 # 1500
28060.000 # 1500
28060.943 + 88 1
28062.959 + 88 1
28063.000 # 1500
28063.000 # 1500
28063.218 - 88 2.275 1
28065.000 # 1500
28065.644 - 88 2.685 1
28066.000 # 1500
28066.805 + 88 1
28066.919 + 88 1
28067.000 # 1500
28067.081 - 88 0.276 1
28068.000 # 1500
28068.226 - 88 1.307 1
28069.000 # 1500
28069.951 + 88 1
28070.000 # 1500
28071.000 # 1500
28071.527 - 88 1.576 1
28073.654 + 88 1
28074.000 # 1500
28075.000 # 1500
28075.000 # 1500
28075.402 - 88 1.748 1
28076.000 # 1500
28076.634 + 88 1
28077.000 # 1500
28078.000 # 1500
28078.324 - 88 1.690 1
28079.000 # 1500
28080.547 + 88 1
28081.000 # 1500
28081.000 # 1500
28082.000 # 1500
28082.605 - 88 2.058 1
28083.000 # 1500
28086.000 # 1500
28086.394 + 88 1
28087.000 # 1500
28087.000 # 1500
28088.000 # 1500
28088.154 - 88 1.760 1
28088.433 + 88 1
28089.000 # 1500
28090.065 - 88 1.632 1
28094.189 + 88 1
28096.167 + 88 1
28099.000 # 1500
28100.000 # 1500
28100.079 + 88 1
28100.170 - 88 5.981 1
28100.196 - 88 4.029 1
28101.000 # 1500
28101.790 - 88 1.711 1
28102.000 # 1500
28102.000 # 1500
28104.899 + 88 1
28107.916 + 88 1
28116.000 # 1500
28116.000 # 1500
28117.537 - 88 12.638 1
28117.558 - 88 9.642 1
28119.000 # 1500
28119.000 # 1500
28119.620 + 88 1
28119.660 + 88 1
28120.000 # 1500
28121.000 # 1500
28121.000 # 1500
28121.000 # 1500
28121.333 - 88 1.713 1
28121.359 - 88 1.699 1
28123.000 # 1500
28124.000 # 1500
28124.446 + 88 1
28124.484 + 88 1
28124.516 + 88 1
28126.000 # 1500
28128.307 - 88 3.861 1
28128.336 - 88 3.852 1
28128.351 - 88 3.835 1
28128.738 + 88 1
28129.000 # 1500
28130.000 # 1500
28130.366 + 88 1
28130.542 - 88 1.804 1
28131.000 # 1500
28132.000 # 1500
28132.107 - 88 1.741 1
28133.000 # 1500
28133.028 + 88 1
28134.279 + 88 1
28137.228 + 88 1
28143.410 + 88 1
28143.448 + 88 1
28145.272 + 88 1
28146.000 # 1500
28146.981 - 88 13.953 1
28147.000 # 1500
28147.000 # 1500
28147.010 - 88 12.731 1
28147.026 - 88 9.798 1
28147.039 - 88 3.629 1
28147.053 - 88 3.605 1
28147.065 - 88 1.793 1
28148.000 # 1500
28148.218 + 88 1
28150.000 # 1500
28150.000 # 1500
28150.000 # 1500
28150.141 + 88 1
28150.353 - 88 2.135 1
28151.000 # 1500
28152.139 + 88 1
28152.300 - 88 2.159 1
28154.119 + 88 1
28156.032 + 88 1
28159.145 + 88 1
28160.909 + 88 1
28162.000 # 1500
28162.000 # 1500
28162.000 # 1500
28162.000 # 1500
28162.000 # 1500
28162.000 # 1500
28163.341 + 88 1
28163.397 - 88 11.258 1
28163.441 - 88 9.322 1
28163.464 - 88 7.432 1
28163.480 - 88 4.335 1
28163.494 - 88 2.585 1
28166.741 + 88 1
28168.000 # 1500
28168.000 # 1500
28173.000 # 1500
28173.000 # 1500
28173.000 # 1500
28173.000 # 1500
28173.000 # 1500
28173.000 # 1500
28173.000 # 1500
28178.769 - 88 15.428 1
28178.798 - 88 12.057 1
28179.067 + 88 1
28179.111 + 88 1
28179.143 + 88 1
28189.735 + 88 1
28189.780 + 88 1
28189.812 + 88 1
28191.637 + 88 1
28194.000 # 1500
28194.000 # 1500
28194.000 # 1500
28194.000 # 1500
28194.000 # 1500
28194.000 # 1500
28194.000 # 1500
28194.000 # 1500
28195.000 # 1500
28195.000 # 1500
28195.000 # 1500
28195.000 # 1500
28195.000 # 1500
28195.000 # 1500
28195.000 # 1500
28195.337 - 88 16.270 1
28195.364 - 88 16.253 1
28195.378 - 88 16.235 1
28195.392 - 88 5.657 1
28195.405 - 88 5.625 1
28195.418 - 88 5.606 1
28195.431 - 88 3.794 1
28196.000 # 1500
28197.000 # 1500
28199.000 # 1500
28199.000 # 1500
28201.000 # 1500
28202.568 + 88 1
28202.604 + 88 1
28202.636 + 88 1
28204.274 + 88 1
28206.000 # 1500
28206.000 # 1500
28206.000 # 1500
28206.000 # 1500
28206.215 + 88 1
28206.451 - 88 3.883 1
28206.479 - 88 3.875 1
28206.494 - 88 3.858 1
28206.508 - 88 2.234 1
28207.000 # 1500
28207.000 # 1500
28208.000 # 1500
28208.256 + 88 1
28208.431 - 88 2.216 1
28210.148 + 88 1
28212.152 + 88 1
28214.081 + 88 1
28216.086 + 88 1
28218.000 # 1500
28218.000 # 1500
28218.000 # 1500
28218.000 # 1500
28218.000 # 1500
28218.000 # 1500
28218.943 - 88 10.687 1
28219.000 # 1500
28219.213 + 88 1
28219.241 - 88 9.093 1
28219.366 - 88 7.214 1
28219.383 - 88 5.302 1
28219.397 - 88 3.311 1
28220.000 # 1500
28221.072 - 88 1.859 1
28222.000 # 1500
28222.000 # 1500
28223.000 # 1500
28224.000 # 1500
28225.000 # 1500
28225.486 + 88 1
28225.523 + 88 1
28225.554 + 88 1
28226.000 # 1500
28227.000 # 1500
28227.089 - 88 1.603 1
28227.111 - 88 1.588 1
28227.126 - 88 1.572 1
28227.427 + 88 1
28228.000 # 1500
28229.087 - 88 1.660 1
28230.000 # 1500
28230.630 + 88 1
28231.000 # 1500
28231.566 + 88 1
28231.725 - 88 1.095 1
28233.199 + 88 1
28236.389 + 88 1
28238.269 + 88 1
28240.335 + 88 1
28241.000 # 1500
28241.060 - 88 9.494 1
28241.085 - 88 7.886 1
28241.099 - 88 4.710 1
28241.113 - 88 2.844 1
28241.128 - 88 0.793 1
28243.674 + 88 1
28247.052 + 88 1
28247.126 + 88 1
28249.061 + 88 1
28251.107 + 88 1
28254.946 + 88 1
28256.862 + 88 1
28260.711 + 88 1
28261.000 # 1500
28261.000 # 1500
28261.000 # 1500
28261.000 # 1500
28261.000 # 1500
28262.000 # 1500
28262.000 # 1500
28262.000 # 1500
28262.000 # 1500
28262.000 # 1500
28262.000 # 1500
28262.000 # 1500
28262.000 # 1500
28262.000 # 1500
28262.000 # 1500
28262.889 - 88 19.215 1
28262.911 - 88 15.859 1
28262.919 - 88 15.793 1
28262.926 - 88 13.865 1
28262.932 - 88 11.825 1
28262.939 - 88 7.993 1
28262.946 - 88 6.084 1
28262.952 - 88 2.241 1
28268.000 # 1500
28268.000 # 1500
28270.000 # 1500
28270.714 + 88 1
28270.937 + 88 1
28271.000 # 1500
28272.000 # 1500
28272.606 - 88 1.892 1
28272.626 - 88 1.689 1
28276.000 # 1500
28279.605 + 88 1
28281.329 + 88 1
28281.428 + 88 1
28281.512 + 88 1
28285.116 + 88 1
28287.000 # 1500
28287.000 # 1500
28287.000 # 1500
28287.104 + 88 1
28287.498 - 88 7.893 1
28287.528 - 88 6.199 1
28287.536 - 88 6.108 1
28287.543 - 88 6.031 1
28287.549 - 88 2.433 1
28289.063 + 88 1
28290.000 # 1500
28290.000 # 1500
28290.000 # 1500
28291.240 - 88 4.136 1
28291.261 - 88 2.198 1
28293.211 + 88 1
28295.583 + 88 1
28297.202 + 88 1
28298.000 # 1500
28299.055 - 88 5.844 1
28299.065 + 88 1
28299.074 - 88 3.491 1
28299.082 - 88 1.880 1
28302.143 + 88 1
28303.000 # 1500
28303.000 # 1500
28303.821 - 88 4.756 1
28303.841 - 88 1.698 1
28304.000 # 1500
28304.000 # 1500
28304.000 # 1500
28304.119 + 88 1
28306.287 + 88 1
28308.000 # 1500
28308.734 - 88 4.615 1
28308.755 - 88 2.468 1
28309.000 # 1500
28309.620 + 88 1
28311.000 # 1500
28311.535 + 88 1
28312.049 + 88 1
28312.190 - 88 2.570 1
28314.000 # 1500
28314.395 - 88 2.860 1
28314.414 - 88 2.365 1
28315.599 + 88 1
28316.000 # 1500
28317.000 # 1500
28317.538 - 88 1.939 1
28317.670 + 88 1
28319.000 # 1500
28319.520 + 88 1
28320.293 - 88 2.623 1
28324.000 # 1500
28324.805 - 88 5.285 1
28325.000 # 1500
28326.414 + 88 1
28326.458 + 88 1
28326.498 + 88 1
28327.000 # 1500
28328.277 - 88 1.863 1
28328.298 - 88 1.840 1
28328.306 - 88 1.808 1
28328.313 + 88 1
28332.000 # 1500
28332.000 # 1500
28333.115 - 88 4.802 1
28334.000 # 1500
28336.000 # 1500
28338.966 + 88 1
28339.111 + 88 1
28339.386 + 88 1
28339.520 + 88 1
28339.574 + 88 1
28340.000 # 1500
28340.996 - 88 2.030 1
28341.027 - 88 1.916 1
28341.035 - 88 1.649 1
28341.042 - 88 1.522 1
28341.048 - 88 1.474 1
28341.313 + 88 1
28342.000 # 1500
28342.000 # 1500
28343.339 - 88 2.026 1
28343.430 + 88 1
28344.000 # 1500
28345.323 - 88 1.893 1
28346.884 + 88 1
28348.743 + 88 1
28350.686 + 88 1
28351.000 # 1500
28351.000 # 1500
28351.123 + 88 1
28351.352 - 88 4.468 1
28351.373 - 88 2.630 1
28351.381 - 88 0.695 1
28352.000 # 1500
28352.000 # 1500
28353.240 + 88 1
28353.263 - 88 2.140 1
28354.000 # 1500
28355.562 - 88 2.322 1
28355.886 + 88 1
28356.000 # 1500
28356.899 + 88 1
28358.000 # 1500
28358.579 - 88 2.693 1
28358.609 - 88 1.710 1
28360.000 # 1500
28360.347 + 88 1
28360.483 + 88 1
28361.000 # 1500
28362.440 - 88 2.093 1
28362.460 - 88 1.977 1
28364.000 # 1500
28365.000 # 1500
28367.000 # 1500
28369.000 # 1500
28369.529 + 88 1
28370.000 # 1500
28371.205 - 88 1.676 1
28371.284 + 88 1
28371.422 + 88 1
28371.472 + 88 1
28371.521 + 88 1
28372.000 # 1500
28373.032 + 88 1
28373.159 - 88 1.875 1
28373.172 - 88 1.750 1
28373.179 - 88 1.707 1
28373.186 - 88 1.665 1
28374.000 # 1500
28375.000 # 1500
28375.209 - 88 2.177 1
28375.327 + 88 1
28376.000 # 1500
28377.033 + 88 1
28377.369 - 88 2.042 1
28378.908 + 88 1
28379.000 # 1500
28379.000 # 1500
28379.247 - 88 2.214 1
28380.000 # 1500
28380.875 + 88 1
28381.143 - 88 2.235 1
28382.000 # 1500
28383.000 # 1500
28383.950 - 88 3.075 1
28384.311 + 88 1
28384.408 + 88 1
28386.000 # 1500
28386.000 # 1500
28386.905 - 88 2.594 1
28386.927 - 88 2.519 1
28388.000 # 1500
28389.000 # 1500
28389.756 + 88 1
28390.215 + 88 1
28392.063 + 88 1
28402.000 # 1500
28402.983 - 88 13.227 1
28403.000 # 1500
28403.000 # 1500
28403.000 # 1500
28403.000 # 1500
28403.000 # 1500
28403.005 - 88 12.790 1
28403.013 - 88 10.950 1
28404.000 # 1500
28404.376 + 88 1
28404.411 + 88 1
28404.441 + 88 1
28404.472 + 88 1
28406.000 # 1500
28407.000 # 1500
28407.111 - 88 2.735 1
28407.132 - 88 2.721 1
28407.140 - 88 2.699 1
28407.147 - 88 2.675 1
28409.000 # 1500
28412.000 # 1500
28413.000 # 1500
28414.445 + 88 1
28414.485 + 88 1
28414.517 + 88 1
28414.548 + 88 1
28419.289 + 88 1
28419.334 + 88 1
28419.365 + 88 1
28423.000 # 1500
28424.124 - 88 9.679 1
28424.665 - 88 10.180 1
28424.733 + 88 1
28424.770 + 88 1
28424.798 - 88 10.281 1
28424.822 - 88 10.274 1
28424.830 - 88 5.541 1
28424.838 - 88 5.504 1
28424.845 - 88 5.480 1
28425.000 # 1500
28425.000 # 1500
28425.000 # 1500
28425.000 # 1500
28426.000 # 1500
28427.000 # 1500
28427.016 - 88 2.283 1
28427.059 - 88 2.289 1
28427.086 + 88 1
28428.000 # 1500
28429.179 - 88 2.093 1
28430.000 # 1500
28433.000 # 1500
28435.000 # 1500
28436.000 # 1500
28437.000 # 1500
28438.080 + 88 1
28438.120 + 88 1
28438.151 + 88 1
28439.616 + 88 1
28439.656 + 88 1
28439.689 + 88 1
28441.000 # 1500
28441.715 - 88 3.635 1
28441.728 - 88 3.608 1
28441.735 - 88 3.584 1
28441.743 - 88 2.127 1
28441.749 - 88 2.093 1
28441.756 - 88 2.067 1
28442.000 # 1500
28443.000 # 1500
28445.000 # 1500
28446.000 # 1500
28449.000 # 1500
28451.000 # 1500
28451.498 + 88 1
28451.656 + 88 1
28451.760 + 88 1
28451.795 + 88 1
28451.827 + 88 1
28451.859 + 88 1
28456.000 # 1500
28458.019 - 88 6.521 1
28458.158 - 88 6.502 1
28458.176 - 88 6.416 1
28458.190 - 88 6.395 1
28458.203 - 88 6.376 1
28458.216 - 88 6.357 1
28460.311 + 88 1
28460.424 + 88 1
28460.460 + 88 1
28460.492 + 88 1
28461.000 # 1500
28461.000 # 1500
28461.000 # 1500
28461.000 # 1500
28461.949 + 88 1
28462.000 # 1500
28462.218 - 88 1.907 1
28462.241 - 88 1.817 1
28462.254 - 88 1.794 1
28462.414 - 88 1.922 1
28463.000 # 1500
28464.130 - 88 2.181 1
28464.291 + 88 1
28465.000 # 1500
28465.835 - 88 1.544 1
28465.985 + 88 1
28467.000 # 1500
28467.826 - 88 1.841 1
28468.000 # 1500
28468.184 + 88 1
28469.779 + 88 1
28470.000 # 1500
28470.059 - 88 1.875 1
28470.097 - 88 0.318 1
28472.763 + 88 1
28473.000 # 1500
28473.246 + 88 1
28473.578 - 88 0.815 1
28475.000 # 1500
28475.000 # 1500
28475.756 - 88 2.510 1
28476.000 # 1500
28476.556 + 88 1
28479.000 # 1500
28479.269 + 88 1
28479.535 - 88 2.979 1
28481.000 # 1500
28482.561 - 88 3.292 1
28489.327 + 88 1
28489.421 + 88 1
28489.496 + 88 1
28491.621 + 88 1
28492.000 # 1500
28492.000 # 1500
28492.000 # 1500
28493.255 - 88 3.928 1
28493.275 - 88 3.854 1
28493.282 - 88 3.786 1
28493.284 + 88 1
28493.288 - 88 1.667 1
28497.000 # 1500
28497.000 # 1500
28497.025 + 88 1
28497.348 - 88 4.064 1
28499.687 + 88 1
28502.000 # 1500
28502.000 # 1500
28503.071 - 88 6.046 1
28503.091 - 88 3.404 1
28504.000 # 1500
28505.000 # 1500
28505.955 + 88 1
28506.000 # 1500
28506.109 + 88 1
28508.000 # 1500
28508.103 + 88 1
28508.319 - 88 2.364 1
28508.339 - 88 2.230 1
28511.000 # 1500
28511.942 - 88 3.839 1
28514.000 # 1500
28516.000 # 1500
28518.000 # 1500
28521.000 # 1500
28524.000 # 1500
28527.000 # 1500
28528.000 # 1500
28528.341 + 88 1
28528.434 + 88 1
28528.509 + 88 1
28529.093 + 88 1
28531.000 # 1500
28531.521 - 88 3.180 1
28531.543 - 88 3.109 1
28531.551 - 88 3.042 1
28531.558 - 88 2.465 1
28533.176 + 88 1
28534.000 # 1500
28535.329 - 88 2.153 1
28537.000 # 1500
28537.198 + 88 1
28540.000 # 1500
28541.395 - 88 4.197 1
28542.000 # 1500
28545.000 # 1500
28547.000 # 1500
28548.274 + 88 1
28548.414 + 88 1
28548.655 + 88 1
28550.122 + 88 1
28551.000 # 1500
28551.923 - 88 3.649 1
28551.944 - 88 3.530 1
28551.952 - 88 3.297 1
28551.959 - 88 1.837 1
28552.000 # 1500
28552.050 + 88 1
28552.209 + 88 1
28554.000 # 1500
28554.868 - 88 2.818 1
28554.890 - 88 2.681 1
28557.000 # 1500
28557.675 + 88 1
28558.000 # 1500
28558.158 - 88 0.483 1
28558.399 + 88 1
28560.000 # 1500
28560.434 + 88 1
28560.961 - 88 2.562 1
28563.000 # 1500
28564.000 # 1500
28564.665 - 88 4.231 1
28564.815 + 88 1
28566.481 + 88 1
28567.000 # 1500
28568.361 + 88 1
28568.648 - 88 3.833 1
28568.668 - 88 2.187 1
28569.000 # 1500
28570.469 - 88 2.108 1
28571.000 # 1500
28574.000 # 1500
28577.000 # 1500
28577.207 + 88 1
28577.343 + 88 1
28577.395 + 88 1
28577.444 + 88 1
28578.000 # 1500
28579.245 + 88 1
28579.491 - 88 2.284 1
28579.512 - 88 2.169 1
28579.520 - 88 2.125 1
28579.527 - 88 2.083 1
28581.000 # 1500
28581.731 - 88 2.486 1
28583.000 # 1500
28583.016 + 88 1
28583.312 + 88 1
28585.000 # 1500
28585.991 - 88 2.975 1
28586.000 # 1500
28586.011 - 88 2.699 1
28586.172 + 88 1
28589.000 # 1500
28589.869 + 88 1
28590.000 # 1500
28590.046 - 88 3.874 1
28590.240 + 88 1
28590.634 - 88 0.765 1
28592.000 # 1500
28592.051 + 88 1
28592.686 - 88 2.446 1
28595.000 # 1500
28596.097 - 88 4.046 1
28596.107 + 88 1
28597.000 # 1500
28597.756 - 88 1.649 1
28598.000 # 1500
28600.000 # 1500
28603.000 # 1500
28606.000 # 1500
28606.564 + 88 1
28606.624 + 88 1
28606.821 + 88 1
28606.967 + 88 1
28607.058 + 88 1
28608.000 # 1500
28608.523 - 88 1.959 1
28608.544 - 88 1.920 1
28608.552 - 88 1.731 1
28608.558 - 88 1.591 1
28608.565 - 88 1.507 1
28610.000 # 1500
28611.569 + 88 1
28612.000 # 1500
28613.315 - 88 1.746 1
28613.330 + 88 1
28614.000 # 1500
28615.335 + 88 1
28615.610 - 88 2.280 1
28616.000 # 1500
28617.437 - 88 2.102 1
28617.666 + 88 1
28618.000 # 1500
28619.262 + 88 1
28619.590 - 88 1.924 1
28620.000 # 1500
28621.284 - 88 2.022 1
28622.000 # 1500
28624.000 # 1500
28626.432 + 88 1
28626.570 + 88 1
28626.815 + 88 1
28626.956 + 88 1
28627.000 # 1500
28628.412 - 88 1.980 1
28628.431 - 88 1.861 1
28628.440 - 88 1.625 1
28628.448 - 88 1.492 1
28629.000 # 1500
28629.951 + 88 1
28630.000 # 1500
28632.819 + 88 1
28633.000 # 1500
28633.195 - 88 3.244 1
28633.214 - 88 0.395 1
28634.000 # 1500
28634.906 + 88 1
28636.000 # 1500
28636.799 + 88 1
28637.088 - 88 2.182 1
28638.000 # 1500
28638.827 + 88 1
28638.844 - 88 2.045 1
28640.000 # 1500
28641.239 - 88 2.412 1
28641.476 + 88 1
28642.000 # 1500
28642.771 + 88 1
28643.072 - 88 1.596 1
28644.754 + 88 1
28645.000 # 1500
28646.132 + 88 1
28646.661 - 88 3.890 1
28646.680 - 88 1.926 1
28647.000 # 1500
28648.329 - 88 2.197 1
28648.483 + 88 1
28651.576 + 88 1
28653.595 + 88 1
28656.124 + 88 1
28657.669 + 88 1
28660.320 + 88 1
28662.278 + 88 1
28664.196 + 88 1
28666.147 + 88 1
28668.163 + 88 1
28669.558 + 88 1
28671.166 + 88 1
28673.609 + 88 1
28674.000 # 1500
28674.000 # 1500
28674.000 # 1500
28674.000 # 1500
28674.000 # 1500
28674.000 # 1500
28674.000 # 1500
28674.000 # 1500
28675.000 # 1500
28675.000 # 1500
28675.000 # 1500
28675.000 # 1500
28675.000 # 1500
28675.283 - 88 26.800 1
28675.303 - 88 23.727 1
28675.311 - 88 21.716 1
28675.318 - 88 19.194 1
28675.325 - 88 17.656 1
28675.331 - 88 15.011 1
28675.338 - 88 13.060 1
28675.344 - 88 11.148 1
28675.350 - 88 9.203 1
28675.356 - 88 7.193 1
28675.363 - 88 5.805 1
28675.369 - 88 4.203 1
28675.376 - 88 1.767 1
28675.438 + 88 1
28677.000 # 1500
28677.000 # 1500
28677.979 - 88 2.541 1
28678.234 + 88 1
28679.000 # 1500
28680.022 - 88 1.788 1
28680.151 + 88 1
28681.910 + 88 1
28682.000 # 1500
28682.164 - 88 2.013 1
28691.553 + 88 1
28692.400 + 88 1
28693.637 + 88 1
28693.744 + 88 1
28695.490 + 88 1
28697.385 + 88 1
28699.447 + 88 1
28701.337 + 88 1
28703.367 + 88 1
28705.272 + 88 1
28707.306 + 88 1
28708.439 + 88 1
28710.677 + 88 1
28712.598 + 88 1
28715.328 + 88 1
28718.443 + 88 1
28720.209 + 88 1
28721.000 # 1500
28721.000 # 1500
28721.000 # 1500
28721.000 # 1500
28721.000 # 1500
28721.000 # 1500
28721.868 - 88 39.958 1
28721.889 - 88 30.336 1
28721.897 - 88 29.497 1
28721.904 - 88 28.267 1
28721.911 - 88 28.167 1
28721.917 - 88 26.427 1
28721.923 - 88 24.538 1
28721.929 - 88 22.482 1
28721.937 - 88 20.600 1
28721.943 - 88 18.576 1
28721.950 - 88 16.678 1
28721.956 - 88 14.650 1
28721.962 - 88 13.523 1
28721.968 - 88 11.291 1
28721.975 - 88 9.377 1
28721.981 - 88 6.653 1
28721.987 - 88 3.544 1
28721.993 - 88 1.784 1
28722.000 # 1500
28722.000 # 1500
28722.000 # 1500
28722.000 # 1500
28722.000 # 1500
28722.000 # 1500
28722.000 # 1500
28722.000 # 1500
28722.000 # 1500
28722.000 # 1500
28722.000 # 1500
28722.000 # 1500
28722.000 # 1500
28722.000 # 1500
28723.000 # 1500
28723.000 # 1500
28723.000 # 1500
28725.000 # 1500
28727.000 # 1500
28728.140 + 88 1
28729.000 # 1500
28729.535 - 88 1.395 1
28729.737 + 88 1
28729.778 + 88 1
28729.809 + 88 1
28731.000 # 1500
28731.158 + 88 1
28731.515 - 88 1.778 1
28731.536 - 88 1.758 1
28731.544 - 88 1.735 1
28732.000 # 1500
28732.746 - 88 1.588 1
28734.000 # 1500
28734.455 + 88 1
28737.000 # 1500
28737.666 + 88 1
28737.980 - 88 3.525 1
28738.000 # 1500
28739.464 + 88 1
28739.698 - 88 2.032 1
28740.000 # 1500
28740.849 - 88 1.385 1
28741.000 # 1500
28741.163 + 88 1
28743.000 # 1500
28744.058 + 88 1
28744.576 - 88 3.413 1
28745.000 # 1500
28745.698 + 88 1
28745.879 - 88 1.821 1
28747.000 # 1500
28747.199 + 88 1
28747.356 - 88 1.658 1
28748.000 # 1500
28748.566 - 88 1.367 1
28750.000 # 1500
28750.441 + 88 1
28752.227 + 88 1
28755.207 + 88 1
28756.474 + 88 1
28760.312 + 88 1
28762.000 # 1500
28762.000 # 1500
28763.108 - 88 12.667 1
28763.170 - 88 10.943 1
28763.191 - 88 7.984 1
28763.205 - 88 6.731 1
28763.218 - 88 2.906 1
28766.000 # 1500
28766.000 # 1500
28766.000 # 1500
28766.000 # 1500
28769.000 # 1500
28771.000 # 1500
28771.270 + 88 1
28774.000 # 1500
28775.000 # 1500
28775.672 - 88 4.402 1
28776.000 # 1500
28778.000 # 1500
28780.000 # 1500
28780.382 + 88 1
28780.427 + 88 1
28782.000 # 1500
28783.628 - 88 3.246 1
28783.656 - 88 3.229 1
28784.000 # 1500
28786.000 # 1500
28789.000 # 1500
28790.000 # 1500
28791.000 # 1500
28792.102 + 88 1
28793.000 # 1500
28794.235 - 88 2.133 1
28794.445 + 88 1
28795.000 # 1500
28796.000 # 1500
28796.472 - 88 2.027 1
28797.737 + 88 1
28798.000 # 1500
28799.129 + 88 1
28801.000 # 1500
28801.067 + 88 1
28801.468 - 88 3.731 1
28801.489 - 88 2.360 1
28802.000 # 1500
28802.874 - 88 1.807 1
28803.112 + 88 1
28806.000 # 1500
28806.785 - 88 3.673 1
28807.000 # 1500
28807.000 # 1500
28807.418 + 88 1
28808.719 + 88 1
28809.000 # 1500
28810.738 + 88 1
28810.925 - 88 3.507 1
28810.946 - 88 2.227 1
28819.000 # 1500
28819.000 # 1500
28819.000 # 1500
28820.537 + 88 1
28820.599 + 88 1
28820.649 + 88 1
28820.826 - 88 10.088 1
28820.910 + 88 1
28826.000 # 1500
28826.589 - 88 6.052 1
28826.608 - 88 6.009 1
28826.616 - 88 5.967 1
28826.623 - 88 5.713 1
28827.000 # 1500
28828.000 # 1500
28828.454 + 88 1
28828.592 + 88 1
28828.644 + 88 1
28829.329 + 88 1
28831.000 # 1500
28831.000 # 1500
28832.141 - 88 3.687 1
28832.162 - 88 3.570 1
28832.170 - 88 3.526 1
28832.178 - 88 2.849 1
28833.295 + 88 1
28833.437 + 88 1
28834.000 # 1500
28835.109 - 88 1.814 1
28835.130 - 88 1.693 1
28836.237 + 88 1
28838.251 + 88 1
28840.452 + 88 1
28842.070 + 88 1
28845.265 + 88 1
28846.000 # 1500
28846.000 # 1500
28846.000 # 1500
28846.000 # 1500
28847.046 - 88 10.809 1
28847.066 - 88 8.815 1
28847.074 - 88 6.622 1
28847.081 - 88 5.011 1
28847.087 - 88 1.822 1
28848.484 + 88 1
28850.851 + 88 1
28853.636 + 88 1
28856.000 # 1500
28856.111 + 88 1
28856.457 - 88 7.973 1
28856.479 - 88 5.628 1
28856.488 - 88 2.852 1
28858.000 # 1500
28858.000 # 1500
28858.528 + 88 1
28858.867 - 88 2.756 1
28861.000 # 1500
28862.439 - 88 3.911 1
28866.496 + 88 1
28866.633 + 88 1
28866.685 + 88 1
28867.000 # 1500
28868.000 # 1500
28868.000 # 1500
28868.341 - 88 1.845 1
28868.362 - 88 1.729 1
28868.369 - 88 1.684 1
28868.503 + 88 1
28872.363 + 88 1
28872.635 + 88 1
28874.627 + 88 1
28877.000 # 1500
28877.000 # 1500
28877.719 + 88 1
28878.000 # 1500
28878.135 - 88 9.632 1
28878.154 - 88 5.791 1
28878.162 - 88 5.527 1
28878.169 - 88 3.542 1
28878.175 - 88 0.456 1
28881.000 # 1500
28881.048 + 88 1
28881.648 + 88 1
28883.000 # 1500
28884.167 + 88 1
28884.278 - 88 3.230 1
28884.304 - 88 2.656 1
28887.333 + 88 1
28888.000 # 1500
28888.824 - 88 4.657 1
28888.844 - 88 1.511 1
28889.012 + 88 1
28890.000 # 1500
28890.733 - 88 1.721 1
28890.832 + 88 1
28892.219 + 88 1
28894.101 + 88 1
28896.670 + 88 1
28898.677 + 88 1
28900.516 + 88 1
28910.292 + 88 1
28910.458 + 88 1
28910.539 + 88 1
28910.615 + 88 1
28910.689 + 88 1
28912.000 # 1500
28912.000 # 1500
28912.000 # 1500
28913.000 # 1500
28913.000 # 1500
28913.000 # 1500
28913.000 # 1500
28913.000 # 1500
28913.661 - 88 22.829 1
28913.688 - 88 21.469 1
28913.697 - 88 19.596 1
28913.703 - 88 17.033 1
28913.710 - 88 15.033 1
28913.716 - 88 13.200 1
28913.722 - 88 3.430 1
28913.729 - 88 3.271 1
28913.735 - 88 3.196 1
28913.743 - 88 3.128 1
28913.749 - 88 3.060 1
28914.000 # 1500
28914.000 # 1500
28915.000 # 1500
28917.000 # 1500
28919.000 # 1500
28921.000 # 1500
28921.547 + 88 1
28921.590 + 88 1
28921.637 + 88 1
28921.687 + 88 1
28923.000 # 1500
28924.274 - 88 2.727 1
28924.294 - 88 2.704 1
28924.302 - 88 2.665 1
28924.309 - 88 2.622 1
28926.000 # 1500
28929.000 # 1500
28930.000 # 1500
28931.127 + 88 1
28931.169 + 88 1
28931.201 + 88 1
28931.231 + 88 1
28931.263 + 88 1
28933.000 # 1500
28933.769 - 88 2.642 1
28933.789 - 88 2.620 1
28933.798 - 88 2.597 1
28933.805 - 88 2.574 1
28933.811 - 88 2.548 1
28935.000 # 1500
28936.000 # 1500
28936.032 + 88 1
28937.758 + 88 1
28938.000 # 1500
28938.091 - 88 2.059 1
28938.110 - 88 0.352 1
28945.662 + 88 1
28945.772 + 88 1
28947.423 + 88 1
28947.939 + 88 1
28948.170 + 88 1
28949.000 # 1500
28950.000 # 1500
28950.000 # 1500
28950.000 # 1500
28950.000 # 1500
28950.215 - 88 4.553 1
28950.236 - 88 4.464 1
28950.244 - 88 2.821 1
28950.250 - 88 2.311 1
28950.256 - 88 2.086 1
28951.696 + 88 1
28953.000 # 1500
28953.422 + 88 1
28953.734 - 88 2.038 1
28955.487 + 88 1
28956.000 # 1500
28957.000 # 1500
28957.054 - 88 3.632 1
28957.075 - 88 1.588 1
28958.299 + 88 1
28959.000 # 1500
28960.094 - 88 1.795 1
28961.000 # 1500
28966.286 + 88 1
28968.269 + 88 1
28969.825 + 88 1
28969.932 + 88 1
28970.000 # 1500
28970.000 # 1500
28970.000 # 1500
28970.093 - 88 3.807 1
28970.120 - 88 1.851 1
28970.134 - 88 0.309 1
28971.183 + 88 1
28971.291 + 88 1
28972.000 # 1500
28973.159 - 88 3.227 1
28973.186 - 88 2.003 1
28973.201 - 88 1.910 1
28974.000 # 1500
28974.497 + 88 1
28974.538 + 88 1
28976.000 # 1500
28976.241 + 88 1
28976.559 - 88 2.062 1
28976.581 - 88 2.043 1
28978.000 # 1500
28978.957 - 88 2.716 1
28979.305 + 88 1
28980.729 + 88 1
28981.000 # 1500
28982.633 + 88 1
28982.908 - 88 3.603 1
28982.929 - 88 2.200 1
28983.000 # 1500
28984.640 + 88 1
28984.870 - 88 2.237 1
28985.000 # 1500
28986.000 # 1500
28986.268 - 88 1.628 1
28987.502 + 88 1
28987.612 + 88 1
28989.000 # 1500
28990.448 - 88 2.946 1
28990.478 - 88 2.866 1
28990.743 + 88 1
28991.000 # 1500
28992.251 - 88 1.508 1
28992.457 + 88 1
28993.000 # 1500
28994.248 - 88 1.791 1
28995.000 # 1500
28995.537 + 88 1
28997.000 # 1500
28997.236 + 88 1
28997.497 - 88 1.960 1
28998.489 + 88 1
28999.000 # 1500
29000.090 - 88 2.854 1
29000.282 - 88 1.793 1
29001.000 # 1500
29002.000 + 88 1
29003.000 # 1500
29003.467 - 88 1.467 1
29005.000 # 1500
29007.000 # 1500
29009.482 + 88 1
29011.000 # 1500
29011.962 - 88 2.480 1
29012.000 # 1500
29012.651 + 88 1
29012.951 + 88 1
29013.127 + 88 1
29014.000 # 1500
29014.822 + 88 1
29014.825 - 88 2.174 1
29014.845 - 88 1.894 1
29014.854 - 88 1.727 1
29016.000 # 1500
29017.649 - 88 2.827 1
29018.000 # 1500
29020.000 # 1500
29022.000 # 1500
29027.000 # 1500
29027.000 # 1500
29029.000 # 1500
29029.381 + 88 1
29029.639 + 88 1
29029.690 + 88 1
29032.000 # 1500
29033.314 - 88 3.933 1
29033.335 - 88 3.696 1
29033.344 - 88 3.654 1
29034.000 # 1500
29037.000 # 1500
29037.258 + 88 1
29039.000 # 1500
29040.575 - 88 3.317 1
29042.000 # 1500
29042.455 + 88 1
29043.000 # 1500
29043.989 - 88 1.534 1
29044.241 + 88 1
29044.380 + 88 1
29044.430 + 88 1
29046.000 # 1500
29046.991 - 88 2.750 1
29047.000 # 1500
29047.011 - 88 2.631 1
29047.022 - 88 2.592 1
29049.165 + 88 1
29051.000 # 1500
29051.557 + 88 1
29051.822 - 88 2.657 1
29052.000 # 1500
29052.820 - 88 1.263 1
29053.011 + 88 1
29056.000 # 1500
29056.815 - 88 3.804 1
29058.000 # 1500
29058.000 # 1500
29058.518 + 88 1
29060.000 # 1500
29060.016 + 88 1
29060.419 - 88 1.901 1
29061.000 # 1500
29061.675 - 88 1.659 1
29063.000 # 1500
29063.616 + 88 1
29065.000 # 1500
29066.000 # 1500
29066.490 + 88 1
29066.522 - 88 2.906 1
29068.000 # 1500
29068.815 + 88 1
29069.000 # 1500
29069.126 - 88 2.636 1
29069.149 - 88 0.334 1
29071.000 # 1500
29071.571 + 88 1
29071.611 + 88 1
29074.669 + 88 1
29076.559 + 88 1
29078.480 + 88 1
29081.000 # 1500
29081.000 # 1500
29081.000 # 1500
29081.000 # 1500
29081.371 + 88 1
29081.619 - 88 10.048 1
29081.646 - 88 10.035 1
29081.661 - 88 6.992 1
29081.675 - 88 5.116 1
29081.688 - 88 3.208 1
29082.000 # 1500
29082.000 # 1500
29082.847 + 88 1
29082.994 - 88 1.623 1
29084.000 # 1500
29084.319 - 88 1.472 1
29086.000 # 1500
29086.013 + 88 1
29087.000 # 1500
29088.072 - 88 2.059 1
29088.496 + 88 1
29089.251 + 88 1
29090.000 # 1500
29090.978 - 88 2.482 1
29090.997 - 88 1.746 1
29091.000 # 1500
29091.364 + 88 1
29094.000 # 1500
29096.000 # 1500
29096.163 - 88 4.799 1
29096.209 + 88 1
29098.000 # 1500
29098.223 + 88 1
29098.831 - 88 2.622 1
29099.000 # 1500
29100.000 # 1500
29100.717 + 88 1
29100.812 - 88 2.589 1
29102.000 # 1500
29103.000 # 1500
29103.530 - 88 2.813 1
29106.000 # 1500
29108.709 + 88 1
29108.817 + 88 1
29108.852 + 88 1
29110.545 + 88 1
29110.652 + 88 1
29112.722 + 88 1
29114.251 + 88 1
29114.362 + 88 1
29117.429 + 88 1
29118.806 + 88 1
29126.000 # 1500
29126.000 # 1500
29126.000 # 1500
29126.000 # 1500
29126.000 # 1500
29126.000 # 1500
29126.000 # 1500
29126.000 # 1500
29126.549 - 88 17.840 1
29126.593 - 88 17.776 1
29126.607 - 88 17.755 1
29126.622 - 88 16.077 1
29126.635 - 88 15.983 1
29126.648 - 88 13.926 1
29126.661 - 88 12.410 1
29126.674 - 88 12.312 1
29126.718 - 88 9.289 1
29126.742 - 88 7.936 1
29128.515 + 88 1
29128.625 + 88 1
29130.070 + 88 1
29130.179 + 88 1
29130.213 + 88 1
29130.245 + 88 1
29131.000 # 1500
29132.094 - 88 3.579 1
29132.118 - 88 3.493 1
29132.132 - 88 2.062 1
29132.142 + 88 1
29132.145 - 88 1.966 1
29132.158 - 88 1.945 1
29132.173 - 88 1.928 1
29134.983 + 88 1
29135.000 # 1500
29135.000 # 1500
29135.000 # 1500
29135.239 - 88 3.097 1
29137.890 + 88 1
29138.000 # 1500
29138.178 - 88 3.195 1
29139.963 + 88 1
29140.000 # 1500
29140.230 - 88 2.340 1
29142.000 # 1500
29142.538 - 88 2.575 1
29144.000 # 1500
29148.395 + 88 1
29148.502 + 88 1
29148.538 + 88 1
29148.570 + 88 1
29152.524 + 88 1
29155.926 + 88 1
29156.000 # 1500
29156.000 # 1500
29156.000 # 1500
29156.000 # 1500
29156.033 + 88 1
29156.159 - 88 7.764 1
29156.185 - 88 7.683 1
29156.199 - 88 7.661 1
29156.212 - 88 7.642 1
29156.225 - 88 3.701 1
29157.889 + 88 1
29160.000 # 1500
29161.000 # 1500
29161.816 + 88 1
29161.929 + 88 1
29162.000 # 1500
29162.293 - 88 6.367 1
29162.320 - 88 6.287 1
29162.335 - 88 4.446 1
29162.348 - 88 0.532 1
29163.745 + 88 1
29164.000 # 1500
29165.377 - 88 3.448 1
29165.403 - 88 1.658 1
29166.632 + 88 1
29168.000 # 1500
29168.000 # 1500
29169.275 - 88 2.643 1
29169.607 + 88 1
29169.713 + 88 1
29171.000 # 1500
29171.000 # 1500
29171.559 + 88 1
29171.880 - 88 2.273 1
29171.906 - 88 2.193 1
29173.552 + 88 1
29174.000 # 1500
29176.000 # 1500
29177.000 # 1500
29177.384 - 88 5.825 1
29177.412 - 88 3.860 1
29177.442 + 88 1
29179.000 # 1500
29180.333 + 88 1
29180.441 + 88 1
29180.780 - 88 3.338 1
29183.000 # 1500
29183.000 # 1500
29183.278 + 88 1
29183.535 - 88 3.202 1
29183.561 - 88 3.120 1
29185.156 + 88 1
29187.000 # 1500
29187.000 # 1500
29187.939 - 88 4.661 1
29187.967 - 88 2.811 1
29188.000 # 1500
29188.568 + 88 1
29190.000 # 1500
29198.119 - 88 9.551 1
29198.477 + 88 1
29198.588 + 88 1
29198.622 + 88 1
29198.654 + 88 1
29198.685 + 88 1
29201.000 # 1500
29201.000 # 1500
29204.684 + 88 1
29204.792 + 88 1
29204.826 + 88 1
29204.915 - 88 6.438 1
29204.940 - 88 6.352 1
29204.954 - 88 6.332 1
29204.967 - 88 6.313 1
29204.980 - 88 6.295 1
29206.000 # 1500
29206.000 # 1500
29206.000 # 1500
29206.000 # 1500
29206.000 # 1500
29207.523 - 88 2.839 1
29207.550 - 88 2.758 1
29207.565 - 88 2.739 1
29207.650 + 88 1
29211.000 # 1500
29212.167 - 88 4.517 1
29212.487 + 88 1
29212.595 + 88 1
29217.381 + 88 1
29217.487 + 88 1
29219.362 + 88 1
29221.000 # 1500
29221.000 # 1500
29221.344 + 88 1
29221.608 - 88 9.121 1
29221.633 - 88 9.038 1
29221.647 - 88 4.266 1
29221.660 - 88 4.173 1
29221.672 - 88 2.310 1
29223.000 # 1500
29223.000 # 1500
29223.274 + 88 1
29223.530 - 88 2.186 1
29227.000 # 1500
29227.000 # 1500
29228.108 + 88 1
29228.133 - 88 4.859 1
29228.150 + 88 1
29232.028 + 88 1
29232.137 + 88 1
29233.974 + 88 1
29234.000 # 1500
29234.239 - 88 6.131 1
29234.265 - 88 6.115 1
29234.278 - 88 2.250 1
29234.292 - 88 2.155 1
29235.951 + 88 1
29237.892 + 88 1
29238.000 # 1500
29238.000 # 1500
29238.000 # 1500
29238.148 - 88 4.174 1
29238.173 - 88 2.222 1
29240.027 + 88 1
29243.000 # 1500
29243.499 - 88 5.607 1
29243.526 - 88 3.499 1
29246.000 # 1500
29247.000 # 1500
29250.000 # 1500
29250.656 + 88 1
29250.778 + 88 1
29251.000 # 1500
29252.273 - 88 1.617 1
29252.301 - 88 1.523 1
29254.000 # 1500
29257.000 # 1500
29257.501 + 88 1
29257.609 + 88 1
29257.644 + 88 1
29257.676 + 88 1
29258.000 # 1500
29258.000 # 1500
29260.083 - 88 2.582 1
29260.110 - 88 2.501 1
29260.124 - 88 2.480 1
29260.136 - 88 2.460 1
29261.000 # 1500
29264.000 # 1500
29265.000 # 1500
29266.000 # 1500
29269.000 # 1500
29270.000 # 1500
29271.214 + 88 1
29271.324 + 88 1
29271.359 + 88 1
29272.000 # 1500
29272.865 - 88 1.651 1
29272.892 - 88 1.568 1
29272.905 - 88 1.546 1
29273.000 # 1500
29275.000 # 1500
29278.000 # 1500
29279.000 # 1500
29280.000 # 1500
29281.000 # 1500
29281.883 + 88 1
29281.921 + 88 1
29284.000 # 1500
29285.450 - 88 3.567 1
29285.477 - 88 3.556 1
29285.798 + 88 1
29286.000 # 1500
29286.053 - 88 0.255 1
29287.000 # 1500
29287.740 + 88 1
29288.000 # 1500
29289.000 # 1500
29289.337 - 88 1.597 1
29289.676 + 88 1
29291.000 # 1500
29291.620 + 88 1
29291.987 - 88 2.311 1
29292.000 # 1500
29292.022 - 88 0.402 1
29294.000 # 1500
29295.528 + 88 1
29296.000 # 1500
29297.000 # 1500
29297.430 - 88 1.902 1
29297.478 + 88 1
29299.000 # 1500
29299.462 + 88 1
29299.716 - 88 2.238 1
29301.000 # 1500
29302.000 # 1500
29302.030 - 88 2.568 1
29304.000 # 1500
29305.000 # 1500
29308.000 # 1500
29310.000 # 1500
29310.223 + 88 1
29310.330 + 88 1
29310.364 + 88 1
29310.396 + 88 1
29315.000 # 1500
29315.000 # 1500
29315.705 + 88 1
29315.741 + 88 1
29315.774 + 88 1
29315.812 - 88 5.589 1
29316.047 - 88 5.717 1
29316.065 - 88 5.701 1
29316.078 - 88 5.682 1
29319.421 + 88 1
29327.000 # 1500
29327.000 # 1500
29327.000 # 1500
29327.931 - 88 12.226 1
29327.958 - 88 12.217 1
29327.972 - 88 12.198 1
29327.985 - 88 8.564 1
29328.000 # 1500
29328.000 # 1500
29329.000 # 1500
29329.219 + 88 1
29332.000 # 1500
29332.563 + 88 1
29332.628 + 88 1
29332.666 + 88 1
29332.710 - 88 3.491 1
29334.000 # 1500
29335.090 + 88 1
29335.233 - 88 2.670 1
29335.264 - 88 2.636 1
29335.278 - 88 2.612 1
29336.000 # 1500
29337.000 # 1500
29337.026 - 88 1.936 1
29337.047 + 88 1
29339.000 # 1500
29339.680 - 88 2.633 1
29341.000 # 1500
29347.783 + 88 1
29349.717 + 88 1
29349.825 + 88 1
29349.859 + 88 1
29351.648 + 88 1
29353.000 # 1500
29353.000 # 1500
29353.000 # 1500
29353.000 # 1500
29353.000 # 1500
29353.000 # 1500
29353.599 + 88 1
29353.639 + 88 1
29353.777 - 88 5.994 1
29353.803 - 88 4.086 1
29353.817 - 88 3.992 1
29353.831 - 88 3.972 1
29353.843 - 88 2.195 1
29354.000 # 1500
29354.000 # 1500
29355.000 # 1500
29355.576 + 88 1
29355.708 - 88 2.109 1
29355.731 - 88 2.092 1
29357.000 # 1500
29358.000 # 1500
29358.225 - 88 2.649 1
29359.476 + 88 1
29360.000 # 1500
29361.000 # 1500
29361.149 - 88 1.673 1
29364.000 # 1500
29367.000 # 1500
29367.000 # 1500
29369.000 # 1500
29369.253 + 88 1
29369.362 + 88 1
29371.000 # 1500
29371.000 # 1500
29371.830 - 88 2.577 1
29371.856 - 88 2.494 1
29373.000 # 1500
29373.163 + 88 1
29373.274 + 88 1
29373.308 + 88 1
29375.000 # 1500
29375.747 - 88 2.584 1
29375.773 - 88 2.499 1
29375.787 - 88 2.479 1
29379.000 # 1500
29379.000 # 1500
29380.000 # 1500
29381.050 + 88 1
29381.159 + 88 1
29381.193 + 88 1
29382.000 # 1500
29382.611 - 88 1.561 1
29382.638 - 88 1.479 1
29382.652 - 88 1.459 1
29383.000 # 1500
29384.000 # 1500
29386.000 # 1500
29387.000 # 1500
29389.000 # 1500
29389.920 + 88 1
29391.000 # 1500
29391.420 - 88 1.500 1
29394.000 # 1500
29400.053 + 88 1
29400.162 + 88 1
29400.197 + 88 1
29400.228 + 88 1
29400.259 + 88 1
29400.290 + 88 1
29400.321 + 88 1
29401.928 + 88 1
29402.000 # 1500
29402.190 - 88 2.137 1
29402.216 - 88 2.054 1
29402.230 - 88 2.033 1
29402.245 - 88 2.017 1
29402.258 - 88 1.999 1
29402.271 - 88 1.981 1
29402.283 - 88 1.962 1
29403.896 + 88 1
29405.000 # 1500
29405.000 # 1500
29405.000 # 1500
29405.826 - 88 3.898 1
29405.844 - 88 1.948 1
29405.858 + 88 1
29408.765 + 88 1
29409.000 # 1500
29410.000 # 1500
29410.872 - 88 5.014 1
29410.892 - 88 2.127 1
29411.066 + 88 1
29414.000 # 1500
29417.717 - 88 6.651 1
29417.886 + 88 1
29417.993 + 88 1
29418.028 + 88 1
29421.263 + 88 1
29426.000 # 1500
29426.000 # 1500
29426.000 # 1500
29427.000 # 1500
29427.000 # 1500
29427.000 # 1500
29427.000 # 1500
29427.000 # 1500
29427.000 # 1500
29427.000 # 1500
29427.000 # 1500
29427.000 # 1500
29428.000 # 1500
29428.001 - 88 10.115 1
29428.021 - 88 10.028 1
29428.028 - 88 10.000 1
29428.035 - 88 6.772 1
29429.000 # 1500
29429.919 + 88 1
29430.026 + 88 1
29430.060 + 88 1
29431.000 # 1500
29432.004 - 88 2.085 1
29432.024 - 88 1.998 1
29432.032 - 88 1.972 1
29432.046 + 88 1
29433.000 # 1500
29434.000 # 1500
29436.960 - 88 4.914 1
29437.124 + 88 1
29437.231 + 88 1
29449.710 + 88 1
29449.820 + 88 1
29449.855 + 88 1
29449.886 + 88 1
29451.651 + 88 1
29453.655 + 88 1
29458.504 + 88 1
29463.000 # 1500
29463.000 # 1500
29463.000 # 1500
29463.000 # 1500
29463.000 # 1500
29463.215 + 88 1
29463.327 + 88 1
29463.640 - 88 26.516 1
29463.661 - 88 26.430 1
29463.669 - 88 13.959 1
29463.675 - 88 13.855 1
29463.682 - 88 13.827 1
29463.688 - 88 13.802 1
29463.695 - 88 12.044 1
29463.701 - 88 10.046 1
29463.708 - 88 5.204 1
29464.000 # 1500
29464.000 # 1500
29464.000 # 1500
29464.000 # 1500
29464.000 # 1500
29464.000 # 1500
29464.000 # 1500
29464.000 # 1500
29464.000 # 1500
29464.820 - 88 1.605 1
29464.847 - 88 1.520 1
29465.000 # 1500
29465.532 + 88 1
29467.358 + 88 1
29468.000 # 1500
29468.000 # 1500
29468.000 # 1500
29468.000 # 1500
29468.000 # 1500
29469.137 - 88 3.605 1
29469.166 - 88 1.808 1
29470.000 # 1500
29470.000 # 1500
29472.000 # 1500
29472.301 + 88 1
29472.463 + 88 1
29473.000 # 1500
29473.964 - 88 1.663 1
29473.984 - 88 1.521 1
29474.000 # 1500
29475.000 # 1500
29475.911 + 88 1
29476.000 # 1500
29479.070 + 88 1
29481.233 + 88 1
29486.000 # 1500
29486.000 # 1500
29486.000 # 1500
29486.000 # 1500
29486.000 # 1500
29486.000 # 1500
29487.000 # 1500
29487.797 - 88 11.886 1
29487.823 - 88 8.753 1
29487.838 - 88 6.605 1
29488.000 # 1500
29489.000 # 1500
29490.000 # 1500
29491.000 # 1500
29491.051 + 88 1
29491.160 + 88 1
29491.194 + 88 1
29492.000 # 1500
29492.810 + 88 1
29493.112 - 88 2.061 1
29493.131 - 88 1.971 1
29493.139 - 88 1.945 1
29495.000 # 1500
29495.345 - 88 2.535 1
29497.000 # 1500
29497.000 # 1500
29498.000 # 1500
29499.000 # 1500
29501.000 # 1500
29501.465 + 88 1
29501.500 + 88 1
29501.531 + 88 1
29501.562 + 88 1
29503.000 # 1500
29504.000 # 1500
29504.309 - 88 2.844 1
29504.337 - 88 2.837 1
29504.345 - 88 2.814 1
29504.352 - 88 2.790 1
29504.849 + 88 1
29505.000 # 1500
29506.000 # 1500
29506.402 - 88 1.553 1
29506.791 + 88 1
29511.000 # 1500
29511.000 # 1500
29512.000 # 1500
29512.000 # 1500
29513.000 # 1500
29513.152 - 88 6.361 1
29516.376 + 88 1
29517.000 # 1500
29518.011 - 88 1.635 1
29520.404 + 88 1
29528.000 # 1500
29528.000 # 1500
29528.912 - 88 8.508 1
29530.398 + 88 1
29530.507 + 88 1
29530.542 + 88 1
29531.000 # 1500
29531.000 # 1500
29531.793 + 88 1
29532.000 # 1500
29532.247 - 88 1.849 1
29532.268 - 88 1.761 1
29532.275 - 88 1.733 1
29533.192 + 88 1
29534.000 # 1500
29535.119 - 88 3.326 1
29535.139 - 88 1.947 1
29535.282 + 88 1
29536.000 # 1500
29537.035 - 88 1.753 1
29538.573 + 88 1
29540.339 + 88 1
29543.000 # 1500
29544.000 # 1500
29544.000 # 1500
29544.000 # 1500
29544.295 - 88 5.722 1
29544.316 - 88 3.977 1
29544.593 + 88 1
29546.921 + 88 1
29548.000 # 1500
29548.850 - 88 4.257 1
29548.869 - 88 1.948 1
29549.169 + 88 1
29552.000 # 1500
29552.000 # 1500
29552.000 # 1500
29552.000 # 1500
29552.000 # 1500
29552.034 + 88 1
29552.351 - 88 3.182 1
29556.028 + 88 1
29557.227 + 88 1
29560.673 + 88 1
29562.000 # 1500
29562.579 + 88 1
29562.955 - 88 10.921 1
29562.976 - 88 6.948 1
29562.984 - 88 5.757 1
29562.991 - 88 2.318 1
29563.000 # 1500
29564.521 - 88 1.942 1
29565.000 # 1500
29565.822 + 88 1
29567.000 # 1500
29567.000 # 1500
29567.259 - 88 1.437 1
29569.177 + 88 1
29571.220 + 88 1
29572.526 + 88 1
29574.000 # 1500
29574.000 # 1500
29574.000 # 1500
29575.000 # 1500
29575.058 - 88 5.881 1
29575.084 - 88 3.864 1
29575.098 - 88 2.572 1
29576.000 # 1500
29579.000 # 1500
29580.000 # 1500
29583.000 # 1500
29584.000 # 1500
29584.364 + 88 1
29584.502 + 88 1
29584.594 + 88 1
29584.669 + 88 1
29585.000 # 1500
29586.871 - 88 2.507 1
29586.892 - 88 2.390 1
29586.906 - 88 2.312 1
29586.921 - 88 2.252 1
29588.000 # 1500
29589.000 # 1500
29589.855 + 88 1
29591.000 # 1500
29591.783 + 88 1
29592.088 - 88 2.233 1
29592.110 + 88 1
29593.000 # 1500
29593.635 - 88 1.852 1
29593.652 - 88 1.542 1
29594.000 # 1500
29596.000 # 1500
29596.925 + 88 1
29598.686 + 88 1
29599.000 # 1500
29600.000 # 1500
29600.480 - 88 3.555 1
29600.509 - 88 1.823 1
29600.762 + 88 1
29601.000 # 1500
29602.389 - 88 1.627 1
29603.534 + 88 1
29604.000 # 1500
29605.248 - 88 1.714 1
29606.000 # 1500
29607.646 + 88 1
29608.000 # 1500
29608.037 - 88 0.391 1
29609.489 + 88 1
29610.000 # 1500
29611.254 - 88 1.765 1
29612.203 + 88 1
29613.000 # 1500
29614.000 # 1500
29614.444 - 88 2.241 1
29614.728 + 88 1
29615.000 # 1500
29616.413 - 88 1.685 1
29616.606 + 88 1
29617.000 # 1500
29617.983 - 88 1.377 1
29620.000 # 1500
29621.000 # 1500
29621.233 + 88 1
29622.000 # 1500
29623.131 + 88 1
29623.264 - 88 2.031 1
29624.000 # 1500
29624.842 - 88 1.711 1
29625.000 # 1500
29627.000 # 1500
29629.000 # 1500
29630.000 # 1500
29633.000 # 1500
29633.754 + 88 1
29633.961 + 88 1
29635.000 # 1500
29637.000 # 1500
29637.105 - 88 3.351 1
29637.128 - 88 3.167 1
29638.000 # 1500
29638.907 + 88 1
29639.000 # 1500
29639.190 - 88 0.283 1
29641.000 # 1500
29644.000 # 1500
29645.000 # 1500
29646.000 # 1500
29647.581 + 88 1
29647.624 + 88 1
29649.000 # 1500
29650.688 - 88 3.107 1
29650.744 + 88 1
29650.893 - 88 3.269 1
29651.000 # 1500
29652.286 - 88 1.542 1
29653.000 # 1500
29655.000 # 1500
29659.000 # 1500
29660.000 # 1500
29661.000 # 1500
29661.353 + 88 1
29661.396 + 88 1
29661.428 + 88 1
29663.000 # 1500
29663.238 + 88 1
29663.512 - 88 2.159 1
29663.534 - 88 2.138 1
29663.543 - 88 2.115 1
29665.000 # 1500
29665.955 - 88 2.717 1
29668.000 # 1500
29670.000 # 1500
29671.000 # 1500
29672.000 # 1500
29672.759 + 88 1
29672.798 + 88 1
29672.832 + 88 1
29673.517 + 88 1
29674.834 + 88 1
29675.000 # 1500
29676.000 # 1500
29676.726 - 88 3.967 1
29676.755 - 88 3.957 1
29676.762 - 88 3.930 1
29676.769 - 88 3.252 1
29676.776 - 88 1.942 1
29677.000 # 1500
29679.000 # 1500
29679.012 + 88 1
29680.000 # 1500
29680.644 - 88 1.632 1
29683.000 # 1500
29684.000 # 1500
29686.000 # 1500
29687.844 + 88 1
29687.882 + 88 1
29687.915 + 88 1
29689.000 # 1500
29689.410 - 88 1.566 1
29689.431 - 88 1.549 1
29689.439 - 88 1.524 1
29689.543 + 88 1
29690.000 # 1500
29690.000 # 1500
29691.000 # 1500
29691.324 - 88 1.781 1
29692.761 + 88 1
29693.000 # 1500
29694.000 # 1500
29694.484 - 88 1.723 1
29696.000 # 1500
29696.672 + 88 1
29697.000 # 1500
29698.059 + 88 1
29698.378 - 88 1.706 1
29699.000 # 1500
29699.589 - 88 1.530 1
29700.000 # 1500
29701.000 # 1500
29701.072 + 88 1
29702.000 # 1500
29703.083 - 88 2.011 1
29706.000 # 1500
29706.000 # 1500
29706.000 # 1500
29710.000 # 1500
29710.000 # 1500
29710.000 # 1500
29710.113 + 88 1
29710.252 + 88 1
29710.432 + 88 1
29711.000 # 1500
29712.004 - 88 1.891 1
29712.033 - 88 1.781 1
29712.041 - 88 1.609 1
29712.277 + 88 1
29714.000 # 1500
29714.933 - 88 2.656 1
29716.000 # 1500
29716.000 # 1500
29717.000 # 1500
29720.870 + 88 1
29721.000 # 1500
29721.000 # 1500
29721.010 + 88 1
29721.062 + 88 1
29721.245 + 88 1
29722.000 # 1500
29722.828 - 88 1.958 1
29722.848 - 88 1.838 1
29722.857 - 88 1.795 1
29722.865 - 88 1.620 1
29723.000 # 1500
29724.000 # 1500
29726.000 # 1500
29727.000 # 1500
29728.000 # 1500
29730.000 # 1500
29731.000 # 1500
29731.645 + 88 1
29731.784 + 88 1
29731.836 + 88 1
29732.176 + 88 1
29732.550 + 88 1
29733.000 # 1500
29734.000 # 1500
29734.420 - 88 2.775 1
29734.454 - 88 2.670 1
29734.462 - 88 2.626 1
29734.469 - 88 2.293 1
29734.476 - 88 1.926 1
29736.000 # 1500
29736.204 + 88 1
29738.000 # 1500
29738.458 + 88 1
29738.861 - 88 2.657 1
29739.000 # 1500
29740.000 # 1500
29740.203 + 88 1
29740.239 - 88 1.781 1
29741.000 # 1500
29742.113 - 88 1.910 1
29743.000 # 1500
29744.000 # 1500
29745.000 # 1500
29747.000 # 1500
29748.000 # 1500
29750.000 # 1500
29750.905 + 88 1
29751.000 # 1500
29751.048 + 88 1
29751.100 + 88 1
29751.313 + 88 1
29753.000 # 1500
29754.164 - 88 3.259 1
29754.186 - 88 3.138 1
29754.194 - 88 3.094 1
29754.202 - 88 2.889 1
29755.000 # 1500
29761.826 + 88 1
29761.965 + 88 1
29762.015 + 88 1
29762.240 + 88 1
29777.743 + 88 1
29779.228 + 88 1
29779.393 + 88 1
29783.424 + 88 1
29784.357 + 88 1
29786.075 + 88 1
29790.148 + 88 1
29791.947 + 88 1
29793.081 + 88 1
29795.106 + 88 1
29797.000 # 1500
29797.000 # 1500
29797.870 - 88 36.044 1
29797.894 - 88 35.929 1
29797.902 - 88 35.887 1
29797.909 - 88 35.669 1
29797.916 - 88 20.173 1
29797.922 - 88 18.694 1
29797.928 - 88 18.535 1
29797.935 - 88 14.511 1
29797.941 - 88 13.584 1
29797.948 - 88 11.873 1
29797.956 - 88 7.808 1
29797.963 - 88 6.016 1
29797.969 - 88 4.888 1
29797.976 - 88 2.870 1
29798.000 # 1500
29798.000 # 1500
29798.000 # 1500
29798.000 # 1500
29798.000 # 1500
29798.330 + 88 1
29799.000 # 1500
29800.000 # 1500
29800.000 # 1500
29800.714 - 88 2.384 1
29801.000 # 1500
29801.110 + 88 1
29802.000 # 1500
29802.797 - 88 1.687 1
29803.000 # 1500
29803.000 # 1500
29803.530 + 88 1
29804.000 # 1500
29804.000 # 1500
29805.000 # 1500
29805.000 # 1500
29805.573 - 88 2.043 1
29806.000 # 1500
29806.000 # 1500
29807.000 # 1500
29807.278 + 88 1
29808.000 # 1500
29808.000 # 1500
29809.000 # 1500
29809.000 # 1500
29809.103 + 88 1
29809.109 - 88 1.831 1
29810.000 # 1500
29810.770 - 88 1.667 1
29811.000 # 1500
29811.000 # 1500
29811.000 # 1500
29811.000 # 1500
29811.000 # 1500
29811.000 # 1500
29811.000 # 1500
29812.000 # 1500
29812.000 # 1500
29812.000 # 1500
29812.000 # 1500
29812.000 # 1500
29812.000 # 1500
29812.000 # 1500
29812.000 # 1500
29812.000 # 1500
29812.000 # 1500
29812.000 # 1500
29812.000 # 1500
29812.000 # 1500
29812.987 + 88 1
29814.000 # 1500
29814.612 - 88 1.625 1
29816.000 # 1500
29816.000 # 1500
29817.000 # 1500
29817.143 + 88 1
29818.000 # 1500
29818.978 - 88 1.835 1
29820.384 + 88 1
29821.000 # 1500
29822.000 # 1500
29822.378 - 88 1.994 1
29823.000 # 1500
29824.000 # 1500
29825.000 # 1500
29825.734 + 88 1
29826.000 # 1500
29826.055 - 88 0.321 1
29827.000 # 1500
29829.000 # 1500
29829.206 + 88 1
29829.319 + 88 1
29830.000 # 1500
29831.165 - 88 1.959 1
29831.191 - 88 1.872 1
29831.259 + 88 1
29832.000 # 1500
29833.000 # 1500
29833.138 + 88 1
29833.151 - 88 1.892 1
29834.000 # 1500
29834.442 - 88 1.304 1
29835.000 # 1500
29836.373 + 88 1
29837.000 # 1500
29838.000 # 1500
29838.075 - 88 1.702 1
29838.408 + 88 1
29839.000 # 1500
29840.408 - 88 2.000 1
29841.660 + 88 1
29842.000 # 1500
29842.000 # 1500
29842.000 # 1500
29843.000 # 1500
29843.245 + 88 1
29843.454 - 88 1.794 1
29845.000 # 1500
29846.003 - 88 2.758 1
29847.000 # 1500
29847.000 # 1500
29847.190 + 88 1
29848.000 # 1500
29849.120 - 88 1.930 1
29849.188 + 88 1
29850.000 # 1500
29850.000 # 1500
29850.984 + 88 1
29851.091 - 88 1.903 1
29855.000 # 1500
29855.857 - 88 4.873 1
29856.000 # 1500
29856.000 # 1500
29857.000 # 1500
29859.000 # 1500
29860.265 + 88 1
29861.000 # 1500
29861.971 - 88 1.706 1
29863.864 + 88 1
29865.763 + 88 1
29865.873 + 88 1
29868.817 + 88 1
29868.927 + 88 1
29868.963 + 88 1
29871.000 # 1500
29871.000 # 1500
29871.000 # 1500
29871.503 - 88 7.639 1
29871.525 - 88 5.762 1
29871.533 - 88 5.660 1
29871.540 - 88 2.723 1
29871.700 - 88 2.773 1
29872.000 # 1500
29872.045 - 88 3.082 1
29872.445 + 88 1
29874.561 + 88 1
29876.621 + 88 1
29879.389 + 88 1
29881.000 # 1500
29881.000 # 1500
29881.000 # 1500
29881.605 + 88 1
29881.953 - 88 9.508 1
29881.974 - 88 7.413 1
29881.982 - 88 5.361 1
29881.989 - 88 2.600 1
29887.000 # 1500
29887.000 # 1500
29887.000 # 1500
29887.000 # 1500
29887.000 # 1500
29888.000 # 1500
29888.486 - 88 6.881 1
29889.000 # 1500
29890.000 # 1500
29891.000 # 1500
29891.555 + 88 1
29891.683 + 88 1
29891.901 + 88 1
29893.000 # 1500
29893.991 - 88 2.436 1
29894.000 # 1500
29894.011 - 88 2.328 1
29894.020 - 88 2.119 1
29894.308 + 88 1
29896.000 # 1500
29896.336 + 88 1
29896.765 - 88 2.457 1
29897.000 # 1500
29898.000 # 1500
29898.240 - 88 1.904 1
29899.000 # 1500
29899.535 + 88 1
29900.000 # 1500
29901.000 # 1500
29901.608 - 88 2.073 1
29901.932 + 88 1
29902.000 # 1500
29904.000 # 1500
29904.094 + 88 1
29904.547 - 88 2.615 1
29905.000 # 1500
29906.000 # 1500
29906.636 - 88 2.542 1
29906.964 + 88 1
29907.000 # 1500
29908.000 # 1500
29908.630 + 88 1
29908.735 - 88 1.771 1
29909.000 # 1500
29910.000 # 1500
29910.287 - 88 1.657 1
29910.296 + 88 1
29911.819 + 88 1
29912.000 # 1500
29912.382 - 88 2.086 1
29913.000 # 1500
29913.560 - 88 1.741 1
29914.000 # 1500
29915.000 # 1500
29916.000 # 1500
29917.000 # 1500
29918.000 # 1500
29920.000 # 1500
29921.000 # 1500
29921.880 + 88 1
29921.999 + 88 1
29922.000 # 1500
29922.035 + 88 1
29923.000 # 1500
29923.479 - 88 1.599 1
29923.499 - 88 1.500 1
29923.513 - 88 1.478 1
29927.000 # 1500
29927.000 # 1500
29928.000 # 1500
29929.000 # 1500
29930.000 # 1500
29932.000 # 1500
29933.000 # 1500
29933.000 # 1500
29934.527 + 88 1
29934.661 + 88 1
29934.697 + 88 1
29935.000 # 1500
29936.000 # 1500
29936.312 + 88 1
29936.349 + 88 1
29936.382 + 88 1
29936.414 + 88 1
29936.420 - 88 1.893 1
29936.441 - 88 1.780 1
29936.449 - 88 1.752 1
29937.000 # 1500
29937.972 - 88 1.660 1
29937.992 - 88 1.643 1
29937.999 - 88 1.617 1
29938.000 # 1500
29938.006 - 88 1.592 1
29939.000 # 1500
29939.470 + 88 1
29941.000 # 1500
29941.490 + 88 1
29941.895 - 88 2.425 1
29942.000 # 1500
29943.000 # 1500
29943.865 - 88 2.375 1
29944.000 # 1500
29944.175 + 88 1
29946.000 # 1500
29946.719 + 88 1
29946.937 - 88 2.762 1
29947.000 # 1500
29948.667 - 88 1.948 1
29949.000 # 1500
29949.150 + 88 1
29950.000 # 1500
29950.650 + 88 1
29951.000 # 1500
29951.004 - 88 1.854 1
29952.000 # 1500
29952.627 - 88 1.977 1
29953.000 # 1500
29954.000 # 1500
29954.052 + 88 1
29955.000 # 1500
29955.543 + 88 1
29955.740 - 88 1.688 1
29957.485 + 88 1
29958.000 # 1500
29959.000 # 1500
29959.056 - 88 3.513 1
29959.077 - 88 1.592 1
29959.181 + 88 1
29960.000 # 1500
29960.700 - 88 1.519 1
29960.736 + 88 1
29961.000 # 1500
29962.000 # 1500
29962.650 - 88 1.914 1
29964.000 # 1500
29964.000 # 1500
29965.000 # 1500
29966.000 # 1500
29967.000 # 1500
29968.000 # 1500
29970.000 # 1500
29970.977 + 88 1
29971.000 # 1500
29971.112 + 88 1
29971.151 + 88 1
29971.186 + 88 1
29972.000 # 1500
29972.890 - 88 1.913 1
29972.999 - 88 1.887 1
29973.000 # 1500
29973.028 - 88 1.877 1
29973.036 - 88 1.850 1
29974.000 # 1500
29975.000 # 1500
29977.000 # 1500
29978.000 # 1500
29979.000 # 1500
29980.000 # 1500
29980.345 + 88 1
29981.000 # 1500
29982.000 # 1500
29982.901 - 88 2.556 1
29983.026 + 88 1
29983.064 + 88 1
29983.096 + 88 1
29984.000 # 1500
29984.937 - 88 1.911 1
29984.957 - 88 1.893 1
29984.965 - 88 1.869 1
29985.000 # 1500
29988.000 # 1500
29988.000 # 1500
29989.000 # 1500
29990.000 # 1500
29990.680 + 88 1
29990.726 + 88 1
29991.000 # 1500
29992.000 # 1500
29992.804 + 88 1
29992.846 + 88 1
29992.872 - 88 2.192 1
29992.879 + 88 1
29992.891 - 88 2.165 1
29992.911 + 88 1
29993.000 # 1500
29994.751 - 88 1.947 1
29994.775 - 88 1.929 1
29994.785 - 88 1.906 1
29994.792 - 88 1.881 1
29995.000 # 1500
29997.000 # 1500
29998.000 # 1500
29999.000 # 1500
30000.000 # 1500
30001.000 # 1500
30002.666 + 88 1
30003.000 # 1500
30004.000 # 1500
30004.704 + 88 1
30004.743 + 88 1
30004.777 + 88 1
30004.809 + 88 1
30004.859 - 88 2.193 1
30006.624 + 88 1
30015.510 + 88 1
30015.618 + 88 1
30015.676 + 88 1
30016.000 # 1500
30016.000 # 1500
30017.000 # 1500
30017.000 # 1500
30017.000 # 1500
30017.000 # 1500
30017.600 - 88 12.896 1
30017.634 - 88 12.891 1
30017.645 - 88 12.868 1
30017.653 - 88 12.844 1
30017.659 - 88 11.035 1
30017.665 - 88 2.155 1
30017.671 - 88 2.053 1
30017.678 - 88 2.002 1
30019.000 # 1500
30019.000 # 1500
30019.000 # 1500
30020.000 # 1500
30021.000 # 1500
30021.692 + 88 1
30022.000 # 1500
30023.000 # 1500
30023.451 - 88 1.759 1
30025.000 # 1500
30026.231 + 88 1
30027.000 # 1500
30027.000 # 1500
30028.000 # 1500
30028.083 - 88 1.852 1
30029.000 # 1500
30030.000 # 1500
30031.000 # 1500
30032.000 # 1500
30032.428 + 88 1
30032.469 + 88 1
30033.000 # 1500
30034.048 - 88 1.620 1
30034.074 - 88 1.605 1
30035.000 # 1500
30035.287 + 88 1
30036.764 + 88 1
30039.000 # 1500
30040.000 # 1500
30040.367 - 88 5.080 1
30040.394 - 88 3.630 1
30042.000 # 1500
30043.000 # 1500
30044.000 # 1500
30046.000 # 1500
30046.231 + 88 1
30046.340 + 88 1
30048.000 # 1500
30049.433 - 88 3.202 1
30049.609 - 88 3.269 1
30051.000 # 1500
30051.000 # 1500
30052.000 # 1500
30052.155 + 88 1
30052.191 + 88 1
30052.223 + 88 1
30052.255 + 88 1
30054.000 # 1500
30054.814 - 88 2.659 1
30054.850 - 88 2.659 1
30054.858 - 88 2.635 1
30054.865 - 88 2.610 1
30055.000 # 1500
30056.000 # 1500
30058.000 # 1500
30059.000 # 1500
30060.688 + 88 1
30060.801 + 88 1
30063.011 + 88 1
30063.122 + 88 1
30063.158 + 88 1
30071.000 # 1500
30071.000 # 1500
30071.000 # 1500
30071.000 # 1500
30071.000 # 1500
30071.000 # 1500
30071.000 # 1500
30071.000 # 1500
30072.185 - 88 11.497 1
30072.188 + 88 1
30072.211 - 88 11.410 1
30072.225 - 88 9.214 1
30072.239 - 88 9.117 1
30072.252 - 88 9.094 1
30073.000 # 1500
30073.862 - 88 1.674 1
30075.000 # 1500
30075.000 # 1500
30076.000 # 1500
30076.531 + 88 1
30076.574 + 88 1
30076.774 + 88 1
30076.888 + 88 1
30077.000 # 1500
30078.000 # 1500
30078.097 + 88 1
30078.418 - 88 1.887 1
30078.439 - 88 1.865 1
30078.447 - 88 1.673 1
30078.454 - 88 1.566 1
30079.000 # 1500
30080.098 + 88 1
30080.205 - 88 2.108 1
30081.000 # 1500
30081.241 + 88 1
30081.429 - 88 1.331 1
30082.000 # 1500
30082.869 - 88 1.628 1
30090.472 + 88 1
30090.579 + 88 1
30090.615 + 88 1
30091.785 + 88 1
30093.219 + 88 1
30095.541 + 88 1
30098.599 + 88 1
30100.000 # 1500
30100.000 # 1500
30100.000 # 1500
30101.000 # 1500
30101.241 - 88 10.769 1
30101.260 + 88 1
30101.261 - 88 10.682 1
30101.270 - 88 10.655 1
30101.277 - 88 9.492 1
30101.284 - 88 8.065 1
30101.291 - 88 5.750 1
30101.298 - 88 2.699 1
30110.397 + 88 1
30110.510 + 88 1
30111.000 # 1500
30111.832 - 88 10.572 1
30111.846 - 88 1.449 1
30111.853 - 88 1.343 1
30112.000 # 1500
30112.260 + 88 1
30112.392 + 88 1
30112.427 + 88 1
30113.627 + 88 1
30115.000 # 1500
30115.338 + 88 1
30115.785 - 88 3.525 1
30115.806 - 88 3.414 1
30115.815 - 88 3.388 1
30115.822 - 88 2.195 1
30118.026 + 88 1
30119.659 + 88 1
30121.000 # 1500
30122.655 - 88 7.317 1
30122.683 - 88 4.657 1
30122.691 - 88 3.032 1
30123.102 + 88 1
30124.571 + 88 1
30125.000 # 1500
30125.900 + 88 1
30126.000 # 1500
30126.000 # 1500
30126.512 - 88 3.410 1
30126.533 - 88 1.962 1
30128.000 # 1500
30129.039 - 88 3.139 1
30132.000 # 1500
30135.330 + 88 1
30135.642 + 88 1
30135.679 + 88 1
30135.712 + 88 1
30135.908 + 88 1
30136.000 # 1500
30136.000 # 1500
30137.000 # 1500
30137.905 - 88 2.575 1
30138.000 # 1500
30138.150 - 88 2.508 1
30138.169 - 88 2.490 1
30138.177 - 88 2.465 1
30138.184 - 88 2.276 1
30138.510 + 88 1
30139.847 + 88 1
30140.000 # 1500
30140.323 - 88 1.813 1
30142.000 # 1500
30142.670 - 88 2.823 1
30145.000 # 1500
30147.000 # 1500
30148.000 # 1500
30150.000 # 1500
30150.702 + 88 1
30150.821 + 88 1
30150.857 + 88 1
30150.889 + 88 1
30152.000 # 1500
30153.597 - 88 2.895 1
30153.617 - 88 2.796 1
30153.624 - 88 2.767 1
30153.631 - 88 2.742 1
30154.000 # 1500
30155.000 # 1500
30157.000 # 1500
30159.000 # 1500
30160.000 # 1500
30161.612 + 88 1
30161.738 + 88 1
30161.776 + 88 1
30161.810 + 88 1
30162.000 # 1500
30163.000 # 1500
30163.460 - 88 1.848 1
30163.605 + 88 1
30163.770 - 88 2.032 1
30163.801 - 88 2.025 1
30163.819 - 88 2.009 1
30164.748 + 88 1
30167.000 # 1500
30167.465 - 88 3.860 1
30167.484 - 88 2.736 1
30169.000 # 1500
30172.000 # 1500
30173.000 # 1500
30174.100 + 88 1
30174.222 + 88 1
30174.763 + 88 1
30175.000 # 1500
30175.303 - 88 1.203 1
30175.325 - 88 1.103 1
30176.000 # 1500
30177.000 # 1500
30177.037 - 88 2.274 1
30180.000 # 1500
30180.213 + 88 1
30180.325 + 88 1
30180.362 + 88 1
30183.000 # 1500
30183.350 + 88 1
30183.924 - 88 3.711 1
30183.945 - 88 3.620 1
30183.954 - 88 3.592 1
30185.000 # 1500
30186.000 # 1500
30186.036 + 88 1
30186.421 - 88 3.071 1
30187.000 # 1500
30187.729 - 88 1.693 1
30187.744 + 88 1
30189.649 + 88 1
30190.941 + 88 1
30191.000 # 1500
30191.361 - 88 3.617 1
30191.382 - 88 1.733 1
30193.000 # 1500
30193.791 - 88 2.850 1
30194.000 # 1500
30194.039 + 88 1
30196.000 # 1500
30197.316 - 88 3.277 1
30197.646 + 88 1
30198.685 + 88 1
30199.000 # 1500
30200.431 + 88 1
30200.705 - 88 3.059 1
30200.726 - 88 2.041 1
30201.000 # 1500
30201.000 # 1500
30202.106 - 88 1.675 1
30203.000 # 1500
30206.000 # 1500
30208.000 # 1500
30208.000 # 1500
30211.000 # 1500
30212.486 + 88 1
30212.599 + 88 1
30212.659 + 88 1
30212.697 + 88 1
30212.730 + 88 1
30214.000 # 1500
30214.180 + 88 1
30214.513 - 88 2.027 1
30214.532 - 88 1.933 1
30214.540 - 88 1.881 1
30214.548 - 88 1.851 1
30214.554 - 88 1.824 1
30219.174 + 88 1
30220.409 + 88 1
30226.000 # 1500
30226.000 # 1500
30226.000 # 1500
30227.016 - 88 12.836 1
30227.037 - 88 7.863 1
30227.044 - 88 6.635 1
30231.000 # 1500
30231.000 # 1500
30231.000 # 1500
30234.815 + 88 1
30234.932 + 88 1
30234.967 + 88 1
30234.999 + 88 1
30235.031 + 88 1
30237.478 + 88 1
30238.000 # 1500
30238.000 # 1500
30238.000 # 1500
30238.936 + 88 1
30239.127 - 88 4.312 1
30239.147 - 88 4.215 1
30239.155 - 88 4.188 1
30239.162 - 88 4.163 1
30239.168 - 88 4.137 1
30239.175 - 88 1.697 1
30240.000 # 1500
30240.357 - 88 1.421 1
30242.000 # 1500
30242.468 + 88 1
30243.000 # 1500
30243.556 + 88 1
30244.093 - 88 1.625 1
30246.594 + 88 1
30248.289 + 88 1
30251.168 + 88 1
30253.077 + 88 1
30254.391 + 88 1
30257.000 # 1500
30257.000 # 1500
30257.000 # 1500
30257.429 + 88 1
30258.006 - 88 14.450 1
30258.027 - 88 11.433 1
30258.036 - 88 9.747 1
30258.043 - 88 6.875 1
30258.050 - 88 4.973 1
30258.056 - 88 3.665 1
30259.000 # 1500
30259.000 # 1500
30259.000 # 1500
30259.265 + 88 1
30259.741 - 88 2.312 1
30261.000 # 1500
30262.000 # 1500
30262.060 - 88 2.795 1
30263.000 # 1500
30265.000 # 1500
30267.000 # 1500
30269.000 # 1500
30271.000 # 1500
30271.509 + 88 1
30271.845 + 88 1
30273.000 # 1500
30273.590 - 88 2.081 1
30273.612 - 88 1.767 1
30274.000 # 1500
30276.000 # 1500
30278.000 # 1500
30280.000 # 1500
30281.673 + 88 1
30281.812 + 88 1
30284.000 # 1500
30285.000 # 1500
30286.238 - 88 4.565 1
30286.258 - 88 4.446 1
30287.000 # 1500
30289.000 # 1500
30289.351 + 88 1
30289.670 + 88 1
30291.537 + 88 1
30292.000 # 1500
30292.198 - 88 2.847 1
30292.218 - 88 2.548 1
30292.225 - 88 0.688 1
30294.000 # 1500
30295.382 + 88 1
30295.650 + 88 1
30296.000 # 1500
30297.056 - 88 1.674 1
30297.076 - 88 1.426 1
30298.000 # 1500
30299.176 + 88 1
30302.000 # 1500
30302.243 + 88 1
30302.591 - 88 3.415 1
30304.000 # 1500
30304.944 - 88 2.701 1
30306.000 # 1500
30308.000 # 1500
30310.000 # 1500
30312.091 + 88 1
30313.000 # 1500
30313.789 + 88 1
30314.000 # 1500
30314.057 - 88 1.966 1
30314.078 - 88 0.289 1
30316.718 + 88 1
30317.000 # 1500
30317.059 - 88 0.341 1
30318.000 # 1500
30318.594 + 88 1
30320.000 # 1500
30320.606 + 88 1
30320.947 - 88 2.353 1
30321.000 # 1500
30322.468 - 88 1.862 1
30322.583 + 88 1
30323.000 # 1500
30324.336 - 88 1.753 1
30324.537 + 88 1
30325.000 # 1500
30326.396 - 88 1.859 1
30326.397 + 88 1
30327.000 # 1500
30328.243 - 88 1.846 1
30328.608 + 88 1
30331.000 # 1500
30331.000 # 1500
30332.456 - 88 3.848 1
30333.037 + 88 1
30334.000 # 1500
30335.000 # 1500
30335.274 - 88 2.237 1
30337.000 # 1500
30339.000 # 1500
30341.000 # 1500
30341.471 + 88 1
30342.000 # 1500
30343.822 - 88 2.351 1
30345.385 + 88 1
30347.866 + 88 1
30349.873 + 88 1
30351.824 + 88 1
30353.000 # 1500
30353.000 # 1500
30353.000 # 1500
30353.000 # 1500
30353.000 # 1500
30353.632 - 88 8.247 1
30353.653 - 88 5.787 1
30353.661 - 88 3.788 1
30353.667 - 88 1.843 1
30362.000 # 1500
30362.000 # 1500
30362.582 + 88 1
30362.690 + 88 1
30362.707 + 88 1
30366.000 # 1500
30366.000 # 1500
30366.000 # 1500
30367.264 - 88 4.682 1
30367.285 - 88 4.595 1
30367.292 - 88 4.585 1
30368.000 # 1500
30368.000 # 1500
30368.000 # 1500
30368.000 # 1500
30368.445 + 88 1
30368.701 + 88 1
30371.000 # 1500
30371.000 # 1500
30372.221 - 88 3.776 1
30372.242 - 88 3.541 1
30373.000 # 1500
30374.610 + 88 1
30375.000 # 1500
30376.254 - 88 1.644 1
30380.000 # 1500
30382.000 # 1500
30383.608 + 88 1
30384.000 # 1500
30385.717 - 88 2.109 1
30387.156 + 88 1
30388.000 # 1500
30388.825 - 88 1.669 1
30389.000 # 1500
30389.425 + 88 1
30392.000 # 1500
30392.256 + 88 1
30392.608 - 88 3.183 1
30394.201 + 88 1
30395.000 # 1500
30396.101 + 88 1
30396.401 - 88 4.145 1
30396.421 - 88 2.220 1
30397.000 # 1500
30397.694 - 88 1.593 1
30398.000 # 1500
30399.686 + 88 1
30401.240 + 88 1
30402.000 # 1500
30402.832 + 88 1
30403.000 # 1500
30403.063 - 88 3.377 1
30403.083 - 88 1.843 1
30405.000 # 1500
30405.329 - 88 2.497 1
30407.000 # 1500
30407.775 + 88 1
30409.703 + 88 1
30412.000 # 1500
30413.357 + 88 1
30413.613 - 88 5.838 1
30413.633 - 88 3.930 1
30414.000 # 1500
30415.000 # 1500
30415.409 + 88 1
30415.608 + 88 1
30415.714 - 88 2.357 1
30417.470 + 88 1
30418.000 # 1500
30418.000 # 1500
30419.614 - 88 4.205 1
30419.659 - 88 4.051 1
30419.673 - 88 2.203 1
30419.762 + 88 1
30421.000 # 1500
30421.509 + 88 1
30421.889 - 88 2.127 1
30422.000 # 1500
30423.513 - 88 2.004 1
30425.000 # 1500
30426.128 + 88 1
30426.230 + 88 1
30427.000 # 1500
30428.000 # 1500
30428.077 - 88 1.949 1
30428.089 + 88 1
30428.096 - 88 1.866 1
30429.972 + 88 1
30430.000 # 1500
30430.378 - 88 2.289 1
30433.000 # 1500
30433.675 - 88 3.703 1
30436.000 # 1500
30436.109 + 88 1
30437.000 # 1500
30438.091 + 88 1
30438.172 - 88 2.063 1
30439.000 # 1500
30440.049 - 88 1.958 1
30440.170 + 88 1
30442.000 # 1500
30442.019 + 88 1
30442.390 - 88 2.220 1
30444.000 # 1500
30444.820 + 88 1
30444.826 - 88 2.807 1
30446.000 # 1500
30446.311 - 88 1.491 1
30448.000 # 1500
30448.870 + 88 1
30450.000 # 1500
30450.914 + 88 1
30450.915 - 88 2.045 1
30451.000 # 1500
30452.937 + 88 1
30453.000 # 1500
30453.430 - 88 2.516 1
30454.000 # 1500
30455.234 - 88 2.297 1
30457.000 # 1500
30457.112 + 88 1
30458.000 # 1500
30459.122 - 88 2.010 1
30460.000 # 1500
30460.519 + 88 1
30460.753 + 88 1
30461.000 # 1500
30462.000 # 1500
30462.986 - 88 2.467 1
30463.010 - 88 2.257 1
30468.000 # 1500
30472.295 + 88 1
30473.000 # 1500
30474.000 # 1500
30474.774 - 88 2.479 1
30476.000 # 1500
30476.922 + 88 1
30477.000 # 1500
30477.233 + 88 1
30479.000 # 1500
30480.000 # 1500
30480.572 - 88 3.650 1
30480.594 - 88 3.361 1
30481.132 + 88 1
30482.000 # 1500
30482.611 - 88 1.479 1
30483.000 # 1500
30483.811 + 88 1
30485.000 # 1500
30485.859 - 88 2.048 1
30487.527 + 88 1
30487.788 + 88 1
30488.000 # 1500
30488.000 # 1500
30490.000 # 1500
30490.408 - 88 2.881 1
30490.431 - 88 2.643 1
30491.037 + 88 1
30492.000 # 1500
30492.629 + 88 1
30492.767 - 88 1.730 1
30493.000 # 1500
30494.161 - 88 1.532 1
30495.000 # 1500
30496.000 # 1500
30496.590 + 88 1
30497.000 # 1500
30498.307 + 88 1
30498.763 - 88 2.173 1
30499.000 # 1500
30500.248 + 88 1
30500.322 - 88 2.015 1
30500.639 + 88 1
30501.000 # 1500
30502.155 - 88 1.907 1
30502.174 - 88 1.535 1
30503.000 # 1500
30504.000 # 1500
30504.371 + 88 1
30505.000 # 1500
30506.143 - 88 1.772 1
30506.295 + 88 1
30507.000 # 1500
30507.972 - 88 1.677 1
30508.140 + 88 1
30509.000 # 1500
30510.000 # 1500
30510.022 - 88 1.882 1
30510.137 + 88 1
30511.000 # 1500
30511.812 - 88 1.675 1
30514.000 # 1500
30516.000 # 1500
30519.000 # 1500
30520.000 # 1500
30520.979 + 88 1
30521.123 + 88 1
30521.186 + 88 1
30521.562 + 88 1
30522.000 # 1500
30523.000 # 1500
30524.394 - 88 3.415 1
30524.419 - 88 3.296 1
30524.427 - 88 3.241 1
30524.435 - 88 2.873 1
30524.529 + 88 1
30525.000 # 1500
30526.472 - 88 1.943 1
30527.000 # 1500
30529.000 # 1500
30529.000 # 1500
30530.000 # 1500
30532.000 # 1500
30534.000 # 1500
30534.000 # 1500
30535.674 + 88 1
30538.566 + 88 1
30540.525 + 88 1
30541.000 # 1500
30541.000 # 1500
30541.000 # 1500
30541.000 # 1500
30541.000 # 1500
30542.261 - 88 6.587 1
30542.286 - 88 3.720 1
30542.295 - 88 1.770 1
30543.000 # 1500
30544.000 # 1500
30546.000 # 1500
30547.000 # 1500
30548.000 # 1500
30548.851 + 88 1
30549.346 + 88 1
30550.000 # 1500
30550.702 + 88 1
30551.188 - 88 2.337 1
30551.211 - 88 1.865 1
30554.000 # 1500
30554.000 # 1500
30555.000 # 1500
30555.539 - 88 4.837 1
30557.000 # 1500
30558.000 # 1500
30559.000 # 1500
30560.085 + 88 1
30562.000 # 1500
30562.372 - 88 2.287 1
30564.000 # 1500
30566.000 # 1500
30566.000 # 1500
30566.869 + 88 1
30567.000 # 1500
30567.243 - 88 0.374 1
30569.000 # 1500
30569.497 + 88 1
30571.000 # 1500
30572.000 # 1500
30574.358 - 88 4.861 1
30575.359 + 88 1
30578.920 + 88 1
30579.211 + 88 1
30580.360 + 88 1
30584.137 + 88 1
30585.983 + 88 1
30586.000 # 1500
30586.000 # 1500
30586.000 # 1500
30586.000 # 1500
30586.161 - 88 10.802 1
30586.174 - 88 7.254 1
30586.177 - 88 6.966 1
30586.180 - 88 5.820 1
30586.182 - 88 2.045 1
30587.986 + 88 1
30588.000 # 1500
30588.156 - 88 2.173 1
30591.777 + 88 1
30591.928 + 88 1
30592.000 # 1500
30592.000 # 1500
30593.000 # 1500
30593.826 - 88 5.840 1
30593.842 - 88 2.065 1
30593.846 - 88 1.918 1
30593.875 + 88 1
30596.000 # 1500
30596.665 + 88 1
30596.835 - 88 2.960 1
30598.000 # 1500
30598.628 + 88 1
30598.858 - 88 2.193 1
30599.000 # 1500
30599.693 + 88 1
30599.898 - 88 1.270 1
30601.688 + 88 1
30603.500 + 88 1
30605.442 + 88 1
30605.485 + 88 1
30608.402 + 88 1
30610.400 + 88 1
30611.000 # 1500
30612.000 # 1500
30612.000 # 1500
30612.000 # 1500
30612.000 # 1500
30612.348 - 88 12.655 1
30612.361 - 88 10.673 1
30612.365 - 88 8.865 1
30612.367 - 88 6.925 1
30612.370 - 88 6.885 1
30612.372 - 88 3.970 1
30612.375 - 88 1.975 1
30613.251 + 88 1
30613.439 + 88 1
30614.000 # 1500
30614.431 + 88 1
30614.590 - 88 1.339 1
30614.598 - 88 1.159 1
30616.000 # 1500
30616.000 # 1500
30616.310 + 88 1
30616.462 - 88 2.031 1
30618.000 # 1500
30619.105 + 88 1
30619.257 - 88 2.947 1
30620.000 # 1500
30620.213 + 88 1
30620.365 - 88 1.260 1
30621.000 # 1500
30622.085 + 88 1
30622.149 + 88 1
30622.162 - 88 1.949 1
30623.000 # 1500
30624.000 # 1500
30624.130 - 88 2.045 1
30624.141 - 88 1.992 1
30626.000 # 1500
30626.309 + 88 1
30627.000 # 1500
30628.242 - 88 1.933 1
30629.000 # 1500
30630.000 # 1500
30632.000 # 1500
30634.000 # 1500
30635.004 + 88 1
30635.113 + 88 1
30635.146 + 88 1
30635.176 + 88 1
30636.508 + 88 1
30636.621 + 88 1
30636.655 + 88 1
30638.346 + 88 1
30640.407 + 88 1
30642.238 + 88 1
30644.000 # 1500
30644.000 # 1500
30644.000 # 1500
30644.000 # 1500
30644.222 + 88 1
30644.905 - 88 9.901 1
30644.928 - 88 9.815 1
30644.937 - 88 9.791 1
30644.944 - 88 9.768 1
30644.951 - 88 8.443 1
30644.958 - 88 8.337 1
30644.964 - 88 8.309 1
30644.970 - 88 6.624 1
30644.976 - 88 4.569 1
30644.982 - 88 2.744 1
30646.000 # 1500
30646.088 + 88 1
30646.523 - 88 2.301 1
30648.017 + 88 1
30649.000 # 1500
30650.000 # 1500
30650.112 + 88 1
30650.326 - 88 4.238 1
30650.349 - 88 2.332 1
30650.502 + 88 1
30652.000 # 1500
30653.757 + 88 1
30653.976 - 88 3.864 1
30653.999 - 88 3.497 1
30654.000 # 1500
30654.047 + 88 1
30654.357 - 88 0.600 1
30655.988 + 88 1
30656.000 # 1500
30656.403 - 88 2.356 1
30657.000 # 1500
30657.776 + 88 1
30657.959 - 88 1.971 1
30659.000 # 1500
30659.140 + 88 1
30659.550 - 88 1.774 1
30660.812 + 88 1
30662.560 + 88 1
30664.644 + 88 1
30664.785 + 88 1
30667.390 + 88 1
30667.533 + 88 1
30669.436 + 88 1
30671.000 # 1500
30672.000 # 1500
30672.602 - 88 13.462 1
30672.623 + 88 1
30672.623 - 88 11.811 1
30672.631 - 88 10.071 1
30672.639 - 88 7.995 1
30672.646 - 88 7.861 1
30672.653 - 88 5.263 1
30672.660 - 88 5.127 1
30672.667 - 88 3.231 1
30672.771 + 88 1
30674.425 + 88 1
30676.000 # 1500
30677.193 + 88 1
30677.257 + 88 1
30677.428 - 88 4.805 1
30677.448 - 88 4.677 1
30677.458 - 88 3.033 1
30678.871 + 88 1
30679.000 # 1500
30679.000 # 1500
30679.312 - 88 2.119 1
30679.332 - 88 2.075 1
30680.262 + 88 1
30681.000 # 1500
30682.000 # 1500
30682.172 + 88 1
30682.354 - 88 3.483 1
30682.374 - 88 2.112 1
30683.369 + 88 1
30685.000 # 1500
30685.056 + 88 1
30685.224 + 88 1
30685.483 - 88 3.311 1
30685.504 - 88 2.135 1
30686.000 # 1500
30686.882 - 88 1.826 1
30686.904 - 88 1.680 1
30687.000 # 1500
30688.000 # 1500
30688.168 + 88 1
30689.870 + 88 1
30690.000 # 1500
30690.153 + 88 1
30690.277 - 88 2.109 1
30693.000 # 1500
30693.190 + 88 1
30693.588 - 88 3.718 1
30693.609 - 88 3.456 1
30694.000 # 1500
30694.767 - 88 1.577 1
30694.942 + 88 1
30696.000 # 1500
30696.259 - 88 1.317 1
30696.454 + 88 1
30697.000 # 1500
30698.015 - 88 1.561 1
30698.263 + 88 1
30700.000 # 1500
30700.002 + 88 1
30700.079 + 88 1
30700.169 - 88 1.906 1
30701.000 # 1500
30701.824 - 88 1.822 1
30701.854 - 88 1.775 1
30702.000 # 1500
30703.176 + 88 1
30704.000 # 1500
30704.704 - 88 1.528 1
30704.748 + 88 1
30706.208 + 88 1
30707.000 # 1500
30707.000 # 1500
30707.634 - 88 2.886 1
30707.655 - 88 1.447 1
30707.797 + 88 1
30709.000 # 1500
30709.262 + 88 1
30709.532 - 88 1.735 1
30710.612 + 88 1
30712.000 # 1500
30712.401 + 88 1
30712.859 - 88 3.597 1
30712.883 - 88 2.271 1
30714.000 # 1500
30715.451 - 88 3.050 1
30716.000 # 1500
30717.000 # 1500
30719.000 # 1500
30721.000 # 1500
30722.000 # 1500
30722.425 + 88 1
30723.000 # 1500
30724.149 + 88 1
30724.290 - 88 1.865 1
30724.296 + 88 1
30724.348 + 88 1
30724.398 + 88 1
30724.581 + 88 1
30725.000 # 1500
30726.227 - 88 2.078 1
30726.247 - 88 1.951 1
30726.255 - 88 1.907 1
30726.262 - 88 1.864 1
30726.270 - 88 1.689 1
30726.598 + 88 1
30727.000 # 1500
30728.148 + 88 1
30729.000 # 1500
30730.000 # 1500
30730.038 - 88 3.440 1
30730.061 - 88 1.913 1
30732.000 # 1500
30733.000 # 1500
30735.000 # 1500
30737.000 # 1500
30737.396 + 88 1
30737.727 + 88 1
30737.787 + 88 1
30738.000 # 1500
30738.242 - 88 0.846 1
30738.263 - 88 0.536 1
30738.272 - 88 0.485 1
30740.000 # 1500
30740.167 + 88 1
30740.316 + 88 1
30740.368 + 88 1
30742.000 # 1500
30742.128 + 88 1
30742.593 - 88 2.426 1
30742.623 - 88 2.307 1
30742.631 - 88 2.263 1
30743.000 # 1500
30744.725 + 88 1
30744.914 - 88 2.786 1
30744.970 + 88 1
30746.000 # 1500
30746.755 + 88 1
30747.000 # 1500
30747.011 - 88 2.286 1
30747.031 - 88 2.061 1
30748.000 # 1500
30748.266 + 88 1
30748.365 - 88 1.610 1
30750.000 # 1500
30750.941 - 88 2.675 1
30751.212 + 88 1
30752.647 + 88 1
30753.000 # 1500
30753.000 # 1500
30754.000 # 1500
30754.423 + 88 1
30754.466 - 88 3.254 1
30754.486 + 88 1
30754.486 - 88 1.839 1
30755.000 # 1500
30756.481 + 88 1
30756.716 - 88 2.293 1
30756.739 - 88 2.253 1
30757.580 + 88 1
30766.000 # 1500
30766.000 # 1500
30766.000 # 1500
30766.000 # 1500
30766.000 # 1500
30766.000 # 1500
30767.129 + 88 1
30767.276 + 88 1
30767.745 - 88 11.264 1
30767.785 - 88 10.205 1
30770.333 + 88 1
30770.473 + 88 1
30776.000 # 1500
30776.000 # 1500
30776.766 + 88 1
30777.000 # 1500
30777.000 # 1500
30777.000 # 1500
30777.000 # 1500
30777.000 # 1500
30777.000 # 1500
30777.356 - 88 10.227 1
30777.376 - 88 10.100 1
30777.384 - 88 7.051 1
30777.391 - 88 6.918 1
30778.395 + 88 1
30778.699 + 88 1
30778.758 + 88 1
30779.000 # 1500
30779.000 # 1500
30780.000 # 1500
30780.027 - 88 3.261 1
30780.058 - 88 1.663 1
30780.065 - 88 1.366 1
30780.072 - 88 1.314 1
30782.000 # 1500
30783.000 # 1500
30784.000 # 1500
30785.000 # 1500
30786.000 # 1500
30786.875 + 88 1
30787.000 # 1500
30787.139 + 88 1
30788.000 # 1500
30788.875 - 88 2.000 1
30788.900 - 88 1.761 1
30789.000 # 1500
30790.000 # 1500
30791.000 # 1500
30791.656 + 88 1
30791.802 + 88 1
30792.000 # 1500
30793.000 # 1500
30793.619 - 88 1.963 1
30793.640 - 88 1.838 1
30794.000 # 1500
30795.000 # 1500
30796.182 + 88 1
30796.322 + 88 1
30796.373 + 88 1
30796.421 + 88 1
30797.000 # 1500
30798.000 # 1500
30798.303 - 88 2.121 1
30798.329 - 88 2.007 1
30798.338 - 88 1.965 1
30798.345 - 88 1.924 1
30799.000 # 1500
30799.518 + 88 1
30800.000 # 1500
30801.000 # 1500
30801.318 - 88 1.800 1
30801.490 + 88 1
30802.000 # 1500
30802.745 + 88 1
30803.000 # 1500
30803.406 - 88 1.916 1
30804.366 + 88 1
30805.000 # 1500
30806.000 # 1500
30806.273 - 88 3.528 1
30806.294 - 88 1.928 1
30807.353 + 88 1
30808.000 # 1500
30809.000 # 1500
30809.000 # 1500
30809.128 - 88 1.775 1
30810.000 # 1500
30810.168 + 88 1
30812.039 + 88 1
30815.417 + 88 1
30817.277 + 88 1
30818.650 + 88 1
30820.182 + 88 1
30821.000 # 1500
30821.000 # 1500
30821.847 - 88 11.679 1
30821.869 - 88 9.830 1
30821.877 - 88 6.460 1
30821.884 - 88 4.607 1
30821.890 - 88 3.240 1
30821.897 - 88 1.715 1
30822.000 # 1500
30822.000 # 1500
30822.000 # 1500
30822.000 # 1500
30823.397 + 88 1
30823.512 + 88 1
30826.647 + 88 1
30828.484 + 88 1
30830.043 + 88 1
30836.000 # 1500
30836.000 # 1500
30836.000 # 1500
30836.000 # 1500
30836.000 # 1500
30836.572 - 88 13.175 1
30836.588 - 88 13.076 1
30836.595 - 88 9.948 1
30836.602 - 88 8.118 1
30836.609 - 88 6.566 1
30836.841 + 88 1
30836.903 + 88 1
30836.952 + 88 1
30838.679 + 88 1
30840.086 + 88 1
30840.161 + 88 1
30841.000 # 1500
30841.000 # 1500
30842.755 - 88 5.914 1
30842.779 - 88 5.876 1
30842.788 - 88 5.836 1
30842.796 - 88 4.117 1
30842.803 - 88 2.717 1
30842.809 - 88 2.648 1
30845.000 # 1500
30845.000 # 1500
30845.000 # 1500
30845.000 # 1500
30849.510 + 88 1
30849.570 + 88 1
30852.775 + 88 1
30854.176 + 88 1
30854.231 + 88 1
30854.279 + 88 1
30854.488 + 88 1
30856.000 # 1500
30856.000 # 1500
30856.000 # 1500
30856.478 + 88 1
30856.802 - 88 7.292 1
30856.825 - 88 7.255 1
30856.834 - 88 4.059 1
30856.841 - 88 2.665 1
30856.848 - 88 2.617 1
30856.855 - 88 2.576 1
30856.862 - 88 2.374 1
30857.000 # 1500
30857.000 # 1500
30857.000 # 1500
30858.685 - 88 2.207 1
30858.778 + 88 1
30858.827 + 88 1
30860.796 + 88 1
30864.399 + 88 1
30865.867 + 88 1
30865.904 + 88 1
30867.000 # 1500
30867.000 # 1500
30867.000 # 1500
30867.000 # 1500
30867.000 # 1500
30867.819 + 88 1
30868.299 - 88 9.521 1
30868.318 - 88 9.491 1
30868.326 - 88 7.530 1
30868.333 - 88 3.934 1
30868.339 - 88 2.472 1
30868.346 - 88 2.442 1
30870.779 + 88 1
30870.828 + 88 1
30872.728 + 88 1
30875.652 + 88 1
30875.694 + 88 1
30877.000 # 1500
30877.000 # 1500
30877.000 # 1500
30877.000 # 1500
30877.000 # 1500
30877.000 # 1500
30877.000 # 1500
30877.000 # 1500
30877.548 - 88 9.729 1
30877.567 - 88 6.788 1
30877.575 - 88 6.747 1
30877.581 - 88 4.853 1
30877.588 - 88 1.936 1
30877.594 - 88 1.900 1
30878.491 + 88 1
30879.000 # 1500
30880.371 + 88 1
30880.649 - 88 2.158 1
30881.000 # 1500
30881.000 # 1500
30882.000 # 1500
30882.106 - 88 1.735 1
30882.253 + 88 1
30883.000 # 1500
30883.609 + 88 1
30884.184 - 88 1.931 1
30885.675 + 88 1
30886.000 # 1500
30886.000 # 1500
30887.000 # 1500
30887.392 - 88 3.783 1
30887.412 - 88 1.737 1
30887.654 + 88 1
30888.000 # 1500
30889.316 - 88 1.662 1
30890.000 # 1500
30891.000 # 1500
30892.000 # 1500
30893.000 # 1500
30895.000 # 1500
30896.921 + 88 1
30897.000 # 1500
30899.000 # 1500
30899.000 # 1500
30900.000 # 1500
30900.107 + 88 1
30900.353 - 88 3.432 1
30901.921 + 88 1
30901.989 + 88 1
30902.000 # 1500
30902.294 + 88 1
30902.453 - 88 2.346 1
30903.000 # 1500
30904.380 - 88 2.459 1
30904.468 - 88 2.479 1
30904.538 - 88 2.244 1
30907.000 # 1500
30909.000 # 1500
30909.000 # 1500
30909.747 + 88 1
30909.831 + 88 1
30910.000 # 1500
30911.000 # 1500
30911.674 - 88 1.927 1
30911.825 - 88 1.994 1
30913.000 # 1500
30914.000 # 1500
30915.503 + 88 1
30915.594 + 88 1
30915.738 + 88 1
30921.522 + 88 1
30921.551 + 88 1
30925.000 # 1500
30926.000 # 1500
30926.410 - 88 10.907 1
30926.426 - 88 10.832 1
30926.434 - 88 10.696 1
30926.441 - 88 4.919 1
30926.448 - 88 4.897 1
30927.000 # 1500
30929.753 + 88 1
30929.841 + 88 1
30930.000 # 1500
30930.000 # 1500
30931.000 # 1500
30932.298 - 88 2.545 1
30932.328 - 88 2.487 1
30934.000 # 1500
30935.000 # 1500
30936.198 + 88 1
30936.422 + 88 1
30938.000 # 1500
30939.193 - 88 2.995 1
30939.224 - 88 2.802 1
30942.535 + 88 1
30942.774 + 88 1
30942.917 + 88 1
30944.429 + 88 1
30947.000 # 1500
30947.000 # 1500
30947.000 # 1500
30948.000 # 1500
30948.944 - 88 6.409 1
30948.973 - 88 6.199 1
30948.981 - 88 6.064 1
30948.988 - 88 4.559 1
30949.000 # 1500
30951.000 # 1500
30952.000 # 1500
30955.704 + 88 1
30955.981 + 88 1
30956.299 + 88 1
30956.525 + 88 1
30957.426 + 88 1
30959.983 + 88 1
30960.469 + 88 1
30961.000 # 1500
30961.846 - 88 6.142 1
30961.860 - 88 5.879 1
30961.868 - 88 5.569 1
30961.875 - 88 5.350 1
30961.881 - 88 4.455 1
30961.888 - 88 1.905 1
30961.895 - 88 1.426 1
30964.000 # 1500
30965.293 + 88 1
30966.000 # 1500
30967.000 # 1500
30967.404 + 88 1
30967.477 - 88 2.184 1
30968.000 # 1500
30968.099 + 88 1
30968.548 - 88 1.144 1
30970.000 # 1500
30970.223 + 88 1
30970.666 - 88 2.567 1
30971.598 + 88 1
30973.000 # 1500
30973.446 - 88 3.223 1
30973.479 - 88 1.881 1
30973.553 + 88 1
30974.000 # 1500
30975.227 - 88 1.674 1
30976.000 # 1500
30978.000 # 1500
30981.000 # 1500
30981.000 # 1500
30982.348 + 88 1
30982.440 + 88 1
30983.000 # 1500
30983.425 + 88 1
30983.486 + 88 1
30983.944 - 88 1.596 1
30984.295 - 88 1.855 1
30985.000 # 1500
30985.243 + 88 1
30985.685 - 88 2.260 1
30985.707 - 88 2.221 1
30987.000 # 1500
30987.312 + 88 1
30988.000 # 1500
30988.319 - 88 3.076 1
30988.339 - 88 1.027 1
30989.958 + 88 1
30990.000 # 1500
30991.664 + 88 1
30992.000 # 1500
30993.000 # 1500
30993.818 - 88 3.860 1
30993.837 - 88 2.173 1
30994.314 + 88 1
30995.000 # 1500
30996.933 - 88 2.619 1
30996.959 + 88 1
30997.000 # 1500
30999.000 # 1500
30999.706 + 88 1
30999.759 - 88 2.800 1
31001.000 # 1500
31001.665 - 88 1.959 1
31001.796 + 88 1
31003.000 # 1500
31003.760 - 88 1.964 1
31003.983 + 88 1
31004.000 # 1500
31006.000 # 1500
31006.804 + 88 1
31007.045 - 88 3.062 1
31008.000 # 1500
31008.314 + 88 1
31008.793 - 88 1.989 1
31011.000 # 1500
31011.000 # 1500
31012.789 - 88 4.475 1
31013.000 # 1500
31015.000 # 1500
31017.000 # 1500
31018.000 # 1500
31018.289 + 88 1
31019.998 + 88 1
31020.000 # 1500
31020.377 - 88 2.088 1
31022.000 # 1500
31023.029 - 88 3.031 1
31024.000 # 1500
31027.000 # 1500
31027.000 # 1500
31029.000 # 1500
31031.000 # 1500
31033.000 # 1500
31035.000 # 1500
31037.000 # 1500
31039.000 # 1500
31040.000 # 1500
31042.000 # 1500
31042.607 + 88 1
31042.833 + 88 1
31043.000 # 1500
31043.295 - 88 0.688 1
31044.592 + 88 1
31045.000 # 1500
31046.000 # 1500
31046.545 + 88 1
31046.569 - 88 3.736 1
31046.591 - 88 1.999 1
31046.635 + 88 1
31047.833 + 88 1
31048.000 # 1500
31048.338 - 88 1.793 1
31048.365 - 88 1.730 1
31050.000 # 1500
31050.763 - 88 2.930 1
31051.000 # 1500
31052.000 # 1500
31053.000 # 1500
31056.000 # 1500
31056.000 # 1500
31056.426 + 88 1
31056.916 + 88 1
31057.000 # 1500
31057.266 - 88 0.840 1
31057.792 + 88 1
31058.000 # 1500
31058.204 - 88 1.288 1
31058.223 - 88 0.431 1
31059.369 + 88 1
31060.000 # 1500
31061.000 # 1500
31061.135 - 88 1.766 1
31063.000 # 1500
31063.000 # 1500
31068.645 + 88 1
31070.260 + 88 1
31074.000 # 1500
31074.000 # 1500
31074.000 # 1500
31074.000 # 1500
31074.000 # 1500
31074.000 # 1500
31074.143 + 88 1
31074.640 - 88 5.995 1
31074.661 - 88 4.401 1
31075.000 # 1500
31075.000 # 1500
31076.023 - 88 1.880 1
31077.000 # 1500
31078.000 # 1500
31079.000 # 1500
31080.491 + 88 1
31080.628 + 88 1
31080.681 + 88 1
31081.000 # 1500
31082.000 # 1500
31082.099 + 88 1
31082.175 - 88 1.684 1
31082.195 - 88 1.567 1
31082.203 - 88 1.522 1
31084.000 # 1500
31084.888 - 88 2.789 1
31085.233 + 88 1
31086.000 # 1500
31087.000 # 1500
31087.118 - 88 1.885 1
31088.295 + 88 1
31089.000 # 1500
31090.000 # 1500
31090.112 - 88 1.817 1
31090.906 + 88 1
31092.000 # 1500
31093.000 # 1500
31093.366 - 88 2.460 1
31095.000 # 1500
31097.000 # 1500
31098.000 # 1500
31099.494 + 88 1
31099.631 + 88 1
31099.682 + 88 1
31100.000 # 1500
31101.000 # 1500
31101.240 + 88 1
31101.360 - 88 1.866 1
31101.379 - 88 1.748 1
31101.387 - 88 1.705 1
31103.000 # 1500
31103.952 + 88 1
31104.340 - 88 3.100 1
31105.000 # 1500
31106.000 # 1500
31106.014 - 88 2.062 1
31108.000 # 1500
31109.000 # 1500
31111.000 # 1500
31113.000 # 1500
31113.793 + 88 1
31114.000 # 1500
31114.211 - 88 0.418 1
31116.000 # 1500
31116.762 + 88 1
31118.000 # 1500
31118.159 + 88 1
31118.495 - 88 1.733 1
31119.000 # 1500
31119.722 - 88 1.563 1
31120.986 + 88 1
31121.000 # 1500
31122.000 # 1500
31122.621 + 88 1
31122.673 + 88 1
31122.912 - 88 1.926 1
31123.000 # 1500
31124.193 - 88 1.572 1
31124.232 - 88 1.559 1
31124.266 + 88 1
31125.000 # 1500
31126.617 - 88 2.351 1
31127.853 + 88 1
31128.000 # 1500
31130.000 # 1500
31130.603 - 88 2.750 1
31131.000 # 1500
31136.540 + 88 1
31136.677 + 88 1
31141.388 + 88 1
31141.524 + 88 1
31142.000 # 1500
31142.000 # 1500
31142.000 # 1500
31142.000 # 1500
31142.000 # 1500
31143.271 - 88 6.731 1
31143.301 - 88 6.624 1
31143.308 - 88 1.920 1
31143.316 - 88 1.792 1
31145.345 + 88 1
31149.000 # 1500
31149.000 # 1500
31149.000 # 1500
31149.000 # 1500
31149.000 # 1500
31149.944 - 88 4.599 1
31150.838 + 88 1
31151.514 + 88 1
31157.047 + 88 1
31160.059 + 88 1
31163.470 + 88 1
31167.697 + 88 1
31169.317 + 88 1
31174.890 + 88 1
31175.065 + 88 1
31176.000 # 1500
31176.000 # 1500
31176.000 # 1500
31176.000 # 1500
31176.000 # 1500
31176.000 # 1500
31176.000 # 1500
31176.000 # 1500
31176.000 # 1500
31176.792 - 88 25.954 1
31176.814 - 88 25.300 1
31176.823 - 88 19.776 1
31176.830 - 88 16.771 1
31176.836 - 88 13.366 1
31176.842 - 88 9.145 1
31176.849 - 88 7.532 1
31176.855 - 88 1.965 1
31176.862 - 88 1.797 1
31177.000 # 1500
31177.000 # 1500
31177.000 # 1500
31177.000 # 1500
31177.000 # 1500
31177.000 # 1500
31177.000 # 1500
31177.000 # 1500
31178.000 # 1500
31179.190 + 88 1
31180.000 # 1500
31181.000 # 1500
31181.212 - 88 2.022 1
31182.000 # 1500
31182.181 + 88 1
31184.000 # 1500
31185.000 # 1500
31185.200 - 88 3.019 1
31186.000 # 1500
31188.000 # 1500
31188.465 + 88 1
31189.000 # 1500
31190.125 - 88 1.660 1
31191.000 # 1500
31192.000 # 1500
31194.000 # 1500
31195.000 # 1500
31196.000 # 1500
31200.644 + 88 1
31206.000 # 1500
31206.000 # 1500
31206.000 # 1500
31206.000 # 1500
31207.665 - 88 7.021 1
31210.787 + 88 1
31216.000 # 1500
31216.000 # 1500
31216.000 # 1500
31216.584 - 88 5.797 1
31216.874 + 88 1
31218.000 # 1500
31218.000 # 1500
31218.502 + 88 1
31218.745 - 88 1.871 1
31219.000 # 1500
31220.388 - 88 1.886 1
31221.056 + 88 1
31222.000 # 1500
31223.291 - 88 2.235 1
31225.523 + 88 1
31226.000 # 1500
31226.000 # 1500
31227.000 # 1500
31227.470 - 88 1.947 1
31228.000 # 1500
31228.000 # 1500
31229.380 + 88 1
31230.000 # 1500
31231.108 - 88 1.728 1
31233.028 + 88 1
31236.093 + 88 1
31239.000 # 1500
31240.000 # 1500
31240.300 - 88 7.272 1
31240.481 + 88 1
31240.517 + 88 1
31240.618 - 88 4.525 1
31241.000 # 1500
31241.000 # 1500
31242.147 - 88 1.666 1
31242.247 + 88 1
31242.258 - 88 1.741 1
31246.000 # 1500
31246.000 # 1500
31246.227 + 88 1
31246.757 - 88 4.510 1
31248.697 + 88 1
31250.000 # 1500
31251.000 # 1500
31251.641 - 88 5.414 1
31251.670 - 88 2.973 1
31253.000 # 1500
31256.000 # 1500
31257.000 # 1500
31258.000 # 1500
31259.000 # 1500
31259.808 + 88 1
31262.000 # 1500
31263.000 # 1500
31263.266 - 88 3.458 1
31264.000 # 1500
31267.000 # 1500
31268.000 # 1500
31268.135 + 88 1
31270.000 # 1500
31270.642 - 88 2.507 1
31271.000 # 1500
31274.000 # 1500
31277.000 # 1500
31277.000 # 1500
31278.275 + 88 1
31279.000 # 1500
31279.864 - 88 1.589 1
31281.000 # 1500
31283.000 # 1500
31283.279 + 88 1
31284.000 # 1500
31284.953 - 88 1.674 1
31286.000 # 1500
31288.000 # 1500
31289.000 # 1500
31289.041 + 88 1
31292.000 # 1500
31292.774 - 88 3.733 1
31293.000 # 1500
31294.000 # 1500
31295.000 # 1500
31296.000 # 1500
31297.893 + 88 1
31298.000 # 1500
31298.044 + 88 1
31300.000 # 1500
31300.358 - 88 2.465 1
31300.386 - 88 2.342 1
31300.547 + 88 1
31301.000 # 1500
31302.000 # 1500
31302.158 - 88 1.611 1
31303.623 + 88 1
31304.000 # 1500
31305.109 - 88 1.486 1
31306.000 # 1500
31307.000 # 1500
31308.092 + 88 1
31309.000 # 1500
31310.000 # 1500
31310.187 - 88 2.095 1
31310.472 + 88 1
31312.000 # 1500
31313.000 # 1500
31313.004 - 88 2.532 1
31317.000 # 1500
31318.000 # 1500
31319.000 # 1500
31322.084 + 88 1
31322.149 + 88 1
31322.503 + 88 1
31329.000 # 1500
31329.000 # 1500
31329.000 # 1500
31329.000 # 1500
31329.000 # 1500
31330.032 - 88 7.948 1
31330.052 - 88 7.903 1
31330.060 - 88 7.557 1
31330.139 + 88 1
31330.419 + 88 1
31333.000 # 1500
31334.000 # 1500
31334.208 - 88 4.069 1
31334.242 - 88 3.823 1
31334.460 + 88 1
31336.000 # 1500
31337.000 # 1500
31337.384 - 88 2.924 1
31340.000 # 1500
31341.000 # 1500
31342.000 # 1500
31342.328 + 88 1
31344.000 # 1500
31345.258 - 88 2.930 1
31346.000 # 1500
31348.000 # 1500
31349.000 # 1500
31350.000 # 1500
31352.000 # 1500
31352.545 + 88 1
31353.000 # 1500
31354.088 - 88 1.543 1
31354.326 + 88 1
31355.000 # 1500
31356.397 - 88 2.071 1
31357.000 # 1500
31358.000 # 1500
31358.880 + 88 1
31359.000 # 1500
31360.000 # 1500
31360.856 - 88 1.976 1
31362.000 # 1500
31364.000 # 1500
31365.079 + 88 1
31366.000 # 1500
31366.873 - 88 1.794 1
31367.000 # 1500
31369.000 # 1500
31370.000 # 1500
31372.000 # 1500
31373.000 # 1500
31374.000 # 1500
31375.000 # 1500
31378.000 # 1500
31378.000 # 1500
31378.769 + 88 1
31379.000 # 1500
31380.000 # 1500
31380.499 - 88 1.730 1
31382.000 # 1500
31383.000 # 1500
31384.000 # 1500
31384.236 + 88 1
31385.000 # 1500
31386.267 - 88 2.031 1
31386.330 + 88 1
31388.000 # 1500
31389.000 # 1500
31389.107 - 88 2.777 1
31389.435 + 88 1
31390.000 # 1500
31391.233 - 88 1.798 1
31392.000 # 1500
31394.000 # 1500
31394.264 + 88 1
31395.000 # 1500
31396.000 # 1500
31396.128 - 88 1.864 1
31397.068 + 88 1
31398.000 # 1500
31399.000 # 1500
31399.013 - 88 1.945 1
31400.000 # 1500
31402.000 # 1500
31403.000 # 1500
31403.297 + 88 1
31404.000 # 1500
31404.938 - 88 1.641 1
31406.000 # 1500
31406.217 + 88 1
31408.000 # 1500
31408.816 - 88 2.599 1
31410.000 # 1500
31410.568 + 88 1
31412.000 # 1500
31413.000 # 1500
31413.562 - 88 2.994 1
31414.000 # 1500
31415.000 # 1500
31415.620 + 88 1
31417.000 # 1500
31418.000 # 1500
31418.543 - 88 2.923 1
31420.000 # 1500
31420.000 # 1500
31421.000 # 1500
31422.000 # 1500
31424.000 # 1500
31426.000 # 1500
31427.000 # 1500
31428.000 # 1500
31429.000 # 1500
31430.000 # 1500
31457.000 # 1500
31457.000 # 1500
31457.000 # 1500
31457.000 # 1500
31457.000 # 1500
31457.663 + 88 1
31457.860 + 88 1
31457.998 + 88 1
31458.000 # 1500
31458.000 # 1500
31458.000 # 1500
31458.000 # 1500
31458.000 # 1500
31458.000 # 1500
31458.000 # 1500
31458.000 # 1500
31458.000 # 1500
31458.000 # 1500
31458.129 + 88 1
31458.180 + 88 1
31458.315 - 88 0.652 1
31458.437 - 88 0.577 1
31459.000 # 1500
31459.000 # 1500
31459.746 + 88 1
31459.998 - 88 2.000 1
31460.000 # 1500
31460.021 - 88 1.892 1
31460.029 - 88 1.849 1
31461.000 # 1500
31461.510 - 88 1.764 1
31462.000 # 1500
31462.481 + 88 1
31465.538 + 88 1
31467.349 + 88 1
31470.000 # 1500
31470.000 # 1500
31470.323 + 88 1
31470.735 - 88 8.254 1
31470.758 - 88 5.220 1
31470.767 - 88 3.418 1
31473.000 # 1500
31474.214 - 88 3.891 1
31474.442 + 88 1
31477.116 + 88 1
31484.789 + 88 1
31486.000 # 1500
31486.000 # 1500
31486.000 # 1500
31486.000 # 1500
31486.000 # 1500
31486.893 + 88 1
31487.000 # 1500
31487.000 # 1500
31487.000 # 1500
31487.000 # 1500
31487.508 - 88 13.066 1
31487.529 - 88 10.413 1
31487.536 - 88 2.747 1
31493.000 # 1500
31493.000 # 1500
31493.000 # 1500
31493.000 # 1500
31493.000 # 1500
31493.702 - 88 6.809 1
31495.000 # 1500
31495.000 # 1500
31497.000 # 1500
31497.000 # 1500
31498.000 # 1500
31499.000 # 1500
31500.000 # 1500
31501.000 # 1500
31503.000 # 1500
31505.441 + 88 1
31505.580 + 88 1
31505.632 + 88 1
31507.000 # 1500
31508.000 # 1500
31508.343 - 88 2.902 1
31508.364 - 88 2.784 1
31508.371 - 88 2.739 1
31508.496 + 88 1
31511.000 # 1500
31512.000 # 1500
31512.000 # 1500
31512.441 - 88 3.945 1
31513.000 # 1500
31515.000 # 1500
31516.000 # 1500
31517.000 # 1500
31518.000 # 1500
31520.000 # 1500
31521.000 # 1500
31522.000 # 1500
31523.000 # 1500
31523.017 + 88 1
31523.155 + 88 1
31525.000 # 1500
31525.917 - 88 2.900 1
31525.938 - 88 2.783 1
31527.868 + 88 1
31530.000 # 1500
31530.000 # 1500
31530.000 # 1500
31530.862 - 88 2.994 1
31531.000 # 1500
31531.788 + 88 1
31533.000 # 1500
31533.834 - 88 2.046 1
31535.000 # 1500
31546.000 # 1500
31546.000 # 1500
31546.000 # 1500
31546.665 + 88 1
31546.708 + 88 1
31547.000 # 1500
31548.000 # 1500
31548.531 - 88 1.866 1
31548.553 - 88 1.845 1
31549.710 + 88 1
31550.000 # 1500
31550.000 # 1500
31551.512 - 88 1.802 1
31552.000 # 1500
31553.000 # 1500
31553.646 + 88 1
31554.000 # 1500
31555.822 - 88 2.176 1
31558.394 + 88 1
31562.281 + 88 1
31563.000 # 1500
31563.000 # 1500
31564.000 # 1500
31564.000 # 1500
31564.000 # 1500
31564.000 # 1500
31564.340 - 88 5.946 1
31564.360 - 88 2.079 1
31566.246 + 88 1
31567.000 # 1500
31567.000 # 1500
31568.000 # 1500
31568.151 - 88 1.905 1
31568.165 + 88 1
31569.000 # 1500
31570.000 # 1500
31570.065 - 88 1.900 1
31574.000 # 1500
31575.000 # 1500
31575.000 # 1500
31576.857 + 88 1
31579.000 # 1500
31579.882 - 88 3.025 1
31581.000 # 1500
31581.664 + 88 1
31583.000 # 1500
31583.000 # 1500
31583.801 - 88 2.137 1
31585.000 # 1500
31586.000 # 1500
31587.867 + 88 1
31589.000 # 1500
31589.628 - 88 1.761 1
31591.000 # 1500
31591.000 # 1500
31592.000 # 1500
31594.000 # 1500
31597.000 # 1500
31598.045 + 88 1
31598.191 + 88 1
31599.000 # 1500
31600.056 - 88 2.011 1
31600.076 - 88 1.885 1
31602.843 + 88 1
31607.674 + 88 1
31613.512 + 88 1
31617.000 # 1500
31617.000 # 1500
31617.000 # 1500
31617.000 # 1500
31618.000 # 1500
31618.000 # 1500
31618.578 - 88 15.735 1
31618.599 - 88 10.925 1
31618.607 - 88 5.095 1
31622.000 # 1500
31623.000 # 1500
31628.000 # 1500
31628.000 # 1500
31630.301 + 88 1
31630.439 + 88 1
31630.490 + 88 1
31630.539 + 88 1
31632.230 + 88 1
31633.000 # 1500
31634.126 + 88 1
31634.236 - 88 3.935 1
31634.255 - 88 3.816 1
31634.263 - 88 3.773 1
31634.270 - 88 3.731 1
31634.277 - 88 2.047 1
31638.913 + 88 1
31642.968 + 88 1
31645.794 + 88 1
31646.000 # 1500
31646.000 # 1500
31646.000 # 1500
31646.000 # 1500
31646.000 # 1500
31646.292 - 88 12.166 1
31646.313 - 88 7.400 1
31646.322 - 88 3.354 1
31646.329 - 88 0.535 1
31649.733 + 88 1
31651.000 # 1500
31651.000 # 1500
31652.000 # 1500
31652.000 # 1500
31652.000 # 1500
31653.660 + 88 1
31653.784 - 88 4.051 1
31654.000 # 1500
31656.000 # 1500
31659.000 # 1500
31660.067 - 88 6.407 1
31661.000 # 1500
31662.000 # 1500
31664.000 # 1500
31665.000 # 1500
31667.000 # 1500
31669.000 # 1500
31670.757 + 88 1
31670.907 + 88 1
31670.959 + 88 1
31671.000 # 1500
31671.009 + 88 1
31671.242 + 88 1
31671.268 - 88 0.511 1
31672.647 + 88 1
31673.000 # 1500
31674.793 - 88 3.886 1
31674.817 - 88 3.858 1
31674.825 - 88 3.816 1
31674.831 - 88 3.589 1
31674.839 - 88 2.192 1
31675.000 # 1500
31677.000 # 1500
31678.000 # 1500
31680.000 # 1500
31683.000 # 1500
31683.431 + 88 1
31683.569 + 88 1
31684.000 # 1500
31684.164 - 88 0.733 1
31686.000 # 1500
31686.489 - 88 2.920 1
31686.738 + 88 1
31688.000 # 1500
31688.297 - 88 1.559 1
31690.000 # 1500
31691.000 # 1500
31691.178 + 88 1
31693.000 # 1500
31693.228 + 88 1
31693.569 - 88 2.391 1
31695.000 # 1500
31696.118 - 88 2.890 1
31697.000 # 1500
31699.112 + 88 1
31699.267 + 88 1
31700.000 # 1500
31701.000 # 1500
31701.030 - 88 1.918 1
31701.051 - 88 1.784 1
31702.000 # 1500
31704.000 # 1500
31707.000 # 1500
31707.624 + 88 1
31708.000 # 1500
31708.130 + 88 1
31708.210 - 88 0.586 1
31710.000 # 1500
31711.554 - 88 3.424 1
31711.613 + 88 1
31715.000 # 1500
31715.425 + 88 1
31715.464 - 88 3.851 1
31716.000 # 1500
31717.356 - 88 1.931 1
31718.000 # 1500
31718.376 + 88 1
31722.000 # 1500
31723.000 # 1500
31723.128 + 88 1
31723.397 - 88 5.021 1
31725.000 # 1500
31726.111 - 88 2.983 1
31727.000 # 1500
31727.114 + 88 1
31729.000 # 1500
31729.989 - 88 2.875 1
31732.000 # 1500
31732.126 + 88 1
31735.000 # 1500
31735.787 - 88 3.661 1
31737.000 # 1500
31739.000 # 1500
31741.000 # 1500
31743.000 # 1500
31745.674 + 88 1
31746.000 # 1500
31747.463 - 88 1.789 1
31748.000 # 1500
31748.615 + 88 1
31748.759 + 88 1
31749.000 # 1500
31750.000 # 1500
31750.387 - 88 1.772 1
31750.415 - 88 1.656 1
31753.000 # 1500
31755.000 # 1500
31756.000 # 1500
31758.000 # 1500
31758.382 + 88 1
31758.525 + 88 1
31761.000 # 1500
31762.058 - 88 3.676 1
31762.085 - 88 3.560 1
31763.000 # 1500
31764.000 # 1500
31766.000 # 1500
31766.231 + 88 1
31767.000 # 1500
31767.951 - 88 1.720 1
31769.000 # 1500
31778.891 + 88 1
31780.863 + 88 1
31781.000 # 1500
31781.000 # 1500
31781.179 - 88 2.288 1
31782.000 # 1500
31782.622 - 88 1.759 1
31786.000 # 1500
31786.000 # 1500
31790.675 + 88 1
31793.657 + 88 1
31795.000 # 1500
31795.309 - 88 4.634 1
31795.343 - 88 1.686 1
31796.000 # 1500
31796.000 # 1500
31796.000 # 1500
31797.396 + 88 1
31804.000 # 1500
31804.000 # 1500
31804.000 # 1500
31805.000 # 1500
31805.160 - 88 7.764 1
31808.000 # 1500
31809.170 + 88 1
31809.317 + 88 1
31811.000 # 1500
31811.107 + 88 1
31811.419 - 88 2.249 1
31811.446 - 88 2.129 1
31813.000 # 1500
31813.872 - 88 2.765 1
31814.028 + 88 1
31816.000 # 1500
31816.621 - 88 2.593 1
31816.640 + 88 1
31818.000 # 1500
31818.880 - 88 2.240 1
31820.000 # 1500
31820.750 + 88 1
31823.000 # 1500
31823.740 - 88 2.990 1
31825.000 # 1500
31825.774 + 88 1
31828.000 # 1500
31830.635 + 88 1
31830.790 + 88 1
31830.988 - 88 5.214 1
31831.000 # 1500
31831.036 - 88 0.401 1
31831.054 - 88 0.264 1
31832.640 + 88 1
31833.000 # 1500
31834.363 - 88 1.723 1
31835.000 # 1500
31837.371 + 88 1
31839.000 # 1500
31840.274 - 88 2.903 1
31840.491 + 88 1
31841.000 # 1500
31842.000 # 1500
31842.157 - 88 1.666 1
31844.315 + 88 1
31845.000 # 1500
31846.047 - 88 1.732 1
31846.247 + 88 1
31849.198 + 88 1
31850.000 # 1500
31850.994 - 88 4.747 1
31851.023 - 88 1.825 1
31852.000 # 1500
31855.000 # 1500
31857.000 # 1500
31858.967 + 88 1
31859.000 # 1500
31859.112 + 88 1
31859.183 + 88 1
31861.000 # 1500
31861.802 - 88 2.835 1
31861.830 - 88 2.718 1
31861.845 - 88 2.662 1
31864.000 # 1500
31865.000 # 1500
31866.000 # 1500
31870.680 + 88 1
31870.837 + 88 1
31870.892 + 88 1
31873.635 + 88 1
31874.000 # 1500
31874.000 # 1500
31875.000 # 1500
31875.379 - 88 4.699 1
31875.406 - 88 4.569 1
31875.421 - 88 4.529 1
31875.435 - 88 1.800 1
31876.536 + 88 1
31878.000 # 1500
31879.315 - 88 2.779 1
31879.491 + 88 1
31880.000 # 1500
31881.234 - 88 1.743 1
31881.397 + 88 1
31883.411 + 88 1
31886.000 # 1500
31887.000 # 1500
31887.167 + 88 1
31887.532 - 88 6.135 1
31887.702 - 88 4.291 1
31888.000 # 1500
31889.312 - 88 2.145 1
31890.000 # 1500
31891.201 + 88 1
31892.000 # 1500
31892.962 - 88 1.761 1
31893.122 + 88 1
31894.000 # 1500
31894.912 - 88 1.790 1
31896.000 # 1500
31896.050 + 88 1
31898.000 # 1500
31898.866 - 88 2.816 1
31899.043 + 88 1
31900.000 # 1500
31900.754 - 88 1.711 1
31902.794 + 88 1
31905.000 # 1500
31905.696 - 88 2.902 1
31905.899 + 88 1
31908.000 # 1500
31908.632 - 88 2.733 1
31910.707 + 88 1
31914.640 + 88 1
31915.000 # 1500
31915.069 - 88 4.362 1
31915.102 - 88 0.462 1
31916.583 + 88 1
31918.000 # 1500
31918.000 # 1500
31919.328 - 88 2.745 1
31919.497 + 88 1
31920.000 # 1500
31921.234 - 88 1.737 1
31922.000 # 1500
31922.433 + 88 1
31925.000 # 1500
31925.331 + 88 1
31925.641 - 88 3.208 1
31926.000 # 1500
31927.226 - 88 1.895 1
31927.268 + 88 1
31928.000 # 1500
31929.000 # 1500
31929.075 - 88 1.807 1
31931.000 # 1500
31931.214 + 88 1
31933.199 + 88 1
31934.000 # 1500
31934.987 - 88 3.773 1
31935.000 # 1500
31935.016 - 88 1.817 1
31937.000 # 1500
31938.000 # 1500
31938.949 + 88 1
31940.877 + 88 1
31943.000 # 1500
31943.000 # 1500
31943.960 - 88 5.011 1
31944.186 - 88 3.309 1
31945.000 # 1500
31947.000 # 1500
31950.000 # 1500
31951.000 # 1500
31952.566 + 88 1
31954.691 + 88 1
31954.841 + 88 1
31954.894 + 88 1
31958.417 + 88 1
31961.389 + 88 1
31962.000 # 1500
31963.271 - 88 10.705 1
31963.301 - 88 8.610 1
31963.316 - 88 8.475 1
31963.330 - 88 8.436 1
31963.343 - 88 4.926 1
31963.356 - 88 1.967 1
31964.343 + 88 1
31966.000 # 1500
31966.000 # 1500
31966.000 # 1500
31968.206 - 88 3.863 1
31968.282 + 88 1
31971.205 + 88 1
31973.000 # 1500
31973.000 # 1500
31973.000 # 1500
31973.000 # 1500
31974.032 - 88 5.750 1
31974.059 - 88 2.854 1
31975.000 # 1500
31977.000 # 1500
31978.007 + 88 1
31982.000 # 1500
31982.000 # 1500
31982.933 - 88 4.926 1
31983.850 + 88 1
31984.000 # 1500
31993.547 + 88 1
31994.000 # 1500
31994.000 # 1500
31994.000 # 1500
31994.000 # 1500
31995.502 - 88 11.652 1
31995.530 - 88 1.983 1
31995.546 + 88 1
31995.606 + 88 1
31998.615 + 88 1
32000.000 # 1500
32000.000 # 1500
32000.000 # 1500
32001.378 - 88 5.832 1
32001.406 - 88 5.800 1
32001.420 - 88 2.805 1
32001.509 + 88 1
32004.544 + 88 1
32006.389 + 88 1
32009.297 + 88 1
32011.000 # 1500
32011.000 # 1500
32011.000 # 1500
32011.000 # 1500
32011.000 # 1500
32012.092 - 88 10.583 1
32012.119 - 88 7.575 1
32012.133 - 88 5.744 1
32012.146 - 88 2.849 1
32014.000 # 1500
32015.000 # 1500
32016.102 + 88 1
32017.000 # 1500
32017.932 - 88 1.830 1
32020.000 # 1500
32022.000 # 1500
32023.000 # 1500
32024.026 + 88 1
32026.000 # 1500
32026.873 - 88 2.847 1
32028.000 # 1500
32029.966 + 88 1
32030.000 # 1500
32031.000 # 1500
32031.623 - 88 1.657 1
32032.712 + 88 1
32034.000 # 1500
32035.575 - 88 2.863 1
32035.649 + 88 1
32036.000 # 1500
32037.000 # 1500
32037.462 - 88 1.813 1
32039.000 # 1500
32042.000 # 1500
32044.000 # 1500
32045.000 # 1500
32046.000 # 1500
32048.000 # 1500
32051.000 # 1500
32051.420 + 88 1
32051.558 + 88 1
32051.618 + 88 1
32052.214 + 88 1
32052.454 + 88 1
32053.000 # 1500
32054.168 - 88 2.748 1
32054.195 - 88 2.637 1
32054.208 - 88 2.590 1
32054.221 - 88 2.007 1
32054.234 - 88 1.780 1
32055.281 + 88 1
32058.000 # 1500
32059.000 # 1500
32059.044 - 88 3.763 1
32061.000 # 1500
32062.000 # 1500
32064.000 # 1500
32066.999 + 88 1
32067.000 # 1500
32069.885 + 88 1
32070.023 + 88 1
32070.446 + 88 1
32072.000 # 1500
32072.867 - 88 5.868 1
32072.893 - 88 3.008 1
32072.907 - 88 2.884 1
32072.920 - 88 2.474 1
32075.000 # 1500
32077.000 # 1500
32082.000 # 1500
32083.000 # 1500
32083.578 + 88 1
32083.720 + 88 1
32085.000 # 1500
32086.391 - 88 2.813 1
32086.416 - 88 2.696 1
32087.000 # 1500
32087.580 + 88 1
32090.000 # 1500
32090.272 - 88 2.692 1
32091.000 # 1500
32093.000 # 1500
32094.000 # 1500
32096.363 + 88 1
32096.507 + 88 1
32096.568 + 88 1
32099.000 # 1500
32099.288 + 88 1
32099.552 - 88 3.189 1
32099.579 - 88 3.072 1
32099.593 - 88 3.025 1
32100.000 # 1500
32100.996 - 88 1.708 1
32102.000 # 1500
32102.188 + 88 1
32104.000 # 1500
32104.353 + 88 1
32104.630 - 88 2.442 1
32106.000 # 1500
32106.983 - 88 2.630 1
32108.000 # 1500
32109.091 + 88 1
32110.000 # 1500
32111.035 - 88 1.944 1
32112.942 + 88 1
32113.000 # 1500
32113.092 + 88 1
32114.000 # 1500
32114.814 - 88 1.872 1
32114.840 - 88 1.748 1
32115.000 # 1500
32117.000 # 1500
32117.781 + 88 1
32126.000 # 1500
32126.000 # 1500
32126.000 # 1500
32126.773 + 88 1
32126.986 - 88 9.205 1
32127.081 + 88 1
32133.843 + 88 1
32134.000 # 1500
32134.000 # 1500
32134.000 # 1500
32134.049 - 88 7.276 1
32134.077 - 88 6.996 1
32134.093 - 88 0.250 1
32134.171 + 88 1
32142.475 + 88 1
32142.565 + 88 1
32144.000 # 1500
32145.000 # 1500
32145.000 # 1500
32145.000 # 1500
32145.214 - 88 11.043 1
32145.241 - 88 2.766 1
32145.259 - 88 2.694 1
32150.189 + 88 1
32152.000 # 1500
32153.091 - 88 2.902 1
32155.061 + 88 1
32158.123 + 88 1
32164.202 + 88 1
32173.688 + 88 1
32182.679 + 88 1
32186.399 + 88 1
32188.455 + 88 1
32195.097 + 88 1
32195.314 + 88 1
32200.060 + 88 1
32203.860 + 88 1
32207.000 # 1500
32207.000 # 1500
32207.000 # 1500
32207.000 # 1500
32207.000 # 1500
32207.000 # 1500
32207.000 # 1500
32207.000 # 1500
32207.000 # 1500
32207.000 # 1500
32207.000 # 1500
32207.000 # 1500
32207.000 # 1500
32207.000 # 1500
32207.000 # 1500
32207.000 # 1500
32208.000 # 1500
32208.000 # 1500
32208.000 # 1500
32208.000 # 1500
32208.000 # 1500
32208.000 # 1500
32208.000 # 1500
32208.000 # 1500
32208.000 # 1500
32208.000 # 1500
32208.000 # 1500
32208.874 - 88 53.813 1
32209.000 # 1500
32209.000 # 1500
32209.000 # 1500
32209.000 # 1500
32209.000 # 1500
32209.000 # 1500
32209.044 + 88 1
32209.070 - 88 50.947 1
32209.091 - 88 44.889 1
32209.108 - 88 35.420 1
32209.122 - 88 26.443 1
32209.135 - 88 22.736 1
32209.148 - 88 20.693 1
32209.162 - 88 14.065 1
32209.175 - 88 13.861 1
32209.187 - 88 9.127 1
32209.200 - 88 5.340 1
32210.000 # 1500
32210.827 - 88 1.783 1
32212.000 # 1500
32212.892 + 88 1
32214.000 # 1500
32214.575 - 88 1.683 1
32216.000 # 1500
32218.000 # 1500
32222.000 # 1500
32224.000 # 1500
32224.608 + 88 1
32224.652 + 88 1
32225.000 # 1500
32226.298 - 88 1.690 1
32226.328 - 88 1.676 1
32227.000 # 1500
32229.000 # 1500
32231.000 # 1500
32231.572 + 88 1
32233.000 # 1500
32234.331 - 88 2.759 1
32234.406 + 88 1
32235.000 # 1500
32237.000 # 1500
32238.293 - 88 3.887 1
32238.692 + 88 1
32239.000 # 1500
32240.347 - 88 1.655 1
32240.369 + 88 1
32241.000 # 1500
32241.797 - 88 1.428 1
32243.000 # 1500
32243.656 + 88 1
32245.000 # 1500
32245.360 - 88 1.704 1
32246.000 # 1500
32249.000 # 1500
32251.000 # 1500
32253.000 # 1500
32254.000 # 1500
32254.339 + 88 1
32254.385 + 88 1
32257.000 # 1500
32258.000 # 1500
32258.231 - 88 3.892 1
32258.252 - 88 3.867 1
32261.000 # 1500
32262.462 + 88 1
32263.000 # 1500
32264.053 - 88 1.591 1
32265.000 # 1500
32267.000 # 1500
32269.851 + 88 1
32270.000 # 1500
32270.000 # 1500
32271.669 - 88 1.818 1
32272.000 # 1500
32274.000 # 1500
32276.000 # 1500
32278.000 # 1500
32278.000 # 1500
32280.000 # 1500
32282.000 # 1500
32283.000 # 1500
32283.896 + 88 1
32285.870 + 88 1
32289.642 + 88 1
32294.000 # 1500
32294.000 # 1500
32295.000 # 1500
32296.053 - 88 12.157 1
32296.076 - 88 10.206 1
32296.086 - 88 6.444 1
32296.179 + 88 1
32297.000 # 1500
32297.690 - 88 1.511 1
32299.030 + 88 1
32300.000 # 1500
32300.000 # 1500
32300.903 - 88 1.873 1
32304.235 + 88 1
32307.985 + 88 1
32312.000 # 1500
32312.000 # 1500
32312.193 + 88 1
32312.803 - 88 8.568 1
32312.824 - 88 4.839 1
32315.761 + 88 1
32319.691 + 88 1
32323.627 + 88 1
32326.000 # 1500
32327.525 - 88 15.332 1
32327.556 - 88 11.795 1
32327.563 - 88 7.872 1
32327.571 - 88 3.944 1
32328.000 # 1500
32328.000 # 1500
32328.000 # 1500
32329.000 # 1500
32329.000 # 1500
32329.237 + 88 1
32332.377 + 88 1
32336.000 # 1500
32337.000 # 1500
32337.000 # 1500
32337.138 - 88 7.901 1
32337.160 - 88 4.783 1
32339.000 # 1500
32341.000 # 1500
32343.918 + 88 1
32344.000 # 1500
32344.319 + 88 1
32345.000 # 1500
32345.988 - 88 2.070 1
32346.006 - 88 1.687 1
32348.000 # 1500
32349.000 # 1500
32350.230 + 88 1
32350.368 + 88 1
32351.000 # 1500
32352.124 - 88 1.894 1
32352.155 - 88 1.787 1
32352.351 + 88 1
32353.000 # 1500
32354.716 - 88 2.365 1
32356.000 # 1500
32357.000 # 1500
32357.031 + 88 1
32358.000 # 1500
32358.620 - 88 1.589 1
32360.706 + 88 1
32362.000 # 1500
32363.000 # 1500
32363.524 - 88 2.818 1
32364.437 + 88 1
32365.000 # 1500
32366.161 - 88 1.724 1
32367.000 # 1500
32370.189 + 88 1
32372.000 # 1500
32372.551 - 88 2.362 1
32372.758 + 88 1
32373.000 # 1500
32374.295 - 88 1.537 1
32375.000 # 1500
32378.000 # 1500
32382.966 + 88 1
32383.112 + 88 1
32384.913 + 88 1
32388.000 # 1500
32388.009 + 88 1
32388.770 - 88 5.804 1
32388.800 - 88 5.688 1
32388.808 - 88 3.895 1
32391.000 # 1500
32391.000 # 1500
32391.000 # 1500
32391.067 + 88 1
32391.498 - 88 3.489 1
32392.000 # 1500
32392.760 - 88 1.693 1
32394.000 # 1500
32396.096 + 88 1
32397.000 # 1500
32397.697 - 88 1.601 1
32398.000 # 1500
32399.919 + 88 1
32400.000 # 1500
32403.569 + 88 1
32404.000 # 1500
32405.708 - 88 5.789 1
32405.877 - 88 2.308 1
32406.000 # 1500
32407.527 + 88 1
32410.668 + 88 1
32416.507 + 88 1
32417.000 # 1500
32417.000 # 1500
32417.000 # 1500
32417.000 # 1500
32417.000 # 1500
32418.447 - 88 10.920 1
32418.467 - 88 7.799 1
32418.476 - 88 1.969 1
32419.979 + 88 1
32420.000 # 1500
32422.000 # 1500
32423.233 - 88 3.254 1
32424.061 + 88 1
32425.000 # 1500
32426.000 # 1500
32426.219 - 88 2.158 1
32427.000 # 1500
32428.379 + 88 1
32429.000 # 1500
32430.335 - 88 1.956 1
32431.000 # 1500
32432.133 + 88 1
32434.000 # 1500
32435.000 # 1500
32435.058 - 88 2.925 1
32437.000 # 1500
32437.132 + 88 1
32439.000 # 1500
32439.657 - 88 2.525 1
32440.000 # 1500
32442.000 # 1500
32444.000 # 1500
32446.000 # 1500
32446.910 + 88 1
32447.244 + 88 1
32450.000 # 1500
32450.787 - 88 3.877 1
32450.816 - 88 3.572 1
32451.000 # 1500
32451.804 + 88 1
32452.000 # 1500
32454.000 # 1500
32455.235 - 88 3.431 1
32457.000 # 1500
32459.000 # 1500
32460.000 # 1500
32461.000 # 1500
32463.000 # 1500
32463.159 + 88 1
32463.992 + 88 1
32466.000 # 1500
32466.658 - 88 3.499 1
32466.685 - 88 2.693 1
32468.482 + 88 1
32469.000 # 1500
32470.015 - 88 1.533 1
32472.000 # 1500
32472.814 + 88 1
32473.000 # 1500
32474.272 - 88 1.458 1
32476.000 # 1500
32478.000 # 1500
32478.484 + 88 1
32479.000 # 1500
32480.673 - 88 2.189 1
32481.000 # 1500
32483.000 # 1500
32483.399 + 88 1
32484.856 + 88 1
32485.000 # 1500
32485.199 - 88 1.800 1
32487.000 # 1500
32487.432 - 88 2.576 1
32488.794 + 88 1
32493.328 + 88 1
32497.663 + 88 1
32498.000 # 1500
32498.000 # 1500
32499.272 - 88 10.478 1
32499.303 - 88 5.975 1
32499.311 - 88 1.648 1
32501.000 # 1500
32501.000 # 1500
32501.153 + 88 1
32510.816 + 88 1
32515.000 # 1500
32515.000 # 1500
32515.940 - 88 14.787 1
32515.963 - 88 5.147 1
32516.000 # 1500
32516.000 # 1500
32516.000 # 1500
32519.000 # 1500
32521.000 # 1500
32521.137 + 88 1
32524.000 # 1500
32525.148 - 88 4.011 1
32526.000 # 1500
32528.000 # 1500
32533.503 + 88 1
32538.486 + 88 1
32540.000 # 1500
32540.000 # 1500
32540.000 # 1500
32540.000 # 1500
32541.251 - 88 7.748 1
32541.274 - 88 2.788 1
32542.000 # 1500
32542.929 + 88 1
32544.000 # 1500
32544.389 - 88 1.460 1
32547.000 # 1500
32549.000 # 1500
32551.000 # 1500
32553.000 # 1500
32553.620 + 88 1
32555.000 # 1500
32556.000 # 1500
32556.389 - 88 2.769 1
32558.000 # 1500
32561.000 # 1500
32563.000 # 1500
32564.000 # 1500
32565.731 + 88 1
32566.000 # 1500
32566.161 - 88 0.430 1
32568.000 # 1500
32570.000 # 1500
32570.191 + 88 1
32570.400 + 88 1
32573.000 # 1500
32574.000 # 1500
32574.006 - 88 3.815 1
32574.020 - 88 3.620 1
32575.000 # 1500
32575.821 + 88 1
32577.000 # 1500
32578.525 - 88 2.704 1
32579.000 # 1500
32580.853 + 88 1
32581.000 # 1500
32583.000 # 1500
32584.171 - 88 3.318 1
32585.000 # 1500
32585.647 + 88 1
32587.000 # 1500
32588.108 - 88 2.461 1
32589.000 # 1500
32591.657 + 88 1
32596.210 + 88 1
32598.000 # 1500
32598.000 # 1500
32599.000 # 1500
32599.000 # 1500
32599.000 # 1500
32599.060 - 88 7.403 1
32599.083 - 88 2.873 1
32600.504 + 88 1
32602.000 # 1500
32602.911 - 88 2.407 1
32604.000 # 1500
32604.717 + 88 1
32606.000 # 1500
32606.695 - 88 1.978 1
32607.000 # 1500
32609.000 # 1500
32611.000 # 1500
32615.000 # 1500
32617.000 # 1500
32617.709 + 88 1
32619.000 # 1500
32620.296 - 88 2.587 1
32621.000 # 1500
32621.514 + 88 1
32623.000 # 1500
32623.098 + 88 1
32623.988 - 88 2.474 1
32624.000 # 1500
32625.254 - 88 2.156 1
32626.000 # 1500
32628.000 # 1500
32630.000 # 1500
32632.000 # 1500
32632.745 + 88 1
32632.811 + 88 1
32635.000 # 1500
32636.000 # 1500
32636.935 - 88 4.190 1
32636.957 - 88 4.146 1
32637.000 # 1500
32639.000 # 1500
32641.000 # 1500
32641.605 + 88 1
32641.750 + 88 1
32644.000 # 1500
32645.000 # 1500
32645.619 + 88 1
32645.672 - 88 4.067 1
32645.692 - 88 3.942 1
32647.000 # 1500
32648.000 # 1500
32648.491 - 88 2.872 1
32650.000 # 1500
32652.000 # 1500
32655.000 # 1500
32655.031 + 88 1
32655.189 + 88 1
32657.000 # 1500
32658.172 - 88 3.141 1
32658.203 - 88 3.014 1
32659.000 # 1500
32661.000 # 1500
32661.113 + 88 1
32664.000 # 1500
32664.983 - 88 3.870 1
32665.974 + 88 1
32666.000 # 1500
32669.000 # 1500
32669.860 - 88 3.886 1
32670.319 + 88 1
32672.000 # 1500
32672.721 - 88 2.402 1
32673.000 # 1500
32676.670 + 88 1
32677.000 # 1500
32677.000 # 1500
32678.715 - 88 2.045 1
32682.804 + 88 1
32684.000 # 1500
32684.719 - 88 1.915 1
32685.000 # 1500
32688.000 # 1500
32689.000 # 1500
32690.000 # 1500
32693.000 # 1500
32695.000 # 1500
32695.840 + 88 1
32696.313 + 88 1
32697.675 + 88 1
32698.000 # 1500
32699.479 - 88 3.639 1
32699.500 - 88 3.187 1
32699.508 - 88 1.833 1
32700.000 # 1500
32701.576 + 88 1
32702.000 # 1500
32704.000 # 1500
32704.191 - 88 2.615 1
32704.561 + 88 1
32707.000 # 1500
32708.185 - 88 3.624 1
32709.000 # 1500
32709.877 + 88 1
32711.000 # 1500
32712.000 # 1500
32712.366 - 88 2.489 1
32722.150 + 88 1
32722.291 + 88 1
32722.369 + 88 1
32723.000 # 1500
32723.000 # 1500
32723.000 # 1500
32723.958 - 88 1.808 1
32723.993 - 88 1.702 1
32724.102 - 88 1.733 1
32726.000 # 1500
32726.000 # 1500
32728.929 + 88 1
32732.000 # 1500
32732.000 # 1500
32732.856 - 88 3.927 1
32733.155 + 88 1
32735.000 # 1500
32735.000 # 1500
32735.000 # 1500
32736.000 # 1500
32736.373 - 88 3.218 1
32739.000 # 1500
32739.270 + 88 1
32741.000 # 1500
32742.419 - 88 3.149 1
32745.436 + 88 1
32750.000 # 1500
32750.000 # 1500
32750.000 # 1500
32750.000 # 1500
32751.000 # 1500
32751.248 - 88 5.812 1
32753.254 + 88 1
32755.000 # 1500
32755.000 # 1500
32756.116 - 88 2.862 1
32757.000 # 1500
32759.000 # 1500
32762.000 # 1500
32763.000 # 1500
32765.000 # 1500
32766.000 # 1500
32768.000 # 1500
32770.464 + 88 1
32771.000 # 1500
32772.000 # 1500
32772.547 - 88 2.083 1
32773.000 # 1500
32777.000 # 1500
32779.000 # 1500
32780.000 # 1500
32781.000 # 1500
32783.000 # 1500
32785.588 + 88 1
32786.000 # 1500
32787.000 # 1500
32787.298 - 88 1.710 1
32789.000 # 1500
32790.460 + 88 1
32792.000 # 1500
32792.243 + 88 1
32792.663 - 88 2.203 1
32793.000 # 1500
32794.113 - 88 1.870 1
32795.000 # 1500
32797.000 # 1500
32798.000 # 1500
32801.000 # 1500
32802.000 # 1500
32805.000 # 1500
32805.625 + 88 1
32805.772 + 88 1
32806.000 # 1500
32807.913 + 88 1
32807.952 - 88 2.327 1
32807.978 - 88 2.206 1
32812.476 + 88 1
32813.000 # 1500
32813.000 # 1500
32813.000 # 1500
32814.520 - 88 6.607 1
32814.543 - 88 2.067 1
32816.000 # 1500
32816.412 + 88 1
32818.000 # 1500
32819.373 - 88 2.961 1
32820.000 # 1500
32821.390 + 88 1
32823.000 # 1500
32824.000 # 1500
32824.375 - 88 2.985 1
32826.235 + 88 1
32827.000 # 1500
32828.231 - 88 1.996 1
32829.000 # 1500
32831.000 # 1500
32833.000 # 1500
32833.772 + 88 1
32835.000 # 1500
32835.982 - 88 2.210 1
32837.000 # 1500
32838.000 # 1500
32841.000 # 1500
32842.000 # 1500
32842.972 + 88 1
32844.000 # 1500
32844.903 - 88 1.931 1
32847.000 # 1500
32849.259 + 88 1
32857.586 + 88 1
32858.000 # 1500
32858.000 # 1500
32858.000 # 1500
32859.445 - 88 10.186 1
32859.466 - 88 1.880 1
32863.227 + 88 1
32865.000 # 1500
32865.000 # 1500
32866.000 # 1500
32866.353 - 88 3.126 1
32867.000 # 1500
32867.000 # 1500
32878.000 # 1500
32878.000 # 1500
32880.169 + 88 1
32882.000 # 1500
32882.000 # 1500
32882.000 # 1500
32882.000 # 1500
32882.930 - 88 2.761 1
32883.000 # 1500
32884.880 + 88 1
32886.000 # 1500
32886.699 - 88 1.819 1
32887.000 # 1500
32889.000 # 1500
32889.575 + 88 1
32894.094 + 88 1
32898.000 # 1500
32898.000 # 1500
32898.000 # 1500
32898.930 - 88 9.355 1
32898.953 - 88 4.859 1
32906.000 # 1500
32906.000 # 1500
32910.000 # 1500
32910.000 # 1500
32910.000 # 1500
32910.784 + 88 1
32910.929 + 88 1
32913.257 + 88 1
32917.000 # 1500
32918.000 # 1500
32918.000 # 1500
32918.094 - 88 7.310 1
32918.117 - 88 7.188 1
32918.126 - 88 4.869 1
32920.266 + 88 1
32926.000 # 1500
32926.000 # 1500
32926.000 # 1500
32926.695 + 88 1
32926.950 - 88 6.684 1
32927.000 # 1500
32927.000 # 1500
32928.980 - 88 2.285 1
32929.000 # 1500
32931.903 + 88 1
32936.604 + 88 1
32941.407 + 88 1
32944.221 + 88 1
32950.000 # 1500
32950.000 # 1500
32950.000 # 1500
32950.000 # 1500
32950.000 # 1500
32950.000 # 1500
32950.197 + 88 1
32950.624 - 88 18.721 1
32950.746 - 88 14.142 1
32950.778 - 88 9.371 1
32950.789 - 88 6.568 1
32951.000 # 1500
32951.000 # 1500
32952.366 - 88 2.169 1
32955.000 # 1500
32955.000 # 1500
32955.000 # 1500
32956.000 # 1500
32956.459 + 88 1
32961.906 + 88 1
32965.371 + 88 1
32966.000 # 1500
32966.000 # 1500
32966.000 # 1500
32966.961 - 88 10.502 1
32966.984 - 88 5.078 1
32966.992 - 88 1.621 1
32967.000 # 1500
32967.000 # 1500
32968.000 # 1500
32971.685 + 88 1
32972.000 # 1500
32973.486 - 88 1.801 1
32974.000 # 1500
32975.000 # 1500
32976.649 + 88 1
32977.000 # 1500
32978.284 - 88 1.635 1
32979.000 # 1500
32982.000 # 1500
32982.000 # 1500
32984.481 + 88 1
32986.000 # 1500
32987.309 - 88 2.828 1
32988.000 # 1500
32989.000 # 1500
32989.276 + 88 1
32991.000 # 1500
32992.384 - 88 3.108 1
32997.538 + 88 1
33002.203 + 88 1
33003.000 # 1500
33003.930 - 88 6.392 1
33003.962 - 88 1.759 1
33004.000 # 1500
33004.000 # 1500
33004.000 # 1500
33004.000 # 1500
33005.000 # 1500
33007.000 # 1500
33008.000 # 1500
33010.000 # 1500
33015.000 # 1500
33017.000 # 1500
33020.000 # 1500
33021.000 # 1500
33023.000 # 1500
33023.590 + 88 1
33025.000 # 1500
33025.393 + 88 1
33025.745 - 88 2.155 1
33035.994 + 88 1
33036.000 # 1500
33036.000 # 1500
33036.000 # 1500
33036.000 # 1500
33036.352 - 88 10.959 1
33037.000 # 1500
33038.000 # 1500
33038.115 - 88 2.121 1
33043.000 # 1500
33043.207 + 88 1
33044.000 # 1500
33044.639 - 88 1.432 1
33047.000 # 1500
33050.000 # 1500
33052.000 # 1500
33053.000 # 1500
33055.368 + 88 1
33057.919 + 88 1
33066.000 # 1500
33066.000 # 1500
33066.000 # 1500
33066.637 - 88 11.269 1
33066.659 - 88 8.740 1
33067.000 # 1500
33067.000 # 1500
33070.562 + 88 1
33072.513 + 88 1
33077.000 # 1500
33077.000 # 1500
33077.000 # 1500
33077.000 # 1500
33077.000 # 1500
33078.000 # 1500
33078.236 - 88 7.674 1
33078.257 - 88 5.744 1
33081.000 # 1500
33083.000 # 1500
33083.122 + 88 1
33084.000 # 1500
33085.019 - 88 1.897 1
33086.000 # 1500
33088.000 # 1500
33089.147 + 88 1
33090.000 # 1500
33091.348 - 88 2.201 1
33092.000 # 1500
33093.007 + 88 1
33094.000 # 1500
33095.357 - 88 2.350 1
33097.000 # 1500
33098.000 # 1500
33098.481 + 88 1
33104.789 + 88 1
33109.000 # 1500
33109.000 # 1500
33109.000 # 1500
33109.000 # 1500
33110.538 - 88 12.057 1
33110.554 - 88 5.765 1
33110.823 + 88 1
33115.352 + 88 1
33118.000 # 1500
33118.000 # 1500
33118.000 # 1500
33118.000 # 1500
33119.091 - 88 8.268 1
33119.119 - 88 3.767 1
33120.000 # 1500
33124.000 # 1500
33125.000 # 1500
33125.017 + 88 1
33127.000 # 1500
33127.774 - 88 2.757 1
33129.000 # 1500
33130.880 + 88 1
33131.000 # 1500
33133.000 # 1500
33133.109 - 88 2.229 1
33135.000 # 1500
33138.000 # 1500
33138.000 # 1500
33139.466 + 88 1
33140.000 # 1500
33141.508 - 88 2.042 1
33142.000 # 1500
33145.000 # 1500
33145.263 + 88 1
33146.000 # 1500
33146.901 - 88 1.638 1
33150.000 # 1500
33159.616 + 88 1
33165.474 + 88 1
33167.000 # 1500
33167.000 # 1500
33167.000 # 1500
33167.000 # 1500
33167.000 # 1500
33168.000 # 1500
33168.349 - 88 8.733 1
33168.369 - 88 2.895 1
33172.239 + 88 1
33173.000 # 1500
33173.000 # 1500
33173.000 # 1500
33174.370 - 88 2.131 1
33175.000 # 1500
33178.280 + 88 1
33184.960 + 88 1
33186.000 # 1500
33186.000 # 1500
33186.000 # 1500
33186.965 - 88 8.685 1
33186.980 - 88 2.020 1
33190.000 # 1500
33191.000 # 1500
33191.000 # 1500
33192.000 # 1500
33192.824 + 88 1
33194.000 # 1500
33195.910 - 88 3.086 1
33196.000 # 1500
33200.980 + 88 1
33203.145 + 88 1
33207.000 # 1500
33207.000 # 1500
33207.000 # 1500
33207.000 # 1500
33207.000 # 1500
33208.000 # 1500
33208.457 - 88 7.477 1
33208.474 - 88 5.329 1
33208.822 + 88 1
33210.000 # 1500
33211.350 - 88 2.528 1
33212.000 # 1500
33213.512 + 88 1
33214.000 # 1500
33215.171 - 88 1.659 1
33216.000 # 1500
33218.000 # 1500
33220.000 # 1500
33222.000 # 1500
33224.000 # 1500
33226.000 # 1500
33228.000 # 1500
33229.972 + 88 1
33230.000 # 1500
33230.223 + 88 1
33231.000 # 1500
33232.005 - 88 2.033 1
33232.037 - 88 1.814 1
33234.000 # 1500
33235.000 # 1500
33237.000 # 1500
33239.000 # 1500
33239.144 + 88 1
33241.000 # 1500
33241.818 - 88 2.674 1
33243.000 # 1500
33245.000 # 1500
33246.667 + 88 1
33255.363 + 88 1
33256.000 # 1500
33257.445 - 88 10.778 1
33257.583 - 88 2.220 1
33272.907 + 88 1
33274.000 # 1500
33274.000 # 1500
33274.000 # 1500
33274.000 # 1500
33274.000 # 1500
33274.000 # 1500
33274.000 # 1500
33275.000 # 1500
33275.000 # 1500
33275.000 # 1500
33275.000 # 1500
33275.000 # 1500
33275.000 # 1500
33275.000 # 1500
33275.000 # 1500
33275.108 - 88 2.201 1
33277.000 # 1500
33279.000 # 1500
33280.000 # 1500
33282.000 # 1500
33283.090 + 88 1
33284.000 # 1500
33284.629 - 88 1.539 1
33286.000 # 1500
33287.898 + 88 1
33288.000 # 1500
33290.000 # 1500
33290.601 - 88 2.703 1
33292.000 # 1500
33293.000 # 1500
33295.000 # 1500
33297.000 # 1500
33297.352 + 88 1
33299.000 # 1500
33300.588 - 88 3.236 1
33301.000 # 1500
33303.000 # 1500
33306.000 # 1500
33307.000 # 1500
33309.000 # 1500
33309.207 + 88 1
33311.000 # 1500
33312.971 - 88 3.764 1
33313.000 # 1500
33313.298 + 88 1
33315.000 # 1500
33316.000 # 1500
33316.128 - 88 2.830 1
33318.000 # 1500
33321.704 + 88 1
33322.000 # 1500
33323.000 # 1500
33323.743 - 88 2.039 1
33324.000 # 1500
33326.000 # 1500
33328.000 # 1500
33328.520 + 88 1
33331.000 # 1500
33332.488 - 88 3.968 1
33333.000 # 1500
33342.205 + 88 1
33343.000 # 1500
33343.000 # 1500
33343.000 # 1500
33343.000 # 1500
33343.000 # 1500
33344.088 - 88 1.883 1
33344.342 + 88 1
33345.000 # 1500
33346.229 - 88 1.887 1
33347.000 # 1500
33349.000 # 1500
33351.000 # 1500
33353.000 # 1500
33356.000 # 1500
33357.000 # 1500
33357.191 + 88 1
33358.912 + 88 1
33360.000 # 1500
33360.699 - 88 3.508 1
33360.766 - 88 1.854 1
33361.000 # 1500
33363.000 # 1500
33363.795 + 88 1
33365.000 # 1500
33366.024 - 88 2.229 1
33367.000 # 1500
33370.000 # 1500
33370.537 + 88 1
33375.520 + 88 1
33382.341 + 88 1
33384.000 # 1500
33384.000 # 1500
33384.000 # 1500
33384.000 # 1500
33385.000 # 1500
33385.000 # 1500
33385.117 - 88 14.580 1
33385.212 - 88 9.692 1
33385.220 - 88 2.879 1
33386.000 # 1500
33387.000 # 1500
33387.398 + 88 1
33389.000 # 1500
33390.066 - 88 2.668 1
33391.000 # 1500
33392.000 # 1500
33392.404 + 88 1
33394.000 # 1500
33394.000 # 1500
33395.078 - 88 2.674 1
33396.000 # 1500
33397.319 + 88 1
33399.000 # 1500
33399.000 # 1500
33399.825 - 88 2.506 1
33400.000 # 1500
33401.000 # 1500
33402.000 # 1500
33403.000 # 1500
33403.074 + 88 1
33404.000 # 1500
33404.690 - 88 1.616 1
33406.000 # 1500
33407.108 + 88 1
33409.000 # 1500
33409.000 # 1500
33409.753 - 88 2.645 1
33410.000 # 1500
33413.000 # 1500
33413.000 # 1500
33414.000 # 1500
33414.488 + 88 1
33416.000 # 1500
33416.775 + 88 1
33416.969 - 88 2.481 1
33417.000 # 1500
33418.000 # 1500
33418.366 - 88 1.591 1
33420.000 # 1500
33420.363 + 88 1
33421.000 # 1500
33422.000 # 1500
33422.417 - 88 2.054 1
33423.000 # 1500
33425.000 # 1500
33425.322 + 88 1
33426.000 # 1500
33427.000 # 1500
33427.388 - 88 2.066 1
33428.000 # 1500
33429.413 + 88 1
33431.000 # 1500
33432.000 # 1500
33432.198 + 88 1
33432.287 - 88 2.874 1
33433.000 # 1500
33433.967 - 88 1.769 1
33435.000 # 1500
33437.000 # 1500
33437.194 + 88 1
33439.000 # 1500
33439.924 - 88 2.730 1
33440.128 + 88 1
33441.000 # 1500
33442.046 - 88 1.918 1
33445.857 + 88 1
33450.000 # 1500
33450.000 # 1500
33450.613 + 88 1
33450.810 - 88 4.953 1
33455.000 # 1500
33455.000 # 1500
33456.000 # 1500
33456.000 # 1500
33456.000 # 1500
33456.000 # 1500
33457.675 - 88 7.062 1
33458.000 # 1500
33458.046 + 88 1
33460.000 # 1500
33460.656 - 88 2.610 1
33461.000 # 1500
33461.453 + 88 1
33463.000 # 1500
33464.363 - 88 2.910 1
33466.268 + 88 1
33467.000 # 1500
33468.000 # 1500
33468.441 - 88 2.173 1
33470.000 # 1500
33471.251 + 88 1
33481.000 # 1500
33481.914 - 88 10.663 1
33482.000 # 1500
33482.000 # 1500
33482.000 # 1500
33482.000 # 1500
33482.000 # 1500
33483.118 + 88 1
33484.000 # 1500
33484.871 - 88 1.753 1
33484.911 + 88 1
33484.980 + 88 1
33485.000 # 1500
33485.089 - 88 0.178 1
33487.000 # 1500
33487.757 - 88 2.777 1
33488.000 # 1500
33489.601 + 88 1
33490.000 # 1500
33491.850 - 88 2.249 1
33493.515 + 88 1
33497.456 + 88 1
33500.000 # 1500
33501.590 - 88 8.075 1
33501.618 - 88 4.162 1
33503.000 # 1500
33505.000 # 1500
33508.000 # 1500
33508.000 # 1500
33508.000 # 1500
33508.365 + 88 1
33515.000 # 1500
33515.000 # 1500
33516.194 - 88 7.829 1
33518.869 + 88 1
33522.000 # 1500
33522.000 # 1500
33522.000 # 1500
33522.000 # 1500
33522.000 # 1500
33523.000 # 1500
33524.014 - 88 5.145 1
33524.242 + 88 1
33525.000 # 1500
33526.000 # 1500
33526.846 - 88 2.604 1
33528.000 # 1500
33529.000 # 1500
33530.608 + 88 1
33533.622 + 88 1
33538.387 + 88 1
33542.000 # 1500
33542.000 # 1500
33542.000 # 1500
33542.000 # 1500
33542.000 # 1500
33542.357 + 88 1
33542.547 - 88 11.939 1
33542.573 - 88 8.951 1
33542.576 - 88 4.189 1
33543.000 # 1500
33543.757 - 88 1.400 1
33545.000 # 1500
33546.000 # 1500
33546.246 + 88 1
33549.000 # 1500
33549.949 - 88 3.703 1
33551.000 # 1500
33551.193 + 88 1
33556.990 + 88 1
33560.000 # 1500
33561.000 # 1500
33561.000 # 1500
33561.000 # 1500
33561.000 # 1500
33561.000 # 1500
33561.000 # 1500
33561.141 - 88 9.948 1
33561.158 - 88 4.168 1
33561.203 + 88 1
33563.000 # 1500
33563.836 - 88 2.633 1
33564.000 # 1500
33566.000 # 1500
33566.242 + 88 1
33569.778 + 88 1
33573.000 # 1500
33573.000 # 1500
33573.957 + 88 1
33574.000 # 1500
33574.317 - 88 8.075 1
33574.336 - 88 4.558 1
33575.000 # 1500
33575.658 - 88 1.701 1
33577.000 # 1500
33578.000 # 1500
33579.000 # 1500
33579.441 + 88 1
33581.000 # 1500
33582.000 # 1500
33583.000 # 1500
33584.000 # 1500
33584.632 + 88 1
33584.879 - 88 5.438 1
33586.000 # 1500
33587.000 # 1500
33587.309 - 88 2.677 1
33587.511 + 88 1
33589.000 # 1500
33590.000 # 1500
33590.416 - 88 2.905 1
33594.564 + 88 1
33597.414 + 88 1
33600.624 + 88 1
33601.000 # 1500
33601.000 # 1500
33601.000 # 1500
33601.000 # 1500
33601.000 # 1500
33601.000 # 1500
33602.000 # 1500
33602.000 # 1500
33602.307 - 88 7.743 1
33602.328 - 88 4.914 1
33602.331 - 88 1.707 1
33603.000 # 1500
33605.000 # 1500
33605.214 + 88 1
33606.000 # 1500
33607.000 # 1500
33607.453 - 88 2.239 1
33607.821 + 88 1
33608.000 # 1500
33609.145 - 88 1.324 1
33610.000 # 1500
33613.000 # 1500
33616.529 + 88 1
33616.769 + 88 1
33620.370 + 88 1
33621.000 # 1500
33621.000 # 1500
33622.000 # 1500
33622.000 # 1500
33622.000 # 1500
33622.000 # 1500
33622.000 # 1500
33622.080 - 88 5.551 1
33622.100 - 88 5.331 1
33622.104 - 88 1.734 1
33623.000 # 1500
33624.000 # 1500
33624.442 + 88 1
33633.279 + 88 1
33633.516 + 88 1
33636.179 + 88 1
33648.741 + 88 1
33649.207 + 88 1
33655.485 + 88 1
33656.000 # 1500
33656.000 # 1500
33656.000 # 1500
33656.000 # 1500
33656.000 # 1500
33657.000 # 1500
33657.000 # 1500
33657.000 # 1500
33657.000 # 1500
33657.000 # 1500
33657.000 # 1500
33657.755 - 88 33.313 1
33657.794 - 88 24.515 1
33657.805 - 88 24.289 1
33657.812 - 88 21.633 1
33657.819 - 88 9.078 1
33657.822 + 88 1
33657.826 - 88 8.619 1
33657.834 - 88 2.349 1
33658.000 # 1500
33658.000 # 1500
33658.152 - 88 0.330 1
33659.000 # 1500
33661.000 # 1500
33661.000 # 1500
33662.000 # 1500
33662.000 # 1500
33663.000 # 1500
33663.000 # 1500
33667.000 # 1500
33668.000 # 1500
33668.000 # 1500
33668.000 # 1500
33669.000 # 1500
33669.000 # 1500
33670.000 # 1500
33671.000 # 1500
33672.000 # 1500
33672.000 # 1500
33673.000 # 1500
33675.000 # 1500
33675.160 + 88 1
33677.000 # 1500
33677.000 # 1500
33678.000 # 1500
33678.000 # 1500
33678.000 # 1500
33678.000 # 1500
33678.000 # 1500
33679.000 # 1500
33679.026 - 88 3.866 1
33680.124 + 88 1
33683.041 + 88 1
33685.805 + 88 1
33690.041 + 88 1
33692.864 + 88 1
33698.528 + 88 1
33701.500 + 88 1
33705.535 + 88 1
33707.000 # 1500
33707.000 # 1500
33707.000 # 1500
33707.000 # 1500
33707.000 # 1500
33707.000 # 1500
33707.000 # 1500
33708.000 # 1500
33708.000 # 1500
33708.000 # 1500
33708.316 + 88 1
33708.483 - 88 28.359 1
33708.503 - 88 25.462 1
33708.507 - 88 22.702 1
33708.511 - 88 18.470 1
33708.513 - 88 15.649 1
33708.516 - 88 9.988 1
33708.518 - 88 7.018 1
33708.520 - 88 2.985 1
33711.221 + 88 1
33714.000 # 1500
33715.000 # 1500
33715.000 # 1500
33715.000 # 1500
33715.000 # 1500
33715.189 - 88 6.873 1
33715.204 - 88 3.983 1
33715.420 + 88 1
33718.991 + 88 1
33722.000 # 1500
33722.000 # 1500
33722.000 # 1500
33722.000 # 1500
33722.000 # 1500
33722.000 # 1500
33722.000 # 1500
33722.868 + 88 1
33723.122 - 88 7.702 1
33723.136 - 88 4.145 1
33727.746 + 88 1
33730.699 + 88 1
33732.000 # 1500
33732.000 # 1500
33732.000 # 1500
33733.892 - 88 11.024 1
33733.912 - 88 6.166 1
33733.916 - 88 3.217 1
33735.612 + 88 1
33736.000 # 1500
33737.534 - 88 1.922 1
33738.000 # 1500
33738.000 # 1500
33738.000 # 1500
33738.495 + 88 1
33739.000 # 1500
33739.000 # 1500
33739.000 # 1500
33739.000 # 1500
33739.000 # 1500
33740.736 - 88 2.241 1
33743.459 + 88 1
33746.345 + 88 1
33749.000 # 1500
33749.000 # 1500
33749.000 # 1500
33750.000 # 1500
33750.439 - 88 6.980 1
33750.464 - 88 4.119 1
33750.678 + 88 1
33755.000 # 1500
33755.000 # 1500
33755.000 # 1500
33755.000 # 1500
33755.000 # 1500
33756.000 # 1500
33756.000 # 1500
33756.174 - 88 5.496 1
33758.000 # 1500
33759.000 # 1500
33760.048 + 88 1
33760.183 + 88 1
33761.000 # 1500
33763.000 # 1500
33763.001 - 88 2.953 1
33763.020 - 88 2.837 1
33765.000 # 1500
33765.000 # 1500
33766.000 # 1500
33767.000 # 1500
33769.000 # 1500
33770.000 # 1500
33771.000 # 1500
33772.000 # 1500
33774.000 # 1500
33775.000 # 1500
33776.000 # 1500
33777.000 # 1500
33779.000 # 1500
33780.000 # 1500
33781.000 # 1500
33783.000 # 1500
33783.070 + 88 1
33783.180 + 88 1
33785.000 # 1500
33785.000 # 1500
33785.772 - 88 2.702 1
33785.798 - 88 2.618 1
33786.000 # 1500
33786.016 + 88 1
33788.000 # 1500
33788.579 - 88 2.563 1
33789.000 # 1500
33791.780 + 88 1
33796.568 + 88 1
33799.000 # 1500
33800.000 # 1500
33800.000 # 1500
33800.000 # 1500
33800.000 # 1500
33800.000 # 1500
33800.000 # 1500
33800.000 # 1500
33800.441 - 88 8.661 1
33800.469 - 88 3.901 1
33801.317 + 88 1
33802.000 # 1500
33803.000 # 1500
33803.000 # 1500
33803.278 - 88 1.961 1
33804.000 # 1500
33804.284 + 88 1
33805.000 # 1500
33806.607 - 88 2.323 1
33816.000 # 1500
33816.000 # 1500
33816.000 # 1500
33817.000 # 1500
33817.000 # 1500
33817.000 # 1500
33817.538 + 88 1
33817.713 + 88 1
33820.343 + 88 1
33821.000 # 1500
33822.000 # 1500
33822.000 # 1500
33822.000 # 1500
33822.000 # 1500
33822.175 - 88 4.637 1
33822.194 - 88 4.481 1
33822.199 - 88 1.856 1
33823.000 # 1500
33824.251 + 88 1
33829.953 + 88 1
33832.000 # 1500
33832.000 # 1500
33832.000 # 1500
33832.000 # 1500
33832.000 # 1500
33832.000 # 1500
33832.421 + 88 1
33832.695 - 88 8.444 1
33832.735 - 88 2.782 1
33839.000 # 1500
33839.202 + 88 1
33839.376 - 88 6.955 1
33840.000 # 1500
33840.000 # 1500
33841.000 # 1500
33841.356 + 88 1
33841.538 - 88 2.336 1
33842.000 # 1500
33843.188 - 88 1.832 1
33845.000 # 1500
33845.074 + 88 1
33847.000 # 1500
33847.171 + 88 1
33847.411 - 88 2.337 1
33852.867 + 88 1
33858.000 # 1500
33858.000 # 1500
33858.000 # 1500
33859.922 - 88 12.751 1
33859.947 - 88 7.080 1
33861.000 # 1500
33861.000 # 1500
33861.000 # 1500
33861.000 # 1500
33861.000 # 1500
33861.000 # 1500
33861.691 + 88 1
33861.816 + 88 1
33862.000 # 1500
33863.000 # 1500
33863.636 - 88 1.945 1
33863.653 - 88 1.837 1
33863.661 + 88 1
33865.000 # 1500
33866.000 # 1500
33866.705 + 88 1
33866.819 - 88 3.158 1
33869.517 + 88 1
33873.401 + 88 1
33875.000 # 1500
33876.000 # 1500
33876.000 # 1500
33876.573 - 88 9.868 1
33876.590 - 88 7.073 1
33876.593 - 88 3.192 1
33877.000 # 1500
33877.000 # 1500
33877.000 # 1500
33877.000 # 1500
33877.509 + 88 1
33878.000 # 1500
33879.280 - 88 1.771 1
33880.000 # 1500
33880.513 + 88 1
33882.000 # 1500
33883.000 # 1500
33883.281 + 88 1
33883.360 - 88 2.847 1
33884.000 # 1500
33885.000 # 1500
33885.210 - 88 1.929 1
33886.000 # 1500
33887.000 # 1500
33887.100 + 88 1
33891.133 + 88 1
33893.176 + 88 1
33897.000 # 1500
33897.000 # 1500
33897.000 # 1500
33897.000 # 1500
33897.000 # 1500
33897.000 # 1500
33897.000 # 1500
33897.884 + 88 1
33898.010 - 88 10.910 1
33898.025 - 88 6.892 1
33898.030 - 88 4.854 1
33899.332 + 88 1
33904.839 + 88 1
33906.709 + 88 1
33907.000 # 1500
33907.000 # 1500
33907.000 # 1500
33907.000 # 1500
33907.000 # 1500
33909.726 - 88 11.842 1
33909.752 - 88 10.420 1
33909.755 - 88 4.916 1
33909.758 - 88 3.049 1
33911.581 + 88 1
33914.000 # 1500
33914.529 + 88 1
33914.722 - 88 3.141 1
33917.631 + 88 1
33919.450 + 88 1
33921.000 # 1500
33922.234 - 88 7.705 1
33922.253 - 88 4.622 1
33922.256 - 88 2.806 1
33922.629 + 88 1
33923.000 # 1500
33924.397 - 88 1.768 1
33925.381 + 88 1
33928.226 + 88 1
33933.451 + 88 1
33934.000 # 1500
33935.000 # 1500
33935.021 - 88 9.640 1
33935.043 - 88 6.817 1
33935.046 - 88 1.595 1
33936.000 # 1500
33936.045 + 88 1
33938.000 # 1500
33938.000 # 1500
33938.926 - 88 2.881 1
33939.869 + 88 1
33941.000 # 1500
33942.000 # 1500
33942.838 + 88 1
33943.091 - 88 3.222 1
33944.000 # 1500
33945.000 # 1500
33945.821 + 88 1
33946.005 - 88 3.167 1
33947.000 # 1500
33948.000 # 1500
33948.226 + 88 1
33948.416 - 88 2.595 1
33950.000 # 1500
33951.207 - 88 2.981 1
33953.000 # 1500
33953.000 # 1500
33953.225 + 88 1
33956.055 + 88 1
33960.335 + 88 1
33961.953 + 88 1
33965.028 + 88 1
33967.000 # 1500
33967.000 # 1500
33967.000 # 1500
33967.000 # 1500
33967.000 # 1500
33967.000 # 1500
33968.000 # 1500
33968.030 + 88 1
33968.188 - 88 14.963 1
33968.208 - 88 12.153 1
33968.211 - 88 7.876 1
33968.214 - 88 6.261 1
33968.216 - 88 3.188 1
33970.000 # 1500
33970.798 + 88 1
33970.969 - 88 2.939 1
33971.000 # 1500
33972.558 - 88 1.760 1
33973.000 # 1500
33974.000 # 1500
33975.000 # 1500
33976.800 + 88 1
33976.830 + 88 1
33977.000 # 1500
33978.000 # 1500
33978.481 - 88 1.681 1
33978.503 - 88 1.673 1
33980.487 + 88 1
33982.000 # 1500
33982.756 + 88 1
33983.075 - 88 2.588 1
33986.372 + 88 1
33988.000 # 1500
33989.220 - 88 6.464 1
33989.246 - 88 2.874 1
33990.000 # 1500
33990.311 + 88 1
33990.329 + 88 1
33991.000 # 1500
33992.221 - 88 1.910 1
33992.243 - 88 1.914 1
33993.000 # 1500
33994.000 # 1500
33995.000 # 1500
33997.000 # 1500
33998.000 # 1500
34000.000 # 1500
34001.000 # 1500
34002.359 + 88 1
34002.379 + 88 1
34002.389 + 88 1
34003.000 # 1500
34003.000 # 1500
34004.088 + 88 1
34004.294 - 88 1.935 1
34004.319 - 88 1.940 1
34004.330 - 88 1.941 1
34005.000 # 1500
34006.106 - 88 2.018 1
34008.000 # 1500
34008.000 # 1500
34008.209 + 88 1
34009.000 # 1500
34009.788 - 88 1.579 1
34010.000 # 1500
34018.899 + 88 1
34021.000 # 1500
34021.000 # 1500
34021.000 # 1500
34021.514 - 88 2.615 1
34022.452 + 88 1
34025.000 # 1500
34025.000 # 1500
34026.000 # 1500
34026.000 # 1500
34026.486 - 88 4.034 1
34028.000 # 1500
34029.000 # 1500
34029.000 # 1500
34032.446 + 88 1
34032.470 + 88 1
34034.265 + 88 1
34036.200 + 88 1
34041.188 + 88 1
34041.239 + 88 1
34045.849 + 88 1
34047.000 # 1500
34047.000 # 1500
34047.000 # 1500
34047.000 # 1500
34047.000 # 1500
34047.000 # 1500
34047.000 # 1500
34048.000 # 1500
34048.000 # 1500
34048.988 - 88 16.542 1
34049.033 - 88 16.563 1
34049.045 - 88 14.780 1
34049.053 - 88 12.853 1
34049.061 - 88 7.873 1
34049.068 - 88 7.829 1
34049.075 - 88 3.226 1
34057.000 # 1500
34057.000 # 1500
34057.000 # 1500
34059.000 # 1500
34063.000 # 1500
34064.566 + 88 1
34064.590 + 88 1
34064.601 + 88 1
34064.620 + 88 1
34064.630 + 88 1
34064.640 + 88 1
34065.000 # 1500
34066.525 - 88 1.959 1
34066.551 - 88 1.961 1
34066.555 - 88 1.954 1
34066.557 - 88 1.937 1
34066.560 - 88 1.930 1
34066.563 - 88 1.923 1
34069.536 + 88 1
34071.000 # 1500
34072.340 + 88 1
34072.382 - 88 2.846 1
34073.000 # 1500
34074.414 - 88 2.074 1
34077.297 + 88 1
34077.358 + 88 1
34080.109 + 88 1
34081.000 # 1500
34082.022 - 88 4.725 1
34082.039 - 88 4.681 1
34082.042 - 88 1.933 1
34086.055 + 88 1
34087.953 + 88 1
34089.000 # 1500
34089.830 + 88 1
34089.963 - 88 3.908 1
34089.980 - 88 2.027 1
34093.033 + 88 1
34095.805 + 88 1
34098.668 + 88 1
34099.965 + 88 1
34101.000 # 1500
34101.853 - 88 12.023 1
34101.872 - 88 8.839 1
34101.875 - 88 6.070 1
34101.878 - 88 3.210 1
34101.880 - 88 1.915 1
34103.731 + 88 1
34105.664 + 88 1
34107.691 + 88 1
34110.616 + 88 1
34113.214 + 88 1
34114.000 # 1500
34114.000 # 1500
34114.312 + 88 1
34114.487 - 88 10.756 1
34114.508 - 88 8.844 1
34114.511 - 88 6.820 1
34114.513 - 88 3.897 1
34114.516 - 88 1.302 1
34116.000 # 1500
34117.306 - 88 2.994 1
34117.455 + 88 1
34119.221 + 88 1
34121.000 # 1500
34122.142 + 88 1
34122.181 - 88 4.726 1
34122.194 - 88 2.973 1
34123.000 # 1500
34123.980 - 88 1.838 1
34126.243 + 88 1
34129.990 + 88 1
34131.815 + 88 1
34132.000 # 1500
34132.963 + 88 1
34133.246 - 88 7.003 1
34133.263 - 88 3.273 1
34133.267 - 88 1.452 1
34134.000 # 1500
34134.665 - 88 1.702 1
34135.864 + 88 1
34137.000 # 1500
34138.625 - 88 2.761 1
34139.000 # 1500
34140.703 + 88 1
34140.818 + 88 1
34144.000 # 1500
34145.491 - 88 4.788 1
34145.504 - 88 4.686 1
34146.000 # 1500
34146.000 # 1500
34151.394 + 88 1
34151.441 + 88 1
34151.445 + 88 1
34152.000 # 1500
34153.297 - 88 1.903 1
34153.311 - 88 1.870 1
34153.314 - 88 1.869 1
34157.000 # 1500
34157.000 # 1500
34157.000 # 1500
34161.000 # 1500
34164.000 # 1500
34164.224 + 88 1
34164.461 + 88 1
34166.000 # 1500
34166.983 - 88 2.759 1
34167.000 # 1500
34167.010 - 88 2.549 1
34170.000 # 1500
34171.000 # 1500
34172.964 + 88 1
34173.000 # 1500
34175.000 # 1500
34175.000 # 1500
34175.832 - 88 2.868 1
34177.000 # 1500
34178.000 # 1500
34178.899 + 88 1
34179.000 # 1500
34179.128 - 88 0.229 1
34180.000 # 1500
34181.576 + 88 1
34182.000 # 1500
34183.000 # 1500
34183.733 - 88 2.157 1
34183.893 + 88 1
34184.000 # 1500
34185.619 - 88 1.726 1
34187.510 + 88 1
34190.574 + 88 1
34192.560 + 88 1
34195.000 # 1500
34195.000 # 1500
34195.000 # 1500
34195.000 # 1500
34195.505 + 88 1
34195.736 - 88 8.226 1
34195.750 - 88 5.176 1
34195.754 - 88 3.194 1
34198.318 + 88 1
34201.295 + 88 1
34205.362 + 88 1
34208.925 + 88 1
34209.000 # 1500
34209.000 # 1500
34209.000 # 1500
34209.000 # 1500
34209.000 # 1500
34209.000 # 1500
34209.168 - 88 13.663 1
34209.183 - 88 10.865 1
34209.186 - 88 7.891 1
34209.189 - 88 3.827 1
34210.000 # 1500
34210.897 - 88 1.972 1
34211.936 + 88 1
34213.828 + 88 1
34214.000 # 1500
34215.799 - 88 3.863 1
34215.812 - 88 1.984 1
34217.000 # 1500
34225.604 + 88 1
34225.651 + 88 1
34225.657 + 88 1
34225.722 + 88 1
34227.000 # 1500
34228.466 - 88 2.862 1
34228.480 - 88 2.829 1
34228.483 - 88 2.826 1
34228.486 - 88 2.764 1
34229.000 # 1500
34229.476 + 88 1
34231.533 + 88 1
34232.000 # 1500
34233.000 # 1500
34233.604 + 88 1
34233.677 - 88 4.201 1
34233.703 - 88 2.170 1
34235.000 # 1500
34235.567 + 88 1
34235.872 - 88 2.268 1
34237.580 + 88 1
34239.921 + 88 1
34240.000 # 1500
34240.415 - 88 4.848 1
34240.454 - 88 2.874 1
34241.000 # 1500
34241.425 - 88 1.504 1
34242.194 + 88 1
34243.309 + 88 1
34244.000 # 1500
34245.215 - 88 3.021 1
34245.226 - 88 1.917 1
34247.000 # 1500
34248.045 + 88 1
34249.000 # 1500
34249.914 - 88 1.869 1
34251.008 + 88 1
34252.000 # 1500
34252.789 - 88 1.781 1
34252.998 + 88 1
34255.000 # 1500
34255.791 - 88 2.793 1
34256.001 + 88 1
34257.000 # 1500
34257.949 - 88 1.948 1
34259.000 # 1500
34261.000 # 1500
34263.000 # 1500
34264.677 + 88 1
34264.773 + 88 1
34265.000 # 1500
34268.453 - 88 3.776 1
34268.466 - 88 3.693 1
34273.623 + 88 1
34277.585 + 88 1
34279.000 # 1500
34279.000 # 1500
34280.577 - 88 6.954 1
34280.589 - 88 3.004 1
34282.000 # 1500
34283.000 # 1500
34285.000 # 1500
34285.000 # 1500
34286.000 # 1500
34288.000 # 1500
34288.386 + 88 1
34288.614 + 88 1
34290.427 + 88 1
34293.302 + 88 1
34296.490 + 88 1
34297.000 # 1500
34298.000 # 1500
34298.000 # 1500
34298.414 - 88 10.028 1
34298.437 - 88 9.823 1
34298.447 - 88 8.020 1
34298.454 - 88 5.152 1
34298.460 - 88 1.970 1
34300.131 + 88 1
34303.052 + 88 1
34305.213 + 88 1
34310.000 # 1500
34310.097 + 88 1
34310.525 - 88 10.394 1
34310.548 - 88 7.496 1
34310.569 - 88 5.356 1
34312.000 # 1500
34312.057 + 88 1
34312.419 - 88 2.322 1
34313.000 # 1500
34313.000 # 1500
34313.902 - 88 1.845 1
34315.000 # 1500
34317.000 # 1500
34317.000 # 1500
34317.676 + 88 1
34317.929 + 88 1
34320.780 + 88 1
34323.935 + 88 1
34325.000 # 1500
34325.558 - 88 7.882 1
34325.573 - 88 7.644 1
34325.576 - 88 4.796 1
34325.578 - 88 1.643 1
34327.240 + 88 1
34329.972 + 88 1
34332.994 + 88 1
34336.000 # 1500
34336.000 # 1500
34336.000 # 1500
34336.711 + 88 1
34336.931 - 88 9.691 1
34336.960 - 88 6.988 1
34336.969 - 88 3.975 1
34337.000 # 1500
34337.000 # 1500
34337.782 + 88 1
34337.932 - 88 1.221 1
34349.556 + 88 1
34349.895 + 88 1
34351.000 # 1500
34352.053 + 88 1
34352.199 - 88 14.417 1
34352.230 - 88 2.674 1
34352.238 - 88 2.343 1
34356.174 + 88 1
34357.482 + 88 1
34363.387 + 88 1
34367.914 + 88 1
34370.018 + 88 1
34372.000 # 1500
34372.145 + 88 1
34372.302 - 88 20.249 1
34372.318 - 88 16.144 1
34372.321 - 88 14.839 1
34372.323 - 88 8.936 1
34372.327 - 88 4.413 1
34372.330 - 88 2.312 1
34374.211 + 88 1
34375.929 + 88 1
34379.620 + 88 1
34382.000 # 1500
34383.577 - 88 11.432 1
34383.595 - 88 9.384 1
34383.598 - 88 7.669 1
34383.600 - 88 3.980 1
34388.915 + 88 1
34390.000 # 1500
34390.553 + 88 1
34390.777 - 88 1.862 1
34392.539 + 88 1
34397.423 + 88 1
34400.000 # 1500
34401.220 - 88 10.667 1
34401.245 - 88 8.706 1
34401.254 - 88 3.831 1
34407.000 # 1500
34409.991 + 88 1
34410.103 + 88 1
34412.912 + 88 1
34415.000 # 1500
34415.131 + 88 1
34415.378 - 88 5.387 1
34415.395 - 88 5.292 1
34415.399 - 88 2.487 1
34416.863 + 88 1
34420.232 + 88 1
34422.971 + 88 1
34424.811 + 88 1
34426.464 + 88 1
34430.529 + 88 1
34433.502 + 88 1
34433.659 + 88 1
34435.000 # 1500
34435.619 + 88 1
34435.758 - 88 20.627 1
34435.768 - 88 18.905 1
34435.771 - 88 15.539 1
34435.773 - 88 12.802 1
34435.776 - 88 10.965 1
34435.778 - 88 9.314 1
34435.780 - 88 5.251 1
34435.783 - 88 2.281 1
34435.785 - 88 2.126 1
34439.172 + 88 1
34442.000 # 1500
34443.164 - 88 7.545 1
34443.199 - 88 4.027 1
34448.335 + 88 1
34450.519 + 88 1
34452.991 + 88 1
34453.000 # 1500
34453.150 - 88 4.815 1
34453.185 - 88 2.666 1
34456.369 + 88 1
34457.000 # 1500
34457.904 - 88 4.913 1
34457.920 - 88 1.551 1
34462.000 # 1500
34464.911 + 88 1
34464.980 + 88 1
34466.891 + 88 1
34467.000 # 1500
34467.719 - 88 2.808 1
34467.733 - 88 2.753 1
34469.654 + 88 1
34472.000 # 1500
34472.798 + 88 1
34473.149 - 88 6.258 1
34473.185 - 88 3.531 1
34474.559 + 88 1
34474.750 + 88 1
34476.000 # 1500
34477.000 # 1500
34477.209 - 88 4.411 1
34477.285 - 88 2.726 1
34477.295 - 88 2.545 1
34477.532 + 88 1
34480.462 + 88 1
34481.000 # 1500
34482.132 - 88 4.600 1
34482.142 - 88 1.680 1
34482.470 + 88 1
34485.000 # 1500
34485.308 + 88 1
34485.438 - 88 2.968 1
34487.263 + 88 1
34490.031 + 88 1
34491.000 # 1500
34491.811 - 88 6.503 1
34491.830 - 88 4.567 1
34491.836 - 88 1.805 1
34492.322 + 88 1
34494.870 + 88 1
34496.000 # 1500
34496.751 - 88 4.429 1
34496.767 - 88 1.897 1
34498.753 + 88 1
34501.640 + 88 1
34501.893 + 88 1
34503.615 + 88 1
34504.000 # 1500
34505.000 # 1500
34505.489 - 88 6.736 1
34505.502 - 88 3.862 1
34505.507 - 88 3.614 1
34505.512 - 88 1.897 1
34506.740 + 88 1
34509.593 + 88 1
34514.000 # 1500
34515.268 - 88 8.528 1
34515.282 - 88 5.689 1
34520.000 # 1500
34521.399 + 88 1
34523.000 # 1500
34524.233 - 88 2.834 1
34524.474 + 88 1
34529.084 + 88 1
34531.083 + 88 1
34534.012 + 88 1
34541.000 # 1500
34541.000 # 1500
34541.000 # 1500
34541.788 - 88 17.314 1
34541.800 - 88 12.716 1
34541.805 - 88 10.722 1
34541.810 - 88 7.798 1
34544.000 # 1500
34544.016 + 88 1
34548.774 + 88 1
34550.000 # 1500
34550.872 + 88 1
34551.037 - 88 7.021 1
34551.051 - 88 2.277 1
34553.000 # 1500
34553.510 - 88 2.638 1
34553.789 + 88 1
34556.000 # 1500
34556.785 + 88 1
34556.950 - 88 3.161 1
34558.883 + 88 1
34563.000 # 1500
34565.102 - 88 8.317 1
34565.114 - 88 6.231 1
34566.685 + 88 1
34568.362 + 88 1
34571.498 + 88 1
34572.000 # 1500
34573.079 - 88 6.394 1
34573.088 - 88 4.726 1
34573.093 - 88 1.595 1
34573.624 + 88 1
34576.000 # 1500
34576.000 # 1500
34576.000 # 1500
34576.261 + 88 1
34576.416 - 88 2.792 1
34578.000 # 1500
34578.187 + 88 1
34578.450 - 88 2.189 1
34580.116 + 88 1
34581.000 # 1500
34581.722 - 88 3.535 1
34581.734 - 88 1.618 1
34582.225 + 88 1
34584.000 # 1500
34584.763 - 88 2.538 1
34584.909 + 88 1
34585.676 + 88 1
34586.000 # 1500
34587.676 - 88 2.767 1
34587.704 - 88 2.028 1
34588.351 + 88 1
34589.000 # 1500
34589.878 - 88 1.527 1
34591.161 + 88 1
34592.000 # 1500
34592.902 + 88 1
34593.052 - 88 1.891 1
34594.000 # 1500
34594.473 - 88 1.571 1
34595.000 # 1500
34597.815 + 88 1
34599.000 # 1500
34599.397 - 88 1.582 1
34601.000 # 1500
34602.000 # 1500
34605.000 # 1500
34607.000 # 1500
34607.807 + 88 1
34608.227 + 88 1
34609.000 # 1500
34609.400 + 88 1
34609.606 - 88 1.799 1
34609.620 - 88 1.393 1
34612.000 # 1500
34612.121 + 88 1
34612.285 - 88 2.885 1
34614.000 # 1500
34614.377 + 88 1
34614.592 - 88 2.471 1
34617.000 # 1500
34617.202 + 88 1
34617.371 - 88 2.994 1
34619.000 # 1500
34619.957 - 88 2.755 1
34620.150 + 88 1
34621.000 # 1500
34621.756 - 88 1.606 1
34622.957 + 88 1
34623.000 # 1500
34625.000 # 1500
34625.167 + 88 1
34625.377 - 88 2.420 1
34627.000 # 1500
34627.191 + 88 1
34627.632 - 88 2.465 1
34629.000 # 1500
34629.068 + 88 1
34629.233 - 88 2.042 1
34631.952 + 88 1
34632.000 # 1500
34632.347 - 88 3.279 1
34634.000 # 1500
34634.666 - 88 2.714 1
34634.735 + 88 1
34635.000 # 1500
34636.550 - 88 1.815 1
34636.838 + 88 1
34637.000 # 1500
34638.485 - 88 1.647 1
34639.000 # 1500
34641.000 # 1500
34642.000 # 1500
34645.000 # 1500
34645.443 + 88 1
34645.725 + 88 1
34646.000 # 1500
34647.323 - 88 1.880 1
34647.334 - 88 1.609 1
34647.727 + 88 1
34648.000 # 1500
34649.000 # 1500
34649.255 - 88 1.528 1
34651.000 # 1500
34651.258 + 88 1
34653.000 # 1500
34653.212 + 88 1
34653.384 - 88 2.126 1
34655.000 # 1500
34655.945 - 88 2.733 1
34656.000 # 1500
34657.192 + 88 1
34658.000 # 1500
34658.990 - 88 1.798 1
34660.000 # 1500
34663.000 # 1500
34663.000 # 1500
34665.000 # 1500
34666.812 + 88 1
34667.000 # 1500
34668.000 # 1500
34668.151 - 88 1.339 1
34669.016 + 88 1
34670.000 # 1500
34670.690 - 88 1.674 1
34672.000 # 1500
34673.000 # 1500
34673.908 + 88 1
34674.238 + 88 1
34675.000 # 1500
34675.824 - 88 1.916 1
34675.837 - 88 1.599 1
34676.077 + 88 1
34677.000 # 1500
34677.398 - 88 1.321 1
34677.621 + 88 1
34678.000 # 1500
34679.355 - 88 1.734 1
34680.000 # 1500
34680.886 + 88 1
34682.419 + 88 1
34685.372 + 88 1
34685.657 + 88 1
34690.000 # 1500
34691.000 # 1500
34691.000 # 1500
34691.219 - 88 10.333 1
34691.231 - 88 8.812 1
34691.236 - 88 5.864 1
34691.241 - 88 5.584 1
34692.000 # 1500
34692.000 # 1500
34695.236 + 88 1
34696.508 + 88 1
34697.000 # 1500
34697.000 # 1500
34697.000 # 1500
34697.000 # 1500
34698.197 - 88 2.961 1
34698.207 - 88 1.699 1
34698.406 + 88 1
34699.000 # 1500
34700.173 - 88 1.767 1
34700.590 + 88 1
34701.000 # 1500
34701.987 - 88 1.397 1
34702.279 + 88 1
34704.000 # 1500
34704.000 # 1500
34704.838 - 88 2.559 1
34704.963 + 88 1
34706.000 # 1500
34706.760 - 88 1.797 1
34707.092 + 88 1
34708.000 # 1500
34708.649 - 88 1.557 1
34709.000 # 1500
34710.317 + 88 1
34711.000 # 1500
34711.569 - 88 1.252 1
34714.000 # 1500
34714.000 # 1500
34716.000 # 1500
34717.710 + 88 1
34717.846 + 88 1
34719.942 + 88 1
34719.995 + 88 1
34720.010 + 88 1
34720.032 + 88 1
34721.529 + 88 1
34724.283 + 88 1
34725.408 + 88 1
34735.224 + 88 1
34735.275 + 88 1
34736.000 # 1500
34736.000 # 1500
34736.000 # 1500
34736.000 # 1500
34736.000 # 1500
34736.000 # 1500
34736.000 # 1500
34737.000 # 1500
34737.098 - 88 19.388 1
34737.107 - 88 19.261 1
34737.112 - 88 17.170 1
34737.117 - 88 17.122 1
34737.121 - 88 17.111 1
34737.126 - 88 17.094 1
34737.130 - 88 15.601 1
34737.134 - 88 12.851 1
34737.139 - 88 11.731 1
34737.147 - 88 1.923 1
34737.152 - 88 1.877 1
34740.054 + 88 1
34740.107 + 88 1
34740.122 + 88 1
34740.137 + 88 1
34740.151 + 88 1
34741.000 # 1500
34741.000 # 1500
34741.000 # 1500
34741.000 # 1500
34741.000 # 1500
34741.816 - 88 1.762 1
34741.829 - 88 1.722 1
34741.833 - 88 1.711 1
34741.838 - 88 1.701 1
34741.842 - 88 1.691 1
34742.000 # 1500
34742.145 + 88 1
34744.914 + 88 1
34745.000 # 1500
34745.068 - 88 2.923 1
34747.000 # 1500
34747.012 + 88 1
34747.179 - 88 2.265 1
34748.000 # 1500
34748.674 - 88 1.662 1
34748.801 + 88 1
34749.000 # 1500
34749.240 - 88 0.439 1
34750.000 # 1500
34751.526 + 88 1
34752.621 + 88 1
34753.000 # 1500
34753.000 # 1500
34754.569 - 88 3.043 1
34754.577 - 88 1.956 1
34754.655 + 88 1
34755.000 # 1500
34756.491 - 88 1.836 1
34756.519 + 88 1
34758.000 # 1500
34759.000 # 1500
34759.000 # 1500
34759.494 - 88 2.975 1
34759.649 + 88 1
34761.000 # 1500
34762.000 # 1500
34762.368 - 88 2.719 1
34764.000 # 1500
34765.000 # 1500
34767.000 # 1500
34768.000 # 1500
34769.182 + 88 1
34769.234 + 88 1
34770.000 # 1500
34771.179 - 88 1.997 1
34771.199 - 88 1.965 1
34772.000 # 1500
34772.974 + 88 1
34773.000 # 1500
34775.000 # 1500
34776.090 - 88 3.116 1
34776.312 + 88 1
34779.865 + 88 1
34781.209 + 88 1
34785.765 + 88 1
34785.815 + 88 1
34786.000 # 1500
34786.000 # 1500
34787.635 + 88 1
34787.792 - 88 11.480 1
34787.802 - 88 7.937 1
34787.805 - 88 6.596 1
34787.807 - 88 2.042 1
34787.809 - 88 1.994 1
34789.000 # 1500
34789.000 # 1500
34789.000 # 1500
34789.000 # 1500
34789.000 # 1500
34790.618 + 88 1
34790.956 - 88 3.321 1
34792.477 + 88 1
34794.421 + 88 1
34795.768 + 88 1
34798.000 # 1500
34798.000 # 1500
34798.000 # 1500
34799.316 + 88 1
34799.622 - 88 9.004 1
34799.649 - 88 7.172 1
34799.655 - 88 5.234 1
34799.658 - 88 3.890 1
34800.000 # 1500
34800.000 # 1500
34800.570 + 88 1
34800.857 - 88 1.541 1
34802.000 # 1500
34802.463 + 88 1
34802.755 - 88 2.185 1
34803.000 # 1500
34804.266 + 88 1
34804.429 - 88 1.966 1
34806.000 # 1500
34807.133 + 88 1
34807.508 - 88 3.242 1
34808.000 # 1500
34809.000 # 1500
34809.362 + 88 1
34809.477 - 88 2.344 1
34811.000 # 1500
34812.035 + 88 1
34812.414 - 88 3.052 1
34813.000 # 1500
34813.000 # 1500
34814.548 - 88 2.513 1
34816.000 # 1500
34816.077 + 88 1
34817.160 + 88 1
34820.108 + 88 1
34824.245 + 88 1
34825.000 # 1500
34825.000 # 1500
34825.000 # 1500
34825.723 + 88 1
34825.906 - 88 9.829 1
34825.916 - 88 8.756 1
34825.918 - 88 5.810 1
34825.920 - 88 1.675 1
34826.000 # 1500
34826.000 # 1500
34827.000 # 1500
34827.927 - 88 2.204 1
34828.068 + 88 1
34829.882 + 88 1
34830.000 # 1500
34831.000 # 1500
34831.670 - 88 3.602 1
34831.692 - 88 1.810 1
34831.741 + 88 1
34832.000 # 1500
34833.000 # 1500
34833.537 + 88 1
34833.677 - 88 1.936 1
34843.000 # 1500
34843.429 + 88 1
34843.863 - 88 10.326 1
34845.000 # 1500
34845.000 # 1500
34845.532 + 88 1
34845.888 - 88 2.459 1
34848.694 + 88 1
34848.753 + 88 1
34856.000 # 1500
34856.000 # 1500
34856.000 # 1500
34857.000 # 1500
34857.000 # 1500
34857.000 # 1500
34857.696 - 88 12.164 1
34857.746 - 88 9.052 1
34857.755 - 88 9.002 1
34858.000 # 1500
34858.000 # 1500
34858.000 # 1500
34858.000 # 1500
34858.000 # 1500
34858.000 # 1500
34858.123 + 88 1
34859.000 # 1500
34860.000 # 1500
34860.138 + 88 1
34860.288 + 88 1
34860.291 - 88 2.168 1
34863.000 # 1500
34863.000 # 1500
34863.845 - 88 3.707 1
34863.900 - 88 3.612 1
34865.000 # 1500
34866.000 # 1500
34867.000 # 1500
34868.260 + 88 1
34868.410 + 88 1
34868.463 + 88 1
34869.000 # 1500
34869.848 - 88 1.588 1
34869.873 - 88 1.463 1
34869.881 - 88 1.418 1
34869.952 + 88 1
34870.129 + 88 1
34872.000 # 1500
34872.763 - 88 2.811 1
34872.802 - 88 2.673 1
34873.045 + 88 1
34874.773 + 88 1
34875.000 # 1500
34875.000 # 1500
34876.580 - 88 3.535 1
34876.593 - 88 1.820 1
34879.390 + 88 1
34880.519 + 88 1
34884.234 + 88 1
34886.000 # 1500
34886.000 # 1500
34886.478 + 88 1
34886.678 - 88 7.288 1
34886.742 - 88 6.223 1
34886.748 - 88 2.514 1
34887.000 # 1500
34887.000 # 1500
34887.000 # 1500
34887.000 # 1500
34887.000 # 1500
34888.283 - 88 1.805 1
34889.333 + 88 1
34891.000 # 1500
34891.139 + 88 1
34891.367 - 88 2.034 1
34893.051 + 88 1
34894.000 # 1500
34895.108 - 88 3.969 1
34895.117 - 88 2.066 1
34895.994 + 88 1
34896.000 # 1500
34897.971 + 88 1
34899.880 + 88 1
34903.000 # 1500
34903.000 # 1500
34903.000 # 1500
34903.000 # 1500
34903.966 - 88 7.972 1
34903.977 - 88 6.006 1
34903.980 - 88 4.100 1
34905.039 + 88 1
34905.094 + 88 1
34907.000 # 1500
34907.717 + 88 1
34907.912 - 88 2.873 1
34907.923 - 88 2.829 1
34909.708 + 88 1
34911.604 + 88 1
34912.734 + 88 1
34915.626 + 88 1
34915.686 + 88 1
34917.000 # 1500
34917.000 # 1500
34917.000 # 1500
34917.000 # 1500
34917.000 # 1500
34918.632 - 88 10.915 1
34918.644 - 88 8.936 1
34918.646 - 88 7.042 1
34918.648 - 88 5.914 1
34918.651 - 88 3.025 1
34918.654 - 88 2.968 1
34919.481 + 88 1
34920.000 # 1500
34921.000 # 1500
34921.414 + 88 1
34921.546 - 88 2.065 1
34925.296 + 88 1
34925.349 + 88 1
34927.224 + 88 1
34929.199 + 88 1
34938.940 + 88 1
34943.834 + 88 1
34943.889 + 88 1
34944.980 + 88 1
34945.035 + 88 1
34947.751 + 88 1
34949.679 + 88 1
34953.617 + 88 1
34953.721 + 88 1
34957.750 + 88 1
34959.566 + 88 1
34968.225 + 88 1
34968.276 + 88 1
34968.293 + 88 1
34968.309 + 88 1
34976.000 # 1500
34976.000 # 1500
34976.000 # 1500
34976.000 # 1500
34976.000 # 1500
34976.000 # 1500
34976.000 # 1500
34976.000 # 1500
34976.000 # 1500
34976.000 # 1500
34976.000 # 1500
34976.000 # 1500
34976.000 # 1500
34977.000 # 1500
34977.000 # 1500
34977.000 # 1500
34977.000 # 1500
34977.000 # 1500
34977.000 # 1500
34977.000 # 1500
34977.000 # 1500
34977.000 # 1500
34977.000 # 1500
34977.000 # 1500
34977.000 # 1500
34977.302 - 88 55.888 1
34977.313 - 88 52.017 1
34977.316 - 88 51.967 1
34977.319 - 88 50.095 1
34977.322 - 88 48.123 1
34977.324 - 88 38.384 1
34977.326 - 88 33.492 1
34977.329 - 88 33.440 1
34977.331 - 88 32.351 1
34977.333 - 88 32.298 1
34977.335 - 88 29.584 1
34977.337 - 88 27.658 1
34977.340 - 88 23.723 1
34977.342 - 88 23.621 1
34977.344 - 88 19.594 1
34977.346 - 88 17.780 1
34977.349 - 88 9.124 1
34977.351 - 88 9.075 1
34977.353 - 88 9.060 1
34977.356 - 88 9.047 1
34978.000 # 1500
34978.000 # 1500
34978.000 # 1500
34978.000 # 1500
34978.333 + 88 1
34978.386 + 88 1
34980.155 + 88 1
34985.117 + 88 1
34985.169 + 88 1
34986.000 # 1500
34986.000 # 1500
34986.000 # 1500
34986.000 # 1500
34986.000 # 1500
34986.000 # 1500
34986.000 # 1500
34986.000 # 1500
34987.000 # 1500
34987.000 # 1500
34987.000 # 1500
34987.000 # 1500
34987.010 - 88 8.677 1
34987.023 - 88 8.637 1
34987.026 - 88 6.871 1
34987.028 - 88 1.911 1
34987.030 - 88 1.861 1
34989.000 # 1500
34989.000 # 1500
34991.000 # 1500
34991.112 + 88 1
34991.194 + 88 1
34991.211 + 88 1
34997.661 + 88 1
34997.679 + 88 1
34997.694 + 88 1
34998.033 + 88 1
35000.000 # 1500
35000.253 + 88 1
35000.528 - 88 9.416 1
35000.540 - 88 9.346 1
35000.544 - 88 9.333 1
35000.546 - 88 2.885 1
35000.549 - 88 2.870 1
35000.551 - 88 2.857 1
35000.553 - 88 2.520 1
35001.000 # 1500
35001.000 # 1500
35001.000 # 1500
35001.000 # 1500
35001.000 # 1500
35001.000 # 1500
35001.771 - 88 1.518 1
35003.584 + 88 1
35006.000 # 1500
35007.779 - 88 4.195 1
35011.000 # 1500
35012.000 # 1500
35013.000 # 1500
35015.000 # 1500
35015.504 + 88 1
35015.556 + 88 1
35019.680 + 88 1
35025.000 # 1500
35025.000 # 1500
35026.000 # 1500
35026.000 # 1500
35026.000 # 1500
35026.000 # 1500
35026.354 - 88 10.850 1
35026.365 - 88 10.809 1
35026.368 - 88 6.688 1
35029.075 + 88 1
35034.186 + 88 1
35034.240 + 88 1
35035.000 # 1500
35035.000 # 1500
35035.000 # 1500
35035.000 # 1500
35035.000 # 1500
35035.000 # 1500
35035.000 # 1500
35036.087 - 88 7.012 1
35036.098 - 88 1.912 1
35036.102 - 88 1.862 1
35037.985 + 88 1
35039.787 + 88 1
35043.684 + 88 1
35045.000 # 1500
35046.000 # 1500
35046.000 # 1500
35046.000 # 1500
35046.000 # 1500
35046.000 # 1500
35046.000 # 1500
35046.707 - 88 8.722 1
35046.718 - 88 6.931 1
35046.721 - 88 3.037 1
35046.998 + 88 1
35047.000 # 1500
35048.518 + 88 1
35050.804 + 88 1
35054.535 + 88 1
35056.393 + 88 1
35059.269 + 88 1
35065.000 # 1500
35065.000 # 1500
35066.000 # 1500
35066.000 # 1500
35066.000 # 1500
35066.000 # 1500
35066.089 - 88 19.091 1
35066.100 - 88 17.582 1
35066.103 - 88 15.299 1
35066.105 - 88 11.570 1
35066.107 - 88 9.714 1
35066.110 - 88 6.841 1
35067.000 # 1500
35067.000 # 1500
35067.000 # 1500
35067.511 + 88 1
35068.000 # 1500
35068.000 # 1500
35069.248 - 88 1.737 1
35077.000 # 1500
35077.000 # 1500
35078.000 # 1500
35078.000 # 1500
35078.193 + 88 1
35078.484 + 88 1
35083.846 + 88 1
35085.109 + 88 1
35086.000 # 1500
35086.000 # 1500
35086.000 # 1500
35086.827 - 88 8.634 1
35086.860 - 88 8.376 1
35086.870 - 88 3.024 1
35086.878 - 88 1.769 1
35087.000 # 1500
35087.000 # 1500
35087.000 # 1500
35087.000 # 1500
35088.879 + 88 1
35090.000 # 1500
35090.972 - 88 2.093 1
35090.987 + 88 1
35092.897 + 88 1
35093.000 # 1500
35093.000 # 1500
35093.000 # 1500
35093.000 # 1500
35093.136 - 88 2.149 1
35094.862 + 88 1
35095.000 # 1500
35096.880 - 88 3.983 1
35096.905 - 88 2.043 1
35097.000 # 1500
35097.000 # 1500
35098.692 + 88 1
35100.239 + 88 1
35103.000 # 1500
35104.513 - 88 5.821 1
35104.537 - 88 4.298 1
35106.006 + 88 1
35109.230 + 88 1
35110.000 # 1500
35110.694 - 88 4.688 1
35110.705 - 88 1.475 1
35112.000 # 1500
35113.000 # 1500
35115.000 # 1500
35121.954 + 88 1
35122.294 + 88 1
35124.025 + 88 1
35125.000 # 1500
35125.787 - 88 3.833 1
35125.812 - 88 3.518 1
35125.833 - 88 1.808 1
35126.000 # 1500
35126.000 # 1500
35127.000 # 1500
35127.000 # 1500
35127.000 # 1500
35127.100 + 88 1
35134.726 + 88 1
35134.770 + 88 1
35134.782 + 88 1
35137.000 # 1500
35137.000 # 1500
35137.000 # 1500
35137.000 # 1500
35137.000 # 1500
35137.000 # 1500
35138.000 # 1500
35138.440 - 88 11.340 1
35138.476 - 88 3.750 1
35138.482 - 88 3.712 1
35138.487 - 88 3.705 1
35139.000 # 1500
35140.000 # 1500
35143.000 # 1500
35143.000 # 1500
35143.443 + 88 1
35143.751 + 88 1
35143.765 + 88 1
35143.775 + 88 1
35143.785 + 88 1
35145.000 # 1500
35145.437 - 88 1.994 1
35145.446 - 88 1.695 1
35145.449 - 88 1.684 1
35145.452 - 88 1.677 1
35145.454 - 88 1.669 1
35146.000 # 1500
35147.000 # 1500
35147.701 + 88 1
35148.000 # 1500
35149.000 # 1500
35149.336 - 88 1.635 1
35149.468 + 88 1
35151.418 + 88 1
35152.520 + 88 1
35154.245 + 88 1
35156.114 + 88 1
35158.208 + 88 1
35161.000 # 1500
35161.000 # 1500
35161.000 # 1500
35161.000 # 1500
35161.000 # 1500
35161.848 - 88 12.380 1
35161.860 - 88 10.442 1
35161.865 - 88 9.345 1
35161.869 - 88 7.624 1
35161.874 - 88 5.760 1
35161.879 - 88 3.671 1
35162.010 + 88 1
35168.803 + 88 1
35168.844 + 88 1
35168.855 + 88 1
35168.865 + 88 1
35172.664 + 88 1
35174.786 + 88 1
35177.643 + 88 1
35177.757 + 88 1
35179.527 + 88 1
35183.401 + 88 1
35183.476 + 88 1
35186.192 + 88 1
35190.272 + 88 1
35190.341 + 88 1
35192.121 + 88 1
35194.294 + 88 1
35196.279 + 88 1
35200.099 + 88 1
35200.173 + 88 1
35205.853 + 88 1
35205.930 + 88 1
35206.463 + 88 1
35208.889 + 88 1
35210.829 + 88 1
35212.752 + 88 1
35217.000 # 1500
35217.000 # 1500
35217.000 # 1500
35217.000 # 1500
35217.000 # 1500
35217.000 # 1500
35218.000 # 1500
35218.000 # 1500
35218.000 # 1500
35218.000 # 1500
35218.000 # 1500
35218.000 # 1500
35218.000 # 1500
35218.601 - 88 56.591 1
35218.612 - 88 49.809 1
35218.615 - 88 49.771 1
35218.618 - 88 49.763 1
35218.620 - 88 49.755 1
35218.622 - 88 45.958 1
35218.625 - 88 43.839 1
35218.627 - 88 40.984 1
35218.629 - 88 40.872 1
35218.631 - 88 39.104 1
35218.633 - 88 35.232 1
35218.635 - 88 35.159 1
35218.638 - 88 32.446 1
35218.640 - 88 28.368 1
35218.643 - 88 28.302 1
35218.646 - 88 26.525 1
35218.648 - 88 24.354 1
35218.650 - 88 22.371 1
35218.652 - 88 18.553 1
35218.654 - 88 18.481 1
35218.656 - 88 12.803 1
35218.658 - 88 12.728 1
35218.660 - 88 12.197 1
35218.662 - 88 9.773 1
35218.664 - 88 7.835 1
35218.666 - 88 5.914 1
35219.000 # 1500
35219.000 # 1500
35219.000 # 1500
35219.000 # 1500
35219.000 # 1500
35219.000 # 1500
35220.000 # 1500
35220.000 # 1500
35220.000 # 1500
35220.000 # 1500
35220.000 # 1500
35220.000 # 1500
35220.000 # 1500
35220.000 # 1500
35220.000 # 1500
35221.000 # 1500
35221.000 # 1500
35221.000 # 1500
35221.000 # 1500
35221.000 # 1500
35221.000 # 1500
35221.000 # 1500
35221.000 # 1500
35221.000 # 1500
35223.590 + 88 1
35223.662 + 88 1
35223.679 + 88 1
35223.693 + 88 1
35223.707 + 88 1
35230.000 # 1500
35230.000 # 1500
35230.000 # 1500
35230.000 # 1500
35230.000 # 1500
35231.000 # 1500
35232.084 - 88 8.494 1
35232.093 - 88 8.431 1
35232.096 - 88 8.417 1
35232.098 - 88 8.405 1
35232.100 - 88 8.393 1
35234.127 + 88 1
35234.199 + 88 1
35234.216 + 88 1
35234.230 + 88 1
35234.287 + 88 1
35236.000 # 1500
35236.257 + 88 1
35236.353 - 88 2.226 1
35236.362 - 88 2.163 1
35236.364 - 88 2.148 1
35236.366 - 88 2.136 1
35236.369 - 88 2.082 1
35237.000 # 1500
35238.102 - 88 1.845 1
35239.045 + 88 1
35240.000 # 1500
35240.000 # 1500
35240.896 - 88 1.851 1
35241.000 # 1500
35241.000 # 1500
35241.000 # 1500
35241.246 + 88 1
35243.111 + 88 1
35244.990 + 88 1
35248.153 + 88 1
35249.907 + 88 1
35252.133 + 88 1
35252.444 + 88 1
35255.451 + 88 1
35257.000 # 1500
35257.000 # 1500
35257.000 # 1500
35257.000 # 1500
35257.000 # 1500
35257.000 # 1500
35257.000 # 1500
35257.000 # 1500
35257.000 # 1500
35257.511 + 88 1
35257.692 - 88 16.446 1
35257.702 - 88 14.591 1
35257.704 - 88 12.714 1
35257.710 - 88 9.557 1
35257.712 - 88 7.805 1
35257.714 - 88 5.581 1
35257.716 - 88 5.272 1
35257.718 - 88 2.267 1
35258.000 # 1500
35259.233 - 88 1.722 1
35261.000 # 1500
35261.000 # 1500
35261.000 # 1500
35261.000 # 1500
35268.000 # 1500
35268.000 # 1500
35268.000 # 1500
35269.340 + 88 1
35269.635 + 88 1
35272.764 + 88 1
35273.000 # 1500
35273.000 # 1500
35273.000 # 1500
35274.577 - 88 5.237 1
35274.587 - 88 4.952 1
35274.590 - 88 1.826 1
35276.818 + 88 1
35278.780 + 88 1
35280.945 + 88 1
35283.610 + 88 1
35285.519 + 88 1
35286.000 # 1500
35286.000 # 1500
35286.000 # 1500
35287.000 # 1500
35287.000 # 1500
35287.000 # 1500
35287.000 # 1500
35287.000 # 1500
35287.000 # 1500
35287.383 - 88 10.565 1
35287.389 - 88 8.609 1
35287.391 - 88 6.446 1
35287.394 - 88 3.784 1
35287.396 - 88 1.877 1
35287.665 + 88 1
35289.706 + 88 1
35292.393 + 88 1
35294.396 + 88 1
35295.000 # 1500
35296.277 - 88 8.612 1
35296.285 - 88 6.579 1
35296.288 - 88 3.895 1
35296.291 - 88 1.895 1
35296.313 + 88 1
35298.317 + 88 1
35300.252 + 88 1
35310.176 + 88 1
35310.231 + 88 1
35312.030 + 88 1
35312.083 + 88 1
35315.974 + 88 1
35316.334 + 88 1
35317.000 # 1500
35317.000 # 1500
35317.000 # 1500
35317.000 # 1500
35317.000 # 1500
35317.000 # 1500
35317.000 # 1500
35317.000 # 1500
35317.000 # 1500
35317.000 # 1500
35317.000 # 1500
35318.000 # 1500
35318.037 - 88 21.724 1
35318.052 - 88 19.735 1
35318.060 - 88 17.808 1
35318.067 - 88 7.891 1
35318.074 - 88 7.843 1
35318.081 - 88 6.051 1
35318.188 - 88 6.105 1
35318.204 - 88 2.230 1
35318.214 - 88 1.880 1
35318.416 + 88 1
35320.688 + 88 1
35322.000 # 1500
35322.000 # 1500
35322.000 # 1500
35322.837 + 88 1
35322.998 - 88 4.582 1
35323.009 - 88 2.321 1
35324.764 + 88 1
35325.000 # 1500
35326.637 - 88 3.800 1
35326.662 - 88 1.898 1
35328.011 + 88 1
35335.000 # 1500
35335.000 # 1500
35336.000 # 1500
35336.000 # 1500
35336.000 # 1500
35336.513 - 88 8.502 1
35338.186 + 88 1
35338.280 + 88 1
35338.303 + 88 1
35338.321 + 88 1
35340.012 + 88 1
35341.938 + 88 1
35343.995 + 88 1
35345.948 + 88 1
35346.000 # 1500
35346.135 - 88 7.949 1
35346.155 - 88 7.875 1
35346.178 - 88 7.875 1
35346.184 - 88 7.863 1
35346.186 - 88 6.174 1
35346.189 - 88 4.251 1
35346.191 - 88 2.196 1
35346.193 - 88 0.245 1
35347.000 # 1500
35347.279 + 88 1
35350.865 + 88 1
35351.000 # 1500
35352.000 # 1500
35352.000 # 1500
35352.908 - 88 5.629 1
35352.921 - 88 2.056 1
35353.000 # 1500
35353.103 + 88 1
35354.866 + 88 1
35356.000 # 1500
35356.000 # 1500
35356.000 # 1500
35356.750 + 88 1
35356.926 - 88 3.823 1
35356.956 - 88 2.090 1
35359.528 + 88 1
35361.589 + 88 1
35363.577 + 88 1
35366.000 # 1500
35366.000 # 1500
35366.000 # 1500
35367.436 - 88 10.686 1
35367.443 - 88 7.915 1
35367.447 - 88 5.858 1
35367.449 - 88 3.872 1
35367.575 + 88 1
35368.493 + 88 1
35376.000 # 1500
35376.000 # 1500
35376.000 # 1500
35376.000 # 1500
35376.000 # 1500
35376.000 # 1500
35376.000 # 1500
35376.000 # 1500
35377.000 # 1500
35377.000 # 1500
35377.000 # 1500
35377.250 - 88 9.675 1
35377.258 - 88 8.765 1
35377.425 + 88 1
35381.000 # 1500
35381.000 # 1500
35381.000 # 1500
35381.000 # 1500
35382.380 - 88 4.955 1
35383.963 + 88 1
35393.029 + 88 1
35393.079 + 88 1
35396.000 # 1500
35396.000 # 1500
35396.000 # 1500
35396.000 # 1500
35396.889 - 88 12.926 1
35396.897 - 88 3.868 1
35396.900 - 88 3.821 1
35398.721 + 88 1
35401.669 + 88 1
35405.000 # 1500
35405.000 # 1500
35405.000 # 1500
35405.000 # 1500
35406.625 - 88 7.904 1
35406.643 - 88 4.974 1
35412.458 + 88 1
35412.699 + 88 1
35412.785 + 88 1
35412.802 + 88 1
35414.248 + 88 1
35416.222 + 88 1
35418.000 # 1500
35418.000 # 1500
35418.000 # 1500
35418.324 + 88 1
35418.510 - 88 6.052 1
35418.519 - 88 5.820 1
35418.522 - 88 5.737 1
35418.525 - 88 5.723 1
35418.527 - 88 4.279 1
35418.529 - 88 2.307 1
35419.000 # 1500
35419.000 # 1500
35419.000 # 1500
35420.199 + 88 1
35420.213 - 88 1.889 1
35421.000 # 1500
35421.000 # 1500
35421.000 # 1500
35422.168 - 88 1.969 1
35429.020 + 88 1
35430.983 + 88 1
35431.034 + 88 1
35431.050 + 88 1
35433.970 + 88 1
35436.000 # 1500
35436.000 # 1500
35436.000 # 1500
35436.000 # 1500
35436.000 # 1500
35436.000 # 1500
35436.957 - 88 7.937 1
35436.987 - 88 6.004 1
35436.995 - 88 5.961 1
35437.000 # 1500
35437.000 # 1500
35437.000 # 1500
35437.003 - 88 5.953 1
35437.042 - 88 3.072 1
35444.181 + 88 1
35444.348 + 88 1
35444.607 + 88 1
35448.000 # 1500
35448.000 # 1500
35448.000 # 1500
35448.000 # 1500
35448.000 # 1500
35449.590 - 88 5.409 1
35449.610 - 88 5.262 1
35449.613 - 88 5.006 1
35450.637 + 88 1
35450.776 + 88 1
35450.828 + 88 1
35451.000 # 1500
35452.420 - 88 1.783 1
35452.450 - 88 1.674 1
35452.461 - 88 1.633 1
35452.822 + 88 1
35453.000 # 1500
35454.000 # 1500
35454.443 - 88 1.621 1
35456.000 # 1500
35458.000 # 1500
35461.000 # 1500
35462.296 + 88 1
35462.353 + 88 1
35462.365 + 88 1
35468.637 + 88 1
35470.901 + 88 1
35471.000 # 1500
35471.196 - 88 8.900 1
35471.216 - 88 8.863 1
35471.220 - 88 8.855 1
35471.222 - 88 2.585 1
35472.000 # 1500
35472.899 - 88 1.998 1
35475.965 + 88 1
35476.972 + 88 1
35477.000 # 1500
35477.000 # 1500
35477.000 # 1500
35477.000 # 1500
35477.000 # 1500
35477.235 - 88 1.270 1
35479.091 + 88 1
35481.921 + 88 1
35486.000 # 1500
35486.000 # 1500
35486.000 # 1500
35486.000 # 1500
35486.643 - 88 9.671 1
35486.664 - 88 7.573 1
35486.668 - 88 4.747 1
35488.000 # 1500
35490.000 # 1500
35492.000 # 1500
35492.176 + 88 1
35493.000 # 1500
35494.000 # 1500
35494.412 - 88 2.236 1
35496.695 + 88 1
35497.000 # 1500
35497.000 # 1500
35498.271 - 88 1.576 1
35498.597 + 88 1
35499.000 # 1500
35499.000 # 1500
35500.453 - 88 1.856 1
35501.000 # 1500
35502.383 + 88 1
35503.000 # 1500
35503.000 # 1500
35504.198 - 88 1.815 1
35505.137 + 88 1
35506.366 + 88 1
35515.000 # 1500
35516.000 # 1500
35516.000 # 1500
35517.000 # 1500
35517.000 # 1500
35517.000 # 1500
35517.227 - 88 12.090 1
35517.283 - 88 10.917 1
35519.000 # 1500
35520.503 + 88 1
35520.879 + 88 1
35528.022 + 88 1
35531.797 + 88 1
35534.000 # 1500
35534.000 # 1500
35534.000 # 1500
35534.000 # 1500
35534.195 + 88 1
35534.606 - 88 14.103 1
35534.637 - 88 13.758 1
35534.646 - 88 6.624 1
35534.652 - 88 2.855 1
35535.965 + 88 1
35537.568 + 88 1
35539.000 # 1500
35539.000 # 1500
35539.000 # 1500
35539.624 + 88 1
35539.860 - 88 5.665 1
35539.894 - 88 3.929 1
35539.901 - 88 2.333 1
35541.000 # 1500
35541.542 + 88 1
35541.813 - 88 2.189 1
35542.000 # 1500
35543.332 - 88 1.790 1
35544.000 # 1500
35545.529 + 88 1
35547.000 # 1500
35547.423 + 88 1
35547.686 - 88 2.157 1
35548.000 # 1500
35549.080 - 88 1.657 1
35550.000 # 1500
35550.650 + 88 1
35552.000 # 1500
35552.607 + 88 1
35553.042 - 88 2.392 1
35564.000 # 1500
35564.130 + 88 1
35564.422 - 88 11.815 1
35565.000 # 1500
35565.706 - 88 1.576 1
35571.039 + 88 1
35572.782 + 88 1
35574.747 + 88 1
35576.000 # 1500
35576.000 # 1500
35576.000 # 1500
35576.000 # 1500
35576.000 # 1500
35576.998 + 88 1
35577.419 - 88 6.380 1
35577.449 - 88 4.667 1
35577.458 - 88 2.711 1
35579.650 + 88 1
35583.888 + 88 1
35585.769 + 88 1
35587.000 # 1500
35587.000 # 1500
35587.000 # 1500
35588.178 - 88 11.180 1
35588.194 - 88 8.544 1
35588.198 - 88 4.310 1
35588.201 - 88 2.432 1
35589.000 # 1500
35589.172 + 88 1
35591.000 # 1500
35592.286 - 88 3.114 1
35594.000 # 1500
35595.000 # 1500
35597.000 # 1500
35598.276 + 88 1
35600.402 + 88 1
35601.000 # 1500
35602.000 # 1500
35602.209 - 88 3.933 1
35602.238 - 88 1.836 1
35603.951 + 88 1
35604.000 # 1500
35606.974 + 88 1
35609.000 # 1500
35609.003 + 88 1
35609.421 - 88 5.470 1
35609.446 - 88 2.472 1
35612.000 # 1500
35612.661 - 88 3.658 1
35612.973 + 88 1
35613.000 # 1500
35613.172 + 88 1
35614.000 # 1500
35614.699 + 88 1
35614.972 - 88 1.999 1
35615.009 - 88 1.837 1
35616.814 + 88 1
35617.000 # 1500
35618.600 - 88 3.901 1
35618.612 - 88 1.798 1
35618.889 + 88 1
35620.535 + 88 1
35622.439 + 88 1
35625.365 + 88 1
35629.000 # 1500
35629.000 # 1500
35629.222 + 88 1
35629.442 + 88 1
35629.488 - 88 10.599 1
35629.513 - 88 8.978 1
35629.521 - 88 7.082 1
35629.527 - 88 4.162 1
35630.000 # 1500
35630.000 # 1500
35631.000 # 1500
35631.405 - 88 2.183 1
35631.416 - 88 1.974 1
35632.296 + 88 1
35636.050 + 88 1
35639.101 + 88 1
35641.207 + 88 1
35641.313 + 88 1
35645.000 # 1500
35645.816 - 88 13.520 1
35645.831 - 88 9.781 1
35645.834 - 88 6.733 1
35645.837 - 88 4.630 1
35645.839 - 88 4.526 1
35646.000 # 1500
35646.000 # 1500
35646.000 # 1500
35646.000 # 1500
35646.000 # 1500
35646.000 # 1500
35647.000 # 1500
35647.000 # 1500
35652.744 + 88 1
35652.953 + 88 1
35657.000 # 1500
35657.658 - 88 4.914 1
35657.669 - 88 4.716 1
35658.000 # 1500
35658.000 # 1500
35658.000 # 1500
35658.000 # 1500
35658.000 # 1500
35663.622 + 88 1
35667.000 # 1500
35667.000 # 1500
35667.926 + 88 1
35668.090 - 88 4.468 1
35668.139 + 88 1
35669.805 + 88 1
35680.103 + 88 1
35683.956 + 88 1
35684.108 + 88 1
35687.961 + 88 1
35689.357 + 88 1
35693.771 + 88 1
35697.695 + 88 1
35699.783 + 88 1
35700.743 + 88 1
35702.000 # 1500
35702.000 # 1500
35702.000 # 1500
35702.000 # 1500
35702.000 # 1500
35702.000 # 1500
35702.000 # 1500
35702.000 # 1500
35703.429 - 88 35.503 1
35703.442 - 88 35.303 1
35703.444 - 88 33.639 1
35703.447 - 88 23.344 1
35703.449 - 88 19.493 1
35703.452 - 88 19.344 1
35703.454 - 88 15.493 1
35703.457 - 88 14.100 1
35703.459 - 88 9.688 1
35703.461 - 88 5.766 1
35703.463 - 88 3.680 1
35703.465 - 88 2.722 1
35703.938 + 88 1
35706.508 + 88 1
35709.345 + 88 1
35718.341 + 88 1
35720.264 + 88 1
35723.350 + 88 1
35728.898 + 88 1
35731.837 + 88 1
35732.272 + 88 1
35735.733 + 88 1
35737.816 + 88 1
35738.000 # 1500
35738.000 # 1500
35738.000 # 1500
35739.000 # 1500
35739.000 # 1500
35739.000 # 1500
35739.000 # 1500
35739.000 # 1500
35739.000 # 1500
35739.000 # 1500
35739.000 # 1500
35739.515 - 88 35.577 1
35739.544 - 88 33.036 1
35739.550 - 88 30.205 1
35739.553 - 88 21.212 1
35739.556 - 88 19.292 1
35739.559 - 88 16.209 1
35739.562 - 88 10.664 1
35739.564 - 88 7.727 1
35739.566 - 88 7.294 1
35739.568 - 88 3.835 1
35739.570 - 88 1.754 1
35740.000 # 1500
35740.000 # 1500
35740.000 # 1500
35740.000 # 1500
35740.000 # 1500
35740.000 # 1500
35740.000 # 1500
35740.000 # 1500
35740.000 # 1500
35740.000 # 1500
35740.689 + 88 1
35741.000 # 1500
35741.000 # 1500
35741.000 # 1500
35742.542 - 88 1.853 1
35742.962 + 88 1
35744.794 + 88 1
35749.436 + 88 1
35749.606 + 88 1
35754.269 + 88 1
35756.000 # 1500
35756.000 # 1500
35756.000 # 1500
35756.000 # 1500
35756.000 # 1500
35756.000 # 1500
35756.000 # 1500
35757.000 # 1500
35757.099 - 88 14.137 1
35757.109 - 88 12.315 1
35757.112 - 88 7.676 1
35757.115 - 88 7.509 1
35757.117 - 88 2.848 1
35761.000 # 1500
35763.000 # 1500
35764.000 # 1500
35767.000 # 1500
35769.000 # 1500
35769.908 + 88 1
35770.100 + 88 1
35779.951 + 88 1
35780.314 + 88 1
35785.396 + 88 1
35787.342 + 88 1
35789.385 + 88 1
35793.000 # 1500
35793.000 # 1500
35793.000 # 1500
35793.000 # 1500
35794.301 - 88 24.393 1
35794.317 - 88 24.217 1
35794.325 - 88 14.374 1
35794.333 - 88 14.019 1
35794.340 - 88 8.944 1
35794.346 - 88 7.004 1
35794.352 - 88 4.967 1
35799.388 + 88 1
35802.906 + 88 1
35807.872 + 88 1
35808.188 + 88 1
35810.115 + 88 1
35812.896 + 88 1
35815.000 # 1500
35815.000 # 1500
35815.000 # 1500
35816.000 # 1500
35816.000 # 1500
35816.000 # 1500
35816.861 + 88 1
35817.012 - 88 17.624 1
35817.027 - 88 14.121 1
35817.030 - 88 9.158 1
35817.033 - 88 8.845 1
35817.035 - 88 6.920 1
35817.038 - 88 4.142 1
35819.793 + 88 1
35828.471 + 88 1
35830.559 + 88 1
35832.544 + 88 1
35835.205 + 88 1
35836.000 # 1500
35836.000 # 1500
35836.000 # 1500
35837.245 - 88 20.384 1
35837.256 - 88 17.463 1
35837.258 - 88 8.787 1
35837.263 - 88 6.704 1
35837.265 - 88 4.721 1
35837.268 - 88 2.063 1
35839.000 # 1500
35839.000 # 1500
35839.167 + 88 1
35839.234 + 88 1
35840.000 # 1500
35841.031 - 88 1.864 1
35841.043 - 88 1.809 1
35842.000 # 1500
35842.086 + 88 1
35844.000 # 1500
35844.200 + 88 1
35844.389 - 88 2.303 1
35846.081 + 88 1
35847.000 # 1500
35847.867 - 88 3.667 1
35847.876 - 88 1.795 1
35848.000 # 1500
35848.839 + 88 1
35852.000 # 1500
35852.786 + 88 1
35852.988 - 88 4.149 1
35853.022 + 88 1
35855.000 # 1500
35855.719 - 88 2.933 1
35855.729 - 88 2.707 1
35856.000 # 1500
35856.101 + 88 1
35858.351 + 88 1
35861.099 + 88 1
35863.309 + 88 1
35872.019 + 88 1
35872.983 + 88 1
35874.948 + 88 1
35876.000 # 1500
35876.000 # 1500
35876.754 - 88 20.653 1
35876.764 - 88 18.413 1
35876.767 - 88 15.668 1
35876.769 - 88 13.460 1
35876.771 - 88 4.752 1
35876.774 - 88 3.791 1
35876.776 - 88 1.828 1
35876.856 + 88 1
35877.000 # 1500
35878.098 + 88 1
35878.393 - 88 1.537 1
35882.497 + 88 1
35885.543 + 88 1
35886.574 + 88 1
35890.379 + 88 1
35891.646 + 88 1
35894.431 + 88 1
35895.000 # 1500
35895.000 # 1500
35895.000 # 1500
35896.291 - 88 18.193 1
35896.302 - 88 13.805 1
35896.305 - 88 10.762 1
35896.308 - 88 9.734 1
35896.310 - 88 5.931 1
35896.312 - 88 4.666 1
35896.314 - 88 1.883 1
35897.245 + 88 1
35898.593 + 88 1
35900.173 + 88 1
35902.125 + 88 1
35904.354 + 88 1
35906.971 + 88 1
35907.543 + 88 1
35911.074 + 88 1
35912.189 + 88 1
35914.286 + 88 1
35917.789 + 88 1
35919.042 + 88 1
35920.871 + 88 1
35923.941 + 88 1
35924.156 + 88 1
35927.504 + 88 1
35929.541 + 88 1
35931.612 + 88 1
35934.323 + 88 1
35934.363 + 88 1
35936.380 + 88 1
35941.205 + 88 1
35943.242 + 88 1
35943.283 + 88 1
35944.415 + 88 1
35949.133 + 88 1
35949.177 + 88 1
35950.943 + 88 1
35952.000 # 1500
35952.963 + 88 1
35952.973 - 88 55.728 1
35952.984 - 88 54.391 1
35952.987 - 88 52.814 1
35952.990 - 88 50.865 1
35952.992 - 88 48.638 1
35952.995 - 88 46.024 1
35952.998 - 88 45.455 1
35953.000 # 1500
35953.000 # 1500
35953.000 # 1500
35953.000 # 1500
35953.000 # 1500
35953.000 # 1500
35953.000 # 1500
35953.000 # 1500
35953.000 - 88 41.926 1
35953.002 - 88 40.813 1
35953.004 - 88 38.718 1
35953.006 - 88 35.217 1
35953.008 - 88 33.966 1
35953.011 - 88 32.140 1
35953.013 - 88 29.072 1
35953.015 - 88 28.859 1
35953.018 - 88 25.514 1
35953.130 - 88 23.589 1
35953.140 - 88 21.528 1
35953.144 - 88 18.821 1
35953.146 - 88 18.783 1
35953.149 - 88 16.769 1
35953.151 - 88 11.946 1
35953.153 - 88 9.911 1
35953.156 - 88 9.873 1
35953.158 - 88 8.743 1
35953.160 - 88 4.027 1
35953.163 - 88 3.986 1
35953.165 - 88 2.222 1
35954.000 # 1500
35954.000 # 1500
35954.000 # 1500
35954.000 # 1500
35954.865 - 88 1.902 1
35955.024 + 88 1
35956.180 + 88 1
35958.127 + 88 1
35961.772 + 88 1
35963.708 + 88 1
35964.266 + 88 1
35970.626 + 88 1
35970.670 + 88 1
35970.682 + 88 1
35973.449 + 88 1
35975.543 + 88 1
35975.585 + 88 1
35980.474 + 88 1
35982.396 + 88 1
35982.442 + 88 1
35986.195 + 88 1
35987.270 + 88 1
35989.221 + 88 1
35991.994 + 88 1
35992.220 + 88 1
35995.138 + 88 1
35996.999 + 88 1
35998.932 + 88 1
36000.915 + 88 1
36002.015 + 88 1
36003.771 + 88 1
36005.729 + 88 1
36008.592 + 88 1
36011.000 # 1500
36011.000 # 1500
36011.000 # 1500
36011.000 # 1500
36011.000 # 1500
36012.000 # 1500
36012.596 - 88 57.572 1
36012.608 - 88 56.428 1
36012.611 - 88 54.484 1
36012.613 - 88 50.841 1
36012.615 - 88 48.907 1
36012.617 - 88 48.351 1
36012.620 - 88 41.994 1
36012.622 - 88 41.952 1
36012.624 - 88 41.942 1
36012.626 - 88 39.177 1
36012.628 - 88 37.085 1
36012.631 - 88 37.046 1
36012.634 - 88 32.160 1
36012.636 - 88 30.240 1
36012.638 - 88 30.196 1
36012.640 - 88 26.445 1
36012.642 - 88 25.372 1
36012.644 - 88 23.423 1
36012.647 - 88 20.653 1
36012.649 - 88 20.429 1
36012.651 - 88 17.513 1
36012.653 - 88 15.654 1
36012.655 - 88 13.723 1
36012.657 - 88 11.742 1
36012.659 - 88 10.644 1
36012.662 - 88 8.891 1
36012.664 - 88 6.935 1
36012.666 - 88 4.074 1
36013.000 # 1500
36013.000 # 1500
36013.000 # 1500
36013.000 # 1500
36013.000 # 1500
36013.000 # 1500
36013.000 # 1500
36013.000 # 1500
36013.000 # 1500
36013.000 # 1500
36014.000 # 1500
36014.000 # 1500
36014.000 # 1500
36014.000 # 1500
36014.000 # 1500
36014.000 # 1500
36014.000 # 1500
36014.000 # 1500
36014.000 # 1500
36014.000 # 1500
36017.431 + 88 1
36017.474 + 88 1
36030.221 + 88 1
36032.249 + 88 1
36032.292 + 88 1
36032.304 + 88 1
36035.982 + 88 1
36036.000 # 1500
36036.086 + 88 1
36036.248 - 88 18.817 1
36036.258 - 88 18.784 1
36036.262 - 88 6.041 1
36036.264 - 88 4.015 1
36036.266 - 88 3.974 1
36036.268 - 88 3.964 1
36037.239 + 88 1
36041.871 + 88 1
36043.919 + 88 1
36045.898 + 88 1
36046.000 # 1500
36046.000 # 1500
36046.000 # 1500
36046.111 - 88 10.129 1
36046.122 - 88 10.036 1
36046.124 - 88 8.885 1
36046.126 - 88 4.255 1
36046.129 - 88 2.210 1
36046.131 - 88 0.233 1
36046.984 + 88 1
36048.648 + 88 1
36052.023 + 88 1
36053.551 + 88 1
36055.000 # 1500
36055.000 # 1500
36055.000 # 1500
36055.000 # 1500
36055.573 + 88 1
36055.785 - 88 8.801 1
36055.794 - 88 7.146 1
36055.797 - 88 3.774 1
36055.800 - 88 2.249 1
36057.480 + 88 1
36057.521 + 88 1
36061.000 # 1500
36062.000 # 1500
36062.254 - 88 6.681 1
36062.260 - 88 4.780 1
36062.262 - 88 4.741 1
36063.000 # 1500
36065.000 # 1500
36073.262 + 88 1
36078.985 + 88 1
36079.029 + 88 1
36079.041 + 88 1
36079.051 + 88 1
36079.061 + 88 1
36079.071 + 88 1
36080.099 + 88 1
36080.140 + 88 1
36080.152 + 88 1
36081.956 + 88 1
36083.946 + 88 1
36084.923 + 88 1
36086.000 # 1500
36086.742 - 88 13.480 1
36086.755 - 88 7.770 1
36086.758 - 88 7.729 1
36086.760 - 88 7.719 1
36086.763 - 88 7.712 1
36086.765 - 88 7.704 1
36086.767 - 88 7.696 1
36086.769 - 88 6.670 1
36086.771 - 88 6.631 1
36086.774 - 88 6.622 1
36086.776 - 88 4.820 1
36086.779 - 88 2.833 1
36086.781 - 88 1.858 1
36088.807 + 88 1
36091.000 # 1500
36091.000 # 1500
36092.575 - 88 3.768 1
36097.000 # 1500
36097.000 # 1500
36098.646 + 88 1
36099.966 + 88 1
36100.008 + 88 1
36101.000 # 1500
36101.000 # 1500
36101.600 - 88 2.954 1
36101.610 - 88 1.644 1
36101.612 - 88 1.604 1
36102.626 + 88 1
36102.668 + 88 1
36104.660 + 88 1
36104.791 + 88 1
36106.480 + 88 1
36107.518 + 88 1
36108.000 # 1500
36109.238 + 88 1
36109.270 - 88 6.644 1
36109.285 - 88 6.617 1
36109.295 - 88 4.635 1
36109.301 - 88 4.510 1
36109.308 - 88 2.828 1
36109.314 - 88 1.796 1
36111.181 + 88 1
36113.000 # 1500
36114.201 + 88 1
36114.411 - 88 5.173 1
36114.421 - 88 3.240 1
36115.000 # 1500
36115.557 - 88 1.356 1
36117.157 + 88 1
36119.000 # 1500
36119.071 + 88 1
36119.294 - 88 2.137 1
36120.336 + 88 1
36121.000 # 1500
36122.168 - 88 3.097 1
36122.175 + 88 1
36122.178 - 88 1.842 1
36123.000 # 1500
36123.578 - 88 1.403 1
36126.000 # 1500
36126.902 + 88 1
36128.849 + 88 1
36129.855 + 88 1
36130.000 # 1500
36131.647 - 88 4.745 1
36131.660 - 88 2.811 1
36131.662 - 88 1.807 1
36135.000 # 1500
36138.000 # 1500
36139.498 + 88 1
36139.545 + 88 1
36139.557 + 88 1
36139.567 + 88 1
36141.000 # 1500
36142.000 # 1500
36142.463 - 88 2.965 1
36142.477 - 88 2.932 1
36142.480 - 88 2.923 1
36142.483 - 88 2.916 1
36142.664 + 88 1
36144.494 + 88 1
36145.536 + 88 1
36146.000 # 1500
36147.287 - 88 4.623 1
36147.296 - 88 2.802 1
36147.299 - 88 1.763 1
36147.449 + 88 1
36148.000 # 1500
36149.264 - 88 1.815 1
36151.000 # 1500
36154.000 # 1500
36158.220 + 88 1
36158.265 + 88 1
36158.277 + 88 1
36158.287 + 88 1
36158.297 + 88 1
36160.054 + 88 1
36163.199 + 88 1
36165.041 + 88 1
36166.000 # 1500
36166.000 # 1500
36166.000 # 1500
36167.055 - 88 8.835 1
36167.070 - 88 8.805 1
36167.074 - 88 8.797 1
36167.076 - 88 8.789 1
36167.078 - 88 8.781 1
36167.081 - 88 7.027 1
36167.084 - 88 3.885 1
36167.086 - 88 2.045 1
36167.094 + 88 1
36169.000 # 1500
36169.769 - 88 2.675 1
36173.000 # 1500
36174.912 + 88 1
36174.954 + 88 1
36175.000 # 1500
36175.132 - 88 0.220 1
36175.769 + 88 1
36182.599 + 88 1
36182.642 + 88 1
36183.212 + 88 1
36183.260 + 88 1
36183.272 + 88 1
36185.000 # 1500
36185.414 - 88 10.460 1
36185.423 - 88 9.654 1
36185.426 - 88 2.827 1
36185.428 - 88 2.786 1
36185.431 - 88 2.219 1
36185.433 - 88 2.173 1
36185.435 - 88 2.163 1
36186.492 + 88 1
36188.579 + 88 1
36188.620 + 88 1
36191.394 + 88 1
36192.392 + 88 1
36195.000 # 1500
36195.000 # 1500
36196.212 - 88 9.720 1
36196.224 - 88 7.645 1
36196.227 - 88 7.607 1
36196.229 - 88 4.835 1
36196.231 - 88 3.839 1
36196.681 + 88 1
36197.000 # 1500
36198.045 - 88 1.364 1
36199.348 + 88 1
36200.000 # 1500
36200.000 # 1500
36201.000 # 1500
36201.133 + 88 1
36201.199 - 88 1.851 1
36203.000 # 1500
36203.365 - 88 2.232 1
36205.070 + 88 1
36207.894 + 88 1
36208.922 + 88 1
36211.792 + 88 1
36212.932 + 88 1
36214.719 + 88 1
36216.675 + 88 1
36218.665 + 88 1
36219.672 + 88 1
36221.723 + 88 1
36224.522 + 88 1
36225.000 # 1500
36225.000 # 1500
36225.000 # 1500
36225.717 + 88 1
36225.907 - 88 20.837 1
36225.918 - 88 18.024 1
36225.921 - 88 16.999 1
36225.924 - 88 14.132 1
36225.927 - 88 12.995 1
36225.929 - 88 11.210 1
36225.931 - 88 9.256 1
36225.933 - 88 7.268 1
36225.935 - 88 6.263 1
36225.937 - 88 4.214 1
36225.939 - 88 1.417 1
36226.000 # 1500
36227.406 - 88 1.689 1
36228.765 + 88 1
36230.494 + 88 1
36231.000 # 1500
36231.845 + 88 1
36231.942 - 88 3.177 1
36231.952 - 88 1.458 1
36235.000 # 1500
36235.000 # 1500
36235.300 + 88 1
36235.494 - 88 3.649 1
36237.210 + 88 1
36239.174 + 88 1
36239.214 + 88 1
36240.000 # 1500
36240.000 # 1500
36241.161 - 88 5.861 1
36241.172 - 88 3.962 1
36241.175 - 88 2.001 1
36241.178 - 88 1.964 1
36241.359 + 88 1
36243.161 + 88 1
36245.000 # 1500
36245.270 + 88 1
36245.534 - 88 4.175 1
36245.544 - 88 2.383 1
36247.179 + 88 1
36247.222 + 88 1
36252.010 + 88 1
36252.052 + 88 1
36253.776 + 88 1
36255.870 + 88 1
36256.000 # 1500
36256.000 # 1500
36256.000 # 1500
36256.100 - 88 10.830 1
36256.111 - 88 8.932 1
36256.114 - 88 8.892 1
36256.116 - 88 4.106 1
36256.119 - 88 4.067 1
36256.122 - 88 2.346 1
36256.124 - 88 0.254 1
36257.853 + 88 1
36261.000 # 1500
36262.519 - 88 4.666 1
36266.000 # 1500
36275.496 + 88 1
36275.539 + 88 1
36278.277 + 88 1
36278.318 + 88 1
36279.000 # 1500
36280.081 - 88 4.585 1
36280.091 - 88 4.552 1
36280.093 - 88 1.816 1
36280.096 - 88 1.778 1
36281.385 + 88 1
36289.989 + 88 1
36290.031 + 88 1
36290.042 + 88 1
36290.443 + 88 1
36292.933 + 88 1
36294.776 + 88 1
36295.000 # 1500
36295.000 # 1500
36295.000 # 1500
36295.000 # 1500
36296.826 - 88 15.441 1
36296.836 - 88 6.847 1
36296.839 - 88 6.808 1
36296.841 - 88 6.799 1
36296.843 - 88 6.400 1
36296.846 - 88 3.913 1
36296.849 - 88 2.073 1
36297.792 + 88 1
36307.640 + 88 1
36307.681 + 88 1
36307.693 + 88 1
36307.703 + 88 1
36309.073 + 88 1
36310.584 + 88 1
36311.519 + 88 1
36314.373 + 88 1
36316.476 + 88 1
36317.309 + 88 1
36320.252 + 88 1
36323.212 + 88 1
36323.253 + 88 1
36325.215 + 88 1
36327.299 + 88 1
36331.082 + 88 1
36331.125 + 88 1
36340.166 + 88 1
36340.207 + 88 1
36341.950 + 88 1
36347.000 # 1500
36347.000 # 1500
36347.000 # 1500
36347.560 - 88 49.768 1
36347.578 - 88 39.938 1
36347.581 - 88 39.900 1
36347.583 - 88 39.890 1
36347.586 - 88 39.883 1
36347.588 - 88 38.515 1
36347.590 - 88 37.006 1
36347.592 - 88 36.073 1
36347.594 - 88 33.221 1
36347.596 - 88 31.120 1
36347.599 - 88 30.290 1
36347.601 - 88 27.349 1
36347.604 - 88 24.392 1
36347.606 - 88 24.353 1
36347.608 - 88 22.393 1
36347.610 - 88 20.311 1
36347.612 - 88 16.530 1
36347.614 - 88 16.489 1
36347.617 - 88 7.451 1
36347.619 - 88 7.412 1
36347.621 - 88 5.671 1
36359.454 + 88 1
36359.502 + 88 1
36359.514 + 88 1
36359.525 + 88 1
36359.540 + 88 1
36359.550 + 88 1
36360.873 + 88 1
36360.915 + 88 1
36360.927 + 88 1
36360.937 + 88 1
36374.558 + 88 1
36374.603 + 88 1
36374.616 + 88 1
36374.626 + 88 1
36377.513 + 88 1
36377.558 + 88 1
36377.570 + 88 1
36387.526 + 88 1
36387.646 + 88 1
36389.000 # 1500
36389.000 # 1500
36390.000 # 1500
36390.000 # 1500
36390.431 - 88 30.977 1
36390.458 - 88 30.956 1
36390.466 - 88 30.952 1
36390.473 - 88 30.948 1
36390.480 - 88 30.940 1
36390.486 - 88 30.936 1
36390.493 - 88 29.620 1
36390.499 - 88 29.584 1
36390.506 - 88 29.579 1
36390.512 - 88 29.575 1
36390.519 - 88 15.961 1
36390.525 - 88 15.922 1
36390.533 - 88 15.917 1
36390.539 - 88 15.913 1
36390.545 - 88 13.032 1
36390.552 - 88 12.994 1
36390.558 - 88 12.988 1
36390.564 - 88 3.038 1
36390.571 - 88 2.925 1
36390.850 + 88 1
36390.996 + 88 1
36394.356 + 88 1
36394.467 + 88 1
36394.502 + 88 1
36394.534 + 88 1
36396.270 + 88 1
36398.218 + 88 1
36398.331 + 88 1
36401.000 # 1500
36401.131 + 88 1
36401.476 - 88 10.626 1
36401.499 - 88 10.503 1
36401.508 - 88 7.152 1
36401.515 - 88 7.048 1
36401.522 - 88 7.020 1
36401.529 - 88 6.995 1
36401.535 - 88 5.265 1
36401.541 - 88 3.323 1
36401.547 - 88 3.216 1
36402.000 # 1500
36402.000 # 1500
36402.000 # 1500
36402.000 # 1500
36403.438 - 88 2.307 1
36403.535 + 88 1
36405.058 + 88 1
36407.051 + 88 1
36409.028 + 88 1
36410.956 + 88 1
36413.986 + 88 1
36416.825 + 88 1
36418.771 + 88 1
36418.882 + 88 1
36420.678 + 88 1
36430.515 + 88 1
36430.624 + 88 1
36430.659 + 88 1
36432.429 + 88 1
36435.000 # 1500
36436.310 - 88 32.775 1
36436.334 - 88 31.276 1
36436.342 - 88 29.291 1
36436.349 - 88 27.321 1
36436.355 - 88 25.399 1
36436.361 - 88 22.375 1
36436.369 - 88 19.544 1
36436.375 - 88 17.604 1
36436.382 - 88 17.500 1
36436.388 - 88 15.710 1
36436.394 - 88 5.879 1
36436.400 - 88 5.776 1
36436.406 - 88 5.747 1
36436.412 - 88 3.983 1
36438.000 # 1500
36438.000 # 1500
36438.000 # 1500
36438.000 # 1500
36438.000 # 1500
36438.000 # 1500
36438.000 # 1500
36438.000 # 1500
36439.000 # 1500
36439.000 # 1500
36439.000 # 1500
36439.000 # 1500
36439.000 # 1500
36439.000 # 1500
36439.000 # 1500
36439.000 # 1500
36440.000 # 1500
36440.000 # 1500
36440.000 # 1500
36440.000 # 1500
36442.252 + 88 1
36442.361 + 88 1
36442.396 + 88 1
36442.428 + 88 1
36442.459 + 88 1
36444.000 # 1500
36444.408 + 88 1
36444.862 - 88 2.610 1
36444.886 - 88 2.525 1
36444.893 - 88 2.497 1
36444.900 - 88 2.472 1
36444.907 - 88 2.448 1
36446.000 # 1500
36447.309 - 88 2.901 1
36450.000 # 1500
36450.083 + 88 1
36450.191 + 88 1
36452.000 # 1500
36452.068 + 88 1
36452.179 + 88 1
36452.466 - 88 2.383 1
36452.487 - 88 2.296 1
36454.000 # 1500
36454.751 - 88 2.683 1
36454.771 - 88 2.592 1
36455.839 + 88 1
36455.947 + 88 1
36457.878 + 88 1
36464.548 + 88 1
36464.675 + 88 1
36464.714 + 88 1
36467.570 + 88 1
36467.683 + 88 1
36474.485 + 88 1
36474.592 + 88 1
36474.626 + 88 1
36477.424 + 88 1
36477.536 + 88 1
36480.308 + 88 1
36480.421 + 88 1
36483.208 + 88 1
36484.560 + 88 1
36486.000 # 1500
36486.000 # 1500
36486.000 # 1500
36486.000 # 1500
36486.000 # 1500
36487.417 - 88 31.578 1
36487.441 - 88 31.494 1
36487.449 - 88 29.571 1
36487.456 - 88 22.908 1
36487.462 - 88 22.787 1
36487.469 - 88 22.755 1
36487.476 - 88 19.906 1
36487.482 - 88 19.799 1
36487.488 - 88 13.003 1
36487.494 - 88 12.902 1
36487.501 - 88 12.875 1
36487.507 - 88 10.083 1
36487.513 - 88 9.977 1
36487.520 - 88 7.212 1
36487.526 - 88 7.105 1
36487.532 - 88 4.324 1
36487.538 - 88 2.978 1
36488.000 # 1500
36488.000 # 1500
36488.000 # 1500
36490.046 + 88 1
36490.154 + 88 1
36496.000 # 1500
36496.722 - 88 6.676 1
36496.743 - 88 6.589 1
36499.852 + 88 1
36500.000 # 1500
36500.000 # 1500
36503.819 + 88 1
36504.071 + 88 1
36504.106 + 88 1
36505.000 # 1500
36505.516 - 88 5.664 1
36505.536 - 88 1.717 1
36505.551 - 88 1.480 1
36505.558 - 88 1.452 1
36507.000 # 1500
36508.000 # 1500
36510.589 + 88 1
36510.696 + 88 1
36510.731 + 88 1
36512.000 # 1500
36513.263 - 88 2.674 1
36513.283 - 88 2.587 1
36513.291 - 88 2.560 1
36514.000 # 1500
36516.000 # 1500
36517.000 # 1500
36521.328 + 88 1
36528.070 + 88 1
36540.006 + 88 1
36540.114 + 88 1
36540.148 + 88 1
36540.180 + 88 1
36540.210 + 88 1
36545.000 # 1500
36545.000 # 1500
36545.000 # 1500
36546.000 # 1500
36546.000 # 1500
36546.440 - 88 25.112 1
36546.461 - 88 18.391 1
36546.469 - 88 6.463 1
36546.476 - 88 6.362 1
36546.482 - 88 6.334 1
36546.489 - 88 6.309 1
36546.495 - 88 6.285 1
36547.000 # 1500
36547.000 # 1500
36547.000 # 1500
36548.000 # 1500
36548.000 # 1500
36548.000 # 1500
36549.617 + 88 1
36549.725 + 88 1
36549.759 + 88 1
36549.791 + 88 1
36549.822 + 88 1
36551.000 # 1500
36551.580 + 88 1
36552.000 # 1500
36552.072 - 88 2.455 1
36552.252 - 88 2.527 1
36552.269 - 88 2.510 1
36552.276 - 88 2.485 1
36552.283 - 88 2.461 1
36552.289 - 88 0.709 1
36553.545 + 88 1
36554.000 # 1500
36555.956 - 88 2.411 1
36556.177 + 88 1
36556.291 + 88 1
36559.304 + 88 1
36562.272 + 88 1
36562.380 + 88 1
36564.287 + 88 1
36568.231 + 88 1
36570.090 + 88 1
36574.018 + 88 1
36574.138 + 88 1
36580.912 + 88 1
36581.000 # 1500
36581.417 - 88 25.240 1
36581.439 - 88 25.148 1
36581.447 - 88 22.143 1
36581.454 - 88 19.182 1
36581.461 - 88 19.081 1
36581.470 - 88 17.183 1
36581.476 - 88 13.245 1
36581.483 - 88 11.393 1
36581.489 - 88 7.471 1
36581.495 - 88 7.357 1
36582.000 # 1500
36582.000 # 1500
36582.000 # 1500
36582.000 # 1500
36582.000 # 1500
36582.000 # 1500
36582.000 # 1500
36582.699 - 88 1.787 1
36583.000 # 1500
36583.000 # 1500
36583.000 # 1500
36584.000 # 1500
36585.000 # 1500
36587.000 # 1500
36589.000 # 1500
36589.767 + 88 1
36591.000 # 1500
36591.000 # 1500
36592.555 - 88 2.788 1
36592.615 + 88 1
36593.000 # 1500
36595.000 # 1500
36595.623 - 88 3.008 1
36595.710 + 88 1
36597.496 + 88 1
36598.000 # 1500
36599.000 # 1500
36599.282 - 88 3.572 1
36599.313 - 88 1.817 1
36608.000 # 1500
36608.000 # 1500
36608.000 # 1500
36608.000 # 1500
36608.000 # 1500
36608.170 + 88 1
36608.465 + 88 1
36610.000 # 1500
36610.505 + 88 1
36611.172 - 88 3.002 1
36611.194 - 88 2.729 1
36612.000 # 1500
36612.931 - 88 2.426 1
36613.000 # 1500
36615.000 # 1500
36615.440 + 88 1
36616.899 + 88 1
36620.050 + 88 1
36621.830 + 88 1
36622.087 + 88 1
36625.269 + 88 1
36626.000 # 1500
36626.000 # 1500
36626.000 # 1500
36627.000 # 1500
36628.566 - 88 13.126 1
36628.589 - 88 11.690 1
36628.598 - 88 8.548 1
36628.606 - 88 6.776 1
36628.613 - 88 6.526 1
36628.619 - 88 3.350 1
36628.982 + 88 1
36631.012 + 88 1
36633.913 + 88 1
36635.822 + 88 1
36637.811 + 88 1
36641.361 + 88 1
36643.349 + 88 1
36645.281 + 88 1
36646.000 # 1500
36646.000 # 1500
36646.000 # 1500
36646.000 # 1500
36646.000 # 1500
36646.000 # 1500
36646.000 # 1500
36647.361 - 88 18.379 1
36647.383 - 88 16.371 1
36647.391 - 88 13.478 1
36647.398 - 88 11.576 1
36647.405 - 88 9.594 1
36647.411 - 88 6.050 1
36647.418 - 88 4.069 1
36647.426 - 88 2.145 1
36647.634 + 88 1
36649.000 # 1500
36650.225 - 88 2.591 1
36650.619 + 88 1
36652.370 + 88 1
36660.000 # 1500
36661.000 # 1500
36661.745 - 88 11.126 1
36661.768 - 88 9.398 1
36662.339 + 88 1
36662.488 + 88 1
36662.498 + 88 1
36663.000 # 1500
36664.137 - 88 1.798 1
36664.158 - 88 1.670 1
36664.167 - 88 1.669 1
36665.790 + 88 1
36667.000 # 1500
36667.000 # 1500
36667.661 - 88 1.871 1
36669.000 # 1500
36670.000 # 1500
36676.783 + 88 1
36678.797 + 88 1
36680.637 + 88 1
36683.761 + 88 1
36687.253 + 88 1
36688.000 # 1500
36688.000 # 1500
36688.000 # 1500
36688.000 # 1500
36692.577 + 88 1
36692.591 - 88 15.808 1
36692.616 - 88 13.819 1
36692.624 - 88 11.987 1
36692.631 - 88 8.870 1
36692.639 - 88 5.386 1
36692.913 + 88 1
36703.812 + 88 1
36708.208 + 88 1
36710.150 + 88 1
36712.217 + 88 1
36715.043 + 88 1
36717.205 + 88 1
36719.265 + 88 1
36723.698 + 88 1
36725.786 + 88 1
36734.605 + 88 1
36734.672 + 88 1
36739.298 + 88 1
36741.455 + 88 1
36743.357 + 88 1
36744.000 # 1500
36745.102 - 88 52.525 1
36745.132 - 88 52.219 1
36745.142 - 88 41.330 1
36745.151 - 88 36.943 1
36745.157 - 88 35.007 1
36745.164 - 88 32.947 1
36745.170 - 88 30.127 1
36745.177 - 88 27.972 1
36745.183 - 88 25.918 1
36745.190 - 88 21.492 1
36745.197 - 88 19.411 1
36745.203 - 88 10.598 1
36745.210 - 88 10.538 1
36745.216 - 88 5.918 1
36745.222 - 88 3.767 1
36745.228 - 88 1.871 1
36747.289 + 88 1
36749.432 + 88 1
36750.000 # 1500
36750.000 # 1500
36750.000 # 1500
36750.000 # 1500
36750.000 # 1500
36751.000 # 1500
36751.000 # 1500
36751.000 # 1500
36751.000 # 1500
36751.000 # 1500
36751.000 # 1500
36751.000 # 1500
36751.000 # 1500
36751.287 - 88 3.998 1
36751.311 - 88 1.879 1
36751.596 + 88 1
36752.000 # 1500
36752.000 # 1500
36752.000 # 1500
36752.000 # 1500
36752.000 # 1500
36752.000 # 1500
36752.000 # 1500
36754.006 - 88 2.410 1
36755.000 # 1500
36757.315 + 88 1
36757.952 + 88 1
36758.000 # 1500
36758.000 # 1500
36758.311 - 88 0.996 1
36759.000 # 1500
36759.000 # 1500
36759.724 - 88 1.772 1
36762.000 # 1500
36763.000 # 1500
36763.801 + 88 1
36770.510 + 88 1
36773.000 # 1500
36773.000 # 1500
36774.364 - 88 10.563 1
36774.387 - 88 3.877 1
36775.340 + 88 1
36778.407 + 88 1
36784.000 # 1500
36784.000 # 1500
36784.000 # 1500
36785.296 - 88 9.956 1
36785.322 - 88 6.915 1
36787.625 + 88 1
36790.000 # 1500
36790.000 # 1500
36791.094 - 88 3.469 1
36794.373 + 88 1
36796.519 + 88 1
36798.331 + 88 1
36801.257 + 88 1
36804.133 + 88 1
36807.031 + 88 1
36811.642 + 88 1
36811.901 + 88 1
36813.000 # 1500
36813.794 - 88 19.421 1
36813.819 - 88 17.300 1
36813.828 - 88 15.497 1
36813.835 - 88 12.578 1
36813.842 - 88 9.709 1
36813.848 - 88 6.817 1
36813.855 - 88 2.213 1
36813.861 - 88 1.960 1
36813.902 + 88 1
36816.000 # 1500
36816.000 # 1500
36816.020 + 88 1
36817.140 - 88 3.238 1
36818.685 + 88 1
36818.793 + 88 1
36820.807 + 88 1
36822.763 + 88 1
36832.620 + 88 1
36832.995 + 88 1
36837.000 # 1500
36838.000 # 1500
36838.000 # 1500
36838.000 # 1500
36838.000 # 1500
36838.000 # 1500
36838.495 + 88 1
36838.546 - 88 22.526 1
36838.574 - 88 19.889 1
36838.584 - 88 19.791 1
36838.610 + 88 1
36838.621 + 88 1
36838.650 - 88 17.843 1
36838.667 - 88 15.904 1
36838.676 - 88 6.056 1
36838.683 - 88 5.688 1
36843.393 + 88 1
36844.346 + 88 1
36845.585 + 88 1
36847.000 # 1500
36848.344 - 88 9.849 1
36848.525 - 88 9.915 1
36848.552 - 88 9.931 1
36848.568 - 88 5.175 1
36848.581 - 88 4.235 1
36848.594 - 88 3.009 1
36849.364 + 88 1
36851.693 + 88 1
36853.600 + 88 1
36855.358 + 88 1
36857.211 + 88 1
36858.000 # 1500
36858.000 # 1500
36858.000 # 1500
36858.000 # 1500
36859.121 - 88 9.757 1
36859.142 - 88 7.449 1
36859.150 - 88 5.550 1
36859.157 - 88 3.799 1
36859.164 - 88 1.953 1
36859.546 + 88 1
36862.000 + 88 1
36862.983 + 88 1
36866.024 + 88 1
36868.135 + 88 1
36868.675 + 88 1
36872.000 # 1500
36872.000 # 1500
36873.451 - 88 13.905 1
36873.481 - 88 11.481 1
36873.488 - 88 10.505 1
36873.496 - 88 7.472 1
36873.503 - 88 5.368 1
36873.510 - 88 4.835 1
36880.455 + 88 1
36880.521 + 88 1
36880.755 + 88 1
36883.619 + 88 1
36885.661 + 88 1
36886.000 # 1500
36886.000 # 1500
36886.000 # 1500
36886.000 # 1500
36887.362 - 88 6.907 1
36887.383 - 88 6.862 1
36887.392 - 88 6.637 1
36887.400 - 88 3.781 1
36887.408 - 88 1.747 1
36889.425 + 88 1
36890.000 # 1500
36891.038 - 88 1.613 1
36891.640 + 88 1
36893.342 + 88 1
36897.391 + 88 1
36899.015 + 88 1
36900.000 # 1500
36900.872 - 88 9.232 1
36900.894 - 88 7.552 1
36900.902 - 88 3.511 1
36900.910 - 88 1.895 1
36901.000 # 1500
36901.000 # 1500
36901.000 # 1500
36901.000 # 1500
36901.092 + 88 1
36903.000 # 1500
36904.662 - 88 3.570 1
36905.347 + 88 1
36913.966 + 88 1
36914.170 + 88 1
36915.082 + 88 1
36915.305 + 88 1
36916.123 + 88 1
36917.990 + 88 1
36920.681 + 88 1
36922.555 + 88 1
36924.666 + 88 1
36926.035 + 88 1
36930.543 + 88 1
36932.669 + 88 1
36933.412 + 88 1
36937.404 + 88 1
36938.413 + 88 1
36940.192 + 88 1
36942.531 + 88 1
36946.617 + 88 1
36947.850 + 88 1
36948.235 + 88 1
36950.005 + 88 1
36952.878 + 88 1
36953.783 + 88 1
36964.130 + 88 1
36964.323 + 88 1
36964.426 + 88 1
36964.498 + 88 1
36964.547 + 88 1
36964.593 + 88 1
36965.990 + 88 1
36967.360 + 88 1
36968.407 + 88 1
36975.908 + 88 1
36976.573 + 88 1
36976.713 + 88 1
36976.769 + 88 1
36976.816 + 88 1
36978.765 + 88 1
36979.367 + 88 1
36982.634 + 88 1
36982.779 + 88 1
36984.320 + 88 1
36988.000 # 1500
36988.000 # 1500
36988.000 # 1500
36988.000 # 1500
36988.000 # 1500
36988.000 # 1500
36988.000 # 1500
36988.000 # 1500
36988.000 # 1500
36989.000 # 1500
36989.000 # 1500
36989.000 # 1500
36989.000 # 1500
36989.000 # 1500
36989.000 # 1500
36989.004 - 88 83.657 1
36989.027 - 88 75.061 1
36989.036 - 88 74.866 1
36989.043 - 88 73.961 1
36989.049 - 88 73.744 1
36989.056 - 88 72.933 1
36989.064 - 88 71.074 1
36989.070 - 88 68.389 1
36989.077 - 88 66.522 1
36989.086 - 88 64.420 1
36989.093 - 88 63.058 1
36989.099 - 88 58.556 1
36989.105 - 88 56.436 1
36989.112 - 88 55.700 1
36989.119 - 88 51.715 1
36989.125 - 88 50.712 1
36989.131 - 88 48.939 1
36989.137 - 88 46.606 1
36989.144 - 88 42.527 1
36989.150 - 88 41.300 1
36989.157 - 88 40.922 1
36989.163 - 88 39.158 1
36989.169 - 88 36.291 1
36989.230 - 88 35.447 1
36989.243 - 88 25.113 1
36989.250 - 88 24.927 1
36989.256 - 88 24.830 1
36989.263 - 88 24.765 1
36989.269 - 88 24.722 1
36989.275 - 88 24.682 1
36989.281 - 88 23.291 1
36989.288 - 88 21.928 1
36989.294 - 88 20.887 1
36989.300 - 88 13.392 1
36989.306 - 88 12.733 1
36989.313 - 88 12.600 1
36989.319 - 88 12.550 1
36989.325 - 88 12.509 1
36989.331 - 88 10.566 1
36989.337 - 88 9.970 1
36989.343 - 88 6.709 1
36989.350 - 88 6.571 1
36989.356 - 88 5.036 1
36994.000 # 1500
36994.746 + 88 1
36995.000 # 1500
36995.006 + 88 1
36995.065 - 88 0.319 1
36995.075 + 88 1
36995.123 + 88 1
36995.169 + 88 1
36996.187 + 88 1
36997.997 + 88 1
36998.955 + 88 1
37000.205 + 88 1
37002.276 + 88 1
37003.339 + 88 1
37004.000 # 1500
37004.814 - 88 9.808 1
37004.835 - 88 9.760 1
37004.843 - 88 9.720 1
37004.850 - 88 9.681 1
37004.857 - 88 8.670 1
37004.863 - 88 6.866 1
37004.870 - 88 5.915 1
37004.876 - 88 4.671 1
37004.882 - 88 2.606 1
37004.890 - 88 1.551 1
37006.117 + 88 1
37007.290 + 88 1
37008.000 # 1500
37008.843 + 88 1
37008.895 - 88 2.778 1
37008.916 - 88 1.626 1
37010.929 + 88 1
37012.000 # 1500
37012.977 - 88 4.134 1
37012.988 - 88 2.059 1
37014.000 # 1500
37015.000 # 1500
37017.000 # 1500
37019.000 # 1500
37020.000 # 1500
37022.000 # 1500
37022.490 + 88 1
37024.000 # 1500
37025.148 - 88 2.658 1
37027.370 + 88 1
37029.559 + 88 1
37031.083 + 88 1
37034.886 + 88 1
37036.000 # 1500
37036.000 # 1500
37036.000 # 1500
37036.000 # 1500
37036.000 # 1500
37036.000 # 1500
37036.839 + 88 1
37036.921 - 88 9.551 1
37036.928 - 88 7.369 1
37036.931 - 88 5.848 1
37036.933 - 88 2.047 1
37038.130 + 88 1
37040.000 # 1500
37040.835 - 88 3.996 1
37040.843 - 88 2.713 1
37041.836 + 88 1
37042.887 + 88 1
37046.669 + 88 1
37048.668 + 88 1
37050.000 # 1500
37050.000 # 1500
37050.000 # 1500
37050.735 + 88 1
37050.817 - 88 8.981 1
37050.825 - 88 7.938 1
37050.827 - 88 4.158 1
37050.829 - 88 2.161 1
37053.000 # 1500
37054.490 - 88 3.755 1
37059.595 + 88 1
37060.000 # 1500
37061.414 - 88 1.819 1
37061.819 + 88 1
37064.587 + 88 1
37066.000 # 1500
37067.141 + 88 1
37067.447 - 88 5.628 1
37067.457 - 88 2.870 1
37069.000 # 1500
37070.282 - 88 3.141 1
37073.000 # 1500
37074.000 # 1500
37075.059 + 88 1
37076.000 # 1500
37076.271 + 88 1
37076.556 - 88 1.497 1
37086.000 # 1500
37086.000 # 1500
37086.772 + 88 1
37087.017 - 88 10.746 1
37087.737 + 88 1
37099.396 + 88 1
37099.672 + 88 1
37101.880 + 88 1
37104.146 + 88 1
37106.368 + 88 1
37108.240 + 88 1
37109.599 + 88 1
37113.235 + 88 1
37115.439 + 88 1
37126.185 + 88 1
37129.152 + 88 1
37131.023 + 88 1
37135.833 + 88 1
37136.424 + 88 1
37139.555 + 88 1
37144.712 + 88 1
37148.398 + 88 1
37159.251 + 88 1
37160.591 + 88 1
37162.000 # 1500
37162.000 # 1500
37162.000 # 1500
37162.000 # 1500
37162.000 # 1500
37163.000 # 1500
37163.000 # 1500
37163.000 # 1500
37163.000 # 1500
37163.000 # 1500
37163.000 # 1500
37163.000 # 1500
37163.320 - 88 76.548 1
37163.333 - 88 75.596 1
37163.336 - 88 63.940 1
37163.338 - 88 63.666 1
37163.340 - 88 61.460 1
37163.343 - 88 59.197 1
37163.345 - 88 56.977 1
37163.348 - 88 55.108 1
37163.350 - 88 53.751 1
37163.353 - 88 50.118 1
37163.355 - 88 47.916 1
37163.357 - 88 37.172 1
37163.362 - 88 34.210 1
37163.364 - 88 32.341 1
37163.367 - 88 27.534 1
37163.369 - 88 26.945 1
37163.371 - 88 23.816 1
37163.373 - 88 18.661 1
37163.375 - 88 14.977 1
37163.422 + 88 1
37163.435 - 88 4.184 1
37163.439 - 88 2.848 1
37168.158 + 88 1
37177.638 + 88 1
37177.835 + 88 1
37179.711 + 88 1
37182.604 + 88 1
37185.686 + 88 1
37188.820 + 88 1
37189.360 + 88 1
37200.174 + 88 1
37200.398 + 88 1
37203.294 + 88 1
37209.864 + 88 1
37218.000 # 1500
37218.577 - 88 55.155 1
37218.591 - 88 50.433 1
37218.594 - 88 40.956 1
37218.597 - 88 40.762 1
37218.600 - 88 38.889 1
37218.602 - 88 35.998 1
37218.604 - 88 32.918 1
37218.606 - 88 29.786 1
37218.608 - 88 29.248 1
37218.610 - 88 18.436 1
37218.613 - 88 18.215 1
37218.615 - 88 15.321 1
37218.618 - 88 8.754 1
37221.971 + 88 1
37228.088 + 88 1
37233.629 + 88 1
37241.000 # 1500
37241.000 # 1500
37242.000 # 1500
37242.000 # 1500
37242.000 # 1500
37242.000 # 1500
37242.000 # 1500
37242.000 # 1500
37242.129 - 88 20.158 1
37242.142 - 88 14.054 1
37242.145 - 88 8.516 1
37243.000 # 1500
37243.000 # 1500
37243.000 # 1500
37243.000 # 1500
37243.000 # 1500
37243.000 # 1500
37243.000 # 1500
37243.000 # 1500
37243.000 # 1500
37243.000 # 1500
37244.000 # 1500
37244.000 # 1500
37244.000 # 1500
37244.000 # 1500
37244.000 # 1500
37244.000 # 1500
37244.000 # 1500
37244.000 # 1500
37245.000 # 1500
37245.000 # 1500
37245.000 # 1500
37247.128 + 88 1
37248.946 + 88 1
37249.765 + 88 1
37252.022 + 88 1
37253.846 + 88 1
37256.000 # 1500
37256.935 + 88 1
37257.100 - 88 9.972 1
37257.111 - 88 8.165 1
37257.116 - 88 7.351 1
37257.121 - 88 5.099 1
37257.125 - 88 3.279 1
37259.170 + 88 1
37263.000 # 1500
37263.472 - 88 6.537 1
37263.484 - 88 4.314 1
37269.400 + 88 1
37270.000 # 1500
37271.281 - 88 1.881 1
37275.000 # 1500
37275.459 + 88 1
37279.210 + 88 1
37280.000 # 1500
37281.251 - 88 5.792 1
37281.275 - 88 2.065 1
37281.303 + 88 1
37285.233 + 88 1
37287.482 + 88 1
37289.000 # 1500
37289.830 - 88 8.527 1
37289.857 - 88 4.624 1
37289.861 - 88 2.379 1
37291.176 + 88 1
37293.000 # 1500
37293.718 - 88 2.542 1
37297.000 # 1500
37301.080 + 88 1
37306.000 # 1500
37306.000 # 1500
37306.471 - 88 5.391 1
37306.721 + 88 1
37308.000 # 1500
37308.519 + 88 1
37308.756 - 88 2.035 1
37311.000 # 1500
37312.422 - 88 3.903 1
37312.710 + 88 1
37314.000 # 1500
37314.576 + 88 1
37314.809 - 88 2.099 1
37317.275 + 88 1
37318.000 # 1500
37319.221 - 88 4.645 1
37319.230 - 88 1.955 1
37322.000 # 1500
37322.385 + 88 1
37324.154 + 88 1
37326.000 # 1500
37326.511 + 88 1
37326.848 - 88 4.463 1
37326.877 - 88 2.723 1
37330.000 # 1500
37331.004 + 88 1
37331.269 - 88 4.758 1
37333.000 # 1500
37333.013 + 88 1
37333.219 - 88 2.215 1
37334.911 + 88 1
37338.000 # 1500
37338.358 + 88 1
37338.514 - 88 5.501 1
37338.526 - 88 3.615 1
37340.710 + 88 1
37341.000 # 1500
37342.583 - 88 4.225 1
37342.599 - 88 1.889 1
37342.790 + 88 1
37347.000 # 1500
37347.541 + 88 1
37347.806 - 88 5.016 1
37348.227 + 88 1
37350.000 # 1500
37351.470 - 88 3.929 1
37351.475 - 88 3.248 1
37351.763 + 88 1
37356.000 # 1500
37357.366 - 88 5.603 1
37357.390 + 88 1
37359.000 # 1500
37359.313 + 88 1
37359.539 - 88 2.149 1
37363.173 + 88 1
37364.000 # 1500
37364.740 - 88 5.427 1
37364.774 - 88 1.601 1
37367.000 # 1500
37368.258 + 88 1
37371.306 + 88 1
37372.000 # 1500
37372.836 - 88 4.578 1
37372.858 - 88 1.552 1
37373.000 # 1500
37376.000 # 1500
37376.960 + 88 1
37379.000 # 1500
37379.621 - 88 2.661 1
37380.557 + 88 1
37385.676 + 88 1
37386.000 # 1500
37387.000 # 1500
37387.473 - 88 6.916 1
37387.486 - 88 1.810 1
37388.554 + 88 1
37391.000 # 1500
37391.561 + 88 1
37391.778 - 88 3.224 1
37394.000 # 1500
37395.446 - 88 3.885 1
37397.000 # 1500
37397.334 + 88 1
37400.485 + 88 1
37402.307 + 88 1
37406.000 # 1500
37406.000 # 1500
37406.000 # 1500
37408.000 # 1500
37408.263 - 88 10.929 1
37408.273 - 88 7.788 1
37408.276 - 88 5.969 1
37408.388 + 88 1
37410.920 + 88 1
37411.000 # 1500
37412.342 - 88 3.954 1
37412.370 - 88 1.450 1
37413.932 + 88 1
37414.000 # 1500
37415.797 - 88 1.865 1
37417.989 + 88 1
37418.000 # 1500
37418.993 + 88 1
37419.000 # 1500
37419.203 - 88 1.214 1
37421.000 # 1500
37421.618 - 88 2.625 1
37422.641 + 88 1
37423.822 + 88 1
37425.000 # 1500
37426.000 # 1500
37426.507 - 88 3.866 1
37426.535 - 88 2.713 1
37428.000 # 1500
37428.719 + 88 1
37428.734 + 88 1
37431.533 + 88 1
37443.135 + 88 1
37446.159 + 88 1
37446.279 + 88 1
37456.179 + 88 1
37459.098 + 88 1
37464.907 + 88 1
37468.063 + 88 1
37472.859 + 88 1
37478.902 + 88 1
37479.155 + 88 1
37483.266 + 88 1
37487.679 + 88 1
37490.000 # 1500
37490.000 # 1500
37491.000 # 1500
37491.000 # 1500
37491.000 # 1500
37491.000 # 1500
37491.000 # 1500
37491.000 # 1500
37491.695 + 88 1
37492.000 # 1500
37492.000 # 1500
37492.000 # 1500
37492.000 # 1500
37492.000 # 1500
37492.000 # 1500
37492.000 # 1500
37492.000 # 1500
37492.000 # 1500
37492.032 - 88 63.313 1
37492.057 - 88 63.323 1
37492.066 - 88 60.533 1
37492.073 - 88 48.938 1
37492.079 - 88 45.920 1
37492.086 - 88 45.807 1
37492.093 - 88 35.914 1
37492.099 - 88 33.001 1
37492.105 - 88 27.198 1
37492.112 - 88 24.049 1
37492.118 - 88 19.259 1
37492.151 - 88 13.249 1
37492.164 - 88 13.009 1
37492.172 - 88 8.906 1
37492.179 - 88 4.500 1
37493.000 # 1500
37493.000 # 1500
37493.000 # 1500
37493.000 # 1500
37493.581 - 88 1.886 1
37496.460 + 88 1
37498.416 + 88 1
37504.109 + 88 1
37506.000 # 1500
37507.000 # 1500
37507.083 - 88 10.623 1
37507.118 - 88 8.702 1
37507.135 - 88 3.026 1
37509.040 + 88 1
37511.000 # 1500
37511.000 # 1500
37511.913 - 88 2.873 1
37514.947 + 88 1
37516.000 # 1500
37517.736 - 88 2.789 1
37520.000 # 1500
37522.000 # 1500
37525.876 + 88 1
37529.000 # 1500
37530.491 - 88 4.615 1
37530.635 + 88 1
37534.000 # 1500
37535.748 - 88 5.113 1
37537.739 + 88 1
37540.131 + 88 1
37540.565 + 88 1
37545.000 # 1500
37545.000 # 1500
37545.000 # 1500
37545.000 # 1500
37547.353 - 88 9.614 1
37547.381 - 88 7.250 1
37547.397 - 88 6.832 1
37547.532 + 88 1
37547.945 + 88 1
37548.000 # 1500
37549.210 - 88 1.678 1
37549.239 - 88 1.294 1
37550.531 + 88 1
37551.000 # 1500
37552.222 - 88 1.691 1
37555.152 + 88 1
37559.040 + 88 1
37560.000 # 1500
37560.000 # 1500
37560.000 # 1500
37561.021 - 88 5.869 1
37561.050 - 88 2.010 1
37561.179 + 88 1
37563.055 + 88 1
37566.000 # 1500
37566.835 - 88 5.656 1
37566.863 - 88 3.808 1
37568.859 + 88 1
37570.000 # 1500
37570.000 # 1500
37570.000 # 1500
37570.801 + 88 1
37570.984 - 88 2.125 1
37571.213 + 88 1
37579.566 + 88 1
37580.000 # 1500
37580.029 + 88 1
37580.129 - 88 9.328 1
37580.155 - 88 8.942 1
37580.170 - 88 0.604 1
37582.827 + 88 1
37585.000 # 1500
37585.000 # 1500
37586.402 - 88 6.373 1
37586.433 - 88 3.606 1
37586.563 + 88 1
37588.422 + 88 1
37590.000 # 1500
37590.000 # 1500
37592.261 - 88 5.698 1
37592.288 - 88 3.866 1
37592.691 + 88 1
37595.594 + 88 1
37598.509 + 88 1
37601.519 + 88 1
37607.003 + 88 1
37610.000 # 1500
37610.000 # 1500
37610.000 # 1500
37610.895 - 88 18.204 1
37610.929 - 88 15.335 1
37610.947 - 88 12.438 1
37610.965 - 88 9.446 1
37610.978 - 88 3.975 1
37611.000 # 1500
37611.184 + 88 1
37612.944 + 88 1
37615.000 # 1500
37615.000 # 1500
37615.000 # 1500
37615.000 # 1500
37616.372 - 88 5.188 1
37616.522 + 88 1
37616.560 - 88 3.616 1
37617.000 # 1500
37618.246 - 88 1.724 1
37619.861 + 88 1
37622.263 + 88 1
37624.000 # 1500
37624.058 + 88 1
37624.378 - 88 4.517 1
37624.413 - 88 2.150 1
37626.102 + 88 1
37630.067 + 88 1
37632.315 + 88 1
37638.000 # 1500
37638.821 + 88 1
37638.902 - 88 14.844 1
37638.985 - 88 12.883 1
37639.013 - 88 8.946 1
37639.028 - 88 6.713 1
37646.000 # 1500
37647.107 - 88 8.286 1
37648.124 + 88 1
37649.236 + 88 1
37656.000 # 1500
37656.707 - 88 8.583 1
37656.728 - 88 7.492 1
37658.103 + 88 1
37660.707 + 88 1
37664.857 + 88 1
37668.000 # 1500
37669.671 - 88 11.568 1
37669.696 - 88 8.989 1
37669.701 - 88 4.844 1
37673.572 + 88 1
37678.255 + 88 1
37679.000 # 1500
37680.231 + 88 1
37680.264 - 88 6.692 1
37680.280 - 88 2.025 1
37683.184 + 88 1
37683.375 + 88 1
37687.111 + 88 1
37688.960 + 88 1
37691.000 # 1500
37692.062 + 88 1
37692.129 - 88 11.898 1
37692.142 - 88 8.958 1
37692.147 - 88 8.772 1
37692.151 - 88 5.040 1
37692.156 - 88 3.196 1
37694.000 # 1500
37695.820 + 88 1
37695.848 - 88 3.786 1
37698.140 + 88 1
37699.740 + 88 1
37702.767 + 88 1
37704.000 # 1500
37705.486 - 88 9.666 1
37705.499 - 88 7.359 1
37705.504 - 88 5.764 1
37705.508 - 88 2.741 1
37706.000 # 1500
37707.000 # 1500
37707.000 # 1500
37707.000 # 1500
37707.000 # 1500
37709.624 + 88 1
37711.000 # 1500
37711.000 # 1500
37711.000 # 1500
37712.000 # 1500
37712.000 # 1500
37712.453 + 88 1
37712.481 - 88 2.857 1
37716.000 # 1500
37716.000 # 1500
37717.235 - 88 4.782 1
37719.000 # 1500
37722.000 # 1500
37723.000 # 1500
37724.000 # 1500
37725.243 + 88 1
37725.416 + 88 1
37730.000 # 1500
37730.953 - 88 5.710 1
37730.974 - 88 5.558 1
37733.000 # 1500
37734.000 # 1500
37734.137 + 88 1
37736.000 # 1500
37736.878 - 88 2.741 1
37737.302 + 88 1
37744.787 + 88 1
37747.000 # 1500
37747.000 # 1500
37747.000 # 1500
37748.081 - 88 10.779 1
37748.109 - 88 3.322 1
37749.000 # 1500
37751.000 # 1500
37752.657 + 88 1
37753.000 # 1500
37753.000 # 1500
37754.436 - 88 1.779 1
37756.000 # 1500
37756.000 # 1500
37758.727 + 88 1
37762.000 # 1500
37763.195 - 88 4.468 1
37764.000 # 1500
37766.000 # 1500
37767.000 # 1500
37769.000 # 1500
37773.000 # 1500
37777.000 # 1500
37777.000 # 1500
37780.945 + 88 1
37783.838 + 88 1
37786.789 + 88 1
37788.000 # 1500
37788.000 # 1500
37789.627 - 88 8.682 1
37789.657 - 88 5.819 1
37789.672 - 88 2.883 1
37790.050 + 88 1
37796.393 + 88 1
37797.000 # 1500
37798.552 - 88 8.502 1
37798.683 - 88 2.290 1
37798.695 + 88 1
37804.226 + 88 1
37808.094 + 88 1
37813.971 + 88 1
37817.000 # 1500
37817.000 # 1500
37817.677 - 88 18.982 1
37817.711 - 88 13.485 1
37817.730 - 88 9.636 1
37817.745 - 88 3.774 1
37820.000 # 1500
37820.114 + 88 1
37823.891 + 88 1
37826.000 # 1500
37826.000 # 1500
37826.000 # 1500
37826.000 # 1500
37826.000 # 1500
37826.715 - 88 6.601 1
37826.746 - 88 2.855 1
37827.723 + 88 1
37828.000 # 1500
37829.629 - 88 1.906 1
37829.675 + 88 1
37832.000 # 1500
37832.899 + 88 1
37833.000 # 1500
37833.000 # 1500
37833.324 - 88 3.649 1
37835.000 # 1500
37836.000 # 1500
37836.384 - 88 3.485 1
37836.649 + 88 1
37837.000 # 1500
37837.044 - 88 0.395 1
37839.000 # 1500
37839.460 + 88 1
37841.000 # 1500
37842.000 # 1500
37843.302 - 88 3.842 1
37843.345 + 88 1
37844.000 # 1500
37844.704 + 88 1
37844.962 - 88 1.617 1
37845.000 # 1500
37846.314 - 88 1.610 1
37847.000 # 1500
37848.387 + 88 1
37849.000 # 1500
37850.000 # 1500
37850.111 - 88 1.724 1
37852.331 + 88 1
37853.000 # 1500
37854.091 - 88 1.760 1
37855.000 # 1500
37855.131 + 88 1
37857.000 # 1500
37857.989 - 88 2.858 1
37858.000 # 1500
37858.345 + 88 1
37863.317 + 88 1
37865.000 # 1500
37866.697 - 88 8.352 1
37866.726 - 88 3.409 1
37867.204 + 88 1
37869.000 # 1500
37869.670 - 88 2.466 1
37870.844 + 88 1
37871.000 # 1500
37872.000 # 1500
37872.503 - 88 1.659 1
37873.000 # 1500
37873.650 + 88 1
37874.000 # 1500
37875.000 # 1500
37875.588 - 88 1.938 1
37878.000 # 1500
37880.000 # 1500
37882.000 # 1500
37882.569 + 88 1
37882.700 + 88 1
37882.860 + 88 1
37883.000 # 1500
37884.000 # 1500
37884.297 - 88 1.728 1
37884.326 - 88 1.626 1
37884.342 - 88 1.482 1
37884.637 + 88 1
37886.000 # 1500
37887.634 - 88 2.997 1
37889.268 + 88 1
37891.314 + 88 1
37894.171 + 88 1
37896.000 # 1500
37896.000 # 1500
37896.000 # 1500
37896.000 # 1500
37896.000 # 1500
37896.000 # 1500
37896.084 + 88 1
37896.309 - 88 7.041 1
37896.612 - 88 5.298 1
37896.631 - 88 2.460 1
37897.000 # 1500
37898.068 + 88 1
37898.312 - 88 2.228 1
37900.042 + 88 1
37902.972 + 88 1
37906.000 # 1500
37906.836 + 88 1
37907.000 # 1500
37907.000 # 1500
37907.000 # 1500
37907.000 # 1500
37907.035 - 88 8.967 1
37907.056 - 88 7.014 1
37907.064 - 88 4.092 1
37907.214 + 88 1
37907.554 - 88 0.718 1
37908.000 # 1500
37908.887 - 88 1.673 1
37910.768 + 88 1
37912.298 + 88 1
37915.604 + 88 1
37917.645 + 88 1
37919.790 + 88 1
37921.744 + 88 1
37924.480 + 88 1
37926.000 # 1500
37926.000 # 1500
37926.000 # 1500
37926.000 # 1500
37926.000 # 1500
37926.000 # 1500
37926.000 # 1500
37926.000 # 1500
37926.585 + 88 1
37927.035 - 88 16.267 1
37927.062 - 88 14.764 1
37927.070 - 88 11.466 1
37927.078 - 88 9.433 1
37927.084 - 88 7.294 1
37927.091 - 88 5.347 1
37927.097 - 88 2.617 1
37929.501 + 88 1
37931.405 + 88 1
37936.044 + 88 1
37939.122 + 88 1
37941.067 + 88 1
37943.038 + 88 1
37948.745 + 88 1
37950.836 + 88 1
37952.784 + 88 1
37956.802 + 88 1
37958.820 + 88 1
37964.402 + 88 1
37966.973 + 88 1
37971.306 + 88 1
37982.165 + 88 1
37982.349 + 88 1
37984.019 + 88 1
37988.147 + 88 1
37990.795 + 88 1
37993.000 # 1500
37993.000 # 1500
37993.000 # 1500
37993.000 # 1500
37993.000 # 1500
37993.000 # 1500
37993.797 - 88 67.212 1
37993.820 - 88 64.319 1
37993.828 - 88 62.423 1
37993.834 - 88 57.790 1
37993.841 - 88 54.719 1
37993.847 - 88 52.780 1
37993.853 - 88 50.815 1
37993.859 - 88 45.114 1
37993.867 - 88 43.031 1
37993.873 - 88 41.089 1
37993.879 - 88 37.077 1
37993.885 - 88 35.065 1
37993.891 - 88 29.489 1
37993.897 - 88 26.924 1
37993.904 - 88 22.598 1
37993.910 - 88 11.745 1
37993.917 - 88 11.568 1
37993.924 - 88 9.905 1
37993.930 - 88 5.783 1
37993.936 - 88 3.141 1
37994.000 # 1500
37994.000 # 1500
37994.000 # 1500
37994.000 # 1500
37995.000 # 1500
37995.000 # 1500
37996.000 # 1500
37996.000 # 1500
37996.000 # 1500
37996.000 # 1500
37996.000 # 1500
37996.000 # 1500
37996.083 + 88 1
37997.000 # 1500
37997.830 - 88 1.747 1
37998.769 + 88 1
37999.000 # 1500
38000.000 # 1500
38000.577 + 88 1
38000.684 - 88 1.915 1
38003.000 # 1500
38004.515 + 88 1
38004.529 - 88 3.952 1
38007.574 + 88 1
38011.000 # 1500
38011.505 - 88 6.990 1
38011.527 - 88 3.953 1
38015.269 + 88 1
38016.000 # 1500
38016.000 # 1500
38016.000 # 1500
38016.000 # 1500
38017.239 - 88 1.970 1
38022.954 + 88 1
38027.000 # 1500
38027.000 # 1500
38027.618 - 88 4.664 1
38030.000 # 1500
38030.879 + 88 1
38031.676 + 88 1
38032.000 # 1500
38032.327 - 88 1.448 1
38037.653 + 88 1
38039.656 + 88 1
38041.000 # 1500
38042.705 - 88 11.029 1
38042.728 - 88 5.075 1
38042.737 - 88 3.081 1
38043.000 # 1500
38043.008 + 88 1
38047.000 # 1500
38047.401 + 88 1
38048.006 - 88 4.998 1
38050.000 # 1500
38051.000 # 1500
38051.355 + 88 1
38051.432 - 88 4.031 1
38052.000 # 1500
38054.000 # 1500
38054.357 - 88 3.002 1
38054.619 + 88 1
38056.000 # 1500
38057.000 # 1500
38057.329 - 88 2.710 1
38059.000 # 1500
38060.000 # 1500
38060.273 + 88 1
38062.273 + 88 1
38068.626 + 88 1
38070.814 + 88 1
38077.794 + 88 1
38079.000 # 1500
38079.000 # 1500
38079.000 # 1500
38079.000 # 1500
38079.271 - 88 18.998 1
38079.299 - 88 17.026 1
38079.314 - 88 10.688 1
38079.327 - 88 8.513 1
38079.340 - 88 1.546 1
38081.000 # 1500
38081.000 # 1500
38081.000 # 1500
38081.000 # 1500
38081.000 # 1500
38082.568 + 88 1
38086.000 # 1500
38086.480 + 88 1
38086.743 - 88 4.175 1
38088.470 + 88 1
38090.000 # 1500
38090.000 # 1500
38091.140 - 88 4.660 1
38091.168 - 88 2.698 1
38092.176 + 88 1
38093.000 # 1500
38093.000 # 1500
38093.000 # 1500
38093.886 - 88 1.710 1
38094.000 # 1500
38095.000 # 1500
38097.000 # 1500
38097.051 + 88 1
38104.105 + 88 1
38105.793 + 88 1
38108.000 # 1500
38108.000 # 1500
38109.113 + 88 1
38109.312 - 88 12.261 1
38109.335 - 88 5.230 1
38109.343 - 88 3.550 1
38110.000 # 1500
38110.677 - 88 1.564 1
38112.574 + 88 1
38116.455 + 88 1
38119.537 + 88 1
38121.000 # 1500
38122.000 # 1500
38122.000 # 1500
38122.000 # 1500
38122.000 # 1500
38122.000 # 1500
38122.000 # 1500
38122.415 - 88 9.841 1
38122.436 - 88 5.981 1
38122.444 - 88 2.907 1
38123.000 # 1500
38128.488 + 88 1
38134.067 + 88 1
38140.901 + 88 1
38142.978 + 88 1
38146.000 # 1500
38146.818 - 88 18.330 1
38146.838 - 88 12.771 1
38146.846 - 88 5.945 1
38146.852 - 88 3.874 1
38150.000 # 1500
38150.000 # 1500
38150.000 # 1500
38150.620 + 88 1
38154.678 + 88 1
38159.448 + 88 1
38162.000 # 1500
38162.000 # 1500
38162.000 # 1500
38162.434 + 88 1
38162.666 - 88 12.046 1
38162.685 - 88 8.007 1
38162.693 - 88 3.245 1
38170.113 + 88 1
38173.160 + 88 1
38177.000 # 1500
38177.000 # 1500
38177.000 # 1500
38177.000 # 1500
38177.000 # 1500
38177.000 # 1500
38178.000 # 1500
38178.000 # 1500
38178.005 - 88 15.571 1
38178.032 - 88 7.919 1
38178.046 - 88 4.886 1
38180.000 # 1500
38181.985 + 88 1
38184.000 # 1500
38184.767 - 88 2.782 1
38187.000 # 1500
38189.397 + 88 1
38190.000 # 1500
38191.009 - 88 1.612 1
38193.715 + 88 1
38194.000 # 1500
38194.053 - 88 0.338 1
38197.655 + 88 1
38198.000 # 1500
38198.030 - 88 0.375 1
38203.000 # 1500
38205.472 + 88 1
38208.000 # 1500
38209.231 - 88 3.759 1
38212.629 + 88 1
38214.000 # 1500
38215.020 - 88 2.391 1
38217.555 + 88 1
38218.000 # 1500
38218.919 - 88 1.364 1
38220.121 + 88 1
38224.223 + 88 1
38228.000 # 1500
38228.823 - 88 8.702 1
38228.850 - 88 4.627 1
38229.368 + 88 1
38233.698 + 88 1
38234.000 # 1500
38235.642 - 88 6.274 1
38235.669 - 88 1.971 1
38239.637 + 88 1
38241.000 # 1500
38241.641 - 88 2.004 1
38246.051 + 88 1
38249.388 + 88 1
38255.192 + 88 1
38263.003 + 88 1
38284.081 + 88 1
38306.801 + 88 1
38310.000 # 1500
38310.000 # 1500
38310.000 # 1500
38311.283 - 88 65.232 1
38311.327 - 88 61.939 1
38311.343 - 88 56.151 1
38311.357 - 88 48.354 1
38311.370 - 88 27.289 1
38311.383 - 88 4.582 1
38320.184 + 88 1
38327.054 + 88 1
38332.996 + 88 1
38337.646 + 88 1
38344.061 + 88 1
38348.822 + 88 1
38353.273 + 88 1
38355.000 # 1500
38355.624 - 88 35.440 1
38355.649 - 88 28.595 1
38355.657 - 88 22.661 1
38355.664 - 88 18.018 1
38355.670 - 88 11.609 1
38355.678 - 88 6.856 1
38355.685 - 88 2.412 1
38358.291 + 88 1
38361.347 + 88 1
38364.323 + 88 1
38367.000 # 1500
38367.000 # 1500
38367.000 # 1500
38367.000 # 1500
38367.000 # 1500
38367.000 # 1500
38367.000 # 1500
38367.000 # 1500
38367.000 # 1500
38367.000 # 1500
38367.000 # 1500
38368.000 # 1500
38368.000 # 1500
38368.000 # 1500
38368.000 # 1500
38368.000 # 1500
38368.000 # 1500
38368.000 # 1500
38368.000 # 1500
38368.000 # 1500
38368.000 # 1500
38368.000 # 1500
38369.086 - 88 10.795 1
38369.110 - 88 7.763 1
38369.119 - 88 4.796 1
38371.071 + 88 1
38376.818 + 88 1
38378.000 # 1500
38379.912 - 88 8.841 1
38379.933 - 88 3.115 1
38383.126 + 88 1
38389.560 + 88 1
38398.435 + 88 1
38401.000 # 1500
38402.246 - 88 19.120 1
38402.267 - 88 12.707 1
38402.275 - 88 3.840 1
38404.580 + 88 1
38416.028 + 88 1
38427.000 # 1500
38427.616 - 88 23.036 1
38427.637 - 88 11.609 1
38428.000 # 1500
38429.662 + 88 1
38431.000 # 1500
38431.000 # 1500
38431.000 # 1500
38432.540 - 88 2.878 1
38446.000 # 1500
38460.925 + 88 1
38488.298 + 88 1
38504.000 # 1500
38504.969 + 88 1
38505.199 - 88 44.274 1
38505.222 - 88 16.924 1
38518.000 # 1500
38518.000 # 1500
38518.663 - 88 13.694 1
38519.000 # 1500
38519.000 # 1500
38519.000 # 1500
38519.000 # 1500
38519.000 # 1500
38519.000 # 1500
38519.000 # 1500
38519.000 # 1500
38519.000 # 1500
38521.000 # 1500
38525.000 # 1500
38527.000 # 1500
38528.000 # 1500
38530.000 # 1500
38537.228 + 88 1
38549.000 # 1500
38549.000 # 1500
38549.000 # 1500
38549.000 # 1500
38549.000 # 1500
38550.000 # 1500
38550.000 # 1500
38550.616 - 88 13.388 1
38554.000 # 1500
38554.000 # 1500
38554.000 # 1500
38554.000 # 1500
38556.000 # 1500
38558.000 # 1500
38558.000 # 1500
38558.347 + 88 1
38568.000 # 1500
38568.000 # 1500
38568.000 # 1500
38568.000 # 1500
38568.491 + 88 1
38568.817 - 88 10.470 1
38569.000 # 1500
38569.964 - 88 1.473 1
38571.000 # 1500
38573.000 # 1500
38582.000 # 1500
38582.000 # 1500
38582.000 # 1500
38587.632 + 88 1
38592.322 + 88 1
38605.096 + 88 1
38614.528 + 88 1
38619.444 + 88 1
38623.367 + 88 1
38629.255 + 88 1
38636.011 + 88 1
38640.916 + 88 1
38645.000 # 1500
38645.555 - 88 57.923 1
38645.584 - 88 53.262 1
38645.599 - 88 40.503 1
38645.612 - 88 31.084 1
38645.625 - 88 26.181 1
38645.644 - 88 22.277 1
38645.665 - 88 16.410 1
38645.679 - 88 9.668 1
38645.692 - 88 4.776 1
38646.000 # 1500
38646.000 # 1500
38646.000 # 1500
38646.000 # 1500
38646.000 # 1500
38647.000 # 1500
38647.000 # 1500
38647.000 # 1500
38647.000 # 1500
38648.844 + 88 1
38655.605 + 88 1
38665.301 + 88 1
38673.102 + 88 1
38680.958 + 88 1
38688.731 + 88 1
38691.000 # 1500
38692.741 - 88 43.897 1
38692.772 - 88 37.167 1
38692.787 - 88 27.486 1
38692.800 - 88 19.698 1
38692.813 - 88 11.855 1
38692.826 - 88 4.095 1
38694.000 # 1500
38694.000 # 1500
38694.000 # 1500
38694.000 # 1500
38694.000 # 1500
38694.000 # 1500
38695.000 # 1500
38695.000 # 1500
38695.000 # 1500
38695.000 # 1500
38695.000 # 1500
38695.000 # 1500
38695.000 # 1500
38695.000 # 1500
38695.954 + 88 1
38696.000 # 1500
38696.000 # 1500
38696.000 # 1500
38696.000 # 1500
38696.000 # 1500
38696.000 # 1500
38696.000 # 1500
38696.000 # 1500
38696.000 # 1500
38696.000 # 1500
38697.000 # 1500
38697.000 # 1500
38697.000 # 1500
38697.000 # 1500
38697.000 # 1500
38697.000 # 1500
38697.000 # 1500
38697.000 # 1500
38697.496 - 88 1.542 1
38700.000 # 1500
38702.000 # 1500
38703.515 + 88 1
38708.000 # 1500
38709.204 + 88 1
38709.300 - 88 5.785 1
38710.000 # 1500
38711.154 - 88 1.950 1
38714.091 + 88 1
38715.000 # 1500
38716.036 - 88 1.945 1
38718.000 # 1500
38720.048 + 88 1
38723.081 + 88 1
38724.000 # 1500
38724.944 - 88 4.896 1
38724.972 - 88 1.891 1
38728.876 + 88 1
38729.000 # 1500
38732.000 # 1500
38732.698 - 88 3.822 1
38733.000 # 1500
38733.177 + 88 1
38737.519 + 88 1
38742.441 + 88 1
38746.364 + 88 1
38750.000 # 1500
38751.304 + 88 1
38751.392 - 88 18.215 1
38751.418 - 88 13.899 1
38751.434 - 88 8.993 1
38751.447 - 88 5.083 1
38755.310 + 88 1
38757.372 + 88 1
38761.000 # 1500
38761.945 - 88 10.641 1
38761.972 - 88 6.662 1
38761.987 - 88 4.615 1
38762.000 # 1500
38762.000 # 1500
38762.000 # 1500
38762.000 # 1500
38769.000 # 1500
38770.795 + 88 1
38775.694 + 88 1
38786.318 + 88 1
38789.322 + 88 1
38797.104 + 88 1
38802.394 + 88 1
38808.266 + 88 1
38813.132 + 88 1
38819.338 + 88 1
38828.818 + 88 1
38830.000 # 1500
38830.919 - 88 60.124 1
38830.961 - 88 55.267 1
38830.976 - 88 44.658 1
38830.992 - 88 41.670 1
38831.006 - 88 33.902 1
38831.020 - 88 28.626 1
38831.033 - 88 22.767 1
38831.047 - 88 17.915 1
38831.060 - 88 11.722 1
38831.073 - 88 2.255 1
38833.000 # 1500
38833.000 # 1500
38833.000 # 1500
38833.000 # 1500
38833.000 # 1500
38833.000 # 1500
38834.000 # 1500
38834.000 # 1500
38834.000 # 1500
38834.000 # 1500
38834.000 # 1500
38837.648 + 88 1
38845.365 + 88 1
38850.202 + 88 1
38855.061 + 88 1
38860.981 + 88 1
38865.853 + 88 1
38867.000 # 1500
38867.820 - 88 30.172 1
38867.931 - 88 22.566 1
38867.959 - 88 17.757 1
38867.976 - 88 12.915 1
38867.990 - 88 7.009 1
38868.000 # 1500
38868.000 # 1500
38868.000 # 1500
38868.000 # 1500
38868.000 # 1500
38868.000 # 1500
38868.000 # 1500
38868.000 # 1500
38868.000 # 1500
38868.110 - 88 2.257 1
38869.000 # 1500
38869.000 # 1500
38869.000 # 1500
38869.000 # 1500
38869.000 # 1500
38869.000 # 1500
38869.000 # 1500
38869.000 # 1500
38871.000 # 1500
38872.818 + 88 1
38875.000 # 1500
38875.562 - 88 2.744 1
38876.000 # 1500
38878.625 + 88 1
38883.000 # 1500
38884.407 - 88 5.782 1
38888.477 + 88 1
38890.000 # 1500
38890.366 + 88 1
38890.882 - 88 2.405 1
38891.000 # 1500
38892.172 - 88 1.806 1
38893.000 # 1500
38896.000 # 1500
38896.483 + 88 1
38898.000 # 1500
38899.020 - 88 2.537 1
38903.892 + 88 1
38907.000 # 1500
38907.000 # 1500
38908.074 - 88 4.182 1
38910.816 + 88 1
38911.000 # 1500
38911.000 # 1500
38914.747 + 88 1
38917.000 # 1500
38917.000 # 1500
38917.000 # 1500
38917.000 # 1500
38917.547 - 88 6.731 1
38917.582 - 88 2.835 1
38921.077 + 88 1
38927.005 + 88 1
38928.000 # 1500
38928.000 # 1500
38928.000 # 1500
38928.761 - 88 7.684 1
38928.787 - 88 1.782 1
38930.000 # 1500
38938.158 + 88 1
38940.000 # 1500
38941.000 # 1500
38941.128 - 88 2.970 1
38961.000 # 1500
38961.000 # 1500
38961.000 # 1500
38961.000 # 1500
38961.000 # 1500
38961.000 # 1500
38961.000 # 1500
38962.000 # 1500
38964.000 # 1500
38964.866 + 88 1
38965.100 + 88 1
38966.998 + 88 1
38976.642 + 88 1
38986.198 + 88 1
38992.000 # 1500
38992.000 # 1500
38992.000 # 1500
38992.000 # 1500
38992.000 # 1500
38992.000 # 1500
38992.054 + 88 1
38992.728 - 88 27.862 1
38992.763 - 88 27.663 1
38992.779 - 88 25.781 1
38992.794 - 88 16.152 1
38992.808 - 88 6.610 1
38997.000 # 1500
38998.000 # 1500
38998.000 # 1500
38998.906 - 88 6.852 1
39000.405 + 88 1
39002.000 # 1500
39003.082 - 88 2.677 1
39006.000 # 1500
39007.000 # 1500
39008.382 + 88 1
39011.000 # 1500
39011.000 # 1500
39012.511 - 88 4.129 1
39014.000 # 1500
39020.693 + 88 1
39024.000 # 1500
39025.000 # 1500
39025.593 - 88 4.900 1
39032.012 + 88 1
39036.000 # 1500
39036.000 # 1500
39036.000 # 1500
39036.000 # 1500
39036.000 # 1500
39036.000 # 1500
39036.765 - 88 4.753 1
39041.631 + 88 1
39043.000 # 1500
39043.000 # 1500
39044.049 - 88 2.418 1
39049.642 + 88 1
39056.000 # 1500
39056.000 # 1500
39057.567 - 88 7.925 1
39061.000 # 1500
39061.000 # 1500
39061.000 # 1500
39064.292 + 88 1
39078.699 + 88 1
39097.241 + 88 1
39103.145 + 88 1
39109.901 + 88 1
39115.782 + 88 1
39122.000 # 1500
39122.000 # 1500
39122.000 # 1500
39123.000 # 1500
39123.000 # 1500
39123.000 # 1500
39123.000 # 1500
39123.000 # 1500
39123.000 # 1500
39123.000 # 1500
39123.000 # 1500
39123.693 - 88 59.401 1
39123.710 - 88 45.011 1
39123.719 - 88 26.478 1
39123.726 - 88 20.581 1
39123.734 - 88 13.833 1
39123.740 - 88 7.958 1
39124.000 # 1500
39124.000 # 1500
39124.000 # 1500
39124.000 # 1500
39125.223 + 88 1
39126.000 # 1500
39126.734 - 88 1.511 1
39127.000 # 1500
39130.000 # 1500
39133.692 + 88 1
39138.000 # 1500
39139.294 - 88 5.602 1
39145.000 # 1500
39146.315 + 88 1
39151.000 # 1500
39152.374 - 88 6.059 1
39157.038 + 88 1
39159.000 # 1500
39159.976 - 88 2.938 1
39167.057 + 88 1
39170.616 + 88 1
39179.000 # 1500
39180.433 + 88 1
39180.509 - 88 13.452 1
39180.533 - 88 9.917 1
39187.520 + 88 1
39195.057 + 88 1
39197.000 # 1500
39197.937 - 88 17.504 1
39197.948 - 88 10.428 1
39197.951 - 88 2.894 1
39201.846 + 88 1
39205.000 # 1500
39206.907 - 88 5.061 1
39208.669 + 88 1
39211.000 # 1500
39211.000 # 1500
39212.000 # 1500
39212.519 - 88 3.850 1
39217.501 + 88 1
39222.763 + 88 1
39231.000 # 1500
39231.000 # 1500
39231.225 + 88 1
39231.421 - 88 13.920 1
39231.433 - 88 8.670 1
39234.000 # 1500
39234.000 # 1500
39234.000 # 1500
39234.000 # 1500
39234.000 # 1500
39234.000 # 1500
39234.923 - 88 3.698 1
39236.000 # 1500
39236.000 # 1500
39241.000 # 1500
39241.896 + 88 1
39249.978 + 88 1
39253.000 # 1500
39253.922 - 88 12.026 1
39253.957 - 88 3.979 1
39257.506 + 88 1
39260.000 # 1500
39260.797 - 88 3.291 1
39264.000 # 1500
39265.000 # 1500
39266.000 # 1500
39269.000 # 1500
39271.000 # 1500
39275.000 # 1500
39279.000 # 1500
39280.000 # 1500
39281.968 + 88 1
39282.000 # 1500
39282.160 - 88 0.192 1
39286.000 # 1500
39289.000 # 1500
39289.000 # 1500
39300.344 + 88 1
39301.000 # 1500
39301.000 # 1500
39301.000 # 1500
39302.330 - 88 1.986 1
39314.000 # 1500
39314.000 # 1500
39314.000 # 1500
39314.000 # 1500
39314.000 # 1500
39314.236 + 88 1
39323.000 # 1500
39323.000 # 1500
39324.158 - 88 9.922 1
39324.454 + 88 1
39326.000 # 1500
39326.000 # 1500
39326.000 # 1500
39327.027 - 88 2.573 1
39337.000 # 1500
39337.000 # 1500
39337.000 # 1500
39337.000 # 1500
39337.000 # 1500
39337.496 + 88 1
39338.000 # 1500
39338.000 # 1500
39338.000 # 1500
39339.479 - 88 1.983 1
39342.000 # 1500
39342.000 # 1500
39342.000 # 1500
39350.000 # 1500
39351.000 # 1500
39352.000 # 1500
39353.000 # 1500
39355.608 + 88 1
39365.000 # 1500
39367.083 - 88 11.475 1
39378.069 + 88 1
39385.244 + 88 1
39386.000 # 1500
39386.000 # 1500
39386.000 # 1500
39386.000 # 1500
39386.000 # 1500
39386.000 # 1500
39386.000 # 1500
39386.000 # 1500
39386.990 - 88 8.921 1
39387.034 - 88 1.790 1
39397.734 + 88 1
39401.000 # 1500
39402.597 - 88 4.863 1
39410.000 # 1500
39410.368 + 88 1
39411.000 # 1500
39411.000 # 1500
39411.771 - 88 1.403 1
39417.000 # 1500
39417.000 # 1500
39417.000 # 1500
39419.000 # 1500
39420.000 # 1500
39421.000 # 1500
39421.000 # 1500
39424.203 + 88 1
39436.000 # 1500
39437.067 - 88 12.864 1
39438.989 + 88 1
39440.000 # 1500
39440.532 - 88 1.543 1
39441.000 # 1500
39442.000 # 1500
39451.000 # 1500
39454.000 # 1500
39454.000 # 1500
39455.000 # 1500
39455.000 # 1500
39455.000 # 1500
39455.000 # 1500
39455.000 # 1500
39455.000 # 1500
39455.000 # 1500
39463.000 # 1500
39463.000 # 1500
39465.000 # 1500
39466.000 # 1500
39466.000 # 1500
39466.000 # 1500
39468.000 # 1500
39468.000 # 1500
39473.210 + 88 1
39475.000 # 1500
39475.000 # 1500
39475.000 # 1500
39475.000 # 1500
39475.000 # 1500
39475.829 - 88 2.619 1
39476.000 # 1500
39476.000 # 1500
39476.000 # 1500
39477.000 # 1500
39478.000 # 1500
39480.000 # 1500
39489.000 # 1500
39491.000 # 1500
39491.000 # 1500
39491.000 # 1500
39491.000 # 1500
39491.636 + 88 1
39495.000 # 1500
39497.190 - 88 5.554 1
39498.000 # 1500
39503.000 # 1500
39503.000 # 1500
39505.957 + 88 1
39522.572 + 88 1
39526.000 # 1500
39526.000 # 1500
39526.000 # 1500
39527.478 - 88 21.521 1
39527.492 - 88 4.920 1
39531.000 # 1500
39531.000 # 1500
39531.000 # 1500
39531.000 # 1500
39531.000 # 1500
39531.000 # 1500
39533.000 # 1500
39535.362 + 88 1
39537.000 # 1500
39538.000 # 1500
39538.174 - 88 2.812 1
39540.000 # 1500
39543.000 # 1500
39543.117 + 88 1
39545.000 # 1500
39546.068 - 88 2.951 1
39555.964 + 88 1
39564.000 # 1500
39564.000 # 1500
39564.000 # 1500
39564.000 # 1500
39564.000 # 1500
39565.000 # 1500
39565.000 # 1500
39565.000 # 1500
39565.000 # 1500
39565.000 # 1500
39565.000 # 1500
39565.430 - 88 9.466 1
39581.000 # 1500
39581.000 # 1500
39585.000 # 1500
39585.000 # 1500
39604.000 # 1500
39606.000 # 1500
39606.000 # 1500
39617.000 # 1500
39617.000 # 1500
39617.000 # 1500
39617.000 # 1500
39617.000 # 1500
39617.000 # 1500
39618.000 # 1500
39618.000 # 1500
39618.000 # 1500
39618.000 # 1500
39621.000 # 1500
39623.000 # 1500
39624.000 # 1500
39631.627 + 88 1
39654.000 # 1500
39654.000 # 1500
39655.707 - 88 24.080 1
39659.141 + 88 1
39690.877 + 88 1
39702.464 + 88 1
39713.000 # 1500
39714.210 - 88 55.069 1
39714.232 - 88 23.355 1
39714.241 - 88 11.777 1
39715.000 # 1500
39715.000 # 1500
39717.000 # 1500
39717.000 # 1500
39717.000 # 1500
39720.000 # 1500
39720.000 # 1500
39721.000 # 1500
39721.000 # 1500
39721.000 # 1500
39721.000 # 1500
39721.000 # 1500
39721.000 # 1500
39721.000 # 1500
39721.000 # 1500
39722.000 # 1500
39722.000 # 1500
39722.000 # 1500
39722.000 # 1500
39722.000 # 1500
39722.000 # 1500
39722.972 + 88 1
39732.000 # 1500
39732.624 - 88 9.652 1
39734.751 + 88 1
39756.128 + 88 1
39757.000 # 1500
39757.000 # 1500
39757.000 # 1500
39757.000 # 1500
39758.201 - 88 23.450 1
39758.224 - 88 2.096 1
39766.000 # 1500
39766.000 # 1500
39766.000 # 1500
39766.000 # 1500
39787.000 # 1500
39787.000 # 1500
39787.000 # 1500
39787.000 # 1500
39788.000 # 1500
39790.000 # 1500
39793.000 # 1500
39793.000 # 1500
39796.000 # 1500
39806.000 # 1500
39806.000 # 1500
39806.000 # 1500
39809.000 # 1500
39815.937 + 88 1
39826.000 # 1500
39826.000 # 1500
39826.000 # 1500
39826.000 # 1500
39826.000 # 1500
39826.000 # 1500
39827.434 - 88 11.497 1
39844.000 # 1500
39847.000 # 1500
39853.898 + 88 1
39866.000 # 1500
39867.507 - 88 13.609 1
39878.000 # 1500
39891.000 # 1500
39892.187 + 88 1
39895.000 # 1500
39896.009 - 88 3.822 1
39905.000 # 1500
39915.000 # 1500
39931.000 # 1500
39931.000 # 1500
39931.000 # 1500
39931.000 # 1500
39945.197 + 88 1
39957.000 # 1500
39957.000 # 1500
39957.000 # 1500
39957.000 # 1500
39958.577 - 88 13.380 1
39961.000 # 1500
39971.000 # 1500
39971.000 # 1500
39975.240 + 88 1
39987.930 + 88 1
39991.000 # 1500
39991.000 # 1500
39991.000 # 1500
39991.000 # 1500
39991.000 # 1500
39991.000 # 1500
39991.803 - 88 16.563 1
39991.844 - 88 3.914 1
40001.000 # 1500
40001.000 # 1500
40005.504 + 88 1
40006.000 # 1500
40006.000 # 1500
40006.000 # 1500
40006.000 # 1500
40006.000 # 1500
40007.393 - 88 1.889 1
40018.000 # 1500
40018.000 # 1500
40026.000 # 1500
40026.000 # 1500
40026.000 # 1500
40026.000 # 1500
40027.000 # 1500
40031.000 # 1500
40032.000 # 1500
40034.000 # 1500
40037.514 + 88 1
40038.000 # 1500
40039.759 - 88 2.245 1
40057.000 # 1500
40057.000 # 1500
40057.000 # 1500
40057.000 # 1500
40057.000 # 1500
40057.000 # 1500
40058.323 + 88 1
40061.000 # 1500
40061.000 # 1500
40061.908 - 88 3.585 1
40062.000 # 1500
40066.000 # 1500
40076.679 + 88 1
40077.000 # 1500
40077.000 # 1500
40077.000 # 1500
40078.471 - 88 1.792 1
40079.000 # 1500
40080.000 # 1500
40083.000 # 1500
40085.000 # 1500
40086.000 # 1500
40087.000 # 1500
40089.000 # 1500
40091.000 # 1500
40092.000 # 1500
40093.000 # 1500
40095.000 # 1500
40097.000 # 1500
40099.000 # 1500
40100.000 # 1500
40102.000 # 1500
40103.000 # 1500
40106.000 # 1500
40106.000 # 1500
40108.000 # 1500
40110.000 # 1500
40111.000 # 1500
40112.000 # 1500
40115.000 # 1500
40115.000 # 1500
40124.000 # 1500
40124.000 # 1500
40126.000 # 1500
40126.000 # 1500
40126.000 # 1500
40130.485 + 88 1
40138.000 # 1500
40138.000 # 1500
40138.000 # 1500
40139.310 - 88 8.825 1
40157.000 # 1500
40157.000 # 1500
40157.000 # 1500
40157.000 # 1500
40157.000 # 1500
40159.993 + 88 1
40167.000 # 1500
40167.000 # 1500
40167.000 # 1500
40167.576 - 88 7.583 1
40183.255 + 88 1
40208.585 + 88 1
40230.000 # 1500
40231.000 # 1500
40231.000 # 1500
40231.000 # 1500
40231.000 # 1500
40231.000 # 1500
40231.000 # 1500
40231.000 # 1500
40231.000 # 1500
40232.000 # 1500
40232.000 # 1500
40232.000 # 1500
40232.000 # 1500
40232.000 # 1500
40232.000 # 1500
40232.000 # 1500
40232.000 # 1500
40232.000 # 1500
40232.000 # 1500
40232.000 # 1500
40232.354 - 88 49.099 1
40232.380 - 88 23.795 1
40233.000 # 1500
40233.000 # 1500
40233.000 # 1500
40233.000 # 1500
40233.000 # 1500
40234.218 + 88 1
40235.000 # 1500
40235.914 - 88 1.696 1
40245.000 # 1500
40245.000 # 1500
40245.000 # 1500
40251.000 # 1500
40251.000 # 1500
40251.000 # 1500
40260.000 # 1500
40260.000 # 1500
40261.000 # 1500
40264.000 # 1500
40266.000 # 1500
40267.000 # 1500
40282.425 + 88 1
40288.000 # 1500
40289.231 - 88 6.806 1
40290.000 # 1500
40291.000 # 1500
40294.000 # 1500
40294.000 # 1500
40298.000 # 1500
40301.000 # 1500
40301.000 # 1500
40322.000 # 1500
40322.000 # 1500
40322.000 # 1500
40326.000 # 1500
40328.000 # 1500
40328.000 # 1500
40337.000 # 1500
40337.000 # 1500
40337.000 # 1500
40341.000 # 1500
40344.000 # 1500
40348.066 + 88 1
40350.000 # 1500
40350.782 - 88 2.716 1
40361.000 # 1500
40361.000 # 1500
40361.000 # 1500
40361.000 # 1500
40365.000 # 1500
40367.000 # 1500
40368.000 # 1500
40376.000 # 1500
40380.000 # 1500
40385.000 # 1500
40390.000 # 1500
40394.000 # 1500
40396.737 + 88 1
40401.000 # 1500
40402.388 - 88 5.651 1
40405.000 # 1500
40408.000 # 1500
40412.000 # 1500
40417.000 # 1500
40426.000 # 1500
40427.018 + 88 1
40429.000 # 1500
40429.816 - 88 2.798 1
40435.000 # 1500
40438.000 # 1500
40442.000 # 1500
40446.000 # 1500
40451.000 # 1500
40453.000 # 1500
40456.000 # 1500
40456.473 + 88 1
40461.000 # 1500
40462.056 - 88 5.583 1
40465.000 # 1500
40468.000 # 1500
40472.000 # 1500
40475.000 # 1500
40479.343 + 88 1
40486.000 # 1500
40486.965 - 88 7.622 1
40487.000 # 1500
40491.000 # 1500
40493.000 # 1500
40496.000 # 1500
40497.737 + 88 1
40499.000 # 1500
40500.641 - 88 2.904 1
40501.000 # 1500
40513.000 # 1500
40513.000 # 1500
40513.000 # 1500
40513.540 + 88 1
40514.000 # 1500
40515.000 # 1500
40515.349 - 88 1.809 1
40516.000 # 1500
40518.000 # 1500
40521.000 # 1500
40531.000 # 1500
40531.000 # 1500
40531.000 # 1500
40531.000 # 1500
40537.000 # 1500
40540.000 # 1500
40544.692 + 88 1
40550.000 # 1500
40550.000 # 1500
40551.000 # 1500
40551.405 - 88 6.713 1
40566.000 # 1500
40568.000 # 1500
40570.000 # 1500
40582.000 # 1500
40585.000 # 1500
40585.699 + 88 1
40587.000 # 1500
40587.000 # 1500
40587.000 # 1500
40588.000 # 1500
40588.527 - 88 2.828 1
40589.000 # 1500
40591.000 # 1500
40592.000 # 1500
40594.000 # 1500
40597.000 # 1500
40598.000 # 1500
40600.000 # 1500
40619.339 + 88 1
40628.000 # 1500
40628.000 # 1500
40628.000 # 1500
40629.169 - 88 9.830 1
40630.000 # 1500
40630.000 # 1500
40639.916 + 88 1
40646.000 # 1500
40646.000 # 1500
40646.000 # 1500
40646.630 - 88 6.714 1
40655.000 # 1500
40655.000 # 1500
40660.000 # 1500
40660.000 # 1500
40660.000 # 1500
40660.000 # 1500
40661.000 # 1500
40665.379 + 88 1
40675.000 # 1500
40675.000 # 1500
40676.217 - 88 10.838 1
40686.715 + 88 1
40687.000 # 1500
40687.000 # 1500
40687.000 # 1500
40687.000 # 1500
40688.000 # 1500
40688.000 # 1500
40688.000 # 1500
40688.672 - 88 1.957 1
40706.000 # 1500
40739.967 + 88 1
40759.593 + 88 1
40769.000 # 1500
40769.000 # 1500
40769.000 # 1500
40770.000 # 1500
40770.201 - 88 30.234 1
40770.226 - 88 10.633 1
40790.680 + 88 1
40811.000 # 1500
40811.000 # 1500
40811.000 # 1500
40811.000 # 1500
40811.000 # 1500
40811.000 # 1500
40812.000 # 1500
40812.000 # 1500
40812.000 # 1500
40812.000 # 1500
40812.000 # 1500
40812.000 # 1500
40812.000 # 1500
40812.000 # 1500
40812.000 # 1500
40812.416 - 88 21.736 1
40817.762 + 88 1
40821.000 # 1500
40822.762 - 88 5.000 1
40825.000 # 1500
40831.000 # 1500
40834.000 # 1500
40834.000 # 1500
40841.000 # 1500
40841.000 # 1500
40842.000 # 1500
40847.304 + 88 1
40851.000 # 1500
40851.000 # 1500
40851.000 # 1500
40852.952 - 88 5.648 1
40862.000 # 1500
40862.000 # 1500
40870.770 + 88 1
40871.000 # 1500
40871.000 # 1500
40871.233 - 88 0.463 1
40878.000 # 1500
40881.000 # 1500
40882.000 # 1500
40882.000 # 1500
40888.286 + 88 1
40892.000 # 1500
40892.000 # 1500
40893.017 - 88 4.731 1
40898.000 # 1500
40903.964 + 88 1
40917.000 # 1500
40917.000 # 1500
40917.000 # 1500
40917.433 - 88 13.469 1
40918.127 + 88 1
40922.000 # 1500
40922.000 # 1500
40922.728 - 88 4.601 1
40926.000 # 1500
40927.197 + 88 1
40943.879 + 88 1
40958.528 + 88 1
40987.000 # 1500
40988.000 # 1500
40988.000 # 1500
40988.000 # 1500
40988.000 # 1500
40988.000 # 1500
40988.000 # 1500
40988.951 - 88 61.754 1
40988.975 - 88 45.096 1
40988.986 - 88 30.458 1
40989.000 # 1500
40989.000 # 1500
40989.000 # 1500
40989.000 # 1500
40991.000 # 1500
40991.968 + 88 1
40992.000 # 1500
40999.000 # 1500
40999.619 - 88 7.651 1
41007.000 # 1500
41022.000 # 1500
41038.000 # 1500
41038.824 + 88 1
41045.000 # 1500
41045.764 - 88 6.940 1
41051.000 # 1500
41053.000 # 1500
41055.318 + 88 1
41062.000 # 1500
41062.000 # 1500
41062.000 # 1500
41062.000 # 1500
41062.000 # 1500
41063.264 - 88 7.946 1
41069.954 + 88 1
41076.000 # 1500
41076.000 # 1500
41076.709 - 88 6.755 1
41085.579 + 88 1
41086.000 # 1500
41086.000 # 1500
41086.000 # 1500
41087.470 - 88 1.891 1
41092.000 # 1500
41092.000 # 1500
41098.000 # 1500
41098.000 # 1500
41098.000 # 1500
41098.000 # 1500
41098.000 # 1500
41100.000 # 1500
41101.000 # 1500
41107.161 + 88 1
41111.000 # 1500
41111.000 # 1500
41111.000 # 1500
41111.000 # 1500
41111.896 - 88 4.735 1
41118.000 # 1500
41118.000 # 1500
41123.634 + 88 1
41126.000 # 1500
41126.000 # 1500
41126.000 # 1500
41126.000 # 1500
41126.546 - 88 2.912 1
41127.000 # 1500
41131.000 # 1500
41131.000 # 1500
41139.000 # 1500
41141.000 # 1500
41148.083 + 88 1
41151.000 # 1500
41152.067 - 88 3.984 1
41165.668 + 88 1
41166.000 # 1500
41166.000 # 1500
41166.000 # 1500
41166.000 # 1500
41166.000 # 1500
41167.000 # 1500
41167.000 # 1500
41167.628 - 88 1.960 1
41172.000 # 1500
41213.686 + 88 1
41247.000 # 1500
41248.000 # 1500
41248.918 - 88 35.232 1
41251.000 # 1500
41251.000 # 1500
41251.000 # 1500
41251.000 # 1500
41251.000 # 1500
41251.000 # 1500
41251.000 # 1500
41252.810 + 88 1
41284.000 # 1500
41285.168 - 88 32.358 1
41286.000 # 1500
41286.000 # 1500
41286.000 # 1500
41286.000 # 1500
41286.000 # 1500
41286.000 # 1500
41286.000 # 1500
41289.000 # 1500
41301.000 # 1500
41302.000 # 1500
41302.000 # 1500
41302.000 # 1500
41302.000 # 1500
41312.000 # 1500
41312.000 # 1500
41312.000 # 1500
41314.000 # 1500
41317.000 # 1500
41319.000 # 1500
41321.000 # 1500
41328.161 + 88 1
41332.000 # 1500
41332.000 # 1500
41332.000 # 1500
41333.058 - 88 4.897 1
41342.000 # 1500
41352.000 # 1500
41352.000 # 1500
41352.000 # 1500
41352.000 # 1500
41352.000 # 1500
41352.000 # 1500
41371.000 # 1500
41371.000 # 1500
41371.000 # 1500
41378.000 # 1500
41387.602 + 88 1
41393.000 # 1500
41394.380 - 88 6.778 1
41397.000 # 1500
41397.000 # 1500
41397.000 # 1500
41397.000 # 1500
41397.000 # 1500
41397.000 # 1500
41406.000 # 1500
41419.000 # 1500
41419.000 # 1500
41419.000 # 1500
41420.747 + 88 1
41428.000 # 1500
41428.702 - 88 7.955 1
41429.000 # 1500
41430.000 # 1500
41434.000 # 1500
41434.000 # 1500
41438.000 # 1500
41438.000 # 1500
41440.000 # 1500
41446.000 # 1500
41446.000 # 1500
41469.000 # 1500
41470.000 # 1500
41470.000 # 1500
41476.221 + 88 1
41477.000 # 1500
41478.341 - 88 2.120 1
41489.000 # 1500
41496.000 # 1500
41499.000 # 1500
41499.000 # 1500
41510.000 # 1500
41510.000 # 1500
41510.000 # 1500
41510.000 # 1500
41513.000 # 1500
41515.000 # 1500
41517.000 # 1500
41523.000 # 1500
41525.000 # 1500
41527.000 # 1500
41530.000 # 1500
41533.000 # 1500
41533.850 + 88 1
41541.000 # 1500
41541.981 - 88 8.131 1
41545.000 # 1500
41550.000 # 1500
41553.000 # 1500
41558.000 # 1500
41562.000 # 1500
41564.000 # 1500
41568.000 # 1500
41572.000 # 1500
41575.048 + 88 1
41577.000 # 1500
41578.000 # 1500
41578.002 - 88 2.954 1
41581.000 # 1500
41585.000 # 1500
41588.000 # 1500
41594.000 # 1500
41597.000 # 1500
41601.000 # 1500
41604.000 # 1500
41608.000 # 1500
41611.000 # 1500
41616.000 # 1500
41619.000 # 1500
41621.900 + 88 1
41623.000 # 1500
41623.855 - 88 1.955 1
41626.000 # 1500
41630.000 # 1500
41633.000 # 1500
41636.000 # 1500
41642.000 # 1500
41651.000 # 1500
41651.000 # 1500
41656.102 + 88 1
41660.000 # 1500
41660.000 # 1500
41661.119 - 88 5.017 1
41675.000 # 1500
41675.000 # 1500
41675.000 # 1500
41677.000 # 1500
41678.000 # 1500
41682.000 # 1500
41685.000 # 1500
41710.056 + 88 1
41738.216 + 88 1
41747.000 # 1500
41747.000 # 1500
41747.000 # 1500
41747.000 # 1500
41748.067 - 88 38.011 1
41748.094 - 88 9.878 1
41771.463 + 88 1
41792.000 # 1500
41792.000 # 1500
41792.000 # 1500
41792.000 # 1500
41792.000 # 1500
41792.000 # 1500
41792.000 # 1500
41792.000 # 1500
41792.000 # 1500
41793.000 # 1500
41793.000 # 1500
41793.000 # 1500
41793.000 # 1500
41793.000 # 1500
41793.851 - 88 22.388 1
41801.000 # 1500
41808.000 # 1500
41810.517 + 88 1
41816.000 # 1500
41817.352 - 88 6.835 1
41823.000 # 1500
41831.000 # 1500
41835.863 + 88 1
41841.000 # 1500
41841.871 - 88 6.008 1
41848.000 # 1500
41871.074 + 88 1
41891.315 + 88 1
41912.082 + 88 1
41933.450 + 88 1
41964.793 + 88 1
41982.000 # 1500
41984.000 # 1500
41984.282 - 88 113.208 1
41984.314 - 88 92.999 1
41984.332 - 88 72.250 1
41984.339 - 88 50.889 1
41984.345 - 88 19.552 1
41993.000 # 1500
41993.129 + 88 1
42002.000 # 1500
42002.897 - 88 9.768 1
42010.000 # 1500
42015.000 # 1500
42036.116 + 88 1
42046.000 # 1500
42046.000 # 1500
42046.954 - 88 10.838 1
42058.552 + 88 1
42100.437 + 88 1
42123.023 + 88 1
42145.172 + 88 1
42164.729 + 88 1
42183.505 + 88 1
42196.035 + 88 1
42212.720 + 88 1
42230.322 + 88 1
42259.520 + 88 1
42263.000 # 1500
42263.000 # 1500
42263.000 # 1500
42264.000 # 1500
42264.000 # 1500
42264.000 # 1500
42264.328 - 88 205.776 1
42264.363 - 88 163.926 1
42264.371 - 88 141.348 1
42264.523 - 88 119.351 1
42264.542 - 88 99.813 1
42264.551 - 88 81.046 1
42264.558 - 88 68.523 1
42264.565 - 88 51.845 1
42264.572 - 88 34.250 1
42264.578 - 88 5.058 1
42277.000 # 1500
42277.000 # 1500
42278.000 # 1500
42283.000 # 1500
42290.000 # 1500
42306.000 # 1500
42323.000 # 1500
42323.157 + 88 1
42333.000 # 1500
42333.943 - 88 10.786 1
42344.000 # 1500
42362.420 + 88 1
42368.000 # 1500
42369.125 - 88 6.705 1
42379.000 # 1500
42391.680 + 88 1
42397.000 # 1500
42397.000 # 1500
42398.472 - 88 6.792 1
42409.000 # 1500
42424.244 + 88 1
42426.000 # 1500
42426.990 - 88 2.746 1
42439.000 # 1500
42465.501 + 88 1
42526.000 # 1500
42526.000 # 1500
42526.000 # 1500
42526.000 # 1500
42526.000 # 1500
42526.000 # 1500
42527.281 - 88 61.780 1
42533.000 # 1500
42550.000 # 1500
42575.201 + 88 1
42577.000 # 1500
42577.899 - 88 2.698 1
42580.000 # 1500
42587.000 # 1500
42594.000 # 1500
42596.631 + 88 1
42608.000 # 1500
42609.309 - 88 12.678 1
42618.105 + 88 1
42624.000 # 1500
42624.782 - 88 6.677 1
42641.000 # 1500
42641.564 + 88 1
42658.000 # 1500
42659.104 - 88 17.540 1
42670.000 # 1500
42673.988 + 88 1
42692.000 # 1500
42692.000 # 1500
42693.432 - 88 19.444 1
42711.000 # 1500
42719.000 # 1500
42727.000 # 1500
42737.416 + 88 1
42740.000 # 1500
42741.542 - 88 4.126 1
42748.000 # 1500
42754.000 # 1500
42762.000 # 1500
42767.881 + 88 1
42768.000 # 1500
42778.000 # 1500
42779.307 - 88 11.426 1
42786.000 # 1500
42790.000 # 1500
42796.000 # 1500
42804.000 # 1500
42812.000 # 1500
42821.000 # 1500
42829.000 # 1500
42829.349 + 88 1
42838.000 # 1500
42839.985 - 88 10.636 1
42842.000 # 1500
42846.000 # 1500
42848.000 # 1500
42849.000 # 1500
42851.737 + 88 1
42853.000 # 1500
42853.499 - 88 1.762 1
42856.000 # 1500
42858.000 # 1500
42861.000 # 1500
42865.000 # 1500
42868.000 # 1500
42875.176 + 88 1
42876.000 # 1500
42876.880 - 88 1.704 1
42879.000 # 1500
42884.000 # 1500
42889.000 # 1500
42890.000 # 1500
42896.000 # 1500
42896.641 + 88 1
42899.000 # 1500
42900.413 - 88 3.772 1
42905.000 # 1500
42910.000 # 1500
42916.000 # 1500
42919.086 + 88 1
42922.000 # 1500
42922.857 - 88 3.771 1
42926.000 # 1500
42929.000 # 1500
42931.000 # 1500
42935.000 # 1500
42938.000 # 1500
42942.887 + 88 1
42944.000 # 1500
42944.791 - 88 1.904 1
42951.000 # 1500
42957.000 # 1500
42960.000 # 1500
42962.319 + 88 1
42964.000 # 1500
42965.169 - 88 2.850 1
42968.000 # 1500
42973.000 # 1500
42980.000 # 1500
42983.000 # 1500
42983.993 + 88 1
42986.000 # 1500
42986.681 - 88 2.688 1
42988.000 # 1500
42991.000 # 1500
42995.000 # 1500
42998.000 # 1500
43001.000 # 1500
43005.000 # 1500
43008.000 # 1500
43010.946 + 88 1
43013.000 # 1500
43013.780 - 88 2.834 1
43016.000 # 1500
43019.000 # 1500
43024.000 # 1500
43027.000 # 1500
43031.000 # 1500
43039.000 # 1500
43043.000 # 1500
43047.000 # 1500
43050.000 # 1500
43050.106 + 88 1
43054.000 # 1500
43054.926 - 88 4.820 1
43056.000 # 1500
43059.000 # 1500
43062.000 # 1500
43066.000 # 1500
43068.000 # 1500
43069.906 + 88 1
43071.000 # 1500
43071.544 - 88 1.638 1
43075.000 # 1500
43078.000 # 1500
43081.000 # 1500
43084.000 # 1500
43087.000 # 1500
43087.125 + 88 1
43090.000 # 1500
43090.895 - 88 3.770 1
43098.000 # 1500
43105.670 + 88 1
43107.000 # 1500
43108.617 - 88 2.947 1
43116.000 # 1500
43122.213 + 88 1
43124.000 # 1500
43125.158 - 88 2.945 1
43131.000 # 1500
43141.000 # 1500
43144.752 + 88 1
43148.000 # 1500
43149.536 - 88 4.784 1
43157.000 # 1500
43163.000 # 1500
43168.000 # 1500
43168.177 + 88 1
43171.000 # 1500
43172.033 - 88 3.856 1
43178.000 # 1500
43181.000 # 1500
43187.000 # 1500
43189.000 # 1500
43193.000 # 1500
43201.000 # 1500
43203.000 # 1500
43206.000 # 1500
43209.000 # 1500
43210.000 # 1500
43211.000 # 1500
43215.000 # 1500
43218.000 # 1500
43219.000 # 1500
43224.000 # 1500
43226.000 # 1500
43228.000 # 1500
43231.000 # 1500
43232.000 # 1500
43234.000 # 1500
43237.000 # 1500
43239.456 + 88 1
43240.000 # 1500
43241.327 - 88 1.871 1
43264.000 # 1500
43265.805 + 88 1
43283.000 # 1500
43284.396 - 88 18.591 1
43287.000 # 1500
43290.000 # 1500
43296.000 # 1500
43296.069 + 88 1
43303.000 # 1500
43303.569 - 88 7.500 1
43307.000 # 1500
43311.000 # 1500
43315.000 # 1500
43318.671 + 88 1
43328.000 # 1500
43329.356 - 88 10.685 1
43333.000 # 1500
43337.000 # 1500
43347.000 # 1500
43348.000 # 1500
43350.000 # 1500
43350.971 + 88 1
43351.000 # 1500
43355.000 # 1500
43355.682 - 88 4.711 1
43358.000 # 1500
43369.000 # 1500
43387.000 # 1500
43391.000 # 1500
43411.000 # 1500
43411.000 # 1500
43411.000 # 1500
43416.000 # 1500
43417.000 # 1500
43422.000 # 1500
43428.000 # 1500
43430.000 # 1500
43433.000 # 1500
43439.000 # 1500
43441.000 # 1500
43445.000 # 1500
43447.000 # 1500
43451.000 # 1500
43453.000 # 1500
43454.000 # 1500
43457.000 # 1500
43459.000 # 1500
43461.000 # 1500
43464.000 # 1500
43466.000 # 1500
43476.000 # 1500
43476.000 # 1500
43476.000 # 1500
43476.000 # 1500
43477.000 # 1500
43479.000 # 1500
43481.000 # 1500
43483.000 # 1500
43487.000 # 1500
43490.000 # 1500
43492.000 # 1500
43494.000 # 1500
43497.000 # 1500
43500.000 # 1500
43503.000 # 1500
43508.000 # 1500
43511.000 # 1500
43513.000 # 1500
43516.000 # 1500
43518.000 # 1500
43520.000 # 1500
43522.000 # 1500
43524.000 # 1500
43525.000 # 1500
43527.000 # 1500
43528.000 # 1500
43530.000 # 1500
43531.000 # 1500
43533.000 # 1500
43534.000 # 1500
43536.000 # 1500
43537.000 # 1500
43539.000 # 1500
43540.000 # 1500
43542.000 # 1500
43543.000 # 1500
43545.000 # 1500
43547.000 # 1500
43549.000 # 1500
43550.000 # 1500
43552.000 # 1500
43554.000 # 1500
43555.345 + 88 1
43556.000 # 1500
43557.000 # 1500
43557.489 - 88 2.144 1
43559.000 # 1500
43561.000 # 1500
43562.000 # 1500
43564.000 # 1500
43565.000 # 1500
43567.000 # 1500
43570.000 # 1500
43580.000 # 1500
43580.000 # 1500
43580.000 # 1500
43581.000 # 1500
43581.000 # 1500
43581.000 # 1500
43583.000 # 1500
43584.000 # 1500
43584.167 + 88 1
43586.000 # 1500
43586.648 - 88 2.481 1
43587.000 # 1500
43589.000 # 1500
43590.000 # 1500
43592.000 # 1500
43593.000 # 1500
43595.000 # 1500
43597.000 # 1500
43598.000 # 1500
43600.000 # 1500
43601.000 # 1500
43602.000 # 1500
43604.000 # 1500
43606.000 # 1500
43608.000 # 1500
43609.000 # 1500
43611.000 # 1500
43613.000 # 1500
43615.000 # 1500
43616.000 # 1500
43617.860 + 88 1
43618.000 # 1500
43620.000 # 1500
43620.834 - 88 2.974 1
43621.000 # 1500
43623.000 # 1500
43632.000 # 1500
43632.000 # 1500
43632.000 # 1500
43633.000 # 1500
43633.000 # 1500
43633.000 # 1500
43634.000 # 1500
43635.000 # 1500
43636.000 # 1500
43638.000 # 1500
43639.000 # 1500
43641.000 # 1500
43643.000 # 1500
43644.000 # 1500
43646.000 # 1500
43647.000 # 1500
43647.463 + 88 1
43648.000 # 1500
43650.000 # 1500
43650.078 - 88 2.615 1
43651.000 # 1500
43653.000 # 1500
43654.000 # 1500
43663.000 # 1500
43663.000 # 1500
43663.000 # 1500
43664.000 # 1500
43668.000 # 1500
43671.573 + 88 1
43672.000 # 1500
43672.156 - 88 0.583 1
43675.000 # 1500
43678.000 # 1500
43683.000 # 1500
43686.000 # 1500
43689.245 + 88 1
43690.000 # 1500
43691.146 - 88 1.901 1
43693.000 # 1500
43698.000 # 1500
43703.000 # 1500
43704.992 + 88 1
43709.000 # 1500
43710.005 - 88 5.013 1
43714.000 # 1500
43714.718 + 88 1
43721.000 # 1500
43722.477 - 88 7.759 1
43722.976 + 88 1
43724.000 # 1500
43725.260 - 88 2.284 1
43727.000 # 1500
43730.000 # 1500
43732.000 # 1500
43733.514 + 88 1
43737.000 # 1500
43738.237 - 88 4.723 1
43740.000 # 1500
43741.082 + 88 1
43744.000 # 1500
43744.910 - 88 3.828 1
43748.000 # 1500
43752.000 # 1500
43755.000 # 1500
43759.000 # 1500
43761.550 + 88 1
43762.000 # 1500
43763.371 - 88 1.821 1
43765.000 # 1500
43765.712 + 88 1
43766.000 # 1500
43767.250 - 88 1.538 1
43768.000 # 1500
43770.000 # 1500
43771.000 # 1500
43773.000 # 1500
43775.000 # 1500
43777.000 # 1500
43778.000 # 1500
43781.000 # 1500
43783.000 # 1500
43786.000 # 1500
43787.000 # 1500
43789.448 + 88 1
43790.000 # 1500
43791.992 - 88 2.544 1
43792.000 # 1500
43794.000 # 1500
43796.000 # 1500
43797.000 # 1500
43799.000 # 1500
43800.838 + 88 1
43801.000 # 1500
43801.194 - 88 0.356 1
43802.000 # 1500
43812.000 # 1500
43813.000 # 1500
43813.000 # 1500
43813.000 # 1500
43813.000 # 1500
43817.000 # 1500
43818.000 # 1500
43819.000 # 1500
43820.448 + 88 1
43821.000 # 1500
43822.325 - 88 1.877 1
43828.076 + 88 1
43830.000 # 1500
43830.000 # 1500
43830.000 # 1500
43831.000 # 1500
43831.000 # 1500
43831.000 # 1500
43831.000 # 1500
43831.021 - 88 2.945 1
43834.000 # 1500
43835.000 # 1500
43837.000 # 1500
43838.000 # 1500
43838.888 + 88 1
43839.000 # 1500
43839.211 - 88 0.323 1
43841.000 # 1500
43842.000 # 1500
43843.000 # 1500
43845.000 # 1500
43846.000 # 1500
43846.751 + 88 1
43848.000 # 1500
43849.000 # 1500
43849.577 - 88 2.826 1
43850.000 # 1500
43855.365 + 88 1
43860.000 # 1500
43860.000 # 1500
43860.000 # 1500
43861.000 # 1500
43861.000 # 1500
43861.275 - 88 5.910 1
43865.230 + 88 1
43869.000 # 1500
43870.094 - 88 4.864 1
43877.000 # 1500
43877.030 + 88 1
43879.000 # 1500
43879.836 - 88 2.806 1
43881.000 # 1500
43882.000 # 1500
43884.000 # 1500
43885.000 # 1500
43886.000 # 1500
43886.692 + 88 1
43888.000 # 1500
43889.000 # 1500
43889.592 - 88 2.900 1
43891.000 # 1500
43892.000 # 1500
43893.000 # 1500
43909.397 + 88 1
43912.000 # 1500
43912.000 # 1500
43913.000 # 1500
43913.000 # 1500
43913.000 # 1500
43913.201 - 88 3.804 1
43914.000 # 1500
43915.000 # 1500
43916.000 # 1500
43918.000 # 1500
43919.000 # 1500
43921.000 # 1500
43922.000 # 1500
43922.111 + 88 1
43924.000 # 1500
43924.757 - 88 2.646 1
43926.000 # 1500
43929.000 # 1500
43930.000 # 1500
43930.604 + 88 1
43933.000 # 1500
43934.482 - 88 3.878 1
43937.000 # 1500
43939.000 # 1500
43940.333 + 88 1
43942.000 # 1500
43943.000 # 1500
43943.163 - 88 2.830 1
43954.000 # 1500
43956.000 # 1500
43960.020 + 88 1
43965.000 # 1500
43965.000 # 1500
43965.000 # 1500
43965.644 - 88 5.624 1
43966.000 # 1500
43967.000 # 1500
43969.000 # 1500
43973.000 # 1500
43974.000 # 1500
43976.000 # 1500
43976.857 + 88 1
43976.997 + 88 1
43978.000 # 1500
43978.291 - 88 1.434 1
43978.310 - 88 1.313 1
43980.000 # 1500
43983.232 + 88 1
43984.000 # 1500
43984.608 - 88 1.376 1
43986.000 # 1500
43988.000 # 1500
43991.000 # 1500
43993.000 # 1500
43997.000 # 1500
43997.016 + 88 1
43998.000 # 1500
43998.854 + 88 1
43998.922 - 88 1.906 1
44000.000 # 1500
44000.193 - 88 1.339 1
44018.484 + 88 1
44020.410 + 88 1
44027.000 # 1500
44027.000 # 1500
44027.000 # 1500
44027.000 # 1500
44028.000 # 1500
44028.474 - 88 9.990 1
44028.493 - 88 8.083 1
44034.000 # 1500
44034.000 # 1500
44034.000 # 1500
44034.000 # 1500
44034.000 # 1500
44039.000 # 1500
44039.000 # 1500
44039.000 # 1500
44039.000 # 1500
44039.000 # 1500
44039.168 + 88 1
44040.000 # 1500
44041.055 - 88 1.887 1
44044.000 # 1500
44046.000 # 1500
44047.000 # 1500
44052.000 # 1500
44058.000 # 1500
44059.486 + 88 1
44062.000 # 1500
44063.759 - 88 4.273 1
44064.122 + 88 1
44065.000 # 1500
44065.707 - 88 1.585 1
44070.000 # 1500
44073.000 # 1500
44077.000 # 1500
44081.000 # 1500
44085.000 # 1500
44087.000 # 1500
44090.293 + 88 1
44090.421 + 88 1
44092.000 # 1500
44092.741 - 88 2.448 1
44092.759 - 88 2.338 1
44095.000 # 1500
44099.755 + 88 1
44100.000 # 1500
44100.290 - 88 0.535 1
44102.000 # 1500
44105.494 + 88 1
44109.000 # 1500
44110.407 - 88 4.913 1
44114.000 # 1500
44119.235 + 88 1
44122.000 # 1500
44123.025 - 88 3.790 1
44125.000 # 1500
44126.000 # 1500
44129.027 + 88 1
44131.000 # 1500
44131.865 - 88 2.838 1
44135.000 # 1500
44139.000 # 1500
44142.000 # 1500
44146.000 # 1500
44148.000 # 1500
44150.000 # 1500
44155.000 # 1500
44156.500 + 88 1
44158.000 # 1500
44159.175 - 88 2.675 1
44162.000 # 1500
44164.000 # 1500
44169.000 # 1500
44173.000 # 1500
44181.000 # 1500
44184.000 # 1500
44186.617 + 88 1
44190.000 # 1500
44191.409 - 88 4.792 1
44192.000 # 1500
44195.000 # 1500
44197.000 # 1500
44199.381 + 88 1
44203.000 # 1500
44204.117 - 88 4.736 1
44208.000 # 1500
44210.000 # 1500
44218.000 # 1500
44219.490 + 88 1
44220.000 # 1500
44221.670 - 88 2.180 1
44225.000 # 1500
44228.000 # 1500
44231.000 # 1500
44241.000 # 1500
44243.000 # 1500
44243.321 + 88 1
44247.000 # 1500
44248.116 - 88 4.795 1
44250.000 # 1500
44254.000 # 1500
44255.000 # 1500
44258.000 # 1500
44258.796 + 88 1
44262.000 # 1500
44263.775 - 88 4.979 1
44266.000 # 1500
44267.000 # 1500
44271.000 # 1500
44302.000 # 1500
44304.950 + 88 1
44319.417 + 88 1
44329.000 # 1500
44330.186 - 88 25.236 1
44330.220 - 88 10.803 1
44338.000 # 1500
44340.917 + 88 1
44344.000 # 1500
44344.721 - 88 3.804 1
44351.000 # 1500
44357.000 # 1500
44357.510 + 88 1
44363.000 # 1500
44364.363 - 88 6.853 1
44366.000 # 1500
44370.000 # 1500
44372.228 + 88 1
44379.000 # 1500
44379.906 - 88 7.678 1
44384.853 + 88 1
44385.000 # 1500
44390.000 # 1500
44390.671 - 88 5.818 1
44397.000 # 1500
44400.657 + 88 1
44401.000 # 1500
44402.293 - 88 1.636 1
44403.000 # 1500
44406.000 # 1500
44406.000 # 1500
44406.550 + 88 1
44408.000 # 1500
44409.133 - 88 2.583 1
44410.000 # 1500
44420.230 + 88 1
44427.000 # 1500
44427.000 # 1500
44427.000 # 1500
44427.000 # 1500
44428.056 - 88 7.826 1
44429.009 + 88 1
44431.000 # 1500
44431.717 - 88 2.708 1
44434.000 # 1500
44436.000 # 1500
44437.000 # 1500
44440.000 # 1500
44442.701 + 88 1
44443.000 # 1500
44444.416 - 88 1.715 1
44447.000 # 1500
44449.000 # 1500
44450.929 + 88 1
44455.000 # 1500
44455.536 - 88 4.607 1
44456.000 # 1500
44459.000 # 1500
44459.000 # 1500
44460.440 + 88 1
44461.000 # 1500
44461.986 - 88 1.546 1
44464.000 # 1500
44466.000 # 1500
44467.000 # 1500
44467.980 + 88 1
44468.000 # 1500
44470.000 # 1500
44470.808 - 88 2.828 1
44473.000 # 1500
44473.000 # 1500
44475.000 # 1500
44477.000 # 1500
44478.000 # 1500
44480.913 + 88 1
44481.000 # 1500
44483.000 # 1500
44483.508 - 88 2.595 1
44484.000 # 1500
44486.000 # 1500
44488.000 # 1500
44490.000 # 1500
44497.560 + 88 1
44499.531 + 88 1
44501.000 # 1500
44501.000 # 1500
44501.000 # 1500
44501.000 # 1500
44501.000 # 1500
44501.000 # 1500
44502.083 - 88 4.523 1
44502.113 - 88 2.582 1
44503.000 # 1500
44507.000 # 1500
44507.000 # 1500
44507.981 + 88 1
44509.000 # 1500
44509.856 - 88 1.875 1
44512.000 # 1500
44514.000 # 1500
44515.000 # 1500
44517.000 # 1500
44520.000 # 1500
44522.000 # 1500
44525.000 # 1500
44526.857 + 88 1
44527.000 # 1500
44537.000 # 1500
44538.227 - 88 11.370 1
44539.000 # 1500
44539.475 + 88 1
44539.600 + 88 1
44540.000 # 1500
44544.000 # 1500
44544.000 # 1500
44544.000 # 1500
44544.000 # 1500
44544.513 - 88 5.038 1
44544.541 - 88 4.941 1
44547.192 + 88 1
44556.000 # 1500
44556.000 # 1500
44556.000 # 1500
44556.000 # 1500
44556.000 # 1500
44556.000 # 1500
44556.932 - 88 9.740 1
44559.000 # 1500
44559.034 + 88 1
44560.000 # 1500
44560.847 - 88 1.813 1
44561.000 # 1500
44561.922 + 88 1
44563.000 # 1500
44563.670 - 88 1.748 1
44566.000 # 1500
44567.000 # 1500
44569.000 # 1500
44573.000 # 1500
44577.000 # 1500
44577.000 # 1500
44577.655 + 88 1
44579.000 # 1500
44580.366 - 88 2.711 1
44581.000 # 1500
44583.000 # 1500
44585.000 # 1500
44586.000 # 1500
44588.000 # 1500
44588.630 + 88 1
44594.000 # 1500
44595.000 # 1500
44595.103 - 88 6.473 1
44597.000 # 1500
44599.000 # 1500
44599.141 + 88 1
44599.675 + 88 1
44601.000 # 1500
44602.000 # 1500
44602.698 - 88 3.557 1
44602.726 - 88 3.051 1
44605.000 # 1500
44606.935 + 88 1
44609.000 # 1500
44609.594 - 88 2.659 1
44618.000 # 1500
44618.000 # 1500
44618.000 # 1500
44618.000 # 1500
44620.000 # 1500
44621.000 # 1500
44622.444 + 88 1
44622.571 + 88 1
44624.000 # 1500
44625.000 # 1500
44625.257 - 88 2.813 1
44625.287 - 88 2.716 1
44626.000 # 1500
44627.320 + 88 1
44629.000 # 1500
44630.000 # 1500
44630.103 - 88 2.783 1
44632.000 # 1500
44633.000 # 1500
44637.000 # 1500
44639.000 # 1500
44640.000 # 1500
44641.000 # 1500
44645.000 # 1500
44645.000 # 1500
44649.305 + 88 1
44656.000 # 1500
44656.000 # 1500
44656.000 # 1500
44657.228 - 88 7.923 1
44658.000 # 1500
44658.000 # 1500
44658.000 # 1500
44658.000 # 1500
44660.000 # 1500
44660.811 + 88 1
44662.564 + 88 1
44670.437 + 88 1
44671.000 # 1500
44671.000 # 1500
44671.000 # 1500
44671.000 # 1500
44671.000 # 1500
44672.043 - 88 11.232 1
44672.072 - 88 9.508 1
44672.087 - 88 1.650 1
44673.000 # 1500
44676.000 # 1500
44677.000 # 1500
44679.000 # 1500
44680.000 # 1500
44680.471 + 88 1
44684.000 # 1500
44685.754 - 88 5.283 1
44686.000 # 1500
44687.000 # 1500
44689.000 # 1500
44691.000 # 1500
44694.000 # 1500
44695.000 # 1500
44699.000 # 1500
44699.445 + 88 1
44701.000 # 1500
44701.375 + 88 1
44701.688 - 88 2.243 1
44702.000 # 1500
44702.951 - 88 1.576 1
44704.000 # 1500
44706.000 # 1500
44708.171 + 88 1
44710.000 # 1500
44710.931 - 88 2.760 1
44714.000 # 1500
44721.000 # 1500
44728.970 + 88 1
44729.000 # 1500
44736.000 # 1500
44736.393 - 88 7.423 1
44739.577 + 88 1
44742.000 # 1500
44743.481 - 88 3.904 1
44746.048 + 88 1
44751.000 # 1500
44751.828 - 88 5.780 1
44753.000 # 1500
44756.000 # 1500
44757.000 # 1500
44757.000 # 1500
44757.000 # 1500
44757.000 # 1500
44759.730 + 88 1
44763.747 + 88 1
44767.000 # 1500
44767.000 # 1500
44767.000 # 1500
44767.000 # 1500
44768.563 - 88 8.833 1
44768.614 - 88 4.867 1
44772.000 # 1500
44772.000 # 1500
44772.000 # 1500
44772.000 # 1500
44772.000 # 1500
44773.000 # 1500
44775.000 # 1500
44776.000 # 1500
44779.000 # 1500
44780.000 # 1500
44780.518 + 88 1
44781.000 # 1500
44782.078 - 88 1.560 1
44783.000 # 1500
44786.000 # 1500
44787.000 # 1500
44788.000 # 1500
44790.000 # 1500
44791.256 + 88 1
44793.000 # 1500
44793.000 # 1500
44794.045 - 88 2.789 1
44795.000 # 1500
44797.000 # 1500
44797.059 + 88 1
44799.000 # 1500
44799.863 - 88 2.804 1
44800.991 + 88 1
44801.000 # 1500
44802.000 # 1500
44802.819 - 88 1.828 1
44804.000 # 1500
44804.910 + 88 1
44806.000 # 1500
44806.708 - 88 1.798 1
44809.000 # 1500
44809.000 # 1500
44811.000 # 1500
44812.000 # 1500
44814.000 # 1500
44818.000 # 1500
44819.000 # 1500
44819.426 + 88 1
44820.000 # 1500
44821.080 - 88 1.654 1
44822.000 # 1500
44823.373 + 88 1
44825.000 # 1500
44826.000 # 1500
44827.000 # 1500
44828.717 - 88 5.344 1
44828.770 + 88 1
44829.000 # 1500
44830.414 - 88 1.644 1
44831.000 # 1500
44832.000 # 1500
44834.000 # 1500
44835.000 # 1500
44837.000 # 1500
44838.000 # 1500
44840.000 # 1500
44840.853 + 88 1
44841.000 # 1500
44842.000 # 1500
44842.553 - 88 1.700 1
44844.000 # 1500
44845.000 # 1500
44846.610 + 88 1
44847.000 # 1500
44847.000 # 1500
44848.000 # 1500
44848.487 - 88 1.877 1
44850.000 # 1500
44851.000 # 1500
44852.000 # 1500
44853.000 # 1500
44866.000 # 1500
44866.000 # 1500
44866.000 # 1500
44866.000 # 1500
44866.000 # 1500
44866.000 # 1500
44868.354 + 88 1
44868.414 + 88 1
44873.000 # 1500
44873.000 # 1500
44873.000 # 1500
44873.000 # 1500
44873.000 # 1500
44873.000 # 1500
44873.078 + 88 1
44873.353 - 88 4.999 1
44873.380 - 88 4.966 1
44874.000 # 1500
44875.000 # 1500
44875.042 - 88 1.964 1
44876.000 # 1500
44877.000 # 1500
44880.000 # 1500
44881.000 # 1500
44881.000 # 1500
44882.000 # 1500
44884.000 # 1500
44886.000 # 1500
44886.000 # 1500
44888.000 # 1500
44888.000 # 1500
44888.733 + 88 1
44890.000 # 1500
44891.000 # 1500
44892.000 # 1500
44892.572 - 88 3.839 1
44894.000 # 1500
44896.000 # 1500
44896.000 # 1500
44897.000 # 1500
44898.000 # 1500
44899.000 # 1500
44899.009 + 88 1
44906.669 + 88 1
44906.779 + 88 1
44909.000 # 1500
44910.395 - 88 11.386 1
44910.417 - 88 3.748 1
44910.425 - 88 3.646 1
44911.000 # 1500
44911.000 # 1500
44911.000 # 1500
44911.000 # 1500
44911.000 # 1500
44911.000 # 1500
44911.000 # 1500
44912.000 # 1500
44913.000 # 1500
44915.000 # 1500
44916.000 # 1500
44917.000 # 1500
44918.000 # 1500
44919.000 # 1500
44927.127 + 88 1
44927.190 + 88 1
44931.000 # 1500
44931.000 # 1500
44931.000 # 1500
44931.000 # 1500
44931.000 # 1500
44931.950 - 88 4.823 1
44931.978 - 88 4.788 1
44932.000 # 1500
44932.000 # 1500
44933.000 # 1500
44933.000 # 1500
44934.000 # 1500
44936.000 # 1500
44937.000 # 1500
44938.000 # 1500
44939.000 # 1500
44939.718 + 88 1
44940.319 + 88 1
44941.000 # 1500
44942.763 - 88 3.045 1
44942.786 - 88 2.467 1
44943.000 # 1500
44944.000 # 1500
44945.000 # 1500
44946.000 # 1500
44947.533 + 88 1
44949.000 # 1500
44950.000 # 1500
44950.443 - 88 2.910 1
44951.000 # 1500
44953.000 # 1500
44962.059 + 88 1
44962.196 + 88 1
44963.000 # 1500
44963.000 # 1500
44963.000 # 1500
44963.000 # 1500
44963.000 # 1500
44964.166 - 88 2.107 1
44964.187 - 88 1.991 1
44965.000 # 1500
44968.000 # 1500
44968.000 # 1500
44970.000 # 1500
44972.000 # 1500
44972.000 # 1500
44973.030 + 88 1
44976.000 # 1500
44976.887 - 88 3.857 1
44977.000 # 1500
44980.000 # 1500
44984.000 # 1500
44984.000 # 1500
44985.000 # 1500
44986.000 # 1500
44988.000 # 1500
44988.751 + 88 1
44990.000 # 1500
44990.742 - 88 1.991 1
44991.000 # 1500
44992.000 # 1500
44993.000 # 1500
44993.640 + 88 1
44995.000 # 1500
44996.588 - 88 2.948 1
45007.000 # 1500
45007.000 # 1500
45007.000 # 1500
45007.000 # 1500
45007.000 # 1500
45007.171 + 88 1
45008.000 # 1500
45008.836 - 88 1.665 1
45009.000 # 1500
45011.000 # 1500
45011.000 # 1500
45016.000 # 1500
45016.000 # 1500
45017.000 # 1500
45019.000 # 1500
45021.000 # 1500
45021.000 # 1500
45022.000 # 1500
45023.000 # 1500
45024.941 + 88 1
45025.000 # 1500
45025.119 + 88 1
45026.000 # 1500
45026.855 - 88 1.914 1
45026.878 - 88 1.759 1
45028.000 # 1500
45038.000 # 1500
45038.000 # 1500
45038.000 # 1500
45038.000 # 1500
45039.000 # 1500
45039.000 # 1500
45039.000 # 1500
45039.530 + 88 1
45039.663 + 88 1
45043.000 # 1500
45043.000 # 1500
45044.417 - 88 4.887 1
45044.441 - 88 4.778 1
45046.000 # 1500
45046.000 # 1500
45047.000 # 1500
45057.691 + 88 1
45058.000 # 1500
45058.000 # 1500
45058.000 # 1500
45058.000 # 1500
45058.000 # 1500
45058.000 # 1500
45059.185 - 88 1.494 1
45059.479 + 88 1
45066.935 + 88 1
45068.000 # 1500
45068.843 - 88 9.364 1
45068.865 - 88 1.930 1
45069.000 # 1500
45069.000 # 1500
45073.000 # 1500
45073.000 # 1500
45073.000 # 1500
45080.649 + 88 1
45080.692 + 88 1
45081.000 # 1500
45082.457 - 88 1.808 1
45082.477 - 88 1.785 1
45086.000 # 1500
45086.000 # 1500
45086.000 # 1500
45086.000 # 1500
45086.000 # 1500
45087.000 # 1500
45087.541 + 88 1
45089.000 # 1500
45090.277 - 88 2.736 1
45091.000 # 1500
45093.000 # 1500
45093.000 # 1500
45095.000 # 1500
45098.000 # 1500
45099.000 # 1500
45100.000 # 1500
45101.000 # 1500
45101.174 + 88 1
45101.307 + 88 1
45103.000 # 1500
45103.957 - 88 2.783 1
45103.980 - 88 2.673 1
45105.000 # 1500
45108.867 + 88 1
45115.690 + 88 1
45116.000 # 1500
45116.000 # 1500
45116.000 # 1500
45117.643 - 88 8.776 1
45117.665 - 88 1.975 1
45118.000 # 1500
45121.000 # 1500
45121.000 # 1500
45121.000 # 1500
45121.000 # 1500
45123.000 # 1500
45124.000 # 1500
45124.506 + 88 1
45125.000 # 1500
45126.426 - 88 1.920 1
45127.000 # 1500
45127.390 + 88 1
45129.000 # 1500
45130.404 - 88 3.014 1
45131.000 # 1500
45131.000 # 1500
45133.000 # 1500
45134.000 # 1500
45137.000 # 1500
45137.000 # 1500
45138.227 + 88 1
45139.000 # 1500
45140.000 # 1500
45140.099 - 88 1.872 1
45141.042 + 88 1
45142.000 # 1500
45143.134 + 88 1
45143.210 - 88 2.168 1
45144.000 # 1500
45144.000 # 1500
45144.999 - 88 1.865 1
45145.000 # 1500
45147.000 # 1500
45148.000 # 1500
45149.000 # 1500
45149.747 + 88 1
45150.000 # 1500
45151.000 # 1500
45151.751 - 88 2.004 1
45153.000 # 1500
45154.000 # 1500
45155.000 # 1500
45156.000 # 1500
45157.000 # 1500
45160.551 + 88 1
45160.789 + 88 1
45168.000 # 1500
45168.000 # 1500
45168.000 # 1500
45168.000 # 1500
45168.000 # 1500
45168.000 # 1500
45168.000 # 1500
45169.000 # 1500
45169.388 - 88 8.837 1
45169.416 - 88 8.627 1
45170.000 # 1500
45170.911 + 88 1
45173.000 # 1500
45174.193 - 88 3.282 1
45176.000 # 1500
45176.000 # 1500
45177.000 # 1500
45177.254 + 88 1
45177.364 + 88 1
45178.000 # 1500
45179.092 - 88 1.838 1
45179.117 - 88 1.753 1
45189.000 # 1500
45191.000 # 1500
45191.000 # 1500
45191.000 # 1500
45193.000 # 1500
45193.000 # 1500
45200.813 + 88 1
45201.000 # 1500
45201.000 # 1500
45201.000 # 1500
45201.000 # 1500
45201.000 # 1500
45201.000 # 1500
45201.000 # 1500
45201.261 - 88 0.448 1
45202.000 # 1500
45203.000 # 1500
45206.406 + 88 1
45216.000 # 1500
45216.000 # 1500
45216.000 # 1500
45216.000 # 1500
45216.000 # 1500
45216.000 # 1500
45217.000 # 1500
45217.000 # 1500
45217.236 - 88 10.830 1
45226.000 # 1500
45226.000 # 1500
45226.000 # 1500
45226.000 # 1500
45226.000 # 1500
45226.000 # 1500
45227.000 # 1500
45228.000 # 1500
45230.000 # 1500
45232.000 # 1500
45233.000 # 1500
45237.000 # 1500
45240.000 # 1500
45240.000 # 1500
45241.000 # 1500
45242.000 # 1500
45243.000 # 1500
45245.000 # 1500
45247.000 # 1500
45249.000 # 1500
45258.000 # 1500
45258.000 # 1500
45258.000 # 1500
45258.000 # 1500
45258.000 # 1500
45258.000 # 1500
45259.000 # 1500
45261.000 # 1500
45261.000 # 1500
45263.000 # 1500
45269.873 + 88 1
45269.987 + 88 1
45273.000 # 1500
45273.910 - 88 4.037 1
45273.933 - 88 3.946 1
45275.000 # 1500
45277.000 # 1500
45277.000 # 1500
45277.000 # 1500
45277.000 # 1500
45280.000 # 1500
45280.000 # 1500
45281.000 # 1500
45284.000 # 1500
45286.000 # 1500
45287.000 # 1500
45289.000 # 1500
45291.000 # 1500
45293.000 # 1500
45295.000 # 1500
45296.000 # 1500
45297.000 # 1500
45299.000 # 1500
45302.000 # 1500
45311.000 # 1500
45311.000 # 1500
45311.000 # 1500
45318.017 + 88 1
45318.131 + 88 1
45318.166 + 88 1
45318.198 + 88 1
45318.229 + 88 1
45318.261 + 88 1
45318.292 + 88 1
45318.324 + 88 1
45318.355 + 88 1
45318.402 + 88 1
45318.452 + 88 1
45318.486 + 88 1
45320.094 + 88 1
45325.769 + 88 1
45328.657 + 88 1
45337.000 # 1500
45337.446 + 88 1
45338.079 - 88 20.062 1
45338.102 - 88 19.971 1
45338.110 - 88 19.944 1
45338.117 - 88 19.919 1
45338.124 - 88 19.895 1
45338.131 - 88 19.870 1
45338.137 - 88 19.845 1
45338.144 - 88 19.820 1
45338.151 - 88 19.796 1
45338.158 - 88 19.756 1
45338.164 - 88 19.712 1
45338.170 - 88 19.684 1
45338.176 - 88 18.082 1
45338.182 - 88 12.413 1
45338.188 - 88 9.531 1
45341.266 + 88 1
45345.000 # 1500
45346.123 - 88 8.677 1
45346.143 - 88 4.877 1
45351.000 # 1500
45351.158 + 88 1
45356.000 # 1500
45356.942 - 88 5.784 1
45360.000 # 1500
45361.855 + 88 1
45365.000 # 1500
45365.643 - 88 3.788 1
45375.000 # 1500
45377.000 # 1500
45377.432 + 88 1
45393.000 # 1500
45394.036 - 88 16.604 1
45396.019 + 88 1
45398.000 # 1500
45398.936 - 88 2.917 1
45401.000 # 1500
45403.183 + 88 1
45406.000 # 1500
45407.635 - 88 4.452 1
45408.000 # 1500
45411.000 # 1500
45415.000 # 1500
45415.210 + 88 1
45425.000 # 1500
45425.785 + 88 1
45426.009 - 88 10.799 1
45431.000 # 1500
45431.000 # 1500
45431.000 # 1500
45433.000 # 1500
45433.176 - 88 7.391 1
45435.281 + 88 1
45436.000 # 1500
45436.951 - 88 1.670 1
45438.000 # 1500
45439.000 # 1500
45443.000 # 1500
45446.000 # 1500
45446.914 + 88 1
45448.000 # 1500
45448.638 - 88 1.724 1
45451.000 # 1500
45451.000 # 1500
45455.000 # 1500
45458.000 # 1500
45459.000 # 1500
45459.567 + 88 1
45460.000 # 1500
45461.347 - 88 1.780 1
45464.000 # 1500
45466.000 # 1500
45468.000 # 1500
45468.000 # 1500
45470.000 # 1500
45471.280 + 88 1
45473.000 # 1500
45474.000 # 1500
45474.048 - 88 2.768 1
45476.000 # 1500
45478.000 # 1500
45482.000 # 1500
45482.000 # 1500
45484.957 + 88 1
45485.000 # 1500
45487.000 # 1500
45487.808 - 88 2.851 1
45490.000 # 1500
45490.000 # 1500
45495.000 # 1500
45498.000 # 1500
45498.000 # 1500
45500.000 # 1500
45502.000 # 1500
45503.445 + 88 1
45506.000 # 1500
45507.000 # 1500
45507.191 - 88 3.746 1
45508.000 # 1500
45511.000 # 1500
45513.000 # 1500
45517.000 # 1500
45519.000 # 1500
45521.000 # 1500
45522.000 # 1500
45523.000 # 1500
45525.000 # 1500
45526.000 # 1500
45528.000 # 1500
45529.000 # 1500
45530.000 # 1500
45532.000 # 1500
45534.000 # 1500
45535.000 # 1500
45536.707 + 88 1
45537.000 # 1500
45538.000 # 1500
45538.539 - 88 1.832 1
45540.000 # 1500
45541.000 # 1500
45543.000 # 1500
45553.000 # 1500
45553.000 # 1500
45553.000 # 1500
45553.000 # 1500
45553.000 # 1500
45553.000 # 1500
45553.000 # 1500
45555.000 # 1500
45556.000 # 1500
45558.000 # 1500
45559.171 + 88 1
45560.000 # 1500
45560.000 # 1500
45560.959 - 88 1.788 1
45561.000 # 1500
45563.000 # 1500
45566.000 # 1500
45568.000 # 1500
45568.000 # 1500
45569.000 # 1500
45571.000 # 1500
45573.000 # 1500
45576.000 # 1500
45576.000 # 1500
45577.000 # 1500
45579.000 # 1500
45580.000 # 1500
45581.000 # 1500
45583.691 + 88 1
45591.000 # 1500
45592.308 - 88 8.617 1
45593.000 # 1500
45593.000 # 1500
45595.000 # 1500
45598.000 # 1500
45600.000 # 1500
45600.000 # 1500
45602.000 # 1500
45604.000 # 1500
45606.000 # 1500
45608.000 # 1500
45609.883 + 88 1
45610.000 # 1500
45611.000 # 1500
45611.687 - 88 1.804 1
45613.000 # 1500
45615.000 # 1500
45616.000 # 1500
45618.000 # 1500
45620.000 # 1500
45623.000 # 1500
45623.000 # 1500
45626.000 # 1500
45628.000 # 1500
45630.000 # 1500
45632.000 # 1500
45633.000 # 1500
45637.000 # 1500
45638.000 # 1500
45640.000 # 1500
45640.498 + 88 1
45644.000 # 1500
45645.300 - 88 4.802 1
45647.000 # 1500
45648.000 # 1500
45649.000 # 1500
45651.000 # 1500
45656.000 # 1500
45657.000 # 1500
45667.000 # 1500
45667.000 # 1500
45667.000 # 1500
45667.000 # 1500
45667.000 # 1500
45668.800 + 88 1
45669.000 # 1500
45670.000 # 1500
45670.684 - 88 1.884 1
45671.000 # 1500
45673.000 # 1500
45676.000 # 1500
45677.000 # 1500
45678.000 # 1500
45680.000 # 1500
45684.000 # 1500
45691.300 + 88 1
45693.000 # 1500
45694.109 - 88 2.809 1
45695.000 # 1500
45695.000 # 1500
45695.000 # 1500
45695.000 # 1500
45696.000 # 1500
45698.000 # 1500
45700.000 # 1500
45702.000 # 1500
45703.000 # 1500
45704.000 # 1500
45706.000 # 1500
45707.000 # 1500
45709.000 # 1500
45710.000 # 1500
45711.799 + 88 1
45712.000 # 1500
45712.253 - 88 0.454 1
45713.000 # 1500
45716.000 # 1500
45716.000 # 1500
45718.000 # 1500
45720.000 # 1500
45722.000 # 1500
45722.000 # 1500
45726.000 # 1500
45726.000 # 1500
45728.000 # 1500
45730.000 # 1500
45732.000 # 1500
45732.000 # 1500
45732.292 + 88 1
45734.000 # 1500
45735.000 # 1500
45735.134 - 88 2.842 1
45738.000 # 1500
45738.000 # 1500
45740.000 # 1500
45748.944 + 88 1
45750.000 # 1500
45750.000 # 1500
45750.755 - 88 1.811 1
45751.000 # 1500
45751.000 # 1500
45751.000 # 1500
45751.000 # 1500
45752.000 # 1500
45754.000 # 1500
45755.000 # 1500
45757.000 # 1500
45758.000 # 1500
45768.000 # 1500
45768.442 + 88 1
45771.000 # 1500
45772.000 # 1500
45772.219 - 88 3.777 1
45773.000 # 1500
45773.000 # 1500
45773.000 # 1500
45773.000 # 1500
45785.000 # 1500
45785.000 # 1500
45786.000 # 1500
45786.000 # 1500
45788.000 # 1500
45790.000 # 1500
45792.000 # 1500
45792.000 # 1500
45793.000 # 1500
45795.000 # 1500
45797.000 # 1500
45804.147 + 88 1
45807.000 # 1500
45807.967 - 88 3.820 1
45808.000 # 1500
45811.000 # 1500
45811.000 # 1500
45812.000 # 1500
45823.000 # 1500
45823.000 # 1500
45823.000 # 1500
45823.000 # 1500
45824.000 # 1500
45826.000 # 1500
45827.000 # 1500
45829.000 # 1500
45830.665 + 88 1
45831.000 # 1500
45832.000 # 1500
45832.362 - 88 1.697 1
45834.000 # 1500
45836.000 # 1500
45838.000 # 1500
45839.000 # 1500
45841.000 # 1500
45850.000 # 1500
45851.000 # 1500
45852.000 # 1500
45855.007 + 88 1
45856.000 # 1500
45856.750 - 88 1.743 1
45857.000 # 1500
45857.000 # 1500
45858.000 # 1500
45869.000 # 1500
45870.000 # 1500
45870.000 # 1500
45872.000 # 1500
45872.000 # 1500
45872.000 # 1500
45876.000 # 1500
45876.000 # 1500
45877.000 # 1500
45879.000 # 1500
45879.806 + 88 1
45881.000 # 1500
45881.000 # 1500
45882.581 - 88 2.775 1
45883.000 # 1500
45886.000 # 1500
45886.000 # 1500
45887.000 # 1500
45897.000 # 1500
45897.000 # 1500
45897.000 # 1500
45897.000 # 1500
45903.000 # 1500
45903.000 # 1500
45903.000 # 1500
45903.000 # 1500
45904.311 + 88 1
45912.000 # 1500
45912.000 # 1500
45912.000 # 1500
45912.000 # 1500
45912.000 # 1500
45913.000 # 1500
45913.801 - 88 9.490 1
45914.000 # 1500
45915.000 # 1500
45916.000 # 1500
45921.669 + 88 1
45928.000 # 1500
45928.000 # 1500
45928.000 # 1500
45928.000 # 1500
45929.619 - 88 7.950 1
45931.000 # 1500
45935.000 # 1500
45936.000 # 1500
45939.257 + 88 1
45942.000 # 1500
45943.000 # 1500
45943.000 # 1500
45943.077 - 88 3.820 1
45945.000 # 1500
45947.000 # 1500
45948.000 # 1500
45951.000 # 1500
45952.000 # 1500
45953.000 # 1500
45954.000 # 1500
45958.000 # 1500
45958.000 # 1500
45960.000 # 1500
45961.000 # 1500
45964.000 # 1500
45964.980 + 88 1
45966.000 # 1500
45966.000 # 1500
45966.749 - 88 1.769 1
45968.000 # 1500
45970.000 # 1500
45973.000 # 1500
45973.000 # 1500
45977.000 # 1500
45978.000 # 1500
45980.000 # 1500
45981.000 # 1500
45983.000 # 1500
45985.000 # 1500
45986.000 # 1500
45988.000 # 1500
45990.000 # 1500
45992.000 # 1500
45992.365 + 88 1
45993.000 # 1500
45994.076 - 88 1.711 1
45995.000 # 1500
45998.000 # 1500
45998.000 # 1500
46000.000 # 1500
46002.000 # 1500
46006.000 # 1500
46006.000 # 1500
46007.000 # 1500
46009.000 # 1500
46011.000 # 1500
46013.000 # 1500
46014.000 # 1500
46016.000 # 1500
46017.000 # 1500
46021.000 # 1500
46022.000 # 1500
46023.000 # 1500
46025.000 # 1500
46028.000 # 1500
46029.000 # 1500
46030.000 # 1500
46031.605 + 88 1
46032.000 # 1500
46033.471 - 88 1.866 1
46034.000 # 1500
46036.000 # 1500
46037.000 # 1500
46039.000 # 1500
46041.000 # 1500
46043.000 # 1500
46045.000 # 1500
46046.000 # 1500
46048.000 # 1500
46049.000 # 1500
46052.000 # 1500
46053.000 # 1500
46055.000 # 1500
46056.000 # 1500
46059.000 # 1500
46060.000 # 1500
46061.000 # 1500
46064.952 + 88 1
46066.000 # 1500
46066.660 - 88 1.708 1
46067.000 # 1500
46068.000 # 1500
46070.000 # 1500
46071.000 # 1500
46073.000 # 1500
46075.000 # 1500
46077.000 # 1500
46078.000 # 1500
46080.000 # 1500
46083.000 # 1500
46083.000 # 1500
46085.000 # 1500
46086.365 + 88 1
46095.000 # 1500
46095.000 # 1500
46095.000 # 1500
46095.000 # 1500
46096.176 - 88 9.811 1
46097.000 # 1500
46097.000 # 1500
46100.000 # 1500
46101.000 # 1500
46102.940 + 88 1
46105.000 # 1500
46106.782 - 88 3.842 1
46108.000 # 1500
46110.000 # 1500
46115.000 # 1500
46118.000 # 1500
46120.000 # 1500
46124.000 # 1500
46128.000 # 1500
46130.306 + 88 1
46133.000 # 1500
46134.135 - 88 3.829 1
46137.000 # 1500
46140.000 # 1500
46142.000 # 1500
46147.000 # 1500
46147.845 + 88 1
46149.000 # 1500
46150.710 - 88 2.865 1
46153.000 # 1500
46157.000 # 1500
46158.598 + 88 1
46161.000 # 1500
46162.432 - 88 3.834 1
46165.000 # 1500
46166.000 # 1500
46169.000 # 1500
46171.000 # 1500
46173.000 # 1500
46174.232 + 88 1
46175.000 # 1500
46176.105 - 88 1.873 1
46178.000 # 1500
46179.000 # 1500
46181.000 # 1500
46183.000 # 1500
46186.000 # 1500
46186.000 # 1500
46191.000 # 1500
46192.000 # 1500
46193.000 # 1500
46193.777 + 88 1
46195.000 # 1500
46195.609 - 88 1.832 1
46197.000 # 1500
46199.000 # 1500
46201.000 # 1500
46203.000 # 1500
46205.000 # 1500
46207.000 # 1500
46209.000 # 1500
46211.000 # 1500
46213.000 # 1500
46216.000 # 1500
46217.000 # 1500
46219.000 # 1500
46219.120 + 88 1
46222.000 # 1500
46222.904 - 88 3.784 1
46224.000 # 1500
46225.000 # 1500
46227.000 # 1500
46230.000 # 1500
46232.000 # 1500
46234.000 # 1500
46236.000 # 1500
46238.000 # 1500
46241.000 # 1500
46243.000 # 1500
46245.000 # 1500
46245.555 + 88 1
46247.000 # 1500
46248.310 - 88 2.755 1
46249.000 # 1500
46253.000 # 1500
46254.000 # 1500
46257.000 # 1500
46258.000 # 1500
46259.325 + 88 1
46261.000 # 1500
46262.000 # 1500
46262.027 - 88 2.702 1
46265.000 # 1500
46266.000 # 1500
46267.000 # 1500
46271.000 # 1500
46272.000 # 1500
46277.000 # 1500
46278.000 # 1500
46283.538 + 88 1
46290.000 # 1500
46292.289 - 88 8.751 1
46296.200 + 88 1
46297.000 # 1500
46298.000 # 1500
46298.132 - 88 1.932 1
46301.000 # 1500
46302.000 # 1500
46302.000 # 1500
46308.000 # 1500
46308.000 # 1500
46308.635 + 88 1
46309.000 # 1500
46310.721 - 88 2.086 1
46317.000 # 1500
46317.000 # 1500
46317.000 # 1500
46317.000 # 1500
46318.000 # 1500
46319.631 + 88 1
46320.000 # 1500
46321.000 # 1500
46321.414 - 88 1.783 1
46327.000 # 1500
46332.655 + 88 1
46333.000 # 1500
46334.000 # 1500
46335.095 - 88 2.440 1
46337.000 # 1500
46339.224 + 88 1
46340.000 # 1500
46340.930 - 88 1.706 1
46343.000 # 1500
46345.000 # 1500
46347.000 + 88 1
46348.000 # 1500
46348.797 - 88 1.797 1
46349.000 # 1500
46351.000 # 1500
46353.000 # 1500
46355.000 # 1500
46357.000 # 1500
46359.000 # 1500
46361.000 # 1500
46362.435 + 88 1
46362.547 + 88 1
46364.000 # 1500
46364.981 - 88 2.546 1
46365.000 # 1500
46365.004 - 88 2.457 1
46367.000 # 1500
46369.000 # 1500
46372.000 # 1500
46374.000 # 1500
46376.000 # 1500
46377.870 + 88 1
46377.988 + 88 1
46378.000 # 1500
46380.000 # 1500
46380.691 - 88 2.821 1
46380.713 - 88 2.725 1
46382.000 # 1500
46382.862 + 88 1
46385.000 # 1500
46385.540 - 88 2.678 1
46388.000 # 1500
46389.000 # 1500
46391.000 # 1500
46392.936 + 88 1
46394.000 # 1500
46396.000 # 1500
46396.380 - 88 3.444 1
46397.000 # 1500
46399.000 # 1500
46399.465 + 88 1
46402.000 # 1500
46403.000 # 1500
46403.180 - 88 3.715 1
46405.000 # 1500
46407.000 # 1500
46408.000 # 1500
46411.000 # 1500
46412.000 # 1500
46413.082 + 88 1
46415.000 # 1500
46417.000 # 1500
46417.697 - 88 4.615 1
46419.000 # 1500
46419.918 + 88 1
46419.962 + 88 1
46421.000 # 1500
46421.603 - 88 1.685 1
46421.626 - 88 1.664 1
46423.000 # 1500
46427.000 # 1500
46428.000 # 1500
46430.000 # 1500
46432.588 + 88 1
46433.000 # 1500
46435.000 # 1500
46438.000 # 1500
46439.312 - 88 6.724 1
46440.000 # 1500
46441.000 # 1500
46444.000 # 1500
46447.000 # 1500
46449.572 + 88 1
46449.688 + 88 1
46451.000 # 1500
46453.000 # 1500
46457.185 - 88 7.613 1
46457.211 - 88 7.523 1
46458.000 # 1500
46459.512 + 88 1
46460.000 # 1500
46461.140 - 88 1.628 1
46461.505 + 88 1
46462.000 # 1500
46463.047 - 88 1.542 1
46466.000 # 1500
46469.000 # 1500
46469.134 + 88 1
46472.000 # 1500
46472.881 - 88 3.747 1
46475.000 # 1500
46477.000 # 1500
46480.000 # 1500
46482.000 # 1500
46485.000 # 1500
46487.000 # 1500
46489.000 # 1500
46489.560 + 88 1
46489.604 + 88 1
46491.000 # 1500
46492.366 - 88 2.806 1
46492.388 - 88 2.784 1
46493.000 # 1500
46494.455 + 88 1
46495.000 # 1500
46496.143 - 88 1.688 1
46497.000 # 1500
46500.000 # 1500
46502.000 # 1500
46503.381 + 88 1
46505.000 # 1500
46505.872 - 88 2.491 1
46507.000 # 1500
46509.000 # 1500
46511.000 # 1500
46512.847 + 88 1
46513.000 # 1500
46514.655 - 88 1.808 1
46515.000 # 1500
46517.000 # 1500
46518.000 # 1500
46520.000 # 1500
46522.000 # 1500
46526.000 # 1500
46526.000 # 1500
46527.000 # 1500
46527.625 + 88 1
46528.000 # 1500
46529.335 - 88 1.710 1
46530.000 # 1500
46539.264 + 88 1
46540.000 # 1500
46540.947 - 88 1.683 1
46541.000 # 1500
46542.000 # 1500
46542.000 # 1500
46542.000 # 1500
46542.000 # 1500
46544.000 # 1500
46546.000 # 1500
46546.986 + 88 1
46547.000 # 1500
46549.000 # 1500
46549.868 - 88 2.882 1
46551.000 # 1500
46552.000 # 1500
46553.000 # 1500
46553.893 + 88 1
46555.000 # 1500
46555.706 - 88 1.813 1
46556.000 # 1500
46559.633 + 88 1
46566.000 # 1500
46566.000 # 1500
46566.000 # 1500
46566.664 + 88 1
46566.931 - 88 7.298 1
46571.000 # 1500
46571.000 # 1500
46571.000 # 1500
46571.000 # 1500
46572.438 - 88 5.774 1
46572.894 + 88 1
46581.000 # 1500
46581.250 + 88 1
46581.633 - 88 8.739 1
46583.000 # 1500
46584.352 - 88 3.102 1
46585.000 # 1500
46586.000 # 1500
46587.147 + 88 1
46590.000 # 1500
46590.840 - 88 3.693 1
46595.970 + 88 1
46600.288 + 88 1
46601.000 # 1500
46602.000 # 1500
46602.150 - 88 6.180 1
46602.178 - 88 1.890 1
46605.000 # 1500
46606.000 # 1500
46606.000 # 1500
46606.000 # 1500
46606.256 + 88 1
46607.000 # 1500
46608.281 - 88 2.025 1
46610.000 # 1500
46614.000 # 1500
46617.000 # 1500
46619.000 # 1500
46619.938 + 88 1
46620.059 + 88 1
46623.000 # 1500
46623.865 + 88 1
46624.077 - 88 4.139 1
46624.107 - 88 4.048 1
46625.000 # 1500
46625.630 - 88 1.765 1
46628.000 # 1500
46631.000 # 1500
46633.000 # 1500
46637.561 + 88 1
46637.669 + 88 1
46638.000 # 1500
46639.606 - 88 2.045 1
46639.634 - 88 1.965 1
46640.000 # 1500
46641.425 + 88 1
46645.000 # 1500
46647.000 # 1500
46647.173 - 88 5.748 1
46648.445 + 88 1
46649.000 # 1500
46650.028 - 88 1.583 1
46653.000 # 1500
46655.000 # 1500
46657.000 # 1500
46659.233 + 88 1
46661.000 # 1500
46661.779 - 88 2.546 1
46663.000 # 1500
46663.002 + 88 1
46666.000 # 1500
46666.645 - 88 3.643 1
46669.000 # 1500
46671.000 # 1500
46671.735 + 88 1
46674.000 # 1500
46674.614 - 88 2.879 1
46678.000 # 1500
46679.508 + 88 1
46680.000 # 1500
46681.283 - 88 1.775 1
46683.000 # 1500
46686.000 # 1500
46686.317 + 88 1
46689.000 # 1500
46690.081 - 88 3.764 1
46692.000 # 1500
46695.000 # 1500
46696.304 + 88 1
46698.000 # 1500
46698.054 + 88 1
46698.477 - 88 2.173 1
46702.000 # 1500
46703.128 - 88 5.074 1
46704.000 # 1500
46706.000 # 1500
46709.000 # 1500
46712.000 # 1500
46712.063 + 88 1
46716.000 # 1500
46717.000 # 1500
46717.626 - 88 5.563 1
46717.935 + 88 1
46719.604 + 88 1
46720.000 # 1500
46720.179 - 88 2.244 1
46720.201 - 88 0.597 1
46724.000 # 1500
46726.000 # 1500
46728.000 # 1500
46732.000 # 1500
46735.000 # 1500
46737.000 # 1500
46739.284 + 88 1
46740.000 # 1500
46741.012 - 88 1.728 1
46742.000 # 1500
46745.000 # 1500
46747.000 # 1500
46750.000 # 1500
46753.000 # 1500
46758.000 # 1500
46760.619 + 88 1
46760.661 + 88 1
46761.000 # 1500
46762.443 - 88 1.824 1
46762.466 - 88 1.805 1
46763.000 # 1500
46764.524 + 88 1
46765.000 # 1500
46766.434 - 88 1.910 1
46769.000 # 1500
46770.000 # 1500
46773.000 # 1500
46778.000 # 1500
46779.547 + 88 1
46781.000 # 1500
46782.000 # 1500
46782.020 - 88 2.473 1
46785.000 # 1500
46788.000 # 1500
46790.000 # 1500
46794.000 # 1500
46794.796 + 88 1
46797.000 # 1500
46798.605 - 88 3.809 1
46800.000 # 1500
46802.626 + 88 1
46803.000 # 1500
46804.000 # 1500
46804.448 - 88 1.822 1
46806.000 # 1500
46807.522 + 88 1
46808.000 # 1500
46809.371 - 88 1.849 1
46810.000 # 1500
46812.000 # 1500
46814.000 # 1500
46817.000 # 1500
46817.000 # 1500
46818.294 + 88 1
46820.000 # 1500
46821.000 # 1500
46821.021 - 88 2.727 1
46823.000 # 1500
46826.000 # 1500
46827.000 # 1500
46827.965 + 88 1
46831.000 # 1500
46831.000 # 1500
46831.789 - 88 3.824 1
46833.000 # 1500
46835.000 # 1500
46835.765 + 88 1
46837.000 # 1500
46838.712 - 88 2.947 1
46839.000 # 1500
46841.000 # 1500
46843.000 # 1500
46843.833 + 88 1
46845.000 # 1500
46846.517 - 88 2.684 1
46848.000 # 1500
46849.000 # 1500
46853.000 # 1500
46854.000 # 1500
46855.000 # 1500
46857.000 # 1500
46858.000 # 1500
46860.225 + 88 1
46861.000 # 1500
46862.266 - 88 2.041 1
46863.000 # 1500
46865.000 # 1500
46866.000 # 1500
46867.305 + 88 1
46868.000 # 1500
46868.819 - 88 1.514 1
46870.000 # 1500
46872.000 # 1500
46875.000 # 1500
46876.000 # 1500
46876.945 + 88 1
46879.000 # 1500
46879.714 - 88 2.769 1
46880.000 # 1500
46882.000 # 1500
46884.000 # 1500
46886.000 # 1500
46886.452 + 88 1
46888.000 # 1500
46889.443 - 88 2.991 1
46892.000 # 1500
46893.000 # 1500
46894.000 # 1500
46895.366 + 88 1
46896.000 # 1500
46897.098 - 88 1.732 1
46898.000 # 1500
46900.000 # 1500
46903.000 # 1500
46904.000 # 1500
46904.284 + 88 1
46906.000 # 1500
46907.134 - 88 2.850 1
46908.000 # 1500
46909.000 # 1500
46911.000 # 1500
46912.536 + 88 1
46913.000 # 1500
46913.902 - 88 1.366 1
46915.000 # 1500
46916.000 # 1500
46919.000 # 1500
46920.000 # 1500
46920.852 + 88 1
46921.000 # 1500
46921.028 - 88 0.176 1
46923.000 # 1500
46925.000 # 1500
46926.000 # 1500
46928.000 # 1500
46928.610 + 88 1
46930.000 # 1500
46931.548 - 88 2.938 1
46932.000 # 1500
46933.000 # 1500
46936.000 # 1500
46936.507 + 88 1
46939.000 # 1500
46939.000 # 1500
46941.000 # 1500
46943.000 # 1500
46943.318 + 88 1
46943.449 - 88 6.942 1
46945.000 # 1500
46946.000 # 1500
46946.310 - 88 2.992 1
46949.198 + 88 1
46956.000 # 1500
46956.893 - 88 7.695 1
46959.000 # 1500
46959.000 # 1500
46959.000 # 1500
46959.000 # 1500
46959.123 + 88 1
46960.000 # 1500
46960.870 - 88 1.747 1
46961.000 # 1500
46963.000 # 1500
46965.000 # 1500
46967.000 # 1500
46968.000 # 1500
46969.685 + 88 1
46970.000 # 1500
46971.142 - 88 1.457 1
46972.000 # 1500
46974.000 # 1500
46975.000 # 1500
46977.000 # 1500
46979.000 # 1500
46981.000 # 1500
46982.000 # 1500
46984.000 # 1500
46984.562 + 88 1
46985.000 # 1500
46986.268 - 88 1.706 1
46988.000 # 1500
46988.000 # 1500
46989.410 + 88 1
46991.000 # 1500
46992.160 - 88 2.750 1
46993.000 # 1500
46995.000 # 1500
46995.172 + 88 1
46996.000 # 1500
46997.003 - 88 1.831 1
46998.000 # 1500
46999.000 # 1500
47001.000 # 1500
47002.000 # 1500
47002.991 + 88 1
47004.000 # 1500
47004.795 - 88 1.804 1
47005.000 # 1500
47007.000 # 1500
47008.000 # 1500
47011.000 # 1500
47011.691 + 88 1
47012.000 # 1500
47012.224 - 88 0.533 1
47013.000 # 1500
47014.000 # 1500
47016.000 # 1500
47017.000 # 1500
47019.000 # 1500
47020.000 # 1500
47022.000 # 1500
47023.000 # 1500
47026.000 # 1500
47027.295 + 88 1
47028.000 # 1500
47028.865 - 88 1.570 1
47029.000 # 1500
47031.000 # 1500
47032.000 # 1500
47033.000 # 1500
47035.000 # 1500
47036.000 # 1500
47038.000 # 1500
47039.023 + 88 1
47046.163 + 88 1
47047.000 # 1500
47047.000 # 1500
47047.688 - 88 8.665 1
47047.716 - 88 1.553 1
47051.000 # 1500
47051.000 # 1500
47055.000 # 1500
47056.000 # 1500
47056.000 # 1500
47056.330 + 88 1
47061.000 # 1500
47061.000 # 1500
47061.000 # 1500
47061.000 # 1500
47061.000 # 1500
47062.453 - 88 6.123 1
47063.666 + 88 1
47065.000 # 1500
47066.556 - 88 2.890 1
47067.000 # 1500
47069.000 # 1500
47070.000 # 1500
47072.000 # 1500
47074.000 # 1500
47076.000 # 1500
47077.000 # 1500
47077.464 + 88 1
47080.000 # 1500
47080.198 + 88 1
47080.313 - 88 2.849 1
47082.000 # 1500
47082.893 - 88 2.695 1
47083.000 # 1500
47085.000 # 1500
47086.000 # 1500
47089.000 # 1500
47092.024 + 88 1
47096.928 + 88 1
47097.000 # 1500
47097.000 # 1500
47097.194 - 88 5.170 1
47100.000 # 1500
47100.602 + 88 1
47100.736 - 88 3.808 1
47105.000 # 1500
47105.000 # 1500
47105.000 # 1500
47105.000 # 1500
47106.423 - 88 5.821 1
47106.442 + 88 1
47113.000 # 1500
47113.000 # 1500
47114.510 - 88 8.068 1
47119.000 # 1500
47119.000 # 1500
47120.455 + 88 1
47121.000 # 1500
47121.893 - 88 1.438 1
47125.000 # 1500
47125.000 # 1500
47125.000 # 1500
47130.849 + 88 1
47132.000 # 1500
47132.000 # 1500
47132.708 - 88 1.859 1
47133.000 # 1500
47133.000 # 1500
47133.000 # 1500
47134.000 # 1500
47136.000 # 1500
47136.777 + 88 1
47138.000 # 1500
47138.605 - 88 1.828 1
47139.000 # 1500
47141.000 # 1500
47144.000 # 1500
47146.000 # 1500
47147.629 + 88 1
47150.000 # 1500
47151.324 - 88 3.695 1
47153.000 # 1500
47156.000 # 1500
47160.000 # 1500
47163.000 # 1500
47164.000 # 1500
47167.000 # 1500
47170.000 # 1500
47174.000 # 1500
47177.000 # 1500
47177.126 + 88 1
47177.282 + 88 1
47177.335 + 88 1
47178.839 + 88 1
47179.000 # 1500
47179.266 - 88 2.140 1
47179.290 - 88 2.008 1
47179.298 - 88 1.963 1
47183.000 # 1500
47183.680 - 88 4.841 1
47185.000 # 1500
47187.000 # 1500
47192.000 # 1500
47195.000 # 1500
47198.000 # 1500
47202.000 # 1500
47203.000 # 1500
47205.087 + 88 1
47206.000 # 1500
47207.056 - 88 1.969 1
47209.000 # 1500
47212.000 # 1500
47215.000 # 1500
47216.294 + 88 1
47217.000 # 1500
47218.713 - 88 2.419 1
47220.000 # 1500
47220.651 + 88 1
47223.063 + 88 1
47224.000 # 1500
47224.614 - 88 3.963 1
47224.637 - 88 1.574 1
47225.000 # 1500
47228.000 # 1500
47230.000 # 1500
47231.000 # 1500
47234.000 # 1500
47237.245 + 88 1
47239.000 # 1500
47240.051 - 88 2.806 1
47240.286 + 88 1
47247.923 + 88 1
47248.000 # 1500
47248.216 - 88 7.930 1
47250.000 # 1500
47250.000 # 1500
47251.000 # 1500
47251.004 - 88 3.081 1
47256.000 # 1500
47257.000 # 1500
47260.000 # 1500
47261.638 + 88 1
47263.954 + 88 1
47264.000 # 1500
47264.285 - 88 2.647 1
47266.000 # 1500
47266.615 - 88 2.661 1
47269.000 # 1500
47271.000 # 1500
47274.000 # 1500
47278.000 # 1500
47279.000 # 1500
47281.598 + 88 1
47283.000 # 1500
47284.229 - 88 2.631 1
47286.362 + 88 1
47287.000 # 1500
47288.000 # 1500
47288.077 - 88 1.715 1
47292.000 # 1500
47293.348 + 88 1
47300.000 # 1500
47300.695 - 88 7.347 1
47300.786 + 88 1
47303.000 # 1500
47304.000 # 1500
47304.681 - 88 3.895 1
47305.000 # 1500
47308.000 # 1500
47308.000 # 1500
47309.716 + 88 1
47311.000 # 1500
47311.000 # 1500
47312.445 - 88 2.729 1
47313.000 # 1500
47314.000 # 1500
47316.000 # 1500
47317.000 # 1500
47319.000 # 1500
47319.352 + 88 1
47328.000 # 1500
47328.000 # 1500
47328.000 # 1500
47328.000 # 1500
47329.102 - 88 9.750 1
47330.000 # 1500
47331.000 # 1500
47331.963 + 88 1
47333.000 # 1500
47334.000 # 1500
47334.004 - 88 2.041 1
47336.000 # 1500
47336.174 + 88 1
47337.000 # 1500
47337.859 - 88 1.685 1
47340.000 # 1500
47349.000 # 1500
47349.000 # 1500
47349.000 # 1500
47349.000 # 1500
47349.000 # 1500
47349.505 + 88 1
47349.647 + 88 1
47357.000 # 1500
47357.000 # 1500
47357.000 # 1500
47358.000 # 1500
47358.000 # 1500
47358.373 - 88 8.868 1
47358.396 - 88 8.749 1
47359.000 # 1500
47359.383 + 88 1
47368.104 + 88 1
47369.000 # 1500
47369.000 # 1500
47370.096 - 88 10.713 1
47370.120 - 88 2.016 1
47372.000 # 1500
47372.000 # 1500
47374.134 + 88 1
47375.000 # 1500
47375.000 # 1500
47375.945 - 88 1.811 1
47377.000 # 1500
47379.000 # 1500
47382.000 # 1500
47382.886 + 88 1
47388.000 # 1500
47388.701 - 88 5.815 1
47390.000 # 1500
47390.000 # 1500
47390.000 # 1500
47391.731 + 88 1
47400.000 # 1500
47401.349 - 88 9.618 1
47402.000 # 1500
47402.000 # 1500
47402.000 # 1500
47402.000 # 1500
47402.000 # 1500
47402.325 + 88 1
47404.000 # 1500
47405.096 - 88 2.771 1
47406.000 # 1500
47408.000 # 1500
47409.312 + 88 1
47411.000 # 1500
47412.000 # 1500
47412.239 - 88 2.927 1
47413.000 # 1500
47415.000 # 1500
47415.071 + 88 1
47417.000 # 1500
47417.831 - 88 2.760 1
47419.000 # 1500
47422.685 + 88 1
47429.000 # 1500
47429.000 # 1500
47429.000 # 1500
47429.000 # 1500
47429.000 # 1500
47430.000 # 1500
47430.696 - 88 8.011 1
47430.778 + 88 1
47438.508 + 88 1
47440.000 # 1500
47441.399 - 88 10.621 1
47441.420 - 88 2.912 1
47443.251 + 88 1
47446.000 # 1500
47446.000 # 1500
47446.000 # 1500
47446.000 # 1500
47446.000 # 1500
47446.000 # 1500
47447.000 # 1500
47447.207 - 88 3.956 1
47457.842 + 88 1
47458.000 # 1500
47461.000 # 1500
47461.933 - 88 4.091 1
47462.146 + 88 1
47466.927 + 88 1
47473.589 + 88 1
47478.000 # 1500
47478.000 # 1500
47478.000 # 1500
47478.000 # 1500
47478.000 # 1500
47478.000 # 1500
47478.000 # 1500
47478.000 # 1500
47479.000 # 1500
47479.478 - 88 17.332 1
47479.507 - 88 12.580 1
47479.515 - 88 5.926 1
47480.000 # 1500
47483.000 # 1500
47483.000 # 1500
47484.607 + 88 1
47485.000 # 1500
47486.215 - 88 1.608 1
47487.000 # 1500
47488.147 + 88 1
47489.000 # 1500
47489.968 - 88 1.821 1
47490.000 # 1500
47492.000 # 1500
47494.000 # 1500
47495.000 # 1500
47497.000 # 1500
47497.409 + 88 1
47499.000 # 1500
47500.048 - 88 2.639 1
47501.000 # 1500
47503.000 # 1500
47504.000 # 1500
47505.724 + 88 1
47506.000 # 1500
47506.101 - 88 0.377 1
47507.000 # 1500
47511.000 # 1500
47512.676 + 88 1
47513.000 # 1500
47514.000 # 1500
47514.647 - 88 1.971 1
47515.000 # 1500
47516.000 # 1500
47518.000 # 1500
47520.000 # 1500
47521.000 # 1500
47524.000 # 1500
47527.000 # 1500
47530.000 # 1500
47532.016 + 88 1
47533.000 # 1500
47534.119 - 88 2.103 1
47536.000 # 1500
47538.000 # 1500
47540.791 + 88 1
47541.000 # 1500
47542.931 - 88 2.140 1
47544.083 + 88 1
47551.061 + 88 1
47552.000 # 1500
47552.000 # 1500
47552.000 # 1500
47552.657 - 88 8.574 1
47552.679 - 88 1.618 1
47556.917 + 88 1
47557.000 # 1500
47557.131 - 88 0.214 1
47566.170 + 88 1
47573.000 # 1500
47573.000 # 1500
47574.052 - 88 7.882 1
47574.138 + 88 1
47575.000 # 1500
47576.042 - 88 1.904 1
47577.000 # 1500
47578.000 # 1500
47581.000 # 1500
47581.801 + 88 1
47583.000 # 1500
47584.000 # 1500
47584.903 - 88 3.102 1
47586.000 # 1500
47587.000 # 1500
47588.638 + 88 1
47589.000 # 1500
47590.735 - 88 2.097 1
47591.000 # 1500
47592.000 # 1500
47594.000 # 1500
47597.000 # 1500
47598.335 + 88 1
47599.000 # 1500
47600.393 - 88 2.058 1
47601.000 # 1500
47601.000 # 1500
47603.000 # 1500
47605.000 # 1500
47607.000 # 1500
47607.000 # 1500
47607.289 + 88 1
47609.000 # 1500
47610.000 # 1500
47610.045 - 88 2.756 1
47612.000 # 1500
47613.000 # 1500
47615.000 # 1500
47616.000 # 1500
47618.000 # 1500
47621.000 # 1500
47621.000 # 1500
47622.000 # 1500
47627.988 + 88 1
47628.128 + 88 1
47628.179 + 88 1
47631.000 # 1500
47631.758 - 88 3.770 1
47631.787 - 88 3.659 1
47631.803 - 88 3.624 1
47633.651 + 88 1
47638.000 # 1500
47639.936 - 88 6.285 1
47640.102 + 88 1
47642.000 # 1500
47642.000 # 1500
47642.000 # 1500
47643.415 - 88 3.313 1
47647.000 # 1500
47647.000 # 1500
47647.269 + 88 1
47648.000 # 1500
47649.202 - 88 1.933 1
47650.000 # 1500
47652.000 # 1500
47653.258 + 88 1
47654.000 # 1500
47655.000 # 1500
47655.101 - 88 1.843 1
47658.000 # 1500
47659.000 # 1500
47659.971 + 88 1
47661.000 # 1500
47661.916 - 88 1.945 1
47662.000 # 1500
47665.000 # 1500
47667.000 # 1500
47668.000 # 1500
47668.781 + 88 1
47670.000 # 1500
47671.866 - 88 3.085 1
47673.000 # 1500
47673.000 # 1500
47675.000 # 1500
47677.000 # 1500
47679.000 # 1500
47680.000 # 1500
47684.000 # 1500
47687.668 + 88 1
47694.000 # 1500
47694.000 # 1500
47695.000 # 1500
47695.000 # 1500
47695.417 - 88 7.749 1
47697.075 + 88 1
47701.000 # 1500
47701.000 # 1500
47702.121 - 88 5.046 1
47705.000 # 1500
47705.000 # 1500
47705.000 # 1500
47705.000 # 1500
47705.922 + 88 1
47716.000 # 1500
47716.754 - 88 10.832 1
47717.000 # 1500
47717.000 # 1500
47717.000 # 1500
47717.000 # 1500
47720.000 # 1500
47722.000 # 1500
47725.000 # 1500
47726.428 + 88 1
47728.000 # 1500
47728.772 - 88 2.344 1
47731.000 # 1500
47733.000 # 1500
47738.000 # 1500
47740.000 # 1500
47742.000 # 1500
47742.421 + 88 1
47746.000 # 1500
47747.106 - 88 4.685 1
47748.000 # 1500
47751.000 # 1500
47753.000 # 1500
47756.000 # 1500
47759.000 # 1500
47763.000 # 1500
47765.000 # 1500
47767.000 # 1500
47771.000 # 1500
47773.000 # 1500
47775.000 # 1500
47775.159 + 88 1
47778.000 # 1500
47778.695 - 88 3.536 1
47781.000 # 1500
47783.000 # 1500
47786.000 # 1500
47786.000 # 1500
47789.000 # 1500
47790.000 # 1500
47791.000 # 1500
47793.000 # 1500
47794.753 + 88 1
47795.000 # 1500
47796.221 - 88 1.468 1
47797.000 # 1500
47799.000 # 1500
47801.000 # 1500
47802.000 # 1500
47804.000 # 1500
47805.000 # 1500
47807.965 + 88 1
47808.000 # 1500
47810.000 # 1500
47810.682 - 88 2.717 1
47811.000 # 1500
47812.000 # 1500
47814.000 # 1500
47817.000 # 1500
47818.000 # 1500
47819.000 # 1500
47819.174 + 88 1
47821.000 # 1500
47822.106 - 88 2.932 1
47823.000 # 1500
47824.000 # 1500
47826.000 # 1500
47826.296 + 88 1
47828.000 # 1500
47828.896 - 88 2.600 1
47830.000 # 1500
47831.000 # 1500
47833.000 # 1500
47835.000 # 1500
47836.000 # 1500
47837.756 + 88 1
47838.000 # 1500
47838.177 - 88 0.421 1
47840.641 + 88 1
47841.000 # 1500
47842.000 # 1500
47842.760 - 88 2.119 1
47843.000 # 1500
47845.000 # 1500
47847.000 # 1500
47849.409 + 88 1
47857.000 # 1500
47857.000 # 1500
47858.395 - 88 8.986 1
47859.194 + 88 1
47860.000 # 1500
47861.000 # 1500
47861.247 - 88 2.053 1
47863.000 # 1500
47865.000 # 1500
47866.000 # 1500
47868.064 + 88 1
47869.000 # 1500
47870.131 - 88 2.067 1
47872.000 # 1500
47872.000 # 1500
47874.000 # 1500
47877.000 # 1500
47878.000 # 1500
47880.763 + 88 1
47883.000 # 1500
47883.000 # 1500
47883.000 # 1500
47883.742 - 88 2.979 1
47885.000 # 1500
47887.000 # 1500
47889.000 # 1500
47889.533 + 88 1
47891.000 # 1500
47892.000 # 1500
47892.755 - 88 3.222 1
47896.000 # 1500
47897.000 # 1500
47898.000 # 1500
47898.707 + 88 1
47900.000 # 1500
47901.321 - 88 2.614 1
47902.000 # 1500
47903.000 # 1500
47905.000 # 1500
47907.000 # 1500
47909.000 # 1500
47911.000 # 1500
47911.358 + 88 1
47912.000 # 1500
47913.253 - 88 1.895 1
47914.000 # 1500
47916.000 # 1500
47916.812 + 88 1
47917.000 # 1500
47917.029 - 88 0.217 1
47920.000 # 1500
47921.000 # 1500
47922.000 # 1500
47923.525 + 88 1
47924.000 # 1500
47925.559 - 88 2.034 1
47926.000 # 1500
47927.000 # 1500
47928.000 # 1500
47930.000 # 1500
47931.000 # 1500
47933.463 + 88 1
47934.000 # 1500
47935.000 # 1500
47935.434 - 88 1.971 1
47936.000 # 1500
47937.000 # 1500
47939.000 # 1500
47941.000 # 1500
47942.000 # 1500
47945.000 # 1500
47946.000 # 1500
47948.351 + 88 1
47954.259 + 88 1
47956.000 # 1500
47956.753 - 88 8.402 1
47956.784 - 88 2.525 1
47960.000 # 1500
47962.000 # 1500
47962.000 # 1500
47962.885 + 88 1
47967.000 # 1500
47967.000 # 1500
47967.714 - 88 4.829 1
47971.510 + 88 1
47973.000 # 1500
47973.000 # 1500
47973.000 # 1500
47973.000 # 1500
47973.558 - 88 2.048 1
47975.000 # 1500
47977.000 # 1500
47978.000 # 1500
47978.656 + 88 1
47980.000 # 1500
47981.250 - 88 2.594 1
47983.000 # 1500
47984.000 # 1500
47986.000 # 1500
47987.000 # 1500
47989.000 # 1500
47991.000 # 1500
47991.378 + 88 1
47993.000 # 1500
47994.000 # 1500
47994.062 - 88 2.684 1
47996.000 # 1500
47996.034 + 88 1
47999.000 # 1500
48000.812 - 88 4.778 1
48002.000 # 1500
48003.000 # 1500
48005.000 # 1500
48006.000 # 1500
48007.364 + 88 1
48008.000 # 1500
48009.000 # 1500
48009.087 - 88 1.723 1
48009.291 + 88 1
48012.000 # 1500
48012.000 # 1500
48013.042 - 88 3.751 1
48014.000 # 1500
48015.000 # 1500
48017.000 # 1500
48019.000 # 1500
48020.000 # 1500
48021.000 # 1500
48023.891 + 88 1
48024.000 # 1500
48025.000 # 1500
48025.667 - 88 1.776 1
48028.000 # 1500
48028.000 # 1500
48030.000 # 1500
48031.000 # 1500
48033.000 # 1500
48033.673 + 88 1
48035.000 # 1500
48035.567 - 88 1.894 1
48037.000 # 1500
48038.000 # 1500
48040.000 # 1500
48041.000 # 1500
48043.000 # 1500
48043.440 + 88 1
48044.000 # 1500
48045.320 + 88 1
48045.378 - 88 1.938 1
48046.000 # 1500
48047.000 # 1500
48047.274 - 88 1.954 1
48050.194 + 88 1
48051.000 # 1500
48052.000 # 1500
48052.226 - 88 2.032 1
48053.000 # 1500
48055.000 # 1500
48055.986 + 88 1
48066.000 # 1500
48066.000 # 1500
48066.000 # 1500
48066.000 # 1500
48066.000 # 1500
48066.878 - 88 10.892 1
48068.000 # 1500
48068.000 # 1500
48070.000 # 1500
48070.713 + 88 1
48070.787 + 88 1
48072.000 # 1500
48073.710 - 88 2.997 1
48073.732 - 88 2.945 1
48074.000 # 1500
48076.000 # 1500
48077.000 # 1500
48078.000 # 1500
48080.455 + 88 1
48083.451 + 88 1
48088.269 + 88 1
48089.000 # 1500
48089.000 # 1500
48090.000 # 1500
48090.298 - 88 9.843 1
48090.318 - 88 6.867 1
48090.327 - 88 2.058 1
48091.000 # 1500
48091.000 # 1500
48091.000 # 1500
48091.000 # 1500
48096.389 + 88 1
48099.000 # 1500
48100.000 # 1500
48100.037 - 88 3.648 1
48101.000 # 1500
48102.000 # 1500
48103.000 # 1500
48103.000 # 1500
48103.000 # 1500
48106.000 # 1500
48106.918 + 88 1
48107.000 # 1500
48108.000 # 1500
48108.831 - 88 1.913 1
48110.000 # 1500
48112.000 # 1500
48112.745 + 88 1
48114.000 # 1500
48115.000 # 1500
48115.733 - 88 2.988 1
48117.000 # 1500
48117.638 + 88 1
48117.779 + 88 1
48119.000 # 1500
48120.000 # 1500
48120.626 - 88 2.988 1
48120.646 - 88 2.867 1
48123.000 # 1500
48123.000 # 1500
48124.462 + 88 1
48125.000 # 1500
48126.573 - 88 2.111 1
48127.000 # 1500
48128.618 + 88 1
48130.000 # 1500
48130.000 # 1500
48130.390 - 88 1.772 1
48131.000 # 1500
48133.000 # 1500
48134.000 # 1500
48136.000 # 1500
48137.000 # 1500
48139.000 # 1500
48140.000 # 1500
48140.130 + 88 1
48140.184 + 88 1
48142.000 # 1500
48142.979 - 88 2.849 1
48143.009 - 88 2.825 1
48144.000 # 1500
48145.000 # 1500
48145.191 + 88 1
48146.000 # 1500
48146.920 - 88 1.729 1
48148.000 # 1500
48157.653 + 88 1
48159.000 # 1500
48159.000 # 1500
48159.000 # 1500
48159.000 # 1500
48159.000 # 1500
48159.000 # 1500
48159.518 + 88 1
48159.791 - 88 2.138 1
48161.478 + 88 1
48162.000 # 1500
48163.000 # 1500
48163.541 - 88 4.023 1
48163.563 - 88 2.085 1
48165.000 # 1500
48166.000 # 1500
48169.000 # 1500
48170.000 # 1500
48174.000 # 1500
48176.000 # 1500
48177.000 # 1500
48179.000 # 1500
48179.165 + 88 1
48179.224 + 88 1
48181.000 # 1500
48182.125 - 88 2.960 1
48182.296 - 88 3.072 1
48183.000 # 1500
48183.000 # 1500
48185.000 # 1500
48186.000 # 1500
48187.000 # 1500
48188.000 # 1500
48190.130 + 88 1
48197.000 # 1500
48198.726 - 88 8.596 1
48199.000 # 1500
48199.000 # 1500
48199.000 # 1500
48199.000 # 1500
48199.000 # 1500
48201.618 + 88 1
48205.508 + 88 1
48205.570 + 88 1
48205.794 + 88 1
48208.000 # 1500
48208.000 # 1500
48208.000 # 1500
48208.000 # 1500
48209.000 # 1500
48209.605 - 88 7.987 1
48209.627 - 88 4.119 1
48209.635 - 88 4.065 1
48209.641 - 88 3.847 1
48211.000 # 1500
48213.000 # 1500
48215.000 # 1500
48217.000 # 1500
48217.293 + 88 1
48217.440 + 88 1
48219.000 # 1500
48220.000 # 1500
48220.428 - 88 3.135 1
48220.448 - 88 3.008 1
48222.000 # 1500
48223.313 + 88 1
48224.000 # 1500
48225.300 - 88 1.987 1
48226.000 # 1500
48226.546 + 88 1
48227.000 # 1500
48228.104 - 88 1.558 1
48236.000 # 1500
48236.000 # 1500
48236.000 # 1500
48237.000 # 1500
48237.000 # 1500
48238.770 + 88 1
48239.000 # 1500
48240.000 # 1500
48240.210 - 88 1.440 1
48240.363 + 88 1
48242.000 # 1500
48243.684 - 88 3.321 1
48244.000 # 1500
48247.000 # 1500
48248.000 # 1500
48249.000 # 1500
48251.000 # 1500
48252.000 # 1500
48252.708 + 88 1
48252.998 + 88 1
48254.000 # 1500
48254.340 - 88 1.632 1
48254.363 - 88 1.365 1
48255.000 # 1500
48257.000 # 1500
48258.384 + 88 1
48265.396 + 88 1
48266.000 # 1500
48266.000 # 1500
48266.000 # 1500
48266.000 # 1500
48267.000 # 1500
48267.191 - 88 8.807 1
48267.213 - 88 1.817 1
48275.000 # 1500
48275.000 # 1500
48275.000 # 1500
48275.000 # 1500
48275.824 + 88 1
48276.000 # 1500
48277.000 # 1500
48277.516 - 88 1.692 1
48278.000 # 1500
48280.000 # 1500
48282.000 # 1500
48282.814 + 88 1
48283.000 # 1500
48285.000 # 1500
48285.756 - 88 2.942 1
48286.000 # 1500
48287.000 # 1500
48287.120 + 88 1
48289.000 # 1500
48289.693 - 88 2.573 1
48291.000 # 1500
48292.000 # 1500
48294.000 # 1500
48295.000 # 1500
48296.000 # 1500
48297.495 + 88 1
48305.111 + 88 1
48305.252 + 88 1
48306.000 # 1500
48307.199 - 88 9.704 1
48307.222 - 88 2.111 1
48307.231 - 88 1.979 1
48309.000 # 1500
48310.000 # 1500
48311.000 # 1500
48311.000 # 1500
48316.000 # 1500
48317.000 # 1500
48317.851 + 88 1
48317.914 + 88 1
48320.000 # 1500
48320.000 # 1500
48320.000 # 1500
48320.000 # 1500
48321.000 # 1500
48321.609 - 88 3.758 1
48321.630 - 88 3.716 1
48322.000 # 1500
48325.388 + 88 1
48326.000 # 1500
48327.000 # 1500
48327.660 - 88 2.272 1
48328.000 # 1500
48328.091 + 88 1
48330.000 # 1500
48331.644 - 88 3.553 1
48340.338 + 88 1
48341.000 # 1500
48341.000 # 1500
48341.000 # 1500
48342.185 - 88 1.847 1
48342.458 + 88 1
48345.000 # 1500
48345.000 # 1500
48345.000 # 1500
48346.000 # 1500
48346.000 # 1500
48346.241 - 88 3.783 1
48351.308 + 88 1
48351.420 + 88 1
48356.000 # 1500
48358.121 - 88 6.813 1
48358.142 - 88 6.722 1
48361.967 + 88 1
48366.000 # 1500
48366.000 # 1500
48366.000 # 1500
48366.000 # 1500
48366.000 # 1500
48366.000 # 1500
48366.770 - 88 4.803 1
48367.000 # 1500
48367.000 # 1500
48367.000 # 1500
48368.000 # 1500
48368.869 + 88 1
48368.981 + 88 1
48369.000 # 1500
48373.000 # 1500
48373.000 # 1500
48373.597 - 88 4.728 1
48373.618 - 88 4.637 1
48377.654 + 88 1
48377.764 + 88 1
48387.000 # 1500
48387.000 # 1500
48388.295 - 88 10.641 1
48388.316 - 88 10.552 1
48390.000 # 1500
48391.000 # 1500
48391.401 + 88 1
48391.513 + 88 1
48394.000 # 1500
48394.944 - 88 3.543 1
48394.965 - 88 3.452 1
48396.000 # 1500
48397.540 + 88 1
48398.000 # 1500
48399.000 # 1500
48399.939 - 88 2.399 1
48402.018 + 88 1
48411.000 # 1500
48411.000 # 1500
48411.000 # 1500
48411.725 - 88 9.707 1
48412.647 + 88 1
48416.000 # 1500
48417.547 - 88 4.900 1
48419.000 # 1500
48419.549 + 88 1
48419.663 + 88 1
48421.000 # 1500
48421.431 - 88 1.882 1
48421.454 - 88 1.791 1
48424.000 # 1500
48428.000 # 1500
48428.366 + 88 1
48428.478 + 88 1
48434.000 # 1500
48435.574 - 88 7.208 1
48435.605 - 88 7.127 1
48437.000 # 1500
48439.000 # 1500
48441.920 + 88 1
48441.957 + 88 1
48443.000 # 1500
48443.744 - 88 1.824 1
48443.772 - 88 1.815 1
48444.000 # 1500
48445.000 # 1500
48447.000 # 1500
48452.685 + 88 1
48458.000 # 1500
48458.000 # 1500
48458.000 # 1500
48458.000 # 1500
48459.000 # 1500
48459.456 - 88 6.771 1
48461.000 # 1500
48462.000 # 1500
48464.000 # 1500
48465.439 + 88 1
48465.552 + 88 1
48468.000 # 1500
48469.000 # 1500
48469.205 - 88 3.766 1
48469.233 - 88 3.681 1
48470.000 # 1500
48473.000 # 1500
48475.000 # 1500
48476.130 + 88 1
48477.000 # 1500
48477.879 - 88 1.749 1
48478.000 # 1500
48480.737 + 88 1
48490.710 + 88 1
48490.823 + 88 1
48491.000 # 1500
48491.000 # 1500
48491.000 # 1500
48492.542 - 88 11.805 1
48492.572 - 88 1.862 1
48492.587 - 88 1.764 1
48498.000 # 1500
48499.842 + 88 1
48499.957 + 88 1
48503.000 # 1500
48503.000 # 1500
48503.535 - 88 3.693 1
48503.557 - 88 3.600 1
48504.000 # 1500
48506.000 # 1500
48509.000 # 1500
48512.000 # 1500
48512.188 + 88 1
48513.851 + 88 1
48515.000 # 1500
48515.897 - 88 3.709 1
48515.919 - 88 2.068 1
48519.000 # 1500
48525.743 + 88 1
48528.000 # 1500
48528.000 # 1500
48529.000 # 1500
48529.309 - 88 3.566 1
48533.000 # 1500
48537.000 # 1500
48539.000 # 1500
48542.156 + 88 1
48543.000 # 1500
48544.077 - 88 1.921 1
48546.000 # 1500
48549.000 # 1500
48551.375 + 88 1
48552.000 # 1500
48553.743 - 88 2.368 1
48556.000 # 1500
48559.000 # 1500
48563.000 # 1500
48567.000 # 1500
48568.000 # 1500
48574.000 # 1500
48576.000 # 1500
48578.000 # 1500
48581.000 # 1500
48585.000 # 1500
48588.000 # 1500
48590.000 # 1500
48594.000 # 1500
48599.000 # 1500
48600.000 # 1500
48605.000 # 1500
48606.000 # 1500
48608.419 + 88 1
48608.532 + 88 1
48610.000 # 1500
48611.424 - 88 3.005 1
48611.447 - 88 2.915 1
48613.000 # 1500
48617.000 # 1500
48621.000 # 1500
48623.000 # 1500
48627.000 # 1500
48630.000 # 1500
48633.000 # 1500
48638.000 # 1500
48640.000 # 1500
48644.000 # 1500
48645.000 # 1500
48648.000 # 1500
48648.470 + 88 1
48648.586 + 88 1
48648.628 + 88 1
48648.660 + 88 1
48648.692 + 88 1
48649.000 # 1500
48649.056 + 88 1
48649.187 + 88 1
48649.224 + 88 1
48649.255 + 88 1
48649.287 + 88 1
48649.317 - 88 0.847 1
48649.337 - 88 0.751 1
48649.345 - 88 0.717 1
48649.352 - 88 0.692 1
48649.358 - 88 0.666 1
48651.000 # 1500
48652.412 - 88 3.356 1
48652.434 - 88 3.247 1
48652.442 - 88 3.218 1
48652.449 - 88 3.194 1
48652.457 - 88 3.170 1
48653.000 # 1500
48655.000 # 1500
48657.000 # 1500
48659.715 + 88 1
48660.000 # 1500
48661.000 # 1500
48661.392 - 88 1.677 1
48663.000 # 1500
48665.000 # 1500
48667.000 # 1500
48669.000 # 1500
48670.000 # 1500
48670.283 + 88 1
48672.000 # 1500
48672.926 - 88 2.643 1
48675.000 # 1500
48675.753 + 88 1
48676.000 # 1500
48676.086 - 88 0.333 1
48677.000 # 1500
48680.000 # 1500
48685.000 # 1500
48685.000 # 1500
48687.000 # 1500
48688.000 # 1500
48688.584 + 88 1
48692.378 + 88 1
48697.000 # 1500
48698.000 # 1500
48698.236 - 88 9.652 1
48698.261 - 88 5.883 1
48699.000 # 1500
48699.000 # 1500
48699.282 + 88 1
48701.000 # 1500
48702.000 # 1500
48702.177 - 88 2.895 1
48703.000 # 1500
48705.000 # 1500
48706.000 # 1500
48716.000 # 1500
48716.000 # 1500
48720.000 # 1500
48720.000 # 1500
48720.000 # 1500
48726.000 # 1500
48726.000 # 1500
48726.000 # 1500
48733.000 # 1500
48738.000 # 1500
48740.234 + 88 1
48742.000 # 1500
48742.000 # 1500
48742.000 # 1500
48743.185 - 88 2.951 1
48744.000 # 1500
48747.000 # 1500
48750.000 # 1500
48753.000 # 1500
48756.940 + 88 1
48757.079 + 88 1
48757.502 + 88 1
48757.643 + 88 1
48757.695 + 88 1
48757.742 + 88 1
48757.790 + 88 1
48758.000 # 1500
48758.027 - 88 1.087 1
48758.049 - 88 0.970 1
48758.064 - 88 0.562 1
48758.078 - 88 0.435 1
48758.237 + 88 1
48758.374 + 88 1
48761.000 # 1500
48762.642 - 88 4.947 1
48762.670 - 88 4.928 1
48762.684 - 88 4.894 1
48762.698 - 88 4.461 1
48762.712 - 88 4.338 1
48763.000 # 1500
48765.000 # 1500
48767.000 # 1500
48768.927 + 88 1
48770.000 # 1500
48770.587 - 88 1.660 1
48772.000 # 1500
48772.000 # 1500
48774.000 # 1500
48776.000 # 1500
48777.000 # 1500
48777.625 + 88 1
48779.000 # 1500
48780.225 - 88 2.600 1
48781.000 # 1500
48783.000 # 1500
48785.000 # 1500
48786.229 + 88 1
48786.378 + 88 1
48787.000 # 1500
48788.000 # 1500
48788.067 - 88 1.838 1
48788.096 - 88 1.718 1
48790.000 # 1500
48792.000 # 1500
48795.000 # 1500
48796.985 + 88 1
48797.000 # 1500
48797.127 + 88 1
48797.466 + 88 1
48799.000 # 1500
48800.823 - 88 3.838 1
48800.855 - 88 3.728 1
48800.873 - 88 3.407 1
48801.000 # 1500
48802.256 + 88 1
48803.000 # 1500
48804.139 - 88 1.883 1
48805.000 # 1500
48806.000 # 1500
48808.000 # 1500
48809.000 # 1500
48811.000 # 1500
48816.420 + 88 1
48819.404 + 88 1
48819.544 + 88 1
48820.000 # 1500
48820.000 # 1500
48820.000 # 1500
48820.000 # 1500
48820.000 # 1500
48821.330 - 88 4.910 1
48821.358 - 88 1.954 1
48821.373 - 88 1.829 1
48824.335 + 88 1
48829.092 + 88 1
48831.000 # 1500
48831.000 # 1500
48831.000 # 1500
48831.000 # 1500
48831.000 # 1500
48832.134 - 88 7.799 1
48832.154 - 88 3.062 1
48833.000 # 1500
48837.018 + 88 1
48842.000 # 1500
48842.898 - 88 5.880 1
48843.000 # 1500
48845.000 # 1500
48845.000 # 1500
48845.000 # 1500
48845.756 + 88 1
48850.000 # 1500
48850.884 - 88 5.128 1
48855.000 # 1500
48857.000 # 1500
48858.000 # 1500
48858.499 + 88 1
48858.639 + 88 1
48860.000 # 1500
48861.000 # 1500
48861.504 - 88 3.005 1
48861.528 - 88 2.889 1
48868.000 # 1500
48868.000 # 1500
48868.000 # 1500
48868.139 + 88 1
48868.278 + 88 1
48871.000 # 1500
48871.000 # 1500
48872.258 - 88 4.119 1
48872.289 - 88 4.011 1
48873.000 # 1500
48875.000 # 1500
48877.126 + 88 1
48878.944 + 88 1
48879.000 # 1500
48879.408 - 88 2.282 1
48886.765 + 88 1
48886.905 + 88 1
48888.000 # 1500
48888.750 - 88 9.806 1
48888.780 - 88 2.015 1
48888.788 - 88 1.883 1
48890.000 # 1500
48890.000 # 1500
48890.000 # 1500
48895.000 # 1500
48897.000 # 1500
48897.612 + 88 1
48897.757 + 88 1
48900.000 # 1500
48901.481 - 88 3.869 1
48901.505 - 88 3.748 1
48902.397 + 88 1
48903.000 # 1500
48903.901 - 88 1.504 1
48906.000 # 1500
48910.000 # 1500
48913.000 # 1500
48913.110 + 88 1
48914.000 # 1500
48915.127 - 88 2.017 1
48917.000 # 1500
48919.014 + 88 1
48920.000 # 1500
48920.924 - 88 1.910 1
48922.000 # 1500
48924.000 # 1500
48925.993 + 88 1
48926.000 # 1500
48928.000 # 1500
48928.806 - 88 2.813 1
48929.000 # 1500
48931.000 # 1500
48932.074 + 88 1
48934.000 # 1500
48934.000 # 1500
48934.749 - 88 2.675 1
48936.000 # 1500
48937.577 + 88 1
48938.000 # 1500
48939.486 - 88 1.909 1
48941.000 # 1500
48942.000 # 1500
48943.000 # 1500
48944.448 + 88 1
48944.590 + 88 1
48945.000 # 1500
48946.000 # 1500
48946.448 - 88 2.000 1
48946.470 - 88 1.880 1
48949.000 # 1500
48950.000 # 1500
48952.000 # 1500
48957.067 + 88 1
48959.025 + 88 1
48963.000 # 1500
48963.000 # 1500
48963.000 # 1500
48963.000 # 1500
48964.194 - 88 7.127 1
48964.216 - 88 5.191 1
48966.810 + 88 1
48967.000 # 1500
48967.302 - 88 0.492 1
48969.000 # 1500
48972.611 + 88 1
48973.000 # 1500
48974.643 - 88 2.032 1
48975.000 # 1500
48978.000 # 1500
48980.000 # 1500
48981.457 + 88 1
48984.000 # 1500
48985.000 # 1500
48985.735 - 88 4.278 1
48987.000 # 1500
48989.000 # 1500
48989.293 + 88 1
48991.000 # 1500
48992.000 # 1500
48992.275 - 88 2.982 1
48995.000 # 1500
48997.000 # 1500
48997.113 + 88 1
48998.000 # 1500
48999.101 - 88 1.988 1
48999.144 + 88 1
49001.000 # 1500
49001.022 + 88 1
49001.643 - 88 2.499 1
49004.000 # 1500
49005.000 # 1500
49005.002 - 88 3.980 1
49007.000 # 1500
49009.000 # 1500
49012.000 # 1500
49012.000 # 1500
49012.684 + 88 1
49015.000 # 1500
49016.897 - 88 4.213 1
49017.000 # 1500
49017.174 + 88 1
49019.000 # 1500
49020.000 # 1500
49020.506 - 88 3.332 1
49022.000 # 1500
49025.000 # 1500
49026.940 + 88 1
49027.000 # 1500
49028.000 # 1500
49029.433 - 88 2.493 1
49030.000 # 1500
49034.000 # 1500
49036.000 # 1500
49036.244 + 88 1
49037.000 # 1500
49037.604 - 88 1.360 1
49039.000 # 1500
49041.000 # 1500
49044.000 # 1500
49045.066 + 88 1
49045.325 + 88 1
49055.000 # 1500
49055.900 - 88 10.834 1
49055.923 - 88 10.598 1
49056.000 # 1500
49057.081 + 88 1
49060.160 + 88 1
49061.000 # 1500
49061.000 # 1500
49062.566 - 88 5.485 1
49062.588 - 88 2.428 1
49064.702 + 88 1
49073.000 # 1500
49073.000 # 1500
49074.000 # 1500
49074.307 - 88 9.605 1
49077.000 # 1500
49077.000 # 1500
49077.000 # 1500
49077.000 # 1500
49078.000 # 1500
49078.245 + 88 1
49078.510 + 88 1
49079.000 # 1500
49080.162 - 88 1.917 1
49080.184 - 88 1.674 1
49081.000 # 1500
49083.000 # 1500
49083.259 + 88 1
49084.000 # 1500
49085.083 - 88 1.824 1
49086.000 # 1500
49088.000 # 1500
49091.000 # 1500
49091.000 # 1500
49095.000 # 1500
49095.463 + 88 1
49097.000 # 1500
49098.000 # 1500
49098.023 - 88 2.560 1
49100.000 # 1500
49100.069 + 88 1
49112.000 # 1500
49112.000 # 1500
49112.000 # 1500
49112.000 # 1500
49112.000 # 1500
49113.527 - 88 13.458 1
49114.000 # 1500
49115.000 # 1500
49117.000 # 1500
49119.000 # 1500
49122.000 # 1500
49122.000 # 1500
49124.000 # 1500
49126.000 # 1500
49128.000 # 1500
49129.000 # 1500
49131.000 # 1500
49133.000 # 1500
49135.000 # 1500
49138.000 # 1500
49139.000 # 1500
49141.000 # 1500
49144.000 # 1500
49145.000 # 1500
49146.000 # 1500
49148.000 # 1500
49149.000 # 1500
49152.000 # 1500
49152.373 + 88 1
49153.000 # 1500
49154.000 # 1500
49154.464 - 88 2.091 1
49155.000 # 1500
49157.000 # 1500
49158.000 # 1500
49161.000 # 1500
49161.000 # 1500
49163.000 # 1500
49164.000 # 1500
49166.000 # 1500
49167.000 # 1500
49167.460 + 88 1
49167.641 + 88 1
49168.039 + 88 1
49169.000 # 1500
49170.000 # 1500
49170.164 - 88 2.704 1
49170.196 - 88 2.555 1
49170.204 - 88 2.165 1
49179.834 + 88 1
49179.878 + 88 1
49180.000 # 1500
49180.000 # 1500
49180.102 - 88 0.268 1
49183.000 # 1500
49183.000 # 1500
49183.000 # 1500
49183.905 - 88 4.027 1
49184.321 + 88 1
49191.000 # 1500
49191.000 # 1500
49191.000 # 1500
49191.000 # 1500
49191.000 # 1500
49192.553 - 88 8.232 1
49193.000 # 1500
49194.000 # 1500
49197.446 + 88 1
49199.393 + 88 1
49215.901 + 88 1
49216.000 # 1500
49216.000 # 1500
49216.000 # 1500
49216.000 # 1500
49216.337 - 88 18.891 1
49216.360 - 88 16.967 1
49220.840 + 88 1
49226.000 # 1500
49226.000 # 1500
49226.000 # 1500
49226.000 # 1500
49226.772 - 88 10.871 1
49226.793 - 88 5.953 1
49227.000 # 1500
49227.000 # 1500
49227.000 # 1500
49227.000 # 1500
49230.000 # 1500
49232.518 + 88 1
49233.000 # 1500
49234.072 - 88 1.554 1
49235.000 # 1500
49235.692 + 88 1
49238.000 # 1500
49239.424 - 88 3.732 1
49242.000 # 1500
49243.000 # 1500
49246.194 + 88 1
49247.000 # 1500
49248.242 - 88 2.048 1
49249.095 + 88 1
49250.000 # 1500
49251.234 - 88 2.139 1
49253.000 # 1500
49255.000 # 1500
49257.000 # 1500
49260.000 # 1500
49260.977 + 88 1
49261.119 + 88 1
49263.000 # 1500
49264.048 - 88 3.071 1
49264.134 - 88 3.015 1
49265.000 # 1500
49269.000 # 1500
49270.876 + 88 1
49271.000 # 1500
49274.000 # 1500
49274.557 - 88 3.681 1
49276.000 # 1500
49283.228 + 88 1
49286.000 # 1500
49286.000 # 1500
49286.000 # 1500
49287.380 - 88 4.152 1
49287.659 + 88 1
49288.151 + 88 1
49296.000 # 1500
49296.000 # 1500
49296.000 # 1500
49296.000 # 1500
49296.000 # 1500
49297.000 # 1500
49297.085 - 88 9.426 1
49297.107 - 88 8.956 1
49299.000 # 1500
49300.307 + 88 1
49300.445 + 88 1
49305.007 + 88 1
49308.000 # 1500
49308.000 # 1500
49308.000 # 1500
49308.000 # 1500
49308.597 - 88 8.290 1
49308.617 - 88 8.172 1
49308.626 - 88 3.619 1
49310.000 # 1500
49310.000 # 1500
49312.000 # 1500
49316.700 + 88 1
49319.517 + 88 1
49322.000 # 1500
49322.000 # 1500
49323.434 - 88 6.734 1
49323.455 - 88 3.938 1
49327.000 # 1500
49327.000 # 1500
49328.000 # 1500
49328.721 + 88 1
49330.000 # 1500
49331.344 - 88 2.623 1
49333.000 # 1500
49339.028 + 88 1
49345.972 + 88 1
49348.834 + 88 1
49349.000 # 1500
49349.000 # 1500
49349.000 # 1500
49349.000 # 1500
49349.000 # 1500
49349.000 # 1500
49349.000 # 1500
49349.377 - 88 10.349 1
49349.413 - 88 3.441 1
49350.000 # 1500
49350.702 - 88 1.868 1
49352.000 # 1500
49353.000 # 1500
49359.450 + 88 1
49359.590 + 88 1
49366.000 # 1500
49366.000 # 1500
49366.000 # 1500
49366.000 # 1500
49367.000 # 1500
49367.000 # 1500
49368.000 # 1500
49368.342 - 88 8.892 1
49368.365 - 88 8.775 1
49369.000 # 1500
49370.606 + 88 1
49370.742 + 88 1
49371.000 # 1500
49372.182 - 88 1.576 1
49372.205 - 88 1.463 1
49378.964 + 88 1
49379.126 + 88 1
49379.179 + 88 1
49380.000 # 1500
49380.000 # 1500
49380.000 # 1500
49380.833 - 88 1.869 1
49380.855 - 88 1.729 1
49380.862 - 88 1.683 1
49381.000 # 1500
49381.000 # 1500
49381.000 # 1500
49391.000 # 1500
49391.000 # 1500
49391.000 # 1500
49391.000 # 1500
49392.000 # 1500
49392.845 + 88 1
49395.641 + 88 1
49398.548 + 88 1
49402.000 # 1500
49402.000 # 1500
49402.000 # 1500
49402.000 # 1500
49403.532 - 88 10.687 1
49403.554 - 88 7.913 1
49403.563 - 88 5.015 1
49404.000 # 1500
49405.000 # 1500
49407.000 # 1500
49409.000 # 1500
49409.258 + 88 1
49412.000 # 1500
49412.220 + 88 1
49412.592 - 88 3.334 1
49413.000 # 1500
49414.245 - 88 2.025 1
49418.000 # 1500
49420.000 # 1500
49421.593 + 88 1
49422.000 # 1500
49423.000 # 1500
49423.609 - 88 2.016 1
49427.000 # 1500
49428.000 # 1500
49428.407 + 88 1
49430.000 # 1500
49431.000 # 1500
49431.415 - 88 3.008 1
49433.000 # 1500
49433.694 + 88 1
49435.000 # 1500
49436.000 # 1500
49436.387 - 88 2.693 1
49438.000 # 1500
49438.316 + 88 1
49441.000 # 1500
49442.000 # 1500
49442.129 - 88 3.813 1
49447.985 + 88 1
49451.000 # 1500
49451.000 # 1500
49451.000 # 1500
49452.000 # 1500
49452.000 # 1500
49452.070 + 88 1
49452.219 - 88 4.234 1
49454.920 + 88 1
49461.000 # 1500
49461.000 # 1500
49461.000 # 1500
49461.000 # 1500
49461.000 # 1500
49461.000 # 1500
49461.697 - 88 9.627 1
49461.719 - 88 6.799 1
49463.000 # 1500
49464.428 + 88 1
49465.000 # 1500
49465.780 + 88 1
49466.123 - 88 1.695 1
49475.000 # 1500
49476.499 - 88 10.719 1
49477.000 # 1500
49477.000 # 1500
49477.000 # 1500
49478.422 + 88 1
49478.538 + 88 1
49478.572 + 88 1
49482.000 # 1500
49482.000 # 1500
49483.000 # 1500
49483.022 - 88 4.600 1
49483.043 - 88 4.505 1
49483.051 - 88 4.479 1
49485.000 # 1500
49486.000 # 1500
49489.000 # 1500
49490.000 # 1500
49491.000 # 1500
49491.095 + 88 1
49494.344 + 88 1
49495.000 # 1500
49496.772 - 88 5.677 1
49496.796 - 88 2.452 1
49498.000 # 1500
49499.000 # 1500
49500.000 # 1500
49502.000 # 1500
49504.678 + 88 1
49505.000 # 1500
49506.388 - 88 1.710 1
49507.000 # 1500
49507.687 + 88 1
49508.000 # 1500
49509.036 + 88 1
49509.352 - 88 1.665 1
49510.000 # 1500
49510.578 - 88 1.542 1
49515.000 # 1500
49517.000 # 1500
49519.000 # 1500
49520.000 # 1500
49520.346 + 88 1
49522.000 # 1500
49523.000 # 1500
49523.247 - 88 2.901 1
49525.000 # 1500
49527.000 # 1500
49529.000 # 1500
49529.000 # 1500
49531.000 # 1500
49532.000 # 1500
49532.117 + 88 1
49534.000 # 1500
49534.897 - 88 2.780 1
49535.785 + 88 1
49536.000 # 1500
49536.228 - 88 0.443 1
49537.000 # 1500
49538.000 # 1500
49545.606 + 88 1
49545.716 + 88 1
49548.000 # 1500
49548.000 # 1500
49548.189 + 88 1
49548.634 - 88 3.028 1
49548.655 - 88 2.939 1
49549.000 # 1500
49549.000 # 1500
49549.000 # 1500
49549.000 # 1500
49550.000 # 1500
49550.498 - 88 2.309 1
49553.000 # 1500
49553.000 # 1500
49557.331 + 88 1
49558.650 + 88 1
49563.211 + 88 1
49565.000 # 1500
49565.000 # 1500
49565.974 - 88 8.643 1
49565.995 - 88 7.345 1
49566.000 # 1500
49566.000 # 1500
49566.000 # 1500
49566.003 - 88 2.792 1
49572.000 # 1500
49572.000 # 1500
49572.000 # 1500
49572.441 + 88 1
49573.000 # 1500
49574.880 - 88 2.439 1
49578.016 + 88 1
49579.938 + 88 1
49581.000 # 1500
49581.723 - 88 3.707 1
49581.744 - 88 1.806 1
49583.000 # 1500
49583.659 + 88 1
49585.000 # 1500
49585.000 # 1500
49585.000 # 1500
49585.731 - 88 2.072 1
49595.000 # 1500
49595.000 # 1500
49596.956 + 88 1
49598.473 + 88 1
49601.735 + 88 1
49606.000 # 1500
49606.000 # 1500
49606.000 # 1500
49606.000 # 1500
49607.393 - 88 10.437 1
49607.565 - 88 9.092 1
49607.598 - 88 5.863 1
49611.000 # 1500
49611.000 # 1500
49613.153 + 88 1
49613.196 + 88 1
49619.880 + 88 1
49625.000 # 1500
49625.000 # 1500
49625.298 - 88 12.145 1
49625.312 - 88 12.116 1
49625.319 - 88 5.439 1
49625.661 + 88 1
49625.702 + 88 1
49636.979 + 88 1
49637.000 # 1500
49637.000 # 1500
49637.259 - 88 11.598 1
49637.289 - 88 11.587 1
49637.603 + 88 1
49639.000 # 1500
49639.000 # 1500
49639.000 # 1500
49639.000 # 1500
49639.000 # 1500
49639.000 # 1500
49640.837 - 88 3.858 1
49640.860 - 88 3.257 1
49643.765 + 88 1
49645.808 + 88 1
49652.000 # 1500
49653.000 # 1500
49653.000 # 1500
49653.606 - 88 9.841 1
49653.634 - 88 7.826 1
49656.000 # 1500
49656.000 # 1500
49657.000 # 1500
49657.698 + 88 1
49657.854 + 88 1
49658.000 # 1500
49659.456 - 88 1.758 1
49659.480 - 88 1.626 1
49660.000 # 1500
49662.090 + 88 1
49666.143 + 88 1
49671.000 # 1500
49671.000 # 1500
49672.000 # 1500
49672.000 # 1500
49672.136 - 88 10.046 1
49672.158 - 88 6.015 1
49673.000 # 1500
49678.866 + 88 1
49679.202 + 88 1
49686.000 # 1500
49686.000 # 1500
49686.000 # 1500
49686.763 - 88 7.897 1
49686.784 - 88 7.582 1
49688.000 # 1500
49689.000 # 1500
49693.492 + 88 1
49693.943 + 88 1
49698.000 # 1500
49699.514 - 88 6.022 1
49699.535 - 88 5.592 1
49702.395 + 88 1
49704.000 # 1500
49705.354 - 88 2.959 1
49707.225 + 88 1
49711.000 # 1500
49712.109 - 88 4.884 1
49716.426 + 88 1
49717.000 # 1500
49717.982 - 88 1.556 1
49722.331 + 88 1
49725.000 # 1500
49725.741 - 88 3.410 1
49731.000 # 1500
49738.000 # 1500
49741.429 + 88 1
49748.000 # 1500
49749.328 - 88 7.899 1
49749.483 + 88 1
49752.000 # 1500
49753.178 - 88 3.695 1
49754.124 + 88 1
49759.000 # 1500
49760.077 - 88 5.953 1
49764.511 + 88 1
49765.000 # 1500
49766.144 + 88 1
49766.285 - 88 1.774 1
49773.000 # 1500
49773.696 - 88 7.552 1
49776.618 + 88 1
49780.000 # 1500
49781.502 - 88 4.884 1
49786.000 # 1500
49788.681 + 88 1
49788.969 + 88 1
49793.000 # 1500
49794.241 - 88 5.560 1
49794.271 - 88 5.302 1
49798.956 + 88 1
49801.000 # 1500
49802.029 - 88 3.073 1
49804.937 + 88 1
49806.989 + 88 1
49808.000 # 1500
49808.718 - 88 3.781 1
49808.739 - 88 1.750 1
49813.000 # 1500
49821.000 # 1500
49825.516 + 88 1
49825.778 + 88 1
49828.000 # 1500
49828.356 - 88 2.840 1
49828.378 - 88 2.600 1
49834.000 # 1500
49836.470 + 88 1
49839.197 + 88 1
49841.000 # 1500
49841.912 - 88 5.442 1
49841.933 - 88 2.736 1
49846.122 + 88 1
49848.000 # 1500
49849.006 - 88 2.884 1
49855.000 # 1500
49856.922 + 88 1
49860.747 + 88 1
49864.000 # 1500
49865.540 + 88 1
49865.547 - 88 8.625 1
49865.571 - 88 4.824 1
49866.000 # 1500
49867.405 - 88 1.865 1
49871.000 # 1500
49873.000 # 1500
49876.000 # 1500
49878.109 + 88 1
49878.435 + 88 1
49880.000 # 1500
49881.121 - 88 3.012 1
49881.141 - 88 2.706 1
49884.000 # 1500
49888.837 + 88 1
49890.000 # 1500
49890.509 + 88 1
49890.623 - 88 1.786 1
49896.000 # 1500
49896.741 - 88 6.232 1
49898.741 + 88 1
49902.575 + 88 1
49903.000 # 1500
49904.548 - 88 5.807 1
49904.574 - 88 1.999 1
49905.074 + 88 1
49908.000 # 1500
49909.503 - 88 4.429 1
49917.000 # 1500
49917.724 + 88 1
49919.874 + 88 1
49922.000 # 1500
49922.489 - 88 4.765 1
49922.511 - 88 2.637 1
49927.000 # 1500
49929.000 # 1500
49933.000 # 1500
49938.000 # 1500
49938.192 + 88 1
49938.686 + 88 1
49942.000 # 1500
49942.327 + 88 1
49942.756 - 88 4.564 1
49942.782 - 88 4.096 1
49945.000 # 1500
49946.884 - 88 4.557 1
49949.000 # 1500
49953.000 # 1500
49954.779 + 88 1
49960.000 # 1500
49961.593 - 88 6.814 1
49962.573 + 88 1
49963.000 # 1500
49964.450 - 88 1.877 1
49966.000 # 1500
49967.468 + 88 1
49969.000 # 1500
49970.268 - 88 2.800 1
49974.000 # 1500
49977.000 # 1500
49977.230 + 88 1
49979.406 + 88 1
49982.000 # 1500
49983.118 - 88 5.888 1
49983.153 - 88 3.747 1
49983.415 + 88 1
49986.000 # 1500
49987.104 - 88 3.689 1
49990.000 # 1500
49993.000 # 1500
49997.679 + 88 1
49998.000 # 1500
49999.839 - 88 2.160 1
50000.021 + 88 1
50001.000 # 1500
50001.553 - 88 1.532 1
50004.000 # 1500
50008.000 # 1500
50012.392 + 88 1
50019.000 # 1500
50019.000 # 1500
50019.103 + 88 1
50019.548 - 88 7.156 1
50021.000 # 1500
50022.000 # 1500
50022.332 - 88 3.229 1
50024.000 # 1500
50032.068 + 88 1
50036.000 # 1500
50036.686 + 88 1
50036.789 - 88 4.721 1
50038.000 # 1500
50039.476 - 88 2.790 1
50040.000 # 1500
50040.000 # 1500
50041.000 # 1500
50045.000 # 1500
50048.720 + 88 1
50049.000 # 1500
50050.183 - 88 1.463 1
50052.000 # 1500
50056.000 # 1500
50056.828 + 88 1
50059.000 # 1500
50059.405 - 88 2.577 1
50063.000 # 1500
50063.130 + 88 1
50067.000 # 1500
50067.888 - 88 4.758 1
50068.600 + 88 1
50071.000 # 1500
50072.642 - 88 4.042 1
50075.000 # 1500
50078.000 # 1500
50079.050 + 88 1
50082.000 # 1500
50082.693 - 88 3.643 1
50084.956 + 88 1
50088.000 # 1500
50088.288 - 88 3.332 1
50091.000 # 1500
50094.000 # 1500
50096.526 + 88 1
50097.000 # 1500
50098.023 - 88 1.497 1
50099.487 + 88 1
50100.000 # 1500
50101.023 - 88 1.536 1
50104.000 # 1500
50105.109 + 88 1
50107.000 # 1500
50108.016 - 88 2.907 1
50110.000 # 1500
50115.000 # 1500
50116.443 + 88 1
50117.000 # 1500
50118.581 - 88 2.138 1
50120.000 # 1500
50122.667 + 88 1
50124.000 # 1500
50125.372 - 88 2.705 1
50128.000 # 1500
50131.000 # 1500
50131.471 + 88 1
50136.000 # 1500
50136.678 + 88 1
50137.039 - 88 5.568 1
50140.000 # 1500
50140.409 - 88 3.731 1
50143.000 # 1500
50144.160 + 88 1
50147.000 # 1500
50147.870 - 88 3.710 1
50149.271 + 88 1
50150.000 # 1500
50150.796 - 88 1.525 1
50153.000 # 1500
50157.000 # 1500
50159.742 + 88 1
50160.180 + 88 1
50161.000 # 1500
50161.697 - 88 1.955 1
50161.720 - 88 1.540 1
50164.000 # 1500
50168.000 # 1500
50169.882 + 88 1
50172.000 # 1500
50173.832 - 88 3.950 1
50175.000 # 1500
50180.834 + 88 1
50184.484 + 88 1
50185.000 # 1500
50186.455 - 88 5.621 1
50186.478 - 88 1.994 1
50191.000 # 1500
50191.000 # 1500
50195.000 # 1500
50196.792 + 88 1
50199.000 # 1500
50200.136 - 88 3.344 1
50200.231 + 88 1
50202.000 # 1500
50202.616 - 88 2.385 1
50205.000 # 1500
50208.569 + 88 1
50210.000 # 1500
50211.008 - 88 2.439 1
50214.000 # 1500
50218.000 # 1500
50222.624 + 88 1
50223.000 # 1500
50225.117 - 88 2.493 1
50227.000 # 1500
50227.170 + 88 1
50231.000 # 1500
50231.463 - 88 4.293 1
50234.000 # 1500
50237.000 # 1500
50240.008 + 88 1
50241.000 # 1500
50241.455 + 88 1
50241.619 - 88 1.611 1
50244.000 # 1500
50244.933 - 88 3.478 1
50247.000 # 1500
50251.000 # 1500
50254.000 # 1500
50254.418 + 88 1
50257.000 # 1500
50258.241 - 88 3.823 1
50258.591 + 88 1
50258.674 + 88 1
50261.000 # 1500
50262.144 - 88 3.553 1
50262.171 - 88 3.497 1
50264.000 # 1500
50266.043 + 88 1
50267.000 # 1500
50267.975 - 88 1.932 1
50271.000 # 1500
50274.000 # 1500
50277.000 # 1500
50281.000 # 1500
50284.000 # 1500
50287.000 # 1500
50287.540 + 88 1
50292.000 # 1500
50292.473 - 88 4.933 1
50296.000 # 1500
50299.000 # 1500
50301.311 + 88 1
50301.446 + 88 1
50303.000 # 1500
50304.066 - 88 2.755 1
50304.095 - 88 2.649 1
50306.000 # 1500
50309.000 # 1500
50313.000 # 1500
50313.285 + 88 1
50316.000 # 1500
50316.915 - 88 3.630 1
50320.000 # 1500
50320.163 + 88 1
50320.275 + 88 1
50325.000 # 1500
50325.735 - 88 5.572 1
50325.736 + 88 1
50325.755 - 88 5.480 1
50328.000 # 1500
50329.661 - 88 3.925 1
50331.000 # 1500
50335.000 # 1500
50335.968 + 88 1
50338.000 # 1500
50338.356 + 88 1
50338.640 - 88 2.672 1
50341.000 # 1500
50342.490 - 88 4.134 1
50345.275 + 88 1
50346.000 # 1500
50347.250 - 88 1.975 1
50350.000 # 1500
50352.000 # 1500
50356.000 # 1500
50357.986 + 88 1
50359.000 # 1500
50360.058 - 88 2.072 1
50362.000 # 1500
50364.103 + 88 1
50366.000 # 1500
50366.712 - 88 2.609 1
50367.485 + 88 1
50369.000 # 1500
50369.630 - 88 2.145 1
50372.000 # 1500
50376.000 # 1500
50379.000 # 1500
50380.673 + 88 1
50382.000 # 1500
50383.334 - 88 2.661 1
50385.304 + 88 1
50386.000 # 1500
50387.335 - 88 2.031 1
50389.000 # 1500
50392.000 # 1500
50396.000 # 1500
50399.000 # 1500
50400.160 + 88 1
50402.000 # 1500
50402.975 - 88 2.815 1
50406.000 # 1500
50409.000 # 1500
50409.785 + 88 1
50412.000 # 1500
50412.739 - 88 2.954 1
50414.559 + 88 1
50417.000 # 1500
50418.730 - 88 4.171 1
50418.742 + 88 1
50420.000 # 1500
50421.440 - 88 2.698 1
50423.000 # 1500
50428.000 # 1500
50428.219 + 88 1
50431.000 # 1500
50432.239 - 88 4.020 1
50435.000 # 1500
50438.000 # 1500
50438.231 + 88 1
50441.000 # 1500
50441.895 - 88 3.664 1
50444.000 # 1500
50444.154 + 88 1
50448.000 # 1500
50448.854 - 88 4.700 1
50451.000 # 1500
50454.603 + 88 1
50455.000 # 1500
50456.797 - 88 2.194 1
50456.812 + 88 1
50458.000 # 1500
50459.474 - 88 2.662 1
50462.000 # 1500
50466.000 # 1500
50468.272 + 88 1
50469.000 # 1500
50469.612 - 88 1.340 1
50474.000 # 1500
50476.000 # 1500
50479.072 + 88 1
50480.000 # 1500
50480.980 - 88 1.908 1
50483.000 # 1500
50486.000 # 1500
50486.979 + 88 1
50487.026 + 88 1
50489.000 # 1500
50489.974 - 88 2.995 1
50489.994 - 88 2.968 1
50495.000 # 1500
50498.000 # 1500
50499.453 + 88 1
50500.796 + 88 1
50503.000 # 1500
50504.464 - 88 5.011 1
50504.485 - 88 3.689 1
50513.000 # 1500
50513.000 # 1500
50514.000 # 1500
50514.587 + 88 1
50517.241 + 88 1
50519.000 # 1500
50520.260 - 88 5.673 1
50520.289 - 88 3.048 1
50523.000 # 1500
50528.000 # 1500
50529.000 # 1500
50532.000 # 1500
50537.000 # 1500
50539.000 # 1500
50544.000 # 1500
50544.510 + 88 1
50544.620 + 88 1
50547.000 # 1500
50548.324 - 88 3.814 1
50548.346 - 88 3.726 1
50550.000 # 1500
50550.392 + 88 1
50550.502 + 88 1
50554.000 # 1500
50555.235 - 88 4.843 1
50555.256 - 88 4.754 1
50558.000 # 1500
50559.262 + 88 1
50561.000 # 1500
50561.845 - 88 2.583 1
50563.000 # 1500
50567.000 # 1500
50568.000 # 1500
50569.968 + 88 1
50570.000 # 1500
50570.081 + 88 1
50572.000 # 1500
50572.908 - 88 2.940 1
50572.929 - 88 2.848 1
50575.000 # 1500
50576.000 # 1500
50578.000 # 1500
50578.376 + 88 1
50580.000 # 1500
50580.771 + 88 1
50581.245 - 88 2.869 1
50584.000 # 1500
50585.000 # 1500
50585.026 - 88 4.255 1
50587.000 # 1500
50589.000 # 1500
50591.000 # 1500
50592.659 + 88 1
50593.000 # 1500
50594.379 - 88 1.720 1
50595.000 # 1500
50597.000 # 1500
50597.874 + 88 1
50599.000 # 1500
50600.111 - 88 2.237 1
50601.000 # 1500
50601.428 + 88 1
50605.000 # 1500
50606.000 # 1500
50606.011 - 88 4.583 1
50608.000 # 1500
50610.000 # 1500
50613.000 # 1500
50613.004 + 88 1
50615.000 # 1500
50616.000 # 1500
50616.043 - 88 3.039 1
50616.781 + 88 1
50627.000 # 1500
50628.493 - 88 11.712 1
50628.815 + 88 1
50631.000 # 1500
50631.527 - 88 2.712 1
50632.000 # 1500
50632.000 # 1500
50634.478 + 88 1
50637.000 # 1500
50638.060 - 88 3.582 1
50638.363 + 88 1
50640.000 # 1500
50640.805 - 88 2.442 1
50644.000 # 1500
50653.000 # 1500
50653.956 + 88 1
50655.000 # 1500
50655.000 # 1500
50655.000 # 1500
50655.926 - 88 1.970 1
50655.992 + 88 1
50656.000 # 1500
50658.000 # 1500
50658.595 - 88 2.603 1
50661.000 # 1500
50661.772 + 88 1
50662.000 # 1500
50663.749 - 88 1.977 1
50663.984 + 88 1
50667.000 # 1500
50668.510 - 88 4.526 1
50668.699 + 88 1
50671.000 # 1500
50672.240 - 88 3.541 1
50674.000 # 1500
50678.000 # 1500
50680.357 + 88 1
50684.000 # 1500
50685.011 - 88 4.654 1
50690.992 + 88 1
50694.978 + 88 1
50700.628 + 88 1
50707.000 # 1500
50708.000 # 1500
50708.473 - 88 17.481 1
50708.500 - 88 13.522 1
50708.514 - 88 7.886 1
50710.000 # 1500
50710.393 + 88 1
50712.000 # 1500
50713.551 - 88 3.158 1
50716.000 # 1500
50717.469 + 88 1
50718.000 # 1500
50719.108 - 88 1.639 1
50720.000 # 1500
50723.000 # 1500
50725.838 + 88 1
50727.000 # 1500
50727.523 - 88 1.685 1
50732.000 # 1500
50733.985 + 88 1
50735.000 # 1500
50735.431 - 88 1.446 1
50738.000 # 1500
50742.242 + 88 1
50743.000 # 1500
50744.148 - 88 1.906 1
50745.000 # 1500
50747.000 # 1500
50751.342 + 88 1
50757.000 # 1500
50757.942 - 88 6.600 1
50758.057 + 88 1
50761.000 # 1500
50761.000 # 1500
50761.000 # 1500
50761.000 # 1500
50761.000 # 1500
50761.793 - 88 3.736 1
50766.000 # 1500
50775.000 # 1500
50775.533 + 88 1
50778.000 # 1500
50778.938 + 88 1
50779.126 - 88 3.593 1
50780.000 # 1500
50780.537 - 88 1.599 1
50791.349 + 88 1
50796.000 # 1500
50796.000 # 1500
50796.000 # 1500
50797.061 - 88 5.712 1
50798.991 + 88 1
50799.000 # 1500
50802.902 + 88 1
50817.280 + 88 1
50830.307 + 88 1
50843.000 # 1500
50843.808 - 88 44.817 1
50843.837 - 88 40.935 1
50843.853 - 88 26.573 1
50843.867 - 88 13.560 1
50855.000 # 1500
50857.646 + 88 1
50860.208 + 88 1
50862.000 # 1500
50862.529 - 88 4.883 1
50862.542 - 88 2.334 1
50862.845 + 88 1
50870.000 # 1500
50870.459 - 88 7.614 1
50876.529 + 88 1
50882.358 + 88 1
50887.000 # 1500
50888.261 - 88 11.732 1
50888.283 - 88 5.925 1
50893.000 # 1500
50893.797 + 88 1
50897.000 # 1500
50898.638 - 88 4.841 1
50900.000 # 1500
50907.000 # 1500
50911.648 + 88 1
50912.000 # 1500
50913.330 - 88 1.682 1
50917.000 # 1500
50917.151 + 88 1
50923.000 # 1500
50924.024 - 88 6.873 1
50926.000 # 1500
50927.514 + 88 1
50930.000 # 1500
50931.962 - 88 4.448 1
50934.000 # 1500
50937.000 # 1500
50942.000 # 1500
50944.000 # 1500
50947.000 # 1500
50952.000 # 1500
50955.000 # 1500
50957.298 + 88 1
50957.412 + 88 1
50958.000 # 1500
50959.139 - 88 1.841 1
50959.174 - 88 1.762 1
50965.000 # 1500
50968.000 # 1500
50973.000 # 1500
50976.000 # 1500
50976.994 + 88 1
50979.951 + 88 1
50981.000 # 1500
50981.664 - 88 4.670 1
50981.687 - 88 1.736 1
50986.000 # 1500
50989.433 + 88 1
50993.000 # 1500
50994.336 - 88 4.903 1
50998.000 # 1500
50998.238 + 88 1
51005.000 # 1500
51005.196 + 88 1
51005.772 - 88 7.534 1
51011.000 # 1500
51012.139 - 88 6.943 1
51017.000 # 1500
51018.992 + 88 1
51022.000 # 1500
51022.642 + 88 1
51022.754 - 88 3.762 1
51028.000 # 1500
51029.704 + 88 1
51029.773 - 88 7.131 1
51037.234 + 88 1
51040.683 + 88 1
51041.000 # 1500
51041.000 # 1500
51042.256 - 88 12.552 1
51042.285 - 88 5.051 1
51042.294 - 88 1.611 1
51044.000 # 1500
51046.000 # 1500
51046.455 + 88 1
51049.000 # 1500
51049.972 - 88 3.517 1
51052.000 # 1500
51052.347 + 88 1
51056.000 # 1500
51056.969 - 88 4.622 1
51058.713 + 88 1
51059.000 # 1500
51060.379 - 88 1.666 1
51063.000 # 1500
51063.683 + 88 1
51068.000 # 1500
51069.680 - 88 5.997 1
51071.000 # 1500
51075.373 + 88 1
51077.379 + 88 1
51079.743 + 88 1
51080.000 # 1500
51080.000 # 1500
51080.221 - 88 4.848 1
51080.243 - 88 2.864 1
51080.252 - 88 0.509 1
51083.000 # 1500
51086.182 + 88 1
51087.000 # 1500
51088.068 - 88 1.886 1
51092.000 # 1500
51096.909 + 88 1
51100.234 + 88 1
51100.360 + 88 1
51103.000 # 1500
51104.019 - 88 7.110 1
51104.040 - 88 3.806 1
51104.047 - 88 3.687 1
51106.979 + 88 1
51108.000 # 1500
51108.636 - 88 1.657 1
51111.000 # 1500
51114.000 # 1500
51117.000 # 1500
51117.425 + 88 1
51117.540 + 88 1
51120.000 # 1500
51121.447 + 88 1
51121.455 - 88 4.030 1
51121.479 - 88 3.939 1
51123.000 # 1500
51124.391 - 88 2.944 1
51126.000 # 1500
51126.207 + 88 1
51129.000 # 1500
51130.109 - 88 3.902 1
51132.000 # 1500
51135.000 # 1500
51136.588 + 88 1
51137.000 # 1500
51138.933 - 88 2.345 1
51139.154 + 88 1
51140.176 + 88 1
51141.000 # 1500
51141.791 - 88 2.637 1
51141.813 - 88 1.637 1
51144.000 # 1500
51146.182 + 88 1
51148.000 # 1500
51148.797 - 88 2.615 1
51151.000 # 1500
51154.000 # 1500
51156.977 + 88 1
51157.102 + 88 1
51159.967 + 88 1
51166.000 # 1500
51166.092 + 88 1
51166.868 - 88 9.891 1
51166.890 - 88 9.788 1
51166.899 - 88 6.932 1
51168.000 # 1500
51169.000 # 1500
51169.157 - 88 3.065 1
51173.000 # 1500
51177.889 + 88 1
51180.244 + 88 1
51186.000 # 1500
51186.784 - 88 8.895 1
51186.807 - 88 6.563 1
51188.000 # 1500
51188.000 # 1500
51189.000 # 1500
51192.000 # 1500
51192.595 + 88 1
51195.000 # 1500
51196.437 - 88 3.842 1
51197.000 # 1500
51197.599 + 88 1
51197.712 + 88 1
51200.000 # 1500
51200.306 + 88 1
51200.839 - 88 3.240 1
51200.860 - 88 3.148 1
51203.000 # 1500
51204.209 - 88 3.903 1
51205.755 + 88 1
51207.000 # 1500
51208.207 - 88 2.452 1
51209.000 # 1500
51213.000 # 1500
51216.000 # 1500
51216.871 + 88 1
51219.000 # 1500
51219.030 + 88 1
51219.415 - 88 2.544 1
51222.000 # 1500
51222.899 - 88 3.869 1
51223.301 + 88 1
51224.000 # 1500
51224.981 - 88 1.680 1
51228.000 # 1500
51231.000 # 1500
51235.000 # 1500
51235.554 + 88 1
51239.000 # 1500
51240.448 - 88 4.894 1
51246.307 + 88 1
51248.000 # 1500
51248.000 # 1500
51248.000 # 1500
51249.186 - 88 2.879 1
51251.000 # 1500
51256.000 # 1500
51256.959 + 88 1
51259.000 # 1500
51260.172 + 88 1
51260.215 + 88 1
51260.373 - 88 3.414 1
51263.000 # 1500
51263.862 - 88 3.690 1
51263.884 - 88 3.669 1
51267.000 # 1500
51270.000 # 1500
51273.000 # 1500
51275.646 + 88 1
51277.000 # 1500
51277.427 - 88 1.781 1
51286.288 + 88 1
51288.000 # 1500
51288.000 # 1500
51289.251 - 88 2.963 1
51296.000 # 1500
51296.000 # 1500
51297.000 # 1500
51298.093 + 88 1
51298.135 + 88 1
51300.000 # 1500
51300.764 - 88 2.671 1
51300.787 - 88 2.652 1
51302.000 # 1500
51302.081 + 88 1
51305.000 # 1500
51305.780 - 88 3.699 1
51308.000 # 1500
51309.828 + 88 1
51312.000 # 1500
51313.665 - 88 3.837 1
51315.617 + 88 1
51319.000 # 1500
51320.431 + 88 1
51320.478 - 88 4.861 1
51323.000 # 1500
51324.411 - 88 3.980 1
51328.000 # 1500
51332.000 # 1500
51334.000 # 1500
51337.000 # 1500
51339.090 + 88 1
51340.000 # 1500
51340.979 - 88 1.889 1
51341.428 + 88 1
51343.000 # 1500
51344.878 - 88 3.450 1
51347.000 # 1500
51349.000 # 1500
51352.000 # 1500
51355.914 + 88 1
51356.000 # 1500
51358.000 # 1500
51358.657 + 88 1
51358.699 + 88 1
51358.841 - 88 2.927 1
51360.000 # 1500
51360.561 + 88 1
51361.054 - 88 2.397 1
51361.070 - 88 2.371 1
51366.000 # 1500
51366.517 - 88 5.956 1
51369.000 # 1500
51370.330 + 88 1
51372.000 # 1500
51373.093 - 88 2.763 1
51374.579 + 88 1
51375.000 # 1500
51376.086 - 88 1.507 1
51378.000 # 1500
51379.269 + 88 1
51381.000 # 1500
51381.483 + 88 1
51381.958 - 88 2.689 1
51383.052 + 88 1
51385.998 + 88 1
51391.000 # 1500
51392.752 - 88 11.269 1
51392.773 - 88 9.721 1
51392.781 - 88 6.783 1
51395.000 # 1500
51395.000 # 1500
51395.000 # 1500
51397.344 + 88 1
51401.723 + 88 1
51401.832 + 88 1
51403.000 # 1500
51403.315 - 88 5.971 1
51403.334 - 88 1.611 1
51403.342 - 88 1.510 1
51406.000 # 1500
51411.382 + 88 1
51414.714 + 88 1
51415.000 # 1500
51416.000 # 1500
51416.000 # 1500
51416.000 # 1500
51416.000 # 1500
51416.275 - 88 4.893 1
51416.296 - 88 1.582 1
51419.000 # 1500
51420.000 # 1500
51424.000 # 1500
51426.286 + 88 1
51428.000 # 1500
51429.042 - 88 2.756 1
51431.000 # 1500
51434.000 # 1500
51436.000 # 1500
51439.000 # 1500
51441.658 + 88 1
51441.768 + 88 1
51442.000 # 1500
51442.143 - 88 0.485 1
51442.474 + 88 1
51442.582 + 88 1
51444.000 # 1500
51445.544 + 88 1
51445.744 - 88 3.976 1
51445.764 - 88 3.290 1
51445.772 - 88 3.190 1
51446.000 # 1500
51447.373 - 88 1.829 1
51448.000 # 1500
51450.000 # 1500
51452.000 # 1500
51453.000 # 1500
51455.000 # 1500
51456.507 + 88 1
51458.000 # 1500
51459.000 # 1500
51459.068 - 88 2.561 1
51460.000 # 1500
51460.297 + 88 1
51462.000 # 1500
51463.023 - 88 2.726 1
51465.993 + 88 1
51466.000 # 1500
51468.000 # 1500
51468.126 + 88 1
51468.720 - 88 2.727 1
51471.000 # 1500
51471.869 - 88 3.743 1
51474.000 # 1500
51476.000 # 1500
51476.998 + 88 1
51480.000 # 1500
51480.595 - 88 3.597 1
51482.660 + 88 1
51482.703 + 88 1
51485.530 + 88 1
51486.000 # 1500
51487.853 - 88 5.193 1
51487.877 - 88 5.174 1
51487.886 - 88 2.356 1
51495.000 # 1500
51496.894 + 88 1
51497.010 + 88 1
51498.421 + 88 1
51502.953 + 88 1
51506.000 # 1500
51507.025 - 88 10.131 1
51507.046 - 88 10.036 1
51507.054 - 88 8.633 1
51507.060 - 88 4.107 1
51513.792 + 88 1
51516.000 # 1500
51516.947 - 88 3.155 1
51517.444 + 88 1
51523.000 # 1500
51524.003 + 88 1
51524.220 - 88 6.776 1
51530.805 + 88 1
51533.000 # 1500
51533.416 - 88 9.413 1
51533.438 - 88 2.633 1
51539.197 + 88 1
51540.000 # 1500
51541.000 # 1500
51541.213 - 88 2.016 1
51545.000 # 1500
51546.000 # 1500
51547.084 + 88 1
51548.000 # 1500
51548.867 - 88 1.783 1
51552.000 # 1500
51554.000 # 1500
51558.000 # 1500
51560.000 # 1500
51561.355 + 88 1
51561.468 + 88 1
51561.718 + 88 1
51562.000 # 1500
51563.667 - 88 2.312 1
51563.689 - 88 2.221 1
51563.696 - 88 1.978 1
51566.000 # 1500
51569.000 # 1500
51571.905 + 88 1
51575.000 # 1500
51576.441 - 88 4.536 1
51576.669 + 88 1
51582.090 + 88 1
51583.000 # 1500
51584.063 - 88 7.394 1
51584.084 - 88 1.994 1
51585.000 # 1500
51587.000 # 1500
51592.000 # 1500
51593.000 # 1500
51596.000 # 1500
51600.000 # 1500
51603.000 # 1500
51607.000 # 1500
51609.000 # 1500
51609.431 + 88 1
51611.435 + 88 1
51614.000 # 1500
51614.943 - 88 5.512 1
51614.965 - 88 3.530 1
51616.000 # 1500
51619.517 + 88 1
51628.000 # 1500
51629.089 - 88 9.572 1
51630.267 + 88 1
51631.000 # 1500
51631.922 - 88 1.655 1
51635.125 + 88 1
51636.000 # 1500
51636.782 - 88 1.657 1
51638.000 # 1500
51640.041 + 88 1
51641.000 # 1500
51641.787 - 88 1.746 1
51645.000 # 1500
51646.857 + 88 1
51647.000 # 1500
51650.000 # 1500
51650.437 - 88 3.580 1
51655.000 # 1500
51656.678 + 88 1
51659.659 + 88 1
51661.000 # 1500
51662.103 - 88 5.425 1
51662.121 - 88 2.462 1
51664.000 # 1500
51666.000 # 1500
51669.000 # 1500
51672.000 # 1500
51672.100 + 88 1
51674.851 + 88 1
51675.000 # 1500
51675.116 - 88 3.016 1
51678.000 # 1500
51678.700 - 88 3.849 1
51680.000 # 1500
51684.000 # 1500
51685.000 # 1500
51685.074 + 88 1
51685.397 + 88 1
51687.000 # 1500
51688.116 - 88 3.042 1
51688.146 - 88 2.749 1
51689.000 # 1500
51691.000 # 1500
51693.000 # 1500
51694.000 # 1500
51696.167 + 88 1
51697.000 # 1500
51698.000 # 1500
51698.248 - 88 2.081 1
51701.000 # 1500
51701.549 + 88 1
51702.000 # 1500
51703.331 - 88 1.782 1
51703.466 + 88 1
51704.000 # 1500
51705.311 - 88 1.845 1
51706.000 # 1500
51708.000 # 1500
51709.000 # 1500
51711.000 # 1500
51712.000 # 1500
51714.839 + 88 1
51716.000 # 1500
51716.894 - 88 2.055 1
51717.000 # 1500
51718.000 # 1500
51719.782 + 88 1
51720.000 # 1500
51722.000 # 1500
51722.627 - 88 2.845 1
51723.000 # 1500
51725.000 # 1500
51726.000 # 1500
51728.000 # 1500
51730.000 # 1500
51731.000 # 1500
51732.000 # 1500
51734.412 + 88 1
51736.000 # 1500
51737.000 # 1500
51737.137 - 88 2.725 1
51739.000 # 1500
51740.000 # 1500
51750.000 # 1500
51750.000 # 1500
51752.000 # 1500
51752.000 # 1500
51752.000 # 1500
51752.000 # 1500
51763.000 # 1500
51763.000 # 1500
51765.000 # 1500
51765.000 # 1500
51765.000 # 1500
51766.000 # 1500
51767.000 # 1500
51778.000 # 1500
51778.000 # 1500
51778.000 # 1500
51779.000 # 1500
51779.000 # 1500
51779.000 # 1500
51779.000 # 1500
51780.000 # 1500
51782.000 # 1500
51783.000 # 1500
51785.000 # 1500
51791.375 + 88 1
51791.557 + 88 1
51791.770 + 88 1
51792.126 + 88 1
51792.245 + 88 1
51792.529 + 88 1
51795.000 # 1500
51795.989 - 88 4.614 1
51796.012 - 88 4.455 1
51796.020 - 88 4.250 1
51796.027 - 88 3.901 1
51796.035 - 88 3.790 1
51796.041 - 88 3.512 1
51797.000 # 1500
51797.000 # 1500
51797.000 # 1500
51799.318 + 88 1
51800.000 # 1500
51800.000 # 1500
51800.825 + 88 1
51801.000 # 1500
51801.373 - 88 2.055 1
51811.000 # 1500
51812.000 # 1500
51812.857 - 88 12.032 1
51812.963 + 88 1
51813.000 # 1500
51816.000 # 1500
51816.000 # 1500
51816.000 # 1500
51816.773 - 88 3.810 1
51817.000 # 1500
51817.095 + 88 1
51819.000 # 1500
51820.000 # 1500
51820.483 - 88 3.388 1
51821.636 + 88 1
51822.000 # 1500
51823.455 - 88 1.819 1
51824.000 # 1500
51825.000 # 1500
51826.000 # 1500
51828.000 # 1500
51829.000 # 1500
51831.000 # 1500
51832.000 # 1500
51834.000 # 1500
51834.210 + 88 1
51835.000 # 1500
51836.242 - 88 2.032 1
51837.000 # 1500
51838.000 # 1500
51838.321 + 88 1
51840.000 # 1500
51841.104 - 88 2.783 1
51842.000 # 1500
51845.000 # 1500
51846.873 + 88 1
51848.000 # 1500
51848.886 - 88 2.013 1
51851.000 # 1500
51853.000 # 1500
51855.697 + 88 1
51857.000 # 1500
51858.935 + 88 1
51859.000 # 1500
51859.011 - 88 3.314 1
51861.715 + 88 1
51862.000 # 1500
51863.647 - 88 4.712 1
51863.669 - 88 1.954 1
51864.492 + 88 1
51871.000 # 1500
51872.396 - 88 7.904 1
51873.000 # 1500
51875.000 # 1500
51877.223 + 88 1
51878.000 # 1500
51878.000 # 1500
51878.000 # 1500
51879.117 - 88 1.894 1
51881.342 + 88 1
51885.000 # 1500
51885.000 # 1500
51885.943 - 88 4.601 1
51888.000 # 1500
51888.000 # 1500
51888.710 + 88 1
51896.000 # 1500
51896.000 # 1500
51896.000 # 1500
51896.000 # 1500
51896.000 # 1500
51897.623 - 88 8.913 1
51901.614 + 88 1
51902.035 + 88 1
51905.000 # 1500
51905.000 # 1500
51905.850 - 88 4.236 1
51905.872 - 88 3.837 1
51906.000 # 1500
51906.000 # 1500
51906.000 # 1500
51907.000 # 1500
51911.000 # 1500
51912.000 # 1500
51912.657 + 88 1
51913.000 # 1500
51914.236 - 88 1.579 1
51915.000 # 1500
51917.000 # 1500
51918.000 # 1500
51920.000 # 1500
51921.000 # 1500
51925.000 # 1500
51925.284 + 88 1
51925.449 + 88 1
51929.000 # 1500
51929.969 - 88 4.685 1
51929.998 - 88 4.549 1
51933.000 # 1500
51936.904 + 88 1
51937.000 # 1500
51941.000 # 1500
51941.535 + 88 1
51941.975 - 88 5.071 1
51946.000 # 1500
51947.467 - 88 5.932 1
51950.000 # 1500
51955.000 # 1500
51957.293 + 88 1
51957.437 + 88 1
51957.488 + 88 1
51960.000 # 1500
51961.238 + 88 1
51961.373 - 88 4.080 1
51961.400 - 88 3.963 1
51961.416 - 88 3.928 1
51965.000 # 1500
51966.032 - 88 4.794 1
51967.000 # 1500
51970.000 # 1500
51972.969 + 88 1
51973.000 # 1500
51976.000 # 1500
51976.070 + 88 1
51976.352 - 88 3.383 1
51978.000 # 1500
51978.878 + 88 1
51978.887 - 88 2.817 1
51982.000 # 1500
51982.585 - 88 3.707 1
51983.271 + 88 1
51984.000 # 1500
51984.888 - 88 1.617 1
51988.000 # 1500
51990.000 # 1500
51993.364 + 88 1
51994.000 # 1500
51995.479 - 88 2.115 1
51996.114 + 88 1
51996.263 + 88 1
51997.000 # 1500
51998.191 - 88 2.077 1
51998.220 - 88 1.957 1
52001.000 # 1500
52003.000 # 1500
52005.000 # 1500
52006.000 # 1500
52007.126 + 88 1
52010.000 # 1500
52010.724 - 88 3.598 1
52012.000 # 1500
52012.164 + 88 1
52014.000 # 1500
52014.835 - 88 2.671 1
52016.000 # 1500
52018.829 + 88 1
52019.000 # 1500
52020.650 - 88 1.821 1
52021.000 # 1500
52021.000 # 1500
52023.000 # 1500
52024.000 # 1500
52036.000 # 1500
52036.000 # 1500
52036.000 # 1500
52037.000 # 1500
52037.000 # 1500
52038.418 + 88 1
52038.558 + 88 1
52041.575 + 88 1
52046.000 # 1500
52046.000 # 1500
52046.000 # 1500
52046.993 - 88 8.575 1
52047.020 - 88 8.462 1
52047.035 - 88 5.460 1
52049.000 # 1500
52052.000 # 1500
52056.000 # 1500
52059.000 # 1500
52061.000 # 1500
52064.356 + 88 1
52066.729 + 88 1
52067.000 # 1500
52068.000 # 1500
52068.979 - 88 4.623 1
52069.119 - 88 2.390 1
52071.000 # 1500
52074.649 + 88 1
52075.000 # 1500
52076.607 - 88 1.958 1
52077.000 # 1500
52080.000 # 1500
52080.582 + 88 1
52084.000 # 1500
52085.551 - 88 4.969 1
52086.000 # 1500
52088.000 # 1500
52089.082 + 88 1
52091.000 # 1500
52092.146 - 88 3.064 1
52095.000 # 1500
52096.655 + 88 1
52098.000 # 1500
52099.098 - 88 2.443 1
52100.000 # 1500
52104.000 # 1500
52105.707 + 88 1
52107.000 # 1500
52109.149 - 88 3.442 1
52110.000 # 1500
52111.537 + 88 1
52114.000 # 1500
52115.610 - 88 4.073 1
52117.000 # 1500
52119.834 + 88 1
52120.000 # 1500
52122.000 # 1500
52122.673 - 88 2.839 1
52124.000 # 1500
52126.000 # 1500
52127.000 # 1500
52129.000 # 1500
52131.000 # 1500
52132.000 # 1500
52135.000 # 1500
52135.864 + 88 1
52137.000 # 1500
52138.025 - 88 2.161 1
52139.000 # 1500
52140.000 # 1500
52141.992 + 88 1
52143.721 + 88 1
52145.000 # 1500
52145.334 - 88 3.342 1
52145.357 - 88 1.636 1
52147.000 # 1500
52149.000 # 1500
52150.266 + 88 1
52152.000 # 1500
52153.616 - 88 3.350 1
52155.000 # 1500
52156.374 + 88 1
52157.000 # 1500
52158.498 - 88 2.124 1
52159.000 # 1500
52162.000 # 1500
52163.000 # 1500
52166.258 + 88 1
52172.000 # 1500
52172.000 # 1500
52173.190 + 88 1
52173.336 - 88 7.078 1
52177.000 # 1500
52177.000 # 1500
52177.000 # 1500
52177.000 # 1500
52178.060 - 88 4.870 1
52185.787 + 88 1
52186.990 + 88 1
52187.000 # 1500
52187.000 # 1500
52187.327 - 88 1.540 1
52188.000 # 1500
52188.719 - 88 1.729 1
52191.000 # 1500
52191.000 # 1500
52193.000 # 1500
52194.747 + 88 1
52197.000 # 1500
52197.532 - 88 2.785 1
52199.361 + 88 1
52200.000 # 1500
52201.588 - 88 2.227 1
52204.000 # 1500
52209.000 # 1500
52213.000 # 1500
52213.994 + 88 1
52214.069 + 88 1
52220.000 # 1500
52220.519 - 88 6.525 1
52220.549 - 88 6.480 1
52223.062 + 88 1
52224.000 # 1500
52224.881 - 88 1.819 1
52225.720 + 88 1
52228.000 # 1500
52229.331 - 88 3.611 1
52231.692 + 88 1
52233.000 # 1500
52234.678 - 88 2.986 1
52238.000 # 1500
52240.259 + 88 1
52243.000 # 1500
52244.006 - 88 3.747 1
52245.000 # 1500
52245.255 + 88 1
52247.000 # 1500
52248.156 + 88 1
52248.373 - 88 3.118 1
52250.000 # 1500
52251.671 - 88 3.515 1
52253.000 # 1500
52257.000 # 1500
52260.000 # 1500
52261.841 + 88 1
52261.980 + 88 1
52263.000 # 1500
52264.000 # 1500
52264.140 - 88 2.299 1
52264.163 - 88 2.183 1
52265.953 + 88 1
52266.000 # 1500
52267.000 # 1500
52268.017 - 88 2.064 1
52270.000 # 1500
52271.000 # 1500
52272.000 # 1500
52274.000 # 1500
52277.000 # 1500
52278.000 # 1500
52279.000 # 1500
52281.000 # 1500
52282.000 # 1500
52290.443 + 88 1
52292.000 # 1500
52292.185 + 88 1
52292.487 - 88 2.044 1
52296.000 # 1500
52296.000 # 1500
52296.743 - 88 4.558 1
52297.000 # 1500
52297.000 # 1500
52298.000 # 1500
52299.000 # 1500
52302.038 + 88 1
52302.196 + 88 1
52308.148 + 88 1
52310.000 # 1500
52310.000 # 1500
52310.000 # 1500
52310.000 # 1500
52310.804 - 88 8.766 1
52310.818 - 88 8.622 1
52310.826 - 88 2.678 1
52315.000 # 1500
52315.000 # 1500
52315.000 # 1500
52321.608 + 88 1
52321.669 + 88 1
52324.809 + 88 1
52325.000 # 1500
52325.153 - 88 3.545 1
52325.176 - 88 3.507 1
52325.184 - 88 0.375 1
52326.000 # 1500
52326.000 # 1500
52326.000 # 1500
52326.000 # 1500
52329.000 # 1500
52331.000 # 1500
52334.000 # 1500
52335.141 + 88 1
52337.000 # 1500
52338.119 - 88 2.978 1
52340.000 # 1500
52340.988 + 88 1
52342.000 # 1500
52344.000 # 1500
52344.072 - 88 3.084 1
52344.886 + 88 1
52346.000 # 1500
52347.000 # 1500
52347.161 - 88 2.275 1
52348.776 + 88 1
52349.000 # 1500
52350.451 - 88 1.675 1
52351.000 # 1500
52352.000 # 1500
52355.000 # 1500
52356.000 # 1500
52358.000 # 1500
52358.631 + 88 1
52359.000 # 1500
52359.200 - 88 0.569 1
52361.000 # 1500
52361.098 + 88 1
52364.000 # 1500
52365.605 - 88 4.507 1
52375.388 + 88 1
52375.536 + 88 1
52376.000 # 1500
52377.228 - 88 1.840 1
52377.251 - 88 1.715 1
52378.000 # 1500
52378.000 # 1500
52380.000 # 1500
52380.000 # 1500
52380.000 # 1500
52381.000 # 1500
52383.000 # 1500
52384.000 # 1500
52386.000 # 1500
52387.000 # 1500
52388.857 + 88 1
52389.588 + 88 1
52397.000 # 1500
52398.000 # 1500
52398.181 - 88 9.324 1
52398.201 - 88 8.613 1
52400.825 + 88 1
52401.000 # 1500
52401.000 # 1500
52401.000 # 1500
52401.000 # 1500
52401.236 - 88 0.411 1
52402.610 + 88 1
52403.000 # 1500
52404.059 + 88 1
52404.312 - 88 1.702 1
52405.000 # 1500
52405.556 - 88 1.497 1
52406.000 # 1500
52408.000 # 1500
52408.919 + 88 1
52410.000 # 1500
52411.000 # 1500
52411.419 - 88 2.500 1
52413.000 # 1500
52415.000 # 1500
52417.000 # 1500
52418.000 # 1500
52420.000 # 1500
52420.697 + 88 1
52422.007 + 88 1
52426.006 + 88 1
52431.000 # 1500
52431.000 # 1500
52431.701 - 88 11.004 1
52431.731 - 88 9.724 1
52431.739 - 88 5.733 1
52434.856 + 88 1
52435.000 # 1500
52436.000 # 1500
52436.648 - 88 1.792 1
52441.000 # 1500
52442.000 # 1500
52442.706 + 88 1
52444.487 + 88 1
52446.000 # 1500
52447.437 - 88 4.731 1
52447.460 - 88 2.973 1
52451.000 # 1500
52451.000 # 1500
52452.000 # 1500
52457.439 + 88 1
52461.000 # 1500
52461.000 # 1500
52462.264 - 88 4.825 1
52467.000 # 1500
52471.000 # 1500
52474.944 + 88 1
52477.000 # 1500
52477.556 - 88 2.612 1
52481.000 # 1500
52486.000 # 1500
52486.414 + 88 1
52490.000 # 1500
52491.033 + 88 1
52491.088 - 88 4.674 1
52494.000 # 1500
52494.462 + 88 1
52494.524 - 88 3.491 1
52498.000 # 1500
52499.032 - 88 4.570 1
52501.027 + 88 1
52506.000 # 1500
52506.840 - 88 5.813 1
52510.000 # 1500
52514.000 # 1500
52515.623 + 88 1
52519.000 # 1500
52520.575 - 88 4.952 1
52523.000 # 1500
52527.000 # 1500
52529.000 # 1500
52531.000 # 1500
52532.199 + 88 1
52536.000 # 1500
52536.684 - 88 4.485 1
52537.000 # 1500
52540.000 # 1500
52544.000 # 1500
52546.000 # 1500
52547.511 + 88 1
52548.000 # 1500
52548.844 - 88 1.333 1
52553.000 # 1500
52558.000 # 1500
52561.000 # 1500
52563.000 # 1500
52564.598 + 88 1
52567.000 # 1500
52568.150 - 88 3.552 1
52569.000 # 1500
52572.000 # 1500
52575.000 # 1500
52577.000 # 1500
52577.343 + 88 1
52580.000 # 1500
52581.177 - 88 3.834 1
52584.000 # 1500
52586.000 # 1500
52587.405 + 88 1
52589.000 # 1500
52590.060 - 88 2.655 1
52592.000 # 1500
52595.000 # 1500
52597.000 # 1500
52598.648 + 88 1
52600.000 # 1500
52601.814 - 88 3.166 1
52605.000 # 1500
52607.000 # 1500
52609.714 + 88 1
52610.000 # 1500
52611.268 - 88 1.554 1
52613.000 # 1500
52616.000 # 1500
52618.044 + 88 1
52619.000 # 1500
52620.028 - 88 1.984 1
52621.000 # 1500
52624.000 # 1500
52627.000 # 1500
52627.047 + 88 1
52630.000 # 1500
52630.851 - 88 3.804 1
52633.000 # 1500
52636.000 # 1500
52637.323 + 88 1
52639.000 # 1500
52640.614 - 88 3.291 1
52642.000 # 1500
52645.000 # 1500
52646.724 + 88 1
52647.000 # 1500
52648.464 - 88 1.740 1
52650.000 # 1500
52653.000 # 1500
52656.000 # 1500
52658.000 # 1500
52661.000 # 1500
52661.274 + 88 1
52664.000 # 1500
52665.095 - 88 3.821 1
52665.615 + 88 1
52668.000 # 1500
52668.997 - 88 3.382 1
52671.000 # 1500
52671.020 + 88 1
52674.000 # 1500
52674.921 - 88 3.901 1
52677.000 # 1500
52678.790 + 88 1
52681.000 # 1500
52681.762 + 88 1
52682.032 - 88 3.242 1
52683.000 # 1500
52683.521 - 88 1.759 1
52685.000 # 1500
52686.607 + 88 1
52687.000 # 1500
52688.000 # 1500
52688.380 - 88 1.773 1
52690.000 # 1500
52693.000 # 1500
52695.000 # 1500
52696.672 + 88 1
52697.000 # 1500
52698.174 - 88 1.502 1
52699.000 # 1500
52701.000 # 1500
52701.472 + 88 1
52701.623 + 88 1
52703.000 # 1500
52704.069 - 88 2.597 1
52704.097 - 88 2.474 1
52705.000 # 1500
52706.000 # 1500
52707.486 + 88 1
52708.000 # 1500
52709.906 - 88 2.420 1
52710.000 # 1500
52712.000 # 1500
52713.000 # 1500
52716.000 # 1500
52717.000 # 1500
52719.000 # 1500
52721.000 # 1500
52721.274 + 88 1
52721.340 + 88 1
52723.000 # 1500
52724.000 # 1500
52724.238 - 88 2.964 1
52724.280 - 88 2.940 1
52725.164 + 88 1
52726.000 # 1500
52726.987 - 88 1.823 1
52728.000 # 1500
52731.000 # 1500
52731.000 # 1500
52736.068 + 88 1
52737.000 # 1500
52737.732 - 88 1.664 1
52739.000 # 1500
52739.000 # 1500
52741.000 # 1500
52744.000 # 1500
52744.699 + 88 1
52745.000 # 1500
52747.000 # 1500
52747.502 - 88 2.803 1
52750.000 # 1500
52750.000 # 1500
52753.000 # 1500
52754.000 # 1500
52754.659 + 88 1
52755.000 # 1500
52756.000 # 1500
52756.277 - 88 1.618 1
52759.354 + 88 1
52762.271 + 88 1
52767.000 # 1500
52767.000 # 1500
52767.000 # 1500
52768.000 # 1500
52768.000 # 1500
52768.001 - 88 8.647 1
52768.029 - 88 5.758 1
52778.000 # 1500
52778.000 # 1500
52778.000 # 1500
52778.000 # 1500
52779.413 + 88 1
52781.000 # 1500
52782.634 - 88 3.221 1
52789.640 + 88 1
52790.000 # 1500
52791.435 - 88 1.795 1
52793.000 # 1500
52795.000 # 1500
52795.440 + 88 1
52796.000 # 1500
52797.000 # 1500
52797.278 - 88 1.838 1
52803.000 # 1500
52803.185 + 88 1
52809.000 # 1500
52810.000 # 1500
52810.000 # 1500
52810.114 - 88 6.929 1
52817.000 # 1500
52818.887 + 88 1
52819.043 + 88 1
52820.000 # 1500
52820.724 - 88 1.837 1
52820.751 - 88 1.708 1
52824.000 # 1500
52828.000 # 1500
52828.675 + 88 1
52836.000 # 1500
52836.529 - 88 7.854 1
52836.533 + 88 1
52840.000 # 1500
52841.343 - 88 4.810 1
52844.000 # 1500
52844.325 + 88 1
52848.000 # 1500
52849.151 - 88 4.826 1
52849.655 + 88 1
52852.000 # 1500
52853.924 - 88 4.269 1
52857.000 # 1500
52860.351 + 88 1
52863.000 # 1500
52864.782 - 88 4.431 1
52867.000 # 1500
52869.687 + 88 1
52871.000 # 1500
52872.615 - 88 2.928 1
52877.000 # 1500
52883.000 # 1500
52883.288 + 88 1
52889.000 # 1500
52890.344 - 88 7.056 1
52892.120 + 88 1
52893.000 # 1500
52894.117 - 88 1.997 1
52897.000 # 1500
52903.000 # 1500
52904.168 + 88 1
52906.000 # 1500
52907.000 - 88 2.832 1
52910.000 # 1500
52916.000 # 1500
52920.000 # 1500
52922.424 + 88 1
52924.000 # 1500
52925.401 - 88 2.977 1
52930.000 # 1500
52930.158 + 88 1
52934.000 # 1500
52934.855 - 88 4.697 1
52938.530 + 88 1
52939.000 # 1500
52940.503 - 88 1.973 1
52943.000 # 1500
52945.409 + 88 1
52947.000 # 1500
52948.301 - 88 2.892 1
52952.000 # 1500
52952.859 + 88 1
52955.000 # 1500
52956.191 - 88 3.332 1
52958.000 # 1500
52962.000 # 1500
52962.065 + 88 1
52964.000 # 1500
52965.957 - 88 3.892 1
52966.000 # 1500
52966.262 + 88 1
52969.000 # 1500
52969.967 - 88 3.705 1
52971.000 # 1500
52973.000 # 1500
52974.768 + 88 1
52976.000 # 1500
52976.742 - 88 1.974 1
52978.000 # 1500
52979.580 + 88 1
52980.000 # 1500
52980.157 - 88 0.577 1
52983.000 # 1500
52984.018 + 88 1
52985.000 # 1500
52986.458 - 88 2.440 1
52988.000 # 1500
52989.476 + 88 1
52990.000 # 1500
52991.429 - 88 1.953 1
52992.000 # 1500
52994.000 # 1500
52998.000 # 1500
52999.000 # 1500
53001.068 + 88 1
53001.217 + 88 1
53002.000 # 1500
53003.001 - 88 1.933 1
53003.198 - 88 1.981 1
53004.000 # 1500
53004.988 + 88 1
53006.000 # 1500
53006.985 - 88 1.997 1
53007.000 # 1500
53009.000 # 1500
53011.000 # 1500
53013.000 # 1500
53015.000 # 1500
53015.021 + 88 1
53017.000 # 1500
53017.787 - 88 2.766 1
53020.000 # 1500
53021.000 # 1500
53022.000 # 1500
53024.000 # 1500
53027.000 # 1500
53029.000 # 1500
53029.000 # 1500
53031.000 # 1500
53031.461 + 88 1
53033.000 # 1500
53033.371 - 88 1.910 1
53035.000 # 1500
53036.250 + 88 1
53037.000 # 1500
53038.000 # 1500
53038.200 - 88 1.950 1
53040.000 # 1500
53041.000 # 1500
53041.291 + 88 1
53044.000 # 1500
53044.000 # 1500
53044.073 + 88 1
53044.495 - 88 3.204 1
53046.000 # 1500
53047.000 # 1500
53047.220 - 88 3.147 1
53048.935 + 88 1
53049.000 # 1500
53051.000 # 1500
53051.919 - 88 2.984 1
53052.000 # 1500
53053.000 # 1500
53053.887 + 88 1
53058.000 # 1500
53058.000 # 1500
53058.816 - 88 4.929 1
53061.653 + 88 1
53064.573 + 88 1
53068.000 # 1500
53068.000 # 1500
53069.465 + 88 1
53069.604 - 88 7.951 1
53069.624 - 88 5.051 1
53072.000 # 1500
53073.472 - 88 4.007 1
53073.685 + 88 1
53075.000 # 1500
53075.000 # 1500
53075.000 # 1500
53075.000 # 1500
53076.265 - 88 2.580 1
53080.076 + 88 1
53083.000 # 1500
53083.000 # 1500
53083.000 # 1500
53083.000 # 1500
53083.000 # 1500
53084.000 # 1500
53084.197 - 88 4.121 1
53084.317 + 88 1
53086.000 # 1500
53086.997 - 88 2.680 1
53087.000 # 1500
53089.000 # 1500
53091.000 # 1500
53092.000 # 1500
53092.134 + 88 1
53093.000 # 1500
53093.875 - 88 1.741 1
53095.000 # 1500
53097.000 # 1500
53098.000 # 1500
53100.000 # 1500
53101.000 # 1500
53101.790 + 88 1
53103.000 # 1500
53103.673 - 88 1.883 1
53105.000 # 1500
53105.570 + 88 1
53106.000 # 1500
53106.226 - 88 0.656 1
53107.000 # 1500
53107.925 + 88 1
53109.000 # 1500
53109.803 - 88 1.878 1
53110.000 # 1500
53113.000 # 1500
53114.521 + 88 1
53115.000 # 1500
53116.000 # 1500
53116.469 - 88 1.948 1
53117.000 # 1500
53119.000 # 1500
53119.354 + 88 1
53122.000 # 1500
53123.089 + 88 1
53123.325 - 88 3.971 1
53128.037 + 88 1
53130.000 # 1500
53130.692 - 88 7.603 1
53130.713 - 88 2.676 1
53132.000 # 1500
53132.000 # 1500
53132.936 + 88 1
53135.865 + 88 1
53136.000 # 1500
53136.000 # 1500
53136.000 # 1500
53136.000 # 1500
53136.278 - 88 3.342 1
53140.022 + 88 1
53144.000 # 1500
53145.000 # 1500
53145.626 - 88 9.761 1
53145.649 - 88 5.627 1
53146.000 # 1500
53146.588 + 88 1
53147.000 # 1500
53147.062 - 88 0.474 1
53150.000 # 1500
53151.113 + 88 1
53152.000 # 1500
53152.000 # 1500
53152.000 # 1500
53153.499 - 88 2.386 1
53155.000 # 1500
53155.315 + 88 1
53157.000 # 1500
53158.000 # 1500
53158.309 - 88 2.994 1
53160.000 # 1500
53162.000 # 1500
53164.000 # 1500
53167.000 # 1500
53168.996 + 88 1
53169.140 + 88 1
53170.000 # 1500
53170.931 - 88 1.935 1
53170.951 - 88 1.811 1
53171.000 # 1500
53175.000 # 1500
53175.996 + 88 1
53177.000 # 1500
53177.821 - 88 1.825 1
53179.000 # 1500
53179.800 + 88 1
53183.000 # 1500
53183.700 - 88 3.900 1
53184.000 # 1500
53185.835 + 88 1
53186.000 # 1500
53188.000 # 1500
53188.680 - 88 2.845 1
53192.000 # 1500
53195.000 # 1500
53195.374 + 88 1
53197.000 # 1500
53198.340 - 88 2.966 1
53199.248 + 88 1
53199.403 + 88 1
53200.000 # 1500
53201.275 - 88 2.027 1
53201.296 - 88 1.893 1
53202.000 # 1500
53203.709 + 88 1
53204.000 # 1500
53205.000 # 1500
53206.164 - 88 2.455 1
53208.000 # 1500
53209.000 # 1500
53211.001 + 88 1
53212.000 # 1500
53213.015 - 88 2.014 1
53214.000 # 1500
53218.000 # 1500
53218.000 # 1500
53219.907 + 88 1
53220.000 # 1500
53223.000 # 1500
53223.000 # 1500
53224.105 - 88 4.198 1
53225.000 # 1500
53226.000 # 1500
53230.000 # 1500
53231.000 # 1500
53232.000 # 1500
53233.000 # 1500
53233.434 + 88 1
53235.000 # 1500
53236.487 - 88 3.053 1
53243.308 + 88 1
53250.061 + 88 1
53256.000 # 1500
53256.000 # 1500
53256.000 # 1500
53256.000 # 1500
53256.000 # 1500
53256.000 # 1500
53256.000 # 1500
53256.000 # 1500
53256.980 - 88 13.672 1
53257.002 - 88 6.941 1
53258.000 # 1500
53259.000 # 1500
53261.000 # 1500
53262.000 # 1500
53265.000 # 1500
53265.735 + 88 1
53266.000 # 1500
53266.038 + 88 1
53268.000 # 1500
53268.722 - 88 2.987 1
53268.742 - 88 2.704 1
53269.000 # 1500
53271.000 # 1500
53272.000 # 1500
53274.000 # 1500
53275.000 # 1500
53275.583 + 88 1
53277.000 # 1500
53278.000 # 1500
53278.600 - 88 3.017 1
53281.000 # 1500
53282.000 # 1500
53283.466 + 88 1
53285.000 # 1500
53286.412 - 88 2.946 1
53287.000 # 1500
53288.000 # 1500
53288.260 + 88 1
53290.000 # 1500
53291.116 - 88 2.856 1
53292.000 # 1500
53294.000 # 1500
53294.088 + 88 1
53296.000 # 1500
53296.911 - 88 2.823 1
53297.000 # 1500
53298.808 + 88 1
53299.000 # 1500
53300.787 - 88 1.979 1
53305.691 + 88 1
53309.000 # 1500
53309.000 # 1500
53309.000 # 1500
53309.000 # 1500
53309.000 # 1500
53310.670 - 88 4.979 1
53311.000 # 1500
53311.000 # 1500
53312.602 + 88 1
53313.000 # 1500
53314.431 - 88 1.829 1
53316.000 # 1500
53317.000 # 1500
53318.000 # 1500
53318.496 + 88 1
53320.000 # 1500
53321.000 # 1500
53321.347 - 88 2.851 1
53323.263 + 88 1
53324.000 # 1500
53325.000 # 1500
53325.237 - 88 1.974 1
53327.000 # 1500
53328.000 # 1500
53331.000 # 1500
53333.000 # 1500
53335.000 # 1500
53336.000 # 1500
53336.061 + 88 1
53338.000 # 1500
53338.909 - 88 2.848 1
53338.959 + 88 1
53340.915 + 88 1
53341.000 # 1500
53341.000 # 1500
53341.228 - 88 2.269 1
53344.000 # 1500
53344.830 - 88 3.915 1
53345.000 # 1500
53346.763 + 88 1
53348.000 # 1500
53348.000 # 1500
53348.633 - 88 1.870 1
53350.000 # 1500
53351.000 # 1500
53353.000 # 1500
53355.000 # 1500
53356.000 # 1500
53357.000 # 1500
53359.000 # 1500
53360.000 # 1500
53370.000 # 1500
53372.000 # 1500
53375.000 # 1500
53376.000 # 1500
53377.000 # 1500
53378.000 # 1500
53379.000 # 1500
53380.000 # 1500
53383.000 # 1500
53384.072 + 88 1
53384.219 + 88 1
53384.272 + 88 1
53384.632 + 88 1
53385.000 # 1500
53386.729 - 88 2.657 1
53386.759 - 88 2.540 1
53386.768 + 88 1
53386.774 - 88 2.502 1
53386.787 - 88 2.155 1
53387.000 # 1500
53388.688 - 88 1.920 1
53389.000 # 1500
53390.840 + 88 1
53391.000 # 1500
53394.000 # 1500
53394.546 - 88 3.706 1
53396.000 # 1500
53396.472 + 88 1
53398.000 # 1500
53399.423 - 88 2.951 1
53399.500 + 88 1
53400.000 # 1500
53401.391 - 88 1.891 1
53403.000 # 1500
53404.000 # 1500
53406.000 # 1500
53406.307 + 88 1
53408.000 # 1500
53409.000 # 1500
53409.141 - 88 2.834 1
53411.000 # 1500
53413.000 # 1500
53415.000 # 1500
53416.243 + 88 1
53416.390 + 88 1
53418.000 # 1500
53418.909 - 88 2.666 1
53418.937 - 88 2.547 1
53419.000 # 1500
53421.000 # 1500
53422.000 # 1500
53424.000 # 1500
53426.888 + 88 1
53427.000 # 1500
53427.033 + 88 1
53429.000 # 1500
53429.651 - 88 2.763 1
53429.679 - 88 2.646 1
53431.000 # 1500
53433.000 # 1500
53434.783 + 88 1
53435.000 # 1500
53435.111 - 88 0.328 1
53437.573 + 88 1
53437.712 + 88 1
53442.387 + 88 1
53445.000 # 1500
53446.000 # 1500
53446.000 # 1500
53446.000 # 1500
53446.000 # 1500
53446.303 + 88 1
53446.424 - 88 8.851 1
53446.452 - 88 8.740 1
53446.474 - 88 4.087 1
53448.000 # 1500
53449.176 - 88 2.873 1
53450.000 # 1500
53452.000 # 1500
53456.185 + 88 1
53456.323 + 88 1
53461.000 # 1500
53461.000 # 1500
53461.883 - 88 5.698 1
53461.910 - 88 5.587 1
53465.000 # 1500
53466.000 # 1500
53466.000 # 1500
53467.000 # 1500
53469.000 # 1500
53470.791 + 88 1
53471.000 # 1500
53471.097 - 88 0.306 1
53473.690 + 88 1
53475.000 # 1500
53476.513 - 88 2.823 1
53477.000 # 1500
53480.000 # 1500
53483.000 # 1500
53483.000 # 1500
53485.000 # 1500
53488.000 # 1500
53490.000 # 1500
53491.000 # 1500
53492.000 # 1500
53493.545 + 88 1
53495.000 # 1500
53495.467 + 88 1
53495.604 + 88 1
53495.776 - 88 2.231 1
53497.000 # 1500
53498.000 # 1500
53499.330 - 88 3.863 1
53499.358 - 88 3.754 1
53500.000 # 1500
53501.280 + 88 1
53502.000 # 1500
53503.000 # 1500
53503.125 - 88 1.845 1
53504.230 + 88 1
53506.000 # 1500
53507.000 # 1500
53507.026 - 88 2.796 1
53517.000 # 1500
53517.000 # 1500
53517.000 # 1500
53517.000 # 1500
53524.755 + 88 1
53527.000 # 1500
53527.000 # 1500
53527.000 # 1500
53527.000 # 1500
53527.000 # 1500
53527.595 - 88 2.840 1
53528.000 # 1500
53529.692 + 88 1
53530.000 # 1500
53531.000 # 1500
53531.496 - 88 1.804 1
53539.339 + 88 1
53541.000 # 1500
53541.000 # 1500
53541.000 # 1500
53541.000 # 1500
53542.175 - 88 2.836 1
53543.000 # 1500
53547.139 + 88 1
53553.000 # 1500
53553.000 # 1500
53553.000 # 1500
53553.000 # 1500
53553.000 # 1500
53553.993 + 88 1
53554.059 - 88 6.920 1
53555.000 # 1500
53555.859 - 88 1.866 1
53556.000 # 1500
53557.000 # 1500
53559.000 # 1500
53560.000 # 1500
53560.177 + 88 1
53562.000 # 1500
53562.682 - 88 2.505 1
53563.000 # 1500
53565.897 + 88 1
53566.000 # 1500
53566.000 # 1500
53568.000 # 1500
53568.762 - 88 2.865 1
53570.000 # 1500
53571.000 # 1500
53572.000 # 1500
53574.000 # 1500
53576.000 # 1500
53576.520 + 88 1
53577.000 # 1500
53578.317 - 88 1.797 1
53579.000 # 1500
53580.000 # 1500
53583.000 # 1500
53583.000 # 1500
53584.068 + 88 1
53584.219 + 88 1
53584.272 + 88 1
53586.970 + 88 1
53595.000 # 1500
53595.719 - 88 11.651 1
53595.748 - 88 11.529 1
53595.764 - 88 11.492 1
53595.778 - 88 8.808 1
53596.000 # 1500
53598.000 # 1500
53598.000 # 1500
53598.000 # 1500
53598.000 # 1500
53598.691 + 88 1
53598.839 + 88 1
53600.000 # 1500
53600.626 + 88 1
53600.938 - 88 2.247 1
53600.964 - 88 2.125 1
53601.000 # 1500
53602.487 - 88 1.861 1
53603.000 # 1500
53603.598 + 88 1
53605.000 # 1500
53606.000 # 1500
53606.342 - 88 2.744 1
53607.000 # 1500
53609.000 # 1500
53615.294 + 88 1
53615.441 + 88 1
53618.000 # 1500
53618.000 # 1500
53618.000 # 1500
53618.000 # 1500
53619.106 - 88 3.812 1
53619.133 - 88 3.692 1
53622.138 + 88 1
53622.285 + 88 1
53624.067 + 88 1
53628.000 # 1500
53628.000 # 1500
53628.000 # 1500
53628.000 # 1500
53629.018 - 88 6.880 1
53629.046 - 88 6.761 1
53629.060 - 88 4.993 1
53632.000 # 1500
53632.000 # 1500
53632.000 # 1500
53632.000 # 1500
53635.801 + 88 1
53636.388 + 88 1
53637.756 + 88 1
53640.989 + 88 1
53641.000 # 1500
53641.000 # 1500
53641.000 # 1500
53641.000 # 1500
53641.363 - 88 5.562 1
53641.395 - 88 5.007 1
53641.410 - 88 3.654 1
53642.000 # 1500
53642.642 - 88 1.653 1
53643.000 # 1500
53644.000 # 1500
53653.308 + 88 1
53655.000 # 1500
53655.000 # 1500
53655.000 # 1500
53656.000 # 1500
53656.000 # 1500
53656.000 # 1500
53656.252 - 88 2.944 1
53657.000 # 1500
53657.273 + 88 1
53658.000 # 1500
53659.252 - 88 1.979 1
53659.502 + 88 1
53660.000 # 1500
53661.000 # 1500
53661.119 - 88 1.617 1
53663.000 # 1500
53664.000 # 1500
53666.000 # 1500
53668.000 # 1500
53670.145 + 88 1
53674.774 + 88 1
53680.000 # 1500
53680.737 - 88 10.592 1
53680.767 - 88 5.993 1
53683.000 # 1500
53684.000 # 1500
53684.000 # 1500
53684.000 # 1500
53684.000 # 1500
53685.611 + 88 1
53689.510 + 88 1
53695.000 # 1500
53695.291 + 88 1
53695.437 + 88 1
53695.616 - 88 10.005 1
53695.645 - 88 6.135 1
53706.000 # 1500
53706.000 # 1500
53706.000 # 1500
53706.020 + 88 1
53706.161 + 88 1
53706.287 - 88 10.996 1
53706.315 - 88 10.878 1
53712.000 # 1500
53712.000 # 1500
53712.000 # 1500
53712.000 # 1500
53712.919 - 88 6.899 1
53712.948 - 88 6.787 1
53713.000 # 1500
53714.440 + 88 1
53714.887 + 88 1
53715.000 # 1500
53715.092 - 88 0.652 1
53718.000 # 1500
53718.754 - 88 3.867 1
53719.181 + 88 1
53720.000 # 1500
53720.915 - 88 1.734 1
53723.000 # 1500
53727.000 # 1500
53730.000 # 1500
53731.000 # 1500
53731.920 + 88 1
53736.000 # 1500
53737.277 - 88 5.357 1
53738.000 # 1500
53740.000 # 1500
53741.701 + 88 1
53744.000 # 1500
53745.265 - 88 3.564 1
53746.000 # 1500
53747.265 + 88 1
53749.000 # 1500
53749.310 + 88 1
53749.569 - 88 2.304 1
53751.000 # 1500
53751.902 - 88 2.592 1
53755.000 # 1500
53756.525 + 88 1
53756.875 + 88 1
53757.000 # 1500
53757.074 - 88 0.549 1
53760.000 # 1500
53760.866 - 88 3.991 1
53762.000 # 1500
53765.000 # 1500
53765.121 + 88 1
53767.000 # 1500
53767.622 - 88 2.501 1
53769.000 # 1500
53770.000 # 1500
53770.536 + 88 1
53774.000 # 1500
53775.586 - 88 5.050 1
53776.000 # 1500
53776.153 + 88 1
53778.000 # 1500
53779.000 # 1500
53779.488 - 88 3.335 1
53779.634 + 88 1
53782.000 # 1500
53783.350 - 88 3.716 1
53784.000 # 1500
53785.554 + 88 1
53787.000 # 1500
53787.000 # 1500
53788.308 - 88 2.754 1
53789.000 # 1500
53791.000 # 1500
53792.000 # 1500
53794.000 # 1500
53796.000 # 1500
53797.464 + 88 1
53797.920 + 88 1
53798.000 # 1500
53798.217 - 88 0.753 1
53799.000 # 1500
53800.050 - 88 2.130 1
53801.000 # 1500
53803.000 # 1500
53804.000 # 1500
53805.646 + 88 1
53806.000 # 1500
53807.833 - 88 2.187 1
53808.674 + 88 1
53814.837 + 88 1
53817.000 # 1500
53817.846 + 88 1
53818.321 - 88 9.647 1
53818.345 - 88 3.508 1
53822.586 + 88 1
53822.812 + 88 1
53825.000 # 1500
53825.000 # 1500
53826.000 # 1500
53826.000 # 1500
53826.000 # 1500
53826.000 # 1500
53826.277 - 88 8.431 1
53826.297 - 88 3.711 1
53826.305 - 88 3.493 1
53828.499 + 88 1
53835.000 # 1500
53835.973 - 88 7.474 1
53836.000 # 1500
53837.568 + 88 1
53838.000 # 1500
53838.000 # 1500
53839.197 - 88 1.629 1
53842.000 # 1500
53842.000 # 1500
53843.201 + 88 1
53847.000 # 1500
53847.000 # 1500
53847.649 - 88 4.448 1
53849.000 # 1500
53849.243 + 88 1
53850.000 # 1500
53851.805 - 88 2.562 1
53852.000 # 1500
53855.000 # 1500
53855.475 + 88 1
53857.000 # 1500
53858.460 - 88 2.985 1
53859.000 # 1500
53859.615 + 88 1
53863.000 # 1500
53864.000 # 1500
53864.294 - 88 4.679 1
53866.000 # 1500
53869.000 # 1500
53872.000 # 1500
53872.739 + 88 1
53873.000 # 1500
53874.077 - 88 1.338 1
53874.110 + 88 1
53876.000 # 1500
53877.128 - 88 3.018 1
53877.265 + 88 1
53878.163 + 88 1
53879.000 # 1500
53879.976 - 88 2.711 1
53879.996 - 88 1.833 1
53881.000 # 1500
53883.327 + 88 1
53890.000 # 1500
53890.000 # 1500
53891.765 - 88 8.438 1
53892.672 + 88 1
53895.403 + 88 1
53896.000 # 1500
53896.000 # 1500
53896.000 # 1500
53896.000 # 1500
53896.988 - 88 4.316 1
53897.000 # 1500
53897.009 - 88 1.606 1
53898.000 # 1500
53902.382 + 88 1
53909.000 # 1500
53910.348 - 88 7.966 1
53911.000 # 1500
53915.000 # 1500
53915.000 # 1500
53915.000 # 1500
53915.000 # 1500
53915.112 + 88 1
53915.583 + 88 1
53917.000 # 1500
53918.078 - 88 2.966 1
53918.110 - 88 2.527 1
53924.786 + 88 1
53926.000 # 1500
53927.476 - 88 2.690 1
53930.000 # 1500
53930.000 # 1500
53930.000 # 1500
53933.000 # 1500
53933.172 + 88 1
53937.000 # 1500
53937.629 - 88 4.457 1
53942.000 # 1500
53943.000 # 1500
53944.078 + 88 1
53945.000 # 1500
53946.450 - 88 2.372 1
53948.067 + 88 1
53949.000 # 1500
53949.806 - 88 1.739 1
53950.559 + 88 1
53951.000 # 1500
53952.279 - 88 1.720 1
53953.000 # 1500
53956.000 # 1500
53956.792 + 88 1
53958.000 # 1500
53959.058 - 88 2.266 1
53960.000 # 1500
53962.000 # 1500
53962.374 + 88 1
53964.000 # 1500
53965.372 - 88 2.998 1
53966.000 # 1500
53967.893 + 88 1
53968.000 # 1500
53969.000 # 1500
53969.872 - 88 1.979 1
53971.000 # 1500
53974.000 # 1500
53976.000 # 1500
53977.000 # 1500
53978.683 + 88 1
53980.000 # 1500
53981.000 # 1500
53981.609 - 88 2.926 1
53983.000 # 1500
53984.000 # 1500
53984.106 + 88 1
53986.000 # 1500
53987.379 - 88 3.273 1
53989.000 # 1500
53990.000 # 1500
53991.000 # 1500
53993.000 # 1500
53995.000 # 1500
53995.385 + 88 1
53997.000 # 1500
53998.000 # 1500
53998.147 - 88 2.762 1
53998.769 + 88 1
54000.000 # 1500
54002.000 # 1500
54002.096 - 88 3.327 1
54004.000 # 1500
54005.147 + 88 1
54006.000 # 1500
54006.947 - 88 1.800 1
54007.000 # 1500
54009.000 # 1500
54010.000 # 1500
54011.318 + 88 1
54013.000 # 1500
54013.000 # 1500
54013.816 - 88 2.498 1
54016.000 # 1500
54016.938 + 88 1
54017.000 # 1500
54017.049 + 88 1
54019.000 # 1500
54019.569 - 88 2.631 1
54019.596 - 88 2.547 1
54021.000 # 1500
54023.000 # 1500
54024.000 # 1500
54027.000 # 1500
54027.618 + 88 1
54027.934 + 88 1
54028.000 # 1500
54028.291 - 88 0.673 1
54028.364 + 88 1
54030.000 # 1500
54030.816 - 88 2.882 1
54030.836 - 88 2.472 1
54032.000 # 1500
54032.314 + 88 1
54033.000 # 1500
54034.002 - 88 1.688 1
54035.453 + 88 1
54036.000 # 1500
54037.000 # 1500
54037.256 - 88 1.803 1
54039.000 # 1500
54039.494 + 88 1
54040.000 # 1500
54041.181 - 88 1.687 1
54042.000 # 1500
54042.685 + 88 1
54045.000 # 1500
54046.000 # 1500
54047.070 - 88 4.385 1
54048.000 # 1500
54049.000 # 1500
54051.000 # 1500
54053.000 # 1500
54054.006 + 88 1
54056.928 + 88 1
54057.040 + 88 1
54058.000 # 1500
54058.000 # 1500
54058.728 - 88 4.722 1
54058.751 - 88 1.823 1
54058.759 - 88 1.719 1
54060.000 # 1500
54061.000 # 1500
54064.000 # 1500
54067.000 # 1500
54067.000 # 1500
54068.000 # 1500
54068.851 + 88 1
54068.960 + 88 1
54070.000 # 1500
54070.469 - 88 1.618 1
54070.490 - 88 1.530 1
54072.000 # 1500
54073.000 # 1500
54076.000 # 1500
54078.000 # 1500
54078.311 + 88 1
54079.646 + 88 1
54080.000 # 1500
54080.094 - 88 1.783 1
54080.115 - 88 0.469 1
54081.000 # 1500
54090.000 # 1500
54092.000 # 1500
54092.000 # 1500
54092.012 + 88 1
54093.989 + 88 1
54095.000 # 1500
54096.000 # 1500
54096.088 - 88 4.076 1
54096.112 - 88 2.123 1
54102.000 # 1500
54106.000 # 1500
54108.000 # 1500
54108.000 # 1500
54110.000 # 1500
54110.000 # 1500
54110.000 # 1500
54113.000 # 1500
54114.000 # 1500
54114.904 + 88 1
54115.013 + 88 1
54115.079 + 88 1
54116.000 # 1500
54116.479 + 88 1
54116.796 - 88 1.892 1
54116.826 - 88 1.813 1
54116.834 - 88 1.755 1
54118.000 # 1500
54119.398 - 88 2.919 1
54120.000 # 1500
54122.000 # 1500
54125.000 # 1500
54126.586 + 88 1
54126.719 + 88 1
54128.000 # 1500
54130.111 - 88 3.525 1
54130.131 - 88 3.412 1
54131.100 + 88 1
54133.000 # 1500
54134.283 - 88 3.183 1
54135.929 + 88 1
54137.000 # 1500
54137.693 - 88 1.764 1
54141.000 # 1500
54144.000 # 1500
54146.735 + 88 1
54146.851 + 88 1
54148.000 # 1500
54148.714 + 88 1
54149.162 - 88 2.427 1
54149.182 - 88 2.331 1
54151.952 + 88 1
54152.000 # 1500
54152.415 - 88 3.701 1
54155.000 # 1500
54155.791 - 88 3.839 1
54156.153 + 88 1
54158.000 # 1500
54159.436 - 88 3.283 1
54162.258 + 88 1
54163.000 # 1500
54163.000 # 1500
54164.365 - 88 2.107 1
54166.000 # 1500
54169.000 # 1500
54172.000 # 1500
54172.575 + 88 1
54175.000 # 1500
54175.061 + 88 1
54175.514 - 88 2.939 1
54177.065 + 88 1
54185.873 + 88 1
54187.000 # 1500
54187.783 - 88 12.722 1
54187.806 - 88 10.741 1
54187.816 - 88 1.943 1
54187.900 + 88 1
54188.000 # 1500
54190.628 + 88 1
54191.000 # 1500
54191.000 # 1500
54192.568 - 88 4.668 1
54192.589 - 88 1.961 1
54193.000 # 1500
54193.000 # 1500
54194.883 + 88 1
54195.000 # 1500
54197.593 + 88 1
54203.665 + 88 1
54207.000 # 1500
54208.206 + 88 1
54208.404 - 88 13.521 1
54208.425 - 88 10.832 1
54208.434 - 88 4.769 1
54209.000 # 1500
54209.000 # 1500
54210.000 # 1500
54210.000 # 1500
54210.000 # 1500
54210.163 - 88 1.957 1
54213.000 # 1500
54215.000 # 1500
54215.258 + 88 1
54215.376 + 88 1
54217.000 # 1500
54217.951 - 88 2.693 1
54217.965 - 88 2.589 1
54219.000 # 1500
54221.000 # 1500
54223.000 # 1500
54225.000 # 1500
54226.390 + 88 1
54229.000 # 1500
54230.707 - 88 4.317 1
54231.000 # 1500
54236.000 # 1500
54236.442 + 88 1
54238.000 # 1500
54239.514 - 88 3.072 1
54240.000 # 1500
54242.000 # 1500
54243.625 + 88 1
54246.379 + 88 1
54255.000 # 1500
54256.099 - 88 12.474 1
54256.121 - 88 9.742 1
54257.000 # 1500
54257.000 # 1500
54257.000 # 1500
54257.004 + 88 1
54259.000 # 1500
54260.012 + 88 1
54260.050 + 88 1
54260.411 - 88 3.407 1
54263.000 # 1500
54264.408 - 88 4.396 1
54264.443 - 88 4.393 1
54266.000 # 1500
54269.388 + 88 1
54270.000 # 1500
54271.862 - 88 2.474 1
54273.000 # 1500
54274.930 + 88 1
54277.000 # 1500
54277.545 - 88 2.615 1
54279.481 + 88 1
54281.000 # 1500
54282.436 - 88 2.955 1
54285.359 + 88 1
54286.000 # 1500
54287.399 - 88 2.040 1
54289.000 # 1500
54289.578 + 88 1
54293.000 # 1500
54295.143 - 88 5.565 1
54295.170 + 88 1
54298.000 # 1500
54298.418 + 88 1
54298.897 - 88 3.727 1
54302.000 # 1500
54303.991 - 88 5.573 1
54306.000 # 1500
54310.000 # 1500
54310.035 + 88 1
54310.157 + 88 1
54312.000 # 1500
54313.706 - 88 3.671 1
54313.727 - 88 3.570 1
54316.586 + 88 1
54316.697 + 88 1
54317.000 # 1500
54318.601 - 88 2.015 1
54318.622 - 88 1.925 1
54320.000 # 1500
54322.000 # 1500
54326.787 + 88 1
54326.898 + 88 1
54333.000 # 1500
54333.554 - 88 6.767 1
54333.578 - 88 6.680 1
54338.145 + 88 1
54338.257 + 88 1
54340.131 + 88 1
54345.000 # 1500
54345.969 - 88 7.824 1
54345.991 - 88 7.734 1
54345.999 - 88 5.868 1
54346.000 # 1500
54348.833 + 88 1
54348.947 + 88 1
54355.101 + 88 1
54355.209 + 88 1
54357.666 + 88 1
54363.469 + 88 1
54369.648 + 88 1
54369.755 + 88 1
54399.572 + 88 1
54399.681 + 88 1
54403.949 + 88 1
54404.063 + 88 1
54422.000 # 1500
54422.000 # 1500
54423.085 + 88 1
54423.126 - 88 74.293 1
54423.150 - 88 74.203 1
54423.159 - 88 68.058 1
54423.167 - 88 67.958 1
54423.174 - 88 65.508 1
54423.181 - 88 59.712 1
54423.188 - 88 53.540 1
54423.195 - 88 53.440 1
54423.322 - 88 23.750 1
54423.354 - 88 23.673 1
54423.362 - 88 19.413 1
54423.370 - 88 19.307 1
54427.000 # 1500
54427.000 # 1500
54427.282 + 88 1
54427.945 - 88 4.860 1
54428.000 # 1500
54428.000 # 1500
54428.000 # 1500
54428.541 + 88 1
54429.000 # 1500
54429.000 # 1500
54429.000 # 1500
54429.000 # 1500
54429.000 # 1500
54429.000 # 1500
54429.000 # 1500
54429.000 # 1500
54429.015 - 88 1.733 1
54430.000 # 1500
54430.874 - 88 2.333 1
54436.000 # 1500
54437.775 + 88 1
54443.000 # 1500
54443.704 - 88 5.929 1
54446.377 + 88 1
54447.000 # 1500
54448.669 - 88 2.292 1
54452.000 # 1500
54454.311 + 88 1
54456.000 # 1500
54457.246 - 88 2.935 1
54459.000 # 1500
54462.168 + 88 1
54466.000 # 1500
54467.163 - 88 4.995 1
54470.000 # 1500
54473.775 + 88 1
54475.000 # 1500
54475.696 - 88 1.921 1
54479.000 # 1500
54483.000 # 1500
54486.000 # 1500
54489.000 # 1500
54490.000 # 1500
54490.301 + 88 1
54492.000 # 1500
54493.086 - 88 2.785 1
54495.000 # 1500
54495.887 + 88 1
54498.000 # 1500
54498.575 - 88 2.688 1
54500.000 # 1500
54501.170 + 88 1
54508.915 + 88 1
54511.000 # 1500
54511.000 # 1500
54511.701 - 88 10.531 1
54511.730 - 88 2.815 1
54515.000 # 1500
54517.876 + 88 1
54522.000 # 1500
54522.496 - 88 4.620 1
54523.983 + 88 1
54527.000 # 1500
54528.372 - 88 4.389 1
54530.000 # 1500
54535.000 # 1500
54535.415 + 88 1
54538.000 # 1500
54539.092 - 88 3.677 1
54541.000 # 1500
54544.083 + 88 1
54546.000 # 1500
54546.565 - 88 2.482 1
54548.000 # 1500
54549.489 + 88 1
54551.000 # 1500
54552.530 - 88 3.041 1
54554.938 + 88 1
54555.000 # 1500
54558.000 # 1500
54558.596 - 88 3.658 1
54561.000 # 1500
54561.312 + 88 1
54564.000 # 1500
54565.551 - 88 4.239 1
54566.000 # 1500
54568.000 # 1500
54569.654 + 88 1
54571.000 # 1500
54572.843 - 88 3.189 1
54573.000 # 1500
54575.000 # 1500
54575.459 + 88 1
54577.000 # 1500
54578.258 - 88 2.799 1
54580.000 # 1500
54582.000 # 1500
54583.544 + 88 1
54590.305 + 88 1
54592.000 # 1500
54593.000 # 1500
54593.590 - 88 10.046 1
54593.617 - 88 3.312 1
54595.000 # 1500
54596.000 # 1500
54596.000 # 1500
54597.000 # 1500
54597.069 + 88 1
54599.000 # 1500
54599.731 - 88 2.662 1
54605.631 + 88 1
54608.000 # 1500
54609.582 - 88 3.951 1
54610.000 # 1500
54611.000 # 1500
54615.479 + 88 1
54615.905 + 88 1
54616.000 # 1500
54616.000 # 1500
54616.000 # 1500
54616.138 - 88 0.659 1
54620.286 + 88 1
54627.000 # 1500
54627.000 # 1500
54627.196 + 88 1
54627.455 - 88 11.550 1
54627.475 - 88 7.189 1
54629.000 # 1500
54630.145 - 88 2.949 1
54631.000 # 1500
54633.000 # 1500
54634.000 # 1500
54637.000 # 1500
54639.000 # 1500
54641.000 # 1500
54641.955 + 88 1
54644.000 # 1500
54644.714 - 88 2.759 1
54647.086 + 88 1
54650.000 # 1500
54651.588 - 88 4.502 1
54655.000 # 1500
54655.489 + 88 1
54661.000 # 1500
54662.295 - 88 6.806 1
54663.329 + 88 1
54666.000 # 1500
54667.141 - 88 3.812 1
54670.391 + 88 1
54672.000 # 1500
54673.039 - 88 2.648 1
54676.134 + 88 1
54677.000 # 1500
54677.873 - 88 1.739 1
54682.060 + 88 1
54685.000 # 1500
54685.644 - 88 3.584 1
54691.000 # 1500
54695.675 + 88 1
54696.127 + 88 1
54697.000 # 1500
54698.454 - 88 2.779 1
54698.482 - 88 2.355 1
54699.006 + 88 1
54703.000 # 1500
54704.352 - 88 5.346 1
54704.781 + 88 1
54709.000 # 1500
54710.291 - 88 5.510 1
54710.313 + 88 1
54714.000 # 1500
54715.054 - 88 4.741 1
54720.000 # 1500
54721.455 + 88 1
54726.000 # 1500
54727.198 - 88 5.743 1
54729.000 # 1500
54733.000 # 1500
54736.000 # 1500
54736.696 + 88 1
54739.000 # 1500
54739.545 - 88 2.849 1
54742.000 # 1500
54744.013 + 88 1
54747.000 # 1500
54747.685 - 88 3.672 1
54747.991 + 88 1
54749.000 # 1500
54750.242 - 88 2.251 1
54753.000 # 1500
54753.541 + 88 1
54757.000 # 1500
54758.990 - 88 5.449 1
54761.000 # 1500
54762.004 + 88 1
54763.000 # 1500
54764.095 - 88 2.091 1
54766.000 # 1500
54769.000 # 1500
54771.023 + 88 1
54777.125 + 88 1
54784.728 + 88 1
54788.000 # 1500
54788.200 + 88 1
54788.608 - 88 17.585 1
54788.629 - 88 11.504 1
54788.638 - 88 3.910 1
54794.000 # 1500
54794.000 # 1500
54794.000 # 1500
54794.000 # 1500
54794.000 # 1500
54795.000 # 1500
54795.265 - 88 7.065 1
54799.000 # 1500
54800.621 + 88 1
54802.000 # 1500
54802.005 + 88 1
54802.296 - 88 1.675 1
54802.301 + 88 1
54806.000 # 1500
54807.800 - 88 5.795 1
54808.034 - 88 5.733 1
54809.000 # 1500
54812.000 # 1500
54816.617 + 88 1
54818.835 + 88 1
54821.000 # 1500
54821.583 - 88 4.966 1
54821.606 - 88 2.771 1
54825.000 # 1500
54827.000 # 1500
54829.752 + 88 1
54829.945 + 88 1
54832.000 # 1500
54834.000 # 1500
54834.194 - 88 4.442 1
54834.226 - 88 4.281 1
54834.703 + 88 1
54837.000 # 1500
54839.082 - 88 4.379 1
54840.302 + 88 1
54842.000 # 1500
54842.944 - 88 2.642 1
54843.000 # 1500
54846.000 # 1500
54846.049 + 88 1
54848.000 # 1500
54848.807 - 88 2.758 1
54850.000 # 1500
54852.179 + 88 1
54853.000 # 1500
54853.734 - 88 1.555 1
54856.000 # 1500
54857.000 # 1500
54857.684 + 88 1
54860.000 # 1500
54862.518 - 88 4.834 1
54863.000 # 1500
54863.633 + 88 1
54864.000 # 1500
54865.674 - 88 2.041 1
54867.000 # 1500
54869.000 # 1500
54871.000 # 1500
54871.389 + 88 1
54874.000 # 1500
54874.336 + 88 1
54874.649 - 88 3.260 1
54876.000 # 1500
54877.084 - 88 2.748 1
54878.000 # 1500
54883.000 # 1500
54886.000 # 1500
54888.000 # 1500
54889.532 + 88 1
54890.000 # 1500
54892.056 - 88 2.524 1
54893.000 # 1500
54902.738 + 88 1
54912.000 # 1500
54912.000 # 1500
54912.656 - 88 9.918 1
54914.421 + 88 1
54916.000 # 1500
54916.000 # 1500
54916.401 + 88 1
54916.870 - 88 2.449 1
54922.000 # 1500
54922.890 + 88 1
54923.363 - 88 6.962 1
54924.000 # 1500
54925.297 - 88 2.407 1
54926.000 # 1500
54927.012 + 88 1
54930.000 # 1500
54931.028 - 88 4.016 1
54933.002 + 88 1
54936.000 # 1500
54936.948 - 88 3.946 1
54937.034 + 88 1
54941.956 + 88 1
54942.000 # 1500
54942.439 - 88 5.405 1
54947.734 + 88 1
54953.000 # 1500
54953.477 - 88 11.521 1
54953.499 - 88 5.765 1
54954.324 + 88 1
54956.000 # 1500
54957.231 - 88 2.907 1
54958.045 + 88 1
54962.000 # 1500
54962.000 # 1500
54962.000 # 1500
54963.087 - 88 5.042 1
54963.508 + 88 1
54967.000 # 1500
54968.870 - 88 5.362 1
54969.000 # 1500
54971.611 + 88 1
54975.669 + 88 1
54976.000 # 1500
54977.769 - 88 6.158 1
54977.792 - 88 2.123 1
54981.000 # 1500
54986.000 # 1500
54986.535 + 88 1
54992.000 # 1500
54992.263 + 88 1
54992.531 - 88 5.996 1
54996.179 + 88 1
54997.000 # 1500
54998.405 - 88 6.142 1
54998.428 - 88 2.249 1
55002.011 + 88 1
55004.000 # 1500
55005.090 - 88 3.079 1
55006.199 + 88 1
55008.000 # 1500
55009.007 - 88 2.808 1
55011.877 + 88 1
55015.000 # 1500
55016.140 - 88 4.263 1
55020.000 # 1500
55021.213 + 88 1
55026.201 + 88 1
55028.000 # 1500
55028.892 - 88 7.679 1
55028.915 - 88 2.714 1
55033.000 # 1500
55034.492 + 88 1
55038.000 # 1500
55039.241 - 88 4.749 1
55039.525 + 88 1
55051.000 # 1500
55051.000 # 1500
55051.000 # 1500
55052.147 - 88 12.622 1
55052.579 + 88 1
55055.000 # 1500
55055.410 + 88 1
55055.765 - 88 3.186 1
55058.000 # 1500
55059.803 - 88 4.393 1
55061.000 # 1500
55062.987 + 88 1
55066.000 # 1500
55067.620 - 88 4.633 1
55071.000 # 1500
55073.000 # 1500
55075.418 + 88 1
55075.520 + 88 1
55075.906 + 88 1
55077.000 # 1500
55077.371 - 88 1.953 1
55077.393 - 88 1.873 1
55077.401 - 88 1.495 1
55078.000 # 1500
55080.000 # 1500
55080.890 + 88 1
55084.000 # 1500
55085.147 - 88 4.257 1
55086.000 # 1500
55088.000 # 1500
55088.562 + 88 1
55091.000 # 1500
55092.056 - 88 3.494 1
55093.000 # 1500
55094.026 + 88 1
55097.000 # 1500
55097.869 + 88 1
55097.998 - 88 3.972 1
55099.000 # 1500
55100.712 - 88 2.843 1
55102.000 # 1500
55105.000 # 1500
55107.000 # 1500
55109.898 + 88 1
55110.000 # 1500
55110.383 + 88 1
55114.700 + 88 1
55118.757 + 88 1
55121.000 # 1500
55121.784 - 88 11.886 1
55121.856 - 88 11.473 1
55121.873 - 88 7.173 1
55121.882 - 88 3.125 1
55124.240 + 88 1
55127.000 # 1500
55128.068 - 88 3.828 1
55131.000 # 1500
55131.000 # 1500
55131.000 # 1500
55132.000 # 1500
55134.827 + 88 1
55135.324 + 88 1
55139.000 # 1500
55139.807 - 88 4.980 1
55139.828 - 88 4.504 1
55146.000 # 1500
55146.000 # 1500
55146.290 + 88 1
55150.000 # 1500
55150.406 + 88 1
55150.651 - 88 4.361 1
55153.000 # 1500
55155.043 + 88 1
55155.265 - 88 4.859 1
55157.000 # 1500
55159.000 # 1500
55159.099 - 88 4.056 1
55159.188 + 88 1
55161.000 # 1500
55161.935 - 88 2.747 1
55164.000 # 1500
55166.000 # 1500
55169.000 # 1500
55170.000 # 1500
55174.646 + 88 1
55174.710 + 88 1
55177.000 # 1500
55179.554 - 88 4.908 1
55179.575 - 88 4.865 1
55183.000 # 1500
55186.000 # 1500
55188.000 # 1500
55190.272 + 88 1
55190.396 + 88 1
55190.565 + 88 1
55191.000 # 1500
55192.211 - 88 1.939 1
55192.232 - 88 1.836 1
55192.239 - 88 1.674 1
55193.000 # 1500
55194.000 # 1500
55197.160 + 88 1
55200.000 # 1500
55201.986 - 88 4.826 1
55203.902 + 88 1
55214.620 + 88 1
55214.723 + 88 1
55216.534 + 88 1
55217.000 # 1500
55217.000 # 1500
55218.000 # 1500
55218.605 - 88 14.703 1
55218.628 - 88 4.008 1
55218.637 - 88 3.914 1
55218.643 - 88 2.109 1
55229.000 # 1500
55229.000 # 1500
55229.256 + 88 1
55234.095 + 88 1
55235.000 # 1500
55236.000 # 1500
55236.000 # 1500
55236.000 # 1500
55236.276 - 88 7.020 1
55236.299 - 88 2.204 1
55238.000 # 1500
55243.199 + 88 1
55247.000 # 1500
55247.000 # 1500
55247.000 # 1500
55248.000 # 1500
55248.000 # 1500
55248.110 - 88 4.911 1
55250.000 # 1500
55256.627 + 88 1
55258.786 + 88 1
55260.000 # 1500
55261.608 - 88 4.981 1
55261.629 - 88 2.843 1
55262.132 + 88 1
55263.000 # 1500
55263.721 - 88 1.589 1
55266.000 # 1500
55266.000 # 1500
55266.000 # 1500
55270.000 # 1500
55273.000 # 1500
55275.000 # 1500
55277.793 + 88 1
55278.000 # 1500
55279.000 # 1500
55279.610 - 88 1.817 1
55286.000 # 1500
55289.476 + 88 1
55290.000 # 1500
55291.305 - 88 1.829 1
55300.000 # 1500
55304.000 # 1500
55305.906 + 88 1
55310.000 # 1500
55312.748 - 88 6.842 1
55315.681 + 88 1
55316.000 # 1500
55317.669 - 88 1.988 1
55320.000 # 1500
55324.000 # 1500
55326.000 # 1500
55328.000 # 1500
55330.000 # 1500
55333.000 # 1500
55334.607 + 88 1
55335.000 # 1500
55336.000 # 1500
55336.620 + 88 1
55336.855 - 88 2.248 1
55338.000 # 1500
55339.732 - 88 3.112 1
55340.000 # 1500
55344.197 + 88 1
55348.000 # 1500
55349.280 - 88 5.083 1
55357.838 + 88 1
55367.000 # 1500
55367.000 # 1500
55367.000 # 1500
55368.648 - 88 10.810 1
55377.396 + 88 1
55392.179 + 88 1
55399.851 + 88 1
55418.391 + 88 1
55429.152 + 88 1
55436.000 # 1500
55436.983 - 88 59.587 1
55437.006 - 88 44.827 1
55437.015 - 88 37.164 1
55437.022 - 88 18.631 1
55437.030 - 88 7.878 1
55444.357 + 88 1
55460.075 + 88 1
55468.780 + 88 1
55482.360 + 88 1
55495.383 + 88 1
55508.804 + 88 1
55514.585 + 88 1
55522.485 + 88 1
55530.281 + 88 1
55539.045 + 88 1
55548.801 + 88 1
55554.673 + 88 1
55560.000 # 1500
55560.000 # 1500
55560.707 + 88 1
55560.960 - 88 116.603 1
55560.986 - 88 100.911 1
55560.994 - 88 92.214 1
55561.000 # 1500
55561.000 # 1500
55561.000 # 1500
55561.000 # 1500
55561.000 # 1500
55561.000 # 1500
55561.000 # 1500
55561.000 # 1500
55561.000 # 1500
55561.000 # 1500
55561.000 # 1500
55561.001 - 88 78.641 1
55561.007 - 88 65.624 1
55561.014 - 88 52.210 1
55561.020 - 88 46.435 1
55561.026 - 88 38.541 1
55561.033 - 88 30.752 1
55561.039 - 88 21.994 1
55561.046 - 88 12.245 1
55561.053 - 88 6.380 1
55562.000 # 1500
55562.000 # 1500
55562.000 # 1500
55562.000 # 1500
55562.531 - 88 1.824 1
55570.316 + 88 1
55577.337 + 88 1
55584.000 # 1500
55585.007 - 88 14.691 1
55585.029 - 88 7.692 1
55588.832 + 88 1
55595.701 + 88 1
55598.610 + 88 1
55605.459 + 88 1
55611.271 + 88 1
55617.165 + 88 1
55623.331 + 88 1
55624.000 # 1500
55625.060 - 88 36.228 1
55625.081 - 88 29.380 1
55625.088 - 88 26.478 1
55625.095 - 88 19.636 1
55625.101 - 88 13.830 1
55625.107 - 88 7.942 1
55625.114 - 88 1.783 1
55635.754 + 88 1
55638.911 + 88 1
55644.496 + 88 1
55650.361 + 88 1
55656.273 + 88 1
55660.167 + 88 1
55668.970 + 88 1
55678.699 + 88 1
55680.000 # 1500
55680.000 # 1500
55680.000 # 1500
55681.641 - 88 45.887 1
55681.664 - 88 42.753 1
55681.673 - 88 37.177 1
55681.680 - 88 31.319 1
55681.686 - 88 25.413 1
55681.693 - 88 21.526 1
55681.699 - 88 12.729 1
55681.705 - 88 3.006 1
55683.000 # 1500
55686.000 # 1500
55686.000 # 1500
55686.000 # 1500
55686.000 # 1500
55686.000 # 1500
55686.000 # 1500
55686.000 # 1500
55686.689 + 88 1
55687.000 # 1500
55687.000 # 1500
55687.000 # 1500
55687.000 # 1500
55687.000 # 1500
55687.000 # 1500
55687.000 # 1500
55687.000 # 1500
55687.000 # 1500
55687.000 # 1500
55688.502 - 88 1.813 1
55695.434 + 88 1
55703.150 + 88 1
55715.215 + 88 1
55722.550 + 88 1
55736.318 + 88 1
55742.105 + 88 1
55746.000 # 1500
55747.139 - 88 51.705 1
55747.169 - 88 44.019 1
55747.176 - 88 31.961 1
55747.185 - 88 24.635 1
55747.193 - 88 10.875 1
55747.199 - 88 5.094 1
55757.000 # 1500
55764.000 # 1500
55766.000 # 1500
55769.607 + 88 1
55769.833 + 88 1
55773.407 + 88 1
55782.000 # 1500
55783.259 - 88 13.652 1
55783.294 - 88 13.461 1
55783.302 - 88 9.895 1
55785.141 + 88 1
55786.000 # 1500
55786.000 # 1500
55786.000 # 1500
55787.147 - 88 2.006 1
55790.043 + 88 1
55794.000 # 1500
55794.987 + 88 1
55795.179 - 88 5.136 1
55801.765 + 88 1
55801.924 + 88 1
55812.541 + 88 1
55819.381 + 88 1
55819.521 + 88 1
55826.000 # 1500
55827.201 - 88 32.214 1
55827.223 - 88 25.458 1
55827.231 - 88 25.307 1
55827.237 - 88 14.696 1
55827.247 - 88 7.866 1
55827.254 - 88 7.733 1
55831.084 + 88 1
55837.000 # 1500
55837.655 - 88 6.571 1
55838.836 + 88 1
55841.838 + 88 1
55844.806 + 88 1
55847.000 # 1500
55847.781 - 88 8.945 1
55847.803 - 88 5.965 1
55847.811 - 88 3.005 1
55856.487 + 88 1
55860.000 # 1500
55861.236 - 88 4.749 1
55861.657 + 88 1
55870.143 + 88 1
55872.000 # 1500
55872.978 - 88 11.321 1
55873.006 - 88 2.863 1
55878.895 + 88 1
55895.549 + 88 1
55895.665 + 88 1
55901.395 + 88 1
55901.516 + 88 1
55908.373 + 88 1
55911.000 # 1500
55912.013 - 88 33.118 1
55912.044 - 88 16.495 1
55912.270 - 88 16.605 1
55912.295 - 88 10.900 1
55912.309 - 88 10.793 1
55912.322 - 88 3.949 1
55917.075 + 88 1
55926.825 + 88 1
55927.000 # 1500
55928.206 - 88 11.131 1
55928.233 - 88 1.408 1
55934.788 + 88 1
55937.000 # 1500
55938.399 - 88 3.611 1
55943.461 + 88 1
55951.000 # 1500
55952.008 - 88 8.547 1
55957.060 + 88 1
55961.938 + 88 1
55967.797 + 88 1
55973.000 # 1500
55974.457 - 88 17.397 1
55974.486 - 88 12.548 1
55974.500 - 88 6.703 1
55978.013 + 88 1
55987.000 # 1500
55988.138 - 88 10.125 1
55993.000 # 1500
55998.019 + 88 1
56000.000 # 1500
56000.237 - 88 2.218 1
56011.000 # 1500
56012.691 + 88 1
56020.000 # 1500
56020.499 + 88 1
56020.619 - 88 7.928 1
56030.000 # 1500
56031.199 - 88 10.700 1
56034.179 + 88 1
56050.810 + 88 1
56065.422 + 88 1
56068.000 # 1500
56069.359 - 88 35.180 1
56069.383 - 88 18.573 1
56069.391 - 88 3.969 1
56070.574 + 88 1
56077.000 # 1500
56078.279 + 88 1
56078.353 - 88 7.779 1
56085.000 # 1500
56085.949 - 88 7.670 1
56089.862 + 88 1
56094.000 # 1500
56094.855 + 88 1
56095.045 - 88 5.183 1
56103.000 # 1500
56104.432 - 88 9.577 1
56106.699 + 88 1
56117.211 + 88 1
56130.880 + 88 1
56133.000 # 1500
56134.919 + 88 1
56135.458 - 88 28.759 1
56135.488 - 88 18.277 1
56135.497 - 88 4.617 1
56145.000 # 1500
56146.379 - 88 11.460 1
56151.641 + 88 1
56156.000 # 1500
56157.215 - 88 5.574 1
56166.000 # 1500
56171.888 + 88 1
56184.000 # 1500
56185.406 - 88 13.518 1
56187.541 + 88 1
56193.000 # 1500
56194.313 - 88 6.772 1
56199.000 # 1500
56199.199 + 88 1
56205.000 # 1500
56206.005 - 88 6.806 1
56208.028 + 88 1
56212.000 # 1500
56212.828 - 88 4.800 1
56217.987 + 88 1
56220.000 # 1500
56220.630 - 88 2.643 1
56226.000 # 1500
56231.708 + 88 1
56233.000 # 1500
56234.360 - 88 2.652 1
56241.000 # 1500
56249.000 # 1500
56251.053 + 88 1
56255.000 # 1500
56255.858 - 88 4.805 1
56260.859 + 88 1
56263.000 # 1500
56264.601 - 88 3.742 1
56269.000 # 1500
56269.485 + 88 1
56276.000 # 1500
56277.320 - 88 7.835 1
56279.300 + 88 1
56283.000 # 1500
56283.987 - 88 4.687 1
56289.000 # 1500
56289.285 + 88 1
56296.000 # 1500
56296.811 - 88 7.526 1
56302.927 + 88 1
56303.000 # 1500
56303.186 - 88 0.259 1
56312.000 # 1500
56313.590 + 88 1
56317.000 # 1500
56318.466 - 88 4.876 1
56326.000 # 1500
56334.000 # 1500
56339.000 # 1500
56342.742 + 88 1
56346.000 # 1500
56347.526 + 88 1
56347.593 - 88 4.851 1
56354.000 # 1500
56355.526 - 88 8.000 1
56361.311 + 88 1
56362.000 # 1500
56362.555 + 88 1
56362.748 - 88 1.437 1
56368.102 + 88 1
56371.000 # 1500
56372.002 - 88 9.447 1
56372.025 - 88 3.923 1
56377.081 + 88 1
56391.589 + 88 1
56398.471 + 88 1
56400.000 # 1500
56401.270 - 88 24.189 1
56401.292 - 88 9.703 1
56401.300 - 88 2.829 1
56401.630 + 88 1
56407.000 # 1500
56408.209 - 88 6.579 1
56411.448 + 88 1
56418.000 # 1500
56419.857 - 88 8.409 1
56421.861 + 88 1
56426.000 # 1500
56426.681 - 88 4.820 1
56433.000 # 1500
56440.000 # 1500
56442.374 + 88 1
56442.561 + 88 1
56448.000 # 1500
56449.129 - 88 6.755 1
56449.152 - 88 6.591 1
56452.198 + 88 1
56469.000 # 1500
56470.633 - 88 18.435 1
56472.704 + 88 1
56477.000 # 1500
56478.701 - 88 5.997 1
56483.000 # 1500
56486.393 + 88 1
56491.000 # 1500
56492.143 - 88 5.750 1
56497.000 # 1500
56504.000 # 1500
56505.917 + 88 1
56511.000 # 1500
56511.651 - 88 5.734 1
56517.748 + 88 1
56525.000 # 1500
56526.380 - 88 8.632 1
56526.870 + 88 1
56538.129 + 88 1
56538.315 + 88 1
56544.212 + 88 1
56547.000 # 1500
56548.770 - 88 21.900 1
56548.792 - 88 10.663 1
56548.802 - 88 10.487 1
56548.809 - 88 4.597 1
56554.000 # 1500
56562.000 # 1500
56562.008 + 88 1
56564.090 + 88 1
56567.000 # 1500
56568.813 - 88 6.805 1
56568.837 - 88 4.747 1
56573.000 # 1500
56578.000 # 1500
56585.000 # 1500
56592.277 + 88 1
56593.000 # 1500
56594.171 - 88 1.894 1
56598.000 # 1500
56604.000 # 1500
56604.022 + 88 1
56609.000 # 1500
56609.943 - 88 5.921 1
56613.836 + 88 1
56615.000 # 1500
56615.850 - 88 2.014 1
56620.000 # 1500
56623.596 + 88 1
56626.000 # 1500
56627.379 - 88 3.783 1
56631.000 # 1500
56637.323 + 88 1
56638.000 # 1500
56639.059 + 88 1
56639.146 - 88 1.823 1
56645.000 # 1500
56645.997 - 88 6.938 1
56651.000 # 1500
56658.000 # 1500
56662.499 + 88 1
56669.000 # 1500
56670.357 - 88 7.858 1
56674.000 # 1500
56680.000 # 1500
56685.996 + 88 1
56686.000 # 1500
56690.812 + 88 1
56692.000 # 1500
56692.794 - 88 6.798 1
56692.817 - 88 2.005 1
56699.000 # 1500
56699.639 + 88 1
56706.000 # 1500
56706.545 + 88 1
56706.894 - 88 7.255 1
56712.000 # 1500
56712.220 + 88 1
56712.549 - 88 6.004 1
56718.000 # 1500
56719.217 - 88 6.997 1
56724.027 + 88 1
56727.000 # 1500
56727.988 - 88 3.961 1
56734.000 # 1500
56738.825 + 88 1
56739.000 # 1500
56746.000 # 1500
56746.447 + 88 1
56746.661 - 88 7.836 1
56752.000 # 1500
56752.397 + 88 1
56752.735 - 88 6.288 1
56759.000 # 1500
56761.208 - 88 8.811 1
56765.000 # 1500
56766.119 + 88 1
56768.967 + 88 1
56770.000 # 1500
56770.897 - 88 4.778 1
56770.919 - 88 1.952 1
56777.000 # 1500
56782.000 # 1500
56787.000 # 1500
56793.000 # 1500
56799.000 # 1500
56805.000 # 1500
56810.000 # 1500
56812.164 + 88 1
56817.000 # 1500
56817.790 - 88 5.626 1
56821.000 # 1500
56823.677 + 88 1
56827.000 # 1500
56828.489 - 88 4.812 1
56830.510 + 88 1
56834.000 # 1500
56834.942 - 88 4.432 1
56840.270 + 88 1
56841.000 # 1500
56842.183 - 88 1.913 1
56845.000 # 1500
56847.032 + 88 1
56850.000 # 1500
56850.951 - 88 3.919 1
56853.829 + 88 1
56857.000 # 1500
56857.768 - 88 3.939 1
56862.632 + 88 1
56866.000 # 1500
56868.730 - 88 6.098 1
56868.929 + 88 1
56872.000 # 1500
56872.617 - 88 3.688 1
56876.390 + 88 1
56877.000 # 1500
56878.319 - 88 1.929 1
56883.000 # 1500
56887.127 + 88 1
56888.000 # 1500
56889.168 + 88 1
56889.355 - 88 2.228 1
56894.000 # 1500
56895.007 - 88 5.839 1
56897.887 + 88 1
56899.000 # 1500
56899.897 - 88 2.010 1
56905.000 # 1500
56911.000 # 1500
56917.000 # 1500
56922.000 # 1500
56928.000 # 1500
56934.000 # 1500
56937.804 + 88 1
56939.000 # 1500
56939.818 - 88 2.014 1
56944.662 + 88 1
56945.000 # 1500
56946.756 - 88 2.094 1
56950.000 # 1500
56951.798 + 88 1
56955.651 + 88 1
56957.000 # 1500
56958.532 - 88 6.734 1
56958.565 - 88 2.914 1
56959.523 + 88 1
56962.000 # 1500
56963.366 - 88 3.843 1
56968.000 # 1500
56970.241 + 88 1
56974.000 # 1500
56975.062 - 88 4.821 1
56978.000 # 1500
56978.879 + 88 1
56985.000 # 1500
56985.623 - 88 6.744 1
56991.605 + 88 1
56992.000 # 1500
56993.426 - 88 1.821 1
56997.000 # 1500
56998.568 + 88 1
57002.000 # 1500
57003.129 - 88 4.561 1
57009.307 + 88 1
57009.530 + 88 1
57015.259 + 88 1
57016.000 # 1500
57016.904 - 88 7.597 1
57016.918 - 88 7.388 1
57016.923 - 88 1.664 1
57020.968 + 88 1
57022.000 # 1500
57022.758 - 88 1.790 1
57028.000 # 1500
57031.974 + 88 1
57033.000 # 1500
57033.527 - 88 1.553 1
57040.000 # 1500
57041.897 + 88 1
57045.000 # 1500
57045.222 - 88 3.325 1
57047.432 + 88 1
57050.000 # 1500
57051.115 - 88 3.683 1
57051.681 + 88 1
57057.000 # 1500
57057.702 + 88 1
57057.905 - 88 6.224 1
57063.000 # 1500
57064.497 - 88 6.795 1
57069.000 # 1500
57069.502 + 88 1
57069.624 + 88 1
57074.000 # 1500
57075.160 - 88 5.658 1
57075.188 - 88 5.564 1
57075.476 + 88 1
57084.000 # 1500
57084.929 - 88 9.453 1
57092.016 + 88 1
57097.842 + 88 1
57102.000 # 1500
57103.380 - 88 11.364 1
57103.411 - 88 5.569 1
57104.670 + 88 1
57107.879 + 88 1
57114.000 # 1500
57115.117 - 88 10.447 1
57115.145 - 88 7.266 1
57120.000 # 1500
57121.229 + 88 1
57121.408 + 88 1
57124.000 # 1500
57124.899 - 88 3.670 1
57124.927 - 88 3.519 1
57127.000 # 1500
57128.018 + 88 1
57130.000 # 1500
57130.747 - 88 2.729 1
57135.000 # 1500
57137.817 + 88 1
57138.000 # 1500
57139.654 - 88 1.837 1
57141.000 # 1500
57148.000 # 1500
57150.561 + 88 1
57154.000 # 1500
57155.175 - 88 4.614 1
57159.000 # 1500
57166.000 # 1500
57169.000 # 1500
57169.179 + 88 1
57173.000 # 1500
57173.715 - 88 4.536 1
57177.000 # 1500
57181.786 + 88 1
57183.000 # 1500
57184.146 - 88 2.360 1
57187.000 # 1500
57190.627 + 88 1
57190.756 + 88 1
57192.000 # 1500
57193.261 - 88 2.634 1
57193.290 - 88 2.534 1
57196.352 + 88 1
57197.000 # 1500
57198.118 - 88 1.766 1
57201.000 # 1500
57205.000 # 1500
57208.000 # 1500
57209.130 + 88 1
57209.384 + 88 1
57212.000 # 1500
57212.779 - 88 3.649 1
57212.810 - 88 3.426 1
57214.973 + 88 1
57216.000 # 1500
57216.655 - 88 1.682 1
57220.000 # 1500
57224.000 # 1500
57229.468 + 88 1
57231.000 # 1500
57232.267 - 88 2.799 1
57235.000 # 1500
57240.169 + 88 1
57241.000 # 1500
57242.014 - 88 1.845 1
57244.000 # 1500
57248.000 # 1500
57249.981 + 88 1
57252.000 # 1500
57252.513 - 88 2.532 1
57255.000 # 1500
57259.000 # 1500
57261.225 + 88 1
57263.000 # 1500
57264.109 - 88 2.884 1
57265.000 # 1500
57266.247 + 88 1
57270.000 # 1500
57271.040 - 88 4.793 1
57272.000 # 1500
57277.033 + 88 1
57278.000 # 1500
57278.857 - 88 1.824 1
57280.797 + 88 1
57281.000 # 1500
57282.676 - 88 1.879 1
57285.000 # 1500
57287.000 # 1500
57288.722 + 88 1
57289.118 + 88 1
57290.000 # 1500
57290.509 - 88 1.787 1
57290.537 - 88 1.419 1
57293.000 # 1500
57295.000 # 1500
57295.444 + 88 1
57298.000 # 1500
57299.312 - 88 3.868 1
57301.000 # 1500
57303.000 # 1500
57306.000 # 1500
57306.438 + 88 1
57306.523 + 88 1
57309.000 # 1500
57310.052 - 88 3.614 1
57310.082 - 88 3.559 1
57313.000 # 1500
57316.000 # 1500
57317.173 + 88 1
57319.000 # 1500
57319.869 - 88 2.696 1
57323.794 + 88 1
57324.000 # 1500
57325.194 - 88 1.400 1
57326.671 + 88 1
57327.000 # 1500
57328.095 - 88 1.424 1
57330.000 # 1500
57331.247 + 88 1
57333.000 # 1500
57333.456 - 88 2.209 1
57336.000 # 1500
57336.463 + 88 1
57338.411 + 88 1
57339.000 # 1500
57340.179 - 88 3.716 1
57340.199 - 88 1.788 1
57342.000 # 1500
57343.566 + 88 1
57344.000 # 1500
57345.178 - 88 1.612 1
57346.678 + 88 1
57347.000 # 1500
57348.087 - 88 1.409 1
57350.000 # 1500
57351.479 + 88 1
57356.000 # 1500
57356.980 - 88 5.501 1
57357.406 + 88 1
57358.000 # 1500
57358.972 - 88 1.566 1
57361.000 # 1500
57365.000 # 1500
57368.000 # 1500
57368.559 + 88 1
57368.876 + 88 1
57370.000 # 1500
57371.370 - 88 2.811 1
57371.410 - 88 2.534 1
57373.000 # 1500
57376.000 # 1500
57380.000 # 1500
57380.265 + 88 1
57383.000 # 1500
57384.321 - 88 4.056 1
57391.965 + 88 1
57392.303 + 88 1
57394.000 # 1500
57395.000 # 1500
57395.176 - 88 3.211 1
57395.190 - 88 2.887 1
57396.000 # 1500
57399.000 # 1500
57402.000 # 1500
57402.966 + 88 1
57404.000 # 1500
57404.874 - 88 1.908 1
57408.000 # 1500
57409.872 + 88 1
57413.000 # 1500
57413.564 - 88 3.692 1
57415.911 + 88 1
57417.000 # 1500
57417.552 - 88 1.641 1
57418.245 + 88 1
57420.000 # 1500
57420.944 - 88 2.699 1
57422.000 # 1500
57425.000 # 1500
57428.000 # 1500
57428.736 + 88 1
57431.000 # 1500
57431.823 + 88 1
57432.106 - 88 3.370 1
57435.000 # 1500
57436.089 - 88 4.266 1
57436.520 + 88 1
57438.000 # 1500
57439.014 - 88 2.494 1
57442.000 # 1500
57444.000 # 1500
57445.000 # 1500
57446.542 + 88 1
57447.000 # 1500
57448.666 - 88 2.124 1
57449.000 # 1500
57450.588 + 88 1
57451.000 # 1500
57452.202 - 88 1.614 1
57453.000 # 1500
57454.802 + 88 1
57456.000 # 1500
57456.406 - 88 1.604 1
57458.000 # 1500
57460.000 # 1500
57464.000 # 1500
57464.828 + 88 1
57465.131 + 88 1
57466.000 # 1500
57466.675 - 88 1.847 1
57466.696 - 88 1.565 1
57467.981 + 88 1
57468.000 # 1500
57470.000 # 1500
57470.479 - 88 2.498 1
57472.000 # 1500
57474.000 # 1500
57476.000 # 1500
57478.000 # 1500
57480.000 # 1500
57480.750 + 88 1
57482.000 # 1500
57482.996 - 88 2.246 1
57492.000 # 1500
57493.000 # 1500
57494.707 + 88 1
57498.030 + 88 1
57503.647 + 88 1
57503.924 + 88 1
57506.000 # 1500
57506.000 # 1500
57506.000 # 1500
57506.000 # 1500
57506.000 # 1500
57507.000 # 1500
57507.000 # 1500
57507.548 - 88 12.841 1
57507.568 - 88 9.538 1
57507.577 - 88 3.930 1
57507.584 - 88 3.660 1
57508.000 # 1500
57509.660 + 88 1
57511.000 # 1500
57512.290 - 88 2.630 1
57514.000 # 1500
57516.617 + 88 1
57526.000 # 1500
57526.000 # 1500
57526.000 # 1500
57526.000 # 1500
57527.000 # 1500
57528.312 - 88 11.695 1
57528.707 + 88 1
57528.836 + 88 1
57530.000 # 1500
57530.883 - 88 2.176 1
57530.904 - 88 2.068 1
57536.909 + 88 1
57539.763 + 88 1
57540.000 # 1500
57541.338 - 88 4.429 1
57541.358 - 88 1.595 1
57546.000 # 1500
57546.000 # 1500
57546.000 # 1500
57546.844 + 88 1
57549.000 # 1500
57549.399 - 88 2.555 1
57550.699 + 88 1
57550.949 + 88 1
57554.000 # 1500
57554.485 + 88 1
57554.879 - 88 4.180 1
57554.901 - 88 3.952 1
57558.000 # 1500
57559.208 - 88 4.723 1
57561.000 # 1500
57567.118 + 88 1
57569.679 + 88 1
57573.000 # 1500
57574.000 # 1500
57574.000 # 1500
57574.000 # 1500
57574.842 - 88 7.724 1
57574.857 + 88 1
57574.862 - 88 5.183 1
57576.000 # 1500
57576.697 - 88 1.840 1
57577.000 # 1500
57578.801 + 88 1
57579.000 # 1500
57579.106 - 88 0.305 1
57581.000 # 1500
57583.000 # 1500
57585.000 # 1500
57596.834 + 88 1
57597.099 + 88 1
57600.122 + 88 1
57606.000 # 1500
57606.000 # 1500
57606.000 # 1500
57606.000 # 1500
57606.000 # 1500
57606.000 # 1500
57606.000 # 1500
57607.115 - 88 10.281 1
57607.136 - 88 10.037 1
57607.144 - 88 7.022 1
57608.000 # 1500
57608.198 + 88 1
57608.327 + 88 1
57610.000 # 1500
57610.980 - 88 2.782 1
57611.001 - 88 2.674 1
57615.000 # 1500
57617.000 # 1500
57618.000 # 1500
57618.614 + 88 1
57620.000 # 1500
57621.634 - 88 3.020 1
57623.000 # 1500
57625.000 # 1500
57625.161 + 88 1
57627.000 # 1500
57627.680 - 88 2.519 1
57628.109 + 88 1
57632.487 + 88 1
57636.593 + 88 1
57638.000 # 1500
57639.315 - 88 11.206 1
57639.337 - 88 6.850 1
57639.345 - 88 2.752 1
57640.000 # 1500
57640.488 + 88 1
57641.000 # 1500
57641.000 # 1500
57642.164 - 88 1.676 1
57652.380 + 88 1
57656.581 + 88 1
57659.000 # 1500
57659.000 # 1500
57660.566 - 88 8.186 1
57660.590 - 88 4.009 1
57664.000 # 1500
57666.000 # 1500
57667.000 # 1500
57671.000 # 1500
57681.000 # 1500
57683.022 + 88 1
57684.951 + 88 1
57695.689 + 88 1
57696.437 + 88 1
57705.363 + 88 1
57707.385 + 88 1
57717.044 + 88 1
57719.051 + 88 1
57747.000 # 1500
57747.000 # 1500
57748.824 - 88 65.802 1
57748.844 - 88 63.893 1
57748.858 - 88 53.169 1
57748.865 - 88 52.428 1
57748.871 - 88 43.508 1
57748.877 - 88 41.492 1
57748.884 - 88 31.840 1
57748.890 - 88 29.839 1
57751.942 + 88 1
57752.334 + 88 1
57763.907 + 88 1
57773.696 + 88 1
57776.799 + 88 1
57792.606 + 88 1
57792.952 + 88 1
57797.127 + 88 1
57797.610 + 88 1
57807.000 # 1500
57808.426 - 88 56.484 1
57808.448 - 88 56.114 1
57808.456 - 88 44.549 1
57808.463 - 88 34.767 1
57808.470 - 88 31.671 1
57808.476 - 88 15.870 1
57808.484 - 88 15.532 1
57808.491 - 88 11.364 1
57808.497 - 88 10.887 1
57810.899 + 88 1
57815.197 + 88 1
57816.000 # 1500
57817.080 - 88 6.181 1
57817.102 - 88 1.905 1
57817.589 + 88 1
57821.000 # 1500
57822.426 - 88 4.837 1
57824.000 # 1500
57825.000 # 1500
57828.618 + 88 1
57832.331 + 88 1
57837.263 + 88 1
57838.000 # 1500
57838.000 # 1500
57839.503 - 88 10.885 1
57839.631 - 88 7.300 1
57839.659 - 88 2.396 1
57840.000 # 1500
57843.608 + 88 1
57848.017 + 88 1
57857.000 # 1500
57857.000 # 1500
57857.000 # 1500
57857.000 # 1500
57857.000 # 1500
57857.852 - 88 14.244 1
57857.871 - 88 9.854 1
57858.000 # 1500
57858.000 # 1500
57858.000 # 1500
57858.000 # 1500
57858.000 # 1500
57858.000 # 1500
57858.000 # 1500
57858.000 # 1500
57858.000 # 1500
57858.000 # 1500
57859.000 # 1500
57859.000 # 1500
57859.000 # 1500
57859.000 # 1500
57859.000 # 1500
57859.000 # 1500
57859.000 # 1500
57859.000 # 1500
57859.000 # 1500
57860.000 # 1500
57865.762 + 88 1
57865.946 + 88 1
57871.712 + 88 1
57878.580 + 88 1
57891.454 + 88 1
57894.151 + 88 1
57897.223 + 88 1
57897.410 + 88 1
57907.291 + 88 1
57913.850 + 88 1
57925.660 + 88 1
57932.400 + 88 1
57941.964 + 88 1
57951.401 + 88 1
57956.000 # 1500
57957.427 - 88 91.665 1
57957.461 - 88 91.515 1
57957.470 - 88 85.758 1
57957.477 - 88 78.897 1
57957.483 - 88 66.029 1
57957.490 - 88 63.339 1
57957.497 - 88 60.274 1
57957.504 - 88 60.094 1
57957.510 - 88 50.219 1
57957.517 - 88 43.667 1
57957.523 - 88 31.863 1
57957.534 - 88 25.134 1
57957.541 - 88 15.577 1
57957.548 - 88 6.147 1
57971.000 # 1500
57979.492 + 88 1
57980.435 + 88 1
57981.000 # 1500
57982.909 - 88 3.417 1
57982.941 - 88 2.506 1
57992.000 # 1500
57994.736 + 88 1
58002.408 + 88 1
58002.740 + 88 1
58018.030 + 88 1
58018.133 + 88 1
58022.431 + 88 1
58033.633 + 88 1
58039.494 + 88 1
58039.603 + 88 1
58043.000 # 1500
58044.321 - 88 49.585 1
58044.336 - 88 41.928 1
58044.344 - 88 41.604 1
58044.350 - 88 26.320 1
58044.358 - 88 26.225 1
58044.365 - 88 21.934 1
58044.372 - 88 10.739 1
58044.379 - 88 4.885 1
58044.385 - 88 4.782 1
58053.175 + 88 1
58058.102 + 88 1
58068.025 + 88 1
58068.382 + 88 1
58070.000 # 1500
58071.874 - 88 18.699 1
58072.044 - 88 13.942 1
58072.057 - 88 4.032 1
58072.064 - 88 3.682 1
58085.727 + 88 1
58093.478 + 88 1
58094.000 # 1500
58094.997 - 88 9.270 1
58095.027 - 88 1.549 1
58096.976 + 88 1
58100.702 + 88 1
58113.000 # 1500
58114.540 - 88 17.564 1
58114.570 - 88 13.868 1
58114.795 + 88 1
58114.897 + 88 1
58114.915 + 88 1
58119.943 + 88 1
58124.478 + 88 1
58138.000 # 1500
58139.210 + 88 1
58139.488 + 88 1
58139.710 - 88 24.915 1
58139.731 - 88 24.834 1
58139.740 - 88 24.825 1
58139.746 - 88 19.803 1
58139.753 - 88 15.275 1
58148.896 + 88 1
58149.171 + 88 1
58157.836 + 88 1
58160.000 # 1500
58161.518 - 88 22.308 1
58161.551 - 88 22.063 1
58161.559 - 88 12.663 1
58161.566 - 88 12.395 1
58161.573 - 88 3.737 1
58163.269 + 88 1
58167.153 + 88 1
58174.000 # 1500
58174.938 - 88 11.669 1
58174.970 - 88 7.817 1
58175.325 + 88 1
58178.555 + 88 1
58184.652 + 88 1
58194.518 + 88 1
58198.967 + 88 1
58204.104 + 88 1
58204.342 + 88 1
58217.881 + 88 1
58220.114 + 88 1
58240.586 + 88 1
58255.880 + 88 1
58256.477 + 88 1
58264.000 # 1500
58264.480 + 88 1
58264.936 - 88 89.611 1
58264.958 - 88 86.403 1
58264.966 - 88 80.314 1
58264.973 - 88 70.455 1
58264.979 - 88 66.012 1
58264.986 - 88 60.882 1
58264.992 - 88 60.650 1
58264.999 - 88 47.118 1
58265.000 # 1500
58265.000 # 1500
58265.000 # 1500
58265.005 - 88 44.891 1
58265.012 - 88 24.426 1
58265.019 - 88 9.139 1
58265.026 - 88 8.549 1
58266.642 - 88 2.162 1
58267.000 # 1500
58269.623 + 88 1
58273.607 + 88 1
58283.407 + 88 1
58286.000 # 1500
58287.540 - 88 17.917 1
58287.563 - 88 13.956 1
58287.571 - 88 4.164 1
58290.120 + 88 1
58293.000 # 1500
58293.608 - 88 3.488 1
58296.135 + 88 1
58298.796 + 88 1
58300.000 # 1500
58301.927 - 88 5.792 1
58301.947 - 88 3.151 1
58309.000 # 1500
58310.267 + 88 1
58312.590 + 88 1
58314.111 + 88 1
58319.000 # 1500
58320.003 - 88 9.736 1
58320.034 - 88 7.444 1
58320.041 - 88 5.930 1
58323.801 + 88 1
58326.279 + 88 1
58327.000 # 1500
58328.254 - 88 4.453 1
58328.275 - 88 1.996 1
58336.668 + 88 1
58337.291 + 88 1
58338.000 # 1500
58338.861 - 88 2.193 1
58338.881 - 88 1.590 1
58349.000 # 1500
58349.793 + 88 1
58350.224 + 88 1
58357.028 + 88 1
58359.000 # 1500
58359.625 - 88 9.832 1
58359.655 - 88 9.431 1
58359.663 - 88 2.635 1
58363.457 + 88 1
58363.797 + 88 1
58370.000 # 1500
58371.363 - 88 7.906 1
58371.501 - 88 7.704 1
58378.000 # 1500
58388.000 # 1500
58390.391 + 88 1
58392.993 + 88 1
58398.631 + 88 1
58399.000 # 1500
58400.484 - 88 10.093 1
58400.498 - 88 7.505 1
58400.506 - 88 1.875 1
58403.500 + 88 1
58407.186 + 88 1
58410.000 # 1500
58410.958 - 88 7.458 1
58410.981 - 88 3.795 1
58420.000 # 1500
58420.348 + 88 1
58427.269 + 88 1
58429.000 # 1500
58429.971 - 88 9.623 1
58430.000 - 88 2.731 1
58434.306 + 88 1
58438.000 # 1500
58439.049 - 88 4.743 1
58440.521 + 88 1
58443.744 + 88 1
58447.000 # 1500
58448.481 - 88 7.960 1
58448.503 - 88 4.759 1
58454.652 + 88 1
58457.207 + 88 1
58458.000 # 1500
58459.086 - 88 4.434 1
58459.108 - 88 1.901 1
58463.060 + 88 1
58467.000 # 1500
58468.065 - 88 5.005 1
58468.139 + 88 1
58468.237 + 88 1
58479.000 # 1500
58480.572 - 88 12.433 1
58480.603 - 88 12.366 1
58486.535 + 88 1
58488.000 # 1500
58489.401 - 88 2.866 1
58498.000 # 1500
58499.520 + 88 1
58504.371 + 88 1
58507.000 # 1500
58508.086 - 88 8.566 1
58508.107 - 88 3.736 1
58517.000 # 1500
58518.510 + 88 1
58526.000 # 1500
58527.588 - 88 9.078 1
58528.285 + 88 1
58533.503 + 88 1
58536.000 # 1500
58537.472 + 88 1
58537.650 - 88 9.365 1
58537.672 - 88 4.169 1
58546.000 # 1500
58546.902 - 88 9.430 1
58548.793 + 88 1
58549.037 + 88 1
58556.388 + 88 1
58557.000 # 1500
58558.058 - 88 9.265 1
58558.080 - 88 9.043 1
58558.088 - 88 1.700 1
58560.506 + 88 1
58566.000 # 1500
58567.588 - 88 7.082 1
58571.403 + 88 1
58575.000 # 1500
58576.243 - 88 4.840 1
58576.906 + 88 1
58578.458 + 88 1
58584.000 # 1500
58585.214 - 88 8.308 1
58585.235 - 88 6.777 1
58591.347 + 88 1
58594.000 # 1500
58594.826 - 88 3.479 1
58598.986 + 88 1
58606.000 # 1500
58606.537 - 88 7.551 1
58608.986 + 88 1
58612.441 + 88 1
58626.001 + 88 1
58628.618 + 88 1
58631.607 + 88 1
58633.000 # 1500
58634.535 - 88 25.549 1
58634.564 - 88 22.123 1
58634.572 - 88 8.571 1
58634.579 - 88 5.961 1
58634.585 - 88 2.978 1
58642.089 + 88 1
58646.000 # 1500
58646.565 - 88 4.476 1
58647.663 + 88 1
58653.000 # 1500
58654.151 - 88 6.488 1
58656.952 + 88 1
58660.495 + 88 1
58661.000 # 1500
58662.206 - 88 5.254 1
58662.227 - 88 1.732 1
58668.086 + 88 1
58672.000 # 1500
58672.863 - 88 4.777 1
58673.062 + 88 1
58677.551 + 88 1
58683.000 # 1500
58683.377 + 88 1
58683.796 - 88 10.734 1
58683.824 - 88 6.273 1
58693.694 + 88 1
58694.000 # 1500
58695.248 - 88 11.871 1
58695.280 - 88 1.586 1
58698.604 + 88 1
58706.000 # 1500
58707.367 - 88 8.763 1
58713.435 + 88 1
58713.638 + 88 1
58716.000 # 1500
58717.723 - 88 4.288 1
58717.751 - 88 4.113 1
58719.259 + 88 1
58723.771 + 88 1
58728.000 # 1500
58728.619 - 88 9.360 1
58728.641 - 88 4.870 1
58731.706 + 88 1
58746.929 + 88 1
58747.000 # 1500
58747.266 - 88 15.560 1
58747.344 + 88 1
58752.498 + 88 1
58762.684 + 88 1
58766.548 + 88 1
58777.000 # 1500
58777.056 + 88 1
58777.333 - 88 30.404 1
58777.354 - 88 30.010 1
58777.363 - 88 24.865 1
58777.371 - 88 14.687 1
58777.378 - 88 10.830 1
58780.871 + 88 1
58783.336 + 88 1
58787.000 # 1500
58788.676 - 88 11.620 1
58788.698 - 88 7.827 1
58788.706 - 88 5.370 1
58797.000 # 1500
58799.490 + 88 1
58799.932 + 88 1
58816.000 # 1500
58816.891 - 88 17.401 1
58816.903 - 88 16.971 1
58821.861 + 88 1
58827.000 # 1500
58827.773 - 88 5.912 1
58831.369 + 88 1
58840.730 + 88 1
58846.468 + 88 1
58851.968 + 88 1
58853.000 # 1500
58854.053 - 88 22.684 1
58854.076 - 88 13.346 1
58854.084 - 88 7.616 1
58854.091 - 88 2.123 1
58854.468 + 88 1
58871.547 + 88 1
58874.000 # 1500
58875.563 - 88 21.095 1
58875.584 - 88 4.037 1
58876.464 + 88 1
58887.000 # 1500
58889.253 - 88 12.789 1
58903.008 + 88 1
58908.655 + 88 1
58912.000 # 1500
58913.625 - 88 10.617 1
58913.652 - 88 4.997 1
58917.816 + 88 1
58921.540 + 88 1
58936.990 + 88 1
58938.000 # 1500
58939.023 - 88 21.207 1
58939.046 - 88 17.506 1
58939.054 - 88 2.064 1
58947.724 + 88 1
58956.000 # 1500
58957.061 - 88 9.337 1
58959.546 + 88 1
58963.357 + 88 1
58967.193 + 88 1
58971.000 # 1500
58972.207 - 88 12.661 1
58972.231 - 88 8.874 1
58972.240 - 88 5.047 1
58978.989 + 88 1
58988.200 + 88 1
59008.302 + 88 1
59058.990 + 88 1
59066.937 + 88 1
59073.717 + 88 1
59102.107 + 88 1
59102.219 + 88 1
59117.000 # 1500
59118.748 + 88 1
59118.828 - 88 139.839 1
59118.855 - 88 130.655 1
59118.864 - 88 110.562 1
59118.871 - 88 59.881 1
59118.878 - 88 51.941 1
59118.886 - 88 45.169 1
59118.893 - 88 16.786 1
59118.899 - 88 16.680 1
59119.075 + 88 1
59119.529 + 88 1
59136.806 + 88 1
59138.694 + 88 1
59145.409 + 88 1
59152.215 + 88 1
59159.043 + 88 1
59177.000 # 1500
59177.636 - 88 58.888 1
59177.661 - 88 58.586 1
59177.670 - 88 58.141 1
59177.677 - 88 40.871 1
59177.683 - 88 38.989 1
59177.690 - 88 32.281 1
59177.697 - 88 25.482 1
59177.704 - 88 18.661 1
59180.000 # 1500
59181.000 # 1500
59183.000 # 1500
59184.461 + 88 1
59191.266 + 88 1
59197.106 + 88 1
59201.000 # 1500
59202.076 - 88 17.615 1
59202.099 - 88 10.833 1
59202.107 - 88 5.001 1
59202.806 + 88 1
59204.000 # 1500
59204.918 - 88 2.112 1
59208.000 # 1500
59208.176 + 88 1
59210.000 # 1500
59210.861 - 88 2.685 1
59213.868 + 88 1
59218.000 # 1500
59218.569 + 88 1
59218.670 - 88 4.802 1
59228.329 + 88 1
59243.000 # 1500
59243.811 + 88 1
59244.221 - 88 25.652 1
59244.243 - 88 15.914 1
59251.353 + 88 1
59251.626 + 88 1
59261.000 # 1500
59263.931 - 88 20.120 1
59263.960 - 88 12.607 1
59263.969 - 88 12.343 1
59271.000 # 1500
59271.750 + 88 1
59274.663 + 88 1
59286.000 # 1500
59287.227 - 88 15.477 1
59287.248 - 88 12.585 1
59287.623 + 88 1
59293.000 # 1500
59295.130 - 88 7.507 1
59304.000 # 1500
59304.729 + 88 1
59312.000 # 1500
59313.615 - 88 8.886 1
59320.412 + 88 1
59323.000 # 1500
59324.259 - 88 3.847 1
59330.106 + 88 1
59331.000 # 1500
59332.068 - 88 1.962 1
59337.000 # 1500
59338.986 + 88 1
59341.000 # 1500
59341.849 - 88 2.863 1
59345.000 # 1500
59347.000 # 1500
59352.032 + 88 1
59353.000 # 1500
59353.657 - 88 1.625 1
59358.000 # 1500
59361.469 + 88 1
59364.000 # 1500
59365.678 - 88 4.209 1
59369.213 + 88 1
59373.000 # 1500
59374.117 - 88 4.904 1
59377.000 # 1500
59377.065 + 88 1
59381.000 # 1500
59381.876 - 88 4.811 1
59385.000 # 1500
59388.000 # 1500
59392.699 + 88 1
59393.000 # 1500
59394.656 - 88 1.957 1
59395.577 + 88 1
59400.000 # 1500
59401.426 - 88 5.849 1
59402.590 + 88 1
59408.272 + 88 1
59414.079 + 88 1
59417.000 # 1500
59419.529 - 88 16.939 1
59419.560 - 88 11.288 1
59419.575 - 88 5.496 1
59419.883 + 88 1
59423.000 # 1500
59424.345 - 88 4.462 1
59426.483 + 88 1
59430.662 + 88 1
59436.000 # 1500
59437.000 # 1500
59437.218 - 88 10.735 1
59437.246 - 88 6.584 1
59440.575 + 88 1
59448.000 # 1500
59449.987 - 88 9.412 1
59453.100 + 88 1
59454.000 # 1500
59454.950 + 88 1
59455.189 - 88 2.089 1
59458.000 # 1500
59458.918 - 88 3.968 1
59459.334 + 88 1
59461.000 # 1500
59462.207 - 88 2.873 1
59464.806 + 88 1
59466.000 # 1500
59467.600 - 88 2.794 1
59480.000 # 1500
59481.461 + 88 1
59491.000 # 1500
59492.152 - 88 10.691 1
59492.215 + 88 1
59498.000 # 1500
59498.000 # 1500
59498.835 - 88 6.620 1
59502.000 # 1500
59503.220 + 88 1
59505.000 # 1500
59505.860 - 88 2.640 1
59510.805 + 88 1
59512.000 # 1500
59512.000 # 1500
59513.489 - 88 2.684 1
59516.478 + 88 1
59522.287 + 88 1
59529.151 + 88 1
59535.000 + 88 1
59552.000 # 1500
59554.102 - 88 37.624 1
59554.125 - 88 31.838 1
59554.133 - 88 24.982 1
59554.140 - 88 19.140 1
59570.675 + 88 1
59571.000 # 1500
59572.576 - 88 1.901 1
59575.000 # 1500
59585.000 # 1500
59592.000 # 1500
59598.051 + 88 1
59614.512 + 88 1
59620.000 # 1500
59621.362 - 88 23.311 1
59621.386 - 88 6.874 1
59626.000 # 1500
59626.254 + 88 1
59633.000 # 1500
59634.069 + 88 1
59634.441 - 88 8.187 1
59639.000 # 1500
59640.032 - 88 5.963 1
59646.000 # 1500
59657.604 + 88 1
59664.776 + 88 1
59671.126 + 88 1
59676.182 + 88 1
59682.935 + 88 1
59687.922 + 88 1
59693.757 + 88 1
59699.619 + 88 1
59704.382 + 88 1
59710.164 + 88 1
59716.226 + 88 1
59725.991 + 88 1
59728.000 # 1500
59728.819 - 88 71.215 1
59728.845 - 88 64.069 1
59728.853 - 88 57.727 1
59728.860 - 88 52.678 1
59728.866 - 88 45.931 1
59728.873 - 88 40.951 1
59728.879 - 88 35.122 1
59728.887 - 88 29.268 1
59728.893 - 88 24.511 1
59728.900 - 88 18.736 1
59728.907 - 88 12.681 1
59728.913 - 88 2.922 1
59731.000 # 1500
59735.000 # 1500
59737.764 + 88 1
59738.000 # 1500
59738.000 # 1500
59739.000 # 1500
59739.677 - 88 1.913 1
59741.000 # 1500
59751.000 # 1500
59751.000 # 1500
59751.000 # 1500
59751.000 # 1500
59751.000 # 1500
59751.000 # 1500
59755.000 # 1500
59755.598 + 88 1
59759.000 # 1500
59760.125 - 88 4.527 1
59761.000 # 1500
59762.000 # 1500
59765.000 # 1500
59767.000 # 1500
59770.770 + 88 1
59776.454 + 88 1
59777.000 # 1500
59778.000 # 1500
59778.000 # 1500
59778.338 - 88 7.568 1
59778.361 - 88 1.907 1
59779.000 # 1500
59783.000 # 1500
59786.495 + 88 1
59793.000 # 1500
59793.999 - 88 7.504 1
59797.990 + 88 1
59800.000 # 1500
59800.740 - 88 2.750 1
59802.000 # 1500
59803.000 # 1500
59803.000 # 1500
59807.000 # 1500
59815.572 + 88 1
59820.000 # 1500
59820.000 # 1500
59820.000 # 1500
59820.655 + 88 1
59820.955 - 88 5.383 1
59826.389 + 88 1
59828.000 # 1500
59828.000 # 1500
59828.000 # 1500
59829.077 - 88 8.422 1
59829.099 - 88 2.710 1
59831.000 # 1500
59834.000 # 1500
59837.000 # 1500
59839.000 # 1500
59843.000 # 1500
59845.000 # 1500
59846.085 + 88 1
59847.000 # 1500
59847.647 - 88 1.562 1
59850.000 # 1500
59853.000 # 1500
59857.000 # 1500
59859.000 # 1500
59859.734 + 88 1
59864.000 # 1500
59864.397 - 88 4.663 1
59869.000 # 1500
59871.000 # 1500
59875.000 # 1500
59875.176 + 88 1
59879.000 # 1500
59879.886 - 88 4.710 1
59882.000 # 1500
59887.000 # 1500
59889.155 + 88 1
59890.000 # 1500
59890.619 - 88 1.464 1
59893.000 # 1500
59896.000 # 1500
59899.000 # 1500
59899.576 + 88 1
59903.000 # 1500
59904.331 - 88 4.755 1
59906.000 # 1500
59908.000 # 1500
59910.294 + 88 1
59911.000 # 1500
59912.087 - 88 1.793 1
59916.000 # 1500
59919.000 # 1500
59921.994 + 88 1
59925.000 # 1500
59925.834 - 88 3.840 1
59928.000 # 1500
59930.000 # 1500
59933.753 + 88 1
59935.000 # 1500
59936.566 - 88 2.813 1
59937.000 # 1500
59943.000 # 1500
59944.532 + 88 1
59946.000 # 1500
59947.263 - 88 2.731 1
59950.000 # 1500
59954.268 + 88 1
59955.000 # 1500
59956.059 - 88 1.791 1
59958.000 # 1500
59962.000 # 1500
59965.980 + 88 1
59966.000 # 1500
59969.000 # 1500
59969.776 - 88 3.796 1
59975.000 # 1500
59978.000 # 1500
59980.000 # 1500
59982.562 + 88 1
59993.000 # 1500
59994.346 - 88 11.784 1
59995.000 # 1500
59997.000 # 1500
59997.160 + 88 1
60002.000 # 1500
60003.000 # 1500
60003.006 - 88 5.846 1
60006.000 # 1500
60007.000 # 1500
60011.180 + 88 1
60013.000 # 1500
60014.659 - 88 3.479 1
60016.000 # 1500
60021.645 + 88 1
60023.000 # 1500
60024.084 - 88 2.439 1
60027.000 # 1500
60031.000 # 1500
60031.239 + 88 1
60035.000 # 1500
60036.264 - 88 5.025 1
60038.000 # 1500
60039.114 + 88 1
60044.000 # 1500
60045.131 - 88 6.017 1
60045.591 + 88 1
60048.000 # 1500
60049.846 - 88 4.255 1
60053.000 # 1500
60057.000 # 1500
60059.758 + 88 1
60060.203 + 88 1
60063.557 + 88 1
60064.000 # 1500
60065.525 - 88 5.767 1
60065.548 - 88 5.345 1
60065.558 - 88 2.001 1
60067.000 # 1500
60069.598 + 88 1
60070.000 # 1500
60071.415 - 88 1.817 1
60073.000 # 1500
60075.383 + 88 1
60076.000 # 1500
60077.145 - 88 1.762 1
60080.000 # 1500
60083.000 # 1500
60084.672 + 88 1
60085.000 # 1500
60086.944 - 88 2.272 1
60088.000 # 1500
60092.001 + 88 1
60095.000 # 1500
60096.185 - 88 4.184 1
60098.000 # 1500
60099.669 + 88 1
60107.507 + 88 1
60111.000 # 1500
60112.135 - 88 12.466 1
60112.158 - 88 4.651 1
60115.436 + 88 1
60123.157 + 88 1
60124.000 # 1500
60124.000 # 1500
60124.998 - 88 9.562 1
60125.000 # 1500
60125.020 - 88 1.863 1
60127.000 # 1500
60131.953 + 88 1
60136.831 + 88 1
60139.948 + 88 1
60143.000 # 1500
60143.653 - 88 11.700 1
60143.676 - 88 6.845 1
60143.684 - 88 3.736 1
60144.000 # 1500
60144.000 # 1500
60144.000 # 1500
60147.000 # 1500
60147.538 + 88 1
60149.000 # 1500
60150.402 - 88 2.864 1
60153.000 # 1500
60155.000 # 1500
60158.000 # 1500
60161.000 # 1500
60161.153 + 88 1
60163.124 + 88 1
60167.000 # 1500
60168.074 - 88 6.921 1
60168.098 - 88 4.974 1
60169.977 + 88 1
60170.000 # 1500
60176.000 # 1500
60176.836 - 88 6.859 1
60177.000 # 1500
60177.767 + 88 1
60182.000 # 1500
60182.713 - 88 4.946 1
60182.930 + 88 1
60187.000 # 1500
60187.592 - 88 4.662 1
60189.432 + 88 1
60191.000 # 1500
60192.538 - 88 3.106 1
60195.000 # 1500
60195.241 + 88 1
60197.000 # 1500
60198.219 - 88 2.978 1
60200.000 # 1500
60202.000 # 1500
60203.799 + 88 1
60207.000 # 1500
60208.516 - 88 4.717 1
60210.000 # 1500
60210.632 + 88 1
60212.000 # 1500
60213.418 - 88 2.786 1
60216.000 # 1500
60218.000 # 1500
60226.000 # 1500
60226.133 + 88 1
60228.000 # 1500
60229.036 - 88 2.903 1
60233.000 # 1500
60233.877 + 88 1
60237.000 # 1500
60237.819 - 88 3.942 1
60241.000 # 1500
60244.000 # 1500
60247.000 # 1500
60249.000 # 1500
60253.000 # 1500
60255.000 # 1500
60256.365 + 88 1
60260.000 # 1500
60261.000 # 1500
60261.289 - 88 4.924 1
60265.000 # 1500
60268.000 # 1500
60271.000 # 1500
60272.065 + 88 1
60273.000 # 1500
60276.000 # 1500
60278.000 # 1500
60280.340 - 88 8.275 1
60283.000 # 1500
60285.123 + 88 1
60287.000 # 1500
60288.095 - 88 2.972 1
60291.000 # 1500
60292.000 # 1500
60297.000 # 1500
60300.000 # 1500
60312.000 # 1500
60312.000 # 1500
60312.000 # 1500
60316.000 # 1500
60330.000 # 1500
60332.006 + 88 1
60333.000 # 1500
60334.020 - 88 2.014 1
60336.000 # 1500
60339.000 # 1500
60343.000 # 1500
60347.000 # 1500
60349.000 # 1500
60353.000 # 1500
60378.000 # 1500
60378.000 # 1500
60378.000 # 1500
60378.000 # 1500
60378.000 # 1500
60382.000 # 1500
60385.000 # 1500
60388.000 # 1500
60392.000 # 1500
60394.000 # 1500
60398.000 # 1500
60402.000 # 1500
60405.000 # 1500
60407.000 # 1500
60410.000 # 1500
60413.000 # 1500
60417.000 # 1500
60420.000 # 1500
60422.000 # 1500
60426.000 # 1500
60428.000 # 1500
60431.000 # 1500
60434.000 # 1500
60437.000 # 1500
60439.000 # 1500
60444.000 # 1500
60446.000 # 1500
60449.000 # 1500
60451.000 # 1500
60459.000 # 1500
60463.000 # 1500
60465.000 # 1500
60468.000 # 1500
60470.000 # 1500
60474.000 # 1500
60477.000 # 1500
60478.088 + 88 1
60483.000 # 1500
60483.961 - 88 5.873 1
60486.000 # 1500
60489.000 # 1500
60495.000 # 1500
60495.000 # 1500
60499.000 # 1500
60501.000 # 1500
60503.430 + 88 1
60504.000 # 1500
60505.410 - 88 1.980 1
60513.000 # 1500
60513.000 # 1500
60515.000 # 1500
60518.000 # 1500
60518.998 + 88 1
60519.000 # 1500
60524.000 # 1500
60524.995 - 88 5.997 1
60526.000 # 1500
60529.000 # 1500
60529.193 + 88 1
60534.000 # 1500
60535.674 - 88 6.481 1
60537.000 # 1500
60537.664 + 88 1
60539.000 # 1500
60540.737 - 88 3.073 1
60544.580 + 88 1
60547.000 # 1500
60548.000 # 1500
60548.679 - 88 4.099 1
60550.296 + 88 1
60552.000 # 1500
60553.276 - 88 2.980 1
60554.000 # 1500
60558.000 # 1500
60559.000 # 1500
60561.000 # 1500
60563.000 # 1500
60563.134 + 88 1
60565.000 # 1500
60565.956 - 88 2.822 1
60567.000 # 1500
60571.942 + 88 1
60572.000 # 1500
60573.681 + 88 1
60574.000 # 1500
60575.753 - 88 3.811 1
60575.774 - 88 2.093 1
60576.000 # 1500
60578.000 # 1500
60580.000 # 1500
60581.000 # 1500
60585.000 # 1500
60586.000 # 1500
60588.000 # 1500
60596.000 # 1500
60596.000 # 1500
60597.000 # 1500
60599.000 # 1500
60603.000 # 1500
60610.824 + 88 1
60612.000 # 1500
60613.819 - 88 2.995 1
60614.000 # 1500
60617.000 # 1500
60619.000 # 1500
60621.000 # 1500
60624.000 # 1500
60627.000 # 1500
60632.000 # 1500
60633.000 # 1500
60633.314 + 88 1
60637.000 # 1500
60638.388 - 88 5.074 1
60641.000 # 1500
60644.000 # 1500
60646.000 # 1500
60648.000 # 1500
60659.000 # 1500
60659.000 # 1500
60659.000 # 1500
60659.000 # 1500
60661.177 + 88 1
60662.000 # 1500
60663.000 # 1500
60663.113 - 88 1.936 1
60665.000 # 1500
60667.000 # 1500
60671.000 # 1500
60672.000 # 1500
60676.000 # 1500
60678.000 # 1500
60687.000 # 1500
60687.000 # 1500
60687.000 # 1500
60687.000 # 1500
60689.000 # 1500
60691.413 + 88 1
60692.000 # 1500
60693.437 - 88 2.024 1
60696.000 # 1500
60699.000 # 1500
60702.145 + 88 1
60704.000 # 1500
60705.753 - 88 3.608 1
60707.000 # 1500
60709.000 # 1500
60711.000 # 1500
60712.000 # 1500
60715.000 # 1500
60717.000 # 1500
60719.000 # 1500
60721.000 # 1500
60724.000 # 1500
60726.000 # 1500
60728.000 # 1500
60733.000 # 1500
60733.000 # 1500
60735.000 # 1500
60738.000 # 1500
60740.000 # 1500
60742.000 # 1500
60747.000 # 1500
60754.000 # 1500
60754.000 # 1500
60756.000 # 1500
60764.018 + 88 1
60765.000 # 1500
60766.000 # 1500
60766.199 - 88 2.181 1
60768.000 # 1500
60771.000 # 1500
60773.000 # 1500
60775.000 # 1500
60777.000 # 1500
60778.000 # 1500
60786.729 + 88 1
60803.000 # 1500
60803.000 # 1500
60805.400 - 88 18.671 1
60806.000 # 1500
60811.000 # 1500
60811.244 + 88 1
60817.000 # 1500
60817.994 - 88 6.750 1
60819.000 # 1500
60822.000 # 1500
60826.000 # 1500
60828.000 # 1500
60834.000 # 1500
60836.000 # 1500
60838.000 # 1500
60839.000 # 1500
60841.000 # 1500
60843.000 # 1500
60843.301 + 88 1
60846.000 # 1500
60847.199 - 88 3.898 1
60848.000 # 1500
60853.000 # 1500
60855.000 # 1500
60857.000 # 1500
60861.878 + 88 1
60883.038 + 88 1
60887.000 # 1500
60888.046 - 88 26.168 1
60888.070 - 88 5.032 1
60891.000 # 1500
60891.000 # 1500
60892.000 # 1500
60892.000 # 1500
60892.000 # 1500
60892.000 # 1500
60896.000 # 1500
60908.000 # 1500
60913.000 # 1500
60914.560 + 88 1
60915.000 # 1500
60916.000 # 1500
60916.357 - 88 1.797 1
60919.000 # 1500
60921.000 # 1500
60923.000 # 1500
60926.000 # 1500
60928.000 # 1500
60930.000 # 1500
60932.100 + 88 1
60936.000 # 1500
60936.000 # 1500
60936.852 - 88 4.752 1
60938.000 # 1500
60940.000 # 1500
60942.000 # 1500
60944.000 # 1500
60945.000 # 1500
60947.000 # 1500
60948.596 + 88 1
60949.000 # 1500
60950.528 - 88 1.932 1
60951.000 # 1500
60954.000 # 1500
60965.000 # 1500
60976.000 # 1500
60983.000 # 1500
60984.000 # 1500
60986.000 # 1500
60988.000 # 1500
60991.000 # 1500
60993.000 # 1500
60996.000 # 1500
60997.000 # 1500
60998.000 # 1500
61000.088 + 88 1
61002.000 # 1500
61003.308 - 88 3.220 1
61004.000 # 1500
61006.000 # 1500
61009.000 # 1500
61011.000 # 1500
61013.000 # 1500
61015.000 # 1500
61017.000 # 1500
61018.000 # 1500
61020.000 # 1500
61021.000 # 1500
61022.000 # 1500
61025.000 # 1500
61026.000 # 1500
61027.000 # 1500
61030.000 # 1500
61032.000 # 1500
61034.000 # 1500
61037.000 # 1500
61040.000 # 1500
61041.000 # 1500
61043.000 # 1500
61045.000 # 1500
61046.000 # 1500
61048.000 # 1500
61049.000 # 1500
61052.000 # 1500
61055.000 # 1500
61058.000 # 1500
61059.000 # 1500
61061.000 # 1500
61063.000 # 1500
61064.878 + 88 1
61065.000 # 1500
61065.313 - 88 0.435 1
61067.000 # 1500
61069.000 # 1500
61071.000 # 1500
61074.000 # 1500
61074.611 + 88 1
61075.000 # 1500
61076.481 - 88 1.870 1
61077.000 # 1500
61078.000 # 1500
61082.000 # 1500
61084.000 # 1500
61084.442 + 88 1
61086.000 # 1500
61087.357 - 88 2.915 1
61088.000 # 1500
61091.000 # 1500
61092.128 + 88 1
61093.000 # 1500
61093.928 - 88 1.800 1
61095.000 # 1500
61098.000 # 1500
61099.224 + 88 1
61100.000 # 1500
61100.909 - 88 1.685 1
61102.000 # 1500
61104.000 # 1500
61107.000 # 1500
61107.901 + 88 1
61109.000 # 1500
61109.594 - 88 1.693 1
61113.000 # 1500
61114.000 # 1500
61116.000 # 1500
61117.666 + 88 1
61118.000 # 1500
61119.682 - 88 2.016 1
61123.000 # 1500
61123.335 + 88 1
61125.000 # 1500
61126.186 - 88 2.851 1
61127.000 # 1500
61129.000 # 1500
61131.000 # 1500
61131.147 + 88 1
61133.000 # 1500
61134.040 - 88 2.893 1
61135.000 # 1500
61136.972 + 88 1
61137.000 # 1500
61138.000 # 1500
61138.920 - 88 1.948 1
61141.000 # 1500
61144.848 + 88 1
61145.000 # 1500
61147.000 # 1500
61147.875 - 88 3.027 1
61148.000 # 1500
61150.000 # 1500
61150.694 + 88 1
61152.000 # 1500
61152.650 - 88 1.956 1
61155.000 # 1500
61156.000 # 1500
61157.000 # 1500
61162.431 + 88 1
61162.588 + 88 1
61163.000 # 1500
61163.000 # 1500
61164.346 - 88 1.915 1
61164.368 - 88 1.780 1
61165.000 # 1500
61169.372 + 88 1
61176.000 # 1500
61176.000 # 1500
61176.000 # 1500
61176.000 # 1500
61176.000 # 1500
61177.194 - 88 7.822 1
61179.000 # 1500
61181.000 # 1500
61182.000 # 1500
61182.146 + 88 1
61184.000 # 1500
61184.979 - 88 2.833 1
61184.993 + 88 1
61188.000 # 1500
61188.716 - 88 3.723 1
61190.000 # 1500
61192.000 # 1500
61193.940 + 88 1
61195.000 # 1500
61195.597 - 88 1.657 1
61197.000 # 1500
61200.000 # 1500
61202.000 # 1500
61202.671 + 88 1
61205.000 # 1500
61206.393 - 88 3.722 1
61207.000 # 1500
61208.000 # 1500
61209.442 + 88 1
61210.000 # 1500
61211.259 - 88 1.817 1
61212.000 # 1500
61214.000 # 1500
61215.187 + 88 1
61217.000 # 1500
61218.026 - 88 2.839 1
61219.000 # 1500
61220.252 + 88 1
61226.000 # 1500
61226.894 - 88 6.642 1
61228.000 # 1500
61229.000 # 1500
61229.017 + 88 1
61232.000 # 1500
61232.668 - 88 3.651 1
61233.000 # 1500
61234.820 + 88 1
61237.000 # 1500
61237.000 # 1500
61237.599 - 88 2.779 1
61239.000 # 1500
61239.589 + 88 1
61240.000 # 1500
61241.847 - 88 2.258 1
61243.000 # 1500
61244.000 # 1500
61245.000 # 1500
61245.417 + 88 1
61248.000 # 1500
61249.304 + 88 1
61249.401 - 88 3.984 1
61252.000 # 1500
61253.000 # 1500
61253.037 - 88 3.733 1
61256.000 # 1500
61256.424 + 88 1
61257.000 # 1500
61258.063 - 88 1.639 1
61259.224 + 88 1
61261.000 # 1500
61262.050 - 88 2.826 1
61263.117 + 88 1
61266.000 # 1500
61266.963 - 88 3.846 1
61269.016 + 88 1
61270.000 # 1500
61270.000 # 1500
61271.032 - 88 2.016 1
61272.903 + 88 1
61275.000 # 1500
61275.661 - 88 2.758 1
61277.000 # 1500
61279.000 # 1500
61280.000 # 1500
61282.705 + 88 1
61282.819 + 88 1
61284.000 # 1500
61284.589 + 88 1
61285.003 - 88 2.298 1
61285.025 - 88 2.206 1
61286.000 # 1500
61287.465 - 88 2.876 1
61287.978 + 88 1
61297.000 # 1500
61297.000 # 1500
61297.000 # 1500
61298.141 - 88 10.163 1
61301.299 + 88 1
61301.426 + 88 1
61301.461 + 88 1
61301.493 + 88 1
61304.986 + 88 1
61307.000 # 1500
61307.000 # 1500
61307.000 # 1500
61307.000 # 1500
61307.000 # 1500
61308.537 - 88 7.238 1
61308.538 + 88 1
61308.559 - 88 7.133 1
61308.567 - 88 7.106 1
61308.574 - 88 7.081 1
61308.581 - 88 3.595 1
61310.000 # 1500
61311.000 # 1500
61311.333 - 88 2.795 1
61312.000 # 1500
61313.000 # 1500
61315.798 + 88 1
61316.000 # 1500
61316.000 # 1500
61316.108 + 88 1
61317.000 # 1500
61318.000 # 1500
61318.030 + 88 1
61318.321 - 88 2.523 1
61318.348 - 88 2.240 1
61319.794 + 88 1
61321.668 + 88 1
61322.000 # 1500
61323.512 - 88 5.482 1
61323.535 - 88 3.741 1
61323.543 - 88 1.875 1
61324.000 # 1500
61324.000 # 1500
61325.000 # 1500
61325.733 + 88 1
61327.000 # 1500
61327.570 + 88 1
61327.669 - 88 1.936 1
61329.000 # 1500
61330.471 - 88 2.901 1
61330.620 + 88 1
61331.000 # 1500
61332.000 # 1500
61333.000 # 1500
61333.275 - 88 2.655 1
61333.481 + 88 1
61335.320 + 88 1
61337.240 + 88 1
61339.170 + 88 1
61344.000 # 1500
61344.309 + 88 1
61344.806 - 88 11.325 1
61344.828 - 88 9.508 1
61344.836 - 88 7.596 1
61344.844 - 88 5.674 1
61347.905 + 88 1
61350.930 + 88 1
61351.000 # 1500
61351.395 - 88 7.086 1
61351.416 - 88 3.511 1
61353.897 + 88 1
61354.000 # 1500
61354.349 - 88 3.419 1
61355.000 # 1500
61356.014 - 88 2.117 1
61356.022 + 88 1
61357.684 + 88 1
61367.000 # 1500
61367.000 # 1500
61368.000 # 1500
61368.000 # 1500
61368.000 # 1500
61368.000 # 1500
61368.000 # 1500
61368.485 - 88 12.463 1
61368.506 - 88 10.822 1
61368.574 + 88 1
61368.692 + 88 1
61369.000 # 1500
61370.000 # 1500
61370.400 - 88 1.826 1
61370.420 - 88 1.728 1
61372.000 # 1500
61374.000 # 1500
61375.000 # 1500
61377.000 # 1500
61377.383 + 88 1
61377.425 + 88 1
61377.456 + 88 1
61377.488 + 88 1
61378.000 # 1500
61379.274 - 88 1.891 1
61379.297 - 88 1.872 1
61379.650 - 88 2.194 1
61379.684 - 88 2.196 1
61381.000 # 1500
61381.219 + 88 1
61383.000 # 1500
61384.000 # 1500
61384.344 - 88 3.125 1
61384.575 + 88 1
61386.000 # 1500
61387.983 - 88 3.408 1
61388.000 # 1500
61388.452 + 88 1
61389.000 # 1500
61389.933 - 88 1.481 1
61390.361 + 88 1
61392.000 # 1500
61392.866 + 88 1
61393.000 # 1500
61393.096 - 88 2.735 1
61395.000 # 1500
61395.988 - 88 3.122 1
61396.000 # 1500
61396.222 + 88 1
61397.000 # 1500
61397.735 + 88 1
61398.129 - 88 1.907 1
61399.130 + 88 1
61401.000 # 1500
61401.867 - 88 4.132 1
61401.887 - 88 2.757 1
61402.000 # 1500
61403.000 # 1500
61405.000 # 1500
61406.000 # 1500
61407.000 # 1500
61409.882 + 88 1
61409.993 + 88 1
61410.000 # 1500
61410.028 + 88 1
61411.523 + 88 1
61413.000 # 1500
61413.000 # 1500
61413.446 - 88 3.564 1
61413.465 - 88 3.472 1
61413.482 - 88 3.454 1
61413.495 - 88 1.972 1
61414.000 # 1500
61416.000 # 1500
61417.723 + 88 1
61417.834 + 88 1
61417.886 + 88 1
61418.000 # 1500
61418.038 - 88 0.315 1
61419.432 + 88 1
61421.000 # 1500
61422.000 # 1500
61422.197 - 88 4.363 1
61422.226 - 88 4.340 1
61422.241 - 88 2.809 1
61431.942 + 88 1
61432.000 # 1500
61432.000 # 1500
61432.000 # 1500
61432.000 # 1500
61432.049 + 88 1
61432.083 + 88 1
61440.884 + 88 1
61442.000 # 1500
61442.000 # 1500
61442.000 # 1500
61442.000 # 1500
61442.538 - 88 10.596 1
61442.565 - 88 10.516 1
61442.580 - 88 10.497 1
61442.596 - 88 1.712 1
61442.712 + 88 1
61445.000 # 1500
61446.000 # 1500
61446.499 - 88 3.787 1
61447.000 # 1500
61448.571 + 88 1
61450.000 # 1500
61451.375 - 88 2.804 1
61451.496 + 88 1
61453.000 # 1500
61453.196 + 88 1
61453.306 + 88 1
61453.340 + 88 1
61453.458 - 88 1.962 1
61455.000 # 1500
61456.000 # 1500
61456.154 - 88 2.958 1
61456.179 - 88 2.873 1
61456.193 - 88 2.853 1
61459.000 # 1500
61461.000 # 1500
61462.297 + 88 1
61462.405 + 88 1
61462.439 + 88 1
61464.414 + 88 1
61467.000 # 1500
61468.137 + 88 1
61468.297 - 88 6.000 1
61468.321 - 88 5.916 1
61468.335 - 88 5.896 1
61468.349 - 88 3.935 1
61476.000 # 1500
61476.679 - 88 8.542 1
61478.497 + 88 1
61478.540 + 88 1
61481.000 # 1500
61482.000 # 1500
61482.441 - 88 3.944 1
61482.462 - 88 3.922 1
61483.070 + 88 1
61486.000 # 1500
61487.348 - 88 4.278 1
61488.000 # 1500
61488.000 # 1500
61488.047 + 88 1
61488.086 + 88 1
61489.250 + 88 1
61491.000 # 1500
61491.000 # 1500
61491.606 + 88 1
61491.713 - 88 3.666 1
61491.765 - 88 3.679 1
61491.788 - 88 2.538 1
61494.381 + 88 1
61503.552 + 88 1
61503.664 + 88 1
61504.000 # 1500
61504.000 # 1500
61504.034 - 88 12.428 1
61504.060 - 88 9.679 1
61504.075 - 88 0.523 1
61504.089 - 88 0.425 1
61504.906 + 88 1
61506.891 + 88 1
61507.653 + 88 1
61510.692 + 88 1
61518.525 + 88 1
61523.570 + 88 1
61523.681 + 88 1
61523.715 + 88 1
61523.747 + 88 1
61525.442 + 88 1
61535.459 + 88 1
61535.499 + 88 1
61535.540 + 88 1
61535.572 + 88 1
61537.173 + 88 1
61538.457 + 88 1
61540.309 + 88 1
61542.040 + 88 1
61551.081 + 88 1
61551.187 + 88 1
61552.932 + 88 1
61556.696 + 88 1
61556.802 + 88 1
61556.837 + 88 1
61561.597 + 88 1
61562.709 + 88 1
61564.532 + 88 1
61564.642 + 88 1
61569.000 # 1500
61570.000 # 1500
61570.362 - 88 65.456 1
61570.388 - 88 63.497 1
61570.403 - 88 62.750 1
61570.417 - 88 59.725 1
61570.431 - 88 51.906 1
61570.445 - 88 46.875 1
61570.458 - 88 46.777 1
61570.472 - 88 46.757 1
61570.485 - 88 46.738 1
61570.498 - 88 45.056 1
61570.512 - 88 35.053 1
61570.525 - 88 35.026 1
61570.538 - 88 34.998 1
61570.552 - 88 34.980 1
61570.565 - 88 33.392 1
61570.578 - 88 32.121 1
61570.592 - 88 30.283 1
61570.605 - 88 28.565 1
61570.618 - 88 19.537 1
61570.631 - 88 19.444 1
61570.644 - 88 17.712 1
61570.657 - 88 13.961 1
61570.670 - 88 13.868 1
61570.683 - 88 13.846 1
61570.696 - 88 9.099 1
61570.709 - 88 8.000 1
61570.722 - 88 6.190 1
61570.735 - 88 6.093 1
61572.297 + 88 1
61574.718 + 88 1
61575.000 # 1500
61575.053 - 88 2.756 1
61575.080 - 88 0.362 1
61577.092 + 88 1
61578.298 + 88 1
61578.404 + 88 1
61589.871 + 88 1
61595.771 + 88 1
61595.884 + 88 1
61595.919 + 88 1
61603.468 + 88 1
61603.583 + 88 1
61603.618 + 88 1
61605.756 + 88 1
61607.047 + 88 1
61608.000 # 1500
61608.671 - 88 31.579 1
61608.693 - 88 30.395 1
61608.701 - 88 30.297 1
61608.709 - 88 18.838 1
61608.715 - 88 12.944 1
61608.722 - 88 12.838 1
61608.728 - 88 12.809 1
61608.735 - 88 5.267 1
61608.741 - 88 5.158 1
61608.749 - 88 5.131 1
61608.755 - 88 2.999 1
61608.762 - 88 1.715 1
61609.700 + 88 1
61611.000 # 1500
61611.493 + 88 1
61612.284 - 88 2.584 1
61617.000 # 1500
61617.569 - 88 6.076 1
61620.000 # 1500
61628.056 + 88 1
61628.167 + 88 1
61628.201 + 88 1
61628.241 + 88 1
61629.168 + 88 1
61629.204 + 88 1
61629.236 + 88 1
61632.850 + 88 1
61633.000 # 1500
61633.270 - 88 5.214 1
61633.299 - 88 5.132 1
61633.307 - 88 5.106 1
61633.314 - 88 5.073 1
61633.321 - 88 4.153 1
61633.328 - 88 4.124 1
61633.353 - 88 4.117 1
61636.000 # 1500
61636.969 - 88 4.119 1
61637.000 # 1500
61637.000 # 1500
61638.000 # 1500
61639.000 # 1500
61643.000 # 1500
61643.000 # 1500
61643.000 # 1500
61643.000 # 1500
61643.000 # 1500
61643.000 # 1500
61643.546 + 88 1
61643.976 + 88 1
61644.000 # 1500
61644.000 # 1500
61644.000 # 1500
61644.000 # 1500
61644.000 # 1500
61644.104 + 88 1
61644.145 + 88 1
61644.177 + 88 1
61644.434 - 88 0.888 1
61644.846 + 88 1
61646.523 + 88 1
61647.821 + 88 1
61650.489 + 88 1
61650.599 + 88 1
61654.267 + 88 1
61654.375 + 88 1
61656.409 + 88 1
61656.516 + 88 1
61659.224 + 88 1
61662.089 + 88 1
61664.262 + 88 1
61664.371 + 88 1
61667.011 + 88 1
61668.315 + 88 1
61669.967 + 88 1
61670.000 # 1500
61670.000 # 1500
61670.000 # 1500
61670.000 # 1500
61670.510 - 88 26.534 1
61670.533 - 88 26.429 1
61670.542 - 88 26.397 1
61670.549 - 88 26.372 1
61670.556 - 88 25.710 1
61670.563 - 88 24.040 1
61670.569 - 88 22.748 1
61670.576 - 88 20.087 1
61670.583 - 88 19.984 1
61670.590 - 88 16.323 1
61670.597 - 88 16.222 1
61670.756 - 88 14.347 1
61670.766 - 88 14.250 1
61670.773 - 88 11.549 1
61670.780 - 88 8.691 1
61670.786 - 88 6.524 1
61670.793 - 88 6.422 1
61670.800 - 88 3.789 1
61670.807 - 88 2.492 1
61671.000 # 1500
61671.000 # 1500
61671.000 # 1500
61671.000 # 1500
61671.000 # 1500
61671.000 # 1500
61671.000 # 1500
61671.000 # 1500
61671.000 # 1500
61671.000 # 1500
61671.340 + 88 1
61671.465 + 88 1
61672.000 # 1500
61672.000 # 1500
61672.000 # 1500
61672.000 # 1500
61672.000 # 1500
61672.000 # 1500
61672.000 # 1500
61672.000 # 1500
61672.141 - 88 2.174 1
61673.000 # 1500
61673.000 # 1500
61673.607 - 88 2.267 1
61673.637 - 88 2.172 1
61673.808 + 88 1
61675.000 # 1500
61675.982 + 88 1
61676.511 - 88 2.703 1
61677.161 + 88 1
61678.000 # 1500
61678.897 + 88 1
61678.963 - 88 2.981 1
61678.983 - 88 1.822 1
61680.000 # 1500
61680.080 + 88 1
61680.361 - 88 1.464 1
61681.000 # 1500
61681.716 - 88 1.636 1
61682.830 + 88 1
61683.000 # 1500
61683.978 + 88 1
61685.000 # 1500
61685.611 - 88 2.781 1
61685.632 - 88 1.654 1
61685.644 + 88 1
61686.000 # 1500
61687.611 - 88 1.967 1
61687.985 + 88 1
61688.000 # 1500
61689.278 + 88 1
61690.000 # 1500
61690.700 + 88 1
61690.725 - 88 2.740 1
61690.745 - 88 1.467 1
61692.000 # 1500
61694.000 # 1500
61694.374 - 88 3.674 1
61694.621 + 88 1
61697.000 # 1500
61699.204 - 88 4.583 1
61700.000 # 1500
61703.000 # 1500
61704.099 + 88 1
61704.209 + 88 1
61704.242 + 88 1
61704.274 + 88 1
61705.000 # 1500
61706.118 - 88 2.019 1
61706.140 - 88 1.931 1
61706.148 - 88 1.906 1
61706.155 - 88 1.881 1
61706.334 + 88 1
61707.186 + 88 1
61708.000 # 1500
61709.149 - 88 2.815 1
61709.170 - 88 1.984 1
61710.892 + 88 1
61711.281 + 88 1
61716.000 # 1500
61716.000 # 1500
61716.000 # 1500
61716.669 - 88 5.777 1
61716.696 - 88 5.415 1
61718.000 # 1500
61723.070 + 88 1
61723.238 + 88 1
61724.000 # 1500
61724.498 - 88 1.428 1
61724.660 + 88 1
61724.676 - 88 1.438 1
61724.721 + 88 1
61725.000 # 1500
61726.342 - 88 1.682 1
61726.370 - 88 1.649 1
61727.000 # 1500
61728.000 # 1500
61731.000 # 1500
61733.266 + 88 1
61733.404 + 88 1
61734.000 # 1500
61734.954 - 88 1.688 1
61734.981 - 88 1.577 1
61736.000 # 1500
61737.000 # 1500
61739.000 # 1500
61740.000 # 1500
61743.713 + 88 1
61746.151 + 88 1
61748.131 + 88 1
61748.267 + 88 1
61750.143 + 88 1
61751.000 # 1500
61751.000 # 1500
61751.000 # 1500
61751.000 # 1500
61752.128 + 88 1
61752.277 - 88 8.564 1
61752.303 - 88 6.152 1
61752.317 - 88 4.186 1
61752.331 - 88 4.064 1
61752.344 - 88 2.201 1
61753.000 # 1500
61753.870 - 88 1.742 1
61755.000 # 1500
61756.000 # 1500
61758.000 # 1500
61760.000 # 1500
61761.000 # 1500
61762.000 # 1500
61763.689 + 88 1
61764.006 + 88 1
61764.043 + 88 1
61764.075 + 88 1
61771.000 # 1500
61771.000 # 1500
61772.310 - 88 8.621 1
61772.338 - 88 8.332 1
61772.354 - 88 8.311 1
61772.368 - 88 8.293 1
61772.951 + 88 1
61773.073 + 88 1
61773.109 + 88 1
61775.204 + 88 1
61776.000 # 1500
61776.000 # 1500
61776.000 # 1500
61777.000 # 1500
61777.266 - 88 4.315 1
61777.286 - 88 4.213 1
61777.301 - 88 4.192 1
61777.315 - 88 2.111 1
61778.000 # 1500
61779.226 + 88 1
61779.337 + 88 1
61780.000 # 1500
61781.000 # 1500
61781.541 - 88 2.315 1
61781.561 - 88 2.224 1
61783.000 # 1500
61786.000 # 1500
61787.000 # 1500
61789.000 # 1500
61789.295 + 88 1
61789.405 + 88 1
61789.439 + 88 1
61790.882 + 88 1
61791.000 # 1500
61791.282 - 88 1.987 1
61791.301 - 88 1.896 1
61791.309 - 88 1.870 1
61792.884 + 88 1
61793.000 # 1500
61793.512 - 88 2.630 1
61796.084 + 88 1
61797.259 + 88 1
61801.244 + 88 1
61802.605 + 88 1
61806.464 + 88 1
61808.491 + 88 1
61811.335 + 88 1
61812.000 # 1500
61812.000 # 1500
61812.956 - 88 20.072 1
61812.975 - 88 16.891 1
61812.983 - 88 15.724 1
61812.989 - 88 11.745 1
61812.996 - 88 10.391 1
61813.003 - 88 6.539 1
61813.020 - 88 4.529 1
61813.036 - 88 1.701 1
61816.724 + 88 1
61816.766 + 88 1
61819.183 + 88 1
61823.965 + 88 1
61832.367 + 88 1
61832.479 + 88 1
61832.514 + 88 1
61835.813 + 88 1
61836.426 + 88 1
61840.039 + 88 1
61841.531 + 88 1
61843.635 + 88 1
61845.505 + 88 1
61847.557 + 88 1
61851.744 + 88 1
61852.217 + 88 1
61854.350 + 88 1
61859.386 + 88 1
61863.056 + 88 1
61865.971 + 88 1
61871.290 + 88 1
61874.000 # 1500
61874.843 - 88 58.119 1
61874.864 - 88 58.098 1
61874.872 - 88 55.689 1
61874.880 - 88 50.915 1
61874.887 - 88 42.520 1
61874.893 - 88 42.414 1
61874.899 - 88 42.385 1
61874.902 + 88 1
61874.906 - 88 39.093 1
61874.913 - 88 38.487 1
61874.920 - 88 34.881 1
61874.926 - 88 33.395 1
61874.932 - 88 31.297 1
61874.939 - 88 29.434 1
61874.945 - 88 27.388 1
61874.952 - 88 23.208 1
61874.959 - 88 22.742 1
61876.000 # 1500
61876.685 + 88 1
61876.911 - 88 22.561 1
61876.931 - 88 17.545 1
61876.939 - 88 13.883 1
61877.103 - 88 11.132 1
61877.115 - 88 5.825 1
61877.122 - 88 2.220 1
61879.000 # 1500
61879.000 # 1500
61879.000 # 1500
61879.000 # 1500
61879.000 # 1500
61879.299 + 88 1
61879.541 - 88 2.856 1
61882.956 + 88 1
61886.995 + 88 1
61889.426 + 88 1
61894.495 + 88 1
61896.451 + 88 1
61900.139 + 88 1
61901.582 + 88 1
61904.156 + 88 1
61909.457 + 88 1
61912.135 + 88 1
61918.156 + 88 1
61918.427 + 88 1
61919.000 # 1500
61919.697 - 88 40.398 1
61919.721 - 88 36.765 1
61919.729 - 88 32.734 1
61919.893 - 88 30.467 1
61919.903 - 88 25.408 1
61919.911 - 88 23.460 1
61919.917 - 88 19.778 1
61919.924 - 88 18.342 1
61919.931 - 88 15.775 1
61919.938 - 88 10.481 1
61919.945 - 88 7.810 1
61919.951 - 88 1.795 1
61919.958 - 88 1.531 1
61921.000 # 1500
61923.019 + 88 1
61926.000 # 1500
61926.765 + 88 1
61927.000 # 1500
61927.000 # 1500
61927.000 # 1500
61927.000 # 1500
61927.000 # 1500
61927.000 # 1500
61927.000 # 1500
61927.000 # 1500
61927.031 - 88 4.012 1
61928.000 # 1500
61928.000 # 1500
61928.000 # 1500
61928.000 # 1500
61928.000 # 1500
61928.000 # 1500
61928.000 # 1500
61928.000 # 1500
61928.000 # 1500
61928.000 # 1500
61928.000 # 1500
61928.397 + 88 1
61928.630 - 88 1.865 1
61929.000 # 1500
61929.000 # 1500
61929.000 # 1500
61929.000 # 1500
61929.000 # 1500
61929.000 # 1500
61929.000 # 1500
61929.000 # 1500
61929.000 # 1500
61929.000 # 1500
61930.000 # 1500
61930.000 # 1500
61930.889 - 88 2.492 1
61933.536 + 88 1
61935.355 + 88 1
61939.356 + 88 1
61943.378 + 88 1
61943.505 + 88 1
61947.053 + 88 1
61950.012 + 88 1
61953.018 + 88 1
61954.885 + 88 1
61957.775 + 88 1
61961.662 + 88 1
61962.476 + 88 1
61965.206 + 88 1
61969.543 + 88 1
61974.000 # 1500
61974.000 # 1500
61974.000 # 1500
61975.000 # 1500
61975.000 # 1500
61975.000 # 1500
61975.000 # 1500
61975.661 - 88 42.125 1
61975.701 - 88 40.346 1
61975.709 - 88 36.353 1
61975.900 - 88 32.522 1
61975.912 - 88 32.407 1
61975.920 - 88 28.867 1
61975.927 - 88 25.915 1
61975.934 - 88 22.916 1
61975.940 - 88 21.055 1
61975.947 - 88 18.172 1
61975.956 - 88 14.294 1
61975.963 - 88 13.487 1
61975.971 - 88 10.765 1
61975.977 - 88 6.434 1
61976.000 # 1500
61976.000 # 1500
61976.000 # 1500
61976.000 # 1500
61976.000 # 1500
61976.000 # 1500
61976.000 # 1500
61976.000 # 1500
61976.000 # 1500
61976.000 # 1500
61977.000 # 1500
61977.000 # 1500
61977.000 # 1500
61977.000 # 1500
61977.000 # 1500
61977.000 # 1500
61977.000 # 1500
61977.000 # 1500
61977.000 # 1500
61978.000 # 1500
61978.000 # 1500
61978.000 # 1500
61978.000 # 1500
61978.000 # 1500
61978.000 # 1500
61978.000 # 1500
61978.000 # 1500
61979.000 # 1500
61981.000 # 1500
61983.000 # 1500
61984.591 + 88 1
61985.000 # 1500
61986.000 # 1500
61986.207 - 88 1.616 1
61988.082 + 88 1
61988.126 + 88 1
61988.157 + 88 1
61989.000 # 1500
61989.613 - 88 1.531 1
61989.999 - 88 1.873 1
61990.000 # 1500
61990.019 - 88 1.862 1
61991.000 # 1500
61991.175 + 88 1
61993.000 # 1500
61993.992 + 88 1
61994.106 - 88 2.931 1
61996.895 + 88 1
61997.000 # 1500
61997.000 # 1500
61997.675 - 88 3.683 1
61999.000 # 1500
62000.000 # 1500
62000.167 - 88 3.272 1
62001.776 + 88 1
62002.000 # 1500
62003.708 + 88 1
62004.000 # 1500
62004.226 - 88 2.450 1
62006.000 # 1500
62006.808 - 88 3.100 1
62007.189 + 88 1
62008.000 # 1500
62009.763 - 88 2.574 1
62011.000 # 1500
62011.005 + 88 1
62015.000 # 1500
62016.002 - 88 4.997 1
62018.000 # 1500
62020.424 + 88 1
62020.799 + 88 1
62021.000 # 1500
62021.326 - 88 0.902 1
62023.000 # 1500
62024.000 # 1500
62024.315 - 88 3.516 1
62027.000 # 1500
62028.246 + 88 1
62029.000 # 1500
62029.253 + 88 1
62029.647 - 88 1.401 1
62031.000 # 1500
62031.115 + 88 1
62031.235 + 88 1
62031.323 - 88 2.070 1
62034.324 + 88 1
62035.000 # 1500
62036.305 - 88 5.190 1
62036.328 - 88 5.093 1
62036.336 - 88 2.012 1
62036.633 + 88 1
62037.000 # 1500
62038.000 # 1500
62038.426 - 88 1.793 1
62040.000 # 1500
62040.200 + 88 1
62042.000 # 1500
62043.197 + 88 1
62043.467 - 88 3.267 1
62044.000 # 1500
62044.927 - 88 1.730 1
62045.208 + 88 1
62047.000 # 1500
62048.198 - 88 2.990 1
62049.000 # 1500
62049.843 + 88 1
62051.643 + 88 1
62052.000 # 1500
62053.000 # 1500
62053.444 - 88 3.601 1
62053.465 - 88 1.822 1
62054.582 + 88 1
62055.000 # 1500
62056.828 - 88 2.246 1
62057.000 # 1500
62058.251 + 88 1
62059.000 # 1500
62059.911 - 88 1.660 1
62060.593 + 88 1
62061.000 # 1500
62062.363 - 88 1.770 1
62063.000 # 1500
62063.373 + 88 1
62064.000 # 1500
62065.305 - 88 1.932 1
62066.000 # 1500
62067.300 + 88 1
62068.000 # 1500
62068.850 - 88 1.550 1
62070.000 # 1500
62071.000 # 1500
62071.278 + 88 1
62074.000 # 1500
62074.396 + 88 1
62074.811 - 88 3.533 1
62075.000 # 1500
62076.289 + 88 1
62076.385 - 88 1.989 1
62077.000 # 1500
62078.000 # 1500
62078.263 - 88 1.974 1
62079.186 + 88 1
62080.000 # 1500
62080.989 - 88 1.803 1
62083.000 # 1500
62083.166 + 88 1
62085.000 # 1500
62085.811 + 88 1
62085.826 - 88 2.660 1
62086.000 # 1500
62086.174 - 88 0.363 1
62088.000 # 1500
62088.849 + 88 1
62091.000 # 1500
62091.679 - 88 2.830 1
62092.600 + 88 1
62093.000 # 1500
62094.814 - 88 2.214 1
62103.277 + 88 1
62103.386 + 88 1
62103.420 + 88 1
62104.562 + 88 1
62108.000 # 1500
62108.000 # 1500
62108.000 # 1500
62108.000 # 1500
62108.000 # 1500
62108.000 # 1500
62108.449 + 88 1
62109.111 - 88 5.834 1
62109.133 - 88 5.747 1
62109.141 - 88 5.721 1
62109.148 - 88 4.586 1
62113.392 + 88 1
62114.166 + 88 1
62120.256 + 88 1
62120.395 + 88 1
62124.353 + 88 1
62126.000 # 1500
62126.000 # 1500
62126.000 # 1500
62126.000 # 1500
62126.000 # 1500
62126.000 # 1500
62126.000 # 1500
62127.000 # 1500
62127.000 # 1500
62127.000 # 1500
62127.000 # 1500
62127.016 - 88 18.567 1
62127.030 - 88 13.638 1
62127.040 - 88 12.874 1
62127.047 - 88 6.791 1
62127.053 - 88 6.658 1
62127.060 - 88 2.707 1
62128.000 # 1500
62128.000 # 1500
62129.000 # 1500
62132.000 # 1500
62132.177 + 88 1
62132.316 + 88 1
62133.738 + 88 1
62134.000 # 1500
62134.400 - 88 2.223 1
62134.430 - 88 2.114 1
62137.614 + 88 1
62138.000 # 1500
62138.000 # 1500
62139.752 - 88 6.014 1
62139.783 - 88 2.169 1
62140.000 # 1500
62140.204 + 88 1
62142.000 # 1500
62142.746 - 88 2.542 1
62143.115 + 88 1
62146.391 + 88 1
62149.329 + 88 1
62152.000 # 1500
62152.000 # 1500
62152.000 # 1500
62153.333 - 88 10.218 1
62153.365 - 88 6.974 1
62153.374 - 88 4.045 1
62153.759 + 88 1
62157.000 # 1500
62157.000 # 1500
62157.000 # 1500
62157.000 # 1500
62158.202 + 88 1
62158.344 - 88 4.585 1
62160.000 # 1500
62161.000 # 1500
62161.309 - 88 3.107 1
62161.641 + 88 1
62163.000 # 1500
62164.000 # 1500
62164.380 + 88 1
62164.766 - 88 3.125 1
62165.000 # 1500
62166.000 # 1500
62166.282 - 88 1.902 1
62168.000 # 1500
62169.000 # 1500
62169.485 + 88 1
62170.000 # 1500
62171.000 # 1500
62171.950 - 88 2.465 1
62172.370 + 88 1
62173.000 # 1500
62174.000 # 1500
62174.087 - 88 1.717 1
62174.341 + 88 1
62178.632 + 88 1
62179.962 + 88 1
62182.819 + 88 1
62184.709 + 88 1
62186.000 # 1500
62186.578 + 88 1
62186.722 - 88 12.381 1
62186.743 - 88 8.111 1
62186.751 - 88 6.789 1
62186.758 - 88 3.939 1
62186.765 - 88 2.056 1
62189.391 + 88 1
62193.572 + 88 1
62195.310 + 88 1
62196.000 # 1500
62196.000 # 1500
62196.000 # 1500
62197.345 - 88 10.767 1
62197.366 - 88 7.975 1
62197.374 - 88 3.802 1
62197.381 - 88 2.071 1
62197.715 + 88 1
62198.163 + 88 1
62201.213 + 88 1
62204.996 + 88 1
62206.268 + 88 1
62209.016 + 88 1
62210.945 + 88 1
62211.000 # 1500
62211.000 # 1500
62211.970 - 88 14.255 1
62211.990 - 88 13.827 1
62211.998 - 88 10.785 1
62212.000 # 1500
62212.005 - 88 7.009 1
62212.011 - 88 5.743 1
62212.018 - 88 3.002 1
62212.978 - 88 2.033 1
62215.000 # 1500
62217.000 # 1500
62220.000 # 1500
62220.128 + 88 1
62220.270 + 88 1
62220.322 + 88 1
62220.394 + 88 1
62223.545 + 88 1
62225.000 # 1500
62226.714 - 88 6.586 1
62226.735 - 88 6.465 1
62226.743 - 88 6.421 1
62226.749 - 88 6.355 1
62226.755 - 88 3.210 1
62228.000 # 1500
62231.000 # 1500
62233.000 # 1500
62235.000 # 1500
62235.681 + 88 1
62239.000 # 1500
62240.180 + 88 1
62240.451 - 88 4.770 1
62241.000 # 1500
62242.272 - 88 2.092 1
62243.000 # 1500
62245.000 # 1500
62246.173 + 88 1
62247.000 # 1500
62247.995 - 88 1.822 1
62248.828 + 88 1
62249.000 # 1500
62249.238 - 88 0.410 1
62251.000 # 1500
62253.000 # 1500
62255.000 # 1500
62257.000 # 1500
62259.375 + 88 1
62260.000 # 1500
62260.776 + 88 1
62260.786 - 88 1.411 1
62260.840 + 88 1
62265.000 # 1500
62265.076 + 88 1
62265.502 - 88 4.726 1
62265.524 - 88 4.684 1
62266.000 # 1500
62266.909 - 88 1.833 1
62267.176 + 88 1
62268.000 # 1500
62268.829 - 88 1.653 1
62270.000 # 1500
62272.780 + 88 1
62273.000 # 1500
62273.191 - 88 0.411 1
62274.000 # 1500
62276.000 # 1500
62278.093 + 88 1
62280.023 + 88 1
62283.000 # 1500
62283.267 + 88 1
62283.680 - 88 5.587 1
62283.701 - 88 3.678 1
62287.000 # 1500
62287.068 + 88 1
62287.661 - 88 4.394 1
62290.958 + 88 1
62291.000 # 1500
62291.373 - 88 4.305 1
62292.000 # 1500
62293.010 - 88 2.052 1
62294.000 # 1500
62294.880 + 88 1
62297.803 + 88 1
62302.115 + 88 1
62305.599 + 88 1
62307.145 + 88 1
62312.243 + 88 1
62316.359 + 88 1
62320.490 + 88 1
62323.096 + 88 1
62325.263 + 88 1
62328.205 + 88 1
62330.877 + 88 1
62333.279 + 88 1
62336.111 + 88 1
62340.698 + 88 1
62342.753 + 88 1
62345.788 + 88 1
62349.105 + 88 1
62352.090 + 88 1
62354.930 + 88 1
62357.252 + 88 1
62362.295 + 88 1
62365.344 + 88 1
62368.395 + 88 1
62370.315 + 88 1
62373.788 + 88 1
62376.502 + 88 1
62380.896 + 88 1
62381.000 # 1500
62381.000 # 1500
62381.232 - 88 86.352 1
62381.254 - 88 83.451 1
62381.263 - 88 79.148 1
62381.270 - 88 75.671 1
62381.278 - 88 74.133 1
62381.286 - 88 69.043 1
62381.292 - 88 64.933 1
62381.299 - 88 60.809 1
62381.306 - 88 58.210 1
62381.312 - 88 56.049 1
62381.319 - 88 53.114 1
62381.325 - 88 50.448 1
62381.332 - 88 48.053 1
62381.338 - 88 45.227 1
62381.345 - 88 40.647 1
62381.351 - 88 38.598 1
62381.358 - 88 35.570 1
62381.365 - 88 32.260 1
62381.371 - 88 29.281 1
62381.378 - 88 26.448 1
62381.384 - 88 24.132 1
62381.390 - 88 19.095 1
62381.397 - 88 16.053 1
62381.403 - 88 13.008 1
62381.410 - 88 11.095 1
62381.416 - 88 7.628 1
62381.423 - 88 4.921 1
62382.000 # 1500
62382.861 - 88 1.965 1
62382.965 + 88 1
62386.000 # 1500
62386.000 # 1500
62386.635 + 88 1
62386.713 - 88 3.748 1
62388.884 + 88 1
62393.679 + 88 1
62398.484 + 88 1
62398.593 + 88 1
62406.000 # 1500
62406.000 # 1500
62406.000 # 1500
62407.506 - 88 20.871 1
62407.540 - 88 18.656 1
62407.548 - 88 13.869 1
62407.555 - 88 9.071 1
62407.562 - 88 8.969 1
62408.000 # 1500
62409.449 + 88 1
62409.559 + 88 1
62409.594 + 88 1
62411.000 # 1500
62411.000 # 1500
62412.000 # 1500
62412.147 + 88 1
62412.207 - 88 2.758 1
62412.226 - 88 2.667 1
62412.234 - 88 2.640 1
62414.000 # 1500
62415.036 - 88 2.889 1
62415.933 + 88 1
62419.000 # 1500
62419.000 # 1500
62419.000 # 1500
62420.102 - 88 4.169 1
62423.901 + 88 1
62427.000 # 1500
62427.800 - 88 3.899 1
62428.543 + 88 1
62429.000 # 1500
62430.706 - 88 2.163 1
62431.403 + 88 1
62431.687 + 88 1
62431.732 + 88 1
62432.000 # 1500
62432.197 - 88 0.794 1
62432.218 - 88 0.531 1
62434.414 + 88 1
62435.000 # 1500
62436.278 - 88 4.546 1
62436.302 - 88 1.888 1
62438.000 # 1500
62439.622 + 88 1
62440.000 # 1500
62440.237 - 88 0.615 1
62441.000 # 1500
62442.550 + 88 1
62445.000 # 1500
62446.418 - 88 3.868 1
62446.648 + 88 1
62449.000 # 1500
62449.284 + 88 1
62449.821 - 88 3.173 1
62451.000 # 1500
62452.192 + 88 1
62452.502 - 88 3.218 1
62453.000 # 1500
62454.210 - 88 2.018 1
62457.000 # 1500
62457.138 + 88 1
62460.000 # 1500
62460.123 + 88 1
62460.514 - 88 3.376 1
62461.000 # 1500
62462.000 # 1500
62462.043 - 88 1.920 1
62463.215 + 88 1
62464.000 # 1500
62465.135 - 88 1.920 1
62466.253 + 88 1
62468.000 # 1500
62469.014 - 88 2.761 1
62470.000 # 1500
62471.006 + 88 1
62472.000 # 1500
62472.775 - 88 1.769 1
62473.000 # 1500
62482.580 + 88 1
62486.000 # 1500
62486.000 # 1500
62486.000 # 1500
62486.000 # 1500
62487.329 - 88 4.749 1
62487.443 + 88 1
62488.000 # 1500
62489.000 # 1500
62489.458 - 88 2.015 1
62490.609 + 88 1
62493.000 # 1500
62494.291 - 88 3.682 1
62495.006 + 88 1
62496.000 # 1500
62497.187 - 88 2.181 1
62498.000 # 1500
62498.430 + 88 1
62503.096 + 88 1
62505.000 # 1500
62505.553 + 88 1
62506.145 - 88 7.715 1
62506.166 - 88 3.070 1
62509.163 + 88 1
62510.000 # 1500
62510.825 - 88 5.272 1
62510.936 - 88 1.773 1
62512.640 + 88 1
62514.000 # 1500
62514.000 # 1500
62515.746 - 88 3.106 1
62516.581 + 88 1
62523.000 # 1500
62524.464 + 88 1
62524.495 + 88 1
62524.675 - 88 8.094 1
62526.314 + 88 1
62527.000 # 1500
62528.446 - 88 3.982 1
62528.467 - 88 3.972 1
62528.475 - 88 2.161 1
62529.422 + 88 1
62531.000 # 1500
62532.299 - 88 2.877 1
62533.000 # 1500
62535.168 + 88 1
62535.252 + 88 1
62537.000 # 1500
62538.000 # 1500
62538.196 + 88 1
62538.488 - 88 3.320 1
62538.508 - 88 3.256 1
62540.000 # 1500
62540.951 - 88 2.755 1
62541.000 # 1500
62542.977 + 88 1
62544.000 # 1500
62545.053 - 88 2.076 1
62547.751 + 88 1
62548.000 # 1500
62548.185 + 88 1
62548.271 - 88 0.520 1
62551.000 # 1500
62551.381 + 88 1
62551.985 - 88 3.800 1
62553.000 # 1500
62554.360 - 88 2.979 1
62555.712 + 88 1
62556.000 # 1500
62556.310 - 88 0.598 1
62557.000 # 1500
62557.850 + 88 1
62559.000 # 1500
62560.011 - 88 2.161 1
62560.083 + 88 1
62560.259 + 88 1
62561.000 # 1500
62561.774 - 88 1.691 1
62561.793 - 88 1.534 1
62564.397 + 88 1
62566.393 + 88 1
62569.000 # 1500
62569.415 + 88 1
62570.071 - 88 5.674 1
62570.094 - 88 3.701 1
62571.000 # 1500
62572.193 + 88 1
62572.399 - 88 2.984 1
62574.000 # 1500
62575.253 - 88 3.060 1
62575.584 + 88 1
62576.000 # 1500
62576.235 - 88 0.651 1
62578.000 # 1500
62580.000 # 1500
62580.150 + 88 1
62582.000 # 1500
62583.025 - 88 2.875 1
62584.000 # 1500
62587.000 # 1500
62590.000 # 1500
62592.000 # 1500
62592.844 + 88 1
62592.996 + 88 1
62593.000 # 1500
62596.637 + 88 1
62598.000 # 1500
62598.686 + 88 1
62599.375 - 88 6.531 1
62599.396 - 88 6.400 1
62599.404 - 88 2.767 1
62600.000 # 1500
62601.654 - 88 2.968 1
62602.000 # 1500
62606.000 # 1500
62608.000 # 1500
62609.000 # 1500
62609.838 + 88 1
62609.976 + 88 1
62611.000 # 1500
62611.453 - 88 1.615 1
62611.477 - 88 1.501 1
62611.541 + 88 1
62613.000 # 1500
62614.480 - 88 2.939 1
62617.000 # 1500
62618.000 # 1500
62623.266 + 88 1
62628.000 # 1500
62628.134 + 88 1
62628.594 - 88 5.328 1
62629.924 + 88 1
62632.865 + 88 1
62633.000 # 1500
62633.431 - 88 5.297 1
62633.478 - 88 3.554 1
62635.717 + 88 1
62638.579 + 88 1
62639.000 # 1500
62640.988 - 88 8.123 1
62641.000 # 1500
62641.009 - 88 5.292 1
62641.017 - 88 2.438 1
62645.000 # 1500
62647.000 # 1500
62649.000 # 1500
62650.000 # 1500
62651.492 + 88 1
62651.571 + 88 1
62651.622 + 88 1
62651.669 + 88 1
62653.000 # 1500
62654.338 + 88 1
62654.719 - 88 3.227 1
62654.750 - 88 3.179 1
62654.758 - 88 3.136 1
62654.765 - 88 3.096 1
62655.000 # 1500
62656.362 - 88 2.024 1
62657.000 # 1500
62657.338 + 88 1
62660.403 + 88 1
62661.000 # 1500
62662.000 # 1500
62662.209 + 88 1
62662.386 - 88 5.048 1
62662.408 - 88 2.005 1
62664.000 # 1500
62664.302 + 88 1
62664.902 - 88 2.693 1
62666.000 # 1500
62667.245 + 88 1
62667.296 - 88 2.994 1
62668.000 # 1500
62668.910 - 88 1.665 1
62670.937 + 88 1
62672.930 + 88 1
62673.000 # 1500
62673.497 - 88 2.560 1
62676.732 + 88 1
62678.000 # 1500
62678.857 - 88 5.927 1
62678.888 - 88 2.156 1
62679.137 + 88 1
62680.000 # 1500
62680.704 - 88 1.567 1
62683.000 # 1500
62685.000 # 1500
62688.000 # 1500
62689.000 # 1500
62689.639 + 88 1
62689.786 + 88 1
62689.838 + 88 1
62689.886 + 88 1
62691.000 # 1500
62692.000 # 1500
62692.339 + 88 1
62692.394 - 88 2.755 1
62692.415 - 88 2.629 1
62692.423 - 88 2.585 1
62692.430 - 88 2.544 1
62694.000 # 1500
62694.221 + 88 1
62694.788 - 88 2.449 1
62697.000 # 1500
62698.000 # 1500
62698.338 - 88 4.117 1
62701.000 # 1500
62702.000 # 1500
62704.000 # 1500
62705.000 # 1500
62705.182 + 88 1
62705.246 + 88 1
62705.300 + 88 1
62705.349 + 88 1
62707.000 # 1500
62707.921 + 88 1
62708.000 # 1500
62708.515 - 88 3.333 1
62708.547 - 88 3.301 1
62708.555 - 88 3.255 1
62708.570 - 88 3.221 1
62709.966 + 88 1
62710.000 # 1500
62710.536 - 88 2.615 1
62711.348 + 88 1
62712.000 # 1500
62713.000 # 1500
62713.069 - 88 3.103 1
62713.090 - 88 1.742 1
62714.170 + 88 1
62715.000 # 1500
62716.000 # 1500
62716.127 - 88 1.957 1
62717.675 + 88 1
62719.000 # 1500
62720.406 - 88 2.731 1
62721.000 # 1500
62723.000 # 1500
62724.000 # 1500
62727.000 # 1500
62729.000 # 1500
62735.000 # 1500
62742.000 # 1500
62753.858 + 88 1
62756.921 + 88 1
62760.671 + 88 1
62763.000 # 1500
62763.583 + 88 1
62764.272 - 88 10.414 1
62764.317 - 88 7.396 1
62764.332 - 88 3.661 1
62765.000 # 1500
62765.725 - 88 2.142 1
62766.793 + 88 1
62771.502 + 88 1
62774.321 + 88 1
62776.000 # 1500
62777.537 - 88 10.744 1
62777.566 - 88 6.064 1
62777.574 - 88 3.253 1
62779.217 + 88 1
62779.356 + 88 1
62780.000 # 1500
62780.000 # 1500
62780.000 # 1500
62781.000 # 1500
62781.000 # 1500
62781.178 - 88 1.961 1
62781.200 - 88 1.844 1
62782.388 + 88 1
62783.000 # 1500
62784.286 - 88 1.898 1
62785.000 # 1500
62785.629 + 88 1
62787.000 # 1500
62787.170 + 88 1
62787.898 - 88 2.269 1
62789.000 # 1500
62790.160 - 88 2.990 1
62791.000 # 1500
62794.520 + 88 1
62794.745 + 88 1
62795.000 # 1500
62796.882 - 88 2.362 1
62796.904 - 88 2.159 1
62797.000 # 1500
62798.000 # 1500
62798.790 + 88 1
62799.508 + 88 1
62803.199 + 88 1
62804.000 # 1500
62804.926 - 88 6.136 1
62804.946 - 88 5.438 1
62804.955 - 88 1.756 1
62806.000 # 1500
62807.000 # 1500
62807.427 + 88 1
62809.858 + 88 1
62810.000 # 1500
62811.650 + 88 1
62811.951 - 88 4.524 1
62811.974 - 88 2.116 1
62813.000 # 1500
62814.430 + 88 1
62814.646 - 88 2.996 1
62815.000 # 1500
62816.524 - 88 2.094 1
62816.866 + 88 1
62820.000 # 1500
62820.000 # 1500
62821.372 - 88 4.506 1
62826.395 + 88 1
62826.533 + 88 1
62831.000 # 1500
62831.000 # 1500
62831.000 # 1500
62832.092 - 88 5.697 1
62832.113 - 88 5.580 1
62833.000 # 1500
62847.000 # 1500
62847.000 # 1500
62847.000 # 1500
62847.000 # 1500
62849.000 # 1500
62852.000 # 1500
62854.547 + 88 1
62855.000 # 1500
62856.491 - 88 1.944 1
62858.000 # 1500
62858.376 + 88 1
62860.000 # 1500
62861.000 # 1500
62861.463 - 88 3.087 1
62863.000 # 1500
62863.148 + 88 1
62867.000 # 1500
62868.018 - 88 4.870 1
62868.437 + 88 1
62869.000 # 1500
62870.212 + 88 1
62870.416 - 88 1.979 1
62873.000 # 1500
62873.000 # 1500
62874.320 - 88 4.108 1
62876.324 + 88 1
62880.219 + 88 1
62883.000 # 1500
62883.000 # 1500
62883.000 # 1500
62883.000 # 1500
62884.000 # 1500
62884.249 - 88 7.925 1
62884.271 - 88 4.052 1
62886.000 # 1500
62886.056 + 88 1
62886.421 + 88 1
62889.147 + 88 1
62893.873 + 88 1
62896.151 + 88 1
62898.909 + 88 1
62900.846 + 88 1
62903.533 + 88 1
62906.639 + 88 1
62907.000 # 1500
62907.000 # 1500
62907.250 - 88 21.194 1
62907.271 - 88 20.850 1
62907.279 - 88 18.132 1
62907.286 - 88 13.413 1
62907.292 - 88 11.141 1
62907.299 - 88 8.390 1
62907.367 - 88 6.521 1
62907.385 - 88 3.852 1
62907.394 - 88 0.755 1
62908.119 + 88 1
62925.000 # 1500
62925.766 - 88 17.647 1
62926.000 # 1500
62931.000 # 1500
62931.000 # 1500
62931.000 # 1500
62931.000 # 1500
62931.000 # 1500
62932.627 + 88 1
62940.000 # 1500
62941.956 - 88 9.329 1
62942.000 # 1500
62942.000 # 1500
62942.000 # 1500
62942.000 # 1500
62942.280 + 88 1
62943.000 # 1500
62943.798 - 88 1.518 1
62951.531 + 88 1
62953.000 # 1500
62953.000 # 1500
62953.000 # 1500
62953.000 # 1500
62954.495 - 88 2.964 1
62956.073 + 88 1
62962.282 + 88 1
62965.000 # 1500
62965.300 + 88 1
62965.650 - 88 9.577 1
62965.678 - 88 3.396 1
62966.000 # 1500
62966.000 # 1500
62966.000 # 1500
62966.000 # 1500
62966.000 # 1500
62967.195 - 88 1.895 1
62968.000 # 1500
62968.788 + 88 1
62970.000 # 1500
62971.243 - 88 2.455 1
62988.000 # 1500
62989.000 # 1500
62996.068 + 88 1
63000.000 # 1500
63000.000 # 1500
63000.000 # 1500
63001.433 - 88 5.365 1
63003.000 # 1500
63006.237 + 88 1
63006.678 + 88 1
63007.000 # 1500
63008.413 - 88 2.176 1
63008.436 - 88 1.758 1
63009.000 # 1500
63010.009 + 88 1
63011.000 # 1500
63011.589 - 88 1.580 1
63011.597 + 88 1
63013.000 # 1500
63014.071 - 88 2.474 1
63015.000 # 1500
63020.425 + 88 1
63020.681 + 88 1
63020.855 + 88 1
63021.000 # 1500
63022.901 - 88 2.476 1
63022.931 - 88 2.250 1
63022.940 - 88 2.085 1
63028.000 # 1500
63029.227 + 88 1
63029.632 + 88 1
63029.699 + 88 1
63029.748 + 88 1
63031.000 # 1500
63032.734 - 88 3.507 1
63032.757 - 88 3.125 1
63032.766 - 88 3.067 1
63032.773 - 88 3.025 1
63032.830 + 88 1
63035.000 # 1500
63035.665 + 88 1
63035.932 - 88 3.102 1
63036.000 # 1500
63037.381 - 88 1.716 1
63038.000 # 1500
63038.645 + 88 1
63044.000 # 1500
63045.468 + 88 1
63045.671 - 88 7.026 1
63047.000 # 1500
63047.963 - 88 2.495 1
63055.000 # 1500
63057.000 # 1500
63059.000 # 1500
63061.000 # 1500
63069.000 # 1500
63070.000 # 1500
63072.000 # 1500
63075.000 # 1500
63080.760 + 88 1
63082.997 + 88 1
63087.000 # 1500
63087.000 # 1500
63087.000 # 1500
63087.000 # 1500
63087.376 + 88 1
63087.579 - 88 6.819 1
63087.603 - 88 4.606 1
63089.027 + 88 1
63090.000 # 1500
63090.832 - 88 3.456 1
63090.904 + 88 1
63090.927 - 88 1.900 1
63091.269 + 88 1
63092.000 # 1500
63092.875 - 88 1.971 1
63092.897 - 88 1.628 1
63096.678 + 88 1
63098.000 # 1500
63098.628 + 88 1
63098.920 - 88 2.242 1
63100.600 + 88 1
63101.000 # 1500
63102.582 - 88 3.954 1
63102.611 - 88 2.011 1
63104.950 + 88 1
63106.463 + 88 1
63107.000 # 1500
63107.879 - 88 2.929 1
63107.902 - 88 1.439 1
63110.000 # 1500
63115.000 # 1500
