# mahimahi mm-link (Downlink) [/usr/share/mahimahi/traces/Verizon-LTE-short.down] > /home/bradley/pantheon/my_logs/profileA/cubic_mm_acklink_run1.log
# command line: 'mm-link' '/usr/share/mahimahi/traces/Verizon-LTE-short.up' '/usr/share/mahimahi/traces/Verizon-LTE-short.down' '--uplink-log=/home/bradley/pantheon/my_logs/profileA/cubic_mm_datalink_run1.log' '--downlink-log=/home/bradley/pantheon/my_logs/profileA/cubic_mm_acklink_run1.log' 'python' '/home/bradley/pantheon/src/experiments/tunnel_manager.py'
# queue: infinite
# init timestamp: 1744936302554
# base timestamp: 36
36 # 1504
36 # 1504
37 # 1504
37 # 1504
38 # 1504
38 # 1504
38 + 80
38 + 52
38 + 80
38 + 80
39 # 1504
39 - 80 1
39 - 52 1
39 - 80 1
39 - 80 1
39 # 1504
39 # 1504
39 # 1504
41 # 1504
41 # 1504
42 # 1504
42 # 1504
42 # 1504
43 # 1504
44 # 1504
45 # 1504
45 # 1504
46 # 1504
47 # 1504
47 # 1504
48 # 1504
57 # 1504
57 # 1504
58 # 1504
58 # 1504
58 # 1504
58 # 1504
58 # 1504
59 # 1504
59 # 1504
60 # 1504
68 # 1504
69 # 1504
70 # 1504
71 # 1504
72 # 1504
73 # 1504
73 # 1504
76 # 1504
81 # 1504
81 # 1504
82 # 1504
82 # 1504
82 # 1504
82 # 1504
82 # 1504
82 + 40
83 # 1504
83 - 40 1
85 # 1504
86 # 1504
86 # 1504
88 # 1504
88 # 1504
89 # 1504
90 # 1504
91 # 1504
93 # 1504
93 # 1504
93 # 1504
94 # 1504
95 # 1504
96 # 1504
96 # 1504
97 # 1504
98 # 1504
99 # 1504
99 # 1504
100 # 1504
101 # 1504
102 # 1504
103 # 1504
105 # 1504
106 # 1504
108 # 1504
108 # 1504
112 # 1504
112 # 1504
112 # 1504
112 # 1504
114 # 1504
114 # 1504
114 # 1504
115 # 1504
116 # 1504
117 # 1504
117 # 1504
118 # 1504
119 # 1504
121 # 1504
123 # 1504
124 # 1504
125 # 1504
126 # 1504
127 # 1504
127 # 1504
129 # 1504
129 # 1504
130 # 1504
131 # 1504
131 # 1504
132 # 1504
135 # 1504
137 # 1504
137 # 1504
137 # 1504
138 # 1504
140 # 1504
141 # 1504
142 # 1504
143 # 1504
144 # 1504
144 # 1504
144 # 1504
145 # 1504
147 # 1504
147 # 1504
147 # 1504
149 # 1504
149 # 1504
150 # 1504
152 # 1504
152 # 1504
153 # 1504
153 # 1504
154 # 1504
156 # 1504
156 # 1504
157 # 1504
157 # 1504
158 # 1504
158 # 1504
159 # 1504
159 # 1504
161 # 1504
161 # 1504
161 # 1504
163 # 1504
163 # 1504
164 # 1504
164 # 1504
164 # 1504
167 # 1504
167 # 1504
167 # 1504
169 # 1504
169 # 1504
170 # 1504
170 # 1504
170 # 1504
172 # 1504
172 # 1504
173 # 1504
173 # 1504
174 # 1504
174 # 1504
174 # 1504
176 # 1504
176 # 1504
177 # 1504
177 # 1504
177 # 1504
178 # 1504
187 # 1504
188 # 1504
188 # 1504
188 # 1504
188 # 1504
188 # 1504
188 # 1504
188 # 1504
188 # 1504
192 # 1504
192 # 1504
192 # 1504
192 # 1504
192 # 1504
192 # 1504
192 # 1504
193 # 1504
193 # 1504
193 # 1504
193 # 1504
194 # 1504
194 # 1504
195 # 1504
195 # 1504
197 # 1504
197 # 1504
197 # 1504
198 # 1504
198 # 1504
199 # 1504
200 # 1504
204 # 1504
204 # 1504
204 # 1504
204 # 1504
204 # 1504
205 # 1504
205 # 1504
205 # 1504
207 # 1504
207 # 1504
208 # 1504
208 # 1504
209 # 1504
209 # 1504
209 # 1504
210 # 1504
210 # 1504
211 # 1504
211 # 1504
213 # 1504
213 # 1504
214 # 1504
214 # 1504
214 # 1504
216 # 1504
217 # 1504
217 # 1504
218 # 1504
218 # 1504
219 # 1504
219 # 1504
221 # 1504
221 # 1504
221 # 1504
223 # 1504
223 # 1504
225 # 1504
226 # 1504
226 # 1504
227 # 1504
227 # 1504
236 # 1504
236 # 1504
236 # 1504
236 # 1504
237 # 1504
237 # 1504
237 # 1504
237 # 1504
237 # 1504
237 # 1504
237 # 1504
238 # 1504
238 # 1504
239 # 1504
239 # 1504
240 # 1504
240 # 1504
241 # 1504
241 # 1504
251 # 1504
251 # 1504
251 # 1504
253 # 1504
253 # 1504
253 # 1504
253 # 1504
254 # 1504
254 # 1504
254 # 1504
254 # 1504
254 # 1504
254 # 1504
255 # 1504
256 # 1504
257 # 1504
258 # 1504
258 # 1504
260 # 1504
260 # 1504
260 # 1504
262 # 1504
264 # 1504
264 # 1504
264 # 1504
264 # 1504
264 # 1504
266 # 1504
266 # 1504
266 # 1504
268 # 1504
268 # 1504
268 # 1504
269 # 1504
270 # 1504
271 # 1504
271 # 1504
272 # 1504
273 # 1504
274 # 1504
276 # 1504
276 # 1504
276 # 1504
277 # 1504
277 # 1504
278 # 1504
279 # 1504
279 # 1504
280 # 1504
282 # 1504
283 # 1504
283 # 1504
284 # 1504
285 # 1504
285 # 1504
286 # 1504
288 # 1504
288 # 1504
288 # 1504
289 # 1504
301 # 1504
301 # 1504
301 # 1504
301 # 1504
302 # 1504
302 # 1504
302 # 1504
302 # 1504
302 # 1504
302 # 1504
302 # 1504
302 # 1504
302 # 1504
303 # 1504
303 # 1504
303 # 1504
304 # 1504
304 # 1504
304 # 1504
305 # 1504
307 # 1504
307 # 1504
308 # 1504
308 # 1504
308 # 1504
309 # 1504
310 # 1504
311 # 1504
311 # 1504
313 # 1504
313 # 1504
314 # 1504
314 # 1504
314 # 1504
324 # 1504
325 # 1504
325 # 1504
325 # 1504
327 # 1504
328 # 1504
328 # 1504
329 # 1504
331 # 1504
331 # 1504
331 # 1504
333 # 1504
333 # 1504
334 # 1504
335 # 1504
337 # 1504
337 # 1504
338 # 1504
338 # 1504
338 # 1504
340 # 1504
340 # 1504
341 # 1504
341 # 1504
342 # 1504
344 # 1504
346 # 1504
346 # 1504
347 # 1504
347 # 1504
348 # 1504
348 # 1504
349 # 1504
350 # 1504
352 # 1504
352 # 1504
352 # 1504
353 # 1504
353 # 1504
354 # 1504
355 # 1504
356 # 1504
356 # 1504
357 # 1504
357 # 1504
358 # 1504
358 # 1504
359 # 1504
362 # 1504
362 # 1504
362 # 1504
364 # 1504
365 # 1504
366 # 1504
366 # 1504
376 # 1504
377 # 1504
377 # 1504
377 # 1504
377 # 1504
377 # 1504
377 # 1504
377 # 1504
378 # 1504
378 # 1504
378 # 1504
378 # 1504
378 # 1504
380 # 1504
380 # 1504
380 # 1504
382 # 1504
383 # 1504
383 # 1504
384 # 1504
385 # 1504
386 # 1504
386 # 1504
387 # 1504
388 # 1504
388 # 1504
391 # 1504
391 # 1504
391 # 1504
393 # 1504
393 # 1504
394 # 1504
394 # 1504
394 # 1504
396 # 1504
396 # 1504
397 # 1504
397 # 1504
398 # 1504
399 # 1504
401 # 1504
402 # 1504
402 # 1504
403 # 1504
404 # 1504
404 # 1504
405 # 1504
406 # 1504
407 # 1504
408 # 1504
411 # 1504
411 # 1504
413 # 1504
413 # 1504
413 # 1504
414 # 1504
414 # 1504
415 # 1504
417 # 1504
417 # 1504
417 # 1504
418 # 1504
419 # 1504
421 # 1504
422 # 1504
422 # 1504
424 # 1504
424 # 1504
425 # 1504
428 # 1504
429 # 1504
429 # 1504
436 # 1504
436 # 1504
441 # 1504
441 # 1504
443 # 1504
443 # 1504
443 # 1504
443 # 1504
443 # 1504
443 # 1504
444 # 1504
454 # 1504
454 # 1504
454 # 1504
454 # 1504
455 # 1504
455 # 1504
455 # 1504
455 # 1504
455 # 1504
455 # 1504
455 # 1504
455 # 1504
456 # 1504
456 # 1504
457 # 1504
458 # 1504
458 # 1504
458 # 1504
459 # 1504
467 # 1504
467 # 1504
471 # 1504
471 # 1504
471 # 1504
472 # 1504
472 # 1504
472 # 1504
472 # 1504
472 # 1504
472 # 1504
472 # 1504
472 # 1504
472 # 1504
473 # 1504
473 # 1504
474 # 1504
475 # 1504
476 # 1504
476 # 1504
477 # 1504
479 # 1504
479 # 1504
479 # 1504
480 # 1504
481 # 1504
481 # 1504
482 # 1504
483 # 1504
483 # 1504
485 # 1504
486 # 1504
486 # 1504
486 # 1504
487 # 1504
488 # 1504
488 # 1504
490 # 1504
491 # 1504
493 # 1504
493 # 1504
495 # 1504
496 # 1504
497 # 1504
498 # 1504
502 # 1504
502 # 1504
502 # 1504
512 # 1504
513 # 1504
513 # 1504
513 # 1504
514 # 1504
515 # 1504
516 # 1504
516 # 1504
518 # 1504
518 # 1504
519 # 1504
520 # 1504
521 # 1504
521 # 1504
523 # 1504
523 # 1504
524 # 1504
525 # 1504
525 # 1504
526 # 1504
527 # 1504
529 # 1504
529 # 1504
530 # 1504
531 # 1504
533 # 1504
534 # 1504
534 # 1504
534 # 1504
535 # 1504
537 # 1504
538 # 1504
538 # 1504
538 # 1504
541 # 1504
543 # 1504
543 # 1504
544 # 1504
545 # 1504
547 # 1504
548 # 1504
548 # 1504
549 # 1504
550 # 1504
552 # 1504
553 # 1504
553 # 1504
553 # 1504
554 # 1504
555 # 1504
556 # 1504
556 # 1504
557 # 1504
558 # 1504
558 # 1504
560 # 1504
561 # 1504
563 # 1504
563 # 1504
565 # 1504
565 # 1504
566 # 1504
567 # 1504
567 # 1504
568 # 1504
569 # 1504
571 # 1504
572 # 1504
572 # 1504
573 # 1504
574 # 1504
576 # 1504
576 # 1504
576 # 1504
579 # 1504
579 # 1504
579 # 1504
580 # 1504
581 # 1504
581 # 1504
582 # 1504
583 # 1504
584 # 1504
586 # 1504
587 # 1504
588 # 1504
588 # 1504
589 # 1504
589 # 1504
589 # 1504
590 # 1504
591 # 1504
592 # 1504
592 # 1504
593 # 1504
593 # 1504
594 # 1504
594 # 1504
595 # 1504
597 # 1504
597 # 1504
597 # 1504
598 # 1504
599 # 1504
600 # 1504
601 # 1504
602 # 1504
602 # 1504
605 # 1504
606 # 1504
607 # 1504
607 # 1504
609 # 1504
609 # 1504
610 # 1504
611 # 1504
611 # 1504
611 # 1504
612 # 1504
613 # 1504
614 # 1504
614 # 1504
614 # 1504
615 # 1504
616 # 1504
616 # 1504
617 # 1504
619 # 1504
619 # 1504
619 # 1504
620 # 1504
622 # 1504
622 # 1504
631 # 1504
631 # 1504
631 # 1504
631 # 1504
632 # 1504
632 # 1504
632 # 1504
632 # 1504
632 # 1504
632 # 1504
632 # 1504
632 # 1504
632 # 1504
632 # 1504
633 # 1504
641 # 1504
641 # 1504
641 # 1504
641 # 1504
641 # 1504
642 # 1504
642 # 1504
642 # 1504
642 # 1504
642 # 1504
642 # 1504
649 # 1504
649 # 1504
649 # 1504
649 # 1504
649 # 1504
650 # 1504
650 # 1504
650 # 1504
652 # 1504
653 # 1504
653 # 1504
654 # 1504
656 # 1504
657 # 1504
666 # 1504
666 # 1504
666 # 1504
669 # 1504
670 # 1504
671 # 1504
671 # 1504
671 # 1504
671 # 1504
671 # 1504
671 # 1504
671 # 1504
671 # 1504
672 # 1504
673 # 1504
673 # 1504
675 # 1504
676 # 1504
677 # 1504
677 # 1504
678 # 1504
679 # 1504
680 # 1504
680 # 1504
682 # 1504
683 # 1504
685 # 1504
685 # 1504
686 # 1504
687 # 1504
688 # 1504
688 # 1504
690 # 1504
691 # 1504
691 # 1504
693 # 1504
694 # 1504
697 # 1504
697 # 1504
697 # 1504
698 # 1504
698 # 1504
700 # 1504
701 # 1504
702 # 1504
704 # 1504
706 # 1504
706 # 1504
706 # 1504
708 # 1504
708 + 80
719 # 1504
719 - 80 11
719 # 1504
720 # 1504
720 # 1504
720 # 1504
720 # 1504
720 # 1504
720 # 1504
724 # 1504
726 # 1504
726 # 1504
726 # 1504
726 # 1504
727 # 1504
727 # 1504
727 # 1504
727 # 1504
727 # 1504
727 # 1504
727 # 1504
736 # 1504
736 # 1504
736 # 1504
736 # 1504
736 # 1504
737 # 1504
737 # 1504
737 # 1504
747 # 1504
747 # 1504
747 # 1504
747 # 1504
747 # 1504
747 # 1504
747 # 1504
747 # 1504
747 # 1504
748 # 1504
748 # 1504
748 # 1504
748 # 1504
757 # 1504
757 # 1504
757 # 1504
757 # 1504
757 # 1504
757 # 1504
757 # 1504
758 # 1504
758 # 1504
758 # 1504
759 # 1504
761 # 1504
761 # 1504
761 # 1504
763 # 1504
763 # 1504
773 # 1504
773 # 1504
773 # 1504
773 # 1504
773 # 1504
776 # 1504
777 # 1504
777 # 1504
778 # 1504
780 # 1504
781 # 1504
781 # 1504
782 # 1504
782 # 1504
786 # 1504
786 # 1504
801 # 1504
801 # 1504
801 # 1504
801 # 1504
802 # 1504
802 # 1504
802 # 1504
802 # 1504
803 # 1504
803 # 1504
804 # 1504
807 # 1504
807 # 1504
808 # 1504
809 # 1504
810 # 1504
811 # 1504
813 # 1504
813 # 1504
817 # 1504
820 # 1504
821 # 1504
823 # 1504
826 # 1504
826 # 1504
827 # 1504
827 # 1504
828 # 1504
831 # 1504
831 # 1504
836 # 1504
838 # 1504
838 # 1504
840 # 1504
840 # 1504
841 # 1504
842 # 1504
843 # 1504
846 # 1504
846 # 1504
847 # 1504
848 # 1504
849 # 1504
850 # 1504
851 # 1504
853 # 1504
856 # 1504
858 # 1504
859 # 1504
860 # 1504
862 # 1504
864 # 1504
866 # 1504
868 # 1504
881 # 1504
882 # 1504
892 # 1504
902 # 1504
912 # 1504
912 # 1504
917 # 1504
920 # 1504
920 # 1504
921 # 1504
923 # 1504
923 # 1504
924 # 1504
925 # 1504
930 # 1504
930 # 1504
930 # 1504
931 # 1504
932 # 1504
934 # 1504
936 # 1504
937 # 1504
937 # 1504
939 # 1504
940 # 1504
942 # 1504
946 # 1504
946 # 1504
957 # 1504
957 # 1504
957 # 1504
958 # 1504
958 # 1504
958 # 1504
958 # 1504
958 # 1504
958 # 1504
958 # 1504
958 # 1504
959 # 1504
959 # 1504
960 # 1504
969 # 1504
969 # 1504
969 # 1504
969 # 1504
969 # 1504
969 # 1504
969 # 1504
970 # 1504
975 # 1504
977 # 1504
977 # 1504
986 # 1504
986 # 1504
986 # 1504
986 # 1504
986 # 1504
986 # 1504
986 # 1504
987 # 1504
997 # 1504
997 # 1504
997 # 1504
997 # 1504
997 # 1504
997 # 1504
997 # 1504
997 # 1504
997 # 1504
1003 # 1504
1003 # 1504
1004 # 1504
1004 # 1504
1004 # 1504
1004 # 1504
1004 # 1504
1004 # 1504
1004 # 1504
1004 # 1504
1004 # 1504
1005 # 1504
1007 # 1504
1007 # 1504
1007 # 1504
1017 # 1504
1017 # 1504
1017 # 1504
1017 # 1504
1018 # 1504
1018 # 1504
1018 # 1504
1018 # 1504
1018 # 1504
1018 # 1504
1022 # 1504
1022 # 1504
1023 # 1504
1023 # 1504
1024 # 1504
1026 # 1504
1027 # 1504
1027 # 1504
1027 # 1504
1031 # 1504
1031 # 1504
1031 # 1504
1033 # 1504
1034 # 1504
1034 # 1504
1034 # 1504
1046 # 1504
1046 # 1504
1047 # 1504
1047 # 1504
1047 # 1504
1048 # 1504
1048 # 1504
1048 # 1504
1048 # 1504
1049 # 1504
1049 # 1504
1049 # 1504
1049 # 1504
1049 # 1504
1049 # 1504
1049 # 1504
1049 # 1504
1049 # 1504
1050 # 1504
1050 # 1504
1051 # 1504
1051 # 1504
1052 # 1504
1052 # 1504
1055 # 1504
1055 # 1504
1056 # 1504
1056 # 1504
1057 # 1504
1058 # 1504
1058 # 1504
1068 # 1504
1068 # 1504
1068 # 1504
1068 # 1504
1068 # 1504
1068 # 1504
1068 # 1504
1068 # 1504
1068 # 1504
1068 # 1504
1069 # 1504
1069 # 1504
1071 # 1504
1071 # 1504
1072 # 1504
1072 # 1504
1073 # 1504
1073 # 1504
1074 # 1504
1074 # 1504
1075 # 1504
1076 # 1504
1077 # 1504
1078 # 1504
1078 # 1504
1078 # 1504
1079 # 1504
1079 # 1504
1080 # 1504
1083 # 1504
1083 # 1504
1083 # 1504
1084 # 1504
1085 # 1504
1085 # 1504
1086 # 1504
1086 # 1504
1088 # 1504
1089 # 1504
1089 # 1504
1092 # 1504
1093 # 1504
1093 # 1504
1094 # 1504
1096 # 1504
1096 # 1504
1096 # 1504
1097 # 1504
1098 # 1504
1098 # 1504
1099 # 1504
1099 # 1504
1100 # 1504
1103 # 1504
1103 # 1504
1103 # 1504
1104 # 1504
1104 # 1504
1104 # 1504
1105 # 1504
1106 # 1504
1106 # 1504
1107 # 1504
1108 # 1504
1108 # 1504
1108 # 1504
1109 # 1504
1109 # 1504
1111 # 1504
1111 # 1504
1112 # 1504
1112 # 1504
1113 # 1504
1113 # 1504
1114 # 1504
1114 # 1504
1115 # 1504
1116 # 1504
1117 # 1504
1117 # 1504
1118 # 1504
1119 # 1504
1119 # 1504
1120 # 1504
1120 # 1504
1122 # 1504
1122 # 1504
1123 # 1504
1124 # 1504
1124 # 1504
1124 # 1504
1124 # 1504
1125 # 1504
1127 # 1504
1127 # 1504
1128 # 1504
1128 # 1504
1130 # 1504
1132 # 1504
1132 # 1504
1133 # 1504
1133 # 1504
1135 # 1504
1136 # 1504
1136 # 1504
1136 # 1504
1136 # 1504
1138 # 1504
1139 # 1504
1141 # 1504
1141 # 1504
1141 # 1504
1141 # 1504
1143 # 1504
1143 # 1504
1143 # 1504
1144 # 1504
1144 # 1504
1147 # 1504
1147 # 1504
1148 # 1504
1148 # 1504
1148 # 1504
1149 # 1504
1149 # 1504
1149 # 1504
1150 # 1504
1150 # 1504
1151 # 1504
1152 # 1504
1153 # 1504
1153 # 1504
1155 # 1504
1156 # 1504
1157 # 1504
1157 # 1504
1157 # 1504
1158 # 1504
1158 # 1504
1180 # 1504
1180 # 1504
1180 # 1504
1180 # 1504
1181 # 1504
1181 # 1504
1181 # 1504
1181 # 1504
1181 # 1504
1181 # 1504
1181 # 1504
1181 # 1504
1181 # 1504
1181 # 1504
1181 # 1504
1181 # 1504
1182 # 1504
1182 # 1504
1182 # 1504
1182 # 1504
1182 # 1504
1182 # 1504
1182 # 1504
1182 # 1504
1182 # 1504
1182 # 1504
1182 # 1504
1182 # 1504
1182 # 1504
1183 # 1504
1183 # 1504
1183 # 1504
1183 # 1504
1183 # 1504
1185 # 1504
1185 # 1504
1187 # 1504
1188 # 1504
1189 # 1504
1190 # 1504
1190 # 1504
1190 # 1504
1191 # 1504
1191 # 1504
1191 # 1504
1191 # 1504
1193 # 1504
1193 # 1504
1194 # 1504
1194 # 1504
1194 # 1504
1194 # 1504
1195 # 1504
1196 # 1504
1198 # 1504
1198 # 1504
1199 # 1504
1199 # 1504
1200 # 1504
1201 # 1504
1201 # 1504
1202 # 1504
1202 # 1504
1203 # 1504
1203 # 1504
1213 # 1504
1213 # 1504
1213 # 1504
1214 # 1504
1216 # 1504
1216 # 1504
1217 # 1504
1217 # 1504
1218 # 1504
1218 # 1504
1219 # 1504
1219 # 1504
1219 # 1504
1219 # 1504
1219 # 1504
1229 # 1504
1229 # 1504
1232 # 1504
1232 # 1504
1232 # 1504
1233 # 1504
1236 # 1504
1236 # 1504
1236 # 1504
1237 # 1504
1239 # 1504
1239 # 1504
1239 # 1504
1239 # 1504
1240 # 1504
1243 # 1504
1243 # 1504
1244 # 1504
1245 # 1504
1246 # 1504
1247 # 1504
1248 # 1504
1251 # 1504
1251 # 1504
1251 # 1504
1261 # 1504
1261 # 1504
1261 # 1504
1262 # 1504
1262 # 1504
1262 # 1504
1262 # 1504
1262 # 1504
1263 # 1504
1263 # 1504
1266 # 1504
1266 # 1504
1268 # 1504
1268 # 1504
1269 # 1504
1270 # 1504
1270 # 1504
1271 # 1504
1272 # 1504
1273 # 1504
1273 # 1504
1274 # 1504
1275 # 1504
1276 # 1504
1277 # 1504
1278 # 1504
1280 # 1504
1281 # 1504
1281 # 1504
1282 # 1504
1284 # 1504
1285 # 1504
1286 # 1504
1286 # 1504
1287 # 1504
1288 # 1504
1289 # 1504
1289 # 1504
1294 # 1504
1294 # 1504
1295 # 1504
1295 # 1504
1296 # 1504
1297 # 1504
1298 # 1504
1298 # 1504
1298 # 1504
1301 # 1504
1301 # 1504
1301 # 1504
1302 # 1504
1303 # 1504
1304 # 1504
1305 # 1504
1306 # 1504
1306 # 1504
1308 # 1504
1308 # 1504
1308 # 1504
1310 # 1504
1311 # 1504
1311 # 1504
1312 # 1504
1313 # 1504
1314 # 1504
1315 # 1504
1317 # 1504
1317 # 1504
1319 # 1504
1319 # 1504
1320 # 1504
1321 # 1504
1322 # 1504
1322 # 1504
1323 # 1504
1324 # 1504
1324 # 1504
1325 # 1504
1327 # 1504
1327 # 1504
1327 # 1504
1327 # 1504
1329 # 1504
1331 # 1504
1331 # 1504
1331 # 1504
1333 # 1504
1333 # 1504
1342 # 1504
1342 # 1504
1342 # 1504
1342 # 1504
1343 # 1504
1343 # 1504
1343 # 1504
1343 # 1504
1343 # 1504
1343 # 1504
1343 # 1504
1343 # 1504
1343 # 1504
1343 # 1504
1344 # 1504
1345 # 1504
1345 # 1504
1356 # 1504
1356 # 1504
1356 # 1504
1356 # 1504
1356 # 1504
1356 # 1504
1356 # 1504
1361 # 1504
1361 # 1504
1361 # 1504
1361 # 1504
1362 # 1504
1362 # 1504
1362 # 1504
1362 # 1504
1362 # 1504
1362 # 1504
1362 # 1504
1367 # 1504
1367 # 1504
1367 # 1504
1367 # 1504
1367 # 1504
1367 # 1504
1374 # 1504
1374 # 1504
1376 # 1504
1376 # 1504
1377 # 1504
1377 # 1504
1378 # 1504
1378 # 1504
1378 # 1504
1378 # 1504
1378 # 1504
1379 # 1504
1380 # 1504
1381 # 1504
1382 # 1504
1386 # 1504
1386 # 1504
1387 # 1504
1390 # 1504
1391 # 1504
1391 # 1504
1392 # 1504
1395 # 1504
1396 # 1504
1397 # 1504
1398 # 1504
1411 # 1504
1411 # 1504
1411 # 1504
1412 # 1504
1412 # 1504
1412 # 1504
1412 # 1504
1412 # 1504
1412 # 1504
1412 # 1504
1412 # 1504
1415 # 1504
1416 # 1504
1416 # 1504
1417 # 1504
1418 # 1504
1421 # 1504
1423 # 1504
1423 # 1504
1425 # 1504
1426 # 1504
1426 # 1504
1428 # 1504
1431 # 1504
1431 # 1504
1431 # 1504
1432 # 1504
1433 # 1504
1434 # 1504
1435 # 1504
1435 # 1504
1436 # 1504
1437 # 1504
1438 # 1504
1439 # 1504
1440 # 1504
1441 # 1504
1441 # 1504
1442 # 1504
1443 # 1504
1444 # 1504
1445 # 1504
1446 # 1504
1446 # 1504
1447 # 1504
1448 # 1504
1449 # 1504
1449 # 1504
1451 # 1504
1451 # 1504
1452 # 1504
1452 # 1504
1453 # 1504
1456 # 1504
1456 # 1504
1456 # 1504
1457 # 1504
1457 # 1504
1458 # 1504
1459 # 1504
1459 # 1504
1468 # 1504
1468 # 1504
1468 # 1504
1468 # 1504
1468 # 1504
1471 # 1504
1472 # 1504
1472 # 1504
1472 # 1504
1472 # 1504
1472 # 1504
1472 # 1504
1472 # 1504
1472 # 1504
1475 # 1504
1476 # 1504
1487 # 1504
1487 # 1504
1488 # 1504
1491 # 1504
1491 # 1504
1493 # 1504
1494 # 1504
1495 # 1504
1496 # 1504
1496 # 1504
1496 # 1504
1497 # 1504
1497 # 1504
1497 # 1504
1503 # 1504
1503 # 1504
1503 # 1504
1504 # 1504
1508 # 1504
1509 # 1504
1510 # 1504
1511 # 1504
1515 # 1504
1516 # 1504
1518 # 1504
1519 # 1504
1520 # 1504
1522 # 1504
1523 # 1504
1526 # 1504
1527 # 1504
1528 # 1504
1530 # 1504
1531 # 1504
1532 # 1504
1535 # 1504
1536 # 1504
1536 # 1504
1539 # 1504
1540 # 1504
1541 # 1504
1542 # 1504
1543 # 1504
1544 # 1504
1545 # 1504
1547 # 1504
1547 # 1504
1548 # 1504
1550 # 1504
1551 # 1504
1552 # 1504
1554 # 1504
1555 # 1504
1557 # 1504
1560 # 1504
1560 # 1504
1561 # 1504
1561 # 1504
1562 # 1504
1563 # 1504
1565 # 1504
1565 # 1504
1566 # 1504
1567 # 1504
1568 # 1504
1569 # 1504
1570 # 1504
1570 # 1504
1571 # 1504
1573 # 1504
1573 # 1504
1575 # 1504
1576 # 1504
1576 # 1504
1576 # 1504
1577 # 1504
1578 # 1504
1634 # 1504
1638 # 1504
1638 # 1504
1638 # 1504
1639 # 1504
1639 # 1504
1639 # 1504
1639 # 1504
1639 # 1504
1639 # 1504
1639 # 1504
1639 # 1504
1639 # 1504
1639 # 1504
1640 # 1504
1640 # 1504
1640 # 1504
1640 # 1504
1640 # 1504
1640 # 1504
1640 # 1504
1640 # 1504
1640 # 1504
1641 # 1504
1641 # 1504
1641 # 1504
1641 # 1504
1641 # 1504
1641 # 1504
1641 # 1504
1641 # 1504
1641 # 1504
1642 # 1504
1642 # 1504
1642 # 1504
1642 # 1504
1642 # 1504
1642 # 1504
1642 # 1504
1643 # 1504
1643 # 1504
1643 # 1504
1643 # 1504
1643 # 1504
1643 # 1504
1644 # 1504
1644 # 1504
1644 # 1504
1644 # 1504
1644 # 1504
1645 # 1504
1645 # 1504
1645 # 1504
1645 # 1504
1645 # 1504
1645 # 1504
1645 # 1504
1646 # 1504
1646 # 1504
1646 # 1504
1646 # 1504
1646 # 1504
1647 # 1504
1647 # 1504
1647 # 1504
1647 # 1504
1647 # 1504
1647 # 1504
1647 # 1504
1648 # 1504
1648 # 1504
1648 # 1504
1648 # 1504
1648 # 1504
1649 # 1504
1651 # 1504
1652 # 1504
1652 # 1504
1653 # 1504
1654 # 1504
1655 # 1504
1656 # 1504
1658 # 1504
1658 # 1504
1659 # 1504
1661 # 1504
1661 # 1504
1662 # 1504
1662 # 1504
1664 # 1504
1666 # 1504
1666 # 1504
1667 # 1504
1668 # 1504
1670 # 1504
1670 # 1504
1671 # 1504
1675 # 1504
1675 # 1504
1676 # 1504
1676 # 1504
1676 # 1504
1678 # 1504
1688 # 1504
1692 # 1504
1692 # 1504
1692 # 1504
1692 # 1504
1696 # 1504
1696 # 1504
1699 # 1504
1700 # 1504
1700 # 1504
1707 # 1504
1717 # 1504
1717 # 1504
1717 # 1504
1718 # 1504
1718 # 1504
1718 # 1504
1718 # 1504
1718 # 1504
1721 # 1504
1721 # 1504
1722 # 1504
1723 # 1504
1725 # 1504
1726 # 1504
1729 # 1504
1731 # 1504
1732 # 1504
1733 # 1504
1737 # 1504
1740 # 1504
1742 # 1504
1745 # 1504
1746 # 1504
1748 # 1504
1750 # 1504
1753 # 1504
1753 # 1504
1756 # 1504
1759 # 1504
1761 # 1504
1762 # 1504
1764 # 1504
1768 # 1504
1768 # 1504
1771 # 1504
1772 # 1504
1777 # 1504
1777 # 1504
1778 # 1504
1780 # 1504
1781 # 1504
1785 # 1504
1786 # 1504
1788 # 1504
1789 # 1504
1790 # 1504
1792 # 1504
1792 # 1504
1793 # 1504
1793 # 1504
1794 # 1504
1796 # 1504
1799 # 1504
1800 # 1504
1801 # 1504
1802 # 1504
1803 # 1504
1804 # 1504
1804 # 1504
1805 # 1504
1806 # 1504
1807 # 1504
1807 # 1504
1808 # 1504
1809 # 1504
1810 # 1504
1811 # 1504
1813 # 1504
1813 # 1504
1813 # 1504
1814 # 1504
1815 # 1504
1816 # 1504
1817 # 1504
1817 # 1504
1818 # 1504
1819 # 1504
1828 # 1504
1832 # 1504
1833 # 1504
1833 # 1504
1833 # 1504
1833 # 1504
1833 # 1504
1833 # 1504
1839 # 1504
1839 # 1504
1839 # 1504
1839 # 1504
1839 # 1504
1839 # 1504
1849 # 1504
1849 # 1504
1849 # 1504
1849 # 1504
1849 # 1504
1849 # 1504
1850 # 1504
1851 # 1504
1852 # 1504
1854 # 1504
1855 # 1504
1863 # 1504
1866 # 1504
1866 # 1504
1866 # 1504
1866 # 1504
1866 # 1504
1866 # 1504
1866 # 1504
1869 # 1504
1869 # 1504
1871 # 1504
1875 # 1504
1875 # 1504
1877 # 1504
1882 # 1504
1883 # 1504
1885 # 1504
1887 # 1504
1888 # 1504
1889 # 1504
1890 # 1504
1891 # 1504
1893 # 1504
1893 # 1504
1894 # 1504
1895 # 1504
1896 # 1504
1897 # 1504
1898 # 1504
1899 # 1504
1901 # 1504
1901 # 1504
1901 # 1504
1903 # 1504
1913 # 1504
1913 # 1504
1926 # 1504
1932 # 1504
1934 # 1504
1936 # 1504
1941 # 1504
1942 # 1504
1944 # 1504
1945 # 1504
1946 # 1504
1949 # 1504
1949 # 1504
1950 # 1504
1951 # 1504
1952 # 1504
1957 # 1504
1957 # 1504
1958 # 1504
1960 # 1504
1961 # 1504
1963 # 1504
1963 # 1504
1966 # 1504
1966 # 1504
1969 # 1504
1969 # 1504
1971 # 1504
1973 # 1504
1975 # 1504
1981 # 1504
1983 # 1504
1983 # 1504
1984 # 1504
1985 # 1504
1987 # 1504
1990 # 1504
1996 # 1504
2002 # 1504
2013 # 1504
2016 # 1504
2018 # 1504
2018 # 1504
2018 # 1504
2018 # 1504
2018 # 1504
2020 # 1504
2023 # 1504
2023 # 1504
2024 # 1504
2026 # 1504
2027 # 1504
2027 # 1504
2030 # 1504
2032 # 1504
2041 # 1504
2042 # 1504
2047 # 1504
2048 # 1504
2050 # 1504
2051 # 1504
2052 # 1504
2054 # 1504
2055 # 1504
2056 # 1504
2058 # 1504
2059 # 1504
2060 # 1504
2061 # 1504
2062 # 1504
2066 # 1504
2069 # 1504
2069 # 1504
2071 # 1504
2072 # 1504
2074 # 1504
2076 # 1504
2077 # 1504
2078 # 1504
2079 # 1504
2083 # 1504
2083 # 1504
2085 # 1504
2087 # 1504
2091 # 1504
2095 # 1504
2096 # 1504
2097 # 1504
2098 # 1504
2099 # 1504
2101 # 1504
2101 # 1504
2102 # 1504
2104 # 1504
2105 # 1504
2107 # 1504
2107 # 1504
2107 # 1504
2108 # 1504
2109 # 1504
2110 # 1504
2111 # 1504
2111 # 1504
2113 # 1504
2114 # 1504
2116 # 1504
2116 # 1504
2117 # 1504
2119 # 1504
2119 # 1504
2119 # 1504
2120 # 1504
2121 # 1504
2123 # 1504
2123 # 1504
2123 # 1504
2124 # 1504
2125 # 1504
2126 # 1504
2127 # 1504
2127 # 1504
2128 # 1504
2129 # 1504
2130 # 1504
2131 # 1504
2132 # 1504
2134 # 1504
2135 # 1504
2136 # 1504
2141 # 1504
2141 # 1504
2141 # 1504
2141 # 1504
2142 # 1504
2142 # 1504
2143 # 1504
2144 # 1504
2144 # 1504
2144 # 1504
2145 # 1504
2146 # 1504
2147 # 1504
2147 # 1504
2148 # 1504
2148 # 1504
2149 # 1504
2150 # 1504
2150 # 1504
2151 # 1504
2152 # 1504
2153 # 1504
2154 # 1504
2154 # 1504
2155 # 1504
2156 # 1504
2156 # 1504
2157 # 1504
2158 # 1504
2158 # 1504
2170 # 1504
2170 # 1504
2173 # 1504
2174 # 1504
2174 # 1504
2174 # 1504
2174 # 1504
2174 # 1504
2174 # 1504
2174 # 1504
2174 # 1504
2175 # 1504
2176 # 1504
2176 # 1504
2178 # 1504
2179 # 1504
2180 # 1504
2180 # 1504
2181 # 1504
2183 # 1504
2183 # 1504
2184 # 1504
2186 # 1504
2187 # 1504
2188 # 1504
2188 # 1504
2189 # 1504
2190 # 1504
2191 # 1504
2193 # 1504
2193 # 1504
2194 # 1504
2195 # 1504
2196 # 1504
2197 # 1504
2199 # 1504
2199 # 1504
2199 # 1504
2200 # 1504
2201 # 1504
2201 # 1504
2202 # 1504
2204 # 1504
2205 # 1504
2206 # 1504
2207 # 1504
2207 # 1504
2208 # 1504
2210 # 1504
2211 # 1504
2211 # 1504
2212 # 1504
2214 # 1504
2215 # 1504
2215 # 1504
2216 # 1504
2217 # 1504
2218 # 1504
2218 # 1504
2219 # 1504
2220 # 1504
2222 # 1504
2224 # 1504
2225 # 1504
2227 # 1504
2227 # 1504
2227 # 1504
2228 # 1504
2229 # 1504
2230 # 1504
2230 # 1504
2231 # 1504
2232 # 1504
2234 # 1504
2235 # 1504
2247 # 1504
2247 # 1504
2247 # 1504
2247 # 1504
2247 # 1504
2247 # 1504
2247 # 1504
2247 # 1504
2247 # 1504
2255 # 1504
2255 # 1504
2255 # 1504
2255 # 1504
2255 # 1504
2255 # 1504
2258 # 1504
2258 # 1504
2258 # 1504
2260 # 1504
2260 # 1504
2262 # 1504
2263 # 1504
2263 # 1504
2263 # 1504
2265 # 1504
2266 # 1504
2267 # 1504
2268 # 1504
2268 # 1504
2270 # 1504
2271 # 1504
2272 # 1504
2272 # 1504
2273 # 1504
2274 # 1504
2276 # 1504
2287 # 1504
2287 # 1504
2287 # 1504
2287 # 1504
2287 # 1504
2287 # 1504
2287 # 1504
2287 # 1504
2287 # 1504
2287 # 1504
2296 # 1504
2296 # 1504
2296 # 1504
2296 # 1504
2298 # 1504
2298 # 1504
2298 # 1504
2298 # 1504
2301 # 1504
2302 # 1504
2302 # 1504
2302 # 1504
2308 # 1504
2312 # 1504
2314 # 1504
2314 # 1504
2315 # 1504
2317 # 1504
2317 # 1504
2321 # 1504
2323 # 1504
2324 # 1504
2337 # 1504
2337 # 1504
2337 # 1504
2337 # 1504
2337 # 1504
2341 # 1504
2343 # 1504
2347 # 1504
2348 # 1504
2350 # 1504
2352 # 1504
2354 # 1504
2355 # 1504
2356 # 1504
2358 # 1504
2360 # 1504
2362 # 1504
2365 # 1504
2366 # 1504
2377 # 1504
2377 # 1504
2378 # 1504
2378 # 1504
2383 # 1504
2383 # 1504
2388 # 1504
2388 # 1504
2388 # 1504
2388 # 1504
2389 # 1504
2389 # 1504
2389 # 1504
2390 # 1504
2409 # 1504
2410 # 1504
2410 # 1504
2410 # 1504
2410 # 1504
2410 # 1504
2410 # 1504
2411 # 1504
2411 # 1504
2411 # 1504
2411 # 1504
2411 # 1504
2411 # 1504
2411 # 1504
2413 # 1504
2415 # 1504
2418 # 1504
2420 # 1504
2422 # 1504
2427 # 1504
2430 # 1504
2430 # 1504
2433 # 1504
2435 # 1504
2436 # 1504
2438 # 1504
2440 # 1504
2442 # 1504
2444 # 1504
2446 # 1504
2448 # 1504
2450 # 1504
2451 # 1504
2454 # 1504
2456 # 1504
2457 # 1504
2459 # 1504
2462 # 1504
2463 # 1504
2465 # 1504
2465 # 1504
2468 # 1504
2472 # 1504
2472 # 1504
2473 # 1504
2474 # 1504
2476 # 1504
2478 # 1504
2480 # 1504
2483 # 1504
2483 # 1504
2485 # 1504
2488 # 1504
2488 # 1504
2489 # 1504
2490 # 1504
2491 # 1504
2492 # 1504
2493 # 1504
2495 # 1504
2495 # 1504
2496 # 1504
2497 # 1504
2498 # 1504
2503 # 1504
2503 # 1504
2504 # 1504
2504 # 1504
2505 # 1504
2506 # 1504
2507 # 1504
2508 # 1504
2510 # 1504
2510 # 1504
2511 # 1504
2512 # 1504
2514 # 1504
2515 # 1504
2515 # 1504
2516 # 1504
2518 # 1504
2518 # 1504
2519 # 1504
2520 # 1504
2520 # 1504
2521 # 1504
2522 # 1504
2524 # 1504
2526 # 1504
2527 # 1504
2527 # 1504
2527 # 1504
2528 # 1504
2529 # 1504
2529 # 1504
2539 # 1504
2539 # 1504
2539 # 1504
2540 # 1504
2540 # 1504
2540 # 1504
2540 # 1504
2540 # 1504
2541 # 1504
2541 # 1504
2541 # 1504
2541 # 1504
2546 # 1504
2546 # 1504
2546 # 1504
2546 # 1504
2547 # 1504
2547 # 1504
2547 # 1504
2547 # 1504
2547 # 1504
2553 # 1504
2554 # 1504
2554 # 1504
2554 # 1504
2554 # 1504
2554 # 1504
2554 # 1504
2555 # 1504
2555 # 1504
2555 # 1504
2555 # 1504
2555 # 1504
2555 # 1504
2555 # 1504
2556 # 1504
2556 # 1504
2566 # 1504
2566 # 1504
2566 # 1504
2566 # 1504
2566 # 1504
2567 # 1504
2567 # 1504
2567 # 1504
2573 # 1504
2573 # 1504
2574 # 1504
2574 # 1504
2578 # 1504
2578 # 1504
2579 # 1504
2579 # 1504
2579 # 1504
2579 # 1504
2580 # 1504
2582 # 1504
2584 # 1504
2585 # 1504
2587 # 1504
2589 # 1504
2590 # 1504
2592 # 1504
2594 # 1504
2597 # 1504
2597 # 1504
2599 # 1504
2600 # 1504
2602 # 1504
2606 # 1504
2607 # 1504
2608 # 1504
2610 # 1504
2612 # 1504
2615 # 1504
2616 # 1504
2618 # 1504
2620 # 1504
2623 # 1504
2625 # 1504
2627 # 1504
2628 # 1504
2629 # 1504
2631 # 1504
2632 # 1504
2636 # 1504
2638 # 1504
2638 # 1504
2640 # 1504
2643 # 1504
2643 # 1504
2645 # 1504
2646 # 1504
2648 # 1504
2651 # 1504
2651 # 1504
2653 # 1504
2653 # 1504
2654 # 1504
2655 # 1504
2656 # 1504
2657 # 1504
2658 # 1504
2661 # 1504
2661 # 1504
2662 # 1504
2665 # 1504
2665 # 1504
2666 # 1504
2667 # 1504
2668 # 1504
2670 # 1504
2671 # 1504
2671 # 1504
2673 # 1504
2675 # 1504
2675 # 1504
2676 # 1504
2679 # 1504
2679 # 1504
2680 # 1504
2681 # 1504
2682 # 1504
2683 # 1504
2684 # 1504
2685 # 1504
2686 # 1504
2688 # 1504
2689 # 1504
2691 # 1504
2691 # 1504
2691 # 1504
2693 # 1504
2693 # 1504
2694 # 1504
2694 # 1504
2695 # 1504
2696 # 1504
2697 # 1504
2697 # 1504
2698 # 1504
2699 # 1504
2710 # 1504
2710 # 1504
2712 # 1504
2712 # 1504
2712 # 1504
2712 # 1504
2713 # 1504
2714 # 1504
2714 # 1504
2714 # 1504
2714 # 1504
2714 # 1504
2714 # 1504
2715 # 1504
2716 # 1504
2716 # 1504
2716 # 1504
2718 # 1504
2727 # 1504
2727 # 1504
2727 # 1504
2731 # 1504
2731 # 1504
2732 # 1504
2732 # 1504
2732 # 1504
2732 # 1504
2732 # 1504
2732 # 1504
2732 # 1504
2732 # 1504
2735 # 1504
2737 # 1504
2738 # 1504
2740 # 1504
2742 # 1504
2745 # 1504
2746 # 1504
2748 # 1504
2749 # 1504
2750 # 1504
2753 # 1504
2753 # 1504
2755 # 1504
2755 # 1504
2757 # 1504
2759 # 1504
2759 # 1504
2760 # 1504
2761 # 1504
2761 # 1504
2765 # 1504
2765 # 1504
2766 # 1504
2766 # 1504
2768 # 1504
2768 # 1504
2769 # 1504
2770 # 1504
2771 # 1504
2772 # 1504
2772 # 1504
2774 # 1504
2784 # 1504
2784 # 1504
2784 # 1504
2784 # 1504
2784 # 1504
2784 # 1504
2784 # 1504
2792 # 1504
2792 # 1504
2792 # 1504
2792 # 1504
2793 # 1504
2793 # 1504
2793 # 1504
2793 # 1504
2793 # 1504
2793 # 1504
2794 # 1504
2795 # 1504
2796 # 1504
2796 # 1504
2797 # 1504
2799 # 1504
2799 # 1504
2800 # 1504
2801 # 1504
2801 # 1504
2802 # 1504
2804 # 1504
2804 # 1504
2805 # 1504
2805 # 1504
2806 # 1504
2807 # 1504
2808 # 1504
2809 # 1504
2810 # 1504
2811 # 1504
2813 # 1504
2815 # 1504
2816 # 1504
2817 # 1504
2817 # 1504
2818 # 1504
2820 # 1504
2821 # 1504
2821 # 1504
2822 # 1504
2823 # 1504
2824 # 1504
2825 # 1504
2829 # 1504
2829 # 1504
2830 # 1504
2831 # 1504
2832 # 1504
2832 # 1504
2832 # 1504
2834 # 1504
2837 # 1504
2838 # 1504
2838 # 1504
2838 # 1504
2838 # 1504
2839 # 1504
2840 # 1504
2840 # 1504
2841 # 1504
2842 # 1504
2845 # 1504
2845 # 1504
2846 # 1504
2846 # 1504
2846 # 1504
2847 # 1504
2848 # 1504
2849 # 1504
2849 # 1504
2849 # 1504
2859 # 1504
2859 # 1504
2859 # 1504
2859 # 1504
2859 # 1504
2860 # 1504
2860 # 1504
2860 # 1504
2860 # 1504
2860 # 1504
2860 # 1504
2860 # 1504
2860 # 1504
2861 # 1504
2861 # 1504
2862 # 1504
2862 # 1504
2863 # 1504
2874 # 1504
2874 # 1504
2874 # 1504
2874 # 1504
2874 # 1504
2875 # 1504
2875 # 1504
2875 # 1504
2875 # 1504
2875 # 1504
2875 # 1504
2875 # 1504
2878 # 1504
2878 # 1504
2878 # 1504
2879 # 1504
2880 # 1504
2881 # 1504
2882 # 1504
2891 # 1504
2891 # 1504
2891 # 1504
2891 # 1504
2891 # 1504
2891 # 1504
2891 # 1504
2891 # 1504
2897 # 1504
2898 # 1504
2899 # 1504
2899 # 1504
2900 # 1504
2902 # 1504
2902 # 1504
2903 # 1504
2903 # 1504
2906 # 1504
2906 # 1504
2907 # 1504
2907 # 1504
2907 # 1504
2907 # 1504
2908 # 1504
2909 # 1504
2910 # 1504
2911 # 1504
2912 # 1504
2913 # 1504
2914 # 1504
2914 # 1504
2915 # 1504
2917 # 1504
2917 # 1504
2918 # 1504
2919 # 1504
2920 # 1504
2921 # 1504
2922 # 1504
2922 # 1504
2924 # 1504
2926 # 1504
2927 # 1504
2931 # 1504
2931 # 1504
2932 # 1504
2933 # 1504
2935 # 1504
2935 # 1504
2936 # 1504
2957 # 1504
2971 # 1504
2972 # 1504
2990 # 1504
2992 # 1504
2999 # 1504
2999 # 1504
3000 # 1504
3000 # 1504
3003 # 1504
3005 # 1504
3010 # 1504
3010 # 1504
3022 # 1504
3022 # 1504
3022 # 1504
3022 # 1504
3022 # 1504
3027 # 1504
3027 # 1504
3027 # 1504
3030 # 1504
3030 # 1504
3033 # 1504
3037 # 1504
3037 # 1504
3039 # 1504
3039 # 1504
3047 # 1504
3047 # 1504
3049 # 1504
3050 # 1504
3050 # 1504
3052 # 1504
3053 # 1504
3054 # 1504
3054 # 1504
3054 # 1504
3057 # 1504
3057 # 1504
3058 # 1504
3058 # 1504
3059 # 1504
3061 # 1504
3062 # 1504
3063 # 1504
3064 # 1504
3066 # 1504
3067 # 1504
3067 # 1504
3069 # 1504
3069 # 1504
3070 # 1504
3071 # 1504
3073 # 1504
3073 # 1504
3073 # 1504
3073 # 1504
3074 # 1504
3076 # 1504
3076 # 1504
3076 # 1504
3079 # 1504
3079 # 1504
3080 # 1504
3082 # 1504
3082 # 1504
3082 # 1504
3084 # 1504
3084 # 1504
3085 # 1504
3086 # 1504
3088 # 1504
3088 # 1504
3097 # 1504
3099 # 1504
3099 # 1504
3101 # 1504
3101 # 1504
3101 # 1504
3101 # 1504
3101 # 1504
3101 # 1504
3101 # 1504
3102 # 1504
3112 # 1504
3116 # 1504
3116 # 1504
3116 # 1504
3116 # 1504
3116 # 1504
3116 # 1504
3117 # 1504
3117 # 1504
3117 # 1504
3117 # 1504
3117 # 1504
3117 # 1504
3117 # 1504
3117 + 100
3119 # 1504
3119 - 100 2
3120 # 1504
3120 # 1504
3121 # 1504
3121 # 1504
3122 # 1504
3122 # 1504
3122 # 1504
3123 # 1504
3124 # 1504
3124 + 92
3124 + 92
3124 + 92
3125 + 92
3126 + 92
3127 # 1504
3127 - 92 3
3127 - 92 3
3127 - 92 3
3127 - 92 2
3127 - 92 1
3127 # 1504
3128 + 92
3128 + 92
3129 + 92
3131 # 1504
3131 - 92 3
3131 - 92 3
3131 - 92 2
3132 + 92
3132 + 92
3135 + 92
3135 + 92
3135 + 92
3137 # 1504
3137 - 92 5
3137 - 92 5
3137 - 92 2
3137 - 92 2
3137 - 92 2
3138 + 92
3138 + 92
3140 + 92
3142 + 92
3144 # 1504
3144 - 92 6
3144 - 92 6
3144 - 92 4
3144 - 92 2
3145 + 92
3147 + 92
3150 + 92
3154 + 92
3155 # 1504
3155 - 92 10
3155 - 92 8
3155 - 92 5
3155 - 92 1
3156 + 92
3158 + 92
3159 # 1504
3159 - 92 3
3159 - 92 1
3159 # 1504
3160 # 1504
3160 # 1504
3161 # 1504
3164 # 1504
3164 + 92
3164 + 92
3165 # 1504
3165 - 92 1
3165 - 92 1
3167 # 1504
3169 # 1504
3169 + 92
3170 # 1504
3170 - 92 1
3172 # 1504
3172 + 92
3174 # 1504
3174 - 92 2
3176 # 1504
3178 # 1504
3179 # 1504
3181 # 1504
3183 + 92
3184 # 1504
3184 - 92 1
3187 # 1504
3188 # 1504
3190 # 1504
3191 # 1504
3191 + 92
3195 + 92
3196 # 1504
3196 - 92 5
3196 - 92 1
3198 # 1504
3199 # 1504
3201 # 1504
3202 # 1504
3202 + 92
3205 # 1504
3205 - 92 3
3205 + 92
3205 + 92
3206 # 1504
3206 - 92 1
3206 - 92 1
3208 + 92
3209 # 1504
3209 - 92 1
3210 # 1504
3211 # 1504
3212 + 92
3213 # 1504
3213 - 92 1
3213 # 1504
3214 # 1504
3215 # 1504
3216 # 1504
3217 # 1504
3220 # 1504
3220 # 1504
3221 # 1504
3221 # 1504
3222 # 1504
3224 # 1504
3225 # 1504
3226 # 1504
3226 + 92
3226 + 92
3227 # 1504
3227 - 92 1
3227 - 92 1
3228 + 92
3231 # 1504
3231 - 92 3
3232 # 1504
3237 # 1504
3238 # 1504
3239 # 1504
3240 # 1504
3242 # 1504
3245 # 1504
3245 # 1504
3247 # 1504
3248 + 92
3248 + 92
3248 + 92
3248 + 92
3249 # 1504
3249 - 92 1
3249 - 92 1
3249 - 92 1
3249 - 92 1
3250 # 1504
3251 # 1504
3251 # 1504
3252 # 1504
3253 # 1504
3253 + 92
3254 # 1504
3254 - 92 1
3255 + 92
3256 # 1504
3256 - 92 1
3256 + 92
3258 # 1504
3258 - 92 2
3258 # 1504
3259 + 92
3261 # 1504
3261 - 92 2
3261 # 1504
3263 # 1504
3263 # 1504
3266 # 1504
3266 # 1504
3268 # 1504
3269 # 1504
3269 + 92
3269 + 92
3269 + 92
3269 + 92
3269 + 92
3270 # 1504
3270 - 92 1
3270 - 92 1
3270 - 92 1
3270 - 92 1
3270 - 92 1
3270 # 1504
3270 + 92
3271 # 1504
3271 - 92 1
3272 # 1504
3272 + 92
3274 # 1504
3274 - 92 2
3274 + 92
3274 + 92
3276 + 92
3277 # 1504
3277 - 92 3
3277 - 92 3
3277 - 92 1
3277 # 1504
3277 # 1504
3278 # 1504
3280 # 1504
3281 # 1504
3283 # 1504
3283 # 1504
3284 # 1504
3285 # 1504
3286 # 1504
3287 # 1504
3288 # 1504
3288 # 1504
3289 # 1504
3291 # 1504
3291 # 1504
3291 # 1504
3293 # 1504
3293 # 1504
3294 # 1504
3296 # 1504
3296 # 1504
3297 # 1504
3298 # 1504
3298 # 1504
3298 # 1504
3301 # 1504
3301 # 1504
3301 # 1504
3301 # 1504
3303 # 1504
3308 # 1504
3308 # 1504
3308 # 1504
3308 # 1504
3308 # 1504
3308 # 1504
3308 + 92
3308 + 92
3308 + 92
3308 + 92
3308 + 92
3308 + 92
3308 + 92
3309 # 1504
3309 - 92 1
3309 - 92 1
3309 - 92 1
3309 - 92 1
3309 - 92 1
3309 - 92 1
3309 - 92 1
3309 # 1504
3309 # 1504
3311 # 1504
3312 # 1504
3312 # 1504
3313 # 1504
3313 # 1504
3313 # 1504
3314 # 1504
3315 # 1504
3316 # 1504
3317 # 1504
3317 # 1504
3317 # 1504
3319 # 1504
3319 # 1504
3321 # 1504
3321 # 1504
3321 # 1504
3323 # 1504
3323 # 1504
3324 # 1504
3324 + 92
3324 + 92
3326 # 1504
3326 - 92 2
3326 - 92 2
3326 # 1504
3326 # 1504
3327 + 92
3328 # 1504
3328 - 92 1
3328 # 1504
3330 # 1504
3331 # 1504
3332 # 1504
3333 # 1504
3333 # 1504
3333 # 1504
3334 + 92
3335 # 1504
3335 - 92 1
3337 # 1504
3337 # 1504
3338 # 1504
3338 # 1504
3338 # 1504
3340 + 92
3341 # 1504
3341 - 92 1
3341 # 1504
3341 # 1504
3345 # 1504
3345 # 1504
3345 + 92
3346 # 1504
3346 - 92 1
3347 # 1504
3347 # 1504
3347 # 1504
3350 + 92
3356 + 92
3357 # 1504
3357 - 92 7
3357 - 92 1
3358 # 1504
3361 # 1504
3361 + 92
3362 # 1504
3362 - 92 1
3362 # 1504
3362 # 1504
3363 # 1504
3363 # 1504
3364 # 1504
3364 # 1504
3366 # 1504
3366 # 1504
3366 # 1504
3367 # 1504
3369 # 1504
3370 # 1504
3370 # 1504
3370 + 92
3371 # 1504
3371 - 92 1
3372 + 92
3373 # 1504
3373 - 92 1
3374 # 1504
3375 + 92
3378 + 92
3379 # 1504
3379 - 92 4
3379 - 92 1
3380 # 1504
3383 # 1504
3383 + 92
3384 + 92
3386 # 1504
3386 - 92 3
3386 - 92 2
3387 # 1504
3388 # 1504
3388 + 92
3389 # 1504
3389 - 92 1
3391 # 1504
3392 # 1504
3393 + 92
3394 # 1504
3394 - 92 1
3396 # 1504
3396 + 92
3397 # 1504
3397 - 92 1
3397 # 1504
3398 # 1504
3399 # 1504
3401 # 1504
3401 + 92
3403 + 92
3405 # 1504
3405 - 92 4
3405 - 92 2
3405 # 1504
3405 # 1504
3405 + 92
3405 + 92
3406 # 1504
3406 - 92 1
3406 - 92 1
3406 # 1504
3407 # 1504
3408 # 1504
3410 + 92
3411 # 1504
3411 - 92 1
3412 + 92
3413 # 1504
3413 - 92 1
3414 # 1504
3415 # 1504
3416 # 1504
3416 + 92
3419 + 92
3420 # 1504
3420 - 92 4
3420 - 92 1
3421 # 1504
3421 + 92
3422 # 1504
3422 - 92 1
3424 # 1504
3424 # 1504
3424 + 92
3425 # 1504
3425 - 92 1
3426 # 1504
3426 + 92
3427 # 1504
3427 - 92 1
3428 # 1504
3428 + 92
3432 # 1504
3432 - 92 4
3432 + 92
3433 # 1504
3433 - 92 1
3434 # 1504
3435 # 1504
3436 # 1504
3437 # 1504
3438 # 1504
3441 + 92
3441 + 92
3441 + 92
3441 + 92
3443 + 92
3445 + 92
3449 + 92
3451 + 92
3454 + 92
3457 + 92
3459 + 92
3464 + 92
3466 + 92
3471 + 92
3473 + 92
3474 + 92
3485 + 92
3496 # 1504
3496 - 92 55
3496 - 92 55
3496 - 92 55
3496 - 92 55
3496 - 92 53
3496 - 92 51
3496 - 92 47
3496 - 92 45
3496 - 92 42
3496 - 92 39
3496 - 92 37
3496 - 92 32
3496 - 92 30
3496 - 92 25
3496 - 92 23
3496 - 92 22
3496 # 1504
3496 - 92 11
3496 # 1504
3496 # 1504
3496 # 1504
3496 # 1504
3496 # 1504
3496 # 1504
3496 # 1504
3497 # 1504
3497 # 1504
3497 # 1504
3497 # 1504
3497 # 1504
3497 # 1504
3497 # 1504
3497 # 1504
3497 # 1504
3497 # 1504
3497 # 1504
3497 # 1504
3497 # 1504
3498 # 1504
3498 # 1504
3498 # 1504
3498 # 1504
3498 # 1504
3498 # 1504
3498 # 1504
3498 # 1504
3498 # 1504
3498 # 1504
3498 # 1504
3498 # 1504
3498 # 1504
3499 # 1504
3499 # 1504
3499 # 1504
3499 # 1504
3499 # 1504
3499 # 1504
3499 # 1504
3499 # 1504
3499 # 1504
3499 # 1504
3499 # 1504
3499 # 1504
3499 # 1504
3499 # 1504
3500 # 1504
3500 # 1504
3500 # 1504
3500 # 1504
3501 # 1504
3502 # 1504
3503 + 92
3503 + 92
3504 # 1504
3504 - 92 1
3504 - 92 1
3505 # 1504
3507 # 1504
3508 # 1504
3509 + 92
3510 # 1504
3510 - 92 1
3510 # 1504
3511 # 1504
3511 + 92
3512 # 1504
3512 - 92 1
3513 # 1504
3514 # 1504
3514 + 92
3515 # 1504
3515 - 92 1
3516 # 1504
3516 # 1504
3516 + 92
3517 # 1504
3517 - 92 1
3518 # 1504
3519 # 1504
3520 # 1504
3521 # 1504
3521 # 1504
3522 # 1504
3524 # 1504
3525 # 1504
3526 # 1504
3527 # 1504
3528 # 1504
3529 # 1504
3530 # 1504
3531 # 1504
3531 # 1504
3533 # 1504
3533 # 1504
3534 # 1504
3535 + 92
3535 + 92
3535 + 92
3535 + 92
3535 + 92
3535 + 92
3536 # 1504
3536 - 92 1
3536 - 92 1
3536 - 92 1
3536 - 92 1
3536 - 92 1
3536 - 92 1
3536 # 1504
3537 # 1504
3537 # 1504
3538 + 92
3539 # 1504
3539 - 92 1
3541 # 1504
3541 # 1504
3541 # 1504
3543 # 1504
3543 + 92
3544 # 1504
3544 - 92 1
3544 + 92
3546 # 1504
3546 - 92 2
3546 # 1504
3546 # 1504
3546 + 92
3547 # 1504
3547 - 92 1
3549 # 1504
3549 # 1504
3550 + 92
3551 # 1504
3551 - 92 1
3552 # 1504
3552 # 1504
3552 + 92
3553 # 1504
3553 - 92 1
3553 + 92
3555 # 1504
3555 - 92 2
3555 # 1504
3555 # 1504
3556 + 92
3557 # 1504
3557 - 92 1
3557 # 1504
3558 # 1504
3558 # 1504
3558 # 1504
3558 + 92
3560 # 1504
3560 - 92 2
3569 # 1504
3569 # 1504
3569 # 1504
3569 # 1504
3570 # 1504
3574 # 1504
3574 # 1504
3574 # 1504
3576 # 1504
3577 # 1504
3577 # 1504
3577 # 1504
3577 # 1504
3577 # 1504
3578 # 1504
3578 # 1504
3578 # 1504
3578 # 1504
3578 # 1504
3578 # 1504
3578 # 1504
3580 # 1504
3581 # 1504
3581 # 1504
3582 # 1504
3582 # 1504
3582 # 1504
3583 # 1504
3584 # 1504
3584 # 1504
3585 # 1504
3586 # 1504
3587 # 1504
3588 # 1504
3588 # 1504
3588 # 1504
3589 + 92
3589 + 92
3589 + 92
3589 + 92
3589 + 92
3589 + 92
3589 + 92
3589 + 92
3589 + 92
3592 # 1504
3592 - 92 3
3592 - 92 3
3592 - 92 3
3592 - 92 3
3592 - 92 3
3592 - 92 3
3592 - 92 3
3592 - 92 3
3592 - 92 3
3594 # 1504
3594 # 1504
3597 # 1504
3597 # 1504
3598 # 1504
3600 # 1504
3601 # 1504
3603 + 92
3603 + 92
3603 + 92
3603 + 92
3605 # 1504
3605 - 92 2
3605 - 92 2
3605 - 92 2
3605 - 92 2
3605 + 92
3605 + 92
3605 + 92
3607 # 1504
3607 - 92 2
3607 - 92 2
3607 - 92 2
3609 # 1504
3610 # 1504
3610 # 1504
3612 # 1504
3613 # 1504
3614 # 1504
3617 # 1504
3618 # 1504
3618 # 1504
3620 # 1504
3620 # 1504
3621 # 1504
3622 # 1504
3623 + 92
3623 + 92
3623 + 92
3624 # 1504
3624 - 92 1
3624 - 92 1
3624 - 92 1
3625 # 1504
3625 + 92
3626 # 1504
3626 - 92 1
3629 # 1504
3629 # 1504
3629 + 92
3629 + 92
3629 + 92
3629 + 92
3630 # 1504
3630 - 92 1
3630 - 92 1
3630 - 92 1
3630 - 92 1
3630 # 1504
3631 # 1504
3632 # 1504
3632 + 92
3633 + 92
3635 # 1504
3635 - 92 3
3635 - 92 2
3636 # 1504
3636 # 1504
3636 + 92
3638 # 1504
3638 - 92 2
3638 # 1504
3638 # 1504
3638 + 92
3638 + 92
3640 # 1504
3640 - 92 2
3640 - 92 2
3641 + 92
3642 # 1504
3642 - 92 1
3643 # 1504
3643 # 1504
3644 + 92
3647 + 92
3647 + 92
3650 + 92
3652 + 92
3654 # 1504
3654 - 92 10
3654 - 92 7
3654 - 92 7
3654 - 92 4
3654 - 92 2
3654 + 92
3656 + 92
3657 # 1504
3657 - 92 3
3657 - 92 1
3657 # 1504
3657 # 1504
3657 # 1504
3657 # 1504
3657 # 1504
3657 # 1504
3658 # 1504
3661 # 1504
3661 # 1504
3661 # 1504
3662 # 1504
3665 + 92
3665 + 92
3665 + 92
3665 + 92
3665 + 92
3667 # 1504
3667 - 92 2
3667 - 92 2
3667 - 92 2
3667 - 92 2
3667 - 92 2
3667 # 1504
3667 # 1504
3667 + 92
3669 # 1504
3669 - 92 2
3669 # 1504
3669 + 92
3669 + 92
3670 # 1504
3670 - 92 1
3670 - 92 1
3671 + 92
3672 + 92
3673 # 1504
3673 - 92 2
3673 - 92 1
3673 # 1504
3673 # 1504
3674 # 1504
3675 + 92
3675 + 92
3676 + 92
3677 # 1504
3677 - 92 2
3677 - 92 2
3677 - 92 1
3680 # 1504
3680 + 92
3683 # 1504
3683 - 92 3
3684 # 1504
3688 # 1504
3690 # 1504
3691 + 92
3691 + 92
3691 + 92
3692 # 1504
3692 - 92 1
3692 - 92 1
3692 - 92 1
3695 # 1504
3697 + 92
3697 + 92
3697 + 92
3697 + 92
3698 # 1504
3698 - 92 1
3698 - 92 1
3698 - 92 1
3698 - 92 1
3700 # 1504
3703 # 1504
3704 + 92
3705 # 1504
3705 - 92 1
3708 # 1504
3708 # 1504
3712 # 1504
3714 # 1504
3714 + 92
3714 + 92
3714 + 92
3714 + 92
3714 + 92
3714 + 92
3714 + 92
3714 + 92
3714 + 92
3717 # 1504
3717 - 92 3
3717 - 92 3
3717 - 92 3
3717 - 92 3
3717 - 92 3
3717 - 92 3
3717 - 92 3
3717 - 92 3
3717 - 92 3
3717 + 92
3717 + 92
3719 # 1504
3719 - 92 2
3719 - 92 2
3720 + 92
3721 + 92
3722 # 1504
3722 - 92 2
3722 - 92 1
3724 # 1504
3724 + 92
3724 + 92
3727 + 92
3728 # 1504
3728 - 92 4
3728 - 92 4
3728 - 92 1
3728 + 92
3731 # 1504
3731 - 92 3
3731 + 92
3733 + 92
3734 # 1504
3734 - 92 3
3734 - 92 1
3734 + 92
3735 # 1504
3735 - 92 1
3737 # 1504
3737 + 92
3738 # 1504
3738 - 92 1
3739 + 92
3740 # 1504
3740 - 92 1
3740 + 92
3742 # 1504
3742 - 92 2
3746 # 1504
3749 + 92
3749 + 92
3749 + 92
3749 + 92
3750 # 1504
3750 - 92 1
3750 - 92 1
3750 - 92 1
3750 - 92 1
3750 # 1504
3752 + 92
3754 + 92
3755 # 1504
3755 - 92 3
3755 - 92 1
3756 # 1504
3756 + 92
3757 # 1504
3757 - 92 1
3760 # 1504
3762 # 1504
3763 # 1504
3766 + 92
3766 + 92
3766 + 92
3766 + 92
3767 # 1504
3767 - 92 1
3767 - 92 1
3767 - 92 1
3767 - 92 1
3767 # 1504
3767 + 92
3770 # 1504
3770 - 92 3
3771 + 92
3771 + 92
3772 # 1504
3772 - 92 1
3772 - 92 1
3774 # 1504
3776 # 1504
3778 # 1504
3780 # 1504
3782 # 1504
3784 # 1504
3787 # 1504
3788 # 1504
3789 + 92
3789 + 92
3789 + 92
3789 + 92
3789 + 92
3789 + 92
3789 + 92
3789 + 92
3789 + 92
3789 + 92
3789 + 92
3790 + 92
3792 # 1504
3792 - 92 3
3792 - 92 3
3792 - 92 3
3792 - 92 3
3792 - 92 3
3792 - 92 3
3792 - 92 3
3792 - 92 3
3792 - 92 3
3792 - 92 3
3792 - 92 3
3792 - 92 2
3792 + 92
3793 + 92
3794 # 1504
3794 - 92 2
3794 - 92 1
3795 + 92
3795 + 92
3796 # 1504
3796 - 92 1
3796 - 92 1
3799 # 1504
3801 # 1504
3803 # 1504
3805 # 1504
3805 + 92
3805 + 92
3805 + 92
3810 # 1504
3810 - 92 5
3810 - 92 5
3810 - 92 5
3811 # 1504
3813 # 1504
3815 # 1504
3815 + 92
3817 # 1504
3817 - 92 2
3822 + 92
3822 + 92
3822 + 92
3822 + 92
3825 + 92
3826 + 92
3828 + 92
3828 + 92
3831 + 92
3833 # 1504
3833 - 92 11
3833 - 92 11
3833 - 92 11
3833 - 92 11
3833 - 92 8
3833 - 92 7
3833 - 92 5
3833 - 92 5
3833 - 92 2
3833 + 92
3834 + 92
3835 + 92
3837 + 92
3837 + 92
3841 + 92
3841 + 92
3842 + 92
3845 + 92
3845 + 92
3847 + 92
3850 + 92
3850 + 92
3852 + 92
3854 + 92
3854 + 92
3856 # 1504
3856 - 92 23
3856 - 92 22
3856 - 92 21
3856 - 92 19
3856 - 92 19
3856 - 92 15
3856 - 92 15
3856 - 92 14
3856 - 92 11
3856 - 92 11
3856 - 92 9
3856 - 92 6
3856 - 92 6
3856 - 92 4
3856 - 92 2
3856 - 92 2
3856 + 92
3856 + 92
3857 + 92
3858 # 1504
3858 - 92 2
3858 - 92 2
3858 - 92 1
3860 # 1504
3860 + 92
3860 + 92
3862 # 1504
3862 - 92 2
3862 - 92 2
3864 # 1504
3864 + 92
3864 + 92
3865 # 1504
3865 - 92 1
3865 - 92 1
3866 + 92
3866 + 92
3867 # 1504
3867 - 92 1
3867 - 92 1
3868 + 92
3869 # 1504
3869 - 92 1
3870 # 1504
3870 + 92
3871 # 1504
3871 - 92 1
3873 + 92
3874 # 1504
3874 - 92 1
3875 # 1504
3876 # 1504
3876 + 92
3876 + 92
3878 # 1504
3878 - 92 2
3878 - 92 2
3878 + 92
3879 # 1504
3879 - 92 1
3881 # 1504
3882 # 1504
3885 # 1504
3886 # 1504
3887 + 92
3889 # 1504
3889 - 92 2
3889 # 1504
3890 # 1504
3892 # 1504
3892 + 92
3892 + 92
3892 + 92
3892 + 92
3893 # 1504
3893 - 92 1
3893 - 92 1
3893 - 92 1
3893 - 92 1
3894 + 92
3895 # 1504
3895 - 92 1
3896 # 1504
3897 # 1504
3897 # 1504
3897 + 92
3898 # 1504
3898 - 92 1
3899 + 92
3900 # 1504
3900 - 92 1
3900 # 1504
3901 # 1504
3902 # 1504
3902 + 92
3904 + 92
3904 + 92
3905 # 1504
3905 - 92 3
3905 - 92 1
3905 - 92 1
3906 # 1504
3907 # 1504
3908 # 1504
3908 + 92
3910 + 92
3911 # 1504
3911 - 92 3
3911 - 92 1
3911 # 1504
3912 + 92
3913 # 1504
3913 - 92 1
3914 # 1504
3914 + 92
3915 # 1504
3915 - 92 1
3915 + 92
3916 # 1504
3916 - 92 1
3917 # 1504
3918 # 1504
3918 + 92
3919 # 1504
3919 - 92 1
3920 # 1504
3920 + 92
3921 # 1504
3921 - 92 1
3923 # 1504
3924 # 1504
3925 # 1504
3927 # 1504
3927 # 1504
3928 + 92
3928 + 92
3929 # 1504
3929 - 92 1
3929 - 92 1
3929 # 1504
3929 # 1504
3931 + 92
3935 + 92
3937 + 92
3939 # 1504
3939 - 92 8
3939 - 92 4
3939 - 92 2
3939 # 1504
3939 # 1504
3939 # 1504
3939 # 1504
3939 # 1504
3940 # 1504
3940 # 1504
3940 # 1504
3940 # 1504
3941 # 1504
3941 # 1504
3941 # 1504
3942 # 1504
3942 + 92
3944 # 1504
3944 - 92 2
3944 + 92
3945 # 1504
3945 - 92 1
3945 # 1504
3946 # 1504
3947 # 1504
3949 # 1504
3949 + 92
3951 + 92
3952 # 1504
3952 - 92 3
3952 - 92 1
3956 + 92
3957 # 1504
3957 - 92 1
3957 # 1504
3959 # 1504
3961 # 1504
3965 # 1504
3965 + 92
3965 + 92
3968 # 1504
3968 - 92 3
3968 - 92 3
3968 + 92
3969 # 1504
3969 - 92 1
3972 + 92
3975 + 92
3977 + 92
3979 # 1504
3979 - 92 7
3979 - 92 4
3979 - 92 2
3980 + 92
3980 + 92
3987 + 92
3988 # 1504
3988 - 92 8
3988 - 92 8
3988 - 92 1
3992 + 92
3993 + 92
3995 + 92
3998 + 92
4002 + 92
4005 + 92
4009 + 92
4011 # 1504
4011 - 92 19
4011 - 92 18
4011 - 92 16
4011 - 92 13
4011 - 92 9
4011 - 92 6
4011 - 92 2
4011 + 92
4015 + 92
4017 + 92
4020 + 92
4024 + 92
4025 + 92
4029 # 1504
4029 - 92 18
4029 - 92 14
4029 - 92 12
4029 - 92 9
4029 - 92 5
4029 - 92 4
4029 + 92
4031 # 1504
4031 - 92 2
4031 + 92
4033 # 1504
4033 - 92 2
4034 # 1504
4035 + 92
4036 # 1504
4036 - 92 1
4041 # 1504
4043 # 1504
4045 + 92
4045 + 92
4047 # 1504
4047 - 92 2
4047 - 92 2
4049 # 1504
4049 # 1504
4050 + 92
4051 # 1504
4051 - 92 1
4053 # 1504
4054 # 1504
4056 + 92
4057 # 1504
4057 - 92 1
4057 # 1504
4058 # 1504
4059 # 1504
4063 # 1504
4065 # 1504
4065 # 1504
4066 # 1504
4069 # 1504
4069 # 1504
4070 # 1504
4071 # 1504
4071 + 92
4071 + 92
4073 # 1504
4073 - 92 2
4073 - 92 2
4073 + 92
4075 # 1504
4075 - 92 2
4075 # 1504
4076 # 1504
4077 + 92
4079 # 1504
4079 - 92 2
4081 # 1504
4081 # 1504
4081 + 92
4083 # 1504
4083 - 92 2
4083 # 1504
4084 # 1504
4084 + 92
4085 # 1504
4085 - 92 1
4086 + 92
4088 # 1504
4088 - 92 2
4090 + 92
4091 # 1504
4091 - 92 1
4091 # 1504
4091 + 92
4093 # 1504
4093 - 92 2
4093 # 1504
4096 # 1504
4096 # 1504
4101 # 1504
4101 # 1504
4101 + 92
4101 + 92
4102 # 1504
4102 - 92 1
4102 - 92 1
4103 + 92
4104 # 1504
4104 - 92 1
4105 + 92
4107 # 1504
4107 - 92 2
4107 # 1504
4108 + 92
4110 + 92
4113 + 92
4115 + 92
4116 + 92
4117 # 1504
4117 - 92 9
4117 - 92 7
4117 - 92 4
4117 - 92 2
4117 - 92 1
4117 # 1504
4118 # 1504
4118 # 1504
4118 # 1504
4122 # 1504
4123 # 1504
4123 # 1504
4123 # 1504
4123 # 1504
4123 # 1504
4125 + 92
4126 + 92
4129 # 1504
4129 - 92 4
4129 - 92 3
4129 # 1504
4129 # 1504
4131 # 1504
4131 + 92
4136 # 1504
4136 - 92 5
4136 + 92
4136 + 92
4137 # 1504
4137 - 92 1
4137 - 92 1
4140 + 92
4142 + 92
4154 + 92
4154 + 92
4158 + 92
4158 + 92
4161 + 92
4165 + 92
4166 + 92
4167 # 1504
4167 - 92 27
4167 - 92 25
4167 - 92 13
4167 - 92 13
4167 - 92 9
4167 - 92 9
4167 - 92 6
4167 - 92 2
4167 - 92 1
4170 + 92
4171 + 92
4172 # 1504
4172 - 92 2
4172 - 92 1
4173 + 92
4176 + 92
4178 # 1504
4178 - 92 5
4178 - 92 2
4178 + 92
4181 # 1504
4181 - 92 3
4182 + 92
4183 # 1504
4183 - 92 1
4185 # 1504
4188 # 1504
4189 + 92
4189 + 92
4190 # 1504
4190 - 92 1
4190 - 92 1
4193 # 1504
4193 + 92
4194 # 1504
4194 - 92 1
4195 + 92
4196 # 1504
4196 - 92 1
4198 # 1504
4200 # 1504
4202 # 1504
4205 + 92
4206 # 1504
4206 - 92 1
4208 # 1504
4212 # 1504
4213 # 1504
4215 # 1504
4216 + 92
4217 # 1504
4217 - 92 1
4218 + 92
4222 # 1504
4222 - 92 4
4222 # 1504
4223 + 92
4225 + 92
4226 # 1504
4226 - 92 3
4226 - 92 1
4228 # 1504
4228 + 92
4230 # 1504
4230 - 92 2
4232 + 92
4233 # 1504
4233 - 92 1
4233 + 92
4234 # 1504
4234 - 92 1
4236 + 92
4237 # 1504
4237 - 92 1
4238 + 92
4239 # 1504
4239 - 92 1
4241 # 1504
4241 + 92
4243 + 92
4245 # 1504
4245 - 92 4
4245 - 92 2
4245 # 1504
4247 + 92
4248 + 92
4249 # 1504
4249 - 92 2
4249 - 92 1
4250 # 1504
4253 # 1504
4254 # 1504
4256 # 1504
4258 # 1504
4258 + 92
4258 + 92
4259 # 1504
4259 - 92 1
4259 - 92 1
4262 # 1504
4265 # 1504
4266 # 1504
4268 # 1504
4269 # 1504
4271 # 1504
4272 # 1504
4273 # 1504
4273 + 92
4277 # 1504
4277 - 92 4
4279 # 1504
4279 # 1504
4281 # 1504
4282 # 1504
4283 + 92
4285 # 1504
4285 - 92 2
4286 # 1504
4289 # 1504
4289 # 1504
4290 + 92
4291 # 1504
4291 - 92 1
4291 + 92
4293 # 1504
4293 - 92 2
4294 # 1504
4294 + 92
4295 # 1504
4295 - 92 1
4296 # 1504
4296 + 92
4299 # 1504
4299 - 92 3
4299 # 1504
4300 + 92
4302 # 1504
4302 - 92 2
4303 + 92
4304 # 1504
4304 - 92 1
4307 + 92
4311 # 1504
4311 - 92 4
4315 # 1504
4315 # 1504
4316 # 1504
4317 # 1504
4320 + 92
4321 + 92
4324 + 92
4327 + 92
4332 # 1504
4332 - 92 12
4332 - 92 11
4332 - 92 8
4332 - 92 5
4332 # 1504
4332 + 92
4334 + 92
4339 + 92
4343 # 1504
4343 - 92 11
4343 - 92 9
4343 - 92 4
4343 # 1504
4343 # 1504
4343 # 1504
4343 # 1504
4343 + 92
4346 + 92
4350 + 92
4353 + 92
4354 # 1504
4354 - 92 11
4354 - 92 8
4354 - 92 4
4354 - 92 1
4355 # 1504
4355 # 1504
4355 # 1504
4355 # 1504
4355 # 1504
4355 + 92
4356 # 1504
4356 - 92 1
4357 # 1504
4359 + 92
4362 + 92
4365 + 92
4367 + 92
4369 # 1504
4369 - 92 10
4369 - 92 7
4369 - 92 4
4369 - 92 2
4369 # 1504
4371 # 1504
4372 # 1504
4372 + 92
4373 # 1504
4373 - 92 1
4373 + 92
4375 # 1504
4375 - 92 2
4376 # 1504
4376 + 92
4377 # 1504
4377 - 92 1
4380 # 1504
4380 + 92
4381 # 1504
4381 - 92 1
4383 # 1504
4383 + 92
4385 # 1504
4385 - 92 2
4386 # 1504
4389 # 1504
4389 + 92
4391 # 1504
4391 - 92 2
4391 # 1504
4392 + 92
4393 # 1504
4393 - 92 1
4394 # 1504
4394 + 92
4396 # 1504
4396 - 92 2
4397 # 1504
4398 + 92
4399 # 1504
4399 - 92 1
4400 + 92
4402 # 1504
4402 - 92 2
4403 # 1504
4403 + 92
4405 # 1504
4405 - 92 2
4406 # 1504
4409 # 1504
4413 + 92
4414 + 92
4418 # 1504
4418 - 92 5
4418 - 92 4
4418 # 1504
4418 # 1504
4418 # 1504
4418 # 1504
4418 # 1504
4418 # 1504
4419 # 1504
4420 + 52
4420 + 92
4426 # 1504
4426 - 52 6
4426 - 92 6
4426 # 1504
4426 # 1504
4426 # 1504
4427 # 1504
4427 # 1504
4427 # 1504
4429 + 92
4432 # 1504
4432 - 92 3
4432 # 1504
4432 + 92
4436 # 1504
4436 - 92 4
4436 # 1504
4436 # 1504
4436 # 1504
4436 # 1504
4436 # 1504
4436 # 1504
4436 + 92
4436 + 92
4437 # 1504
4437 - 92 1
4437 - 92 1
4444 # 1504
4444 # 1504
4444 # 1504
4444 # 1504
4446 # 1504
4446 # 1504
4446 # 1504
4447 + 92
4448 # 1504
4448 - 92 1
4448 # 1504
4448 + 92
4449 # 1504
4449 - 92 1
4451 + 92
4452 # 1504
4452 - 92 1
4452 # 1504
4452 # 1504
4453 # 1504
4454 # 1504
4455 # 1504
4456 # 1504
4457 # 1504
4458 # 1504
4459 # 1504
4460 # 1504
4460 # 1504
4461 # 1504
4462 # 1504
4462 + 92
4463 # 1504
4463 - 92 1
4464 + 92
4465 # 1504
4465 - 92 1
4466 # 1504
4466 # 1504
4466 + 92
4467 # 1504
4467 - 92 1
4468 # 1504
4468 # 1504
4469 # 1504
4470 # 1504
4470 + 92
4471 # 1504
4471 - 92 1
4472 # 1504
4472 + 92
4474 # 1504
4474 - 92 2
4475 # 1504
4475 + 92
4477 # 1504
4477 - 92 2
4477 # 1504
4477 + 92
4478 # 1504
4478 - 92 1
4479 # 1504
4481 # 1504
4481 # 1504
4481 # 1504
4482 # 1504
4482 + 92
4483 # 1504
4483 - 92 1
4483 + 92
4484 # 1504
4484 - 92 1
4491 + 92
4492 + 92
4492 + 92
4494 + 92
4496 # 1504
4496 - 92 5
4496 - 92 4
4496 - 92 4
4496 - 92 2
4496 # 1504
4496 # 1504
4496 # 1504
4496 # 1504
4496 # 1504
4496 # 1504
4496 + 92
4497 # 1504
4497 - 92 1
4497 # 1504
4498 + 92
4500 + 92
4503 + 92
4506 + 92
4508 # 1504
4508 - 92 10
4508 - 92 8
4508 - 92 5
4508 - 92 2
4508 # 1504
4509 + 92
4512 + 92
4514 + 92
4520 + 92
4523 + 92
4524 + 92
4526 # 1504
4526 - 92 17
4526 - 92 14
4526 - 92 12
4526 - 92 6
4526 - 92 3
4526 - 92 2
4526 # 1504
4527 # 1504
4527 + 92
4528 # 1504
4528 - 92 1
4528 # 1504
4528 # 1504
4528 # 1504
4528 # 1504
4528 # 1504
4528 # 1504
4528 # 1504
4528 # 1504
4528 # 1504
4528 # 1504
4529 # 1504
4529 + 92
4532 + 92
4533 + 92
4535 + 92
4537 # 1504
4537 - 92 8
4537 - 92 5
4537 - 92 4
4537 - 92 2
4537 + 92
4538 + 92
4539 # 1504
4539 - 92 2
4539 - 92 1
4541 # 1504
4541 # 1504
4541 + 92
4542 # 1504
4542 - 92 1
4543 # 1504
4544 + 92
4546 # 1504
4546 - 92 2
4546 # 1504
4546 + 92
4547 # 1504
4547 - 92 1
4548 + 92
4552 + 92
4553 # 1504
4553 - 92 5
4553 - 92 1
4553 # 1504
4553 # 1504
4553 # 1504
4563 # 1504
4564 # 1504
4564 # 1504
4564 # 1504
4564 # 1504
4564 # 1504
4567 + 92
4568 # 1504
4568 - 92 1
4568 # 1504
4568 # 1504
4568 # 1504
4569 # 1504
4569 # 1504
4569 # 1504
4569 # 1504
4569 # 1504
4570 # 1504
4570 + 92
4574 # 1504
4574 - 92 4
4574 + 92
4577 # 1504
4577 - 92 3
4577 + 92
4579 # 1504
4579 - 92 2
4585 # 1504
4588 # 1504
4589 + 92
4591 + 92
4591 + 92
4592 # 1504
4592 - 92 3
4592 - 92 1
4592 - 92 1
4595 + 92
4596 # 1504
4596 - 92 1
4598 # 1504
4599 + 92
4600 # 1504
4600 - 92 1
4604 + 92
4605 # 1504
4605 - 92 1
4606 + 92
4608 # 1504
4608 - 92 2
4612 # 1504
4613 + 92
4613 + 92
4614 + 92
4615 # 1504
4615 - 92 2
4615 - 92 2
4615 - 92 1
4618 # 1504
4619 + 92
4621 + 92
4624 + 92
4625 # 1504
4625 - 92 6
4625 - 92 4
4625 - 92 1
4625 + 92
4627 # 1504
4627 - 92 2
4629 + 92
4632 # 1504
4632 - 92 3
4632 + 92
4636 # 1504
4636 - 92 4
4636 + 92
4638 + 92
4639 # 1504
4639 - 92 3
4639 - 92 1
4640 # 1504
4641 + 92
4643 + 92
4646 # 1504
4646 - 92 5
4646 - 92 3
4648 # 1504
4648 + 92
4650 + 92
4652 # 1504
4652 - 92 4
4652 - 92 2
4652 + 92
4653 + 92
4657 + 92
4660 + 92
4671 + 92
4671 + 92
4676 # 1504
4676 - 92 24
4676 - 92 23
4676 - 92 19
4676 - 92 16
4676 - 92 5
4676 - 92 5
4677 # 1504
4677 # 1504
4677 # 1504
4677 # 1504
4677 # 1504
4677 # 1504
4677 # 1504
4677 # 1504
4677 # 1504
4677 # 1504
4678 # 1504
4682 # 1504
4682 + 92
4682 + 92
4683 # 1504
4683 - 92 1
4683 - 92 1
4685 # 1504
4687 # 1504
4689 + 92
4689 + 92
4690 # 1504
4690 - 92 1
4690 - 92 1
4691 # 1504
4691 + 92
4694 # 1504
4694 - 92 3
4696 # 1504
4696 + 92
4698 # 1504
4698 - 92 2
4699 + 92
4700 # 1504
4700 - 92 1
4703 # 1504
4703 + 92
4705 # 1504
4705 - 92 2
4705 + 92
4707 # 1504
4707 - 92 2
4708 + 92
4710 # 1504
4710 - 92 2
4711 # 1504
4711 + 92
4715 + 92
4716 # 1504
4716 - 92 5
4716 - 92 1
4717 # 1504
4717 + 92
4718 # 1504
4718 - 92 1
4720 # 1504
4720 + 92
4724 # 1504
4724 - 92 4
4724 + 92
4727 # 1504
4727 - 92 3
4729 # 1504
4730 # 1504
4731 # 1504
4734 # 1504
4734 + 92
4735 # 1504
4735 - 92 1
4736 # 1504
4737 # 1504
4739 + 92
4740 # 1504
4740 - 92 1
4741 # 1504
4742 # 1504
4743 # 1504
4743 + 92
4746 # 1504
4746 - 92 3
4746 # 1504
4746 + 92
4747 # 1504
4747 - 92 1
4748 # 1504
4748 + 92
4750 # 1504
4750 - 92 2
4751 # 1504
4751 + 92
4752 # 1504
4752 - 92 1
4753 # 1504
4755 + 92
4757 # 1504
4757 - 92 2
4757 # 1504
4758 # 1504
4758 + 92
4760 # 1504
4760 - 92 2
4761 # 1504
4761 + 92
4765 # 1504
4765 - 92 4
4765 # 1504
4765 + 92
4766 # 1504
4766 - 92 1
4767 # 1504
4768 # 1504
4769 + 92
4770 # 1504
4770 - 92 1
4771 # 1504
4772 # 1504
4772 + 92
4775 + 92
4776 # 1504
4776 - 92 4
4776 - 92 1
4777 # 1504
4778 # 1504
4778 # 1504
4779 # 1504
4779 + 92
4780 # 1504
4780 - 92 1
4781 # 1504
4783 # 1504
4784 # 1504
4785 # 1504
4786 # 1504
4787 # 1504
4788 # 1504
4789 # 1504
4790 # 1504
4791 # 1504
4792 # 1504
4792 + 92
4793 + 92
4794 # 1504
4794 - 92 2
4794 - 92 1
4795 # 1504
4796 # 1504
4797 # 1504
4797 + 92
4799 # 1504
4799 - 92 2
4799 # 1504
4800 # 1504
4802 # 1504
4803 # 1504
4803 # 1504
4805 # 1504
4805 # 1504
4806 # 1504
4807 # 1504
4809 # 1504
4809 # 1504
4809 # 1504
4810 # 1504
4811 # 1504
4812 # 1504
4813 + 92
4814 # 1504
4814 - 92 1
4815 # 1504
4816 # 1504
4817 # 1504
4817 # 1504
4818 + 92
4819 # 1504
4819 - 92 1
4819 # 1504
4820 # 1504
4821 # 1504
4821 # 1504
4822 # 1504
4822 + 92
4823 # 1504
4823 - 92 1
4824 # 1504
4824 # 1504
4825 # 1504
4826 # 1504
4826 + 92
4827 # 1504
4827 - 92 1
4829 # 1504
4829 # 1504
4830 + 92
4831 # 1504
4831 - 92 1
4831 # 1504
4833 # 1504
4833 # 1504
4834 # 1504
4834 # 1504
4834 # 1504
4835 # 1504
4839 + 92
4839 + 92
4841 + 92
4844 + 92
4845 # 1504
4845 - 92 6
4845 - 92 6
4845 - 92 4
4845 - 92 1
4846 # 1504
4846 # 1504
4846 + 92
4848 # 1504
4848 - 92 2
4849 # 1504
4849 + 92
4850 # 1504
4850 - 92 1
4851 # 1504
4854 # 1504
4855 # 1504
4856 # 1504
4860 + 92
4860 + 92
4861 # 1504
4861 - 92 1
4861 - 92 1
4866 # 1504
4866 # 1504
4867 # 1504
4868 # 1504
4870 # 1504
4871 # 1504
4872 # 1504
4874 # 1504
4876 # 1504
4878 # 1504
4879 + 92
4879 + 92
4879 + 92
4879 + 92
4879 + 92
4880 # 1504
4880 - 92 1
4880 - 92 1
4880 - 92 1
4880 - 92 1
4880 - 92 1
4881 # 1504
4885 # 1504
4885 # 1504
4886 # 1504
4889 # 1504
4889 # 1504
4890 # 1504
4891 # 1504
4894 + 92
4894 + 92
4894 + 92
4894 + 92
4903 + 92
4904 + 92
4907 + 92
4920 # 1504
4920 - 92 26
4920 - 92 26
4920 - 92 26
4920 - 92 26
4920 - 92 17
4920 - 92 16
4920 - 92 13
4920 # 1504
4920 # 1504
4921 # 1504
4921 # 1504
4921 # 1504
4921 # 1504
4921 # 1504
4921 # 1504
4921 + 92
4921 + 92
4922 # 1504
4922 - 92 1
4922 - 92 1
4922 # 1504
4922 # 1504
4922 # 1504
4922 # 1504
4922 # 1504
4922 # 1504
4922 # 1504
4922 + 92
4922 + 92
4922 + 92
4923 # 1504
4923 - 92 1
4923 - 92 1
4923 - 92 1
4924 + 92
4925 + 92
4927 + 92
4929 + 92
4933 + 92
4935 + 92
4938 + 92
4940 + 92
4942 + 92
4944 + 92
4948 + 92
4950 + 92
4952 + 92
4954 + 92
4955 # 1504
4955 - 92 31
4955 - 92 30
4955 - 92 28
4955 - 92 26
4955 - 92 22
4955 - 92 20
4955 - 92 17
4955 - 92 15
4955 - 92 13
4955 - 92 11
4955 - 92 7
4955 - 92 5
4955 - 92 3
4955 - 92 1
4955 # 1504
4956 # 1504
4956 # 1504
4957 + 92
4960 # 1504
4960 - 92 3
4961 + 92
4962 + 92
4963 # 1504
4963 - 92 2
4963 - 92 1
4964 # 1504
4965 + 92
4967 # 1504
4967 - 92 2
4967 + 92
4972 # 1504
4972 - 92 5
4972 + 92
4975 + 92
4976 # 1504
4976 - 92 4
4976 - 92 1
4978 + 92
4979 # 1504
4979 - 92 1
4981 + 92
4983 + 92
4984 # 1504
4984 - 92 3
4984 - 92 1
4984 + 92
4987 # 1504
4987 - 92 3
4992 # 1504
4992 + 92
4992 + 92
4995 # 1504
4995 - 92 3
4995 - 92 3
4997 # 1504
4998 # 1504
4998 + 92
4998 + 92
4998 + 92
5000 # 1504
5000 - 92 2
5000 - 92 2
5000 - 92 2
5005 + 92
5006 + 92
5006 + 92
5006 + 92
5008 + 92
5009 + 92
5013 + 92
5015 + 92
5015 + 92
5017 + 92
5020 + 92
5022 + 92
5032 + 92
5032 + 92
5034 + 92
5036 + 92
5039 + 92
5039 + 92
5042 + 92
5043 + 92
5045 # 1504
5045 - 92 40
5045 - 92 39
5045 - 92 39
5045 - 92 39
5045 - 92 37
5045 - 92 36
5045 - 92 32
5045 - 92 30
5045 - 92 30
5045 - 92 28
5045 - 92 25
5045 - 92 23
5045 - 92 13
5045 - 92 13
5045 - 92 11
5045 - 92 9
5054 + 92
5054 + 92
5054 + 92
5056 + 92
5057 # 1504
5057 - 92 18
5057 - 92 18
5057 - 92 15
5057 - 92 14
5057 - 92 3
5057 - 92 3
5057 - 92 3
5057 - 92 1
5058 + 92
5061 # 1504
5061 - 92 3
5062 + 92
5066 + 92
5068 # 1504
5068 - 92 6
5068 - 92 2
5069 + 92
5070 # 1504
5070 - 92 1
5074 + 92
5074 + 92
5075 # 1504
5075 - 92 1
5075 - 92 1
5076 + 92
5080 + 92
5082 # 1504
5082 - 92 6
5082 - 92 2
5087 # 1504
5090 # 1504
5092 # 1504
5093 + 92
5093 + 92
5094 + 92
5096 # 1504
5096 - 92 3
5096 - 92 3
5096 - 92 2
5097 # 1504
5097 + 92
5098 # 1504
5098 - 92 1
5099 + 92
5100 # 1504
5100 - 92 1
5101 + 92
5102 + 92
5105 # 1504
5105 - 92 4
5105 - 92 3
5105 # 1504
5112 # 1504
5113 + 92
5114 # 1504
5114 - 92 1
5114 + 92
5116 # 1504
5116 - 92 2
5116 + 92
5117 + 92
5120 + 92
5120 + 92
5121 # 1504
5121 - 92 5
5121 - 92 4
5121 - 92 1
5121 - 92 1
5123 # 1504
5124 # 1504
5126 # 1504
5130 # 1504
5130 # 1504
5131 + 92
5131 + 92
5134 + 92
5135 # 1504
5135 - 92 4
5135 - 92 4
5135 - 92 1
5136 # 1504
5136 + 92
5137 + 92
5139 + 92
5140 # 1504
5140 - 92 4
5140 - 92 3
5140 - 92 1
5143 # 1504
5146 # 1504
5149 + 92
5151 # 1504
5151 - 92 2
5151 # 1504
5151 + 92
5151 + 92
5154 + 92
5156 + 92
5158 + 92
5160 + 92
5161 # 1504
5161 - 92 10
5161 - 92 10
5161 - 92 7
5161 - 92 5
5161 - 92 3
5161 - 92 1
5161 # 1504
5161 # 1504
5164 # 1504
5165 + 92
5174 + 92
5176 # 1504
5176 - 92 11
5176 - 92 2
5176 # 1504
5176 # 1504
5177 + 92
5177 + 92
5181 + 92
5184 + 92
5186 # 1504
5186 - 92 9
5186 - 92 9
5186 - 92 5
5186 - 92 2
5186 # 1504
5187 # 1504
5187 # 1504
5191 + 92
5192 # 1504
5192 - 92 1
5192 + 92
5195 + 92
5199 + 92
5201 + 92
5202 # 1504
5202 - 92 10
5202 - 92 7
5202 - 92 3
5202 - 92 1
5202 # 1504
5203 + 92
5205 + 92
5206 # 1504
5206 - 92 3
5206 - 92 1
5208 # 1504
5208 + 92
5210 # 1504
5210 - 92 2
5212 + 92
5213 + 92
5216 + 92
5218 + 92
5219 # 1504
5219 - 92 7
5219 - 92 6
5219 - 92 3
5219 - 92 1
5219 # 1504
5219 # 1504
5221 + 92
5223 + 92
5223 + 92
5226 + 92
5232 # 1504
5232 - 92 11
5232 - 92 9
5232 - 92 9
5232 - 92 6
5232 # 1504
5233 # 1504
5233 # 1504
5234 # 1504
5235 # 1504
5237 # 1504
5237 + 92
5239 # 1504
5239 - 92 2
5239 # 1504
5239 + 92
5240 # 1504
5240 - 92 1
5242 # 1504
5243 + 92
5244 # 1504
5244 - 92 1
5245 + 92
5246 # 1504
5246 - 92 1
5247 # 1504
5247 # 1504
5252 # 1504
5253 # 1504
5254 # 1504
5255 + 92
5256 # 1504
5256 - 92 1
5257 # 1504
5257 # 1504
5258 # 1504
5258 + 92
5259 + 92
5260 # 1504
5260 - 92 2
5260 - 92 1
5260 # 1504
5261 # 1504
5261 # 1504
5262 + 92
5263 # 1504
5263 - 92 1
5263 + 92
5264 # 1504
5264 - 92 1
5264 # 1504
5267 # 1504
5267 # 1504
5267 # 1504
5267 # 1504
5268 # 1504
5269 # 1504
5270 # 1504
5271 # 1504
5272 # 1504
5273 + 92
5274 # 1504
5274 - 92 1
5276 # 1504
5276 # 1504
5276 # 1504
5279 # 1504
5279 # 1504
5280 # 1504
5281 # 1504
5283 # 1504
5283 + 92
5284 # 1504
5284 - 92 1
5286 + 92
5293 + 92
5294 # 1504
5294 - 92 8
5294 - 92 1
5294 # 1504
5295 # 1504
5295 # 1504
5295 # 1504
5295 # 1504
5295 # 1504
5295 # 1504
5295 # 1504
5295 + 92
5298 + 92
5301 # 1504
5301 - 92 6
5301 - 92 3
5301 # 1504
5301 # 1504
5302 # 1504
5302 # 1504
5302 # 1504
5305 # 1504
5307 # 1504
5307 # 1504
5307 # 1504
5312 # 1504
5312 # 1504
5312 # 1504
5312 # 1504
5312 # 1504
5312 # 1504
5313 # 1504
5314 + 92
5316 # 1504
5316 - 92 2
5316 # 1504
5317 # 1504
5318 + 92
5319 # 1504
5319 - 92 1
5319 # 1504
5321 # 1504
5322 + 92
5323 # 1504
5323 - 92 1
5324 # 1504
5325 # 1504
5326 + 92
5327 # 1504
5327 - 92 1
5328 # 1504
5330 + 92
5332 # 1504
5332 - 92 2
5334 + 92
5337 # 1504
5337 - 92 3
5339 # 1504
5339 + 92
5341 # 1504
5341 - 92 2
5342 + 92
5344 # 1504
5344 - 92 2
5346 + 92
5347 # 1504
5347 - 92 1
5353 + 92
5357 # 1504
5357 - 92 4
5357 # 1504
5357 # 1504
5359 + 92
5361 # 1504
5361 - 92 2
5361 # 1504
5361 # 1504
5363 + 92
5364 # 1504
5364 - 92 1
5364 # 1504
5367 # 1504
5367 # 1504
5367 + 92
5371 # 1504
5371 - 92 4
5375 # 1504
5376 + 92
5377 # 1504
5377 - 92 1
5380 # 1504
5380 + 92
5383 # 1504
5383 - 92 3
5387 # 1504
5392 + 92
5392 + 92
5393 # 1504
5393 - 92 1
5393 - 92 1
5396 # 1504
5396 # 1504
5396 + 92
5399 # 1504
5399 - 92 3
5400 + 92
5402 # 1504
5402 - 92 2
5403 # 1504
5404 + 92
5405 # 1504
5405 - 92 1
5407 # 1504
5408 # 1504
5416 + 92
5417 + 92
5420 + 92
5421 # 1504
5421 - 92 5
5421 - 92 4
5421 - 92 1
5421 # 1504
5421 # 1504
5421 # 1504
5421 # 1504
5421 # 1504
5425 # 1504
5426 # 1504
5430 # 1504
5431 # 1504
5431 # 1504
5431 + 92
5431 + 92
5434 # 1504
5434 - 92 3
5434 - 92 3
5434 + 92
5437 + 92
5438 # 1504
5438 - 92 4
5438 - 92 1
5438 # 1504
5439 # 1504
5441 # 1504
5441 + 92
5444 # 1504
5444 - 92 3
5445 + 92
5446 # 1504
5446 - 92 1
5447 # 1504
5449 # 1504
5449 + 92
5450 # 1504
5450 - 92 1
5451 # 1504
5452 # 1504
5452 + 92
5454 # 1504
5454 - 92 2
5454 + 92
5456 # 1504
5456 - 92 2
5458 + 92
5462 # 1504
5462 - 92 4
5462 # 1504
5462 # 1504
5462 + 92
5463 # 1504
5463 - 92 1
5464 + 92
5466 # 1504
5466 - 92 2
5466 # 1504
5468 # 1504
5468 + 92
5470 # 1504
5470 - 92 2
5472 + 92
5474 + 92
5476 + 92
5479 # 1504
5479 - 92 7
5479 - 92 5
5479 - 92 3
5481 # 1504
5481 # 1504
5481 + 92
5482 # 1504
5482 - 92 1
5483 + 92
5484 # 1504
5484 - 92 1
5485 # 1504
5485 # 1504
5485 # 1504
5486 # 1504
5486 + 92
5498 # 1504
5498 - 92 12
5498 # 1504
5498 + 92
5498 + 92
5499 + 92
5501 + 92
5504 # 1504
5504 - 92 6
5504 - 92 6
5504 - 92 5
5504 - 92 3
5504 + 92
5506 # 1504
5506 - 92 2
5507 # 1504
5507 + 92
5509 + 92
5510 # 1504
5510 - 92 3
5510 - 92 1
5511 # 1504
5512 + 92
5513 + 92
5514 # 1504
5514 - 92 2
5514 - 92 1
5518 # 1504
5518 # 1504
5518 + 92
5520 + 92
5520 + 92
5521 # 1504
5521 - 92 3
5521 - 92 1
5521 - 92 1
5522 # 1504
5524 # 1504
5524 + 92
5526 + 92
5527 # 1504
5527 - 92 3
5527 - 92 1
5528 # 1504
5529 + 92
5530 # 1504
5530 - 92 1
5530 + 92
5532 # 1504
5532 - 92 2
5532 + 92
5535 # 1504
5535 - 92 3
5535 # 1504
5535 + 92
5536 + 92
5539 + 92
5540 # 1504
5540 - 92 5
5540 - 92 4
5540 - 92 1
5541 # 1504
5541 + 92
5541 + 92
5542 # 1504
5542 - 92 1
5542 - 92 1
5544 + 92
5546 # 1504
5546 - 92 2
5546 + 92
5548 + 92
5549 # 1504
5549 - 92 3
5549 - 92 1
5549 # 1504
5551 + 92
5561 # 1504
5561 - 92 10
5561 # 1504
5561 # 1504
5561 # 1504
5561 # 1504
5561 # 1504
5561 # 1504
5562 # 1504
5564 + 92
5564 + 92
5565 # 1504
5565 - 92 1
5565 - 92 1
5565 # 1504
5566 # 1504
5569 # 1504
5570 # 1504
5571 # 1504
5573 # 1504
5574 # 1504
5575 + 92
5576 # 1504
5576 - 92 1
5576 + 92
5580 # 1504
5580 - 92 4
5581 # 1504
5581 + 92
5582 + 92
5582 + 92
5583 # 1504
5583 - 92 2
5583 - 92 1
5583 - 92 1
5585 # 1504
5586 # 1504
5588 # 1504
5589 # 1504
5590 # 1504
5590 # 1504
5590 + 92
5593 # 1504
5593 - 92 3
5593 # 1504
5595 # 1504
5595 + 92
5595 + 92
5596 # 1504
5596 - 92 1
5596 - 92 1
5597 # 1504
5597 # 1504
5598 # 1504
5598 + 92
5600 # 1504
5600 - 92 2
5600 + 92
5601 # 1504
5601 - 92 1
5602 + 92
5603 # 1504
5603 - 92 1
5604 # 1504
5613 + 92
5613 + 92
5613 + 92
5613 + 92
5615 + 92
5616 # 1504
5616 - 92 3
5616 - 92 3
5616 - 92 3
5616 - 92 3
5616 - 92 1
5616 # 1504
5616 # 1504
5616 # 1504
5617 # 1504
5617 + 92
5627 + 92
5627 + 92
5628 + 92
5629 # 1504
5629 - 92 12
5629 - 92 2
5629 - 92 2
5629 - 92 1
5629 # 1504
5629 # 1504
5629 # 1504
5629 # 1504
5630 # 1504
5631 + 92
5632 + 92
5633 # 1504
5633 - 92 2
5633 - 92 1
5633 # 1504
5635 # 1504
5636 + 92
5637 # 1504
5637 - 92 1
5639 # 1504
5639 + 92
5640 + 92
5641 # 1504
5641 - 92 2
5641 - 92 1
5641 + 92
5645 # 1504
5645 - 92 4
5646 # 1504
5647 # 1504
5649 # 1504
5651 # 1504
5651 + 92
5651 + 92
5652 # 1504
5652 - 92 1
5652 - 92 1
5652 + 92
5652 + 92
5654 # 1504
5654 - 92 2
5654 - 92 2
5656 # 1504
5656 + 92
5656 + 92
5657 # 1504
5657 - 92 1
5657 - 92 1
5658 # 1504
5659 + 92
5660 # 1504
5660 - 92 1
5661 # 1504
5664 # 1504
5665 # 1504
5666 # 1504
5667 # 1504
5669 # 1504
5669 + 92
5670 + 92
5670 + 92
5671 # 1504
5671 - 92 2
5671 - 92 1
5671 - 92 1
5671 + 92
5672 # 1504
5672 - 92 1
5674 + 92
5676 # 1504
5676 - 92 2
5676 # 1504
5677 # 1504
5677 + 92
5679 # 1504
5679 - 92 2
5682 # 1504
5684 # 1504
5685 # 1504
5686 # 1504
5688 + 92
5689 + 92
5690 # 1504
5690 - 92 2
5690 - 92 1
5690 # 1504
5691 # 1504
5691 # 1504
5693 # 1504
5694 # 1504
5699 + 92
5699 + 92
5706 # 1504
5706 - 92 7
5706 - 92 7
5706 # 1504
5706 # 1504
5707 # 1504
5707 # 1504
5707 # 1504
5707 # 1504
5707 # 1504
5708 # 1504
5708 + 92
5708 + 92
5711 # 1504
5711 - 92 3
5711 - 92 3
5712 # 1504
5714 + 92
5715 # 1504
5715 - 92 1
5716 # 1504
5716 + 92
5718 # 1504
5718 - 92 2
5720 + 92
5723 # 1504
5723 - 92 3
5723 # 1504
5724 # 1504
5724 + 92
5725 # 1504
5725 - 92 1
5727 # 1504
5728 + 92
5730 + 92
5733 + 92
5736 # 1504
5736 - 92 8
5736 - 92 6
5736 - 92 3
5737 + 92
5739 # 1504
5739 - 92 2
5739 + 92
5740 # 1504
5740 - 92 1
5740 + 92
5741 # 1504
5741 - 92 1
5742 # 1504
5743 # 1504
5744 # 1504
5744 # 1504
5744 # 1504
5744 + 92
5744 + 92
5745 # 1504
5745 - 92 1
5745 - 92 1
5746 # 1504
5748 # 1504
5750 # 1504
5752 + 92
5752 + 92
5753 # 1504
5753 - 92 1
5753 - 92 1
5754 + 92
5756 # 1504
5756 - 92 2
5761 # 1504
5762 # 1504
5764 + 92
5765 # 1504
5765 - 92 1
5766 + 92
5768 # 1504
5768 - 92 2
5768 + 92
5770 # 1504
5770 - 92 2
5771 # 1504
5773 # 1504
5773 + 92
5775 + 92
5776 # 1504
5776 - 92 3
5776 - 92 1
5776 # 1504
5777 + 92
5778 # 1504
5778 - 92 1
5779 # 1504
5780 + 92
5781 # 1504
5781 - 92 1
5782 # 1504
5782 + 92
5785 # 1504
5785 - 92 3
5785 + 92
5786 # 1504
5786 - 92 1
5787 # 1504
5788 + 92
5789 # 1504
5789 - 92 1
5789 + 92
5790 # 1504
5790 - 92 1
5792 # 1504
5792 # 1504
5796 # 1504
5796 # 1504
5796 + 92
5796 + 92
5797 # 1504
5797 - 92 1
5797 - 92 1
5797 # 1504
5798 # 1504
5800 # 1504
5801 # 1504
5802 # 1504
5803 # 1504
5805 # 1504
5807 # 1504
5808 # 1504
5809 # 1504
5818 + 92
5818 + 92
5825 + 92
5827 # 1504
5827 - 92 9
5827 - 92 9
5827 - 92 2
5827 # 1504
5827 # 1504
5827 # 1504
5827 # 1504
5827 # 1504
5827 # 1504
5828 # 1504
5828 # 1504
5828 # 1504
5829 # 1504
5829 # 1504
5830 + 92
5831 # 1504
5831 - 92 1
5837 # 1504
5839 # 1504
5840 # 1504
5842 # 1504
5847 # 1504
5848 # 1504
5850 # 1504
5851 # 1504
5853 # 1504
5855 # 1504
5856 # 1504
5857 # 1504
5859 + 92
5859 + 92
5860 # 1504
5860 - 92 1
5860 - 92 1
5861 + 92
5862 # 1504
5862 - 92 1
5863 # 1504
5864 + 92
5865 # 1504
5865 - 92 1
5867 # 1504
5868 + 92
5874 + 92
5878 + 92
5880 + 92
5883 + 92
5884 # 1504
5884 - 92 16
5884 - 92 10
5884 - 92 6
5884 - 92 4
5884 - 92 1
5884 # 1504
5885 # 1504
5885 # 1504
5885 # 1504
5885 # 1504
5885 # 1504
5887 # 1504
5887 # 1504
5887 # 1504
5887 # 1504
5888 # 1504
5888 # 1504
5888 + 92
5891 # 1504
5891 - 92 3
5893 # 1504
5894 # 1504
5895 # 1504
5896 + 92
5898 + 92
5900 + 92
5904 + 92
5904 + 92
5906 # 1504
5906 - 92 10
5906 - 92 8
5906 - 92 6
5906 - 92 2
5906 - 92 2
5906 + 92
5907 # 1504
5907 - 92 1
5907 # 1504
5907 # 1504
5908 + 92
5911 # 1504
5911 - 92 3
5911 # 1504
5911 + 92
5913 + 92
5914 # 1504
5914 - 92 3
5914 - 92 1
5916 + 92
5917 # 1504
5917 - 92 1
5919 + 92
5920 # 1504
5920 - 92 1
5922 # 1504
5924 # 1504
5927 # 1504
5929 # 1504
5930 # 1504
5930 + 92
5931 # 1504
5931 - 92 1
5931 + 92
5932 # 1504
5932 - 92 1
5932 + 92
5934 # 1504
5934 - 92 2
5935 # 1504
5936 # 1504
5937 # 1504
5937 + 92
5938 # 1504
5938 - 92 1
5939 + 92
5940 # 1504
5940 - 92 1
5941 # 1504
5941 + 92
5947 # 1504
5947 - 92 6
5947 # 1504
5947 # 1504
5948 # 1504
5949 # 1504
5950 # 1504
5951 # 1504
5954 # 1504
5954 # 1504
5955 # 1504
5956 # 1504
5959 + 92
5968 # 1504
5968 - 92 9
5968 # 1504
5968 # 1504
5968 # 1504
5968 # 1504
5968 # 1504
5968 + 92
5969 + 92
5973 + 92
5975 + 92
5976 + 92
5977 # 1504
5977 - 92 9
5977 - 92 8
5977 - 92 4
5977 - 92 2
5977 - 92 1
5977 # 1504
5977 # 1504
5977 # 1504
5978 + 92
5980 # 1504
5980 - 92 2
5984 # 1504
5985 # 1504
5987 # 1504
5987 + 92
5990 # 1504
5990 - 92 3
5990 + 92
5990 + 92
5992 # 1504
5992 - 92 2
5992 - 92 2
5992 # 1504
5993 # 1504
5996 # 1504
5997 # 1504
6000 + 92
6002 # 1504
6002 - 92 2
6002 + 92
6003 # 1504
6003 - 92 1
6004 # 1504
6006 # 1504
6010 # 1504
6010 # 1504
6014 + 92
6014 + 92
6017 + 92
6020 + 92
6021 # 1504
6021 - 92 7
6021 - 92 7
6021 - 92 4
6021 - 92 1
6024 # 1504
6024 # 1504
6024 # 1504
6024 # 1504
6024 # 1504
6024 # 1504
6027 # 1504
6027 # 1504
6029 + 92
6031 # 1504
6031 - 92 2
6032 + 92
6034 + 92
6035 # 1504
6035 - 92 3
6035 - 92 1
6037 # 1504
6044 + 92
6044 + 92
6050 + 92
6051 # 1504
6051 - 92 7
6051 - 92 7
6051 - 92 1
6051 + 92
6051 + 92
6052 # 1504
6052 - 92 1
6052 - 92 1
6062 # 1504
6066 + 92
6071 + 92
6071 + 92
6080 + 92
6091 # 1504
6091 - 92 25
6091 - 92 20
6091 - 92 20
6091 - 92 11
6092 + 92
6093 # 1504
6093 - 92 1
6093 + 92
6098 + 92
6101 + 92
6104 + 92
6106 + 92
6110 # 1504
6110 - 92 17
6110 - 92 12
6110 - 92 9
6110 - 92 6
6110 - 92 4
6110 # 1504
6110 # 1504
6112 # 1504
6115 # 1504
6117 # 1504
6118 # 1504
6118 + 92
6121 + 92
6122 # 1504
6122 - 92 4
6122 - 92 1
6126 # 1504
6129 # 1504
6129 # 1504
6129 + 92
6129 + 92
6131 # 1504
6131 - 92 2
6131 - 92 2
6133 + 92
6134 # 1504
6134 - 92 1
6134 # 1504
6135 # 1504
6137 + 92
6139 + 92
6145 + 92
6146 # 1504
6146 - 92 9
6146 - 92 7
6146 - 92 1
6146 # 1504
6146 # 1504
6146 # 1504
6146 # 1504
6149 + 92
6154 + 92
6157 # 1504
6157 - 92 8
6157 - 92 3
6159 # 1504
6164 + 92
6164 + 92
6166 + 92
6170 # 1504
6170 - 92 6
6170 - 92 6
6170 - 92 4
6171 + 92
6173 + 92
6175 # 1504
6175 - 92 4
6175 - 92 2
6176 # 1504
6176 # 1504
6177 + 92
6178 # 1504
6178 - 92 1
6180 # 1504
6180 + 92
6184 + 92
6187 + 92
6188 # 1504
6188 - 92 8
6188 - 92 4
6188 - 92 1
6190 + 92
6192 # 1504
6192 - 92 2
6192 # 1504
6192 # 1504
6194 + 92
6196 # 1504
6196 - 92 2
6196 # 1504
6199 # 1504
6199 + 92
6199 + 92
6200 # 1504
6200 - 92 1
6200 - 92 1
6203 # 1504
6204 # 1504
6204 + 92
6205 # 1504
6205 - 92 1
6208 # 1504
6210 # 1504
6211 + 92
6211 + 92
6211 + 92
6214 # 1504
6214 - 92 3
6214 - 92 3
6214 - 92 3
6215 # 1504
6217 # 1504
6219 + 92
6220 + 92
6220 + 92
6222 # 1504
6222 - 92 3
6222 - 92 2
6222 - 92 2
6223 + 92
6225 + 92
6226 # 1504
6226 - 92 3
6226 - 92 1
6227 # 1504
6228 # 1504
6228 + 92
6230 # 1504
6230 - 92 2
6231 + 92
6232 # 1504
6232 - 92 1
6234 # 1504
6234 + 92
6237 + 92
6238 # 1504
6238 - 92 4
6238 - 92 1
6239 # 1504
6239 + 92
6241 # 1504
6241 - 92 2
6242 + 92
6245 # 1504
6245 - 92 3
6247 # 1504
6248 # 1504
6254 # 1504
6254 + 92
6254 + 92
6255 # 1504
6255 - 92 1
6255 - 92 1
6257 # 1504
6258 + 92
6260 + 92
6261 # 1504
6261 - 92 3
6261 - 92 1
6261 # 1504
6263 + 92
6264 # 1504
6264 - 92 1
6266 # 1504
6267 + 92
6268 # 1504
6268 - 92 1
6269 + 92
6271 # 1504
6271 - 92 2
6272 # 1504
6273 # 1504
6273 + 92
6276 # 1504
6276 - 92 3
6276 + 92
6278 # 1504
6278 - 92 2
6279 # 1504
6280 # 1504
6284 # 1504
6285 # 1504
6287 # 1504
6288 # 1504
6294 + 92
6294 + 92
6294 + 92
6301 + 92
6301 + 92
6301 + 92
6301 + 92
6309 # 1504
6309 - 92 15
6309 - 92 15
6309 - 92 15
6309 - 92 8
6309 - 92 8
6309 - 92 8
6309 - 92 8
6309 # 1504
6309 # 1504
6309 # 1504
6309 # 1504
6309 # 1504
6310 # 1504
6310 # 1504
6310 # 1504
6311 + 92
6313 # 1504
6313 - 92 2
6316 # 1504
6316 + 92
6317 # 1504
6317 - 92 1
6329 + 92
6330 + 92
6333 + 92
6338 + 92
6339 + 92
6344 + 92
6346 + 92
6349 + 92
6358 # 1504
6358 - 92 29
6358 - 92 28
6358 - 92 25
6358 - 92 20
6358 - 92 19
6358 - 92 14
6358 - 92 12
6358 - 92 9
6358 # 1504
6359 # 1504
6359 # 1504
6359 # 1504
6359 # 1504
6359 # 1504
6359 # 1504
6359 # 1504
6359 # 1504
6359 # 1504
6359 # 1504
6360 # 1504
6360 # 1504
6360 # 1504
6360 # 1504
6360 # 1504
6360 # 1504
6360 # 1504
6360 # 1504
6360 # 1504
6360 # 1504
6360 + 92
6362 + 92
6362 + 92
6368 + 92
6369 # 1504
6369 - 92 9
6369 - 92 7
6369 - 92 7
6369 - 92 1
6369 # 1504
6372 + 92
6373 # 1504
6373 - 92 1
6374 # 1504
6376 # 1504
6376 # 1504
6378 # 1504
6378 # 1504
6378 + 92
6379 # 1504
6379 - 92 1
6379 # 1504
6381 + 92
6382 # 1504
6382 - 92 1
6382 # 1504
6383 # 1504
6385 # 1504
6386 # 1504
6386 + 92
6387 # 1504
6387 - 92 1
6389 # 1504
6389 + 92
6390 # 1504
6390 - 92 1
6391 # 1504
6393 # 1504
6394 # 1504
6395 # 1504
6395 + 92
6396 # 1504
6396 - 92 1
6397 # 1504
6398 # 1504
6399 # 1504
6400 # 1504
6400 + 92
6401 # 1504
6401 - 92 1
6402 # 1504
6409 + 92
6413 # 1504
6413 - 92 4
6413 # 1504
6415 # 1504
6416 + 92
6417 # 1504
6417 - 92 1
6417 # 1504
6417 + 92
6418 # 1504
6418 - 92 1
6421 + 92
6426 # 1504
6426 - 92 5
6426 + 92
6427 # 1504
6427 - 92 1
6429 + 92
6434 + 92
6437 # 1504
6437 - 92 8
6437 - 92 3
6437 # 1504
6437 # 1504
6437 # 1504
6437 + 92
6440 # 1504
6440 - 92 3
6440 + 92
6441 # 1504
6441 - 92 1
6442 + 92
6445 # 1504
6445 - 92 3
6446 + 92
6448 # 1504
6448 - 92 2
6449 + 92
6450 # 1504
6450 - 92 1
6450 + 92
6451 # 1504
6451 - 92 1
6453 + 92
6454 # 1504
6454 - 92 1
6455 + 92
6456 + 92
6458 + 92
6459 + 92
6461 + 92
6464 + 92
6466 # 1504
6466 - 92 11
6466 - 92 10
6466 - 92 8
6466 - 92 7
6466 - 92 5
6466 - 92 2
6466 # 1504
6466 # 1504
6466 # 1504
6466 # 1504
6466 # 1504
6467 # 1504
6470 # 1504
6471 # 1504
6472 + 92
6476 + 92
6476 + 92
6477 + 92
6485 + 92
6492 + 92
6492 + 92
6492 + 92
6494 # 1504
6494 - 92 22
6494 - 92 18
6494 - 92 18
6494 - 92 17
6494 - 92 9
6494 - 92 2
6494 - 92 2
6494 - 92 2
6494 # 1504
6494 # 1504
6494 # 1504
6494 # 1504
6494 # 1504
6494 # 1504
6495 # 1504
6495 # 1504
6495 # 1504
6495 + 92
6500 + 92
6501 # 1504
6501 - 92 6
6501 - 92 1
6501 # 1504
6501 # 1504
6502 + 92
6504 + 92
6506 # 1504
6506 - 92 4
6506 - 92 2
6506 # 1504
6506 # 1504
6507 # 1504
6507 # 1504
6507 + 92
6513 # 1504
6513 - 92 6
6513 # 1504
6514 # 1504
6515 + 92
6517 + 92
6518 # 1504
6518 - 92 3
6518 - 92 1
6518 + 92
6520 + 92
6521 # 1504
6521 - 92 3
6521 - 92 1
6521 + 92
6523 + 92
6526 # 1504
6526 - 92 5
6526 - 92 3
6526 + 92
6526 + 92
6529 # 1504
6529 - 92 3
6529 - 92 3
6531 # 1504
6534 # 1504
6536 + 92
6537 + 92
6539 + 92
6541 + 92
6544 # 1504
6544 - 92 8
6544 - 92 7
6544 - 92 5
6544 - 92 3
6544 # 1504
6544 # 1504
6544 # 1504
6548 # 1504
6551 # 1504
6552 + 92
6553 # 1504
6553 - 92 1
6553 + 92
6553 + 92
6556 # 1504
6556 - 92 3
6556 - 92 3
6556 + 92
6558 # 1504
6558 - 92 2
6561 # 1504
6565 # 1504
6567 + 92
6568 # 1504
6568 - 92 1
6570 # 1504
6571 # 1504
6572 + 92
6573 # 1504
6573 - 92 1
6574 + 92
6575 # 1504
6575 - 92 1
6576 # 1504
6578 # 1504
6579 # 1504
6581 # 1504
6582 # 1504
6585 # 1504
6586 # 1504
6595 + 92
6596 + 92
6596 + 92
6596 + 92
6597 # 1504
6597 - 92 2
6597 - 92 1
6597 - 92 1
6597 - 92 1
6597 # 1504
6605 + 92
6605 + 92
6605 + 92
6606 # 1504
6606 - 92 1
6606 - 92 1
6606 - 92 1
6606 + 92
6607 # 1504
6607 - 92 1
6607 # 1504
6607 # 1504
6607 # 1504
6607 # 1504
6607 # 1504
6607 # 1504
6613 # 1504
6613 # 1504
6614 + 92
6614 + 92
6615 # 1504
6615 - 92 1
6615 - 92 1
6616 + 92
6618 # 1504
6618 - 92 2
6618 + 92
6622 # 1504
6622 - 92 4
6623 + 92
6626 # 1504
6626 - 92 3
6627 + 92
6632 + 92
6632 + 92
6635 # 1504
6635 - 92 8
6635 - 92 3
6635 - 92 3
6636 + 92
6638 # 1504
6638 - 92 2
6640 + 92
6643 # 1504
6643 - 92 3
6646 # 1504
6648 + 92
6650 # 1504
6650 - 92 2
6651 # 1504
6652 + 92
6654 # 1504
6654 - 92 2
6656 + 92
6657 # 1504
6657 - 92 1
6658 + 92
6659 # 1504
6659 - 92 1
6660 + 92
6661 # 1504
6661 - 92 1
6663 # 1504
6663 + 92
6666 # 1504
6666 - 92 3
6668 + 92
6670 + 92
6673 + 92
6675 + 92
6678 + 92
6679 # 1504
6679 - 92 11
6679 - 92 9
6679 - 92 6
6679 - 92 4
6679 - 92 1
6679 # 1504
6679 # 1504
6679 # 1504
6680 + 92
6682 # 1504
6682 - 92 2
6682 + 92
6684 # 1504
6684 - 92 2
6685 + 92
6686 # 1504
6686 - 92 1
6688 # 1504
6688 + 92
6689 + 92
6691 # 1504
6691 - 92 3
6691 - 92 2
6692 + 92
6693 # 1504
6693 - 92 1
6693 + 92
6694 # 1504
6694 - 92 1
6695 # 1504
6695 + 92
6699 # 1504
6699 - 92 4
6700 # 1504
6700 # 1504
6702 # 1504
6702 + 92
6702 + 92
6704 + 92
6705 # 1504
6705 - 92 3
6705 - 92 3
6705 - 92 1
6706 # 1504
6706 + 92
6709 # 1504
6709 - 92 3
6710 # 1504
6711 # 1504
6713 # 1504
6715 # 1504
6716 # 1504
6717 + 92
6718 # 1504
6718 - 92 1
6719 # 1504
6719 + 92
6721 # 1504
6721 - 92 2
6721 + 92
6723 # 1504
6723 - 92 2
6725 # 1504
6725 + 92
6726 # 1504
6726 - 92 1
6726 + 92
6727 # 1504
6727 - 92 1
6727 + 92
6729 + 92
6732 + 92
6734 + 92
6736 + 92
6737 # 1504
6737 - 92 10
6737 - 92 8
6737 - 92 5
6737 - 92 3
6737 - 92 1
6737 # 1504
6738 # 1504
6738 + 92
6742 # 1504
6742 - 92 4
6747 + 92
6749 + 92
6751 # 1504
6751 - 92 4
6751 - 92 2
6751 # 1504
6751 # 1504
6751 # 1504
6757 # 1504
6757 # 1504
6757 # 1504
6757 + 92
6760 # 1504
6760 - 92 3
6764 # 1504
6764 + 92
6764 + 92
6766 + 92
6768 # 1504
6768 - 92 4
6768 - 92 4
6768 - 92 2
6769 + 92
6770 # 1504
6770 - 92 1
6772 + 92
6773 # 1504
6773 - 92 1
6774 + 92
6778 # 1504
6778 - 92 4
6778 + 92
6779 # 1504
6779 - 92 1
6780 + 92
6782 + 92
6783 # 1504
6783 - 92 3
6783 - 92 1
6786 + 92
6788 # 1504
6788 - 92 2
6788 + 92
6791 # 1504
6791 - 92 3
6792 + 92
6795 + 92
6796 # 1504
6796 - 92 4
6796 - 92 1
6796 + 92
6799 # 1504
6799 - 92 3
6801 + 92
6803 # 1504
6803 - 92 2
6804 + 92
6807 # 1504
6807 - 92 3
6808 + 92
6811 # 1504
6811 - 92 3
6814 # 1504
6816 + 92
6818 # 1504
6818 - 92 2
6820 # 1504
6826 + 92
6826 + 92
6828 # 1504
6828 - 92 2
6828 - 92 2
6831 + 92
6833 # 1504
6833 - 92 2
6835 + 92
6836 # 1504
6836 - 92 1
6837 # 1504
6838 + 92
6842 + 92
6844 # 1504
6844 - 92 6
6844 - 92 2
6846 + 92
6847 # 1504
6847 - 92 1
6851 # 1504
6852 # 1504
6856 + 92
6856 + 92
6858 + 92
6866 + 92
6866 + 92
6866 + 92
6868 + 92
6872 + 92
6873 # 1504
6873 - 92 17
6873 - 92 17
6873 - 92 15
6873 - 92 7
6873 - 92 7
6873 - 92 7
6873 - 92 5
6873 - 92 1
6873 # 1504
6873 # 1504
6873 # 1504
6873 # 1504
6873 # 1504
6873 # 1504
6873 # 1504
6875 # 1504
6876 + 92
6878 # 1504
6878 - 92 2
6878 + 92
6880 # 1504
6880 - 92 2
6881 # 1504
6881 + 92
6884 + 92
6886 + 92
6887 # 1504
6887 - 92 6
6887 - 92 3
6887 - 92 1
6888 # 1504
6890 + 92
6891 # 1504
6891 - 92 1
6893 # 1504
6893 + 92
6895 # 1504
6895 - 92 2
6896 # 1504
6896 + 92
6898 # 1504
6898 - 92 2
6901 # 1504
6902 # 1504
6903 + 92
6903 + 92
6906 # 1504
6906 - 92 3
6906 - 92 3
6906 + 92
6907 # 1504
6907 - 92 1
6909 # 1504
6910 # 1504
6910 # 1504
6911 # 1504
6911 + 92
6913 + 92
6915 # 1504
6915 - 92 4
6915 - 92 2
6915 # 1504
6915 + 92
6917 # 1504
6917 - 92 2
6918 # 1504
6919 # 1504
6919 + 92
6920 # 1504
6920 - 92 1
6921 # 1504
6921 + 92
6922 # 1504
6922 - 92 1
6923 + 92
6924 # 1504
6924 - 92 1
6926 # 1504
6926 + 92
6927 # 1504
6927 - 92 1
6928 # 1504
6930 # 1504
6932 # 1504
6932 + 92
6933 # 1504
6933 - 92 1
6934 # 1504
6934 + 92
6935 # 1504
6935 - 92 1
6936 # 1504
6937 # 1504
6937 + 92
6938 # 1504
6938 - 92 1
6940 + 92
6942 # 1504
6942 - 92 2
6942 # 1504
6942 + 92
6944 + 92
6945 # 1504
6945 - 92 3
6945 - 92 1
6946 # 1504
6948 # 1504
6948 + 92
6949 + 92
6951 + 92
6957 # 1504
6957 - 92 9
6957 - 92 8
6957 - 92 6
6959 # 1504
6961 # 1504
6961 # 1504
6962 + 92
6962 + 92
6963 # 1504
6963 - 92 1
6963 - 92 1
6964 # 1504
6965 # 1504
6966 # 1504
6967 # 1504
6968 # 1504
6968 + 92
6969 + 92
6970 + 92
6971 # 1504
6971 - 92 3
6971 - 92 2
6971 - 92 1
6972 # 1504
6973 # 1504
6973 + 92
6974 + 92
6975 # 1504
6975 - 92 2
6975 - 92 1
6976 # 1504
6976 + 92
6978 # 1504
6978 - 92 2
6980 # 1504
6980 + 92
6982 # 1504
6982 - 92 2
6984 # 1504
6988 + 92
6991 + 92
6991 + 92
6994 + 92
6995 + 92
6997 # 1504
6997 - 92 9
6997 - 92 6
6997 - 92 6
6997 - 92 3
6997 - 92 2
6998 + 92
7007 # 1504
7007 - 92 9
7007 # 1504
7007 # 1504
7007 # 1504
7007 # 1504
7007 # 1504
7008 + 92
7008 + 92
7012 + 92
7022 + 92
7022 + 92
7022 + 92
7024 # 1504
7024 - 92 16
7024 - 92 16
7024 - 92 12
7024 - 92 2
7024 - 92 2
7024 - 92 2
7024 # 1504
7025 # 1504
7025 # 1504
7025 # 1504
7026 + 92
7027 # 1504
7027 - 92 1
7028 + 92
7033 + 92
7033 + 92
7035 + 92
7039 # 1504
7039 - 92 11
7039 - 92 6
7039 - 92 6
7039 - 92 4
7039 # 1504
7039 # 1504
7039 + 92
7041 + 92
7044 # 1504
7044 - 92 5
7044 - 92 3
7044 + 92
7047 + 92
7049 # 1504
7049 - 92 5
7049 - 92 2
7051 # 1504
7052 # 1504
7052 + 92
7055 # 1504
7055 - 92 3
7055 + 92
7057 # 1504
7057 - 92 2
7060 # 1504
7061 # 1504
7064 # 1504
7065 + 92
7066 # 1504
7066 - 92 1
7071 + 92
7072 + 92
7077 # 1504
7077 - 92 6
7077 - 92 5
7078 + 92
7078 + 92
7080 + 92
7084 + 92
7096 + 92
7096 + 92
7096 + 92
7098 + 92
7103 # 1504
7103 - 92 25
7103 - 92 25
7103 - 92 23
7103 - 92 19
7103 - 92 7
7103 - 92 7
7103 - 92 7
7103 - 92 5
7104 + 92
7104 + 92
7107 + 92
7117 + 92
7117 + 92
7120 + 92
7124 + 92
7127 + 92
7130 + 92
7132 + 92
7135 # 1504
7135 - 92 31
7135 - 92 31
7135 - 92 28
7135 - 92 18
7135 - 92 18
7135 - 92 15
7135 - 92 11
7135 - 92 8
7135 - 92 5
7135 - 92 3
7135 + 92
7140 + 92
7142 + 92
7144 + 92
7147 # 1504
7147 - 92 12
7147 - 92 7
7147 - 92 5
7147 - 92 3
7148 + 92
7150 + 92
7153 + 92
7154 # 1504
7154 - 92 6
7154 - 92 4
7154 - 92 1
7155 + 92
7157 + 92
7158 + 92
7162 + 92
7164 + 92
7166 # 1504
7166 - 92 11
7166 - 92 9
7166 - 92 8
7166 - 92 4
7166 - 92 2
7166 + 92
7168 + 92
7169 # 1504
7169 - 92 3
7169 - 92 1
7171 # 1504
7173 + 92
7175 # 1504
7175 - 92 2
7175 + 92
7176 + 92
7177 # 1504
7177 - 92 2
7177 - 92 1
7180 + 92
7182 # 1504
7182 - 92 2
7182 + 92
7185 + 92
7187 + 92
7188 # 1504
7188 - 92 6
7188 - 92 3
7188 - 92 1
7191 + 92
7192 # 1504
7192 - 92 1
7194 # 1504
7194 + 92
7196 + 92
7198 # 1504
7198 - 92 4
7198 - 92 2
7201 + 92
7202 # 1504
7202 - 92 1
7206 # 1504
7209 + 92
7210 # 1504
7210 - 92 1
7210 + 92
7213 # 1504
7213 - 92 3
7215 + 92
7216 # 1504
7216 - 92 1
7218 + 92
7219 # 1504
7219 - 92 1
7223 # 1504
7228 + 92
7229 + 92
7232 + 92
7234 + 92
7237 # 1504
7237 - 92 9
7237 - 92 8
7237 - 92 5
7237 - 92 3
7237 # 1504
7238 + 92
7238 + 92
7241 # 1504
7241 - 92 3
7241 - 92 3
7241 # 1504
7241 # 1504
7248 + 92
7249 # 1504
7249 - 92 1
7249 # 1504
7249 # 1504
7249 # 1504
7249 + 92
7251 + 92
7251 + 92
7256 # 1504
7256 - 92 7
7256 - 92 5
7256 - 92 5
7256 # 1504
7259 + 92
7260 # 1504
7260 - 92 1
7262 + 92
7262 + 92
7265 # 1504
7265 - 92 3
7265 - 92 3
7269 # 1504
7269 + 92
7271 + 92
7272 # 1504
7272 - 92 3
7272 - 92 1
7276 # 1504
7281 # 1504
7282 + 92
7283 + 92
7285 # 1504
7285 - 92 3
7285 - 92 2
7286 # 1504
7288 # 1504
7289 # 1504
7289 + 92
7290 # 1504
7290 - 92 1
7292 # 1504
7292 # 1504
7293 # 1504
7295 # 1504
7296 # 1504
7296 + 92
7297 # 1504
7297 - 92 1
7297 + 92
7307 # 1504
7307 - 92 10
7308 # 1504
7308 # 1504
7308 # 1504
7308 # 1504
7316 # 1504
7316 # 1504
7318 # 1504
7319 # 1504
7319 # 1504
7319 # 1504
7319 # 1504
7319 + 92
7319 + 92
7320 + 92
7322 # 1504
7322 - 92 3
7322 - 92 3
7322 - 92 2
7323 # 1504
7324 + 92
7328 + 92
7330 + 92
7337 # 1504
7337 - 92 13
7337 - 92 9
7337 - 92 7
7337 # 1504
7337 # 1504
7338 # 1504
7338 # 1504
7341 # 1504
7342 + 92
7342 + 92
7342 + 92
7342 + 92
7345 # 1504
7345 - 92 3
7345 - 92 3
7345 - 92 3
7345 - 92 3
7346 + 92
7347 # 1504
7347 - 92 1
7348 + 92
7350 # 1504
7350 - 92 2
7350 + 92
7352 + 92
7354 # 1504
7354 - 92 4
7354 - 92 2
7354 + 92
7356 + 92
7357 # 1504
7357 - 92 3
7357 - 92 1
7358 + 92
7359 # 1504
7359 - 92 1
7360 + 92
7365 # 1504
7365 - 92 5
7368 + 92
7371 + 92
7374 + 92
7375 + 92
7376 # 1504
7376 - 92 8
7376 - 92 5
7376 - 92 2
7376 - 92 1
7376 # 1504
7378 + 92
7381 # 1504
7381 - 92 3
7381 # 1504
7381 # 1504
7381 # 1504
7385 # 1504
7390 + 92
7390 + 92
7390 + 92
7392 + 92
7394 + 92
7396 # 1504
7396 - 92 6
7396 - 92 6
7396 - 92 6
7396 - 92 4
7396 - 92 2
7397 # 1504
7397 + 92
7399 # 1504
7399 - 92 2
7402 # 1504
7407 # 1504
7409 + 92
7409 + 92
7412 # 1504
7412 - 92 3
7412 - 92 3
7417 # 1504
7419 # 1504
7423 # 1504
7427 + 92
7427 + 92
7427 + 92
7429 + 92
7431 # 1504
7431 - 92 4
7431 - 92 4
7431 - 92 4
7431 - 92 2
7432 # 1504
7433 # 1504
7435 # 1504
7436 # 1504
7436 + 92
7436 + 92
7438 # 1504
7438 - 92 2
7438 - 92 2
7438 + 92
7441 # 1504
7441 - 92 3
7443 + 92
7445 # 1504
7445 - 92 2
7446 + 92
7447 # 1504
7447 - 92 1
7453 + 92
7453 + 92
7456 + 92
7457 # 1504
7457 - 92 4
7457 - 92 4
7457 - 92 1
7457 # 1504
7459 + 92
7460 # 1504
7460 - 92 1
7463 + 92
7465 # 1504
7465 - 92 2
7467 # 1504
7467 # 1504
7468 # 1504
7470 # 1504
7472 # 1504
7473 # 1504
7478 # 1504
7480 + 92
7480 + 92
7480 + 92
7481 # 1504
7481 - 92 1
7481 - 92 1
7481 - 92 1
7481 + 92
7483 # 1504
7483 - 92 2
7488 # 1504
7491 + 92
7492 # 1504
7492 - 92 1
7495 + 92
7495 + 92
7496 # 1504
7496 - 92 1
7496 - 92 1
7498 + 92
7499 # 1504
7499 - 92 1
7501 # 1504
7506 # 1504
7508 + 92
7510 # 1504
7510 - 92 2
7511 + 92
7511 + 92
7511 + 92
7512 # 1504
7512 - 92 1
7512 - 92 1
7512 - 92 1
7513 + 92
7515 # 1504
7515 - 92 2
7516 + 92
7518 # 1504
7518 - 92 2
7520 # 1504
7520 + 92
7522 # 1504
7522 - 92 2
7524 # 1504
7527 # 1504
7531 # 1504
7536 # 1504
7537 # 1504
7537 + 92
7539 # 1504
7539 - 92 2
7540 # 1504
7540 + 92
7540 + 92
7543 # 1504
7543 - 92 3
7543 - 92 3
7545 # 1504
7546 # 1504
7548 # 1504
7548 + 92
7548 + 92
7548 + 92
7549 # 1504
7549 - 92 1
7549 - 92 1
7549 - 92 1
7550 + 92
7551 # 1504
7551 - 92 1
7552 # 1504
7557 # 1504
7558 # 1504
7558 # 1504
7558 + 92
7561 # 1504
7561 - 92 3
7562 # 1504
7571 + 92
7573 + 92
7575 + 92
7576 # 1504
7576 - 92 5
7576 - 92 3
7576 - 92 1
7576 # 1504
7577 + 92
7578 # 1504
7578 - 92 1
7581 # 1504
7581 # 1504
7582 # 1504
7588 + 92
7590 + 92
7591 + 92
7593 # 1504
7593 - 92 5
7593 - 92 3
7593 - 92 2
7594 + 92
7596 + 92
7599 + 92
7602 # 1504
7602 - 92 8
7602 - 92 6
7602 - 92 3
7602 # 1504
7602 # 1504
7603 # 1504
7603 # 1504
7609 + 92
7609 + 92
7611 # 1504
7611 - 92 2
7611 - 92 2
7611 # 1504
7612 # 1504
7612 # 1504
7612 # 1504
7613 # 1504
7613 + 92
7614 + 92
7614 + 92
7616 # 1504
7616 - 92 3
7616 - 92 2
7616 - 92 2
7616 + 92
7617 + 92
7621 # 1504
7621 - 92 5
7621 - 92 4
7624 # 1504
7627 + 92
7628 + 92
7629 + 92
7630 # 1504
7630 - 92 3
7630 - 92 2
7630 - 92 1
7631 + 92
7632 + 92
7633 # 1504
7633 - 92 2
7633 - 92 1
7634 + 92
7636 + 92
7637 # 1504
7637 - 92 3
7637 - 92 1
7641 # 1504
7645 + 92
7646 + 92
7648 # 1504
7648 - 92 3
7648 - 92 2
7648 + 92
7649 + 92
7651 # 1504
7651 - 92 3
7651 - 92 2
7652 + 92
7654 + 92
7655 # 1504
7655 - 92 3
7655 - 92 1
7657 + 92
7659 # 1504
7659 - 92 2
7663 # 1504
7669 # 1504
7669 + 92
7669 + 92
7669 + 92
7671 # 1504
7671 - 92 2
7671 - 92 2
7671 - 92 2
7672 + 92
7676 # 1504
7676 - 92 4
7678 # 1504
7681 + 92
7681 + 92
7682 + 92
7683 # 1504
7683 - 92 2
7683 - 92 2
7683 - 92 1
7688 # 1504
7689 + 92
7690 # 1504
7690 - 92 1
7692 # 1504
7692 + 92
7695 # 1504
7695 - 92 3
7696 + 92
7698 # 1504
7698 - 92 2
7698 + 92
7699 # 1504
7699 - 92 1
7700 + 92
7702 # 1504
7702 - 92 2
7704 # 1504
7707 # 1504
7708 + 92
7711 # 1504
7711 - 92 3
7712 # 1504
7712 + 92
7714 # 1504
7714 - 92 2
7714 + 92
7716 # 1504
7716 - 92 2
7716 + 92
7718 # 1504
7718 - 92 2
7720 + 92
7721 # 1504
7721 - 92 1
7721 + 92
7723 # 1504
7723 - 92 2
7724 # 1504
7725 + 92
7726 # 1504
7726 - 92 1
7727 + 92
7729 # 1504
7729 - 92 2
7729 + 92
7731 # 1504
7731 - 92 2
7731 + 92
7732 # 1504
7732 - 92 1
7733 + 92
7735 # 1504
7735 - 92 2
7735 + 92
7737 + 92
7738 # 1504
7738 - 92 3
7738 - 92 1
7739 + 92
7741 # 1504
7741 - 92 2
7742 + 92
7744 + 92
7745 # 1504
7745 - 92 3
7745 - 92 1
7746 + 92
7747 # 1504
7747 - 92 1
7749 # 1504
7749 + 92
7749 + 92
7751 # 1504
7751 - 92 2
7751 - 92 2
7753 # 1504
7755 # 1504
7756 + 92
7757 # 1504
7757 - 92 1
7760 # 1504
7761 # 1504
7762 # 1504
7764 # 1504
7768 # 1504
7770 # 1504
7773 # 1504
7777 # 1504
7777 + 92
7777 + 92
7777 + 92
7777 + 92
7777 + 92
7778 # 1504
7778 - 92 1
7778 - 92 1
7778 - 92 1
7778 - 92 1
7778 - 92 1
7778 + 92
7780 + 92
7781 # 1504
7781 - 92 3
7781 - 92 1
7786 # 1504
7788 + 92
7788 + 92
7788 + 92
7789 # 1504
7789 - 92 1
7789 - 92 1
7789 - 92 1
7790 + 92
7792 # 1504
7792 - 92 2
7793 + 92
7795 # 1504
7795 - 92 2
7796 # 1504
7796 + 92
7797 + 92
7798 # 1504
7798 - 92 2
7798 - 92 1
7798 + 92
7800 # 1504
7800 - 92 2
7801 + 92
7802 # 1504
7802 - 92 1
7803 # 1504
7805 # 1504
7808 # 1504
7809 # 1504
7811 # 1504
7812 # 1504
7813 # 1504
7813 + 92
7813 + 92
7813 + 92
7815 # 1504
7815 - 92 2
7815 - 92 2
7815 - 92 2
7815 + 92
7817 # 1504
7817 - 92 2
7818 # 1504
7819 + 92
7821 # 1504
7821 - 92 2
7823 # 1504
7824 # 1504
7826 # 1504
7828 # 1504
7829 + 92
7832 + 92
7834 + 92
7838 + 92
7838 + 92
7838 + 92
7842 + 92
7844 + 92
7846 + 92
7848 + 92
7849 # 1504
7849 - 92 20
7849 - 92 17
7849 - 92 15
7849 - 92 11
7849 - 92 11
7849 - 92 11
7849 - 92 7
7849 - 92 5
7849 - 92 3
7849 - 92 1
7849 # 1504
7849 # 1504
7849 # 1504
7849 # 1504
7850 # 1504
7850 # 1504
7850 # 1504
7850 # 1504
7850 # 1504
7850 # 1504
7850 # 1504
7851 + 92
7852 # 1504
7852 - 92 1
7853 # 1504
7854 + 92
7856 # 1504
7856 - 92 2
7856 + 92
7857 # 1504
7857 - 92 1
7858 # 1504
7858 # 1504
7858 + 92
7859 # 1504
7859 - 92 1
7860 # 1504
7860 + 92
7861 # 1504
7861 - 92 1
7862 # 1504
7868 # 1504
7868 # 1504
7869 + 92
7870 # 1504
7870 - 92 1
7870 # 1504
7870 # 1504
7874 + 92
7876 + 92
7881 # 1504
7881 - 92 7
7881 - 92 5
7881 # 1504
7881 # 1504
7882 # 1504
7882 # 1504
7882 # 1504
7882 # 1504
7882 # 1504
7882 # 1504
7884 + 92
7884 + 92
7886 + 92
7888 + 92
7890 + 92
7893 # 1504
7893 - 92 9
7893 - 92 9
7893 - 92 7
7893 - 92 5
7893 - 92 3
7894 # 1504
7894 + 92
7894 + 92
7897 + 92
7900 # 1504
7900 - 92 6
7900 - 92 6
7900 - 92 3
7909 + 92
7913 + 92
7917 + 92
7917 + 92
7919 + 92
7921 # 1504
7921 - 92 12
7921 - 92 8
7921 - 92 4
7921 - 92 4
7921 - 92 2
7921 # 1504
7921 # 1504
7921 # 1504
7921 # 1504
7921 # 1504
7921 # 1504
7922 # 1504
7922 # 1504
7922 # 1504
7922 # 1504
7922 # 1504
7922 # 1504
7922 # 1504
7922 # 1504
7922 # 1504
7922 # 1504
7923 # 1504
7923 # 1504
7927 # 1504
7927 # 1504
7929 + 92
7931 + 92
7933 + 92
7935 + 92
7936 # 1504
7936 - 92 7
7936 - 92 5
7936 - 92 3
7936 - 92 1
7936 # 1504
7936 # 1504
7936 # 1504
7936 # 1504
7936 # 1504
7937 + 92
7938 # 1504
7938 - 92 1
7940 + 92
7947 # 1504
7947 - 92 7
7947 # 1504
7948 + 92
7949 # 1504
7949 - 92 1
7952 # 1504
7955 + 92
7956 # 1504
7956 - 92 1
7959 # 1504
7960 + 92
7962 # 1504
7962 - 92 2
7963 + 92
7967 # 1504
7967 - 92 4
7968 # 1504
7968 + 92
7972 # 1504
7972 - 92 4
7974 # 1504
7976 # 1504
7977 + 92
7977 + 92
7978 + 92
7979 # 1504
7979 - 92 2
7979 - 92 2
7979 - 92 1
7979 + 92
7981 # 1504
7981 - 92 2
7985 # 1504
7988 # 1504
7988 + 92
7992 # 1504
7992 - 92 4
7995 + 92
7997 # 1504
7997 - 92 2
7997 + 92
7999 # 1504
7999 - 92 2
7999 + 92
8001 + 92
8003 # 1504
8003 - 92 4
8003 - 92 2
8004 + 92
8007 # 1504
8007 - 92 3
8010 # 1504
8011 + 92
8011 + 92
8013 + 92
8015 # 1504
8015 - 92 4
8015 - 92 4
8015 - 92 2
8016 + 92
8017 # 1504
8017 - 92 1
8019 # 1504
8021 # 1504
8026 + 92
8027 # 1504
8027 - 92 1
8027 + 92
8030 + 92
8031 + 92
8032 + 92
8034 + 92
8036 # 1504
8036 - 92 9
8036 - 92 6
8036 - 92 5
8036 - 92 4
8036 - 92 2
8036 # 1504
8036 + 92
8038 + 92
8039 # 1504
8039 - 92 3
8039 - 92 1
8039 # 1504
8040 # 1504
8041 + 92
8044 + 92
8046 + 92
8047 + 92
8049 # 1504
8049 - 92 8
8049 - 92 5
8049 - 92 3
8049 - 92 2
8049 # 1504
8049 # 1504
8049 # 1504
8050 + 92
8053 # 1504
8053 - 92 3
8053 + 92
8055 # 1504
8055 - 92 2
8058 # 1504
8060 # 1504
8063 + 92
8065 # 1504
8065 - 92 2
8074 # 1504
8074 # 1504
8074 + 92
8074 + 92
8075 + 92
8077 # 1504
8077 - 92 3
8077 - 92 3
8077 - 92 2
8077 + 92
8078 # 1504
8078 - 92 1
8079 + 92
8082 + 92
8083 # 1504
8083 - 92 4
8083 - 92 1
8087 + 92
8088 # 1504
8088 - 92 1
8089 + 92
8093 # 1504
8093 - 92 4
8097 # 1504
8098 + 92
8099 # 1504
8099 - 92 1
8110 + 92
8113 + 92
8114 + 92
8116 + 92
8121 + 92
8124 + 92
8126 + 92
8128 + 92
8133 + 92
8135 + 92
8139 + 92
8143 + 92
8144 + 92
8149 # 1504
8149 - 92 39
8149 - 92 36
8149 - 92 35
8149 - 92 33
8149 - 92 28
8149 - 92 25
8149 - 92 23
8149 - 92 21
8149 - 92 16
8149 - 92 14
8149 - 92 10
8149 - 92 6
8149 - 92 5
8154 + 92
8155 # 1504
8155 - 92 1
8156 + 92
8160 + 92
8166 # 1504
8166 - 92 10
8166 - 92 6
8168 + 92
8169 # 1504
8169 - 92 1
8171 + 92
8176 + 92
8178 + 92
8181 + 92
8184 + 92
8185 # 1504
8185 - 92 14
8185 - 92 9
8185 - 92 7
8185 - 92 4
8185 - 92 1
8189 + 92
8190 + 92
8202 + 92
8202 + 92
8202 + 92
8204 # 1504
8204 - 92 15
8204 - 92 14
8204 - 92 2
8204 - 92 2
8204 - 92 2
8204 # 1504
8206 # 1504
8209 # 1504
8210 # 1504
8210 # 1504
8211 # 1504
8212 + 92
8214 + 92
8214 + 92
8215 + 92
8219 + 92
8220 # 1504
8220 - 92 8
8220 - 92 6
8220 - 92 6
8220 - 92 5
8220 - 92 1
8222 + 92
8225 # 1504
8225 - 92 3
8225 + 92
8226 # 1504
8226 - 92 1
8230 + 92
8234 + 92
8237 + 92
8241 + 92
8244 # 1504
8244 - 92 14
8244 - 92 10
8244 - 92 7
8244 - 92 3
8244 + 92
8248 # 1504
8248 - 92 4
8256 + 92
8256 + 92
8256 + 92
8258 # 1504
8258 - 92 2
8258 - 92 2
8258 - 92 2
8261 # 1504
8261 # 1504
8261 + 92
8264 + 92
8268 + 92
8272 + 92
8274 + 92
8276 + 92
8277 # 1504
8277 - 92 16
8277 - 92 13
8277 - 92 9
8277 - 92 5
8277 - 92 3
8277 - 92 1
8279 + 92
8280 # 1504
8280 - 92 1
8281 + 92
8286 + 92
8287 # 1504
8287 - 92 6
8287 - 92 1
8290 + 92
8292 + 92
8295 + 92
8299 # 1504
8299 - 92 9
8299 - 92 7
8299 - 92 4
8299 + 92
8300 # 1504
8300 - 92 1
8301 + 92
8312 # 1504
8312 - 92 11
8313 + 92
8314 + 92
8318 + 92
8326 # 1504
8326 - 92 13
8326 - 92 12
8326 - 92 8
8330 + 92
8330 + 92
8333 # 1504
8333 - 92 3
8333 - 92 3
8334 + 92
8334 + 92
8336 + 92
8340 + 92
8343 + 92
8345 # 1504
8345 - 92 11
8345 - 92 11
8345 - 92 9
8345 - 92 5
8345 - 92 2
8345 + 92
8350 # 1504
8350 - 92 5
8350 + 92
8352 # 1504
8352 - 92 2
8352 + 92
8354 + 92
8355 # 1504
8355 - 92 3
8355 - 92 1
8358 # 1504
8360 # 1504
8364 # 1504
8366 # 1504
8366 + 92
8368 + 92
8368 + 92
8368 + 92
8371 + 92
8375 + 92
8378 + 92
8379 # 1504
8379 - 92 13
8379 - 92 11
8379 - 92 11
8379 - 92 11
8379 - 92 8
8379 - 92 4
8379 - 92 1
8380 + 92
8387 # 1504
8387 - 92 7
8391 + 92
8394 + 92
8394 + 92
8394 + 92
8395 # 1504
8395 - 92 4
8395 - 92 1
8395 - 92 1
8395 - 92 1
8398 + 92
8400 + 92
8402 # 1504
8402 - 92 4
8402 - 92 2
8407 # 1504
8411 + 92
8411 + 92
8416 + 92
8416 + 92
8418 # 1504
8418 - 92 7
8418 - 92 7
8418 - 92 2
8418 - 92 2
8418 # 1504
8418 # 1504
8418 # 1504
8418 + 92
8419 # 1504
8419 - 92 1
8419 # 1504
8421 # 1504
8421 + 92
8423 # 1504
8423 - 92 2
8423 # 1504
8424 + 92
8426 # 1504
8426 - 92 2
8428 # 1504
8428 + 92
8431 + 92
8433 # 1504
8433 - 92 5
8433 - 92 2
8434 + 92
8437 # 1504
8437 - 92 3
8438 + 92
8442 # 1504
8442 - 92 4
8446 # 1504
8449 + 92
8451 # 1504
8451 - 92 2
8454 + 92
8454 + 92
8454 + 92
8457 # 1504
8457 - 92 3
8457 - 92 3
8457 - 92 3
8457 + 92
8459 + 92
8462 + 92
8464 # 1504
8464 - 92 7
8464 - 92 5
8464 - 92 2
8471 # 1504
8474 # 1504
8475 + 92
8475 + 92
8475 + 92
8475 + 92
8478 + 92
8480 # 1504
8480 - 92 5
8480 - 92 5
8480 - 92 5
8480 - 92 5
8480 - 92 2
8481 + 92
8487 # 1504
8487 - 92 6
8491 # 1504
8491 + 92
8493 + 92
8493 + 92
8496 # 1504
8496 - 92 5
8496 - 92 3
8496 - 92 3
8497 # 1504
8499 # 1504
8501 # 1504
8504 + 92
8504 + 92
8506 # 1504
8506 - 92 2
8506 - 92 2
8506 # 1504
8510 # 1504
8514 + 92
8515 # 1504
8515 - 92 1
8516 + 92
8518 + 92
8520 # 1504
8520 - 92 4
8520 - 92 2
8522 # 1504
8522 + 92
8525 + 92
8528 # 1504
8528 - 92 6
8528 - 92 3
8531 # 1504
8534 + 92
8536 # 1504
8536 - 92 2
8540 + 92
8540 + 92
8541 # 1504
8541 - 92 1
8541 - 92 1
8542 + 92
8546 # 1504
8546 - 92 4
8547 + 92
8553 # 1504
8553 - 92 6
8557 + 92
8557 + 92
8559 # 1504
8559 - 92 2
8559 - 92 2
8561 # 1504
8566 # 1504
8568 # 1504
8569 + 92
8570 # 1504
8570 - 92 1
8573 # 1504
8574 # 1504
8575 + 92
8576 # 1504
8576 - 92 1
8577 # 1504
8581 # 1504
8582 # 1504
8584 # 1504
8586 # 1504
8588 # 1504
8589 + 92
8590 # 1504
8590 - 92 1
8590 + 92
8590 + 92
8590 + 92
8590 + 92
8592 # 1504
8592 - 92 2
8592 - 92 2
8592 - 92 2
8592 - 92 2
8593 + 92
8594 # 1504
8594 - 92 1
8596 # 1504
8597 # 1504
8598 + 92
8599 # 1504
8599 - 92 1
8600 # 1504
8603 # 1504
8606 # 1504
8606 # 1504
8607 # 1504
8608 + 92
8608 + 92
8609 # 1504
8609 - 92 1
8609 - 92 1
8612 # 1504
8612 + 92
8614 # 1504
8614 - 92 2
8615 + 92
8618 # 1504
8618 - 92 3
8618 # 1504
8618 + 92
8620 # 1504
8620 - 92 2
8621 # 1504
8621 + 92
8623 # 1504
8623 - 92 2
8624 + 92
8625 # 1504
8625 - 92 1
8626 # 1504
8628 # 1504
8628 + 92
8629 # 1504
8629 - 92 1
8630 + 92
8631 # 1504
8631 - 92 1
8632 # 1504
8633 + 92
8635 # 1504
8635 - 92 2
8636 # 1504
8636 + 92
8637 # 1504
8637 - 92 1
8638 + 92
8639 # 1504
8639 - 92 1
8640 + 92
8641 # 1504
8641 - 92 1
8643 + 92
8645 # 1504
8645 - 92 2
8647 # 1504
8648 # 1504
8651 # 1504
8651 # 1504
8654 # 1504
8654 + 92
8654 + 92
8654 + 92
8655 # 1504
8655 - 92 1
8655 - 92 1
8655 - 92 1
8656 # 1504
8656 + 92
8659 # 1504
8659 - 92 3
8660 + 92
8663 + 92
8667 + 92
8668 # 1504
8668 - 92 8
8668 - 92 5
8668 - 92 1
8668 # 1504
8668 # 1504
8668 # 1504
8668 # 1504
8669 # 1504
8669 + 92
8671 # 1504
8671 - 92 2
8672 # 1504
8672 + 92
8674 # 1504
8674 - 92 2
8674 + 92
8677 # 1504
8677 - 92 3
8677 + 92
8678 # 1504
8678 - 92 1
8679 # 1504
8682 # 1504
8682 # 1504
8684 # 1504
8686 # 1504
8687 # 1504
8688 + 92
8688 + 92
8688 + 92
8690 # 1504
8690 - 92 2
8690 - 92 2
8690 - 92 2
8690 # 1504
8691 # 1504
8692 # 1504
8693 + 92
8693 + 92
8695 + 92
8699 + 92
8701 # 1504
8701 - 92 8
8701 - 92 8
8701 - 92 6
8701 - 92 2
8701 # 1504
8702 # 1504
8702 # 1504
8704 # 1504
8705 # 1504
8707 # 1504
8707 # 1504
8709 + 92
8710 + 92
8711 # 1504
8711 - 92 2
8711 - 92 1
8712 # 1504
8713 # 1504
8715 # 1504
8715 + 92
8715 + 92
8715 + 92
8716 # 1504
8716 - 92 1
8716 - 92 1
8716 - 92 1
8718 + 92
8725 # 1504
8725 - 92 7
8725 # 1504
8726 # 1504
8726 # 1504
8729 + 92
8732 + 92
8734 + 92
8734 + 92
8736 # 1504
8736 - 92 7
8736 - 92 4
8736 - 92 2
8736 - 92 2
8737 + 92
8738 # 1504
8738 - 92 1
8738 # 1504
8740 # 1504
8741 # 1504
8742 + 92
8743 # 1504
8743 - 92 1
8743 # 1504
8743 # 1504
8745 + 92
8747 + 92
8750 + 92
8753 + 92
8754 # 1504
8754 - 92 9
8754 - 92 7
8754 - 92 4
8754 - 92 1
8754 # 1504
8754 # 1504
8754 # 1504
8756 + 92
8758 # 1504
8758 - 92 2
8761 + 92
8764 # 1504
8764 - 92 3
8764 + 92
8766 + 92
8768 # 1504
8768 - 92 4
8768 - 92 2
8770 + 92
8772 # 1504
8772 - 92 2
8772 + 92
8775 + 92
8778 # 1504
8778 - 92 6
8778 - 92 3
8778 + 92
8781 # 1504
8781 - 92 3
8781 + 92
8783 + 92
8786 + 92
8788 # 1504
8788 - 92 7
8788 - 92 5
8788 - 92 2
8789 + 92
8790 + 92
8792 # 1504
8792 - 92 3
8792 - 92 2
8792 + 92
8794 + 92
8795 # 1504
8795 - 92 3
8795 - 92 1
8796 + 92
8798 # 1504
8798 - 92 2
8800 + 92
8807 # 1504
8807 - 92 7
8811 # 1504
8817 # 1504
8818 + 92
8818 + 92
8821 # 1504
8821 - 92 3
8821 - 92 3
8822 + 92
8822 + 92
8822 + 92
8825 # 1504
8825 - 92 3
8825 - 92 3
8825 - 92 3
8825 + 92
8830 + 92
8832 + 92
8833 # 1504
8833 - 92 8
8833 - 92 3
8833 - 92 1
8836 + 92
8837 # 1504
8837 - 92 1
8840 # 1504
8843 + 92
8843 + 92
8846 # 1504
8846 - 92 3
8846 - 92 3
8849 + 92
8850 # 1504
8850 - 92 1
8852 # 1504
8854 + 92
8854 + 92
8854 + 92
8855 # 1504
8855 - 92 1
8855 - 92 1
8855 - 92 1
8856 + 92
8859 # 1504
8859 - 92 3
8860 + 92
8862 # 1504
8862 - 92 2
8865 # 1504
8868 # 1504
8868 + 92
8868 + 92
8872 # 1504
8872 - 92 4
8872 - 92 4
8874 + 92
8876 # 1504
8876 - 92 2
8876 + 92
8876 + 92
8879 # 1504
8879 - 92 3
8879 - 92 3
8882 # 1504
8887 + 92
8888 # 1504
8888 - 92 1
8889 # 1504
8889 + 92
8891 # 1504
8891 - 92 2
8893 # 1504
8894 + 92
8896 + 92
8896 + 92
8897 # 1504
8897 - 92 3
8897 - 92 1
8897 - 92 1
8897 # 1504
8899 # 1504
8901 # 1504
8909 + 92
8912 # 1504
8912 - 92 3
8916 + 92
8916 + 92
8916 + 92
8917 # 1504
8917 - 92 1
8917 - 92 1
8917 - 92 1
8917 # 1504
8917 # 1504
8918 + 92
8919 # 1504
8919 - 92 1
8929 + 92
8930 # 1504
8930 - 92 1
8930 # 1504
8930 + 92
8930 + 92
8932 # 1504
8932 - 92 2
8932 - 92 2
8933 + 92
8935 # 1504
8935 - 92 2
8937 + 92
8939 # 1504
8939 - 92 2
8939 + 92
8943 # 1504
8943 - 92 4
8947 # 1504
8949 + 92
8949 + 92
8951 # 1504
8951 - 92 2
8951 - 92 2
8954 # 1504
8954 + 92
8956 + 92
8957 # 1504
8957 - 92 3
8957 - 92 1
8959 # 1504
8963 # 1504
8968 # 1504
8969 # 1504
8970 + 92
8970 + 92
8971 # 1504
8971 - 92 1
8971 - 92 1
8972 # 1504
8974 + 92
8974 + 92
8974 + 92
8975 # 1504
8975 - 92 1
8975 - 92 1
8975 - 92 1
8978 + 92
8985 # 1504
8985 - 92 7
8985 # 1504
8989 # 1504
8989 # 1504
8992 + 92
8992 + 92
8996 # 1504
8996 - 92 4
8996 - 92 4
8996 # 1504
8996 # 1504
8996 # 1504
8996 + 92
8996 + 92
8998 # 1504
8998 - 92 2
8998 - 92 2
8998 + 92
9000 # 1504
9000 - 92 2
9001 # 1504
9001 + 92
9004 + 92
9007 # 1504
9007 - 92 6
9007 - 92 3
9008 + 92
9009 # 1504
9009 - 92 1
9011 + 92
9013 # 1504
9013 - 92 2
9016 + 92
9017 # 1504
9017 - 92 1
9017 + 92
9020 + 92
9027 # 1504
9027 - 92 10
9027 - 92 7
9027 # 1504
9027 # 1504
9029 + 92
9029 + 92
9031 # 1504
9031 - 92 2
9031 - 92 2
9032 + 92
9033 + 92
9036 # 1504
9036 - 92 4
9036 - 92 3
9037 + 92
9039 # 1504
9039 - 92 2
9040 + 92
9042 # 1504
9042 - 92 2
9043 + 92
9046 # 1504
9046 - 92 3
9049 # 1504
9054 # 1504
9054 + 92
9054 + 92
9057 # 1504
9057 - 92 3
9057 - 92 3
9058 + 92
9059 # 1504
9059 - 92 1
9062 # 1504
9066 # 1504
9069 # 1504
9072 # 1504
9072 + 92
9074 # 1504
9074 - 92 2
9074 + 92
9075 # 1504
9075 - 92 1
9076 # 1504
9076 + 92
9078 # 1504
9078 - 92 2
9079 # 1504
9081 + 92
9082 # 1504
9082 - 92 1
9082 # 1504
9083 + 92
9085 # 1504
9085 - 92 2
9086 + 92
9088 # 1504
9088 - 92 2
9089 + 92
9090 # 1504
9090 - 92 1
9091 # 1504
9092 + 92
9094 # 1504
9094 - 92 2
9094 # 1504
9096 # 1504
9096 + 92
9097 # 1504
9097 - 92 1
9098 + 92
9099 # 1504
9099 - 92 1
9100 # 1504
9100 + 92
9102 # 1504
9102 - 92 2
9103 # 1504
9103 + 92
9106 + 92
9108 + 92
9110 + 92
9113 # 1504
9113 - 92 10
9113 - 92 7
9113 - 92 5
9113 - 92 3
9114 + 92
9116 # 1504
9116 - 92 2
9116 + 92
9117 # 1504
9117 - 92 1
9118 # 1504
9118 + 92
9119 # 1504
9119 - 92 1
9119 # 1504
9120 + 92
9122 # 1504
9122 - 92 2
9122 # 1504
9123 + 92
9125 + 92
9128 + 92
9129 + 92
9132 # 1504
9132 - 92 9
9132 - 92 7
9132 - 92 4
9132 - 92 3
9132 + 92
9133 # 1504
9133 - 92 1
9133 # 1504
9136 + 92
9137 + 92
9138 # 1504
9138 - 92 2
9138 - 92 1
9140 + 92
9142 + 92
9153 + 92
9153 + 92
9153 + 92
9153 + 92
9158 + 92
9160 + 92
9170 + 92
9170 + 92
9170 + 92
9174 + 92
9174 + 92
9177 # 1504
9177 - 92 37
9177 - 92 35
9177 - 92 24
9177 - 92 24
9177 - 92 24
9177 - 92 24
9177 - 92 19
9177 - 92 17
9177 - 92 7
9177 - 92 7
9177 - 92 7
9177 - 92 3
9177 - 92 3
9178 + 92
9180 + 92
9189 + 92
9190 + 92
9194 + 92
9194 + 92
9197 + 92
9199 # 1504
9199 - 92 21
9199 - 92 19
9199 - 92 10
9199 - 92 9
9199 - 92 5
9199 - 92 5
9199 - 92 2
9199 + 92
9209 # 1504
9209 - 92 10
9209 + 92
9212 + 92
9216 # 1504
9216 - 92 7
9216 - 92 4
9217 + 92
9220 + 92
9222 # 1504
9222 - 92 5
9222 - 92 2
9224 + 92
9228 + 92
9230 # 1504
9230 - 92 6
9230 - 92 2
9230 + 92
9232 # 1504
9232 - 92 2
9232 + 92
9235 # 1504
9235 - 92 3
9235 + 92
9238 + 92
9239 # 1504
9239 - 92 4
9239 - 92 1
9242 # 1504
9249 + 92
9249 + 92
9250 # 1504
9250 - 92 1
9250 - 92 1
9250 # 1504
9252 # 1504
9254 + 92
9254 + 92
9254 + 92
9261 # 1504
9261 - 92 7
9261 - 92 7
9261 - 92 7
9261 # 1504
9261 # 1504
9261 # 1504
9262 + 92
9262 + 92
9263 # 1504
9263 - 92 1
9263 - 92 1
9263 # 1504
9266 # 1504
9268 + 92
9268 + 92
9269 # 1504
9269 - 92 1
9269 - 92 1
9271 # 1504
9273 # 1504
9273 + 92
9273 + 92
9276 # 1504
9276 - 92 3
9276 - 92 3
9278 + 92
9279 # 1504
9279 - 92 1
9283 # 1504
9286 # 1504
9289 + 92
9289 + 92
9289 + 92
9292 # 1504
9292 - 92 3
9292 - 92 3
9292 - 92 3
9292 + 92
9294 + 92
9296 + 92
9300 + 92
9307 # 1504
9307 - 92 15
9307 - 92 13
9307 - 92 11
9307 - 92 7
9309 # 1504
9309 # 1504
9310 # 1504
9311 # 1504
9312 # 1504
9316 # 1504
9316 # 1504
9317 # 1504
9317 + 92
9318 # 1504
9318 - 92 1
9318 # 1504
9319 # 1504
9320 + 92
9321 + 92
9328 # 1504
9328 - 92 8
9328 - 92 7
9328 # 1504
9331 + 92
9333 # 1504
9333 - 92 2
9334 + 92
9335 # 1504
9335 - 92 1
9336 + 92
9338 # 1504
9338 - 92 2
9338 # 1504
9338 + 92
9346 # 1504
9346 - 92 8
9349 + 92
9349 + 92
9350 # 1504
9350 - 92 1
9350 - 92 1
9352 # 1504
9354 + 92
9360 + 92
9360 + 92
9363 # 1504
9363 - 92 9
9363 - 92 3
9363 - 92 3
9368 # 1504
9368 + 92
9373 + 92
9374 + 92
9377 # 1504
9377 - 92 9
9377 - 92 4
9377 - 92 3
9377 + 92
9383 # 1504
9383 - 92 6
9383 # 1504
9383 # 1504
9389 # 1504
9389 + 92
9389 + 92
9398 # 1504
9398 - 92 9
9398 - 92 9
9398 + 92
9408 # 1504
9408 - 92 10
9409 + 92
9409 + 92
9416 # 1504
9416 - 92 7
9416 - 92 7
9419 + 92
9423 # 1504
9423 - 92 4
9424 + 92
9427 + 92
9431 # 1504
9431 - 92 7
9431 - 92 4
9432 + 92
9437 # 1504
9437 - 92 5
9437 + 92
9443 # 1504
9443 - 92 6
9447 # 1504
9449 + 92
9449 + 92
9453 # 1504
9453 - 92 4
9453 - 92 4
9459 # 1504
9461 + 92
9461 + 92
9461 + 92
9464 # 1504
9464 - 92 3
9464 - 92 3
9464 - 92 3
9464 + 92
9466 + 92
9469 # 1504
9469 - 92 5
9469 - 92 3
9472 + 92
9474 + 92
9477 # 1504
9477 - 92 5
9477 - 92 3
9481 # 1504
9481 + 92
9485 # 1504
9485 - 92 4
9488 + 92
9490 + 92
9491 # 1504
9491 - 92 3
9491 - 92 1
9493 + 92
9498 # 1504
9498 - 92 5
9503 # 1504
9505 + 92
9509 + 92
9512 # 1504
9512 - 92 7
9512 - 92 3
9512 + 92
9512 + 92
9514 + 92
9517 # 1504
9517 - 92 5
9517 - 92 5
9517 - 92 3
9519 + 92
9520 + 92
9525 + 92
9526 + 92
9531 + 92
9536 + 92
9540 + 92
9541 # 1504
9541 - 92 22
9541 - 92 21
9541 - 92 16
9541 - 92 15
9541 - 92 10
9541 - 92 5
9541 - 92 1
9544 + 92
9547 + 92
9548 # 1504
9548 - 92 4
9548 - 92 1
9553 + 92
9556 + 92
9557 # 1504
9557 - 92 4
9557 - 92 1
9562 + 92
9565 + 92
9566 # 1504
9566 - 92 4
9566 - 92 1
9569 + 92
9571 # 1504
9571 - 92 2
9572 + 92
9573 # 1504
9573 - 92 1
9575 + 92
9578 # 1504
9578 - 92 3
9580 # 1504
9584 + 92
9584 + 92
9584 + 92
9585 + 92
9587 # 1504
9587 - 92 3
9587 - 92 3
9587 - 92 3
9587 - 92 2
9588 + 92
9589 + 92
9591 # 1504
9591 - 92 3
9591 - 92 2
9591 # 1504
9594 # 1504
9597 # 1504
9597 # 1504
9599 + 92
9599 + 92
9599 + 92
9600 # 1504
9600 - 92 1
9600 - 92 1
9600 - 92 1
9601 # 1504
9604 # 1504
9606 # 1504
9608 # 1504
9608 + 92
9608 + 92
9608 + 92
9609 # 1504
9609 - 92 1
9609 - 92 1
9609 - 92 1
9612 # 1504
9614 # 1504
9615 # 1504
9617 # 1504
9620 # 1504
9621 + 92
9622 # 1504
9622 - 92 1
9622 + 92
9622 + 92
9622 + 92
9623 # 1504
9623 - 92 1
9623 - 92 1
9623 - 92 1
9625 # 1504
9626 # 1504
9628 + 92
9628 + 92
9629 # 1504
9629 - 92 1
9629 - 92 1
9630 # 1504
9632 # 1504
9632 + 92
9633 + 92
9635 + 92
9636 # 1504
9636 - 92 4
9636 - 92 3
9636 - 92 1
9638 # 1504
9638 + 92
9639 # 1504
9639 - 92 1
9641 # 1504
9644 # 1504
9644 + 92
9645 # 1504
9645 - 92 1
9647 # 1504
9648 # 1504
9650 + 92
9650 + 92
9651 # 1504
9651 - 92 1
9651 - 92 1
9653 # 1504
9653 # 1504
9653 + 92
9655 # 1504
9655 - 92 2
9655 + 92
9656 + 92
9657 # 1504
9657 - 92 2
9657 - 92 1
9658 + 92
9660 # 1504
9660 - 92 2
9661 # 1504
9662 # 1504
9664 # 1504
9667 # 1504
9668 + 92
9668 + 92
9669 # 1504
9669 - 92 1
9669 - 92 1
9669 # 1504
9669 + 92
9670 + 92
9671 # 1504
9671 - 92 2
9671 - 92 1
9672 # 1504
9672 + 92
9675 + 92
9677 # 1504
9677 - 92 5
9677 - 92 2
9677 # 1504
9679 # 1504
9679 + 92
9680 # 1504
9680 - 92 1
9683 # 1504
9683 # 1504
9685 # 1504
9686 # 1504
9689 # 1504
9689 + 92
9689 + 92
9689 + 92
9691 + 92
9692 + 92
9696 + 92
9706 + 92
9709 + 92
9709 + 92
9719 + 92
9719 + 92
9719 + 92
9719 + 92
9719 + 92
9728 # 1504
9728 - 92 39
9728 - 92 39
9728 - 92 39
9728 - 92 37
9728 - 92 36
9728 - 92 32
9728 - 92 22
9728 - 92 19
9728 - 92 19
9728 - 92 9
9728 - 92 9
9728 - 92 9
9728 - 92 9
9728 - 92 9
9728 # 1504
9728 # 1504
9728 # 1504
9728 # 1504
9728 # 1504
9728 # 1504
9728 # 1504
9728 # 1504
9728 # 1504
9729 # 1504
9729 # 1504
9729 # 1504
9729 # 1504
9729 # 1504
9729 # 1504
9729 # 1504
9729 # 1504
9729 # 1504
9729 # 1504
9729 + 92
9729 + 92
9729 + 92
9730 # 1504
9730 - 92 1
9730 - 92 1
9730 - 92 1
9730 + 92
9731 # 1504
9731 - 92 1
9733 # 1504
9734 # 1504
9737 # 1504
9738 # 1504
9739 + 92
9739 + 92
9739 + 92
9740 # 1504
9740 - 92 1
9740 - 92 1
9740 - 92 1
9741 # 1504
9745 # 1504
9748 # 1504
9748 + 92
9748 + 92
9749 # 1504
9749 - 92 1
9749 - 92 1
9749 + 92
9750 + 92
9752 # 1504
9752 - 92 3
9752 - 92 2
9755 + 92
9759 + 92
9761 # 1504
9761 - 92 6
9761 - 92 2
9762 # 1504
9762 # 1504
9762 # 1504
9762 # 1504
9764 # 1504
9765 # 1504
9768 # 1504
9768 # 1504
9768 + 92
9771 # 1504
9771 - 92 3
9771 # 1504
9771 + 92
9771 + 92
9774 # 1504
9774 - 92 3
9774 - 92 3
9776 # 1504
9776 + 92
9777 # 1504
9777 - 92 1
9778 # 1504
9780 # 1504
9780 + 92
9781 # 1504
9781 - 92 1
9785 # 1504
9790 + 92
9795 + 92
9795 + 92
9796 # 1504
9796 - 92 6
9796 - 92 1
9796 - 92 1
9796 # 1504
9796 # 1504
9797 # 1504
9801 # 1504
9801 # 1504
9802 # 1504
9803 # 1504
9803 + 92
9804 # 1504
9804 - 92 1
9805 # 1504
9807 # 1504
9807 # 1504
9810 # 1504
9812 # 1504
9817 # 1504
9818 # 1504
9818 + 92
9821 # 1504
9821 - 92 3
9823 + 92
9824 # 1504
9824 - 92 1
9826 # 1504
9829 # 1504
9829 + 92
9833 # 1504
9833 - 92 4
9834 + 92
9836 # 1504
9836 - 92 2
9839 + 92
9840 # 1504
9840 - 92 1
9842 # 1504
9843 + 92
9846 # 1504
9846 - 92 3
9851 + 92
9856 + 92
9857 # 1504
9857 - 92 6
9857 - 92 1
9857 # 1504
9857 # 1504
9857 # 1504
9857 # 1504
9857 # 1504
9858 # 1504
9860 # 1504
9861 + 92
9862 # 1504
9862 - 92 1
9863 # 1504
9864 # 1504
9865 + 92
9866 # 1504
9866 - 92 1
9867 # 1504
9870 # 1504
9870 + 92
9873 # 1504
9873 - 92 3
9874 + 92
9876 # 1504
9876 - 92 2
9879 + 92
9880 # 1504
9880 - 92 1
9881 # 1504
9883 + 92
9886 # 1504
9886 - 92 3
9892 + 92
9894 + 92
9897 # 1504
9897 - 92 5
9897 - 92 3
9897 # 1504
9899 + 92
9901 # 1504
9901 - 92 2
9901 # 1504
9902 # 1504
9904 # 1504
9904 + 92
9906 # 1504
9906 - 92 2
9907 # 1504
9909 + 92
9911 # 1504
9911 - 92 2
9913 # 1504
9914 + 92
9916 # 1504
9916 - 92 2
9918 # 1504
9918 # 1504
9923 + 92
9926 # 1504
9926 - 92 3
9927 # 1504
9927 + 92
9928 # 1504
9928 - 92 1
9928 # 1504
9928 # 1504
9930 # 1504
9930 # 1504
9932 + 92
9934 # 1504
9934 - 92 2
9937 + 92
9938 # 1504
9938 - 92 1
9942 # 1504
9946 # 1504
9949 + 92
9949 + 92
9950 # 1504
9950 - 92 1
9950 - 92 1
9953 # 1504
9955 + 92
9956 # 1504
9956 - 92 1
9958 # 1504
9958 + 92
9960 # 1504
9960 - 92 2
9965 # 1504
9965 + 92
9968 # 1504
9968 - 92 3
9969 + 92
9972 # 1504
9972 - 92 3
9972 # 1504
9974 # 1504
9975 + 92
9976 # 1504
9976 - 92 1
9979 # 1504
9980 # 1504
9980 + 92
9982 # 1504
9982 - 92 2
9982 + 92
9985 # 1504
9985 - 92 3
9990 + 92
9994 + 92
10000 + 92
10002 # 1504
10002 - 92 12
10002 - 92 8
10002 - 92 2
10004 + 92
10006 # 1504
10006 - 92 2
10006 # 1504
10006 # 1504
10007 # 1504
10007 # 1504
10007 # 1504
10007 # 1504
10007 # 1504
10007 # 1504
10009 # 1504
10011 # 1504
10013 + 92
10014 # 1504
10014 - 92 1
10016 # 1504
10018 # 1504
10020 # 1504
10022 # 1504
10027 # 1504
10027 # 1504
10029 # 1504
10029 + 92
10029 + 92
10031 # 1504
10031 - 92 2
10031 - 92 2
10032 # 1504
10032 + 92
10035 # 1504
10035 - 92 3
10036 # 1504
10039 + 92
10046 # 1504
10046 - 92 7
10049 # 1504
10049 # 1504
10049 + 92
10050 # 1504
10050 - 92 1
10050 # 1504
10051 # 1504
10052 # 1504
10055 # 1504
10056 + 92
10057 # 1504
10057 - 92 1
10059 # 1504
10059 # 1504
10061 # 1504
10063 # 1504
10065 # 1504
10065 + 92
10066 # 1504
10066 - 92 1
10068 # 1504
10069 # 1504
10071 # 1504
10072 + 92
10073 # 1504
10073 - 92 1
10074 # 1504
10075 # 1504
10077 # 1504
10078 # 1504
10078 + 92
10080 # 1504
10080 - 92 2
10081 # 1504
10084 # 1504
10084 + 92
10092 + 92
10096 # 1504
10096 - 92 12
10096 - 92 4
10097 + 92
10098 # 1504
10098 - 92 1
10098 # 1504
10098 # 1504
10098 # 1504
10098 # 1504
10107 + 92
10113 + 92
10116 # 1504
10116 - 92 9
10116 - 92 3
10117 # 1504
10117 # 1504
10117 # 1504
10117 # 1504
10117 # 1504
10117 # 1504
10117 # 1504
10118 # 1504
10118 # 1504
10118 # 1504
10118 + 92
10121 # 1504
10121 - 92 3
10124 # 1504
10124 + 92
10126 # 1504
10126 - 92 2
10130 # 1504
10132 + 92
10133 # 1504
10133 - 92 1
10134 + 92
10136 # 1504
10136 - 92 2
10139 + 92
10144 + 92
10145 + 92
10150 + 92
10151 # 1504
10151 - 92 12
10151 - 92 7
10151 - 92 6
10151 - 92 1
10153 # 1504
10153 # 1504
10153 # 1504
10153 + 92
10155 # 1504
10155 - 92 2
10158 # 1504
10158 + 92
10160 + 92
10162 # 1504
10162 - 92 4
10162 - 92 2
10163 + 92
10165 # 1504
10165 - 92 2
10167 + 92
10169 # 1504
10169 - 92 2
10169 + 92
10174 + 92
10177 + 92
10179 + 92
10182 + 92
10188 + 92
10190 + 92
10192 + 92
10196 # 1504
10196 - 92 27
10196 - 92 22
10196 - 92 19
10196 - 92 17
10196 - 92 14
10196 - 92 8
10196 - 92 6
10196 - 92 4
10196 + 92
10199 + 92
10200 # 1504
10200 - 92 4
10200 - 92 1
10200 + 92
10205 + 92
10207 # 1504
10207 - 92 7
10207 - 92 2
10209 + 92
10210 # 1504
10210 - 92 1
10213 + 92
10214 + 92
10215 # 1504
10215 - 92 2
10215 - 92 1
10217 # 1504
10218 + 92
10221 # 1504
10221 - 92 3
10223 + 92
10225 # 1504
10225 - 92 2
10226 + 92
10228 # 1504
10228 - 92 2
10229 + 92
10230 + 92
10232 # 1504
10232 - 92 3
10232 - 92 2
10235 # 1504
10235 + 92
10237 + 92
10239 + 92
10246 # 1504
10246 - 92 11
10246 - 92 9
10246 - 92 7
10249 + 92
10250 # 1504
10250 - 92 1
10255 # 1504
10256 # 1504
10256 + 92
10256 + 92
10260 # 1504
10260 - 92 4
10260 - 92 4
10260 + 92
10262 # 1504
10262 - 92 2
10263 # 1504
10268 # 1504
10269 + 92
10270 + 92
10274 + 92
10277 + 92
10278 # 1504
10278 - 92 9
10278 - 92 8
10278 - 92 4
10278 - 92 1
10288 + 92
10289 # 1504
10289 - 92 1
10289 # 1504
10293 + 92
10293 + 92
10295 # 1504
10295 - 92 2
10295 - 92 2
10296 # 1504
10305 + 92
10305 + 92
10307 # 1504
10307 - 92 2
10307 - 92 2
10312 + 92
10318 # 1504
10318 - 92 6
10318 + 92
10324 + 92
10324 + 92
10327 # 1504
10327 - 92 9
10327 - 92 3
10327 - 92 3
10328 + 92
10331 # 1504
10331 - 92 3
10332 + 92
10334 + 92
10336 # 1504
10336 - 92 4
10336 - 92 2
10336 + 92
10340 + 92
10341 # 1504
10341 - 92 5
10341 - 92 1
10343 + 92
10345 + 92
10347 # 1504
10347 - 92 4
10347 - 92 2
10348 + 92
10351 + 92
10355 + 92
10355 + 92
10358 + 92
10360 + 92
10364 + 92
10372 # 1504
10372 - 92 24
10372 - 92 21
10372 - 92 17
10372 - 92 17
10372 - 92 14
10372 - 92 12
10372 - 92 8
10372 + 92
10373 + 92
10373 + 92
10376 + 92
10378 + 92
10380 + 92
10384 + 92
10387 # 1504
10387 - 92 15
10387 - 92 14
10387 - 92 14
10387 - 92 11
10387 - 92 9
10387 - 92 7
10387 - 92 3
10387 + 92
10389 + 92
10392 + 92
10396 + 92
10398 # 1504
10398 - 92 11
10398 - 92 9
10398 - 92 6
10398 - 92 2
10398 + 92
10404 # 1504
10404 - 92 6
10407 + 92
10409 # 1504
10409 - 92 2
10413 + 92
10415 + 92
10416 # 1504
10416 - 92 3
10416 - 92 1
10417 + 92
10424 # 1504
10424 - 92 7
10426 + 92
10426 + 92
10426 + 92
10429 # 1504
10429 - 92 3
10429 - 92 3
10429 - 92 3
10429 + 92
10431 + 92
10433 + 92
10436 + 92
10438 # 1504
10438 - 92 9
10438 - 92 7
10438 - 92 5
10438 - 92 2
10439 + 92
10440 # 1504
10440 - 92 1
10441 + 92
10444 # 1504
10444 - 92 3
10448 # 1504
10452 # 1504
10452 + 92
10452 + 92
10457 # 1504
10457 - 92 5
10457 - 92 5
10460 + 92
10460 + 92
10460 + 92
10460 + 92
10461 # 1504
10461 - 92 1
10461 - 92 1
10461 - 92 1
10461 - 92 1
10466 # 1504
10468 + 92
10468 + 92
10471 # 1504
10471 - 92 3
10471 - 92 3
10472 + 92
10475 # 1504
10475 - 92 3
10478 # 1504
10481 # 1504
10483 + 92
10483 + 92
10483 + 92
10483 + 92
10484 # 1504
10484 - 92 1
10484 - 92 1
10484 - 92 1
10484 - 92 1
10489 # 1504
10491 + 92
10492 # 1504
10492 - 92 1
10494 + 92
10496 # 1504
10496 - 92 2
10496 + 92
10496 + 92
10497 + 92
10500 # 1504
10500 - 92 4
10500 - 92 4
10500 - 92 3
10507 # 1504
10508 # 1504
10508 + 92
10508 + 92
10512 + 92
10512 + 92
10512 + 92
10513 # 1504
10513 - 92 5
10513 - 92 5
10513 - 92 1
10513 - 92 1
10513 - 92 1
10514 + 92
10516 # 1504
10516 - 92 2
10518 + 92
10519 + 92
10521 # 1504
10521 - 92 3
10521 - 92 2
10523 # 1504
10527 # 1504
10527 + 92
10531 + 92
10535 + 92
10535 + 92
10538 # 1504
10538 - 92 11
10538 - 92 7
10538 - 92 3
10538 - 92 3
10542 # 1504
10543 + 92
10544 # 1504
10544 - 92 1
10548 # 1504
10552 + 92
10554 + 92
10555 # 1504
10555 - 92 3
10555 - 92 1
10555 # 1504
10561 # 1504
10561 # 1504
10561 # 1504
10571 # 1504
10571 # 1504
10571 # 1504
10571 # 1504
10571 + 92
10574 + 92
10576 # 1504
10576 - 92 5
10576 - 92 2
10576 # 1504
10576 + 92
10579 + 92
10581 # 1504
10581 - 92 5
10581 - 92 2
10582 + 92
10586 # 1504
10586 - 92 4
10589 # 1504
10592 # 1504
10592 + 92
10593 + 92
10594 + 92
10598 # 1504
10598 - 92 6
10598 - 92 5
10598 - 92 4
10598 + 92
10600 # 1504
10600 - 92 2
10604 + 92
10606 # 1504
10606 - 92 2
10608 # 1504
10610 # 1504
10613 # 1504
10613 + 92
10624 # 1504
10624 - 92 11
10624 # 1504
10625 # 1504
10625 # 1504
10628 + 92
10629 # 1504
10629 - 92 1
10630 + 92
10631 # 1504
10631 - 92 1
10631 + 92
10632 # 1504
10632 - 92 1
10633 + 92
10637 # 1504
10637 - 92 4
10638 # 1504
10640 # 1504
10643 # 1504
10643 + 92
10643 + 92
10644 # 1504
10644 - 92 1
10644 - 92 1
10645 + 92
10646 # 1504
10646 - 92 1
10648 # 1504
10650 # 1504
10651 + 92
10652 # 1504
10652 - 92 1
10654 # 1504
10656 # 1504
10658 # 1504
10659 + 92
10660 # 1504
10660 - 92 1
10662 # 1504
10670 + 92
10676 + 92
10681 + 92
10682 # 1504
10682 - 92 12
10682 - 92 6
10682 - 92 1
10684 # 1504
10684 + 92
10685 # 1504
10685 - 92 1
10688 # 1504
10692 + 92
10694 + 92
10695 # 1504
10695 - 92 3
10695 - 92 1
10696 # 1504
10698 + 92
10699 # 1504
10699 - 92 1
10701 # 1504
10701 + 92
10702 + 92
10706 # 1504
10706 - 92 5
10706 - 92 4
10707 + 92
10709 # 1504
10709 - 92 2
10710 + 92
10712 + 92
10714 # 1504
10714 - 92 4
10714 - 92 2
10715 + 92
10717 # 1504
10717 - 92 2
10717 + 92
10720 + 92
10722 # 1504
10722 - 92 5
10722 - 92 2
10724 # 1504
10726 # 1504
10727 + 92
10730 # 1504
10730 - 92 3
10730 + 92
10733 # 1504
10733 - 92 3
10735 + 92
10737 # 1504
10737 - 92 2
10739 + 92
10741 # 1504
10741 - 92 2
10744 + 92
10745 # 1504
10745 - 92 1
10748 # 1504
10750 + 92
10751 # 1504
10751 - 92 1
10754 # 1504
10754 + 92
10758 + 92
10759 # 1504
10759 - 92 5
10759 - 92 1
10762 + 92
10763 # 1504
10763 - 92 1
10766 # 1504
10772 # 1504
10774 + 92
10774 + 92
10774 + 92
10776 # 1504
10776 - 92 2
10776 - 92 2
10776 - 92 2
10778 # 1504
10779 + 92
10782 # 1504
10782 - 92 3
10782 + 92
10787 # 1504
10787 - 92 5
10788 + 92
10790 # 1504
10790 - 92 2
10793 # 1504
10796 # 1504
10800 + 92
10800 + 92
10805 + 92
10808 + 92
10809 # 1504
10809 - 92 9
10809 - 92 9
10809 - 92 4
10809 - 92 1
10809 # 1504
10812 + 92
10816 # 1504
10816 - 92 4
10817 + 92
10822 + 92
10830 + 92
10838 + 92
10839 # 1504
10839 - 92 22
10839 - 92 17
10839 - 92 9
10839 - 92 1
10839 # 1504
10839 # 1504
10839 # 1504
10846 # 1504
10846 # 1504
10846 + 92
10851 # 1504
10851 - 92 5
10852 # 1504
10852 + 92
10856 + 92
10858 # 1504
10858 - 92 6
10858 - 92 2
10861 + 92
10862 # 1504
10862 - 92 1
10864 # 1504
10871 # 1504
10876 # 1504
10879 + 92
10879 + 92
10879 + 92
10880 # 1504
10880 - 92 1
10880 - 92 1
10880 - 92 1
10881 + 92
10884 + 92
10888 + 92
10891 + 92
10893 # 1504
10893 - 92 12
10893 - 92 9
10893 - 92 5
10893 - 92 2
10894 # 1504
10896 # 1504
10904 + 92
10904 + 92
10904 + 92
10905 # 1504
10905 - 92 1
10905 - 92 1
10905 - 92 1
10906 + 92
10910 # 1504
10910 - 92 4
10911 + 92
10917 + 92
10921 + 92
10924 # 1504
10924 - 92 13
10924 - 92 7
10924 - 92 3
10926 + 92
10927 # 1504
10927 - 92 1
10932 + 92
10933 # 1504
10933 - 92 1
10937 # 1504
10939 + 92
10942 # 1504
10942 - 92 3
10945 + 92
10950 + 92
10955 + 92
10959 + 92
10964 # 1504
10964 - 92 19
10964 - 92 14
10964 - 92 9
10964 - 92 5
10964 # 1504
10967 # 1504
10968 + 92
10968 + 92
10969 + 92
10975 + 92
10980 + 92
10985 + 92
10990 + 92
10994 + 92
10996 # 1504
10996 - 92 28
10996 - 92 28
10996 - 92 27
10996 - 92 21
10996 - 92 16
10996 - 92 11
10996 - 92 6
10996 - 92 2
10997 # 1504
10997 + 92
10998 # 1504
10998 - 92 1
11006 # 1504
11009 + 92
11010 # 1504
11010 - 92 1
11012 + 92
11014 # 1504
11014 - 92 2
11017 # 1504
11021 # 1504
11026 # 1504
11028 # 1504
11030 + 92
11030 + 92
11031 # 1504
11031 - 92 1
11031 - 92 1
11034 + 92
11036 # 1504
11036 - 92 2
11038 # 1504
11042 # 1504
11047 # 1504
11050 # 1504
11051 # 1504
11055 # 1504
11058 # 1504
11058 + 92
11059 # 1504
11059 - 92 1
11073 + 92
11078 # 1504
11078 - 92 5
11078 # 1504
11079 # 1504
11091 + 92
11094 + 92
11097 # 1504
11097 - 92 6
11097 - 92 3
11097 # 1504
11102 + 92
11103 # 1504
11103 - 92 1
11107 # 1504
11109 # 1504
11117 + 92
11129 # 1504
11129 - 92 12
11129 # 1504
11129 # 1504
11130 # 1504
11130 + 92
11132 # 1504
11132 - 92 2
11145 # 1504
11145 # 1504
11145 + 92
11146 # 1504
11146 - 92 1
11149 # 1504
11162 + 92
11170 # 1504
11170 - 92 8
11175 # 1504
11176 + 92
11179 # 1504
11179 - 92 3
11184 # 1504
11188 # 1504
11192 + 92
11209 + 92
11221 + 92
11234 + 92
11248 + 92
11252 + 92
11259 + 92
11265 + 92
11271 + 92
11278 + 92
11285 + 92
11292 + 92
11299 + 92
11304 # 1504
11304 - 92 112
11304 - 92 95
11304 - 92 83
11304 - 92 70
11304 - 92 56
11304 - 92 52
11304 - 92 45
11304 - 92 39
11304 - 92 33
11304 - 92 26
11304 - 92 19
11304 - 92 12
11304 - 92 5
11317 + 92
11324 + 92
11330 + 92
11336 + 92
11344 + 92
11350 + 92
11362 + 92
11364 + 92
11371 + 92
11375 + 92
11384 # 1504
11384 - 92 67
11384 - 92 60
11384 - 92 54
11384 - 92 48
11384 - 92 40
11384 - 92 34
11384 - 92 22
11384 - 92 20
11384 - 92 13
11384 - 92 9
11384 # 1504
11384 + 92
11392 + 92
11396 + 92
11399 + 92
11405 + 92
11410 + 92
11415 + 92
11419 + 92
11424 + 92
11435 + 92
11435 + 92
11440 + 92
11444 + 92
11449 + 92
11456 + 92
11463 + 92
11469 + 92
11479 + 92
11484 + 92
11490 # 1504
11490 - 92 106
11490 - 92 98
11490 - 92 94
11490 - 92 91
11490 - 92 85
11490 - 92 80
11490 - 92 75
11490 - 92 71
11490 - 92 66
11490 - 92 55
11490 - 92 55
11490 - 92 50
11490 - 92 46
11490 - 92 41
11490 - 92 34
11490 - 92 27
11490 + 92
11494 + 92
11503 + 92
11505 # 1504
11505 - 92 36
11505 - 92 26
11505 - 92 21
11505 - 92 15
11505 - 92 11
11505 - 92 2
11505 + 92
11510 + 92
11514 # 1504
11514 - 92 9
11514 - 92 4
11514 + 92
11519 + 92
11520 # 1504
11520 - 92 6
11520 - 92 1
11522 # 1504
11524 + 92
11527 # 1504
11527 - 92 3
11531 # 1504
11531 # 1504
11531 # 1504
11531 # 1504
11531 # 1504
11531 # 1504
11531 # 1504
11532 # 1504
11532 # 1504
11532 # 1504
11533 + 92
11553 # 1504
11553 - 92 20
11557 + 92
11557 + 92
11560 # 1504
11560 - 92 3
11560 - 92 3
11570 # 1504
11570 + 92
11585 # 1504
11585 - 92 15
11586 + 92
11589 # 1504
11589 - 92 3
11593 # 1504
11596 + 92
11597 # 1504
11597 - 92 1
11600 + 92
11610 + 92
11611 # 1504
11611 - 92 11
11611 - 92 1
11615 + 92
11618 + 92
11620 # 1504
11620 - 92 5
11620 - 92 2
11623 # 1504
11623 + 92
11628 + 92
11633 + 92
11636 # 1504
11636 - 92 13
11636 - 92 8
11636 - 92 3
11639 # 1504
11644 + 92
11644 + 92
11645 # 1504
11645 - 92 1
11645 - 92 1
11648 # 1504
11648 + 92
11651 + 92
11658 # 1504
11658 - 92 10
11658 - 92 7
11660 # 1504
11662 + 92
11662 + 92
11662 + 92
11665 # 1504
11665 - 92 3
11665 - 92 3
11665 - 92 3
11670 # 1504
11674 # 1504
11676 + 92
11676 + 92
11676 + 92
11679 + 92
11682 # 1504
11682 - 92 6
11682 - 92 6
11682 - 92 6
11682 - 92 3
11684 + 92
11686 # 1504
11686 - 92 2
11692 # 1504
11692 + 92
11696 # 1504
11696 - 92 4
11703 + 92
11707 + 92
11708 # 1504
11708 - 92 5
11708 - 92 1
11708 # 1504
11708 + 92
11712 + 92
11713 # 1504
11713 - 92 5
11713 - 92 1
11718 # 1504
11718 + 92
11722 + 92
11722 + 92
11723 # 1504
11723 - 92 5
11723 - 92 1
11723 - 92 1
11726 # 1504
11729 # 1504
11734 + 92
11741 + 92
11741 + 92
11743 # 1504
11743 - 92 9
11743 - 92 2
11743 - 92 2
11743 # 1504
11744 + 92
11745 + 92
11751 # 1504
11751 - 92 7
11751 - 92 6
11751 + 92
11754 + 92
11757 # 1504
11757 - 92 6
11757 - 92 3
11764 + 92
11764 + 92
11764 + 92
11767 + 92
11772 # 1504
11772 - 92 8
11772 - 92 8
11772 - 92 8
11772 - 92 5
11778 + 92
11780 + 92
11782 + 92
11793 + 92
11793 + 92
11794 # 1504
11794 - 92 16
11794 - 92 14
11794 - 92 12
11794 - 92 1
11794 - 92 1
11795 # 1504
11795 + 92
11799 + 92
11801 + 92
11804 + 92
11825 + 92
11825 + 92
11825 + 92
11825 + 92
11834 + 92
11835 + 92
11835 + 92
11837 + 92
11841 + 92
11844 + 92
11845 + 92
11855 + 92
11861 + 92
11861 + 92
11861 + 92
11863 # 1504
11863 - 92 68
11863 - 92 64
11863 - 92 62
11863 - 92 59
11863 - 92 38
11863 - 92 38
11863 - 92 38
11863 - 92 38
11863 - 92 29
11863 - 92 28
11863 - 92 28
11863 - 92 26
11863 - 92 22
11863 - 92 19
11863 - 92 18
11863 - 92 8
11865 # 1504
11865 - 92 4
11865 - 92 4
11865 - 92 4
11866 # 1504
11866 # 1504
11866 # 1504
11866 # 1504
11870 # 1504
11871 + 92
11872 + 92
11873 + 92
11879 + 92
11880 # 1504
11880 - 92 9
11880 - 92 8
11880 - 92 7
11880 - 92 1
11885 + 92
11886 + 92
11896 # 1504
11896 - 92 11
11896 - 92 10
11897 + 92
11901 + 92
11901 + 92
11905 + 92
11909 # 1504
11909 - 92 12
11909 - 92 8
11909 - 92 8
11909 - 92 4
11915 + 92
11915 + 92
11917 + 92
11921 + 92
11926 + 92
11930 + 92
11935 + 92
11937 + 92
11940 + 92
11944 + 92
11945 # 1504
11945 - 92 30
11945 - 92 30
11945 - 92 28
11945 - 92 24
11945 - 92 19
11945 - 92 15
11945 - 92 10
11945 - 92 8
11945 - 92 5
11945 - 92 1
11945 + 92
11950 + 92
11962 + 92
11962 + 92
11962 + 92
11966 + 92
11976 + 92
11976 + 92
11976 + 92
11981 + 92
11983 + 92
11984 # 1504
11984 - 92 39
11984 - 92 34
11984 - 92 22
11984 - 92 22
11984 - 92 22
11984 - 92 18
11984 - 92 8
11984 - 92 8
11984 - 92 8
11984 - 92 3
11984 - 92 1
11992 + 92
11994 + 92
11996 + 92
12007 + 92
12008 + 92
12012 + 92
12015 # 1504
12015 - 92 23
12015 - 92 21
12015 - 92 19
12015 - 92 8
12015 - 92 7
12015 - 92 3
12016 + 92
12020 + 92
12025 + 92
12029 + 92
12037 # 1504
12037 - 92 21
12037 - 92 17
12037 - 92 12
12037 - 92 8
12038 + 92
12038 + 92
12041 + 92
12060 # 1504
12060 - 92 22
12060 - 92 22
12060 - 92 19
12060 + 92
12060 + 92
12065 + 92
12070 + 92
12072 + 92
12077 + 92
12080 + 92
12085 + 92
12087 + 92
12089 # 1504
12089 - 92 29
12089 - 92 29
12089 - 92 24
12089 - 92 19
12089 - 92 17
12089 - 92 12
12089 - 92 9
12089 - 92 4
12089 - 92 2
12098 + 92
12098 + 92
12100 + 92
12101 # 1504
12101 - 92 3
12101 - 92 3
12101 - 92 1
12102 + 92
12108 + 92
12109 + 92
12112 + 92
12116 + 92
12120 + 92
12122 # 1504
12122 - 92 20
12122 - 92 14
12122 - 92 13
12122 - 92 10
12122 - 92 6
12122 - 92 2
12129 + 92
12136 + 92
12136 + 92
12141 # 1504
12141 - 92 12
12141 - 92 5
12141 - 92 5
12152 + 92
12152 + 92
12153 + 92
12164 + 92
12164 + 92
12164 + 92
12166 # 1504
12166 - 92 14
12166 - 92 14
12166 - 92 13
12166 - 92 2
12166 - 92 2
12166 - 92 2
12166 + 92
12168 # 1504
12168 - 92 2
12169 + 92
12176 # 1504
12176 - 92 7
12179 + 92
12179 + 92
12179 + 92
12189 + 92
12191 # 1504
12191 - 92 12
12191 - 92 12
12191 - 92 12
12191 - 92 2
12200 + 92
12201 + 92
12201 + 92
12201 + 92
12201 + 92
12202 + 92
12205 # 1504
12205 - 92 5
12205 - 92 4
12205 - 92 4
12205 - 92 4
12205 - 92 4
12205 - 92 3
12205 + 92
12207 + 92
12209 + 92
12209 + 92
12213 + 92
12214 + 92
12216 # 1504
12216 - 92 11
12216 - 92 9
12216 - 92 7
12216 - 92 7
12216 - 92 3
12216 - 92 2
12217 + 92
12217 + 92
12221 + 92
12223 + 92
12235 + 92
12236 + 92
12236 + 92
12236 + 92
12236 + 92
12236 + 92
12238 # 1504
12238 - 92 21
12238 - 92 21
12238 - 92 17
12238 - 92 15
12238 - 92 3
12238 - 92 2
12238 - 92 2
12238 - 92 2
12238 - 92 2
12238 - 92 2
12242 # 1504
12247 # 1504
12249 + 92
12249 + 92
12251 + 92
12258 + 92
12260 # 1504
12260 - 92 11
12260 - 92 11
12260 - 92 9
12260 - 92 2
12262 + 92
12266 + 92
12268 + 92
12271 + 92
12281 + 92
12281 + 92
12283 + 92
12285 + 92
12291 # 1504
12291 - 92 29
12291 - 92 25
12291 - 92 23
12291 - 92 20
12291 - 92 10
12291 - 92 10
12291 - 92 8
12291 - 92 6
12291 # 1504
12292 # 1504
12294 + 92
12296 + 92
12296 + 92
12299 + 92
12300 # 1504
12300 - 92 6
12300 - 92 4
12300 - 92 4
12300 - 92 1
12305 # 1504
12310 + 92
12310 + 92
12312 + 92
12312 + 92
12314 + 92
12321 # 1504
12321 - 92 11
12321 - 92 11
12321 - 92 9
12321 - 92 9
12321 - 92 7
12325 + 92
12326 + 92
12329 + 92
12329 + 92
12335 + 92
12335 + 92
12336 + 92
12341 # 1504
12341 - 92 16
12341 - 92 15
12341 - 92 12
12341 - 92 12
12341 - 92 6
12341 - 92 6
12341 - 92 5
12341 + 92
12343 + 92
12351 # 1504
12351 - 92 10
12351 - 92 8
12352 + 92
12352 + 92
12352 + 92
12352 + 92
12354 + 92
12357 + 92
12360 + 92
12362 + 92
12364 + 92
12366 + 92
12368 + 92
12371 + 92
12373 + 92
12378 + 92
12378 + 92
12378 + 92
12378 + 92
12381 + 92
12383 + 92
12392 + 92
12392 + 92
12397 + 92
12397 + 92
12403 + 92
12403 + 92
12403 + 92
12405 + 92
12419 + 92
12424 + 92
12431 + 92
12436 + 92
12439 + 92
12444 + 92
12447 + 92
12449 # 1504
12449 - 92 97
12449 - 92 97
12449 - 92 97
12449 - 92 97
12449 - 92 95
12449 - 92 92
12449 - 92 89
12449 - 92 87
12449 - 92 85
12449 - 92 83
12449 - 92 81
12449 - 92 78
12449 - 92 76
12449 - 92 71
12449 - 92 71
12449 - 92 71
12449 # 1504
12449 - 92 71
12449 - 92 68
12449 - 92 66
12449 - 92 57
12449 - 92 57
12449 - 92 52
12449 - 92 52
12449 - 92 46
12449 - 92 46
12449 - 92 46
12449 - 92 44
12449 - 92 30
12449 - 92 25
12449 - 92 18
12449 - 92 13
12449 - 92 10
12452 + 92
12453 # 1504
12453 - 92 9
12453 - 92 6
12453 - 92 1
12453 # 1504
12457 # 1504
12462 + 92
12462 + 92
12462 + 92
12468 # 1504
12468 - 92 6
12468 - 92 6
12468 - 92 6
12468 # 1504
12468 + 92
12469 + 92
12474 # 1504
12474 - 92 6
12474 - 92 5
12474 # 1504
12474 + 92
12476 + 92
12477 # 1504
12477 - 92 3
12477 - 92 1
12477 + 92
12480 + 92
12489 # 1504
12489 - 92 12
12489 - 92 9
12489 # 1504
12491 # 1504
12492 + 92
12492 + 92
12492 + 92
12493 # 1504
12493 - 92 1
12493 - 92 1
12493 - 92 1
12497 # 1504
12498 + 92
12498 + 92
12498 + 92
12501 + 92
12507 # 1504
12507 - 92 9
12507 - 92 9
12507 - 92 9
12507 - 92 6
12507 # 1504
12518 # 1504
12522 # 1504
12529 # 1504
12531 # 1504
12538 # 1504
12544 + 92
12545 # 1504
12545 - 92 1
12549 # 1504
12554 # 1504
12557 # 1504
12567 # 1504
12569 # 1504
12573 # 1504
12586 # 1504
12586 # 1504
12592 # 1504
12594 # 1504
12600 # 1504
12604 # 1504
12609 # 1504
12613 # 1504
12616 # 1504
12621 # 1504
12626 # 1504
12631 # 1504
12634 # 1504
12638 + 92
12639 # 1504
12639 - 92 1
12643 # 1504
12656 # 1504
12659 # 1504
12660 + 92
12666 # 1504
12666 - 92 6
12670 # 1504
12675 # 1504
12679 # 1504
12683 # 1504
12686 + 92
12688 # 1504
12688 - 92 2
12695 + 92
12698 # 1504
12698 - 92 3
12703 # 1504
12707 + 92
12710 # 1504
12710 - 92 3
12717 # 1504
12724 # 1504
12732 # 1504
12740 # 1504
12744 + 92
12746 # 1504
12746 - 92 2
12752 # 1504
12755 + 92
12757 # 1504
12757 - 92 2
12763 # 1504
12766 + 92
12768 # 1504
12768 - 92 2
12771 # 1504
12771 + 92
12775 # 1504
12775 - 92 4
12778 # 1504
12782 # 1504
12785 # 1504
12787 + 92
12787 + 92
12788 # 1504
12788 - 92 1
12788 - 92 1
12789 + 92
12793 # 1504
12793 - 92 4
12795 + 92
12803 # 1504
12803 - 92 8
12803 + 92
12804 # 1504
12804 - 92 1
12804 # 1504
12807 # 1504
12809 + 92
12810 # 1504
12810 - 92 1
12814 + 92
12815 # 1504
12815 - 92 1
12818 # 1504
12818 + 92
12821 # 1504
12821 - 92 3
12825 # 1504
12828 # 1504
12830 + 92
12832 # 1504
12832 - 92 2
12836 # 1504
12840 # 1504
12841 + 92
12848 # 1504
12848 - 92 7
12849 + 92
12854 + 92
12856 # 1504
12856 - 92 7
12856 - 92 2
12856 # 1504
12856 # 1504
12861 # 1504
12862 + 92
12863 # 1504
12863 - 92 1
12867 # 1504
12871 # 1504
12873 + 92
12874 # 1504
12874 - 92 1
12879 # 1504
12882 # 1504
12883 + 92
12883 + 92
12885 # 1504
12885 - 92 2
12885 - 92 2
12885 + 92
12888 + 92
12889 # 1504
12889 - 92 4
12889 - 92 1
12891 + 92
12893 # 1504
12893 - 92 2
12895 + 92
12896 # 1504
12896 - 92 1
12899 + 92
12901 # 1504
12901 - 92 2
12901 + 92
12904 # 1504
12904 - 92 3
12905 + 92
12907 # 1504
12907 - 92 2
12910 # 1504
12911 + 92
12912 # 1504
12912 - 92 1
12912 + 92
12914 # 1504
12914 - 92 2
12915 + 92
12918 # 1504
12918 - 92 3
12920 # 1504
12920 + 92
12923 # 1504
12923 - 92 3
12923 + 92
12927 + 92
12930 + 92
12933 # 1504
12933 - 92 10
12933 - 92 6
12933 - 92 3
12933 # 1504
12933 # 1504
12933 # 1504
12934 + 92
12937 # 1504
12937 - 92 3
12938 # 1504
12941 # 1504
12941 + 92
12941 + 92
12943 # 1504
12943 - 92 2
12943 - 92 2
12945 + 92
12946 # 1504
12946 - 92 1
12947 + 92
12949 # 1504
12949 - 92 2
12951 # 1504
12951 + 92
12953 # 1504
12953 - 92 2
12954 + 92
12956 # 1504
12956 - 92 2
12957 + 92
12959 # 1504
12959 - 92 2
12960 # 1504
12961 + 92
12963 # 1504
12963 - 92 2
12964 + 92
12966 # 1504
12966 - 92 2
12969 # 1504
12973 # 1504
12977 # 1504
12980 # 1504
12983 # 1504
12985 + 92
12985 + 92
12985 + 92
12985 + 92
12985 + 92
12985 + 92
12985 + 92
12988 # 1504
12988 - 92 3
12988 - 92 3
12988 - 92 3
12988 - 92 3
12988 - 92 3
12988 - 92 3
12988 - 92 3
12989 # 1504
12992 # 1504
12992 + 92
12992 + 92
12992 + 92
12995 # 1504
12995 - 92 3
12995 - 92 3
12995 - 92 3
12996 + 92
12997 # 1504
12997 - 92 1
12999 # 1504
13001 # 1504
13004 # 1504
13007 # 1504
13007 + 92
13007 + 92
13007 + 92
13007 + 92
13011 + 92
13014 + 92
13016 # 1504
13016 - 92 9
13016 - 92 9
13016 - 92 9
13016 - 92 9
13016 - 92 5
13016 - 92 2
13019 # 1504
13020 + 92
13020 + 92
13022 # 1504
13022 - 92 2
13022 - 92 2
13022 # 1504
13026 + 92
13028 + 92
13031 + 92
13032 # 1504
13032 - 92 6
13032 - 92 4
13032 - 92 1
13033 + 92
13037 # 1504
13037 - 92 4
13037 # 1504
13039 # 1504
13041 + 92
13043 # 1504
13043 - 92 2
13046 # 1504
13046 + 92
13046 + 92
13046 + 92
13048 + 92
13048 + 92
13050 # 1504
13050 - 92 4
13050 - 92 4
13050 - 92 4
13050 - 92 2
13050 - 92 2
13051 + 92
13053 # 1504
13053 - 92 2
13055 + 92
13055 + 92
13057 # 1504
13057 - 92 2
13057 - 92 2
13059 + 92
13061 # 1504
13061 - 92 2
13061 + 92
13063 + 92
13064 # 1504
13064 - 92 3
13064 - 92 1
13065 + 92
13067 # 1504
13067 - 92 2
13068 + 92
13071 # 1504
13071 - 92 3
13071 + 92
13074 # 1504
13074 - 92 3
13074 + 92
13080 + 92
13081 + 92
13082 # 1504
13082 - 92 8
13082 - 92 2
13082 - 92 1
13088 # 1504
13088 + 92
13091 # 1504
13091 - 92 3
13092 + 92
13096 # 1504
13096 - 92 4
13096 + 92
13098 # 1504
13098 - 92 2
13099 + 92
13101 # 1504
13101 - 92 2
13102 + 92
13106 # 1504
13106 - 92 4
13106 + 92
13108 # 1504
13108 - 92 2
13108 + 92
13110 + 92
13113 # 1504
13113 - 92 5
13113 - 92 3
13114 + 92
13117 # 1504
13117 - 92 3
13117 + 92
13120 # 1504
13120 - 92 3
13124 # 1504
13124 + 52
13128 + 92
13128 + 92
13132 + 92
13132 + 92
13132 + 92
13137 # 1504
13137 - 52 13
13137 - 92 9
13137 - 92 9
13137 - 92 5
13137 - 92 5
13137 - 92 5
13138 + 92
13138 + 92
13139 # 1504
13139 - 92 1
13139 - 92 1
13140 # 1504
13141 + 92
13146 # 1504
13146 - 92 5
13146 # 1504
13146 + 92
13149 # 1504
13149 - 92 3
13149 + 92
13154 # 1504
13154 - 92 5
13156 # 1504
13157 + 92
13157 + 92
13157 + 92
13160 # 1504
13160 - 92 3
13160 - 92 3
13160 - 92 3
13163 # 1504
13167 # 1504
13169 + 92
13169 + 92
13171 # 1504
13171 - 92 2
13171 - 92 2
13171 + 92
13174 + 92
13177 + 92
13180 # 1504
13180 - 92 9
13180 - 92 6
13180 - 92 3
13181 + 92
13182 + 92
13184 + 92
13187 # 1504
13187 - 92 6
13187 - 92 5
13187 - 92 3
13188 + 92
13188 + 92
13192 + 92
13193 # 1504
13193 - 92 5
13193 - 92 5
13193 - 92 1
13194 + 92
13195 + 92
13197 + 92
13207 # 1504
13207 - 92 13
13207 - 92 12
13207 - 92 10
13207 # 1504
13210 + 92
13210 + 92
13210 + 92
13210 + 92
13211 # 1504
13211 - 92 1
13211 - 92 1
13211 - 92 1
13211 - 92 1
13212 + 92
13216 + 92
13216 + 92
13219 + 92
13221 # 1504
13221 - 92 9
13221 - 92 5
13221 - 92 5
13221 - 92 2
13221 # 1504
13224 + 92
13226 + 92
13228 + 92
13231 + 92
13233 + 92
13235 + 92
13239 # 1504
13239 - 92 15
13239 - 92 13
13239 - 92 11
13239 - 92 8
13239 - 92 6
13239 - 92 4
13239 # 1504
13240 # 1504
13240 + 92
13240 + 92
13242 # 1504
13242 - 92 2
13242 - 92 2
13244 + 92
13247 # 1504
13247 - 92 3
13251 + 92
13252 # 1504
13252 - 92 1
13258 # 1504
13258 + 92
13261 + 92
13264 # 1504
13264 - 92 6
13264 - 92 3
13267 + 92
13271 # 1504
13271 - 92 4
13271 + 92
13274 # 1504
13274 - 92 3
13274 + 92
13278 + 92
13280 + 92
13281 # 1504
13281 - 92 7
13281 - 92 3
13281 - 92 1
13283 + 92
13287 # 1504
13287 - 92 4
13288 + 92
13288 + 92
13291 + 92
13293 + 92
13294 # 1504
13294 - 92 6
13294 - 92 6
13294 - 92 3
13294 - 92 1
13294 + 92
13298 + 92
13299 # 1504
13299 - 92 5
13299 - 92 1
13300 + 92
13302 + 92
13305 + 92
13313 # 1504
13313 - 92 13
13313 - 92 11
13313 - 92 8
13313 # 1504
13316 + 92
13316 + 92
13316 + 92
13317 # 1504
13317 - 92 1
13317 - 92 1
13317 - 92 1
13320 + 92
13320 + 92
13323 + 92
13324 # 1504
13324 - 92 4
13324 - 92 4
13324 - 92 1
13326 + 92
13329 # 1504
13329 - 92 3
13331 + 92
13333 + 92
13336 + 92
13337 # 1504
13337 - 92 6
13337 - 92 4
13337 - 92 1
13340 + 92
13342 # 1504
13342 - 92 2
13344 + 92
13349 # 1504
13349 - 92 5
13349 + 92
13351 + 92
13352 + 92
13354 # 1504
13354 - 92 5
13354 - 92 3
13354 - 92 2
13356 + 92
13359 # 1504
13359 - 92 3
13359 + 92
13367 # 1504
13367 - 92 8
13368 + 92
13373 # 1504
13373 - 92 5
13374 + 92
13374 + 92
13374 + 92
13374 + 92
13374 + 92
13374 + 92
13374 + 92
13376 + 92
13380 # 1504
13380 - 92 6
13380 - 92 6
13380 - 92 6
13380 - 92 6
13380 - 92 6
13380 - 92 6
13380 - 92 6
13380 - 92 4
13384 + 92
13384 + 92
13384 + 92
13384 + 92
13384 + 92
13387 # 1504
13387 - 92 3
13387 - 92 3
13387 - 92 3
13387 - 92 3
13387 - 92 3
13389 # 1504
13392 + 92
13392 + 92
13392 + 92
13392 + 92
13392 + 92
13392 + 92
13392 + 92
13394 + 92
13395 + 92
13397 + 92
13397 + 92
13399 + 92
13400 + 92
13402 # 1504
13402 - 92 10
13402 - 92 10
13402 - 92 10
13402 - 92 10
13402 - 92 10
13402 - 92 10
13402 - 92 10
13402 - 92 8
13402 - 92 7
13402 - 92 5
13402 - 92 5
13402 - 92 3
13402 - 92 2
13404 + 92
13404 + 92
13405 # 1504
13405 - 92 1
13405 - 92 1
13406 # 1504
13412 # 1504
13412 + 92
13412 + 92
13412 + 92
13412 + 92
13414 + 92
13414 + 92
13414 + 92
13416 + 92
13418 + 92
13418 + 92
13419 # 1504
13419 - 92 7
13419 - 92 7
13419 - 92 7
13419 - 92 7
13419 - 92 5
13419 - 92 5
13419 - 92 5
13419 - 92 3
13419 - 92 1
13419 - 92 1
13420 + 92
13420 + 92
13423 + 92
13423 + 92
13425 + 92
13427 + 92
13427 + 92
13433 # 1504
13433 - 92 13
13433 - 92 13
13433 - 92 10
13433 - 92 10
13433 - 92 8
13433 - 92 6
13433 - 92 6
13433 # 1504
13437 # 1504
13438 + 92
13438 + 92
13438 + 92
13438 + 92
13438 + 92
13438 + 92
13441 + 92
13441 + 92
13441 + 92
13441 + 92
13441 + 92
13443 + 92
13445 + 92
13447 + 92
13447 + 92
13447 + 92
13449 + 92
13451 + 92
13451 + 92
13453 + 92
13453 + 92
13455 + 92
13456 # 1504
13456 - 92 18
13456 - 92 18
13456 - 92 18
13456 - 92 18
13456 - 92 18
13456 - 92 18
13456 - 92 15
13456 - 92 15
13456 - 92 15
13456 - 92 15
13456 - 92 15
13456 - 92 13
13456 - 92 11
13456 - 92 9
13456 - 92 9
13456 - 92 9
13456 # 1504
13456 - 92 7
13456 - 92 5
13456 - 92 5
13456 - 92 3
13456 - 92 3
13456 - 92 1
13458 + 92
13458 + 92
13459 + 92
13459 + 92
13460 # 1504
13460 - 92 2
13460 - 92 2
13460 - 92 1
13460 - 92 1
13461 + 92
13461 + 92
13463 + 92
13463 + 92
13466 # 1504
13466 - 92 5
13466 - 92 5
13466 - 92 3
13466 - 92 3
13466 + 92
13466 + 92
13466 + 92
13468 + 92
13470 + 92
13470 + 92
13470 + 92
13471 + 92
13473 + 92
13473 + 92
13475 + 92
13475 + 92
13477 + 92
13477 + 92
13478 # 1504
13478 - 92 12
13478 - 92 12
13478 - 92 12
13478 - 92 10
13478 - 92 8
13478 - 92 8
13478 - 92 8
13478 - 92 7
13478 - 92 5
13478 - 92 5
13478 - 92 3
13478 - 92 3
13478 - 92 1
13478 - 92 1
13478 # 1504
13479 + 92
13479 + 92
13479 + 92
13480 + 92
13483 + 92
13483 + 92
13483 + 92
13484 + 92
13484 + 92
13486 + 92
13488 + 92
13488 + 92
13488 + 92
13490 # 1504
13490 - 92 11
13490 - 92 11
13490 - 92 11
13490 - 92 10
13490 - 92 7
13490 - 92 7
13490 - 92 7
13490 - 92 6
13490 - 92 6
13490 - 92 4
13490 - 92 2
13490 - 92 2
13490 - 92 2
13490 + 92
13491 # 1504
13491 - 92 1
13492 + 92
13494 + 92
13494 + 92
13494 + 92
13494 + 92
13496 + 92
13497 # 1504
13497 - 92 5
13497 - 92 3
13497 - 92 3
13497 - 92 3
13497 - 92 3
13497 - 92 1
13497 + 92
13499 + 92
13499 + 92
13499 + 92
13501 + 92
13501 + 92
13503 # 1504
13503 - 92 6
13503 - 92 4
13503 - 92 4
13503 - 92 4
13503 - 92 2
13503 - 92 2
13506 + 92
13506 + 92
13506 + 92
13506 + 92
13506 + 92
13509 # 1504
13509 - 92 3
13509 - 92 3
13509 - 92 3
13509 - 92 3
13509 - 92 3
13511 + 92
13511 + 92
13511 + 92
13511 + 92
13511 + 92
13514 + 92
13514 + 92
13517 # 1504
13517 - 92 6
13517 - 92 6
13517 - 92 6
13517 - 92 6
13517 - 92 6
13517 - 92 3
13517 - 92 3
13517 + 92
13517 + 92
13520 + 92
13520 + 92
13522 # 1504
13522 - 92 5
13522 - 92 5
13522 - 92 2
13522 - 92 2
13522 + 92
13524 + 92
13526 + 92
13527 + 92
13527 + 92
13528 + 92
13529 + 92
13530 + 92
13530 + 92
13532 # 1504
13532 - 92 10
13532 - 92 8
13532 - 92 6
13532 - 92 5
13532 - 92 5
13532 - 92 4
13532 - 92 3
13532 - 92 2
13532 - 92 2
13537 # 1504
13543 # 1504
13544 + 92
13544 + 92
13544 + 92
13544 + 92
13544 + 92
13544 + 92
13544 + 92
13544 + 92
13544 + 92
13544 + 92
13544 + 92
13544 + 92
13544 + 92
13544 + 92
13546 + 92
13546 + 92
13547 + 92
13549 # 1504
13549 - 92 5
13549 - 92 5
13549 - 92 5
13549 - 92 5
13549 - 92 5
13549 - 92 5
13549 - 92 5
13549 - 92 5
13549 - 92 5
13549 - 92 5
13549 - 92 5
13549 - 92 5
13549 - 92 5
13549 - 92 5
13549 - 92 3
13549 - 92 3
13550 + 92
13554 # 1504
13554 - 92 7
13554 - 92 4
13560 # 1504
13566 # 1504
13566 + 92
13566 + 92
13566 + 92
13566 + 92
13566 + 92
13566 + 92
13566 + 92
13572 # 1504
13572 - 92 6
13572 - 92 6
13572 - 92 6
13572 - 92 6
13572 - 92 6
13572 - 92 6
13572 - 92 6
13577 + 92
13577 + 92
13577 + 92
13577 + 92
13577 + 92
13577 + 92
13577 + 92
13577 + 92
13579 + 92
13579 + 92
13581 + 92
13583 + 92
13584 + 92
13585 # 1504
13585 - 92 8
13585 - 92 8
13585 - 92 8
13585 - 92 8
13585 - 92 8
13585 - 92 8
13585 - 92 8
13585 - 92 8
13585 - 92 6
13585 - 92 6
13585 - 92 4
13585 - 92 2
13585 - 92 1
13586 # 1504
13587 + 92
13589 + 92
13591 # 1504
13591 - 92 4
13591 - 92 2
13591 + 92
13591 + 92
13594 + 92
13595 + 92
13597 + 92
13598 # 1504
13598 - 92 7
13598 - 92 7
13598 - 92 4
13598 - 92 3
13598 - 92 1
13600 + 92
13600 + 92
13603 + 92
13604 # 1504
13604 - 92 4
13604 - 92 4
13604 - 92 1
13605 + 92
13611 # 1504
13611 - 92 6
13615 + 92
13616 + 92
13616 + 92
13616 + 92
13617 + 92
13618 # 1504
13618 - 92 3
13618 - 92 2
13618 - 92 2
13618 - 92 2
13618 - 92 1
13624 # 1504
13625 + 92
13625 + 92
13628 + 92
13630 # 1504
13630 - 92 5
13630 - 92 5
13630 - 92 2
13630 + 92
13631 + 92
13633 + 92
13635 # 1504
13635 - 92 5
13635 - 92 4
13635 - 92 2
13635 + 92
13636 + 92
13641 # 1504
13641 - 92 6
13641 - 92 5
13644 + 92
13644 + 92
13644 + 92
13645 + 92
13647 # 1504
13647 - 92 3
13647 - 92 3
13647 - 92 3
13647 - 92 2
13648 + 92
13648 + 92
13650 + 92
13652 + 92
13654 # 1504
13654 - 92 6
13654 - 92 6
13654 - 92 4
13654 - 92 2
13654 + 92
13655 + 92
13658 + 92
13659 + 92
13660 # 1504
13660 - 92 6
13660 - 92 5
13660 - 92 2
13660 - 92 1
13660 + 92
13663 + 92
13664 + 92
13665 # 1504
13665 - 92 5
13665 - 92 2
13665 - 92 1
13667 + 92
13667 + 92
13671 # 1504
13671 - 92 4
13671 - 92 4
13676 # 1504
13683 # 1504
13689 # 1504
13695 # 1504
13700 # 1504
13706 # 1504
13709 # 1504
13721 # 1504
13721 # 1504
13727 # 1504
13728 # 1504
13732 # 1504
13735 # 1504
13738 # 1504
13750 # 1504
13750 # 1504
13751 # 1504
13761 # 1504
13767 # 1504
13771 # 1504
13776 # 1504
13781 + 92
13786 # 1504
13786 - 92 5
13792 # 1504
13802 # 1504
13809 # 1504
13811 + 92
13816 # 1504
13816 - 92 5
13823 # 1504
13830 # 1504
13832 + 92
13838 # 1504
13838 - 92 6
13846 # 1504
13850 + 92
13855 # 1504
13855 - 92 5
13862 # 1504
13868 # 1504
13868 + 92
13874 # 1504
13874 - 92 6
13880 # 1504
13881 + 92
13892 + 92
13896 # 1504
13896 - 92 15
13896 - 92 4
13897 # 1504
13901 + 92
13903 # 1504
13903 - 92 2
13909 # 1504
13913 # 1504
13920 # 1504
13923 + 92
13923 + 92
13926 # 1504
13926 - 92 3
13926 - 92 3
13930 + 92
13931 # 1504
13931 - 92 1
13939 + 92
13946 # 1504
13946 - 92 7
13946 + 92
13952 # 1504
13952 - 92 6
13952 + 92
13959 # 1504
13959 - 92 7
13964 + 92
13966 # 1504
13966 - 92 2
13966 # 1504
13969 + 92
13973 # 1504
13973 - 92 4
13974 + 92
13980 # 1504
13980 - 92 6
13982 + 92
13985 # 1504
13985 - 92 3
13990 + 92
13991 # 1504
13991 - 92 1
13996 + 92
13997 # 1504
13997 - 92 1
14002 + 92
14003 # 1504
14003 - 92 1
14008 # 1504
14015 # 1504
14017 + 92
14021 # 1504
14021 - 92 4
14022 + 92
14027 # 1504
14027 - 92 5
14028 + 92
14031 # 1504
14031 - 92 3
14032 + 92
14038 # 1504
14038 - 92 6
14044 + 92
14044 + 92
14046 # 1504
14046 - 92 2
14046 - 92 2
14047 + 92
14054 + 92
14055 # 1504
14055 - 92 8
14055 - 92 1
14060 + 92
14061 # 1504
14061 - 92 1
14067 # 1504
14067 # 1504
14068 + 92
14075 + 92
14078 # 1504
14078 - 92 10
14078 - 92 3
14081 + 92
14082 # 1504
14082 - 92 1
14082 # 1504
14089 + 92
14090 # 1504
14090 - 92 1
14091 # 1504
14096 + 92
14098 # 1504
14098 - 92 2
14103 + 92
14110 + 92
14112 # 1504
14112 - 92 9
14112 - 92 2
14113 # 1504
14117 + 92
14123 + 92
14127 # 1504
14127 - 92 10
14127 - 92 4
14129 # 1504
14137 + 92
14146 # 1504
14146 - 92 9
14147 + 92
14149 + 92
14157 # 1504
14157 - 92 10
14157 - 92 8
14159 # 1504
14160 + 92
14163 # 1504
14163 - 92 3
14170 + 92
14185 + 92
14188 # 1504
14188 - 92 18
14188 - 92 3
14189 + 92
14193 # 1504
14193 - 92 4
14196 + 92
14207 # 1504
14207 - 92 11
14207 + 92
14212 # 1504
14212 - 92 5
14213 + 92
14222 # 1504
14222 - 92 9
14227 + 92
14232 + 92
14244 # 1504
14244 - 92 17
14244 - 92 12
14245 + 92
14249 + 92
14250 # 1504
14250 - 92 5
14250 - 92 1
14256 # 1504
14260 + 92
14264 # 1504
14264 - 92 4
14275 + 92
14280 # 1504
14280 - 92 5
14284 + 92
14286 # 1504
14286 - 92 2
14291 + 92
14293 # 1504
14293 - 92 2
14302 # 1504
14303 + 92
14311 # 1504
14311 - 92 8
14321 # 1504
14321 + 92
14326 + 92
14329 # 1504
14329 - 92 8
14329 - 92 3
14332 + 92
14345 + 92
14346 # 1504
14346 - 92 14
14346 - 92 1
14349 # 1504
14353 + 92
14356 # 1504
14356 - 92 3
14362 + 92
14366 # 1504
14366 - 92 4
14370 + 92
14376 + 92
14381 # 1504
14381 - 92 11
14381 - 92 5
14385 + 92
14388 # 1504
14388 - 92 3
14391 + 92
14398 + 92
14405 # 1504
14405 - 92 14
14405 - 92 7
14410 + 92
14416 # 1504
14416 - 92 6
14424 + 92
14424 + 92
14426 # 1504
14426 - 92 2
14426 - 92 2
14434 # 1504
14440 + 92
14448 + 92
14448 + 92
14451 # 1504
14451 - 92 11
14451 - 92 3
14451 - 92 3
14455 + 92
14464 + 92
14467 # 1504
14467 - 92 12
14467 - 92 3
14468 + 92
14474 + 92
14485 + 92
14492 + 92
14504 + 92
14507 + 92
14515 + 92
14525 + 92
14533 + 92
14547 + 92
14553 + 92
14558 # 1504
14558 - 92 90
14558 - 92 84
14558 - 92 73
14558 - 92 66
14558 - 92 54
14558 - 92 51
14558 - 92 43
14558 - 92 33
14558 - 92 25
14558 - 92 11
14558 - 92 5
14559 + 92
14565 + 92
14572 + 92
14574 # 1504
14574 - 92 15
14574 - 92 9
14574 - 92 2
14585 + 92
14588 + 92
14593 + 92
14604 + 92
14611 + 92
14624 + 92
14629 + 92
14631 # 1504
14631 - 92 46
14631 - 92 43
14631 - 92 38
14631 - 92 27
14631 - 92 20
14631 - 92 7
14631 - 92 2
14631 + 92
14635 # 1504
14635 - 92 4
14643 # 1504
14645 + 92
14649 + 92
14652 # 1504
14652 - 92 7
14652 - 92 3
14656 + 92
14661 # 1504
14661 - 92 5
14661 + 92
14669 # 1504
14669 - 92 8
14669 + 92
14676 + 92
14679 # 1504
14679 - 92 10
14679 - 92 3
14687 # 1504
14689 + 92
14697 # 1504
14697 - 92 8
14703 + 92
14706 # 1504
14706 - 92 3
14715 + 92
14716 # 1504
14716 - 92 1
14720 + 92
14726 # 1504
14726 - 92 6
14730 + 92
14734 + 92
14735 # 1504
14735 - 92 5
14735 - 92 1
14741 + 92
14746 # 1504
14746 - 92 5
14756 # 1504
14756 + 92
14760 + 92
14764 # 1504
14764 - 92 8
14764 - 92 4
14770 + 92
14777 # 1504
14777 - 92 7
14781 + 92
14788 # 1504
14788 - 92 7
14789 + 92
14798 # 1504
14798 - 92 9
14799 + 92
14806 + 92
14809 # 1504
14809 - 92 10
14809 - 92 3
14813 + 92
14818 # 1504
14818 - 92 5
14821 + 92
14828 # 1504
14828 - 92 7
14828 # 1504
14828 # 1504
14828 # 1504
14828 # 1504
14828 + 92
14834 + 92
14838 # 1504
14838 - 92 10
14838 - 92 4
14841 + 92
14847 + 92
14850 # 1504
14850 - 92 9
14850 - 92 3
14855 + 92
14862 # 1504
14862 - 92 7
14863 + 92
14871 # 1504
14871 - 92 8
14872 + 92
14881 # 1504
14881 - 92 9
14881 + 92
14890 + 92
14893 # 1504
14893 - 92 12
14893 - 92 3
14904 # 1504
14908 + 92
14910 + 92
14912 # 1504
14912 - 92 4
14912 - 92 2
14920 + 92
14923 # 1504
14923 - 92 3
14931 + 92
14937 # 1504
14937 - 92 6
14937 + 92
14943 # 1504
14943 - 92 6
14947 + 92
14955 + 92
14963 + 92
14968 # 1504
14968 - 92 21
14968 - 92 13
14968 - 92 5
14969 + 92
14973 # 1504
14973 - 92 4
14976 + 92
14982 + 92
14990 + 92
14991 # 1504
14991 - 92 15
14991 - 92 9
14991 - 92 1
14998 + 92
14999 # 1504
14999 - 92 1
15007 + 92
15017 # 1504
15017 - 92 10
15019 + 92
15027 # 1504
15027 - 92 8
15032 + 92
15037 + 92
15038 # 1504
15038 - 92 6
15038 - 92 1
15048 # 1504
15049 + 92
15054 + 92
15059 # 1504
15059 - 92 10
15059 - 92 5
15064 + 92
15071 # 1504
15071 - 92 7
15072 + 92
15083 # 1504
15083 - 92 11
15090 + 92
15090 + 92
15093 # 1504
15093 - 92 3
15093 - 92 3
15102 # 1504
15102 + 92
15111 # 1504
15111 - 92 9
15118 + 92
15120 # 1504
15120 - 92 2
15129 # 1504
15130 + 92
15140 + 92
15142 # 1504
15142 - 92 12
15142 - 92 2
15155 + 92
15162 # 1504
15162 - 92 7
15170 # 1504
15174 + 92
15176 + 92
15184 + 92
15194 + 92
15196 # 1504
15196 - 92 22
15196 - 92 20
15196 - 92 12
15196 - 92 2
15197 + 92
15213 + 92
15214 + 92
15222 + 92
15234 + 92
15236 + 92
15251 + 92
15251 + 92
15256 + 92
15262 + 92
15270 + 92
15277 + 92
15290 + 92
15293 + 92
15307 + 92
15307 + 92
15314 + 92
15325 + 92
15329 + 92
15335 + 92
15345 + 92
15349 + 92
15356 + 92
15362 # 1504
15362 - 92 165
15362 - 92 149
15362 - 92 148
15362 - 92 140
15362 - 92 128
15362 - 92 126
15362 - 92 111
15362 - 92 111
15362 - 92 106
15362 - 92 100
15362 - 92 92
15362 - 92 85
15362 - 92 72
15362 - 92 69
15362 - 92 55
15362 - 92 55
15365 + 92
15369 + 92
15374 + 92
15381 + 92
15386 # 1504
15386 - 92 72
15386 - 92 61
15386 - 92 57
15386 - 92 51
15386 - 92 41
15386 - 92 37
15386 - 92 30
15386 - 92 21
15386 - 92 17
15386 - 92 12
15386 - 92 5
15387 + 92
15392 # 1504
15392 - 92 5
15392 # 1504
15392 # 1504
15392 # 1504
15392 # 1504
15394 + 92
15404 + 92
15408 + 92
15413 # 1504
15413 - 92 19
15413 - 92 9
15413 - 92 5
15421 + 92
15423 # 1504
15423 - 92 2
15425 + 92
15432 # 1504
15432 - 92 7
15455 # 1504
15473 # 1504
15474 # 1504
15484 + 92
15487 # 1504
15487 - 92 3
15487 + 92
15494 + 92
15496 # 1504
15496 - 92 9
15496 - 92 2
15504 + 92
15504 + 92
15511 # 1504
15511 - 92 7
15511 - 92 7
15511 + 92
15518 + 92
15521 # 1504
15521 - 92 10
15521 - 92 3
15527 # 1504
15531 + 92
15535 # 1504
15535 - 92 4
15542 + 92
15546 # 1504
15546 - 92 4
15552 + 92
15552 + 92
15563 # 1504
15563 - 92 11
15563 - 92 11
15564 + 92
15567 # 1504
15567 - 92 3
15569 + 92
15569 + 92
15575 + 92
15578 # 1504
15578 - 92 9
15578 - 92 9
15578 - 92 3
15588 # 1504
15589 + 92
15589 + 92
15597 # 1504
15597 - 92 8
15597 - 92 8
15605 + 92
15608 + 92
15611 # 1504
15611 - 92 6
15611 - 92 3
15611 + 92
15616 # 1504
15616 - 92 5
15618 + 92
15625 + 92
15632 + 92
15637 # 1504
15637 - 92 19
15637 - 92 12
15637 - 92 5
15637 + 92
15643 + 92
15651 # 1504
15651 - 92 14
15651 - 92 8
15654 + 92
15656 + 92
15657 # 1504
15657 - 92 3
15657 - 92 1
15668 + 92
15668 + 92
15672 + 92
15681 # 1504
15681 - 92 13
15681 - 92 13
15681 - 92 9
15684 + 92
15690 + 92
15691 + 92
15704 + 92
15705 + 92
15710 + 92
15712 # 1504
15712 - 92 28
15712 - 92 22
15712 - 92 21
15712 - 92 8
15712 - 92 7
15712 - 92 2
15722 + 92
15728 + 92
15736 # 1504
15736 - 92 14
15736 - 92 8
15746 # 1504
15753 + 92
15759 + 92
15764 # 1504
15764 - 92 11
15764 - 92 5
15770 + 92
15772 # 1504
15772 - 92 2
15784 + 92
15793 # 1504
15793 - 92 9
15794 + 92
15801 # 1504
15801 - 92 7
15803 + 92
15814 + 92
15823 # 1504
15823 - 92 20
15823 - 92 9
15832 # 1504
15841 # 1504
15861 + 92
15871 + 92
15882 + 92
15890 + 92
15899 + 92
15908 + 92
15919 + 92
15928 + 92
15937 + 92
15946 + 92
15955 + 92
15968 + 92
15968 + 92
15969 # 1504
15969 - 92 108
15969 - 92 98
15969 - 92 87
15969 - 92 79
15969 - 92 70
15969 - 92 61
15969 - 92 50
15969 - 92 41
15969 - 92 32
15969 - 92 23
15969 - 92 14
15969 - 92 1
15969 - 92 1
15978 # 1504
15978 # 1504
15978 # 1504
15978 # 1504
15982 + 92
15985 + 92
15987 # 1504
15987 - 92 5
15987 - 92 2
15992 + 92
15997 # 1504
15997 - 92 5
16004 + 92
16006 + 92
16007 # 1504
16007 - 92 3
16007 - 92 1
16017 + 92
16021 # 1504
16021 - 92 4
16024 + 92
16026 # 1504
16026 - 92 2
16031 + 92
16041 # 1504
16041 - 92 10
16044 + 92
16049 + 92
16055 # 1504
16055 - 92 11
16055 - 92 6
16055 + 92
16060 + 92
16065 # 1504
16065 - 92 10
16065 - 92 5
16068 + 92
16075 + 92
16076 # 1504
16076 - 92 8
16076 - 92 1
16084 # 1504
16084 + 92
16089 + 92
16096 # 1504
16096 - 92 12
16096 - 92 7
16105 # 1504
16116 # 1504
16126 # 1504
16134 # 1504
16137 + 92
16144 # 1504
16144 - 92 7
16152 + 92
16152 + 92
16152 + 92
16158 + 92
16158 + 92
16158 + 92
16158 + 92
16158 + 92
16161 # 1504
16161 - 92 9
16161 - 92 9
16161 - 92 9
16161 - 92 3
16161 - 92 3
16161 - 92 3
16161 - 92 3
16161 - 92 3
16163 # 1504
16163 + 92
16170 + 92
16172 # 1504
16172 - 92 9
16172 - 92 2
16181 # 1504
16184 + 92
16191 # 1504
16191 - 92 7
16191 + 92
16199 # 1504
16199 - 92 8
16204 + 92
16206 + 92
16211 # 1504
16211 - 92 7
16211 - 92 5
16213 + 92
16221 # 1504
16221 - 92 8
16224 + 92
16229 # 1504
16229 - 92 5
16229 + 92
16238 # 1504
16238 - 92 9
16243 + 92
16244 + 92
16251 + 92
16256 # 1504
16256 - 92 13
16256 - 92 12
16256 - 92 5
16258 + 92
16266 + 92
16271 # 1504
16271 - 92 13
16271 - 92 5
16273 + 92
16282 # 1504
16282 - 92 9
16284 + 92
16287 # 1504
16287 - 92 3
16288 + 92
16296 + 92
16298 # 1504
16298 - 92 10
16298 - 92 2
16304 + 92
16311 + 92
16313 # 1504
16313 - 92 9
16313 - 92 2
16323 + 92
16329 # 1504
16329 - 92 6
16331 + 92
16339 + 92
16349 # 1504
16349 - 92 18
16349 - 92 10
16349 + 92
16357 + 92
16361 # 1504
16361 - 92 12
16361 - 92 4
16364 + 92
16366 + 92
16372 # 1504
16372 - 92 8
16372 - 92 6
16372 + 92
16384 # 1504
16384 - 92 12
16384 + 92
16384 + 92
16387 + 92
16390 + 92
16395 + 92
16408 + 92
16408 + 92
16408 + 92
16408 + 92
16411 + 92
16415 + 92
16424 + 92
16425 + 92
16425 + 92
16428 + 92
16429 # 1504
16429 - 92 45
16429 - 92 45
16429 - 92 42
16429 - 92 39
16429 - 92 34
16429 - 92 21
16429 - 92 21
16429 - 92 21
16429 - 92 21
16429 - 92 18
16429 - 92 14
16429 - 92 5
16429 - 92 4
16429 - 92 4
16429 - 92 1
16432 + 92
16435 + 92
16441 # 1504
16441 - 92 9
16441 - 92 6
16444 + 92
16444 + 92
16444 + 92
16447 # 1504
16447 - 92 3
16447 - 92 3
16447 - 92 3
16447 + 92
16451 + 92
16459 + 92
16459 + 92
16465 + 92
16465 + 92
16469 # 1504
16469 - 92 22
16469 - 92 18
16469 - 92 10
16469 - 92 10
16469 - 92 4
16469 - 92 4
16469 + 92
16472 + 92
16477 + 92
16480 + 92
16486 + 92
16489 + 92
16492 + 92
16504 + 92
16508 + 92
16510 # 1504
16510 - 92 41
16510 - 92 38
16510 - 92 33
16510 - 92 30
16510 - 92 24
16510 - 92 21
16510 - 92 18
16510 - 92 6
16510 - 92 2
16521 + 92
16521 + 92
16549 + 92
16564 + 92
16565 + 92
16565 + 92
16582 + 92
16582 + 92
16582 + 92
16590 + 92
16590 + 92
16595 + 92
16603 + 92
16607 + 92
16613 + 92
16620 + 92
16627 + 92
16634 + 92
16644 + 92
16644 + 92
16648 + 92
16653 + 92
16663 + 92
16663 + 92
16668 + 92
16674 + 92
16682 + 92
16689 + 92
16696 + 92
16709 + 92
16709 + 92
16717 + 92
16718 + 92
16725 + 92
16725 + 92
16726 # 1504
16726 - 92 205
16726 - 92 205
16726 - 92 177
16726 - 92 162
16726 - 92 161
16726 - 92 161
16726 - 92 144
16726 - 92 144
16726 - 92 144
16726 - 92 136
16726 - 92 136
16726 - 92 131
16726 - 92 123
16726 - 92 119
16726 - 92 113
16726 - 92 106
16729 + 92
16733 # 1504
16733 - 92 106
16733 - 92 99
16733 - 92 89
16733 - 92 89
16733 - 92 85
16733 - 92 80
16733 - 92 70
16733 - 92 70
16733 - 92 65
16733 - 92 59
16733 - 92 51
16733 - 92 44
16733 - 92 37
16733 - 92 24
16733 - 92 24
16733 - 92 16
16734 + 92
16738 + 92
16741 + 92
16743 # 1504
16743 - 92 25
16743 - 92 18
16743 - 92 18
16743 - 92 14
16743 - 92 9
16743 - 92 5
16743 - 92 2
16745 + 92
16751 + 92
16754 + 92
16763 + 92
16764 + 92
16768 + 92
16771 # 1504
16771 - 92 26
16771 - 92 20
16771 - 92 17
16771 - 92 8
16771 - 92 7
16771 - 92 3
16771 # 1504
16776 + 92
16788 + 92
16794 + 92
16799 # 1504
16799 - 92 23
16799 - 92 11
16799 - 92 5
16802 + 92
16809 + 92
16816 + 92
16824 + 92
16832 + 92
16839 + 92
16850 + 92
16862 + 92
16878 + 92
16888 + 92
16894 + 92
16903 + 92
16913 + 92
16919 + 92
16930 + 92
16936 + 92
16948 + 92
16960 + 92
16967 + 92
16971 + 92
16977 # 1504
16977 - 92 175
16977 - 92 168
16977 - 92 161
16977 - 92 153
16977 - 92 145
16977 - 92 138
16977 - 92 127
16977 - 92 115
16977 - 92 99
16977 - 92 89
16977 - 92 83
16977 - 92 74
16977 - 92 64
16977 - 92 58
16977 - 92 47
16977 - 92 41
16977 # 1504
16977 - 92 29
16977 - 92 17
16977 - 92 10
16977 - 92 6
16977 # 1504
16977 # 1504
16982 # 1504
16984 + 92
16984 + 92
16985 # 1504
16985 - 92 1
16985 - 92 1
16990 + 92
16994 # 1504
16994 - 92 4
16996 + 92
17008 # 1504
17008 - 92 12
17009 + 92
17009 + 92
17012 # 1504
17012 - 92 3
17012 - 92 3
17016 # 1504
17016 # 1504
17017 + 92
17023 # 1504
17023 - 92 6
17023 # 1504
17023 # 1504
17024 # 1504
17024 # 1504
17024 # 1504
17026 # 1504
17026 # 1504
17027 + 92
17029 # 1504
17029 - 92 2
17031 # 1504
17032 # 1504
17034 # 1504
17035 # 1504
17035 + 92
17036 # 1504
17036 - 92 1
17037 # 1504
17040 # 1504
17040 + 92
17042 # 1504
17042 - 92 2
17043 # 1504
17044 # 1504
17046 # 1504
17047 # 1504
17048 + 92
17049 # 1504
17049 - 92 1
17059 # 1504
17059 # 1504
17059 # 1504
17059 # 1504
17059 + 92
17060 # 1504
17060 - 92 1
17061 # 1504
17061 # 1504
17063 # 1504
17065 + 92
17067 # 1504
17067 - 92 2
17067 # 1504
17068 # 1504
17070 + 92
17080 # 1504
17080 - 92 10
17080 # 1504
17081 # 1504
17081 # 1504
17081 # 1504
17081 # 1504
17081 + 92
17082 # 1504
17082 - 92 1
17084 # 1504
17084 # 1504
17085 # 1504
17086 # 1504
17087 # 1504
17088 # 1504
17088 + 92
17088 + 92
17089 # 1504
17089 - 92 1
17089 - 92 1
17090 # 1504
17091 # 1504
17092 # 1504
17092 + 92
17093 # 1504
17093 - 92 1
17095 # 1504
17096 + 92
17097 # 1504
17097 - 92 1
17097 # 1504
17098 # 1504
17099 # 1504
17099 + 92
17100 # 1504
17100 - 92 1
17101 # 1504
17102 # 1504
17106 # 1504
17106 # 1504
17107 # 1504
17108 # 1504
17109 # 1504
17109 + 92
17111 + 92
17112 # 1504
17112 - 92 3
17112 - 92 1
17115 # 1504
17115 # 1504
17116 # 1504
17116 + 92
17117 # 1504
17117 - 92 1
17118 # 1504
17120 # 1504
17121 # 1504
17122 # 1504
17123 # 1504
17124 # 1504
17125 # 1504
17126 # 1504
17129 # 1504
17129 + 92
17130 # 1504
17130 - 92 1
17130 + 92
17131 # 1504
17131 - 92 1
17132 # 1504
17133 # 1504
17134 # 1504
17137 + 92
17146 # 1504
17146 - 92 9
17146 # 1504
17147 # 1504
17147 # 1504
17147 # 1504
17147 # 1504
17147 # 1504
17147 # 1504
17147 # 1504
17147 # 1504
17148 # 1504
17149 # 1504
17149 + 92
17151 # 1504
17151 - 92 2
17151 # 1504
17152 # 1504
17152 + 92
17153 # 1504
17153 - 92 1
17154 # 1504
17154 + 92
17155 # 1504
17155 - 92 1
17157 # 1504
17159 # 1504
17161 + 92
17163 + 92
17164 # 1504
17164 - 92 3
17164 - 92 1
17168 + 92
17172 # 1504
17172 - 92 4
17172 + 92
17176 # 1504
17176 - 92 4
17178 + 92
17182 # 1504
17182 - 92 4
17183 # 1504
17190 + 92
17193 # 1504
17193 - 92 3
17200 # 1504
17202 # 1504
17202 + 92
17202 + 92
17202 + 92
17202 + 92
17209 + 92
17211 # 1504
17211 - 92 9
17211 - 92 9
17211 - 92 9
17211 - 92 9
17211 - 92 2
17211 # 1504
17213 # 1504
17215 # 1504
17217 # 1504
17218 # 1504
17222 + 92
17222 + 92
17223 # 1504
17223 - 92 1
17223 - 92 1
17223 # 1504
17224 # 1504
17225 + 92
17227 # 1504
17227 - 92 2
17230 + 92
17230 + 92
17231 # 1504
17231 - 92 1
17231 - 92 1
17232 + 92
17237 + 92
17241 # 1504
17241 - 92 9
17241 - 92 4
17241 # 1504
17241 + 92
17242 # 1504
17242 - 92 1
17243 # 1504
17243 # 1504
17243 # 1504
17249 + 92
17249 + 92
17250 + 92
17253 # 1504
17253 - 92 4
17253 - 92 4
17253 - 92 3
17253 # 1504
17256 # 1504
17256 # 1504
17256 # 1504
17256 # 1504
17256 + 92
17258 # 1504
17258 - 92 2
17262 # 1504
17264 # 1504
17265 # 1504
17269 + 92
17270 # 1504
17270 - 92 1
17270 + 92
17271 # 1504
17271 - 92 1
17272 # 1504
17273 + 92
17277 # 1504
17277 - 92 4
17279 + 92
17281 # 1504
17281 - 92 2
17281 # 1504
17285 # 1504
17287 # 1504
17288 # 1504
17289 # 1504
17290 # 1504
17290 + 92
17290 + 92
17292 # 1504
17292 - 92 2
17292 - 92 2
17293 + 92
17294 # 1504
17294 - 92 1
17294 # 1504
17295 # 1504
17296 # 1504
17297 # 1504
17298 # 1504
17299 # 1504
17300 # 1504
17301 # 1504
17302 # 1504
17303 # 1504
17305 # 1504
17305 + 92
17306 # 1504
17306 - 92 1
17307 # 1504
17309 + 92
17312 + 92
17321 # 1504
17321 - 92 12
17321 - 92 9
17323 # 1504
17324 + 92
17326 # 1504
17326 - 92 2
17328 # 1504
17329 + 92
17329 + 92
17331 # 1504
17331 - 92 2
17331 - 92 2
17333 # 1504
17334 + 92
17338 # 1504
17338 - 92 4
17339 # 1504
17339 + 92
17342 # 1504
17342 - 92 3
17344 # 1504
17346 + 92
17347 # 1504
17347 - 92 1
17349 # 1504
17351 # 1504
17352 # 1504
17354 + 92
17363 # 1504
17363 - 92 9
17363 # 1504
17363 # 1504
17363 # 1504
17363 + 92
17371 + 92
17376 # 1504
17376 - 92 13
17376 - 92 5
17376 # 1504
17379 # 1504
17379 + 92
17382 # 1504
17382 - 92 3
17384 # 1504
17384 + 92
17388 # 1504
17388 - 92 4
17389 + 92
17395 # 1504
17395 - 92 6
17396 + 92
17398 # 1504
17398 - 92 2
17398 # 1504
17399 # 1504
17400 + 92
17401 # 1504
17401 - 92 1
17405 + 92
17413 # 1504
17413 - 92 8
17413 # 1504
17423 # 1504
17423 + 92
17423 + 92
17423 + 92
17424 # 1504
17424 - 92 1
17424 - 92 1
17424 - 92 1
17424 # 1504
17425 + 92
17432 # 1504
17432 - 92 7
17432 + 92
17436 + 92
17441 + 92
17448 + 92
17453 + 92
17454 # 1504
17454 - 92 22
17454 - 92 18
17454 - 92 13
17454 - 92 6
17454 - 92 1
17459 # 1504
17464 # 1504
17467 # 1504
17467 + 92
17467 + 92
17468 + 92
17471 # 1504
17471 - 92 4
17471 - 92 4
17471 - 92 3
17473 # 1504
17476 # 1504
17477 # 1504
17477 + 92
17478 + 92
17481 # 1504
17481 - 92 4
17481 - 92 3
17484 # 1504
17485 # 1504
17486 + 92
17486 + 92
17489 # 1504
17489 - 92 3
17489 - 92 3
17490 # 1504
17490 + 92
17493 # 1504
17493 - 92 3
17494 + 92
17497 + 92
17498 # 1504
17498 - 92 4
17498 - 92 1
17500 # 1504
17502 + 92
17503 # 1504
17503 - 92 1
17505 # 1504
17507 + 92
17509 # 1504
17509 - 92 2
17513 # 1504
17513 + 92
17513 + 92
17516 # 1504
17516 - 92 3
17516 - 92 3
17520 # 1504
17522 # 1504
17523 # 1504
17523 + 92
17527 # 1504
17527 - 92 4
17529 # 1504
17531 # 1504
17532 + 92
17532 + 92
17532 + 92
17535 # 1504
17535 - 92 3
17535 - 92 3
17535 - 92 3
17537 # 1504
17537 + 92
17537 + 92
17538 # 1504
17538 - 92 1
17538 - 92 1
17540 # 1504
17542 + 92
17543 # 1504
17543 - 92 1
17544 # 1504
17545 + 92
17546 # 1504
17546 - 92 1
17548 # 1504
17549 + 92
17551 # 1504
17551 - 92 2
17553 # 1504
17554 + 92
17556 + 92
17557 # 1504
17557 - 92 3
17557 - 92 1
17559 # 1504
17561 # 1504
17562 # 1504
17566 # 1504
17567 + 92
17567 + 92
17568 # 1504
17568 - 92 1
17568 - 92 1
17569 # 1504
17569 + 92
17571 # 1504
17571 - 92 2
17573 # 1504
17576 # 1504
17576 # 1504
17577 # 1504
17579 # 1504
17582 # 1504
17582 # 1504
17583 + 92
17583 + 92
17584 + 92
17587 + 92
17592 + 92
17593 # 1504
17593 - 92 10
17593 - 92 10
17593 - 92 9
17593 - 92 6
17593 - 92 1
17599 + 92
17599 + 92
17603 + 92
17608 # 1504
17608 - 92 9
17608 - 92 9
17608 - 92 5
17608 + 92
17609 # 1504
17609 - 92 1
17612 # 1504
17612 + 92
17614 # 1504
17614 - 92 2
17616 # 1504
17617 # 1504
17618 # 1504
17621 # 1504
17623 # 1504
17624 # 1504
17625 + 92
17626 # 1504
17626 - 92 1
17626 + 92
17628 # 1504
17628 - 92 2
17629 + 92
17630 # 1504
17630 - 92 1
17630 # 1504
17633 # 1504
17633 + 92
17635 # 1504
17635 - 92 2
17637 # 1504
17637 + 92
17638 # 1504
17638 - 92 1
17640 # 1504
17643 # 1504
17645 # 1504
17645 # 1504
17645 + 92
17647 # 1504
17647 - 92 2
17650 # 1504
17653 + 92
17661 # 1504
17661 - 92 8
17661 # 1504
17661 # 1504
17665 + 92
17669 + 92
17671 # 1504
17671 - 92 6
17671 - 92 2
17671 # 1504
17672 # 1504
17674 + 92
17681 # 1504
17681 - 92 7
17681 # 1504
17681 + 92
17684 # 1504
17684 - 92 3
17685 # 1504
17685 # 1504
17687 # 1504
17687 + 92
17688 # 1504
17688 - 92 1
17691 # 1504
17693 # 1504
17693 # 1504
17693 + 92
17695 # 1504
17695 - 92 2
17698 + 92
17699 # 1504
17699 - 92 1
17701 # 1504
17701 # 1504
17702 + 92
17703 # 1504
17703 - 92 1
17706 # 1504
17706 + 92
17708 # 1504
17708 - 92 2
17709 # 1504
17711 + 92
17712 # 1504
17712 - 92 1
17713 # 1504
17714 # 1504
17716 # 1504
17717 # 1504
17718 # 1504
17720 # 1504
17721 + 92
17722 # 1504
17722 - 92 1
17723 + 92
17728 + 92
17729 # 1504
17729 - 92 6
17729 - 92 1
17729 # 1504
17729 # 1504
17729 # 1504
17731 # 1504
17732 # 1504
17733 + 92
17734 # 1504
17734 - 92 1
17736 # 1504
17737 # 1504
17739 # 1504
17739 + 92
17740 # 1504
17740 - 92 1
17742 # 1504
17743 # 1504
17745 + 92
17750 # 1504
17750 - 92 5
17751 # 1504
17757 # 1504
17759 # 1504
17761 # 1504
17763 # 1504
17764 # 1504
17765 # 1504
17766 + 92
17767 # 1504
17767 - 92 1
17768 # 1504
17770 # 1504
17774 # 1504
17774 # 1504
17775 # 1504
17777 # 1504
17778 # 1504
17780 # 1504
17781 # 1504
17783 + 92
17788 # 1504
17788 - 92 5
17788 # 1504
17788 # 1504
17791 + 92
17794 # 1504
17794 - 92 3
17794 # 1504
17794 # 1504
17795 # 1504
17799 # 1504
17799 # 1504
17800 # 1504
17800 + 92
17802 # 1504
17802 - 92 2
17804 # 1504
17807 # 1504
17809 # 1504
17810 # 1504
17811 # 1504
17811 + 92
17813 # 1504
17813 - 92 2
17815 # 1504
17817 # 1504
17817 # 1504
17818 # 1504
17818 + 92
17826 + 92
17837 # 1504
17837 - 92 19
17837 - 92 11
17838 # 1504
17843 # 1504
17843 # 1504
17843 # 1504
17843 # 1504
17844 # 1504
17844 # 1504
17844 # 1504
17845 # 1504
17845 # 1504
17845 # 1504
17845 # 1504
17846 # 1504
17849 + 92
17853 # 1504
17853 - 92 4
17853 # 1504
17861 # 1504
17861 # 1504
17861 # 1504
17861 # 1504
17861 # 1504
17861 # 1504
17863 # 1504
17863 # 1504
17878 # 1504
17878 # 1504
17878 # 1504
17878 # 1504
17878 # 1504
17878 # 1504
17878 # 1504
17878 # 1504
17879 # 1504
17879 # 1504
17880 # 1504
17881 # 1504
17882 # 1504
17886 # 1504
17896 # 1504
17896 # 1504
17896 # 1504
17896 # 1504
17896 # 1504
17896 # 1504
17897 # 1504
17898 # 1504
17907 + 92
17911 + 92
17913 # 1504
17913 - 92 6
17913 - 92 2
17913 # 1504
17913 # 1504
17914 # 1504
17914 # 1504
17914 # 1504
17914 # 1504
17914 # 1504
17914 # 1504
17914 # 1504
17914 # 1504
17915 # 1504
17918 # 1504
17918 # 1504
17919 # 1504
17920 # 1504
17921 # 1504
17924 + 92
17925 # 1504
17925 - 92 1
17925 # 1504
17925 # 1504
17933 + 92
17934 # 1504
17934 - 92 1
17934 # 1504
17934 # 1504
17934 # 1504
17934 # 1504
17934 # 1504
17935 # 1504
17936 # 1504
17937 # 1504
17938 # 1504
17939 # 1504
17941 # 1504
17943 + 92
17949 # 1504
17949 - 92 6
17949 # 1504
17949 # 1504
17949 # 1504
17949 # 1504
17949 # 1504
17949 + 92
17950 # 1504
17950 - 92 1
17955 + 92
17958 # 1504
17958 - 92 3
17959 # 1504
17959 # 1504
17959 # 1504
17965 + 92
17966 # 1504
17966 - 92 1
17967 # 1504
17967 # 1504
17967 # 1504
17967 # 1504
17967 # 1504
17967 # 1504
17967 # 1504
17968 # 1504
17968 # 1504
17970 + 92
17977 + 92
17980 # 1504
17980 - 92 10
17980 - 92 3
17980 # 1504
17980 # 1504
17980 # 1504
17980 # 1504
17980 # 1504
17980 # 1504
17980 # 1504
17981 # 1504
17982 # 1504
17983 # 1504
17985 + 92
17986 # 1504
17986 - 92 1
17986 # 1504
17989 # 1504
17989 # 1504
17990 # 1504
17991 + 92
17994 # 1504
17994 - 92 3
17994 # 1504
17995 # 1504
17996 # 1504
17997 # 1504
17998 # 1504
18002 # 1504
18002 # 1504
18002 # 1504
18003 # 1504
18004 + 92
18005 # 1504
18005 - 92 1
18006 # 1504
18007 # 1504
18008 # 1504
18012 + 92
18021 # 1504
18021 - 92 9
18021 # 1504
18021 # 1504
18021 # 1504
18022 # 1504
18022 # 1504
18022 # 1504
18022 # 1504
18022 # 1504
18022 # 1504
18022 # 1504
18022 # 1504
18023 # 1504
18024 # 1504
18028 # 1504
18028 # 1504
18028 # 1504
18028 # 1504
18029 # 1504
18034 # 1504
18034 # 1504
18034 # 1504
18035 # 1504
18039 + 92
18039 + 92
18040 # 1504
18040 - 92 1
18040 - 92 1
18040 # 1504
18040 # 1504
18041 # 1504
18043 + 92
18044 # 1504
18044 - 92 1
18045 # 1504
18049 # 1504
18050 # 1504
18056 + 92
18061 # 1504
18061 - 92 5
18061 # 1504
18061 # 1504
18061 # 1504
18061 # 1504
18061 # 1504
18061 # 1504
18061 # 1504
18063 # 1504
18065 # 1504
18071 + 92
18081 + 92
18082 # 1504
18082 - 92 11
18082 - 92 1
18082 # 1504
18083 # 1504
18083 # 1504
18083 # 1504
18083 # 1504
18083 # 1504
18083 # 1504
18083 # 1504
18083 # 1504
18083 # 1504
18084 # 1504
18084 # 1504
18084 # 1504
18084 # 1504
18084 # 1504
18090 + 92
18100 # 1504
18100 - 92 10
18100 # 1504
18100 # 1504
18100 # 1504
18100 # 1504
18100 # 1504
18100 # 1504
18100 + 92
18101 # 1504
18101 - 92 1
18101 # 1504
18101 # 1504
18101 # 1504
18101 # 1504
18102 # 1504
18112 # 1504
18112 # 1504
18112 # 1504
18112 # 1504
18112 # 1504
18115 + 92
18120 # 1504
18120 - 92 5
18120 # 1504
18120 # 1504
18120 # 1504
18120 # 1504
18121 # 1504
18122 # 1504
18125 # 1504
18125 # 1504
18126 # 1504
18129 # 1504
18129 # 1504
18130 # 1504
18131 # 1504
18132 # 1504
18133 # 1504
18137 # 1504
18138 # 1504
18138 # 1504
18139 # 1504
18140 # 1504
18141 # 1504
18144 # 1504
18144 # 1504
18146 + 92
18155 # 1504
18155 - 92 9
18157 # 1504
18157 # 1504
18158 # 1504
18158 # 1504
18158 # 1504
18158 # 1504
18158 # 1504
18158 # 1504
18158 # 1504
18158 # 1504
18161 # 1504
18161 # 1504
18162 # 1504
18163 # 1504
18166 # 1504
18167 # 1504
18167 # 1504
18168 # 1504
18179 # 1504
18179 # 1504
18179 # 1504
18179 # 1504
18179 # 1504
18180 # 1504
18180 # 1504
18180 # 1504
18180 # 1504
18180 # 1504
18180 # 1504
18180 + 92
18181 # 1504
18181 - 92 1
18182 # 1504
18183 # 1504
18184 # 1504
18185 # 1504
18186 # 1504
18192 # 1504
18192 # 1504
18192 # 1504
18192 # 1504
18192 # 1504
18192 # 1504
18193 # 1504
18194 # 1504
18200 # 1504
18200 # 1504
18200 # 1504
18200 # 1504
18200 # 1504
18200 # 1504
18201 # 1504
18202 # 1504
18202 # 1504
18203 # 1504
18206 # 1504
18217 # 1504
18217 # 1504
18217 # 1504
18217 # 1504
18218 # 1504
18218 # 1504
18218 # 1504
18218 # 1504
18218 # 1504
18218 # 1504
18218 # 1504
18218 # 1504
18218 # 1504
18219 # 1504
18219 # 1504
18220 # 1504
18222 # 1504
18222 # 1504
18223 # 1504
18229 # 1504
18229 # 1504
18229 # 1504
18229 # 1504
18229 # 1504
18230 # 1504
18230 # 1504
18241 # 1504
18241 # 1504
18241 # 1504
18241 # 1504
18241 # 1504
18241 # 1504
18241 # 1504
18241 # 1504
18241 # 1504
18242 # 1504
18252 # 1504
18253 # 1504
18254 # 1504
18254 # 1504
18255 # 1504
18256 # 1504
18259 # 1504
18259 # 1504
18282 # 1504
18282 # 1504
18282 # 1504
18282 # 1504
18282 # 1504
18282 # 1504
18282 # 1504
18282 # 1504
18283 # 1504
18283 # 1504
18296 + 92
18296 + 92
18296 + 92
18299 + 92
18301 + 92
18304 + 92
18304 + 92
18305 # 1504
18305 - 92 9
18305 - 92 9
18305 - 92 9
18305 - 92 6
18305 - 92 4
18305 - 92 1
18305 - 92 1
18305 # 1504
18305 # 1504
18306 # 1504
18306 # 1504
18306 # 1504
18306 # 1504
18306 # 1504
18306 # 1504
18306 # 1504
18306 # 1504
18307 # 1504
18307 # 1504
18307 # 1504
18307 # 1504
18307 # 1504
18307 # 1504
18307 + 92
18309 # 1504
18309 - 92 2
18309 # 1504
18310 # 1504
18310 + 92
18313 + 92
18316 # 1504
18316 - 92 6
18316 - 92 3
18316 # 1504
18316 # 1504
18317 # 1504
18317 # 1504
18317 + 92
18318 # 1504
18318 - 92 1
18319 # 1504
18321 + 92
18323 # 1504
18323 - 92 2
18324 + 92
18328 + 92
18331 # 1504
18331 - 92 7
18331 - 92 3
18331 # 1504
18331 # 1504
18332 + 92
18334 # 1504
18334 - 92 2
18334 # 1504
18334 # 1504
18334 # 1504
18334 # 1504
18334 # 1504
18335 # 1504
18335 + 92
18336 # 1504
18336 - 92 1
18337 # 1504
18337 + 92
18338 # 1504
18338 - 92 1
18339 # 1504
18341 + 92
18342 + 92
18345 + 92
18348 + 92
18349 # 1504
18349 - 92 8
18349 - 92 7
18349 - 92 4
18349 - 92 1
18349 # 1504
18349 # 1504
18349 # 1504
18349 # 1504
18349 # 1504
18349 # 1504
18349 # 1504
18350 # 1504
18351 # 1504
18351 + 92
18352 # 1504
18352 - 92 1
18353 # 1504
18354 + 92
18359 + 92
18359 + 92
18362 # 1504
18362 - 92 8
18362 - 92 3
18362 - 92 3
18362 # 1504
18362 # 1504
18363 # 1504
18363 # 1504
18363 # 1504
18363 # 1504
18363 # 1504
18363 # 1504
18364 + 92
18365 + 92
18368 + 92
18370 + 92
18374 # 1504
18374 - 92 10
18374 - 92 9
18374 - 92 6
18374 - 92 4
18377 # 1504
18377 # 1504
18378 # 1504
18378 # 1504
18378 # 1504
18378 # 1504
18378 # 1504
18381 + 92
18381 + 92
18381 + 92
18381 + 92
18383 # 1504
18383 - 92 2
18383 - 92 2
18383 - 92 2
18383 - 92 2
18383 # 1504
18383 # 1504
18383 # 1504
18383 + 92
18384 # 1504
18384 - 92 1
18385 # 1504
18386 + 92
18387 # 1504
18387 - 92 1
18388 # 1504
18389 # 1504
18389 + 92
18390 # 1504
18390 - 92 1
18391 # 1504
18391 + 92
18392 # 1504
18392 - 92 1
18393 + 92
18396 + 92
18398 + 92
18401 + 92
18407 # 1504
18407 - 92 14
18407 - 92 11
18407 - 92 9
18407 - 92 6
18407 # 1504
18407 # 1504
18407 # 1504
18407 # 1504
18411 + 92
18411 + 92
18411 + 92
18411 + 92
18414 # 1504
18414 - 92 3
18414 - 92 3
18414 - 92 3
18414 - 92 3
18414 # 1504
18415 # 1504
18415 # 1504
18417 # 1504
18422 + 92
18422 + 92
18422 + 92
18422 + 92
18423 # 1504
18423 - 92 1
18423 - 92 1
18423 - 92 1
18423 - 92 1
18423 # 1504
18423 # 1504
18423 # 1504
18423 # 1504
18431 + 92
18431 + 92
18431 + 92
18431 + 92
18434 # 1504
18434 - 92 3
18434 - 92 3
18434 - 92 3
18434 - 92 3
18434 # 1504
18434 # 1504
18442 + 92
18442 + 92
18442 + 92
18443 # 1504
18443 - 92 1
18443 - 92 1
18443 - 92 1
18443 # 1504
18443 + 92
18444 # 1504
18444 - 92 1
18445 # 1504
18451 # 1504
18451 # 1504
18451 # 1504
18451 # 1504
18452 + 92
18452 + 92
18452 + 92
18452 + 92
18452 + 92
18456 # 1504
18456 - 92 4
18456 - 92 4
18456 - 92 4
18456 - 92 4
18456 - 92 4
18456 # 1504
18460 # 1504
18461 # 1504
18461 # 1504
18461 # 1504
18461 + 92
18461 + 92
18461 + 92
18461 + 92
18461 + 92
18464 # 1504
18464 - 92 3
18464 - 92 3
18464 - 92 3
18464 - 92 3
18464 - 92 3
18466 # 1504
18466 + 92
18466 + 92
18467 # 1504
18467 - 92 1
18467 - 92 1
18468 + 92
18469 + 92
18471 + 92
18473 # 1504
18473 - 92 5
18473 - 92 4
18473 - 92 2
18480 + 92
18481 + 92
18481 + 92
18481 + 92
18483 # 1504
18483 - 92 3
18483 - 92 2
18483 - 92 2
18483 - 92 2
18483 # 1504
18483 # 1504
18483 # 1504
18483 + 92
18485 # 1504
18485 - 92 2
18485 # 1504
18486 + 92
18486 + 92
18487 # 1504
18487 - 92 1
18487 - 92 1
18488 + 92
18489 # 1504
18489 - 92 1
18495 # 1504
18500 # 1504
18500 + 92
18500 + 92
18500 + 92
18500 + 92
18500 + 92
18502 + 92
18504 # 1504
18504 - 92 4
18504 - 92 4
18504 - 92 4
18504 - 92 4
18504 - 92 4
18504 - 92 2
18508 # 1504
18511 + 92
18511 + 92
18511 + 92
18511 + 92
18514 # 1504
18514 - 92 3
18514 - 92 3
18514 - 92 3
18514 - 92 3
18514 + 92
18516 + 92
18520 # 1504
18520 - 92 6
18520 - 92 4
18523 + 92
18523 + 92
18523 + 92
18523 + 92
18530 # 1504
18530 - 92 7
18530 - 92 7
18530 - 92 7
18530 - 92 7
18531 + 92
18531 + 92
18531 + 92
18532 + 92
18533 # 1504
18533 - 92 2
18533 - 92 2
18533 - 92 2
18533 - 92 1
18535 + 92
18538 # 1504
18538 - 92 3
18541 + 92
18541 + 92
18541 + 92
18546 # 1504
18546 - 92 5
18546 - 92 5
18546 - 92 5
18550 + 92
18550 + 92
18550 + 92
18552 + 92
18553 # 1504
18553 - 92 3
18553 - 92 3
18553 - 92 3
18553 - 92 1
18558 # 1504
18562 + 92
18562 + 92
18562 + 92
18562 + 92
18564 # 1504
18564 - 92 2
18564 - 92 2
18564 - 92 2
18564 - 92 2
18571 + 92
18571 + 92
18571 + 92
18571 + 92
18571 + 92
18573 # 1504
18573 - 92 2
18573 - 92 2
18573 - 92 2
18573 - 92 2
18573 - 92 2
18577 # 1504
18581 + 92
18583 + 92
18583 + 92
18583 + 92
18583 + 92
18584 # 1504
18584 - 92 3
18584 - 92 1
18584 - 92 1
18584 - 92 1
18584 - 92 1
18592 + 92
18595 + 92
18595 + 92
18595 + 92
18595 + 92
18595 + 92
18596 + 92
18599 # 1504
18599 - 92 7
18599 - 92 4
18599 - 92 4
18599 - 92 4
18599 - 92 4
18599 - 92 4
18599 - 92 3
18599 # 1504
18599 + 92
18600 + 92
18602 # 1504
18602 - 92 3
18602 - 92 2
18606 # 1504
18612 + 92
18613 # 1504
18613 - 92 1
18613 + 92
18613 + 92
18613 + 92
18613 + 92
18617 # 1504
18617 - 92 4
18617 - 92 4
18617 - 92 4
18617 - 92 4
18621 + 92
18621 + 92
18621 + 92
18621 + 92
18623 # 1504
18623 - 92 2
18623 - 92 2
18623 - 92 2
18623 - 92 2
18627 # 1504
18631 # 1504
18631 + 92
18631 + 92
18631 + 92
18631 + 92
18631 + 92
18635 + 92
18636 # 1504
18636 - 92 5
18636 - 92 5
18636 - 92 5
18636 - 92 5
18636 - 92 5
18636 - 92 1
18636 + 92
18639 + 92
18639 + 92
18640 + 92
18641 # 1504
18641 - 92 5
18641 - 92 2
18641 - 92 2
18641 - 92 1
18649 # 1504
18652 # 1504
18652 + 92
18652 + 92
18652 + 92
18652 + 92
18652 + 92
18654 # 1504
18654 - 92 2
18654 - 92 2
18654 - 92 2
18654 - 92 2
18654 - 92 2
18659 # 1504
18661 + 92
18661 + 92
18661 + 92
18661 + 92
18663 # 1504
18663 - 92 2
18663 - 92 2
18663 - 92 2
18663 - 92 2
18667 # 1504
18670 + 92
18672 # 1504
18672 - 92 2
18672 + 92
18672 + 92
18675 + 92
18675 + 92
18677 # 1504
18677 - 92 5
18677 - 92 5
18677 - 92 2
18677 - 92 2
18680 # 1504
18680 + 92
18680 + 92
18680 + 92
18687 + 92
18689 # 1504
18689 - 92 9
18689 - 92 9
18689 - 92 9
18689 - 92 2
18690 + 92
18690 + 92
18692 + 92
18692 + 92
18693 + 92
18695 + 92
18695 + 92
18698 # 1504
18698 - 92 8
18698 - 92 8
18698 - 92 6
18698 - 92 6
18698 - 92 5
18698 - 92 3
18698 - 92 3
18698 # 1504
18698 # 1504
18698 + 92
18699 # 1504
18699 - 92 1
18700 + 92
18701 # 1504
18701 - 92 1
18702 + 92
18704 # 1504
18704 - 92 2
18711 + 92
18711 + 92
18711 + 92
18711 + 92
18711 + 92
18713 + 92
18714 + 92
18716 # 1504
18716 - 92 5
18716 - 92 5
18716 - 92 5
18716 - 92 5
18716 - 92 5
18716 - 92 3
18716 - 92 2
18716 # 1504
18716 # 1504
18716 # 1504
18716 + 92
18717 + 92
18718 # 1504
18718 - 92 2
18718 - 92 1
18718 + 92
18722 # 1504
18722 - 92 4
18722 + 92
18722 + 92
18725 # 1504
18725 - 92 3
18725 - 92 3
18727 # 1504
18731 + 92
18731 + 92
18731 + 92
18731 + 92
18731 + 92
18731 + 92
18736 # 1504
18736 - 92 5
18736 - 92 5
18736 - 92 5
18736 - 92 5
18736 - 92 5
18736 - 92 5
18736 # 1504
18736 # 1504
18739 # 1504
18741 + 92
18742 # 1504
18742 - 92 1
18742 + 92
18742 + 92
18742 + 92
18742 + 92
18742 + 92
18746 # 1504
18746 - 92 4
18746 - 92 4
18746 - 92 4
18746 - 92 4
18746 - 92 4
18750 + 92
18751 + 92
18751 + 92
18751 + 92
18751 + 92
18751 + 92
18751 + 92
18751 + 92
18751 + 92
18751 + 92
18751 + 92
18751 + 92
18751 + 92
18758 # 1504
18758 - 92 8
18758 - 92 7
18758 - 92 7
18758 - 92 7
18758 - 92 7
18758 - 92 7
18758 - 92 7
18758 - 92 7
18758 - 92 7
18758 - 92 7
18758 - 92 7
18758 - 92 7
18758 - 92 7
18758 # 1504
18758 # 1504
18758 # 1504
18758 # 1504
18761 # 1504
18761 + 92
18761 + 92
18761 + 92
18761 + 92
18761 + 92
18761 + 92
18761 + 92
18761 + 92
18761 + 92
18761 + 92
18761 + 92
18761 + 92
18761 + 92
18763 # 1504
18763 - 92 2
18763 - 92 2
18763 - 92 2
18763 - 92 2
18763 - 92 2
18763 - 92 2
18763 - 92 2
18763 - 92 2
18763 - 92 2
18763 - 92 2
18763 - 92 2
18763 - 92 2
18763 - 92 2
18763 + 92
18764 # 1504
18764 - 92 1
18766 # 1504
18769 + 92
18769 + 92
18769 + 92
18769 + 92
18769 + 92
18769 + 92
18769 + 92
18769 + 92
18769 + 92
18769 + 92
18771 + 92
18772 + 92
18772 + 92
18773 + 92
18773 + 92
18776 # 1504
18776 - 92 7
18776 - 92 7
18776 - 92 7
18776 - 92 7
18776 - 92 7
18776 - 92 7
18776 - 92 7
18776 - 92 7
18776 - 92 7
18776 - 92 7
18776 - 92 5
18776 - 92 4
18776 - 92 4
18776 - 92 3
18776 - 92 3
18776 # 1504
18776 # 1504
18776 # 1504
18776 + 92
18777 + 92
18777 + 92
18777 + 92
18777 + 92
18778 # 1504
18778 - 92 2
18778 - 92 1
18778 - 92 1
18778 - 92 1
18778 - 92 1
18778 + 92
18778 + 92
18780 # 1504
18780 - 92 2
18780 - 92 2
18780 + 92
18780 + 92
18780 + 92
18782 + 92
18782 + 92
18782 + 92
18784 # 1504
18784 - 92 4
18784 - 92 4
18784 - 92 4
18784 - 92 2
18784 - 92 2
18784 - 92 2
18784 + 92
18786 # 1504
18786 - 92 2
18786 + 92
18786 + 92
18786 + 92
18786 + 92
18787 # 1504
18787 - 92 1
18787 - 92 1
18787 - 92 1
18787 - 92 1
18787 + 92
18788 + 92
18789 + 92
18789 + 92
18789 + 92
18790 # 1504
18790 - 92 3
18790 - 92 2
18790 - 92 1
18790 - 92 1
18790 - 92 1
18791 + 92
18793 # 1504
18793 - 92 2
18795 # 1504
18796 + 92
18796 + 92
18796 + 92
18796 + 92
18796 + 92
18796 + 92
18796 + 92
18796 + 92
18796 + 92
18797 + 92
18799 + 92
18799 + 92
18799 + 92
18801 + 92
18801 + 92
18801 + 92
18803 # 1504
18803 - 92 7
18803 - 92 7
18803 - 92 7
18803 - 92 7
18803 - 92 7
18803 - 92 7
18803 - 92 7
18803 - 92 7
18803 - 92 7
18803 - 92 6
18803 - 92 4
18803 - 92 4
18803 - 92 4
18803 - 92 2
18803 - 92 2
18803 - 92 2
18803 # 1504
18804 # 1504
18804 # 1504
18804 + 92
18804 + 92
18806 + 92
18807 + 92
18807 + 92
18807 + 92
18808 + 92
18808 + 92
18809 + 92
18810 + 92
18811 # 1504
18811 - 92 7
18811 - 92 7
18811 - 92 5
18811 - 92 4
18811 - 92 4
18811 - 92 4
18811 - 92 3
18811 - 92 3
18811 - 92 2
18811 - 92 1
18811 # 1504
18812 # 1504
18812 + 92
18812 + 92
18815 # 1504
18815 - 92 3
18815 - 92 3
18819 # 1504
18820 # 1504
18821 + 92
18821 + 92
18821 + 92
18821 + 92
18821 + 92
18822 # 1504
18822 - 92 1
18822 - 92 1
18822 - 92 1
18822 - 92 1
18822 - 92 1
18822 + 92
18822 + 92
18822 + 92
18822 + 92
18822 + 92
18822 + 92
18822 + 92
18823 + 92
18823 + 92
18824 # 1504
18824 - 92 2
18824 - 92 2
18824 - 92 2
18824 - 92 2
18824 - 92 2
18824 - 92 2
18824 - 92 2
18824 - 92 1
18824 - 92 1
18825 + 92
18825 + 92
18825 + 92
18827 + 92
18827 + 92
18828 + 92
18828 + 92
18830 + 92
18830 + 92
18831 + 92
18831 + 92
18831 + 92
18834 # 1504
18834 - 92 9
18834 - 92 9
18834 - 92 9
18834 - 92 7
18834 - 92 7
18834 - 92 6
18834 - 92 6
18834 - 92 4
18834 - 92 4
18834 - 92 3
18834 - 92 3
18834 - 92 3
18834 # 1504
18834 # 1504
18834 # 1504
18836 # 1504
18838 # 1504
18840 # 1504
18842 # 1504
18842 + 92
18842 + 92
18842 + 92
18842 + 92
18842 + 92
18842 + 92
18842 + 92
18842 + 92
18842 + 92
18842 + 92
18842 + 92
18842 + 92
18842 + 92
18844 # 1504
18844 - 92 2
18844 - 92 2
18844 - 92 2
18844 - 92 2
18844 - 92 2
18844 - 92 2
18844 - 92 2
18844 - 92 2
18844 - 92 2
18844 - 92 2
18844 - 92 2
18844 - 92 2
18844 - 92 2
18851 # 1504
18851 # 1504
18851 # 1504
18851 + 92
18851 + 92
18851 + 92
18851 + 92
18851 + 92
18851 + 92
18851 + 92
18852 + 92
18852 + 92
18852 + 92
18852 + 92
18852 + 92
18852 + 92
18853 # 1504
18853 - 92 2
18853 - 92 2
18853 - 92 2
18853 - 92 2
18853 - 92 2
18853 - 92 2
18853 - 92 2
18853 - 92 1
18853 - 92 1
18853 - 92 1
18853 - 92 1
18853 - 92 1
18853 - 92 1
18856 # 1504
18856 # 1504
18858 # 1504
18860 # 1504
18862 # 1504
18862 + 92
18862 + 92
18862 + 92
18862 + 92
18862 + 92
18862 + 92
18862 + 92
18862 + 92
18862 + 92
18862 + 92
18862 + 92
18862 + 92
18862 + 92
18862 + 92
18864 # 1504
18864 - 92 2
18864 - 92 2
18864 - 92 2
18864 - 92 2
18864 - 92 2
18864 - 92 2
18864 - 92 2
18864 - 92 2
18864 - 92 2
18864 - 92 2
18864 - 92 2
18864 - 92 2
18864 - 92 2
18864 - 92 2
18866 # 1504
18868 # 1504
18871 + 92
18871 + 92
18871 + 92
18871 + 92
18871 + 92
18871 + 92
18871 + 92
18871 + 92
18872 + 92
18872 + 92
18872 + 92
18872 + 92
18873 + 92
18873 + 92
18875 + 92
18875 + 92
18875 + 92
18875 + 92
18876 + 92
18878 + 92
18878 + 92
18878 + 92
18879 # 1504
18879 - 92 8
18879 - 92 8
18879 - 92 8
18879 - 92 8
18879 - 92 8
18879 - 92 8
18879 - 92 8
18879 - 92 8
18879 - 92 7
18879 - 92 7
18879 - 92 7
18879 - 92 7
18879 - 92 6
18879 - 92 6
18879 - 92 4
18879 - 92 4
18879 # 1504
18879 - 92 4
18879 - 92 4
18879 - 92 3
18879 - 92 1
18879 - 92 1
18879 - 92 1
18879 # 1504
18879 # 1504
18879 # 1504
18879 + 92
18880 + 92
18881 # 1504
18881 - 92 2
18881 - 92 1
18882 + 92
18882 + 92
18883 # 1504
18883 - 92 1
18883 - 92 1
18884 + 92
18884 + 92
18885 # 1504
18885 - 92 1
18885 - 92 1
18886 + 92
18886 + 92
18886 + 92
18886 + 92
18887 # 1504
18887 - 92 1
18887 - 92 1
18887 - 92 1
18887 - 92 1
18888 + 92
18889 # 1504
18889 - 92 1
18889 + 92
18890 + 92
18890 + 92
18891 # 1504
18891 - 92 2
18891 - 92 1
18891 - 92 1
18893 # 1504
18894 # 1504
18900 + 92
18901 + 92
18903 + 92
18903 + 92
18903 + 92
18903 + 92
18903 + 92
18903 + 92
18903 + 92
18903 + 92
18903 + 92
18903 + 92
18903 + 92
18906 # 1504
18906 - 92 6
18906 - 92 5
18906 - 92 3
18906 - 92 3
18906 - 92 3
18906 - 92 3
18906 - 92 3
18906 - 92 3
18906 - 92 3
18906 - 92 3
18906 - 92 3
18906 - 92 3
18906 - 92 3
18906 # 1504
18906 # 1504
18906 # 1504
18906 # 1504
18906 # 1504
18911 + 92
18912 + 92
18912 + 92
18912 + 92
18912 + 92
18912 + 92
18912 + 92
18912 + 92
18912 + 92
18912 + 92
18912 + 92
18913 + 92
18917 # 1504
18917 - 92 6
18917 - 92 5
18917 - 92 5
18917 - 92 5
18917 - 92 5
18917 - 92 5
18917 - 92 5
18917 - 92 5
18917 - 92 5
18917 - 92 5
18917 - 92 5
18917 - 92 4
18917 # 1504
18917 # 1504
18917 # 1504
18918 # 1504
18918 # 1504
18920 # 1504
18922 # 1504
18923 + 92
18923 + 92
18923 + 92
18923 + 92
18923 + 92
18923 + 92
18923 + 92
18923 + 92
18923 + 92
18923 + 92
18923 + 92
18923 + 92
18924 # 1504
18924 - 92 1
18924 - 92 1
18924 - 92 1
18924 - 92 1
18924 - 92 1
18924 - 92 1
18924 - 92 1
18924 - 92 1
18924 - 92 1
18924 - 92 1
18924 - 92 1
18924 - 92 1
18925 + 92
18925 + 92
18925 + 92
18927 + 92
18928 + 92
18929 + 92
18930 + 92
18931 + 92
18931 + 92
18931 + 92
18932 # 1504
18932 - 92 7
18932 - 92 7
18932 - 92 7
18932 - 92 5
18932 - 92 4
18932 - 92 3
18932 - 92 2
18932 - 92 1
18932 - 92 1
18932 - 92 1
18932 # 1504
18932 # 1504
18933 # 1504
18933 + 92
18933 + 92
18933 + 92
18935 + 92
18936 # 1504
18936 - 92 3
18936 - 92 3
18936 - 92 3
18936 - 92 1
18937 + 92
18937 + 92
18937 + 92
18937 + 92
18938 # 1504
18938 - 92 1
18938 - 92 1
18938 - 92 1
18938 - 92 1
18938 + 92
18939 # 1504
18939 - 92 1
18941 + 92
18941 + 92
18941 + 92
18942 # 1504
18942 - 92 1
18942 - 92 1
18942 - 92 1
18942 + 92
18942 + 92
18943 + 92
18943 + 92
18945 # 1504
18945 - 92 3
18945 - 92 3
18945 - 92 2
18945 - 92 2
18948 + 92
18948 + 92
18948 + 92
18948 + 92
18948 + 92
18948 + 92
18950 + 92
18954 # 1504
18954 - 92 6
18954 - 92 6
18954 - 92 6
18954 - 92 6
18954 - 92 6
18954 - 92 6
18954 - 92 4
18954 # 1504
18954 # 1504
18954 # 1504
18957 # 1504
18957 # 1504
18959 # 1504
18961 # 1504
18964 # 1504
18967 # 1504
18967 # 1504
18968 # 1504
18971 # 1504
18972 # 1504
18974 # 1504
18975 # 1504
18977 # 1504
18979 # 1504
18981 # 1504
18984 # 1504
18984 # 1504
18986 # 1504
18988 # 1504
18990 # 1504
18993 # 1504
18995 # 1504
18996 # 1504
18997 # 1504
18997 + 92
18997 + 92
18997 + 92
18999 # 1504
18999 - 92 2
18999 - 92 2
18999 - 92 2
18999 + 92
19000 + 92
19000 + 92
19000 + 92
19001 # 1504
19001 - 92 2
19001 - 92 1
19001 - 92 1
19001 - 92 1
19001 + 92
19001 + 92
19003 # 1504
19003 - 92 2
19003 - 92 2
19005 # 1504
19006 # 1504
19008 # 1504
19010 # 1504
19012 + 92
19012 + 92
19012 + 92
19012 + 92
19012 + 92
19012 + 92
19012 + 92
19012 + 92
19012 + 92
19012 + 92
19012 + 92
19013 # 1504
19013 - 92 1
19013 - 92 1
19013 - 92 1
19013 - 92 1
19013 - 92 1
19013 - 92 1
19013 - 92 1
19013 - 92 1
19013 - 92 1
19013 - 92 1
19013 - 92 1
19013 # 1504
19018 # 1504
19018 # 1504
19019 + 92
19020 # 1504
19020 - 92 1
19021 # 1504
19023 # 1504
19024 # 1504
19026 # 1504
19028 # 1504
19030 # 1504
19034 # 1504
19034 # 1504
19035 # 1504
19037 # 1504
19038 # 1504
19044 # 1504
19045 # 1504
19045 # 1504
19046 # 1504
19048 # 1504
19050 # 1504
19052 # 1504
19053 # 1504
19055 # 1504
19056 + 92
19057 # 1504
19057 - 92 1
19058 + 92
19059 # 1504
19059 - 92 1
19060 + 92
19060 + 92
19061 # 1504
19061 - 92 1
19061 - 92 1
19062 # 1504
19063 + 92
19065 + 92
19065 + 92
19066 # 1504
19066 - 92 3
19066 - 92 1
19066 - 92 1
19066 # 1504
19068 # 1504
19070 + 92
19070 + 92
19070 + 92
19072 + 92
19073 # 1504
19073 - 92 3
19073 - 92 3
19073 - 92 3
19073 - 92 1
19073 # 1504
19073 # 1504
19076 # 1504
19077 # 1504
19078 # 1504
19080 + 92
19080 + 92
19080 + 92
19081 # 1504
19081 - 92 1
19081 - 92 1
19081 - 92 1
19081 + 92
19081 + 92
19081 + 92
19082 # 1504
19082 - 92 1
19082 - 92 1
19082 - 92 1
19082 + 92
19082 + 92
19085 # 1504
19085 - 92 3
19085 - 92 3
19086 # 1504
19087 # 1504
19089 # 1504
19089 + 92
19089 + 92
19089 + 92
19091 # 1504
19091 - 92 2
19091 - 92 2
19091 - 92 2
19094 # 1504
19095 # 1504
19096 # 1504
19098 # 1504
19099 # 1504
19101 # 1504
19102 # 1504
19104 # 1504
19110 # 1504
19110 # 1504
19110 # 1504
19111 # 1504
19113 # 1504
19115 # 1504
19116 # 1504
19118 # 1504
19119 # 1504
19120 + 92
19120 + 92
19120 + 92
19121 # 1504
19121 - 92 1
19121 - 92 1
19121 - 92 1
19122 # 1504
19123 + 92
19123 + 92
19124 # 1504
19124 - 92 1
19124 - 92 1
19125 + 92
19125 + 92
19127 # 1504
19127 - 92 2
19127 - 92 2
19127 + 92
19128 # 1504
19128 - 92 1
19129 # 1504
19129 + 92
19129 + 92
19130 # 1504
19130 - 92 1
19130 - 92 1
19131 + 92
19133 # 1504
19133 - 92 2
19133 + 92
19135 # 1504
19135 - 92 2
19136 # 1504
19136 + 92
19136 + 92
19138 # 1504
19138 - 92 2
19138 - 92 2
19138 + 92
19139 # 1504
19139 - 92 1
19140 + 92
19140 + 92
19141 + 92
19148 # 1504
19148 - 92 8
19148 - 92 8
19148 - 92 7
19148 # 1504
19149 # 1504
19149 # 1504
19149 # 1504
19151 # 1504
19152 # 1504
19152 + 92
19152 + 92
19152 + 92
19152 + 92
19152 + 92
19152 + 92
19152 + 92
19153 # 1504
19153 - 92 1
19153 - 92 1
19153 - 92 1
19153 - 92 1
19153 - 92 1
19153 - 92 1
19153 - 92 1
19153 + 92
19155 # 1504
19155 - 92 2
19155 + 92
19156 # 1504
19156 - 92 1
19156 + 92
19157 + 92
19159 # 1504
19159 - 92 3
19159 - 92 2
19159 + 92
19161 # 1504
19161 - 92 2
19161 # 1504
19161 + 92
19163 # 1504
19163 - 92 2
19165 # 1504
19166 # 1504
19172 + 92
19172 + 92
19172 + 92
19172 + 92
19175 # 1504
19175 - 92 3
19175 - 92 3
19175 - 92 3
19175 - 92 3
19176 # 1504
19176 # 1504
19176 # 1504
19176 # 1504
19176 + 92
19176 + 92
19176 + 92
19176 + 92
19177 # 1504
19177 - 92 1
19177 - 92 1
19177 - 92 1
19177 - 92 1
19177 + 92
19177 + 92
19179 # 1504
19179 - 92 2
19179 - 92 2
19180 # 1504
19182 # 1504
19184 # 1504
19185 # 1504
19186 + 92
19186 + 92
19186 + 92
19186 + 92
19187 # 1504
19187 - 92 1
19187 - 92 1
19187 - 92 1
19187 - 92 1
19188 # 1504
19188 + 92
19188 + 92
19188 + 92
19189 + 92
19191 # 1504
19191 - 92 3
19191 - 92 3
19191 - 92 3
19191 - 92 2
19191 # 1504
19192 + 92
19192 + 92
19194 # 1504
19194 - 92 2
19194 - 92 2
19194 + 92
19195 # 1504
19195 - 92 1
19195 + 92
19197 # 1504
19197 - 92 2
19198 # 1504
19198 + 92
19198 + 92
19200 # 1504
19200 - 92 2
19200 - 92 2
19200 + 92
19200 + 92
19201 # 1504
19201 - 92 1
19201 - 92 1
19203 # 1504
19205 # 1504
19206 # 1504
19208 # 1504
19209 + 92
19209 + 92
19209 + 92
19210 # 1504
19210 - 92 1
19210 - 92 1
19210 - 92 1
19211 # 1504
19213 # 1504
19214 + 92
19214 + 92
19214 + 92
19214 + 92
19214 + 92
19215 # 1504
19215 - 92 1
19215 - 92 1
19215 - 92 1
19215 - 92 1
19215 - 92 1
19216 # 1504
19216 + 92
19217 + 92
19218 + 92
19219 # 1504
19219 - 92 3
19219 - 92 2
19219 - 92 1
19220 # 1504
19222 # 1504
19223 # 1504
19225 # 1504
19228 # 1504
19228 # 1504
19228 + 92
19228 + 92
19228 + 92
19228 + 92
19230 # 1504
19230 - 92 2
19230 - 92 2
19230 - 92 2
19230 - 92 2
19230 + 92
19230 + 92
19230 + 92
19230 + 92
19231 # 1504
19231 - 92 1
19231 - 92 1
19231 - 92 1
19231 - 92 1
19233 # 1504
19235 # 1504
19236 # 1504
19238 # 1504
19239 # 1504
19241 # 1504
19241 + 92
19241 + 92
19241 + 92
19241 + 92
19241 + 92
19241 + 92
19242 # 1504
19242 - 92 1
19242 - 92 1
19242 - 92 1
19242 - 92 1
19242 - 92 1
19242 - 92 1
19245 # 1504
19246 # 1504
19247 # 1504
19249 # 1504
19250 + 92
19250 + 92
19250 + 92
19251 # 1504
19251 - 92 1
19251 - 92 1
19251 - 92 1
19252 # 1504
19254 # 1504
19254 + 92
19255 + 92
19255 + 92
19255 + 92
19255 + 92
19257 # 1504
19257 - 92 3
19257 - 92 2
19257 - 92 2
19257 - 92 2
19257 - 92 2
19257 # 1504
19257 + 92
19259 # 1504
19259 - 92 2
19261 # 1504
19263 # 1504
19264 # 1504
19265 # 1504
19266 + 92
19266 + 92
19266 + 92
19266 + 92
19266 + 92
19267 # 1504
19267 - 92 1
19267 - 92 1
19267 - 92 1
19267 - 92 1
19267 - 92 1
19269 # 1504
19270 # 1504
19271 # 1504
19271 + 92
19273 # 1504
19273 - 92 2
19273 + 92
19276 # 1504
19276 - 92 3
19276 # 1504
19276 + 92
19276 + 92
19278 # 1504
19278 - 92 2
19278 - 92 2
19279 # 1504
19281 # 1504
19284 + 92
19284 + 92
19284 + 92
19284 + 92
19284 + 92
19287 # 1504
19287 - 92 3
19287 - 92 3
19287 - 92 3
19287 - 92 3
19287 - 92 3
19287 # 1504
19287 # 1504
19288 # 1504
19289 # 1504
19290 # 1504
19292 # 1504
19293 # 1504
19294 # 1504
19294 + 92
19294 + 92
19294 + 92
19294 + 92
19295 # 1504
19295 - 92 1
19295 - 92 1
19295 - 92 1
19295 - 92 1
19300 + 92
19300 + 92
19302 + 92
19302 + 92
19302 + 92
19302 + 92
19304 + 92
19305 + 92
19306 # 1504
19306 - 92 6
19306 - 92 6
19306 - 92 4
19306 - 92 4
19306 - 92 4
19306 - 92 4
19306 - 92 2
19306 - 92 1
19306 # 1504
19306 # 1504
19306 # 1504
19306 # 1504
19306 # 1504
19307 # 1504
19307 + 92
19309 + 92
19310 + 92
19312 + 92
19314 + 92
19316 # 1504
19316 - 92 9
19316 - 92 7
19316 - 92 6
19316 - 92 4
19316 - 92 2
19316 # 1504
19316 # 1504
19316 # 1504
19317 # 1504
19317 # 1504
19317 # 1504
19317 # 1504
19317 + 92
19317 + 92
19318 # 1504
19318 - 92 1
19318 - 92 1
19319 + 92
19319 + 92
19320 # 1504
19320 - 92 1
19320 - 92 1
19321 + 92
19322 + 92
19323 # 1504
19323 - 92 2
19323 - 92 1
19324 # 1504
19324 + 92
19325 # 1504
19325 - 92 1
19326 # 1504
19326 + 92
19328 # 1504
19328 - 92 2
19328 + 92
19328 + 92
19330 # 1504
19330 - 92 2
19330 - 92 2
19330 + 92
19331 # 1504
19331 - 92 1
19332 + 92
19333 # 1504
19333 - 92 1
19333 + 92
19334 # 1504
19334 - 92 1
19335 + 92
19337 # 1504
19337 - 92 2
19337 + 92
19337 + 92
19338 # 1504
19338 - 92 1
19338 - 92 1
19339 # 1504
19340 + 92
19340 + 92
19341 # 1504
19341 - 92 1
19341 - 92 1
19342 # 1504
19344 # 1504
19346 # 1504
19347 # 1504
19349 # 1504
19349 + 92
19349 + 92
19349 + 92
19349 + 92
19350 # 1504
19350 - 92 1
19350 - 92 1
19350 - 92 1
19350 - 92 1
19351 + 92
19351 + 92
19352 # 1504
19352 - 92 1
19352 - 92 1
19352 + 92
19353 + 92
19355 # 1504
19355 - 92 3
19355 - 92 2
19355 + 92
19356 # 1504
19356 - 92 1
19357 # 1504
19357 + 92
19358 # 1504
19358 - 92 1
19359 + 92
19359 + 92
19360 # 1504
19360 - 92 1
19360 - 92 1
19361 # 1504
19361 + 92
19362 + 92
19363 # 1504
19363 - 92 2
19363 - 92 1
19364 + 92
19365 # 1504
19365 - 92 1
19366 # 1504
19366 + 92
19367 + 92
19368 # 1504
19368 - 92 2
19368 - 92 1
19369 # 1504
19372 # 1504
19373 # 1504
19374 # 1504
19375 + 92
19375 + 92
19375 + 92
19376 # 1504
19376 - 92 1
19376 - 92 1
19376 - 92 1
19378 # 1504
19379 # 1504
19381 + 92
19381 + 92
19381 + 92
19381 + 92
19381 + 92
19382 # 1504
19382 - 92 1
19382 - 92 1
19382 - 92 1
19382 - 92 1
19382 - 92 1
19383 # 1504
19384 # 1504
19386 # 1504
19387 # 1504
19389 # 1504
19390 # 1504
19392 # 1504
19392 + 92
19392 + 92
19392 + 92
19392 + 92
19393 + 92
19393 + 92
19396 # 1504
19396 - 92 4
19396 - 92 4
19396 - 92 4
19396 - 92 4
19396 - 92 3
19396 - 92 3
19397 # 1504
19398 # 1504
19400 # 1504
19401 # 1504
19401 + 92
19401 + 92
19401 + 92
19401 + 92
19401 + 92
19403 # 1504
19403 - 92 2
19403 - 92 2
19403 - 92 2
19403 - 92 2
19403 - 92 2
19405 # 1504
19409 # 1504
19410 # 1504
19410 + 92
19410 + 92
19411 # 1504
19411 - 92 1
19411 - 92 1
19412 # 1504
19413 # 1504
19414 # 1504
19414 + 92
19414 + 92
19414 + 92
19414 + 92
19415 # 1504
19415 - 92 1
19415 - 92 1
19415 - 92 1
19415 - 92 1
19417 # 1504
19418 # 1504
19419 # 1504
19420 + 92
19421 + 92
19421 + 92
19422 + 92
19428 # 1504
19428 - 92 8
19428 - 92 7
19428 - 92 7
19428 - 92 6
19429 # 1504
19429 # 1504
19429 # 1504
19430 + 92
19430 + 92
19430 + 92
19430 + 92
19431 + 92
19433 + 92
19433 + 92
19436 # 1504
19436 - 92 6
19436 - 92 6
19436 - 92 6
19436 - 92 6
19436 - 92 5
19436 - 92 3
19436 - 92 3
19436 # 1504
19436 # 1504
19436 # 1504
19436 # 1504
19436 # 1504
19436 + 92
19436 + 92
19440 + 92
19440 + 92
19442 + 92
19443 + 92
19445 # 1504
19445 - 92 9
19445 - 92 9
19445 - 92 5
19445 - 92 5
19445 - 92 3
19445 - 92 2
19445 # 1504
19445 # 1504
19445 + 92
19446 # 1504
19446 - 92 1
19446 # 1504
19446 # 1504
19447 + 92
19449 + 92
19451 + 92
19455 # 1504
19455 - 92 8
19455 - 92 6
19455 - 92 4
19457 # 1504
19457 # 1504
19458 # 1504
19460 # 1504
19460 # 1504
19461 # 1504
19461 # 1504
19462 # 1504
19463 # 1504
19467 # 1504
19469 # 1504
19469 # 1504
19471 # 1504
19472 # 1504
19475 # 1504
19478 # 1504
19479 # 1504
19481 # 1504
19484 # 1504
19487 # 1504
19489 # 1504
19491 # 1504
19491 + 92
19492 + 92
19492 + 92
19492 + 92
19492 + 92
19492 + 92
19492 + 92
19492 + 92
19492 + 92
19492 + 92
19492 + 92
19492 + 92
19492 + 92
19492 + 92
19492 + 92
19492 + 92
19492 + 92
19492 + 92
19492 + 92
19493 # 1504
19493 - 92 2
19493 - 92 1
19493 - 92 1
19493 - 92 1
19493 - 92 1
19493 - 92 1
19493 - 92 1
19493 - 92 1
19493 - 92 1
19493 - 92 1
19493 - 92 1
19493 - 92 1
19493 - 92 1
19493 - 92 1
19493 - 92 1
19493 - 92 1
19494 + 92
19494 + 92
19494 + 92
19494 + 92
19494 + 92
19494 + 92
19496 # 1504
19496 - 92 4
19496 - 92 4
19496 - 92 4
19496 - 92 2
19496 - 92 2
19496 - 92 2
19496 - 92 2
19496 - 92 2
19496 - 92 2
19497 + 92
19499 + 92
19499 + 92
19501 + 92
19506 # 1504
19506 - 92 9
19506 - 92 7
19506 - 92 7
19506 - 92 5
19506 # 1504
19507 # 1504
19507 # 1504
19508 # 1504
19510 # 1504
19511 # 1504
19511 + 92
19511 + 92
19511 + 92
19511 + 92
19512 # 1504
19512 - 92 1
19512 - 92 1
19512 - 92 1
19512 - 92 1
19512 + 92
19514 # 1504
19514 - 92 2
19518 # 1504
19518 # 1504
19520 # 1504
19520 + 92
19520 + 92
19520 + 92
19522 # 1504
19522 - 92 2
19522 - 92 2
19522 - 92 2
19524 # 1504
19526 # 1504
19528 # 1504
19530 # 1504
19531 # 1504
19531 + 92
19531 + 92
19531 + 92
19532 + 92
19532 + 92
19533 + 92
19535 # 1504
19535 - 92 4
19535 - 92 4
19535 - 92 4
19535 - 92 3
19535 - 92 3
19535 - 92 2
19535 + 92
19537 # 1504
19537 - 92 2
19539 # 1504
19539 + 92
19540 # 1504
19540 - 92 1
19540 + 92
19542 # 1504
19542 - 92 2
19543 # 1504
19544 + 92
19546 + 92
19547 + 92
19550 + 92
19551 + 92
19553 + 92
19555 # 1504
19555 - 92 11
19555 - 92 9
19555 - 92 8
19555 - 92 5
19555 - 92 4
19555 - 92 2
19555 # 1504
19555 # 1504
19555 # 1504
19555 # 1504
19555 # 1504
19556 # 1504
19557 + 92
19558 + 92
19559 # 1504
19559 - 92 2
19559 - 92 1
19560 + 92
19562 + 92
19565 + 92
19567 + 92
19570 # 1504
19570 - 92 10
19570 - 92 8
19570 - 92 5
19570 - 92 3
19570 # 1504
19570 # 1504
19570 # 1504
19570 # 1504
19570 # 1504
19571 # 1504
19573 # 1504
19573 + 92
19573 + 92
19574 + 92
19575 # 1504
19575 - 92 2
19575 - 92 2
19575 - 92 1
19576 + 92
19577 # 1504
19577 - 92 1
19579 + 92
19580 # 1504
19580 - 92 1
19580 + 92
19582 # 1504
19582 - 92 2
19582 + 92
19583 # 1504
19583 - 92 1
19585 + 92
19586 # 1504
19586 - 92 1
19587 # 1504
19587 + 92
19588 + 92
19589 # 1504
19589 - 92 2
19589 - 92 1
19590 # 1504
19591 + 92
19592 # 1504
19592 - 92 1
19595 # 1504
19597 # 1504
19598 # 1504
19599 # 1504
19600 + 92
19600 + 92
19600 + 92
19601 + 92
19607 + 92
19607 + 92
19608 # 1504
19608 - 92 8
19608 - 92 8
19608 - 92 8
19608 - 92 7
19608 - 92 1
19608 - 92 1
19608 # 1504
19608 + 92
19609 # 1504
19609 - 92 1
19609 # 1504
19609 # 1504
19612 # 1504
19613 # 1504
19613 + 92
19614 # 1504
19614 - 92 1
19614 + 92
19614 + 92
19614 + 92
19616 # 1504
19616 - 92 2
19616 - 92 2
19616 - 92 2
19616 + 92
19618 + 92
19619 # 1504
19619 - 92 3
19619 - 92 1
19620 # 1504
19621 # 1504
19621 + 92
19622 + 92
19623 # 1504
19623 - 92 2
19623 - 92 1
19624 # 1504
19625 + 92
19626 # 1504
19626 - 92 1
19626 + 92
19628 # 1504
19628 - 92 2
19628 + 92
19631 # 1504
19631 - 92 3
19631 # 1504
19631 + 92
19631 + 92
19633 # 1504
19633 - 92 2
19633 - 92 2
19634 # 1504
19638 # 1504
19639 # 1504
19640 + 92
19640 + 92
19641 # 1504
19641 - 92 1
19641 - 92 1
19641 + 92
19641 + 92
19642 + 92
19643 # 1504
19643 - 92 2
19643 - 92 2
19643 - 92 1
19644 # 1504
19644 + 92
19646 # 1504
19646 - 92 2
19646 + 92
19647 + 92
19648 # 1504
19648 - 92 2
19648 - 92 1
19650 # 1504
19650 + 92
19651 + 92
19653 + 92
19655 + 92
19657 + 92
19659 + 92
19661 # 1504
19661 - 92 11
19661 - 92 10
19661 - 92 8
19661 - 92 6
19661 - 92 4
19661 - 92 2
19661 # 1504
19661 # 1504
19661 # 1504
19661 + 92
19662 # 1504
19662 - 92 1
19662 # 1504
19662 + 92
19663 # 1504
19663 - 92 1
19663 + 92
19665 # 1504
19665 - 92 2
19668 # 1504
19668 # 1504
19669 + 92
19669 + 92
19669 + 92
19670 # 1504
19670 - 92 1
19670 - 92 1
19670 - 92 1
19672 # 1504
19674 + 92
19675 # 1504
19675 - 92 1
19676 # 1504
19677 # 1504
19678 # 1504
19680 # 1504
19680 + 92
19680 + 92
19681 + 92
19681 + 92
19681 + 92
19681 + 92
19683 # 1504
19683 - 92 3
19683 - 92 3
19683 - 92 2
19683 - 92 2
19683 - 92 2
19683 - 92 2
19683 # 1504
19683 + 92
19685 # 1504
19685 - 92 2
19689 # 1504
19689 # 1504
19690 # 1504
19692 # 1504
19693 # 1504
19693 + 92
19694 + 92
19694 + 92
19694 + 92
19694 + 92
19697 # 1504
19697 - 92 4
19697 - 92 3
19697 - 92 3
19697 - 92 3
19697 - 92 3
19697 # 1504
19698 # 1504
19700 # 1504
19701 # 1504
19703 # 1504
19704 + 92
19704 + 92
19704 + 92
19704 + 92
19704 + 92
19706 # 1504
19706 - 92 2
19706 - 92 2
19706 - 92 2
19706 - 92 2
19706 - 92 2
19709 # 1504
19709 # 1504
19710 # 1504
19711 # 1504
19712 + 92
19712 + 92
19712 + 92
19712 + 92
19712 + 92
19712 + 92
19713 # 1504
19713 - 92 1
19713 - 92 1
19713 - 92 1
19713 - 92 1
19713 - 92 1
19713 - 92 1
19715 # 1504
19716 # 1504
19717 + 92
19717 + 92
19717 + 92
19719 + 92
19720 # 1504
19720 - 92 3
19720 - 92 3
19720 - 92 3
19720 - 92 1
19720 # 1504
19721 # 1504
19721 + 92
19722 # 1504
19722 - 92 1
19722 + 92
19724 # 1504
19724 - 92 2
19725 + 92
19728 # 1504
19728 - 92 3
19728 # 1504
19729 # 1504
19731 # 1504
19732 # 1504
19734 # 1504
19734 + 92
19734 + 92
19734 + 92
19734 + 92
19734 + 92
19736 # 1504
19736 - 92 2
19736 - 92 2
19736 - 92 2
19736 - 92 2
19736 - 92 2
19736 + 92
19737 # 1504
19737 - 92 1
19737 + 92
19739 # 1504
19739 - 92 2
19739 + 92
19741 # 1504
19741 - 92 2
19741 + 92
19742 # 1504
19742 - 92 1
19743 + 92
19744 + 92
19745 # 1504
19745 - 92 2
19745 - 92 1
19745 # 1504
19747 # 1504
19750 # 1504
19750 # 1504
19752 # 1504
19753 # 1504
19754 + 92
19754 + 92
19754 + 92
19755 + 92
19756 + 92
19757 # 1504
19757 - 92 3
19757 - 92 3
19757 - 92 3
19757 - 92 2
19757 - 92 1
19757 # 1504
19758 + 92
19759 + 92
19762 # 1504
19762 - 92 4
19762 - 92 3
19762 # 1504
19762 + 92
19763 + 92
19764 # 1504
19764 - 92 2
19764 - 92 1
19765 # 1504
19766 # 1504
19768 # 1504
19769 # 1504
19771 # 1504
19772 # 1504
19774 # 1504
19776 # 1504
19777 + 92
19777 + 92
19777 + 92
19779 + 92
19780 + 92
19781 # 1504
19781 - 92 4
19781 - 92 4
19781 - 92 4
19781 - 92 2
19781 - 92 1
19781 # 1504
19782 # 1504
19782 + 92
19784 # 1504
19784 - 92 2
19784 + 92
19785 # 1504
19785 - 92 1
19787 # 1504
19787 + 92
19788 # 1504
19788 - 92 1
19788 + 92
19790 # 1504
19790 - 92 2
19792 # 1504
19792 # 1504
19798 + 92
19798 + 92
19798 + 92
19799 + 92
19801 + 92
19803 + 92
19806 + 92
19806 + 92
19810 + 92
19811 + 92
19814 # 1504
19814 - 92 16
19814 - 92 16
19814 - 92 16
19814 - 92 15
19814 - 92 13
19814 - 92 11
19814 - 92 8
19814 - 92 8
19814 - 92 4
19814 - 92 3
19814 # 1504
19814 + 92
19815 # 1504
19815 - 92 1
19815 # 1504
19815 # 1504
19815 # 1504
19815 # 1504
19815 # 1504
19815 # 1504
19815 # 1504
19815 # 1504
19815 + 92
19816 # 1504
19816 - 92 1
19816 # 1504
19817 + 92
19819 + 92
19822 # 1504
19822 - 92 5
19822 - 92 3
19822 # 1504
19822 + 92
19824 + 92
19827 + 92
19830 + 92
19832 + 92
19834 # 1504
19834 - 92 12
19834 - 92 10
19834 - 92 7
19834 - 92 4
19834 - 92 2
19834 # 1504
19834 # 1504
19834 # 1504
19835 # 1504
19835 # 1504
19835 # 1504
19835 # 1504
19835 + 92
19837 + 92
19839 # 1504
19839 - 92 4
19839 - 92 2
19839 # 1504
19839 # 1504
19839 # 1504
19839 # 1504
19840 # 1504
19840 + 92
19840 + 92
19841 # 1504
19841 - 92 1
19841 - 92 1
19842 # 1504
19843 # 1504
19843 + 92
19844 + 92
19848 + 92
19849 # 1504
19849 - 92 6
19849 - 92 5
19849 - 92 1
19849 # 1504
19850 # 1504
19850 # 1504
19850 + 92
19852 + 92
19854 + 92
19855 + 92
19860 + 92
19860 + 92
19862 + 92
19864 + 92
19869 # 1504
19869 - 92 19
19869 - 92 17
19869 - 92 15
19869 - 92 14
19869 - 92 9
19869 - 92 9
19869 - 92 7
19869 - 92 5
19872 # 1504
19872 # 1504
19872 # 1504
19872 # 1504
19872 # 1504
19872 # 1504
19872 # 1504
19872 # 1504
19874 # 1504
19877 + 92
19877 + 92
19877 + 92
19877 + 92
19877 + 92
19878 # 1504
19878 - 92 1
19878 - 92 1
19878 - 92 1
19878 - 92 1
19878 - 92 1
19878 # 1504
19879 # 1504
19879 + 92
19882 # 1504
19882 - 92 3
19883 # 1504
19884 # 1504
19886 # 1504
19886 + 92
19886 + 92
19886 + 92
19886 + 92
19887 # 1504
19887 - 92 1
19887 - 92 1
19887 - 92 1
19887 - 92 1
19889 # 1504
19890 # 1504
19893 # 1504
19893 # 1504
19893 + 92
19893 + 92
19893 + 92
19895 # 1504
19895 - 92 2
19895 - 92 2
19895 - 92 2
19896 + 92
19896 + 92
19897 # 1504
19897 - 92 1
19897 - 92 1
19899 + 92
19901 + 92
19904 + 92
19907 + 92
19907 + 92
19912 + 92
19912 + 92
19915 + 92
19922 # 1504
19922 - 92 23
19922 - 92 21
19922 - 92 18
19922 - 92 15
19922 - 92 15
19922 - 92 10
19922 - 92 10
19922 - 92 7
19922 # 1504
19922 # 1504
19922 # 1504
19922 # 1504
19922 # 1504
19922 # 1504
19922 # 1504
19923 # 1504
19923 # 1504
19923 # 1504
19923 # 1504
19923 # 1504
19923 # 1504
19923 # 1504
19923 + 92
19923 + 92
19923 + 92
19924 # 1504
19924 - 92 1
19924 - 92 1
19924 - 92 1
19924 + 92
19925 # 1504
19925 - 92 1
19926 # 1504
19929 # 1504
19930 # 1504
19931 # 1504
19933 # 1504
19933 + 92
19933 + 92
19933 + 92
19933 + 92
19934 # 1504
19934 - 92 1
19934 - 92 1
19934 - 92 1
19934 - 92 1
19934 + 92
19937 + 92
19939 + 92
19940 + 92
19941 + 92
19942 # 1504
19942 - 92 8
19942 - 92 5
19942 - 92 3
19942 - 92 2
19942 - 92 1
19942 # 1504
19942 # 1504
19942 # 1504
19943 # 1504
19944 # 1504
19944 + 92
19948 # 1504
19948 - 92 4
19948 # 1504
19954 + 92
19954 + 92
19954 + 92
19954 + 92
19959 # 1504
19959 - 92 5
19959 - 92 5
19959 - 92 5
19959 - 92 5
19959 # 1504
19959 # 1504
19959 # 1504
19959 # 1504
19959 # 1504
19959 # 1504
19963 + 92
19963 + 92
19964 + 92
19964 + 92
19964 + 92
19975 # 1504
19975 - 92 12
19975 - 92 12
19975 - 92 11
19975 - 92 11
19975 - 92 11
19975 # 1504
19976 # 1504
19976 # 1504
19976 # 1504
19978 + 92
19978 + 92
19978 + 92
19978 + 92
19978 + 92
19978 + 92
19980 + 92
19981 # 1504
19981 - 92 3
19981 - 92 3
19981 - 92 3
19981 - 92 3
19981 - 92 3
19981 - 92 3
19981 - 92 1
19981 # 1504
19981 # 1504
19981 # 1504
19981 # 1504
19981 # 1504
19981 # 1504
19981 # 1504
19982 # 1504
19982 + 92
19983 # 1504
19983 - 92 1
19983 + 92
19984 # 1504
19984 - 92 1
19985 # 1504
19986 # 1504
19988 # 1504
19989 # 1504
19991 # 1504
19996 + 92
19996 + 92
19996 + 92
19996 + 92
19996 + 92
19996 + 92
19996 + 92
19998 + 92
20000 + 92
20003 + 92
20003 + 92
20013 # 1504
20013 - 92 17
20013 - 92 17
20013 - 92 17
20013 - 92 17
20013 - 92 17
20013 - 92 17
20013 - 92 17
20013 - 92 15
20013 - 92 13
20013 - 92 10
20013 - 92 10
20013 # 1504
20013 # 1504
20013 # 1504
20013 # 1504
20013 # 1504
20013 + 92
20013 + 92
20014 # 1504
20014 - 92 1
20014 - 92 1
20014 # 1504
20014 # 1504
20014 # 1504
20014 # 1504
20014 # 1504
20014 # 1504
20017 + 92
20017 + 92
20017 + 92
20018 + 92
20019 + 92
20021 + 92
20023 # 1504
20023 - 92 6
20023 - 92 6
20023 - 92 6
20023 - 92 5
20023 - 92 4
20023 - 92 2
20024 # 1504
20026 + 92
20027 + 92
20029 + 92
20031 # 1504
20031 - 92 5
20031 - 92 4
20031 - 92 2
20031 # 1504
20031 # 1504
20031 # 1504
20031 # 1504
20031 # 1504
20031 # 1504
20032 + 92
20033 + 92
20035 + 92
20037 # 1504
20037 - 92 5
20037 - 92 4
20037 - 92 2
20037 + 92
20039 + 92
20040 # 1504
20040 - 92 3
20040 - 92 1
20041 + 92
20042 # 1504
20042 - 92 1
20042 # 1504
20043 + 92
20044 # 1504
20044 - 92 1
20045 # 1504
20050 # 1504
20051 # 1504
20051 # 1504
20052 + 92
20054 + 92
20054 + 92
20056 + 92
20056 + 92
20056 + 92
20059 # 1504
20059 - 92 7
20059 - 92 5
20059 - 92 5
20059 - 92 3
20059 - 92 3
20059 - 92 3
20059 # 1504
20059 # 1504
20059 # 1504
20059 # 1504
20060 # 1504
20060 # 1504
20060 # 1504
20060 + 92
20060 + 92
20061 + 92
20063 + 92
20065 + 92
20070 # 1504
20070 - 92 10
20070 - 92 10
20070 - 92 9
20070 - 92 7
20070 - 92 5
20070 # 1504
20070 # 1504
20070 # 1504
20070 # 1504
20070 # 1504
20070 # 1504
20082 + 92
20082 + 92
20082 + 92
20083 # 1504
20083 - 92 1
20083 - 92 1
20083 - 92 1
20083 # 1504
20083 # 1504
20083 # 1504
20083 # 1504
20083 # 1504
20084 # 1504
20084 # 1504
20084 # 1504
20084 # 1504
20084 # 1504
20084 # 1504
20084 + 92
20084 + 92
20084 + 92
20084 + 92
20084 + 92
20085 # 1504
20085 - 92 1
20085 - 92 1
20085 - 92 1
20085 - 92 1
20085 - 92 1
20088 # 1504
20088 # 1504
20088 # 1504
20089 # 1504
20092 # 1504
20093 + 92
20093 + 92
20093 + 92
20095 # 1504
20095 - 92 2
20095 - 92 2
20095 - 92 2
20095 + 92
20095 + 92
20095 + 92
20104 + 92
20104 + 92
20104 + 92
20104 + 92
20112 # 1504
20112 - 92 17
20112 - 92 17
20112 - 92 17
20112 - 92 8
20112 - 92 8
20112 - 92 8
20112 - 92 8
20113 # 1504
20113 # 1504
20113 # 1504
20113 # 1504
20113 # 1504
20113 # 1504
20113 + 92
20113 + 92
20113 + 92
20114 # 1504
20114 - 92 1
20114 - 92 1
20114 - 92 1
20114 + 92
20114 + 92
20116 # 1504
20116 - 92 2
20116 - 92 2
20117 + 92
20119 # 1504
20119 - 92 2
20119 # 1504
20119 + 92
20120 # 1504
20120 - 92 1
20121 # 1504
20121 + 92
20123 # 1504
20123 - 92 2
20124 # 1504
20124 + 92
20127 + 92
20134 + 92
20134 + 92
20134 + 92
20135 # 1504
20135 - 92 11
20135 - 92 8
20135 - 92 1
20135 - 92 1
20135 - 92 1
20135 # 1504
20136 + 92
20136 + 92
20138 + 92
20139 # 1504
20139 - 92 3
20139 - 92 3
20139 - 92 1
20139 # 1504
20140 # 1504
20140 # 1504
20140 # 1504
20140 # 1504
20140 # 1504
20140 + 92
20141 # 1504
20141 - 92 1
20141 + 92
20142 # 1504
20142 - 92 1
20143 + 92
20145 # 1504
20145 - 92 2
20146 # 1504
20148 # 1504
20148 # 1504
20151 # 1504
20151 # 1504
20152 # 1504
20154 # 1504
20154 + 92
20154 + 92
20154 + 92
20154 + 92
20154 + 92
20155 # 1504
20155 - 92 1
20155 - 92 1
20155 - 92 1
20155 - 92 1
20155 - 92 1
20156 + 92
20158 + 92
20160 # 1504
20160 - 92 4
20160 - 92 2
20160 # 1504
20160 # 1504
20160 + 92
20161 # 1504
20161 - 92 1
20162 + 92
20163 # 1504
20163 - 92 1
20164 + 92
20165 # 1504
20165 - 92 1
20166 # 1504
20166 + 92
20167 # 1504
20167 - 92 1
20168 + 92
20169 # 1504
20169 - 92 1
20170 # 1504
20172 # 1504
20172 + 92
20173 # 1504
20173 - 92 1
20174 + 92
20176 # 1504
20176 - 92 2
20176 # 1504
20181 # 1504
20181 # 1504
20181 # 1504
20183 # 1504
20184 + 92
20184 + 92
20185 # 1504
20185 - 92 1
20185 - 92 1
20187 + 92
20188 + 92
20188 + 92
20188 + 92
20195 # 1504
20195 - 92 8
20195 - 92 7
20195 - 92 7
20195 - 92 7
20195 + 92
20195 + 92
20195 + 92
20196 # 1504
20196 - 92 1
20196 - 92 1
20196 - 92 1
20196 # 1504
20196 # 1504
20197 + 92
20198 + 92
20199 # 1504
20199 - 92 2
20199 - 92 1
20200 + 92
20202 + 92
20204 # 1504
20204 - 92 4
20204 - 92 2
20204 # 1504
20204 # 1504
20204 + 92
20207 # 1504
20207 - 92 3
20209 # 1504
20211 # 1504
20214 # 1504
20214 + 92
20214 + 92
20214 + 92
20215 + 92
20216 # 1504
20216 - 92 2
20216 - 92 2
20216 - 92 2
20216 - 92 1
20219 + 92
20220 # 1504
20220 - 92 1
20221 # 1504
20221 # 1504
20221 + 92
20222 + 92
20223 # 1504
20223 - 92 2
20223 - 92 1
20224 + 92
20227 # 1504
20227 - 92 3
20229 # 1504
20230 # 1504
20233 # 1504
20234 # 1504
20235 + 92
20235 + 92
20235 + 92
20235 + 92
20236 # 1504
20236 - 92 1
20236 - 92 1
20236 - 92 1
20236 - 92 1
20237 + 92
20238 # 1504
20238 - 92 1
20240 + 92
20241 # 1504
20241 - 92 1
20245 # 1504
20246 # 1504
20248 # 1504
20251 # 1504
20251 + 92
20251 + 92
20251 + 92
20253 + 92
20253 + 92
20254 # 1504
20254 - 92 3
20254 - 92 3
20254 - 92 3
20254 - 92 1
20254 - 92 1
20255 # 1504
20255 + 92
20258 + 92
20260 + 92
20262 # 1504
20262 - 92 7
20262 - 92 4
20262 - 92 2
20262 # 1504
20263 # 1504
20264 # 1504
20266 # 1504
20268 # 1504
20271 + 92
20271 + 92
20272 # 1504
20272 - 92 1
20272 - 92 1
20273 # 1504
20273 + 92
20276 # 1504
20276 - 92 3
20278 # 1504
20280 # 1504
20280 + 92
20280 + 92
20280 + 92
20281 # 1504
20281 - 92 1
20281 - 92 1
20281 - 92 1
20283 # 1504
20283 + 92
20285 + 92
20286 # 1504
20286 - 92 3
20286 - 92 1
20287 # 1504
20288 + 92
20289 # 1504
20289 - 92 1
20292 # 1504
20295 # 1504
20297 + 92
20299 # 1504
20299 - 92 2
20300 # 1504
20300 + 92
20302 # 1504
20302 - 92 2
20302 + 92
20302 + 92
20303 + 92
20304 # 1504
20304 - 92 2
20304 - 92 2
20304 - 92 1
20305 + 92
20306 # 1504
20306 - 92 1
20308 # 1504
20309 + 92
20310 # 1504
20310 - 92 1
20311 + 92
20313 # 1504
20313 - 92 2
20313 + 92
20314 # 1504
20314 - 92 1
20315 + 92
20318 # 1504
20318 - 92 3
20319 # 1504
20319 + 92
20321 # 1504
20321 - 92 2
20324 # 1504
20326 # 1504
20328 + 92
20328 + 92
20328 + 92
20329 # 1504
20329 - 92 1
20329 - 92 1
20329 - 92 1
20330 # 1504
20330 + 92
20331 + 92
20333 + 92
20337 + 92
20339 + 92
20342 # 1504
20342 - 92 12
20342 - 92 11
20342 - 92 9
20342 - 92 5
20342 - 92 3
20343 # 1504
20343 # 1504
20343 # 1504
20343 # 1504
20343 # 1504
20343 + 92
20345 # 1504
20345 - 92 2
20345 + 92
20346 # 1504
20346 - 92 1
20347 # 1504
20347 + 92
20349 # 1504
20349 - 92 2
20349 + 92
20351 # 1504
20351 - 92 2
20351 + 92
20353 # 1504
20353 - 92 2
20353 + 92
20356 # 1504
20356 - 92 3
20357 + 92
20359 # 1504
20359 - 92 2
20359 + 92
20360 # 1504
20360 - 92 1
20360 + 92
20363 # 1504
20363 - 92 3
20364 + 92
20365 # 1504
20365 - 92 1
20365 + 92
20368 + 92
20369 # 1504
20369 - 92 4
20369 - 92 1
20370 # 1504
20371 # 1504
20371 + 92
20373 # 1504
20373 - 92 2
20374 + 92
20375 # 1504
20375 - 92 1
20378 # 1504
20380 + 92
20380 + 92
20381 # 1504
20381 - 92 1
20381 - 92 1
20381 + 92
20382 # 1504
20382 - 92 1
20382 + 92
20384 # 1504
20384 - 92 2
20385 + 92
20388 # 1504
20388 - 92 3
20390 # 1504
20391 # 1504
20393 # 1504
20394 + 92
20394 + 92
20394 + 92
20395 # 1504
20395 - 92 1
20395 - 92 1
20395 - 92 1
20396 + 92
20396 + 92
20398 # 1504
20398 - 92 2
20398 - 92 2
20398 + 92
20401 # 1504
20401 - 92 3
20401 + 92
20403 # 1504
20403 - 92 2
20403 + 92
20404 + 92
20405 # 1504
20405 - 92 2
20405 - 92 1
20407 # 1504
20412 # 1504
20412 # 1504
20414 # 1504
20414 + 92
20414 + 92
20414 + 92
20415 # 1504
20415 - 92 1
20415 - 92 1
20415 - 92 1
20416 + 92
20417 # 1504
20417 - 92 1
20417 + 92
20418 + 92
20420 # 1504
20420 - 92 3
20420 - 92 2
20421 # 1504
20422 # 1504
20424 # 1504
20427 # 1504
20428 # 1504
20428 + 92
20430 # 1504
20430 - 92 2
20432 # 1504
20434 # 1504
20434 + 92
20434 + 92
20434 + 92
20436 # 1504
20436 - 92 2
20436 - 92 2
20436 - 92 2
20439 # 1504
20440 # 1504
20441 # 1504
20444 # 1504
20444 + 92
20444 + 92
20447 # 1504
20447 - 92 3
20447 - 92 3
20447 + 92
20448 # 1504
20448 - 92 1
20450 # 1504
20450 + 92
20453 # 1504
20453 - 92 3
20453 # 1504
20453 + 92
20456 + 92
20458 # 1504
20458 - 92 5
20458 - 92 2
20458 # 1504
20459 # 1504
20459 + 92
20459 + 92
20460 # 1504
20460 - 92 1
20460 - 92 1
20462 + 92
20464 # 1504
20464 - 92 2
20464 # 1504
20464 + 92
20468 # 1504
20468 - 92 4
20468 # 1504
20468 + 92
20470 # 1504
20470 - 92 2
20472 # 1504
20474 # 1504
20475 # 1504
20476 # 1504
20478 # 1504
20481 + 92
20481 + 92
20481 + 92
20481 + 92
20482 # 1504
20482 - 92 1
20482 - 92 1
20482 - 92 1
20482 - 92 1
20482 # 1504
20483 # 1504
20483 + 92
20486 # 1504
20486 - 92 3
20486 + 92
20487 # 1504
20487 - 92 1
20488 + 92
20489 # 1504
20489 - 92 1
20491 + 92
20494 + 92
20497 + 92
20499 # 1504
20499 - 92 8
20499 - 92 5
20499 - 92 2
20500 # 1504
20500 + 92
20501 # 1504
20501 - 92 1
20501 + 92
20503 # 1504
20503 - 92 2
20503 # 1504
20503 + 92
20504 # 1504
20504 - 92 1
20505 # 1504
20506 # 1504
20506 # 1504
20512 # 1504
20514 + 92
20514 + 92
20514 + 92
20515 # 1504
20515 - 92 1
20515 - 92 1
20515 - 92 1
20516 # 1504
20516 + 92
20517 # 1504
20517 - 92 1
20520 # 1504
20521 # 1504
20522 # 1504
20524 # 1504
20524 + 92
20524 + 92
20527 # 1504
20527 - 92 3
20527 - 92 3
20531 # 1504
20535 + 92
20535 + 92
20535 + 92
20535 + 92
20538 # 1504
20538 - 92 3
20538 - 92 3
20538 - 92 3
20538 - 92 3
20545 + 92
20545 + 92
20545 + 92
20545 + 92
20545 + 92
20548 + 92
20550 + 92
20551 # 1504
20551 - 92 6
20551 - 92 6
20551 - 92 6
20551 - 92 6
20551 - 92 6
20551 - 92 3
20551 - 92 1
20551 # 1504
20551 + 92
20553 # 1504
20553 - 92 2
20553 # 1504
20554 + 92
20556 # 1504
20556 - 92 2
20556 # 1504
20556 + 92
20558 + 92
20560 # 1504
20560 - 92 4
20560 - 92 2
20568 # 1504
20568 + 92
20569 + 92
20569 + 92
20570 + 92
20570 + 92
20574 # 1504
20574 - 92 6
20574 - 92 5
20574 - 92 5
20574 - 92 4
20574 - 92 4
20575 # 1504
20575 # 1504
20575 # 1504
20575 # 1504
20576 # 1504
20576 + 92
20577 + 92
20579 + 92
20579 + 92
20579 + 92
20581 # 1504
20581 - 92 5
20581 - 92 4
20581 - 92 2
20581 - 92 2
20581 - 92 2
20587 # 1504
20588 + 92
20588 + 92
20588 + 92
20590 + 92
20592 + 92
20593 # 1504
20593 - 92 5
20593 - 92 5
20593 - 92 5
20593 - 92 3
20593 - 92 1
20598 + 92
20598 + 92
20599 + 92
20600 # 1504
20600 - 92 2
20600 - 92 2
20600 - 92 1
20602 + 92
20604 + 92
20606 + 92
20607 # 1504
20607 - 92 5
20607 - 92 3
20607 - 92 1
20610 + 92
20612 + 92
20612 + 92
20613 # 1504
20613 - 92 3
20613 - 92 1
20613 - 92 1
20616 + 92
20617 + 92
20618 # 1504
20618 - 92 2
20618 - 92 1
20620 + 92
20621 # 1504
20621 - 92 1
20623 + 92
20626 # 1504
20626 - 92 3
20628 + 92
20628 + 92
20628 + 92
20631 + 92
20632 # 1504
20632 - 92 4
20632 - 92 4
20632 - 92 4
20632 - 92 1
20634 + 92
20635 + 92
20636 # 1504
20636 - 92 2
20636 - 92 1
20636 + 92
20638 + 92
20640 # 1504
20640 - 92 4
20640 - 92 2
20641 + 92
20643 + 92
20644 # 1504
20644 - 92 3
20644 - 92 1
20644 + 92
20651 + 92
20651 + 92
20651 + 92
20653 # 1504
20653 - 92 9
20653 - 92 2
20653 - 92 2
20653 - 92 2
20654 + 92
20656 + 92
20658 + 92
20663 # 1504
20663 - 92 9
20663 - 92 7
20663 - 92 5
20665 # 1504
20667 + 92
20667 + 92
20667 + 92
20667 + 92
20669 + 92
20669 + 92
20672 + 92
20673 # 1504
20673 - 92 6
20673 - 92 6
20673 - 92 6
20673 - 92 6
20673 - 92 4
20673 - 92 4
20673 - 92 1
20673 # 1504
20674 + 92
20675 + 92
20676 # 1504
20676 - 92 2
20676 - 92 1
20677 # 1504
20679 # 1504
20681 + 92
20681 + 92
20683 # 1504
20683 - 92 2
20683 - 92 2
20684 # 1504
20684 + 92
20686 + 92
20688 + 92
20689 # 1504
20689 - 92 5
20689 - 92 3
20689 - 92 1
20691 + 92
20693 # 1504
20693 - 92 2
20693 + 92
20695 + 92
20696 # 1504
20696 - 92 3
20696 - 92 1
20697 + 92
20698 # 1504
20698 - 92 1
20702 # 1504
20711 + 92
20711 + 92
20712 + 92
20712 + 92
20712 + 92
20712 + 92
20715 + 92
20715 + 92
20718 + 92
20718 + 92
20722 + 92
20722 + 92
20726 + 92
20734 # 1504
20734 - 92 23
20734 - 92 23
20734 - 92 22
20734 - 92 22
20734 - 92 22
20734 - 92 22
20734 - 92 19
20734 - 92 19
20734 - 92 16
20734 - 92 16
20734 - 92 12
20734 - 92 12
20734 - 92 8
20734 # 1504
20734 # 1504
20734 # 1504
20734 # 1504
20735 # 1504
20735 # 1504
20735 # 1504
20735 # 1504
20735 # 1504
20735 + 92
20735 + 92
20735 + 92
20737 # 1504
20737 - 92 2
20737 - 92 2
20737 - 92 2
20739 # 1504
20739 + 92
20739 + 92
20740 # 1504
20740 - 92 1
20740 - 92 1
20744 + 92
20744 + 92
20744 + 92
20744 + 92
20744 + 92
20745 # 1504
20745 - 92 1
20745 - 92 1
20745 - 92 1
20745 - 92 1
20745 - 92 1
20750 # 1504
20754 + 92
20754 + 92
20754 + 92
20754 + 92
20754 + 92
20756 # 1504
20756 - 92 2
20756 - 92 2
20756 - 92 2
20756 - 92 2
20756 - 92 2
20758 # 1504
20761 # 1504
20763 # 1504
20765 # 1504
20765 + 92
20765 + 92
20765 + 92
20766 + 92
20766 + 92
20768 + 92
20770 # 1504
20770 - 92 5
20770 - 92 5
20770 - 92 5
20770 - 92 4
20770 - 92 4
20770 - 92 2
20770 + 92
20772 # 1504
20772 - 92 2
20772 + 92
20774 # 1504
20774 - 92 2
20780 + 92
20780 + 92
20781 # 1504
20781 - 92 1
20781 - 92 1
20782 + 92
20790 # 1504
20790 - 92 8
20790 # 1504
20791 + 92
20791 + 92
20791 + 92
20791 + 92
20791 + 92
20793 + 92
20795 # 1504
20795 - 92 4
20795 - 92 4
20795 - 92 4
20795 - 92 4
20795 - 92 4
20795 - 92 2
20796 # 1504
20798 # 1504
20801 # 1504
20803 # 1504
20805 + 92
20805 + 92
20805 + 92
20806 + 92
20806 + 92
20814 + 92
20814 + 92
20814 + 92
20814 + 92
20814 + 92
20819 # 1504
20819 - 92 14
20819 - 92 14
20819 - 92 14
20819 - 92 13
20819 - 92 13
20819 - 92 5
20819 - 92 5
20819 - 92 5
20819 - 92 5
20819 - 92 5
20819 # 1504
20819 # 1504
20819 # 1504
20819 # 1504
20819 # 1504
20819 # 1504
20822 # 1504
20824 # 1504
20826 # 1504
20827 + 92
20827 + 92
20827 + 92
20827 + 92
20827 + 92
20828 # 1504
20828 - 92 1
20828 - 92 1
20828 - 92 1
20828 - 92 1
20828 - 92 1
20830 # 1504
20832 # 1504
20834 # 1504
20834 + 92
20834 + 92
20834 + 92
20834 + 92
20834 + 92
20845 + 92
20845 + 92
20845 + 92
20846 + 92
20852 # 1504
20852 - 92 18
20852 - 92 18
20852 - 92 18
20852 - 92 18
20852 - 92 18
20852 - 92 7
20852 - 92 7
20852 - 92 7
20852 - 92 6
20852 # 1504
20852 # 1504
20852 # 1504
20852 # 1504
20852 # 1504
20853 # 1504
20853 # 1504
20853 + 92
20853 + 92
20853 + 92
20855 + 92
20855 + 92
20855 + 92
20856 # 1504
20856 - 92 3
20856 - 92 3
20856 - 92 3
20856 - 92 1
20856 - 92 1
20856 - 92 1
20858 # 1504
20860 # 1504
20872 + 92
20872 + 92
20872 + 92
20872 + 92
20872 + 92
20874 + 92
20874 + 92
20874 + 92
20874 + 92
20874 + 92
20874 + 92
20885 + 92
20885 + 92
20887 + 92
20890 + 92
20890 + 92
20892 # 1504
20892 - 92 20
20892 - 92 20
20892 - 92 20
20892 - 92 20
20892 - 92 20
20892 - 92 18
20892 - 92 18
20892 - 92 18
20892 - 92 18
20892 - 92 18
20892 - 92 18
20892 - 92 7
20892 - 92 7
20892 - 92 5
20892 - 92 2
20892 - 92 2
20892 # 1504
20892 # 1504
20892 # 1504
20892 # 1504
20893 # 1504
20893 # 1504
20893 # 1504
20893 # 1504
20893 # 1504
20893 # 1504
20893 # 1504
20893 # 1504
20893 # 1504
20893 + 92
20894 # 1504
20894 - 92 1
20894 # 1504
20894 + 92
20894 + 92
20894 + 92
20898 # 1504
20898 - 92 4
20898 - 92 4
20898 - 92 4
20901 # 1504
20902 + 92
20905 # 1504
20905 - 92 3
20905 # 1504
20905 + 92
20905 + 92
20905 + 92
20905 + 92
20905 + 92
20909 # 1504
20909 - 92 4
20909 - 92 4
20909 - 92 4
20909 - 92 4
20909 - 92 4
20910 # 1504
20912 # 1504
20914 + 92
20914 + 92
20915 # 1504
20915 - 92 1
20915 - 92 1
20917 # 1504
20920 # 1504
20922 # 1504
20924 # 1504
20926 # 1504
20928 # 1504
20930 + 92
20930 + 92
20930 + 92
20930 + 92
20930 + 92
20930 + 92
20930 + 92
20930 + 92
20930 + 92
20930 + 92
20930 + 92
20932 # 1504
20932 - 92 2
20932 - 92 2
20932 - 92 2
20932 - 92 2
20932 - 92 2
20932 - 92 2
20932 - 92 2
20932 - 92 2
20932 - 92 2
20932 - 92 2
20932 - 92 2
20932 + 92
20932 + 92
20934 # 1504
20934 - 92 2
20934 - 92 2
20937 # 1504
20939 + 92
20939 + 92
20939 + 92
20941 # 1504
20941 - 92 2
20941 - 92 2
20941 - 92 2
20941 + 92
20946 # 1504
20946 - 92 5
20950 # 1504
20950 # 1504
20950 + 92
20950 + 92
20953 # 1504
20953 - 92 3
20953 - 92 3
20955 + 92
20955 + 92
20955 + 92
20955 + 92
20955 + 92
20956 # 1504
20956 - 92 1
20956 - 92 1
20956 - 92 1
20956 - 92 1
20956 - 92 1
20957 + 92
20959 # 1504
20959 - 92 2
20961 + 92
20961 + 92
20963 # 1504
20963 - 92 2
20963 - 92 2
20963 + 92
20965 # 1504
20965 - 92 2
20967 # 1504
20969 # 1504
20971 # 1504
20977 + 92
20977 + 92
20977 + 92
20977 + 92
20977 + 92
20982 + 92
20982 + 92
20982 + 92
20983 # 1504
20983 - 92 6
20983 - 92 6
20983 - 92 6
20983 - 92 6
20983 - 92 6
20983 - 92 1
20983 - 92 1
20983 - 92 1
20983 # 1504
20984 # 1504
20985 + 92
20994 + 92
20994 + 92
20995 + 92
20995 + 92
20995 + 92
20995 + 92
21003 # 1504
21003 - 92 18
21003 - 92 9
21003 - 92 9
21003 - 92 8
21003 - 92 8
21003 - 92 8
21003 - 92 8
21003 # 1504
21003 # 1504
21004 # 1504
21004 # 1504
21004 # 1504
21004 # 1504
21004 # 1504
21004 # 1504
21004 # 1504
21004 + 92
21004 + 92
21005 # 1504
21005 - 92 1
21005 - 92 1
21005 # 1504
21005 + 92
21005 + 92
21005 + 92
21013 + 92
21013 + 92
21013 + 92
21014 + 92
21016 # 1504
21016 - 92 11
21016 - 92 11
21016 - 92 11
21016 - 92 3
21016 - 92 3
21016 - 92 3
21016 - 92 2
21019 # 1504
21019 # 1504
21019 # 1504
21019 # 1504
21019 # 1504
21024 + 92
21024 + 92
21024 + 92
21024 + 92
21027 # 1504
21027 - 92 3
21027 - 92 3
21027 - 92 3
21027 - 92 3
21027 # 1504
21027 # 1504
21027 # 1504
21027 # 1504
21034 + 92
21034 + 92
21034 + 92
21034 + 92
21035 + 92
21035 + 92
21036 # 1504
21036 - 92 2
21036 - 92 2
21036 - 92 2
21036 - 92 2
21036 - 92 1
21036 - 92 1
21036 # 1504
21044 + 92
21044 + 92
21044 + 92
21046 + 92
21046 + 92
21047 + 92
21048 + 92
21050 + 92
21052 # 1504
21052 - 92 8
21052 - 92 8
21052 - 92 8
21052 - 92 6
21052 - 92 6
21052 - 92 5
21052 - 92 4
21052 - 92 2
21052 # 1504
21052 # 1504
21052 # 1504
21052 # 1504
21052 + 92
21053 # 1504
21053 - 92 1
21053 + 92
21055 + 92
21056 # 1504
21056 - 92 3
21056 - 92 1
21056 # 1504
21056 # 1504
21056 # 1504
21056 # 1504
21063 + 92
21063 + 92
21063 + 92
21063 + 92
21064 + 92
21065 + 92
21066 # 1504
21066 - 92 3
21066 - 92 3
21066 - 92 3
21066 - 92 3
21066 - 92 2
21066 - 92 1
21066 # 1504
21066 # 1504
21066 # 1504
21066 # 1504
21067 # 1504
21067 + 92
21068 + 92
21069 # 1504
21069 - 92 2
21069 - 92 1
21070 # 1504
21070 + 92
21072 # 1504
21072 - 92 2
21073 + 92
21074 # 1504
21074 - 92 1
21075 # 1504
21077 # 1504
21078 # 1504
21081 # 1504
21082 # 1504
21082 + 92
21082 + 92
21083 # 1504
21083 - 92 1
21083 - 92 1
21083 + 92
21083 + 92
21083 + 92
21083 + 92
21084 + 92
21085 # 1504
21085 - 92 2
21085 - 92 2
21085 - 92 2
21085 - 92 2
21085 - 92 1
21086 # 1504
21090 # 1504
21090 # 1504
21094 + 92
21094 + 92
21094 + 92
21094 + 92
21096 + 92
21099 # 1504
21099 - 92 5
21099 - 92 5
21099 - 92 5
21099 - 92 5
21099 - 92 3
21099 # 1504
21099 # 1504
21099 # 1504
21099 # 1504
21101 # 1504
21103 + 92
21104 # 1504
21104 - 92 1
21105 + 92
21105 + 92
21105 + 92
21105 + 92
21106 # 1504
21106 - 92 1
21106 - 92 1
21106 - 92 1
21106 - 92 1
21107 # 1504
21107 + 92
21108 # 1504
21108 - 92 1
21109 + 92
21110 # 1504
21110 - 92 1
21111 + 92
21112 + 92
21113 # 1504
21113 - 92 2
21113 - 92 1
21113 # 1504
21115 # 1504
21121 + 92
21123 + 92
21123 + 92
21123 + 92
21125 + 92
21125 + 92
21127 # 1504
21127 - 92 6
21127 - 92 4
21127 - 92 4
21127 - 92 4
21127 - 92 2
21127 - 92 2
21127 # 1504
21127 # 1504
21127 # 1504
21127 # 1504
21127 # 1504
21128 # 1504
21129 # 1504
21131 # 1504
21132 # 1504
21134 + 92
21134 + 92
21134 + 92
21134 + 92
21134 + 92
21136 # 1504
21136 - 92 2
21136 - 92 2
21136 - 92 2
21136 - 92 2
21136 - 92 2
21138 # 1504
21138 # 1504
21140 # 1504
21141 # 1504
21143 # 1504
21144 # 1504
21145 + 92
21145 + 92
21145 + 92
21145 + 92
21145 + 92
21146 # 1504
21146 - 92 1
21146 - 92 1
21146 - 92 1
21146 - 92 1
21146 - 92 1
21147 # 1504
21149 # 1504
21151 # 1504
21153 # 1504
21153 # 1504
21153 + 92
21155 + 92
21155 + 92
21155 + 92
21155 + 92
21158 # 1504
21158 - 92 5
21158 - 92 3
21158 - 92 3
21158 - 92 3
21158 - 92 3
21158 # 1504
21159 # 1504
21160 # 1504
21163 # 1504
21163 # 1504
21163 + 92
21163 + 92
21163 + 92
21163 + 92
21165 # 1504
21165 - 92 2
21165 - 92 2
21165 - 92 2
21165 - 92 2
21166 + 92
21167 # 1504
21167 - 92 1
21167 + 92
21169 # 1504
21169 - 92 2
21170 + 92
21172 + 92
21173 # 1504
21173 - 92 3
21173 - 92 1
21173 # 1504
21173 # 1504
21174 + 92
21184 # 1504
21184 - 92 10
21184 # 1504
21185 + 92
21185 + 92
21185 + 92
21185 + 92
21185 + 92
21186 # 1504
21186 - 92 1
21186 - 92 1
21186 - 92 1
21186 - 92 1
21186 - 92 1
21186 + 92
21187 # 1504
21187 - 92 1
21188 # 1504
21189 + 92
21192 # 1504
21192 - 92 3
21193 # 1504
21194 # 1504
21194 # 1504
21195 # 1504
21196 # 1504
21198 # 1504
21199 + 92
21199 + 92
21200 # 1504
21200 - 92 1
21200 - 92 1
21200 + 92
21201 # 1504
21201 - 92 1
21203 # 1504
21204 + 92
21204 + 92
21204 + 92
21204 + 92
21209 # 1504
21209 - 92 5
21209 - 92 5
21209 - 92 5
21209 - 92 5
21209 # 1504
21209 # 1504
21210 # 1504
21211 # 1504
21213 # 1504
21213 + 92
21213 + 92
21213 + 92
21213 + 92
21213 + 92
21214 # 1504
21214 - 92 1
21214 - 92 1
21214 - 92 1
21214 - 92 1
21214 - 92 1
21214 + 92
21216 # 1504
21216 - 92 2
21217 # 1504
21219 # 1504
21221 # 1504
21222 # 1504
21224 # 1504
21224 + 92
21224 + 92
21224 + 92
21224 + 92
21224 + 92
21225 # 1504
21225 - 92 1
21225 - 92 1
21225 - 92 1
21225 - 92 1
21225 - 92 1
21227 # 1504
21229 # 1504
21230 # 1504
21231 # 1504
21233 # 1504
21233 + 92
21233 + 92
21233 + 92
21234 + 92
21234 + 92
21235 # 1504
21235 - 92 2
21235 - 92 2
21235 - 92 2
21235 - 92 1
21235 - 92 1
21236 # 1504
21238 # 1504
21240 # 1504
21241 # 1504
21243 # 1504
21245 + 92
21245 + 92
21245 + 92
21245 + 92
21246 # 1504
21246 - 92 1
21246 - 92 1
21246 - 92 1
21246 - 92 1
21247 # 1504
21248 # 1504
21250 + 92
21252 # 1504
21252 - 92 2
21253 # 1504
21253 # 1504
21253 + 92
21253 + 92
21253 + 92
21254 + 92
21254 + 92
21255 # 1504
21255 - 92 2
21255 - 92 2
21255 - 92 2
21255 - 92 1
21255 - 92 1
21257 # 1504
21258 # 1504
21260 # 1504
21261 # 1504
21263 # 1504
21264 + 92
21264 + 92
21264 + 92
21264 + 92
21265 # 1504
21265 - 92 1
21265 - 92 1
21265 - 92 1
21265 - 92 1
21266 # 1504
21268 # 1504
21269 # 1504
21271 # 1504
21271 + 92
21273 # 1504
21273 - 92 2
21274 # 1504
21275 + 92
21276 # 1504
21276 - 92 1
21276 + 92
21276 + 92
21277 # 1504
21277 - 92 1
21277 - 92 1
21279 # 1504
21280 # 1504
21282 # 1504
21284 # 1504
21284 + 92
21284 + 92
21284 + 92
21284 + 92
21284 + 92
21285 # 1504
21285 - 92 1
21285 - 92 1
21285 - 92 1
21285 - 92 1
21285 - 92 1
21288 # 1504
21289 # 1504
21290 # 1504
21294 + 92
21294 + 92
21294 + 92
21294 + 92
21294 + 92
21301 # 1504
21301 - 92 7
21301 - 92 7
21301 - 92 7
21301 - 92 7
21301 - 92 7
21301 # 1504
21301 # 1504
21301 # 1504
21301 # 1504
21301 # 1504
21304 # 1504
21304 + 92
21304 + 92
21304 + 92
21304 + 92
21304 + 92
21304 + 92
21309 # 1504
21309 - 92 5
21309 - 92 5
21309 - 92 5
21309 - 92 5
21309 - 92 5
21309 - 92 5
21309 # 1504
21310 # 1504
21311 # 1504
21312 # 1504
21314 # 1504
21315 + 92
21316 # 1504
21316 - 92 1
21316 + 92
21316 + 92
21316 + 92
21316 + 92
21318 # 1504
21318 - 92 2
21318 - 92 2
21318 - 92 2
21318 - 92 2
21319 # 1504
21323 # 1504
21323 # 1504
21324 # 1504
21324 + 92
21324 + 92
21324 + 92
21324 + 92
21324 + 92
21326 # 1504
21326 - 92 2
21326 - 92 2
21326 - 92 2
21326 - 92 2
21326 - 92 2
21327 # 1504
21328 # 1504
21331 # 1504
21332 # 1504
21333 # 1504
21333 + 92
21333 + 92
21334 + 92
21335 # 1504
21335 - 92 2
21335 - 92 2
21335 - 92 1
21335 + 92
21335 + 92
21335 + 92
21339 # 1504
21339 - 92 4
21339 - 92 4
21339 - 92 4
21339 # 1504
21340 # 1504
21343 # 1504
21343 # 1504
21345 # 1504
21345 + 92
21345 + 92
21345 + 92
21345 + 92
21345 + 92
21347 # 1504
21347 - 92 2
21347 - 92 2
21347 - 92 2
21347 - 92 2
21347 - 92 2
21348 # 1504
21350 # 1504
21351 # 1504
21353 + 92
21353 + 92
21353 + 92
21354 # 1504
21354 - 92 1
21354 - 92 1
21354 - 92 1
21355 # 1504
21355 + 92
21355 + 92
21356 # 1504
21356 - 92 1
21356 - 92 1
21358 # 1504
21360 # 1504
21361 # 1504
21362 # 1504
21364 # 1504
21364 + 92
21364 + 92
21364 + 92
21364 + 92
21366 # 1504
21366 - 92 2
21366 - 92 2
21366 - 92 2
21366 - 92 2
21367 # 1504
21368 # 1504
21370 + 92
21371 # 1504
21371 - 92 1
21372 # 1504
21373 + 92
21373 + 92
21373 + 92
21373 + 92
21376 # 1504
21376 - 92 3
21376 - 92 3
21376 - 92 3
21376 - 92 3
21377 # 1504
21377 # 1504
21379 # 1504
21380 # 1504
21384 + 92
21384 + 92
21384 + 92
21384 + 92
21385 + 92
21391 # 1504
21391 - 92 7
21391 - 92 7
21391 - 92 7
21391 - 92 7
21391 - 92 6
21391 # 1504
21391 # 1504
21391 # 1504
21391 # 1504
21394 + 92
21394 + 92
21394 + 92
21394 + 92
21394 + 92
21401 # 1504
21401 - 92 7
21401 - 92 7
21401 - 92 7
21401 - 92 7
21401 - 92 7
21401 # 1504
21401 # 1504
21403 # 1504
21404 + 92
21404 + 92
21404 + 92
21404 + 92
21404 + 92
21404 + 92
21406 # 1504
21406 - 92 2
21406 - 92 2
21406 - 92 2
21406 - 92 2
21406 - 92 2
21406 - 92 2
21408 # 1504
21410 # 1504
21412 # 1504
21412 # 1504
21413 # 1504
21413 + 92
21413 + 92
21413 + 92
21413 + 92
21414 # 1504
21414 - 92 1
21414 - 92 1
21414 - 92 1
21414 - 92 1
21414 + 92
21414 + 92
21418 # 1504
21418 - 92 4
21418 - 92 4
21419 # 1504
21420 # 1504
21423 # 1504
21423 # 1504
21423 + 92
21423 + 92
21423 + 92
21424 + 92
21424 + 92
21425 # 1504
21425 - 92 2
21425 - 92 2
21425 - 92 2
21425 - 92 1
21425 - 92 1
21426 # 1504
21428 # 1504
21429 # 1504
21431 # 1504
21433 # 1504
21434 # 1504
21434 + 92
21434 + 92
21434 + 92
21434 + 92
21435 + 92
21439 # 1504
21439 - 92 5
21439 - 92 5
21439 - 92 5
21439 - 92 5
21439 - 92 4
21439 # 1504
21440 # 1504
21440 # 1504
21442 # 1504
21443 + 92
21444 # 1504
21444 - 92 1
21444 + 92
21444 + 92
21444 + 92
21445 # 1504
21445 - 92 1
21445 - 92 1
21445 - 92 1
21445 + 92
21445 + 92
21447 + 92
21447 + 92
21448 # 1504
21448 - 92 3
21448 - 92 3
21448 - 92 1
21448 - 92 1
21448 # 1504
21450 + 92
21451 + 92
21452 + 92
21461 + 92
21463 # 1504
21463 - 92 13
21463 - 92 12
21463 - 92 11
21463 - 92 2
21464 # 1504
21464 # 1504
21464 + 92
21464 + 92
21465 # 1504
21465 - 92 1
21465 - 92 1
21465 # 1504
21465 # 1504
21465 + 92
21465 + 92
21465 + 92
21466 # 1504
21466 - 92 1
21466 - 92 1
21466 - 92 1
21467 # 1504
21468 # 1504
21472 # 1504
21474 # 1504
21474 + 92
21474 + 92
21474 + 92
21474 + 92
21475 # 1504
21475 - 92 1
21475 - 92 1
21475 - 92 1
21475 - 92 1
21476 # 1504
21477 # 1504
21480 # 1504
21481 # 1504
21482 # 1504
21484 # 1504
21485 # 1504
21485 + 92
21485 + 92
21485 + 92
21485 + 92
21485 + 92
21486 + 92
21486 + 92
21486 + 92
21487 # 1504
21487 - 92 2
21487 - 92 2
21487 - 92 2
21487 - 92 2
21487 - 92 2
21487 - 92 1
21487 - 92 1
21487 - 92 1
21489 # 1504
21489 # 1504
21490 + 92
21490 + 92
21490 + 92
21493 # 1504
21493 - 92 3
21493 - 92 3
21493 - 92 3
21493 + 92
21494 + 92
21495 # 1504
21495 - 92 2
21495 - 92 1
21496 # 1504
21497 # 1504
21499 # 1504
21500 # 1504
21501 # 1504
21503 + 92
21503 + 92
21504 # 1504
21504 - 92 1
21504 - 92 1
21504 # 1504
21504 + 92
21504 + 92
21504 + 92
21504 + 92
21506 # 1504
21506 - 92 2
21506 - 92 2
21506 - 92 2
21506 - 92 2
21507 # 1504
21508 # 1504
21509 # 1504
21511 # 1504
21513 # 1504
21513 + 92
21513 + 92
21513 + 92
21514 # 1504
21514 - 92 1
21514 - 92 1
21514 - 92 1
21516 # 1504
21517 # 1504
21519 # 1504
21519 + 92
21520 # 1504
21520 - 92 1
21522 # 1504
21524 # 1504
21524 + 92
21524 + 92
21525 # 1504
21525 - 92 1
21525 - 92 1
21526 + 92
21526 + 92
21527 # 1504
21527 - 92 1
21527 - 92 1
21529 # 1504
21530 # 1504
21531 # 1504
21533 # 1504
21534 # 1504
21536 + 92
21536 + 92
21536 + 92
21536 + 92
21536 + 92
21543 + 92
21543 + 92
21544 # 1504
21544 - 92 8
21544 - 92 8
21544 - 92 8
21544 - 92 8
21544 - 92 8
21544 - 92 1
21544 - 92 1
21544 # 1504
21544 # 1504
21544 # 1504
21544 # 1504
21544 # 1504
21544 + 92
21544 + 92
21544 + 92
21544 + 92
21545 # 1504
21545 - 92 1
21545 - 92 1
21545 - 92 1
21545 - 92 1
21545 + 92
21546 # 1504
21546 - 92 1
21547 + 92
21548 # 1504
21548 - 92 1
21549 # 1504
21549 + 92
21549 + 92
21550 # 1504
21550 - 92 1
21550 - 92 1
21553 + 92
21553 + 92
21561 # 1504
21561 - 92 8
21561 - 92 8
21561 # 1504
21561 # 1504
21562 # 1504
21564 # 1504
21564 + 92
21564 + 92
21564 + 92
21564 + 92
21564 + 92
21567 # 1504
21567 - 92 3
21567 - 92 3
21567 - 92 3
21567 - 92 3
21567 - 92 3
21568 # 1504
21571 + 92
21573 # 1504
21573 - 92 2
21573 + 92
21573 + 92
21573 + 92
21576 + 92
21576 + 92
21577 # 1504
21577 - 92 4
21577 - 92 4
21577 - 92 4
21577 - 92 1
21577 - 92 1
21577 # 1504
21577 # 1504
21577 # 1504
21578 # 1504
21581 # 1504
21581 # 1504
21583 + 92
21583 + 92
21583 + 92
21584 # 1504
21584 - 92 1
21584 - 92 1
21584 - 92 1
21584 + 92
21584 + 92
21586 + 92
21588 + 92
21589 # 1504
21589 - 92 5
21589 - 92 5
21589 - 92 3
21589 - 92 1
21589 # 1504
21589 + 92
21590 # 1504
21590 - 92 1
21590 + 92
21592 + 92
21593 + 92
21600 # 1504
21600 - 92 10
21600 - 92 8
21600 - 92 7
21601 # 1504
21603 + 92
21603 + 92
21603 + 92
21604 + 92
21605 + 92
21605 + 92
21608 # 1504
21608 - 92 5
21608 - 92 5
21608 - 92 5
21608 - 92 4
21608 - 92 3
21608 - 92 3
21612 # 1504
21612 # 1504
21615 # 1504
21615 + 92
21615 + 92
21615 + 92
21615 + 92
21620 # 1504
21620 - 92 5
21620 - 92 5
21620 - 92 5
21620 - 92 5
21621 + 92
21621 + 92
21623 # 1504
21623 - 92 2
21623 - 92 2
21623 + 92
21627 + 92
21627 + 92
21627 + 92
21627 + 92
21627 + 92
21628 # 1504
21628 - 92 5
21628 - 92 1
21628 - 92 1
21628 - 92 1
21628 - 92 1
21628 - 92 1
21628 + 92
21631 # 1504
21631 - 92 3
21631 + 92
21633 + 92
21636 # 1504
21636 - 92 5
21636 - 92 3
21638 # 1504
21642 + 92
21642 + 92
21643 # 1504
21643 - 92 1
21643 - 92 1
21643 + 92
21644 + 92
21645 + 92
21645 + 92
21645 + 92
21647 # 1504
21647 - 92 4
21647 - 92 3
21647 - 92 2
21647 - 92 2
21647 - 92 2
21650 # 1504
21654 # 1504
21654 + 92
21654 + 92
21654 + 92
21654 + 92
21654 + 92
21657 # 1504
21657 - 92 3
21657 - 92 3
21657 - 92 3
21657 - 92 3
21657 - 92 3
21662 # 1504
21664 + 92
21664 + 92
21664 + 92
21664 + 92
21664 + 92
21664 + 92
21666 # 1504
21666 - 92 2
21666 - 92 2
21666 - 92 2
21666 - 92 2
21666 - 92 2
21666 - 92 2
21670 # 1504
21674 + 92
21674 + 92
21674 + 92
21674 + 92
21674 + 92
21674 + 92
21675 # 1504
21675 - 92 1
21675 - 92 1
21675 - 92 1
21675 - 92 1
21675 - 92 1
21675 - 92 1
21680 # 1504
21684 # 1504
21688 # 1504
21688 + 92
21688 + 92
21688 + 92
21690 + 92
21690 + 92
21693 # 1504
21693 - 92 5
21693 - 92 5
21693 - 92 5
21693 - 92 3
21693 - 92 3
21695 + 92
21695 + 92
21695 + 92
21695 + 92
21695 + 92
21696 # 1504
21696 - 92 1
21696 - 92 1
21696 - 92 1
21696 - 92 1
21696 - 92 1
21700 # 1504
21704 # 1504
21705 + 92
21705 + 92
21705 + 92
21705 + 92
21705 + 92
21705 + 92
21712 # 1504
21712 - 92 7
21712 - 92 7
21712 - 92 7
21712 - 92 7
21712 - 92 7
21712 - 92 7
21712 # 1504
21714 # 1504
21714 + 92
21714 + 92
21716 # 1504
21716 - 92 2
21716 - 92 2
21717 # 1504
21717 + 92
21717 + 92
21717 + 92
21719 # 1504
21719 - 92 2
21719 - 92 2
21719 - 92 2
21721 # 1504
21723 + 92
21724 # 1504
21724 - 92 1
21724 + 92
21725 + 92
21726 # 1504
21726 - 92 2
21726 - 92 1
21726 + 92
21726 + 92
21726 + 92
21727 # 1504
21727 - 92 1
21727 - 92 1
21727 - 92 1
21730 # 1504
21733 # 1504
21733 + 92
21734 + 92
21734 + 92
21735 # 1504
21735 - 92 2
21735 - 92 1
21735 - 92 1
21738 # 1504
21738 + 92
21738 + 92
21738 + 92
21740 # 1504
21740 - 92 2
21740 - 92 2
21740 - 92 2
21743 # 1504
21745 # 1504
21745 + 92
21745 + 92
21745 + 92
21745 + 92
21746 + 92
21748 # 1504
21748 - 92 3
21748 - 92 3
21748 - 92 3
21748 - 92 3
21748 - 92 2
21750 # 1504
21753 + 92
21753 + 92
21754 # 1504
21754 - 92 1
21754 - 92 1
21755 + 92
21755 + 92
21755 + 92
21755 + 92
21756 # 1504
21756 - 92 1
21756 - 92 1
21756 - 92 1
21756 - 92 1
21758 # 1504
21764 # 1504
21764 # 1504
21766 + 92
21766 + 92
21766 + 92
21766 + 92
21768 # 1504
21768 - 92 2
21768 - 92 2
21768 - 92 2
21768 - 92 2
21769 # 1504
21770 + 92
21770 + 92
21772 # 1504
21772 - 92 2
21772 - 92 2
21774 # 1504
21774 + 92
21774 + 92
21777 # 1504
21777 - 92 3
21777 - 92 3
21779 # 1504
21781 # 1504
21781 + 92
21781 + 92
21784 # 1504
21784 - 92 3
21784 - 92 3
21790 + 92
21790 + 92
21790 + 92
21790 + 92
21790 + 92
21792 + 92
21792 + 92
21796 + 92
21798 + 92
21798 + 92
21800 + 92
21802 + 92
21804 + 92
21804 + 92
21806 + 92
21808 + 92
21818 + 92
21818 + 92
21818 + 92
21818 + 92
21819 + 92
21819 + 92
21819 + 92
21821 # 1504
21821 - 92 31
21821 - 92 31
21821 - 92 31
21821 - 92 31
21821 - 92 31
21821 - 92 29
21821 - 92 29
21821 - 92 25
21821 - 92 23
21821 - 92 23
21821 - 92 21
21821 - 92 19
21821 - 92 17
21821 - 92 17
21821 - 92 15
21821 - 92 13
21821 # 1504
21821 - 92 3
21821 - 92 3
21821 - 92 3
21821 - 92 3
21821 - 92 2
21821 - 92 2
21821 - 92 2
21821 # 1504
21822 # 1504
21822 # 1504
21822 # 1504
21822 # 1504
21822 # 1504
21822 # 1504
21822 + 92
21823 # 1504
21823 - 92 1
21823 # 1504
21823 # 1504
21823 # 1504
21823 # 1504
21823 # 1504
21823 + 92
21824 + 92
21825 # 1504
21825 - 92 2
21825 - 92 1
21827 # 1504
21827 + 92
21827 + 92
21829 + 92
21830 # 1504
21830 - 92 3
21830 - 92 3
21830 - 92 1
21831 + 92
21832 + 92
21833 # 1504
21833 - 92 2
21833 - 92 1
21833 + 92
21834 # 1504
21834 - 92 1
21835 + 92
21835 + 92
21836 # 1504
21836 - 92 1
21836 - 92 1
21837 + 92
21838 # 1504
21838 - 92 1
21839 + 92
21840 # 1504
21840 - 92 1
21841 + 92
21841 + 92
21842 # 1504
21842 - 92 1
21842 - 92 1
21844 + 92
21844 + 92
21846 # 1504
21846 - 92 2
21846 - 92 2
21847 # 1504
21847 + 92
21849 # 1504
21849 - 92 2
21849 + 92
21850 + 92
21851 # 1504
21851 - 92 2
21851 - 92 1
21852 + 92
21853 + 92
21855 # 1504
21855 - 92 3
21855 - 92 2
21855 + 92
21857 # 1504
21857 - 92 2
21857 + 92
21858 + 92
21859 # 1504
21859 - 92 2
21859 - 92 1
21860 + 92
21861 + 92
21861 + 92
21862 # 1504
21862 - 92 2
21862 - 92 1
21862 - 92 1
21863 + 92
21864 # 1504
21864 - 92 1
21866 + 92
21867 # 1504
21867 - 92 1
21868 # 1504
21868 + 92
21870 + 92
21870 + 92
21871 # 1504
21871 - 92 3
21871 - 92 1
21871 - 92 1
21872 # 1504
21872 + 92
21874 + 92
21874 + 92
21876 + 92
21878 + 92
21878 + 92
21880 + 92
21882 + 92
21885 # 1504
21885 - 92 13
21885 - 92 11
21885 - 92 11
21885 - 92 9
21885 - 92 7
21885 - 92 7
21885 - 92 5
21885 - 92 3
21885 # 1504
21885 # 1504
21885 # 1504
21885 # 1504
21885 # 1504
21886 # 1504
21889 # 1504
21889 + 92
21889 + 92
21889 + 92
21889 + 92
21889 + 92
21892 # 1504
21892 - 92 3
21892 - 92 3
21892 - 92 3
21892 - 92 3
21892 - 92 3
21892 + 92
21892 + 92
21893 # 1504
21893 - 92 1
21893 - 92 1
21895 # 1504
21896 # 1504
21896 + 92
21896 + 92
21898 # 1504
21898 - 92 2
21898 - 92 2
21900 # 1504
21902 # 1504
21904 # 1504
21905 + 92
21905 + 92
21906 # 1504
21906 - 92 1
21906 - 92 1
21910 # 1504
21910 # 1504
21910 + 92
21910 + 92
21910 + 92
21910 + 92
21911 + 92
21912 # 1504
21912 - 92 2
21912 - 92 2
21912 - 92 2
21912 - 92 2
21912 - 92 1
21913 # 1504
21915 # 1504
21918 # 1504
21918 # 1504
21920 # 1504
21921 + 92
21921 + 92
21921 + 92
21921 + 92
21921 + 92
21922 + 92
21923 # 1504
21923 - 92 2
21923 - 92 2
21923 - 92 2
21923 - 92 2
21923 - 92 2
21923 - 92 1
21923 + 92
21924 # 1504
21924 - 92 1
21925 + 92
21925 + 92
21927 # 1504
21927 - 92 2
21927 - 92 2
21927 + 92
21928 # 1504
21928 - 92 1
21930 # 1504
21931 # 1504
21931 + 92
21931 + 92
21931 + 92
21933 # 1504
21933 - 92 2
21933 - 92 2
21933 - 92 2
21934 + 92
21936 # 1504
21936 - 92 2
21936 + 92
21937 # 1504
21937 - 92 1
21937 + 92
21939 # 1504
21939 - 92 2
21940 # 1504
21942 # 1504
21942 + 92
21943 + 92
21943 + 92
21944 + 92
21947 + 92
21947 + 92
21957 + 92
21957 + 92
21957 + 92
21957 + 92
21958 + 92
21958 + 92
21958 + 92
21960 + 92
21962 + 92
21964 + 92
21964 + 92
21969 + 92
21970 + 92
21977 + 92
21978 # 1504
21978 - 92 36
21978 - 92 35
21978 - 92 35
21978 - 92 34
21978 - 92 31
21978 - 92 31
21978 - 92 21
21978 - 92 21
21978 - 92 21
21978 - 92 21
21978 - 92 20
21978 - 92 20
21978 - 92 20
21978 - 92 18
21978 - 92 16
21978 - 92 14
21978 # 1504
21978 - 92 14
21978 - 92 9
21978 - 92 8
21978 - 92 1
21978 # 1504
21978 + 92
21978 + 92
21978 + 92
21978 + 92
21979 # 1504
21979 - 92 1
21979 - 92 1
21979 - 92 1
21979 - 92 1
21979 # 1504
21979 # 1504
21979 # 1504
21979 # 1504
21980 # 1504
21980 # 1504
21980 # 1504
21980 # 1504
21980 # 1504
21980 + 92
21980 + 92
21981 # 1504
21981 - 92 1
21981 - 92 1
21982 # 1504
21982 # 1504
21982 # 1504
21982 # 1504
21983 # 1504
21983 # 1504
21983 # 1504
21983 + 92
21986 # 1504
21986 - 92 3
21987 # 1504
21987 + 92
21988 + 92
21988 + 92
21988 + 92
21989 + 92
21992 # 1504
21992 - 92 5
21992 - 92 4
21992 - 92 4
21992 - 92 4
21992 - 92 3
21992 # 1504
21992 # 1504
21992 + 92
21992 + 92
21993 # 1504
21993 - 92 1
21993 - 92 1
21993 + 92
21995 + 92
21996 # 1504
21996 - 92 3
21996 - 92 1
21997 + 92
21998 # 1504
21998 - 92 1
21998 + 92
22000 # 1504
22000 - 92 2
22000 + 92
22000 + 92
22002 + 92
22003 # 1504
22003 - 92 3
22003 - 92 3
22003 - 92 1
22003 # 1504
22003 + 92
22005 # 1504
22005 - 92 2
22007 # 1504
22009 # 1504
22013 + 92
22013 + 92
22014 # 1504
22014 - 92 1
22014 - 92 1
22014 # 1504
22014 + 92
22015 # 1504
22015 - 92 1
22016 # 1504
22018 # 1504
22018 + 92
22020 # 1504
22020 - 92 2
22020 + 92
22020 + 92
22022 # 1504
22022 - 92 2
22022 - 92 2
22026 # 1504
22026 # 1504
22026 + 92
22026 + 92
22027 # 1504
22027 - 92 1
22027 - 92 1
22029 # 1504
22031 # 1504
22032 # 1504
22032 + 92
22032 + 92
22033 + 92
22036 # 1504
22036 - 92 4
22036 - 92 4
22036 - 92 3
22036 # 1504
22037 # 1504
22038 # 1504
22038 + 92
22038 + 92
22038 + 92
22038 + 92
22040 + 92
22041 + 92
22044 + 92
22044 + 92
22046 + 92
22048 + 92
22049 # 1504
22049 - 92 11
22049 - 92 11
22049 - 92 11
22049 - 92 11
22049 - 92 9
22049 - 92 8
22049 - 92 5
22049 - 92 5
22049 - 92 3
22049 - 92 1
22049 # 1504
22049 # 1504
22049 # 1504
22049 # 1504
22049 # 1504
22049 # 1504
22049 + 92
22051 # 1504
22051 - 92 2
22051 + 92
22052 # 1504
22052 - 92 1
22053 + 92
22054 # 1504
22054 - 92 1
22054 + 92
22057 # 1504
22057 - 92 3
22057 # 1504
22058 # 1504
22060 # 1504
22061 # 1504
22063 # 1504
22064 # 1504
22064 + 92
22064 + 92
22065 + 92
22065 + 92
22065 + 92
22065 + 92
22065 + 92
22066 # 1504
22066 - 92 2
22066 - 92 2
22066 - 92 1
22066 - 92 1
22066 - 92 1
22066 - 92 1
22066 - 92 1
22067 # 1504
22067 + 92
22067 + 92
22069 # 1504
22069 - 92 2
22069 - 92 2
22070 + 92
22071 # 1504
22071 - 92 1
22072 + 92
22073 # 1504
22073 - 92 1
22073 + 92
22075 + 92
22075 + 92
22076 + 92
22088 + 92
22088 + 92
22088 + 92
22088 + 92
22092 + 92
22092 + 92
22092 + 92
22094 + 92
22094 + 92
22094 + 92
22095 # 1504
22095 - 92 22
22095 - 92 20
22095 - 92 20
22095 - 92 19
22095 - 92 7
22095 - 92 7
22095 - 92 7
22095 - 92 7
22095 - 92 3
22095 - 92 3
22095 - 92 3
22095 - 92 1
22095 - 92 1
22095 - 92 1
22096 # 1504
22096 # 1504
22096 # 1504
22096 # 1504
22096 # 1504
22096 # 1504
22096 # 1504
22096 # 1504
22096 # 1504
22096 + 92
22097 + 92
22098 # 1504
22098 - 92 2
22098 - 92 1
22099 + 92
22100 # 1504
22100 - 92 1
22102 + 92
22102 + 92
22102 + 92
22104 # 1504
22104 - 92 2
22104 - 92 2
22104 - 92 2
22104 # 1504
22105 # 1504
22105 + 92
22106 + 92
22107 # 1504
22107 - 92 2
22107 - 92 1
22109 # 1504
22109 + 92
22110 + 92
22111 # 1504
22111 - 92 2
22111 - 92 1
22111 + 92
22113 # 1504
22113 - 92 2
22115 # 1504
22116 # 1504
22118 # 1504
22120 # 1504
22121 + 92
22121 + 92
22121 + 92
22121 + 92
22121 + 92
22121 + 92
22123 # 1504
22123 - 92 2
22123 - 92 2
22123 - 92 2
22123 - 92 2
22123 - 92 2
22123 - 92 2
22123 # 1504
22123 + 92
22125 # 1504
22125 - 92 2
22125 + 92
22127 # 1504
22127 - 92 2
22129 # 1504
22131 # 1504
22132 # 1504
22134 + 92
22136 # 1504
22136 - 92 2
22136 # 1504
22137 + 92
22138 # 1504
22138 - 92 1
22139 + 92
22139 + 92
22139 + 92
22140 # 1504
22140 - 92 1
22140 - 92 1
22140 - 92 1
22143 + 92
22144 + 92
22144 + 92
22145 # 1504
22145 - 92 2
22145 - 92 1
22145 - 92 1
22145 # 1504
22145 # 1504
22147 # 1504
22149 # 1504
22149 + 92
22150 + 92
22150 + 92
22150 + 92
22150 + 92
22151 # 1504
22151 - 92 2
22151 - 92 1
22151 - 92 1
22151 - 92 1
22151 - 92 1
22153 # 1504
22155 # 1504
22156 # 1504
22159 # 1504
22159 + 92
22160 + 92
22160 + 92
22160 + 92
22161 # 1504
22161 - 92 2
22161 - 92 1
22161 - 92 1
22161 - 92 1
22165 # 1504
22165 # 1504
22166 # 1504
22166 + 92
22167 # 1504
22167 - 92 1
22168 + 92
22169 # 1504
22169 - 92 1
22170 + 92
22170 + 92
22170 + 92
22170 + 92
22171 # 1504
22171 - 92 1
22171 - 92 1
22171 - 92 1
22171 - 92 1
22172 + 92
22173 # 1504
22173 - 92 1
22174 + 92
22176 # 1504
22176 - 92 2
22176 + 92
22179 + 92
22180 + 92
22181 # 1504
22181 - 92 5
22181 - 92 2
22181 - 92 1
22181 # 1504
22181 # 1504
22182 # 1504
22183 # 1504
22190 + 92
22190 + 92
22191 + 92
22192 + 92
22195 # 1504
22195 - 92 5
22195 - 92 5
22195 - 92 4
22195 - 92 3
22200 # 1504
22200 # 1504
22200 # 1504
22200 # 1504
22200 # 1504
22200 # 1504
22200 # 1504
22200 # 1504
22201 + 92
22202 # 1504
22202 - 92 1
22202 + 92
22203 # 1504
22203 - 92 1
22205 + 92
22205 + 92
22206 # 1504
22206 - 92 1
22206 - 92 1
22206 # 1504
22206 + 92
22209 # 1504
22209 - 92 3
22209 # 1504
22211 # 1504
22214 # 1504
22215 # 1504
22216 # 1504
22216 + 92
22217 # 1504
22217 - 92 1
22218 + 92
22219 # 1504
22219 - 92 1
22222 # 1504
22222 # 1504
22223 # 1504
22225 # 1504
22229 + 92
22230 # 1504
22230 - 92 1
22230 # 1504
22230 # 1504
22231 # 1504
22233 # 1504
22233 + 92
22235 # 1504
22235 - 92 2
22237 # 1504
22240 + 92
22240 + 92
22245 + 92
22245 + 92
22247 # 1504
22247 - 92 7
22247 - 92 7
22247 - 92 2
22247 - 92 2
22247 # 1504
22249 # 1504
22249 # 1504
22249 # 1504
22250 # 1504
22250 # 1504
22251 # 1504
22253 + 92
22254 # 1504
22254 - 92 1
22255 # 1504
22256 # 1504
22257 # 1504
22257 + 92
22260 # 1504
22260 - 92 3
22261 # 1504
22263 # 1504
22263 + 92
22264 # 1504
22264 - 92 1
22267 # 1504
22267 # 1504
22268 # 1504
22270 # 1504
22271 # 1504
22272 + 92
22273 # 1504
22273 - 92 1
22274 # 1504
22276 # 1504
22276 + 92
22277 # 1504
22277 - 92 1
22278 # 1504
22279 + 92
22280 # 1504
22280 - 92 1
22281 # 1504
22282 # 1504
22284 # 1504
22285 # 1504
22288 # 1504
22288 # 1504
22288 + 92
22290 + 92
22293 + 92
22300 # 1504
22300 - 92 12
22300 - 92 10
22300 - 92 7
22300 # 1504
22300 # 1504
22300 # 1504
22301 # 1504
22301 # 1504
22302 # 1504
22302 # 1504
22303 # 1504
22303 + 92
22304 # 1504
22304 - 92 1
22305 # 1504
22305 + 92
22307 # 1504
22307 - 92 2
22308 # 1504
22308 + 92
22309 + 92
22310 # 1504
22310 - 92 2
22310 - 92 1
22311 # 1504
22312 + 92
22313 # 1504
22313 - 92 1
22313 + 92
22314 # 1504
22314 - 92 1
22316 # 1504
22317 # 1504
22318 # 1504
22320 # 1504
22321 # 1504
22323 + 92
22323 + 92
22323 + 92
22323 + 92
22324 # 1504
22324 - 92 1
22324 - 92 1
22324 - 92 1
22324 - 92 1
22324 # 1504
22326 # 1504
22326 + 92
22327 # 1504
22327 - 92 1
22328 # 1504
22330 + 92
22331 # 1504
22331 - 92 1
22331 # 1504
22331 + 92
22333 # 1504
22333 - 92 2
22333 + 92
22336 # 1504
22336 - 92 3
22336 + 92
22337 # 1504
22337 - 92 1
22337 # 1504
22338 + 92
22341 # 1504
22341 - 92 3
22342 + 92
22342 + 92
22343 # 1504
22343 - 92 1
22343 - 92 1
22343 # 1504
22344 + 92
22345 # 1504
22345 - 92 1
22347 # 1504
22349 # 1504
22349 + 92
22349 + 92
22350 # 1504
22350 - 92 1
22350 - 92 1
22351 + 92
22353 # 1504
22353 - 92 2
22353 # 1504
22355 + 92
22356 # 1504
22356 - 92 1
22356 + 92
22357 # 1504
22357 - 92 1
22360 # 1504
22360 # 1504
22360 + 92
22361 # 1504
22361 - 92 1
22361 + 92
22363 + 92
22364 # 1504
22364 - 92 3
22364 - 92 1
22365 # 1504
22366 # 1504
22366 + 92
22368 + 92
22369 # 1504
22369 - 92 3
22369 - 92 1
22370 # 1504
22371 + 92
22372 # 1504
22372 - 92 1
22372 + 92
22373 # 1504
22373 - 92 1
22374 # 1504
22375 # 1504
22376 # 1504
22377 # 1504
22378 # 1504
22380 # 1504
22381 # 1504
22383 # 1504
22384 # 1504
22384 + 92
22386 # 1504
22386 - 92 2
22387 # 1504
22387 # 1504
22388 # 1504
22389 # 1504
22390 # 1504
22391 # 1504
22392 + 92
22393 # 1504
22393 - 92 1
22393 + 92
22394 # 1504
22394 - 92 1
22394 # 1504
22395 # 1504
22396 # 1504
22397 # 1504
22398 # 1504
22399 # 1504
22400 # 1504
22401 # 1504
22403 # 1504
22410 + 92
22412 + 92
22412 + 92
22414 # 1504
22414 - 92 4
22414 - 92 2
22414 - 92 2
22414 # 1504
22414 # 1504
22414 # 1504
22415 # 1504
22415 # 1504
22415 # 1504
22415 # 1504
22415 # 1504
22417 # 1504
22418 # 1504
22421 + 92
22421 + 92
22421 + 92
22421 + 92
22421 + 92
22423 + 92
22427 # 1504
22427 - 92 6
22427 - 92 6
22427 - 92 6
22427 - 92 6
22427 - 92 6
22427 - 92 4
22427 # 1504
22427 # 1504
22427 # 1504
22427 # 1504
22427 + 92
22427 + 92
22428 # 1504
22428 - 92 1
22428 - 92 1
22428 # 1504
22428 # 1504
22428 # 1504
22430 + 92
22432 + 92
22432 + 92
22437 # 1504
22437 - 92 7
22437 - 92 5
22437 - 92 5
22438 # 1504
22438 # 1504
22439 # 1504
22439 # 1504
22439 # 1504
22439 # 1504
22439 # 1504
22443 + 92
22443 + 92
22445 + 92
22447 + 92
22456 + 92
22457 # 1504
22457 - 92 14
22457 - 92 14
22457 - 92 12
22457 - 92 10
22457 - 92 1
22458 + 92
22459 + 92
22460 + 92
22461 # 1504
22461 - 92 3
22461 - 92 2
22461 - 92 1
22461 # 1504
22461 # 1504
22461 # 1504
22461 # 1504
22461 # 1504
22461 # 1504
22462 # 1504
22462 # 1504
22464 + 92
22466 # 1504
22466 - 92 2
22466 # 1504
22466 # 1504
22466 + 92
22467 # 1504
22467 - 92 1
22467 # 1504
22467 # 1504
22467 # 1504
22468 + 92
22470 # 1504
22470 - 92 2
22470 # 1504
22470 + 92
22471 # 1504
22471 - 92 1
22471 + 92
22472 # 1504
22472 - 92 1
22473 # 1504
22473 + 92
22475 + 92
22476 + 92
22479 + 92
22479 + 92
22482 + 92
22484 # 1504
22484 - 92 11
22484 - 92 9
22484 - 92 8
22484 - 92 5
22484 - 92 5
22484 - 92 2
22484 # 1504
22484 # 1504
22484 # 1504
22484 # 1504
22484 + 92
22489 # 1504
22489 - 92 5
22489 # 1504
22489 # 1504
22489 # 1504
22489 # 1504
22490 # 1504
22491 # 1504
22492 + 92
22493 # 1504
22493 - 92 1
22493 # 1504
22493 + 92
22495 # 1504
22495 - 92 2
22495 # 1504
22497 + 92
22498 + 92
22499 + 92
22500 + 92
22504 + 92
22505 + 92
22506 # 1504
22506 - 92 9
22506 - 92 8
22506 - 92 7
22506 - 92 6
22506 - 92 2
22506 - 92 1
22506 # 1504
22506 # 1504
22506 # 1504
22506 # 1504
22506 # 1504
22506 # 1504
22508 + 92
22516 # 1504
22516 - 92 8
22516 # 1504
22516 # 1504
22516 # 1504
22518 + 92
22519 # 1504
22519 - 92 1
22519 # 1504
22519 # 1504
22519 # 1504
22519 # 1504
22520 + 92
22523 + 92
22523 + 92
22528 # 1504
22528 - 92 8
22528 - 92 5
22528 - 92 5
22528 # 1504
22529 # 1504
22529 # 1504
22529 # 1504
22529 # 1504
22529 # 1504
22529 # 1504
22529 # 1504
22530 # 1504
22532 + 92
22533 # 1504
22533 - 92 1
22535 + 92
22538 + 92
22541 + 92
22542 # 1504
22542 - 92 7
22542 - 92 4
22542 - 92 1
22543 + 92
22546 # 1504
22546 - 92 3
22546 # 1504
22546 + 92
22546 + 92
22548 # 1504
22548 - 92 2
22548 - 92 2
22550 # 1504
22551 + 92
22551 + 92
22552 # 1504
22552 - 92 1
22552 - 92 1
22553 + 92
22556 # 1504
22556 - 92 3
22556 + 92
22557 # 1504
22557 - 92 1
22558 # 1504
22558 # 1504
22558 + 92
22560 # 1504
22560 - 92 2
22561 # 1504
22561 + 92
22562 # 1504
22562 - 92 1
22563 # 1504
22563 + 92
22564 + 92
22567 # 1504
22567 - 92 4
22567 - 92 3
22567 # 1504
22567 # 1504
22567 + 92
22568 # 1504
22568 - 92 1
22568 + 92
22570 + 92
22572 + 92
22574 + 92
22575 + 92
22577 + 92
22578 # 1504
22578 - 92 10
22578 - 92 8
22578 - 92 6
22578 - 92 4
22578 - 92 3
22578 - 92 1
22580 + 92
22581 # 1504
22581 - 92 1
22581 # 1504
22581 + 92
22584 # 1504
22584 - 92 3
22584 # 1504
22585 # 1504
22585 # 1504
22591 + 92
22593 + 92
22594 # 1504
22594 - 92 3
22594 - 92 1
22594 # 1504
22594 + 92
22597 + 92
22605 # 1504
22605 - 92 11
22605 - 92 8
22605 # 1504
22605 # 1504
22605 # 1504
22605 # 1504
22606 # 1504
22607 + 92
22607 + 92
22610 # 1504
22610 - 92 3
22610 - 92 3
22610 + 92
22611 + 92
22614 + 92
22615 # 1504
22615 - 92 5
22615 - 92 4
22615 - 92 1
22616 # 1504
22616 # 1504
22623 + 92
22625 + 92
22627 # 1504
22627 - 92 4
22627 - 92 2
22627 # 1504
22627 # 1504
22627 # 1504
22627 # 1504
22627 + 92
22630 # 1504
22630 - 92 3
22631 + 92
22632 # 1504
22632 - 92 1
22632 + 92
22635 + 92
22636 # 1504
22636 - 92 4
22636 - 92 1
22636 + 92
22637 # 1504
22637 - 92 1
22638 + 92
22639 # 1504
22639 - 92 1
22640 + 92
22642 # 1504
22642 - 92 2
22642 + 92
22644 # 1504
22644 - 92 2
22644 + 92
22647 # 1504
22647 - 92 3
22647 + 92
22649 # 1504
22649 - 92 2
22649 + 92
22651 # 1504
22651 - 92 2
22654 # 1504
22656 # 1504
22660 # 1504
22661 + 92
22662 # 1504
22662 - 92 1
22662 + 92
22662 + 92
22662 + 92
22662 + 92
22664 # 1504
22664 - 92 2
22664 - 92 2
22664 - 92 2
22664 - 92 2
22664 + 92
22665 + 92
22668 # 1504
22668 - 92 4
22668 - 92 3
22668 + 92
22670 + 92
22670 + 92
22671 # 1504
22671 - 92 3
22671 - 92 1
22671 - 92 1
22672 # 1504
22672 + 92
22674 + 92
22676 + 92
22677 # 1504
22677 - 92 5
22677 - 92 3
22677 - 92 1
22678 # 1504
22679 + 92
22680 # 1504
22680 - 92 1
22681 + 92
22681 + 92
22683 # 1504
22683 - 92 2
22683 - 92 2
22683 + 92
22685 + 92
22686 # 1504
22686 - 92 3
22686 - 92 1
22689 # 1504
22691 + 92
22691 + 92
22693 # 1504
22693 - 92 2
22693 - 92 2
22693 + 92
22694 + 92
22695 # 1504
22695 - 92 2
22695 - 92 1
22696 + 92
22697 # 1504
22697 - 92 1
22699 # 1504
22699 + 92
22702 # 1504
22702 - 92 3
22704 # 1504
22707 # 1504
22708 + 92
22709 # 1504
22709 - 92 1
22710 + 92
22712 + 92
22713 # 1504
22713 - 92 3
22713 - 92 1
22714 + 92
22714 + 92
22716 # 1504
22716 - 92 2
22716 - 92 2
22717 # 1504
22720 # 1504
22723 # 1504
22724 + 92
22724 + 92
22725 # 1504
22725 - 92 1
22725 - 92 1
22727 # 1504
22727 + 92
22729 + 92
22730 # 1504
22730 - 92 3
22730 - 92 1
22733 # 1504
22735 # 1504
22735 + 92
22735 + 92
22738 # 1504
22738 - 92 3
22738 - 92 3
22741 # 1504
22742 # 1504
22743 # 1504
22743 + 92
22743 + 92
22743 + 92
22744 # 1504
22744 - 92 1
22744 - 92 1
22744 - 92 1
22753 + 92
22753 + 92
22753 + 92
22754 # 1504
22754 - 92 1
22754 - 92 1
22754 - 92 1
22756 # 1504
22757 # 1504
22757 # 1504
22757 # 1504
22757 # 1504
22757 # 1504
22757 + 92
22757 + 92
22757 + 92
22758 # 1504
22758 - 92 1
22758 - 92 1
22758 - 92 1
22759 + 92
22769 # 1504
22769 - 92 10
22769 # 1504
22769 # 1504
22770 # 1504
22770 # 1504
22770 # 1504
22770 # 1504
22778 + 92
22778 + 92
22778 + 92
22778 + 92
22778 + 92
22779 # 1504
22779 - 92 1
22779 - 92 1
22779 - 92 1
22779 - 92 1
22779 - 92 1
22779 # 1504
22780 # 1504
22781 + 92
22782 # 1504
22782 - 92 1
22782 # 1504
22784 + 92
22785 + 92
22788 # 1504
22788 - 92 4
22788 - 92 3
22791 + 92
22792 # 1504
22792 - 92 1
22792 + 92
22793 # 1504
22793 - 92 1
22793 # 1504
22793 + 92
22795 # 1504
22795 - 92 2
22795 # 1504
22796 + 92
22797 # 1504
22797 - 92 1
22798 + 92
22800 # 1504
22800 - 92 2
22800 + 92
22802 + 92
22804 + 92
22806 # 1504
22806 - 92 6
22806 - 92 4
22806 - 92 2
22806 # 1504
22806 # 1504
22807 # 1504
22808 # 1504
22808 # 1504
22808 + 92
22810 + 92
22811 # 1504
22811 - 92 3
22811 - 92 1
22813 # 1504
22814 + 92
22814 + 92
22815 # 1504
22815 - 92 1
22815 - 92 1
22816 # 1504
22816 + 92
22818 # 1504
22818 - 92 2
22818 + 92
22820 # 1504
22820 - 92 2
22820 + 92
22823 # 1504
22823 - 92 3
22823 + 92
22824 # 1504
22824 - 92 1
22825 + 92
22826 # 1504
22826 - 92 1
22827 + 92
22828 # 1504
22828 - 92 1
22829 + 92
22830 # 1504
22830 - 92 1
22831 # 1504
22833 # 1504
22836 # 1504
22836 # 1504
22837 # 1504
22839 # 1504
22839 + 92
22839 + 92
22839 + 92
22839 + 92
22839 + 92
22840 # 1504
22840 - 92 1
22840 - 92 1
22840 - 92 1
22840 - 92 1
22840 - 92 1
22841 + 92
22842 # 1504
22842 - 92 1
22843 + 92
22847 + 92
22849 + 92
22851 + 92
22852 # 1504
22852 - 92 9
22852 - 92 5
22852 - 92 3
22852 - 92 1
22852 # 1504
22852 + 92
22853 # 1504
22853 - 92 1
22853 # 1504
22853 # 1504
22853 # 1504
22854 + 92
22855 # 1504
22855 - 92 1
22855 # 1504
22856 + 92
22857 # 1504
22857 - 92 1
22857 + 92
22858 # 1504
22858 - 92 1
22858 + 92
22860 # 1504
22860 - 92 2
22860 + 92
22862 # 1504
22862 - 92 2
22863 # 1504
22863 + 92
22865 + 92
22867 # 1504
22867 - 92 4
22867 - 92 2
22867 # 1504
22867 + 92
22868 # 1504
22868 - 92 1
22870 # 1504
22870 + 92
22870 + 92
22872 # 1504
22872 - 92 2
22872 - 92 2
22872 + 92
22873 # 1504
22873 - 92 1
22874 + 92
22875 # 1504
22875 - 92 1
22876 # 1504
22876 + 92
22878 + 92
22879 # 1504
22879 - 92 3
22879 - 92 1
22879 # 1504
22880 + 92
22881 # 1504
22881 - 92 1
22882 # 1504
22882 + 92
22884 # 1504
22884 - 92 2
22887 # 1504
22887 # 1504
22891 # 1504
22892 # 1504
22894 # 1504
22894 + 92
22894 + 92
22896 # 1504
22896 - 92 2
22896 - 92 2
22896 + 92
22897 # 1504
22897 - 92 1
22898 + 92
22901 # 1504
22901 - 92 3
22901 # 1504
22901 + 92
22901 + 92
22902 # 1504
22902 - 92 1
22902 - 92 1
22904 # 1504
22906 # 1504
22909 # 1504
22909 # 1504
22911 # 1504
22913 + 92
22914 # 1504
22914 - 92 1
22915 + 92
22917 # 1504
22917 - 92 2
22918 # 1504
22920 # 1504
22922 # 1504
22923 # 1504
22925 # 1504
22926 # 1504
22927 + 92
22927 + 92
22928 # 1504
22928 - 92 1
22928 - 92 1
22929 + 92
22930 # 1504
22930 - 92 1
22931 # 1504
22931 + 92
22933 # 1504
22933 - 92 2
22934 + 92
22935 # 1504
22935 - 92 1
22936 # 1504
22937 + 92
22938 # 1504
22938 - 92 1
22939 + 92
22940 # 1504
22940 - 92 1
22942 # 1504
22942 + 92
22943 + 92
22944 + 92
22947 + 92
22949 + 92
22952 + 92
22954 + 92
22964 + 92
22964 + 92
22966 + 92
22969 # 1504
22969 - 92 27
22969 - 92 26
22969 - 92 25
22969 - 92 22
22969 - 92 20
22969 - 92 17
22969 - 92 15
22969 - 92 5
22969 - 92 5
22969 - 92 3
22969 # 1504
22969 # 1504
22969 # 1504
22969 # 1504
22969 # 1504
22970 # 1504
22970 # 1504
22970 # 1504
22970 # 1504
22970 # 1504
22970 # 1504
22970 # 1504
22971 # 1504
22971 # 1504
22971 # 1504
22971 # 1504
22972 # 1504
22973 # 1504
22974 # 1504
22975 # 1504
22975 + 92
22977 + 92
22978 # 1504
22978 - 92 3
22978 - 92 1
22979 + 92
22980 # 1504
22980 - 92 1
22981 # 1504
22981 + 92
22982 # 1504
22982 - 92 1
22982 + 92
22983 # 1504
22983 - 92 1
22984 + 92
22985 + 92
22986 + 92
22987 # 1504
22987 - 92 3
22987 - 92 2
22987 - 92 1
22987 # 1504
22988 + 92
22989 # 1504
22989 - 92 1
22990 # 1504
22993 # 1504
22994 + 92
22994 + 92
22995 # 1504
22995 - 92 1
22995 - 92 1
22996 + 92
22998 # 1504
22998 - 92 2
22998 # 1504
22998 + 92
23000 # 1504
23000 - 92 2
23000 + 92
23001 # 1504
23001 - 92 1
23002 + 92
23003 # 1504
23003 - 92 1
23004 # 1504
23006 # 1504
23007 # 1504
23009 # 1504
23010 + 92
23012 + 92
23013 # 1504
23013 - 92 3
23013 - 92 1
23015 # 1504
23015 # 1504
23017 # 1504
23018 # 1504
23020 # 1504
23022 # 1504
23023 # 1504
23025 + 92
23026 # 1504
23026 - 92 1
23026 # 1504
23027 + 92
23029 # 1504
23029 - 92 2
23030 # 1504
23031 # 1504
23032 # 1504
23032 + 92
23033 # 1504
23033 - 92 1
23035 # 1504
23036 # 1504
23037 # 1504
23038 # 1504
23039 # 1504
23039 + 92
23040 + 92
23042 # 1504
23042 - 92 3
23042 - 92 2
23049 # 1504
23049 + 92
23050 + 92
23053 # 1504
23053 - 92 4
23053 - 92 3
23053 # 1504
23053 # 1504
23053 # 1504
23053 # 1504
23053 # 1504
23053 # 1504
23053 + 92
23053 + 92
23054 # 1504
23054 - 92 1
23054 - 92 1
23054 # 1504
23058 # 1504
23058 # 1504
23058 # 1504
23064 + 92
23064 + 92
23068 # 1504
23068 - 92 4
23068 - 92 4
23068 # 1504
23068 # 1504
23068 # 1504
23070 + 92
23071 + 92
23072 + 92
23073 # 1504
23073 - 92 3
23073 - 92 2
23073 - 92 1
23074 # 1504
23074 # 1504
23074 # 1504
23074 + 92
23076 + 92
23079 # 1504
23079 - 92 5
23079 - 92 3
23079 # 1504
23079 # 1504
23079 # 1504
23079 # 1504
23085 # 1504
23085 # 1504
23086 # 1504
23086 # 1504
23086 # 1504
23086 # 1504
23086 + 92
23086 + 92
23087 # 1504
23087 - 92 1
23087 - 92 1
23088 # 1504
23089 # 1504
23089 + 92
23090 # 1504
23090 - 92 1
23091 # 1504
23093 + 92
23093 + 92
23097 # 1504
23097 - 92 4
23097 - 92 4
23097 # 1504
23097 # 1504
23097 # 1504
23098 # 1504
23098 # 1504
23101 + 92
23103 + 92
23106 + 92
23106 + 92
23107 + 92
23108 # 1504
23108 - 92 7
23108 - 92 5
23108 - 92 2
23108 - 92 2
23108 - 92 1
23108 # 1504
23108 # 1504
23108 # 1504
23108 # 1504
23108 # 1504
23108 # 1504
23108 # 1504
23109 # 1504
23109 + 92
23110 # 1504
23110 - 92 1
23111 + 92
23112 # 1504
23112 - 92 1
23113 # 1504
23113 # 1504
23113 + 92
23114 + 92
23115 # 1504
23115 - 92 2
23115 - 92 1
23116 # 1504
23116 + 92
23117 + 92
23119 # 1504
23119 - 92 3
23119 - 92 2
23119 # 1504
23119 # 1504
23120 # 1504
23120 + 92
23121 # 1504
23121 - 92 1
23122 # 1504
23123 # 1504
23125 # 1504
23129 + 92
23131 + 92
23131 + 92
23131 + 92
23131 + 92
23136 # 1504
23136 - 92 7
23136 - 92 5
23136 - 92 5
23136 - 92 5
23136 - 92 5
23136 # 1504
23139 # 1504
23140 # 1504
23141 # 1504
23141 # 1504
23142 + 92
23145 # 1504
23145 - 92 3
23146 # 1504
23146 # 1504
23150 + 92
23152 # 1504
23152 - 92 2
23153 + 92
23154 + 92
23155 # 1504
23155 - 92 2
23155 - 92 1
23155 # 1504
23156 # 1504
23157 # 1504
23157 + 92
23157 + 92
23159 # 1504
23159 - 92 2
23159 - 92 2
23159 # 1504
23159 # 1504
23159 # 1504
23159 # 1504
23160 # 1504
23160 + 92
23161 # 1504
23161 - 92 1
23162 # 1504
23164 # 1504
23164 # 1504
23165 # 1504
23167 # 1504
23168 # 1504
23169 # 1504
23170 # 1504
23170 + 92
23170 + 92
23172 # 1504
23172 - 92 2
23172 - 92 2
23173 # 1504
23174 # 1504
23174 + 92
23175 + 92
23178 + 92
23179 + 92
23181 + 92
23184 + 92
23185 + 92
23187 + 92
23191 # 1504
23191 - 92 17
23191 - 92 16
23191 - 92 13
23191 - 92 12
23191 - 92 10
23191 - 92 7
23191 - 92 6
23191 - 92 4
23193 # 1504
23194 + 92
23195 + 92
23198 + 92
23198 + 92
23200 + 92
23210 + 92
23212 + 92
23213 + 92
23216 + 92
23217 + 92
23218 + 92
23222 + 92
23223 # 1504
23223 - 92 29
23223 - 92 28
23223 - 92 25
23223 - 92 25
23223 - 92 23
23223 - 92 13
23223 - 92 11
23223 - 92 10
23223 - 92 7
23223 - 92 6
23223 - 92 5
23223 - 92 1
23223 # 1504
23223 # 1504
23223 # 1504
23223 # 1504
23223 # 1504
23223 # 1504
23223 # 1504
23223 # 1504
23223 # 1504
23223 # 1504
23223 # 1504
23223 + 92
23223 + 92
23224 # 1504
23224 - 92 1
23224 - 92 1
23224 # 1504
23224 # 1504
23224 # 1504
23224 # 1504
23224 # 1504
23224 # 1504
23224 # 1504
23224 # 1504
23224 # 1504
23224 # 1504
23224 # 1504
23224 # 1504
23224 # 1504
23225 # 1504
23225 # 1504
23225 # 1504
23225 # 1504
23226 # 1504
23226 # 1504
23226 # 1504
23226 # 1504
23226 + 92
23228 # 1504
23228 - 92 2
23228 + 92
23228 + 92
23230 # 1504
23230 - 92 2
23230 - 92 2
23230 + 92
23231 # 1504
23231 - 92 1
23232 # 1504
23233 + 92
23234 # 1504
23234 - 92 1
23234 + 92
23235 # 1504
23235 - 92 1
23236 # 1504
23236 + 92
23238 # 1504
23238 - 92 2
23240 # 1504
23241 # 1504
23242 # 1504
23244 # 1504
23245 # 1504
23246 # 1504
23246 + 92
23248 # 1504
23248 - 92 2
23249 + 92
23250 # 1504
23250 - 92 1
23251 # 1504
23251 + 92
23252 + 92
23253 # 1504
23253 - 92 2
23253 - 92 1
23255 # 1504
23257 + 92
23264 + 92
23267 # 1504
23267 - 92 10
23267 - 92 3
23267 # 1504
23267 # 1504
23267 # 1504
23267 # 1504
23268 # 1504
23268 # 1504
23269 # 1504
23269 + 92
23269 + 92
23274 + 92
23274 + 92
23279 # 1504
23279 - 92 10
23279 - 92 10
23279 - 92 5
23279 - 92 5
23281 # 1504
23281 # 1504
23281 # 1504
23281 # 1504
23281 # 1504
23284 + 92
23284 + 92
23284 + 92
23284 + 92
23285 + 92
23287 + 92
23288 # 1504
23288 - 92 4
23288 - 92 4
23288 - 92 4
23288 - 92 4
23288 - 92 3
23288 - 92 1
23288 # 1504
23289 + 92
23290 # 1504
23290 - 92 1
23291 # 1504
23298 + 92
23298 + 92
23298 + 92
23298 + 92
23298 + 92
23300 + 92
23301 + 92
23308 # 1504
23308 - 92 10
23308 - 92 10
23308 - 92 10
23308 - 92 10
23308 - 92 10
23308 - 92 8
23308 - 92 7
23308 # 1504
23308 # 1504
23308 # 1504
23308 # 1504
23308 # 1504
23308 # 1504
23309 + 92
23309 + 92
23310 + 92
23310 + 92
23310 + 92
23311 # 1504
23311 - 92 2
23311 - 92 2
23311 - 92 1
23311 - 92 1
23311 - 92 1
23311 # 1504
23312 # 1504
23312 + 92
23313 + 92
23314 # 1504
23314 - 92 2
23314 - 92 1
23315 + 92
23316 # 1504
23316 - 92 1
23318 + 92
23319 + 92
23320 # 1504
23320 - 92 2
23320 - 92 1
23320 # 1504
23321 # 1504
23321 # 1504
23321 + 92
23322 # 1504
23322 - 92 1
23323 # 1504
23323 + 92
23324 # 1504
23324 - 92 1
23325 # 1504
23325 + 92
23327 # 1504
23327 - 92 2
23327 + 92
23329 # 1504
23329 - 92 2
23329 # 1504
23329 + 92
23330 # 1504
23330 - 92 1
23331 # 1504
23331 + 92
23333 # 1504
23333 - 92 2
23334 # 1504
23334 + 92
23335 # 1504
23335 - 92 1
23336 # 1504
23338 # 1504
23339 # 1504
23340 # 1504
23342 # 1504
23343 # 1504
23344 # 1504
23345 + 92
23345 + 92
23345 + 92
23345 + 92
23346 + 92
23348 # 1504
23348 - 92 3
23348 - 92 3
23348 - 92 3
23348 - 92 3
23348 - 92 2
23348 + 92
23349 # 1504
23349 - 92 1
23349 # 1504
23350 # 1504
23352 # 1504
23353 # 1504
23358 # 1504
23358 # 1504
23358 # 1504
23358 # 1504
23358 + 92
23358 + 92
23359 # 1504
23359 - 92 1
23359 - 92 1
23360 # 1504
23360 + 92
23360 + 92
23360 + 92
23360 + 92
23361 # 1504
23361 - 92 1
23361 - 92 1
23361 - 92 1
23361 - 92 1
23362 # 1504
23363 # 1504
23365 # 1504
23366 # 1504
23367 # 1504
23368 # 1504
23369 + 92
23369 + 92
23374 + 92
23374 + 92
23374 + 92
23376 + 92
23377 + 92
23378 # 1504
23378 - 92 9
23378 - 92 9
23378 - 92 4
23378 - 92 4
23378 - 92 4
23378 - 92 2
23378 - 92 1
23378 # 1504
23379 + 92
23379 + 92
23381 # 1504
23381 - 92 2
23381 - 92 2
23381 # 1504
23381 # 1504
23381 # 1504
23381 # 1504
23381 # 1504
23381 # 1504
23381 + 92
23382 # 1504
23382 - 92 1
23383 # 1504
23384 # 1504
23385 # 1504
23386 # 1504
23387 # 1504
23388 # 1504
23391 + 92
23391 + 92
23391 + 92
23391 + 92
23391 + 92
23393 + 92
23394 + 92
23395 # 1504
23395 - 92 4
23395 - 92 4
23395 - 92 4
23395 - 92 4
23395 - 92 4
23395 - 92 2
23395 - 92 1
23395 # 1504
23396 + 92
23397 # 1504
23397 - 92 1
23398 # 1504
23399 # 1504
23399 + 92
23401 # 1504
23401 - 92 2
23401 + 92
23403 # 1504
23403 - 92 2
23405 # 1504
23406 # 1504
23407 # 1504
23409 # 1504
23409 + 92
23409 + 92
23409 + 92
23409 + 92
23410 # 1504
23410 - 92 1
23410 - 92 1
23410 - 92 1
23410 - 92 1
23411 + 92
23411 + 92
23412 # 1504
23412 - 92 1
23412 - 92 1
23413 # 1504
23413 + 92
23416 + 92
23418 + 92
23423 # 1504
23423 - 92 10
23423 - 92 7
23423 - 92 5
23425 # 1504
23425 # 1504
23425 # 1504
23428 # 1504
23428 # 1504
23428 + 92
23429 + 92
23429 + 92
23430 + 92
23430 + 92
23430 + 92
23431 + 92
23434 # 1504
23434 - 92 6
23434 - 92 5
23434 - 92 5
23434 - 92 4
23434 - 92 4
23434 - 92 4
23434 - 92 3
23434 + 92
23434 + 92
23435 # 1504
23435 - 92 1
23435 - 92 1
23435 # 1504
23436 # 1504
23436 # 1504
23436 # 1504
23436 # 1504
23436 + 92
23437 # 1504
23437 - 92 1
23438 # 1504
23439 + 92
23439 + 92
23440 # 1504
23440 - 92 1
23440 - 92 1
23441 # 1504
23442 # 1504
23446 # 1504
23446 # 1504
23447 # 1504
23448 # 1504
23449 + 92
23449 + 92
23449 + 92
23450 # 1504
23450 - 92 1
23450 - 92 1
23450 - 92 1
23450 + 92
23450 + 92
23451 # 1504
23451 - 92 1
23451 - 92 1
23451 + 92
23452 # 1504
23452 - 92 1
23453 + 92
23455 + 92
23456 # 1504
23456 - 92 3
23456 - 92 1
23456 # 1504
23456 + 92
23458 # 1504
23458 - 92 2
23458 # 1504
23460 # 1504
23461 # 1504
23461 + 92
23461 + 92
23462 # 1504
23462 - 92 1
23462 - 92 1
23463 + 92
23464 + 92
23465 # 1504
23465 - 92 2
23465 - 92 1
23465 + 92
23466 # 1504
23466 - 92 1
23467 # 1504
23467 + 92
23468 # 1504
23468 - 92 1
23468 + 92
23470 # 1504
23470 - 92 2
23471 + 92
23472 # 1504
23472 - 92 1
23472 # 1504
23473 + 92
23473 + 92
23475 # 1504
23475 - 92 2
23475 - 92 2
23476 + 92
23477 # 1504
23477 - 92 1
23477 + 92
23477 + 92
23478 # 1504
23478 - 92 1
23478 - 92 1
23480 # 1504
23480 + 92
23481 # 1504
23481 - 92 1
23482 # 1504
23482 + 92
23483 # 1504
23483 - 92 1
23483 + 92
23484 # 1504
23484 - 92 1
23485 # 1504
23486 + 92
23487 + 92
23488 # 1504
23488 - 92 2
23488 - 92 1
23488 # 1504
23488 + 92
23489 # 1504
23489 - 92 1
23490 # 1504
23491 # 1504
23493 # 1504
23494 + 92
23495 # 1504
23495 - 92 1
23495 # 1504
23497 # 1504
23498 # 1504
23499 # 1504
23500 # 1504
23500 + 92
23504 # 1504
23504 - 92 4
23504 # 1504
23505 # 1504
23506 + 92
23507 # 1504
23507 - 92 1
23508 # 1504
23509 # 1504
23511 + 92
23511 + 92
23515 + 92
23520 # 1504
23520 - 92 9
23520 - 92 9
23520 - 92 5
23520 # 1504
23520 # 1504
23520 # 1504
23524 + 92
23527 # 1504
23527 - 92 3
23528 # 1504
23528 # 1504
23528 + 92
23529 # 1504
23529 - 92 1
23529 # 1504
23529 + 92
23531 # 1504
23531 - 92 2
23531 # 1504
23532 # 1504
23533 + 92
23535 # 1504
23535 - 92 2
23536 # 1504
23537 # 1504
23537 # 1504
23538 # 1504
23538 + 92
23540 + 92
23540 + 92
23547 + 92
23549 # 1504
23549 - 92 11
23549 - 92 9
23549 - 92 9
23549 - 92 2
23549 # 1504
23549 # 1504
23549 # 1504
23549 # 1504
23549 # 1504
23549 # 1504
23549 # 1504
23550 + 92
23551 # 1504
23551 - 92 1
23551 # 1504
23552 # 1504
23552 + 92
23554 # 1504
23554 - 92 2
23555 # 1504
23555 + 92
23556 # 1504
23556 - 92 1
23557 # 1504
23558 # 1504
23559 # 1504
23565 + 92
23567 + 92
23567 + 92
23568 # 1504
23568 - 92 3
23568 - 92 1
23568 - 92 1
23568 # 1504
23568 # 1504
23572 # 1504
23572 # 1504
23572 # 1504
23572 # 1504
23572 # 1504
23572 # 1504
23572 # 1504
23572 + 92
23573 # 1504
23573 - 92 1
23574 + 92
23575 # 1504
23575 - 92 1
23577 + 92
23579 + 92
23581 + 92
23583 + 92
23585 # 1504
23585 - 92 8
23585 - 92 6
23585 - 92 4
23585 - 92 2
23585 # 1504
23586 # 1504
23586 # 1504
23586 + 92
23588 # 1504
23588 - 92 2
23588 + 92
23589 # 1504
23589 - 92 1
23589 # 1504
23589 # 1504
23590 + 92
23594 + 92
23595 + 92
23598 + 92
23599 # 1504
23599 - 92 9
23599 - 92 5
23599 - 92 4
23599 - 92 1
23599 # 1504
23599 # 1504
23599 # 1504
23599 # 1504
23599 + 92
23600 # 1504
23600 - 92 1
23606 # 1504
23609 # 1504
23610 # 1504
23610 + 92
23610 + 92
23612 # 1504
23612 - 92 2
23612 - 92 2
23612 + 92
23614 # 1504
23614 - 92 2
23615 # 1504
23615 # 1504
23615 # 1504
23615 + 92
23617 + 92
23619 + 92
23623 + 92
23624 + 92
23626 # 1504
23626 - 92 11
23626 - 92 9
23626 - 92 7
23626 - 92 3
23626 - 92 2
23627 + 92
23629 # 1504
23629 - 92 2
23631 # 1504
23631 # 1504
23631 # 1504
23631 + 92
23631 + 92
23634 + 92
23635 # 1504
23635 - 92 4
23635 - 92 4
23635 - 92 1
23635 # 1504
23635 + 92
23637 + 92
23641 + 92
23642 # 1504
23642 - 92 7
23642 - 92 5
23642 - 92 1
23642 # 1504
23643 # 1504
23643 + 92
23644 # 1504
23644 - 92 1
23644 + 92
23646 # 1504
23646 - 92 2
23647 # 1504
23648 # 1504
23650 # 1504
23654 + 92
23657 + 92
23661 + 92
23662 # 1504
23662 - 92 8
23662 - 92 5
23662 - 92 1
23662 # 1504
23662 # 1504
23662 # 1504
23662 # 1504
23663 # 1504
23664 + 92
23665 # 1504
23665 - 92 1
23668 # 1504
23668 + 92
23669 # 1504
23669 - 92 1
23671 # 1504
23671 + 92
23672 # 1504
23672 - 92 1
23673 + 92
23675 # 1504
23675 - 92 2
23675 + 92
23676 # 1504
23676 - 92 1
23678 # 1504
23681 # 1504
23682 # 1504
23684 # 1504
23686 # 1504
23687 + 92
23687 + 92
23687 + 92
23688 # 1504
23688 - 92 1
23688 - 92 1
23688 - 92 1
23688 + 92
23690 + 92
23691 # 1504
23691 - 92 3
23691 - 92 1
23691 # 1504
23693 # 1504
23694 # 1504
23697 + 92
23697 + 92
23698 + 92
23699 + 92
23701 + 92
23706 # 1504
23706 - 92 9
23706 - 92 9
23706 - 92 8
23706 - 92 7
23706 - 92 5
23706 + 92
23706 + 92
23707 # 1504
23707 - 92 1
23707 - 92 1
23708 + 92
23710 + 92
23712 # 1504
23712 - 92 4
23712 - 92 2
23713 # 1504
23713 # 1504
23713 # 1504
23713 + 92
23715 + 92
23717 + 92
23719 + 92
23720 + 92
23721 # 1504
23721 - 92 8
23721 - 92 6
23721 - 92 4
23721 - 92 2
23721 - 92 1
23721 # 1504
23721 # 1504
23721 # 1504
23724 + 92
23724 + 92
23726 + 92
23727 # 1504
23727 - 92 3
23727 - 92 3
23727 - 92 1
23727 # 1504
23727 # 1504
23727 # 1504
23728 # 1504
23729 # 1504
23730 + 92
23730 + 92
23732 + 92
23734 + 92
23737 + 92
23739 # 1504
23739 - 92 9
23739 - 92 9
23739 - 92 7
23739 - 92 5
23739 - 92 2
23739 # 1504
23739 # 1504
23739 # 1504
23740 # 1504
23740 + 92
23742 + 92
23744 + 92
23748 + 92
23748 + 92
23752 + 92
23753 # 1504
23753 - 92 13
23753 - 92 11
23753 - 92 9
23753 - 92 5
23753 - 92 5
23753 - 92 1
23753 # 1504
23753 # 1504
23753 + 92
23754 # 1504
23754 - 92 1
23754 + 92
23755 # 1504
23755 - 92 1
23757 # 1504
23757 + 92
23759 # 1504
23759 - 92 2
23762 # 1504
23764 # 1504
23767 + 92
23767 + 92
23772 + 92
23776 # 1504
23776 - 92 9
23776 - 92 9
23776 - 92 4
23776 # 1504
23776 # 1504
23776 # 1504
23777 # 1504
23777 # 1504
23777 + 92
23779 # 1504
23779 - 92 2
23780 # 1504
23781 + 92
23783 + 92
23784 # 1504
23784 - 92 3
23784 - 92 1
23784 # 1504
23786 # 1504
23788 + 92
23789 # 1504
23789 - 92 1
23790 # 1504
23790 + 92
23792 # 1504
23792 - 92 2
23792 + 92
23794 # 1504
23794 - 92 2
23796 # 1504
23798 # 1504
23798 + 92
23799 + 92
23800 # 1504
23800 - 92 2
23800 - 92 1
23802 # 1504
23805 # 1504
23807 # 1504
23809 + 92
23810 # 1504
23810 - 92 1
23811 # 1504
23816 # 1504
23816 # 1504
23817 # 1504
23819 + 92
23820 # 1504
23820 - 92 1
23822 # 1504
23823 + 92
23823 + 92
23824 # 1504
23824 - 92 1
23824 - 92 1
23825 + 92
23828 # 1504
23828 - 92 3
23828 + 92
23830 + 92
23831 # 1504
23831 - 92 3
23831 - 92 1
23832 # 1504
23834 # 1504
23836 # 1504
23838 # 1504
23839 # 1504
23840 + 92
23841 # 1504
23841 - 92 1
23841 + 92
23843 # 1504
23843 - 92 2
23845 + 92
23850 + 92
23852 # 1504
23852 - 92 7
23852 - 92 2
23852 # 1504
23852 + 92
23853 # 1504
23853 - 92 1
23855 # 1504
23856 # 1504
23857 + 92
23858 # 1504
23858 - 92 1
23861 # 1504
23861 + 92
23862 + 92
23863 # 1504
23863 - 92 2
23863 - 92 1
23865 # 1504
23866 + 92
23867 # 1504
23867 - 92 1
23868 # 1504
23871 # 1504
23872 # 1504
23874 # 1504
23875 + 92
23876 # 1504
23876 - 92 1
23877 + 92
23878 # 1504
23878 - 92 1
23879 # 1504
23881 + 92
23882 # 1504
23882 - 92 1
23884 + 92
23885 # 1504
23885 - 92 1
23886 # 1504
23886 + 92
23888 # 1504
23888 - 92 2
23888 + 92
23890 # 1504
23890 - 92 2
23891 + 92
23892 # 1504
23892 - 92 1
23893 # 1504
23895 # 1504
23897 # 1504
23902 + 92
23907 + 92
23909 # 1504
23909 - 92 7
23909 - 92 2
23909 # 1504
23909 # 1504
23909 # 1504
23909 # 1504
23910 + 92
23912 # 1504
23912 - 92 2
23913 # 1504
23914 # 1504
23915 + 92
23918 # 1504
23918 - 92 3
23919 # 1504
23922 # 1504
23922 + 92
23925 # 1504
23925 - 92 3
23925 + 92
23927 # 1504
23927 - 92 2
23928 # 1504
23929 + 92
23930 # 1504
23930 - 92 1
23931 + 92
23932 # 1504
23932 - 92 1
23934 # 1504
23935 # 1504
23935 + 92
23937 # 1504
23937 - 92 2
23938 # 1504
23938 + 92
23941 + 92
23945 + 92
23952 # 1504
23952 - 92 14
23952 - 92 11
23952 - 92 7
23955 # 1504
23955 + 92
23957 # 1504
23957 - 92 2
23957 # 1504
23957 # 1504
23957 + 92
23960 + 92
23962 # 1504
23962 - 92 5
23962 - 92 2
23962 + 92
23964 # 1504
23964 - 92 2
23967 # 1504
23969 # 1504
23972 # 1504
23972 + 92
23972 + 92
23974 # 1504
23974 - 92 2
23974 - 92 2
23975 # 1504
23977 # 1504
23978 # 1504
23980 # 1504
23982 # 1504
23982 + 92
23985 # 1504
23985 - 92 3
23985 + 92
23987 # 1504
23987 - 92 2
23988 + 92
23989 # 1504
23989 - 92 1
23990 # 1504
23991 + 92
23993 # 1504
23993 - 92 2
23995 # 1504
23995 # 1504
23997 # 1504
24000 # 1504
24001 # 1504
24001 + 92
24001 + 92
24003 # 1504
24003 - 92 2
24003 - 92 2
24003 + 92
24004 # 1504
24004 - 92 1
24007 # 1504
24009 # 1504
24011 # 1504
24012 # 1504
24012 + 92
24013 # 1504
24013 - 92 1
24016 + 92
24026 # 1504
24026 - 92 10
24026 # 1504
24026 # 1504
24028 + 92
24028 + 92
24029 # 1504
24029 - 92 1
24029 - 92 1
24031 + 92
24032 # 1504
24032 - 92 1
24032 # 1504
24033 # 1504
24033 + 92
24035 + 92
24038 + 92
24040 + 92
24042 + 92
24043 # 1504
24043 - 92 10
24043 - 92 8
24043 - 92 5
24043 - 92 3
24043 - 92 1
24043 # 1504
24043 # 1504
24043 # 1504
24043 # 1504
24043 # 1504
24046 + 92
24047 # 1504
24047 - 92 1
24048 # 1504
24049 # 1504
24050 # 1504
24052 # 1504
24053 # 1504
24054 + 92
24054 + 92
24055 # 1504
24055 - 92 1
24055 - 92 1
24056 + 92
24058 # 1504
24058 - 92 2
24058 + 92
24060 + 92
24063 # 1504
24063 - 92 5
24063 - 92 3
24063 + 92
24064 # 1504
24064 - 92 1
24064 # 1504
24065 + 92
24067 # 1504
24067 - 92 2
24068 # 1504
24068 + 92
24070 # 1504
24070 - 92 2
24070 + 92
24071 # 1504
24071 - 92 1
24072 + 92
24074 # 1504
24074 - 92 2
24075 + 92
24077 + 92
24078 # 1504
24078 - 92 3
24078 - 92 1
24078 # 1504
24079 # 1504
24081 + 92
24082 # 1504
24082 - 92 1
24083 # 1504
24083 + 92
24084 # 1504
24084 - 92 1
24084 + 92
24086 # 1504
24086 - 92 2
24088 # 1504
24089 + 92
24089 + 92
24090 # 1504
24090 - 92 1
24090 - 92 1
24091 # 1504
24092 + 92
24093 # 1504
24093 - 92 1
24094 + 92
24098 + 92
24098 + 92
24101 + 92
24101 + 92
24102 # 1504
24102 - 92 8
24102 - 92 4
24102 - 92 4
24102 - 92 1
24102 - 92 1
24105 + 92
24106 # 1504
24106 - 92 1
24106 + 92
24108 + 92
24109 # 1504
24109 - 92 3
24109 - 92 1
24109 # 1504
24109 # 1504
24110 + 92
24115 + 92
24118 # 1504
24118 - 92 8
24118 - 92 3
24118 # 1504
24118 + 92
24119 # 1504
24119 - 92 1
24121 + 92
24123 # 1504
24123 - 92 2
24123 + 92
24123 + 92
24124 # 1504
24124 - 92 1
24124 - 92 1
24124 # 1504
24124 # 1504
24124 # 1504
24126 # 1504
24127 + 92
24128 # 1504
24128 - 92 1
24129 + 92
24130 # 1504
24130 - 92 1
24130 # 1504
24133 # 1504
24135 # 1504
24140 + 92
24140 + 92
24144 + 92
24144 + 92
24144 + 92
24146 # 1504
24146 - 92 6
24146 - 92 6
24146 - 92 2
24146 - 92 2
24146 - 92 2
24146 # 1504
24146 # 1504
24146 # 1504
24146 # 1504
24147 # 1504
24149 # 1504
24151 # 1504
24153 + 92
24153 + 92
24153 + 92
24153 + 92
24154 + 92
24158 + 92
24159 + 92
24160 # 1504
24160 - 92 7
24160 - 92 7
24160 - 92 7
24160 - 92 7
24160 - 92 6
24160 - 92 2
24160 - 92 1
24161 # 1504
24161 # 1504
24161 # 1504
24161 # 1504
24163 # 1504
24168 + 92
24170 + 92
24171 # 1504
24171 - 92 3
24171 - 92 1
24171 # 1504
24171 # 1504
24171 # 1504
24173 + 92
24173 + 92
24173 + 92
24176 + 92
24179 + 92
24187 + 92
24187 + 92
24187 + 92
24187 + 92
24189 + 92
24191 + 92
24198 + 92
24199 + 92
24199 + 92
24201 + 92
24203 + 92
24206 + 92
24208 # 1504
24208 - 92 35
24208 - 92 35
24208 - 92 35
24208 - 92 32
24208 - 92 29
24208 - 92 21
24208 - 92 21
24208 - 92 21
24208 - 92 21
24208 - 92 19
24208 - 92 17
24208 - 92 10
24208 - 92 9
24208 - 92 9
24208 - 92 7
24208 - 92 5
24208 # 1504
24208 - 92 2
24208 # 1504
24208 # 1504
24208 + 92
24209 # 1504
24209 - 92 1
24209 # 1504
24209 # 1504
24209 # 1504
24209 # 1504
24209 # 1504
24209 # 1504
24209 # 1504
24209 # 1504
24209 # 1504
24209 # 1504
24209 # 1504
24209 # 1504
24214 # 1504
24215 # 1504
24217 # 1504
24217 # 1504
24217 # 1504
24220 + 92
24220 + 92
24220 + 92
24220 + 92
24223 # 1504
24223 - 92 3
24223 - 92 3
24223 - 92 3
24223 - 92 3
24223 # 1504
24223 # 1504
24225 # 1504
24227 # 1504
24229 # 1504
24230 + 92
24231 + 92
24231 + 92
24235 + 92
24238 # 1504
24238 - 92 8
24238 - 92 7
24238 - 92 7
24238 - 92 3
24238 # 1504
24238 # 1504
24238 # 1504
24238 # 1504
24238 + 92
24241 # 1504
24241 - 92 3
24241 # 1504
24241 + 92
24243 # 1504
24243 - 92 2
24243 + 92
24247 # 1504
24247 - 92 4
24248 # 1504
24248 + 92
24249 + 92
24250 # 1504
24250 - 92 2
24250 - 92 1
24251 # 1504
24251 + 92
24254 # 1504
24254 - 92 3
24255 + 92
24256 # 1504
24256 - 92 1
24256 # 1504
24258 # 1504
24259 + 92
24261 # 1504
24261 - 92 2
24263 # 1504
24264 # 1504
24266 # 1504
24267 # 1504
24269 + 92
24269 + 92
24271 + 92
24272 # 1504
24272 - 92 3
24272 - 92 3
24272 - 92 1
24276 # 1504
24278 # 1504
24278 # 1504
24281 # 1504
24282 + 92
24282 + 92
24282 + 92
24284 # 1504
24284 - 92 2
24284 - 92 2
24284 - 92 2
24284 + 92
24286 # 1504
24286 - 92 2
24286 # 1504
24286 + 92
24288 # 1504
24288 - 92 2
24289 + 92
24290 + 92
24300 + 92
24300 + 92
24300 + 92
24300 + 92
24302 + 92
24303 # 1504
24303 - 92 14
24303 - 92 13
24303 - 92 3
24303 - 92 3
24303 - 92 3
24303 - 92 3
24303 - 92 1
24303 # 1504
24303 # 1504
24303 # 1504
24304 # 1504
24304 # 1504
24304 # 1504
24304 # 1504
24304 + 92
24305 # 1504
24305 - 92 1
24307 + 92
24308 # 1504
24308 - 92 1
24309 + 92
24310 + 92
24311 # 1504
24311 - 92 2
24311 - 92 1
24313 # 1504
24315 # 1504
24316 # 1504
24318 # 1504
24321 + 92
24321 + 92
24321 + 92
24325 # 1504
24325 - 92 4
24325 - 92 4
24325 - 92 4
24325 # 1504
24325 # 1504
24326 # 1504
24327 # 1504
24329 + 92
24329 + 92
24329 + 92
24331 + 92
24341 + 92
24341 + 92
24342 # 1504
24342 - 92 13
24342 - 92 13
24342 - 92 13
24342 - 92 11
24342 - 92 1
24342 - 92 1
24342 # 1504
24342 + 92
24342 + 92
24344 + 92
24347 # 1504
24347 - 92 5
24347 - 92 5
24347 - 92 3
24347 # 1504
24347 + 92
24348 # 1504
24348 - 92 1
24349 + 92
24351 # 1504
24351 - 92 2
24352 # 1504
24361 + 92
24361 + 92
24361 + 92
24361 + 92
24363 # 1504
24363 - 92 2
24363 - 92 2
24363 - 92 2
24363 - 92 2
24365 # 1504
24365 # 1504
24365 + 92
24366 # 1504
24366 - 92 1
24366 # 1504
24366 # 1504
24367 + 92
24370 + 92
24376 # 1504
24376 - 92 9
24376 - 92 6
24376 # 1504
24376 # 1504
24377 # 1504
24377 # 1504
24379 # 1504
24380 + 92
24380 + 92
24380 + 92
24381 # 1504
24381 - 92 1
24381 - 92 1
24381 - 92 1
24383 # 1504
24386 # 1504
24387 # 1504
24387 + 92
24388 # 1504
24388 - 92 1
24390 + 92
24390 + 92
24390 + 92
24390 + 92
24391 # 1504
24391 - 92 1
24391 - 92 1
24391 - 92 1
24391 - 92 1
24392 + 92
24393 # 1504
24393 - 92 1
24395 # 1504
24397 # 1504
24399 # 1504
24402 # 1504
24403 # 1504
24403 + 92
24403 + 92
24403 + 92
24403 + 92
24406 # 1504
24406 - 92 3
24406 - 92 3
24406 - 92 3
24406 - 92 3
24406 + 92
24408 + 92
24409 # 1504
24409 - 92 3
24409 - 92 1
24410 # 1504
24414 # 1504
24414 # 1504
24417 # 1504
24417 # 1504
24419 # 1504
24420 + 92
24420 + 92
24420 + 92
24420 + 92
24420 + 92
24421 + 92
24422 # 1504
24422 - 92 2
24422 - 92 2
24422 - 92 2
24422 - 92 2
24422 - 92 2
24422 - 92 1
24423 + 92
24424 # 1504
24424 - 92 1
24425 # 1504
24425 + 92
24426 # 1504
24426 - 92 1
24426 + 92
24428 # 1504
24428 - 92 2
24429 + 92
24430 # 1504
24430 - 92 1
24430 + 92
24432 # 1504
24432 - 92 2
24433 + 92
24434 # 1504
24434 - 92 1
24435 + 92
24437 + 92
24440 + 92
24441 + 92
24450 + 92
24450 + 92
24452 + 92
24455 + 92
24458 + 92
24468 + 92
24468 + 92
24468 + 92
24468 + 92
24468 + 92
24469 # 1504
24469 - 92 34
24469 - 92 32
24469 - 92 29
24469 - 92 28
24469 - 92 19
24469 - 92 19
24469 - 92 17
24469 - 92 14
24469 - 92 11
24469 - 92 1
24469 - 92 1
24469 - 92 1
24469 - 92 1
24469 - 92 1
24469 # 1504
24469 # 1504
24469 # 1504
24469 # 1504
24470 # 1504
24470 # 1504
24470 # 1504
24470 # 1504
24470 # 1504
24470 # 1504
24470 # 1504
24470 # 1504
24470 # 1504
24470 # 1504
24470 # 1504
24470 # 1504
24470 # 1504
24470 + 92
24472 + 92
24473 # 1504
24473 - 92 3
24473 - 92 1
24474 # 1504
24475 + 92
24477 + 92
24477 + 92
24481 # 1504
24481 - 92 6
24481 - 92 4
24481 - 92 4
24482 # 1504
24484 # 1504
24487 # 1504
24487 # 1504
24488 + 92
24488 + 92
24488 + 92
24489 # 1504
24489 - 92 1
24489 - 92 1
24489 - 92 1
24489 + 92
24489 + 92
24490 + 92
24492 + 92
24493 + 92
24501 # 1504
24501 - 92 12
24501 - 92 12
24501 - 92 11
24501 - 92 9
24501 - 92 8
24501 # 1504
24501 # 1504
24501 # 1504
24501 # 1504
24501 # 1504
24502 # 1504
24504 # 1504
24504 + 92
24504 + 92
24504 + 92
24504 + 92
24504 + 92
24505 # 1504
24505 - 92 1
24505 - 92 1
24505 - 92 1
24505 - 92 1
24505 - 92 1
24506 + 92
24507 # 1504
24507 - 92 1
24507 + 92
24517 # 1504
24517 - 92 10
24517 # 1504
24517 # 1504
24517 # 1504
24517 # 1504
24518 + 92
24518 + 92
24518 + 92
24519 # 1504
24519 - 92 1
24519 - 92 1
24519 - 92 1
24519 # 1504
24521 # 1504
24523 # 1504
24525 # 1504
24527 # 1504
24528 # 1504
24528 + 92
24528 + 92
24528 + 92
24528 + 92
24528 + 92
24530 # 1504
24530 - 92 2
24530 - 92 2
24530 - 92 2
24530 - 92 2
24530 - 92 2
24531 # 1504
24540 + 92
24542 + 92
24543 + 92
24543 + 92
24543 + 92
24543 + 92
24545 + 92
24547 + 92
24549 + 92
24550 + 92
24552 # 1504
24552 - 92 12
24552 - 92 10
24552 - 92 9
24552 - 92 9
24552 - 92 9
24552 - 92 9
24552 - 92 7
24552 - 92 5
24552 - 92 3
24552 - 92 2
24552 # 1504
24552 # 1504
24552 # 1504
24552 + 92
24554 + 92
24556 + 92
24559 + 92
24561 + 92
24563 + 92
24564 # 1504
24564 - 92 12
24564 - 92 10
24564 - 92 8
24564 - 92 5
24564 - 92 3
24564 - 92 1
24564 # 1504
24564 # 1504
24564 + 92
24565 # 1504
24565 - 92 1
24565 # 1504
24565 # 1504
24565 # 1504
24565 # 1504
24565 # 1504
24565 # 1504
24565 # 1504
24566 # 1504
24566 # 1504
24566 + 92
24567 # 1504
24567 - 92 1
24568 # 1504
24568 + 92
24570 # 1504
24570 - 92 2
24571 + 92
24571 + 92
24572 # 1504
24572 - 92 1
24572 - 92 1
24573 # 1504
24575 # 1504
24576 + 92
24577 # 1504
24577 - 92 1
24578 + 92
24579 # 1504
24579 - 92 1
24579 + 92
24580 # 1504
24580 - 92 1
24581 + 92
24583 # 1504
24583 - 92 2
24583 # 1504
24583 + 92
24585 + 92
24586 # 1504
24586 - 92 3
24586 - 92 1
24587 # 1504
24588 + 92
24589 # 1504
24589 - 92 1
24590 + 92
24593 # 1504
24593 - 92 3
24593 # 1504
24603 # 1504
24603 # 1504
24603 # 1504
24603 # 1504
24603 # 1504
24604 # 1504
24604 + 92
24604 + 92
24604 + 92
24604 + 92
24604 + 92
24605 # 1504
24605 - 92 1
24605 - 92 1
24605 - 92 1
24605 - 92 1
24605 - 92 1
24606 + 92
24606 + 92
24606 + 92
24607 # 1504
24607 - 92 1
24607 - 92 1
24607 - 92 1
24609 # 1504
24609 + 92
24610 # 1504
24610 - 92 1
24612 # 1504
24613 # 1504
24615 # 1504
24616 # 1504
24617 + 92
24617 + 92
24618 # 1504
24618 - 92 1
24618 - 92 1
24619 # 1504
24622 # 1504
24622 + 92
24622 + 92
24623 # 1504
24623 - 92 1
24623 - 92 1
24624 # 1504
24625 # 1504
24626 + 92
24626 + 92
24626 + 92
24626 + 92
24627 # 1504
24627 - 92 1
24627 - 92 1
24627 - 92 1
24627 - 92 1
24628 # 1504
24629 + 92
24630 # 1504
24630 - 92 1
24631 # 1504
24632 + 92
24633 # 1504
24633 - 92 1
24634 # 1504
24634 + 92
24635 + 92
24636 # 1504
24636 - 92 2
24636 - 92 1
24637 # 1504
24638 # 1504
24638 + 92
24639 + 92
24641 + 92
24643 + 92
24645 # 1504
24645 - 92 7
24645 - 92 6
24645 - 92 4
24645 - 92 2
24645 + 92
24646 # 1504
24646 - 92 1
24647 + 92
24648 # 1504
24648 - 92 1
24648 + 92
24649 # 1504
24649 - 92 1
24651 + 92
24654 + 92
24656 + 92
24658 + 92
24661 + 92
24664 + 92
24665 + 92
24666 # 1504
24666 - 92 15
24666 - 92 12
24666 - 92 10
24666 - 92 8
24666 - 92 5
24666 - 92 2
24666 - 92 1
24666 # 1504
24667 # 1504
24667 # 1504
24667 + 92
24668 # 1504
24668 - 92 1
24670 # 1504
24677 + 92
24679 # 1504
24679 - 92 2
24680 + 92
24681 + 92
24681 + 92
24682 # 1504
24682 - 92 2
24682 - 92 1
24682 - 92 1
24686 # 1504
24686 # 1504
24687 # 1504
24692 + 92
24692 + 92
24692 + 92
24693 # 1504
24693 - 92 1
24693 - 92 1
24693 - 92 1
24696 + 92
24697 + 92
24698 + 92
24703 + 92
24704 + 92
24705 + 92
24714 # 1504
24714 - 92 18
24714 - 92 17
24714 - 92 16
24714 - 92 11
24714 - 92 10
24714 - 92 9
24714 # 1504
24715 # 1504
24716 # 1504
24716 + 92
24716 + 92
24716 + 92
24716 + 92
24717 # 1504
24717 - 92 1
24717 - 92 1
24717 - 92 1
24717 - 92 1
24717 + 92
24719 + 92
24720 # 1504
24720 - 92 3
24720 - 92 1
24721 + 92
24723 # 1504
24723 - 92 2
24723 + 92
24723 + 92
24724 # 1504
24724 - 92 1
24724 - 92 1
24725 + 92
24726 # 1504
24726 - 92 1
24727 + 92
24729 + 92
24730 # 1504
24730 - 92 3
24730 - 92 1
24730 + 92
24732 # 1504
24732 - 92 2
24733 + 92
24736 + 92
24737 # 1504
24737 - 92 4
24737 - 92 1
24740 # 1504
24744 + 92
24746 # 1504
24746 - 92 2
24749 # 1504
24749 + 92
24749 + 92
24752 + 92
24752 + 92
24752 + 92
24752 + 92
24754 # 1504
24754 - 92 5
24754 - 92 5
24754 - 92 2
24754 - 92 2
24754 - 92 2
24754 - 92 2
24758 # 1504
24761 + 92
24761 + 92
24761 + 92
24761 + 92
24763 # 1504
24763 - 92 2
24763 - 92 2
24763 - 92 2
24763 - 92 2
24767 # 1504
24767 + 92
24770 + 92
24771 # 1504
24771 - 92 4
24771 - 92 1
24772 + 92
24772 + 92
24774 # 1504
24774 - 92 2
24774 - 92 2
24777 # 1504
24781 # 1504
24783 # 1504
24785 + 92
24785 + 92
24786 # 1504
24786 - 92 1
24786 - 92 1
24789 # 1504
24789 + 92
24789 + 92
24791 + 92
24791 + 92
24793 # 1504
24793 - 92 4
24793 - 92 4
24793 - 92 2
24793 - 92 2
24796 # 1504
24803 # 1504
24804 + 92
24804 + 92
24804 + 92
24804 + 92
24806 # 1504
24806 - 92 2
24806 - 92 2
24806 - 92 2
24806 - 92 2
24809 # 1504
24812 # 1504
24813 + 92
24813 + 92
24813 + 92
24813 + 92
24813 + 92
24815 # 1504
24815 - 92 2
24815 - 92 2
24815 - 92 2
24815 - 92 2
24815 - 92 2
24818 # 1504
24821 # 1504
24822 + 92
24822 + 92
24822 + 92
24826 # 1504
24826 - 92 4
24826 - 92 4
24826 - 92 4
24828 # 1504
24830 + 92
24831 # 1504
24831 - 92 1
24833 # 1504
24834 + 92
24836 # 1504
24836 - 92 2
24837 + 92
24837 + 92
24839 # 1504
24839 - 92 2
24839 - 92 2
24840 + 92
24840 + 92
24842 # 1504
24842 - 92 2
24842 - 92 2
24845 # 1504
24846 + 92
24848 # 1504
24848 - 92 2
24849 + 92
24849 + 92
24851 # 1504
24851 - 92 2
24851 - 92 2
24854 # 1504
24855 + 92
24856 # 1504
24856 - 92 1
24859 # 1504
24859 + 92
24861 + 92
24861 + 92
24861 + 92
24862 # 1504
24862 - 92 3
24862 - 92 1
24862 - 92 1
24862 - 92 1
24863 + 92
24865 # 1504
24865 - 92 2
24866 + 92
24869 + 92
24870 + 92
24877 # 1504
24877 - 92 11
24877 - 92 8
24877 - 92 7
24879 # 1504
24881 + 92
24881 + 92
24881 + 92
24887 + 92
24887 + 92
24890 + 92
24891 # 1504
24891 - 92 10
24891 - 92 10
24891 - 92 10
24891 - 92 4
24891 - 92 4
24891 - 92 1
24895 + 92
24897 # 1504
24897 - 92 2
24897 + 92
24899 # 1504
24899 - 92 2
24903 # 1504
24905 # 1504
24906 + 92
24906 + 92
24906 + 92
24907 # 1504
24907 - 92 1
24907 - 92 1
24907 - 92 1
24907 + 92
24911 # 1504
24911 - 92 4
24911 + 92
24911 + 92
24912 # 1504
24912 - 92 1
24912 - 92 1
24915 # 1504
24916 # 1504
24918 # 1504
24920 # 1504
24921 + 92
24921 + 92
24926 # 1504
24926 - 92 5
24926 - 92 5
24926 + 92
24928 # 1504
24928 - 92 2
24929 + 92
24929 + 92
24929 + 92
24930 # 1504
24930 - 92 1
24930 - 92 1
24930 - 92 1
24931 + 92
24932 + 92
24933 # 1504
24933 - 92 2
24933 - 92 1
24935 # 1504
24937 # 1504
24937 + 92
24939 # 1504
24939 - 92 2
24944 # 1504
24945 # 1504
24947 + 92
24947 + 92
24947 + 92
24947 + 92
24948 # 1504
24948 - 92 1
24948 - 92 1
24948 - 92 1
24948 - 92 1
24948 + 92
24950 + 92
24951 # 1504
24951 - 92 3
24951 - 92 1
24952 # 1504
24952 + 92
24954 # 1504
24954 - 92 2
24955 + 92
24957 # 1504
24957 - 92 2
24957 + 92
24960 # 1504
24960 - 92 3
24960 + 92
24961 # 1504
24961 - 92 1
24962 + 92
24963 # 1504
24963 - 92 1
24965 + 92
24966 # 1504
24966 - 92 1
24967 + 92
24968 # 1504
24968 - 92 1
24969 + 92
24971 + 92
24972 # 1504
24972 - 92 3
24972 - 92 1
24975 + 92
24975 + 92
24976 # 1504
24976 - 92 1
24976 - 92 1
24979 # 1504
24983 # 1504
24984 # 1504
24986 + 92
24986 + 92
24986 + 92
24988 # 1504
24988 - 92 2
24988 - 92 2
24988 - 92 2
24988 + 92
24989 + 92
24991 # 1504
24991 - 92 3
24991 - 92 2
24991 + 92
24992 # 1504
24992 - 92 1
24993 + 92
24995 # 1504
24995 - 92 2
24997 # 1504
24997 + 92
24998 # 1504
24998 - 92 1
24999 + 92
25000 # 1504
25000 - 92 1
25003 # 1504
25004 # 1504
25006 + 92
25006 + 92
25007 # 1504
25007 - 92 1
25007 - 92 1
25008 # 1504
25012 + 92
25012 + 92
25018 + 92
25018 + 92
25019 # 1504
25019 - 92 7
25019 - 92 7
25019 - 92 1
25019 - 92 1
25021 # 1504
25025 # 1504
25027 # 1504
25027 # 1504
25027 + 92
25030 + 92
25030 + 92
25032 # 1504
25032 - 92 5
25032 - 92 2
25032 - 92 2
25033 + 92
25036 # 1504
25036 - 92 3
25036 # 1504
25037 + 92
25039 + 92
25040 # 1504
25040 - 92 3
25040 - 92 1
25045 # 1504
25049 # 1504
25050 + 92
25050 + 92
25050 + 92
25050 + 92
25053 # 1504
25053 - 92 3
25053 - 92 3
25053 - 92 3
25053 - 92 3
25053 + 92
25056 # 1504
25056 - 92 3
25056 + 92
25058 + 92
25059 # 1504
25059 - 92 3
25059 - 92 1
25064 # 1504
25065 # 1504
25067 # 1504
25070 # 1504
25070 + 92
25070 + 92
25070 + 92
25073 # 1504
25073 - 92 3
25073 - 92 3
25073 - 92 3
25074 # 1504
25075 + 92
25075 + 92
25075 + 92
25076 # 1504
25076 - 92 1
25076 - 92 1
25076 - 92 1
25076 + 92
25078 # 1504
25078 - 92 2
25078 + 92
25082 # 1504
25082 - 92 4
25083 # 1504
25085 # 1504
25087 # 1504
25088 + 92
25088 + 92
25089 # 1504
25089 - 92 1
25089 - 92 1
25091 # 1504
25093 # 1504
25093 + 92
25094 + 92
25094 + 92
25094 + 92
25095 # 1504
25095 - 92 2
25095 - 92 1
25095 - 92 1
25095 - 92 1
25096 + 92
25098 # 1504
25098 - 92 2
25099 # 1504
25099 + 92
25101 # 1504
25101 - 92 2
25105 # 1504
25106 # 1504
25106 + 92
25106 + 92
25106 + 92
25108 # 1504
25108 - 92 2
25108 - 92 2
25108 - 92 2
25108 + 92
25110 # 1504
25110 - 92 2
25111 + 92
25112 # 1504
25112 - 92 1
25114 # 1504
25116 # 1504
25116 + 92
25116 + 92
25118 # 1504
25118 - 92 2
25118 - 92 2
25118 + 92
25121 # 1504
25121 - 92 3
25121 + 92
25124 # 1504
25124 - 92 3
25125 + 92
25125 + 92
25126 # 1504
25126 - 92 1
25126 - 92 1
25128 # 1504
25132 # 1504
25134 # 1504
25136 # 1504
25136 + 92
25136 + 92
25136 + 92
25137 # 1504
25137 - 92 1
25137 - 92 1
25137 - 92 1
25137 + 92
25140 # 1504
25140 - 92 3
25140 + 92
25141 # 1504
25141 - 92 1
25142 + 92
25143 # 1504
25143 - 92 1
25144 + 92
25145 # 1504
25145 - 92 1
25147 # 1504
25147 + 92
25148 # 1504
25148 - 92 1
25150 # 1504
25150 + 92
25152 # 1504
25152 - 92 2
25152 + 92
25154 # 1504
25154 - 92 2
25155 + 92
25161 # 1504
25161 - 92 6
25163 # 1504
25164 + 92
25165 # 1504
25165 - 92 1
25167 # 1504
25168 + 92
25169 # 1504
25169 - 92 1
25171 # 1504
25172 + 92
25173 # 1504
25173 - 92 1
25175 # 1504
25175 + 92
25175 + 92
25175 + 92
25177 # 1504
25177 - 92 2
25177 - 92 2
25177 - 92 2
25177 + 92
25179 # 1504
25179 - 92 2
25180 # 1504
25181 + 92
25182 # 1504
25182 - 92 1
25184 # 1504
25184 + 92
25186 # 1504
25186 - 92 2
25186 + 92
25188 # 1504
25188 - 92 2
25188 + 92
25190 # 1504
25190 - 92 2
25190 + 92
25192 # 1504
25192 - 92 2
25194 # 1504
25194 + 92
25196 # 1504
25196 - 92 2
25198 # 1504
25200 # 1504
25202 # 1504
25204 # 1504
25204 + 92
25204 + 92
25204 + 92
25204 + 92
25206 # 1504
25206 - 92 2
25206 - 92 2
25206 - 92 2
25206 - 92 2
25206 + 92
25207 # 1504
25207 - 92 1
25208 + 92
25209 # 1504
25209 - 92 1
25211 # 1504
25212 + 92
25213 # 1504
25213 - 92 1
25215 # 1504
25215 + 92
25216 # 1504
25216 - 92 1
25218 # 1504
25218 + 92
25220 + 92
25221 + 92
25222 # 1504
25222 - 92 4
25222 - 92 2
25222 - 92 1
25223 # 1504
25225 # 1504
25225 + 92
25226 # 1504
25226 - 92 1
25228 # 1504
25229 + 92
25231 # 1504
25231 - 92 2
25231 + 92
25232 # 1504
25232 - 92 1
25233 # 1504
25235 # 1504
25237 # 1504
25240 # 1504
25240 + 92
25240 + 92
25240 + 92
25240 + 92
25242 # 1504
25242 - 92 2
25242 - 92 2
25242 - 92 2
25242 - 92 2
25244 + 92
25244 + 92
25245 # 1504
25245 - 92 1
25245 - 92 1
25245 # 1504
25247 # 1504
25247 + 92
25247 + 92
25249 # 1504
25249 - 92 2
25249 - 92 2
25250 + 92
25251 # 1504
25251 - 92 1
25254 # 1504
25255 # 1504
25256 + 92
25257 # 1504
25257 - 92 1
25258 # 1504
25258 + 92
25258 + 92
25260 # 1504
25260 - 92 2
25260 - 92 2
25263 # 1504
25263 # 1504
25264 + 92
25265 # 1504
25265 - 92 1
25267 # 1504
25270 # 1504
25272 # 1504
25272 # 1504
25277 # 1504
25279 # 1504
25279 + 92
25279 + 92
25280 + 92
25280 + 92
25282 # 1504
25282 - 92 3
25282 - 92 3
25282 - 92 2
25282 - 92 2
25282 + 92
25284 # 1504
25284 - 92 2
25286 # 1504
25287 + 92
25289 # 1504
25289 - 92 2
25289 + 92
25289 + 92
25290 # 1504
25290 - 92 1
25290 - 92 1
25292 # 1504
25293 + 92
25294 # 1504
25294 - 92 1
25295 + 92
25296 # 1504
25296 - 92 1
25297 + 92
25298 # 1504
25298 - 92 1
25299 + 92
25300 + 92
25302 # 1504
25302 - 92 3
25302 - 92 2
25303 # 1504
25304 # 1504
25304 + 92
25304 + 92
25306 # 1504
25306 - 92 2
25306 - 92 2
25306 + 92
25308 # 1504
25308 - 92 2
25310 # 1504
25311 # 1504
25313 # 1504
25315 # 1504
25317 # 1504
25318 + 92
25318 + 92
25318 + 92
25318 + 92
25318 + 92
25318 + 92
25321 # 1504
25321 - 92 3
25321 - 92 3
25321 - 92 3
25321 - 92 3
25321 - 92 3
25321 - 92 3
25321 # 1504
25321 + 92
25322 # 1504
25322 - 92 1
25323 + 92
25323 + 92
25324 # 1504
25324 - 92 1
25324 - 92 1
25326 # 1504
25327 + 92
25329 # 1504
25329 - 92 2
25329 + 92
25331 # 1504
25331 - 92 2
25332 # 1504
25332 + 92
25333 # 1504
25333 - 92 1
25334 + 92
25336 # 1504
25336 - 92 2
25336 # 1504
25336 + 92
25339 + 92
25340 # 1504
25340 - 92 4
25340 - 92 1
25341 # 1504
25343 # 1504
25344 # 1504
25345 # 1504
25348 # 1504
25348 # 1504
25349 + 92
25349 + 92
25349 + 92
25349 + 92
25349 + 92
25351 # 1504
25351 - 92 2
25351 - 92 2
25351 - 92 2
25351 - 92 2
25351 - 92 2
25351 + 92
25352 + 92
25354 # 1504
25354 - 92 3
25354 - 92 2
25357 # 1504
25357 # 1504
25358 # 1504
25362 # 1504
25363 # 1504
25365 # 1504
25365 # 1504
25365 + 92
25365 + 92
25365 + 92
25365 + 92
25367 # 1504
25367 - 92 2
25367 - 92 2
25367 - 92 2
25367 - 92 2
25368 # 1504
25371 # 1504
25373 + 92
25374 + 92
25375 + 92
25376 + 92
25378 + 92
25380 + 92
25381 # 1504
25381 - 92 8
25381 - 92 7
25381 - 92 6
25381 - 92 5
25381 - 92 3
25381 - 92 1
25381 # 1504
25381 # 1504
25381 # 1504
25381 # 1504
25381 # 1504
25381 + 92
25382 # 1504
25382 - 92 1
25383 + 92
25384 # 1504
25384 - 92 1
25385 + 92
25387 # 1504
25387 - 92 2
25390 # 1504
25393 # 1504
25395 # 1504
25395 # 1504
25396 # 1504
25396 + 92
25397 # 1504
25397 - 92 1
25397 + 92
25397 + 92
25397 + 92
25399 # 1504
25399 - 92 2
25399 - 92 2
25399 - 92 2
25399 + 92
25400 # 1504
25400 - 92 1
25403 # 1504
25403 # 1504
25404 # 1504
25407 # 1504
25407 # 1504
25408 + 92
25408 + 92
25408 + 92
25409 # 1504
25409 - 92 1
25409 - 92 1
25409 - 92 1
25410 # 1504
25410 + 92
25411 # 1504
25411 - 92 1
25411 + 92
25412 + 92
25413 # 1504
25413 - 92 2
25413 - 92 1
25414 # 1504
25415 + 92
25416 # 1504
25416 - 92 1
25417 # 1504
25418 # 1504
25418 + 92
25419 # 1504
25419 - 92 1
25420 # 1504
25420 + 92
25422 # 1504
25422 - 92 2
25423 # 1504
25424 # 1504
25425 # 1504
25426 # 1504
25428 # 1504
25429 # 1504
25430 # 1504
25430 + 92
25430 + 92
25432 # 1504
25432 - 92 2
25432 - 92 2
25433 # 1504
25434 # 1504
25435 # 1504
25437 # 1504
25438 # 1504
25439 # 1504
25439 + 92
25441 # 1504
25441 - 92 2
25442 # 1504
25442 + 92
25443 # 1504
25443 - 92 1
25444 # 1504
25446 + 92
25447 + 92
25449 + 92
25450 # 1504
25450 - 92 4
25450 - 92 3
25450 - 92 1
25450 # 1504
25450 # 1504
25451 # 1504
25452 # 1504
25453 # 1504
25453 + 92
25455 # 1504
25455 - 92 2
25456 # 1504
25456 + 92
25457 # 1504
25457 - 92 1
25458 # 1504
25459 + 92
25460 # 1504
25460 - 92 1
25461 # 1504
25461 + 92
25462 # 1504
25462 - 92 1
25463 + 92
25464 # 1504
25464 - 92 1
25465 + 92
25468 + 92
25470 + 92
25472 + 92
25473 # 1504
25473 - 92 8
25473 - 92 5
25473 - 92 3
25473 - 92 1
25473 # 1504
25473 # 1504
25473 # 1504
25473 # 1504
25473 # 1504
25475 # 1504
25475 + 92
25475 + 92
25476 # 1504
25476 - 92 1
25476 - 92 1
25478 # 1504
25478 # 1504
25478 + 92
25480 # 1504
25480 - 92 2
25480 + 92
25480 + 92
25481 # 1504
25481 - 92 1
25481 - 92 1
25482 # 1504
25482 + 92
25483 # 1504
25483 - 92 1
25484 # 1504
25484 + 92
25487 # 1504
25487 - 92 3
25487 # 1504
25488 # 1504
25488 + 92
25489 # 1504
25489 - 92 1
25490 + 92
25491 # 1504
25491 - 92 1
25491 + 92
25493 # 1504
25493 - 92 2
25493 # 1504
25494 # 1504
25495 + 92
25505 + 92
25505 + 92
25506 # 1504
25506 - 92 11
25506 - 92 1
25506 - 92 1
25506 # 1504
25506 # 1504
25506 # 1504
25507 # 1504
25507 + 92
25508 # 1504
25508 - 92 1
25508 # 1504
25508 # 1504
25511 # 1504
25512 # 1504
25513 # 1504
25514 # 1504
25514 + 92
25515 # 1504
25515 - 92 1
25516 # 1504
25517 # 1504
25518 # 1504
25519 # 1504
25521 # 1504
25522 # 1504
25523 # 1504
25525 # 1504
25527 # 1504
25527 # 1504
25528 + 92
25529 # 1504
25529 - 92 1
25530 # 1504
25533 # 1504
25534 # 1504
25542 # 1504
25543 # 1504
25543 # 1504
25543 # 1504
25543 # 1504
25543 # 1504
25543 # 1504
25549 + 92
25551 # 1504
25551 - 92 2
25551 # 1504
25551 # 1504
25551 + 92
25554 + 92
25556 # 1504
25556 - 92 5
25556 - 92 2
25556 # 1504
25556 # 1504
25556 # 1504
25557 # 1504
25557 # 1504
25557 # 1504
25558 # 1504
25558 + 92
25560 # 1504
25560 - 92 2
25560 + 92
25562 + 92
25564 + 92
25568 # 1504
25568 - 92 8
25568 - 92 6
25568 - 92 4
25568 # 1504
25569 # 1504
25569 # 1504
25569 # 1504
25569 # 1504
25569 # 1504
25569 # 1504
25569 + 92
25569 + 92
25573 # 1504
25573 - 92 4
25573 - 92 4
25573 # 1504
25578 + 92
25580 + 92
25582 + 92
25583 # 1504
25583 - 92 5
25583 - 92 3
25583 - 92 1
25583 + 92
25585 + 92
25586 # 1504
25586 - 92 3
25586 - 92 1
25587 # 1504
25587 # 1504
25587 # 1504
25588 + 92
25590 + 92
25591 # 1504
25591 - 92 3
25591 - 92 1
25591 # 1504
25591 # 1504
25592 + 92
25594 + 92
25597 + 92
25599 # 1504
25599 - 92 7
25599 - 92 5
25599 - 92 2
25599 + 92
25603 + 92
25607 + 92
25608 # 1504
25608 - 92 9
25608 - 92 5
25608 - 92 1
25608 # 1504
25610 # 1504
25610 + 92
25611 # 1504
25611 - 92 1
25612 + 92
25615 # 1504
25615 - 92 3
25615 + 92
25617 # 1504
25617 - 92 2
25618 + 92
25619 # 1504
25619 - 92 1
25619 # 1504
25620 # 1504
25621 + 92
25622 + 92
25625 + 92
25628 # 1504
25628 - 92 7
25628 - 92 6
25628 - 92 3
25628 + 92
25629 # 1504
25629 - 92 1
25629 # 1504
25630 # 1504
25630 # 1504
25630 # 1504
25630 # 1504
25630 + 92
25631 # 1504
25631 - 92 1
25633 + 92
25634 # 1504
25634 - 92 1
25636 # 1504
25636 + 92
25640 + 92
25640 + 92
25643 + 92
25645 # 1504
25645 - 92 9
25645 - 92 5
25645 - 92 5
25645 - 92 2
25645 + 92
25646 # 1504
25646 - 92 1
25646 # 1504
25646 # 1504
25647 # 1504
25647 + 92
25648 # 1504
25648 - 92 1
25649 # 1504
25649 + 92
25651 + 92
25652 # 1504
25652 - 92 3
25652 - 92 1
25654 # 1504
25656 # 1504
25656 + 92
25658 # 1504
25658 - 92 2
25658 + 92
25660 + 92
25660 + 92
25661 # 1504
25661 - 92 3
25661 - 92 1
25661 - 92 1
25663 # 1504
25663 + 92
25664 + 92
25666 # 1504
25666 - 92 3
25666 - 92 2
25666 # 1504
25667 + 92
25668 # 1504
25668 - 92 1
25669 + 92
25670 # 1504
25670 - 92 1
25670 + 92
25672 # 1504
25672 - 92 2
25672 + 92
25673 # 1504
25673 - 92 1
25674 + 92
25678 # 1504
25678 - 92 4
25678 + 92
25680 # 1504
25680 - 92 2
25681 # 1504
25682 # 1504
25685 # 1504
25686 # 1504
25687 # 1504
25687 + 92
25689 + 92
25689 + 92
25690 # 1504
25690 - 92 3
25690 - 92 1
25690 - 92 1
25691 # 1504
25692 # 1504
25694 # 1504
25695 # 1504
25696 # 1504
25698 # 1504
25700 # 1504
25700 + 92
25700 + 92
25703 + 92
25710 + 92
25712 + 92
25722 + 92
25722 + 92
25726 + 92
25730 + 92
25732 + 92
25739 # 1504
25739 - 92 39
25739 - 92 39
25739 - 92 36
25739 - 92 29
25739 - 92 27
25739 - 92 17
25739 - 92 17
25739 - 92 13
25739 - 92 9
25739 - 92 7
25739 # 1504
25739 # 1504
25739 # 1504
25739 # 1504
25739 # 1504
25739 # 1504
25739 + 92
25740 # 1504
25740 - 92 1
25740 # 1504
25740 # 1504
25740 # 1504
25740 # 1504
25740 # 1504
25740 # 1504
25740 # 1504
25740 # 1504
25740 # 1504
25741 # 1504
25741 # 1504
25741 # 1504
25741 # 1504
25741 # 1504
25741 # 1504
25741 # 1504
25741 # 1504
25741 # 1504
25741 + 92
25742 # 1504
25742 - 92 1
25742 + 92
25745 + 92
25748 + 92
25753 # 1504
25753 - 92 11
25753 - 92 8
25753 - 92 5
25753 # 1504
25753 # 1504
25753 # 1504
25761 + 92
25761 + 92
25762 # 1504
25762 - 92 1
25762 - 92 1
25762 # 1504
25762 # 1504
25762 # 1504
25762 # 1504
25762 # 1504
25763 # 1504
25764 # 1504
25765 # 1504
25767 # 1504
25769 + 92
25770 # 1504
25770 - 92 1
25772 # 1504
25772 # 1504
25775 # 1504
25775 + 92
25777 # 1504
25777 - 92 2
25777 # 1504
25778 # 1504
25780 # 1504
25780 + 92
25781 # 1504
25781 - 92 1
25783 + 92
25784 # 1504
25784 - 92 1
25784 # 1504
25786 + 92
25787 # 1504
25787 - 92 1
25787 # 1504
25789 + 92
25790 # 1504
25790 - 92 1
25792 # 1504
25793 # 1504
25794 # 1504
25795 # 1504
25797 # 1504
25800 # 1504
25801 # 1504
25801 + 92
25802 # 1504
25802 - 92 1
25802 + 92
25803 # 1504
25803 - 92 1
25804 # 1504
25809 + 92
25811 + 92
25811 + 92
25815 + 92
25816 # 1504
25816 - 92 7
25816 - 92 5
25816 - 92 5
25816 - 92 1
25816 # 1504
25816 # 1504
25816 # 1504
25818 + 92
25822 # 1504
25822 - 92 4
25824 + 92
25825 + 92
25826 # 1504
25826 - 92 2
25826 - 92 1
25826 # 1504
25826 # 1504
25826 # 1504
25827 # 1504
25827 # 1504
25837 + 92
25840 # 1504
25840 - 92 3
25840 # 1504
25840 # 1504
25840 # 1504
25841 # 1504
25841 # 1504
25841 # 1504
25841 # 1504
25841 # 1504
25841 + 92
25843 # 1504
25843 - 92 2
25843 # 1504
25849 + 92
25851 + 92
25855 + 92
25856 # 1504
25856 - 92 7
25856 - 92 5
25856 - 92 1
25856 # 1504
25857 # 1504
25857 # 1504
25857 # 1504
25857 # 1504
25858 # 1504
25865 + 92
25867 + 92
25867 + 92
25869 # 1504
25869 - 92 4
25869 - 92 2
25869 - 92 2
25869 # 1504
25869 # 1504
25869 # 1504
25869 # 1504
25869 # 1504
25870 + 92
25875 # 1504
25875 - 92 5
25875 # 1504
25875 # 1504
25875 # 1504
25875 + 92
25879 + 92
25882 # 1504
25882 - 92 7
25882 - 92 3
25883 + 92
25885 # 1504
25885 - 92 2
25887 # 1504
25887 # 1504
25888 # 1504
25888 # 1504
25888 + 92
25891 + 92
25892 # 1504
25892 - 92 4
25892 - 92 1
25895 + 92
25896 # 1504
25896 - 92 1
25901 # 1504
25901 # 1504
25901 # 1504
25901 # 1504
25902 # 1504
25902 # 1504
25904 # 1504
25905 # 1504
25908 # 1504
25909 # 1504
25909 + 92
25909 + 92
25911 + 92
25912 # 1504
25912 - 92 3
25912 - 92 3
25912 - 92 1
25914 + 92
25915 # 1504
25915 - 92 1
25917 # 1504
25917 + 92
25919 + 92
25920 # 1504
25920 - 92 3
25920 - 92 1
25920 # 1504
25921 + 92
25923 # 1504
25923 - 92 2
25924 + 92
25924 + 92
25926 # 1504
25926 - 92 2
25926 - 92 2
25926 # 1504
25926 + 92
25928 # 1504
25928 - 92 2
25931 # 1504
25931 + 92
25931 + 92
25932 # 1504
25932 - 92 1
25932 - 92 1
25934 + 92
25935 # 1504
25935 - 92 1
25944 + 92
25946 # 1504
25946 - 92 2
25946 # 1504
25946 # 1504
25950 # 1504
25950 # 1504
25952 # 1504
25953 + 92
25953 + 92
25955 + 92
25956 # 1504
25956 - 92 3
25956 - 92 3
25956 - 92 1
25956 + 92
25958 + 92
25961 # 1504
25961 - 92 5
25961 - 92 3
25961 # 1504
25961 # 1504
25961 # 1504
25961 # 1504
25961 + 92
25962 # 1504
25962 - 92 1
25963 + 92
25965 # 1504
25965 - 92 2
25965 + 92
25967 # 1504
25967 - 92 2
25967 # 1504
25968 # 1504
25969 + 92
25970 # 1504
25970 - 92 1
25972 # 1504
25974 # 1504
25975 # 1504
25976 # 1504
25978 # 1504
25979 + 92
25981 # 1504
25981 - 92 2
25982 # 1504
25982 # 1504
25984 # 1504
25987 # 1504
25987 # 1504
25987 + 92
25990 # 1504
25990 - 92 3
25990 # 1504
25992 # 1504
25993 + 92
25995 # 1504
25995 - 92 2
25995 # 1504
25997 + 92
25998 # 1504
25998 - 92 1
25998 # 1504
25999 + 92
26000 + 92
26001 # 1504
26001 - 92 2
26001 - 92 1
26003 # 1504
26004 + 92
26005 # 1504
26005 - 92 1
26009 + 92
26009 + 92
26014 # 1504
26014 - 92 5
26014 - 92 5
26014 # 1504
26014 # 1504
26014 # 1504
26014 # 1504
26015 # 1504
26015 # 1504
26016 # 1504
26019 # 1504
26019 # 1504
26020 # 1504
26020 + 92
26023 # 1504
26023 - 92 3
26024 + 92
26026 # 1504
26026 - 92 2
26026 # 1504
26027 + 92
26028 # 1504
26028 - 92 1
26028 # 1504
26032 # 1504
26034 # 1504
26036 + 92
26037 + 92
26039 + 92
26042 + 92
26044 # 1504
26044 - 92 8
26044 - 92 7
26044 - 92 5
26044 - 92 2
26044 # 1504
26044 # 1504
26044 # 1504
26044 # 1504
26045 + 92
26049 + 92
26052 + 92
26054 + 92
26057 + 92
26060 + 92
26063 + 92
26065 + 92
26067 + 92
26068 + 92
26072 + 92
26084 + 92
26085 + 92
26087 + 92
26090 + 92
26092 + 92
26095 + 92
26097 + 92
26100 + 92
26103 + 92
26113 + 92
26119 # 1504
26119 - 92 74
26119 - 92 70
26119 - 92 67
26119 - 92 65
26119 - 92 62
26119 - 92 59
26119 - 92 56
26119 - 92 54
26119 - 92 52
26119 - 92 51
26119 - 92 47
26119 - 92 35
26119 - 92 34
26119 - 92 32
26119 - 92 29
26119 - 92 27
26119 # 1504
26119 - 92 24
26119 - 92 22
26119 - 92 19
26119 - 92 16
26119 - 92 6
26119 # 1504
26119 # 1504
26119 # 1504
26119 + 92
26120 # 1504
26120 - 92 1
26120 # 1504
26120 # 1504
26120 # 1504
26120 # 1504
26120 # 1504
26120 # 1504
26120 # 1504
26121 # 1504
26121 # 1504
26121 # 1504
26121 # 1504
26121 # 1504
26121 # 1504
26121 # 1504
26122 # 1504
26122 # 1504
26122 # 1504
26122 # 1504
26122 # 1504
26122 # 1504
26122 # 1504
26123 # 1504
26123 # 1504
26123 # 1504
26123 # 1504
26123 # 1504
26123 # 1504
26123 # 1504
26123 # 1504
26131 + 92
26134 # 1504
26134 - 92 3
26134 + 92
26135 # 1504
26135 - 92 1
26135 # 1504
26135 # 1504
26135 # 1504
26135 # 1504
26135 # 1504
26135 # 1504
26138 # 1504
26138 + 92
26138 + 92
26140 # 1504
26140 - 92 2
26140 - 92 2
26143 # 1504
26143 + 92
26144 + 92
26145 # 1504
26145 - 92 2
26145 - 92 1
26146 # 1504
26148 # 1504
26150 # 1504
26151 # 1504
26153 # 1504
26154 # 1504
26155 + 92
26156 # 1504
26156 - 92 1
26156 + 92
26157 # 1504
26157 - 92 1
26157 + 92
26159 # 1504
26159 - 92 2
26159 + 92
26161 # 1504
26161 - 92 2
26162 # 1504
26163 + 92
26164 # 1504
26164 - 92 1
26164 + 92
26165 # 1504
26165 - 92 1
26167 + 92
26168 # 1504
26168 - 92 1
26168 # 1504
26170 # 1504
26171 # 1504
26171 + 92
26172 + 92
26174 # 1504
26174 - 92 3
26174 - 92 2
26174 # 1504
26175 + 92
26176 # 1504
26176 - 92 1
26177 # 1504
26177 + 92
26178 # 1504
26178 - 92 1
26187 # 1504
26187 # 1504
26187 # 1504
26187 # 1504
26188 # 1504
26189 # 1504
26198 # 1504
26199 + 92
26199 + 92
26205 + 92
26209 # 1504
26209 - 92 10
26209 - 92 10
26209 - 92 4
26209 # 1504
26209 + 92
26210 # 1504
26210 - 92 1
26212 + 92
26222 # 1504
26222 - 92 10
26222 # 1504
26222 # 1504
26222 # 1504
26222 # 1504
26222 # 1504
26222 # 1504
26222 # 1504
26222 # 1504
26223 + 92
26227 # 1504
26227 - 92 4
26227 # 1504
26229 + 92
26235 # 1504
26235 - 92 6
26235 # 1504
26237 # 1504
26238 # 1504
26238 # 1504
26238 # 1504
26240 + 92
26241 + 92
26241 + 92
26244 + 92
26247 + 92
26250 # 1504
26250 - 92 10
26250 - 92 9
26250 - 92 9
26250 - 92 6
26250 - 92 3
26251 # 1504
26251 # 1504
26251 # 1504
26251 # 1504
26251 + 92
26252 # 1504
26252 - 92 1
26253 # 1504
26254 # 1504
26256 # 1504
26258 # 1504
26261 # 1504
26262 + 92
26262 + 92
26263 # 1504
26263 - 92 1
26263 - 92 1
26265 # 1504
26267 # 1504
26271 # 1504
26273 # 1504
26277 # 1504
26277 # 1504
26278 + 92
26279 # 1504
26279 - 92 1
26281 # 1504
26284 # 1504
26286 # 1504
26288 # 1504
26289 # 1504
26293 + 92
26294 # 1504
26294 - 92 1
26294 # 1504
26295 + 92
26295 + 92
26296 # 1504
26296 - 92 1
26296 - 92 1
26298 # 1504
26298 + 92
26300 + 92
26301 # 1504
26301 - 92 3
26301 - 92 1
26303 # 1504
26304 # 1504
26306 # 1504
26310 + 92
26311 # 1504
26311 - 92 1
26312 # 1504
26313 + 92
26314 # 1504
26314 - 92 1
26316 + 92
26317 # 1504
26317 - 92 1
26318 + 92
26319 # 1504
26319 - 92 1
26320 + 92
26321 # 1504
26321 - 92 1
26323 # 1504
26326 # 1504
26328 # 1504
26330 + 92
26331 # 1504
26331 - 92 1
26332 # 1504
26332 + 92
26333 # 1504
26333 - 92 1
26335 # 1504
26335 + 92
26337 # 1504
26337 - 92 2
26340 # 1504
26340 + 92
26342 # 1504
26342 - 92 2
26343 # 1504
26345 # 1504
26348 # 1504
26349 # 1504
26350 + 92
26350 + 92
26351 # 1504
26351 - 92 1
26351 - 92 1
26352 + 92
26353 # 1504
26353 - 92 1
26355 # 1504
26356 # 1504
26356 + 92
26358 # 1504
26358 - 92 2
26361 + 92
26362 # 1504
26362 - 92 1
26364 # 1504
26366 # 1504
26367 # 1504
26370 + 92
26371 # 1504
26371 - 92 1
26371 + 92
26373 # 1504
26373 - 92 2
26375 # 1504
26376 + 92
26378 # 1504
26378 - 92 2
26378 + 92
26381 # 1504
26381 - 92 3
26384 # 1504
26384 # 1504
26386 # 1504
26388 # 1504
26390 # 1504
26391 + 92
26391 + 92
26392 # 1504
26392 - 92 1
26392 - 92 1
26394 # 1504
26395 # 1504
26397 # 1504
26398 + 92
26400 # 1504
26400 - 92 2
26402 # 1504
26404 # 1504
26405 # 1504
26407 # 1504
26409 # 1504
26413 + 92
26413 + 92
26413 + 92
26413 + 92
26414 # 1504
26414 - 92 1
26414 - 92 1
26414 - 92 1
26414 - 92 1
26415 # 1504
26415 # 1504
26419 + 92
26420 # 1504
26420 - 92 1
26421 # 1504
26421 + 92
26423 # 1504
26423 - 92 2
26423 + 92
26425 # 1504
26425 - 92 2
26427 # 1504
26428 # 1504
26428 + 92
26430 # 1504
26430 - 92 2
26430 + 92
26432 + 92
26433 # 1504
26433 - 92 3
26433 - 92 1
26435 # 1504
26435 + 92
26437 # 1504
26437 - 92 2
26437 + 92
26438 # 1504
26438 - 92 1
26440 + 92
26441 # 1504
26441 - 92 1
26442 + 92
26443 # 1504
26443 - 92 1
26445 # 1504
26445 + 92
26447 + 92
26449 # 1504
26449 - 92 4
26449 - 92 2
26450 # 1504
26450 + 92
26452 + 92
26454 # 1504
26454 - 92 4
26454 - 92 2
26454 + 92
26456 # 1504
26456 - 92 2
26456 + 92
26457 # 1504
26457 - 92 1
26458 # 1504
26459 + 92
26460 # 1504
26460 - 92 1
26461 + 92
26463 # 1504
26463 - 92 2
26463 + 92
26465 # 1504
26465 - 92 2
26465 + 92
26467 # 1504
26467 - 92 2
26469 # 1504
26469 + 92
26470 + 92
26472 # 1504
26472 - 92 3
26472 - 92 2
26472 + 92
26473 # 1504
26473 - 92 1
26474 + 92
26475 # 1504
26475 - 92 1
26477 # 1504
26478 # 1504
26478 + 92
26478 + 92
26480 + 92
26481 # 1504
26481 - 92 3
26481 - 92 3
26481 - 92 1
26483 # 1504
26483 + 92
26484 # 1504
26484 - 92 1
26484 + 92
26485 # 1504
26485 - 92 1
26487 + 92
26488 # 1504
26488 - 92 1
26489 # 1504
26489 + 92
26491 # 1504
26491 - 92 2
26491 + 92
26492 # 1504
26492 - 92 1
26494 + 92
26495 # 1504
26495 - 92 1
26496 + 92
26497 # 1504
26497 - 92 1
26498 # 1504
26499 + 92
26501 # 1504
26501 - 92 2
26501 + 92
26502 # 1504
26502 - 92 1
26503 # 1504
26505 # 1504
26505 + 92
26505 + 92
26507 # 1504
26507 - 92 2
26507 - 92 2
26510 # 1504
26511 # 1504
26514 # 1504
26517 # 1504
26517 + 92
26517 + 92
26518 # 1504
26518 - 92 1
26518 - 92 1
26520 # 1504
26521 # 1504
26521 + 92
26523 # 1504
26523 - 92 2
26523 + 92
26527 # 1504
26527 - 92 4
26527 # 1504
26528 + 92
26530 + 92
26531 # 1504
26531 - 92 3
26531 - 92 1
26532 # 1504
26532 # 1504
26534 + 92
26535 # 1504
26535 - 92 1
26536 # 1504
26537 + 92
26538 # 1504
26538 - 92 1
26539 + 92
26540 # 1504
26540 - 92 1
26542 # 1504
26542 + 92
26543 # 1504
26543 - 92 1
26545 # 1504
26546 + 92
26549 # 1504
26549 - 92 3
26549 # 1504
26551 # 1504
26552 # 1504
26555 # 1504
26556 # 1504
26557 # 1504
26558 # 1504
26558 + 92
26558 + 92
26558 + 92
26558 + 92
26560 # 1504
26560 - 92 2
26560 - 92 2
26560 - 92 2
26560 - 92 2
26560 + 92
26562 # 1504
26562 - 92 2
26562 + 92
26563 # 1504
26563 - 92 1
26565 # 1504
26565 + 92
26567 # 1504
26567 - 92 2
26567 + 92
26568 # 1504
26568 - 92 1
26570 + 92
26571 # 1504
26571 - 92 1
26572 # 1504
26573 # 1504
26573 + 92
26576 # 1504
26576 - 92 3
26576 + 92
26577 # 1504
26577 - 92 1
26577 + 92
26579 # 1504
26579 - 92 2
26582 # 1504
26582 + 92
26582 + 92
26582 + 92
26583 # 1504
26583 - 92 1
26583 - 92 1
26583 - 92 1
26584 # 1504
26584 + 92
26585 # 1504
26585 - 92 1
26586 + 92
26587 # 1504
26587 - 92 1
26589 # 1504
26590 # 1504
26590 + 92
26591 # 1504
26591 - 92 1
26592 + 92
26593 # 1504
26593 - 92 1
26594 # 1504
26594 + 92
26597 # 1504
26597 - 92 3
26597 + 92
26598 # 1504
26598 - 92 1
26598 # 1504
26601 # 1504
26601 + 92
26602 # 1504
26602 - 92 1
26603 # 1504
26606 # 1504
26606 + 92
26607 # 1504
26607 - 92 1
26608 # 1504
26609 # 1504
26609 + 92
26610 # 1504
26610 - 92 1
26615 + 92
26617 + 92
26619 # 1504
26619 - 92 4
26619 - 92 2
26619 # 1504
26624 + 92
26624 + 92
26626 # 1504
26626 - 92 2
26626 - 92 2
26626 # 1504
26626 # 1504
26626 # 1504
26626 # 1504
26626 # 1504
26627 # 1504
26627 + 92
26628 # 1504
26628 - 92 1
26630 # 1504
26631 # 1504
26632 # 1504
26635 # 1504
26636 # 1504
26637 # 1504
26638 # 1504
26638 + 92
26640 # 1504
26640 - 92 2
26641 # 1504
26641 + 92
26641 + 92
26641 + 92
26643 # 1504
26643 - 92 2
26643 - 92 2
26643 - 92 2
26644 # 1504
26646 # 1504
26647 # 1504
26651 # 1504
26651 # 1504
26651 + 92
26652 # 1504
26652 - 92 1
26652 + 92
26654 # 1504
26654 - 92 2
26655 # 1504
26656 # 1504
26657 # 1504
26657 + 92
26657 + 92
26659 # 1504
26659 - 92 2
26659 - 92 2
26659 + 92
26661 + 92
26662 # 1504
26662 - 92 3
26662 - 92 1
26663 # 1504
26663 # 1504
26663 + 92
26665 # 1504
26665 - 92 2
26666 # 1504
26666 + 92
26668 # 1504
26668 - 92 2
26669 # 1504
26671 # 1504
26672 # 1504
26675 # 1504
26675 # 1504
26676 # 1504
26676 + 92
26676 + 92
26676 + 92
26676 + 92
26678 # 1504
26678 - 92 2
26678 - 92 2
26678 - 92 2
26678 - 92 2
26679 # 1504
26679 + 92
26681 # 1504
26681 - 92 2
26682 # 1504
26684 + 92
26685 # 1504
26685 - 92 1
26687 # 1504
26687 # 1504
26688 # 1504
26690 # 1504
26691 # 1504
26691 # 1504
26693 # 1504
26694 # 1504
26694 + 92
26694 + 92
26695 # 1504
26695 - 92 1
26695 - 92 1
26696 + 92
26698 # 1504
26698 - 92 2
26698 # 1504
26699 # 1504
26700 + 92
26702 + 92
26705 + 92
26708 + 92
26713 # 1504
26713 - 92 13
26713 - 92 11
26713 - 92 8
26713 - 92 5
26714 # 1504
26714 # 1504
26715 # 1504
26715 # 1504
26715 # 1504
26716 # 1504
26716 # 1504
26717 # 1504
26717 + 92
26718 # 1504
26718 - 92 1
26719 + 92
26719 + 92
26720 # 1504
26720 - 92 1
26720 - 92 1
26721 # 1504
26723 # 1504
26723 # 1504
26725 # 1504
26725 + 92
26725 + 92
26725 + 92
26726 # 1504
26726 - 92 1
26726 - 92 1
26726 - 92 1
26727 # 1504
26727 + 92
26728 # 1504
26728 - 92 1
26729 + 92
26731 # 1504
26731 - 92 2
26731 + 92
26732 # 1504
26732 - 92 1
26733 # 1504
26733 # 1504
26734 # 1504
26734 + 92
26735 # 1504
26735 - 92 1
26736 + 92
26737 # 1504
26737 - 92 1
26737 # 1504
26738 # 1504
26739 # 1504
26740 # 1504
26741 # 1504
26742 # 1504
26743 # 1504
26745 # 1504
26745 # 1504
26746 # 1504
26747 # 1504
26748 # 1504
26748 + 92
26748 + 92
26748 + 92
26750 # 1504
26750 - 92 2
26750 - 92 2
26750 - 92 2
26758 + 92
26758 + 92
26758 + 92
26760 + 92
26761 # 1504
26761 - 92 3
26761 - 92 3
26761 - 92 3
26761 - 92 1
26761 # 1504
26761 # 1504
26761 # 1504
26762 # 1504
26762 # 1504
26762 # 1504
26762 # 1504
26762 # 1504
26762 # 1504
26766 # 1504
26778 # 1504
26778 # 1504
26778 # 1504
26779 # 1504
26780 # 1504
26780 # 1504
26780 # 1504
26780 + 92
26782 # 1504
26782 - 92 2
26784 # 1504
26785 # 1504
26787 # 1504
26788 # 1504
26790 # 1504
26792 # 1504
26792 + 92
26792 + 92
26793 # 1504
26793 - 92 1
26793 - 92 1
26797 # 1504
26797 + 92
26798 # 1504
26798 - 92 1
26802 # 1504
26802 # 1504
26804 + 92
26805 # 1504
26805 - 92 1
26806 # 1504
26809 # 1504
26809 + 92
26810 # 1504
26810 - 92 1
26813 # 1504
26814 # 1504
26816 # 1504
26817 # 1504
26818 # 1504
26818 + 92
26820 # 1504
26820 - 92 2
26821 + 92
26821 + 92
26823 # 1504
26823 - 92 2
26823 - 92 2
26823 # 1504
26826 # 1504
26826 # 1504
26826 + 92
26827 # 1504
26827 - 92 1
26829 # 1504
26831 + 92
26833 # 1504
26833 - 92 2
26833 # 1504
26834 # 1504
26836 + 92
26837 # 1504
26837 - 92 1
26837 # 1504
26839 # 1504
26840 # 1504
26841 + 92
26843 # 1504
26843 - 92 2
26844 # 1504
26845 + 92
26846 # 1504
26846 - 92 1
26847 # 1504
26849 # 1504
26851 # 1504
26852 # 1504
26853 # 1504
26856 # 1504
26857 # 1504
26858 # 1504
26858 + 92
26858 + 92
26860 # 1504
26860 - 92 2
26860 - 92 2
26861 # 1504
26862 + 92
26863 # 1504
26863 - 92 1
26865 # 1504
26865 + 92
26866 # 1504
26866 - 92 1
26867 + 92
26870 # 1504
26870 - 92 3
26870 # 1504
26871 # 1504
26872 # 1504
26872 + 92
26874 # 1504
26874 - 92 2
26874 + 92
26875 # 1504
26875 - 92 1
26876 # 1504
26876 + 92
26879 # 1504
26879 - 92 3
26879 # 1504
26879 + 92
26880 # 1504
26880 - 92 1
26881 # 1504
26881 + 92
26882 # 1504
26882 - 92 1
26883 # 1504
26883 + 92
26885 # 1504
26885 - 92 2
26885 + 92
26886 # 1504
26886 - 92 1
26887 # 1504
26888 # 1504
26888 + 92
26889 + 92
26890 # 1504
26890 - 92 2
26890 - 92 1
26891 # 1504
26891 + 92
26892 # 1504
26892 - 92 1
26892 + 92
26894 # 1504
26894 - 92 2
26895 # 1504
26895 + 92
26897 # 1504
26897 - 92 2
26898 # 1504
26898 + 92
26900 + 92
26901 # 1504
26901 - 92 3
26901 - 92 1
26901 # 1504
26903 # 1504
26903 # 1504
26905 # 1504
26906 # 1504
26906 + 92
26907 # 1504
26907 - 92 1
26908 # 1504
26908 + 92
26910 # 1504
26910 - 92 2
26910 + 92
26911 # 1504
26911 - 92 1
26912 # 1504
26916 # 1504
26917 # 1504
26917 # 1504
26918 # 1504
26919 # 1504
26920 # 1504
26921 # 1504
26923 # 1504
26923 + 92
26923 + 92
26924 # 1504
26924 - 92 1
26924 - 92 1
26924 + 92
26924 + 92
26925 + 92
26926 # 1504
26926 - 92 2
26926 - 92 2
26926 - 92 1
26927 # 1504
26928 + 92
26929 # 1504
26929 - 92 1
26930 # 1504
26930 + 92
26931 # 1504
26931 - 92 1
26932 + 92
26934 # 1504
26934 - 92 2
26934 + 92
26935 # 1504
26935 - 92 1
26936 # 1504
26938 + 92
26942 + 92
26942 + 92
26945 # 1504
26945 - 92 7
26945 - 92 3
26945 - 92 3
26945 # 1504
26945 + 92
26946 + 92
26948 # 1504
26948 - 92 3
26948 - 92 2
26948 + 92
26949 # 1504
26949 - 92 1
26949 # 1504
26949 # 1504
26949 # 1504
26951 # 1504
26952 # 1504
26952 + 92
26953 # 1504
26953 - 92 1
26953 + 92
26955 # 1504
26955 - 92 2
26955 + 92
26957 # 1504
26957 - 92 2
26959 # 1504
26966 # 1504
26966 + 92
26966 + 92
26966 + 92
26970 # 1504
26970 - 92 4
26970 - 92 4
26970 - 92 4
26971 # 1504
26972 # 1504
26973 # 1504
26974 + 92
26975 # 1504
26975 - 92 1
26976 # 1504
26976 + 92
26977 # 1504
26977 - 92 1
26978 # 1504
26978 + 92
26980 # 1504
26980 - 92 2
26981 # 1504
26982 # 1504
26982 + 92
26991 # 1504
26991 - 92 9
26991 # 1504
26991 # 1504
26991 # 1504
26991 # 1504
26991 # 1504
26992 # 1504
26993 # 1504
26993 + 92
26993 + 92
26993 + 92
26995 # 1504
26995 - 92 2
26995 - 92 2
26995 - 92 2
26995 # 1504
26997 # 1504
26998 # 1504
26999 # 1504
27000 # 1504
27002 # 1504
27003 # 1504
27003 + 92
27003 + 92
27003 + 92
27003 + 92
27003 + 92
27004 # 1504
27004 - 92 1
27004 - 92 1
27004 - 92 1
27004 - 92 1
27004 - 92 1
27005 + 92
27006 # 1504
27006 - 92 1
27007 # 1504
27008 # 1504
27011 + 92
27017 + 92
27029 + 92
27033 # 1504
27033 - 92 22
27033 - 92 16
27033 - 92 4
27033 + 92
27034 + 92
27037 + 92
27037 + 92
27038 # 1504
27038 - 92 5
27038 - 92 4
27038 - 92 1
27038 - 92 1
27038 # 1504
27039 # 1504
27040 # 1504
27040 # 1504
27040 # 1504
27040 # 1504
27040 # 1504
27040 # 1504
27040 # 1504
27040 # 1504
27040 # 1504
27041 # 1504
27041 # 1504
27041 # 1504
27041 # 1504
27041 # 1504
27042 # 1504
27042 # 1504
27042 # 1504
27042 # 1504
27042 # 1504
27042 # 1504
27042 # 1504
27042 + 92
27044 + 92
27045 # 1504
27045 - 92 3
27045 - 92 1
27047 # 1504
27047 # 1504
27047 # 1504
27049 + 92
27052 # 1504
27052 - 92 3
27053 # 1504
27053 # 1504
27053 # 1504
27053 # 1504
27053 # 1504
27055 # 1504
27056 # 1504
27057 # 1504
27060 + 92
27061 + 92
27062 + 92
27064 + 92
27066 # 1504
27066 - 92 6
27066 - 92 5
27066 - 92 4
27066 - 92 2
27066 # 1504
27066 # 1504
27067 # 1504
27067 # 1504
27068 # 1504
27068 + 92
27070 # 1504
27070 - 92 2
27071 + 92
27072 # 1504
27072 - 92 1
27072 + 92
27074 # 1504
27074 - 92 2
27075 # 1504
27075 + 92
27076 # 1504
27076 - 92 1
27077 # 1504
27077 + 92
27078 # 1504
27078 - 92 1
27080 + 92
27081 # 1504
27081 - 92 1
27081 # 1504
27082 + 92
27084 + 92
27085 # 1504
27085 - 92 3
27085 - 92 1
27085 # 1504
27086 # 1504
27088 # 1504
27088 + 92
27089 # 1504
27089 - 92 1
27090 # 1504
27091 # 1504
27095 # 1504
27096 # 1504
27097 # 1504
27097 + 92
27097 + 92
27098 # 1504
27098 - 92 1
27098 - 92 1
27099 + 92
27100 # 1504
27100 - 92 1
27101 + 92
27103 # 1504
27103 - 92 2
27103 # 1504
27105 # 1504
27111 # 1504
27111 # 1504
27111 # 1504
27111 # 1504
27111 # 1504
27113 # 1504
27114 # 1504
27115 # 1504
27116 + 92
27116 + 92
27116 + 92
27116 + 92
27117 # 1504
27117 - 92 1
27117 - 92 1
27117 - 92 1
27117 - 92 1
27117 # 1504
27118 # 1504
27119 # 1504
27121 # 1504
27122 # 1504
27122 + 92
27122 + 92
27123 # 1504
27123 - 92 1
27123 - 92 1
27124 # 1504
27124 + 92
27124 + 92
27126 # 1504
27126 - 92 2
27126 - 92 2
27127 # 1504
27128 # 1504
27129 # 1504
27130 # 1504
27134 + 92
27134 + 92
27135 + 92
27135 + 92
27135 + 92
27138 + 92
27140 # 1504
27140 - 92 6
27140 - 92 6
27140 - 92 5
27140 - 92 5
27140 - 92 5
27140 - 92 2
27140 + 92
27141 # 1504
27141 - 92 1
27141 # 1504
27141 # 1504
27141 # 1504
27141 # 1504
27141 # 1504
27141 # 1504
27141 # 1504
27142 # 1504
27143 # 1504
27143 + 92
27144 # 1504
27144 - 92 1
27145 + 92
27146 # 1504
27146 - 92 1
27147 # 1504
27147 + 92
27148 # 1504
27148 - 92 1
27149 # 1504
27149 + 92
27152 # 1504
27152 - 92 3
27153 # 1504
27153 # 1504
27153 + 92
27156 # 1504
27156 - 92 3
27157 # 1504
27159 # 1504
27159 # 1504
27159 # 1504
27162 # 1504
27162 + 92
27162 + 92
27164 + 92
27164 + 92
27164 + 92
27165 # 1504
27165 - 92 3
27165 - 92 3
27165 - 92 1
27165 - 92 1
27165 - 92 1
27166 # 1504
27166 # 1504
27166 # 1504
27166 # 1504
27168 # 1504
27169 # 1504
27175 + 92
27175 + 92
27175 + 92
27175 + 92
27179 + 92
27180 # 1504
27180 - 92 5
27180 - 92 5
27180 - 92 5
27180 - 92 5
27180 - 92 1
27180 # 1504
27180 + 92
27181 # 1504
27181 - 92 1
27184 + 92
27185 # 1504
27185 - 92 1
27186 + 92
27187 # 1504
27187 - 92 1
27188 # 1504
27188 # 1504
27188 # 1504
27188 # 1504
27189 + 92
27191 + 92
27193 + 92
27195 + 92
27198 # 1504
27198 - 92 9
27198 - 92 7
27198 - 92 5
27198 - 92 3
27198 + 92
27202 + 92
27204 + 92
27208 + 92
27210 + 92
27211 # 1504
27211 - 92 13
27211 - 92 9
27211 - 92 7
27211 - 92 3
27211 - 92 1
27211 # 1504
27211 # 1504
27211 # 1504
27216 # 1504
27216 # 1504
27216 # 1504
27216 # 1504
27217 # 1504
27217 + 92
27217 + 92
27220 + 92
27221 # 1504
27221 - 92 4
27221 - 92 4
27221 - 92 1
27222 # 1504
27223 + 92
27223 + 92
27227 + 92
27229 # 1504
27229 - 92 6
27229 - 92 6
27229 - 92 2
27229 + 92
27230 # 1504
27230 - 92 1
27231 # 1504
27232 # 1504
27232 + 92
27233 + 92
27235 # 1504
27235 - 92 3
27235 - 92 2
27235 # 1504
27236 # 1504
27236 # 1504
27236 # 1504
27236 + 92
27238 # 1504
27238 - 92 2
27238 # 1504
27241 # 1504
27243 # 1504
27245 # 1504
27246 + 92
27246 + 92
27247 # 1504
27247 - 92 1
27247 - 92 1
27248 # 1504
27250 # 1504
27250 + 92
27250 + 92
27250 + 92
27251 # 1504
27251 - 92 1
27251 - 92 1
27251 - 92 1
27252 + 92
27254 # 1504
27254 - 92 2
27255 # 1504
27255 + 92
27256 # 1504
27256 - 92 1
27256 + 92
27258 # 1504
27258 - 92 2
27259 # 1504
27261 # 1504
27261 + 92
27263 # 1504
27263 - 92 2
27264 # 1504
27266 # 1504
27267 # 1504
27269 # 1504
27270 + 92
27271 # 1504
27271 - 92 1
27272 # 1504
27274 # 1504
27274 + 92
27275 # 1504
27275 - 92 1
27277 # 1504
27278 # 1504
27280 # 1504
27280 + 92
27281 # 1504
27281 - 92 1
27283 + 92
27284 # 1504
27284 - 92 1
27284 # 1504
27287 # 1504
27288 # 1504
27291 # 1504
27292 # 1504
27293 # 1504
27294 + 92
27296 # 1504
27296 - 92 2
27296 # 1504
27296 + 92
27296 + 92
27296 + 92
27298 # 1504
27298 - 92 2
27298 - 92 2
27298 - 92 2
27300 # 1504
27301 # 1504
27304 # 1504
27305 # 1504
27306 # 1504
27308 # 1504
27308 + 92
27310 # 1504
27310 - 92 2
27311 # 1504
27311 + 92
27315 # 1504
27315 - 92 4
27315 # 1504
27317 # 1504
27317 + 92
27317 + 92
27317 + 92
27318 # 1504
27318 - 92 1
27318 - 92 1
27318 - 92 1
27319 + 92
27320 # 1504
27320 - 92 1
27321 # 1504
27323 + 92
27324 # 1504
27324 - 92 1
27325 # 1504
27326 # 1504
27326 + 92
27328 + 92
27330 # 1504
27330 - 92 4
27330 - 92 2
27330 # 1504
27332 # 1504
27333 # 1504
27335 # 1504
27337 # 1504
27337 + 92
27337 + 92
27340 # 1504
27340 - 92 3
27340 - 92 3
27340 # 1504
27340 + 92
27342 # 1504
27342 - 92 2
27342 + 92
27344 # 1504
27344 - 92 2
27345 + 92
27347 # 1504
27347 - 92 2
27349 # 1504
27349 + 92
27351 # 1504
27351 - 92 2
27351 # 1504
27353 # 1504
27353 + 92
27356 # 1504
27356 - 92 3
27356 + 92
27360 + 92
27362 + 92
27363 + 92
27368 + 92
27372 + 92
27373 + 92
27375 + 92
27378 + 92
27382 + 92
27384 + 92
27388 + 92
27398 + 92
27400 + 92
27402 + 92
27405 + 92
27409 + 92
27411 + 92
27415 + 92
27416 # 1504
27416 - 92 60
27416 - 92 56
27416 - 92 54
27416 - 92 53
27416 - 92 48
27416 - 92 44
27416 - 92 43
27416 - 92 41
27416 - 92 38
27416 - 92 34
27416 - 92 32
27416 - 92 28
27416 - 92 18
27416 - 92 16
27416 - 92 14
27416 - 92 11
27416 # 1504
27416 - 92 7
27416 - 92 5
27416 - 92 1
27416 # 1504
27416 # 1504
27416 # 1504
27416 # 1504
27416 # 1504
27416 # 1504
27417 # 1504
27417 # 1504
27418 # 1504
27418 # 1504
27418 # 1504
27418 # 1504
27418 + 92
27419 # 1504
27419 - 92 1
27419 # 1504
27419 # 1504
27420 # 1504
27420 # 1504
27420 # 1504
27420 + 92
27421 # 1504
27421 - 92 1
27421 # 1504
27421 # 1504
27421 # 1504
27421 # 1504
27421 # 1504
27421 # 1504
27421 # 1504
27421 # 1504
27421 # 1504
27421 # 1504
27421 # 1504
27421 # 1504
27422 # 1504
27422 # 1504
27422 + 92
27423 # 1504
27423 - 92 1
27424 + 92
27425 # 1504
27425 - 92 1
27427 # 1504
27428 + 92
27430 # 1504
27430 - 92 2
27431 # 1504
27432 + 92
27433 # 1504
27433 - 92 1
27434 # 1504
27434 + 92
27436 # 1504
27436 - 92 2
27436 + 92
27437 # 1504
27437 - 92 1
27439 + 92
27440 # 1504
27440 - 92 1
27441 + 92
27442 # 1504
27442 - 92 1
27442 # 1504
27444 # 1504
27445 # 1504
27445 + 92
27448 # 1504
27448 - 92 3
27448 # 1504
27448 + 92
27449 + 92
27450 # 1504
27450 - 92 2
27450 - 92 1
27452 # 1504
27454 # 1504
27456 # 1504
27458 # 1504
27459 # 1504
27460 + 92
27460 + 92
27463 # 1504
27463 - 92 3
27463 - 92 3
27463 # 1504
27463 + 92
27464 # 1504
27464 - 92 1
27465 + 92
27467 # 1504
27467 - 92 2
27468 # 1504
27469 + 92
27470 # 1504
27470 - 92 1
27471 + 92
27473 # 1504
27473 - 92 2
27473 # 1504
27475 # 1504
27475 + 92
27476 # 1504
27476 - 92 1
27477 + 92
27479 # 1504
27479 - 92 2
27480 + 92
27481 # 1504
27481 - 92 1
27482 # 1504
27483 + 92
27484 # 1504
27484 - 92 1
27484 + 92
27485 # 1504
27485 - 92 1
27486 + 92
27487 # 1504
27487 - 92 1
27488 # 1504
27490 # 1504
27490 + 92
27491 # 1504
27491 - 92 1
27493 # 1504
27493 + 92
27495 # 1504
27495 - 92 2
27496 # 1504
27496 + 92
27497 + 92
27499 # 1504
27499 - 92 3
27499 - 92 2
27500 # 1504
27500 + 92
27502 + 92
27503 # 1504
27503 - 92 3
27503 - 92 1
27504 # 1504
27504 + 92
27505 # 1504
27505 - 92 1
27506 # 1504
27506 + 92
27508 # 1504
27508 - 92 2
27511 + 92
27512 # 1504
27512 - 92 1
27513 # 1504
27514 # 1504
27515 # 1504
27520 # 1504
27522 # 1504
27522 # 1504
27526 # 1504
27526 + 92
27528 # 1504
27528 - 92 2
27528 # 1504
27528 + 92
27530 # 1504
27530 - 92 2
27533 # 1504
27533 + 92
27534 # 1504
27534 - 92 1
27536 # 1504
27537 # 1504
27537 + 92
27539 # 1504
27539 - 92 2
27540 + 92
27542 # 1504
27542 - 92 2
27543 # 1504
27545 # 1504
27545 + 92
27547 # 1504
27547 - 92 2
27548 + 92
27550 # 1504
27550 - 92 2
27553 # 1504
27553 # 1504
27554 # 1504
27556 # 1504
27558 # 1504
27559 # 1504
27560 # 1504
27562 # 1504
27564 # 1504
27564 + 92
27565 + 92
27566 # 1504
27566 - 92 2
27566 - 92 1
27567 # 1504
27568 # 1504
27568 + 92
27570 # 1504
27570 - 92 2
27571 # 1504
27573 # 1504
27576 # 1504
27577 # 1504
27577 + 92
27577 + 92
27579 + 92
27581 # 1504
27581 - 92 4
27581 - 92 4
27581 - 92 2
27582 # 1504
27582 + 92
27583 # 1504
27583 - 92 1
27583 + 92
27586 # 1504
27586 - 92 3
27587 # 1504
27591 # 1504
27591 # 1504
27593 # 1504
27594 # 1504
27594 + 92
27594 + 92
27597 # 1504
27597 - 92 3
27597 - 92 3
27597 # 1504
27599 # 1504
27601 # 1504
27602 # 1504
27603 + 92
27606 # 1504
27606 - 92 3
27607 # 1504
27607 + 92
27608 + 92
27608 + 92
27609 # 1504
27609 - 92 2
27609 - 92 1
27609 - 92 1
27610 # 1504
27613 # 1504
27613 # 1504
27615 # 1504
27616 # 1504
27617 # 1504
27618 + 92
27618 + 92
27620 # 1504
27620 - 92 2
27620 - 92 2
27622 # 1504
27622 + 92
27624 # 1504
27624 - 92 2
27624 # 1504
27634 + 92
27634 + 92
27635 # 1504
27635 - 92 1
27635 - 92 1
27635 # 1504
27635 # 1504
27635 # 1504
27635 # 1504
27635 # 1504
27636 + 92
27637 # 1504
27637 - 92 1
27639 + 92
27640 # 1504
27640 - 92 1
27641 # 1504
27643 + 92
27644 # 1504
27644 - 92 1
27645 + 92
27646 # 1504
27646 - 92 1
27647 # 1504
27648 + 92
27649 # 1504
27649 - 92 1
27652 # 1504
27652 + 92
27653 # 1504
27653 - 92 1
27654 # 1504
27654 + 92
27656 # 1504
27656 - 92 2
27656 + 92
27658 # 1504
27658 - 92 2
27660 # 1504
27660 + 92
27661 # 1504
27661 - 92 1
27663 # 1504
27663 + 92
27664 # 1504
27664 - 92 1
27665 + 92
27667 # 1504
27667 - 92 2
27667 + 92
27671 # 1504
27671 - 92 4
27671 # 1504
27671 # 1504
27671 + 92
27672 # 1504
27672 - 92 1
27673 # 1504
27675 # 1504
27675 + 92
27676 # 1504
27676 - 92 1
27677 # 1504
27677 + 92
27678 # 1504
27678 - 92 1
27679 # 1504
27679 + 92
27682 # 1504
27682 - 92 3
27683 + 92
27684 # 1504
27684 - 92 1
27684 # 1504
27685 + 92
27686 # 1504
27686 - 92 1
27686 + 92
27691 # 1504
27691 - 92 5
27691 # 1504
27691 # 1504
27697 + 92
27697 + 92
27697 + 92
27699 + 92
27700 + 92
27701 # 1504
27701 - 92 4
27701 - 92 4
27701 - 92 4
27701 - 92 2
27701 - 92 1
27701 # 1504
27701 + 92
27702 # 1504
27702 - 92 1
27702 # 1504
27702 # 1504
27702 # 1504
27702 # 1504
27702 # 1504
27703 # 1504
27703 + 92
27705 # 1504
27705 - 92 2
27707 # 1504
27707 # 1504
27707 + 92
27708 # 1504
27708 - 92 1
27709 + 92
27711 + 92
27713 + 92
27715 + 92
27718 # 1504
27718 - 92 9
27718 - 92 7
27718 - 92 5
27718 - 92 3
27719 # 1504
27719 # 1504
27719 # 1504
27719 # 1504
27719 # 1504
27719 # 1504
27719 # 1504
27719 # 1504
27719 + 92
27723 + 92
27724 + 92
27725 + 92
27728 + 92
27729 # 1504
27729 - 92 10
27729 - 92 6
27729 - 92 5
27729 - 92 4
27729 - 92 1
27729 # 1504
27729 # 1504
27729 + 92
27730 # 1504
27730 - 92 1
27730 # 1504
27730 # 1504
27730 # 1504
27732 # 1504
27732 # 1504
27733 + 92
27735 # 1504
27735 - 92 2
27735 + 92
27737 # 1504
27737 - 92 2
27737 # 1504
27737 + 92
27739 # 1504
27739 - 92 2
27739 + 92
27741 # 1504
27741 - 92 2
27741 + 92
27742 # 1504
27742 - 92 1
27743 # 1504
27743 + 92
27745 + 92
27746 # 1504
27746 - 92 3
27746 - 92 1
27747 # 1504
27747 + 92
27748 # 1504
27748 - 92 1
27751 + 92
27751 + 92
27753 + 92
27757 + 92
27758 # 1504
27758 - 92 7
27758 - 92 7
27758 - 92 5
27758 - 92 1
27761 # 1504
27761 + 92
27762 # 1504
27762 - 92 1
27763 # 1504
27764 # 1504
27770 + 92
27773 + 92
27774 # 1504
27774 - 92 4
27774 - 92 1
27774 # 1504
27774 # 1504
27774 + 92
27775 # 1504
27775 - 92 1
27777 # 1504
27777 # 1504
27779 # 1504
27780 # 1504
27780 # 1504
27783 # 1504
27783 + 92
27784 # 1504
27784 - 92 1
27785 # 1504
27786 # 1504
27787 # 1504
27788 # 1504
27788 + 92
27788 + 92
27788 + 92
27788 + 92
27788 + 92
27791 + 92
27793 # 1504
27793 - 92 5
27793 - 92 5
27793 - 92 5
27793 - 92 5
27793 - 92 5
27793 - 92 2
27793 + 92
27794 # 1504
27794 - 92 1
27795 + 92
27796 # 1504
27796 - 92 1
27797 # 1504
27797 + 92
27797 + 92
27800 # 1504
27800 - 92 3
27800 - 92 3
27801 + 92
27803 # 1504
27803 - 92 2
27803 + 92
27803 + 92
27804 # 1504
27804 - 92 1
27804 - 92 1
27804 # 1504
27805 # 1504
27805 + 92
27807 # 1504
27807 - 92 2
27809 # 1504
27809 # 1504
27811 # 1504
27813 # 1504
27815 # 1504
27815 + 92
27815 + 92
27815 + 92
27816 + 92
27816 + 92
27818 # 1504
27818 - 92 3
27818 - 92 3
27818 - 92 3
27818 - 92 2
27818 - 92 2
27818 # 1504
27819 # 1504
27825 # 1504
27826 # 1504
27826 # 1504
27826 + 92
27827 # 1504
27827 - 92 1
27828 # 1504
27828 + 92
27828 + 92
27830 + 92
27830 + 92
27832 # 1504
27832 - 92 4
27832 - 92 4
27832 - 92 2
27832 - 92 2
27832 + 92
27833 # 1504
27833 - 92 1
27834 # 1504
27834 + 92
27836 # 1504
27836 - 92 2
27836 + 92
27836 + 92
27837 # 1504
27837 - 92 1
27837 - 92 1
27839 # 1504
27839 + 92
27840 # 1504
27840 - 92 1
27841 + 92
27843 # 1504
27843 - 92 2
27843 + 92
27844 # 1504
27844 - 92 1
27845 # 1504
27845 + 92
27846 + 92
27847 # 1504
27847 - 92 2
27847 - 92 1
27848 # 1504
27849 + 92
27851 # 1504
27851 - 92 2
27852 # 1504
27852 + 92
27852 + 92
27853 # 1504
27853 - 92 1
27853 - 92 1
27855 + 92
27856 # 1504
27856 - 92 1
27856 + 92
27857 # 1504
27857 - 92 1
27858 # 1504
27860 # 1504
27860 + 92
27860 + 92
27862 + 92
27863 # 1504
27863 - 92 3
27863 - 92 3
27863 - 92 1
27864 # 1504
27864 + 92
27866 # 1504
27866 - 92 2
27866 + 92
27867 # 1504
27867 - 92 1
27873 # 1504
27873 # 1504
27873 # 1504
27874 # 1504
27876 # 1504
27878 # 1504
27879 # 1504
27881 # 1504
27882 # 1504
27884 # 1504
27887 # 1504
27894 # 1504
27894 # 1504
27894 # 1504
27894 # 1504
27894 # 1504
27894 + 92
27894 + 92
27894 + 92
27895 + 92
27895 + 92
27895 + 92
27895 + 92
27895 + 92
27895 + 92
27895 + 92
27895 + 92
27895 + 92
27895 + 92
27896 # 1504
27896 - 92 2
27896 - 92 2
27896 - 92 2
27896 - 92 1
27896 - 92 1
27896 - 92 1
27896 - 92 1
27896 - 92 1
27896 - 92 1
27896 - 92 1
27896 - 92 1
27896 - 92 1
27896 - 92 1
27897 # 1504
27898 # 1504
27898 + 92
27898 + 92
27900 + 92
27900 + 92
27902 # 1504
27902 - 92 4
27902 - 92 4
27902 - 92 2
27902 - 92 2
27903 # 1504
27903 + 92
27904 # 1504
27904 - 92 1
27904 + 92
27906 # 1504
27906 - 92 2
27907 # 1504
27909 # 1504
27910 # 1504
27913 # 1504
27913 # 1504
27914 # 1504
27914 + 92
27914 + 92
27914 + 92
27914 + 92
27914 + 92
27915 # 1504
27915 - 92 1
27915 - 92 1
27915 - 92 1
27915 - 92 1
27915 - 92 1
27920 # 1504
27921 # 1504
27922 # 1504
27923 # 1504
27924 + 92
27924 + 92
27924 + 92
27924 + 92
27924 + 92
27924 + 92
27926 # 1504
27926 - 92 2
27926 - 92 2
27926 - 92 2
27926 - 92 2
27926 - 92 2
27926 - 92 2
27927 # 1504
27928 # 1504
27930 # 1504
27932 # 1504
27934 # 1504
27934 + 92
27934 + 92
27934 + 92
27938 + 92
27938 + 92
27938 + 92
27938 + 92
27938 + 92
27941 + 92
27943 + 92
27944 # 1504
27944 - 92 10
27944 - 92 10
27944 - 92 10
27944 - 92 6
27944 - 92 6
27944 - 92 6
27944 - 92 6
27944 - 92 6
27944 - 92 3
27944 - 92 1
27944 # 1504
27944 # 1504
27944 # 1504
27945 # 1504
27945 + 92
27946 # 1504
27946 - 92 1
27948 # 1504
27949 # 1504
27950 + 92
27950 + 92
27950 + 92
27952 + 92
27953 + 92
27956 + 92
27958 + 92
27959 # 1504
27959 - 92 9
27959 - 92 9
27959 - 92 9
27959 - 92 7
27959 - 92 6
27959 - 92 3
27959 - 92 1
27959 # 1504
27959 # 1504
27959 # 1504
27959 # 1504
27959 # 1504
27959 + 92
27960 # 1504
27960 - 92 1
27960 + 92
27961 # 1504
27961 - 92 1
27963 # 1504
27964 # 1504
27965 # 1504
27966 # 1504
27969 # 1504
27969 # 1504
27970 # 1504
27973 # 1504
27974 # 1504
27974 + 92
27974 + 92
27974 + 92
27974 + 92
27974 + 92
27974 + 92
27974 + 92
27975 # 1504
27975 - 92 1
27975 - 92 1
27975 - 92 1
27975 - 92 1
27975 - 92 1
27975 - 92 1
27975 - 92 1
27976 # 1504
27977 + 92
27978 # 1504
27978 - 92 1
27979 + 92
27981 # 1504
27981 - 92 2
27981 # 1504
27982 # 1504
27982 + 92
27982 + 92
27984 # 1504
27984 - 92 2
27984 - 92 2
27984 + 92
27985 # 1504
27985 - 92 1
27986 # 1504
27986 + 92
27988 # 1504
27988 - 92 2
27988 + 92
27990 # 1504
27990 - 92 2
27991 # 1504
27992 # 1504
27992 + 92
27992 + 92
27993 # 1504
27993 - 92 1
27993 - 92 1
27995 # 1504
27996 # 1504
27996 + 92
27998 # 1504
27998 - 92 2
27998 + 92
27999 # 1504
27999 - 92 1
28000 # 1504
28001 # 1504
28003 # 1504
28004 # 1504
28005 # 1504
28007 # 1504
28008 # 1504
28008 + 92
28009 # 1504
28009 - 92 1
28009 + 92
28010 # 1504
28010 - 92 1
28011 # 1504
28012 + 92
28012 + 92
28013 # 1504
28013 - 92 1
28013 - 92 1
28014 # 1504
28015 # 1504
28016 # 1504
28017 # 1504
28027 # 1504
28027 # 1504
28028 # 1504
28028 # 1504
28028 # 1504
28032 # 1504
28036 # 1504
28036 # 1504
28036 # 1504
28036 + 92
28036 + 92
28036 + 92
28036 + 92
28036 + 92
28038 # 1504
28038 - 92 2
28038 - 92 2
28038 - 92 2
28038 - 92 2
28038 - 92 2
28039 + 92
28042 # 1504
28042 - 92 3
28042 + 92
28043 + 92
28047 # 1504
28047 - 92 5
28047 - 92 4
28047 # 1504
28047 # 1504
28047 + 92
28049 # 1504
28049 - 92 2
28049 # 1504
28049 # 1504
28049 # 1504
28049 # 1504
28049 + 92
28050 # 1504
28050 - 92 1
28051 # 1504
28052 # 1504
28052 + 92
28053 # 1504
28053 - 92 1
28054 + 92
28055 # 1504
28055 - 92 1
28056 # 1504
28057 # 1504
28057 + 92
28058 # 1504
28058 - 92 1
28060 # 1504
28060 # 1504
28061 + 92
28063 # 1504
28063 - 92 2
28063 # 1504
28063 + 92
28065 # 1504
28065 - 92 2
28066 # 1504
28066 + 92
28067 # 1504
28067 - 92 1
28067 + 92
28068 # 1504
28068 - 92 1
28069 # 1504
28070 # 1504
28070 + 92
28071 # 1504
28071 - 92 1
28073 + 92
28074 # 1504
28074 - 92 1
28075 # 1504
28075 # 1504
28076 # 1504
28076 + 92
28077 # 1504
28077 - 92 1
28078 # 1504
28079 # 1504
28080 + 92
28081 # 1504
28081 - 92 1
28081 # 1504
28082 # 1504
28083 # 1504
28086 # 1504
28086 + 92
28087 # 1504
28087 - 92 1
28087 # 1504
28088 # 1504
28088 + 92
28089 # 1504
28089 - 92 1
28094 + 92
28096 + 92
28099 # 1504
28099 - 92 5
28099 - 92 3
28100 # 1504
28100 + 92
28101 # 1504
28101 - 92 1
28102 # 1504
28102 # 1504
28104 + 92
28107 + 92
28116 # 1504
28116 - 92 12
28116 - 92 9
28116 # 1504
28119 # 1504
28119 # 1504
28119 + 92
28119 + 92
28120 # 1504
28120 - 92 1
28120 - 92 1
28121 # 1504
28121 # 1504
28121 # 1504
28123 # 1504
28124 # 1504
28124 + 92
28124 + 92
28124 + 92
28126 # 1504
28126 - 92 2
28126 - 92 2
28126 - 92 2
28128 + 92
28129 # 1504
28129 - 92 1
28130 # 1504
28130 + 92
28131 # 1504
28131 - 92 1
28132 # 1504
28133 # 1504
28133 + 92
28134 + 92
28137 + 92
28143 + 92
28143 + 92
28145 + 92
28146 # 1504
28146 - 92 13
28146 - 92 12
28146 - 92 9
28146 - 92 3
28146 - 92 3
28146 - 92 1
28147 # 1504
28147 # 1504
28148 # 1504
28148 + 92
28150 # 1504
28150 - 92 2
28150 # 1504
28150 # 1504
28150 + 92
28151 # 1504
28151 - 92 1
28152 + 92
28154 + 92
28156 + 92
28159 + 92
28160 + 92
28162 # 1504
28162 - 92 10
28162 - 92 8
28162 - 92 6
28162 - 92 3
28162 - 92 2
28162 # 1504
28162 # 1504
28162 # 1504
28162 # 1504
28162 # 1504
28163 + 92
28166 + 92
28168 # 1504
28168 - 92 5
28168 - 92 2
28168 # 1504
28173 # 1504
28173 # 1504
28173 # 1504
28173 # 1504
28173 # 1504
28173 # 1504
28173 # 1504
28179 + 92
28179 + 92
28179 + 92
28189 + 92
28189 + 92
28189 + 92
28191 + 92
28194 # 1504
28194 - 92 15
28194 - 92 15
28194 - 92 15
28194 - 92 5
28194 - 92 5
28194 - 92 5
28194 - 92 3
28194 # 1504
28194 # 1504
28194 # 1504
28194 # 1504
28194 # 1504
28194 # 1504
28194 # 1504
28195 # 1504
28195 # 1504
28195 # 1504
28195 # 1504
28195 # 1504
28195 # 1504
28195 # 1504
28196 # 1504
28197 # 1504
28199 # 1504
28199 # 1504
28201 # 1504
28202 + 92
28202 + 92
28202 + 92
28204 + 92
28206 # 1504
28206 - 92 4
28206 - 92 4
28206 - 92 4
28206 - 92 2
28206 # 1504
28206 # 1504
28206 # 1504
28206 + 92
28207 # 1504
28207 - 92 1
28207 # 1504
28208 # 1504
28208 + 92
28210 + 92
28212 + 92
28214 + 92
28216 + 92
28218 # 1504
28218 - 92 10
28218 - 92 8
28218 - 92 6
28218 - 92 4
28218 - 92 2
28218 # 1504
28218 # 1504
28218 # 1504
28218 # 1504
28218 # 1504
28219 # 1504
28219 + 92
28220 # 1504
28220 - 92 1
28222 # 1504
28222 # 1504
28223 # 1504
28224 # 1504
28225 # 1504
28225 + 92
28225 + 92
28225 + 92
28226 # 1504
28226 - 92 1
28226 - 92 1
28226 - 92 1
28227 # 1504
28227 + 92
28228 # 1504
28228 - 92 1
28230 # 1504
28230 + 92
28231 # 1504
28231 - 92 1
28231 + 92
28233 + 92
28236 + 92
28238 + 92
28240 + 92
28241 # 1504
28241 - 92 10
28241 - 92 8
28241 - 92 5
28241 - 92 3
28241 - 92 1
28243 + 92
28247 + 92
28247 + 92
28249 + 92
28251 + 92
28254 + 92
28256 + 92
28260 + 92
28261 # 1504
28261 - 92 18
28261 - 92 14
28261 - 92 14
28261 - 92 12
28261 - 92 10
28261 - 92 7
28261 - 92 5
28261 - 92 1
28261 # 1504
28261 # 1504
28261 # 1504
28261 # 1504
28262 # 1504
28262 # 1504
28262 # 1504
28262 # 1504
28262 # 1504
28262 # 1504
28262 # 1504
28262 # 1504
28262 # 1504
28262 # 1504
28268 # 1504
28268 # 1504
28270 # 1504
28270 + 92
28270 + 92
28271 # 1504
28271 - 92 1
28271 - 92 1
28272 # 1504
28276 # 1504
28279 + 92
28281 + 92
28281 + 92
28281 + 92
28285 + 92
28287 # 1504
28287 - 92 8
28287 - 92 6
28287 - 92 6
28287 - 92 6
28287 - 92 2
28287 # 1504
28287 # 1504
28287 + 92
28289 + 92
28290 # 1504
28290 - 92 3
28290 - 92 1
28290 # 1504
28290 # 1504
28293 + 92
28295 + 92
28297 + 92
28298 # 1504
28298 - 92 5
28298 - 92 3
28298 - 92 1
28299 + 92
28302 + 92
28303 # 1504
28303 - 92 4
28303 - 92 1
28303 # 1504
28304 # 1504
28304 # 1504
28304 # 1504
28304 + 92
28306 + 92
28308 # 1504
28308 - 92 4
28308 - 92 2
28309 # 1504
28309 + 92
28311 # 1504
28311 - 92 2
28311 + 92
28312 + 92
28314 # 1504
28314 - 92 3
28314 - 92 2
28315 + 92
28316 # 1504
28316 - 92 1
28317 # 1504
28317 + 92
28319 # 1504
28319 - 92 2
28319 + 92
28324 # 1504
28324 - 92 5
28325 # 1504
28326 + 92
28326 + 92
28326 + 92
28327 # 1504
28327 - 92 1
28327 - 92 1
28327 - 92 1
28328 + 92
28332 # 1504
28332 - 92 4
28332 # 1504
28334 # 1504
28336 # 1504
28339 + 92
28339 + 92
28339 + 92
28339 + 92
28339 + 92
28340 # 1504
28340 - 92 1
28340 - 92 1
28340 - 92 1
28340 - 92 1
28340 - 92 1
28341 + 92
28342 # 1504
28342 - 92 1
28342 # 1504
28343 + 92
28344 # 1504
28344 - 92 1
28347 + 92
28348 + 92
28350 + 92
28351 # 1504
28351 - 92 4
28351 - 92 3
28351 - 92 1
28351 # 1504
28351 + 92
28352 # 1504
28352 - 92 1
28352 # 1504
28353 + 92
28354 # 1504
28354 - 92 1
28356 # 1504
28356 + 92
28357 + 92
28358 # 1504
28358 - 92 2
28358 - 92 1
28360 # 1504
28360 + 92
28360 + 92
28361 # 1504
28361 - 92 1
28361 - 92 1
28364 # 1504
28365 # 1504
28367 # 1504
28369 # 1504
28369 + 92
28370 # 1504
28370 - 92 1
28371 + 92
28371 + 92
28371 + 92
28371 + 92
28372 # 1504
28372 - 92 1
28372 - 92 1
28372 - 92 1
28372 - 92 1
28373 + 92
28374 # 1504
28374 - 92 1
28375 # 1504
28375 + 92
28376 # 1504
28376 - 92 1
28377 + 92
28379 # 1504
28379 - 92 2
28379 # 1504
28379 + 92
28380 # 1504
28380 - 92 1
28381 + 92
28382 # 1504
28382 - 92 1
28383 # 1504
28384 + 92
28384 + 92
28386 # 1504
28386 - 92 2
28386 - 92 2
28386 # 1504
28388 # 1504
28389 # 1504
28389 + 92
28390 + 92
28392 + 92
28402 # 1504
28402 - 92 13
28402 - 92 12
28402 - 92 10
28403 # 1504
28403 # 1504
28403 # 1504
28403 # 1504
28403 # 1504
28404 # 1504
28404 + 92
28404 + 92
28404 + 92
28404 + 92
28406 # 1504
28406 - 92 2
28406 - 92 2
28406 - 92 2
28406 - 92 2
28407 # 1504
28409 # 1504
28412 # 1504
28413 # 1504
28414 + 92
28414 + 92
28414 + 92
28414 + 92
28419 + 92
28419 + 92
28419 + 92
28423 # 1504
28423 - 92 9
28423 - 92 9
28423 - 92 9
28423 - 92 9
28423 - 92 4
28423 - 92 4
28423 - 92 4
28424 + 92
28424 + 92
28425 # 1504
28425 - 92 1
28425 - 92 1
28425 # 1504
28425 # 1504
28425 # 1504
28426 # 1504
28427 # 1504
28427 + 92
28428 # 1504
28428 - 92 1
28430 # 1504
28433 # 1504
28435 # 1504
28436 # 1504
28437 # 1504
28438 + 92
28438 + 92
28438 + 92
28440 + 92
28440 + 92
28440 + 92
28441 # 1504
28441 - 92 3
28441 - 92 3
28441 - 92 3
28441 - 92 1
28441 - 92 1
28441 - 92 1
28442 # 1504
28443 # 1504
28445 # 1504
28446 # 1504
28449 # 1504
28451 # 1504
28451 + 92
28451 + 92
28451 + 92
28451 + 92
28451 + 92
28451 + 92
28456 # 1504
28456 - 92 5
28456 - 92 5
28456 - 92 5
28456 - 92 5
28456 - 92 5
28456 - 92 5
28460 + 92
28460 + 92
28460 + 92
28460 + 92
28461 # 1504
28461 - 92 1
28461 - 92 1
28461 - 92 1
28461 - 92 1
28461 # 1504
28461 # 1504
28461 # 1504
28462 # 1504
28462 + 92
28463 # 1504
28463 - 92 1
28464 + 92
28465 # 1504
28465 - 92 1
28466 + 92
28467 # 1504
28467 - 92 1
28468 # 1504
28468 + 92
28469 + 92
28470 # 1504
28470 - 92 2
28470 - 92 1
28472 + 92
28473 # 1504
28473 - 92 1
28473 + 92
28475 # 1504
28475 - 92 2
28475 # 1504
28476 # 1504
28476 + 92
28479 # 1504
28479 - 92 3
28479 + 92
28481 # 1504
28481 - 92 2
28489 + 92
28489 + 92
28489 + 92
28491 + 92
28492 # 1504
28492 - 92 3
28492 - 92 3
28492 - 92 3
28492 - 92 1
28492 # 1504
28492 # 1504
28493 + 92
28497 # 1504
28497 - 92 4
28497 # 1504
28497 + 92
28499 + 92
28502 # 1504
28502 - 92 5
28502 - 92 3
28502 # 1504
28504 # 1504
28505 # 1504
28506 # 1504
28506 + 92
28506 + 92
28508 # 1504
28508 - 92 2
28508 - 92 2
28508 + 92
28511 # 1504
28511 - 92 3
28514 # 1504
28516 # 1504
28518 # 1504
28521 # 1504
28524 # 1504
28527 # 1504
28528 # 1504
28528 + 92
28528 + 92
28528 + 92
28529 + 92
28531 # 1504
28531 - 92 3
28531 - 92 3
28531 - 92 3
28531 - 92 2
28533 + 92
28534 # 1504
28534 - 92 1
28537 # 1504
28537 + 92
28540 # 1504
28540 - 92 3
28542 # 1504
28545 # 1504
28547 # 1504
28548 + 92
28548 + 92
28548 + 92
28550 + 92
28551 # 1504
28551 - 92 3
28551 - 92 3
28551 - 92 3
28551 - 92 1
28552 # 1504
28552 + 92
28552 + 92
28554 # 1504
28554 - 92 2
28554 - 92 2
28557 # 1504
28557 + 92
28558 # 1504
28558 - 92 1
28558 + 92
28560 # 1504
28560 - 92 2
28560 + 92
28563 # 1504
28563 - 92 3
28564 # 1504
28564 + 92
28566 + 92
28567 # 1504
28567 - 92 3
28567 - 92 1
28568 + 92
28569 # 1504
28569 - 92 1
28571 # 1504
28574 # 1504
28577 # 1504
28577 + 92
28577 + 92
28577 + 92
28577 + 92
28578 # 1504
28578 - 92 1
28578 - 92 1
28578 - 92 1
28578 - 92 1
28579 + 92
28581 # 1504
28581 - 92 2
28583 # 1504
28583 + 92
28583 + 92
28585 # 1504
28585 - 92 2
28585 - 92 2
28586 # 1504
28586 + 92
28589 # 1504
28589 - 92 3
28589 + 92
28590 # 1504
28590 - 92 1
28590 + 92
28592 # 1504
28592 - 92 2
28592 + 92
28595 # 1504
28595 - 92 3
28596 + 92
28597 # 1504
28597 - 92 1
28598 # 1504
28600 # 1504
28603 # 1504
28606 # 1504
28606 + 92
28606 + 92
28606 + 92
28607 + 92
28607 + 92
28608 # 1504
28608 - 92 2
28608 - 92 2
28608 - 92 2
28608 - 92 1
28608 - 92 1
28610 # 1504
28611 + 92
28612 # 1504
28612 - 92 1
28613 + 92
28614 # 1504
28614 - 92 1
28615 + 92
28616 # 1504
28616 - 92 1
28617 + 92
28618 # 1504
28618 - 92 1
28619 + 92
28620 # 1504
28620 - 92 1
28622 # 1504
28624 # 1504
28626 + 92
28626 + 92
28626 + 92
28626 + 92
28627 # 1504
28627 - 92 1
28627 - 92 1
28627 - 92 1
28627 - 92 1
28629 # 1504
28630 # 1504
28630 + 92
28632 + 92
28633 # 1504
28633 - 92 3
28633 - 92 1
28634 # 1504
28634 + 92
28636 # 1504
28636 - 92 2
28636 + 92
28638 # 1504
28638 - 92 2
28638 + 92
28640 # 1504
28640 - 92 2
28641 + 92
28642 # 1504
28642 - 92 1
28642 + 92
28644 + 92
28645 # 1504
28645 - 92 3
28645 - 92 1
28646 + 92
28647 # 1504
28647 - 92 1
28648 + 92
28651 + 92
28653 + 92
28656 + 92
28657 + 92
28660 + 92
28662 + 92
28664 + 92
28666 + 92
28668 + 92
28669 + 92
28671 + 92
28673 + 92
28674 # 1504
28674 - 92 26
28674 - 92 23
28674 - 92 21
28674 - 92 18
28674 - 92 17
28674 - 92 14
28674 - 92 12
28674 - 92 10
28674 - 92 8
28674 - 92 6
28674 - 92 5
28674 - 92 3
28674 - 92 1
28674 # 1504
28674 # 1504
28674 # 1504
28674 # 1504
28674 # 1504
28674 # 1504
28674 # 1504
28675 # 1504
28675 # 1504
28675 # 1504
28675 # 1504
28675 # 1504
28675 + 92
28677 # 1504
28677 - 92 2
28677 # 1504
28678 + 92
28679 # 1504
28679 - 92 1
28680 + 92
28682 # 1504
28682 - 92 2
28682 + 92
28691 + 92
28692 + 92
28693 + 92
28693 + 92
28695 + 92
28697 + 92
28699 + 92
28701 + 92
28703 + 92
28705 + 92
28707 + 92
28708 + 92
28710 + 92
28712 + 92
28715 + 92
28718 + 92
28720 + 92
28721 # 1504
28721 - 92 39
28721 - 92 30
28721 - 92 29
28721 - 92 28
28721 - 92 28
28721 - 92 26
28721 - 92 24
28721 - 92 22
28721 - 92 20
28721 - 92 18
28721 - 92 16
28721 - 92 14
28721 - 92 13
28721 - 92 11
28721 - 92 9
28721 - 92 6
28721 # 1504
28721 - 92 3
28721 - 92 1
28721 # 1504
28721 # 1504
28721 # 1504
28721 # 1504
28722 # 1504
28722 # 1504
28722 # 1504
28722 # 1504
28722 # 1504
28722 # 1504
28722 # 1504
28722 # 1504
28722 # 1504
28722 # 1504
28722 # 1504
28722 # 1504
28722 # 1504
28722 # 1504
28723 # 1504
28723 # 1504
28723 # 1504
28725 # 1504
28727 # 1504
28728 + 92
28729 # 1504
28729 - 92 1
28729 + 92
28729 + 92
28729 + 92
28731 # 1504
28731 - 92 2
28731 - 92 2
28731 - 92 2
28731 + 92
28732 # 1504
28732 - 92 1
28734 # 1504
28734 + 92
28737 # 1504
28737 - 92 3
28737 + 92
28738 # 1504
28738 - 92 1
28739 + 92
28740 # 1504
28740 - 92 1
28741 # 1504
28741 + 92
28743 # 1504
28743 - 92 2
28744 + 92
28745 # 1504
28745 - 92 1
28745 + 92
28747 # 1504
28747 - 92 2
28747 + 92
28748 # 1504
28748 - 92 1
28750 # 1504
28750 + 92
28752 + 92
28755 + 92
28756 + 92
28760 + 92
28762 # 1504
28762 - 92 12
28762 - 92 10
28762 - 92 7
28762 - 92 6
28762 - 92 2
28762 # 1504
28766 # 1504
28766 # 1504
28766 # 1504
28766 # 1504
28769 # 1504
28771 # 1504
28771 + 92
28774 # 1504
28774 - 92 3
28775 # 1504
28776 # 1504
28778 # 1504
28780 # 1504
28780 + 92
28780 + 92
28782 # 1504
28782 - 92 2
28782 - 92 2
28784 # 1504
28786 # 1504
28789 # 1504
28790 # 1504
28791 # 1504
28792 + 92
28793 # 1504
28793 - 92 1
28794 + 92
28795 # 1504
28795 - 92 1
28796 # 1504
28798 # 1504
28798 + 92
28799 + 92
28801 # 1504
28801 - 92 3
28801 - 92 2
28801 + 92
28802 # 1504
28802 - 92 1
28803 + 92
28806 # 1504
28806 - 92 3
28807 # 1504
28807 # 1504
28807 + 92
28808 + 92
28809 # 1504
28809 - 92 2
28809 - 92 1
28810 + 92
28819 # 1504
28819 - 92 9
28819 # 1504
28819 # 1504
28820 + 92
28820 + 92
28820 + 92
28821 + 92
28826 # 1504
28826 - 92 6
28826 - 92 6
28826 - 92 6
28826 - 92 5
28827 # 1504
28828 # 1504
28828 + 92
28828 + 92
28828 + 92
28829 + 92
28831 # 1504
28831 - 92 3
28831 - 92 3
28831 - 92 3
28831 - 92 2
28831 # 1504
28833 + 92
28833 + 92
28834 # 1504
28834 - 92 1
28834 - 92 1
28836 + 92
28838 + 92
28840 + 92
28842 + 92
28845 + 92
28846 # 1504
28846 - 92 10
28846 - 92 8
28846 - 92 6
28846 - 92 4
28846 - 92 1
28846 # 1504
28846 # 1504
28846 # 1504
28848 + 92
28850 + 92
28853 + 92
28856 # 1504
28856 - 92 8
28856 - 92 6
28856 - 92 3
28856 + 92
28858 # 1504
28858 - 92 2
28858 # 1504
28858 + 92
28861 # 1504
28861 - 92 3
28866 + 92
28866 + 92
28866 + 92
28867 # 1504
28867 - 92 1
28867 - 92 1
28867 - 92 1
28868 # 1504
28868 # 1504
28868 + 92
28872 + 92
28872 + 92
28874 + 92
28877 # 1504
28877 - 92 9
28877 - 92 5
28877 - 92 5
28877 - 92 3
28877 # 1504
28877 + 92
28878 # 1504
28878 - 92 1
28881 # 1504
28881 + 92
28881 + 92
28883 # 1504
28883 - 92 2
28883 - 92 2
28884 + 92
28887 + 92
28888 # 1504
28888 - 92 4
28888 - 92 1
28889 + 92
28890 # 1504
28890 - 92 1
28890 + 92
28892 + 92
28894 + 92
28896 + 92
28898 + 92
28900 + 92
28910 + 92
28910 + 92
28910 + 92
28910 + 92
28910 + 92
28912 # 1504
28912 - 92 22
28912 - 92 20
28912 - 92 18
28912 - 92 16
28912 - 92 14
28912 - 92 12
28912 - 92 2
28912 - 92 2
28912 - 92 2
28912 - 92 2
28912 - 92 2
28912 # 1504
28912 # 1504
28913 # 1504
28913 # 1504
28913 # 1504
28913 # 1504
28913 # 1504
28914 # 1504
28914 # 1504
28915 # 1504
28917 # 1504
28919 # 1504
28921 # 1504
28921 + 92
28921 + 92
28921 + 92
28921 + 92
28923 # 1504
28923 - 92 2
28923 - 92 2
28923 - 92 2
28923 - 92 2
28926 # 1504
28929 # 1504
28930 # 1504
28931 + 92
28931 + 92
28931 + 92
28931 + 92
28931 + 92
28933 # 1504
28933 - 92 2
28933 - 92 2
28933 - 92 2
28933 - 92 2
28933 - 92 2
28935 # 1504
28936 # 1504
28936 + 92
28937 + 92
28938 # 1504
28938 - 92 2
28938 - 92 1
28945 + 92
28945 + 92
28947 + 92
28948 + 92
28948 + 92
28949 # 1504
28949 - 92 4
28949 - 92 4
28949 - 92 2
28949 - 92 1
28949 - 92 1
28950 # 1504
28950 # 1504
28950 # 1504
28950 # 1504
28951 + 92
28953 # 1504
28953 - 92 2
28953 + 92
28955 + 92
28956 # 1504
28956 - 92 3
28956 - 92 1
28957 # 1504
28958 + 92
28959 # 1504
28959 - 92 1
28961 # 1504
28966 + 92
28968 + 92
28969 + 92
28970 # 1504
28970 - 92 4
28970 - 92 2
28970 - 92 1
28970 # 1504
28970 # 1504
28970 + 92
28971 + 92
28971 + 92
28972 # 1504
28972 - 92 2
28972 - 92 1
28972 - 92 1
28974 # 1504
28974 + 92
28974 + 92
28976 # 1504
28976 - 92 2
28976 - 92 2
28976 + 92
28978 # 1504
28978 - 92 2
28979 + 92
28980 + 92
28981 # 1504
28981 - 92 2
28981 - 92 1
28982 + 92
28983 # 1504
28983 - 92 1
28984 + 92
28985 # 1504
28985 - 92 1
28986 # 1504
28987 + 92
28987 + 92
28989 # 1504
28989 - 92 2
28989 - 92 2
28990 + 92
28991 # 1504
28991 - 92 1
28992 + 92
28993 # 1504
28993 - 92 1
28995 # 1504
28995 + 92
28997 # 1504
28997 - 92 2
28997 + 92
28998 + 92
28999 # 1504
28999 - 92 2
28999 - 92 1
29001 # 1504
29002 + 92
29003 # 1504
29003 - 92 1
29005 # 1504
29007 # 1504
29009 + 92
29011 # 1504
29011 - 92 2
29012 # 1504
29012 + 92
29013 + 92
29013 + 92
29014 # 1504
29014 - 92 2
29014 - 92 1
29014 - 92 1
29014 + 92
29016 # 1504
29016 - 92 2
29018 # 1504
29020 # 1504
29022 # 1504
29027 # 1504
29027 # 1504
29029 # 1504
29029 + 92
29029 + 92
29029 + 92
29032 # 1504
29032 - 92 3
29032 - 92 3
29032 - 92 3
29034 # 1504
29037 # 1504
29037 + 92
29039 # 1504
29039 - 92 2
29042 # 1504
29042 + 92
29043 # 1504
29043 - 92 1
29044 + 92
29044 + 92
29044 + 92
29046 # 1504
29046 - 92 2
29046 - 92 2
29046 - 92 2
29047 # 1504
29049 + 92
29051 # 1504
29051 - 92 2
29051 + 92
29052 # 1504
29052 - 92 1
29053 + 92
29056 # 1504
29056 - 92 3
29058 # 1504
29058 # 1504
29058 + 92
29060 # 1504
29060 - 92 2
29060 + 92
29061 # 1504
29061 - 92 1
29063 # 1504
29063 + 92
29065 # 1504
29065 - 92 2
29066 # 1504
29066 + 92
29068 # 1504
29068 - 92 2
29068 + 92
29069 # 1504
29069 - 92 1
29071 # 1504
29071 + 92
29071 + 92
29074 + 92
29076 + 92
29078 + 92
29081 # 1504
29081 - 92 10
29081 - 92 10
29081 - 92 7
29081 - 92 5
29081 - 92 3
29081 # 1504
29081 # 1504
29081 # 1504
29081 + 92
29082 # 1504
29082 - 92 1
29082 # 1504
29082 + 92
29084 # 1504
29084 - 92 2
29086 # 1504
29086 + 92
29087 # 1504
29087 - 92 1
29088 + 92
29089 + 92
29090 # 1504
29090 - 92 2
29090 - 92 1
29091 # 1504
29091 + 92
29094 # 1504
29094 - 92 3
29096 # 1504
29096 + 92
29098 # 1504
29098 - 92 2
29098 + 92
29099 # 1504
29099 - 92 1
29100 # 1504
29100 + 92
29102 # 1504
29102 - 92 2
29103 # 1504
29106 # 1504
29108 + 92
29108 + 92
29108 + 92
29110 + 92
29110 + 92
29112 + 92
29114 + 92
29114 + 92
29117 + 92
29119 + 92
29126 # 1504
29126 - 92 18
29126 - 92 18
29126 - 92 18
29126 - 92 16
29126 - 92 16
29126 - 92 14
29126 - 92 12
29126 - 92 12
29126 - 92 9
29126 - 92 7
29126 # 1504
29126 # 1504
29126 # 1504
29126 # 1504
29126 # 1504
29126 # 1504
29126 # 1504
29128 + 92
29128 + 92
29130 + 92
29130 + 92
29130 + 92
29130 + 92
29131 # 1504
29131 - 92 3
29131 - 92 3
29131 - 92 1
29131 - 92 1
29131 - 92 1
29131 - 92 1
29132 + 92
29135 # 1504
29135 - 92 3
29135 # 1504
29135 # 1504
29135 + 92
29138 # 1504
29138 - 92 3
29138 + 92
29140 # 1504
29140 - 92 2
29140 + 92
29142 # 1504
29142 - 92 2
29144 # 1504
29148 + 92
29148 + 92
29148 + 92
29148 + 92
29152 + 92
29156 # 1504
29156 - 92 8
29156 - 92 8
29156 - 92 8
29156 - 92 8
29156 - 92 4
29156 # 1504
29156 # 1504
29156 # 1504
29156 + 92
29156 + 92
29158 + 92
29160 # 1504
29160 - 92 4
29160 - 92 4
29160 - 92 2
29161 # 1504
29161 + 92
29162 # 1504
29162 - 92 1
29162 + 92
29163 + 92
29164 # 1504
29164 - 92 2
29164 - 92 1
29166 + 92
29168 # 1504
29168 - 92 2
29168 # 1504
29169 + 92
29169 + 92
29171 # 1504
29171 - 92 2
29171 - 92 2
29171 # 1504
29171 + 92
29173 + 92
29174 # 1504
29174 - 92 3
29174 - 92 1
29176 # 1504
29177 # 1504
29177 + 92
29179 # 1504
29179 - 92 2
29180 + 92
29180 + 92
29183 # 1504
29183 - 92 3
29183 - 92 3
29183 # 1504
29183 + 92
29185 + 92
29187 # 1504
29187 - 92 4
29187 - 92 2
29187 # 1504
29188 # 1504
29188 + 92
29190 # 1504
29190 - 92 2
29198 + 92
29198 + 92
29198 + 92
29198 + 92
29198 + 92
29201 # 1504
29201 - 92 3
29201 - 92 3
29201 - 92 3
29201 - 92 3
29201 - 92 3
29201 # 1504
29204 + 92
29204 + 92
29204 + 92
29206 # 1504
29206 - 92 2
29206 - 92 2
29206 - 92 2
29206 # 1504
29206 # 1504
29206 # 1504
29206 # 1504
29207 + 92
29211 # 1504
29211 - 92 4
29212 + 92
29212 + 92
29217 + 92
29217 + 92
29219 + 92
29221 # 1504
29221 - 92 9
29221 - 92 9
29221 - 92 4
29221 - 92 4
29221 - 92 2
29221 # 1504
29221 + 92
29223 # 1504
29223 - 92 2
29223 # 1504
29223 + 92
29227 # 1504
29227 - 92 4
29227 # 1504
29228 + 92
29228 + 92
29232 + 92
29232 + 92
29234 # 1504
29234 - 92 6
29234 - 92 6
29234 - 92 2
29234 - 92 2
29234 + 92
29236 + 92
29238 # 1504
29238 - 92 4
29238 - 92 2
29238 # 1504
29238 # 1504
29238 + 92
29240 + 92
29243 # 1504
29243 - 92 5
29243 - 92 3
29246 # 1504
29247 # 1504
29250 # 1504
29250 + 92
29250 + 92
29251 # 1504
29251 - 92 1
29251 - 92 1
29254 # 1504
29257 # 1504
29257 + 92
29257 + 92
29257 + 92
29257 + 92
29258 # 1504
29258 - 92 1
29258 - 92 1
29258 - 92 1
29258 - 92 1
29258 # 1504
29261 # 1504
29264 # 1504
29265 # 1504
29266 # 1504
29269 # 1504
29270 # 1504
29271 + 92
29271 + 92
29271 + 92
29272 # 1504
29272 - 92 1
29272 - 92 1
29272 - 92 1
29273 # 1504
29275 # 1504
29278 # 1504
29279 # 1504
29280 # 1504
29281 # 1504
29281 + 92
29281 + 92
29284 # 1504
29284 - 92 3
29284 - 92 3
29285 + 92
29286 # 1504
29286 - 92 1
29287 # 1504
29287 + 92
29288 # 1504
29288 - 92 1
29289 # 1504
29289 + 92
29291 # 1504
29291 - 92 2
29291 + 92
29292 # 1504
29292 - 92 1
29294 # 1504
29295 + 92
29296 # 1504
29296 - 92 1
29297 # 1504
29297 + 92
29299 # 1504
29299 - 92 2
29299 + 92
29301 # 1504
29301 - 92 2
29302 # 1504
29304 # 1504
29305 # 1504
29308 # 1504
29310 # 1504
29310 + 92
29310 + 92
29310 + 92
29310 + 92
29315 # 1504
29315 - 92 5
29315 - 92 5
29315 - 92 5
29315 - 92 5
29315 # 1504
29315 + 92
29316 + 92
29316 + 92
29319 + 92
29327 # 1504
29327 - 92 12
29327 - 92 11
29327 - 92 11
29327 - 92 8
29327 # 1504
29327 # 1504
29328 # 1504
29328 # 1504
29329 # 1504
29329 + 92
29332 # 1504
29332 - 92 3
29332 + 92
29332 + 92
29332 + 92
29334 # 1504
29334 - 92 2
29334 - 92 2
29334 - 92 2
29335 + 92
29336 # 1504
29336 - 92 1
29337 # 1504
29337 + 92
29339 # 1504
29339 - 92 2
29341 # 1504
29348 + 92
29349 + 92
29349 + 92
29349 + 92
29351 + 92
29353 # 1504
29353 - 92 5
29353 - 92 4
29353 - 92 4
29353 - 92 4
29353 - 92 2
29353 # 1504
29353 # 1504
29353 # 1504
29353 # 1504
29353 # 1504
29353 + 92
29353 + 92
29354 # 1504
29354 - 92 1
29354 - 92 1
29354 # 1504
29355 # 1504
29355 + 92
29357 # 1504
29357 - 92 2
29358 # 1504
29359 + 92
29360 # 1504
29360 - 92 1
29361 # 1504
29364 # 1504
29367 # 1504
29367 # 1504
29369 # 1504
29369 + 92
29369 + 92
29371 # 1504
29371 - 92 2
29371 - 92 2
29371 # 1504
29373 # 1504
29373 + 92
29373 + 92
29373 + 92
29375 # 1504
29375 - 92 2
29375 - 92 2
29375 - 92 2
29379 # 1504
29379 # 1504
29380 # 1504
29381 + 92
29381 + 92
29381 + 92
29382 # 1504
29382 - 92 1
29382 - 92 1
29382 - 92 1
29383 # 1504
29384 # 1504
29386 # 1504
29387 # 1504
29389 # 1504
29390 + 92
29391 # 1504
29391 - 92 1
29394 # 1504
29400 + 92
29400 + 92
29400 + 92
29400 + 92
29400 + 92
29400 + 92
29400 + 92
29402 # 1504
29402 - 92 2
29402 - 92 2
29402 - 92 2
29402 - 92 2
29402 - 92 2
29402 - 92 2
29402 - 92 2
29402 + 92
29404 + 92
29405 # 1504
29405 - 92 3
29405 - 92 1
29405 # 1504
29405 # 1504
29405 + 92
29408 + 92
29409 # 1504
29409 - 92 4
29409 - 92 1
29410 # 1504
29411 + 92
29414 # 1504
29414 - 92 3
29418 + 92
29418 + 92
29418 + 92
29421 + 92
29426 # 1504
29426 - 92 8
29426 - 92 8
29426 - 92 8
29426 - 92 5
29426 # 1504
29426 # 1504
29427 # 1504
29427 # 1504
29427 # 1504
29427 # 1504
29427 # 1504
29427 # 1504
29427 # 1504
29427 # 1504
29427 # 1504
29428 # 1504
29429 # 1504
29430 + 92
29430 + 92
29430 + 92
29431 # 1504
29431 - 92 1
29431 - 92 1
29431 - 92 1
29432 + 92
29433 # 1504
29433 - 92 1
29434 # 1504
29437 + 92
29437 + 92
29449 + 92
29449 + 92
29449 + 92
29450 + 92
29451 + 92
29453 + 92
29458 + 92
29463 # 1504
29463 - 92 26
29463 - 92 26
29463 - 92 14
29463 - 92 14
29463 - 92 14
29463 - 92 13
29463 - 92 12
29463 - 92 10
29463 - 92 5
29463 # 1504
29463 # 1504
29463 # 1504
29463 # 1504
29463 + 92
29463 + 92
29464 # 1504
29464 - 92 1
29464 - 92 1
29464 # 1504
29464 # 1504
29464 # 1504
29464 # 1504
29464 # 1504
29464 # 1504
29464 # 1504
29464 # 1504
29465 # 1504
29465 + 92
29467 + 92
29468 # 1504
29468 - 92 3
29468 - 92 1
29468 # 1504
29468 # 1504
29468 # 1504
29468 # 1504
29470 # 1504
29470 # 1504
29472 # 1504
29472 + 92
29472 + 92
29473 # 1504
29473 - 92 1
29473 - 92 1
29474 # 1504
29475 # 1504
29476 # 1504
29476 + 92
29479 + 92
29481 + 92
29486 # 1504
29486 - 92 10
29486 - 92 7
29486 - 92 5
29486 # 1504
29486 # 1504
29486 # 1504
29486 # 1504
29486 # 1504
29487 # 1504
29488 # 1504
29489 # 1504
29490 # 1504
29491 # 1504
29491 + 92
29491 + 92
29491 + 92
29492 # 1504
29492 - 92 1
29492 - 92 1
29492 - 92 1
29493 + 92
29495 # 1504
29495 - 92 2
29497 # 1504
29497 # 1504
29498 # 1504
29499 # 1504
29501 # 1504
29501 + 92
29501 + 92
29501 + 92
29501 + 92
29503 # 1504
29503 - 92 2
29503 - 92 2
29503 - 92 2
29503 - 92 2
29504 # 1504
29505 # 1504
29505 + 92
29506 # 1504
29506 - 92 1
29506 + 92
29511 # 1504
29511 - 92 5
29511 # 1504
29512 # 1504
29512 # 1504
29513 # 1504
29516 + 92
29517 # 1504
29517 - 92 1
29520 + 92
29528 # 1504
29528 - 92 8
29528 # 1504
29530 + 92
29530 + 92
29530 + 92
29531 # 1504
29531 - 92 1
29531 - 92 1
29531 - 92 1
29531 # 1504
29532 # 1504
29532 + 92
29533 + 92
29534 # 1504
29534 - 92 2
29534 - 92 1
29535 + 92
29536 # 1504
29536 - 92 1
29538 + 92
29540 + 92
29543 # 1504
29543 - 92 5
29543 - 92 3
29544 # 1504
29544 # 1504
29544 # 1504
29544 + 92
29547 + 92
29548 # 1504
29548 - 92 4
29548 - 92 1
29549 + 92
29552 # 1504
29552 - 92 3
29552 # 1504
29552 # 1504
29552 # 1504
29552 # 1504
29552 + 92
29556 + 92
29557 + 92
29560 + 92
29562 # 1504
29562 - 92 10
29562 - 92 6
29562 - 92 5
29562 - 92 2
29562 + 92
29563 # 1504
29563 - 92 1
29565 # 1504
29565 + 92
29567 # 1504
29567 - 92 2
29567 # 1504
29569 + 92
29571 + 92
29572 + 92
29574 # 1504
29574 - 92 5
29574 - 92 3
29574 - 92 2
29574 # 1504
29574 # 1504
29575 # 1504
29576 # 1504
29579 # 1504
29580 # 1504
29583 # 1504
29584 # 1504
29584 + 92
29584 + 92
29584 + 92
29584 + 92
29585 # 1504
29585 - 92 1
29585 - 92 1
29585 - 92 1
29585 - 92 1
29588 # 1504
29589 # 1504
29589 + 92
29591 # 1504
29591 - 92 2
29591 + 92
29592 + 92
29593 # 1504
29593 - 92 2
29593 - 92 1
29594 # 1504
29596 # 1504
29597 + 92
29598 + 92
29599 # 1504
29599 - 92 2
29599 - 92 1
29600 # 1504
29600 + 92
29601 # 1504
29601 - 92 1
29603 + 92
29604 # 1504
29604 - 92 1
29606 # 1504
29607 + 92
29608 # 1504
29608 - 92 1
29609 + 92
29610 # 1504
29610 - 92 1
29612 + 92
29613 # 1504
29613 - 92 1
29614 # 1504
29614 + 92
29615 # 1504
29615 - 92 1
29616 + 92
29617 # 1504
29617 - 92 1
29620 # 1504
29621 # 1504
29621 + 92
29622 # 1504
29622 - 92 1
29623 + 92
29624 # 1504
29624 - 92 1
29625 # 1504
29627 # 1504
29629 # 1504
29630 # 1504
29633 # 1504
29633 + 92
29633 + 92
29635 # 1504
29635 - 92 2
29635 - 92 2
29637 # 1504
29638 # 1504
29638 + 92
29639 # 1504
29639 - 92 1
29641 # 1504
29644 # 1504
29645 # 1504
29646 # 1504
29647 + 92
29647 + 92
29649 # 1504
29649 - 92 2
29649 - 92 2
29650 + 92
29651 # 1504
29651 - 92 1
29653 # 1504
29655 # 1504
29659 # 1504
29660 # 1504
29661 # 1504
29661 + 92
29661 + 92
29661 + 92
29663 # 1504
29663 - 92 2
29663 - 92 2
29663 - 92 2
29663 + 92
29665 # 1504
29665 - 92 2
29668 # 1504
29670 # 1504
29671 # 1504
29672 # 1504
29672 + 92
29672 + 92
29672 + 92
29673 + 92
29674 + 92
29675 # 1504
29675 - 92 3
29675 - 92 3
29675 - 92 3
29675 - 92 2
29675 - 92 1
29676 # 1504
29677 # 1504
29679 # 1504
29679 + 92
29680 # 1504
29680 - 92 1
29683 # 1504
29684 # 1504
29686 # 1504
29687 + 92
29687 + 92
29688 + 92
29689 # 1504
29689 - 92 2
29689 - 92 2
29689 - 92 1
29689 + 92
29690 # 1504
29690 - 92 1
29690 # 1504
29691 # 1504
29692 + 92
29693 # 1504
29693 - 92 1
29694 # 1504
29696 # 1504
29696 + 92
29697 # 1504
29697 - 92 1
29698 + 92
29699 # 1504
29699 - 92 1
29700 # 1504
29701 # 1504
29701 + 92
29702 # 1504
29702 - 92 1
29706 # 1504
29706 # 1504
29706 # 1504
29710 # 1504
29710 # 1504
29710 # 1504
29710 + 92
29710 + 92
29710 + 92
29711 # 1504
29711 - 92 1
29711 - 92 1
29711 - 92 1
29712 + 92
29714 # 1504
29714 - 92 2
29716 # 1504
29716 # 1504
29717 # 1504
29721 # 1504
29721 # 1504
29721 + 92
29721 + 92
29721 + 92
29721 + 92
29722 # 1504
29722 - 92 1
29722 - 92 1
29722 - 92 1
29722 - 92 1
29723 # 1504
29724 # 1504
29726 # 1504
29727 # 1504
29728 # 1504
29730 # 1504
29731 # 1504
29731 + 92
29731 + 92
29731 + 92
29732 + 92
29732 + 92
29733 # 1504
29733 - 92 2
29733 - 92 2
29733 - 92 2
29733 - 92 1
29733 - 92 1
29734 # 1504
29736 # 1504
29736 + 92
29738 # 1504
29738 - 92 2
29738 + 92
29739 # 1504
29739 - 92 1
29740 # 1504
29740 + 92
29741 # 1504
29741 - 92 1
29743 # 1504
29744 # 1504
29745 # 1504
29747 # 1504
29748 # 1504
29750 # 1504
29751 # 1504
29751 + 92
29751 + 92
29751 + 92
29751 + 92
29753 # 1504
29753 - 92 2
29753 - 92 2
29753 - 92 2
29753 - 92 2
29755 # 1504
29761 + 92
29762 + 92
29762 + 92
29762 + 92
29777 + 92
29779 + 92
29779 + 92
29783 + 92
29784 + 92
29786 + 92
29790 + 92
29792 + 92
29793 + 92
29795 + 92
29797 # 1504
29797 - 92 36
29797 - 92 35
29797 - 92 35
29797 - 92 35
29797 - 92 20
29797 - 92 18
29797 - 92 18
29797 - 92 14
29797 - 92 13
29797 - 92 11
29797 - 92 7
29797 - 92 5
29797 - 92 4
29797 - 92 2
29797 # 1504
29798 # 1504
29798 # 1504
29798 # 1504
29798 # 1504
29798 # 1504
29798 + 92
29799 # 1504
29799 - 92 1
29800 # 1504
29800 # 1504
29801 # 1504
29801 + 92
29802 # 1504
29802 - 92 1
29803 # 1504
29803 # 1504
29804 # 1504
29804 # 1504
29804 + 92
29805 # 1504
29805 - 92 1
29805 # 1504
29806 # 1504
29806 # 1504
29807 # 1504
29807 + 92
29808 # 1504
29808 - 92 1
29808 # 1504
29809 # 1504
29809 # 1504
29809 + 92
29810 # 1504
29810 - 92 1
29811 # 1504
29811 # 1504
29811 # 1504
29811 # 1504
29811 # 1504
29811 # 1504
29811 # 1504
29812 # 1504
29812 # 1504
29812 # 1504
29812 # 1504
29812 # 1504
29812 # 1504
29812 # 1504
29812 # 1504
29812 # 1504
29812 # 1504
29812 # 1504
29812 # 1504
29812 # 1504
29813 + 92
29814 # 1504
29814 - 92 1
29816 # 1504
29816 # 1504
29817 # 1504
29817 + 92
29818 # 1504
29818 - 92 1
29820 + 92
29821 # 1504
29821 - 92 1
29822 # 1504
29823 # 1504
29824 # 1504
29825 # 1504
29825 + 92
29826 # 1504
29826 - 92 1
29827 # 1504
29829 # 1504
29829 + 92
29829 + 92
29830 # 1504
29830 - 92 1
29830 - 92 1
29831 + 92
29832 # 1504
29832 - 92 1
29833 # 1504
29833 + 92
29834 # 1504
29834 - 92 1
29835 # 1504
29836 + 92
29837 # 1504
29837 - 92 1
29838 # 1504
29838 + 92
29839 # 1504
29839 - 92 1
29841 + 92
29842 # 1504
29842 - 92 1
29842 # 1504
29842 # 1504
29843 # 1504
29843 + 92
29845 # 1504
29845 - 92 2
29847 # 1504
29847 # 1504
29847 + 92
29848 # 1504
29848 - 92 1
29849 + 92
29850 # 1504
29850 - 92 1
29850 # 1504
29851 + 92
29855 # 1504
29855 - 92 4
29856 # 1504
29856 # 1504
29857 # 1504
29859 # 1504
29860 + 92
29861 # 1504
29861 - 92 1
29864 + 92
29865 + 92
29866 + 92
29868 + 92
29869 + 92
29869 + 92
29871 # 1504
29871 - 92 7
29871 - 92 6
29871 - 92 5
29871 - 92 3
29871 - 92 2
29871 - 92 2
29871 # 1504
29871 # 1504
29872 # 1504
29872 + 92
29874 + 92
29876 + 92
29879 + 92
29881 # 1504
29881 - 92 9
29881 - 92 7
29881 - 92 5
29881 - 92 2
29881 # 1504
29881 # 1504
29881 + 92
29887 # 1504
29887 - 92 6
29887 # 1504
29887 # 1504
29887 # 1504
29887 # 1504
29888 # 1504
29889 # 1504
29890 # 1504
29891 # 1504
29891 + 92
29892 + 92
29892 + 92
29893 # 1504
29893 - 92 2
29893 - 92 1
29893 - 92 1
29894 # 1504
29894 + 92
29896 # 1504
29896 - 92 2
29896 + 92
29897 # 1504
29897 - 92 1
29898 # 1504
29899 # 1504
29899 + 92
29900 # 1504
29900 - 92 1
29901 # 1504
29902 # 1504
29902 + 92
29904 # 1504
29904 - 92 2
29904 + 92
29905 # 1504
29905 - 92 1
29906 # 1504
29907 # 1504
29907 + 92
29908 # 1504
29908 - 92 1
29908 + 92
29909 # 1504
29909 - 92 1
29910 # 1504
29910 + 92
29912 # 1504
29912 - 92 2
29912 + 92
29913 # 1504
29913 - 92 1
29914 # 1504
29915 # 1504
29916 # 1504
29917 # 1504
29918 # 1504
29920 # 1504
29921 # 1504
29922 # 1504
29922 + 92
29922 + 92
29922 + 92
29923 # 1504
29923 - 92 1
29923 - 92 1
29923 - 92 1
29927 # 1504
29927 # 1504
29928 # 1504
29929 # 1504
29930 # 1504
29932 # 1504
29933 # 1504
29933 # 1504
29934 + 92
29934 + 92
29934 + 92
29935 # 1504
29935 - 92 1
29935 - 92 1
29935 - 92 1
29936 # 1504
29936 + 92
29936 + 92
29936 + 92
29936 + 92
29937 # 1504
29937 - 92 1
29937 - 92 1
29937 - 92 1
29937 - 92 1
29938 # 1504
29939 # 1504
29939 + 92
29941 # 1504
29941 - 92 2
29941 + 92
29942 # 1504
29942 - 92 1
29943 # 1504
29944 # 1504
29944 + 92
29946 # 1504
29946 - 92 2
29946 + 92
29947 # 1504
29947 - 92 1
29949 # 1504
29949 + 92
29950 # 1504
29950 - 92 1
29950 + 92
29951 # 1504
29951 - 92 1
29952 # 1504
29953 # 1504
29954 # 1504
29954 + 92
29955 # 1504
29955 - 92 1
29955 + 92
29957 + 92
29958 # 1504
29958 - 92 3
29958 - 92 1
29959 # 1504
29959 + 92
29960 # 1504
29960 - 92 1
29960 + 92
29961 # 1504
29961 - 92 1
29962 # 1504
29964 # 1504
29964 # 1504
29965 # 1504
29966 # 1504
29967 # 1504
29968 # 1504
29970 # 1504
29971 # 1504
29971 + 92
29971 + 92
29971 + 92
29971 + 92
29972 # 1504
29972 - 92 1
29972 - 92 1
29972 - 92 1
29972 - 92 1
29973 # 1504
29974 # 1504
29975 # 1504
29977 # 1504
29978 # 1504
29979 # 1504
29980 # 1504
29980 + 92
29981 # 1504
29981 - 92 1
29982 # 1504
29983 + 92
29983 + 92
29983 + 92
29984 # 1504
29984 - 92 1
29984 - 92 1
29984 - 92 1
29985 # 1504
29988 # 1504
29988 # 1504
29989 # 1504
29990 # 1504
29990 + 92
29990 + 92
29991 # 1504
29991 - 92 1
29991 - 92 1
29992 # 1504
29992 + 92
29992 + 92
29992 + 92
29992 + 92
29993 # 1504
29993 - 92 1
29993 - 92 1
29993 - 92 1
29993 - 92 1
29995 # 1504
29997 # 1504
29998 # 1504
29999 # 1504
30000 # 1504
30001 # 1504
30002 + 92
30003 # 1504
30003 - 92 1
30004 # 1504
30004 + 92
30004 + 92
30004 + 92
30004 + 92
30006 + 92
30015 + 92
30015 + 92
30015 + 92
30016 # 1504
30016 - 92 12
30016 - 92 12
30016 - 92 12
30016 - 92 12
30016 - 92 10
30016 - 92 1
30016 - 92 1
30016 - 92 1
30016 # 1504
30017 # 1504
30017 # 1504
30017 # 1504
30017 # 1504
30019 # 1504
30019 # 1504
30019 # 1504
30020 # 1504
30021 # 1504
30021 + 92
30022 # 1504
30022 - 92 1
30023 # 1504
30025 # 1504
30026 + 92
30027 # 1504
30027 - 92 1
30027 # 1504
30028 # 1504
30029 # 1504
30030 # 1504
30031 # 1504
30032 # 1504
30032 + 92
30032 + 92
30033 # 1504
30033 - 92 1
30033 - 92 1
30035 # 1504
30035 + 92
30036 + 92
30039 # 1504
30039 - 92 4
30039 - 92 3
30040 # 1504
30042 # 1504
30043 # 1504
30044 # 1504
30046 # 1504
30046 + 92
30046 + 92
30048 # 1504
30048 - 92 2
30048 - 92 2
30051 # 1504
30051 # 1504
30052 # 1504
30052 + 92
30052 + 92
30052 + 92
30052 + 92
30054 # 1504
30054 - 92 2
30054 - 92 2
30054 - 92 2
30054 - 92 2
30055 # 1504
30056 # 1504
30058 # 1504
30059 # 1504
30060 + 92
30060 + 92
30063 + 92
30063 + 92
30063 + 92
30071 # 1504
30071 - 92 11
30071 - 92 11
30071 - 92 8
30071 - 92 8
30071 - 92 8
30071 # 1504
30071 # 1504
30071 # 1504
30071 # 1504
30071 # 1504
30071 # 1504
30071 # 1504
30072 + 92
30073 # 1504
30073 - 92 1
30075 # 1504
30075 # 1504
30076 # 1504
30076 + 92
30076 + 92
30076 + 92
30076 + 92
30077 # 1504
30077 - 92 1
30077 - 92 1
30077 - 92 1
30077 - 92 1
30078 # 1504
30078 + 92
30079 # 1504
30079 - 92 1
30080 + 92
30081 # 1504
30081 - 92 1
30081 + 92
30082 # 1504
30082 - 92 1
30090 + 92
30090 + 92
30090 + 92
30091 + 92
30093 + 92
30095 + 92
30098 + 92
30100 # 1504
30100 - 92 10
30100 - 92 10
30100 - 92 10
30100 - 92 9
30100 - 92 7
30100 - 92 5
30100 - 92 2
30100 # 1504
30100 # 1504
30101 # 1504
30101 + 92
30110 + 92
30110 + 92
30111 # 1504
30111 - 92 10
30111 - 92 1
30111 - 92 1
30112 # 1504
30112 + 92
30112 + 92
30112 + 92
30113 + 92
30115 # 1504
30115 - 92 3
30115 - 92 3
30115 - 92 3
30115 - 92 2
30115 + 92
30118 + 92
30119 + 92
30121 # 1504
30121 - 92 6
30121 - 92 3
30121 - 92 2
30123 + 92
30124 + 92
30125 # 1504
30125 - 92 2
30125 - 92 1
30126 # 1504
30126 # 1504
30126 + 92
30128 # 1504
30128 - 92 2
30132 # 1504
30135 + 92
30135 + 92
30135 + 92
30135 + 92
30135 + 92
30136 # 1504
30136 - 92 1
30136 - 92 1
30136 - 92 1
30136 - 92 1
30136 - 92 1
30136 # 1504
30137 # 1504
30138 # 1504
30138 + 92
30140 # 1504
30140 - 92 2
30140 + 92
30142 # 1504
30142 - 92 2
30145 # 1504
30147 # 1504
30148 # 1504
30150 # 1504
30150 + 92
30150 + 92
30150 + 92
30150 + 92
30152 # 1504
30152 - 92 2
30152 - 92 2
30152 - 92 2
30152 - 92 2
30154 # 1504
30155 # 1504
30157 # 1504
30159 # 1504
30160 # 1504
30161 + 92
30161 + 92
30161 + 92
30161 + 92
30162 # 1504
30162 - 92 1
30162 - 92 1
30162 - 92 1
30162 - 92 1
30163 # 1504
30164 + 92
30164 + 92
30167 # 1504
30167 - 92 3
30167 - 92 3
30169 # 1504
30172 # 1504
30173 # 1504
30174 + 92
30174 + 92
30175 # 1504
30175 - 92 1
30175 - 92 1
30175 + 92
30176 # 1504
30176 - 92 1
30177 # 1504
30180 # 1504
30180 + 92
30180 + 92
30180 + 92
30183 # 1504
30183 - 92 3
30183 - 92 3
30183 - 92 3
30183 + 92
30185 # 1504
30185 - 92 2
30186 # 1504
30186 + 92
30187 # 1504
30187 - 92 1
30187 + 92
30189 + 92
30191 # 1504
30191 - 92 4
30191 - 92 2
30191 + 92
30193 # 1504
30193 - 92 2
30194 # 1504
30194 + 92
30196 # 1504
30196 - 92 2
30197 + 92
30198 + 92
30199 # 1504
30199 - 92 2
30199 - 92 1
30200 + 92
30201 # 1504
30201 - 92 1
30201 # 1504
30203 # 1504
30206 # 1504
30208 # 1504
30208 # 1504
30211 # 1504
30212 + 92
30212 + 92
30212 + 92
30212 + 92
30212 + 92
30214 # 1504
30214 - 92 2
30214 - 92 2
30214 - 92 2
30214 - 92 2
30214 - 92 2
30214 + 92
30219 + 92
30220 + 92
30226 # 1504
30226 - 92 12
30226 - 92 7
30226 - 92 6
30226 # 1504
30226 # 1504
30231 # 1504
30231 # 1504
30231 # 1504
30235 + 92
30235 + 92
30235 + 92
30235 + 92
30235 + 92
30237 + 92
30238 # 1504
30238 - 92 3
30238 - 92 3
30238 - 92 3
30238 - 92 3
30238 - 92 3
30238 - 92 1
30238 # 1504
30238 # 1504
30239 + 92
30240 # 1504
30240 - 92 1
30242 # 1504
30242 + 92
30243 # 1504
30243 - 92 1
30243 + 92
30246 + 92
30248 + 92
30251 + 92
30253 + 92
30254 + 92
30257 # 1504
30257 - 92 14
30257 - 92 11
30257 - 92 9
30257 - 92 6
30257 - 92 4
30257 - 92 3
30257 # 1504
30257 # 1504
30257 + 92
30259 # 1504
30259 - 92 2
30259 # 1504
30259 # 1504
30259 + 92
30261 # 1504
30261 - 92 2
30262 # 1504
30263 # 1504
30265 # 1504
30267 # 1504
30269 # 1504
30271 # 1504
30271 + 92
30272 + 92
30273 # 1504
30273 - 92 2
30273 - 92 1
30274 # 1504
30276 # 1504
30278 # 1504
30280 # 1504
30281 + 92
30281 + 92
30284 # 1504
30284 - 92 3
30284 - 92 3
30285 # 1504
30287 # 1504
30289 # 1504
30289 + 92
30289 + 92
30291 + 92
30292 # 1504
30292 - 92 3
30292 - 92 3
30292 - 92 1
30294 # 1504
30295 + 92
30295 + 92
30296 # 1504
30296 - 92 1
30296 - 92 1
30298 # 1504
30299 + 92
30302 # 1504
30302 - 92 3
30302 + 92
30304 # 1504
30304 - 92 2
30306 # 1504
30308 # 1504
30310 # 1504
30312 + 92
30313 # 1504
30313 - 92 1
30313 + 92
30314 # 1504
30314 - 92 1
30316 + 92
30317 # 1504
30317 - 92 1
30318 # 1504
30318 + 92
30320 # 1504
30320 - 92 2
30320 + 92
30321 # 1504
30321 - 92 1
30322 + 92
30323 # 1504
30323 - 92 1
30324 + 92
30325 # 1504
30325 - 92 1
30326 + 92
30327 # 1504
30327 - 92 1
30328 + 92
30331 # 1504
30331 - 92 3
30331 # 1504
30333 + 92
30334 # 1504
30334 - 92 1
30335 # 1504
30337 # 1504
30339 # 1504
30341 # 1504
30341 + 92
30342 # 1504
30342 - 92 1
30345 + 92
30348 + 92
30350 + 92
30352 + 92
30353 # 1504
30353 - 92 8
30353 - 92 5
30353 - 92 3
30353 - 92 1
30353 # 1504
30353 # 1504
30353 # 1504
30353 # 1504
30362 # 1504
30362 # 1504
30362 + 92
30363 + 92
30363 + 92
30366 # 1504
30366 - 92 4
30366 - 92 3
30366 - 92 3
30366 # 1504
30366 # 1504
30368 # 1504
30368 # 1504
30368 # 1504
30368 # 1504
30368 + 92
30368 + 92
30371 # 1504
30371 - 92 3
30371 - 92 3
30371 # 1504
30373 # 1504
30374 + 92
30375 # 1504
30375 - 92 1
30380 # 1504
30382 # 1504
30383 + 92
30384 # 1504
30384 - 92 1
30387 + 92
30388 # 1504
30388 - 92 1
30389 # 1504
30389 + 92
30392 # 1504
30392 - 92 3
30392 + 92
30394 + 92
30395 # 1504
30395 - 92 3
30395 - 92 1
30396 + 92
30397 # 1504
30397 - 92 1
30398 # 1504
30399 + 92
30401 + 92
30402 # 1504
30402 - 92 3
30402 - 92 1
30402 + 92
30403 # 1504
30403 - 92 1
30405 # 1504
30407 # 1504
30408 + 92
30409 + 92
30412 # 1504
30412 - 92 4
30412 - 92 3
30413 + 92
30414 # 1504
30414 - 92 1
30415 # 1504
30415 + 92
30415 + 92
30417 + 92
30418 # 1504
30418 - 92 3
30418 - 92 3
30418 - 92 1
30418 # 1504
30419 + 92
30421 # 1504
30421 - 92 2
30421 + 92
30422 # 1504
30422 - 92 1
30425 # 1504
30426 + 92
30426 + 92
30427 # 1504
30427 - 92 1
30427 - 92 1
30428 # 1504
30428 + 92
30430 # 1504
30430 - 92 2
30430 + 92
30433 # 1504
30433 - 92 3
30436 # 1504
30436 + 92
30437 # 1504
30437 - 92 1
30438 + 92
30439 # 1504
30439 - 92 1
30440 + 92
30442 # 1504
30442 - 92 2
30442 + 92
30444 # 1504
30444 - 92 2
30444 + 92
30446 # 1504
30446 - 92 2
30448 # 1504
30449 + 92
30450 # 1504
30450 - 92 1
30451 # 1504
30451 + 92
30453 # 1504
30453 - 92 2
30453 + 92
30454 # 1504
30454 - 92 1
30457 # 1504
30457 + 92
30458 # 1504
30458 - 92 1
30460 # 1504
30460 + 92
30460 + 92
30461 # 1504
30461 - 92 1
30461 - 92 1
30462 # 1504
30468 # 1504
30472 + 92
30473 # 1504
30473 - 92 1
30474 # 1504
30476 # 1504
30477 # 1504
30477 + 92
30477 + 92
30479 # 1504
30479 - 92 2
30479 - 92 2
30480 # 1504
30481 + 92
30482 # 1504
30482 - 92 1
30483 # 1504
30484 + 92
30485 # 1504
30485 - 92 1
30487 + 92
30487 + 92
30488 # 1504
30488 - 92 1
30488 - 92 1
30488 # 1504
30490 # 1504
30491 + 92
30492 # 1504
30492 - 92 1
30492 + 92
30493 # 1504
30493 - 92 1
30495 # 1504
30496 # 1504
30496 + 92
30497 # 1504
30497 - 92 1
30498 + 92
30499 # 1504
30499 - 92 1
30500 + 92
30500 + 92
30501 # 1504
30501 - 92 1
30501 - 92 1
30503 # 1504
30504 # 1504
30504 + 92
30505 # 1504
30505 - 92 1
30506 + 92
30507 # 1504
30507 - 92 1
30508 + 92
30509 # 1504
30509 - 92 1
30510 # 1504
30510 + 92
30511 # 1504
30511 - 92 1
30514 # 1504
30516 # 1504
30519 # 1504
30520 # 1504
30521 + 92
30521 + 92
30521 + 92
30521 + 92
30522 # 1504
30522 - 92 1
30522 - 92 1
30522 - 92 1
30522 - 92 1
30523 # 1504
30524 + 92
30525 # 1504
30525 - 92 1
30527 # 1504
30529 # 1504
30529 # 1504
30530 # 1504
30532 # 1504
30534 # 1504
30534 # 1504
30536 + 92
30538 + 92
30540 + 92
30541 # 1504
30541 - 92 5
30541 - 92 3
30541 - 92 1
30541 # 1504
30541 # 1504
30541 # 1504
30541 # 1504
30543 # 1504
30544 # 1504
30546 # 1504
30547 # 1504
30548 # 1504
30548 + 92
30549 + 92
30550 # 1504
30550 - 92 2
30550 - 92 1
30550 + 92
30554 # 1504
30554 - 92 4
30554 # 1504
30555 # 1504
30557 # 1504
30558 # 1504
30559 # 1504
30560 + 92
30562 # 1504
30562 - 92 2
30564 # 1504
30566 # 1504
30566 # 1504
30566 + 92
30567 # 1504
30567 - 92 1
30569 # 1504
30569 + 92
30571 # 1504
30571 - 92 2
30572 # 1504
30576 + 92
30579 + 92
30579 + 92
30580 + 92
30584 + 92
30586 # 1504
30586 - 92 10
30586 - 92 7
30586 - 92 7
30586 - 92 6
30586 - 92 2
30586 # 1504
30586 # 1504
30586 # 1504
30586 + 92
30588 # 1504
30588 - 92 2
30588 + 92
30591 + 92
30591 + 92
30592 # 1504
30592 - 92 4
30592 - 92 1
30592 - 92 1
30592 # 1504
30593 # 1504
30593 + 92
30596 # 1504
30596 - 92 3
30596 + 92
30598 # 1504
30598 - 92 2
30598 + 92
30599 # 1504
30599 - 92 1
30599 + 92
30601 + 92
30603 + 92
30605 + 92
30605 + 92
30608 + 92
30610 + 92
30611 # 1504
30611 - 92 12
30611 - 92 10
30611 - 92 8
30611 - 92 6
30611 - 92 6
30611 - 92 3
30611 - 92 1
30612 # 1504
30612 # 1504
30612 # 1504
30612 # 1504
30613 + 92
30613 + 92
30614 # 1504
30614 - 92 1
30614 - 92 1
30614 + 92
30616 # 1504
30616 - 92 2
30616 # 1504
30616 + 92
30618 # 1504
30618 - 92 2
30619 + 92
30620 # 1504
30620 - 92 1
30620 + 92
30621 # 1504
30621 - 92 1
30622 + 92
30622 + 92
30623 # 1504
30623 - 92 1
30623 - 92 1
30624 # 1504
30626 # 1504
30626 + 92
30627 # 1504
30627 - 92 1
30629 # 1504
30630 # 1504
30632 # 1504
30634 # 1504
30635 + 92
30635 + 92
30635 + 92
30635 + 92
30636 + 92
30636 + 92
30636 + 92
30638 + 92
30640 + 92
30642 + 92
30644 # 1504
30644 - 92 9
30644 - 92 9
30644 - 92 9
30644 - 92 9
30644 - 92 8
30644 - 92 8
30644 - 92 8
30644 - 92 6
30644 - 92 4
30644 - 92 2
30644 # 1504
30644 # 1504
30644 # 1504
30644 + 92
30646 # 1504
30646 - 92 2
30646 + 92
30648 + 92
30649 # 1504
30649 - 92 3
30649 - 92 1
30650 # 1504
30650 + 92
30650 + 92
30652 # 1504
30652 - 92 2
30652 - 92 2
30653 + 92
30654 # 1504
30654 - 92 1
30654 + 92
30656 # 1504
30656 - 92 2
30656 + 92
30657 # 1504
30657 - 92 1
30657 + 92
30659 # 1504
30659 - 92 2
30659 + 92
30660 + 92
30662 + 92
30664 + 92
30665 + 92
30667 + 92
30667 + 92
30669 + 92
30671 # 1504
30671 - 92 12
30671 - 92 11
30671 - 92 9
30671 - 92 7
30671 - 92 6
30671 - 92 4
30671 - 92 4
30671 - 92 2
30672 # 1504
30672 + 92
30672 + 92
30674 + 92
30676 # 1504
30676 - 92 4
30676 - 92 4
30676 - 92 2
30677 + 92
30677 + 92
30679 # 1504
30679 - 92 2
30679 - 92 2
30679 # 1504
30679 + 92
30680 + 92
30681 # 1504
30681 - 92 2
30681 - 92 1
30682 # 1504
30682 + 92
30683 + 92
30685 # 1504
30685 - 92 3
30685 - 92 2
30685 + 92
30685 + 92
30686 # 1504
30686 - 92 1
30686 - 92 1
30687 # 1504
30688 # 1504
30688 + 92
30690 # 1504
30690 - 92 2
30690 + 92
30690 + 92
30693 # 1504
30693 - 92 3
30693 - 92 3
30693 + 92
30694 # 1504
30694 - 92 1
30695 + 92
30696 # 1504
30696 - 92 1
30696 + 92
30697 # 1504
30697 - 92 1
30698 + 92
30700 # 1504
30700 - 92 2
30700 + 92
30700 + 92
30701 # 1504
30701 - 92 1
30701 - 92 1
30702 # 1504
30703 + 92
30704 # 1504
30704 - 92 1
30704 + 92
30706 + 92
30707 # 1504
30707 - 92 3
30707 - 92 1
30707 # 1504
30708 + 92
30709 # 1504
30709 - 92 1
30709 + 92
30710 + 92
30712 # 1504
30712 - 92 3
30712 - 92 2
30712 + 92
30714 # 1504
30714 - 92 2
30716 # 1504
30717 # 1504
30719 # 1504
30721 # 1504
30722 # 1504
30722 + 92
30723 # 1504
30723 - 92 1
30724 + 92
30724 + 92
30724 + 92
30724 + 92
30724 + 92
30725 # 1504
30725 - 92 1
30725 - 92 1
30725 - 92 1
30725 - 92 1
30725 - 92 1
30727 # 1504
30727 + 92
30728 + 92
30729 # 1504
30729 - 92 2
30729 - 92 1
30730 # 1504
30732 # 1504
30733 # 1504
30735 # 1504
30737 # 1504
30737 + 92
30737 + 92
30737 + 92
30738 # 1504
30738 - 92 1
30738 - 92 1
30738 - 92 1
30740 # 1504
30740 + 92
30740 + 92
30740 + 92
30742 # 1504
30742 - 92 2
30742 - 92 2
30742 - 92 2
30742 + 92
30743 # 1504
30743 - 92 1
30744 + 92
30745 + 92
30746 # 1504
30746 - 92 2
30746 - 92 1
30746 + 92
30747 # 1504
30747 - 92 1
30748 # 1504
30748 + 92
30750 # 1504
30750 - 92 2
30751 + 92
30752 + 92
30753 # 1504
30753 - 92 2
30753 - 92 1
30753 # 1504
30754 # 1504
30754 + 92
30754 + 92
30755 # 1504
30755 - 92 1
30755 - 92 1
30756 + 92
30757 + 92
30766 # 1504
30766 - 92 10
30766 - 92 9
30766 # 1504
30766 # 1504
30766 # 1504
30766 # 1504
30766 # 1504
30767 + 92
30767 + 92
30770 + 92
30770 + 92
30776 # 1504
30776 - 92 9
30776 - 92 9
30776 - 92 6
30776 - 92 6
30776 # 1504
30777 # 1504
30777 # 1504
30777 # 1504
30777 # 1504
30777 # 1504
30777 # 1504
30777 + 92
30778 + 92
30778 + 92
30778 + 92
30779 # 1504
30779 - 92 2
30779 - 92 1
30779 - 92 1
30779 - 92 1
30779 # 1504
30780 # 1504
30782 # 1504
30783 # 1504
30784 # 1504
30785 # 1504
30786 # 1504
30787 # 1504
30787 + 92
30787 + 92
30788 # 1504
30788 - 92 1
30788 - 92 1
30789 # 1504
30790 # 1504
30791 # 1504
30791 + 92
30791 + 92
30792 # 1504
30792 - 92 1
30792 - 92 1
30793 # 1504
30794 # 1504
30795 # 1504
30796 + 92
30796 + 92
30796 + 92
30796 + 92
30797 # 1504
30797 - 92 1
30797 - 92 1
30797 - 92 1
30797 - 92 1
30798 # 1504
30799 # 1504
30799 + 92
30800 # 1504
30800 - 92 1
30801 # 1504
30801 + 92
30802 # 1504
30802 - 92 1
30803 # 1504
30803 + 92
30804 + 92
30805 # 1504
30805 - 92 2
30805 - 92 1
30806 # 1504
30807 + 92
30808 # 1504
30808 - 92 1
30809 # 1504
30809 # 1504
30810 # 1504
30810 + 92
30812 + 92
30815 + 92
30817 + 92
30818 + 92
30820 + 92
30821 # 1504
30821 - 92 11
30821 - 92 9
30821 - 92 6
30821 - 92 4
30821 - 92 3
30821 - 92 1
30821 # 1504
30822 # 1504
30822 # 1504
30822 # 1504
30822 # 1504
30823 + 92
30823 + 92
30826 + 92
30828 + 92
30830 + 92
30836 # 1504
30836 - 92 13
30836 - 92 13
30836 - 92 10
30836 - 92 8
30836 - 92 6
30836 # 1504
30836 # 1504
30836 # 1504
30836 # 1504
30836 + 92
30836 + 92
30837 + 92
30838 + 92
30840 + 92
30840 + 92
30841 # 1504
30841 - 92 5
30841 - 92 5
30841 - 92 4
30841 - 92 3
30841 - 92 1
30841 - 92 1
30841 # 1504
30845 # 1504
30845 # 1504
30845 # 1504
30845 # 1504
30849 + 92
30849 + 92
30852 + 92
30854 + 92
30854 + 92
30854 + 92
30854 + 92
30856 # 1504
30856 - 92 7
30856 - 92 7
30856 - 92 4
30856 - 92 2
30856 - 92 2
30856 - 92 2
30856 - 92 2
30856 # 1504
30856 # 1504
30856 + 92
30857 # 1504
30857 - 92 1
30857 # 1504
30857 # 1504
30858 + 92
30858 + 92
30860 + 92
30864 + 92
30865 + 92
30866 + 92
30867 # 1504
30867 - 92 9
30867 - 92 9
30867 - 92 7
30867 - 92 3
30867 - 92 2
30867 - 92 1
30867 # 1504
30867 # 1504
30867 # 1504
30867 # 1504
30867 + 92
30870 + 92
30870 + 92
30872 + 92
30875 + 92
30876 + 92
30877 # 1504
30877 - 92 10
30877 - 92 7
30877 - 92 7
30877 - 92 5
30877 - 92 2
30877 - 92 1
30877 # 1504
30877 # 1504
30877 # 1504
30877 # 1504
30877 # 1504
30877 # 1504
30877 # 1504
30878 + 92
30879 # 1504
30879 - 92 1
30880 + 92
30881 # 1504
30881 - 92 1
30881 # 1504
30882 # 1504
30882 + 92
30883 # 1504
30883 - 92 1
30883 + 92
30885 + 92
30886 # 1504
30886 - 92 3
30886 - 92 1
30886 # 1504
30887 # 1504
30887 + 92
30888 # 1504
30888 - 92 1
30890 # 1504
30891 # 1504
30892 # 1504
30893 # 1504
30895 # 1504
30897 # 1504
30897 + 92
30899 # 1504
30899 - 92 2
30899 # 1504
30900 # 1504
30900 + 92
30902 # 1504
30902 - 92 2
30902 + 92
30902 + 92
30902 + 92
30903 # 1504
30903 - 92 1
30903 - 92 1
30903 - 92 1
30907 # 1504
30909 # 1504
30909 # 1504
30909 + 92
30909 + 92
30910 # 1504
30910 - 92 1
30910 - 92 1
30911 # 1504
30913 # 1504
30914 # 1504
30915 + 92
30915 + 92
30915 + 92
30921 + 92
30921 + 92
30925 # 1504
30925 - 92 10
30925 - 92 10
30925 - 92 10
30925 - 92 4
30925 - 92 4
30926 # 1504
30927 # 1504
30930 # 1504
30930 # 1504
30930 + 92
30930 + 92
30931 # 1504
30931 - 92 1
30931 - 92 1
30934 # 1504
30935 # 1504
30936 + 92
30936 + 92
30938 # 1504
30938 - 92 2
30938 - 92 2
30942 + 92
30942 + 92
30943 + 92
30944 + 92
30947 # 1504
30947 - 92 5
30947 - 92 5
30947 - 92 4
30947 - 92 3
30947 # 1504
30947 # 1504
30948 # 1504
30949 # 1504
30951 # 1504
30952 # 1504
30955 + 92
30956 + 92
30956 + 92
30956 + 92
30957 + 92
30960 + 92
30960 + 92
30961 # 1504
30961 - 92 6
30961 - 92 5
30961 - 92 5
30961 - 92 5
30961 - 92 4
30961 - 92 1
30961 - 92 1
30964 # 1504
30965 + 92
30966 # 1504
30966 - 92 1
30967 # 1504
30967 + 92
30968 # 1504
30968 - 92 1
30968 + 92
30970 # 1504
30970 - 92 2
30970 + 92
30971 + 92
30973 # 1504
30973 - 92 3
30973 - 92 2
30973 + 92
30974 # 1504
30974 - 92 1
30976 # 1504
30978 # 1504
30981 # 1504
30981 # 1504
30982 + 92
30982 + 92
30983 # 1504
30983 - 92 1
30983 - 92 1
30983 + 92
30983 + 92
30985 # 1504
30985 - 92 2
30985 - 92 2
30985 + 92
30987 # 1504
30987 - 92 2
30987 + 92
30988 # 1504
30988 - 92 1
30990 # 1504
30990 + 92
30991 + 92
30992 # 1504
30992 - 92 2
30992 - 92 1
30993 # 1504
30994 + 92
30995 # 1504
30995 - 92 1
30997 # 1504
30997 + 92
30999 # 1504
30999 - 92 2
30999 + 92
31001 # 1504
31001 - 92 2
31001 + 92
31003 # 1504
31003 - 92 2
31004 # 1504
31004 + 92
31006 # 1504
31006 - 92 2
31007 + 92
31008 # 1504
31008 - 92 1
31008 + 92
31011 # 1504
31011 - 92 3
31011 # 1504
31013 # 1504
31015 # 1504
31017 # 1504
31018 # 1504
31018 + 92
31020 # 1504
31020 - 92 2
31020 + 92
31022 # 1504
31022 - 92 2
31024 # 1504
31027 # 1504
31027 # 1504
31029 # 1504
31031 # 1504
31033 # 1504
31035 # 1504
31037 # 1504
31039 # 1504
31040 # 1504
31042 # 1504
31042 + 92
31043 # 1504
31043 - 92 1
31043 + 92
31044 + 92
31045 # 1504
31045 - 92 2
31045 - 92 1
31046 # 1504
31046 + 92
31046 + 92
31048 # 1504
31048 - 92 2
31048 - 92 2
31048 + 92
31050 # 1504
31050 - 92 2
31051 # 1504
31052 # 1504
31053 # 1504
31056 # 1504
31056 # 1504
31056 + 92
31057 # 1504
31057 - 92 1
31057 + 92
31057 + 92
31058 # 1504
31058 - 92 1
31058 - 92 1
31059 + 92
31060 # 1504
31060 - 92 1
31061 # 1504
31063 # 1504
31063 # 1504
31068 + 92
31070 + 92
31074 # 1504
31074 - 92 6
31074 - 92 4
31074 # 1504
31074 # 1504
31074 # 1504
31074 # 1504
31074 # 1504
31074 + 92
31075 # 1504
31075 - 92 1
31075 # 1504
31077 # 1504
31078 # 1504
31079 # 1504
31080 + 92
31080 + 92
31080 + 92
31081 # 1504
31081 - 92 1
31081 - 92 1
31081 - 92 1
31082 # 1504
31082 + 92
31084 # 1504
31084 - 92 2
31085 + 92
31086 # 1504
31086 - 92 1
31087 # 1504
31088 + 92
31089 # 1504
31089 - 92 1
31090 # 1504
31091 + 92
31092 # 1504
31092 - 92 1
31093 # 1504
31095 # 1504
31097 # 1504
31098 # 1504
31099 + 92
31099 + 92
31099 + 92
31100 # 1504
31100 - 92 1
31100 - 92 1
31100 - 92 1
31101 # 1504
31101 + 92
31103 # 1504
31103 - 92 2
31104 + 92
31105 # 1504
31105 - 92 1
31106 # 1504
31108 # 1504
31109 # 1504
31111 # 1504
31113 # 1504
31113 + 92
31114 # 1504
31114 - 92 1
31116 # 1504
31116 + 92
31118 # 1504
31118 - 92 2
31118 + 92
31119 # 1504
31119 - 92 1
31121 # 1504
31121 + 92
31122 # 1504
31122 - 92 1
31122 + 92
31122 + 92
31123 # 1504
31123 - 92 1
31123 - 92 1
31124 + 92
31125 # 1504
31125 - 92 1
31128 # 1504
31128 + 92
31130 # 1504
31130 - 92 2
31131 # 1504
31136 + 92
31136 + 92
31141 + 92
31141 + 92
31142 # 1504
31142 - 92 6
31142 - 92 6
31142 - 92 1
31142 - 92 1
31142 # 1504
31142 # 1504
31142 # 1504
31142 # 1504
31145 + 92
31149 # 1504
31149 - 92 4
31149 # 1504
31149 # 1504
31149 # 1504
31149 # 1504
31151 + 92
31151 + 92
31157 + 92
31160 + 92
31163 + 92
31167 + 92
31169 + 92
31175 + 92
31175 + 92
31176 # 1504
31176 - 92 25
31176 - 92 25
31176 - 92 19
31176 - 92 16
31176 - 92 13
31176 - 92 9
31176 - 92 7
31176 - 92 1
31176 - 92 1
31176 # 1504
31176 # 1504
31176 # 1504
31176 # 1504
31176 # 1504
31176 # 1504
31176 # 1504
31176 # 1504
31177 # 1504
31177 # 1504
31177 # 1504
31177 # 1504
31177 # 1504
31177 # 1504
31177 # 1504
31177 # 1504
31178 # 1504
31179 + 92
31180 # 1504
31180 - 92 1
31181 # 1504
31182 # 1504
31182 + 92
31184 # 1504
31184 - 92 2
31185 # 1504
31186 # 1504
31188 # 1504
31188 + 92
31189 # 1504
31189 - 92 1
31191 # 1504
31192 # 1504
31194 # 1504
31195 # 1504
31196 # 1504
31200 + 92
31206 # 1504
31206 - 92 6
31206 # 1504
31206 # 1504
31206 # 1504
31210 + 92
31216 # 1504
31216 - 92 6
31216 # 1504
31216 # 1504
31217 + 92
31218 # 1504
31218 - 92 1
31218 # 1504
31218 + 92
31219 # 1504
31219 - 92 1
31221 + 92
31222 # 1504
31222 - 92 1
31225 + 92
31226 # 1504
31226 - 92 1
31226 # 1504
31227 # 1504
31228 # 1504
31228 # 1504
31229 + 92
31230 # 1504
31230 - 92 1
31233 + 92
31236 + 92
31239 # 1504
31239 - 92 6
31239 - 92 3
31240 # 1504
31240 + 92
31240 + 92
31241 # 1504
31241 - 92 1
31241 - 92 1
31241 # 1504
31242 + 92
31246 # 1504
31246 - 92 4
31246 # 1504
31246 + 92
31248 + 92
31250 # 1504
31250 - 92 4
31250 - 92 2
31251 # 1504
31253 # 1504
31256 # 1504
31257 # 1504
31258 # 1504
31259 # 1504
31260 + 92
31262 # 1504
31262 - 92 2
31263 # 1504
31264 # 1504
31267 # 1504
31268 # 1504
31268 + 92
31270 # 1504
31270 - 92 2
31271 # 1504
31274 # 1504
31277 # 1504
31277 # 1504
31278 + 92
31279 # 1504
31279 - 92 1
31281 # 1504
31283 # 1504
31283 + 92
31284 # 1504
31284 - 92 1
31286 # 1504
31288 # 1504
31289 # 1504
31289 + 92
31292 # 1504
31292 - 92 3
31293 # 1504
31294 # 1504
31295 # 1504
31296 # 1504
31298 # 1504
31298 + 92
31298 + 92
31300 # 1504
31300 - 92 2
31300 - 92 2
31300 + 52
31300 + 92
31301 # 1504
31301 - 52 1
31301 - 92 1
31302 # 1504
31303 + 92
31304 # 1504
31304 - 92 1
31306 # 1504
31307 # 1504
31308 + 92
31309 # 1504
31309 - 92 1
31310 # 1504
31310 + 92
31312 # 1504
31312 - 92 2
31313 # 1504
31317 # 1504
31318 # 1504
31319 # 1504
31322 + 92
31322 + 92
31322 + 92
31329 # 1504
31329 - 92 7
31329 - 92 7
31329 - 92 7
31329 # 1504
31329 # 1504
31329 # 1504
31329 # 1504
31330 + 92
31330 + 92
31333 # 1504
31333 - 92 3
31333 - 92 3
31334 # 1504
31334 + 92
31336 # 1504
31336 - 92 2
31337 # 1504
31340 # 1504
31341 # 1504
31342 # 1504
31342 + 92
31344 # 1504
31344 - 92 2
31346 # 1504
31348 # 1504
31349 # 1504
31350 # 1504
31352 # 1504
31352 + 92
31353 # 1504
31353 - 92 1
31354 + 92
31355 # 1504
31355 - 92 1
31357 # 1504
31358 # 1504
31359 # 1504
31359 + 92
31360 # 1504
31360 - 92 1
31362 # 1504
31364 # 1504
31365 + 92
31366 # 1504
31366 - 92 1
31367 # 1504
31369 # 1504
31370 # 1504
31372 # 1504
31373 # 1504
31374 # 1504
31375 # 1504
31378 # 1504
31378 # 1504
31379 # 1504
31379 + 92
31380 # 1504
31380 - 92 1
31382 # 1504
31383 # 1504
31384 # 1504
31384 + 92
31385 # 1504
31385 - 92 1
31386 + 92
31388 # 1504
31388 - 92 2
31389 # 1504
31389 + 92
31390 # 1504
31390 - 92 1
31392 # 1504
31394 # 1504
31394 + 92
31395 # 1504
31395 - 92 1
31396 # 1504
31397 + 92
31398 # 1504
31398 - 92 1
31399 # 1504
31400 # 1504
31402 # 1504
31403 # 1504
31403 + 92
31404 # 1504
31404 - 92 1
31406 # 1504
31406 + 92
31408 # 1504
31408 - 92 2
31410 # 1504
31410 + 92
31412 # 1504
31412 - 92 2
31413 # 1504
31414 # 1504
31415 # 1504
31415 + 92
31417 # 1504
31417 - 92 2
31418 # 1504
31420 # 1504
31420 # 1504
31421 # 1504
31422 # 1504
31424 # 1504
31426 # 1504
31427 # 1504
31428 # 1504
31429 # 1504
31430 # 1504
31457 # 1504
31457 # 1504
31457 # 1504
31457 # 1504
31457 # 1504
31457 + 92
31457 + 92
31458 # 1504
31458 - 92 1
31458 - 92 1
31458 # 1504
31458 # 1504
31458 # 1504
31458 # 1504
31458 # 1504
31458 # 1504
31458 # 1504
31458 # 1504
31458 # 1504
31458 + 92
31458 + 92
31458 + 92
31459 # 1504
31459 - 92 1
31459 - 92 1
31459 - 92 1
31459 # 1504
31459 + 92
31460 # 1504
31460 - 92 1
31461 # 1504
31462 # 1504
31462 + 92
31465 + 92
31467 + 92
31470 # 1504
31470 - 92 8
31470 - 92 5
31470 - 92 3
31470 # 1504
31470 + 92
31473 # 1504
31473 - 92 3
31474 + 92
31477 + 92
31484 + 92
31486 # 1504
31486 - 92 12
31486 - 92 9
31486 - 92 2
31486 # 1504
31486 # 1504
31486 # 1504
31486 # 1504
31487 # 1504
31487 # 1504
31487 # 1504
31487 # 1504
31487 + 92
31493 # 1504
31493 - 92 6
31493 # 1504
31493 # 1504
31493 # 1504
31493 # 1504
31495 # 1504
31495 # 1504
31497 # 1504
31497 # 1504
31498 # 1504
31499 # 1504
31500 # 1504
31501 # 1504
31503 # 1504
31505 + 92
31505 + 92
31505 + 92
31507 # 1504
31507 - 92 2
31507 - 92 2
31507 - 92 2
31508 # 1504
31508 + 92
31511 # 1504
31511 - 92 3
31512 # 1504
31512 # 1504
31513 # 1504
31515 # 1504
31516 # 1504
31517 # 1504
31518 # 1504
31520 # 1504
31521 # 1504
31522 # 1504
31523 # 1504
31523 + 92
31523 + 92
31525 # 1504
31525 - 92 2
31525 - 92 2
31528 + 92
31530 # 1504
31530 - 92 2
31530 # 1504
31530 # 1504
31531 # 1504
31532 + 92
31533 # 1504
31533 - 92 1
31535 # 1504
31546 # 1504
31546 # 1504
31546 # 1504
31546 + 92
31546 + 92
31547 # 1504
31547 - 92 1
31547 - 92 1
31548 # 1504
31549 + 92
31550 # 1504
31550 - 92 1
31550 # 1504
31552 # 1504
31553 # 1504
31553 + 92
31554 # 1504
31554 - 92 1
31558 + 92
31562 + 92
31563 # 1504
31563 - 92 5
31563 - 92 1
31563 # 1504
31564 # 1504
31564 # 1504
31564 # 1504
31564 # 1504
31566 + 92
31567 # 1504
31567 - 92 1
31567 # 1504
31568 # 1504
31568 + 92
31569 # 1504
31569 - 92 1
31570 # 1504
31574 # 1504
31575 # 1504
31575 # 1504
31576 + 92
31579 # 1504
31579 - 92 3
31581 # 1504
31582 + 92
31583 # 1504
31583 - 92 1
31583 # 1504
31585 # 1504
31586 # 1504
31587 + 92
31589 # 1504
31589 - 92 2
31591 # 1504
31591 # 1504
31592 # 1504
31594 # 1504
31597 # 1504
31598 + 92
31598 + 92
31599 # 1504
31599 - 92 1
31599 - 92 1
31603 + 92
31607 + 92
31613 + 92
31617 # 1504
31617 - 92 14
31617 - 92 10
31617 - 92 4
31617 # 1504
31617 # 1504
31617 # 1504
31618 # 1504
31618 # 1504
31622 # 1504
31623 # 1504
31628 # 1504
31628 # 1504
31630 + 92
31630 + 92
31630 + 92
31630 + 92
31632 + 92
31633 # 1504
31633 - 92 3
31633 - 92 3
31633 - 92 3
31633 - 92 3
31633 - 92 1
31634 + 92
31639 + 92
31643 + 92
31645 + 92
31646 # 1504
31646 - 92 12
31646 - 92 7
31646 - 92 3
31646 - 92 1
31646 # 1504
31646 # 1504
31646 # 1504
31646 # 1504
31649 + 92
31651 # 1504
31651 - 92 2
31651 # 1504
31652 # 1504
31652 # 1504
31652 # 1504
31653 + 92
31654 # 1504
31654 - 92 1
31656 # 1504
31659 # 1504
31661 # 1504
31662 # 1504
31664 # 1504
31665 # 1504
31667 # 1504
31669 # 1504
31670 + 92
31671 # 1504
31671 - 92 1
31671 + 92
31671 + 92
31671 + 92
31671 + 92
31672 + 92
31673 # 1504
31673 - 92 2
31673 - 92 2
31673 - 92 2
31673 - 92 2
31673 - 92 1
31675 # 1504
31677 # 1504
31678 # 1504
31680 # 1504
31683 # 1504
31683 + 92
31684 # 1504
31684 - 92 1
31684 + 92
31686 # 1504
31686 - 92 2
31686 + 92
31688 # 1504
31688 - 92 2
31690 # 1504
31691 # 1504
31691 + 92
31693 # 1504
31693 - 92 2
31693 + 92
31695 # 1504
31695 - 92 2
31697 # 1504
31699 + 92
31699 + 92
31700 # 1504
31700 - 92 1
31700 - 92 1
31701 # 1504
31702 # 1504
31704 # 1504
31707 # 1504
31707 + 92
31708 # 1504
31708 - 92 1
31708 + 92
31710 # 1504
31710 - 92 2
31711 + 92
31715 # 1504
31715 - 92 4
31715 + 92
31716 # 1504
31716 - 92 1
31718 # 1504
31718 + 92
31722 # 1504
31722 - 92 4
31723 # 1504
31723 + 92
31725 # 1504
31725 - 92 2
31727 # 1504
31727 + 92
31729 # 1504
31729 - 92 2
31732 # 1504
31732 + 92
31735 # 1504
31735 - 92 3
31737 # 1504
31739 # 1504
31741 # 1504
31743 # 1504
31745 + 92
31746 # 1504
31746 - 92 1
31748 # 1504
31748 + 92
31748 + 92
31749 # 1504
31749 - 92 1
31749 - 92 1
31750 # 1504
31753 # 1504
31755 # 1504
31756 # 1504
31758 # 1504
31758 + 92
31758 + 92
31761 # 1504
31761 - 92 3
31761 - 92 3
31763 # 1504
31764 # 1504
31766 # 1504
31766 + 92
31767 # 1504
31767 - 92 1
31769 # 1504
31779 + 92
31781 # 1504
31781 - 92 2
31781 # 1504
31781 + 92
31782 # 1504
31782 - 92 1
31786 # 1504
31786 # 1504
31790 + 92
31793 + 92
31795 # 1504
31795 - 92 5
31795 - 92 2
31796 # 1504
31796 # 1504
31796 # 1504
31797 + 92
31804 # 1504
31804 - 92 7
31804 # 1504
31804 # 1504
31805 # 1504
31808 # 1504
31809 + 92
31809 + 92
31811 # 1504
31811 - 92 2
31811 - 92 2
31811 + 92
31813 # 1504
31813 - 92 2
31814 + 92
31816 # 1504
31816 - 92 2
31816 + 92
31818 # 1504
31818 - 92 2
31820 # 1504
31820 + 92
31823 # 1504
31823 - 92 3
31825 # 1504
31826 + 92
31828 # 1504
31828 - 92 2
31830 + 92
31830 + 92
31831 # 1504
31831 - 92 1
31831 - 92 1
31832 + 92
31833 # 1504
31833 - 92 1
31835 # 1504
31837 + 92
31839 # 1504
31839 - 92 2
31840 + 92
31841 # 1504
31841 - 92 1
31842 # 1504
31844 + 92
31845 # 1504
31845 - 92 1
31846 + 92
31849 + 92
31850 # 1504
31850 - 92 4
31850 - 92 1
31852 # 1504
31855 # 1504
31857 # 1504
31859 # 1504
31859 + 92
31859 + 92
31859 + 92
31861 # 1504
31861 - 92 2
31861 - 92 2
31861 - 92 2
31864 # 1504
31865 # 1504
31866 # 1504
31870 + 92
31871 + 92
31871 + 92
31873 + 92
31874 # 1504
31874 - 92 4
31874 - 92 3
31874 - 92 3
31874 - 92 1
31874 # 1504
31875 # 1504
31876 + 92
31878 # 1504
31878 - 92 2
31879 + 92
31880 # 1504
31880 - 92 1
31881 + 92
31883 + 92
31886 # 1504
31886 - 92 5
31886 - 92 3
31887 # 1504
31887 + 92
31888 # 1504
31888 - 92 1
31890 # 1504
31891 + 92
31892 # 1504
31892 - 92 1
31893 + 92
31894 # 1504
31894 - 92 1
31896 # 1504
31896 + 92
31898 # 1504
31898 - 92 2
31899 + 92
31900 # 1504
31900 - 92 1
31902 + 92
31905 # 1504
31905 - 92 3
31906 + 92
31908 # 1504
31908 - 92 2
31910 + 92
31914 + 92
31915 # 1504
31915 - 92 5
31915 - 92 1
31916 + 92
31918 # 1504
31918 - 92 2
31918 # 1504
31919 + 92
31920 # 1504
31920 - 92 1
31922 # 1504
31922 + 92
31925 # 1504
31925 - 92 3
31925 + 92
31926 # 1504
31926 - 92 1
31927 + 92
31928 # 1504
31928 - 92 1
31929 # 1504
31931 # 1504
31931 + 92
31933 + 92
31934 # 1504
31934 - 92 3
31934 - 92 1
31935 # 1504
31937 # 1504
31938 # 1504
31939 + 92
31941 + 92
31943 # 1504
31943 - 92 4
31943 - 92 2
31943 # 1504
31945 # 1504
31947 # 1504
31950 # 1504
31951 # 1504
31952 + 92
31954 + 92
31954 + 92
31954 + 92
31958 + 92
31961 + 92
31962 # 1504
31962 - 92 10
31962 - 92 8
31962 - 92 8
31962 - 92 8
31962 - 92 4
31962 - 92 1
31964 + 92
31966 # 1504
31966 - 92 2
31966 # 1504
31966 # 1504
31968 + 92
31971 + 92
31973 # 1504
31973 - 92 5
31973 - 92 2
31973 # 1504
31973 # 1504
31973 # 1504
31975 # 1504
31977 # 1504
31978 + 92
31982 # 1504
31982 - 92 4
31982 # 1504
31984 # 1504
31984 + 92
31993 + 92
31994 # 1504
31994 - 92 10
31994 - 92 1
31994 # 1504
31994 # 1504
31994 # 1504
31995 + 92
31995 + 92
31998 + 92
32000 # 1504
32000 - 92 5
32000 - 92 5
32000 - 92 2
32000 # 1504
32000 # 1504
32001 + 92
32004 + 92
32006 + 92
32009 + 92
32011 # 1504
32011 - 92 10
32011 - 92 7
32011 - 92 5
32011 - 92 2
32011 # 1504
32011 # 1504
32011 # 1504
32011 # 1504
32014 # 1504
32015 # 1504
32016 + 92
32017 # 1504
32017 - 92 1
32020 # 1504
32022 # 1504
32023 # 1504
32024 + 92
32026 # 1504
32026 - 92 2
32028 # 1504
32030 # 1504
32030 + 92
32031 # 1504
32031 - 92 1
32032 + 92
32034 # 1504
32034 - 92 2
32035 + 92
32036 # 1504
32036 - 92 1
32037 # 1504
32039 # 1504
32042 # 1504
32044 # 1504
32045 # 1504
32046 # 1504
32048 # 1504
32051 # 1504
32051 + 92
32051 + 92
32051 + 92
32052 + 92
32052 + 92
32053 # 1504
32053 - 92 2
32053 - 92 2
32053 - 92 2
32053 - 92 1
32053 - 92 1
32055 + 92
32058 # 1504
32058 - 92 3
32059 # 1504
32061 # 1504
32062 # 1504
32064 # 1504
32067 # 1504
32067 + 92
32070 + 92
32070 + 92
32070 + 92
32072 # 1504
32072 - 92 5
32072 - 92 2
32072 - 92 2
32072 - 92 2
32075 # 1504
32077 # 1504
32082 # 1504
32083 # 1504
32083 + 92
32083 + 92
32085 # 1504
32085 - 92 2
32085 - 92 2
32087 # 1504
32087 + 92
32090 # 1504
32090 - 92 3
32091 # 1504
32093 # 1504
32094 # 1504
32096 + 92
32096 + 92
32096 + 92
32099 # 1504
32099 - 92 3
32099 - 92 3
32099 - 92 3
32099 + 92
32100 # 1504
32100 - 92 1
32102 # 1504
32102 + 92
32104 # 1504
32104 - 92 2
32104 + 92
32106 # 1504
32106 - 92 2
32108 # 1504
32109 + 92
32110 # 1504
32110 - 92 1
32113 # 1504
32113 + 92
32113 + 92
32114 # 1504
32114 - 92 1
32114 - 92 1
32115 # 1504
32117 # 1504
32117 + 92
32126 # 1504
32126 - 92 9
32126 # 1504
32126 # 1504
32126 + 92
32127 + 92
32133 + 92
32134 # 1504
32134 - 92 8
32134 - 92 7
32134 - 92 1
32134 # 1504
32134 # 1504
32134 + 92
32142 + 92
32142 + 92
32144 # 1504
32144 - 92 10
32144 - 92 2
32144 - 92 2
32145 # 1504
32145 # 1504
32145 # 1504
32150 + 92
32152 # 1504
32152 - 92 2
32155 + 92
32158 + 92
32164 + 92
32173 + 92
32182 + 92
32186 + 92
32188 + 92
32195 + 92
32195 + 92
32200 + 92
32203 + 92
32207 # 1504
32207 - 92 52
32207 - 92 49
32207 - 92 43
32207 - 92 34
32207 - 92 25
32207 - 92 21
32207 - 92 19
32207 - 92 12
32207 - 92 12
32207 - 92 7
32207 - 92 4
32207 # 1504
32207 # 1504
32207 # 1504
32207 # 1504
32207 # 1504
32207 # 1504
32207 # 1504
32207 # 1504
32207 # 1504
32207 # 1504
32207 # 1504
32207 # 1504
32207 # 1504
32207 # 1504
32207 # 1504
32208 # 1504
32208 # 1504
32208 # 1504
32208 # 1504
32208 # 1504
32208 # 1504
32208 # 1504
32208 # 1504
32208 # 1504
32208 # 1504
32208 # 1504
32209 # 1504
32209 # 1504
32209 # 1504
32209 # 1504
32209 # 1504
32209 # 1504
32209 + 92
32210 # 1504
32210 - 92 1
32212 # 1504
32212 + 92
32214 # 1504
32214 - 92 2
32216 # 1504
32218 # 1504
32222 # 1504
32224 # 1504
32224 + 92
32224 + 92
32225 # 1504
32225 - 92 1
32225 - 92 1
32227 # 1504
32229 # 1504
32231 # 1504
32231 + 92
32233 # 1504
32233 - 92 2
32234 + 92
32235 # 1504
32235 - 92 1
32237 # 1504
32238 + 92
32239 # 1504
32239 - 92 1
32240 + 92
32241 # 1504
32241 - 92 1
32243 # 1504
32243 + 92
32245 # 1504
32245 - 92 2
32246 # 1504
32249 # 1504
32251 # 1504
32253 # 1504
32254 # 1504
32254 + 92
32254 + 92
32257 # 1504
32257 - 92 3
32257 - 92 3
32258 # 1504
32261 # 1504
32262 + 92
32263 # 1504
32263 - 92 1
32265 # 1504
32267 # 1504
32269 + 92
32270 # 1504
32270 - 92 1
32270 # 1504
32272 # 1504
32274 # 1504
32276 # 1504
32278 # 1504
32278 # 1504
32280 # 1504
32282 # 1504
32283 # 1504
32283 + 92
32286 + 92
32289 + 92
32294 # 1504
32294 - 92 11
32294 - 92 8
32294 - 92 5
32294 # 1504
32295 # 1504
32296 + 92
32297 # 1504
32297 - 92 1
32299 + 92
32300 # 1504
32300 - 92 1
32300 # 1504
32304 + 92
32308 + 92
32312 # 1504
32312 - 92 8
32312 - 92 4
32312 # 1504
32312 + 92
32315 + 92
32319 + 92
32323 + 92
32326 # 1504
32326 - 92 14
32326 - 92 11
32326 - 92 7
32326 - 92 3
32328 # 1504
32328 # 1504
32328 # 1504
32329 # 1504
32329 # 1504
32329 + 92
32332 + 92
32336 # 1504
32336 - 92 7
32336 - 92 4
32337 # 1504
32337 # 1504
32339 # 1504
32341 # 1504
32344 # 1504
32344 + 92
32344 + 92
32345 # 1504
32345 - 92 1
32345 - 92 1
32348 # 1504
32349 # 1504
32350 + 92
32350 + 92
32351 # 1504
32351 - 92 1
32351 - 92 1
32352 + 92
32353 # 1504
32353 - 92 1
32356 # 1504
32357 # 1504
32357 + 92
32358 # 1504
32358 - 92 1
32360 + 92
32362 # 1504
32362 - 92 2
32363 # 1504
32364 + 92
32365 # 1504
32365 - 92 1
32367 # 1504
32370 + 92
32372 # 1504
32372 - 92 2
32372 + 92
32373 # 1504
32373 - 92 1
32375 # 1504
32378 # 1504
32383 + 92
32383 + 92
32385 + 92
32388 # 1504
32388 - 92 5
32388 - 92 5
32388 - 92 3
32388 + 92
32391 # 1504
32391 - 92 3
32391 # 1504
32391 # 1504
32391 + 92
32392 # 1504
32392 - 92 1
32394 # 1504
32396 + 92
32397 # 1504
32397 - 92 1
32398 # 1504
32400 # 1504
32400 + 92
32403 + 92
32404 # 1504
32404 - 92 4
32404 - 92 1
32406 # 1504
32407 + 92
32410 + 92
32416 + 92
32417 # 1504
32417 - 92 10
32417 - 92 7
32417 - 92 1
32417 # 1504
32417 # 1504
32417 # 1504
32417 # 1504
32420 # 1504
32420 + 92
32422 # 1504
32422 - 92 2
32424 + 92
32425 # 1504
32425 - 92 1
32426 # 1504
32427 # 1504
32428 + 92
32429 # 1504
32429 - 92 1
32431 # 1504
32432 + 92
32434 # 1504
32434 - 92 2
32435 # 1504
32437 # 1504
32437 + 92
32439 # 1504
32439 - 92 2
32440 # 1504
32442 # 1504
32444 # 1504
32446 # 1504
32447 + 92
32447 + 92
32450 # 1504
32450 - 92 3
32450 - 92 3
32451 # 1504
32452 # 1504
32452 + 92
32454 # 1504
32454 - 92 2
32457 # 1504
32459 # 1504
32460 # 1504
32461 # 1504
32463 # 1504
32464 + 92
32464 + 92
32466 # 1504
32466 - 92 2
32466 - 92 2
32468 + 92
32469 # 1504
32469 - 92 1
32472 # 1504
32472 + 92
32473 # 1504
32473 - 92 1
32476 # 1504
32478 # 1504
32478 + 92
32479 # 1504
32479 - 92 1
32481 # 1504
32483 # 1504
32483 + 92
32485 # 1504
32485 - 92 2
32485 + 92
32487 # 1504
32487 - 92 2
32488 + 92
32493 + 92
32497 + 92
32498 # 1504
32498 - 92 10
32498 - 92 5
32498 - 92 1
32498 # 1504
32501 # 1504
32501 # 1504
32501 + 92
32510 + 92
32515 # 1504
32515 - 92 14
32515 - 92 5
32515 # 1504
32516 # 1504
32516 # 1504
32516 # 1504
32519 # 1504
32521 # 1504
32521 + 92
32524 # 1504
32524 - 92 3
32526 # 1504
32528 # 1504
32533 + 92
32538 + 92
32540 # 1504
32540 - 92 7
32540 - 92 2
32540 # 1504
32540 # 1504
32540 # 1504
32542 # 1504
32543 + 92
32544 # 1504
32544 - 92 1
32547 # 1504
32549 # 1504
32551 # 1504
32553 # 1504
32553 + 92
32555 # 1504
32555 - 92 2
32556 # 1504
32558 # 1504
32561 # 1504
32563 # 1504
32564 # 1504
32565 + 92
32566 # 1504
32566 - 92 1
32568 # 1504
32570 # 1504
32570 + 92
32570 + 92
32573 # 1504
32573 - 92 3
32573 - 92 3
32574 # 1504
32575 # 1504
32575 + 92
32577 # 1504
32577 - 92 2
32579 # 1504
32581 # 1504
32581 + 92
32583 # 1504
32583 - 92 2
32585 # 1504
32585 + 92
32587 # 1504
32587 - 92 2
32589 # 1504
32591 + 92
32596 + 92
32598 # 1504
32598 - 92 7
32598 - 92 2
32598 # 1504
32599 # 1504
32599 # 1504
32599 # 1504
32600 + 92
32602 # 1504
32602 - 92 2
32604 # 1504
32604 + 92
32606 # 1504
32606 - 92 2
32607 # 1504
32609 # 1504
32611 # 1504
32615 # 1504
32617 # 1504
32617 + 92
32619 # 1504
32619 - 92 2
32621 # 1504
32621 + 92
32623 # 1504
32623 - 92 2
32623 + 92
32624 # 1504
32624 - 92 1
32626 # 1504
32628 # 1504
32630 # 1504
32632 # 1504
32632 + 92
32632 + 92
32635 # 1504
32635 - 92 3
32635 - 92 3
32636 # 1504
32637 # 1504
32639 # 1504
32641 # 1504
32641 + 92
32641 + 92
32644 # 1504
32644 - 92 3
32644 - 92 3
32645 # 1504
32645 + 92
32647 # 1504
32647 - 92 2
32648 # 1504
32650 # 1504
32652 # 1504
32655 # 1504
32655 + 92
32655 + 92
32657 # 1504
32657 - 92 2
32657 - 92 2
32659 # 1504
32661 # 1504
32661 + 92
32664 # 1504
32664 - 92 3
32666 # 1504
32666 + 92
32669 # 1504
32669 - 92 3
32670 + 92
32672 # 1504
32672 - 92 2
32673 # 1504
32676 + 92
32677 # 1504
32677 - 92 1
32677 # 1504
32683 + 92
32684 # 1504
32684 - 92 1
32685 # 1504
32688 # 1504
32689 # 1504
32690 # 1504
32693 # 1504
32695 # 1504
32696 + 92
32696 + 92
32697 + 92
32698 # 1504
32698 - 92 2
32698 - 92 2
32698 - 92 1
32700 # 1504
32701 + 92
32702 # 1504
32702 - 92 1
32704 # 1504
32704 + 92
32707 # 1504
32707 - 92 3
32709 # 1504
32710 + 92
32711 # 1504
32711 - 92 1
32712 # 1504
32722 + 92
32722 + 92
32722 + 92
32723 # 1504
32723 - 92 1
32723 - 92 1
32723 - 92 1
32723 # 1504
32723 # 1504
32726 # 1504
32726 # 1504
32729 + 92
32732 # 1504
32732 - 92 3
32732 # 1504
32733 + 92
32735 # 1504
32735 - 92 2
32735 # 1504
32735 # 1504
32736 # 1504
32739 # 1504
32739 + 92
32741 # 1504
32741 - 92 2
32745 + 92
32750 # 1504
32750 - 92 5
32750 # 1504
32750 # 1504
32750 # 1504
32751 # 1504
32753 + 92
32755 # 1504
32755 - 92 2
32755 # 1504
32757 # 1504
32759 # 1504
32762 # 1504
32763 # 1504
32765 # 1504
32766 # 1504
32768 # 1504
32770 + 92
32771 # 1504
32771 - 92 1
32772 # 1504
32773 # 1504
32777 # 1504
32779 # 1504
32780 # 1504
32781 # 1504
32783 # 1504
32785 + 92
32786 # 1504
32786 - 92 1
32787 # 1504
32789 # 1504
32790 + 92
32792 # 1504
32792 - 92 2
32792 + 92
32793 # 1504
32793 - 92 1
32795 # 1504
32797 # 1504
32798 # 1504
32801 # 1504
32802 # 1504
32805 # 1504
32805 + 92
32805 + 92
32806 # 1504
32806 - 92 1
32806 - 92 1
32807 + 92
32812 + 92
32813 # 1504
32813 - 92 6
32813 - 92 1
32813 # 1504
32813 # 1504
32816 # 1504
32816 + 92
32818 # 1504
32818 - 92 2
32820 # 1504
32821 + 92
32823 # 1504
32823 - 92 2
32824 # 1504
32826 + 92
32827 # 1504
32827 - 92 1
32829 # 1504
32831 # 1504
32833 # 1504
32834 + 92
32835 # 1504
32835 - 92 1
32837 # 1504
32838 # 1504
32841 # 1504
32842 # 1504
32843 + 92
32844 # 1504
32844 - 92 1
32847 # 1504
32849 + 92
32857 + 92
32858 # 1504
32858 - 92 9
32858 - 92 1
32858 # 1504
32858 # 1504
32863 + 92
32865 # 1504
32865 - 92 2
32865 # 1504
32866 # 1504
32867 # 1504
32867 # 1504
32878 # 1504
32878 # 1504
32880 + 92
32882 # 1504
32882 - 92 2
32882 # 1504
32882 # 1504
32882 # 1504
32883 # 1504
32885 + 92
32886 # 1504
32886 - 92 1
32887 # 1504
32889 # 1504
32889 + 92
32894 + 92
32898 # 1504
32898 - 92 9
32898 - 92 4
32898 # 1504
32898 # 1504
32906 # 1504
32906 # 1504
32910 # 1504
32910 # 1504
32910 # 1504
32910 + 92
32911 + 92
32913 + 92
32917 # 1504
32917 - 92 7
32917 - 92 6
32917 - 92 4
32918 # 1504
32918 # 1504
32920 + 92
32926 # 1504
32926 - 92 6
32926 # 1504
32926 # 1504
32926 + 92
32927 # 1504
32927 - 92 1
32927 # 1504
32929 # 1504
32931 + 92
32936 + 92
32941 + 92
32944 + 92
32950 # 1504
32950 - 92 19
32950 - 92 14
32950 - 92 9
32950 - 92 6
32950 # 1504
32950 # 1504
32950 # 1504
32950 # 1504
32950 # 1504
32950 + 92
32951 # 1504
32951 - 92 1
32951 # 1504
32955 # 1504
32955 # 1504
32955 # 1504
32956 # 1504
32956 + 92
32962 + 92
32965 + 92
32966 # 1504
32966 - 92 10
32966 - 92 4
32966 - 92 1
32966 # 1504
32966 # 1504
32967 # 1504
32967 # 1504
32968 # 1504
32971 + 92
32972 # 1504
32972 - 92 1
32974 # 1504
32975 # 1504
32976 + 92
32977 # 1504
32977 - 92 1
32979 # 1504
32982 # 1504
32982 # 1504
32984 + 92
32986 # 1504
32986 - 92 2
32988 # 1504
32989 # 1504
32989 + 92
32991 # 1504
32991 - 92 2
32997 + 92
33002 + 92
33003 # 1504
33003 - 92 6
33003 - 92 1
33004 # 1504
33004 # 1504
33004 # 1504
33004 # 1504
33005 # 1504
33007 # 1504
33008 # 1504
33010 # 1504
33015 # 1504
33017 # 1504
33020 # 1504
33021 # 1504
33023 # 1504
33023 + 92
33025 # 1504
33025 - 92 2
33025 + 92
33036 # 1504
33036 - 92 11
33036 # 1504
33036 # 1504
33036 # 1504
33036 + 92
33037 # 1504
33037 - 92 1
33038 # 1504
33043 # 1504
33043 + 92
33044 # 1504
33044 - 92 1
33047 # 1504
33050 # 1504
33052 # 1504
33053 # 1504
33055 + 92
33057 + 92
33066 # 1504
33066 - 92 11
33066 - 92 9
33066 # 1504
33066 # 1504
33067 # 1504
33067 # 1504
33070 + 92
33072 + 92
33077 # 1504
33077 - 92 7
33077 - 92 5
33077 # 1504
33077 # 1504
33077 # 1504
33077 # 1504
33078 # 1504
33081 # 1504
33083 # 1504
33083 + 92
33084 # 1504
33084 - 92 1
33086 # 1504
33088 # 1504
33089 + 92
33090 # 1504
33090 - 92 1
33092 # 1504
33093 + 92
33094 # 1504
33094 - 92 1
33097 # 1504
33098 # 1504
33098 + 92
33105 + 92
33109 # 1504
33109 - 92 11
33109 - 92 4
33109 # 1504
33109 # 1504
33109 # 1504
33111 + 92
33115 + 92
33118 # 1504
33118 - 92 7
33118 - 92 3
33118 # 1504
33118 # 1504
33118 # 1504
33120 # 1504
33124 # 1504
33125 # 1504
33125 + 92
33127 # 1504
33127 - 92 2
33129 # 1504
33130 + 92
33131 # 1504
33131 - 92 1
33133 # 1504
33135 # 1504
33138 # 1504
33138 # 1504
33139 + 92
33140 # 1504
33140 - 92 1
33142 # 1504
33145 # 1504
33145 + 92
33146 # 1504
33146 - 92 1
33150 # 1504
33159 + 92
33165 + 92
33167 # 1504
33167 - 92 8
33167 - 92 2
33167 # 1504
33167 # 1504
33167 # 1504
33167 # 1504
33168 # 1504
33172 + 92
33173 # 1504
33173 - 92 1
33173 # 1504
33173 # 1504
33175 # 1504
33178 + 92
33185 + 92
33186 # 1504
33186 - 92 8
33186 - 92 1
33186 # 1504
33186 # 1504
33190 # 1504
33191 # 1504
33191 # 1504
33192 # 1504
33192 + 92
33194 # 1504
33194 - 92 2
33196 # 1504
33201 + 92
33203 + 92
33207 # 1504
33207 - 92 6
33207 - 92 4
33207 # 1504
33207 # 1504
33207 # 1504
33207 # 1504
33208 # 1504
33208 + 92
33210 # 1504
33210 - 92 2
33212 # 1504
33213 + 92
33214 # 1504
33214 - 92 1
33216 # 1504
33218 # 1504
33220 # 1504
33222 # 1504
33224 # 1504
33226 # 1504
33228 # 1504
33230 # 1504
33230 + 92
33230 + 92
33231 # 1504
33231 - 92 1
33231 - 92 1
33234 # 1504
33235 # 1504
33237 # 1504
33239 # 1504
33239 + 92
33241 # 1504
33241 - 92 2
33243 # 1504
33245 # 1504
33246 + 92
33255 + 92
33256 # 1504
33256 - 92 10
33256 - 92 1
33273 + 92
33274 # 1504
33274 - 92 1
33274 # 1504
33274 # 1504
33274 # 1504
33274 # 1504
33274 # 1504
33274 # 1504
33275 # 1504
33275 # 1504
33275 # 1504
33275 # 1504
33275 # 1504
33275 # 1504
33275 # 1504
33275 # 1504
33277 # 1504
33279 # 1504
33280 # 1504
33282 # 1504
33283 + 92
33284 # 1504
33284 - 92 1
33286 # 1504
33288 # 1504
33288 + 92
33290 # 1504
33290 - 92 2
33292 # 1504
33293 # 1504
33295 # 1504
33297 # 1504
33297 + 92
33299 # 1504
33299 - 92 2
33301 # 1504
33303 # 1504
33306 # 1504
33307 # 1504
33309 # 1504
33309 + 92
33311 # 1504
33311 - 92 2
33313 # 1504
33313 + 92
33315 # 1504
33315 - 92 2
33316 # 1504
33318 # 1504
33321 + 92
33322 # 1504
33322 - 92 1
33323 # 1504
33324 # 1504
33326 # 1504
33328 # 1504
33328 + 92
33331 # 1504
33331 - 92 3
33333 # 1504
33342 + 92
33343 # 1504
33343 - 92 1
33343 # 1504
33343 # 1504
33343 # 1504
33343 # 1504
33344 + 92
33345 # 1504
33345 - 92 1
33347 # 1504
33349 # 1504
33351 # 1504
33353 # 1504
33356 # 1504
33357 # 1504
33357 + 92
33358 + 92
33360 # 1504
33360 - 92 3
33360 - 92 2
33361 # 1504
33363 # 1504
33364 + 92
33365 # 1504
33365 - 92 1
33367 # 1504
33370 # 1504
33370 + 92
33375 + 92
33382 + 92
33384 # 1504
33384 - 92 14
33384 - 92 9
33384 - 92 2
33384 # 1504
33384 # 1504
33384 # 1504
33385 # 1504
33385 # 1504
33386 # 1504
33387 # 1504
33387 + 92
33389 # 1504
33389 - 92 2
33391 # 1504
33392 # 1504
33392 + 92
33394 # 1504
33394 - 92 2
33394 # 1504
33396 # 1504
33397 + 92
33399 # 1504
33399 - 92 2
33399 # 1504
33400 # 1504
33401 # 1504
33402 # 1504
33403 # 1504
33403 + 92
33404 # 1504
33404 - 92 1
33406 # 1504
33407 + 92
33409 # 1504
33409 - 92 2
33409 # 1504
33410 # 1504
33413 # 1504
33413 # 1504
33414 # 1504
33414 + 92
33416 # 1504
33416 - 92 2
33416 + 92
33417 # 1504
33417 - 92 1
33418 # 1504
33420 # 1504
33420 + 92
33421 # 1504
33421 - 92 1
33422 # 1504
33423 # 1504
33425 # 1504
33425 + 92
33426 # 1504
33426 - 92 1
33427 # 1504
33428 # 1504
33429 + 92
33431 # 1504
33431 - 92 2
33432 # 1504
33432 + 92
33433 # 1504
33433 - 92 1
33435 # 1504
33437 # 1504
33437 + 92
33439 # 1504
33439 - 92 2
33440 + 92
33441 # 1504
33441 - 92 1
33445 + 92
33450 # 1504
33450 - 92 5
33450 # 1504
33450 + 92
33455 # 1504
33455 - 92 5
33455 # 1504
33456 # 1504
33456 # 1504
33456 # 1504
33456 # 1504
33458 # 1504
33458 + 92
33460 # 1504
33460 - 92 2
33461 # 1504
33461 + 92
33463 # 1504
33463 - 92 2
33466 + 92
33467 # 1504
33467 - 92 1
33468 # 1504
33470 # 1504
33471 + 92
33481 # 1504
33481 - 92 10
33482 # 1504
33482 # 1504
33482 # 1504
33482 # 1504
33482 # 1504
33483 + 92
33484 # 1504
33484 - 92 1
33484 + 92
33485 # 1504
33485 - 92 1
33485 + 92
33487 # 1504
33487 - 92 2
33488 # 1504
33489 + 92
33490 # 1504
33490 - 92 1
33493 + 92
33497 + 92
33500 # 1504
33500 - 92 7
33500 - 92 3
33503 # 1504
33505 # 1504
33508 # 1504
33508 # 1504
33508 # 1504
33508 + 92
33515 # 1504
33515 - 92 7
33515 # 1504
33518 + 92
33522 # 1504
33522 - 92 4
33522 # 1504
33522 # 1504
33522 # 1504
33522 # 1504
33523 # 1504
33524 + 92
33525 # 1504
33525 - 92 1
33526 # 1504
33528 # 1504
33529 # 1504
33530 + 92
33533 + 92
33538 + 92
33542 # 1504
33542 - 92 12
33542 - 92 9
33542 - 92 4
33542 # 1504
33542 # 1504
33542 # 1504
33542 # 1504
33542 + 92
33543 # 1504
33543 - 92 1
33545 # 1504
33546 # 1504
33546 + 92
33549 # 1504
33549 - 92 3
33551 # 1504
33551 + 92
33557 + 92
33560 # 1504
33560 - 92 9
33560 - 92 3
33561 # 1504
33561 # 1504
33561 # 1504
33561 # 1504
33561 # 1504
33561 # 1504
33561 + 92
33563 # 1504
33563 - 92 2
33564 # 1504
33566 # 1504
33566 + 92
33569 + 92
33573 # 1504
33573 - 92 7
33573 - 92 4
33573 # 1504
33574 # 1504
33574 + 92
33575 # 1504
33575 - 92 1
33577 # 1504
33578 # 1504
33579 # 1504
33579 + 92
33581 # 1504
33581 - 92 2
33582 # 1504
33583 # 1504
33584 # 1504
33584 + 92
33586 # 1504
33586 - 92 2
33587 # 1504
33587 + 92
33589 # 1504
33589 - 92 2
33590 # 1504
33594 + 92
33597 + 92
33600 + 92
33601 # 1504
33601 - 92 7
33601 - 92 4
33601 - 92 1
33601 # 1504
33601 # 1504
33601 # 1504
33601 # 1504
33601 # 1504
33602 # 1504
33602 # 1504
33603 # 1504
33605 # 1504
33605 + 92
33606 # 1504
33606 - 92 1
33607 # 1504
33607 + 92
33608 # 1504
33608 - 92 1
33610 # 1504
33613 # 1504
33616 + 92
33616 + 92
33620 + 92
33621 # 1504
33621 - 92 5
33621 - 92 5
33621 - 92 1
33621 # 1504
33622 # 1504
33622 # 1504
33622 # 1504
33622 # 1504
33622 # 1504
33623 # 1504
33624 # 1504
33624 + 92
33633 + 92
33633 + 92
33636 + 92
33648 + 92
33649 + 92
33655 + 92
33656 # 1504
33656 - 92 32
33656 - 92 23
33656 - 92 23
33656 - 92 20
33656 - 92 8
33656 - 92 7
33656 - 92 1
33656 # 1504
33656 # 1504
33656 # 1504
33656 # 1504
33657 # 1504
33657 # 1504
33657 # 1504
33657 # 1504
33657 # 1504
33657 # 1504
33657 + 92
33658 # 1504
33658 - 92 1
33658 # 1504
33659 # 1504
33661 # 1504
33661 # 1504
33662 # 1504
33662 # 1504
33663 # 1504
33663 # 1504
33667 # 1504
33668 # 1504
33668 # 1504
33668 # 1504
33669 # 1504
33669 # 1504
33670 # 1504
33671 # 1504
33672 # 1504
33672 # 1504
33673 # 1504
33675 # 1504
33675 + 92
33677 # 1504
33677 - 92 2
33677 # 1504
33678 # 1504
33678 # 1504
33678 # 1504
33678 # 1504
33678 # 1504
33679 # 1504
33680 + 92
33683 + 92
33685 + 92
33690 + 92
33692 + 92
33698 + 92
33701 + 92
33705 + 92
33707 # 1504
33707 - 92 27
33707 - 92 24
33707 - 92 22
33707 - 92 17
33707 - 92 15
33707 - 92 9
33707 - 92 6
33707 - 92 2
33707 # 1504
33707 # 1504
33707 # 1504
33707 # 1504
33707 # 1504
33707 # 1504
33708 # 1504
33708 # 1504
33708 # 1504
33708 + 92
33711 + 92
33714 # 1504
33714 - 92 6
33714 - 92 3
33715 # 1504
33715 # 1504
33715 # 1504
33715 # 1504
33715 + 92
33719 + 92
33722 # 1504
33722 - 92 7
33722 - 92 3
33722 # 1504
33722 # 1504
33722 # 1504
33722 # 1504
33722 # 1504
33722 # 1504
33722 + 92
33727 + 92
33730 + 92
33732 # 1504
33732 - 92 10
33732 - 92 5
33732 - 92 2
33732 # 1504
33732 # 1504
33735 + 92
33736 # 1504
33736 - 92 1
33738 # 1504
33738 # 1504
33738 # 1504
33738 + 92
33739 # 1504
33739 - 92 1
33739 # 1504
33739 # 1504
33739 # 1504
33739 # 1504
33743 + 92
33746 + 92
33749 # 1504
33749 - 92 6
33749 - 92 3
33749 # 1504
33749 # 1504
33750 # 1504
33750 + 92
33755 # 1504
33755 - 92 5
33755 # 1504
33755 # 1504
33755 # 1504
33755 # 1504
33756 # 1504
33756 # 1504
33758 # 1504
33759 # 1504
33760 + 92
33760 + 92
33761 # 1504
33761 - 92 1
33761 - 92 1
33763 # 1504
33765 # 1504
33765 # 1504
33766 # 1504
33767 # 1504
33769 # 1504
33770 # 1504
33771 # 1504
33772 # 1504
33774 # 1504
33775 # 1504
33776 # 1504
33777 # 1504
33779 # 1504
33780 # 1504
33781 # 1504
33783 # 1504
33783 + 92
33783 + 92
33785 # 1504
33785 - 92 2
33785 - 92 2
33785 # 1504
33786 # 1504
33786 + 92
33788 # 1504
33788 - 92 2
33789 # 1504
33791 + 92
33796 + 92
33799 # 1504
33799 - 92 8
33799 - 92 3
33800 # 1504
33800 # 1504
33800 # 1504
33800 # 1504
33800 # 1504
33800 # 1504
33800 # 1504
33801 + 92
33802 # 1504
33802 - 92 1
33803 # 1504
33803 # 1504
33804 # 1504
33804 + 92
33805 # 1504
33805 - 92 1
33816 # 1504
33816 # 1504
33816 # 1504
33817 # 1504
33817 # 1504
33817 # 1504
33817 + 92
33817 + 92
33820 + 92
33821 # 1504
33821 - 92 4
33821 - 92 4
33821 - 92 1
33822 # 1504
33822 # 1504
33822 # 1504
33822 # 1504
33823 # 1504
33824 + 92
33829 + 92
33832 # 1504
33832 - 92 8
33832 - 92 3
33832 # 1504
33832 # 1504
33832 # 1504
33832 # 1504
33832 # 1504
33832 + 92
33839 # 1504
33839 - 92 7
33839 + 92
33840 # 1504
33840 - 92 1
33840 # 1504
33841 # 1504
33841 + 92
33842 # 1504
33842 - 92 1
33845 # 1504
33845 + 92
33847 # 1504
33847 - 92 2
33847 + 92
33852 + 92
33858 # 1504
33858 - 92 11
33858 - 92 6
33858 # 1504
33858 # 1504
33861 # 1504
33861 # 1504
33861 # 1504
33861 # 1504
33861 # 1504
33861 # 1504
33861 + 92
33861 + 92
33862 # 1504
33862 - 92 1
33862 - 92 1
33863 # 1504
33863 + 92
33865 # 1504
33865 - 92 2
33866 # 1504
33866 + 92
33869 + 92
33873 + 92
33875 # 1504
33875 - 92 9
33875 - 92 6
33875 - 92 2
33876 # 1504
33876 # 1504
33877 # 1504
33877 # 1504
33877 # 1504
33877 # 1504
33877 + 92
33878 # 1504
33878 - 92 1
33880 # 1504
33880 + 92
33882 # 1504
33882 - 92 2
33883 # 1504
33883 + 92
33884 # 1504
33884 - 92 1
33885 # 1504
33886 # 1504
33887 # 1504
33887 + 92
33891 + 92
33893 + 92
33897 # 1504
33897 - 92 10
33897 - 92 6
33897 - 92 4
33897 # 1504
33897 # 1504
33897 # 1504
33897 # 1504
33897 # 1504
33897 # 1504
33897 + 92
33899 + 92
33904 + 92
33906 + 92
33907 # 1504
33907 - 92 10
33907 - 92 8
33907 - 92 3
33907 - 92 1
33907 # 1504
33907 # 1504
33907 # 1504
33907 # 1504
33911 + 92
33914 # 1504
33914 - 92 3
33914 + 92
33917 + 92
33919 + 92
33921 # 1504
33921 - 92 7
33921 - 92 4
33921 - 92 2
33922 + 92
33923 # 1504
33923 - 92 1
33925 + 92
33928 + 92
33933 + 92
33934 # 1504
33934 - 92 9
33934 - 92 6
33934 - 92 1
33935 # 1504
33936 # 1504
33936 + 92
33938 # 1504
33938 - 92 2
33938 # 1504
33939 + 92
33941 # 1504
33941 - 92 2
33942 # 1504
33942 + 92
33944 # 1504
33944 - 92 2
33945 # 1504
33945 + 92
33947 # 1504
33947 - 92 2
33948 # 1504
33948 + 92
33950 # 1504
33950 - 92 2
33953 # 1504
33953 # 1504
33953 + 92
33956 + 92
33960 + 92
33961 + 92
33965 + 92
33967 # 1504
33967 - 92 14
33967 - 92 11
33967 - 92 7
33967 - 92 6
33967 - 92 2
33967 # 1504
33967 # 1504
33967 # 1504
33967 # 1504
33967 # 1504
33968 # 1504
33968 + 92
33970 # 1504
33970 - 92 2
33970 + 92
33971 # 1504
33971 - 92 1
33973 # 1504
33974 # 1504
33975 # 1504
33976 + 92
33976 + 92
33977 # 1504
33977 - 92 1
33977 - 92 1
33978 # 1504
33980 + 92
33982 # 1504
33982 - 92 2
33982 + 92
33986 + 92
33988 # 1504
33988 - 92 6
33988 - 92 2
33990 # 1504
33990 + 92
33990 + 92
33991 # 1504
33991 - 92 1
33991 - 92 1
33993 # 1504
33994 # 1504
33995 # 1504
33997 # 1504
33998 # 1504
34000 # 1504
34001 # 1504
34002 + 92
34002 + 92
34002 + 92
34003 # 1504
34003 - 92 1
34003 - 92 1
34003 - 92 1
34003 # 1504
34004 + 92
34005 # 1504
34005 - 92 1
34008 # 1504
34008 # 1504
34008 + 92
34009 # 1504
34009 - 92 1
34010 # 1504
34018 + 92
34021 # 1504
34021 - 92 3
34021 # 1504
34021 # 1504
34022 + 92
34025 # 1504
34025 - 92 3
34025 # 1504
34026 # 1504
34026 # 1504
34028 # 1504
34029 # 1504
34029 # 1504
34032 + 92
34032 + 92
34034 + 92
34036 + 92
34041 + 92
34041 + 92
34045 + 92
34047 # 1504
34047 - 92 15
34047 - 92 15
34047 - 92 13
34047 - 92 11
34047 - 92 6
34047 - 92 6
34047 - 92 2
34047 # 1504
34047 # 1504
34047 # 1504
34047 # 1504
34047 # 1504
34047 # 1504
34048 # 1504
34048 # 1504
34057 # 1504
34057 # 1504
34057 # 1504
34059 # 1504
34063 # 1504
34064 + 92
34064 + 92
34064 + 92
34064 + 92
34064 + 92
34064 + 92
34065 # 1504
34065 - 92 1
34065 - 92 1
34065 - 92 1
34065 - 92 1
34065 - 92 1
34065 - 92 1
34069 + 92
34071 # 1504
34071 - 92 2
34072 + 92
34073 # 1504
34073 - 92 1
34077 + 92
34077 + 92
34080 + 92
34081 # 1504
34081 - 92 4
34081 - 92 4
34081 - 92 1
34086 + 92
34088 + 92
34089 # 1504
34089 - 92 3
34089 - 92 1
34089 + 92
34093 + 92
34095 + 92
34098 + 92
34100 + 92
34101 # 1504
34101 - 92 12
34101 - 92 8
34101 - 92 6
34101 - 92 3
34101 - 92 1
34103 + 92
34105 + 92
34107 + 92
34110 + 92
34113 + 92
34114 # 1504
34114 - 92 11
34114 - 92 9
34114 - 92 7
34114 - 92 4
34114 - 92 1
34114 # 1504
34114 + 92
34116 # 1504
34116 - 92 2
34117 + 92
34119 + 92
34121 # 1504
34121 - 92 4
34121 - 92 2
34122 + 92
34123 # 1504
34123 - 92 1
34126 + 92
34130 + 92
34131 + 92
34132 # 1504
34132 - 92 6
34132 - 92 2
34132 - 92 1
34133 + 92
34134 # 1504
34134 - 92 1
34135 + 92
34137 # 1504
34137 - 92 2
34139 # 1504
34140 + 92
34140 + 92
34144 # 1504
34144 - 92 4
34144 - 92 4
34146 # 1504
34146 # 1504
34151 + 92
34151 + 92
34151 + 92
34152 # 1504
34152 - 92 1
34152 - 92 1
34152 - 92 1
34157 # 1504
34157 # 1504
34157 # 1504
34161 # 1504
34164 # 1504
34164 + 92
34164 + 92
34166 # 1504
34166 - 92 2
34166 - 92 2
34167 # 1504
34170 # 1504
34171 # 1504
34173 # 1504
34173 + 92
34175 # 1504
34175 - 92 2
34175 # 1504
34177 # 1504
34178 # 1504
34178 + 92
34179 # 1504
34179 - 92 1
34180 # 1504
34181 + 92
34182 # 1504
34182 - 92 1
34183 # 1504
34183 + 92
34184 # 1504
34184 - 92 1
34187 + 92
34190 + 92
34192 + 92
34195 # 1504
34195 - 92 8
34195 - 92 5
34195 - 92 3
34195 # 1504
34195 # 1504
34195 # 1504
34195 + 92
34198 + 92
34201 + 92
34205 + 92
34209 # 1504
34209 - 92 14
34209 - 92 11
34209 - 92 8
34209 - 92 4
34209 # 1504
34209 # 1504
34209 # 1504
34209 # 1504
34209 # 1504
34209 + 92
34210 # 1504
34210 - 92 1
34212 + 92
34213 + 92
34214 # 1504
34214 - 92 2
34214 - 92 1
34217 # 1504
34225 + 92
34225 + 92
34225 + 92
34225 + 92
34227 # 1504
34227 - 92 2
34227 - 92 2
34227 - 92 2
34227 - 92 2
34229 # 1504
34229 + 92
34231 + 92
34232 # 1504
34232 - 92 3
34232 - 92 1
34233 # 1504
34233 + 92
34235 # 1504
34235 - 92 2
34235 + 92
34237 + 92
34240 # 1504
34240 - 92 5
34240 - 92 3
34240 + 92
34241 # 1504
34241 - 92 1
34242 + 92
34243 + 92
34244 # 1504
34244 - 92 2
34244 - 92 1
34247 # 1504
34248 + 92
34249 # 1504
34249 - 92 1
34251 + 92
34252 # 1504
34252 - 92 1
34253 + 92
34255 # 1504
34255 - 92 2
34256 + 92
34257 # 1504
34257 - 92 1
34259 # 1504
34261 # 1504
34263 # 1504
34264 + 92
34264 + 92
34265 # 1504
34265 - 92 1
34265 - 92 1
34273 + 92
34277 + 92
34279 # 1504
34279 - 92 6
34279 - 92 2
34279 # 1504
34282 # 1504
34283 # 1504
34285 # 1504
34285 # 1504
34286 # 1504
34288 # 1504
34288 + 92
34288 + 92
34290 + 92
34293 + 92
34296 + 92
34297 # 1504
34297 - 92 9
34297 - 92 9
34297 - 92 7
34297 - 92 4
34297 - 92 1
34298 # 1504
34298 # 1504
34300 + 92
34303 + 92
34305 + 92
34310 # 1504
34310 - 92 10
34310 - 92 7
34310 - 92 5
34310 + 92
34312 # 1504
34312 - 92 2
34312 + 92
34313 # 1504
34313 - 92 1
34313 # 1504
34315 # 1504
34317 # 1504
34317 # 1504
34317 + 92
34317 + 92
34320 + 92
34323 + 92
34325 # 1504
34325 - 92 8
34325 - 92 8
34325 - 92 5
34325 - 92 2
34327 + 92
34329 + 92
34333 + 92
34336 # 1504
34336 - 92 9
34336 - 92 7
34336 - 92 3
34336 # 1504
34336 # 1504
34336 + 92
34337 # 1504
34337 - 92 1
34337 # 1504
34337 + 92
34349 + 92
34349 + 92
34351 # 1504
34351 - 92 14
34351 - 92 2
34351 - 92 2
34352 + 92
34356 + 92
34357 + 92
34363 + 92
34367 + 92
34370 + 92
34372 # 1504
34372 - 92 20
34372 - 92 16
34372 - 92 15
34372 - 92 9
34372 - 92 5
34372 - 92 2
34372 + 92
34374 + 92
34375 + 92
34379 + 92
34382 # 1504
34382 - 92 10
34382 - 92 8
34382 - 92 7
34382 - 92 3
34388 + 92
34390 # 1504
34390 - 92 2
34390 + 92
34392 + 92
34397 + 92
34400 # 1504
34400 - 92 10
34400 - 92 8
34400 - 92 3
34407 # 1504
34410 + 92
34410 + 92
34412 + 92
34415 # 1504
34415 - 92 5
34415 - 92 5
34415 - 92 3
34415 + 92
34416 + 92
34420 + 92
34422 + 92
34424 + 92
34426 + 92
34430 + 92
34433 + 92
34433 + 92
34435 # 1504
34435 - 92 20
34435 - 92 19
34435 - 92 15
34435 - 92 13
34435 - 92 11
34435 - 92 9
34435 - 92 5
34435 - 92 2
34435 - 92 2
34435 + 92
34439 + 92
34442 # 1504
34442 - 92 7
34442 - 92 3
34448 + 92
34450 + 92
34453 # 1504
34453 - 92 5
34453 - 92 3
34453 + 92
34456 + 92
34457 # 1504
34457 - 92 4
34457 - 92 1
34462 # 1504
34464 + 92
34465 + 92
34467 # 1504
34467 - 92 3
34467 - 92 2
34467 + 92
34469 + 92
34472 # 1504
34472 - 92 5
34472 - 92 3
34472 + 92
34474 + 92
34474 + 92
34476 # 1504
34476 - 92 4
34476 - 92 2
34476 - 92 2
34477 # 1504
34477 + 92
34480 + 92
34481 # 1504
34481 - 92 4
34481 - 92 1
34482 + 92
34485 # 1504
34485 - 92 3
34485 + 92
34487 + 92
34490 + 92
34491 # 1504
34491 - 92 6
34491 - 92 4
34491 - 92 1
34492 + 92
34494 + 92
34496 # 1504
34496 - 92 4
34496 - 92 2
34498 + 92
34501 + 92
34502 + 92
34503 + 92
34504 # 1504
34504 - 92 6
34504 - 92 3
34504 - 92 2
34504 - 92 1
34505 # 1504
34506 + 92
34509 + 92
34514 # 1504
34514 - 92 8
34514 - 92 5
34520 # 1504
34521 + 92
34523 # 1504
34523 - 92 2
34524 + 92
34529 + 92
34531 + 92
34534 + 92
34541 # 1504
34541 - 92 17
34541 - 92 12
34541 - 92 10
34541 - 92 7
34541 # 1504
34541 # 1504
34544 # 1504
34544 + 92
34548 + 92
34550 # 1504
34550 - 92 6
34550 - 92 2
34550 + 92
34553 # 1504
34553 - 92 3
34553 + 92
34556 # 1504
34556 - 92 3
34556 + 92
34558 + 92
34563 # 1504
34563 - 92 7
34563 - 92 5
34566 + 92
34568 + 92
34571 + 92
34572 # 1504
34572 - 92 6
34572 - 92 4
34572 - 92 1
34573 + 92
34576 # 1504
34576 - 92 3
34576 # 1504
34576 # 1504
34576 + 92
34578 # 1504
34578 - 92 2
34578 + 92
34580 + 92
34581 # 1504
34581 - 92 3
34581 - 92 1
34582 + 92
34584 # 1504
34584 - 92 2
34585 + 92
34585 + 92
34586 # 1504
34586 - 92 1
34586 - 92 1
34588 + 92
34589 # 1504
34589 - 92 1
34591 + 92
34592 # 1504
34592 - 92 1
34593 + 92
34594 # 1504
34594 - 92 1
34595 # 1504
34597 + 92
34599 # 1504
34599 - 92 2
34601 # 1504
34602 # 1504
34605 # 1504
34607 # 1504
34608 + 92
34608 + 92
34609 # 1504
34609 - 92 1
34609 - 92 1
34609 + 92
34612 # 1504
34612 - 92 3
34612 + 92
34614 # 1504
34614 - 92 2
34614 + 92
34617 # 1504
34617 - 92 3
34617 + 92
34619 # 1504
34619 - 92 2
34620 + 92
34621 # 1504
34621 - 92 1
34623 # 1504
34623 + 92
34625 # 1504
34625 - 92 2
34625 + 92
34627 # 1504
34627 - 92 2
34627 + 92
34629 # 1504
34629 - 92 2
34629 + 92
34632 # 1504
34632 - 92 3
34632 + 92
34634 # 1504
34634 - 92 2
34634 + 92
34635 # 1504
34635 - 92 1
34636 + 92
34637 # 1504
34637 - 92 1
34639 # 1504
34641 # 1504
34642 # 1504
34645 # 1504
34645 + 92
34645 + 92
34646 # 1504
34646 - 92 1
34646 - 92 1
34647 + 92
34648 # 1504
34648 - 92 1
34649 # 1504
34651 # 1504
34651 + 92
34653 # 1504
34653 - 92 2
34653 + 92
34655 # 1504
34655 - 92 2
34656 # 1504
34657 + 92
34658 # 1504
34658 - 92 1
34660 # 1504
34663 # 1504
34663 # 1504
34665 # 1504
34666 + 92
34667 # 1504
34667 - 92 1
34668 # 1504
34669 + 92
34670 # 1504
34670 - 92 1
34672 # 1504
34673 # 1504
34674 + 92
34674 + 92
34675 # 1504
34675 - 92 1
34675 - 92 1
34676 + 92
34677 # 1504
34677 - 92 1
34677 + 92
34678 # 1504
34678 - 92 1
34680 # 1504
34681 + 92
34682 + 92
34685 + 92
34685 + 92
34690 # 1504
34690 - 92 9
34690 - 92 8
34690 - 92 5
34690 - 92 5
34691 # 1504
34691 # 1504
34692 # 1504
34692 # 1504
34695 + 92
34696 + 92
34697 # 1504
34697 - 92 2
34697 - 92 1
34697 # 1504
34697 # 1504
34697 # 1504
34698 + 92
34699 # 1504
34699 - 92 1
34700 + 92
34701 # 1504
34701 - 92 1
34702 + 92
34704 # 1504
34704 - 92 2
34704 # 1504
34705 + 92
34706 # 1504
34706 - 92 1
34707 + 92
34708 # 1504
34708 - 92 1
34709 # 1504
34710 + 92
34711 # 1504
34711 - 92 1
34714 # 1504
34714 # 1504
34716 # 1504
34717 + 92
34717 + 92
34720 + 92
34720 + 92
34720 + 92
34720 + 92
34721 + 92
34724 + 92
34725 + 92
34735 + 92
34735 + 92
34736 # 1504
34736 - 92 19
34736 - 92 19
34736 - 92 16
34736 - 92 16
34736 - 92 16
34736 - 92 16
34736 - 92 15
34736 - 92 12
34736 - 92 11
34736 - 92 1
34736 - 92 1
34736 # 1504
34736 # 1504
34736 # 1504
34736 # 1504
34736 # 1504
34736 # 1504
34737 # 1504
34740 + 92
34740 + 92
34740 + 92
34740 + 92
34740 + 92
34741 # 1504
34741 - 92 1
34741 - 92 1
34741 - 92 1
34741 - 92 1
34741 - 92 1
34741 # 1504
34741 # 1504
34741 # 1504
34741 # 1504
34742 # 1504
34742 + 92
34745 # 1504
34745 - 92 3
34745 + 92
34747 # 1504
34747 - 92 2
34747 + 92
34748 # 1504
34748 - 92 1
34748 + 92
34749 # 1504
34749 - 92 1
34750 # 1504
34751 + 92
34752 + 92
34753 # 1504
34753 - 92 2
34753 - 92 1
34753 # 1504
34754 + 92
34755 # 1504
34755 - 92 1
34756 + 92
34758 # 1504
34758 - 92 2
34759 # 1504
34759 # 1504
34759 + 92
34761 # 1504
34761 - 92 2
34762 # 1504
34764 # 1504
34765 # 1504
34767 # 1504
34768 # 1504
34769 + 92
34769 + 92
34770 # 1504
34770 - 92 1
34770 - 92 1
34772 # 1504
34773 # 1504
34773 + 92
34775 # 1504
34775 - 92 2
34776 + 92
34779 + 92
34781 + 92
34785 + 92
34785 + 92
34786 # 1504
34786 - 92 10
34786 - 92 7
34786 - 92 5
34786 - 92 1
34786 - 92 1
34786 # 1504
34787 + 92
34789 # 1504
34789 - 92 2
34789 # 1504
34789 # 1504
34789 # 1504
34789 # 1504
34790 + 92
34792 + 92
34794 + 92
34795 + 92
34798 # 1504
34798 - 92 8
34798 - 92 6
34798 - 92 4
34798 - 92 3
34798 # 1504
34798 # 1504
34799 + 92
34800 # 1504
34800 - 92 1
34800 # 1504
34800 + 92
34802 # 1504
34802 - 92 2
34802 + 92
34803 # 1504
34803 - 92 1
34804 + 92
34806 # 1504
34806 - 92 2
34807 + 92
34808 # 1504
34808 - 92 1
34809 # 1504
34809 + 92
34811 # 1504
34811 - 92 2
34812 + 92
34813 # 1504
34813 - 92 1
34813 # 1504
34816 # 1504
34816 + 92
34817 + 92
34820 + 92
34824 + 92
34825 # 1504
34825 - 92 9
34825 - 92 8
34825 - 92 5
34825 - 92 1
34825 # 1504
34825 # 1504
34825 + 92
34826 # 1504
34826 - 92 1
34826 # 1504
34827 # 1504
34828 + 92
34829 + 92
34830 # 1504
34830 - 92 2
34830 - 92 1
34831 # 1504
34831 + 92
34832 # 1504
34832 - 92 1
34833 # 1504
34833 + 92
34843 # 1504
34843 - 92 10
34843 + 92
34845 # 1504
34845 - 92 2
34845 # 1504
34845 + 92
34848 + 92
34849 + 92
34856 # 1504
34856 - 92 11
34856 - 92 8
34856 - 92 7
34856 # 1504
34856 # 1504
34857 # 1504
34857 # 1504
34857 # 1504
34858 # 1504
34858 # 1504
34858 # 1504
34858 # 1504
34858 # 1504
34858 # 1504
34858 + 92
34859 # 1504
34859 - 92 1
34860 # 1504
34860 + 92
34860 + 92
34863 # 1504
34863 - 92 3
34863 - 92 3
34863 # 1504
34865 # 1504
34866 # 1504
34867 # 1504
34868 + 92
34868 + 92
34868 + 92
34869 # 1504
34869 - 92 1
34869 - 92 1
34869 - 92 1
34870 + 92
34870 + 92
34872 # 1504
34872 - 92 2
34872 - 92 2
34873 + 92
34874 + 92
34875 # 1504
34875 - 92 2
34875 - 92 1
34875 # 1504
34879 + 92
34880 + 92
34884 + 92
34886 # 1504
34886 - 92 7
34886 - 92 6
34886 - 92 2
34886 # 1504
34886 + 92
34887 # 1504
34887 - 92 1
34887 # 1504
34887 # 1504
34887 # 1504
34887 # 1504
34889 + 92
34891 # 1504
34891 - 92 2
34891 + 92
34893 + 92
34894 # 1504
34894 - 92 3
34894 - 92 1
34896 # 1504
34896 + 92
34898 + 92
34899 + 92
34903 # 1504
34903 - 92 7
34903 - 92 5
34903 - 92 4
34903 # 1504
34903 # 1504
34903 # 1504
34905 + 92
34905 + 92
34907 # 1504
34907 - 92 2
34907 - 92 2
34907 + 92
34909 + 92
34911 + 92
34912 + 92
34915 + 92
34915 + 92
34917 # 1504
34917 - 92 10
34917 - 92 8
34917 - 92 6
34917 - 92 5
34917 - 92 2
34917 - 92 2
34917 # 1504
34917 # 1504
34917 # 1504
34917 # 1504
34919 + 92
34920 # 1504
34920 - 92 1
34921 # 1504
34921 + 92
34925 + 92
34925 + 92
34927 + 92
34929 + 92
34938 + 92
34943 + 92
34943 + 92
34945 + 92
34945 + 92
34947 + 92
34949 + 92
34953 + 92
34953 + 92
34957 + 92
34959 + 92
34968 + 92
34968 + 92
34968 + 92
34968 + 92
34976 # 1504
34976 - 92 55
34976 - 92 51
34976 - 92 51
34976 - 92 49
34976 - 92 47
34976 - 92 38
34976 - 92 33
34976 - 92 33
34976 - 92 31
34976 - 92 31
34976 - 92 29
34976 - 92 27
34976 - 92 23
34976 - 92 23
34976 - 92 19
34976 - 92 17
34976 # 1504
34976 - 92 8
34976 - 92 8
34976 - 92 8
34976 - 92 8
34976 # 1504
34976 # 1504
34976 # 1504
34976 # 1504
34976 # 1504
34976 # 1504
34976 # 1504
34976 # 1504
34976 # 1504
34976 # 1504
34976 # 1504
34977 # 1504
34977 # 1504
34977 # 1504
34977 # 1504
34977 # 1504
34977 # 1504
34977 # 1504
34977 # 1504
34977 # 1504
34977 # 1504
34977 # 1504
34977 # 1504
34978 # 1504
34978 # 1504
34978 # 1504
34978 # 1504
34978 + 92
34978 + 92
34980 + 92
34985 + 92
34985 + 92
34986 # 1504
34986 - 92 8
34986 - 92 8
34986 - 92 6
34986 - 92 1
34986 - 92 1
34986 # 1504
34986 # 1504
34986 # 1504
34986 # 1504
34986 # 1504
34986 # 1504
34986 # 1504
34987 # 1504
34987 # 1504
34987 # 1504
34987 # 1504
34989 # 1504
34989 # 1504
34991 # 1504
34991 + 92
34991 + 92
34991 + 92
34997 + 92
34997 + 92
34997 + 92
34998 + 92
35000 # 1504
35000 - 92 9
35000 - 92 9
35000 - 92 9
35000 - 92 3
35000 - 92 3
35000 - 92 3
35000 - 92 2
35000 + 92
35001 # 1504
35001 - 92 1
35001 # 1504
35001 # 1504
35001 # 1504
35001 # 1504
35001 # 1504
35003 + 92
35006 # 1504
35006 - 92 3
35011 # 1504
35012 # 1504
35013 # 1504
35015 # 1504
35015 + 92
35015 + 92
35019 + 92
35025 # 1504
35025 - 92 10
35025 - 92 10
35025 - 92 6
35025 # 1504
35026 # 1504
35026 # 1504
35026 # 1504
35026 # 1504
35029 + 92
35034 + 92
35034 + 92
35035 # 1504
35035 - 92 6
35035 - 92 1
35035 - 92 1
35035 # 1504
35035 # 1504
35035 # 1504
35035 # 1504
35035 # 1504
35035 # 1504
35038 + 92
35039 + 92
35043 + 92
35045 # 1504
35045 - 92 7
35045 - 92 6
35045 - 92 2
35046 # 1504
35046 # 1504
35046 # 1504
35046 # 1504
35046 # 1504
35046 # 1504
35047 # 1504
35047 + 92
35048 + 92
35050 + 92
35054 + 92
35056 + 92
35059 + 92
35065 # 1504
35065 - 92 18
35065 - 92 17
35065 - 92 15
35065 - 92 11
35065 - 92 9
35065 - 92 6
35065 # 1504
35066 # 1504
35066 # 1504
35066 # 1504
35066 # 1504
35067 # 1504
35067 # 1504
35067 # 1504
35067 + 92
35068 # 1504
35068 - 92 1
35068 # 1504
35077 # 1504
35077 # 1504
35078 # 1504
35078 # 1504
35078 + 92
35078 + 92
35083 + 92
35085 + 92
35086 # 1504
35086 - 92 8
35086 - 92 8
35086 - 92 3
35086 - 92 1
35086 # 1504
35086 # 1504
35087 # 1504
35087 # 1504
35087 # 1504
35087 # 1504
35089 + 92
35090 # 1504
35090 - 92 1
35091 + 92
35093 # 1504
35093 - 92 2
35093 # 1504
35093 # 1504
35093 # 1504
35093 + 92
35094 + 92
35095 # 1504
35095 - 92 2
35095 - 92 1
35097 # 1504
35097 # 1504
35098 + 92
35100 + 92
35103 # 1504
35103 - 92 5
35103 - 92 3
35106 + 92
35109 + 92
35110 # 1504
35110 - 92 4
35110 - 92 1
35112 # 1504
35113 # 1504
35115 # 1504
35122 + 92
35122 + 92
35124 + 92
35125 # 1504
35125 - 92 3
35125 - 92 3
35125 - 92 1
35126 # 1504
35126 # 1504
35127 # 1504
35127 # 1504
35127 # 1504
35127 + 92
35134 + 92
35134 + 92
35134 + 92
35137 # 1504
35137 - 92 10
35137 - 92 3
35137 - 92 3
35137 - 92 3
35137 # 1504
35137 # 1504
35137 # 1504
35137 # 1504
35137 # 1504
35138 # 1504
35139 # 1504
35140 # 1504
35143 # 1504
35143 # 1504
35143 + 92
35143 + 92
35144 + 92
35144 + 92
35144 + 92
35145 # 1504
35145 - 92 2
35145 - 92 2
35145 - 92 1
35145 - 92 1
35145 - 92 1
35146 # 1504
35147 # 1504
35147 + 92
35148 # 1504
35148 - 92 1
35149 # 1504
35149 + 92
35151 + 92
35152 + 92
35154 + 92
35156 + 92
35158 + 92
35161 # 1504
35161 - 92 12
35161 - 92 10
35161 - 92 9
35161 - 92 7
35161 - 92 5
35161 - 92 3
35161 # 1504
35161 # 1504
35161 # 1504
35161 # 1504
35162 + 92
35168 + 92
35168 + 92
35168 + 92
35168 + 92
35172 + 92
35174 + 92
35177 + 92
35177 + 92
35179 + 92
35183 + 92
35183 + 92
35186 + 92
35190 + 92
35190 + 92
35192 + 92
35194 + 92
35196 + 92
35200 + 92
35200 + 92
35205 + 92
35205 + 92
35206 + 92
35208 + 92
35210 + 92
35212 + 92
35217 # 1504
35217 - 92 55
35217 - 92 49
35217 - 92 49
35217 - 92 49
35217 - 92 49
35217 - 92 45
35217 - 92 43
35217 - 92 40
35217 - 92 40
35217 - 92 38
35217 - 92 34
35217 - 92 34
35217 - 92 31
35217 - 92 27
35217 - 92 27
35217 - 92 25
35217 # 1504
35217 - 92 23
35217 - 92 21
35217 - 92 17
35217 - 92 17
35217 - 92 12
35217 - 92 12
35217 - 92 11
35217 - 92 9
35217 - 92 7
35217 - 92 5
35217 # 1504
35217 # 1504
35217 # 1504
35217 # 1504
35218 # 1504
35218 # 1504
35218 # 1504
35218 # 1504
35218 # 1504
35218 # 1504
35218 # 1504
35219 # 1504
35219 # 1504
35219 # 1504
35219 # 1504
35219 # 1504
35219 # 1504
35220 # 1504
35220 # 1504
35220 # 1504
35220 # 1504
35220 # 1504
35220 # 1504
35220 # 1504
35220 # 1504
35220 # 1504
35221 # 1504
35221 # 1504
35221 # 1504
35221 # 1504
35221 # 1504
35221 # 1504
35221 # 1504
35221 # 1504
35221 # 1504
35223 + 92
35223 + 92
35223 + 92
35223 + 92
35223 + 92
35230 # 1504
35230 - 92 7
35230 - 92 7
35230 - 92 7
35230 - 92 7
35230 - 92 7
35230 # 1504
35230 # 1504
35230 # 1504
35230 # 1504
35231 # 1504
35234 + 92
35234 + 92
35234 + 92
35234 + 92
35234 + 92
35236 # 1504
35236 - 92 2
35236 - 92 2
35236 - 92 2
35236 - 92 2
35236 - 92 2
35236 + 92
35237 # 1504
35237 - 92 1
35239 + 92
35240 # 1504
35240 - 92 1
35240 # 1504
35241 # 1504
35241 # 1504
35241 # 1504
35241 + 92
35243 + 92
35244 + 92
35248 + 92
35249 + 92
35252 + 92
35252 + 92
35255 + 92
35257 # 1504
35257 - 92 16
35257 - 92 14
35257 - 92 13
35257 - 92 9
35257 - 92 8
35257 - 92 5
35257 - 92 5
35257 - 92 2
35257 # 1504
35257 # 1504
35257 # 1504
35257 # 1504
35257 # 1504
35257 # 1504
35257 # 1504
35257 # 1504
35257 + 92
35258 # 1504
35258 - 92 1
35261 # 1504
35261 # 1504
35261 # 1504
35261 # 1504
35268 # 1504
35268 # 1504
35268 # 1504
35269 + 92
35269 + 92
35272 + 92
35273 # 1504
35273 - 92 4
35273 - 92 4
35273 - 92 1
35273 # 1504
35273 # 1504
35276 + 92
35278 + 92
35281 + 92
35283 + 92
35285 + 92
35286 # 1504
35286 - 92 10
35286 - 92 8
35286 - 92 5
35286 - 92 3
35286 - 92 1
35286 # 1504
35286 # 1504
35287 # 1504
35287 # 1504
35287 # 1504
35287 # 1504
35287 # 1504
35287 # 1504
35287 + 92
35289 + 92
35292 + 92
35294 + 92
35295 # 1504
35295 - 92 8
35295 - 92 6
35295 - 92 3
35295 - 92 1
35296 + 92
35298 + 92
35300 + 92
35310 + 92
35310 + 92
35312 + 92
35312 + 92
35315 + 92
35316 + 92
35317 # 1504
35317 - 92 21
35317 - 92 19
35317 - 92 17
35317 - 92 7
35317 - 92 7
35317 - 92 5
35317 - 92 5
35317 - 92 2
35317 - 92 1
35317 # 1504
35317 # 1504
35317 # 1504
35317 # 1504
35317 # 1504
35317 # 1504
35317 # 1504
35317 # 1504
35317 # 1504
35317 # 1504
35318 # 1504
35318 + 92
35320 + 92
35322 # 1504
35322 - 92 4
35322 - 92 2
35322 # 1504
35322 # 1504
35322 + 92
35324 + 92
35325 # 1504
35325 - 92 3
35325 - 92 1
35328 + 92
35335 # 1504
35335 - 92 7
35335 # 1504
35336 # 1504
35336 # 1504
35336 # 1504
35338 + 92
35338 + 92
35338 + 92
35338 + 92
35340 + 92
35341 + 92
35344 + 92
35345 + 92
35346 # 1504
35346 - 92 8
35346 - 92 8
35346 - 92 8
35346 - 92 8
35346 - 92 6
35346 - 92 5
35346 - 92 2
35346 - 92 1
35347 # 1504
35347 + 92
35350 + 92
35351 # 1504
35351 - 92 4
35351 - 92 1
35352 # 1504
35352 # 1504
35353 # 1504
35353 + 92
35354 + 92
35356 # 1504
35356 - 92 3
35356 - 92 2
35356 # 1504
35356 # 1504
35356 + 92
35359 + 92
35361 + 92
35363 + 92
35366 # 1504
35366 - 92 10
35366 - 92 7
35366 - 92 5
35366 - 92 3
35366 # 1504
35366 # 1504
35367 + 92
35368 + 92
35376 # 1504
35376 - 92 9
35376 - 92 8
35376 # 1504
35376 # 1504
35376 # 1504
35376 # 1504
35376 # 1504
35376 # 1504
35376 # 1504
35377 # 1504
35377 # 1504
35377 # 1504
35377 + 92
35381 # 1504
35381 - 92 4
35381 # 1504
35381 # 1504
35381 # 1504
35384 + 92
35393 + 92
35393 + 92
35396 # 1504
35396 - 92 12
35396 - 92 3
35396 - 92 3
35396 # 1504
35396 # 1504
35396 # 1504
35398 + 92
35401 + 92
35405 # 1504
35405 - 92 7
35405 - 92 4
35405 # 1504
35405 # 1504
35405 # 1504
35412 + 92
35412 + 92
35412 + 92
35412 + 92
35414 + 92
35416 + 92
35418 # 1504
35418 - 92 6
35418 - 92 6
35418 - 92 6
35418 - 92 6
35418 - 92 4
35418 - 92 2
35418 # 1504
35418 # 1504
35418 + 92
35419 # 1504
35419 - 92 1
35419 # 1504
35419 # 1504
35420 + 92
35421 # 1504
35421 - 92 1
35421 # 1504
35421 # 1504
35429 + 92
35431 + 92
35431 + 92
35431 + 92
35434 + 92
35436 # 1504
35436 - 92 7
35436 - 92 5
35436 - 92 5
35436 - 92 5
35436 - 92 2
35436 # 1504
35436 # 1504
35436 # 1504
35436 # 1504
35436 # 1504
35437 # 1504
35437 # 1504
35437 # 1504
35444 + 92
35444 + 92
35444 + 92
35448 # 1504
35448 - 92 4
35448 - 92 4
35448 - 92 4
35448 # 1504
35448 # 1504
35448 # 1504
35448 # 1504
35450 + 92
35450 + 92
35450 + 92
35451 # 1504
35451 - 92 1
35451 - 92 1
35451 - 92 1
35453 # 1504
35453 + 92
35454 # 1504
35454 - 92 1
35456 # 1504
35458 # 1504
35461 # 1504
35462 + 92
35462 + 92
35462 + 92
35468 + 92
35471 # 1504
35471 - 92 9
35471 - 92 9
35471 - 92 9
35471 - 92 3
35471 + 92
35472 # 1504
35472 - 92 1
35476 + 92
35477 # 1504
35477 - 92 1
35477 # 1504
35477 # 1504
35477 # 1504
35477 # 1504
35477 + 92
35479 + 92
35482 + 92
35486 # 1504
35486 - 92 9
35486 - 92 7
35486 - 92 4
35486 # 1504
35486 # 1504
35486 # 1504
35488 # 1504
35490 # 1504
35492 # 1504
35492 + 92
35493 # 1504
35493 - 92 1
35494 # 1504
35496 + 92
35497 # 1504
35497 - 92 1
35497 # 1504
35498 + 92
35499 # 1504
35499 - 92 1
35499 # 1504
35501 # 1504
35502 + 92
35503 # 1504
35503 - 92 1
35503 # 1504
35505 + 92
35506 + 92
35515 # 1504
35515 - 92 10
35515 - 92 9
35516 # 1504
35516 # 1504
35517 # 1504
35517 # 1504
35517 # 1504
35519 # 1504
35520 + 92
35521 + 92
35528 + 92
35531 + 92
35534 # 1504
35534 - 92 14
35534 - 92 13
35534 - 92 6
35534 - 92 3
35534 # 1504
35534 # 1504
35534 # 1504
35534 + 92
35536 + 92
35537 + 92
35539 # 1504
35539 - 92 5
35539 - 92 3
35539 - 92 2
35539 # 1504
35539 # 1504
35539 + 92
35541 # 1504
35541 - 92 2
35541 + 92
35542 # 1504
35542 - 92 1
35544 # 1504
35545 + 92
35547 # 1504
35547 - 92 2
35547 + 92
35548 # 1504
35548 - 92 1
35550 # 1504
35550 + 92
35552 # 1504
35552 - 92 2
35552 + 92
35564 # 1504
35564 - 92 12
35564 + 92
35565 # 1504
35565 - 92 1
35571 + 92
35572 + 92
35574 + 92
35576 # 1504
35576 - 92 5
35576 - 92 4
35576 - 92 2
35576 # 1504
35576 # 1504
35576 # 1504
35576 # 1504
35577 + 92
35579 + 92
35584 + 92
35585 + 92
35587 # 1504
35587 - 92 10
35587 - 92 8
35587 - 92 3
35587 - 92 2
35587 # 1504
35587 # 1504
35589 # 1504
35589 + 92
35591 # 1504
35591 - 92 2
35594 # 1504
35595 # 1504
35597 # 1504
35598 + 92
35600 + 92
35601 # 1504
35601 - 92 3
35601 - 92 1
35602 # 1504
35604 # 1504
35604 + 92
35607 + 92
35609 # 1504
35609 - 92 5
35609 - 92 2
35609 + 92
35612 # 1504
35612 - 92 3
35613 # 1504
35613 + 92
35613 + 92
35614 # 1504
35614 - 92 1
35614 - 92 1
35614 + 92
35616 + 92
35617 # 1504
35617 - 92 3
35617 - 92 1
35618 + 92
35620 + 92
35622 + 92
35625 + 92
35629 # 1504
35629 - 92 11
35629 - 92 9
35629 - 92 7
35629 - 92 4
35629 # 1504
35629 + 92
35629 + 92
35630 # 1504
35630 - 92 1
35630 - 92 1
35630 # 1504
35631 # 1504
35632 + 92
35636 + 92
35639 + 92
35641 + 92
35641 + 92
35645 # 1504
35645 - 92 13
35645 - 92 9
35645 - 92 6
35645 - 92 4
35645 - 92 4
35646 # 1504
35646 # 1504
35646 # 1504
35646 # 1504
35646 # 1504
35646 # 1504
35647 # 1504
35647 # 1504
35652 + 92
35653 + 92
35657 # 1504
35657 - 92 5
35657 - 92 4
35658 # 1504
35658 # 1504
35658 # 1504
35658 # 1504
35658 # 1504
35663 + 92
35667 # 1504
35667 - 92 4
35667 # 1504
35667 + 92
35668 + 92
35669 + 92
35680 + 92
35684 + 92
35684 + 92
35688 + 92
35689 + 92
35693 + 92
35697 + 92
35699 + 92
35700 + 92
35702 # 1504
35702 - 92 35
35702 - 92 34
35702 - 92 33
35702 - 92 22
35702 - 92 18
35702 - 92 18
35702 - 92 14
35702 - 92 13
35702 - 92 9
35702 - 92 5
35702 - 92 3
35702 - 92 2
35702 # 1504
35702 # 1504
35702 # 1504
35702 # 1504
35702 # 1504
35702 # 1504
35702 # 1504
35704 + 92
35706 + 92
35709 + 92
35718 + 92
35720 + 92
35723 + 92
35729 + 92
35731 + 92
35732 + 92
35735 + 92
35737 + 92
35738 # 1504
35738 - 92 34
35738 - 92 32
35738 - 92 29
35738 - 92 20
35738 - 92 18
35738 - 92 15
35738 - 92 9
35738 - 92 7
35738 - 92 6
35738 - 92 3
35738 - 92 1
35738 # 1504
35738 # 1504
35739 # 1504
35739 # 1504
35739 # 1504
35739 # 1504
35739 # 1504
35739 # 1504
35739 # 1504
35739 # 1504
35740 # 1504
35740 # 1504
35740 # 1504
35740 # 1504
35740 # 1504
35740 # 1504
35740 # 1504
35740 # 1504
35740 # 1504
35740 # 1504
35740 + 92
35741 # 1504
35741 - 92 1
35741 # 1504
35741 # 1504
35743 + 92
35744 + 92
35749 + 92
35749 + 92
35754 + 92
35756 # 1504
35756 - 92 13
35756 - 92 12
35756 - 92 7
35756 - 92 7
35756 - 92 2
35756 # 1504
35756 # 1504
35756 # 1504
35756 # 1504
35756 # 1504
35756 # 1504
35757 # 1504
35761 # 1504
35763 # 1504
35764 # 1504
35767 # 1504
35769 # 1504
35770 + 92
35770 + 92
35780 + 92
35780 + 92
35785 + 92
35787 + 92
35789 + 92
35793 # 1504
35793 - 92 23
35793 - 92 23
35793 - 92 13
35793 - 92 13
35793 - 92 8
35793 - 92 6
35793 - 92 4
35793 # 1504
35793 # 1504
35793 # 1504
35799 + 92
35803 + 92
35808 + 92
35808 + 92
35810 + 92
35813 + 92
35815 # 1504
35815 - 92 16
35815 - 92 12
35815 - 92 7
35815 - 92 7
35815 - 92 5
35815 - 92 2
35815 # 1504
35815 # 1504
35816 # 1504
35816 # 1504
35816 # 1504
35816 + 92
35820 + 92
35828 + 92
35830 + 92
35832 + 92
35835 + 92
35836 # 1504
35836 - 92 20
35836 - 92 16
35836 - 92 8
35836 - 92 6
35836 - 92 4
35836 - 92 1
35836 # 1504
35836 # 1504
35839 # 1504
35839 # 1504
35839 + 92
35839 + 92
35840 # 1504
35840 - 92 1
35840 - 92 1
35842 # 1504
35842 + 92
35844 # 1504
35844 - 92 2
35844 + 92
35846 + 92
35847 # 1504
35847 - 92 3
35847 - 92 1
35848 # 1504
35848 + 92
35852 # 1504
35852 - 92 4
35852 + 92
35853 + 92
35855 # 1504
35855 - 92 3
35855 - 92 2
35856 # 1504
35856 + 92
35858 + 92
35861 + 92
35863 + 92
35872 + 92
35873 + 92
35875 + 92
35876 # 1504
35876 - 92 20
35876 - 92 18
35876 - 92 15
35876 - 92 13
35876 - 92 4
35876 - 92 3
35876 - 92 1
35876 # 1504
35876 + 92
35877 # 1504
35877 - 92 1
35878 + 92
35882 + 92
35885 + 92
35886 + 92
35890 + 92
35891 + 92
35894 + 92
35895 # 1504
35895 - 92 17
35895 - 92 13
35895 - 92 10
35895 - 92 9
35895 - 92 5
35895 - 92 4
35895 - 92 1
35895 # 1504
35895 # 1504
35897 + 92
35898 + 92
35900 + 92
35902 + 92
35904 + 92
35907 + 92
35907 + 92
35911 + 92
35912 + 92
35914 + 92
35917 + 92
35919 + 92
35920 + 92
35924 + 92
35924 + 92
35927 + 92
35929 + 92
35931 + 92
35934 + 92
35934 + 92
35936 + 92
35941 + 92
35943 + 92
35943 + 92
35944 + 92
35949 + 92
35949 + 92
35951 + 92
35952 # 1504
35952 - 92 55
35952 - 92 54
35952 - 92 52
35952 - 92 50
35952 - 92 48
35952 - 92 45
35952 - 92 45
35952 - 92 41
35952 - 92 40
35952 - 92 38
35952 - 92 35
35952 - 92 33
35952 - 92 32
35952 - 92 28
35952 - 92 28
35952 - 92 25
35953 # 1504
35953 - 92 24
35953 - 92 22
35953 - 92 19
35953 - 92 19
35953 - 92 17
35953 - 92 12
35953 - 92 10
35953 - 92 10
35953 - 92 9
35953 - 92 4
35953 - 92 4
35953 - 92 2
35953 # 1504
35953 # 1504
35953 # 1504
35953 # 1504
35953 # 1504
35953 # 1504
35953 # 1504
35953 + 92
35954 # 1504
35954 - 92 1
35954 # 1504
35954 # 1504
35954 # 1504
35955 + 92
35956 + 92
35958 + 92
35961 + 92
35963 + 92
35964 + 92
35970 + 92
35970 + 92
35970 + 92
35973 + 92
35975 + 92
35975 + 92
35980 + 92
35982 + 92
35982 + 92
35986 + 92
35987 + 92
35989 + 92
35992 + 92
35992 + 92
35995 + 92
35997 + 92
35999 + 92
36000 + 92
36002 + 92
36003 + 92
36005 + 92
36008 + 92
36011 # 1504
36011 - 92 56
36011 - 92 55
36011 - 92 53
36011 - 92 50
36011 - 92 48
36011 - 92 47
36011 - 92 41
36011 - 92 41
36011 - 92 41
36011 - 92 38
36011 - 92 36
36011 - 92 36
36011 - 92 31
36011 - 92 29
36011 - 92 29
36011 - 92 25
36011 # 1504
36011 - 92 24
36011 - 92 22
36011 - 92 19
36011 - 92 19
36011 - 92 16
36011 - 92 14
36011 - 92 12
36011 - 92 11
36011 - 92 9
36011 - 92 8
36011 - 92 6
36011 - 92 3
36011 # 1504
36011 # 1504
36011 # 1504
36012 # 1504
36013 # 1504
36013 # 1504
36013 # 1504
36013 # 1504
36013 # 1504
36013 # 1504
36013 # 1504
36013 # 1504
36013 # 1504
36013 # 1504
36014 # 1504
36014 # 1504
36014 # 1504
36014 # 1504
36014 # 1504
36014 # 1504
36014 # 1504
36014 # 1504
36014 # 1504
36014 # 1504
36017 + 92
36017 + 92
36030 + 92
36032 + 92
36032 + 92
36032 + 92
36036 # 1504
36036 - 92 19
36036 - 92 19
36036 - 92 6
36036 - 92 4
36036 - 92 4
36036 - 92 4
36036 + 92
36036 + 92
36037 + 92
36041 + 92
36044 + 92
36045 + 92
36046 # 1504
36046 - 92 10
36046 - 92 10
36046 - 92 9
36046 - 92 5
36046 - 92 2
36046 - 92 1
36046 # 1504
36046 # 1504
36047 + 92
36048 + 92
36052 + 92
36053 + 92
36055 # 1504
36055 - 92 8
36055 - 92 7
36055 - 92 3
36055 - 92 2
36055 # 1504
36055 # 1504
36055 # 1504
36055 + 92
36057 + 92
36057 + 92
36061 # 1504
36061 - 92 6
36061 - 92 4
36061 - 92 4
36062 # 1504
36063 # 1504
36065 # 1504
36073 + 92
36079 + 92
36079 + 92
36079 + 92
36079 + 92
36079 + 92
36079 + 92
36080 + 92
36080 + 92
36080 + 92
36082 + 92
36084 + 92
36084 + 92
36086 # 1504
36086 - 92 13
36086 - 92 7
36086 - 92 7
36086 - 92 7
36086 - 92 7
36086 - 92 7
36086 - 92 7
36086 - 92 6
36086 - 92 6
36086 - 92 6
36086 - 92 4
36086 - 92 2
36086 - 92 2
36088 + 92
36091 # 1504
36091 - 92 3
36091 # 1504
36097 # 1504
36097 # 1504
36098 + 92
36100 + 92
36100 + 92
36101 # 1504
36101 - 92 3
36101 - 92 1
36101 - 92 1
36101 # 1504
36102 + 92
36102 + 92
36104 + 92
36104 + 92
36106 + 92
36107 + 92
36108 # 1504
36108 - 92 6
36108 - 92 6
36108 - 92 4
36108 - 92 4
36108 - 92 2
36108 - 92 1
36109 + 92
36111 + 92
36113 # 1504
36113 - 92 4
36113 - 92 2
36114 + 92
36115 # 1504
36115 - 92 1
36117 + 92
36119 # 1504
36119 - 92 2
36119 + 92
36120 + 92
36121 # 1504
36121 - 92 2
36121 - 92 1
36122 + 92
36123 # 1504
36123 - 92 1
36126 # 1504
36127 + 92
36128 + 92
36129 + 92
36130 # 1504
36130 - 92 3
36130 - 92 2
36130 - 92 1
36135 # 1504
36138 # 1504
36139 + 92
36139 + 92
36139 + 92
36139 + 92
36141 # 1504
36141 - 92 2
36141 - 92 2
36141 - 92 2
36141 - 92 2
36142 # 1504
36142 + 92
36144 + 92
36145 + 92
36146 # 1504
36146 - 92 4
36146 - 92 2
36146 - 92 1
36147 + 92
36148 # 1504
36148 - 92 1
36151 # 1504
36154 # 1504
36158 + 92
36158 + 92
36158 + 92
36158 + 92
36158 + 92
36160 + 92
36163 + 92
36165 + 92
36166 # 1504
36166 - 92 8
36166 - 92 8
36166 - 92 8
36166 - 92 8
36166 - 92 8
36166 - 92 6
36166 - 92 3
36166 - 92 1
36166 # 1504
36166 # 1504
36167 + 92
36169 # 1504
36169 - 92 2
36173 # 1504
36174 + 92
36175 # 1504
36175 - 92 1
36175 + 92
36175 + 92
36182 + 92
36182 + 92
36183 + 92
36183 + 92
36183 + 92
36185 # 1504
36185 - 92 10
36185 - 92 10
36185 - 92 3
36185 - 92 3
36185 - 92 2
36185 - 92 2
36185 - 92 2
36186 + 92
36188 + 92
36188 + 92
36191 + 92
36192 + 92
36195 # 1504
36195 - 92 9
36195 - 92 7
36195 - 92 7
36195 - 92 4
36195 - 92 3
36195 # 1504
36196 + 92
36197 # 1504
36197 - 92 1
36199 + 92
36200 # 1504
36200 - 92 1
36200 # 1504
36201 # 1504
36201 + 92
36203 # 1504
36203 - 92 2
36205 + 92
36207 + 92
36208 + 92
36211 + 92
36212 + 92
36214 + 92
36216 + 92
36218 + 92
36219 + 92
36221 + 92
36224 + 92
36225 # 1504
36225 - 92 20
36225 - 92 18
36225 - 92 17
36225 - 92 14
36225 - 92 13
36225 - 92 11
36225 - 92 9
36225 - 92 7
36225 - 92 6
36225 - 92 4
36225 - 92 1
36225 # 1504
36225 # 1504
36225 + 92
36226 # 1504
36226 - 92 1
36228 + 92
36230 + 92
36231 # 1504
36231 - 92 3
36231 - 92 1
36231 + 92
36235 # 1504
36235 - 92 4
36235 # 1504
36235 + 92
36237 + 92
36239 + 92
36239 + 92
36240 # 1504
36240 - 92 5
36240 - 92 3
36240 - 92 1
36240 - 92 1
36240 # 1504
36241 + 92
36243 + 92
36245 # 1504
36245 - 92 4
36245 - 92 2
36245 + 92
36247 + 92
36247 + 92
36252 + 92
36252 + 92
36253 + 92
36255 + 92
36256 # 1504
36256 - 92 11
36256 - 92 9
36256 - 92 9
36256 - 92 4
36256 - 92 4
36256 - 92 3
36256 - 92 1
36256 # 1504
36256 # 1504
36257 + 92
36261 # 1504
36261 - 92 4
36266 # 1504
36275 + 92
36275 + 92
36278 + 92
36278 + 92
36279 # 1504
36279 - 92 4
36279 - 92 4
36279 - 92 1
36279 - 92 1
36281 + 92
36290 + 92
36290 + 92
36290 + 92
36290 + 92
36292 + 92
36294 + 92
36295 # 1504
36295 - 92 14
36295 - 92 5
36295 - 92 5
36295 - 92 5
36295 - 92 5
36295 - 92 3
36295 - 92 1
36295 # 1504
36295 # 1504
36295 # 1504
36297 + 92
36307 + 92
36307 + 92
36307 + 92
36307 + 92
36309 + 92
36310 + 92
36311 + 92
36314 + 92
36316 + 92
36317 + 92
36320 + 92
36323 + 92
36323 + 92
36325 + 92
36327 + 92
36331 + 92
36331 + 92
36340 + 92
36340 + 92
36342 + 92
36347 # 1504
36347 - 92 50
36347 - 92 40
36347 - 92 40
36347 - 92 40
36347 - 92 40
36347 - 92 38
36347 - 92 37
36347 - 92 36
36347 - 92 33
36347 - 92 31
36347 - 92 30
36347 - 92 27
36347 - 92 24
36347 - 92 24
36347 - 92 22
36347 - 92 20
36347 # 1504
36347 - 92 16
36347 - 92 16
36347 - 92 7
36347 - 92 7
36347 - 92 5
36347 # 1504
36359 + 92
36359 + 92
36359 + 92
36359 + 92
36359 + 92
36359 + 92
36360 + 92
36360 + 92
36360 + 92
36360 + 92
36374 + 92
36374 + 92
36374 + 92
36374 + 92
36377 + 92
36377 + 92
36377 + 92
36387 + 92
36387 + 92
36389 # 1504
36389 - 92 30
36389 - 92 30
36389 - 92 30
36389 - 92 30
36389 - 92 30
36389 - 92 30
36389 - 92 29
36389 - 92 29
36389 - 92 29
36389 - 92 29
36389 - 92 15
36389 - 92 15
36389 - 92 15
36389 - 92 15
36389 - 92 12
36389 - 92 12
36389 # 1504
36389 - 92 12
36389 - 92 2
36389 - 92 2
36390 # 1504
36390 # 1504
36391 + 92
36391 + 92
36394 + 92
36394 + 92
36394 + 92
36394 + 92
36396 + 92
36398 + 92
36398 + 92
36401 # 1504
36401 - 92 10
36401 - 92 10
36401 - 92 7
36401 - 92 7
36401 - 92 7
36401 - 92 7
36401 - 92 5
36401 - 92 3
36401 - 92 3
36401 + 92
36402 # 1504
36402 - 92 1
36402 # 1504
36402 # 1504
36402 # 1504
36403 + 92
36405 + 92
36407 + 92
36409 + 92
36411 + 92
36414 + 92
36416 + 92
36418 + 92
36419 + 92
36420 + 92
36430 + 92
36430 + 92
36430 + 92
36432 + 92
36435 # 1504
36435 - 92 32
36435 - 92 30
36435 - 92 28
36435 - 92 26
36435 - 92 24
36435 - 92 21
36435 - 92 19
36435 - 92 17
36435 - 92 16
36435 - 92 15
36435 - 92 5
36435 - 92 5
36435 - 92 5
36435 - 92 3
36438 # 1504
36438 # 1504
36438 # 1504
36438 # 1504
36438 # 1504
36438 # 1504
36438 # 1504
36438 # 1504
36439 # 1504
36439 # 1504
36439 # 1504
36439 # 1504
36439 # 1504
36439 # 1504
36439 # 1504
36439 # 1504
36440 # 1504
36440 # 1504
36440 # 1504
36440 # 1504
36442 + 92
36442 + 92
36442 + 92
36442 + 92
36442 + 92
36444 # 1504
36444 - 92 2
36444 - 92 2
36444 - 92 2
36444 - 92 2
36444 - 92 2
36444 + 92
36446 # 1504
36446 - 92 2
36450 # 1504
36450 + 92
36450 + 92
36452 # 1504
36452 - 92 2
36452 - 92 2
36452 + 92
36452 + 92
36454 # 1504
36454 - 92 2
36454 - 92 2
36456 + 92
36456 + 92
36458 + 92
36464 + 92
36464 + 92
36464 + 92
36467 + 92
36467 + 92
36474 + 92
36474 + 92
36474 + 92
36477 + 92
36477 + 92
36480 + 92
36480 + 92
36483 + 92
36484 + 92
36486 # 1504
36486 - 92 30
36486 - 92 30
36486 - 92 28
36486 - 92 22
36486 - 92 22
36486 - 92 22
36486 - 92 19
36486 - 92 19
36486 - 92 12
36486 - 92 12
36486 - 92 12
36486 - 92 9
36486 - 92 9
36486 - 92 6
36486 - 92 6
36486 - 92 3
36486 # 1504
36486 - 92 2
36486 # 1504
36486 # 1504
36486 # 1504
36488 # 1504
36488 # 1504
36488 # 1504
36490 + 92
36490 + 92
36496 # 1504
36496 - 92 6
36496 - 92 6
36500 # 1504
36500 # 1504
36500 + 92
36504 + 92
36504 + 92
36504 + 92
36505 # 1504
36505 - 92 5
36505 - 92 1
36505 - 92 1
36505 - 92 1
36507 # 1504
36508 # 1504
36510 + 92
36510 + 92
36510 + 92
36512 # 1504
36512 - 92 2
36512 - 92 2
36512 - 92 2
36514 # 1504
36516 # 1504
36517 # 1504
36521 + 92
36528 + 92
36540 + 92
36540 + 92
36540 + 92
36540 + 92
36540 + 92
36545 # 1504
36545 - 92 24
36545 - 92 17
36545 - 92 5
36545 - 92 5
36545 - 92 5
36545 - 92 5
36545 - 92 5
36545 # 1504
36545 # 1504
36546 # 1504
36546 # 1504
36547 # 1504
36547 # 1504
36547 # 1504
36548 # 1504
36548 # 1504
36548 # 1504
36549 + 92
36549 + 92
36549 + 92
36549 + 92
36549 + 92
36551 # 1504
36551 - 92 2
36551 - 92 2
36551 - 92 2
36551 - 92 2
36551 - 92 2
36551 + 92
36552 # 1504
36552 - 92 1
36553 + 92
36554 # 1504
36554 - 92 1
36556 + 92
36556 + 92
36559 + 92
36562 + 92
36562 + 92
36564 + 92
36568 + 92
36570 + 92
36574 + 92
36574 + 92
36581 # 1504
36581 - 92 25
36581 - 92 25
36581 - 92 22
36581 - 92 19
36581 - 92 19
36581 - 92 17
36581 - 92 13
36581 - 92 11
36581 - 92 7
36581 - 92 7
36581 + 92
36582 # 1504
36582 - 92 1
36582 # 1504
36582 # 1504
36582 # 1504
36582 # 1504
36582 # 1504
36582 # 1504
36583 # 1504
36583 # 1504
36583 # 1504
36584 # 1504
36585 # 1504
36587 # 1504
36589 # 1504
36589 + 92
36591 # 1504
36591 - 92 2
36591 # 1504
36592 + 92
36593 # 1504
36593 - 92 1
36595 # 1504
36595 + 92
36597 + 92
36598 # 1504
36598 - 92 3
36598 - 92 1
36599 # 1504
36608 # 1504
36608 # 1504
36608 # 1504
36608 # 1504
36608 # 1504
36608 + 92
36608 + 92
36610 # 1504
36610 - 92 2
36610 - 92 2
36610 + 92
36612 # 1504
36612 - 92 2
36613 # 1504
36615 # 1504
36615 + 92
36617 + 92
36620 + 92
36622 + 92
36622 + 92
36625 + 92
36626 # 1504
36626 - 92 11
36626 - 92 9
36626 - 92 6
36626 - 92 4
36626 - 92 4
36626 - 92 1
36626 # 1504
36626 # 1504
36627 # 1504
36629 + 92
36631 + 92
36634 + 92
36635 + 92
36637 + 92
36641 + 92
36643 + 92
36645 + 92
36646 # 1504
36646 - 92 17
36646 - 92 15
36646 - 92 12
36646 - 92 11
36646 - 92 9
36646 - 92 5
36646 - 92 3
36646 - 92 1
36646 # 1504
36646 # 1504
36646 # 1504
36646 # 1504
36646 # 1504
36646 # 1504
36647 + 92
36649 # 1504
36649 - 92 2
36650 + 92
36652 + 92
36660 # 1504
36660 - 92 10
36660 - 92 8
36661 # 1504
36662 + 92
36662 + 92
36662 + 92
36663 # 1504
36663 - 92 1
36663 - 92 1
36663 - 92 1
36665 + 92
36667 # 1504
36667 - 92 2
36667 # 1504
36669 # 1504
36670 # 1504
36676 + 92
36679 + 92
36680 + 92
36683 + 92
36687 + 92
36688 # 1504
36688 - 92 12
36688 - 92 9
36688 - 92 8
36688 - 92 5
36688 - 92 1
36688 # 1504
36688 # 1504
36688 # 1504
36692 + 92
36693 + 92
36704 + 92
36708 + 92
36710 + 92
36712 + 92
36715 + 92
36717 + 92
36719 + 92
36724 + 92
36725 + 92
36734 + 92
36734 + 92
36739 + 92
36741 + 92
36743 + 92
36744 # 1504
36744 - 92 52
36744 - 92 51
36744 - 92 40
36744 - 92 36
36744 - 92 34
36744 - 92 32
36744 - 92 29
36744 - 92 27
36744 - 92 25
36744 - 92 20
36744 - 92 19
36744 - 92 10
36744 - 92 10
36744 - 92 5
36744 - 92 3
36744 - 92 1
36747 + 92
36749 + 92
36750 # 1504
36750 - 92 3
36750 - 92 1
36750 # 1504
36750 # 1504
36750 # 1504
36750 # 1504
36751 # 1504
36751 # 1504
36751 # 1504
36751 # 1504
36751 # 1504
36751 # 1504
36751 # 1504
36751 # 1504
36751 + 92
36752 # 1504
36752 - 92 1
36752 # 1504
36752 # 1504
36752 # 1504
36752 # 1504
36752 # 1504
36752 # 1504
36755 # 1504
36757 + 92
36758 # 1504
36758 - 92 1
36758 # 1504
36758 + 92
36759 # 1504
36759 - 92 1
36759 # 1504
36762 # 1504
36763 # 1504
36763 + 92
36770 + 92
36773 # 1504
36773 - 92 10
36773 - 92 3
36773 # 1504
36775 + 92
36778 + 92
36784 # 1504
36784 - 92 9
36784 - 92 6
36784 # 1504
36784 # 1504
36787 + 92
36790 # 1504
36790 - 92 3
36790 # 1504
36794 + 92
36796 + 92
36798 + 92
36801 + 92
36804 + 92
36807 + 92
36811 + 92
36812 + 92
36813 # 1504
36813 - 92 19
36813 - 92 17
36813 - 92 15
36813 - 92 12
36813 - 92 9
36813 - 92 6
36813 - 92 2
36813 - 92 1
36814 + 92
36816 # 1504
36816 - 92 2
36816 # 1504
36816 + 92
36818 + 92
36819 + 92
36820 + 92
36822 + 92
36832 + 92
36833 + 92
36837 # 1504
36837 - 92 21
36837 - 92 19
36837 - 92 18
36837 - 92 17
36837 - 92 15
36837 - 92 5
36837 - 92 4
36838 # 1504
36838 # 1504
36838 # 1504
36838 # 1504
36838 # 1504
36838 + 92
36838 + 92
36838 + 92
36843 + 92
36844 + 92
36845 + 92
36847 # 1504
36847 - 92 9
36847 - 92 9
36847 - 92 9
36847 - 92 4
36847 - 92 3
36847 - 92 2
36849 + 92
36851 + 92
36853 + 92
36855 + 92
36857 + 92
36858 # 1504
36858 - 92 9
36858 - 92 7
36858 - 92 5
36858 - 92 3
36858 - 92 1
36858 # 1504
36858 # 1504
36858 # 1504
36859 + 92
36862 + 92
36863 + 92
36866 + 92
36868 + 92
36868 + 92
36872 # 1504
36872 - 92 13
36872 - 92 10
36872 - 92 9
36872 - 92 6
36872 - 92 4
36872 - 92 4
36872 # 1504
36880 + 92
36880 + 92
36880 + 92
36883 + 92
36885 + 92
36886 # 1504
36886 - 92 6
36886 - 92 6
36886 - 92 6
36886 - 92 3
36886 - 92 1
36886 # 1504
36886 # 1504
36886 # 1504
36889 + 92
36890 # 1504
36890 - 92 1
36891 + 92
36893 + 92
36897 + 92
36899 + 92
36900 # 1504
36900 - 92 9
36900 - 92 7
36900 - 92 3
36900 - 92 1
36901 # 1504
36901 # 1504
36901 # 1504
36901 # 1504
36901 + 92
36903 # 1504
36903 - 92 2
36905 + 92
36913 + 92
36914 + 92
36915 + 92
36915 + 92
36916 + 92
36918 + 92
36920 + 92
36922 + 92
36924 + 92
36926 + 92
36930 + 92
36932 + 92
36933 + 92
36937 + 92
36938 + 92
36940 + 92
36942 + 92
36946 + 92
36947 + 92
36948 + 92
36950 + 92
36952 + 92
36953 + 92
36964 + 92
36964 + 92
36964 + 92
36964 + 92
36964 + 92
36964 + 92
36966 + 92
36967 + 92
36968 + 92
36975 + 92
36976 + 92
36976 + 92
36976 + 92
36976 + 92
36978 + 92
36979 + 92
36982 + 92
36982 + 92
36984 + 92
36988 # 1504
36988 - 92 83
36988 - 92 75
36988 - 92 74
36988 - 92 73
36988 - 92 73
36988 - 92 72
36988 - 92 70
36988 - 92 68
36988 - 92 66
36988 - 92 64
36988 - 92 62
36988 - 92 58
36988 - 92 56
36988 - 92 55
36988 - 92 51
36988 - 92 50
36988 # 1504
36988 - 92 48
36988 - 92 46
36988 - 92 42
36988 - 92 41
36988 - 92 40
36988 - 92 38
36988 - 92 36
36988 - 92 35
36988 - 92 24
36988 - 92 24
36988 - 92 24
36988 - 92 24
36988 - 92 24
36988 - 92 24
36988 - 92 22
36988 - 92 21
36988 # 1504
36988 - 92 20
36988 - 92 13
36988 - 92 12
36988 - 92 12
36988 - 92 12
36988 - 92 12
36988 - 92 10
36988 - 92 9
36988 - 92 6
36988 - 92 6
36988 - 92 4
36988 # 1504
36988 # 1504
36988 # 1504
36988 # 1504
36988 # 1504
36988 # 1504
36989 # 1504
36989 # 1504
36989 # 1504
36989 # 1504
36989 # 1504
36989 # 1504
36994 # 1504
36994 + 92
36995 # 1504
36995 - 92 1
36995 + 92
36995 + 92
36995 + 92
36995 + 92
36996 + 92
36998 + 92
36998 + 92
37000 + 92
37002 + 92
37003 + 92
37004 # 1504
37004 - 92 9
37004 - 92 9
37004 - 92 9
37004 - 92 9
37004 - 92 8
37004 - 92 6
37004 - 92 6
37004 - 92 4
37004 - 92 2
37004 - 92 1
37006 + 92
37007 + 92
37008 # 1504
37008 - 92 2
37008 - 92 1
37009 + 92
37011 + 92
37012 # 1504
37012 - 92 3
37012 - 92 1
37014 # 1504
37015 # 1504
37017 # 1504
37019 # 1504
37020 # 1504
37022 # 1504
37022 + 92
37024 # 1504
37024 - 92 2
37027 + 92
37029 + 92
37031 + 92
37034 + 92
37036 # 1504
37036 - 92 9
37036 - 92 7
37036 - 92 5
37036 - 92 2
37036 # 1504
37036 # 1504
37036 # 1504
37036 # 1504
37036 # 1504
37036 + 92
37038 + 92
37040 # 1504
37040 - 92 4
37040 - 92 2
37041 + 92
37042 + 92
37046 + 92
37048 + 92
37050 # 1504
37050 - 92 9
37050 - 92 8
37050 - 92 4
37050 - 92 2
37050 # 1504
37050 # 1504
37050 + 92
37053 # 1504
37053 - 92 3
37059 + 92
37060 # 1504
37060 - 92 1
37061 + 92
37064 + 92
37066 # 1504
37066 - 92 5
37066 - 92 2
37067 + 92
37069 # 1504
37069 - 92 2
37073 # 1504
37074 # 1504
37075 + 92
37076 # 1504
37076 - 92 1
37076 + 92
37086 # 1504
37086 - 92 10
37086 # 1504
37086 + 92
37087 + 92
37099 + 92
37099 + 92
37102 + 92
37104 + 92
37106 + 92
37108 + 92
37109 + 92
37113 + 92
37115 + 92
37126 + 92
37129 + 92
37131 + 92
37135 + 92
37136 + 92
37139 + 92
37144 + 92
37148 + 92
37159 + 92
37160 + 92
37162 # 1504
37162 - 92 76
37162 - 92 75
37162 - 92 63
37162 - 92 63
37162 - 92 60
37162 - 92 58
37162 - 92 56
37162 - 92 54
37162 - 92 53
37162 - 92 49
37162 - 92 47
37162 - 92 36
37162 - 92 33
37162 - 92 31
37162 - 92 27
37162 - 92 26
37162 # 1504
37162 - 92 23
37162 - 92 18
37162 - 92 14
37162 - 92 3
37162 - 92 2
37162 # 1504
37162 # 1504
37162 # 1504
37163 # 1504
37163 # 1504
37163 # 1504
37163 # 1504
37163 # 1504
37163 # 1504
37163 # 1504
37163 + 92
37168 + 92
37177 + 92
37177 + 92
37179 + 92
37182 + 92
37185 + 92
37188 + 92
37189 + 92
37200 + 92
37200 + 92
37203 + 92
37209 + 92
37218 # 1504
37218 - 92 55
37218 - 92 50
37218 - 92 41
37218 - 92 41
37218 - 92 39
37218 - 92 36
37218 - 92 33
37218 - 92 30
37218 - 92 29
37218 - 92 18
37218 - 92 18
37218 - 92 15
37218 - 92 9
37222 + 92
37228 + 92
37233 + 92
37241 # 1504
37241 - 92 19
37241 - 92 13
37241 - 92 8
37241 # 1504
37242 # 1504
37242 # 1504
37242 # 1504
37242 # 1504
37242 # 1504
37242 # 1504
37243 # 1504
37243 # 1504
37243 # 1504
37243 # 1504
37243 # 1504
37243 # 1504
37243 # 1504
37243 # 1504
37243 # 1504
37243 # 1504
37244 # 1504
37244 # 1504
37244 # 1504
37244 # 1504
37244 # 1504
37244 # 1504
37244 # 1504
37244 # 1504
37245 # 1504
37245 # 1504
37245 # 1504
37247 + 92
37249 + 92
37249 + 92
37252 + 92
37253 + 92
37256 # 1504
37256 - 92 9
37256 - 92 7
37256 - 92 7
37256 - 92 4
37256 - 92 3
37257 + 92
37259 + 92
37263 # 1504
37263 - 92 6
37263 - 92 4
37269 + 92
37270 # 1504
37270 - 92 1
37275 # 1504
37275 + 92
37279 + 92
37280 # 1504
37280 - 92 5
37280 - 92 1
37281 + 92
37285 + 92
37287 + 92
37289 # 1504
37289 - 92 8
37289 - 92 4
37289 - 92 2
37291 + 92
37293 # 1504
37293 - 92 2
37297 # 1504
37301 + 92
37306 # 1504
37306 - 92 5
37306 # 1504
37306 + 92
37308 # 1504
37308 - 92 2
37308 + 92
37311 # 1504
37311 - 92 3
37312 + 92
37314 # 1504
37314 - 92 2
37314 + 92
37317 + 92
37318 # 1504
37318 - 92 4
37318 - 92 1
37322 # 1504
37322 + 92
37324 + 92
37326 # 1504
37326 - 92 4
37326 - 92 2
37326 + 92
37330 # 1504
37330 - 92 4
37331 + 92
37333 # 1504
37333 - 92 2
37333 + 92
37334 + 92
37338 # 1504
37338 - 92 5
37338 - 92 4
37338 + 92
37340 + 92
37341 # 1504
37341 - 92 3
37341 - 92 1
37342 + 92
37347 # 1504
37347 - 92 5
37347 + 92
37348 + 92
37350 # 1504
37350 - 92 3
37350 - 92 2
37351 + 92
37356 # 1504
37356 - 92 5
37357 + 92
37359 # 1504
37359 - 92 2
37359 + 92
37363 + 92
37364 # 1504
37364 - 92 5
37364 - 92 1
37367 # 1504
37368 + 92
37371 + 92
37372 # 1504
37372 - 92 4
37372 - 92 1
37373 # 1504
37376 # 1504
37377 + 92
37379 # 1504
37379 - 92 2
37380 + 92
37385 + 92
37386 # 1504
37386 - 92 6
37386 - 92 1
37387 # 1504
37388 + 92
37391 # 1504
37391 - 92 3
37391 + 92
37394 # 1504
37394 - 92 3
37397 # 1504
37397 + 92
37400 + 92
37402 + 92
37406 # 1504
37406 - 92 9
37406 - 92 6
37406 - 92 4
37406 # 1504
37406 # 1504
37408 # 1504
37408 + 92
37410 + 92
37411 # 1504
37411 - 92 3
37411 - 92 1
37413 + 92
37414 # 1504
37414 - 92 1
37418 # 1504
37418 + 92
37419 # 1504
37419 - 92 1
37419 + 92
37421 # 1504
37421 - 92 2
37422 + 92
37423 + 92
37425 # 1504
37425 - 92 3
37425 - 92 2
37426 # 1504
37428 # 1504
37428 + 92
37428 + 92
37431 + 92
37443 + 92
37446 + 92
37446 + 92
37456 + 92
37459 + 92
37464 + 92
37468 + 92
37472 + 92
37479 + 92
37479 + 92
37483 + 92
37487 + 92
37490 # 1504
37490 - 92 62
37490 - 92 62
37490 - 92 59
37490 - 92 47
37490 - 92 44
37490 - 92 44
37490 - 92 34
37490 - 92 31
37490 - 92 26
37490 - 92 22
37490 - 92 18
37490 - 92 11
37490 - 92 11
37490 - 92 7
37490 - 92 3
37490 # 1504
37491 # 1504
37491 # 1504
37491 # 1504
37491 # 1504
37491 # 1504
37491 # 1504
37491 + 92
37492 # 1504
37492 - 92 1
37492 # 1504
37492 # 1504
37492 # 1504
37492 # 1504
37492 # 1504
37492 # 1504
37492 # 1504
37492 # 1504
37493 # 1504
37493 # 1504
37493 # 1504
37493 # 1504
37496 + 92
37498 + 92
37504 + 92
37506 # 1504
37506 - 92 10
37506 - 92 8
37506 - 92 2
37507 # 1504
37509 + 92
37511 # 1504
37511 - 92 2
37511 # 1504
37514 + 92
37516 # 1504
37516 - 92 2
37520 # 1504
37522 # 1504
37525 + 92
37529 # 1504
37529 - 92 4
37530 + 92
37534 # 1504
37534 - 92 4
37537 + 92
37540 + 92
37540 + 92
37545 # 1504
37545 - 92 8
37545 - 92 5
37545 - 92 5
37545 # 1504
37545 # 1504
37545 # 1504
37547 + 92
37547 + 92
37548 # 1504
37548 - 92 1
37548 - 92 1
37550 + 92
37551 # 1504
37551 - 92 1
37555 + 92
37559 + 92
37560 # 1504
37560 - 92 5
37560 - 92 1
37560 # 1504
37560 # 1504
37561 + 92
37563 + 92
37566 # 1504
37566 - 92 5
37566 - 92 3
37568 + 92
37570 # 1504
37570 - 92 2
37570 # 1504
37570 # 1504
37570 + 92
37571 + 92
37579 + 92
37580 # 1504
37580 - 92 10
37580 - 92 9
37580 - 92 1
37580 + 92
37582 + 92
37585 # 1504
37585 - 92 5
37585 - 92 3
37585 # 1504
37586 + 92
37588 + 92
37590 # 1504
37590 - 92 4
37590 - 92 2
37590 # 1504
37592 + 92
37595 + 92
37598 + 92
37601 + 92
37607 + 92
37610 # 1504
37610 - 92 18
37610 - 92 15
37610 - 92 12
37610 - 92 9
37610 - 92 3
37610 # 1504
37610 # 1504
37611 # 1504
37611 + 92
37613 + 92
37615 # 1504
37615 - 92 4
37615 - 92 2
37615 # 1504
37615 # 1504
37615 # 1504
37616 + 92
37617 # 1504
37617 - 92 1
37619 + 92
37622 + 92
37624 # 1504
37624 - 92 5
37624 - 92 2
37624 + 92
37626 + 92
37630 + 92
37632 + 92
37638 # 1504
37638 - 92 14
37638 - 92 12
37638 - 92 8
37638 - 92 6
37638 + 92
37646 # 1504
37646 - 92 8
37648 + 92
37649 + 92
37656 # 1504
37656 - 92 8
37656 - 92 7
37658 + 92
37660 + 92
37664 + 92
37668 # 1504
37668 - 92 10
37668 - 92 8
37668 - 92 4
37673 + 92
37678 + 92
37679 # 1504
37679 - 92 6
37679 - 92 1
37680 + 92
37683 + 92
37683 + 92
37687 + 92
37688 + 92
37691 # 1504
37691 - 92 11
37691 - 92 8
37691 - 92 8
37691 - 92 4
37691 - 92 3
37692 + 92
37694 # 1504
37694 - 92 2
37695 + 92
37698 + 92
37699 + 92
37702 + 92
37704 # 1504
37704 - 92 9
37704 - 92 6
37704 - 92 5
37704 - 92 2
37706 # 1504
37707 # 1504
37707 # 1504
37707 # 1504
37707 # 1504
37709 + 92
37711 # 1504
37711 - 92 2
37711 # 1504
37711 # 1504
37712 # 1504
37712 # 1504
37712 + 92
37716 # 1504
37716 - 92 4
37716 # 1504
37719 # 1504
37722 # 1504
37723 # 1504
37724 # 1504
37725 + 92
37725 + 92
37730 # 1504
37730 - 92 5
37730 - 92 5
37733 # 1504
37734 # 1504
37734 + 92
37736 # 1504
37736 - 92 2
37737 + 92
37744 + 92
37747 # 1504
37747 - 92 10
37747 - 92 3
37747 # 1504
37747 # 1504
37749 # 1504
37751 # 1504
37752 + 92
37753 # 1504
37753 - 92 1
37753 # 1504
37756 # 1504
37756 # 1504
37758 + 92
37762 # 1504
37762 - 92 4
37764 # 1504
37766 # 1504
37767 # 1504
37769 # 1504
37773 # 1504
37777 # 1504
37777 # 1504
37780 + 92
37783 + 92
37786 + 92
37788 # 1504
37788 - 92 8
37788 - 92 5
37788 - 92 2
37788 # 1504
37790 + 92
37796 + 92
37797 # 1504
37797 - 92 7
37797 - 92 1
37798 + 92
37804 + 92
37808 + 92
37814 + 92
37817 # 1504
37817 - 92 19
37817 - 92 13
37817 - 92 9
37817 - 92 3
37817 # 1504
37820 # 1504
37820 + 92
37823 + 92
37826 # 1504
37826 - 92 6
37826 - 92 3
37826 # 1504
37826 # 1504
37826 # 1504
37826 # 1504
37827 + 92
37828 # 1504
37828 - 92 1
37829 + 92
37832 # 1504
37832 - 92 3
37833 # 1504
37833 # 1504
37833 + 92
37835 # 1504
37835 - 92 2
37836 # 1504
37836 + 92
37837 # 1504
37837 - 92 1
37839 # 1504
37839 + 92
37841 # 1504
37841 - 92 2
37842 # 1504
37843 + 92
37844 # 1504
37844 - 92 1
37844 + 92
37845 # 1504
37845 - 92 1
37847 # 1504
37848 + 92
37849 # 1504
37849 - 92 1
37850 # 1504
37852 + 92
37853 # 1504
37853 - 92 1
37855 # 1504
37855 + 92
37857 # 1504
37857 - 92 2
37858 # 1504
37858 + 92
37863 + 92
37865 # 1504
37865 - 92 7
37865 - 92 2
37867 + 92
37869 # 1504
37869 - 92 2
37871 # 1504
37871 + 92
37872 # 1504
37872 - 92 1
37873 # 1504
37873 + 92
37874 # 1504
37874 - 92 1
37875 # 1504
37878 # 1504
37880 # 1504
37882 # 1504
37882 + 92
37882 + 92
37882 + 92
37883 # 1504
37883 - 92 1
37883 - 92 1
37883 - 92 1
37884 # 1504
37884 + 92
37886 # 1504
37886 - 92 2
37889 + 92
37891 + 92
37894 + 92
37896 # 1504
37896 - 92 7
37896 - 92 5
37896 - 92 2
37896 # 1504
37896 # 1504
37896 # 1504
37896 # 1504
37896 # 1504
37896 + 92
37897 # 1504
37897 - 92 1
37898 + 92
37900 + 92
37903 + 92
37906 # 1504
37906 - 92 8
37906 - 92 6
37906 - 92 3
37906 + 92
37907 # 1504
37907 - 92 1
37907 # 1504
37907 # 1504
37907 # 1504
37907 + 92
37908 # 1504
37908 - 92 1
37910 + 92
37912 + 92
37915 + 92
37917 + 92
37919 + 92
37921 + 92
37924 + 92
37926 # 1504
37926 - 92 16
37926 - 92 14
37926 - 92 11
37926 - 92 9
37926 - 92 7
37926 - 92 5
37926 - 92 2
37926 # 1504
37926 # 1504
37926 # 1504
37926 # 1504
37926 # 1504
37926 # 1504
37926 # 1504
37926 + 92
37929 + 92
37931 + 92
37936 + 92
37939 + 92
37941 + 92
37943 + 92
37948 + 92
37950 + 92
37952 + 92
37957 + 92
37959 + 92
37964 + 92
37967 + 92
37971 + 92
37982 + 92
37982 + 92
37984 + 92
37988 + 92
37990 + 92
37993 # 1504
37993 - 92 67
37993 - 92 64
37993 - 92 62
37993 - 92 57
37993 - 92 54
37993 - 92 52
37993 - 92 50
37993 - 92 45
37993 - 92 43
37993 - 92 41
37993 - 92 36
37993 - 92 34
37993 - 92 29
37993 - 92 26
37993 - 92 22
37993 - 92 11
37993 # 1504
37993 - 92 11
37993 - 92 9
37993 - 92 5
37993 - 92 3
37993 # 1504
37993 # 1504
37993 # 1504
37993 # 1504
37994 # 1504
37994 # 1504
37994 # 1504
37994 # 1504
37995 # 1504
37995 # 1504
37996 # 1504
37996 # 1504
37996 # 1504
37996 # 1504
37996 # 1504
37996 # 1504
37996 + 92
37997 # 1504
37997 - 92 1
37998 + 92
37999 # 1504
37999 - 92 1
38000 # 1504
38000 + 92
38003 # 1504
38003 - 92 3
38004 + 92
38007 + 92
38011 # 1504
38011 - 92 7
38011 - 92 4
38015 + 92
38016 # 1504
38016 - 92 1
38016 # 1504
38016 # 1504
38016 # 1504
38023 + 92
38027 # 1504
38027 - 92 4
38027 # 1504
38030 # 1504
38031 + 92
38032 # 1504
38032 - 92 1
38032 + 92
38037 + 92
38039 + 92
38041 # 1504
38041 - 92 9
38041 - 92 4
38041 - 92 2
38043 # 1504
38043 + 92
38047 # 1504
38047 - 92 4
38047 + 92
38050 # 1504
38050 - 92 3
38051 # 1504
38051 + 92
38052 # 1504
38052 - 92 1
38054 # 1504
38054 + 92
38056 # 1504
38056 - 92 2
38057 # 1504
38059 # 1504
38060 # 1504
38060 + 92
38062 + 92
38068 + 92
38070 + 92
38077 + 92
38079 # 1504
38079 - 92 19
38079 - 92 17
38079 - 92 11
38079 - 92 9
38079 - 92 2
38079 # 1504
38079 # 1504
38079 # 1504
38081 # 1504
38081 # 1504
38081 # 1504
38081 # 1504
38081 # 1504
38082 + 92
38086 # 1504
38086 - 92 4
38086 + 92
38088 + 92
38090 # 1504
38090 - 92 4
38090 - 92 2
38090 # 1504
38092 + 92
38093 # 1504
38093 - 92 1
38093 # 1504
38093 # 1504
38094 # 1504
38095 # 1504
38097 # 1504
38097 + 92
38104 + 92
38105 + 92
38108 # 1504
38108 - 92 11
38108 - 92 4
38108 - 92 3
38108 # 1504
38109 + 92
38110 # 1504
38110 - 92 1
38112 + 92
38116 + 92
38119 + 92
38121 # 1504
38121 - 92 9
38121 - 92 5
38121 - 92 2
38122 # 1504
38122 # 1504
38122 # 1504
38122 # 1504
38122 # 1504
38122 # 1504
38123 # 1504
38128 + 92
38134 + 92
38140 + 92
38143 + 92
38146 # 1504
38146 - 92 18
38146 - 92 12
38146 - 92 6
38146 - 92 3
38150 # 1504
38150 # 1504
38150 # 1504
38150 + 92
38154 + 92
38159 + 92
38162 # 1504
38162 - 92 12
38162 - 92 8
38162 - 92 3
38162 # 1504
38162 # 1504
38162 + 92
38170 + 92
38173 + 92
38177 # 1504
38177 - 92 15
38177 - 92 7
38177 - 92 4
38177 # 1504
38177 # 1504
38177 # 1504
38177 # 1504
38177 # 1504
38178 # 1504
38178 # 1504
38180 # 1504
38182 + 92
38184 # 1504
38184 - 92 2
38187 # 1504
38189 + 92
38190 # 1504
38190 - 92 1
38193 + 92
38194 # 1504
38194 - 92 1
38197 + 92
38198 # 1504
38198 - 92 1
38203 # 1504
38205 + 92
38208 # 1504
38208 - 92 3
38213 + 92
38214 # 1504
38214 - 92 1
38217 + 92
38218 # 1504
38218 - 92 1
38220 + 92
38224 + 92
38228 # 1504
38228 - 92 8
38228 - 92 4
38229 + 92
38233 + 92
38234 # 1504
38234 - 92 5
38234 - 92 1
38239 + 92
38241 # 1504
38241 - 92 2
38246 + 92
38249 + 92
38255 + 92
38263 + 92
38284 + 92
38307 + 92
38310 # 1504
38310 - 92 64
38310 - 92 61
38310 - 92 55
38310 - 92 47
38310 - 92 26
38310 - 92 3
38310 # 1504
38310 # 1504
38320 + 92
38327 + 92
38333 + 92
38337 + 92
38344 + 92
38348 + 92
38353 + 92
38355 # 1504
38355 - 92 35
38355 - 92 28
38355 - 92 22
38355 - 92 18
38355 - 92 11
38355 - 92 7
38355 - 92 2
38358 + 92
38361 + 92
38364 + 92
38367 # 1504
38367 - 92 9
38367 - 92 6
38367 - 92 3
38367 # 1504
38367 # 1504
38367 # 1504
38367 # 1504
38367 # 1504
38367 # 1504
38367 # 1504
38367 # 1504
38367 # 1504
38367 # 1504
38368 # 1504
38368 # 1504
38368 # 1504
38368 # 1504
38368 # 1504
38368 # 1504
38368 # 1504
38368 # 1504
38368 # 1504
38368 # 1504
38368 # 1504
38371 + 92
38376 + 92
38378 # 1504
38378 - 92 7
38378 - 92 2
38383 + 92
38389 + 92
38398 + 92
38401 # 1504
38401 - 92 18
38401 - 92 12
38401 - 92 3
38404 + 92
38416 + 92
38427 # 1504
38427 - 92 23
38427 - 92 11
38428 # 1504
38429 + 92
38431 # 1504
38431 - 92 2
38431 # 1504
38431 # 1504
38446 # 1504
38460 + 92
38488 + 92
38504 # 1504
38504 - 92 44
38504 - 92 16
38505 + 92
38518 # 1504
38518 - 92 13
38518 # 1504
38519 # 1504
38519 # 1504
38519 # 1504
38519 # 1504
38519 # 1504
38519 # 1504
38519 # 1504
38519 # 1504
38519 # 1504
38521 # 1504
38525 # 1504
38527 # 1504
38528 # 1504
38530 # 1504
38537 + 92
38549 # 1504
38549 - 92 12
38549 # 1504
38549 # 1504
38549 # 1504
38549 # 1504
38550 # 1504
38550 # 1504
38554 # 1504
38554 # 1504
38554 # 1504
38554 # 1504
38556 # 1504
38558 # 1504
38558 # 1504
38558 + 92
38568 # 1504
38568 - 92 10
38568 # 1504
38568 # 1504
38568 # 1504
38568 + 92
38569 # 1504
38569 - 92 1
38571 # 1504
38573 # 1504
38582 # 1504
38582 # 1504
38582 # 1504
38587 + 92
38592 + 92
38605 + 92
38614 + 92
38619 + 92
38623 + 92
38629 + 92
38636 + 92
38641 + 92
38645 # 1504
38645 - 92 58
38645 - 92 53
38645 - 92 40
38645 - 92 31
38645 - 92 26
38645 - 92 22
38645 - 92 16
38645 - 92 9
38645 - 92 4
38646 # 1504
38646 # 1504
38646 # 1504
38646 # 1504
38646 # 1504
38647 # 1504
38647 # 1504
38647 # 1504
38647 # 1504
38648 + 92
38655 + 92
38665 + 92
38673 + 92
38681 + 92
38688 + 92
38691 # 1504
38691 - 92 43
38691 - 92 36
38691 - 92 26
38691 - 92 18
38691 - 92 10
38691 - 92 3
38694 # 1504
38694 # 1504
38694 # 1504
38694 # 1504
38694 # 1504
38694 # 1504
38695 # 1504
38695 # 1504
38695 # 1504
38695 # 1504
38695 # 1504
38695 # 1504
38695 # 1504
38695 # 1504
38696 # 1504
38696 # 1504
38696 # 1504
38696 # 1504
38696 # 1504
38696 # 1504
38696 # 1504
38696 # 1504
38696 # 1504
38696 # 1504
38696 + 92
38697 # 1504
38697 - 92 1
38697 # 1504
38697 # 1504
38697 # 1504
38697 # 1504
38697 # 1504
38697 # 1504
38697 # 1504
38700 # 1504
38702 # 1504
38703 + 92
38708 # 1504
38708 - 92 5
38709 + 92
38710 # 1504
38710 - 92 1
38714 + 92
38715 # 1504
38715 - 92 1
38718 # 1504
38720 + 92
38723 + 92
38724 # 1504
38724 - 92 4
38724 - 92 1
38729 # 1504
38729 + 92
38732 # 1504
38732 - 92 3
38733 # 1504
38733 + 92
38737 + 92
38742 + 92
38746 + 92
38750 # 1504
38750 - 92 17
38750 - 92 13
38750 - 92 8
38750 - 92 4
38751 + 92
38755 + 92
38757 + 92
38761 # 1504
38761 - 92 10
38761 - 92 6
38761 - 92 4
38762 # 1504
38762 # 1504
38762 # 1504
38762 # 1504
38769 # 1504
38770 + 92
38775 + 92
38786 + 92
38789 + 92
38797 + 92
38802 + 92
38808 + 92
38813 + 92
38819 + 92
38829 + 92
38830 # 1504
38830 - 92 60
38830 - 92 55
38830 - 92 44
38830 - 92 41
38830 - 92 33
38830 - 92 28
38830 - 92 22
38830 - 92 17
38830 - 92 11
38830 - 92 1
38833 # 1504
38833 # 1504
38833 # 1504
38833 # 1504
38833 # 1504
38833 # 1504
38834 # 1504
38834 # 1504
38834 # 1504
38834 # 1504
38834 # 1504
38837 + 92
38845 + 92
38850 + 92
38855 + 92
38861 + 92
38866 + 92
38867 # 1504
38867 - 92 30
38867 - 92 22
38867 - 92 17
38867 - 92 12
38867 - 92 6
38867 - 92 1
38868 # 1504
38868 # 1504
38868 # 1504
38868 # 1504
38868 # 1504
38868 # 1504
38868 # 1504
38868 # 1504
38868 # 1504
38869 # 1504
38869 # 1504
38869 # 1504
38869 # 1504
38869 # 1504
38869 # 1504
38869 # 1504
38869 # 1504
38871 # 1504
38872 + 92
38875 # 1504
38875 - 92 3
38876 # 1504
38878 + 92
38883 # 1504
38883 - 92 5
38888 + 92
38890 # 1504
38890 - 92 2
38890 + 92
38891 # 1504
38891 - 92 1
38893 # 1504
38896 # 1504
38896 + 92
38898 # 1504
38898 - 92 2
38904 + 92
38907 # 1504
38907 - 92 3
38907 # 1504
38911 # 1504
38911 # 1504
38911 + 92
38914 + 92
38917 # 1504
38917 - 92 6
38917 - 92 3
38917 # 1504
38917 # 1504
38917 # 1504
38921 + 92
38927 + 92
38928 # 1504
38928 - 92 7
38928 - 92 1
38928 # 1504
38928 # 1504
38930 # 1504
38938 + 92
38940 # 1504
38940 - 92 2
38941 # 1504
38961 # 1504
38961 # 1504
38961 # 1504
38961 # 1504
38961 # 1504
38961 # 1504
38961 # 1504
38962 # 1504
38964 # 1504
38964 + 92
38965 + 92
38967 + 92
38976 + 92
38986 + 92
38992 # 1504
38992 - 92 28
38992 - 92 27
38992 - 92 25
38992 - 92 16
38992 - 92 6
38992 # 1504
38992 # 1504
38992 # 1504
38992 # 1504
38992 # 1504
38992 + 92
38997 # 1504
38997 - 92 5
38998 # 1504
38998 # 1504
39000 + 92
39002 # 1504
39002 - 92 2
39006 # 1504
39007 # 1504
39008 + 92
39011 # 1504
39011 - 92 3
39011 # 1504
39014 # 1504
39020 + 92
39024 # 1504
39024 - 92 4
39025 # 1504
39032 + 92
39036 # 1504
39036 - 92 4
39036 # 1504
39036 # 1504
39036 # 1504
39036 # 1504
39036 # 1504
39041 + 92
39043 # 1504
39043 - 92 2
39043 # 1504
39049 + 92
39056 # 1504
39056 - 92 7
39056 # 1504
39061 # 1504
39061 # 1504
39061 # 1504
39064 + 92
39078 + 92
39097 + 92
39103 + 92
39110 + 92
39115 + 92
39122 # 1504
39122 - 92 58
39122 - 92 44
39122 - 92 25
39122 - 92 19
39122 - 92 12
39122 - 92 7
39122 # 1504
39122 # 1504
39123 # 1504
39123 # 1504
39123 # 1504
39123 # 1504
39123 # 1504
39123 # 1504
39123 # 1504
39123 # 1504
39124 # 1504
39124 # 1504
39124 # 1504
39124 # 1504
39125 + 92
39126 # 1504
39126 - 92 1
39127 # 1504
39130 # 1504
39133 + 92
39138 # 1504
39138 - 92 5
39145 # 1504
39146 + 92
39151 # 1504
39151 - 92 5
39157 + 92
39159 # 1504
39159 - 92 2
39167 + 92
39170 + 92
39179 # 1504
39179 - 92 12
39179 - 92 9
39180 + 92
39187 + 92
39195 + 92
39197 # 1504
39197 - 92 17
39197 - 92 10
39197 - 92 2
39201 + 92
39205 # 1504
39205 - 92 4
39208 + 92
39211 # 1504
39211 - 92 3
39211 # 1504
39212 # 1504
39217 + 92
39222 + 92
39231 # 1504
39231 - 92 14
39231 - 92 9
39231 # 1504
39231 + 92
39234 # 1504
39234 - 92 3
39234 # 1504
39234 # 1504
39234 # 1504
39234 # 1504
39234 # 1504
39236 # 1504
39236 # 1504
39241 # 1504
39241 + 92
39249 + 92
39253 # 1504
39253 - 92 12
39253 - 92 4
39257 + 92
39260 # 1504
39260 - 92 3
39264 # 1504
39265 # 1504
39266 # 1504
39269 # 1504
39271 # 1504
39275 # 1504
39279 # 1504
39280 # 1504
39281 + 92
39282 # 1504
39282 - 92 1
39286 # 1504
39289 # 1504
39289 # 1504
39300 + 92
39301 # 1504
39301 - 92 1
39301 # 1504
39301 # 1504
39314 # 1504
39314 # 1504
39314 # 1504
39314 # 1504
39314 # 1504
39314 + 92
39323 # 1504
39323 - 92 9
39323 # 1504
39324 + 92
39326 # 1504
39326 - 92 2
39326 # 1504
39326 # 1504
39337 # 1504
39337 # 1504
39337 # 1504
39337 # 1504
39337 # 1504
39337 + 92
39338 # 1504
39338 - 92 1
39338 # 1504
39338 # 1504
39342 # 1504
39342 # 1504
39342 # 1504
39350 # 1504
39351 # 1504
39352 # 1504
39353 # 1504
39355 + 92
39365 # 1504
39365 - 92 10
39378 + 92
39385 + 92
39386 # 1504
39386 - 92 8
39386 - 92 1
39386 # 1504
39386 # 1504
39386 # 1504
39386 # 1504
39386 # 1504
39386 # 1504
39386 # 1504
39397 + 92
39401 # 1504
39401 - 92 4
39410 # 1504
39410 + 92
39411 # 1504
39411 - 92 1
39411 # 1504
39417 # 1504
39417 # 1504
39417 # 1504
39419 # 1504
39420 # 1504
39421 # 1504
39421 # 1504
39424 + 92
39436 # 1504
39436 - 92 12
39439 + 92
39440 # 1504
39440 - 92 1
39441 # 1504
39442 # 1504
39451 # 1504
39454 # 1504
39454 # 1504
39455 # 1504
39455 # 1504
39455 # 1504
39455 # 1504
39455 # 1504
39455 # 1504
39455 # 1504
39463 # 1504
39463 # 1504
39465 # 1504
39466 # 1504
39466 # 1504
39466 # 1504
39468 # 1504
39468 # 1504
39473 + 92
39475 # 1504
39475 - 92 2
39475 # 1504
39475 # 1504
39475 # 1504
39475 # 1504
39476 # 1504
39476 # 1504
39476 # 1504
39477 # 1504
39478 # 1504
39480 # 1504
39489 # 1504
39491 # 1504
39491 # 1504
39491 # 1504
39491 # 1504
39491 + 92
39495 # 1504
39495 - 92 4
39498 # 1504
39503 # 1504
39503 # 1504
39505 + 92
39522 + 92
39526 # 1504
39526 - 92 21
39526 - 92 4
39526 # 1504
39526 # 1504
39531 # 1504
39531 # 1504
39531 # 1504
39531 # 1504
39531 # 1504
39531 # 1504
39533 # 1504
39535 + 92
39537 # 1504
39537 - 92 2
39538 # 1504
39540 # 1504
39543 # 1504
39543 + 92
39545 # 1504
39545 - 92 2
39555 + 92
39564 # 1504
39564 - 92 9
39564 # 1504
39564 # 1504
39564 # 1504
39564 # 1504
39565 # 1504
39565 # 1504
39565 # 1504
39565 # 1504
39565 # 1504
39565 # 1504
39581 # 1504
39581 # 1504
39585 # 1504
39585 # 1504
39604 # 1504
39606 # 1504
39606 # 1504
39617 # 1504
39617 # 1504
39617 # 1504
39617 # 1504
39617 # 1504
39617 # 1504
39618 # 1504
39618 # 1504
39618 # 1504
39618 # 1504
39621 # 1504
39623 # 1504
39624 # 1504
39631 + 92
39654 # 1504
39654 - 92 23
39654 # 1504
39659 + 92
39690 + 92
39702 + 92
39713 # 1504
39713 - 92 54
39713 - 92 23
39713 - 92 11
39715 # 1504
39715 # 1504
39717 # 1504
39717 # 1504
39717 # 1504
39720 # 1504
39720 # 1504
39721 # 1504
39721 # 1504
39721 # 1504
39721 # 1504
39721 # 1504
39721 # 1504
39721 # 1504
39721 # 1504
39722 # 1504
39722 # 1504
39722 # 1504
39722 # 1504
39722 # 1504
39722 # 1504
39723 + 92
39732 # 1504
39732 - 92 9
39734 + 92
39756 + 92
39757 # 1504
39757 - 92 23
39757 - 92 1
39757 # 1504
39757 # 1504
39757 # 1504
39766 # 1504
39766 # 1504
39766 # 1504
39766 # 1504
39787 # 1504
39787 # 1504
39787 # 1504
39787 # 1504
39788 # 1504
39790 # 1504
39793 # 1504
39793 # 1504
39796 # 1504
39806 # 1504
39806 # 1504
39806 # 1504
39809 # 1504
39815 + 92
39826 # 1504
39826 - 92 11
39826 # 1504
39826 # 1504
39826 # 1504
39826 # 1504
39826 # 1504
39844 # 1504
39847 # 1504
39853 + 92
39866 # 1504
39866 - 92 13
39878 # 1504
39891 # 1504
39892 + 92
39895 # 1504
39895 - 92 3
39905 # 1504
39915 # 1504
39931 # 1504
39931 # 1504
39931 # 1504
39931 # 1504
39945 + 92
39957 # 1504
39957 - 92 12
39957 # 1504
39957 # 1504
39957 # 1504
39961 # 1504
39971 # 1504
39971 # 1504
39975 + 92
39988 + 92
39991 # 1504
39991 - 92 16
39991 - 92 3
39991 # 1504
39991 # 1504
39991 # 1504
39991 # 1504
39991 # 1504
40001 # 1504
40001 # 1504
40005 + 92
40006 # 1504
40006 - 92 1
40006 # 1504
40006 # 1504
40006 # 1504
40006 # 1504
40018 # 1504
40018 # 1504
40026 # 1504
40026 # 1504
40026 # 1504
40026 # 1504
40027 # 1504
40031 # 1504
40032 # 1504
40034 # 1504
40037 + 92
40038 # 1504
40038 - 92 1
40057 # 1504
40057 # 1504
40057 # 1504
40057 # 1504
40057 # 1504
40057 # 1504
40058 + 92
40061 # 1504
40061 - 92 3
40061 # 1504
40062 # 1504
40066 # 1504
40076 + 92
40077 # 1504
40077 - 92 1
40077 # 1504
40077 # 1504
40079 # 1504
40080 # 1504
40083 # 1504
40085 # 1504
40086 # 1504
40087 # 1504
40089 # 1504
40091 # 1504
40092 # 1504
40093 # 1504
40095 # 1504
40097 # 1504
40099 # 1504
40100 # 1504
40102 # 1504
40103 # 1504
40106 # 1504
40106 # 1504
40108 # 1504
40110 # 1504
40111 # 1504
40112 # 1504
40115 # 1504
40115 # 1504
40124 # 1504
40124 # 1504
40126 # 1504
40126 # 1504
40126 # 1504
40130 + 92
40138 # 1504
40138 - 92 8
40138 # 1504
40138 # 1504
40157 # 1504
40157 # 1504
40157 # 1504
40157 # 1504
40157 # 1504
40160 + 92
40167 # 1504
40167 - 92 7
40167 # 1504
40167 # 1504
40183 + 92
40208 + 92
40230 # 1504
40230 - 92 47
40230 - 92 22
40231 # 1504
40231 # 1504
40231 # 1504
40231 # 1504
40231 # 1504
40231 # 1504
40231 # 1504
40231 # 1504
40232 # 1504
40232 # 1504
40232 # 1504
40232 # 1504
40232 # 1504
40232 # 1504
40232 # 1504
40232 # 1504
40232 # 1504
40232 # 1504
40232 # 1504
40233 # 1504
40233 # 1504
40233 # 1504
40233 # 1504
40233 # 1504
40234 + 92
40235 # 1504
40235 - 92 1
40245 # 1504
40245 # 1504
40245 # 1504
40251 # 1504
40251 # 1504
40251 # 1504
40260 # 1504
40260 # 1504
40261 # 1504
40264 # 1504
40266 # 1504
40267 # 1504
40282 + 92
40288 # 1504
40288 - 92 6
40290 # 1504
40291 # 1504
40294 # 1504
40294 # 1504
40298 # 1504
40301 # 1504
40301 # 1504
40322 # 1504
40322 # 1504
40322 # 1504
40326 # 1504
40328 # 1504
40328 # 1504
40337 # 1504
40337 # 1504
40337 # 1504
40341 # 1504
40344 # 1504
40348 + 92
40350 # 1504
40350 - 92 2
40361 # 1504
40361 # 1504
40361 # 1504
40361 # 1504
40365 # 1504
40367 # 1504
40368 # 1504
40376 # 1504
40380 # 1504
40385 # 1504
40390 # 1504
40394 # 1504
40396 + 92
40401 # 1504
40401 - 92 5
40405 # 1504
40408 # 1504
40412 # 1504
40417 # 1504
40426 # 1504
40427 + 92
40429 # 1504
40429 - 92 2
40435 # 1504
40438 # 1504
40442 # 1504
40446 # 1504
40451 # 1504
40453 # 1504
40456 # 1504
40456 + 92
40461 # 1504
40461 - 92 5
40465 # 1504
40468 # 1504
40472 # 1504
40475 # 1504
40479 + 92
40486 # 1504
40486 - 92 7
40487 # 1504
40491 # 1504
40493 # 1504
40496 # 1504
40497 + 92
40499 # 1504
40499 - 92 2
40501 # 1504
40513 # 1504
40513 # 1504
40513 # 1504
40513 + 92
40514 # 1504
40514 - 92 1
40515 # 1504
40516 # 1504
40518 # 1504
40521 # 1504
40531 # 1504
40531 # 1504
40531 # 1504
40531 # 1504
40537 # 1504
40540 # 1504
40544 + 92
40550 # 1504
40550 - 92 6
40550 # 1504
40551 # 1504
40566 # 1504
40568 # 1504
40570 # 1504
40582 # 1504
40585 # 1504
40585 + 92
40587 # 1504
40587 - 92 2
40587 # 1504
40587 # 1504
40588 # 1504
40589 # 1504
40591 # 1504
40592 # 1504
40594 # 1504
40597 # 1504
40598 # 1504
40600 # 1504
40619 + 92
40628 # 1504
40628 - 92 9
40628 # 1504
40628 # 1504
40630 # 1504
40630 # 1504
40640 + 92
40646 # 1504
40646 - 92 6
40646 # 1504
40646 # 1504
40655 # 1504
40655 # 1504
40660 # 1504
40660 # 1504
40660 # 1504
40660 # 1504
40661 # 1504
40665 + 92
40675 # 1504
40675 - 92 10
40675 # 1504
40686 + 92
40687 # 1504
40687 - 92 1
40687 # 1504
40687 # 1504
40687 # 1504
40688 # 1504
40688 # 1504
40688 # 1504
40706 # 1504
40740 + 92
40759 + 92
40769 # 1504
40769 - 92 29
40769 - 92 10
40769 # 1504
40769 # 1504
40770 # 1504
40790 + 92
40811 # 1504
40811 - 92 21
40811 # 1504
40811 # 1504
40811 # 1504
40811 # 1504
40811 # 1504
40812 # 1504
40812 # 1504
40812 # 1504
40812 # 1504
40812 # 1504
40812 # 1504
40812 # 1504
40812 # 1504
40812 # 1504
40817 + 92
40821 # 1504
40821 - 92 4
40825 # 1504
40831 # 1504
40834 # 1504
40834 # 1504
40841 # 1504
40841 # 1504
40842 # 1504
40847 + 92
40851 # 1504
40851 - 92 4
40851 # 1504
40851 # 1504
40862 # 1504
40862 # 1504
40870 + 92
40871 # 1504
40871 - 92 1
40871 # 1504
40878 # 1504
40881 # 1504
40882 # 1504
40882 # 1504
40888 + 92
40892 # 1504
40892 - 92 4
40892 # 1504
40898 # 1504
40904 + 92
40917 # 1504
40917 - 92 13
40917 # 1504
40917 # 1504
40918 + 92
40922 # 1504
40922 - 92 4
40922 # 1504
40926 # 1504
40927 + 92
40944 + 92
40958 + 92
40987 # 1504
40987 - 92 60
40987 - 92 43
40987 - 92 29
40988 # 1504
40988 # 1504
40988 # 1504
40988 # 1504
40988 # 1504
40988 # 1504
40989 # 1504
40989 # 1504
40989 # 1504
40989 # 1504
40991 # 1504
40992 # 1504
40992 + 92
40999 # 1504
40999 - 92 7
41007 # 1504
41022 # 1504
41038 # 1504
41039 + 92
41045 # 1504
41045 - 92 6
41051 # 1504
41053 # 1504
41055 + 92
41062 # 1504
41062 - 92 7
41062 # 1504
41062 # 1504
41062 # 1504
41062 # 1504
41070 + 92
41076 # 1504
41076 - 92 6
41076 # 1504
41085 + 92
41086 # 1504
41086 - 92 1
41086 # 1504
41086 # 1504
41092 # 1504
41092 # 1504
41098 # 1504
41098 # 1504
41098 # 1504
41098 # 1504
41098 # 1504
41100 # 1504
41101 # 1504
41107 + 92
41111 # 1504
41111 - 92 4
41111 # 1504
41111 # 1504
41111 # 1504
41118 # 1504
41118 # 1504
41123 + 92
41126 # 1504
41126 - 92 3
41126 # 1504
41126 # 1504
41126 # 1504
41127 # 1504
41131 # 1504
41131 # 1504
41139 # 1504
41141 # 1504
41148 + 92
41151 # 1504
41151 - 92 3
41166 # 1504
41166 # 1504
41166 # 1504
41166 # 1504
41166 # 1504
41166 + 92
41167 # 1504
41167 - 92 1
41167 # 1504
41172 # 1504
41213 + 92
41247 # 1504
41247 - 92 34
41248 # 1504
41251 # 1504
41251 # 1504
41251 # 1504
41251 # 1504
41251 # 1504
41251 # 1504
41251 # 1504
41252 + 92
41284 # 1504
41284 - 92 32
41286 # 1504
41286 # 1504
41286 # 1504
41286 # 1504
41286 # 1504
41286 # 1504
41286 # 1504
41289 # 1504
41301 # 1504
41302 # 1504
41302 # 1504
41302 # 1504
41302 # 1504
41312 # 1504
41312 # 1504
41312 # 1504
41314 # 1504
41317 # 1504
41319 # 1504
41321 # 1504
41328 + 92
41332 # 1504
41332 - 92 4
41332 # 1504
41332 # 1504
41342 # 1504
41352 # 1504
41352 # 1504
41352 # 1504
41352 # 1504
41352 # 1504
41352 # 1504
41371 # 1504
41371 # 1504
41371 # 1504
41378 # 1504
41387 + 92
41393 # 1504
41393 - 92 6
41397 # 1504
41397 # 1504
41397 # 1504
41397 # 1504
41397 # 1504
41397 # 1504
41406 # 1504
41419 # 1504
41419 # 1504
41419 # 1504
41421 + 92
41428 # 1504
41428 - 92 7
41429 # 1504
41430 # 1504
41434 # 1504
41434 # 1504
41438 # 1504
41438 # 1504
41440 # 1504
41446 # 1504
41446 # 1504
41469 # 1504
41470 # 1504
41470 # 1504
41476 + 92
41477 # 1504
41477 - 92 1
41489 # 1504
41496 # 1504
41499 # 1504
41499 # 1504
41510 # 1504
41510 # 1504
41510 # 1504
41510 # 1504
41513 # 1504
41515 # 1504
41517 # 1504
41523 # 1504
41525 # 1504
41527 # 1504
41530 # 1504
41533 # 1504
41534 + 92
41541 # 1504
41541 - 92 7
41545 # 1504
41550 # 1504
41553 # 1504
41558 # 1504
41562 # 1504
41564 # 1504
41568 # 1504
41572 # 1504
41575 + 92
41577 # 1504
41577 - 92 2
41578 # 1504
41581 # 1504
41585 # 1504
41588 # 1504
41594 # 1504
41597 # 1504
41601 # 1504
41604 # 1504
41608 # 1504
41611 # 1504
41616 # 1504
41619 # 1504
41622 + 92
41623 # 1504
41623 - 92 1
41626 # 1504
41630 # 1504
41633 # 1504
41636 # 1504
41642 # 1504
41651 # 1504
41651 # 1504
41656 + 92
41660 # 1504
41660 - 92 4
41660 # 1504
41675 # 1504
41675 # 1504
41675 # 1504
41677 # 1504
41678 # 1504
41682 # 1504
41685 # 1504
41710 + 92
41738 + 92
41747 # 1504
41747 - 92 37
41747 - 92 9
41747 # 1504
41747 # 1504
41747 # 1504
41771 + 92
41792 # 1504
41792 - 92 21
41792 # 1504
41792 # 1504
41792 # 1504
41792 # 1504
41792 # 1504
41792 # 1504
41792 # 1504
41792 # 1504
41793 # 1504
41793 # 1504
41793 # 1504
41793 # 1504
41793 # 1504
41801 # 1504
41808 # 1504
41810 + 92
41816 # 1504
41816 - 92 6
41823 # 1504
41831 # 1504
41836 + 92
41841 # 1504
41841 - 92 5
41848 # 1504
41871 + 92
41891 + 92
41912 + 92
41933 + 92
41964 + 92
41982 # 1504
41982 - 92 111
41982 - 92 91
41982 - 92 70
41982 - 92 49
41982 - 92 18
41984 # 1504
41993 # 1504
41993 + 92
42002 # 1504
42002 - 92 9
42010 # 1504
42015 # 1504
42036 + 92
42046 # 1504
42046 - 92 10
42046 # 1504
42058 + 92
42100 + 92
42123 + 92
42145 + 92
42164 + 92
42183 + 92
42196 + 92
42212 + 92
42230 + 92
42259 + 92
42263 # 1504
42263 - 92 205
42263 - 92 163
42263 - 92 140
42263 - 92 118
42263 - 92 99
42263 - 92 80
42263 - 92 67
42263 - 92 51
42263 - 92 33
42263 - 92 4
42263 # 1504
42263 # 1504
42264 # 1504
42264 # 1504
42264 # 1504
42277 # 1504
42277 # 1504
42278 # 1504
42283 # 1504
42290 # 1504
42306 # 1504
42323 # 1504
42323 + 92
42333 # 1504
42333 - 92 10
42344 # 1504
42362 + 92
42368 # 1504
42368 - 92 6
42379 # 1504
42391 + 92
42397 # 1504
42397 - 92 6
42397 # 1504
42409 # 1504
42424 + 92
42426 # 1504
42426 - 92 2
42439 # 1504
42465 + 92
42526 # 1504
42526 - 92 61
42526 # 1504
42526 # 1504
42526 # 1504
42526 # 1504
42526 # 1504
42533 # 1504
42550 # 1504
42575 + 92
42577 # 1504
42577 - 92 2
42580 # 1504
42587 # 1504
42594 # 1504
42596 + 92
42608 # 1504
42608 - 92 12
42618 + 92
42624 # 1504
42624 - 92 6
42641 # 1504
42642 + 92
42658 # 1504
42658 - 92 16
42670 # 1504
42674 + 92
42692 # 1504
42692 - 92 18
42692 # 1504
42711 # 1504
42719 # 1504
42727 # 1504
42737 + 92
42740 # 1504
42740 - 92 3
42748 # 1504
42754 # 1504
42762 # 1504
42768 # 1504
42768 + 92
42778 # 1504
42778 - 92 10
42786 # 1504
42790 # 1504
42796 # 1504
42804 # 1504
42812 # 1504
42821 # 1504
42829 # 1504
42829 + 92
42838 # 1504
42838 - 92 9
42842 # 1504
42846 # 1504
42848 # 1504
42849 # 1504
42851 + 92
42853 # 1504
42853 - 92 2
42856 # 1504
42858 # 1504
42861 # 1504
42865 # 1504
42868 # 1504
42875 + 92
42876 # 1504
42876 - 92 1
42879 # 1504
42884 # 1504
42889 # 1504
42890 # 1504
42896 # 1504
42896 + 92
42899 # 1504
42899 - 92 3
42905 # 1504
42910 # 1504
42916 # 1504
42919 + 92
42922 # 1504
42922 - 92 3
42926 # 1504
42929 # 1504
42931 # 1504
42935 # 1504
42938 # 1504
42943 + 92
42944 # 1504
42944 - 92 1
42951 # 1504
42957 # 1504
42960 # 1504
42962 + 92
42964 # 1504
42964 - 92 2
42968 # 1504
42973 # 1504
42980 # 1504
42983 # 1504
42984 + 92
42986 # 1504
42986 - 92 2
42988 # 1504
42991 # 1504
42995 # 1504
42998 # 1504
43001 # 1504
43005 # 1504
43008 # 1504
43010 + 92
43013 # 1504
43013 - 92 3
43016 # 1504
43019 # 1504
43024 # 1504
43027 # 1504
43031 # 1504
43039 # 1504
43043 # 1504
43047 # 1504
43050 # 1504
43050 + 92
43054 # 1504
43054 - 92 4
43056 # 1504
43059 # 1504
43062 # 1504
43066 # 1504
43068 # 1504
43069 + 92
43071 # 1504
43071 - 92 2
43075 # 1504
43078 # 1504
43081 # 1504
43084 # 1504
43087 # 1504
43087 + 92
43090 # 1504
43090 - 92 3
43098 # 1504
43105 + 92
43107 # 1504
43107 - 92 2
43116 # 1504
43122 + 92
43124 # 1504
43124 - 92 2
43131 # 1504
43141 # 1504
43144 + 92
43148 # 1504
43148 - 92 4
43157 # 1504
43163 # 1504
43168 # 1504
43168 + 92
43171 # 1504
43171 - 92 3
43178 # 1504
43181 # 1504
43187 # 1504
43189 # 1504
43193 # 1504
43201 # 1504
43203 # 1504
43206 # 1504
43209 # 1504
43210 # 1504
43211 # 1504
43215 # 1504
43218 # 1504
43219 # 1504
43224 # 1504
43226 # 1504
43228 # 1504
43231 # 1504
43232 # 1504
43234 # 1504
43237 # 1504
43239 + 92
43240 # 1504
43240 - 92 1
43264 # 1504
43265 + 92
43283 # 1504
43283 - 92 18
43287 # 1504
43290 # 1504
43296 # 1504
43296 + 92
43303 # 1504
43303 - 92 7
43307 # 1504
43311 # 1504
43315 # 1504
43318 + 92
43328 # 1504
43328 - 92 10
43333 # 1504
43337 # 1504
43347 # 1504
43348 # 1504
43350 # 1504
43351 # 1504
43351 + 92
43355 # 1504
43355 - 92 4
43358 # 1504
43369 # 1504
43387 # 1504
43391 # 1504
43411 # 1504
43411 # 1504
43411 # 1504
43416 # 1504
43417 # 1504
43422 # 1504
43428 # 1504
43430 # 1504
43433 # 1504
43439 # 1504
43441 # 1504
43445 # 1504
43447 # 1504
43451 # 1504
43453 # 1504
43454 # 1504
43457 # 1504
43459 # 1504
43461 # 1504
43464 # 1504
43466 # 1504
43476 # 1504
43476 # 1504
43476 # 1504
43476 # 1504
43477 # 1504
43479 # 1504
43481 # 1504
43483 # 1504
43487 # 1504
43490 # 1504
43492 # 1504
43494 # 1504
43497 # 1504
43500 # 1504
43503 # 1504
43508 # 1504
43511 # 1504
43513 # 1504
43516 # 1504
43518 # 1504
43520 # 1504
43522 # 1504
43524 # 1504
43525 # 1504
43527 # 1504
43528 # 1504
43530 # 1504
43531 # 1504
43533 # 1504
43534 # 1504
43536 # 1504
43537 # 1504
43539 # 1504
43540 # 1504
43542 # 1504
43543 # 1504
43545 # 1504
43547 # 1504
43549 # 1504
43550 # 1504
43552 # 1504
43554 # 1504
43555 + 92
43556 # 1504
43556 - 92 1
43557 # 1504
43559 # 1504
43561 # 1504
43562 # 1504
43564 # 1504
43565 # 1504
43567 # 1504
43570 # 1504
43580 # 1504
43580 # 1504
43580 # 1504
43581 # 1504
43581 # 1504
43581 # 1504
43583 # 1504
43584 # 1504
43584 + 92
43586 # 1504
43586 - 92 2
43587 # 1504
43589 # 1504
43590 # 1504
43592 # 1504
43593 # 1504
43595 # 1504
43597 # 1504
43598 # 1504
43600 # 1504
43601 # 1504
43602 # 1504
43604 # 1504
43606 # 1504
43608 # 1504
43609 # 1504
43611 # 1504
43613 # 1504
43615 # 1504
43616 # 1504
43618 # 1504
43618 + 92
43620 # 1504
43620 - 92 2
43621 # 1504
43623 # 1504
43632 # 1504
43632 # 1504
43632 # 1504
43633 # 1504
43633 # 1504
43633 # 1504
43634 # 1504
43635 # 1504
43636 # 1504
43638 # 1504
43639 # 1504
43641 # 1504
43643 # 1504
43644 # 1504
43646 # 1504
43647 # 1504
43647 + 92
43648 # 1504
43648 - 92 1
43650 # 1504
43651 # 1504
43653 # 1504
43654 # 1504
43663 # 1504
43663 # 1504
43663 # 1504
43664 # 1504
43668 # 1504
43671 + 92
43672 # 1504
43672 - 92 1
43675 # 1504
43678 # 1504
43683 # 1504
43686 # 1504
43689 + 92
43690 # 1504
43690 - 92 1
43693 # 1504
43698 # 1504
43703 # 1504
43705 + 92
43709 # 1504
43709 - 92 4
43714 # 1504
43715 + 92
43721 # 1504
43721 - 92 6
43723 + 92
43724 # 1504
43724 - 92 1
43727 # 1504
43730 # 1504
43732 # 1504
43733 + 92
43737 # 1504
43737 - 92 4
43740 # 1504
43741 + 92
43744 # 1504
43744 - 92 3
43748 # 1504
43752 # 1504
43755 # 1504
43759 # 1504
43761 + 92
43762 # 1504
43762 - 92 1
43765 # 1504
43765 + 92
43766 # 1504
43766 - 92 1
43768 # 1504
43770 # 1504
43771 # 1504
43773 # 1504
43775 # 1504
43777 # 1504
43778 # 1504
43781 # 1504
43783 # 1504
43786 # 1504
43787 # 1504
43789 + 92
43790 # 1504
43790 - 92 1
43792 # 1504
43794 # 1504
43796 # 1504
43797 # 1504
43799 # 1504
43800 + 92
43801 # 1504
43801 - 92 1
43802 # 1504
43812 # 1504
43813 # 1504
43813 # 1504
43813 # 1504
43813 # 1504
43817 # 1504
43818 # 1504
43819 # 1504
43820 + 92
43821 # 1504
43821 - 92 1
43828 + 92
43830 # 1504
43830 - 92 2
43830 # 1504
43830 # 1504
43831 # 1504
43831 # 1504
43831 # 1504
43831 # 1504
43834 # 1504
43835 # 1504
43837 # 1504
43838 # 1504
43838 + 92
43839 # 1504
43839 - 92 1
43841 # 1504
43842 # 1504
43843 # 1504
43845 # 1504
43846 # 1504
43846 + 92
43848 # 1504
43848 - 92 2
43849 # 1504
43850 # 1504
43855 + 92
43860 # 1504
43860 - 92 5
43860 # 1504
43860 # 1504
43861 # 1504
43861 # 1504
43865 + 92
43869 # 1504
43869 - 92 4
43877 # 1504
43877 + 92
43879 # 1504
43879 - 92 2
43881 # 1504
43882 # 1504
43884 # 1504
43885 # 1504
43886 # 1504
43886 + 92
43888 # 1504
43888 - 92 2
43889 # 1504
43891 # 1504
43892 # 1504
43893 # 1504
43909 + 92
43912 # 1504
43912 - 92 3
43912 # 1504
43913 # 1504
43913 # 1504
43913 # 1504
43914 # 1504
43915 # 1504
43916 # 1504
43918 # 1504
43919 # 1504
43921 # 1504
43922 # 1504
43922 + 92
43924 # 1504
43924 - 92 2
43926 # 1504
43929 # 1504
43930 # 1504
43930 + 92
43933 # 1504
43933 - 92 3
43937 # 1504
43939 # 1504
43940 + 92
43942 # 1504
43942 - 92 2
43943 # 1504
43954 # 1504
43956 # 1504
43960 + 92
43965 # 1504
43965 - 92 5
43965 # 1504
43965 # 1504
43966 # 1504
43967 # 1504
43969 # 1504
43973 # 1504
43974 # 1504
43976 # 1504
43977 + 92
43977 + 92
43978 # 1504
43978 - 92 1
43978 - 92 1
43980 # 1504
43983 + 92
43984 # 1504
43984 - 92 1
43986 # 1504
43988 # 1504
43991 # 1504
43993 # 1504
43997 # 1504
43997 + 92
43998 # 1504
43998 - 92 1
43999 + 92
44000 # 1504
44000 - 92 1
44018 + 92
44020 + 92
44027 # 1504
44027 - 92 9
44027 - 92 7
44027 # 1504
44027 # 1504
44027 # 1504
44028 # 1504
44034 # 1504
44034 # 1504
44034 # 1504
44034 # 1504
44034 # 1504
44039 # 1504
44039 # 1504
44039 # 1504
44039 # 1504
44039 # 1504
44039 + 92
44040 # 1504
44040 - 92 1
44044 # 1504
44046 # 1504
44047 # 1504
44052 # 1504
44058 # 1504
44059 + 92
44062 # 1504
44062 - 92 3
44064 + 92
44065 # 1504
44065 - 92 1
44070 # 1504
44073 # 1504
44077 # 1504
44081 # 1504
44085 # 1504
44087 # 1504
44090 + 92
44090 + 92
44092 # 1504
44092 - 92 2
44092 - 92 2
44095 # 1504
44099 + 92
44100 # 1504
44100 - 92 1
44102 # 1504
44105 + 92
44109 # 1504
44109 - 92 4
44114 # 1504
44119 + 92
44122 # 1504
44122 - 92 3
44125 # 1504
44126 # 1504
44129 + 92
44131 # 1504
44131 - 92 2
44135 # 1504
44139 # 1504
44142 # 1504
44146 # 1504
44148 # 1504
44150 # 1504
44155 # 1504
44156 + 92
44158 # 1504
44158 - 92 2
44162 # 1504
44164 # 1504
44169 # 1504
44173 # 1504
44181 # 1504
44184 # 1504
44186 + 92
44190 # 1504
44190 - 92 4
44192 # 1504
44195 # 1504
44197 # 1504
44199 + 92
44203 # 1504
44203 - 92 4
44208 # 1504
44210 # 1504
44218 # 1504
44219 + 92
44220 # 1504
44220 - 92 1
44225 # 1504
44228 # 1504
44231 # 1504
44241 # 1504
44243 # 1504
44243 + 92
44247 # 1504
44247 - 92 4
44250 # 1504
44254 # 1504
44255 # 1504
44258 # 1504
44258 + 92
44262 # 1504
44262 - 92 4
44266 # 1504
44267 # 1504
44271 # 1504
44302 # 1504
44305 + 92
44319 + 92
44329 # 1504
44329 - 92 24
44329 - 92 10
44338 # 1504
44341 + 92
44344 # 1504
44344 - 92 3
44351 # 1504
44357 # 1504
44357 + 92
44363 # 1504
44363 - 92 6
44366 # 1504
44370 # 1504
44372 + 92
44379 # 1504
44379 - 92 7
44385 # 1504
44385 + 92
44390 # 1504
44390 - 92 5
44397 # 1504
44400 + 92
44401 # 1504
44401 - 92 1
44403 # 1504
44406 # 1504
44406 # 1504
44406 + 92
44408 # 1504
44408 - 92 2
44410 # 1504
44420 + 92
44427 # 1504
44427 - 92 7
44427 # 1504
44427 # 1504
44427 # 1504
44429 + 92
44431 # 1504
44431 - 92 2
44434 # 1504
44436 # 1504
44437 # 1504
44440 # 1504
44442 + 92
44443 # 1504
44443 - 92 1
44447 # 1504
44449 # 1504
44451 + 92
44455 # 1504
44455 - 92 4
44456 # 1504
44459 # 1504
44459 # 1504
44460 + 92
44461 # 1504
44461 - 92 1
44464 # 1504
44466 # 1504
44467 # 1504
44468 # 1504
44468 + 92
44470 # 1504
44470 - 92 2
44473 # 1504
44473 # 1504
44475 # 1504
44477 # 1504
44478 # 1504
44481 # 1504
44481 + 92
44483 # 1504
44483 - 92 2
44484 # 1504
44486 # 1504
44488 # 1504
44490 # 1504
44497 + 92
44499 + 92
44501 # 1504
44501 - 92 4
44501 - 92 2
44501 # 1504
44501 # 1504
44501 # 1504
44501 # 1504
44501 # 1504
44503 # 1504
44507 # 1504
44507 # 1504
44508 + 92
44509 # 1504
44509 - 92 1
44512 # 1504
44514 # 1504
44515 # 1504
44517 # 1504
44520 # 1504
44522 # 1504
44525 # 1504
44527 # 1504
44527 + 92
44537 # 1504
44537 - 92 10
44539 # 1504
44540 # 1504
44540 + 92
44540 + 92
44544 # 1504
44544 - 92 4
44544 - 92 4
44544 # 1504
44544 # 1504
44544 # 1504
44547 + 92
44556 # 1504
44556 - 92 9
44556 # 1504
44556 # 1504
44556 # 1504
44556 # 1504
44556 # 1504
44559 # 1504
44559 + 92
44560 # 1504
44560 - 92 1
44561 # 1504
44562 + 92
44563 # 1504
44563 - 92 1
44566 # 1504
44567 # 1504
44569 # 1504
44573 # 1504
44577 # 1504
44577 # 1504
44577 + 92
44579 # 1504
44579 - 92 2
44581 # 1504
44583 # 1504
44585 # 1504
44586 # 1504
44588 # 1504
44588 + 92
44594 # 1504
44594 - 92 6
44595 # 1504
44597 # 1504
44599 # 1504
44599 + 92
44599 + 92
44601 # 1504
44601 - 92 2
44601 - 92 2
44602 # 1504
44605 # 1504
44607 + 92
44609 # 1504
44609 - 92 2
44618 # 1504
44618 # 1504
44618 # 1504
44618 # 1504
44620 # 1504
44621 # 1504
44622 + 92
44622 + 92
44624 # 1504
44624 - 92 2
44624 - 92 2
44625 # 1504
44626 # 1504
44627 + 92
44629 # 1504
44629 - 92 2
44630 # 1504
44632 # 1504
44633 # 1504
44637 # 1504
44639 # 1504
44640 # 1504
44641 # 1504
44645 # 1504
44645 # 1504
44649 + 92
44656 # 1504
44656 - 92 7
44656 # 1504
44656 # 1504
44658 # 1504
44658 # 1504
44658 # 1504
44658 # 1504
44660 # 1504
44660 + 92
44662 + 92
44670 + 92
44671 # 1504
44671 - 92 11
44671 - 92 9
44671 - 92 1
44671 # 1504
44671 # 1504
44671 # 1504
44671 # 1504
44673 # 1504
44676 # 1504
44677 # 1504
44679 # 1504
44680 # 1504
44680 + 92
44684 # 1504
44684 - 92 4
44686 # 1504
44687 # 1504
44689 # 1504
44691 # 1504
44694 # 1504
44695 # 1504
44699 # 1504
44699 + 92
44701 # 1504
44701 - 92 2
44701 + 92
44702 # 1504
44702 - 92 1
44704 # 1504
44706 # 1504
44708 + 92
44710 # 1504
44710 - 92 2
44714 # 1504
44721 # 1504
44729 # 1504
44729 + 92
44736 # 1504
44736 - 92 7
44739 + 92
44742 # 1504
44742 - 92 3
44746 + 92
44751 # 1504
44751 - 92 5
44753 # 1504
44756 # 1504
44757 # 1504
44757 # 1504
44757 # 1504
44757 # 1504
44759 + 92
44763 + 92
44767 # 1504
44767 - 92 8
44767 - 92 4
44767 # 1504
44767 # 1504
44767 # 1504
44772 # 1504
44772 # 1504
44772 # 1504
44772 # 1504
44772 # 1504
44773 # 1504
44775 # 1504
44776 # 1504
44779 # 1504
44780 # 1504
44780 + 92
44781 # 1504
44781 - 92 1
44783 # 1504
44786 # 1504
44787 # 1504
44788 # 1504
44790 # 1504
44791 + 92
44793 # 1504
44793 - 92 2
44793 # 1504
44795 # 1504
44797 # 1504
44797 + 92
44799 # 1504
44799 - 92 2
44801 # 1504
44801 + 92
44802 # 1504
44802 - 92 1
44804 # 1504
44805 + 92
44806 # 1504
44806 - 92 1
44809 # 1504
44809 # 1504
44811 # 1504
44812 # 1504
44814 # 1504
44818 # 1504
44819 # 1504
44819 + 92
44820 # 1504
44820 - 92 1
44822 # 1504
44823 + 92
44825 # 1504
44825 - 92 2
44826 # 1504
44827 # 1504
44828 + 92
44829 # 1504
44829 - 92 1
44831 # 1504
44832 # 1504
44834 # 1504
44835 # 1504
44837 # 1504
44838 # 1504
44840 # 1504
44840 + 92
44841 # 1504
44841 - 92 1
44842 # 1504
44844 # 1504
44845 # 1504
44846 + 92
44847 # 1504
44847 - 92 1
44847 # 1504
44848 # 1504
44850 # 1504
44851 # 1504
44852 # 1504
44853 # 1504
44866 # 1504
44866 # 1504
44866 # 1504
44866 # 1504
44866 # 1504
44866 # 1504
44868 + 92
44868 + 92
44873 # 1504
44873 - 92 5
44873 - 92 5
44873 # 1504
44873 # 1504
44873 # 1504
44873 # 1504
44873 # 1504
44873 + 92
44874 # 1504
44874 - 92 1
44875 # 1504
44876 # 1504
44877 # 1504
44880 # 1504
44881 # 1504
44881 # 1504
44882 # 1504
44884 # 1504
44886 # 1504
44886 # 1504
44888 # 1504
44888 # 1504
44888 + 92
44890 # 1504
44890 - 92 2
44891 # 1504
44892 # 1504
44894 # 1504
44896 # 1504
44896 # 1504
44897 # 1504
44898 # 1504
44899 # 1504
44899 + 92
44906 + 92
44906 + 92
44909 # 1504
44909 - 92 10
44909 - 92 3
44909 - 92 3
44911 # 1504
44911 # 1504
44911 # 1504
44911 # 1504
44911 # 1504
44911 # 1504
44911 # 1504
44912 # 1504
44913 # 1504
44915 # 1504
44916 # 1504
44917 # 1504
44918 # 1504
44919 # 1504
44927 + 92
44927 + 92
44931 # 1504
44931 - 92 4
44931 - 92 4
44931 # 1504
44931 # 1504
44931 # 1504
44931 # 1504
44932 # 1504
44932 # 1504
44933 # 1504
44933 # 1504
44934 # 1504
44936 # 1504
44937 # 1504
44938 # 1504
44939 # 1504
44940 + 92
44940 + 92
44941 # 1504
44941 - 92 1
44941 - 92 1
44943 # 1504
44944 # 1504
44945 # 1504
44946 # 1504
44947 + 92
44949 # 1504
44949 - 92 2
44950 # 1504
44951 # 1504
44953 # 1504
44962 + 92
44962 + 92
44963 # 1504
44963 - 92 1
44963 - 92 1
44963 # 1504
44963 # 1504
44963 # 1504
44963 # 1504
44965 # 1504
44968 # 1504
44968 # 1504
44970 # 1504
44972 # 1504
44972 # 1504
44973 + 92
44976 # 1504
44976 - 92 3
44977 # 1504
44980 # 1504
44984 # 1504
44984 # 1504
44985 # 1504
44986 # 1504
44988 # 1504
44989 + 92
44990 # 1504
44990 - 92 1
44991 # 1504
44992 # 1504
44993 # 1504
44993 + 92
44995 # 1504
44995 - 92 2
45007 # 1504
45007 # 1504
45007 # 1504
45007 # 1504
45007 # 1504
45007 + 92
45008 # 1504
45008 - 92 1
45009 # 1504
45011 # 1504
45011 # 1504
45016 # 1504
45016 # 1504
45017 # 1504
45019 # 1504
45021 # 1504
45021 # 1504
45022 # 1504
45023 # 1504
45025 # 1504
45025 + 92
45025 + 92
45026 # 1504
45026 - 92 1
45026 - 92 1
45028 # 1504
45038 # 1504
45038 # 1504
45038 # 1504
45038 # 1504
45039 # 1504
45039 # 1504
45039 # 1504
45039 + 92
45039 + 92
45043 # 1504
45043 - 92 4
45043 - 92 4
45043 # 1504
45046 # 1504
45046 # 1504
45047 # 1504
45057 + 92
45058 # 1504
45058 - 92 1
45058 # 1504
45058 # 1504
45058 # 1504
45058 # 1504
45058 # 1504
45059 + 92
45066 + 92
45068 # 1504
45068 - 92 9
45068 - 92 2
45069 # 1504
45069 # 1504
45073 # 1504
45073 # 1504
45073 # 1504
45080 + 92
45080 + 92
45081 # 1504
45081 - 92 1
45081 - 92 1
45086 # 1504
45086 # 1504
45086 # 1504
45086 # 1504
45086 # 1504
45087 # 1504
45087 + 92
45089 # 1504
45089 - 92 2
45091 # 1504
45093 # 1504
45093 # 1504
45095 # 1504
45098 # 1504
45099 # 1504
45100 # 1504
45101 # 1504
45101 + 92
45101 + 92
45103 # 1504
45103 - 92 2
45103 - 92 2
45105 # 1504
45109 + 92
45115 + 92
45116 # 1504
45116 - 92 7
45116 - 92 1
45116 # 1504
45116 # 1504
45118 # 1504
45121 # 1504
45121 # 1504
45121 # 1504
45121 # 1504
45123 # 1504
45124 # 1504
45124 + 92
45125 # 1504
45125 - 92 1
45127 # 1504
45127 + 92
45129 # 1504
45129 - 92 2
45131 # 1504
45131 # 1504
45133 # 1504
45134 # 1504
45137 # 1504
45137 # 1504
45138 + 92
45139 # 1504
45139 - 92 1
45140 # 1504
45141 + 92
45142 # 1504
45142 - 92 1
45143 + 92
45144 # 1504
45144 - 92 1
45144 # 1504
45145 # 1504
45147 # 1504
45148 # 1504
45149 # 1504
45149 + 92
45150 # 1504
45150 - 92 1
45151 # 1504
45153 # 1504
45154 # 1504
45155 # 1504
45156 # 1504
45157 # 1504
45160 + 92
45160 + 92
45168 # 1504
45168 - 92 8
45168 - 92 8
45168 # 1504
45168 # 1504
45168 # 1504
45168 # 1504
45168 # 1504
45168 # 1504
45169 # 1504
45170 # 1504
45171 + 92
45173 # 1504
45173 - 92 2
45176 # 1504
45176 # 1504
45177 # 1504
45177 + 92
45177 + 92
45178 # 1504
45178 - 92 1
45178 - 92 1
45189 # 1504
45191 # 1504
45191 # 1504
45191 # 1504
45193 # 1504
45193 # 1504
45200 + 92
45201 # 1504
45201 - 92 1
45201 # 1504
45201 # 1504
45201 # 1504
45201 # 1504
45201 # 1504
45201 # 1504
45202 # 1504
45203 # 1504
45206 + 92
45216 # 1504
45216 - 92 10
45216 # 1504
45216 # 1504
45216 # 1504
45216 # 1504
45216 # 1504
45217 # 1504
45217 # 1504
45226 # 1504
45226 # 1504
45226 # 1504
45226 # 1504
45226 # 1504
45226 # 1504
45227 # 1504
45228 # 1504
45230 # 1504
45232 # 1504
45233 # 1504
45237 # 1504
45240 # 1504
45240 # 1504
45241 # 1504
45242 # 1504
45243 # 1504
45245 # 1504
45247 # 1504
45249 # 1504
45258 # 1504
45258 # 1504
45258 # 1504
45258 # 1504
45258 # 1504
45258 # 1504
45259 # 1504
45261 # 1504
45261 # 1504
45263 # 1504
45270 + 92
45270 + 92
45273 # 1504
45273 - 92 3
45273 - 92 3
45275 # 1504
45277 # 1504
45277 # 1504
45277 # 1504
45277 # 1504
45280 # 1504
45280 # 1504
45281 # 1504
45284 # 1504
45286 # 1504
45287 # 1504
45289 # 1504
45291 # 1504
45293 # 1504
45295 # 1504
45296 # 1504
45297 # 1504
45299 # 1504
45302 # 1504
45311 # 1504
45311 # 1504
45311 # 1504
45318 + 92
45318 + 92
45318 + 92
45318 + 92
45318 + 92
45318 + 92
45318 + 92
45318 + 92
45318 + 92
45318 + 92
45318 + 92
45318 + 92
45320 + 92
45325 + 92
45328 + 92
45337 # 1504
45337 - 92 19
45337 - 92 19
45337 - 92 19
45337 - 92 19
45337 - 92 19
45337 - 92 19
45337 - 92 19
45337 - 92 19
45337 - 92 19
45337 - 92 19
45337 - 92 19
45337 - 92 19
45337 - 92 17
45337 - 92 12
45337 - 92 9
45337 + 92
45341 + 92
45345 # 1504
45345 - 92 8
45345 - 92 4
45351 # 1504
45351 + 92
45356 # 1504
45356 - 92 5
45360 # 1504
45362 + 92
45365 # 1504
45365 - 92 3
45375 # 1504
45377 # 1504
45377 + 92
45393 # 1504
45393 - 92 16
45396 + 92
45398 # 1504
45398 - 92 2
45401 # 1504
45403 + 92
45406 # 1504
45406 - 92 3
45408 # 1504
45411 # 1504
45415 # 1504
45415 + 92
45425 # 1504
45425 - 92 10
45425 + 92
45431 # 1504
45431 - 92 6
45431 # 1504
45431 # 1504
45433 # 1504
45435 + 92
45436 # 1504
45436 - 92 1
45438 # 1504
45439 # 1504
45443 # 1504
45446 # 1504
45447 + 92
45448 # 1504
45448 - 92 1
45451 # 1504
45451 # 1504
45455 # 1504
45458 # 1504
45459 # 1504
45459 + 92
45460 # 1504
45460 - 92 1
45464 # 1504
45466 # 1504
45468 # 1504
45468 # 1504
45470 # 1504
45471 + 92
45473 # 1504
45473 - 92 2
45474 # 1504
45476 # 1504
45478 # 1504
45482 # 1504
45482 # 1504
45485 # 1504
45485 + 92
45487 # 1504
45487 - 92 2
45490 # 1504
45490 # 1504
45495 # 1504
45498 # 1504
45498 # 1504
45500 # 1504
45502 # 1504
45503 + 92
45506 # 1504
45506 - 92 3
45507 # 1504
45508 # 1504
45511 # 1504
45513 # 1504
45517 # 1504
45519 # 1504
45521 # 1504
45522 # 1504
45523 # 1504
45525 # 1504
45526 # 1504
45528 # 1504
45529 # 1504
45530 # 1504
45532 # 1504
45534 # 1504
45535 # 1504
45536 + 92
45537 # 1504
45537 - 92 1
45538 # 1504
45540 # 1504
45541 # 1504
45543 # 1504
45553 # 1504
45553 # 1504
45553 # 1504
45553 # 1504
45553 # 1504
45553 # 1504
45553 # 1504
45555 # 1504
45556 # 1504
45558 # 1504
45559 + 92
45560 # 1504
45560 - 92 1
45560 # 1504
45561 # 1504
45563 # 1504
45566 # 1504
45568 # 1504
45568 # 1504
45569 # 1504
45571 # 1504
45573 # 1504
45576 # 1504
45576 # 1504
45577 # 1504
45579 # 1504
45580 # 1504
45581 # 1504
45583 + 92
45591 # 1504
45591 - 92 8
45593 # 1504
45593 # 1504
45595 # 1504
45598 # 1504
45600 # 1504
45600 # 1504
45602 # 1504
45604 # 1504
45606 # 1504
45608 # 1504
45610 # 1504
45610 + 92
45611 # 1504
45611 - 92 1
45613 # 1504
45615 # 1504
45616 # 1504
45618 # 1504
45620 # 1504
45623 # 1504
45623 # 1504
45626 # 1504
45628 # 1504
45630 # 1504
45632 # 1504
45633 # 1504
45637 # 1504
45638 # 1504
45640 # 1504
45640 + 92
45644 # 1504
45644 - 92 4
45647 # 1504
45648 # 1504
45649 # 1504
45651 # 1504
45656 # 1504
45657 # 1504
45667 # 1504
45667 # 1504
45667 # 1504
45667 # 1504
45667 # 1504
45668 + 92
45669 # 1504
45669 - 92 1
45670 # 1504
45671 # 1504
45673 # 1504
45676 # 1504
45677 # 1504
45678 # 1504
45680 # 1504
45684 # 1504
45691 + 92
45693 # 1504
45693 - 92 2
45695 # 1504
45695 # 1504
45695 # 1504
45695 # 1504
45696 # 1504
45698 # 1504
45700 # 1504
45702 # 1504
45703 # 1504
45704 # 1504
45706 # 1504
45707 # 1504
45709 # 1504
45710 # 1504
45711 + 92
45712 # 1504
45712 - 92 1
45713 # 1504
45716 # 1504
45716 # 1504
45718 # 1504
45720 # 1504
45722 # 1504
45722 # 1504
45726 # 1504
45726 # 1504
45728 # 1504
45730 # 1504
45732 # 1504
45732 # 1504
45732 + 92
45734 # 1504
45734 - 92 2
45735 # 1504
45738 # 1504
45738 # 1504
45740 # 1504
45749 + 92
45750 # 1504
45750 - 92 1
45750 # 1504
45751 # 1504
45751 # 1504
45751 # 1504
45751 # 1504
45752 # 1504
45754 # 1504
45755 # 1504
45757 # 1504
45758 # 1504
45768 # 1504
45768 + 92
45771 # 1504
45771 - 92 3
45772 # 1504
45773 # 1504
45773 # 1504
45773 # 1504
45773 # 1504
45785 # 1504
45785 # 1504
45786 # 1504
45786 # 1504
45788 # 1504
45790 # 1504
45792 # 1504
45792 # 1504
45793 # 1504
45795 # 1504
45797 # 1504
45804 + 92
45807 # 1504
45807 - 92 3
45808 # 1504
45811 # 1504
45811 # 1504
45812 # 1504
45823 # 1504
45823 # 1504
45823 # 1504
45823 # 1504
45824 # 1504
45826 # 1504
45827 # 1504
45829 # 1504
45830 + 92
45831 # 1504
45831 - 92 1
45832 # 1504
45834 # 1504
45836 # 1504
45838 # 1504
45839 # 1504
45841 # 1504
45850 # 1504
45851 # 1504
45852 # 1504
45855 + 92
45856 # 1504
45856 - 92 1
45857 # 1504
45857 # 1504
45858 # 1504
45869 # 1504
45870 # 1504
45870 # 1504
45872 # 1504
45872 # 1504
45872 # 1504
45876 # 1504
45876 # 1504
45877 # 1504
45879 # 1504
45879 + 92
45881 # 1504
45881 - 92 2
45881 # 1504
45883 # 1504
45886 # 1504
45886 # 1504
45887 # 1504
45897 # 1504
45897 # 1504
45897 # 1504
45897 # 1504
45903 # 1504
45903 # 1504
45903 # 1504
45903 # 1504
45904 + 92
45912 # 1504
45912 - 92 8
45912 # 1504
45912 # 1504
45912 # 1504
45912 # 1504
45913 # 1504
45914 # 1504
45915 # 1504
45916 # 1504
45921 + 92
45928 # 1504
45928 - 92 7
45928 # 1504
45928 # 1504
45928 # 1504
45931 # 1504
45935 # 1504
45936 # 1504
45939 + 92
45942 # 1504
45942 - 92 3
45943 # 1504
45943 # 1504
45945 # 1504
45947 # 1504
45948 # 1504
45951 # 1504
45952 # 1504
45953 # 1504
45954 # 1504
45958 # 1504
45958 # 1504
45960 # 1504
45961 # 1504
45964 # 1504
45965 + 92
45966 # 1504
45966 - 92 1
45966 # 1504
45968 # 1504
45970 # 1504
45973 # 1504
45973 # 1504
45977 # 1504
45978 # 1504
45980 # 1504
45981 # 1504
45983 # 1504
45985 # 1504
45986 # 1504
45988 # 1504
45990 # 1504
45992 # 1504
45992 + 92
45993 # 1504
45993 - 92 1
45995 # 1504
45998 # 1504
45998 # 1504
46000 # 1504
46002 # 1504
46006 # 1504
46006 # 1504
46007 # 1504
46009 # 1504
46011 # 1504
46013 # 1504
46014 # 1504
46016 # 1504
46017 # 1504
46021 # 1504
46022 # 1504
46023 # 1504
46025 # 1504
46028 # 1504
46029 # 1504
46030 # 1504
46031 + 92
46032 # 1504
46032 - 92 1
46034 # 1504
46036 # 1504
46037 # 1504
46039 # 1504
46041 # 1504
46043 # 1504
46045 # 1504
46046 # 1504
46048 # 1504
46049 # 1504
46052 # 1504
46053 # 1504
46055 # 1504
46056 # 1504
46059 # 1504
46060 # 1504
46061 # 1504
46065 + 92
46066 # 1504
46066 - 92 1
46067 # 1504
46068 # 1504
46070 # 1504
46071 # 1504
46073 # 1504
46075 # 1504
46077 # 1504
46078 # 1504
46080 # 1504
46083 # 1504
46083 # 1504
46085 # 1504
46086 + 92
46095 # 1504
46095 - 92 9
46095 # 1504
46095 # 1504
46095 # 1504
46097 # 1504
46097 # 1504
46100 # 1504
46101 # 1504
46103 + 92
46105 # 1504
46105 - 92 2
46108 # 1504
46110 # 1504
46115 # 1504
46118 # 1504
46120 # 1504
46124 # 1504
46128 # 1504
46130 + 92
46133 # 1504
46133 - 92 3
46137 # 1504
46140 # 1504
46142 # 1504
46147 # 1504
46147 + 92
46149 # 1504
46149 - 92 2
46153 # 1504
46157 # 1504
46158 + 92
46161 # 1504
46161 - 92 3
46165 # 1504
46166 # 1504
46169 # 1504
46171 # 1504
46173 # 1504
46174 + 92
46175 # 1504
46175 - 92 1
46178 # 1504
46179 # 1504
46181 # 1504
46183 # 1504
46186 # 1504
46186 # 1504
46191 # 1504
46192 # 1504
46193 # 1504
46193 + 92
46195 # 1504
46195 - 92 2
46197 # 1504
46199 # 1504
46201 # 1504
46203 # 1504
46205 # 1504
46207 # 1504
46209 # 1504
46211 # 1504
46213 # 1504
46216 # 1504
46217 # 1504
46219 # 1504
46219 + 92
46222 # 1504
46222 - 92 3
46224 # 1504
46225 # 1504
46227 # 1504
46230 # 1504
46232 # 1504
46234 # 1504
46236 # 1504
46238 # 1504
46241 # 1504
46243 # 1504
46245 # 1504
46245 + 92
46247 # 1504
46247 - 92 2
46249 # 1504
46253 # 1504
46254 # 1504
46257 # 1504
46258 # 1504
46259 + 92
46261 # 1504
46261 - 92 2
46262 # 1504
46265 # 1504
46266 # 1504
46267 # 1504
46271 # 1504
46272 # 1504
46277 # 1504
46278 # 1504
46283 + 92
46290 # 1504
46290 - 92 7
46296 + 92
46297 # 1504
46297 - 92 1
46298 # 1504
46301 # 1504
46302 # 1504
46302 # 1504
46308 # 1504
46308 # 1504
46308 + 92
46309 # 1504
46309 - 92 1
46317 # 1504
46317 # 1504
46317 # 1504
46317 # 1504
46318 # 1504
46319 + 92
46320 # 1504
46320 - 92 1
46321 # 1504
46327 # 1504
46332 + 92
46333 # 1504
46333 - 92 1
46334 # 1504
46337 # 1504
46339 + 92
46340 # 1504
46340 - 92 1
46343 # 1504
46345 # 1504
46347 + 92
46348 # 1504
46348 - 92 1
46349 # 1504
46351 # 1504
46353 # 1504
46355 # 1504
46357 # 1504
46359 # 1504
46361 # 1504
46362 + 92
46362 + 92
46364 # 1504
46364 - 92 2
46364 - 92 2
46365 # 1504
46367 # 1504
46369 # 1504
46372 # 1504
46374 # 1504
46376 # 1504
46378 # 1504
46378 + 92
46378 + 92
46380 # 1504
46380 - 92 2
46380 - 92 2
46382 # 1504
46383 + 92
46385 # 1504
46385 - 92 2
46388 # 1504
46389 # 1504
46391 # 1504
46393 + 92
46394 # 1504
46394 - 92 1
46396 # 1504
46397 # 1504
46399 # 1504
46399 + 92
46402 # 1504
46402 - 92 3
46403 # 1504
46405 # 1504
46407 # 1504
46408 # 1504
46411 # 1504
46412 # 1504
46413 + 92
46415 # 1504
46415 - 92 2
46417 # 1504
46419 # 1504
46419 + 92
46420 + 92
46421 # 1504
46421 - 92 2
46421 - 92 1
46423 # 1504
46427 # 1504
46428 # 1504
46430 # 1504
46432 + 92
46433 # 1504
46433 - 92 1
46435 # 1504
46438 # 1504
46440 # 1504
46441 # 1504
46444 # 1504
46447 # 1504
46449 + 92
46449 + 92
46451 # 1504
46451 - 92 2
46451 - 92 2
46453 # 1504
46458 # 1504
46459 + 92
46460 # 1504
46460 - 92 1
46461 + 92
46462 # 1504
46462 - 92 1
46466 # 1504
46469 # 1504
46469 + 92
46472 # 1504
46472 - 92 3
46475 # 1504
46477 # 1504
46480 # 1504
46482 # 1504
46485 # 1504
46487 # 1504
46489 # 1504
46489 + 92
46489 + 92
46491 # 1504
46491 - 92 2
46491 - 92 2
46493 # 1504
46494 + 92
46495 # 1504
46495 - 92 1
46497 # 1504
46500 # 1504
46502 # 1504
46503 + 92
46505 # 1504
46505 - 92 2
46507 # 1504
46509 # 1504
46511 # 1504
46512 + 92
46513 # 1504
46513 - 92 1
46515 # 1504
46517 # 1504
46518 # 1504
46520 # 1504
46522 # 1504
46526 # 1504
46526 # 1504
46527 # 1504
46527 + 92
46528 # 1504
46528 - 92 1
46530 # 1504
46539 + 92
46540 # 1504
46540 - 92 1
46541 # 1504
46542 # 1504
46542 # 1504
46542 # 1504
46542 # 1504
46544 # 1504
46546 # 1504
46547 # 1504
46547 + 92
46549 # 1504
46549 - 92 2
46551 # 1504
46552 # 1504
46553 # 1504
46554 + 92
46555 # 1504
46555 - 92 1
46556 # 1504
46559 + 92
46566 # 1504
46566 - 92 7
46566 # 1504
46566 # 1504
46566 + 92
46571 # 1504
46571 - 92 5
46571 # 1504
46571 # 1504
46571 # 1504
46573 + 92
46581 # 1504
46581 - 92 8
46581 + 92
46583 # 1504
46583 - 92 2
46585 # 1504
46586 # 1504
46587 + 92
46590 # 1504
46590 - 92 3
46596 + 92
46600 + 92
46601 # 1504
46601 - 92 5
46601 - 92 1
46602 # 1504
46605 # 1504
46606 # 1504
46606 # 1504
46606 # 1504
46606 + 92
46607 # 1504
46607 - 92 1
46610 # 1504
46614 # 1504
46617 # 1504
46619 # 1504
46620 + 92
46620 + 92
46623 # 1504
46623 - 92 3
46623 - 92 3
46623 + 92
46625 # 1504
46625 - 92 2
46628 # 1504
46631 # 1504
46633 # 1504
46637 + 92
46637 + 92
46638 # 1504
46638 - 92 1
46638 - 92 1
46640 # 1504
46641 + 92
46645 # 1504
46645 - 92 4
46647 # 1504
46648 + 92
46649 # 1504
46649 - 92 1
46653 # 1504
46655 # 1504
46657 # 1504
46659 + 92
46661 # 1504
46661 - 92 2
46663 # 1504
46663 + 92
46666 # 1504
46666 - 92 3
46669 # 1504
46671 # 1504
46672 + 92
46674 # 1504
46674 - 92 2
46678 # 1504
46679 + 92
46680 # 1504
46680 - 92 1
46683 # 1504
46686 # 1504
46686 + 92
46689 # 1504
46689 - 92 3
46692 # 1504
46695 # 1504
46696 + 92
46698 # 1504
46698 - 92 2
46698 + 92
46702 # 1504
46702 - 92 4
46704 # 1504
46706 # 1504
46709 # 1504
46712 # 1504
46712 + 92
46716 # 1504
46716 - 92 4
46717 # 1504
46717 + 92
46719 + 92
46720 # 1504
46720 - 92 3
46720 - 92 1
46724 # 1504
46726 # 1504
46728 # 1504
46732 # 1504
46735 # 1504
46737 # 1504
46739 + 92
46740 # 1504
46740 - 92 1
46742 # 1504
46745 # 1504
46747 # 1504
46750 # 1504
46753 # 1504
46758 # 1504
46760 + 92
46760 + 92
46761 # 1504
46761 - 92 1
46761 - 92 1
46763 # 1504
46764 + 92
46765 # 1504
46765 - 92 1
46769 # 1504
46770 # 1504
46773 # 1504
46778 # 1504
46779 + 92
46781 # 1504
46781 - 92 2
46782 # 1504
46785 # 1504
46788 # 1504
46790 # 1504
46794 # 1504
46794 + 92
46797 # 1504
46797 - 92 3
46800 # 1504
46802 + 92
46803 # 1504
46803 - 92 1
46804 # 1504
46806 # 1504
46807 + 92
46808 # 1504
46808 - 92 1
46810 # 1504
46812 # 1504
46814 # 1504
46817 # 1504
46817 # 1504
46818 + 92
46820 # 1504
46820 - 92 2
46821 # 1504
46823 # 1504
46826 # 1504
46827 # 1504
46827 + 92
46831 # 1504
46831 - 92 4
46831 # 1504
46833 # 1504
46835 # 1504
46835 + 92
46837 # 1504
46837 - 92 2
46839 # 1504
46841 # 1504
46843 # 1504
46843 + 92
46845 # 1504
46845 - 92 2
46848 # 1504
46849 # 1504
46853 # 1504
46854 # 1504
46855 # 1504
46857 # 1504
46858 # 1504
46860 + 92
46861 # 1504
46861 - 92 1
46863 # 1504
46865 # 1504
46866 # 1504
46867 + 92
46868 # 1504
46868 - 92 1
46870 # 1504
46872 # 1504
46875 # 1504
46876 # 1504
46877 + 92
46879 # 1504
46879 - 92 2
46880 # 1504
46882 # 1504
46884 # 1504
46886 # 1504
46886 + 92
46888 # 1504
46888 - 92 2
46892 # 1504
46893 # 1504
46894 # 1504
46895 + 92
46896 # 1504
46896 - 92 1
46898 # 1504
46900 # 1504
46903 # 1504
46904 # 1504
46904 + 92
46906 # 1504
46906 - 92 2
46908 # 1504
46909 # 1504
46911 # 1504
46912 + 92
46913 # 1504
46913 - 92 1
46915 # 1504
46916 # 1504
46919 # 1504
46920 # 1504
46920 + 92
46921 # 1504
46921 - 92 1
46923 # 1504
46925 # 1504
46926 # 1504
46928 # 1504
46928 + 92
46930 # 1504
46930 - 92 2
46932 # 1504
46933 # 1504
46936 # 1504
46936 + 92
46939 # 1504
46939 - 92 3
46939 # 1504
46941 # 1504
46943 # 1504
46943 + 92
46945 # 1504
46945 - 92 2
46946 # 1504
46949 + 92
46956 # 1504
46956 - 92 7
46959 # 1504
46959 # 1504
46959 # 1504
46959 # 1504
46959 + 92
46960 # 1504
46960 - 92 1
46961 # 1504
46963 # 1504
46965 # 1504
46967 # 1504
46968 # 1504
46969 + 92
46970 # 1504
46970 - 92 1
46972 # 1504
46974 # 1504
46975 # 1504
46977 # 1504
46979 # 1504
46981 # 1504
46982 # 1504
46984 # 1504
46984 + 92
46985 # 1504
46985 - 92 1
46988 # 1504
46988 # 1504
46989 + 92
46991 # 1504
46991 - 92 2
46993 # 1504
46995 # 1504
46995 + 92
46996 # 1504
46996 - 92 1
46998 # 1504
46999 # 1504
47001 # 1504
47002 # 1504
47003 + 92
47004 # 1504
47004 - 92 1
47005 # 1504
47007 # 1504
47008 # 1504
47011 # 1504
47011 + 92
47012 # 1504
47012 - 92 1
47013 # 1504
47014 # 1504
47016 # 1504
47017 # 1504
47019 # 1504
47020 # 1504
47022 # 1504
47023 # 1504
47026 # 1504
47027 + 92
47028 # 1504
47028 - 92 1
47029 # 1504
47031 # 1504
47032 # 1504
47033 # 1504
47035 # 1504
47036 # 1504
47038 # 1504
47039 + 92
47046 + 92
47047 # 1504
47047 - 92 8
47047 - 92 1
47047 # 1504
47051 # 1504
47051 # 1504
47055 # 1504
47056 # 1504
47056 # 1504
47056 + 92
47061 # 1504
47061 - 92 5
47061 # 1504
47061 # 1504
47061 # 1504
47061 # 1504
47063 + 92
47065 # 1504
47065 - 92 2
47067 # 1504
47069 # 1504
47070 # 1504
47072 # 1504
47074 # 1504
47076 # 1504
47077 # 1504
47077 + 92
47080 # 1504
47080 - 92 3
47080 + 92
47082 # 1504
47082 - 92 2
47083 # 1504
47085 # 1504
47086 # 1504
47089 # 1504
47092 + 92
47097 # 1504
47097 - 92 5
47097 # 1504
47097 + 92
47100 # 1504
47100 - 92 3
47100 + 92
47105 # 1504
47105 - 92 5
47105 # 1504
47105 # 1504
47105 # 1504
47106 + 92
47113 # 1504
47113 - 92 7
47113 # 1504
47119 # 1504
47119 # 1504
47120 + 92
47121 # 1504
47121 - 92 1
47125 # 1504
47125 # 1504
47125 # 1504
47131 + 92
47132 # 1504
47132 - 92 1
47132 # 1504
47133 # 1504
47133 # 1504
47133 # 1504
47134 # 1504
47136 # 1504
47137 + 92
47138 # 1504
47138 - 92 1
47139 # 1504
47141 # 1504
47144 # 1504
47146 # 1504
47148 + 92
47150 # 1504
47150 - 92 2
47153 # 1504
47156 # 1504
47160 # 1504
47163 # 1504
47164 # 1504
47167 # 1504
47170 # 1504
47174 # 1504
47177 # 1504
47177 + 92
47177 + 92
47177 + 92
47179 # 1504
47179 - 92 2
47179 - 92 2
47179 - 92 2
47179 + 92
47183 # 1504
47183 - 92 4
47185 # 1504
47187 # 1504
47192 # 1504
47195 # 1504
47198 # 1504
47202 # 1504
47203 # 1504
47205 + 92
47206 # 1504
47206 - 92 1
47209 # 1504
47212 # 1504
47215 # 1504
47216 + 92
47217 # 1504
47217 - 92 1
47220 # 1504
47220 + 92
47223 + 92
47224 # 1504
47224 - 92 4
47224 - 92 1
47225 # 1504
47228 # 1504
47230 # 1504
47231 # 1504
47234 # 1504
47237 + 92
47239 # 1504
47239 - 92 2
47240 + 92
47248 # 1504
47248 - 92 8
47248 + 92
47250 # 1504
47250 - 92 2
47250 # 1504
47251 # 1504
47256 # 1504
47257 # 1504
47260 # 1504
47261 + 92
47264 # 1504
47264 - 92 3
47264 + 92
47266 # 1504
47266 - 92 2
47269 # 1504
47271 # 1504
47274 # 1504
47278 # 1504
47279 # 1504
47281 + 92
47283 # 1504
47283 - 92 2
47286 + 92
47287 # 1504
47287 - 92 1
47288 # 1504
47292 # 1504
47293 + 92
47300 # 1504
47300 - 92 7
47300 + 92
47303 # 1504
47303 - 92 3
47304 # 1504
47305 # 1504
47308 # 1504
47308 # 1504
47309 + 92
47311 # 1504
47311 - 92 2
47311 # 1504
47313 # 1504
47314 # 1504
47316 # 1504
47317 # 1504
47319 # 1504
47319 + 92
47328 # 1504
47328 - 92 9
47328 # 1504
47328 # 1504
47328 # 1504
47330 # 1504
47331 # 1504
47332 + 92
47333 # 1504
47333 - 92 1
47334 # 1504
47336 # 1504
47336 + 92
47337 # 1504
47337 - 92 1
47340 # 1504
47349 # 1504
47349 # 1504
47349 # 1504
47349 # 1504
47349 # 1504
47349 + 92
47349 + 92
47357 # 1504
47357 - 92 8
47357 - 92 8
47357 # 1504
47357 # 1504
47358 # 1504
47358 # 1504
47359 # 1504
47359 + 92
47368 + 92
47369 # 1504
47369 - 92 10
47369 - 92 1
47369 # 1504
47372 # 1504
47372 # 1504
47374 + 92
47375 # 1504
47375 - 92 1
47375 # 1504
47377 # 1504
47379 # 1504
47382 # 1504
47383 + 92
47388 # 1504
47388 - 92 5
47390 # 1504
47390 # 1504
47390 # 1504
47391 + 92
47400 # 1504
47400 - 92 9
47402 # 1504
47402 # 1504
47402 # 1504
47402 # 1504
47402 # 1504
47402 + 92
47404 # 1504
47404 - 92 2
47406 # 1504
47408 # 1504
47409 + 92
47411 # 1504
47411 - 92 2
47412 # 1504
47413 # 1504
47415 # 1504
47415 + 92
47417 # 1504
47417 - 92 2
47419 # 1504
47422 + 92
47429 # 1504
47429 - 92 7
47429 # 1504
47429 # 1504
47429 # 1504
47429 # 1504
47430 # 1504
47430 + 92
47438 + 92
47440 # 1504
47440 - 92 10
47440 - 92 2
47443 + 92
47446 # 1504
47446 - 92 3
47446 # 1504
47446 # 1504
47446 # 1504
47446 # 1504
47446 # 1504
47447 # 1504
47458 # 1504
47458 + 92
47461 # 1504
47461 - 92 3
47462 + 92
47467 + 92
47473 + 92
47478 # 1504
47478 - 92 16
47478 - 92 11
47478 - 92 5
47478 # 1504
47478 # 1504
47478 # 1504
47478 # 1504
47478 # 1504
47478 # 1504
47478 # 1504
47479 # 1504
47480 # 1504
47483 # 1504
47483 # 1504
47484 + 92
47485 # 1504
47485 - 92 1
47487 # 1504
47488 + 92
47489 # 1504
47489 - 92 1
47490 # 1504
47492 # 1504
47494 # 1504
47495 # 1504
47497 # 1504
47497 + 92
47499 # 1504
47499 - 92 2
47501 # 1504
47503 # 1504
47504 # 1504
47505 + 92
47506 # 1504
47506 - 92 1
47507 # 1504
47511 # 1504
47512 + 92
47513 # 1504
47513 - 92 1
47514 # 1504
47515 # 1504
47516 # 1504
47518 # 1504
47520 # 1504
47521 # 1504
47524 # 1504
47527 # 1504
47530 # 1504
47532 + 92
47533 # 1504
47533 - 92 1
47536 # 1504
47538 # 1504
47540 + 92
47541 # 1504
47541 - 92 1
47544 + 92
47551 + 92
47552 # 1504
47552 - 92 8
47552 - 92 1
47552 # 1504
47552 # 1504
47556 + 92
47557 # 1504
47557 - 92 1
47566 + 92
47573 # 1504
47573 - 92 7
47573 # 1504
47574 + 92
47575 # 1504
47575 - 92 1
47577 # 1504
47578 # 1504
47581 # 1504
47581 + 92
47583 # 1504
47583 - 92 2
47584 # 1504
47586 # 1504
47587 # 1504
47588 + 92
47589 # 1504
47589 - 92 1
47591 # 1504
47592 # 1504
47594 # 1504
47597 # 1504
47598 + 92
47599 # 1504
47599 - 92 1
47601 # 1504
47601 # 1504
47603 # 1504
47605 # 1504
47607 # 1504
47607 # 1504
47607 + 92
47609 # 1504
47609 - 92 2
47610 # 1504
47612 # 1504
47613 # 1504
47615 # 1504
47616 # 1504
47618 # 1504
47621 # 1504
47621 # 1504
47622 # 1504
47628 + 92
47628 + 92
47628 + 92
47631 # 1504
47631 - 92 3
47631 - 92 3
47631 - 92 3
47633 + 92
47638 # 1504
47638 - 92 5
47640 + 92
47642 # 1504
47642 - 92 2
47642 # 1504
47642 # 1504
47647 # 1504
47647 # 1504
47647 + 92
47648 # 1504
47648 - 92 1
47650 # 1504
47652 # 1504
47653 + 92
47654 # 1504
47654 - 92 1
47655 # 1504
47658 # 1504
47659 # 1504
47660 + 92
47661 # 1504
47661 - 92 1
47662 # 1504
47665 # 1504
47667 # 1504
47668 # 1504
47668 + 92
47670 # 1504
47670 - 92 2
47673 # 1504
47673 # 1504
47675 # 1504
47677 # 1504
47679 # 1504
47680 # 1504
47684 # 1504
47687 + 92
47694 # 1504
47694 - 92 7
47694 # 1504
47695 # 1504
47695 # 1504
47697 + 92
47701 # 1504
47701 - 92 4
47701 # 1504
47705 # 1504
47705 # 1504
47705 # 1504
47705 # 1504
47706 + 92
47716 # 1504
47716 - 92 10
47717 # 1504
47717 # 1504
47717 # 1504
47717 # 1504
47720 # 1504
47722 # 1504
47725 # 1504
47726 + 92
47728 # 1504
47728 - 92 2
47731 # 1504
47733 # 1504
47738 # 1504
47740 # 1504
47742 # 1504
47742 + 92
47746 # 1504
47746 - 92 4
47748 # 1504
47751 # 1504
47753 # 1504
47756 # 1504
47759 # 1504
47763 # 1504
47765 # 1504
47767 # 1504
47771 # 1504
47773 # 1504
47775 # 1504
47775 + 92
47778 # 1504
47778 - 92 3
47781 # 1504
47783 # 1504
47786 # 1504
47786 # 1504
47789 # 1504
47790 # 1504
47791 # 1504
47793 # 1504
47794 + 92
47795 # 1504
47795 - 92 1
47797 # 1504
47799 # 1504
47801 # 1504
47802 # 1504
47804 # 1504
47805 # 1504
47808 # 1504
47808 + 92
47810 # 1504
47810 - 92 2
47811 # 1504
47812 # 1504
47814 # 1504
47817 # 1504
47818 # 1504
47819 # 1504
47819 + 92
47821 # 1504
47821 - 92 2
47823 # 1504
47824 # 1504
47826 # 1504
47826 + 92
47828 # 1504
47828 - 92 2
47830 # 1504
47831 # 1504
47833 # 1504
47835 # 1504
47836 # 1504
47837 + 92
47838 # 1504
47838 - 92 1
47840 + 92
47841 # 1504
47841 - 92 1
47842 # 1504
47843 # 1504
47845 # 1504
47847 # 1504
47849 + 92
47857 # 1504
47857 - 92 8
47857 # 1504
47859 + 92
47860 # 1504
47860 - 92 1
47861 # 1504
47863 # 1504
47865 # 1504
47866 # 1504
47868 + 92
47869 # 1504
47869 - 92 1
47872 # 1504
47872 # 1504
47874 # 1504
47877 # 1504
47878 # 1504
47880 + 92
47883 # 1504
47883 - 92 3
47883 # 1504
47883 # 1504
47885 # 1504
47887 # 1504
47889 # 1504
47889 + 92
47891 # 1504
47891 - 92 2
47892 # 1504
47896 # 1504
47897 # 1504
47898 # 1504
47898 + 92
47900 # 1504
47900 - 92 2
47902 # 1504
47903 # 1504
47905 # 1504
47907 # 1504
47909 # 1504
47911 # 1504
47911 + 92
47912 # 1504
47912 - 92 1
47914 # 1504
47916 # 1504
47916 + 92
47917 # 1504
47917 - 92 1
47920 # 1504
47921 # 1504
47922 # 1504
47923 + 92
47924 # 1504
47924 - 92 1
47926 # 1504
47927 # 1504
47928 # 1504
47930 # 1504
47931 # 1504
47933 + 92
47934 # 1504
47934 - 92 1
47935 # 1504
47936 # 1504
47937 # 1504
47939 # 1504
47941 # 1504
47942 # 1504
47945 # 1504
47946 # 1504
47948 + 92
47954 + 92
47956 # 1504
47956 - 92 8
47956 - 92 2
47960 # 1504
47962 # 1504
47962 # 1504
47963 + 92
47967 # 1504
47967 - 92 4
47967 # 1504
47972 + 92
47973 # 1504
47973 - 92 1
47973 # 1504
47973 # 1504
47973 # 1504
47975 # 1504
47977 # 1504
47978 # 1504
47978 + 92
47980 # 1504
47980 - 92 2
47983 # 1504
47984 # 1504
47986 # 1504
47987 # 1504
47989 # 1504
47991 # 1504
47991 + 92
47993 # 1504
47993 - 92 2
47994 # 1504
47996 # 1504
47996 + 92
47999 # 1504
47999 - 92 3
48002 # 1504
48003 # 1504
48005 # 1504
48006 # 1504
48007 + 92
48008 # 1504
48008 - 92 1
48009 # 1504
48009 + 92
48012 # 1504
48012 - 92 3
48012 # 1504
48014 # 1504
48015 # 1504
48017 # 1504
48019 # 1504
48020 # 1504
48021 # 1504
48024 # 1504
48024 + 92
48025 # 1504
48025 - 92 1
48028 # 1504
48028 # 1504
48030 # 1504
48031 # 1504
48033 # 1504
48034 + 92
48035 # 1504
48035 - 92 1
48037 # 1504
48038 # 1504
48040 # 1504
48041 # 1504
48043 # 1504
48043 + 92
48044 # 1504
48044 - 92 1
48045 + 92
48046 # 1504
48046 - 92 1
48047 # 1504
48050 + 92
48051 # 1504
48051 - 92 1
48052 # 1504
48053 # 1504
48055 # 1504
48056 + 92
48066 # 1504
48066 - 92 10
48066 # 1504
48066 # 1504
48066 # 1504
48066 # 1504
48068 # 1504
48068 # 1504
48070 # 1504
48070 + 92
48070 + 92
48072 # 1504
48072 - 92 2
48072 - 92 2
48074 # 1504
48076 # 1504
48077 # 1504
48078 # 1504
48080 + 92
48083 + 92
48088 + 92
48089 # 1504
48089 - 92 9
48089 - 92 6
48089 - 92 1
48089 # 1504
48090 # 1504
48091 # 1504
48091 # 1504
48091 # 1504
48091 # 1504
48096 + 92
48099 # 1504
48099 - 92 3
48100 # 1504
48101 # 1504
48102 # 1504
48103 # 1504
48103 # 1504
48103 # 1504
48106 # 1504
48107 # 1504
48107 + 92
48108 # 1504
48108 - 92 1
48110 # 1504
48112 # 1504
48112 + 92
48114 # 1504
48114 - 92 2
48115 # 1504
48117 # 1504
48117 + 92
48117 + 92
48119 # 1504
48119 - 92 2
48119 - 92 2
48120 # 1504
48123 # 1504
48123 # 1504
48124 + 92
48125 # 1504
48125 - 92 1
48127 # 1504
48128 + 92
48130 # 1504
48130 - 92 2
48130 # 1504
48131 # 1504
48133 # 1504
48134 # 1504
48136 # 1504
48137 # 1504
48139 # 1504
48140 # 1504
48140 + 92
48140 + 92
48142 # 1504
48142 - 92 2
48142 - 92 2
48144 # 1504
48145 # 1504
48145 + 92
48146 # 1504
48146 - 92 1
48148 # 1504
48157 + 92
48159 # 1504
48159 - 92 2
48159 # 1504
48159 # 1504
48159 # 1504
48159 # 1504
48159 # 1504
48159 + 92
48161 + 92
48162 # 1504
48162 - 92 3
48162 - 92 1
48163 # 1504
48165 # 1504
48166 # 1504
48169 # 1504
48170 # 1504
48174 # 1504
48176 # 1504
48177 # 1504
48179 # 1504
48179 + 92
48179 + 92
48181 # 1504
48181 - 92 2
48181 - 92 2
48183 # 1504
48183 # 1504
48185 # 1504
48186 # 1504
48187 # 1504
48188 # 1504
48190 + 92
48197 # 1504
48197 - 92 7
48199 # 1504
48199 # 1504
48199 # 1504
48199 # 1504
48199 # 1504
48201 + 92
48205 + 92
48205 + 92
48205 + 92
48208 # 1504
48208 - 92 7
48208 - 92 3
48208 - 92 3
48208 - 92 3
48208 # 1504
48208 # 1504
48208 # 1504
48209 # 1504
48211 # 1504
48213 # 1504
48215 # 1504
48217 # 1504
48217 + 92
48217 + 92
48219 # 1504
48219 - 92 2
48219 - 92 2
48220 # 1504
48222 # 1504
48223 + 92
48224 # 1504
48224 - 92 1
48226 # 1504
48226 + 92
48227 # 1504
48227 - 92 1
48236 # 1504
48236 # 1504
48236 # 1504
48237 # 1504
48237 # 1504
48238 + 92
48239 # 1504
48239 - 92 1
48240 # 1504
48240 + 92
48242 # 1504
48242 - 92 2
48244 # 1504
48247 # 1504
48248 # 1504
48249 # 1504
48251 # 1504
48252 # 1504
48252 + 92
48253 + 92
48254 # 1504
48254 - 92 2
48254 - 92 1
48255 # 1504
48257 # 1504
48258 + 92
48265 + 92
48266 # 1504
48266 - 92 8
48266 - 92 1
48266 # 1504
48266 # 1504
48266 # 1504
48267 # 1504
48275 # 1504
48275 # 1504
48275 # 1504
48275 # 1504
48275 + 92
48276 # 1504
48276 - 92 1
48277 # 1504
48278 # 1504
48280 # 1504
48282 # 1504
48283 # 1504
48283 + 92
48285 # 1504
48285 - 92 2
48286 # 1504
48287 # 1504
48287 + 92
48289 # 1504
48289 - 92 2
48291 # 1504
48292 # 1504
48294 # 1504
48295 # 1504
48296 # 1504
48297 + 92
48305 + 92
48305 + 92
48306 # 1504
48306 - 92 9
48306 - 92 1
48306 - 92 1
48309 # 1504
48310 # 1504
48311 # 1504
48311 # 1504
48316 # 1504
48317 # 1504
48317 + 92
48317 + 92
48320 # 1504
48320 - 92 3
48320 - 92 3
48320 # 1504
48320 # 1504
48320 # 1504
48321 # 1504
48322 # 1504
48325 + 92
48326 # 1504
48326 - 92 1
48327 # 1504
48328 # 1504
48328 + 92
48330 # 1504
48330 - 92 2
48340 + 92
48341 # 1504
48341 - 92 1
48341 # 1504
48341 # 1504
48342 + 92
48345 # 1504
48345 - 92 3
48345 # 1504
48345 # 1504
48346 # 1504
48346 # 1504
48351 + 92
48351 + 92
48356 # 1504
48356 - 92 5
48356 - 92 5
48362 + 92
48366 # 1504
48366 - 92 4
48366 # 1504
48366 # 1504
48366 # 1504
48366 # 1504
48366 # 1504
48367 # 1504
48367 # 1504
48367 # 1504
48368 # 1504
48369 # 1504
48369 + 92
48369 + 92
48373 # 1504
48373 - 92 4
48373 - 92 4
48373 # 1504
48377 + 92
48377 + 92
48387 # 1504
48387 - 92 10
48387 - 92 10
48387 # 1504
48390 # 1504
48391 # 1504
48391 + 92
48391 + 92
48394 # 1504
48394 - 92 3
48394 - 92 3
48396 # 1504
48397 + 92
48398 # 1504
48398 - 92 1
48399 # 1504
48402 + 92
48411 # 1504
48411 - 92 9
48411 # 1504
48411 # 1504
48412 + 92
48416 # 1504
48416 - 92 4
48419 # 1504
48419 + 92
48420 + 92
48421 # 1504
48421 - 92 2
48421 - 92 1
48424 # 1504
48428 # 1504
48428 + 92
48428 + 92
48434 # 1504
48434 - 92 6
48434 - 92 6
48437 # 1504
48439 # 1504
48442 + 92
48442 + 92
48443 # 1504
48443 - 92 1
48443 - 92 1
48444 # 1504
48445 # 1504
48447 # 1504
48452 + 92
48458 # 1504
48458 - 92 6
48458 # 1504
48458 # 1504
48458 # 1504
48459 # 1504
48461 # 1504
48462 # 1504
48464 # 1504
48465 + 92
48465 + 92
48468 # 1504
48468 - 92 3
48468 - 92 3
48469 # 1504
48470 # 1504
48473 # 1504
48475 # 1504
48476 + 92
48477 # 1504
48477 - 92 1
48478 # 1504
48480 + 92
48490 + 92
48490 + 92
48491 # 1504
48491 - 92 11
48491 - 92 1
48491 - 92 1
48491 # 1504
48491 # 1504
48498 # 1504
48500 + 92
48500 + 92
48503 # 1504
48503 - 92 3
48503 - 92 3
48503 # 1504
48504 # 1504
48506 # 1504
48509 # 1504
48512 # 1504
48512 + 92
48514 + 92
48515 # 1504
48515 - 92 3
48515 - 92 1
48519 # 1504
48525 + 92
48528 # 1504
48528 - 92 3
48528 # 1504
48529 # 1504
48533 # 1504
48537 # 1504
48539 # 1504
48542 + 92
48543 # 1504
48543 - 92 1
48546 # 1504
48549 # 1504
48551 + 92
48552 # 1504
48552 - 92 1
48556 # 1504
48559 # 1504
48563 # 1504
48567 # 1504
48568 # 1504
48574 # 1504
48576 # 1504
48578 # 1504
48581 # 1504
48585 # 1504
48588 # 1504
48590 # 1504
48594 # 1504
48599 # 1504
48600 # 1504
48605 # 1504
48606 # 1504
48608 + 92
48608 + 92
48610 # 1504
48610 - 92 2
48610 - 92 2
48613 # 1504
48617 # 1504
48621 # 1504
48623 # 1504
48627 # 1504
48630 # 1504
48633 # 1504
48638 # 1504
48640 # 1504
48644 # 1504
48645 # 1504
48648 # 1504
48648 + 92
48648 + 92
48648 + 92
48648 + 92
48648 + 92
48649 # 1504
48649 - 92 1
48649 - 92 1
48649 - 92 1
48649 - 92 1
48649 - 92 1
48649 + 92
48649 + 92
48649 + 92
48649 + 92
48649 + 92
48651 # 1504
48651 - 92 2
48651 - 92 2
48651 - 92 2
48651 - 92 2
48651 - 92 2
48653 # 1504
48655 # 1504
48657 # 1504
48659 + 92
48660 # 1504
48660 - 92 1
48661 # 1504
48663 # 1504
48665 # 1504
48667 # 1504
48669 # 1504
48670 # 1504
48670 + 92
48672 # 1504
48672 - 92 2
48675 # 1504
48675 + 92
48676 # 1504
48676 - 92 1
48677 # 1504
48680 # 1504
48685 # 1504
48685 # 1504
48687 # 1504
48688 # 1504
48688 + 92
48692 + 92
48697 # 1504
48697 - 92 9
48697 - 92 5
48698 # 1504
48699 # 1504
48699 # 1504
48699 + 92
48701 # 1504
48701 - 92 2
48702 # 1504
48703 # 1504
48705 # 1504
48706 # 1504
48716 # 1504
48716 # 1504
48720 # 1504
48720 # 1504
48720 # 1504
48726 # 1504
48726 # 1504
48726 # 1504
48733 # 1504
48738 # 1504
48740 + 92
48742 # 1504
48742 - 92 2
48742 # 1504
48742 # 1504
48744 # 1504
48747 # 1504
48750 # 1504
48753 # 1504
48757 + 92
48757 + 92
48757 + 92
48757 + 92
48758 # 1504
48758 - 92 1
48758 - 92 1
48758 - 92 1
48758 - 92 1
48758 + 92
48758 + 92
48758 + 92
48758 + 92
48758 + 92
48761 # 1504
48761 - 92 3
48761 - 92 3
48761 - 92 3
48761 - 92 3
48761 - 92 3
48763 # 1504
48765 # 1504
48767 # 1504
48769 + 92
48770 # 1504
48770 - 92 1
48772 # 1504
48772 # 1504
48774 # 1504
48776 # 1504
48777 # 1504
48777 + 92
48779 # 1504
48779 - 92 2
48781 # 1504
48783 # 1504
48785 # 1504
48786 + 92
48786 + 92
48787 # 1504
48787 - 92 1
48787 - 92 1
48788 # 1504
48790 # 1504
48792 # 1504
48795 # 1504
48797 # 1504
48797 + 92
48797 + 92
48797 + 92
48799 # 1504
48799 - 92 2
48799 - 92 2
48799 - 92 2
48801 # 1504
48802 + 92
48803 # 1504
48803 - 92 1
48805 # 1504
48806 # 1504
48808 # 1504
48809 # 1504
48811 # 1504
48816 + 92
48819 + 92
48819 + 92
48820 # 1504
48820 - 92 4
48820 - 92 1
48820 - 92 1
48820 # 1504
48820 # 1504
48820 # 1504
48820 # 1504
48824 + 92
48829 + 92
48831 # 1504
48831 - 92 7
48831 - 92 2
48831 # 1504
48831 # 1504
48831 # 1504
48831 # 1504
48833 # 1504
48837 + 92
48842 # 1504
48842 - 92 5
48843 # 1504
48845 # 1504
48845 # 1504
48845 # 1504
48846 + 92
48850 # 1504
48850 - 92 4
48855 # 1504
48857 # 1504
48858 # 1504
48858 + 92
48858 + 92
48860 # 1504
48860 - 92 2
48860 - 92 2
48861 # 1504
48868 # 1504
48868 # 1504
48868 # 1504
48868 + 92
48868 + 92
48871 # 1504
48871 - 92 3
48871 - 92 3
48871 # 1504
48873 # 1504
48875 # 1504
48877 + 92
48879 # 1504
48879 - 92 2
48879 + 92
48886 + 92
48887 + 92
48888 # 1504
48888 - 92 9
48888 - 92 2
48888 - 92 1
48890 # 1504
48890 # 1504
48890 # 1504
48895 # 1504
48897 # 1504
48897 + 92
48897 + 92
48900 # 1504
48900 - 92 3
48900 - 92 3
48902 + 92
48903 # 1504
48903 - 92 1
48906 # 1504
48910 # 1504
48913 # 1504
48913 + 92
48914 # 1504
48914 - 92 1
48917 # 1504
48919 + 92
48920 # 1504
48920 - 92 1
48922 # 1504
48924 # 1504
48926 # 1504
48926 + 92
48928 # 1504
48928 - 92 2
48929 # 1504
48931 # 1504
48932 + 92
48934 # 1504
48934 - 92 2
48934 # 1504
48936 # 1504
48937 + 92
48938 # 1504
48938 - 92 1
48941 # 1504
48942 # 1504
48943 # 1504
48944 + 92
48944 + 92
48945 # 1504
48945 - 92 1
48945 - 92 1
48946 # 1504
48949 # 1504
48950 # 1504
48952 # 1504
48957 + 92
48959 + 92
48963 # 1504
48963 - 92 6
48963 - 92 4
48963 # 1504
48963 # 1504
48963 # 1504
48966 + 92
48967 # 1504
48967 - 92 1
48969 # 1504
48972 + 92
48973 # 1504
48973 - 92 1
48975 # 1504
48978 # 1504
48980 # 1504
48981 + 92
48984 # 1504
48984 - 92 3
48985 # 1504
48987 # 1504
48989 # 1504
48989 + 92
48991 # 1504
48991 - 92 2
48992 # 1504
48995 # 1504
48997 # 1504
48997 + 92
48998 # 1504
48998 - 92 1
48999 + 92
49001 # 1504
49001 - 92 2
49001 + 92
49004 # 1504
49004 - 92 3
49005 # 1504
49007 # 1504
49009 # 1504
49012 # 1504
49012 # 1504
49012 + 92
49015 # 1504
49015 - 92 3
49017 # 1504
49017 + 92
49019 # 1504
49019 - 92 2
49020 # 1504
49022 # 1504
49025 # 1504
49027 # 1504
49027 + 92
49028 # 1504
49028 - 92 1
49030 # 1504
49034 # 1504
49036 # 1504
49036 + 92
49037 # 1504
49037 - 92 1
49039 # 1504
49041 # 1504
49044 # 1504
49045 + 92
49045 + 92
49055 # 1504
49055 - 92 10
49055 - 92 10
49056 # 1504
49057 + 92
49060 + 92
49061 # 1504
49061 - 92 4
49061 - 92 1
49061 # 1504
49064 + 92
49073 # 1504
49073 - 92 9
49073 # 1504
49074 # 1504
49077 # 1504
49077 # 1504
49077 # 1504
49077 # 1504
49078 # 1504
49078 + 92
49078 + 92
49079 # 1504
49079 - 92 1
49079 - 92 1
49081 # 1504
49083 # 1504
49083 + 92
49084 # 1504
49084 - 92 1
49086 # 1504
49088 # 1504
49091 # 1504
49091 # 1504
49095 # 1504
49095 + 92
49097 # 1504
49097 - 92 2
49098 # 1504
49100 # 1504
49100 + 92
49112 # 1504
49112 - 92 12
49112 # 1504
49112 # 1504
49112 # 1504
49112 # 1504
49114 # 1504
49115 # 1504
49117 # 1504
49119 # 1504
49122 # 1504
49122 # 1504
49124 # 1504
49126 # 1504
49128 # 1504
49129 # 1504
49131 # 1504
49133 # 1504
49135 # 1504
49138 # 1504
49139 # 1504
49141 # 1504
49144 # 1504
49145 # 1504
49146 # 1504
49148 # 1504
49149 # 1504
49152 # 1504
49152 + 92
49153 # 1504
49153 - 92 1
49154 # 1504
49155 # 1504
49157 # 1504
49158 # 1504
49161 # 1504
49161 # 1504
49163 # 1504
49164 # 1504
49166 # 1504
49167 # 1504
49167 + 92
49167 + 92
49168 + 92
49169 # 1504
49169 - 92 2
49169 - 92 2
49169 - 92 1
49170 # 1504
49179 + 92
49180 # 1504
49180 - 92 1
49180 # 1504
49180 + 92
49183 # 1504
49183 - 92 3
49183 # 1504
49183 # 1504
49184 + 92
49191 # 1504
49191 - 92 7
49191 # 1504
49191 # 1504
49191 # 1504
49191 # 1504
49193 # 1504
49194 # 1504
49197 + 92
49199 + 92
49216 # 1504
49216 - 92 19
49216 - 92 17
49216 # 1504
49216 # 1504
49216 # 1504
49216 + 92
49221 + 92
49226 # 1504
49226 - 92 10
49226 - 92 5
49226 # 1504
49226 # 1504
49226 # 1504
49227 # 1504
49227 # 1504
49227 # 1504
49227 # 1504
49230 # 1504
49232 + 92
49233 # 1504
49233 - 92 1
49235 # 1504
49235 + 92
49238 # 1504
49238 - 92 3
49242 # 1504
49243 # 1504
49246 + 92
49247 # 1504
49247 - 92 1
49249 + 92
49250 # 1504
49250 - 92 1
49253 # 1504
49255 # 1504
49257 # 1504
49260 # 1504
49261 + 92
49261 + 92
49263 # 1504
49263 - 92 2
49263 - 92 2
49265 # 1504
49269 # 1504
49271 # 1504
49271 + 92
49274 # 1504
49274 - 92 3
49276 # 1504
49283 + 92
49286 # 1504
49286 - 92 3
49286 # 1504
49286 # 1504
49287 + 92
49288 + 92
49296 # 1504
49296 - 92 9
49296 - 92 8
49296 # 1504
49296 # 1504
49296 # 1504
49296 # 1504
49297 # 1504
49299 # 1504
49300 + 92
49300 + 92
49305 + 92
49308 # 1504
49308 - 92 8
49308 - 92 8
49308 - 92 3
49308 # 1504
49308 # 1504
49308 # 1504
49310 # 1504
49310 # 1504
49312 # 1504
49316 + 92
49319 + 92
49322 # 1504
49322 - 92 6
49322 - 92 3
49322 # 1504
49327 # 1504
49327 # 1504
49328 # 1504
49328 + 92
49330 # 1504
49330 - 92 2
49333 # 1504
49339 + 92
49346 + 92
49349 # 1504
49349 - 92 10
49349 - 92 3
49349 # 1504
49349 # 1504
49349 # 1504
49349 # 1504
49349 # 1504
49349 # 1504
49349 + 92
49350 # 1504
49350 - 92 1
49352 # 1504
49353 # 1504
49359 + 92
49359 + 92
49366 # 1504
49366 - 92 7
49366 - 92 7
49366 # 1504
49366 # 1504
49366 # 1504
49367 # 1504
49367 # 1504
49368 # 1504
49369 # 1504
49370 + 92
49370 + 92
49371 # 1504
49371 - 92 1
49371 - 92 1
49379 + 92
49379 + 92
49379 + 92
49380 # 1504
49380 - 92 1
49380 - 92 1
49380 - 92 1
49380 # 1504
49380 # 1504
49381 # 1504
49381 # 1504
49381 # 1504
49391 # 1504
49391 # 1504
49391 # 1504
49391 # 1504
49392 # 1504
49392 + 92
49395 + 92
49398 + 92
49402 # 1504
49402 - 92 10
49402 - 92 7
49402 - 92 4
49402 # 1504
49402 # 1504
49402 # 1504
49404 # 1504
49405 # 1504
49407 # 1504
49409 # 1504
49409 + 92
49412 # 1504
49412 - 92 3
49412 + 92
49413 # 1504
49413 - 92 1
49418 # 1504
49420 # 1504
49421 + 92
49422 # 1504
49422 - 92 1
49423 # 1504
49427 # 1504
49428 # 1504
49428 + 92
49430 # 1504
49430 - 92 2
49431 # 1504
49433 # 1504
49433 + 92
49435 # 1504
49435 - 92 2
49436 # 1504
49438 # 1504
49438 + 92
49441 # 1504
49441 - 92 3
49442 # 1504
49448 + 92
49451 # 1504
49451 - 92 3
49451 # 1504
49451 # 1504
49452 # 1504
49452 # 1504
49452 + 92
49455 + 92
49461 # 1504
49461 - 92 9
49461 - 92 6
49461 # 1504
49461 # 1504
49461 # 1504
49461 # 1504
49461 # 1504
49463 # 1504
49464 + 92
49465 # 1504
49465 - 92 1
49465 + 92
49475 # 1504
49475 - 92 10
49477 # 1504
49477 # 1504
49477 # 1504
49478 + 92
49478 + 92
49478 + 92
49482 # 1504
49482 - 92 4
49482 - 92 4
49482 - 92 4
49482 # 1504
49483 # 1504
49485 # 1504
49486 # 1504
49489 # 1504
49490 # 1504
49491 # 1504
49491 + 92
49494 + 92
49495 # 1504
49495 - 92 4
49495 - 92 1
49498 # 1504
49499 # 1504
49500 # 1504
49502 # 1504
49504 + 92
49505 # 1504
49505 - 92 1
49507 # 1504
49507 + 92
49508 # 1504
49508 - 92 1
49509 + 92
49510 # 1504
49510 - 92 1
49515 # 1504
49517 # 1504
49519 # 1504
49520 # 1504
49520 + 92
49522 # 1504
49522 - 92 2
49523 # 1504
49525 # 1504
49527 # 1504
49529 # 1504
49529 # 1504
49531 # 1504
49532 # 1504
49532 + 92
49534 # 1504
49534 - 92 2
49535 + 92
49536 # 1504
49536 - 92 1
49537 # 1504
49538 # 1504
49545 + 92
49545 + 92
49548 # 1504
49548 - 92 3
49548 - 92 3
49548 # 1504
49548 + 92
49549 # 1504
49549 - 92 1
49549 # 1504
49549 # 1504
49549 # 1504
49550 # 1504
49553 # 1504
49553 # 1504
49557 + 92
49558 + 92
49563 + 92
49565 # 1504
49565 - 92 8
49565 - 92 7
49565 - 92 2
49565 # 1504
49566 # 1504
49566 # 1504
49566 # 1504
49572 # 1504
49572 # 1504
49572 # 1504
49572 + 92
49573 # 1504
49573 - 92 1
49578 + 92
49580 + 92
49581 # 1504
49581 - 92 3
49581 - 92 1
49583 # 1504
49583 + 92
49585 # 1504
49585 - 92 2
49585 # 1504
49585 # 1504
49595 # 1504
49595 # 1504
49597 + 92
49598 + 92
49601 + 92
49606 # 1504
49606 - 92 9
49606 - 92 8
49606 - 92 5
49606 # 1504
49606 # 1504
49606 # 1504
49611 # 1504
49611 # 1504
49613 + 92
49613 + 92
49619 + 92
49625 # 1504
49625 - 92 12
49625 - 92 12
49625 - 92 6
49625 # 1504
49625 + 92
49625 + 92
49637 # 1504
49637 - 92 12
49637 - 92 12
49637 # 1504
49637 + 92
49637 + 92
49639 # 1504
49639 - 92 2
49639 - 92 2
49639 # 1504
49639 # 1504
49639 # 1504
49639 # 1504
49639 # 1504
49643 + 92
49645 + 92
49652 # 1504
49652 - 92 9
49652 - 92 7
49653 # 1504
49653 # 1504
49656 # 1504
49656 # 1504
49657 # 1504
49657 + 92
49657 + 92
49658 # 1504
49658 - 92 1
49658 - 92 1
49660 # 1504
49662 + 92
49666 + 92
49671 # 1504
49671 - 92 9
49671 - 92 5
49671 # 1504
49672 # 1504
49672 # 1504
49673 # 1504
49678 + 92
49679 + 92
49686 # 1504
49686 - 92 8
49686 - 92 7
49686 # 1504
49686 # 1504
49688 # 1504
49689 # 1504
49693 + 92
49693 + 92
49698 # 1504
49698 - 92 5
49698 - 92 5
49702 + 92
49704 # 1504
49704 - 92 2
49707 + 92
49711 # 1504
49711 - 92 4
49716 + 92
49717 # 1504
49717 - 92 1
49722 + 92
49725 # 1504
49725 - 92 3
49731 # 1504
49738 # 1504
49741 + 92
49748 # 1504
49748 - 92 7
49749 + 92
49752 # 1504
49752 - 92 3
49754 + 92
49759 # 1504
49759 - 92 5
49764 + 92
49765 # 1504
49765 - 92 1
49766 + 92
49773 # 1504
49773 - 92 7
49776 + 92
49780 # 1504
49780 - 92 4
49786 # 1504
49788 + 92
49789 + 92
49793 # 1504
49793 - 92 5
49793 - 92 4
49799 + 92
49801 # 1504
49801 - 92 2
49805 + 92
49807 + 92
49808 # 1504
49808 - 92 3
49808 - 92 1
49813 # 1504
49821 # 1504
49825 + 92
49826 + 92
49828 # 1504
49828 - 92 3
49828 - 92 2
49834 # 1504
49836 + 92
49839 + 92
49841 # 1504
49841 - 92 5
49841 - 92 2
49846 + 92
49848 # 1504
49848 - 92 2
49855 # 1504
49857 + 92
49860 + 92
49864 # 1504
49864 - 92 7
49864 - 92 4
49865 + 92
49866 # 1504
49866 - 92 1
49871 # 1504
49873 # 1504
49876 # 1504
49878 + 92
49878 + 92
49880 # 1504
49880 - 92 2
49880 - 92 2
49884 # 1504
49888 + 92
49890 # 1504
49890 - 92 2
49890 + 92
49896 # 1504
49896 - 92 6
49898 + 92
49902 + 92
49903 # 1504
49903 - 92 5
49903 - 92 1
49905 + 92
49908 # 1504
49908 - 92 3
49917 # 1504
49917 + 92
49920 + 92
49922 # 1504
49922 - 92 5
49922 - 92 2
49927 # 1504
49929 # 1504
49933 # 1504
49938 # 1504
49938 + 92
49938 + 92
49942 # 1504
49942 - 92 4
49942 - 92 4
49942 + 92
49945 # 1504
49945 - 92 3
49949 # 1504
49953 # 1504
49954 + 92
49960 # 1504
49960 - 92 6
49962 + 92
49963 # 1504
49963 - 92 1
49966 # 1504
49967 + 92
49969 # 1504
49969 - 92 2
49974 # 1504
49977 # 1504
49977 + 92
49979 + 92
49982 # 1504
49982 - 92 5
49982 - 92 3
49983 + 92
49986 # 1504
49986 - 92 3
49990 # 1504
49993 # 1504
49997 + 92
49998 # 1504
49998 - 92 1
50000 + 92
50001 # 1504
50001 - 92 1
50004 # 1504
50008 # 1504
50012 + 92
50019 # 1504
50019 - 92 7
50019 # 1504
50019 + 92
50021 # 1504
50021 - 92 2
50022 # 1504
50024 # 1504
50032 + 92
50036 # 1504
50036 - 92 4
50036 + 92
50038 # 1504
50038 - 92 2
50040 # 1504
50040 # 1504
50041 # 1504
50045 # 1504
50048 + 92
50049 # 1504
50049 - 92 1
50052 # 1504
50056 # 1504
50057 + 92
50059 # 1504
50059 - 92 2
50063 # 1504
50063 + 92
50067 # 1504
50067 - 92 4
50068 + 92
50071 # 1504
50071 - 92 3
50075 # 1504
50078 # 1504
50079 + 92
50082 # 1504
50082 - 92 3
50085 + 92
50088 # 1504
50088 - 92 3
50091 # 1504
50094 # 1504
50096 + 92
50097 # 1504
50097 - 92 1
50099 + 92
50100 # 1504
50100 - 92 1
50104 # 1504
50105 + 92
50107 # 1504
50107 - 92 2
50110 # 1504
50115 # 1504
50116 + 92
50117 # 1504
50117 - 92 1
50120 # 1504
50122 + 92
50124 # 1504
50124 - 92 2
50128 # 1504
50131 # 1504
50131 + 92
50136 # 1504
50136 - 92 5
50136 + 92
50140 # 1504
50140 - 92 4
50143 # 1504
50144 + 92
50147 # 1504
50147 - 92 3
50149 + 92
50150 # 1504
50150 - 92 1
50153 # 1504
50157 # 1504
50159 + 92
50160 + 92
50161 # 1504
50161 - 92 2
50161 - 92 1
50164 # 1504
50168 # 1504
50169 + 92
50172 # 1504
50172 - 92 3
50175 # 1504
50180 + 92
50184 + 92
50185 # 1504
50185 - 92 5
50185 - 92 1
50191 # 1504
50191 # 1504
50195 # 1504
50196 + 92
50199 # 1504
50199 - 92 3
50200 + 92
50202 # 1504
50202 - 92 2
50205 # 1504
50208 + 92
50210 # 1504
50210 - 92 2
50214 # 1504
50218 # 1504
50222 + 92
50223 # 1504
50223 - 92 1
50227 # 1504
50227 + 92
50231 # 1504
50231 - 92 4
50234 # 1504
50237 # 1504
50240 + 92
50241 # 1504
50241 - 92 1
50241 + 92
50244 # 1504
50244 - 92 3
50247 # 1504
50251 # 1504
50254 # 1504
50254 + 92
50257 # 1504
50257 - 92 3
50258 + 92
50258 + 92
50261 # 1504
50261 - 92 3
50261 - 92 3
50264 # 1504
50266 + 92
50267 # 1504
50267 - 92 1
50271 # 1504
50274 # 1504
50277 # 1504
50281 # 1504
50284 # 1504
50287 # 1504
50287 + 92
50292 # 1504
50292 - 92 5
50296 # 1504
50299 # 1504
50301 + 92
50301 + 92
50303 # 1504
50303 - 92 2
50303 - 92 2
50306 # 1504
50309 # 1504
50313 # 1504
50313 + 92
50316 # 1504
50316 - 92 3
50320 # 1504
50320 + 92
50320 + 92
50325 # 1504
50325 - 92 5
50325 - 92 5
50325 + 92
50328 # 1504
50328 - 92 3
50331 # 1504
50335 # 1504
50335 + 92
50338 # 1504
50338 - 92 3
50338 + 92
50341 # 1504
50341 - 92 3
50345 + 92
50346 # 1504
50346 - 92 1
50350 # 1504
50352 # 1504
50356 # 1504
50358 + 92
50359 # 1504
50359 - 92 1
50362 # 1504
50364 + 92
50366 # 1504
50366 - 92 2
50367 + 92
50369 # 1504
50369 - 92 2
50372 # 1504
50376 # 1504
50379 # 1504
50380 + 92
50382 # 1504
50382 - 92 2
50385 + 92
50386 # 1504
50386 - 92 1
50389 # 1504
50392 # 1504
50396 # 1504
50399 # 1504
50400 + 92
50402 # 1504
50402 - 92 2
50406 # 1504
50409 # 1504
50410 + 92
50412 # 1504
50412 - 92 2
50414 + 92
50417 # 1504
50417 - 92 3
50418 + 92
50420 # 1504
50420 - 92 2
50423 # 1504
50428 # 1504
50428 + 92
50431 # 1504
50431 - 92 3
50435 # 1504
50438 # 1504
50438 + 92
50441 # 1504
50441 - 92 3
50444 # 1504
50444 + 92
50448 # 1504
50448 - 92 4
50451 # 1504
50454 + 92
50455 # 1504
50455 - 92 1
50456 + 92
50458 # 1504
50458 - 92 2
50462 # 1504
50466 # 1504
50468 + 92
50469 # 1504
50469 - 92 1
50474 # 1504
50476 # 1504
50479 + 92
50480 # 1504
50480 - 92 1
50483 # 1504
50486 # 1504
50487 + 92
50487 + 92
50489 # 1504
50489 - 92 2
50489 - 92 2
50495 # 1504
50498 # 1504
50499 + 92
50500 + 92
50503 # 1504
50503 - 92 4
50503 - 92 3
50513 # 1504
50513 # 1504
50514 # 1504
50514 + 92
50517 + 92
50519 # 1504
50519 - 92 5
50519 - 92 2
50523 # 1504
50528 # 1504
50529 # 1504
50532 # 1504
50537 # 1504
50539 # 1504
50544 # 1504
50544 + 92
50544 + 92
50547 # 1504
50547 - 92 3
50547 - 92 3
50550 # 1504
50550 + 92
50550 + 92
50554 # 1504
50554 - 92 4
50554 - 92 4
50558 # 1504
50559 + 92
50561 # 1504
50561 - 92 2
50563 # 1504
50567 # 1504
50568 # 1504
50570 # 1504
50570 + 92
50570 + 92
50572 # 1504
50572 - 92 2
50572 - 92 2
50575 # 1504
50576 # 1504
50578 # 1504
50578 + 92
50580 # 1504
50580 - 92 2
50581 + 92
50584 # 1504
50584 - 92 3
50585 # 1504
50587 # 1504
50589 # 1504
50591 # 1504
50592 + 92
50593 # 1504
50593 - 92 1
50595 # 1504
50597 # 1504
50598 + 92
50599 # 1504
50599 - 92 1
50601 # 1504
50601 + 92
50605 # 1504
50605 - 92 4
50606 # 1504
50608 # 1504
50610 # 1504
50613 # 1504
50613 + 92
50615 # 1504
50615 - 92 2
50616 # 1504
50617 + 92
50627 # 1504
50627 - 92 10
50628 + 92
50631 # 1504
50631 - 92 3
50632 # 1504
50632 # 1504
50634 + 92
50637 # 1504
50637 - 92 3
50638 + 92
50640 # 1504
50640 - 92 2
50644 # 1504
50653 # 1504
50654 + 92
50655 # 1504
50655 - 92 1
50655 # 1504
50655 # 1504
50656 # 1504
50656 + 92
50658 # 1504
50658 - 92 2
50661 # 1504
50661 + 92
50662 # 1504
50662 - 92 1
50664 + 92
50667 # 1504
50667 - 92 3
50668 + 92
50671 # 1504
50671 - 92 3
50674 # 1504
50678 # 1504
50680 + 92
50684 # 1504
50684 - 92 4
50691 + 92
50695 + 92
50700 + 92
50707 # 1504
50707 - 92 16
50707 - 92 12
50707 - 92 7
50708 # 1504
50710 # 1504
50710 + 92
50712 # 1504
50712 - 92 2
50716 # 1504
50717 + 92
50718 # 1504
50718 - 92 1
50720 # 1504
50723 # 1504
50726 + 92
50727 # 1504
50727 - 92 1
50732 # 1504
50734 + 92
50735 # 1504
50735 - 92 1
50738 # 1504
50742 + 92
50743 # 1504
50743 - 92 1
50745 # 1504
50747 # 1504
50751 + 92
50757 # 1504
50757 - 92 6
50758 + 92
50761 # 1504
50761 - 92 3
50761 # 1504
50761 # 1504
50761 # 1504
50761 # 1504
50766 # 1504
50775 # 1504
50775 + 92
50778 # 1504
50778 - 92 3
50779 + 92
50780 # 1504
50780 - 92 1
50791 + 92
50796 # 1504
50796 - 92 5
50796 # 1504
50796 # 1504
50799 # 1504
50799 + 92
50803 + 92
50817 + 92
50830 + 92
50843 # 1504
50843 - 92 44
50843 - 92 40
50843 - 92 26
50843 - 92 13
50855 # 1504
50857 + 92
50860 + 92
50862 # 1504
50862 - 92 5
50862 - 92 2
50862 + 92
50870 # 1504
50870 - 92 8
50876 + 92
50882 + 92
50887 # 1504
50887 - 92 11
50887 - 92 5
50893 # 1504
50893 + 92
50897 # 1504
50897 - 92 4
50900 # 1504
50907 # 1504
50911 + 92
50912 # 1504
50912 - 92 1
50917 # 1504
50917 + 92
50923 # 1504
50923 - 92 6
50926 # 1504
50927 + 92
50930 # 1504
50930 - 92 3
50934 # 1504
50937 # 1504
50942 # 1504
50944 # 1504
50947 # 1504
50952 # 1504
50955 # 1504
50957 + 92
50957 + 92
50958 # 1504
50958 - 92 1
50958 - 92 1
50965 # 1504
50968 # 1504
50973 # 1504
50976 # 1504
50977 + 92
50980 + 92
50981 # 1504
50981 - 92 4
50981 - 92 1
50986 # 1504
50989 + 92
50993 # 1504
50993 - 92 4
50998 # 1504
50998 + 92
51005 # 1504
51005 - 92 7
51005 + 92
51011 # 1504
51011 - 92 6
51017 # 1504
51019 + 92
51022 # 1504
51022 - 92 3
51022 + 92
51028 # 1504
51028 - 92 6
51029 + 92
51037 + 92
51040 + 92
51041 # 1504
51041 - 92 12
51041 - 92 4
51041 - 92 1
51041 # 1504
51044 # 1504
51046 # 1504
51046 + 92
51049 # 1504
51049 - 92 3
51052 # 1504
51052 + 92
51056 # 1504
51056 - 92 4
51058 + 92
51059 # 1504
51059 - 92 1
51063 # 1504
51063 + 92
51068 # 1504
51068 - 92 5
51071 # 1504
51075 + 92
51077 + 92
51079 + 92
51080 # 1504
51080 - 92 5
51080 - 92 3
51080 - 92 1
51080 # 1504
51083 # 1504
51086 + 92
51087 # 1504
51087 - 92 1
51092 # 1504
51097 + 92
51100 + 92
51100 + 92
51103 # 1504
51103 - 92 6
51103 - 92 3
51103 - 92 3
51107 + 92
51108 # 1504
51108 - 92 1
51111 # 1504
51114 # 1504
51117 # 1504
51117 + 92
51117 + 92
51120 # 1504
51120 - 92 3
51120 - 92 3
51121 + 92
51123 # 1504
51123 - 92 2
51126 # 1504
51126 + 92
51129 # 1504
51129 - 92 3
51132 # 1504
51135 # 1504
51136 + 92
51137 # 1504
51137 - 92 1
51139 + 92
51140 + 92
51141 # 1504
51141 - 92 2
51141 - 92 1
51144 # 1504
51146 + 92
51148 # 1504
51148 - 92 2
51151 # 1504
51154 # 1504
51157 + 92
51157 + 92
51160 + 92
51166 # 1504
51166 - 92 9
51166 - 92 9
51166 - 92 6
51166 + 92
51168 # 1504
51168 - 92 2
51169 # 1504
51173 # 1504
51178 + 92
51180 + 92
51186 # 1504
51186 - 92 8
51186 - 92 6
51188 # 1504
51188 # 1504
51189 # 1504
51192 # 1504
51192 + 92
51195 # 1504
51195 - 92 3
51197 # 1504
51197 + 92
51197 + 92
51200 # 1504
51200 - 92 3
51200 - 92 3
51200 + 92
51203 # 1504
51203 - 92 3
51206 + 92
51207 # 1504
51207 - 92 1
51209 # 1504
51213 # 1504
51216 # 1504
51217 + 92
51219 # 1504
51219 - 92 2
51219 + 92
51222 # 1504
51222 - 92 3
51223 + 92
51224 # 1504
51224 - 92 1
51228 # 1504
51231 # 1504
51235 # 1504
51235 + 92
51239 # 1504
51239 - 92 4
51246 + 92
51248 # 1504
51248 - 92 2
51248 # 1504
51248 # 1504
51251 # 1504
51256 # 1504
51257 + 92
51259 # 1504
51259 - 92 2
51260 + 92
51260 + 92
51263 # 1504
51263 - 92 3
51263 - 92 3
51267 # 1504
51270 # 1504
51273 # 1504
51275 + 92
51277 # 1504
51277 - 92 2
51286 + 92
51288 # 1504
51288 - 92 2
51288 # 1504
51296 # 1504
51296 # 1504
51297 # 1504
51298 + 92
51298 + 92
51300 # 1504
51300 - 92 2
51300 - 92 2
51302 # 1504
51302 + 92
51305 # 1504
51305 - 92 3
51308 # 1504
51309 + 92
51312 # 1504
51312 - 92 3
51315 + 92
51319 # 1504
51319 - 92 4
51320 + 92
51323 # 1504
51323 - 92 3
51328 # 1504
51332 # 1504
51334 # 1504
51337 # 1504
51339 + 92
51340 # 1504
51340 - 92 1
51341 + 92
51343 # 1504
51343 - 92 2
51347 # 1504
51349 # 1504
51352 # 1504
51356 # 1504
51356 + 92
51358 # 1504
51358 - 92 2
51358 + 92
51358 + 92
51360 # 1504
51360 - 92 2
51360 - 92 2
51360 + 92
51366 # 1504
51366 - 92 6
51369 # 1504
51370 + 92
51372 # 1504
51372 - 92 2
51374 + 92
51375 # 1504
51375 - 92 1
51378 # 1504
51379 + 92
51381 # 1504
51381 - 92 2
51381 + 92
51383 + 92
51386 + 92
51391 # 1504
51391 - 92 10
51391 - 92 8
51391 - 92 5
51395 # 1504
51395 # 1504
51395 # 1504
51397 + 92
51401 + 92
51402 + 92
51403 # 1504
51403 - 92 6
51403 - 92 2
51403 - 92 1
51406 # 1504
51411 + 92
51414 + 92
51415 # 1504
51415 - 92 4
51415 - 92 1
51416 # 1504
51416 # 1504
51416 # 1504
51416 # 1504
51419 # 1504
51420 # 1504
51424 # 1504
51426 + 92
51428 # 1504
51428 - 92 2
51431 # 1504
51434 # 1504
51436 # 1504
51439 # 1504
51441 + 92
51442 # 1504
51442 - 92 1
51442 + 92
51442 + 92
51442 + 92
51444 # 1504
51444 - 92 2
51444 - 92 2
51444 - 92 2
51445 + 92
51446 # 1504
51446 - 92 1
51448 # 1504
51450 # 1504
51452 # 1504
51453 # 1504
51455 # 1504
51456 + 92
51458 # 1504
51458 - 92 2
51459 # 1504
51460 # 1504
51460 + 92
51462 # 1504
51462 - 92 2
51466 # 1504
51466 + 92
51468 # 1504
51468 - 92 2
51468 + 92
51471 # 1504
51471 - 92 3
51474 # 1504
51476 # 1504
51477 + 92
51480 # 1504
51480 - 92 3
51482 + 92
51482 + 92
51485 + 92
51486 # 1504
51486 - 92 4
51486 - 92 4
51486 - 92 1
51495 # 1504
51497 + 92
51497 + 92
51498 + 92
51503 + 92
51506 # 1504
51506 - 92 9
51506 - 92 9
51506 - 92 8
51506 - 92 3
51513 + 92
51516 # 1504
51516 - 92 3
51517 + 92
51523 # 1504
51523 - 92 6
51524 + 92
51530 + 92
51533 # 1504
51533 - 92 9
51533 - 92 3
51539 + 92
51540 # 1504
51540 - 92 1
51541 # 1504
51545 # 1504
51546 # 1504
51547 + 92
51548 # 1504
51548 - 92 1
51552 # 1504
51554 # 1504
51558 # 1504
51560 # 1504
51561 + 92
51561 + 92
51561 + 92
51562 # 1504
51562 - 92 1
51562 - 92 1
51562 - 92 1
51566 # 1504
51569 # 1504
51571 + 92
51575 # 1504
51575 - 92 4
51576 + 92
51582 + 92
51583 # 1504
51583 - 92 7
51583 - 92 1
51585 # 1504
51587 # 1504
51592 # 1504
51593 # 1504
51596 # 1504
51600 # 1504
51603 # 1504
51607 # 1504
51609 # 1504
51609 + 92
51611 + 92
51614 # 1504
51614 - 92 5
51614 - 92 3
51616 # 1504
51619 + 92
51628 # 1504
51628 - 92 9
51630 + 92
51631 # 1504
51631 - 92 1
51635 + 92
51636 # 1504
51636 - 92 1
51638 # 1504
51640 + 92
51641 # 1504
51641 - 92 1
51645 # 1504
51647 # 1504
51647 + 92
51650 # 1504
51650 - 92 3
51655 # 1504
51656 + 92
51659 + 92
51661 # 1504
51661 - 92 5
51661 - 92 2
51664 # 1504
51666 # 1504
51669 # 1504
51672 # 1504
51672 + 92
51675 # 1504
51675 - 92 3
51675 + 92
51678 # 1504
51678 - 92 3
51680 # 1504
51684 # 1504
51685 # 1504
51685 + 92
51685 + 92
51687 # 1504
51687 - 92 2
51687 - 92 2
51689 # 1504
51691 # 1504
51693 # 1504
51694 # 1504
51696 + 92
51697 # 1504
51697 - 92 1
51698 # 1504
51701 # 1504
51701 + 92
51702 # 1504
51702 - 92 1
51703 + 92
51704 # 1504
51704 - 92 1
51706 # 1504
51708 # 1504
51709 # 1504
51711 # 1504
51712 # 1504
51715 + 92
51716 # 1504
51716 - 92 1
51717 # 1504
51718 # 1504
51720 # 1504
51720 + 92
51722 # 1504
51722 - 92 2
51723 # 1504
51725 # 1504
51726 # 1504
51728 # 1504
51730 # 1504
51731 # 1504
51732 # 1504
51734 + 92
51736 # 1504
51736 - 92 2
51737 # 1504
51739 # 1504
51740 # 1504
51750 # 1504
51750 # 1504
51752 # 1504
51752 # 1504
51752 # 1504
51752 # 1504
51763 # 1504
51763 # 1504
51765 # 1504
51765 # 1504
51765 # 1504
51766 # 1504
51767 # 1504
51778 # 1504
51778 # 1504
51778 # 1504
51779 # 1504
51779 # 1504
51779 # 1504
51779 # 1504
51780 # 1504
51782 # 1504
51783 # 1504
51785 # 1504
51791 + 92
51791 + 92
51791 + 92
51792 + 92
51792 + 92
51792 + 92
51795 # 1504
51795 - 92 4
51795 - 92 4
51795 - 92 4
51795 - 92 3
51795 - 92 3
51795 - 92 3
51797 # 1504
51797 # 1504
51797 # 1504
51799 + 92
51800 # 1504
51800 - 92 1
51800 # 1504
51801 # 1504
51801 + 92
51811 # 1504
51811 - 92 10
51812 # 1504
51813 # 1504
51813 + 92
51816 # 1504
51816 - 92 3
51816 # 1504
51816 # 1504
51817 # 1504
51817 + 92
51819 # 1504
51819 - 92 2
51820 # 1504
51821 + 92
51822 # 1504
51822 - 92 1
51824 # 1504
51825 # 1504
51826 # 1504
51828 # 1504
51829 # 1504
51831 # 1504
51832 # 1504
51834 # 1504
51834 + 92
51835 # 1504
51835 - 92 1
51837 # 1504
51838 # 1504
51838 + 92
51840 # 1504
51840 - 92 2
51842 # 1504
51845 # 1504
51847 + 92
51848 # 1504
51848 - 92 1
51851 # 1504
51853 # 1504
51855 + 92
51857 # 1504
51857 - 92 2
51859 # 1504
51859 + 92
51861 + 92
51862 # 1504
51862 - 92 3
51862 - 92 1
51864 + 92
51871 # 1504
51871 - 92 7
51873 # 1504
51875 # 1504
51877 + 92
51878 # 1504
51878 - 92 1
51878 # 1504
51878 # 1504
51881 + 92
51885 # 1504
51885 - 92 4
51885 # 1504
51888 # 1504
51888 # 1504
51888 + 92
51896 # 1504
51896 - 92 8
51896 # 1504
51896 # 1504
51896 # 1504
51896 # 1504
51901 + 92
51902 + 92
51905 # 1504
51905 - 92 4
51905 - 92 3
51905 # 1504
51906 # 1504
51906 # 1504
51906 # 1504
51907 # 1504
51911 # 1504
51912 # 1504
51912 + 92
51913 # 1504
51913 - 92 1
51915 # 1504
51917 # 1504
51918 # 1504
51920 # 1504
51921 # 1504
51925 # 1504
51925 + 92
51925 + 92
51929 # 1504
51929 - 92 4
51929 - 92 4
51933 # 1504
51937 # 1504
51937 + 92
51941 # 1504
51941 - 92 4
51941 + 92
51946 # 1504
51946 - 92 5
51950 # 1504
51955 # 1504
51957 + 92
51957 + 92
51957 + 92
51960 # 1504
51960 - 92 3
51960 - 92 3
51960 - 92 3
51961 + 92
51965 # 1504
51965 - 92 4
51967 # 1504
51970 # 1504
51973 # 1504
51973 + 92
51976 # 1504
51976 - 92 3
51976 + 92
51978 # 1504
51978 - 92 2
51978 + 92
51982 # 1504
51982 - 92 4
51983 + 92
51984 # 1504
51984 - 92 1
51988 # 1504
51990 # 1504
51993 + 92
51994 # 1504
51994 - 92 1
51996 + 92
51996 + 92
51997 # 1504
51997 - 92 1
51997 - 92 1
52001 # 1504
52003 # 1504
52005 # 1504
52006 # 1504
52007 + 92
52010 # 1504
52010 - 92 3
52012 # 1504
52012 + 92
52014 # 1504
52014 - 92 2
52016 # 1504
52018 + 92
52019 # 1504
52019 - 92 1
52021 # 1504
52021 # 1504
52023 # 1504
52024 # 1504
52036 # 1504
52036 # 1504
52036 # 1504
52037 # 1504
52037 # 1504
52038 + 92
52038 + 92
52041 + 92
52046 # 1504
52046 - 92 8
52046 - 92 8
52046 - 92 5
52046 # 1504
52046 # 1504
52049 # 1504
52052 # 1504
52056 # 1504
52059 # 1504
52061 # 1504
52064 + 92
52066 + 92
52067 # 1504
52067 - 92 3
52067 - 92 1
52068 # 1504
52071 # 1504
52074 + 92
52075 # 1504
52075 - 92 1
52077 # 1504
52080 # 1504
52080 + 92
52084 # 1504
52084 - 92 4
52086 # 1504
52088 # 1504
52089 + 92
52091 # 1504
52091 - 92 2
52095 # 1504
52096 + 92
52098 # 1504
52098 - 92 2
52100 # 1504
52104 # 1504
52105 + 92
52107 # 1504
52107 - 92 2
52110 # 1504
52111 + 92
52114 # 1504
52114 - 92 3
52117 # 1504
52120 # 1504
52120 + 92
52122 # 1504
52122 - 92 2
52124 # 1504
52126 # 1504
52127 # 1504
52129 # 1504
52131 # 1504
52132 # 1504
52135 # 1504
52135 + 92
52137 # 1504
52137 - 92 2
52139 # 1504
52140 # 1504
52142 + 92
52143 + 92
52145 # 1504
52145 - 92 3
52145 - 92 2
52147 # 1504
52149 # 1504
52150 + 92
52152 # 1504
52152 - 92 2
52155 # 1504
52156 + 92
52157 # 1504
52157 - 92 1
52159 # 1504
52162 # 1504
52163 # 1504
52166 + 92
52172 # 1504
52172 - 92 6
52172 # 1504
52173 + 92
52177 # 1504
52177 - 92 4
52177 # 1504
52177 # 1504
52177 # 1504
52185 + 92
52187 # 1504
52187 - 92 2
52187 # 1504
52187 + 92
52188 # 1504
52188 - 92 1
52191 # 1504
52191 # 1504
52193 # 1504
52194 + 92
52197 # 1504
52197 - 92 3
52199 + 92
52200 # 1504
52200 - 92 1
52204 # 1504
52209 # 1504
52213 # 1504
52214 + 92
52214 + 92
52220 # 1504
52220 - 92 6
52220 - 92 6
52223 + 92
52224 # 1504
52224 - 92 1
52225 + 92
52228 # 1504
52228 - 92 3
52231 + 92
52233 # 1504
52233 - 92 2
52238 # 1504
52240 + 92
52243 # 1504
52243 - 92 3
52245 # 1504
52245 + 92
52247 # 1504
52247 - 92 2
52248 + 92
52250 # 1504
52250 - 92 2
52253 # 1504
52257 # 1504
52260 # 1504
52262 + 92
52262 + 92
52263 # 1504
52263 - 92 1
52263 - 92 1
52264 # 1504
52266 # 1504
52266 + 92
52267 # 1504
52267 - 92 1
52270 # 1504
52271 # 1504
52272 # 1504
52274 # 1504
52277 # 1504
52278 # 1504
52279 # 1504
52281 # 1504
52282 # 1504
52290 + 92
52292 # 1504
52292 - 92 2
52292 + 92
52296 # 1504
52296 - 92 4
52296 # 1504
52297 # 1504
52297 # 1504
52298 # 1504
52299 # 1504
52302 + 92
52302 + 92
52308 + 92
52310 # 1504
52310 - 92 8
52310 - 92 8
52310 - 92 2
52310 # 1504
52310 # 1504
52310 # 1504
52315 # 1504
52315 # 1504
52315 # 1504
52321 + 92
52321 + 92
52324 + 92
52325 # 1504
52325 - 92 4
52325 - 92 4
52325 - 92 1
52326 # 1504
52326 # 1504
52326 # 1504
52326 # 1504
52329 # 1504
52331 # 1504
52334 # 1504
52335 + 92
52337 # 1504
52337 - 92 2
52340 # 1504
52341 + 92
52342 # 1504
52342 - 92 1
52344 # 1504
52345 + 92
52346 # 1504
52346 - 92 1
52347 # 1504
52348 + 92
52349 # 1504
52349 - 92 1
52351 # 1504
52352 # 1504
52355 # 1504
52356 # 1504
52358 # 1504
52358 + 92
52359 # 1504
52359 - 92 1
52361 # 1504
52361 + 92
52364 # 1504
52364 - 92 3
52375 + 92
52375 + 92
52376 # 1504
52376 - 92 1
52376 - 92 1
52378 # 1504
52378 # 1504
52380 # 1504
52380 # 1504
52380 # 1504
52381 # 1504
52383 # 1504
52384 # 1504
52386 # 1504
52387 # 1504
52389 + 92
52389 + 92
52397 # 1504
52397 - 92 8
52397 - 92 8
52398 # 1504
52400 + 92
52401 # 1504
52401 - 92 1
52401 # 1504
52401 # 1504
52401 # 1504
52402 + 92
52403 # 1504
52403 - 92 1
52404 + 92
52405 # 1504
52405 - 92 1
52406 # 1504
52408 # 1504
52409 + 92
52410 # 1504
52410 - 92 1
52411 # 1504
52413 # 1504
52415 # 1504
52417 # 1504
52418 # 1504
52420 # 1504
52420 + 92
52422 + 92
52426 + 92
52431 # 1504
52431 - 92 11
52431 - 92 9
52431 - 92 5
52431 # 1504
52435 # 1504
52435 + 92
52436 # 1504
52436 - 92 1
52441 # 1504
52442 # 1504
52442 + 92
52444 + 92
52446 # 1504
52446 - 92 4
52446 - 92 2
52451 # 1504
52451 # 1504
52452 # 1504
52457 + 92
52461 # 1504
52461 - 92 4
52461 # 1504
52467 # 1504
52471 # 1504
52475 + 92
52477 # 1504
52477 - 92 2
52481 # 1504
52486 # 1504
52486 + 92
52490 # 1504
52490 - 92 4
52491 + 92
52494 # 1504
52494 - 92 3
52494 + 92
52498 # 1504
52498 - 92 4
52501 + 92
52506 # 1504
52506 - 92 5
52510 # 1504
52514 # 1504
52515 + 92
52519 # 1504
52519 - 92 4
52523 # 1504
52527 # 1504
52529 # 1504
52531 # 1504
52532 + 92
52536 # 1504
52536 - 92 4
52537 # 1504
52540 # 1504
52544 # 1504
52546 # 1504
52547 + 92
52548 # 1504
52548 - 92 1
52553 # 1504
52558 # 1504
52561 # 1504
52563 # 1504
52564 + 92
52567 # 1504
52567 - 92 3
52569 # 1504
52572 # 1504
52575 # 1504
52577 # 1504
52577 + 92
52580 # 1504
52580 - 92 3
52584 # 1504
52586 # 1504
52587 + 92
52589 # 1504
52589 - 92 2
52592 # 1504
52595 # 1504
52597 # 1504
52598 + 92
52600 # 1504
52600 - 92 2
52605 # 1504
52607 # 1504
52609 + 92
52610 # 1504
52610 - 92 1
52613 # 1504
52616 # 1504
52618 + 92
52619 # 1504
52619 - 92 1
52621 # 1504
52624 # 1504
52627 # 1504
52627 + 92
52630 # 1504
52630 - 92 3
52633 # 1504
52636 # 1504
52637 + 92
52639 # 1504
52639 - 92 2
52642 # 1504
52645 # 1504
52646 + 92
52647 # 1504
52647 - 92 1
52650 # 1504
52653 # 1504
52656 # 1504
52658 # 1504
52661 # 1504
52661 + 92
52664 # 1504
52664 - 92 3
52665 + 92
52668 # 1504
52668 - 92 3
52671 # 1504
52671 + 92
52674 # 1504
52674 - 92 3
52677 # 1504
52678 + 92
52681 # 1504
52681 - 92 3
52681 + 92
52683 # 1504
52683 - 92 2
52685 # 1504
52686 + 92
52687 # 1504
52687 - 92 1
52688 # 1504
52690 # 1504
52693 # 1504
52695 # 1504
52696 + 92
52697 # 1504
52697 - 92 1
52699 # 1504
52701 # 1504
52701 + 92
52701 + 92
52703 # 1504
52703 - 92 2
52703 - 92 2
52705 # 1504
52706 # 1504
52707 + 92
52708 # 1504
52708 - 92 1
52710 # 1504
52712 # 1504
52713 # 1504
52716 # 1504
52717 # 1504
52719 # 1504
52721 # 1504
52721 + 92
52721 + 92
52723 # 1504
52723 - 92 2
52723 - 92 2
52724 # 1504
52725 + 92
52726 # 1504
52726 - 92 1
52728 # 1504
52731 # 1504
52731 # 1504
52736 + 92
52737 # 1504
52737 - 92 1
52739 # 1504
52739 # 1504
52741 # 1504
52744 # 1504
52745 # 1504
52745 + 92
52747 # 1504
52747 - 92 2
52750 # 1504
52750 # 1504
52753 # 1504
52754 # 1504
52754 + 92
52755 # 1504
52755 - 92 1
52756 # 1504
52759 + 92
52762 + 92
52767 # 1504
52767 - 92 8
52767 - 92 5
52767 # 1504
52767 # 1504
52768 # 1504
52768 # 1504
52778 # 1504
52778 # 1504
52778 # 1504
52778 # 1504
52779 + 92
52781 # 1504
52781 - 92 2
52789 + 92
52790 # 1504
52790 - 92 1
52793 # 1504
52795 # 1504
52795 + 92
52796 # 1504
52796 - 92 1
52797 # 1504
52803 # 1504
52803 + 92
52809 # 1504
52809 - 92 6
52810 # 1504
52810 # 1504
52817 # 1504
52819 + 92
52819 + 92
52820 # 1504
52820 - 92 1
52820 - 92 1
52824 # 1504
52828 # 1504
52828 + 92
52836 # 1504
52836 - 92 8
52836 + 92
52840 # 1504
52840 - 92 4
52844 # 1504
52844 + 92
52848 # 1504
52848 - 92 4
52849 + 92
52852 # 1504
52852 - 92 3
52857 # 1504
52860 + 92
52863 # 1504
52863 - 92 3
52867 # 1504
52869 + 92
52871 # 1504
52871 - 92 2
52877 # 1504
52883 # 1504
52883 + 92
52889 # 1504
52889 - 92 6
52892 + 92
52893 # 1504
52893 - 92 1
52897 # 1504
52903 # 1504
52904 + 92
52906 # 1504
52906 - 92 2
52910 # 1504
52916 # 1504
52920 # 1504
52922 + 92
52924 # 1504
52924 - 92 2
52930 # 1504
52930 + 92
52934 # 1504
52934 - 92 4
52938 + 92
52939 # 1504
52939 - 92 1
52943 # 1504
52945 + 92
52947 # 1504
52947 - 92 2
52952 # 1504
52953 + 92
52955 # 1504
52955 - 92 2
52958 # 1504
52962 # 1504
52962 + 92
52964 # 1504
52964 - 92 2
52966 # 1504
52966 + 92
52969 # 1504
52969 - 92 3
52971 # 1504
52973 # 1504
52974 + 92
52976 # 1504
52976 - 92 2
52978 # 1504
52979 + 92
52980 # 1504
52980 - 92 1
52983 # 1504
52984 + 92
52985 # 1504
52985 - 92 1
52988 # 1504
52989 + 92
52990 # 1504
52990 - 92 1
52992 # 1504
52994 # 1504
52998 # 1504
52999 # 1504
53001 + 92
53001 + 92
53002 # 1504
53002 - 92 1
53002 - 92 1
53004 # 1504
53005 + 92
53006 # 1504
53006 - 92 1
53007 # 1504
53009 # 1504
53011 # 1504
53013 # 1504
53015 # 1504
53015 + 92
53017 # 1504
53017 - 92 2
53020 # 1504
53021 # 1504
53022 # 1504
53024 # 1504
53027 # 1504
53029 # 1504
53029 # 1504
53031 # 1504
53031 + 92
53033 # 1504
53033 - 92 2
53035 # 1504
53036 + 92
53037 # 1504
53037 - 92 1
53038 # 1504
53040 # 1504
53041 # 1504
53041 + 92
53044 # 1504
53044 - 92 3
53044 # 1504
53044 + 92
53046 # 1504
53046 - 92 2
53047 # 1504
53049 # 1504
53049 + 92
53051 # 1504
53051 - 92 2
53052 # 1504
53053 # 1504
53054 + 92
53058 # 1504
53058 - 92 4
53058 # 1504
53061 + 92
53064 + 92
53068 # 1504
53068 - 92 7
53068 - 92 4
53068 # 1504
53069 + 92
53072 # 1504
53072 - 92 3
53073 + 92
53075 # 1504
53075 - 92 2
53075 # 1504
53075 # 1504
53075 # 1504
53080 + 92
53083 # 1504
53083 - 92 3
53083 # 1504
53083 # 1504
53083 # 1504
53083 # 1504
53084 # 1504
53084 + 92
53086 # 1504
53086 - 92 2
53087 # 1504
53089 # 1504
53091 # 1504
53092 # 1504
53092 + 92
53093 # 1504
53093 - 92 1
53095 # 1504
53097 # 1504
53098 # 1504
53100 # 1504
53101 # 1504
53101 + 92
53103 # 1504
53103 - 92 2
53105 # 1504
53105 + 92
53106 # 1504
53106 - 92 1
53107 # 1504
53108 + 92
53109 # 1504
53109 - 92 1
53110 # 1504
53113 # 1504
53114 + 92
53115 # 1504
53115 - 92 1
53116 # 1504
53117 # 1504
53119 # 1504
53119 + 92
53122 # 1504
53122 - 92 3
53123 + 92
53128 + 92
53130 # 1504
53130 - 92 7
53130 - 92 2
53132 # 1504
53132 # 1504
53133 + 92
53136 # 1504
53136 - 92 3
53136 # 1504
53136 # 1504
53136 # 1504
53136 + 92
53140 + 92
53144 # 1504
53144 - 92 8
53144 - 92 4
53145 # 1504
53146 # 1504
53146 + 92
53147 # 1504
53147 - 92 1
53150 # 1504
53151 + 92
53152 # 1504
53152 - 92 1
53152 # 1504
53152 # 1504
53155 # 1504
53155 + 92
53157 # 1504
53157 - 92 2
53158 # 1504
53160 # 1504
53162 # 1504
53164 # 1504
53167 # 1504
53169 + 92
53169 + 92
53170 # 1504
53170 - 92 1
53170 - 92 1
53171 # 1504
53175 # 1504
53176 + 92
53177 # 1504
53177 - 92 1
53179 # 1504
53180 + 92
53183 # 1504
53183 - 92 3
53184 # 1504
53186 # 1504
53186 + 92
53188 # 1504
53188 - 92 2
53192 # 1504
53195 # 1504
53195 + 92
53197 # 1504
53197 - 92 2
53199 + 92
53199 + 92
53200 # 1504
53200 - 92 1
53200 - 92 1
53202 # 1504
53204 # 1504
53204 + 92
53205 # 1504
53205 - 92 1
53208 # 1504
53209 # 1504
53211 + 92
53212 # 1504
53212 - 92 1
53214 # 1504
53218 # 1504
53218 # 1504
53220 # 1504
53220 + 92
53223 # 1504
53223 - 92 3
53223 # 1504
53225 # 1504
53226 # 1504
53230 # 1504
53231 # 1504
53232 # 1504
53233 # 1504
53233 + 92
53235 # 1504
53235 - 92 2
53243 + 92
53250 + 92
53256 # 1504
53256 - 92 13
53256 - 92 6
53256 # 1504
53256 # 1504
53256 # 1504
53256 # 1504
53256 # 1504
53256 # 1504
53256 # 1504
53258 # 1504
53259 # 1504
53261 # 1504
53262 # 1504
53265 # 1504
53266 # 1504
53266 + 92
53266 + 92
53268 # 1504
53268 - 92 2
53268 - 92 2
53269 # 1504
53271 # 1504
53272 # 1504
53274 # 1504
53275 # 1504
53275 + 92
53277 # 1504
53277 - 92 2
53278 # 1504
53281 # 1504
53282 # 1504
53283 + 92
53285 # 1504
53285 - 92 2
53287 # 1504
53288 # 1504
53288 + 92
53290 # 1504
53290 - 92 2
53292 # 1504
53294 # 1504
53294 + 92
53296 # 1504
53296 - 92 2
53297 # 1504
53298 + 92
53299 # 1504
53299 - 92 1
53305 + 92
53309 # 1504
53309 - 92 4
53309 # 1504
53309 # 1504
53309 # 1504
53309 # 1504
53311 # 1504
53311 # 1504
53312 + 92
53313 # 1504
53313 - 92 1
53316 # 1504
53317 # 1504
53318 # 1504
53318 + 92
53320 # 1504
53320 - 92 2
53321 # 1504
53323 + 92
53324 # 1504
53324 - 92 1
53325 # 1504
53327 # 1504
53328 # 1504
53331 # 1504
53333 # 1504
53335 # 1504
53336 # 1504
53336 + 92
53338 # 1504
53338 - 92 2
53339 + 92
53341 # 1504
53341 - 92 2
53341 # 1504
53341 + 92
53344 # 1504
53344 - 92 3
53345 # 1504
53346 + 92
53348 # 1504
53348 - 92 2
53348 # 1504
53350 # 1504
53351 # 1504
53353 # 1504
53355 # 1504
53356 # 1504
53357 # 1504
53359 # 1504
53360 # 1504
53370 # 1504
53372 # 1504
53375 # 1504
53376 # 1504
53377 # 1504
53378 # 1504
53379 # 1504
53380 # 1504
53383 # 1504
53384 + 92
53384 + 92
53384 + 92
53384 + 92
53385 # 1504
53385 - 92 1
53385 - 92 1
53385 - 92 1
53385 - 92 1
53386 + 92
53387 # 1504
53387 - 92 1
53389 # 1504
53391 # 1504
53391 + 92
53394 # 1504
53394 - 92 3
53396 # 1504
53396 + 92
53398 # 1504
53398 - 92 2
53399 + 92
53400 # 1504
53400 - 92 1
53403 # 1504
53404 # 1504
53406 # 1504
53406 + 92
53408 # 1504
53408 - 92 2
53409 # 1504
53411 # 1504
53413 # 1504
53415 # 1504
53416 + 92
53416 + 92
53418 # 1504
53418 - 92 2
53418 - 92 2
53419 # 1504
53421 # 1504
53422 # 1504
53424 # 1504
53427 # 1504
53427 + 92
53427 + 92
53429 # 1504
53429 - 92 2
53429 - 92 2
53431 # 1504
53433 # 1504
53434 + 92
53435 # 1504
53435 - 92 1
53437 + 92
53437 + 92
53442 + 92
53445 # 1504
53445 - 92 8
53445 - 92 8
53445 - 92 3
53446 # 1504
53446 # 1504
53446 # 1504
53446 # 1504
53446 + 92
53448 # 1504
53448 - 92 2
53450 # 1504
53452 # 1504
53456 + 92
53456 + 92
53461 # 1504
53461 - 92 5
53461 - 92 5
53461 # 1504
53465 # 1504
53466 # 1504
53466 # 1504
53467 # 1504
53469 # 1504
53470 + 92
53471 # 1504
53471 - 92 1
53473 + 92
53475 # 1504
53475 - 92 2
53477 # 1504
53480 # 1504
53483 # 1504
53483 # 1504
53485 # 1504
53488 # 1504
53490 # 1504
53491 # 1504
53492 # 1504
53493 + 92
53495 # 1504
53495 - 92 2
53495 + 92
53495 + 92
53497 # 1504
53497 - 92 2
53497 - 92 2
53498 # 1504
53500 # 1504
53501 + 92
53502 # 1504
53502 - 92 1
53503 # 1504
53504 + 92
53506 # 1504
53506 - 92 2
53507 # 1504
53517 # 1504
53517 # 1504
53517 # 1504
53517 # 1504
53524 + 92
53527 # 1504
53527 - 92 3
53527 # 1504
53527 # 1504
53527 # 1504
53527 # 1504
53528 # 1504
53529 + 92
53530 # 1504
53530 - 92 1
53531 # 1504
53539 + 92
53541 # 1504
53541 - 92 2
53541 # 1504
53541 # 1504
53541 # 1504
53543 # 1504
53547 + 92
53553 # 1504
53553 - 92 6
53553 # 1504
53553 # 1504
53553 # 1504
53553 # 1504
53554 + 92
53555 # 1504
53555 - 92 1
53556 # 1504
53557 # 1504
53559 # 1504
53560 # 1504
53560 + 92
53562 # 1504
53562 - 92 2
53563 # 1504
53566 # 1504
53566 # 1504
53566 + 92
53568 # 1504
53568 - 92 2
53570 # 1504
53571 # 1504
53572 # 1504
53574 # 1504
53576 # 1504
53576 + 92
53577 # 1504
53577 - 92 1
53579 # 1504
53580 # 1504
53583 # 1504
53583 # 1504
53584 + 92
53584 + 92
53584 + 92
53587 + 92
53595 # 1504
53595 - 92 11
53595 - 92 11
53595 - 92 11
53595 - 92 8
53596 # 1504
53598 # 1504
53598 # 1504
53598 # 1504
53598 # 1504
53598 + 92
53598 + 92
53600 # 1504
53600 - 92 2
53600 - 92 2
53600 + 92
53601 # 1504
53601 - 92 1
53603 # 1504
53603 + 92
53605 # 1504
53605 - 92 2
53606 # 1504
53607 # 1504
53609 # 1504
53615 + 92
53615 + 92
53618 # 1504
53618 - 92 3
53618 - 92 3
53618 # 1504
53618 # 1504
53618 # 1504
53622 + 92
53622 + 92
53624 + 92
53628 # 1504
53628 - 92 6
53628 - 92 6
53628 - 92 4
53628 # 1504
53628 # 1504
53628 # 1504
53632 # 1504
53632 # 1504
53632 # 1504
53632 # 1504
53636 + 92
53636 + 92
53637 + 92
53641 # 1504
53641 - 92 5
53641 - 92 5
53641 - 92 4
53641 # 1504
53641 # 1504
53641 # 1504
53641 + 92
53642 # 1504
53642 - 92 1
53643 # 1504
53644 # 1504
53653 + 92
53655 # 1504
53655 - 92 2
53655 # 1504
53655 # 1504
53656 # 1504
53656 # 1504
53656 # 1504
53657 # 1504
53657 + 92
53658 # 1504
53658 - 92 1
53659 + 92
53660 # 1504
53660 - 92 1
53661 # 1504
53663 # 1504
53664 # 1504
53666 # 1504
53668 # 1504
53670 + 92
53674 + 92
53680 # 1504
53680 - 92 10
53680 - 92 6
53683 # 1504
53684 # 1504
53684 # 1504
53684 # 1504
53684 # 1504
53685 + 92
53689 + 92
53695 # 1504
53695 - 92 10
53695 - 92 6
53695 + 92
53695 + 92
53706 # 1504
53706 - 92 11
53706 - 92 11
53706 # 1504
53706 # 1504
53706 + 92
53706 + 92
53712 # 1504
53712 - 92 6
53712 - 92 6
53712 # 1504
53712 # 1504
53712 # 1504
53713 # 1504
53714 + 92
53715 # 1504
53715 - 92 1
53715 + 92
53718 # 1504
53718 - 92 3
53719 + 92
53720 # 1504
53720 - 92 1
53723 # 1504
53727 # 1504
53730 # 1504
53731 # 1504
53732 + 92
53736 # 1504
53736 - 92 4
53738 # 1504
53740 # 1504
53741 + 92
53744 # 1504
53744 - 92 3
53746 # 1504
53747 + 92
53749 # 1504
53749 - 92 2
53749 + 92
53751 # 1504
53751 - 92 2
53755 # 1504
53756 + 92
53757 # 1504
53757 - 92 1
53757 + 92
53760 # 1504
53760 - 92 3
53762 # 1504
53765 # 1504
53765 + 92
53767 # 1504
53767 - 92 2
53769 # 1504
53770 # 1504
53770 + 92
53774 # 1504
53774 - 92 4
53776 # 1504
53776 + 92
53778 # 1504
53778 - 92 2
53779 # 1504
53779 + 92
53782 # 1504
53782 - 92 3
53784 # 1504
53785 + 92
53787 # 1504
53787 - 92 2
53787 # 1504
53789 # 1504
53791 # 1504
53792 # 1504
53794 # 1504
53796 # 1504
53797 + 92
53798 # 1504
53798 - 92 1
53798 + 92
53799 # 1504
53799 - 92 1
53801 # 1504
53803 # 1504
53804 # 1504
53805 + 92
53806 # 1504
53806 - 92 1
53808 + 92
53814 + 92
53817 # 1504
53817 - 92 9
53817 - 92 3
53818 + 92
53822 + 92
53822 + 92
53825 # 1504
53825 - 92 7
53825 - 92 3
53825 - 92 3
53825 # 1504
53826 # 1504
53826 # 1504
53826 # 1504
53826 # 1504
53828 + 92
53835 # 1504
53835 - 92 7
53836 # 1504
53837 + 92
53838 # 1504
53838 - 92 1
53838 # 1504
53842 # 1504
53842 # 1504
53843 + 92
53847 # 1504
53847 - 92 4
53847 # 1504
53849 # 1504
53849 + 92
53850 # 1504
53850 - 92 1
53852 # 1504
53855 # 1504
53855 + 92
53857 # 1504
53857 - 92 2
53859 # 1504
53859 + 92
53863 # 1504
53863 - 92 4
53864 # 1504
53866 # 1504
53869 # 1504
53872 # 1504
53872 + 92
53873 # 1504
53873 - 92 1
53874 + 92
53876 # 1504
53876 - 92 2
53877 + 92
53878 + 92
53879 # 1504
53879 - 92 2
53879 - 92 1
53881 # 1504
53883 + 92
53890 # 1504
53890 - 92 7
53890 # 1504
53892 + 92
53895 + 92
53896 # 1504
53896 - 92 4
53896 - 92 1
53896 # 1504
53896 # 1504
53896 # 1504
53897 # 1504
53898 # 1504
53902 + 92
53909 # 1504
53909 - 92 7
53911 # 1504
53915 # 1504
53915 # 1504
53915 # 1504
53915 # 1504
53915 + 92
53915 + 92
53917 # 1504
53917 - 92 2
53917 - 92 2
53924 + 92
53926 # 1504
53926 - 92 2
53930 # 1504
53930 # 1504
53930 # 1504
53933 # 1504
53933 + 92
53937 # 1504
53937 - 92 4
53942 # 1504
53943 # 1504
53944 + 92
53945 # 1504
53945 - 92 1
53948 + 92
53949 # 1504
53949 - 92 1
53950 + 92
53951 # 1504
53951 - 92 1
53953 # 1504
53956 # 1504
53956 + 92
53958 # 1504
53958 - 92 2
53960 # 1504
53962 # 1504
53962 + 92
53964 # 1504
53964 - 92 2
53966 # 1504
53968 # 1504
53968 + 92
53969 # 1504
53969 - 92 1
53971 # 1504
53974 # 1504
53976 # 1504
53977 # 1504
53978 + 92
53980 # 1504
53980 - 92 2
53981 # 1504
53983 # 1504
53984 # 1504
53984 + 92
53986 # 1504
53986 - 92 2
53989 # 1504
53990 # 1504
53991 # 1504
53993 # 1504
53995 # 1504
53995 + 92
53997 # 1504
53997 - 92 2
53998 # 1504
53998 + 92
54000 # 1504
54000 - 92 2
54002 # 1504
54004 # 1504
54005 + 92
54006 # 1504
54006 - 92 1
54007 # 1504
54009 # 1504
54010 # 1504
54011 + 92
54013 # 1504
54013 - 92 2
54013 # 1504
54016 # 1504
54017 # 1504
54017 + 92
54017 + 92
54019 # 1504
54019 - 92 2
54019 - 92 2
54021 # 1504
54023 # 1504
54024 # 1504
54027 # 1504
54027 + 92
54028 # 1504
54028 - 92 1
54028 + 92
54028 + 92
54030 # 1504
54030 - 92 2
54030 - 92 2
54032 # 1504
54032 + 92
54033 # 1504
54033 - 92 1
54035 + 92
54036 # 1504
54036 - 92 1
54037 # 1504
54039 # 1504
54039 + 92
54040 # 1504
54040 - 92 1
54042 # 1504
54042 + 92
54045 # 1504
54045 - 92 3
54046 # 1504
54048 # 1504
54049 # 1504
54051 # 1504
54053 # 1504
54054 + 92
54057 + 92
54057 + 92
54058 # 1504
54058 - 92 4
54058 - 92 1
54058 - 92 1
54058 # 1504
54060 # 1504
54061 # 1504
54064 # 1504
54067 # 1504
54067 # 1504
54068 # 1504
54069 + 92
54069 + 92
54070 # 1504
54070 - 92 1
54070 - 92 1
54072 # 1504
54073 # 1504
54076 # 1504
54078 # 1504
54078 + 92
54079 + 92
54080 # 1504
54080 - 92 2
54080 - 92 1
54081 # 1504
54090 # 1504
54092 # 1504
54092 # 1504
54092 + 92
54094 + 92
54095 # 1504
54095 - 92 3
54095 - 92 1
54096 # 1504
54102 # 1504
54106 # 1504
54108 # 1504
54108 # 1504
54110 # 1504
54110 # 1504
54110 # 1504
54113 # 1504
54114 # 1504
54115 + 92
54115 + 92
54115 + 92
54116 # 1504
54116 - 92 1
54116 - 92 1
54116 - 92 1
54116 + 92
54118 # 1504
54118 - 92 2
54120 # 1504
54122 # 1504
54125 # 1504
54126 + 92
54126 + 92
54128 # 1504
54128 - 92 2
54128 - 92 2
54131 + 92
54133 # 1504
54133 - 92 2
54136 + 92
54137 # 1504
54137 - 92 1
54141 # 1504
54144 # 1504
54146 + 92
54146 + 92
54148 # 1504
54148 - 92 2
54148 - 92 2
54148 + 92
54152 # 1504
54152 - 92 4
54152 + 92
54155 # 1504
54155 - 92 3
54156 + 92
54158 # 1504
54158 - 92 2
54162 + 92
54163 # 1504
54163 - 92 1
54163 # 1504
54166 # 1504
54169 # 1504
54172 # 1504
54172 + 92
54175 # 1504
54175 - 92 3
54175 + 92
54177 + 92
54186 + 92
54187 # 1504
54187 - 92 12
54187 - 92 10
54187 - 92 1
54188 # 1504
54188 + 92
54190 + 92
54191 # 1504
54191 - 92 3
54191 - 92 1
54191 # 1504
54193 # 1504
54193 # 1504
54195 # 1504
54195 + 92
54197 + 92
54203 + 92
54207 # 1504
54207 - 92 12
54207 - 92 10
54207 - 92 4
54208 + 92
54209 # 1504
54209 - 92 1
54209 # 1504
54210 # 1504
54210 # 1504
54210 # 1504
54213 # 1504
54215 # 1504
54215 + 92
54215 + 92
54217 # 1504
54217 - 92 2
54217 - 92 2
54219 # 1504
54221 # 1504
54223 # 1504
54225 # 1504
54226 + 92
54229 # 1504
54229 - 92 3
54231 # 1504
54236 # 1504
54236 + 92
54238 # 1504
54238 - 92 2
54240 # 1504
54242 # 1504
54243 + 92
54246 + 92
54255 # 1504
54255 - 92 12
54255 - 92 9
54257 # 1504
54257 # 1504
54257 # 1504
54257 + 92
54259 # 1504
54259 - 92 2
54260 + 92
54260 + 92
54263 # 1504
54263 - 92 3
54263 - 92 3
54266 # 1504
54269 + 92
54270 # 1504
54270 - 92 1
54273 # 1504
54275 + 92
54277 # 1504
54277 - 92 2
54279 + 92
54281 # 1504
54281 - 92 2
54285 + 92
54286 # 1504
54286 - 92 1
54289 # 1504
54289 + 92
54293 # 1504
54293 - 92 4
54295 + 92
54298 # 1504
54298 - 92 3
54298 + 92
54302 # 1504
54302 - 92 4
54306 # 1504
54310 # 1504
54310 + 92
54310 + 92
54312 # 1504
54312 - 92 2
54312 - 92 2
54316 + 92
54316 + 92
54317 # 1504
54317 - 92 1
54317 - 92 1
54320 # 1504
54322 # 1504
54326 + 92
54327 + 92
54333 # 1504
54333 - 92 7
54333 - 92 6
54338 + 92
54338 + 92
54341 + 92
54345 # 1504
54345 - 92 7
54345 - 92 7
54345 - 92 4
54346 # 1504
54349 + 92
54349 + 92
54355 + 92
54355 + 92
54357 + 92
54363 + 92
54369 + 92
54369 + 92
54399 + 92
54399 + 92
54404 + 92
54404 + 92
54422 # 1504
54422 - 92 73
54422 - 92 73
54422 - 92 67
54422 - 92 67
54422 - 92 65
54422 - 92 59
54422 - 92 53
54422 - 92 53
54422 - 92 23
54422 - 92 23
54422 - 92 18
54422 - 92 18
54422 # 1504
54423 + 92
54427 # 1504
54427 - 92 4
54427 # 1504
54427 + 92
54428 # 1504
54428 - 92 1
54428 # 1504
54428 # 1504
54428 + 92
54429 # 1504
54429 - 92 1
54429 # 1504
54429 # 1504
54429 # 1504
54429 # 1504
54429 # 1504
54429 # 1504
54429 # 1504
54430 # 1504
54436 # 1504
54437 + 92
54443 # 1504
54443 - 92 6
54446 + 92
54447 # 1504
54447 - 92 1
54452 # 1504
54454 + 92
54456 # 1504
54456 - 92 2
54459 # 1504
54462 + 92
54466 # 1504
54466 - 92 4
54470 # 1504
54473 + 92
54475 # 1504
54475 - 92 2
54479 # 1504
54483 # 1504
54486 # 1504
54489 # 1504
54490 # 1504
54490 + 92
54492 # 1504
54492 - 92 2
54495 # 1504
54496 + 92
54498 # 1504
54498 - 92 2
54500 # 1504
54501 + 92
54509 + 92
54511 # 1504
54511 - 92 10
54511 - 92 2
54511 # 1504
54515 # 1504
54518 + 92
54522 # 1504
54522 - 92 4
54524 + 92
54527 # 1504
54527 - 92 3
54530 # 1504
54535 # 1504
54535 + 92
54538 # 1504
54538 - 92 3
54541 # 1504
54544 + 92
54546 # 1504
54546 - 92 2
54548 # 1504
54549 + 92
54551 # 1504
54551 - 92 2
54555 # 1504
54555 + 92
54558 # 1504
54558 - 92 3
54561 # 1504
54561 + 92
54564 # 1504
54564 - 92 3
54566 # 1504
54568 # 1504
54569 + 92
54571 # 1504
54571 - 92 2
54573 # 1504
54575 # 1504
54575 + 92
54577 # 1504
54577 - 92 2
54580 # 1504
54582 # 1504
54583 + 92
54590 + 92
54592 # 1504
54592 - 92 9
54592 - 92 2
54593 # 1504
54595 # 1504
54596 # 1504
54596 # 1504
54597 # 1504
54597 + 92
54599 # 1504
54599 - 92 2
54605 + 92
54608 # 1504
54608 - 92 3
54610 # 1504
54611 # 1504
54615 + 92
54616 # 1504
54616 - 92 1
54616 # 1504
54616 # 1504
54616 + 92
54620 + 92
54627 # 1504
54627 - 92 11
54627 - 92 7
54627 # 1504
54627 + 92
54629 # 1504
54629 - 92 2
54631 # 1504
54633 # 1504
54634 # 1504
54637 # 1504
54639 # 1504
54641 # 1504
54642 + 92
54644 # 1504
54644 - 92 2
54647 + 92
54650 # 1504
54650 - 92 3
54655 # 1504
54655 + 92
54661 # 1504
54661 - 92 6
54663 + 92
54666 # 1504
54666 - 92 3
54670 + 92
54672 # 1504
54672 - 92 2
54676 + 92
54677 # 1504
54677 - 92 1
54682 + 92
54685 # 1504
54685 - 92 3
54691 # 1504
54695 + 92
54696 + 92
54697 # 1504
54697 - 92 2
54697 - 92 1
54699 + 92
54703 # 1504
54703 - 92 4
54704 + 92
54709 # 1504
54709 - 92 5
54710 + 92
54714 # 1504
54714 - 92 4
54720 # 1504
54721 + 92
54726 # 1504
54726 - 92 5
54729 # 1504
54733 # 1504
54736 # 1504
54737 + 92
54739 # 1504
54739 - 92 2
54742 # 1504
54744 + 92
54747 # 1504
54747 - 92 3
54748 + 92
54749 # 1504
54749 - 92 1
54753 # 1504
54753 + 92
54757 # 1504
54757 - 92 4
54761 # 1504
54762 + 92
54763 # 1504
54763 - 92 1
54766 # 1504
54769 # 1504
54771 + 92
54777 + 92
54784 + 92
54788 # 1504
54788 - 92 17
54788 - 92 11
54788 - 92 4
54788 + 92
54794 # 1504
54794 - 92 6
54794 # 1504
54794 # 1504
54794 # 1504
54794 # 1504
54795 # 1504
54799 # 1504
54800 + 92
54802 # 1504
54802 - 92 2
54802 + 92
54802 + 92
54806 # 1504
54806 - 92 4
54806 - 92 4
54809 # 1504
54812 # 1504
54816 + 92
54819 + 92
54821 # 1504
54821 - 92 5
54821 - 92 2
54825 # 1504
54827 # 1504
54829 + 92
54829 + 92
54832 # 1504
54832 - 92 3
54832 - 92 3
54834 # 1504
54834 + 92
54837 # 1504
54837 - 92 3
54840 + 92
54842 # 1504
54842 - 92 2
54843 # 1504
54846 # 1504
54846 + 92
54848 # 1504
54848 - 92 2
54850 # 1504
54852 + 92
54853 # 1504
54853 - 92 1
54856 # 1504
54857 # 1504
54857 + 92
54860 # 1504
54860 - 92 3
54863 # 1504
54863 + 92
54864 # 1504
54864 - 92 1
54867 # 1504
54869 # 1504
54871 # 1504
54871 + 92
54874 # 1504
54874 - 92 3
54874 + 92
54876 # 1504
54876 - 92 2
54878 # 1504
54883 # 1504
54886 # 1504
54888 # 1504
54889 + 92
54890 # 1504
54890 - 92 1
54893 # 1504
54902 + 92
54912 # 1504
54912 - 92 10
54912 # 1504
54914 + 92
54916 # 1504
54916 - 92 2
54916 # 1504
54916 + 92
54922 # 1504
54922 - 92 6
54923 + 92
54924 # 1504
54924 - 92 1
54926 # 1504
54927 + 92
54930 # 1504
54930 - 92 3
54933 + 92
54936 # 1504
54936 - 92 3
54937 + 92
54942 # 1504
54942 - 92 5
54942 + 92
54947 + 92
54953 # 1504
54953 - 92 11
54953 - 92 6
54954 + 92
54956 # 1504
54956 - 92 2
54958 + 92
54962 # 1504
54962 - 92 4
54962 # 1504
54962 # 1504
54963 + 92
54967 # 1504
54967 - 92 4
54969 # 1504
54971 + 92
54975 + 92
54976 # 1504
54976 - 92 5
54976 - 92 1
54981 # 1504
54986 # 1504
54986 + 92
54992 # 1504
54992 - 92 6
54992 + 92
54996 + 92
54997 # 1504
54997 - 92 5
54997 - 92 1
55002 + 92
55004 # 1504
55004 - 92 2
55006 + 92
55008 # 1504
55008 - 92 2
55012 + 92
55015 # 1504
55015 - 92 3
55020 # 1504
55021 + 92
55026 + 92
55028 # 1504
55028 - 92 7
55028 - 92 2
55033 # 1504
55034 + 92
55038 # 1504
55038 - 92 4
55039 + 92
55051 # 1504
55051 - 92 12
55051 # 1504
55051 # 1504
55052 + 92
55055 # 1504
55055 - 92 3
55055 + 92
55058 # 1504
55058 - 92 3
55061 # 1504
55063 + 92
55066 # 1504
55066 - 92 3
55071 # 1504
55073 # 1504
55075 + 92
55075 + 92
55076 + 92
55077 # 1504
55077 - 92 2
55077 - 92 2
55077 - 92 1
55078 # 1504
55080 # 1504
55081 + 92
55084 # 1504
55084 - 92 3
55086 # 1504
55088 # 1504
55088 + 92
55091 # 1504
55091 - 92 3
55093 # 1504
55094 + 92
55097 # 1504
55097 - 92 3
55097 + 92
55099 # 1504
55099 - 92 2
55102 # 1504
55105 # 1504
55107 # 1504
55110 # 1504
55110 + 92
55110 + 92
55114 + 92
55118 + 92
55121 # 1504
55121 - 92 11
55121 - 92 11
55121 - 92 7
55121 - 92 3
55124 + 92
55127 # 1504
55127 - 92 3
55131 # 1504
55131 # 1504
55131 # 1504
55132 # 1504
55134 + 92
55135 + 92
55139 # 1504
55139 - 92 5
55139 - 92 4
55146 # 1504
55146 # 1504
55146 + 92
55150 # 1504
55150 - 92 4
55150 + 92
55153 # 1504
55153 - 92 3
55155 + 92
55157 # 1504
55157 - 92 2
55159 # 1504
55159 + 92
55161 # 1504
55161 - 92 2
55164 # 1504
55166 # 1504
55169 # 1504
55170 # 1504
55174 + 92
55174 + 92
55177 # 1504
55177 - 92 3
55177 - 92 3
55183 # 1504
55186 # 1504
55188 # 1504
55190 + 92
55190 + 92
55190 + 92
55191 # 1504
55191 - 92 1
55191 - 92 1
55191 - 92 1
55193 # 1504
55194 # 1504
55197 + 92
55200 # 1504
55200 - 92 3
55203 + 92
55214 + 92
55214 + 92
55216 + 92
55217 # 1504
55217 - 92 14
55217 - 92 3
55217 - 92 3
55217 - 92 1
55217 # 1504
55218 # 1504
55229 # 1504
55229 # 1504
55229 + 92
55234 + 92
55235 # 1504
55235 - 92 6
55235 - 92 1
55236 # 1504
55236 # 1504
55236 # 1504
55238 # 1504
55243 + 92
55247 # 1504
55247 - 92 4
55247 # 1504
55247 # 1504
55248 # 1504
55248 # 1504
55250 # 1504
55256 + 92
55258 + 92
55260 # 1504
55260 - 92 4
55260 - 92 2
55262 + 92
55263 # 1504
55263 - 92 1
55266 # 1504
55266 # 1504
55266 # 1504
55270 # 1504
55273 # 1504
55275 # 1504
55277 + 92
55278 # 1504
55278 - 92 1
55279 # 1504
55286 # 1504
55289 + 92
55290 # 1504
55290 - 92 1
55300 # 1504
55304 # 1504
55305 + 92
55310 # 1504
55310 - 92 5
55315 + 92
55316 # 1504
55316 - 92 1
55320 # 1504
55324 # 1504
55326 # 1504
55328 # 1504
55330 # 1504
55333 # 1504
55334 + 92
55335 # 1504
55335 - 92 1
55336 # 1504
55336 + 92
55338 # 1504
55338 - 92 2
55340 # 1504
55344 + 92
55348 # 1504
55348 - 92 4
55357 + 92
55367 # 1504
55367 - 92 10
55367 # 1504
55367 # 1504
55377 + 92
55392 + 92
55399 + 92
55418 + 92
55429 + 92
55436 # 1504
55436 - 92 59
55436 - 92 44
55436 - 92 37
55436 - 92 18
55436 - 92 7
55444 + 92
55460 + 92
55468 + 92
55482 + 92
55495 + 92
55508 + 92
55514 + 92
55522 + 92
55530 + 92
55539 + 92
55548 + 92
55554 + 92
55560 # 1504
55560 - 92 116
55560 - 92 100
55560 - 92 92
55560 - 92 78
55560 - 92 65
55560 - 92 52
55560 - 92 46
55560 - 92 38
55560 - 92 30
55560 - 92 21
55560 - 92 12
55560 - 92 6
55560 # 1504
55560 + 92
55561 # 1504
55561 - 92 1
55561 # 1504
55561 # 1504
55561 # 1504
55561 # 1504
55561 # 1504
55561 # 1504
55561 # 1504
55561 # 1504
55561 # 1504
55561 # 1504
55562 # 1504
55562 # 1504
55562 # 1504
55562 # 1504
55570 + 92
55577 + 92
55584 # 1504
55584 - 92 14
55584 - 92 7
55588 + 92
55595 + 92
55598 + 92
55605 + 92
55611 + 92
55617 + 92
55623 + 92
55624 # 1504
55624 - 92 36
55624 - 92 29
55624 - 92 26
55624 - 92 19
55624 - 92 13
55624 - 92 7
55624 - 92 1
55635 + 92
55638 + 92
55644 + 92
55650 + 92
55656 + 92
55660 + 92
55669 + 92
55678 + 92
55680 # 1504
55680 - 92 45
55680 - 92 42
55680 - 92 36
55680 - 92 30
55680 - 92 24
55680 - 92 20
55680 - 92 11
55680 - 92 2
55680 # 1504
55680 # 1504
55683 # 1504
55686 # 1504
55686 # 1504
55686 # 1504
55686 # 1504
55686 # 1504
55686 # 1504
55686 # 1504
55686 + 92
55687 # 1504
55687 - 92 1
55687 # 1504
55687 # 1504
55687 # 1504
55687 # 1504
55687 # 1504
55687 # 1504
55687 # 1504
55687 # 1504
55687 # 1504
55695 + 92
55703 + 92
55715 + 92
55722 + 92
55736 + 92
55742 + 92
55746 # 1504
55746 - 92 51
55746 - 92 43
55746 - 92 31
55746 - 92 24
55746 - 92 10
55746 - 92 4
55757 # 1504
55764 # 1504
55766 # 1504
55769 + 92
55769 + 92
55773 + 92
55782 # 1504
55782 - 92 13
55782 - 92 13
55782 - 92 9
55785 + 92
55786 # 1504
55786 - 92 1
55786 # 1504
55786 # 1504
55790 + 92
55794 # 1504
55794 - 92 4
55795 + 92
55801 + 92
55802 + 92
55812 + 92
55819 + 92
55819 + 92
55826 # 1504
55826 - 92 31
55826 - 92 25
55826 - 92 24
55826 - 92 14
55826 - 92 7
55826 - 92 7
55831 + 92
55837 # 1504
55837 - 92 6
55838 + 92
55841 + 92
55844 + 92
55847 # 1504
55847 - 92 9
55847 - 92 6
55847 - 92 3
55856 + 92
55860 # 1504
55860 - 92 4
55861 + 92
55870 + 92
55872 # 1504
55872 - 92 11
55872 - 92 2
55878 + 92
55895 + 92
55895 + 92
55901 + 92
55901 + 92
55908 + 92
55911 # 1504
55911 - 92 33
55911 - 92 16
55911 - 92 16
55911 - 92 10
55911 - 92 10
55911 - 92 3
55917 + 92
55926 + 92
55927 # 1504
55927 - 92 10
55927 - 92 1
55934 + 92
55937 # 1504
55937 - 92 3
55943 + 92
55951 # 1504
55951 - 92 8
55957 + 92
55961 + 92
55967 + 92
55973 # 1504
55973 - 92 16
55973 - 92 12
55973 - 92 6
55978 + 92
55987 # 1504
55987 - 92 9
55993 # 1504
55998 + 92
56000 # 1504
56000 - 92 2
56011 # 1504
56012 + 92
56020 # 1504
56020 - 92 8
56020 + 92
56030 # 1504
56030 - 92 10
56034 + 92
56050 + 92
56065 + 92
56068 # 1504
56068 - 92 34
56068 - 92 18
56068 - 92 3
56070 + 92
56077 # 1504
56077 - 92 7
56078 + 92
56085 # 1504
56085 - 92 7
56089 + 92
56094 # 1504
56094 - 92 5
56094 + 92
56103 # 1504
56103 - 92 9
56106 + 92
56117 + 92
56130 + 92
56133 # 1504
56133 - 92 27
56133 - 92 16
56133 - 92 3
56134 + 92
56145 # 1504
56145 - 92 11
56151 + 92
56156 # 1504
56156 - 92 5
56166 # 1504
56171 + 92
56184 # 1504
56184 - 92 13
56187 + 92
56193 # 1504
56193 - 92 6
56199 # 1504
56199 + 92
56205 # 1504
56205 - 92 6
56208 + 92
56212 # 1504
56212 - 92 4
56218 + 92
56220 # 1504
56220 - 92 2
56226 # 1504
56231 + 92
56233 # 1504
56233 - 92 2
56241 # 1504
56249 # 1504
56251 + 92
56255 # 1504
56255 - 92 4
56260 + 92
56263 # 1504
56263 - 92 3
56269 # 1504
56269 + 92
56276 # 1504
56276 - 92 7
56279 + 92
56283 # 1504
56283 - 92 4
56289 # 1504
56289 + 92
56296 # 1504
56296 - 92 7
56302 + 92
56303 # 1504
56303 - 92 1
56312 # 1504
56313 + 92
56317 # 1504
56317 - 92 4
56326 # 1504
56334 # 1504
56339 # 1504
56342 + 92
56346 # 1504
56346 - 92 4
56347 + 92
56354 # 1504
56354 - 92 7
56361 + 92
56362 # 1504
56362 - 92 1
56362 + 92
56368 + 92
56371 # 1504
56371 - 92 9
56371 - 92 3
56377 + 92
56391 + 92
56398 + 92
56400 # 1504
56400 - 92 23
56400 - 92 9
56400 - 92 2
56401 + 92
56407 # 1504
56407 - 92 6
56411 + 92
56418 # 1504
56418 - 92 7
56422 + 92
56426 # 1504
56426 - 92 4
56433 # 1504
56440 # 1504
56442 + 92
56442 + 92
56448 # 1504
56448 - 92 6
56448 - 92 6
56452 + 92
56469 # 1504
56469 - 92 17
56472 + 92
56477 # 1504
56477 - 92 5
56483 # 1504
56486 + 92
56491 # 1504
56491 - 92 5
56497 # 1504
56504 # 1504
56506 + 92
56511 # 1504
56511 - 92 5
56517 + 92
56525 # 1504
56525 - 92 8
56527 + 92
56538 + 92
56538 + 92
56544 + 92
56547 # 1504
56547 - 92 20
56547 - 92 9
56547 - 92 9
56547 - 92 3
56554 # 1504
56562 # 1504
56562 + 92
56564 + 92
56567 # 1504
56567 - 92 5
56567 - 92 3
56573 # 1504
56578 # 1504
56585 # 1504
56592 + 92
56593 # 1504
56593 - 92 1
56598 # 1504
56604 # 1504
56604 + 92
56609 # 1504
56609 - 92 5
56614 + 92
56615 # 1504
56615 - 92 1
56620 # 1504
56623 + 92
56626 # 1504
56626 - 92 3
56631 # 1504
56637 + 92
56638 # 1504
56638 - 92 1
56639 + 92
56645 # 1504
56645 - 92 6
56651 # 1504
56658 # 1504
56662 + 92
56669 # 1504
56669 - 92 7
56674 # 1504
56680 # 1504
56686 # 1504
56686 + 92
56690 + 92
56692 # 1504
56692 - 92 6
56692 - 92 2
56699 # 1504
56699 + 92
56706 # 1504
56706 - 92 7
56706 + 92
56712 # 1504
56712 - 92 6
56712 + 92
56718 # 1504
56718 - 92 6
56724 + 92
56727 # 1504
56727 - 92 3
56734 # 1504
56739 # 1504
56739 + 92
56746 # 1504
56746 - 92 7
56746 + 92
56752 # 1504
56752 - 92 6
56752 + 92
56759 # 1504
56759 - 92 7
56765 # 1504
56766 + 92
56769 + 92
56770 # 1504
56770 - 92 4
56770 - 92 1
56777 # 1504
56782 # 1504
56787 # 1504
56793 # 1504
56799 # 1504
56805 # 1504
56810 # 1504
56812 + 92
56817 # 1504
56817 - 92 5
56821 # 1504
56823 + 92
56827 # 1504
56827 - 92 4
56830 + 92
56834 # 1504
56834 - 92 4
56840 + 92
56841 # 1504
56841 - 92 1
56845 # 1504
56847 + 92
56850 # 1504
56850 - 92 3
56854 + 92
56857 # 1504
56857 - 92 3
56862 + 92
56866 # 1504
56866 - 92 4
56869 + 92
56872 # 1504
56872 - 92 3
56876 + 92
56877 # 1504
56877 - 92 1
56883 # 1504
56887 + 92
56888 # 1504
56888 - 92 1
56889 + 92
56894 # 1504
56894 - 92 5
56897 + 92
56899 # 1504
56899 - 92 2
56905 # 1504
56911 # 1504
56917 # 1504
56922 # 1504
56928 # 1504
56934 # 1504
56937 + 92
56939 # 1504
56939 - 92 2
56944 + 92
56945 # 1504
56945 - 92 1
56950 # 1504
56952 + 92
56955 + 92
56957 # 1504
56957 - 92 5
56957 - 92 2
56959 + 92
56962 # 1504
56962 - 92 3
56968 # 1504
56970 + 92
56974 # 1504
56974 - 92 4
56978 # 1504
56978 + 92
56985 # 1504
56985 - 92 7
56991 + 92
56992 # 1504
56992 - 92 1
56997 # 1504
56998 + 92
57002 # 1504
57002 - 92 4
57009 + 92
57009 + 92
57015 + 92
57016 # 1504
57016 - 92 7
57016 - 92 7
57016 - 92 1
57021 + 92
57022 # 1504
57022 - 92 1
57028 # 1504
57032 + 92
57033 # 1504
57033 - 92 1
57040 # 1504
57042 + 92
57045 # 1504
57045 - 92 3
57047 + 92
57050 # 1504
57050 - 92 3
57051 + 92
57057 # 1504
57057 - 92 6
57057 + 92
57063 # 1504
57063 - 92 6
57069 # 1504
57069 + 92
57069 + 92
57074 # 1504
57074 - 92 5
57074 - 92 5
57075 + 92
57084 # 1504
57084 - 92 9
57092 + 92
57097 + 92
57102 # 1504
57102 - 92 10
57102 - 92 5
57104 + 92
57107 + 92
57114 # 1504
57114 - 92 10
57114 - 92 7
57120 # 1504
57121 + 92
57121 + 92
57124 # 1504
57124 - 92 3
57124 - 92 3
57127 # 1504
57128 + 92
57130 # 1504
57130 - 92 2
57135 # 1504
57137 + 92
57138 # 1504
57138 - 92 1
57141 # 1504
57148 # 1504
57150 + 92
57154 # 1504
57154 - 92 4
57159 # 1504
57166 # 1504
57169 # 1504
57169 + 92
57173 # 1504
57173 - 92 4
57177 # 1504
57181 + 92
57183 # 1504
57183 - 92 2
57187 # 1504
57190 + 92
57190 + 92
57192 # 1504
57192 - 92 2
57192 - 92 2
57196 + 92
57197 # 1504
57197 - 92 1
57201 # 1504
57205 # 1504
57208 # 1504
57209 + 92
57209 + 92
57212 # 1504
57212 - 92 3
57212 - 92 3
57215 + 92
57216 # 1504
57216 - 92 1
57220 # 1504
57224 # 1504
57229 + 92
57231 # 1504
57231 - 92 2
57235 # 1504
57240 + 92
57241 # 1504
57241 - 92 1
57244 # 1504
57248 # 1504
57250 + 92
57252 # 1504
57252 - 92 2
57255 # 1504
57259 # 1504
57261 + 92
57263 # 1504
57263 - 92 2
57265 # 1504
57266 + 92
57270 # 1504
57270 - 92 4
57272 # 1504
57277 + 92
57278 # 1504
57278 - 92 1
57280 + 92
57281 # 1504
57281 - 92 1
57285 # 1504
57287 # 1504
57288 + 92
57289 + 92
57290 # 1504
57290 - 92 2
57290 - 92 1
57293 # 1504
57295 # 1504
57295 + 92
57298 # 1504
57298 - 92 3
57301 # 1504
57303 # 1504
57306 # 1504
57306 + 92
57306 + 92
57309 # 1504
57309 - 92 3
57309 - 92 3
57313 # 1504
57316 # 1504
57317 + 92
57319 # 1504
57319 - 92 2
57323 + 92
57324 # 1504
57324 - 92 1
57326 + 92
57327 # 1504
57327 - 92 1
57330 # 1504
57331 + 92
57333 # 1504
57333 - 92 2
57336 # 1504
57336 + 92
57338 + 92
57339 # 1504
57339 - 92 3
57339 - 92 1
57342 # 1504
57343 + 92
57344 # 1504
57344 - 92 1
57346 + 92
57347 # 1504
57347 - 92 1
57350 # 1504
57351 + 92
57356 # 1504
57356 - 92 5
57357 + 92
57358 # 1504
57358 - 92 1
57361 # 1504
57365 # 1504
57368 # 1504
57368 + 92
57368 + 92
57370 # 1504
57370 - 92 2
57370 - 92 2
57373 # 1504
57376 # 1504
57380 # 1504
57380 + 92
57383 # 1504
57383 - 92 3
57392 + 92
57392 + 92
57394 # 1504
57394 - 92 2
57394 - 92 2
57395 # 1504
57396 # 1504
57399 # 1504
57402 # 1504
57403 + 92
57404 # 1504
57404 - 92 1
57408 # 1504
57410 + 92
57413 # 1504
57413 - 92 3
57415 + 92
57417 # 1504
57417 - 92 2
57418 + 92
57420 # 1504
57420 - 92 2
57422 # 1504
57425 # 1504
57428 # 1504
57428 + 92
57431 # 1504
57431 - 92 3
57432 + 92
57435 # 1504
57435 - 92 3
57436 + 92
57438 # 1504
57438 - 92 2
57442 # 1504
57444 # 1504
57445 # 1504
57446 + 92
57447 # 1504
57447 - 92 1
57449 # 1504
57450 + 92
57451 # 1504
57451 - 92 1
57453 # 1504
57454 + 92
57456 # 1504
57456 - 92 2
57458 # 1504
57460 # 1504
57464 # 1504
57465 + 92
57465 + 92
57466 # 1504
57466 - 92 1
57466 - 92 1
57468 # 1504
57468 + 92
57470 # 1504
57470 - 92 2
57472 # 1504
57474 # 1504
57476 # 1504
57478 # 1504
57480 # 1504
57481 + 92
57482 # 1504
57482 - 92 1
57492 # 1504
57493 # 1504
57494 + 92
57498 + 92
57503 + 92
57504 + 92
57506 # 1504
57506 - 92 12
57506 - 92 8
57506 - 92 3
57506 - 92 2
57506 # 1504
57506 # 1504
57506 # 1504
57506 # 1504
57507 # 1504
57507 # 1504
57508 # 1504
57509 + 92
57511 # 1504
57511 - 92 2
57514 # 1504
57516 + 92
57526 # 1504
57526 - 92 10
57526 # 1504
57526 # 1504
57526 # 1504
57527 # 1504
57528 + 92
57529 + 92
57530 # 1504
57530 - 92 2
57530 - 92 1
57536 + 92
57539 + 92
57540 # 1504
57540 - 92 4
57540 - 92 1
57546 # 1504
57546 # 1504
57546 # 1504
57547 + 92
57549 # 1504
57549 - 92 2
57550 + 92
57551 + 92
57554 # 1504
57554 - 92 4
57554 - 92 3
57554 + 92
57558 # 1504
57558 - 92 4
57561 # 1504
57567 + 92
57569 + 92
57573 # 1504
57573 - 92 6
57573 - 92 4
57574 # 1504
57574 # 1504
57574 # 1504
57575 + 92
57576 # 1504
57576 - 92 1
57577 # 1504
57578 + 92
57579 # 1504
57579 - 92 1
57581 # 1504
57583 # 1504
57585 # 1504
57597 + 92
57597 + 92
57600 + 92
57606 # 1504
57606 - 92 9
57606 - 92 9
57606 - 92 6
57606 # 1504
57606 # 1504
57606 # 1504
57606 # 1504
57606 # 1504
57606 # 1504
57608 # 1504
57608 + 92
57608 + 92
57610 # 1504
57610 - 92 2
57610 - 92 2
57615 # 1504
57617 # 1504
57618 # 1504
57618 + 92
57620 # 1504
57620 - 92 2
57623 # 1504
57625 # 1504
57625 + 92
57627 # 1504
57627 - 92 2
57628 + 92
57632 + 92
57636 + 92
57638 # 1504
57638 - 92 10
57638 - 92 6
57638 - 92 2
57640 # 1504
57640 + 92
57641 # 1504
57641 - 92 1
57641 # 1504
57652 + 92
57656 + 92
57659 # 1504
57659 - 92 7
57659 - 92 3
57659 # 1504
57664 # 1504
57666 # 1504
57667 # 1504
57671 # 1504
57681 # 1504
57683 + 92
57685 + 92
57695 + 92
57696 + 92
57705 + 92
57707 + 92
57717 + 92
57719 + 92
57747 # 1504
57747 - 92 64
57747 - 92 62
57747 - 92 52
57747 - 92 51
57747 - 92 42
57747 - 92 40
57747 - 92 30
57747 - 92 28
57747 # 1504
57752 + 92
57752 + 92
57764 + 92
57773 + 92
57776 + 92
57792 + 92
57793 + 92
57797 + 92
57797 + 92
57807 # 1504
57807 - 92 55
57807 - 92 55
57807 - 92 43
57807 - 92 34
57807 - 92 31
57807 - 92 15
57807 - 92 14
57807 - 92 10
57807 - 92 10
57811 + 92
57815 + 92
57816 # 1504
57816 - 92 5
57816 - 92 1
57817 + 92
57821 # 1504
57821 - 92 4
57824 # 1504
57825 # 1504
57828 + 92
57832 + 92
57837 + 92
57838 # 1504
57838 - 92 10
57838 - 92 6
57838 - 92 1
57838 # 1504
57840 # 1504
57843 + 92
57848 + 92
57857 # 1504
57857 - 92 14
57857 - 92 9
57857 # 1504
57857 # 1504
57857 # 1504
57857 # 1504
57858 # 1504
57858 # 1504
57858 # 1504
57858 # 1504
57858 # 1504
57858 # 1504
57858 # 1504
57858 # 1504
57858 # 1504
57858 # 1504
57859 # 1504
57859 # 1504
57859 # 1504
57859 # 1504
57859 # 1504
57859 # 1504
57859 # 1504
57859 # 1504
57859 # 1504
57860 # 1504
57865 + 92
57866 + 92
57871 + 92
57878 + 92
57891 + 92
57894 + 92
57897 + 92
57897 + 92
57907 + 92
57914 + 92
57925 + 92
57932 + 92
57942 + 92
57951 + 92
57956 # 1504
57956 - 92 91
57956 - 92 90
57956 - 92 85
57956 - 92 78
57956 - 92 65
57956 - 92 62
57956 - 92 59
57956 - 92 59
57956 - 92 49
57956 - 92 42
57956 - 92 31
57956 - 92 24
57956 - 92 14
57956 - 92 5
57971 # 1504
57980 + 92
57980 + 92
57981 # 1504
57981 - 92 1
57981 - 92 1
57992 # 1504
57994 + 92
58002 + 92
58002 + 92
58018 + 92
58018 + 92
58022 + 92
58033 + 92
58039 + 92
58039 + 92
58043 # 1504
58043 - 92 49
58043 - 92 41
58043 - 92 41
58043 - 92 25
58043 - 92 25
58043 - 92 21
58043 - 92 10
58043 - 92 4
58043 - 92 4
58053 + 92
58058 + 92
58068 + 92
58068 + 92
58070 # 1504
58070 - 92 17
58070 - 92 12
58070 - 92 2
58070 - 92 2
58085 + 92
58093 + 92
58094 # 1504
58094 - 92 9
58094 - 92 1
58097 + 92
58100 + 92
58113 # 1504
58113 - 92 16
58113 - 92 13
58114 + 92
58114 + 92
58114 + 92
58120 + 92
58124 + 92
58138 # 1504
58138 - 92 24
58138 - 92 24
58138 - 92 24
58138 - 92 18
58138 - 92 14
58139 + 92
58139 + 92
58148 + 92
58149 + 92
58157 + 92
58160 # 1504
58160 - 92 21
58160 - 92 21
58160 - 92 12
58160 - 92 11
58160 - 92 3
58163 + 92
58167 + 92
58174 # 1504
58174 - 92 11
58174 - 92 7
58175 + 92
58178 + 92
58184 + 92
58194 + 92
58199 + 92
58204 + 92
58204 + 92
58218 + 92
58220 + 92
58240 + 92
58256 + 92
58256 + 92
58264 # 1504
58264 - 92 89
58264 - 92 86
58264 - 92 80
58264 - 92 70
58264 - 92 65
58264 - 92 60
58264 - 92 60
58264 - 92 46
58264 - 92 44
58264 - 92 24
58264 - 92 8
58264 - 92 8
58264 + 92
58265 # 1504
58265 - 92 1
58265 # 1504
58265 # 1504
58267 # 1504
58269 + 92
58273 + 92
58283 + 92
58286 # 1504
58286 - 92 17
58286 - 92 13
58286 - 92 3
58290 + 92
58293 # 1504
58293 - 92 3
58296 + 92
58298 + 92
58300 # 1504
58300 - 92 4
58300 - 92 2
58309 # 1504
58310 + 92
58312 + 92
58314 + 92
58319 # 1504
58319 - 92 9
58319 - 92 7
58319 - 92 5
58323 + 92
58326 + 92
58327 # 1504
58327 - 92 4
58327 - 92 1
58336 + 92
58337 + 92
58338 # 1504
58338 - 92 2
58338 - 92 1
58349 # 1504
58349 + 92
58350 + 92
58357 + 92
58359 # 1504
58359 - 92 10
58359 - 92 9
58359 - 92 2
58363 + 92
58363 + 92
58370 # 1504
58370 - 92 7
58370 - 92 7
58378 # 1504
58388 # 1504
58390 + 92
58393 + 92
58398 + 92
58399 # 1504
58399 - 92 9
58399 - 92 6
58399 - 92 1
58403 + 92
58407 + 92
58410 # 1504
58410 - 92 7
58410 - 92 3
58420 # 1504
58420 + 92
58427 + 92
58429 # 1504
58429 - 92 9
58429 - 92 2
58434 + 92
58438 # 1504
58438 - 92 4
58440 + 92
58443 + 92
58447 # 1504
58447 - 92 7
58447 - 92 4
58454 + 92
58457 + 92
58458 # 1504
58458 - 92 4
58458 - 92 1
58463 + 92
58467 # 1504
58467 - 92 4
58468 + 92
58468 + 92
58479 # 1504
58479 - 92 11
58479 - 92 11
58486 + 92
58488 # 1504
58488 - 92 2
58498 # 1504
58499 + 92
58504 + 92
58507 # 1504
58507 - 92 8
58507 - 92 3
58517 # 1504
58518 + 92
58526 # 1504
58526 - 92 8
58528 + 92
58533 + 92
58536 # 1504
58536 - 92 8
58536 - 92 3
58537 + 92
58546 # 1504
58546 - 92 9
58548 + 92
58549 + 92
58556 + 92
58557 # 1504
58557 - 92 9
58557 - 92 8
58557 - 92 1
58560 + 92
58566 # 1504
58566 - 92 6
58571 + 92
58575 # 1504
58575 - 92 4
58576 + 92
58578 + 92
58584 # 1504
58584 - 92 8
58584 - 92 6
58591 + 92
58594 # 1504
58594 - 92 3
58599 + 92
58606 # 1504
58606 - 92 7
58609 + 92
58612 + 92
58626 + 92
58628 + 92
58631 + 92
58633 # 1504
58633 - 92 24
58633 - 92 21
58633 - 92 7
58633 - 92 5
58633 - 92 2
58642 + 92
58646 # 1504
58646 - 92 4
58647 + 92
58653 # 1504
58653 - 92 6
58656 + 92
58660 + 92
58661 # 1504
58661 - 92 5
58661 - 92 1
58668 + 92
58672 # 1504
58672 - 92 4
58673 + 92
58677 + 92
58683 # 1504
58683 - 92 10
58683 - 92 6
58683 + 92
58693 + 92
58694 # 1504
58694 - 92 11
58694 - 92 1
58698 + 92
58706 # 1504
58706 - 92 8
58713 + 92
58713 + 92
58716 # 1504
58716 - 92 3
58716 - 92 3
58719 + 92
58724 + 92
58728 # 1504
58728 - 92 9
58728 - 92 4
58731 + 92
58747 # 1504
58747 - 92 16
58747 + 92
58747 + 92
58752 + 92
58762 + 92
58766 + 92
58777 # 1504
58777 - 92 30
58777 - 92 30
58777 - 92 25
58777 - 92 15
58777 - 92 11
58777 + 92
58781 + 92
58783 + 92
58787 # 1504
58787 - 92 10
58787 - 92 6
58787 - 92 4
58797 # 1504
58799 + 92
58800 + 92
58816 # 1504
58816 - 92 17
58816 - 92 16
58822 + 92
58827 # 1504
58827 - 92 5
58831 + 92
58840 + 92
58846 + 92
58852 + 92
58853 # 1504
58853 - 92 22
58853 - 92 13
58853 - 92 7
58853 - 92 1
58854 + 92
58871 + 92
58874 # 1504
58874 - 92 20
58874 - 92 3
58876 + 92
58887 # 1504
58887 - 92 11
58903 + 92
58908 + 92
58912 # 1504
58912 - 92 9
58912 - 92 4
58917 + 92
58921 + 92
58937 + 92
58938 # 1504
58938 - 92 21
58938 - 92 17
58938 - 92 1
58947 + 92
58956 # 1504
58956 - 92 9
58959 + 92
58963 + 92
58967 + 92
58971 # 1504
58971 - 92 12
58971 - 92 8
58971 - 92 4
58979 + 92
58988 + 92
59008 + 92
59059 + 92
59067 + 92
59073 + 92
59102 + 92
59102 + 92
59117 # 1504
59117 - 92 138
59117 - 92 129
59117 - 92 109
59117 - 92 58
59117 - 92 50
59117 - 92 44
59117 - 92 15
59117 - 92 15
59118 + 92
59119 + 92
59119 + 92
59136 + 92
59138 + 92
59145 + 92
59152 + 92
59159 + 92
59177 # 1504
59177 - 92 59
59177 - 92 58
59177 - 92 58
59177 - 92 41
59177 - 92 39
59177 - 92 32
59177 - 92 25
59177 - 92 18
59180 # 1504
59181 # 1504
59183 # 1504
59184 + 92
59191 + 92
59197 + 92
59201 # 1504
59201 - 92 17
59201 - 92 10
59201 - 92 4
59202 + 92
59204 # 1504
59204 - 92 2
59208 # 1504
59208 + 92
59210 # 1504
59210 - 92 2
59214 + 92
59218 # 1504
59218 - 92 4
59218 + 92
59228 + 92
59243 # 1504
59243 - 92 25
59243 - 92 15
59244 + 92
59251 + 92
59251 + 92
59261 # 1504
59261 - 92 17
59261 - 92 10
59261 - 92 10
59271 # 1504
59271 + 92
59274 + 92
59286 # 1504
59286 - 92 15
59286 - 92 12
59287 + 92
59293 # 1504
59293 - 92 6
59304 # 1504
59304 + 92
59312 # 1504
59312 - 92 8
59320 + 92
59323 # 1504
59323 - 92 3
59330 + 92
59331 # 1504
59331 - 92 1
59337 # 1504
59339 + 92
59341 # 1504
59341 - 92 2
59345 # 1504
59347 # 1504
59352 + 92
59353 # 1504
59353 - 92 1
59358 # 1504
59361 + 92
59364 # 1504
59364 - 92 3
59369 + 92
59373 # 1504
59373 - 92 4
59377 # 1504
59377 + 92
59381 # 1504
59381 - 92 4
59385 # 1504
59388 # 1504
59392 + 92
59393 # 1504
59393 - 92 1
59395 + 92
59400 # 1504
59400 - 92 5
59402 + 92
59408 + 92
59414 + 92
59417 # 1504
59417 - 92 15
59417 - 92 9
59417 - 92 3
59419 + 92
59423 # 1504
59423 - 92 4
59426 + 92
59430 + 92
59436 # 1504
59436 - 92 10
59436 - 92 6
59437 # 1504
59440 + 92
59448 # 1504
59448 - 92 8
59453 + 92
59454 # 1504
59454 - 92 1
59455 + 92
59458 # 1504
59458 - 92 3
59459 + 92
59461 # 1504
59461 - 92 2
59464 + 92
59466 # 1504
59466 - 92 2
59480 # 1504
59481 + 92
59491 # 1504
59491 - 92 10
59492 + 92
59498 # 1504
59498 - 92 6
59498 # 1504
59502 # 1504
59503 + 92
59505 # 1504
59505 - 92 2
59510 + 92
59512 # 1504
59512 - 92 2
59512 # 1504
59516 + 92
59522 + 92
59529 + 92
59535 + 92
59552 # 1504
59552 - 92 36
59552 - 92 30
59552 - 92 23
59552 - 92 17
59570 + 92
59571 # 1504
59571 - 92 1
59575 # 1504
59585 # 1504
59592 # 1504
59598 + 92
59614 + 92
59620 # 1504
59620 - 92 22
59620 - 92 6
59626 # 1504
59626 + 92
59633 # 1504
59633 - 92 7
59634 + 92
59639 # 1504
59639 - 92 5
59646 # 1504
59657 + 92
59664 + 92
59671 + 92
59676 + 92
59682 + 92
59687 + 92
59693 + 92
59699 + 92
59704 + 92
59710 + 92
59716 + 92
59726 + 92
59728 # 1504
59728 - 92 71
59728 - 92 64
59728 - 92 57
59728 - 92 52
59728 - 92 46
59728 - 92 41
59728 - 92 35
59728 - 92 29
59728 - 92 24
59728 - 92 18
59728 - 92 12
59728 - 92 2
59731 # 1504
59735 # 1504
59737 + 92
59738 # 1504
59738 - 92 1
59738 # 1504
59739 # 1504
59741 # 1504
59751 # 1504
59751 # 1504
59751 # 1504
59751 # 1504
59751 # 1504
59751 # 1504
59755 # 1504
59755 + 92
59759 # 1504
59759 - 92 4
59761 # 1504
59762 # 1504
59765 # 1504
59767 # 1504
59770 + 92
59776 + 92
59777 # 1504
59777 - 92 7
59777 - 92 1
59778 # 1504
59778 # 1504
59779 # 1504
59783 # 1504
59786 + 92
59793 # 1504
59793 - 92 7
59798 + 92
59800 # 1504
59800 - 92 2
59802 # 1504
59803 # 1504
59803 # 1504
59807 # 1504
59815 + 92
59820 # 1504
59820 - 92 5
59820 # 1504
59820 # 1504
59820 + 92
59826 + 92
59828 # 1504
59828 - 92 8
59828 - 92 2
59828 # 1504
59828 # 1504
59831 # 1504
59834 # 1504
59837 # 1504
59839 # 1504
59843 # 1504
59845 # 1504
59846 + 92
59847 # 1504
59847 - 92 1
59850 # 1504
59853 # 1504
59857 # 1504
59859 # 1504
59859 + 92
59864 # 1504
59864 - 92 5
59869 # 1504
59871 # 1504
59875 # 1504
59875 + 92
59879 # 1504
59879 - 92 4
59882 # 1504
59887 # 1504
59889 + 92
59890 # 1504
59890 - 92 1
59893 # 1504
59896 # 1504
59899 # 1504
59899 + 92
59903 # 1504
59903 - 92 4
59906 # 1504
59908 # 1504
59910 + 92
59911 # 1504
59911 - 92 1
59916 # 1504
59919 # 1504
59922 + 92
59925 # 1504
59925 - 92 3
59928 # 1504
59930 # 1504
59933 + 92
59935 # 1504
59935 - 92 2
59937 # 1504
59943 # 1504
59944 + 92
59946 # 1504
59946 - 92 2
59950 # 1504
59954 + 92
59955 # 1504
59955 - 92 1
59958 # 1504
59962 # 1504
59966 # 1504
59966 + 92
59969 # 1504
59969 - 92 3
59975 # 1504
59978 # 1504
59980 # 1504
59982 + 92
59993 # 1504
59993 - 92 11
59995 # 1504
59997 # 1504
59997 + 92
60002 # 1504
60002 - 92 5
60003 # 1504
60006 # 1504
60007 # 1504
60011 + 92
60013 # 1504
60013 - 92 2
60016 # 1504
60021 + 92
60023 # 1504
60023 - 92 2
60027 # 1504
60031 # 1504
60031 + 92
60035 # 1504
60035 - 92 4
60038 # 1504
60039 + 92
60044 # 1504
60044 - 92 5
60045 + 92
60048 # 1504
60048 - 92 3
60053 # 1504
60057 # 1504
60059 + 92
60060 + 92
60063 + 92
60064 # 1504
60064 - 92 5
60064 - 92 4
60064 - 92 1
60067 # 1504
60069 + 92
60070 # 1504
60070 - 92 1
60073 # 1504
60075 + 92
60076 # 1504
60076 - 92 1
60080 # 1504
60083 # 1504
60084 + 92
60085 # 1504
60085 - 92 1
60088 # 1504
60092 + 92
60095 # 1504
60095 - 92 3
60098 # 1504
60099 + 92
60107 + 92
60111 # 1504
60111 - 92 12
60111 - 92 4
60115 + 92
60123 + 92
60124 # 1504
60124 - 92 9
60124 - 92 1
60124 # 1504
60125 # 1504
60127 # 1504
60132 + 92
60136 + 92
60140 + 92
60143 # 1504
60143 - 92 11
60143 - 92 7
60143 - 92 3
60144 # 1504
60144 # 1504
60144 # 1504
60147 # 1504
60147 + 92
60149 # 1504
60149 - 92 2
60153 # 1504
60155 # 1504
60158 # 1504
60161 # 1504
60161 + 92
60163 + 92
60167 # 1504
60167 - 92 6
60167 - 92 4
60170 # 1504
60170 + 92
60176 # 1504
60176 - 92 6
60177 # 1504
60178 + 92
60182 # 1504
60182 - 92 4
60182 + 92
60187 # 1504
60187 - 92 5
60189 + 92
60191 # 1504
60191 - 92 2
60195 # 1504
60195 + 92
60197 # 1504
60197 - 92 2
60200 # 1504
60202 # 1504
60203 + 92
60207 # 1504
60207 - 92 4
60210 # 1504
60210 + 92
60212 # 1504
60212 - 92 2
60216 # 1504
60218 # 1504
60226 # 1504
60226 + 92
60228 # 1504
60228 - 92 2
60233 # 1504
60234 + 92
60237 # 1504
60237 - 92 3
60241 # 1504
60244 # 1504
60247 # 1504
60249 # 1504
60253 # 1504
60255 # 1504
60256 + 92
60260 # 1504
60260 - 92 4
60261 # 1504
60265 # 1504
60268 # 1504
60271 # 1504
60272 + 92
60273 # 1504
60273 - 92 1
60276 # 1504
60278 # 1504
60283 # 1504
60285 + 92
60287 # 1504
60287 - 92 2
60291 # 1504
60292 # 1504
60297 # 1504
60300 # 1504
60312 # 1504
60312 # 1504
60312 # 1504
60316 # 1504
60330 # 1504
60332 + 92
60333 # 1504
60333 - 92 1
60336 # 1504
60339 # 1504
60343 # 1504
60347 # 1504
60349 # 1504
60353 # 1504
60378 # 1504
60378 # 1504
60378 # 1504
60378 # 1504
60378 # 1504
60382 # 1504
60385 # 1504
60388 # 1504
60392 # 1504
60394 # 1504
60398 # 1504
60402 # 1504
60405 # 1504
60407 # 1504
60410 # 1504
60413 # 1504
60417 # 1504
60420 # 1504
60422 # 1504
60426 # 1504
60428 # 1504
60431 # 1504
60434 # 1504
60437 # 1504
60439 # 1504
60444 # 1504
60446 # 1504
60449 # 1504
60451 # 1504
60459 # 1504
60463 # 1504
60465 # 1504
60468 # 1504
60470 # 1504
60474 # 1504
60477 # 1504
60478 + 92
60483 # 1504
60483 - 92 5
60486 # 1504
60489 # 1504
60495 # 1504
60495 # 1504
60499 # 1504
60501 # 1504
60503 + 92
60504 # 1504
60504 - 92 1
60513 # 1504
60513 # 1504
60515 # 1504
60518 # 1504
60519 # 1504
60519 + 92
60524 # 1504
60524 - 92 5
60526 # 1504
60529 # 1504
60529 + 92
60534 # 1504
60534 - 92 5
60537 # 1504
60537 + 92
60539 # 1504
60539 - 92 2
60544 + 92
60547 # 1504
60547 - 92 3
60548 # 1504
60550 + 92
60552 # 1504
60552 - 92 2
60554 # 1504
60558 # 1504
60559 # 1504
60561 # 1504
60563 # 1504
60563 + 92
60565 # 1504
60565 - 92 2
60567 # 1504
60572 # 1504
60572 + 92
60573 + 92
60574 # 1504
60574 - 92 2
60574 - 92 1
60576 # 1504
60578 # 1504
60580 # 1504
60581 # 1504
60585 # 1504
60586 # 1504
60588 # 1504
60596 # 1504
60596 # 1504
60597 # 1504
60599 # 1504
60603 # 1504
60610 + 92
60612 # 1504
60612 - 92 2
60614 # 1504
60617 # 1504
60619 # 1504
60621 # 1504
60624 # 1504
60627 # 1504
60632 # 1504
60633 # 1504
60633 + 92
60637 # 1504
60637 - 92 4
60641 # 1504
60644 # 1504
60646 # 1504
60648 # 1504
60659 # 1504
60659 # 1504
60659 # 1504
60659 # 1504
60661 + 92
60662 # 1504
60662 - 92 1
60663 # 1504
60665 # 1504
60667 # 1504
60671 # 1504
60672 # 1504
60676 # 1504
60678 # 1504
60687 # 1504
60687 # 1504
60687 # 1504
60687 # 1504
60689 # 1504
60691 + 92
60692 # 1504
60692 - 92 1
60696 # 1504
60699 # 1504
60702 + 92
60704 # 1504
60704 - 92 2
60707 # 1504
60709 # 1504
60711 # 1504
60712 # 1504
60715 # 1504
60717 # 1504
60719 # 1504
60721 # 1504
60724 # 1504
60726 # 1504
60728 # 1504
60733 # 1504
60733 # 1504
60735 # 1504
60738 # 1504
60740 # 1504
60742 # 1504
60747 # 1504
60754 # 1504
60754 # 1504
60756 # 1504
60764 + 92
60765 # 1504
60765 - 92 1
60766 # 1504
60768 # 1504
60771 # 1504
60773 # 1504
60775 # 1504
60777 # 1504
60778 # 1504
60786 + 92
60803 # 1504
60803 - 92 17
60803 # 1504
60806 # 1504
60811 # 1504
60811 + 92
60817 # 1504
60817 - 92 6
60819 # 1504
60822 # 1504
60826 # 1504
60828 # 1504
60834 # 1504
60836 # 1504
60838 # 1504
60839 # 1504
60841 # 1504
60843 # 1504
60843 + 92
60846 # 1504
60846 - 92 3
60848 # 1504
60853 # 1504
60855 # 1504
60857 # 1504
60862 + 92
60883 + 92
60887 # 1504
60887 - 92 25
60887 - 92 4
60891 # 1504
60891 # 1504
60892 # 1504
60892 # 1504
60892 # 1504
60892 # 1504
60896 # 1504
60908 # 1504
60913 # 1504
60914 + 92
60915 # 1504
60915 - 92 1
60916 # 1504
60919 # 1504
60921 # 1504
60923 # 1504
60926 # 1504
60928 # 1504
60930 # 1504
60932 + 92
60936 # 1504
60936 - 92 4
60936 # 1504
60938 # 1504
60940 # 1504
60942 # 1504
60944 # 1504
60945 # 1504
60947 # 1504
60948 + 92
60949 # 1504
60949 - 92 1
60951 # 1504
60954 # 1504
60965 # 1504
60976 # 1504
60983 # 1504
60984 # 1504
60986 # 1504
60988 # 1504
60991 # 1504
60993 # 1504
60996 # 1504
60997 # 1504
60998 # 1504
61000 + 92
61002 # 1504
61002 - 92 2
61004 # 1504
61006 # 1504
61009 # 1504
61011 # 1504
61013 # 1504
61015 # 1504
61017 # 1504
61018 # 1504
61020 # 1504
61021 # 1504
61022 # 1504
61025 # 1504
61026 # 1504
61027 # 1504
61030 # 1504
61032 # 1504
61034 # 1504
61037 # 1504
61040 # 1504
61041 # 1504
61043 # 1504
61045 # 1504
61046 # 1504
61048 # 1504
61049 # 1504
61052 # 1504
61055 # 1504
61058 # 1504
61059 # 1504
61061 # 1504
61063 # 1504
61064 + 92
61065 # 1504
61065 - 92 1
61067 # 1504
61069 # 1504
61071 # 1504
61074 # 1504
61074 + 92
61075 # 1504
61075 - 92 1
61077 # 1504
61078 # 1504
61082 # 1504
61084 # 1504
61084 + 92
61086 # 1504
61086 - 92 2
61088 # 1504
61091 # 1504
61092 + 92
61093 # 1504
61093 - 92 1
61095 # 1504
61098 # 1504
61099 + 92
61100 # 1504
61100 - 92 1
61102 # 1504
61104 # 1504
61107 # 1504
61108 + 92
61109 # 1504
61109 - 92 1
61113 # 1504
61114 # 1504
61116 # 1504
61117 + 92
61118 # 1504
61118 - 92 1
61123 # 1504
61123 + 92
61125 # 1504
61125 - 92 2
61127 # 1504
61129 # 1504
61131 # 1504
61131 + 92
61133 # 1504
61133 - 92 2
61135 # 1504
61137 # 1504
61137 + 92
61138 # 1504
61138 - 92 1
61141 # 1504
61145 # 1504
61145 + 92
61147 # 1504
61147 - 92 2
61148 # 1504
61150 # 1504
61150 + 92
61152 # 1504
61152 - 92 2
61155 # 1504
61156 # 1504
61157 # 1504
61162 + 92
61162 + 92
61163 # 1504
61163 - 92 1
61163 - 92 1
61163 # 1504
61165 # 1504
61169 + 92
61176 # 1504
61176 - 92 7
61176 # 1504
61176 # 1504
61176 # 1504
61176 # 1504
61179 # 1504
61181 # 1504
61182 # 1504
61182 + 92
61184 # 1504
61184 - 92 2
61185 + 92
61188 # 1504
61188 - 92 3
61190 # 1504
61192 # 1504
61194 + 92
61195 # 1504
61195 - 92 1
61197 # 1504
61200 # 1504
61202 # 1504
61202 + 92
61205 # 1504
61205 - 92 3
61207 # 1504
61208 # 1504
61209 + 92
61210 # 1504
61210 - 92 1
61212 # 1504
61214 # 1504
61215 + 92
61217 # 1504
61217 - 92 2
61219 # 1504
61220 + 92
61226 # 1504
61226 - 92 6
61228 # 1504
61229 # 1504
61229 + 92
61232 # 1504
61232 - 92 3
61233 # 1504
61235 + 92
61237 # 1504
61237 - 92 2
61237 # 1504
61239 # 1504
61239 + 92
61240 # 1504
61240 - 92 1
61243 # 1504
61244 # 1504
61245 # 1504
61245 + 92
61248 # 1504
61248 - 92 3
61249 + 92
61252 # 1504
61252 - 92 3
61253 # 1504
61256 # 1504
61256 + 92
61257 # 1504
61257 - 92 1
61259 + 92
61261 # 1504
61261 - 92 2
61263 + 92
61266 # 1504
61266 - 92 3
61269 + 92
61270 # 1504
61270 - 92 1
61270 # 1504
61273 + 92
61275 # 1504
61275 - 92 2
61277 # 1504
61279 # 1504
61280 # 1504
61282 + 92
61282 + 92
61284 # 1504
61284 - 92 2
61284 - 92 2
61284 + 92
61286 # 1504
61286 - 92 2
61288 + 92
61297 # 1504
61297 - 92 9
61297 # 1504
61297 # 1504
61301 + 92
61301 + 92
61301 + 92
61301 + 92
61305 + 92
61307 # 1504
61307 - 92 6
61307 - 92 6
61307 - 92 6
61307 - 92 6
61307 - 92 2
61307 # 1504
61307 # 1504
61307 # 1504
61307 # 1504
61308 + 92
61310 # 1504
61310 - 92 2
61311 # 1504
61312 # 1504
61313 # 1504
61316 # 1504
61316 # 1504
61316 + 92
61316 + 92
61317 # 1504
61317 - 92 1
61317 - 92 1
61318 # 1504
61318 + 92
61319 + 92
61321 + 92
61322 # 1504
61322 - 92 4
61322 - 92 3
61322 - 92 1
61324 # 1504
61324 # 1504
61325 # 1504
61325 + 92
61327 # 1504
61327 - 92 2
61327 + 92
61329 # 1504
61329 - 92 2
61330 + 92
61331 # 1504
61331 - 92 1
61332 # 1504
61333 # 1504
61333 + 92
61335 + 92
61337 + 92
61339 + 92
61344 # 1504
61344 - 92 11
61344 - 92 9
61344 - 92 7
61344 - 92 5
61344 + 92
61348 + 92
61351 # 1504
61351 - 92 7
61351 - 92 3
61351 + 92
61354 # 1504
61354 - 92 3
61354 + 92
61355 # 1504
61355 - 92 1
61356 + 92
61357 + 92
61367 # 1504
61367 - 92 11
61367 - 92 10
61367 # 1504
61368 # 1504
61368 # 1504
61368 # 1504
61368 # 1504
61368 # 1504
61368 + 92
61368 + 92
61369 # 1504
61369 - 92 1
61369 - 92 1
61370 # 1504
61372 # 1504
61374 # 1504
61375 # 1504
61377 # 1504
61377 + 92
61377 + 92
61377 + 92
61377 + 92
61378 # 1504
61378 - 92 1
61378 - 92 1
61378 - 92 1
61378 - 92 1
61381 # 1504
61381 + 92
61383 # 1504
61383 - 92 2
61384 # 1504
61384 + 92
61386 # 1504
61386 - 92 2
61388 # 1504
61388 + 92
61389 # 1504
61389 - 92 1
61390 + 92
61392 # 1504
61392 - 92 2
61393 # 1504
61393 + 92
61395 # 1504
61395 - 92 2
61396 # 1504
61396 + 92
61397 # 1504
61397 - 92 1
61397 + 92
61399 + 92
61401 # 1504
61401 - 92 4
61401 - 92 2
61402 # 1504
61403 # 1504
61405 # 1504
61406 # 1504
61407 # 1504
61410 # 1504
61410 + 92
61410 + 92
61410 + 92
61411 + 92
61413 # 1504
61413 - 92 3
61413 - 92 3
61413 - 92 3
61413 - 92 2
61413 # 1504
61414 # 1504
61416 # 1504
61417 + 92
61418 # 1504
61418 - 92 1
61418 + 92
61418 + 92
61419 + 92
61421 # 1504
61421 - 92 3
61421 - 92 3
61421 - 92 2
61422 # 1504
61432 # 1504
61432 # 1504
61432 # 1504
61432 # 1504
61432 + 92
61432 + 92
61432 + 92
61441 + 92
61442 # 1504
61442 - 92 10
61442 - 92 10
61442 - 92 10
61442 - 92 1
61442 # 1504
61442 # 1504
61442 # 1504
61442 + 92
61445 # 1504
61445 - 92 3
61446 # 1504
61447 # 1504
61448 + 92
61450 # 1504
61450 - 92 2
61451 + 92
61453 # 1504
61453 - 92 2
61453 + 92
61453 + 92
61453 + 92
61455 # 1504
61455 - 92 2
61455 - 92 2
61455 - 92 2
61456 # 1504
61459 # 1504
61461 # 1504
61462 + 92
61462 + 92
61462 + 92
61464 + 92
61467 # 1504
61467 - 92 5
61467 - 92 5
61467 - 92 5
61467 - 92 3
61468 + 92
61476 # 1504
61476 - 92 8
61478 + 92
61478 + 92
61481 # 1504
61481 - 92 3
61481 - 92 3
61482 # 1504
61483 + 92
61486 # 1504
61486 - 92 3
61488 # 1504
61488 # 1504
61488 + 92
61488 + 92
61489 + 92
61491 # 1504
61491 - 92 3
61491 - 92 3
61491 - 92 2
61491 # 1504
61491 + 92
61494 + 92
61503 + 92
61503 + 92
61504 # 1504
61504 - 92 13
61504 - 92 10
61504 - 92 1
61504 - 92 1
61504 # 1504
61505 + 92
61507 + 92
61507 + 92
61511 + 92
61518 + 92
61523 + 92
61524 + 92
61524 + 92
61524 + 92
61525 + 92
61535 + 92
61535 + 92
61535 + 92
61535 + 92
61537 + 92
61538 + 92
61540 + 92
61542 + 92
61551 + 92
61551 + 92
61553 + 92
61556 + 92
61556 + 92
61556 + 92
61561 + 92
61562 + 92
61564 + 92
61564 + 92
61569 # 1504
61569 - 92 64
61569 - 92 62
61569 - 92 62
61569 - 92 58
61569 - 92 51
61569 - 92 46
61569 - 92 45
61569 - 92 45
61569 - 92 45
61569 - 92 44
61569 - 92 34
61569 - 92 34
61569 - 92 34
61569 - 92 34
61569 - 92 32
61569 - 92 31
61570 # 1504
61570 - 92 30
61570 - 92 28
61570 - 92 19
61570 - 92 19
61570 - 92 17
61570 - 92 14
61570 - 92 14
61570 - 92 14
61570 - 92 9
61570 - 92 8
61570 - 92 6
61570 - 92 6
61572 + 92
61574 + 92
61575 # 1504
61575 - 92 3
61575 - 92 1
61577 + 92
61578 + 92
61578 + 92
61589 + 92
61595 + 92
61596 + 92
61596 + 92
61603 + 92
61603 + 92
61603 + 92
61605 + 92
61607 + 92
61608 # 1504
61608 - 92 31
61608 - 92 30
61608 - 92 30
61608 - 92 19
61608 - 92 13
61608 - 92 12
61608 - 92 12
61608 - 92 5
61608 - 92 5
61608 - 92 5
61608 - 92 3
61608 - 92 1
61609 + 92
61611 # 1504
61611 - 92 2
61611 + 92
61617 # 1504
61617 - 92 6
61620 # 1504
61628 + 92
61628 + 92
61628 + 92
61628 + 92
61629 + 92
61629 + 92
61629 + 92
61633 # 1504
61633 - 92 5
61633 - 92 5
61633 - 92 5
61633 - 92 5
61633 - 92 4
61633 - 92 4
61633 - 92 4
61633 + 92
61636 # 1504
61636 - 92 3
61637 # 1504
61637 # 1504
61638 # 1504
61639 # 1504
61643 # 1504
61643 # 1504
61643 # 1504
61643 # 1504
61643 # 1504
61643 # 1504
61643 + 92
61644 # 1504
61644 - 92 1
61644 # 1504
61644 # 1504
61644 # 1504
61644 # 1504
61644 + 92
61644 + 92
61644 + 92
61644 + 92
61645 + 92
61646 + 92
61647 + 92
61650 + 92
61650 + 92
61654 + 92
61654 + 92
61656 + 92
61656 + 92
61659 + 92
61662 + 92
61664 + 92
61664 + 92
61667 + 92
61668 + 92
61670 # 1504
61670 - 92 26
61670 - 92 26
61670 - 92 26
61670 - 92 26
61670 - 92 25
61670 - 92 24
61670 - 92 23
61670 - 92 20
61670 - 92 20
61670 - 92 16
61670 - 92 16
61670 - 92 14
61670 - 92 14
61670 - 92 11
61670 - 92 8
61670 - 92 6
61670 # 1504
61670 - 92 6
61670 - 92 3
61670 - 92 2
61670 # 1504
61670 # 1504
61670 + 92
61671 # 1504
61671 - 92 1
61671 # 1504
61671 # 1504
61671 # 1504
61671 # 1504
61671 # 1504
61671 # 1504
61671 # 1504
61671 # 1504
61671 # 1504
61672 # 1504
61672 # 1504
61672 # 1504
61672 # 1504
61672 # 1504
61672 # 1504
61672 # 1504
61672 # 1504
61672 + 92
61672 + 92
61673 # 1504
61673 - 92 1
61673 - 92 1
61673 # 1504
61673 + 92
61675 # 1504
61675 - 92 2
61676 + 92
61677 + 92
61678 # 1504
61678 - 92 2
61678 - 92 1
61678 + 92
61680 # 1504
61680 - 92 2
61680 + 92
61681 # 1504
61681 - 92 1
61683 # 1504
61683 + 92
61684 + 92
61685 # 1504
61685 - 92 2
61685 - 92 1
61685 + 92
61686 # 1504
61686 - 92 1
61688 # 1504
61688 + 92
61689 + 92
61690 # 1504
61690 - 92 2
61690 - 92 1
61690 + 92
61692 # 1504
61692 - 92 2
61694 # 1504
61694 + 92
61697 # 1504
61697 - 92 3
61700 # 1504
61703 # 1504
61704 + 92
61704 + 92
61704 + 92
61704 + 92
61705 # 1504
61705 - 92 1
61705 - 92 1
61705 - 92 1
61705 - 92 1
61706 + 92
61707 + 92
61708 # 1504
61708 - 92 2
61708 - 92 1
61711 + 92
61711 + 92
61716 # 1504
61716 - 92 5
61716 - 92 5
61716 # 1504
61716 # 1504
61718 # 1504
61723 + 92
61723 + 92
61724 # 1504
61724 - 92 1
61724 - 92 1
61724 + 92
61724 + 92
61725 # 1504
61725 - 92 1
61725 - 92 1
61727 # 1504
61728 # 1504
61731 # 1504
61733 + 92
61733 + 92
61734 # 1504
61734 - 92 1
61734 - 92 1
61736 # 1504
61737 # 1504
61739 # 1504
61740 # 1504
61743 + 92
61746 + 92
61748 + 92
61748 + 92
61750 + 92
61751 # 1504
61751 - 92 8
61751 - 92 5
61751 - 92 3
61751 - 92 3
61751 - 92 1
61751 # 1504
61751 # 1504
61751 # 1504
61752 + 92
61753 # 1504
61753 - 92 1
61755 # 1504
61756 # 1504
61758 # 1504
61760 # 1504
61761 # 1504
61762 # 1504
61764 + 92
61764 + 92
61764 + 92
61764 + 92
61771 # 1504
61771 - 92 7
61771 - 92 7
61771 - 92 7
61771 - 92 7
61771 # 1504
61773 + 92
61773 + 92
61773 + 92
61775 + 92
61776 # 1504
61776 - 92 3
61776 - 92 3
61776 - 92 3
61776 - 92 1
61776 # 1504
61776 # 1504
61777 # 1504
61778 # 1504
61779 + 92
61779 + 92
61780 # 1504
61780 - 92 1
61780 - 92 1
61781 # 1504
61783 # 1504
61786 # 1504
61787 # 1504
61789 # 1504
61789 + 92
61789 + 92
61789 + 92
61791 # 1504
61791 - 92 2
61791 - 92 2
61791 - 92 2
61791 + 92
61793 # 1504
61793 - 92 2
61793 + 92
61796 + 92
61797 + 92
61801 + 92
61802 + 92
61806 + 92
61808 + 92
61811 + 92
61812 # 1504
61812 - 92 19
61812 - 92 16
61812 - 92 15
61812 - 92 11
61812 - 92 10
61812 - 92 6
61812 - 92 4
61812 - 92 1
61812 # 1504
61816 + 92
61816 + 92
61819 + 92
61824 + 92
61832 + 92
61832 + 92
61832 + 92
61836 + 92
61836 + 92
61840 + 92
61841 + 92
61843 + 92
61845 + 92
61847 + 92
61851 + 92
61852 + 92
61854 + 92
61859 + 92
61863 + 92
61865 + 92
61871 + 92
61874 # 1504
61874 - 92 58
61874 - 92 58
61874 - 92 55
61874 - 92 50
61874 - 92 42
61874 - 92 42
61874 - 92 42
61874 - 92 38
61874 - 92 38
61874 - 92 34
61874 - 92 33
61874 - 92 31
61874 - 92 29
61874 - 92 27
61874 - 92 23
61874 - 92 22
61874 + 92
61876 # 1504
61876 - 92 22
61876 - 92 17
61876 - 92 13
61876 - 92 11
61876 - 92 5
61876 - 92 2
61876 + 92
61879 # 1504
61879 - 92 3
61879 # 1504
61879 # 1504
61879 # 1504
61879 # 1504
61879 + 92
61882 + 92
61887 + 92
61889 + 92
61894 + 92
61896 + 92
61900 + 92
61901 + 92
61904 + 92
61909 + 92
61912 + 92
61918 + 92
61918 + 92
61919 # 1504
61919 - 92 40
61919 - 92 37
61919 - 92 32
61919 - 92 30
61919 - 92 25
61919 - 92 23
61919 - 92 19
61919 - 92 18
61919 - 92 15
61919 - 92 10
61919 - 92 7
61919 - 92 1
61919 - 92 1
61921 # 1504
61923 + 92
61926 # 1504
61926 - 92 3
61926 + 92
61927 # 1504
61927 - 92 1
61927 # 1504
61927 # 1504
61927 # 1504
61927 # 1504
61927 # 1504
61927 # 1504
61927 # 1504
61928 # 1504
61928 # 1504
61928 # 1504
61928 # 1504
61928 # 1504
61928 # 1504
61928 # 1504
61928 # 1504
61928 # 1504
61928 # 1504
61928 # 1504
61928 + 92
61929 # 1504
61929 - 92 1
61929 # 1504
61929 # 1504
61929 # 1504
61929 # 1504
61929 # 1504
61929 # 1504
61929 # 1504
61929 # 1504
61929 # 1504
61930 # 1504
61930 # 1504
61933 + 92
61935 + 92
61939 + 92
61943 + 92
61943 + 92
61947 + 92
61950 + 92
61953 + 92
61955 + 92
61957 + 92
61961 + 92
61962 + 92
61965 + 92
61969 + 92
61974 # 1504
61974 - 92 41
61974 - 92 39
61974 - 92 35
61974 - 92 31
61974 - 92 31
61974 - 92 27
61974 - 92 24
61974 - 92 21
61974 - 92 19
61974 - 92 17
61974 - 92 13
61974 - 92 12
61974 - 92 9
61974 - 92 5
61974 # 1504
61974 # 1504
61975 # 1504
61975 # 1504
61975 # 1504
61975 # 1504
61976 # 1504
61976 # 1504
61976 # 1504
61976 # 1504
61976 # 1504
61976 # 1504
61976 # 1504
61976 # 1504
61976 # 1504
61976 # 1504
61977 # 1504
61977 # 1504
61977 # 1504
61977 # 1504
61977 # 1504
61977 # 1504
61977 # 1504
61977 # 1504
61977 # 1504
61978 # 1504
61978 # 1504
61978 # 1504
61978 # 1504
61978 # 1504
61978 # 1504
61978 # 1504
61978 # 1504
61979 # 1504
61981 # 1504
61983 # 1504
61984 + 92
61985 # 1504
61985 - 92 1
61986 # 1504
61988 + 92
61988 + 92
61988 + 92
61989 # 1504
61989 - 92 1
61989 - 92 1
61989 - 92 1
61990 # 1504
61991 # 1504
61991 + 92
61993 # 1504
61993 - 92 2
61994 + 92
61997 # 1504
61997 - 92 3
61997 # 1504
61997 + 92
61999 # 1504
61999 - 92 2
62000 # 1504
62002 # 1504
62002 + 92
62004 # 1504
62004 - 92 2
62004 + 92
62006 # 1504
62006 - 92 2
62007 + 92
62008 # 1504
62008 - 92 1
62011 # 1504
62011 + 92
62015 # 1504
62015 - 92 4
62018 # 1504
62020 + 92
62021 # 1504
62021 - 92 1
62021 + 92
62023 # 1504
62023 - 92 2
62024 # 1504
62027 # 1504
62028 + 92
62029 # 1504
62029 - 92 1
62029 + 92
62031 # 1504
62031 - 92 2
62031 + 92
62031 + 92
62034 + 92
62035 # 1504
62035 - 92 4
62035 - 92 4
62035 - 92 1
62036 + 92
62037 # 1504
62037 - 92 1
62038 # 1504
62040 # 1504
62040 + 92
62042 # 1504
62042 - 92 2
62043 + 92
62044 # 1504
62044 - 92 1
62045 + 92
62047 # 1504
62047 - 92 2
62049 # 1504
62049 + 92
62051 + 92
62052 # 1504
62052 - 92 3
62052 - 92 1
62053 # 1504
62054 + 92
62055 # 1504
62055 - 92 1
62057 # 1504
62058 + 92
62059 # 1504
62059 - 92 1
62060 + 92
62061 # 1504
62061 - 92 1
62063 # 1504
62063 + 92
62064 # 1504
62064 - 92 1
62066 # 1504
62067 + 92
62068 # 1504
62068 - 92 1
62070 # 1504
62071 # 1504
62071 + 92
62074 # 1504
62074 - 92 3
62074 + 92
62075 # 1504
62075 - 92 1
62076 + 92
62077 # 1504
62077 - 92 1
62078 # 1504
62079 + 92
62080 # 1504
62080 - 92 1
62083 # 1504
62083 + 92
62085 # 1504
62085 - 92 2
62085 + 92
62086 # 1504
62086 - 92 1
62088 # 1504
62089 + 92
62091 # 1504
62091 - 92 2
62092 + 92
62093 # 1504
62093 - 92 1
62103 + 92
62103 + 92
62103 + 92
62104 + 92
62108 # 1504
62108 - 92 5
62108 - 92 5
62108 - 92 5
62108 - 92 4
62108 # 1504
62108 # 1504
62108 # 1504
62108 # 1504
62108 # 1504
62108 + 92
62113 + 92
62114 + 92
62120 + 92
62120 + 92
62124 + 92
62126 # 1504
62126 - 92 18
62126 - 92 13
62126 - 92 12
62126 - 92 6
62126 - 92 6
62126 - 92 2
62126 # 1504
62126 # 1504
62126 # 1504
62126 # 1504
62126 # 1504
62126 # 1504
62127 # 1504
62127 # 1504
62127 # 1504
62127 # 1504
62128 # 1504
62128 # 1504
62129 # 1504
62132 # 1504
62132 + 92
62132 + 92
62134 # 1504
62134 - 92 2
62134 - 92 2
62134 + 92
62137 + 92
62138 # 1504
62138 - 92 4
62138 - 92 1
62138 # 1504
62140 # 1504
62140 + 92
62142 # 1504
62142 - 92 2
62143 + 92
62146 + 92
62149 + 92
62152 # 1504
62152 - 92 9
62152 - 92 6
62152 - 92 3
62152 # 1504
62152 # 1504
62153 + 92
62157 # 1504
62157 - 92 4
62157 # 1504
62157 # 1504
62157 # 1504
62158 + 92
62160 # 1504
62160 - 92 2
62161 # 1504
62161 + 92
62163 # 1504
62163 - 92 2
62164 # 1504
62164 + 92
62165 # 1504
62165 - 92 1
62166 # 1504
62168 # 1504
62169 # 1504
62169 + 92
62170 # 1504
62170 - 92 1
62171 # 1504
62172 + 92
62173 # 1504
62173 - 92 1
62174 # 1504
62174 + 92
62178 + 92
62180 + 92
62182 + 92
62185 + 92
62186 # 1504
62186 - 92 12
62186 - 92 8
62186 - 92 6
62186 - 92 4
62186 - 92 1
62186 + 92
62189 + 92
62193 + 92
62195 + 92
62196 # 1504
62196 - 92 10
62196 - 92 7
62196 - 92 3
62196 - 92 1
62196 # 1504
62196 # 1504
62198 + 92
62198 + 92
62201 + 92
62205 + 92
62206 + 92
62209 + 92
62211 # 1504
62211 - 92 13
62211 - 92 13
62211 - 92 10
62211 - 92 6
62211 - 92 5
62211 - 92 2
62211 # 1504
62211 + 92
62212 # 1504
62212 - 92 1
62215 # 1504
62217 # 1504
62220 # 1504
62220 + 92
62220 + 92
62220 + 92
62220 + 92
62223 + 92
62225 # 1504
62225 - 92 5
62225 - 92 5
62225 - 92 5
62225 - 92 5
62225 - 92 2
62228 # 1504
62231 # 1504
62233 # 1504
62235 # 1504
62235 + 92
62239 # 1504
62239 - 92 4
62240 + 92
62241 # 1504
62241 - 92 1
62243 # 1504
62245 # 1504
62246 + 92
62247 # 1504
62247 - 92 1
62248 + 92
62249 # 1504
62249 - 92 1
62251 # 1504
62253 # 1504
62255 # 1504
62257 # 1504
62259 + 92
62260 # 1504
62260 - 92 1
62260 + 92
62260 + 92
62265 # 1504
62265 - 92 5
62265 - 92 5
62265 + 92
62266 # 1504
62266 - 92 1
62267 + 92
62268 # 1504
62268 - 92 1
62270 # 1504
62272 + 92
62273 # 1504
62273 - 92 1
62274 # 1504
62276 # 1504
62278 + 92
62280 + 92
62283 # 1504
62283 - 92 5
62283 - 92 3
62283 + 92
62287 # 1504
62287 - 92 4
62287 + 92
62291 # 1504
62291 - 92 4
62291 + 92
62292 # 1504
62292 - 92 1
62294 # 1504
62295 + 92
62297 + 92
62302 + 92
62305 + 92
62307 + 92
62312 + 92
62316 + 92
62320 + 92
62323 + 92
62325 + 92
62328 + 92
62330 + 92
62333 + 92
62336 + 92
62340 + 92
62342 + 92
62345 + 92
62349 + 92
62352 + 92
62355 + 92
62357 + 92
62362 + 92
62365 + 92
62368 + 92
62370 + 92
62373 + 92
62376 + 92
62381 # 1504
62381 - 92 86
62381 - 92 84
62381 - 92 79
62381 - 92 76
62381 - 92 74
62381 - 92 69
62381 - 92 65
62381 - 92 61
62381 - 92 58
62381 - 92 56
62381 - 92 53
62381 - 92 51
62381 - 92 48
62381 - 92 45
62381 - 92 41
62381 - 92 39
62381 # 1504
62381 - 92 36
62381 - 92 32
62381 - 92 29
62381 - 92 26
62381 - 92 24
62381 - 92 19
62381 - 92 16
62381 - 92 13
62381 - 92 11
62381 - 92 8
62381 - 92 5
62381 + 92
62382 # 1504
62382 - 92 1
62383 + 92
62386 # 1504
62386 - 92 3
62386 # 1504
62386 + 92
62389 + 92
62393 + 92
62398 + 92
62398 + 92
62406 # 1504
62406 - 92 20
62406 - 92 17
62406 - 92 13
62406 - 92 8
62406 - 92 8
62406 # 1504
62406 # 1504
62408 # 1504
62409 + 92
62409 + 92
62409 + 92
62411 # 1504
62411 - 92 2
62411 - 92 2
62411 - 92 2
62411 # 1504
62412 # 1504
62412 + 92
62414 # 1504
62414 - 92 2
62416 + 92
62419 # 1504
62419 - 92 3
62419 # 1504
62419 # 1504
62424 + 92
62427 # 1504
62427 - 92 3
62428 + 92
62429 # 1504
62429 - 92 1
62431 + 92
62431 + 92
62432 # 1504
62432 - 92 1
62432 - 92 1
62432 + 92
62434 + 92
62435 # 1504
62435 - 92 3
62435 - 92 1
62438 # 1504
62439 + 92
62440 # 1504
62440 - 92 1
62441 # 1504
62442 + 92
62445 # 1504
62445 - 92 3
62446 + 92
62449 # 1504
62449 - 92 3
62449 + 92
62451 # 1504
62451 - 92 2
62452 + 92
62453 # 1504
62453 - 92 1
62457 # 1504
62457 + 92
62460 # 1504
62460 - 92 3
62460 + 92
62461 # 1504
62461 - 92 1
62462 # 1504
62463 + 92
62464 # 1504
62464 - 92 1
62466 + 92
62468 # 1504
62468 - 92 2
62470 # 1504
62471 + 92
62472 # 1504
62472 - 92 1
62473 # 1504
62482 + 92
62486 # 1504
62486 - 92 4
62486 # 1504
62486 # 1504
62486 # 1504
62487 + 92
62488 # 1504
62488 - 92 1
62489 # 1504
62490 + 92
62493 # 1504
62493 - 92 3
62495 + 92
62496 # 1504
62496 - 92 1
62498 # 1504
62498 + 92
62503 + 92
62505 # 1504
62505 - 92 7
62505 - 92 2
62505 + 92
62509 + 92
62510 # 1504
62510 - 92 5
62510 - 92 1
62512 + 92
62514 # 1504
62514 - 92 2
62514 # 1504
62516 + 92
62523 # 1504
62523 - 92 7
62524 + 92
62524 + 92
62526 + 92
62527 # 1504
62527 - 92 3
62527 - 92 3
62527 - 92 1
62529 + 92
62531 # 1504
62531 - 92 2
62533 # 1504
62535 + 92
62535 + 92
62537 # 1504
62537 - 92 2
62537 - 92 2
62538 # 1504
62538 + 92
62540 # 1504
62540 - 92 2
62541 # 1504
62543 + 92
62544 # 1504
62544 - 92 1
62547 + 92
62548 # 1504
62548 - 92 1
62548 + 92
62551 # 1504
62551 - 92 3
62551 + 92
62553 # 1504
62553 - 92 2
62555 + 92
62556 # 1504
62556 - 92 1
62557 # 1504
62558 + 92
62559 # 1504
62559 - 92 1
62560 + 92
62560 + 92
62561 # 1504
62561 - 92 1
62561 - 92 1
62564 + 92
62566 + 92
62569 # 1504
62569 - 92 5
62569 - 92 3
62569 + 92
62571 # 1504
62571 - 92 2
62572 + 92
62574 # 1504
62574 - 92 2
62575 + 92
62576 # 1504
62576 - 92 1
62578 # 1504
62580 # 1504
62580 + 92
62582 # 1504
62582 - 92 2
62584 # 1504
62587 # 1504
62590 # 1504
62592 # 1504
62593 # 1504
62593 + 92
62593 + 92
62596 + 92
62598 # 1504
62598 - 92 5
62598 - 92 5
62598 - 92 2
62599 + 92
62600 # 1504
62600 - 92 1
62602 # 1504
62606 # 1504
62608 # 1504
62609 # 1504
62610 + 92
62610 + 92
62611 # 1504
62611 - 92 1
62611 - 92 1
62611 + 92
62613 # 1504
62613 - 92 2
62617 # 1504
62618 # 1504
62623 + 92
62628 # 1504
62628 - 92 5
62628 + 92
62630 + 92
62633 # 1504
62633 - 92 5
62633 - 92 3
62633 + 92
62635 + 92
62638 + 92
62639 # 1504
62639 - 92 6
62639 - 92 4
62639 - 92 1
62641 # 1504
62645 # 1504
62647 # 1504
62649 # 1504
62650 # 1504
62651 + 92
62651 + 92
62651 + 92
62651 + 92
62653 # 1504
62653 - 92 2
62653 - 92 2
62653 - 92 2
62653 - 92 2
62654 + 92
62655 # 1504
62655 - 92 1
62657 # 1504
62657 + 92
62660 + 92
62661 # 1504
62661 - 92 4
62661 - 92 1
62662 # 1504
62662 + 92
62664 # 1504
62664 - 92 2
62664 + 92
62666 # 1504
62666 - 92 2
62667 + 92
62668 # 1504
62668 - 92 1
62671 + 92
62673 # 1504
62673 - 92 2
62673 + 92
62676 + 92
62678 # 1504
62678 - 92 5
62678 - 92 2
62679 + 92
62680 # 1504
62680 - 92 1
62683 # 1504
62685 # 1504
62688 # 1504
62689 # 1504
62689 + 92
62689 + 92
62689 + 92
62689 + 92
62691 # 1504
62691 - 92 2
62691 - 92 2
62691 - 92 2
62691 - 92 2
62692 # 1504
62692 + 92
62694 # 1504
62694 - 92 2
62694 + 92
62697 # 1504
62697 - 92 3
62698 # 1504
62701 # 1504
62702 # 1504
62704 # 1504
62705 # 1504
62705 + 92
62705 + 92
62705 + 92
62705 + 92
62707 # 1504
62707 - 92 2
62707 - 92 2
62707 - 92 2
62707 - 92 2
62708 # 1504
62708 + 92
62710 # 1504
62710 - 92 2
62710 + 92
62711 + 92
62712 # 1504
62712 - 92 2
62712 - 92 1
62713 # 1504
62714 + 92
62715 # 1504
62715 - 92 1
62716 # 1504
62717 + 92
62719 # 1504
62719 - 92 2
62721 # 1504
62723 # 1504
62724 # 1504
62727 # 1504
62729 # 1504
62735 # 1504
62742 # 1504
62754 + 92
62756 + 92
62760 + 92
62763 # 1504
62763 - 92 9
62763 - 92 7
62763 - 92 3
62763 + 92
62765 # 1504
62765 - 92 2
62766 + 92
62771 + 92
62774 + 92
62776 # 1504
62776 - 92 10
62776 - 92 5
62776 - 92 2
62779 + 92
62779 + 92
62780 # 1504
62780 - 92 1
62780 - 92 1
62780 # 1504
62780 # 1504
62781 # 1504
62781 # 1504
62782 + 92
62783 # 1504
62783 - 92 1
62785 # 1504
62785 + 92
62787 # 1504
62787 - 92 2
62787 + 92
62789 # 1504
62789 - 92 2
62791 # 1504
62794 + 92
62794 + 92
62795 # 1504
62795 - 92 1
62795 - 92 1
62797 # 1504
62798 # 1504
62799 + 92
62799 + 92
62803 + 92
62804 # 1504
62804 - 92 5
62804 - 92 5
62804 - 92 1
62806 # 1504
62807 # 1504
62807 + 92
62809 + 92
62810 # 1504
62810 - 92 3
62810 - 92 1
62811 + 92
62813 # 1504
62813 - 92 2
62814 + 92
62815 # 1504
62815 - 92 1
62816 + 92
62820 # 1504
62820 - 92 4
62820 # 1504
62826 + 92
62826 + 92
62831 # 1504
62831 - 92 5
62831 - 92 5
62831 # 1504
62831 # 1504
62833 # 1504
62847 # 1504
62847 # 1504
62847 # 1504
62847 # 1504
62849 # 1504
62852 # 1504
62854 + 92
62855 # 1504
62855 - 92 1
62858 # 1504
62858 + 92
62860 # 1504
62860 - 92 2
62861 # 1504
62863 # 1504
62863 + 92
62867 # 1504
62867 - 92 4
62868 + 92
62869 # 1504
62869 - 92 1
62870 + 92
62873 # 1504
62873 - 92 3
62873 # 1504
62876 + 92
62880 + 92
62883 # 1504
62883 - 92 7
62883 - 92 3
62883 # 1504
62883 # 1504
62883 # 1504
62884 # 1504
62886 # 1504
62886 + 92
62886 + 92
62889 + 92
62894 + 92
62896 + 92
62899 + 92
62901 + 92
62903 + 92
62906 + 92
62907 # 1504
62907 - 92 21
62907 - 92 21
62907 - 92 18
62907 - 92 13
62907 - 92 11
62907 - 92 8
62907 - 92 6
62907 - 92 4
62907 - 92 1
62907 # 1504
62908 + 92
62925 # 1504
62925 - 92 17
62926 # 1504
62931 # 1504
62931 # 1504
62931 # 1504
62931 # 1504
62931 # 1504
62932 + 92
62940 # 1504
62940 - 92 8
62942 # 1504
62942 # 1504
62942 # 1504
62942 # 1504
62942 + 92
62943 # 1504
62943 - 92 1
62951 + 92
62953 # 1504
62953 - 92 2
62953 # 1504
62953 # 1504
62953 # 1504
62956 + 92
62962 + 92
62965 # 1504
62965 - 92 9
62965 - 92 3
62965 + 92
62966 # 1504
62966 - 92 1
62966 # 1504
62966 # 1504
62966 # 1504
62966 # 1504
62968 # 1504
62968 + 92
62970 # 1504
62970 - 92 2
62988 # 1504
62989 # 1504
62996 + 92
63000 # 1504
63000 - 92 4
63000 # 1504
63000 # 1504
63003 # 1504
63006 + 92
63006 + 92
63007 # 1504
63007 - 92 1
63007 - 92 1
63009 # 1504
63010 + 92
63011 # 1504
63011 - 92 1
63011 + 92
63013 # 1504
63013 - 92 2
63015 # 1504
63020 + 92
63020 + 92
63020 + 92
63021 # 1504
63021 - 92 1
63021 - 92 1
63021 - 92 1
63028 # 1504
63029 + 92
63029 + 92
63029 + 92
63029 + 92
63031 # 1504
63031 - 92 2
63031 - 92 2
63031 - 92 2
63031 - 92 2
63032 + 92
63035 # 1504
63035 - 92 3
63035 + 92
63036 # 1504
63036 - 92 1
63038 # 1504
63038 + 92
63044 # 1504
63044 - 92 6
63045 + 92
63047 # 1504
63047 - 92 2
63055 # 1504
63057 # 1504
63059 # 1504
63061 # 1504
63069 # 1504
63070 # 1504
63072 # 1504
63075 # 1504
63080 + 92
63083 + 92
63087 # 1504
63087 - 92 7
63087 - 92 4
63087 # 1504
63087 # 1504
63087 # 1504
63087 + 92
63089 + 92
63090 # 1504
63090 - 92 3
63090 - 92 1
63090 + 92
63091 + 92
63092 # 1504
63092 - 92 2
63092 - 92 1
63096 + 92
63098 # 1504
63098 - 92 2
63098 + 92
63100 + 92
63101 # 1504
63101 - 92 3
63101 - 92 1
63105 + 92
63106 + 92
63107 # 1504
63107 - 92 2
63107 - 92 1
63110 # 1504
63115 # 1504
