# init timestamp: 1744936366058.000
34.000 # 1500
34.000 # 1500
35.000 # 1500
35.000 # 1500
36.000 # 1500
36.000 # 1500
37.000 # 1500
37.000 # 1500
37.000 # 1500
37.000 # 1500
39.000 # 1500
39.000 # 1500
40.000 # 1500
40.000 # 1500
40.000 # 1500
41.000 # 1500
42.000 # 1500
43.000 # 1500
43.000 # 1500
44.000 # 1500
45.000 # 1500
45.000 # 1500
46.000 # 1500
55.000 # 1500
55.000 # 1500
56.000 # 1500
56.000 # 1500
56.000 # 1500
56.000 # 1500
56.000 # 1500
57.000 # 1500
57.000 # 1500
58.000 # 1500
66.000 # 1500
67.000 # 1500
68.000 # 1500
69.000 # 1500
70.000 # 1500
71.000 # 1500
71.000 # 1500
74.000 # 1500
79.000 # 1500
79.000 # 1500
80.000 # 1500
80.000 # 1500
80.000 # 1500
80.000 # 1500
80.000 # 1500
81.000 # 1500
83.000 # 1500
84.000 # 1500
84.000 # 1500
86.000 # 1500
86.000 # 1500
87.000 # 1500
88.000 # 1500
89.000 # 1500
91.000 # 1500
91.000 # 1500
91.000 # 1500
92.000 # 1500
93.000 # 1500
94.000 # 1500
94.000 # 1500
95.000 # 1500
96.000 # 1500
97.000 # 1500
97.000 # 1500
98.000 # 1500
99.000 # 1500
100.000 # 1500
101.000 # 1500
103.000 # 1500
104.000 # 1500
106.000 # 1500
106.000 # 1500
110.000 # 1500
110.000 # 1500
110.000 # 1500
110.000 # 1500
112.000 # 1500
112.000 # 1500
112.000 # 1500
113.000 # 1500
114.000 # 1500
115.000 # 1500
115.000 # 1500
116.000 # 1500
117.000 # 1500
119.000 # 1500
121.000 # 1500
122.000 # 1500
123.000 # 1500
124.000 # 1500
125.000 # 1500
125.000 # 1500
127.000 # 1500
127.000 # 1500
128.000 # 1500
129.000 # 1500
129.000 # 1500
130.000 # 1500
133.000 # 1500
135.000 # 1500
135.000 # 1500
135.000 # 1500
136.000 # 1500
138.000 # 1500
139.000 # 1500
140.000 # 1500
141.000 # 1500
142.000 # 1500
142.000 # 1500
142.000 # 1500
143.000 # 1500
145.000 # 1500
145.000 # 1500
145.000 # 1500
147.000 # 1500
147.000 # 1500
148.000 # 1500
150.000 # 1500
150.000 # 1500
151.000 # 1500
151.000 # 1500
152.000 # 1500
154.000 # 1500
154.000 # 1500
155.000 # 1500
155.000 # 1500
156.000 # 1500
156.000 # 1500
157.000 # 1500
157.000 # 1500
159.000 # 1500
159.000 # 1500
159.000 # 1500
161.000 # 1500
161.000 # 1500
162.000 # 1500
162.000 # 1500
162.000 # 1500
165.000 # 1500
165.000 # 1500
165.000 # 1500
167.000 # 1500
167.000 # 1500
168.000 # 1500
168.000 # 1500
168.000 # 1500
170.000 # 1500
170.000 # 1500
171.000 # 1500
171.000 # 1500
172.000 # 1500
172.000 # 1500
172.000 # 1500
174.000 # 1500
174.000 # 1500
175.000 # 1500
175.000 # 1500
175.000 # 1500
176.000 # 1500
185.000 # 1500
186.000 # 1500
186.000 # 1500
186.000 # 1500
186.000 # 1500
186.000 # 1500
186.000 # 1500
186.000 # 1500
186.000 # 1500
190.000 # 1500
190.000 # 1500
190.000 # 1500
190.000 # 1500
190.000 # 1500
190.000 # 1500
190.000 # 1500
191.000 # 1500
191.000 # 1500
191.000 # 1500
191.000 # 1500
192.000 # 1500
192.000 # 1500
193.000 # 1500
193.000 # 1500
195.000 # 1500
195.000 # 1500
195.000 # 1500
196.000 # 1500
196.000 # 1500
197.000 # 1500
198.000 # 1500
202.000 # 1500
202.000 # 1500
202.000 # 1500
202.000 # 1500
202.000 # 1500
203.000 # 1500
203.000 # 1500
203.000 # 1500
205.000 # 1500
205.000 # 1500
206.000 # 1500
206.000 # 1500
207.000 # 1500
207.000 # 1500
207.000 # 1500
208.000 # 1500
208.000 # 1500
209.000 # 1500
209.000 # 1500
211.000 # 1500
211.000 # 1500
212.000 # 1500
212.000 # 1500
212.000 # 1500
214.000 # 1500
215.000 # 1500
215.000 # 1500
216.000 # 1500
216.000 # 1500
217.000 # 1500
217.000 # 1500
219.000 # 1500
219.000 # 1500
219.000 # 1500
221.000 # 1500
221.000 # 1500
223.000 # 1500
224.000 # 1500
224.000 # 1500
225.000 # 1500
225.000 # 1500
234.000 # 1500
234.000 # 1500
234.000 # 1500
234.000 # 1500
235.000 # 1500
235.000 # 1500
235.000 # 1500
235.000 # 1500
235.000 # 1500
235.000 # 1500
235.000 # 1500
236.000 # 1500
236.000 # 1500
237.000 # 1500
237.000 # 1500
238.000 # 1500
238.000 # 1500
239.000 # 1500
239.000 # 1500
249.000 # 1500
249.000 # 1500
249.000 # 1500
251.000 # 1500
251.000 # 1500
251.000 # 1500
251.000 # 1500
252.000 # 1500
252.000 # 1500
252.000 # 1500
252.000 # 1500
252.000 # 1500
252.000 # 1500
253.000 # 1500
254.000 # 1500
255.000 # 1500
256.000 # 1500
256.000 # 1500
258.000 # 1500
258.000 # 1500
258.000 # 1500
260.000 # 1500
262.000 # 1500
262.000 # 1500
262.000 # 1500
262.000 # 1500
262.000 # 1500
264.000 # 1500
264.000 # 1500
264.000 # 1500
266.000 # 1500
266.000 # 1500
266.000 # 1500
267.000 # 1500
268.000 # 1500
269.000 # 1500
269.000 # 1500
270.000 # 1500
271.000 # 1500
272.000 # 1500
274.000 # 1500
274.000 # 1500
274.000 # 1500
275.000 # 1500
275.000 # 1500
276.000 # 1500
277.000 # 1500
277.000 # 1500
278.000 # 1500
280.000 # 1500
281.000 # 1500
281.000 # 1500
282.000 # 1500
283.000 # 1500
283.000 # 1500
284.000 # 1500
286.000 # 1500
286.000 # 1500
286.000 # 1500
287.000 # 1500
299.000 # 1500
299.000 # 1500
299.000 # 1500
299.000 # 1500
300.000 # 1500
300.000 # 1500
300.000 # 1500
300.000 # 1500
300.000 # 1500
300.000 # 1500
300.000 # 1500
300.000 # 1500
300.000 # 1500
301.000 # 1500
301.000 # 1500
301.000 # 1500
302.000 # 1500
302.000 # 1500
302.000 # 1500
303.000 # 1500
305.000 # 1500
305.000 # 1500
306.000 # 1500
306.000 # 1500
306.000 # 1500
307.000 # 1500
308.000 # 1500
309.000 # 1500
309.000 # 1500
311.000 # 1500
311.000 # 1500
312.000 # 1500
312.000 # 1500
312.000 # 1500
322.000 # 1500
323.000 # 1500
323.000 # 1500
323.000 # 1500
325.000 # 1500
326.000 # 1500
326.000 # 1500
327.000 # 1500
329.000 # 1500
329.000 # 1500
329.000 # 1500
331.000 # 1500
331.000 # 1500
332.000 # 1500
333.000 # 1500
335.000 # 1500
335.000 # 1500
336.000 # 1500
336.000 # 1500
336.000 # 1500
338.000 # 1500
338.000 # 1500
339.000 # 1500
339.000 # 1500
340.000 # 1500
342.000 # 1500
344.000 # 1500
344.000 # 1500
345.000 # 1500
345.000 # 1500
346.000 # 1500
346.000 # 1500
347.000 # 1500
348.000 # 1500
350.000 # 1500
350.000 # 1500
350.000 # 1500
351.000 # 1500
351.000 # 1500
352.000 # 1500
353.000 # 1500
354.000 # 1500
354.000 # 1500
355.000 # 1500
355.000 # 1500
356.000 # 1500
356.000 # 1500
357.000 # 1500
360.000 # 1500
360.000 # 1500
360.000 # 1500
362.000 # 1500
363.000 # 1500
364.000 # 1500
364.000 # 1500
374.000 # 1500
375.000 # 1500
375.000 # 1500
375.000 # 1500
375.000 # 1500
375.000 # 1500
375.000 # 1500
375.000 # 1500
376.000 # 1500
376.000 # 1500
376.000 # 1500
376.000 # 1500
376.000 # 1500
378.000 # 1500
378.000 # 1500
378.000 # 1500
380.000 # 1500
381.000 # 1500
381.000 # 1500
382.000 # 1500
383.000 # 1500
384.000 # 1500
384.000 # 1500
385.000 # 1500
386.000 # 1500
386.000 # 1500
389.000 # 1500
389.000 # 1500
389.000 # 1500
391.000 # 1500
391.000 # 1500
392.000 # 1500
392.000 # 1500
392.000 # 1500
394.000 # 1500
394.000 # 1500
395.000 # 1500
395.000 # 1500
396.000 # 1500
397.000 # 1500
399.000 # 1500
400.000 # 1500
400.000 # 1500
401.000 # 1500
402.000 # 1500
402.000 # 1500
403.000 # 1500
404.000 # 1500
405.000 # 1500
406.000 # 1500
409.000 # 1500
409.000 # 1500
411.000 # 1500
411.000 # 1500
411.000 # 1500
412.000 # 1500
412.000 # 1500
413.000 # 1500
415.000 # 1500
415.000 # 1500
415.000 # 1500
416.000 # 1500
417.000 # 1500
419.000 # 1500
420.000 # 1500
420.000 # 1500
422.000 # 1500
422.000 # 1500
423.000 # 1500
426.000 # 1500
427.000 # 1500
427.000 # 1500
434.000 # 1500
434.000 # 1500
439.000 # 1500
439.000 # 1500
441.000 # 1500
441.000 # 1500
441.000 # 1500
441.000 # 1500
441.000 # 1500
441.000 # 1500
442.000 # 1500
452.000 # 1500
452.000 # 1500
452.000 # 1500
452.000 # 1500
453.000 # 1500
453.000 # 1500
453.000 # 1500
453.000 # 1500
453.000 # 1500
453.000 # 1500
453.000 # 1500
453.000 # 1500
454.000 # 1500
454.000 # 1500
455.000 # 1500
456.000 # 1500
456.000 # 1500
456.000 # 1500
457.000 # 1500
465.000 # 1500
465.000 # 1500
469.000 # 1500
469.000 # 1500
469.000 # 1500
470.000 # 1500
470.000 # 1500
470.000 # 1500
470.000 # 1500
470.000 # 1500
470.000 # 1500
470.000 # 1500
470.000 # 1500
470.000 # 1500
471.000 # 1500
471.000 # 1500
472.000 # 1500
473.000 # 1500
474.000 # 1500
474.000 # 1500
475.000 # 1500
477.000 # 1500
477.000 # 1500
477.000 # 1500
478.000 # 1500
479.000 # 1500
479.000 # 1500
480.000 # 1500
481.000 # 1500
481.000 # 1500
483.000 # 1500
484.000 # 1500
484.000 # 1500
484.000 # 1500
485.000 # 1500
486.000 # 1500
486.000 # 1500
488.000 # 1500
489.000 # 1500
491.000 # 1500
491.000 # 1500
493.000 # 1500
494.000 # 1500
495.000 # 1500
496.000 # 1500
500.000 # 1500
500.000 # 1500
500.000 # 1500
510.000 # 1500
511.000 # 1500
511.000 # 1500
511.000 # 1500
512.000 # 1500
513.000 # 1500
514.000 # 1500
514.000 # 1500
516.000 # 1500
516.000 # 1500
517.000 # 1500
518.000 # 1500
519.000 # 1500
519.000 # 1500
521.000 # 1500
521.000 # 1500
522.000 # 1500
523.000 # 1500
523.000 # 1500
524.000 # 1500
525.000 # 1500
527.000 # 1500
527.000 # 1500
528.000 # 1500
529.000 # 1500
531.000 # 1500
532.000 # 1500
532.000 # 1500
532.000 # 1500
533.000 # 1500
535.000 # 1500
536.000 # 1500
536.000 # 1500
536.000 # 1500
539.000 # 1500
541.000 # 1500
541.000 # 1500
542.000 # 1500
543.000 # 1500
545.000 # 1500
546.000 # 1500
546.000 # 1500
547.000 # 1500
548.000 # 1500
550.000 # 1500
551.000 # 1500
551.000 # 1500
551.000 # 1500
552.000 # 1500
553.000 # 1500
554.000 # 1500
554.000 # 1500
555.000 # 1500
556.000 # 1500
556.000 # 1500
558.000 # 1500
559.000 # 1500
561.000 # 1500
561.000 # 1500
563.000 # 1500
563.000 # 1500
564.000 # 1500
565.000 # 1500
565.000 # 1500
566.000 # 1500
567.000 # 1500
569.000 # 1500
570.000 # 1500
570.000 # 1500
571.000 # 1500
572.000 # 1500
574.000 # 1500
574.000 # 1500
574.000 # 1500
577.000 # 1500
577.000 # 1500
577.000 # 1500
578.000 # 1500
579.000 # 1500
579.000 # 1500
580.000 # 1500
581.000 # 1500
582.000 # 1500
584.000 # 1500
585.000 # 1500
586.000 # 1500
586.000 # 1500
587.000 # 1500
587.000 # 1500
587.000 # 1500
588.000 # 1500
589.000 # 1500
590.000 # 1500
590.000 # 1500
591.000 # 1500
591.000 # 1500
592.000 # 1500
592.000 # 1500
593.000 # 1500
595.000 # 1500
595.000 # 1500
595.000 # 1500
596.000 # 1500
597.000 # 1500
598.000 # 1500
599.000 # 1500
600.000 # 1500
600.000 # 1500
603.000 # 1500
604.000 # 1500
605.000 # 1500
605.000 # 1500
607.000 # 1500
607.000 # 1500
608.000 # 1500
609.000 # 1500
609.000 # 1500
609.000 # 1500
610.000 # 1500
611.000 # 1500
612.000 # 1500
612.000 # 1500
612.000 # 1500
613.000 # 1500
614.000 # 1500
614.000 # 1500
615.000 # 1500
617.000 # 1500
617.000 # 1500
617.000 # 1500
618.000 # 1500
620.000 # 1500
620.000 # 1500
629.000 # 1500
629.000 # 1500
629.000 # 1500
629.000 # 1500
630.000 # 1500
630.000 # 1500
630.000 # 1500
630.000 # 1500
630.000 # 1500
630.000 # 1500
630.000 # 1500
630.000 # 1500
630.000 # 1500
630.000 # 1500
631.000 # 1500
639.000 # 1500
639.000 # 1500
639.000 # 1500
639.000 # 1500
639.000 # 1500
640.000 # 1500
640.000 # 1500
640.000 # 1500
640.000 # 1500
640.000 # 1500
640.000 # 1500
647.000 # 1500
647.000 # 1500
647.000 # 1500
647.000 # 1500
647.000 # 1500
648.000 # 1500
648.000 # 1500
648.000 # 1500
650.000 # 1500
651.000 # 1500
651.000 # 1500
652.000 # 1500
654.000 # 1500
655.000 # 1500
664.000 # 1500
664.000 # 1500
664.000 # 1500
667.000 # 1500
668.000 # 1500
669.000 # 1500
669.000 # 1500
669.000 # 1500
669.000 # 1500
669.000 # 1500
669.000 # 1500
669.000 # 1500
669.000 # 1500
670.000 # 1500
671.000 # 1500
671.000 # 1500
673.000 # 1500
674.000 # 1500
675.000 # 1500
675.000 # 1500
676.000 # 1500
677.000 # 1500
678.000 # 1500
678.000 # 1500
680.000 # 1500
681.000 # 1500
683.000 # 1500
683.000 # 1500
684.000 # 1500
685.000 # 1500
686.000 # 1500
686.000 # 1500
688.000 # 1500
689.000 # 1500
689.000 # 1500
691.000 # 1500
692.000 # 1500
695.000 # 1500
695.000 # 1500
695.000 # 1500
696.000 # 1500
696.000 # 1500
698.000 # 1500
699.000 # 1500
700.000 # 1500
702.000 # 1500
704.000 # 1500
704.000 # 1500
704.000 # 1500
706.000 # 1500
717.000 # 1500
717.000 # 1500
718.000 # 1500
718.000 # 1500
718.000 # 1500
718.000 # 1500
718.000 # 1500
718.000 # 1500
722.000 # 1500
724.000 # 1500
724.000 # 1500
724.000 # 1500
724.000 # 1500
725.000 # 1500
725.000 # 1500
725.000 # 1500
725.000 # 1500
725.000 # 1500
725.000 # 1500
725.000 # 1500
734.000 # 1500
734.000 # 1500
734.000 # 1500
734.000 # 1500
734.000 # 1500
735.000 # 1500
735.000 # 1500
735.000 # 1500
745.000 # 1500
745.000 # 1500
745.000 # 1500
745.000 # 1500
745.000 # 1500
745.000 # 1500
745.000 # 1500
745.000 # 1500
745.000 # 1500
746.000 # 1500
746.000 # 1500
746.000 # 1500
746.000 # 1500
755.000 # 1500
755.000 # 1500
755.000 # 1500
755.000 # 1500
755.000 # 1500
755.000 # 1500
755.000 # 1500
756.000 # 1500
756.000 # 1500
756.000 # 1500
757.000 # 1500
759.000 # 1500
759.000 # 1500
759.000 # 1500
761.000 # 1500
761.000 # 1500
771.000 # 1500
771.000 # 1500
771.000 # 1500
771.000 # 1500
771.000 # 1500
774.000 # 1500
775.000 # 1500
775.000 # 1500
776.000 # 1500
778.000 # 1500
779.000 # 1500
779.000 # 1500
780.000 # 1500
780.000 # 1500
784.000 # 1500
784.000 # 1500
799.000 # 1500
799.000 # 1500
799.000 # 1500
799.000 # 1500
800.000 # 1500
800.000 # 1500
800.000 # 1500
800.000 # 1500
801.000 # 1500
801.000 # 1500
802.000 # 1500
805.000 # 1500
805.000 # 1500
806.000 # 1500
807.000 # 1500
808.000 # 1500
809.000 # 1500
811.000 # 1500
811.000 # 1500
815.000 # 1500
818.000 # 1500
819.000 # 1500
821.000 # 1500
824.000 # 1500
824.000 # 1500
825.000 # 1500
825.000 # 1500
826.000 # 1500
829.000 # 1500
829.000 # 1500
834.000 # 1500
836.000 # 1500
836.000 # 1500
838.000 # 1500
838.000 # 1500
839.000 # 1500
840.000 # 1500
841.000 # 1500
844.000 # 1500
844.000 # 1500
845.000 # 1500
846.000 # 1500
847.000 # 1500
848.000 # 1500
849.000 # 1500
851.000 # 1500
854.000 # 1500
856.000 # 1500
857.000 # 1500
858.000 # 1500
860.000 # 1500
862.000 # 1500
864.000 # 1500
866.000 # 1500
879.000 # 1500
880.000 # 1500
890.000 # 1500
900.000 # 1500
910.000 # 1500
910.000 # 1500
915.000 # 1500
918.000 # 1500
918.000 # 1500
919.000 # 1500
921.000 # 1500
921.000 # 1500
922.000 # 1500
923.000 # 1500
928.000 # 1500
928.000 # 1500
928.000 # 1500
929.000 # 1500
930.000 # 1500
932.000 # 1500
934.000 # 1500
935.000 # 1500
935.000 # 1500
937.000 # 1500
938.000 # 1500
940.000 # 1500
944.000 # 1500
944.000 # 1500
955.000 # 1500
955.000 # 1500
955.000 # 1500
956.000 # 1500
956.000 # 1500
956.000 # 1500
956.000 # 1500
956.000 # 1500
956.000 # 1500
956.000 # 1500
956.000 # 1500
957.000 # 1500
957.000 # 1500
958.000 # 1500
967.000 # 1500
967.000 # 1500
967.000 # 1500
967.000 # 1500
967.000 # 1500
967.000 # 1500
967.000 # 1500
968.000 # 1500
973.000 # 1500
975.000 # 1500
975.000 # 1500
984.000 # 1500
984.000 # 1500
984.000 # 1500
984.000 # 1500
984.000 # 1500
984.000 # 1500
984.000 # 1500
985.000 # 1500
995.000 # 1500
995.000 # 1500
995.000 # 1500
995.000 # 1500
995.000 # 1500
995.000 # 1500
995.000 # 1500
995.000 # 1500
995.000 # 1500
1001.000 # 1500
1001.000 # 1500
1002.000 # 1500
1002.000 # 1500
1002.000 # 1500
1002.000 # 1500
1002.000 # 1500
1002.000 # 1500
1002.000 # 1500
1002.000 # 1500
1002.000 # 1500
1003.000 # 1500
1005.000 # 1500
1005.000 # 1500
1005.000 # 1500
1015.000 # 1500
1015.000 # 1500
1015.000 # 1500
1015.000 # 1500
1016.000 # 1500
1016.000 # 1500
1016.000 # 1500
1016.000 # 1500
1016.000 # 1500
1016.000 # 1500
1020.000 # 1500
1020.000 # 1500
1021.000 # 1500
1021.000 # 1500
1022.000 # 1500
1024.000 # 1500
1025.000 # 1500
1025.000 # 1500
1025.000 # 1500
1029.000 # 1500
1029.000 # 1500
1029.000 # 1500
1031.000 # 1500
1032.000 # 1500
1032.000 # 1500
1032.000 # 1500
1044.000 # 1500
1044.000 # 1500
1045.000 # 1500
1045.000 # 1500
1045.000 # 1500
1046.000 # 1500
1046.000 # 1500
1046.000 # 1500
1046.000 # 1500
1047.000 # 1500
1047.000 # 1500
1047.000 # 1500
1047.000 # 1500
1047.000 # 1500
1047.000 # 1500
1047.000 # 1500
1047.000 # 1500
1047.000 # 1500
1048.000 # 1500
1048.000 # 1500
1049.000 # 1500
1049.000 # 1500
1050.000 # 1500
1050.000 # 1500
1053.000 # 1500
1053.000 # 1500
1054.000 # 1500
1054.000 # 1500
1055.000 # 1500
1056.000 # 1500
1056.000 # 1500
1066.000 # 1500
1066.000 # 1500
1066.000 # 1500
1066.000 # 1500
1066.000 # 1500
1066.000 # 1500
1066.000 # 1500
1066.000 # 1500
1066.000 # 1500
1066.000 # 1500
1067.000 # 1500
1067.000 # 1500
1069.000 # 1500
1069.000 # 1500
1070.000 # 1500
1070.000 # 1500
1071.000 # 1500
1071.000 # 1500
1072.000 # 1500
1072.000 # 1500
1073.000 # 1500
1074.000 # 1500
1075.000 # 1500
1076.000 # 1500
1076.000 # 1500
1076.000 # 1500
1077.000 # 1500
1077.000 # 1500
1078.000 # 1500
1081.000 # 1500
1081.000 # 1500
1081.000 # 1500
1082.000 # 1500
1083.000 # 1500
1083.000 # 1500
1084.000 # 1500
1084.000 # 1500
1086.000 # 1500
1087.000 # 1500
1087.000 # 1500
1090.000 # 1500
1091.000 # 1500
1091.000 # 1500
1092.000 # 1500
1094.000 # 1500
1094.000 # 1500
1094.000 # 1500
1095.000 # 1500
1096.000 # 1500
1096.000 # 1500
1097.000 # 1500
1097.000 # 1500
1098.000 # 1500
1101.000 # 1500
1101.000 # 1500
1101.000 # 1500
1102.000 # 1500
1102.000 # 1500
1102.000 # 1500
1103.000 # 1500
1104.000 # 1500
1104.000 # 1500
1105.000 # 1500
1106.000 # 1500
1106.000 # 1500
1106.000 # 1500
1107.000 # 1500
1107.000 # 1500
1109.000 # 1500
1109.000 # 1500
1110.000 # 1500
1110.000 # 1500
1111.000 # 1500
1111.000 # 1500
1112.000 # 1500
1112.000 # 1500
1113.000 # 1500
1114.000 # 1500
1115.000 # 1500
1115.000 # 1500
1116.000 # 1500
1117.000 # 1500
1117.000 # 1500
1118.000 # 1500
1118.000 # 1500
1120.000 # 1500
1120.000 # 1500
1121.000 # 1500
1122.000 # 1500
1122.000 # 1500
1122.000 # 1500
1122.000 # 1500
1123.000 # 1500
1125.000 # 1500
1125.000 # 1500
1126.000 # 1500
1126.000 # 1500
1128.000 # 1500
1130.000 # 1500
1130.000 # 1500
1131.000 # 1500
1131.000 # 1500
1133.000 # 1500
1134.000 # 1500
1134.000 # 1500
1134.000 # 1500
1134.000 # 1500
1136.000 # 1500
1137.000 # 1500
1139.000 # 1500
1139.000 # 1500
1139.000 # 1500
1139.000 # 1500
1141.000 # 1500
1141.000 # 1500
1141.000 # 1500
1142.000 # 1500
1142.000 # 1500
1145.000 # 1500
1145.000 # 1500
1146.000 # 1500
1146.000 # 1500
1146.000 # 1500
1147.000 # 1500
1147.000 # 1500
1147.000 # 1500
1148.000 # 1500
1148.000 # 1500
1149.000 # 1500
1150.000 # 1500
1151.000 # 1500
1151.000 # 1500
1153.000 # 1500
1154.000 # 1500
1155.000 # 1500
1155.000 # 1500
1155.000 # 1500
1156.000 # 1500
1156.000 # 1500
1178.000 # 1500
1178.000 # 1500
1178.000 # 1500
1178.000 # 1500
1179.000 # 1500
1179.000 # 1500
1179.000 # 1500
1179.000 # 1500
1179.000 # 1500
1179.000 # 1500
1179.000 # 1500
1179.000 # 1500
1179.000 # 1500
1179.000 # 1500
1179.000 # 1500
1179.000 # 1500
1180.000 # 1500
1180.000 # 1500
1180.000 # 1500
1180.000 # 1500
1180.000 # 1500
1180.000 # 1500
1180.000 # 1500
1180.000 # 1500
1180.000 # 1500
1180.000 # 1500
1180.000 # 1500
1180.000 # 1500
1180.000 # 1500
1181.000 # 1500
1181.000 # 1500
1181.000 # 1500
1181.000 # 1500
1181.000 # 1500
1183.000 # 1500
1183.000 # 1500
1185.000 # 1500
1186.000 # 1500
1187.000 # 1500
1188.000 # 1500
1188.000 # 1500
1188.000 # 1500
1189.000 # 1500
1189.000 # 1500
1189.000 # 1500
1189.000 # 1500
1191.000 # 1500
1191.000 # 1500
1192.000 # 1500
1192.000 # 1500
1192.000 # 1500
1192.000 # 1500
1193.000 # 1500
1194.000 # 1500
1196.000 # 1500
1196.000 # 1500
1197.000 # 1500
1197.000 # 1500
1198.000 # 1500
1199.000 # 1500
1199.000 # 1500
1200.000 # 1500
1200.000 # 1500
1201.000 # 1500
1201.000 # 1500
1211.000 # 1500
1211.000 # 1500
1211.000 # 1500
1212.000 # 1500
1214.000 # 1500
1214.000 # 1500
1215.000 # 1500
1215.000 # 1500
1216.000 # 1500
1216.000 # 1500
1217.000 # 1500
1217.000 # 1500
1217.000 # 1500
1217.000 # 1500
1217.000 # 1500
1227.000 # 1500
1227.000 # 1500
1230.000 # 1500
1230.000 # 1500
1230.000 # 1500
1231.000 # 1500
1234.000 # 1500
1234.000 # 1500
1234.000 # 1500
1235.000 # 1500
1237.000 # 1500
1237.000 # 1500
1237.000 # 1500
1237.000 # 1500
1238.000 # 1500
1241.000 # 1500
1241.000 # 1500
1242.000 # 1500
1243.000 # 1500
1244.000 # 1500
1245.000 # 1500
1246.000 # 1500
1249.000 # 1500
1249.000 # 1500
1249.000 # 1500
1259.000 # 1500
1259.000 # 1500
1259.000 # 1500
1260.000 # 1500
1260.000 # 1500
1260.000 # 1500
1260.000 # 1500
1260.000 # 1500
1261.000 # 1500
1261.000 # 1500
1264.000 # 1500
1264.000 # 1500
1266.000 # 1500
1266.000 # 1500
1267.000 # 1500
1268.000 # 1500
1268.000 # 1500
1269.000 # 1500
1270.000 # 1500
1271.000 # 1500
1271.000 # 1500
1272.000 # 1500
1273.000 # 1500
1274.000 # 1500
1275.000 # 1500
1276.000 # 1500
1278.000 # 1500
1279.000 # 1500
1279.000 # 1500
1280.000 # 1500
1282.000 # 1500
1283.000 # 1500
1284.000 # 1500
1284.000 # 1500
1285.000 # 1500
1286.000 # 1500
1287.000 # 1500
1287.000 # 1500
1292.000 # 1500
1292.000 # 1500
1293.000 # 1500
1293.000 # 1500
1294.000 # 1500
1295.000 # 1500
1296.000 # 1500
1296.000 # 1500
1296.000 # 1500
1299.000 # 1500
1299.000 # 1500
1299.000 # 1500
1300.000 # 1500
1301.000 # 1500
1302.000 # 1500
1303.000 # 1500
1304.000 # 1500
1304.000 # 1500
1306.000 # 1500
1306.000 # 1500
1306.000 # 1500
1308.000 # 1500
1309.000 # 1500
1309.000 # 1500
1310.000 # 1500
1311.000 # 1500
1312.000 # 1500
1313.000 # 1500
1315.000 # 1500
1315.000 # 1500
1317.000 # 1500
1317.000 # 1500
1318.000 # 1500
1319.000 # 1500
1320.000 # 1500
1320.000 # 1500
1321.000 # 1500
1322.000 # 1500
1322.000 # 1500
1323.000 # 1500
1325.000 # 1500
1325.000 # 1500
1325.000 # 1500
1325.000 # 1500
1327.000 # 1500
1329.000 # 1500
1329.000 # 1500
1329.000 # 1500
1331.000 # 1500
1331.000 # 1500
1340.000 # 1500
1340.000 # 1500
1340.000 # 1500
1340.000 # 1500
1341.000 # 1500
1341.000 # 1500
1341.000 # 1500
1341.000 # 1500
1341.000 # 1500
1341.000 # 1500
1341.000 # 1500
1341.000 # 1500
1341.000 # 1500
1341.000 # 1500
1342.000 # 1500
1343.000 # 1500
1343.000 # 1500
1354.000 # 1500
1354.000 # 1500
1354.000 # 1500
1354.000 # 1500
1354.000 # 1500
1354.000 # 1500
1354.000 # 1500
1359.000 # 1500
1359.000 # 1500
1359.000 # 1500
1359.000 # 1500
1360.000 # 1500
1360.000 # 1500
1360.000 # 1500
1360.000 # 1500
1360.000 # 1500
1360.000 # 1500
1360.000 # 1500
1365.000 # 1500
1365.000 # 1500
1365.000 # 1500
1365.000 # 1500
1365.000 # 1500
1365.000 # 1500
1372.000 # 1500
1372.000 # 1500
1374.000 # 1500
1374.000 # 1500
1375.000 # 1500
1375.000 # 1500
1376.000 # 1500
1376.000 # 1500
1376.000 # 1500
1376.000 # 1500
1376.000 # 1500
1377.000 # 1500
1378.000 # 1500
1379.000 # 1500
1380.000 # 1500
1384.000 # 1500
1384.000 # 1500
1385.000 # 1500
1388.000 # 1500
1389.000 # 1500
1389.000 # 1500
1390.000 # 1500
1393.000 # 1500
1394.000 # 1500
1395.000 # 1500
1396.000 # 1500
1409.000 # 1500
1409.000 # 1500
1409.000 # 1500
1410.000 # 1500
1410.000 # 1500
1410.000 # 1500
1410.000 # 1500
1410.000 # 1500
1410.000 # 1500
1410.000 # 1500
1410.000 # 1500
1413.000 # 1500
1414.000 # 1500
1414.000 # 1500
1415.000 # 1500
1416.000 # 1500
1419.000 # 1500
1421.000 # 1500
1421.000 # 1500
1423.000 # 1500
1424.000 # 1500
1424.000 # 1500
1426.000 # 1500
1429.000 # 1500
1429.000 # 1500
1429.000 # 1500
1430.000 # 1500
1431.000 # 1500
1432.000 # 1500
1433.000 # 1500
1433.000 # 1500
1434.000 # 1500
1435.000 # 1500
1436.000 # 1500
1437.000 # 1500
1438.000 # 1500
1439.000 # 1500
1439.000 # 1500
1440.000 # 1500
1441.000 # 1500
1442.000 # 1500
1443.000 # 1500
1444.000 # 1500
1444.000 # 1500
1445.000 # 1500
1446.000 # 1500
1447.000 # 1500
1447.000 # 1500
1449.000 # 1500
1449.000 # 1500
1450.000 # 1500
1450.000 # 1500
1451.000 # 1500
1454.000 # 1500
1454.000 # 1500
1454.000 # 1500
1455.000 # 1500
1455.000 # 1500
1456.000 # 1500
1457.000 # 1500
1457.000 # 1500
1466.000 # 1500
1466.000 # 1500
1466.000 # 1500
1466.000 # 1500
1466.000 # 1500
1469.000 # 1500
1470.000 # 1500
1470.000 # 1500
1470.000 # 1500
1470.000 # 1500
1470.000 # 1500
1470.000 # 1500
1470.000 # 1500
1470.000 # 1500
1473.000 # 1500
1474.000 # 1500
1485.000 # 1500
1485.000 # 1500
1486.000 # 1500
1489.000 # 1500
1489.000 # 1500
1491.000 # 1500
1492.000 # 1500
1493.000 # 1500
1494.000 # 1500
1494.000 # 1500
1494.000 # 1500
1495.000 # 1500
1495.000 # 1500
1495.000 # 1500
1501.000 # 1500
1501.000 # 1500
1501.000 # 1500
1502.000 # 1500
1506.000 # 1500
1507.000 # 1500
1508.000 # 1500
1509.000 # 1500
1513.000 # 1500
1514.000 # 1500
1516.000 # 1500
1517.000 # 1500
1518.000 # 1500
1520.000 # 1500
1521.000 # 1500
1524.000 # 1500
1525.000 # 1500
1526.000 # 1500
1528.000 # 1500
1529.000 # 1500
1530.000 # 1500
1533.000 # 1500
1534.000 # 1500
1534.000 # 1500
1537.000 # 1500
1538.000 # 1500
1539.000 # 1500
1540.000 # 1500
1541.000 # 1500
1542.000 # 1500
1543.000 # 1500
1545.000 # 1500
1545.000 # 1500
1546.000 # 1500
1548.000 # 1500
1549.000 # 1500
1550.000 # 1500
1552.000 # 1500
1553.000 # 1500
1555.000 # 1500
1558.000 # 1500
1558.000 # 1500
1559.000 # 1500
1559.000 # 1500
1560.000 # 1500
1561.000 # 1500
1563.000 # 1500
1563.000 # 1500
1564.000 # 1500
1565.000 # 1500
1566.000 # 1500
1567.000 # 1500
1568.000 # 1500
1568.000 # 1500
1569.000 # 1500
1571.000 # 1500
1571.000 # 1500
1573.000 # 1500
1574.000 # 1500
1574.000 # 1500
1574.000 # 1500
1575.000 # 1500
1576.000 # 1500
1632.000 # 1500
1636.000 # 1500
1636.000 # 1500
1636.000 # 1500
1637.000 # 1500
1637.000 # 1500
1637.000 # 1500
1637.000 # 1500
1637.000 # 1500
1637.000 # 1500
1637.000 # 1500
1637.000 # 1500
1637.000 # 1500
1637.000 # 1500
1638.000 # 1500
1638.000 # 1500
1638.000 # 1500
1638.000 # 1500
1638.000 # 1500
1638.000 # 1500
1638.000 # 1500
1638.000 # 1500
1638.000 # 1500
1639.000 # 1500
1639.000 # 1500
1639.000 # 1500
1639.000 # 1500
1639.000 # 1500
1639.000 # 1500
1639.000 # 1500
1639.000 # 1500
1639.000 # 1500
1640.000 # 1500
1640.000 # 1500
1640.000 # 1500
1640.000 # 1500
1640.000 # 1500
1640.000 # 1500
1640.000 # 1500
1641.000 # 1500
1641.000 # 1500
1641.000 # 1500
1641.000 # 1500
1641.000 # 1500
1641.000 # 1500
1642.000 # 1500
1642.000 # 1500
1642.000 # 1500
1642.000 # 1500
1642.000 # 1500
1643.000 # 1500
1643.000 # 1500
1643.000 # 1500
1643.000 # 1500
1643.000 # 1500
1643.000 # 1500
1643.000 # 1500
1644.000 # 1500
1644.000 # 1500
1644.000 # 1500
1644.000 # 1500
1644.000 # 1500
1645.000 # 1500
1645.000 # 1500
1645.000 # 1500
1645.000 # 1500
1645.000 # 1500
1645.000 # 1500
1645.000 # 1500
1646.000 # 1500
1646.000 # 1500
1646.000 # 1500
1646.000 # 1500
1646.000 # 1500
1647.000 # 1500
1649.000 # 1500
1650.000 # 1500
1650.000 # 1500
1651.000 # 1500
1652.000 # 1500
1653.000 # 1500
1654.000 # 1500
1656.000 # 1500
1656.000 # 1500
1657.000 # 1500
1659.000 # 1500
1659.000 # 1500
1660.000 # 1500
1660.000 # 1500
1662.000 # 1500
1664.000 # 1500
1664.000 # 1500
1665.000 # 1500
1666.000 # 1500
1668.000 # 1500
1668.000 # 1500
1669.000 # 1500
1673.000 # 1500
1673.000 # 1500
1674.000 # 1500
1674.000 # 1500
1674.000 # 1500
1676.000 # 1500
1686.000 # 1500
1690.000 # 1500
1690.000 # 1500
1690.000 # 1500
1690.000 # 1500
1694.000 # 1500
1694.000 # 1500
1697.000 # 1500
1698.000 # 1500
1698.000 # 1500
1705.000 # 1500
1715.000 # 1500
1715.000 # 1500
1715.000 # 1500
1716.000 # 1500
1716.000 # 1500
1716.000 # 1500
1716.000 # 1500
1716.000 # 1500
1719.000 # 1500
1719.000 # 1500
1720.000 # 1500
1721.000 # 1500
1723.000 # 1500
1724.000 # 1500
1727.000 # 1500
1729.000 # 1500
1730.000 # 1500
1731.000 # 1500
1735.000 # 1500
1738.000 # 1500
1740.000 # 1500
1743.000 # 1500
1744.000 # 1500
1746.000 # 1500
1748.000 # 1500
1751.000 # 1500
1751.000 # 1500
1754.000 # 1500
1757.000 # 1500
1759.000 # 1500
1760.000 # 1500
1762.000 # 1500
1766.000 # 1500
1766.000 # 1500
1769.000 # 1500
1770.000 # 1500
1775.000 # 1500
1775.000 # 1500
1776.000 # 1500
1778.000 # 1500
1779.000 # 1500
1783.000 # 1500
1784.000 # 1500
1786.000 # 1500
1787.000 # 1500
1788.000 # 1500
1790.000 # 1500
1790.000 # 1500
1791.000 # 1500
1791.000 # 1500
1792.000 # 1500
1794.000 # 1500
1797.000 # 1500
1798.000 # 1500
1799.000 # 1500
1800.000 # 1500
1801.000 # 1500
1802.000 # 1500
1802.000 # 1500
1803.000 # 1500
1804.000 # 1500
1805.000 # 1500
1805.000 # 1500
1806.000 # 1500
1807.000 # 1500
1808.000 # 1500
1809.000 # 1500
1811.000 # 1500
1811.000 # 1500
1811.000 # 1500
1812.000 # 1500
1813.000 # 1500
1814.000 # 1500
1815.000 # 1500
1815.000 # 1500
1816.000 # 1500
1817.000 # 1500
1826.000 # 1500
1830.000 # 1500
1831.000 # 1500
1831.000 # 1500
1831.000 # 1500
1831.000 # 1500
1831.000 # 1500
1831.000 # 1500
1837.000 # 1500
1837.000 # 1500
1837.000 # 1500
1837.000 # 1500
1837.000 # 1500
1837.000 # 1500
1847.000 # 1500
1847.000 # 1500
1847.000 # 1500
1847.000 # 1500
1847.000 # 1500
1847.000 # 1500
1848.000 # 1500
1849.000 # 1500
1850.000 # 1500
1852.000 # 1500
1853.000 # 1500
1861.000 # 1500
1864.000 # 1500
1864.000 # 1500
1864.000 # 1500
1864.000 # 1500
1864.000 # 1500
1864.000 # 1500
1864.000 # 1500
1867.000 # 1500
1867.000 # 1500
1869.000 # 1500
1873.000 # 1500
1873.000 # 1500
1875.000 # 1500
1880.000 # 1500
1881.000 # 1500
1883.000 # 1500
1885.000 # 1500
1886.000 # 1500
1887.000 # 1500
1888.000 # 1500
1889.000 # 1500
1891.000 # 1500
1891.000 # 1500
1892.000 # 1500
1893.000 # 1500
1894.000 # 1500
1895.000 # 1500
1896.000 # 1500
1897.000 # 1500
1899.000 # 1500
1899.000 # 1500
1899.000 # 1500
1901.000 # 1500
1911.000 # 1500
1911.000 # 1500
1924.000 # 1500
1930.000 # 1500
1932.000 # 1500
1934.000 # 1500
1939.000 # 1500
1940.000 # 1500
1942.000 # 1500
1943.000 # 1500
1944.000 # 1500
1947.000 # 1500
1947.000 # 1500
1948.000 # 1500
1949.000 # 1500
1950.000 # 1500
1955.000 # 1500
1955.000 # 1500
1956.000 # 1500
1958.000 # 1500
1959.000 # 1500
1961.000 # 1500
1961.000 # 1500
1964.000 # 1500
1964.000 # 1500
1967.000 # 1500
1967.000 # 1500
1969.000 # 1500
1971.000 # 1500
1973.000 # 1500
1979.000 # 1500
1981.000 # 1500
1981.000 # 1500
1982.000 # 1500
1983.000 # 1500
1985.000 # 1500
1988.000 # 1500
1994.000 # 1500
2000.000 # 1500
2011.000 # 1500
2014.000 # 1500
2016.000 # 1500
2016.000 # 1500
2016.000 # 1500
2016.000 # 1500
2016.000 # 1500
2018.000 # 1500
2021.000 # 1500
2021.000 # 1500
2022.000 # 1500
2024.000 # 1500
2025.000 # 1500
2025.000 # 1500
2028.000 # 1500
2030.000 # 1500
2039.000 # 1500
2040.000 # 1500
2045.000 # 1500
2046.000 # 1500
2048.000 # 1500
2049.000 # 1500
2050.000 # 1500
2052.000 # 1500
2053.000 # 1500
2054.000 # 1500
2056.000 # 1500
2057.000 # 1500
2058.000 # 1500
2059.000 # 1500
2060.000 # 1500
2064.000 # 1500
2067.000 # 1500
2067.000 # 1500
2069.000 # 1500
2070.000 # 1500
2072.000 # 1500
2074.000 # 1500
2075.000 # 1500
2076.000 # 1500
2077.000 # 1500
2081.000 # 1500
2081.000 # 1500
2083.000 # 1500
2085.000 # 1500
2089.000 # 1500
2093.000 # 1500
2094.000 # 1500
2095.000 # 1500
2096.000 # 1500
2097.000 # 1500
2099.000 # 1500
2099.000 # 1500
2100.000 # 1500
2102.000 # 1500
2103.000 # 1500
2105.000 # 1500
2105.000 # 1500
2105.000 # 1500
2106.000 # 1500
2107.000 # 1500
2108.000 # 1500
2109.000 # 1500
2109.000 # 1500
2111.000 # 1500
2112.000 # 1500
2114.000 # 1500
2114.000 # 1500
2115.000 # 1500
2117.000 # 1500
2117.000 # 1500
2117.000 # 1500
2118.000 # 1500
2119.000 # 1500
2121.000 # 1500
2121.000 # 1500
2121.000 # 1500
2122.000 # 1500
2123.000 # 1500
2124.000 # 1500
2125.000 # 1500
2125.000 # 1500
2126.000 # 1500
2127.000 # 1500
2128.000 # 1500
2129.000 # 1500
2130.000 # 1500
2132.000 # 1500
2133.000 # 1500
2134.000 # 1500
2139.000 # 1500
2139.000 # 1500
2139.000 # 1500
2139.000 # 1500
2140.000 # 1500
2140.000 # 1500
2141.000 # 1500
2142.000 # 1500
2142.000 # 1500
2142.000 # 1500
2143.000 # 1500
2144.000 # 1500
2145.000 # 1500
2145.000 # 1500
2146.000 # 1500
2146.000 # 1500
2147.000 # 1500
2148.000 # 1500
2148.000 # 1500
2149.000 # 1500
2150.000 # 1500
2151.000 # 1500
2152.000 # 1500
2152.000 # 1500
2153.000 # 1500
2154.000 # 1500
2154.000 # 1500
2155.000 # 1500
2156.000 # 1500
2156.000 # 1500
2168.000 # 1500
2168.000 # 1500
2171.000 # 1500
2172.000 # 1500
2172.000 # 1500
2172.000 # 1500
2172.000 # 1500
2172.000 # 1500
2172.000 # 1500
2172.000 # 1500
2172.000 # 1500
2173.000 # 1500
2174.000 # 1500
2174.000 # 1500
2176.000 # 1500
2177.000 # 1500
2178.000 # 1500
2178.000 # 1500
2179.000 # 1500
2181.000 # 1500
2181.000 # 1500
2182.000 # 1500
2184.000 # 1500
2185.000 # 1500
2186.000 # 1500
2186.000 # 1500
2187.000 # 1500
2188.000 # 1500
2189.000 # 1500
2191.000 # 1500
2191.000 # 1500
2192.000 # 1500
2193.000 # 1500
2194.000 # 1500
2195.000 # 1500
2197.000 # 1500
2197.000 # 1500
2197.000 # 1500
2198.000 # 1500
2199.000 # 1500
2199.000 # 1500
2200.000 # 1500
2202.000 # 1500
2203.000 # 1500
2204.000 # 1500
2205.000 # 1500
2205.000 # 1500
2206.000 # 1500
2208.000 # 1500
2209.000 # 1500
2209.000 # 1500
2210.000 # 1500
2212.000 # 1500
2213.000 # 1500
2213.000 # 1500
2214.000 # 1500
2215.000 # 1500
2216.000 # 1500
2216.000 # 1500
2217.000 # 1500
2218.000 # 1500
2220.000 # 1500
2222.000 # 1500
2223.000 # 1500
2225.000 # 1500
2225.000 # 1500
2225.000 # 1500
2226.000 # 1500
2227.000 # 1500
2228.000 # 1500
2228.000 # 1500
2229.000 # 1500
2230.000 # 1500
2232.000 # 1500
2233.000 # 1500
2245.000 # 1500
2245.000 # 1500
2245.000 # 1500
2245.000 # 1500
2245.000 # 1500
2245.000 # 1500
2245.000 # 1500
2245.000 # 1500
2245.000 # 1500
2253.000 # 1500
2253.000 # 1500
2253.000 # 1500
2253.000 # 1500
2253.000 # 1500
2253.000 # 1500
2256.000 # 1500
2256.000 # 1500
2256.000 # 1500
2258.000 # 1500
2258.000 # 1500
2260.000 # 1500
2261.000 # 1500
2261.000 # 1500
2261.000 # 1500
2263.000 # 1500
2264.000 # 1500
2265.000 # 1500
2266.000 # 1500
2266.000 # 1500
2268.000 # 1500
2269.000 # 1500
2270.000 # 1500
2270.000 # 1500
2271.000 # 1500
2272.000 # 1500
2274.000 # 1500
2285.000 # 1500
2285.000 # 1500
2285.000 # 1500
2285.000 # 1500
2285.000 # 1500
2285.000 # 1500
2285.000 # 1500
2285.000 # 1500
2285.000 # 1500
2285.000 # 1500
2294.000 # 1500
2294.000 # 1500
2294.000 # 1500
2294.000 # 1500
2296.000 # 1500
2296.000 # 1500
2296.000 # 1500
2296.000 # 1500
2299.000 # 1500
2300.000 # 1500
2300.000 # 1500
2300.000 # 1500
2306.000 # 1500
2310.000 # 1500
2312.000 # 1500
2312.000 # 1500
2313.000 # 1500
2315.000 # 1500
2315.000 # 1500
2319.000 # 1500
2321.000 # 1500
2322.000 # 1500
2335.000 # 1500
2335.000 # 1500
2335.000 # 1500
2335.000 # 1500
2335.000 # 1500
2339.000 # 1500
2341.000 # 1500
2345.000 # 1500
2346.000 # 1500
2348.000 # 1500
2350.000 # 1500
2352.000 # 1500
2353.000 # 1500
2354.000 # 1500
2356.000 # 1500
2358.000 # 1500
2360.000 # 1500
2363.000 # 1500
2364.000 # 1500
2375.000 # 1500
2375.000 # 1500
2376.000 # 1500
2376.000 # 1500
2381.000 # 1500
2381.000 # 1500
2386.000 # 1500
2386.000 # 1500
2386.000 # 1500
2386.000 # 1500
2387.000 # 1500
2387.000 # 1500
2387.000 # 1500
2388.000 # 1500
2407.000 # 1500
2408.000 # 1500
2408.000 # 1500
2408.000 # 1500
2408.000 # 1500
2408.000 # 1500
2408.000 # 1500
2409.000 # 1500
2409.000 # 1500
2409.000 # 1500
2409.000 # 1500
2409.000 # 1500
2409.000 # 1500
2409.000 # 1500
2411.000 # 1500
2413.000 # 1500
2416.000 # 1500
2418.000 # 1500
2420.000 # 1500
2425.000 # 1500
2428.000 # 1500
2428.000 # 1500
2431.000 # 1500
2433.000 # 1500
2434.000 # 1500
2436.000 # 1500
2438.000 # 1500
2440.000 # 1500
2442.000 # 1500
2444.000 # 1500
2446.000 # 1500
2448.000 # 1500
2449.000 # 1500
2452.000 # 1500
2454.000 # 1500
2455.000 # 1500
2457.000 # 1500
2460.000 # 1500
2461.000 # 1500
2463.000 # 1500
2463.000 # 1500
2466.000 # 1500
2470.000 # 1500
2470.000 # 1500
2471.000 # 1500
2472.000 # 1500
2474.000 # 1500
2476.000 # 1500
2478.000 # 1500
2481.000 # 1500
2481.000 # 1500
2483.000 # 1500
2486.000 # 1500
2486.000 # 1500
2487.000 # 1500
2488.000 # 1500
2489.000 # 1500
2490.000 # 1500
2491.000 # 1500
2493.000 # 1500
2493.000 # 1500
2494.000 # 1500
2495.000 # 1500
2496.000 # 1500
2501.000 # 1500
2501.000 # 1500
2502.000 # 1500
2502.000 # 1500
2503.000 # 1500
2504.000 # 1500
2505.000 # 1500
2506.000 # 1500
2508.000 # 1500
2508.000 # 1500
2509.000 # 1500
2510.000 # 1500
2512.000 # 1500
2513.000 # 1500
2513.000 # 1500
2514.000 # 1500
2516.000 # 1500
2516.000 # 1500
2517.000 # 1500
2518.000 # 1500
2518.000 # 1500
2519.000 # 1500
2520.000 # 1500
2522.000 # 1500
2524.000 # 1500
2525.000 # 1500
2525.000 # 1500
2525.000 # 1500
2526.000 # 1500
2527.000 # 1500
2527.000 # 1500
2537.000 # 1500
2537.000 # 1500
2537.000 # 1500
2538.000 # 1500
2538.000 # 1500
2538.000 # 1500
2538.000 # 1500
2538.000 # 1500
2539.000 # 1500
2539.000 # 1500
2539.000 # 1500
2539.000 # 1500
2544.000 # 1500
2544.000 # 1500
2544.000 # 1500
2544.000 # 1500
2545.000 # 1500
2545.000 # 1500
2545.000 # 1500
2545.000 # 1500
2545.000 # 1500
2551.000 # 1500
2552.000 # 1500
2552.000 # 1500
2552.000 # 1500
2552.000 # 1500
2552.000 # 1500
2552.000 # 1500
2553.000 # 1500
2553.000 # 1500
2553.000 # 1500
2553.000 # 1500
2553.000 # 1500
2553.000 # 1500
2553.000 # 1500
2554.000 # 1500
2554.000 # 1500
2564.000 # 1500
2564.000 # 1500
2564.000 # 1500
2564.000 # 1500
2564.000 # 1500
2565.000 # 1500
2565.000 # 1500
2565.000 # 1500
2571.000 # 1500
2571.000 # 1500
2572.000 # 1500
2572.000 # 1500
2576.000 # 1500
2576.000 # 1500
2577.000 # 1500
2577.000 # 1500
2577.000 # 1500
2577.000 # 1500
2578.000 # 1500
2580.000 # 1500
2582.000 # 1500
2583.000 # 1500
2585.000 # 1500
2587.000 # 1500
2588.000 # 1500
2590.000 # 1500
2592.000 # 1500
2595.000 # 1500
2595.000 # 1500
2597.000 # 1500
2598.000 # 1500
2600.000 # 1500
2604.000 # 1500
2605.000 # 1500
2606.000 # 1500
2608.000 # 1500
2610.000 # 1500
2613.000 # 1500
2614.000 # 1500
2616.000 # 1500
2618.000 # 1500
2621.000 # 1500
2623.000 # 1500
2625.000 # 1500
2626.000 # 1500
2627.000 # 1500
2629.000 # 1500
2630.000 # 1500
2634.000 # 1500
2636.000 # 1500
2636.000 # 1500
2638.000 # 1500
2641.000 # 1500
2641.000 # 1500
2643.000 # 1500
2644.000 # 1500
2646.000 # 1500
2649.000 # 1500
2649.000 # 1500
2651.000 # 1500
2651.000 # 1500
2652.000 # 1500
2653.000 # 1500
2654.000 # 1500
2655.000 # 1500
2656.000 # 1500
2659.000 # 1500
2659.000 # 1500
2660.000 # 1500
2663.000 # 1500
2663.000 # 1500
2664.000 # 1500
2665.000 # 1500
2666.000 # 1500
2668.000 # 1500
2669.000 # 1500
2669.000 # 1500
2671.000 # 1500
2673.000 # 1500
2673.000 # 1500
2674.000 # 1500
2677.000 # 1500
2677.000 # 1500
2678.000 # 1500
2679.000 # 1500
2680.000 # 1500
2681.000 # 1500
2682.000 # 1500
2683.000 # 1500
2684.000 # 1500
2686.000 # 1500
2687.000 # 1500
2689.000 # 1500
2689.000 # 1500
2689.000 # 1500
2691.000 # 1500
2691.000 # 1500
2692.000 # 1500
2692.000 # 1500
2693.000 # 1500
2694.000 # 1500
2695.000 # 1500
2695.000 # 1500
2696.000 # 1500
2697.000 # 1500
2708.000 # 1500
2708.000 # 1500
2710.000 # 1500
2710.000 # 1500
2710.000 # 1500
2710.000 # 1500
2711.000 # 1500
2712.000 # 1500
2712.000 # 1500
2712.000 # 1500
2712.000 # 1500
2712.000 # 1500
2712.000 # 1500
2713.000 # 1500
2714.000 # 1500
2714.000 # 1500
2714.000 # 1500
2716.000 # 1500
2725.000 # 1500
2725.000 # 1500
2725.000 # 1500
2729.000 # 1500
2729.000 # 1500
2730.000 # 1500
2730.000 # 1500
2730.000 # 1500
2730.000 # 1500
2730.000 # 1500
2730.000 # 1500
2730.000 # 1500
2730.000 # 1500
2733.000 # 1500
2735.000 # 1500
2736.000 # 1500
2738.000 # 1500
2740.000 # 1500
2743.000 # 1500
2744.000 # 1500
2746.000 # 1500
2747.000 # 1500
2748.000 # 1500
2751.000 # 1500
2751.000 # 1500
2753.000 # 1500
2753.000 # 1500
2755.000 # 1500
2757.000 # 1500
2757.000 # 1500
2758.000 # 1500
2759.000 # 1500
2759.000 # 1500
2763.000 # 1500
2763.000 # 1500
2764.000 # 1500
2764.000 # 1500
2766.000 # 1500
2766.000 # 1500
2767.000 # 1500
2768.000 # 1500
2769.000 # 1500
2770.000 # 1500
2770.000 # 1500
2772.000 # 1500
2782.000 # 1500
2782.000 # 1500
2782.000 # 1500
2782.000 # 1500
2782.000 # 1500
2782.000 # 1500
2782.000 # 1500
2790.000 # 1500
2790.000 # 1500
2790.000 # 1500
2790.000 # 1500
2791.000 # 1500
2791.000 # 1500
2791.000 # 1500
2791.000 # 1500
2791.000 # 1500
2791.000 # 1500
2792.000 # 1500
2793.000 # 1500
2794.000 # 1500
2794.000 # 1500
2795.000 # 1500
2797.000 # 1500
2797.000 # 1500
2798.000 # 1500
2799.000 # 1500
2799.000 # 1500
2800.000 # 1500
2802.000 # 1500
2802.000 # 1500
2803.000 # 1500
2803.000 # 1500
2804.000 # 1500
2805.000 # 1500
2806.000 # 1500
2807.000 # 1500
2808.000 # 1500
2809.000 # 1500
2811.000 # 1500
2813.000 # 1500
2814.000 # 1500
2815.000 # 1500
2815.000 # 1500
2816.000 # 1500
2818.000 # 1500
2819.000 # 1500
2819.000 # 1500
2820.000 # 1500
2821.000 # 1500
2822.000 # 1500
2823.000 # 1500
2827.000 # 1500
2827.000 # 1500
2828.000 # 1500
2829.000 # 1500
2830.000 # 1500
2830.000 # 1500
2830.000 # 1500
2832.000 # 1500
2835.000 # 1500
2836.000 # 1500
2836.000 # 1500
2836.000 # 1500
2836.000 # 1500
2837.000 # 1500
2838.000 # 1500
2838.000 # 1500
2839.000 # 1500
2840.000 # 1500
2843.000 # 1500
2843.000 # 1500
2844.000 # 1500
2844.000 # 1500
2844.000 # 1500
2845.000 # 1500
2846.000 # 1500
2847.000 # 1500
2847.000 # 1500
2847.000 # 1500
2857.000 # 1500
2857.000 # 1500
2857.000 # 1500
2857.000 # 1500
2857.000 # 1500
2858.000 # 1500
2858.000 # 1500
2858.000 # 1500
2858.000 # 1500
2858.000 # 1500
2858.000 # 1500
2858.000 # 1500
2858.000 # 1500
2859.000 # 1500
2859.000 # 1500
2860.000 # 1500
2860.000 # 1500
2861.000 # 1500
2872.000 # 1500
2872.000 # 1500
2872.000 # 1500
2872.000 # 1500
2872.000 # 1500
2873.000 # 1500
2873.000 # 1500
2873.000 # 1500
2873.000 # 1500
2873.000 # 1500
2873.000 # 1500
2873.000 # 1500
2876.000 # 1500
2876.000 # 1500
2876.000 # 1500
2877.000 # 1500
2878.000 # 1500
2879.000 # 1500
2880.000 # 1500
2889.000 # 1500
2889.000 # 1500
2889.000 # 1500
2889.000 # 1500
2889.000 # 1500
2889.000 # 1500
2889.000 # 1500
2889.000 # 1500
2895.000 # 1500
2896.000 # 1500
2897.000 # 1500
2897.000 # 1500
2898.000 # 1500
2900.000 # 1500
2900.000 # 1500
2901.000 # 1500
2901.000 # 1500
2904.000 # 1500
2904.000 # 1500
2905.000 # 1500
2905.000 # 1500
2905.000 # 1500
2905.000 # 1500
2906.000 # 1500
2907.000 # 1500
2908.000 # 1500
2909.000 # 1500
2910.000 # 1500
2911.000 # 1500
2912.000 # 1500
2912.000 # 1500
2913.000 # 1500
2915.000 # 1500
2915.000 # 1500
2916.000 # 1500
2917.000 # 1500
2918.000 # 1500
2919.000 # 1500
2920.000 # 1500
2920.000 # 1500
2922.000 # 1500
2924.000 # 1500
2925.000 # 1500
2929.000 # 1500
2929.000 # 1500
2930.000 # 1500
2931.000 # 1500
2933.000 # 1500
2933.000 # 1500
2934.000 # 1500
2955.000 # 1500
2969.000 # 1500
2970.000 # 1500
2988.000 # 1500
2990.000 # 1500
2997.000 # 1500
2997.000 # 1500
2998.000 # 1500
2998.000 # 1500
3001.000 # 1500
3003.000 # 1500
3008.000 # 1500
3008.000 # 1500
3020.000 # 1500
3020.000 # 1500
3020.000 # 1500
3020.000 # 1500
3020.000 # 1500
3025.000 # 1500
3025.000 # 1500
3025.000 # 1500
3028.000 # 1500
3028.000 # 1500
3031.000 # 1500
3035.000 # 1500
3035.000 # 1500
3037.000 # 1500
3037.000 # 1500
3045.000 # 1500
3045.000 # 1500
3047.000 # 1500
3048.000 # 1500
3048.000 # 1500
3050.000 # 1500
3051.000 # 1500
3052.000 # 1500
3052.000 # 1500
3052.000 # 1500
3055.000 # 1500
3055.000 # 1500
3056.000 # 1500
3056.000 # 1500
3057.000 # 1500
3059.000 # 1500
3060.000 # 1500
3061.000 # 1500
3062.000 # 1500
3064.000 # 1500
3065.000 # 1500
3065.000 # 1500
3067.000 # 1500
3067.000 # 1500
3068.000 # 1500
3069.000 # 1500
3071.000 # 1500
3071.000 # 1500
3071.000 # 1500
3071.000 # 1500
3072.000 # 1500
3074.000 # 1500
3074.000 # 1500
3074.000 # 1500
3077.000 # 1500
3077.000 # 1500
3078.000 # 1500
3080.000 # 1500
3080.000 # 1500
3080.000 # 1500
3082.000 # 1500
3082.000 # 1500
3083.000 # 1500
3084.000 # 1500
3086.000 # 1500
3086.000 # 1500
3095.000 # 1500
3097.000 # 1500
3097.000 # 1500
3099.000 # 1500
3099.000 # 1500
3099.000 # 1500
3099.000 # 1500
3099.000 # 1500
3099.000 # 1500
3099.000 # 1500
3100.000 # 1500
3110.000 # 1500
3114.000 # 1500
3114.000 # 1500
3114.000 # 1500
3114.000 # 1500
3114.000 # 1500
3114.000 # 1500
3115.000 # 1500
3115.000 # 1500
3115.000 # 1500
3115.000 # 1500
3115.000 # 1500
3115.000 # 1500
3115.000 # 1500
3115.609 + 96 1
3117.000 # 1500
3117.883 - 96 2.274 1
3118.000 # 1500
3118.000 # 1500
3119.000 # 1500
3119.000 # 1500
3120.000 # 1500
3120.000 # 1500
3120.000 # 1500
3121.000 # 1500
3122.000 # 1500
3122.147 + 88 1
3122.175 + 88 1
3124.282 + 88 1
3124.301 + 88 1
3124.306 + 88 1
3125.000 # 1500
3125.000 # 1500
3125.699 + 88 1
3125.799 - 88 3.652 1
3125.953 - 88 3.778 1
3126.042 - 88 1.760 1
3126.055 - 88 1.754 1
3126.064 - 88 1.758 1
3126.364 + 88 1
3127.976 + 88 1
3129.000 # 1500
3129.537 + 88 1
3129.671 - 88 3.972 1
3129.714 - 88 3.350 1
3129.743 - 88 1.767 1
3130.493 + 88 1
3132.337 + 88 1
3132.379 + 88 1
3133.327 + 88 1
3135.000 # 1500
3136.116 - 88 6.579 1
3136.138 - 88 5.645 1
3136.163 - 88 3.826 1
3136.168 - 88 3.789 1
3136.173 - 88 2.846 1
3136.283 + 88 1
3136.317 + 88 1
3137.184 + 88 1
3141.024 + 88 1
3142.000 # 1500
3142.343 - 88 6.060 1
3142.464 + 88 1
3142.732 - 88 6.415 1
3142.749 - 88 5.565 1
3142.758 - 88 1.734 1
3146.055 + 88 1
3149.819 + 88 1
3151.895 + 88 1
3153.000 # 1500
3154.660 - 88 12.196 1
3154.720 - 88 8.665 1
3154.731 - 88 4.912 1
3154.736 - 88 2.841 1
3154.884 + 88 1
3157.000 # 1500
3157.000 # 1500
3157.729 + 88 1
3157.900 - 88 3.016 1
3158.000 # 1500
3158.000 # 1500
3159.000 # 1500
3159.631 - 88 1.902 1
3161.507 + 88 1
3162.000 # 1500
3162.588 + 88 1
3162.830 - 88 1.323 1
3163.000 # 1500
3164.461 - 88 1.873 1
3165.000 # 1500
3167.000 # 1500
3167.410 + 88 1
3167.447 + 88 1
3168.000 # 1500
3169.282 - 88 1.872 1
3169.325 - 88 1.878 1
3169.500 + 88 1
3170.000 # 1500
3171.279 - 88 1.779 1
3172.000 # 1500
3173.312 + 88 1
3174.000 # 1500
3175.236 - 88 1.924 1
3176.000 # 1500
3177.000 # 1500
3179.000 # 1500
3181.039 + 88 1
3182.000 # 1500
3182.964 - 88 1.925 1
3185.000 # 1500
3186.000 # 1500
3188.000 # 1500
3189.000 # 1500
3189.844 + 88 1
3189.878 + 88 1
3193.762 + 88 1
3193.796 + 88 1
3193.802 + 88 1
3194.000 # 1500
3195.673 - 88 5.829 1
3195.779 - 88 5.901 1
3195.786 - 88 2.024 1
3195.788 - 88 1.992 1
3195.850 - 88 2.048 1
3196.000 # 1500
3197.000 # 1500
3199.000 # 1500
3199.727 + 88 1
3200.000 # 1500
3201.575 - 88 1.848 1
3203.000 # 1500
3203.867 + 88 1
3204.000 # 1500
3204.131 + 88 1
3204.323 - 88 0.456 1
3207.000 # 1500
3207.601 - 88 3.470 1
3207.613 + 88 1
3208.000 # 1500
3209.000 # 1500
3209.450 - 88 1.837 1
3209.716 + 88 1
3211.000 # 1500
3211.000 # 1500
3212.000 # 1500
3212.343 - 88 2.627 1
3213.000 # 1500
3214.000 # 1500
3215.000 # 1500
3218.000 # 1500
3218.000 # 1500
3219.000 # 1500
3219.000 # 1500
3220.000 # 1500
3222.000 # 1500
3223.000 # 1500
3223.426 + 88 1
3224.000 # 1500
3225.000 # 1500
3225.318 - 88 1.892 1
3227.276 + 88 1
3229.000 # 1500
3230.000 # 1500
3230.202 - 88 2.926 1
3235.000 # 1500
3236.000 # 1500
3237.000 # 1500
3238.000 # 1500
3240.000 # 1500
3243.000 # 1500
3243.000 # 1500
3245.000 # 1500
3246.166 + 88 1
3247.000 # 1500
3247.767 - 88 1.601 1
3248.000 # 1500
3249.000 # 1500
3249.000 # 1500
3250.000 # 1500
3251.000 # 1500
3252.000 # 1500
3253.002 + 88 1
3254.000 # 1500
3254.592 - 88 1.590 1
3255.128 + 88 1
3256.000 # 1500
3256.000 # 1500
3257.560 + 88 1
3257.618 - 88 2.490 1
3259.000 # 1500
3259.000 # 1500
3260.436 - 88 2.876 1
3261.000 # 1500
3261.000 # 1500
3264.000 # 1500
3264.000 # 1500
3266.000 # 1500
3267.000 # 1500
3267.349 + 88 1
3267.441 + 88 1
3267.460 + 88 1
3267.474 + 88 1
3267.487 + 88 1
3268.000 # 1500
3268.000 # 1500
3268.540 + 88 1
3268.979 - 88 1.630 1
3269.000 # 1500
3269.070 - 88 1.629 1
3269.088 - 88 1.628 1
3269.099 - 88 1.625 1
3269.153 - 88 1.666 1
3269.485 + 88 1
3269.820 - 88 1.280 1
3270.000 # 1500
3271.062 - 88 1.577 1
3271.520 + 88 1
3272.000 # 1500
3273.099 + 88 1
3273.157 - 88 1.637 1
3273.530 + 88 1
3275.000 # 1500
3275.000 # 1500
3275.000 # 1500
3276.000 # 1500
3276.176 - 88 3.077 1
3276.268 - 88 2.738 1
3278.000 # 1500
3279.000 # 1500
3281.000 # 1500
3281.000 # 1500
3282.000 # 1500
3283.000 # 1500
3284.000 # 1500
3285.000 # 1500
3286.000 # 1500
3286.000 # 1500
3287.000 # 1500
3289.000 # 1500
3289.000 # 1500
3289.000 # 1500
3291.000 # 1500
3291.000 # 1500
3292.000 # 1500
3294.000 # 1500
3294.000 # 1500
3295.000 # 1500
3296.000 # 1500
3296.000 # 1500
3296.000 # 1500
3299.000 # 1500
3299.000 # 1500
3299.000 # 1500
3299.000 # 1500
3301.000 # 1500
3306.000 # 1500
3306.000 # 1500
3306.000 # 1500
3306.000 # 1500
3306.000 # 1500
3306.000 # 1500
3306.826 + 88 1
3306.947 + 88 1
3307.000 # 1500
3307.000 # 1500
3307.000 # 1500
3307.074 + 88 1
3309.000 # 1500
3309.506 - 88 2.680 1
3309.600 - 88 2.653 1
3309.629 - 88 2.555 1
3310.000 # 1500
3310.000 # 1500
3311.000 # 1500
3311.000 # 1500
3311.000 # 1500
3312.000 # 1500
3313.000 # 1500
3314.000 # 1500
3315.000 # 1500
3315.000 # 1500
3315.000 # 1500
3317.000 # 1500
3317.000 # 1500
3319.000 # 1500
3319.000 # 1500
3319.000 # 1500
3321.000 # 1500
3321.000 # 1500
3322.000 # 1500
3324.000 # 1500
3324.000 # 1500
3324.000 # 1500
3326.000 # 1500
3326.000 # 1500
3326.364 + 88 1
3328.000 # 1500
3328.855 - 88 2.491 1
3329.000 # 1500
3330.000 # 1500
3331.000 # 1500
3331.000 # 1500
3331.000 # 1500
3333.000 # 1500
3334.907 + 88 1
3335.000 # 1500
3335.000 # 1500
3336.000 # 1500
3336.000 # 1500
3336.000 # 1500
3336.515 - 88 1.608 1
3339.000 # 1500
3339.000 # 1500
3339.000 # 1500
3341.513 + 88 1
3343.000 # 1500
3343.000 # 1500
3344.000 # 1500
3344.346 - 88 2.833 1
3344.638 + 88 1
3345.000 # 1500
3345.000 # 1500
3345.000 # 1500
3346.277 - 88 1.639 1
3351.284 + 88 1
3354.188 + 88 1
3355.000 # 1500
3356.000 # 1500
3356.125 + 88 1
3356.145 - 88 4.861 1
3356.238 - 88 2.050 1
3359.000 # 1500
3360.000 # 1500
3360.000 # 1500
3360.000 # 1500
3360.067 - 88 3.942 1
3360.164 + 88 1
3361.000 # 1500
3361.000 # 1500
3361.859 - 88 1.695 1
3362.000 # 1500
3362.000 # 1500
3362.545 + 88 1
3364.000 # 1500
3364.000 # 1500
3364.000 # 1500
3365.000 # 1500
3365.229 - 88 2.684 1
3367.000 # 1500
3368.000 # 1500
3368.000 # 1500
3368.397 + 88 1
3368.507 + 88 1
3368.528 + 88 1
3369.000 # 1500
3370.777 - 88 2.380 1
3370.799 - 88 2.292 1
3370.808 - 88 2.280 1
3371.000 # 1500
3372.000 # 1500
3372.853 + 88 1
3372.942 + 88 1
3375.824 + 88 1
3376.134 + 88 1
3377.000 # 1500
3378.000 # 1500
3378.514 - 88 5.661 1
3378.535 - 88 5.593 1
3378.543 - 88 2.719 1
3378.549 - 88 2.415 1
3381.000 # 1500
3381.774 + 88 1
3381.804 + 88 1
3381.819 + 88 1
3383.595 + 88 1
3384.000 # 1500
3385.000 # 1500
3385.564 + 88 1
3385.596 + 88 1
3385.637 - 88 3.863 1
3385.657 - 88 3.853 1
3385.665 - 88 3.846 1
3385.672 - 88 2.077 1
3386.000 # 1500
3386.895 - 88 1.331 1
3386.915 - 88 1.319 1
3387.000 # 1500
3388.187 + 88 1
3389.000 # 1500
3390.000 # 1500
3390.312 - 88 2.125 1
3390.799 + 88 1
3392.000 # 1500
3392.304 + 88 1
3392.607 - 88 1.808 1
3394.000 # 1500
3395.000 # 1500
3395.000 # 1500
3395.287 + 88 1
3395.388 - 88 3.084 1
3396.000 # 1500
3397.000 # 1500
3397.036 - 88 1.749 1
3399.000 # 1500
3399.602 + 88 1
3400.768 + 88 1
3403.000 # 1500
3403.000 # 1500
3403.000 # 1500
3403.150 + 88 1
3403.481 - 88 3.879 1
3403.506 - 88 2.738 1
3404.000 # 1500
3404.000 # 1500
3404.748 + 88 1
3404.969 - 88 1.819 1
3405.000 # 1500
3406.000 # 1500
3407.357 - 88 2.609 1
3407.695 + 88 1
3409.000 # 1500
3409.655 - 88 1.960 1
3410.020 + 88 1
3411.000 # 1500
3412.000 # 1500
3412.058 - 88 2.038 1
3412.522 + 88 1
3413.000 # 1500
3414.000 # 1500
3414.637 - 88 2.115 1
3416.738 + 88 1
3418.000 # 1500
3418.576 + 88 1
3418.987 - 88 2.249 1
3419.000 # 1500
3420.000 # 1500
3420.494 - 88 1.918 1
3421.628 + 88 1
3422.000 # 1500
3422.000 # 1500
3423.000 # 1500
3423.423 - 88 1.795 1
3423.935 + 88 1
3424.000 # 1500
3425.000 # 1500
3425.494 - 88 1.559 1
3425.928 + 88 1
3426.000 # 1500
3430.000 # 1500
3430.319 + 88 1
3430.897 - 88 4.969 1
3431.000 # 1500
3432.000 # 1500
3433.000 # 1500
3433.508 - 88 3.189 1
3434.000 # 1500
3435.000 # 1500
3436.000 # 1500
3439.162 + 88 1
3439.252 + 88 1
3439.270 + 88 1
3441.275 + 88 1
3446.829 + 88 1
3451.732 + 88 1
3456.708 + 88 1
3464.413 + 88 1
3471.234 + 88 1
3483.003 + 88 1
3494.000 # 1500
3494.000 # 1500
3494.000 # 1500
3494.000 # 1500
3494.000 # 1500
3494.000 # 1500
3494.000 # 1500
3494.000 # 1500
3494.000 # 1500
3495.000 # 1500
3495.000 # 1500
3495.000 # 1500
3495.000 # 1500
3495.000 # 1500
3495.000 # 1500
3495.000 # 1500
3495.000 # 1500
3495.000 # 1500
3495.000 # 1500
3495.000 # 1500
3495.000 # 1500
3495.000 # 1500
3495.010 - 88 55.848 1
3495.108 - 88 55.856 1
3495.127 - 88 55.857 1
3495.182 - 88 53.907 1
3495.201 - 88 48.372 1
3495.210 - 88 43.478 1
3495.217 - 88 38.509 1
3495.224 - 88 30.811 1
3495.232 - 88 23.998 1
3495.238 - 88 12.235 1
3496.000 # 1500
3496.000 # 1500
3496.000 # 1500
3496.000 # 1500
3496.000 # 1500
3496.000 # 1500
3496.000 # 1500
3496.000 # 1500
3496.000 # 1500
3496.000 # 1500
3496.000 # 1500
3496.000 # 1500
3496.000 # 1500
3497.000 # 1500
3497.000 # 1500
3497.000 # 1500
3497.000 # 1500
3497.000 # 1500
3497.000 # 1500
3497.000 # 1500
3497.000 # 1500
3497.000 # 1500
3497.000 # 1500
3497.000 # 1500
3497.000 # 1500
3497.000 # 1500
3497.000 # 1500
3498.000 # 1500
3498.000 # 1500
3498.000 # 1500
3498.000 # 1500
3499.000 # 1500
3500.000 # 1500
3500.773 + 88 1
3502.000 # 1500
3503.000 # 1500
3504.388 - 88 3.615 1
3505.000 # 1500
3506.000 # 1500
3508.000 # 1500
3508.000 # 1500
3509.000 # 1500
3510.000 # 1500
3510.060 + 88 1
3511.000 # 1500
3512.000 # 1500
3512.134 - 88 2.074 1
3513.000 # 1500
3514.000 # 1500
3514.000 # 1500
3514.838 + 88 1
3515.000 # 1500
3516.000 # 1500
3516.534 - 88 1.696 1
3517.000 # 1500
3518.000 # 1500
3519.000 # 1500
3519.000 # 1500
3520.000 # 1500
3522.000 # 1500
3523.000 # 1500
3524.000 # 1500
3525.000 # 1500
3526.000 # 1500
3527.000 # 1500
3528.000 # 1500
3529.000 # 1500
3529.000 # 1500
3531.000 # 1500
3531.000 # 1500
3532.000 # 1500
3533.493 + 88 1
3534.000 # 1500
3534.000 # 1500
3534.938 - 88 1.445 1
3535.000 # 1500
3535.000 # 1500
3537.000 # 1500
3539.000 # 1500
3539.000 # 1500
3539.000 # 1500
3540.050 + 88 1
3541.000 # 1500
3541.980 - 88 1.930 1
3542.000 # 1500
3544.000 # 1500
3544.000 # 1500
3544.000 # 1500
3544.255 + 88 1
3545.000 # 1500
3546.575 - 88 2.320 1
3547.000 # 1500
3547.000 # 1500
3549.000 # 1500
3549.835 + 88 1
3550.000 # 1500
3550.000 # 1500
3551.000 # 1500
3551.506 - 88 1.671 1
3553.000 # 1500
3553.000 # 1500
3553.000 # 1500
3554.922 + 88 1
3555.000 # 1500
3555.000 # 1500
3555.126 - 88 0.204 1
3556.000 # 1500
3556.000 # 1500
3556.000 # 1500
3558.000 # 1500
3567.000 # 1500
3567.000 # 1500
3567.000 # 1500
3567.000 # 1500
3568.000 # 1500
3572.000 # 1500
3572.000 # 1500
3572.000 # 1500
3574.000 # 1500
3575.000 # 1500
3575.000 # 1500
3575.000 # 1500
3575.000 # 1500
3575.000 # 1500
3576.000 # 1500
3576.000 # 1500
3576.000 # 1500
3576.000 # 1500
3576.000 # 1500
3576.000 # 1500
3576.000 # 1500
3578.000 # 1500
3579.000 # 1500
3579.000 # 1500
3580.000 # 1500
3580.000 # 1500
3580.000 # 1500
3581.000 # 1500
3582.000 # 1500
3582.000 # 1500
3583.000 # 1500
3584.000 # 1500
3585.000 # 1500
3586.000 # 1500
3586.000 # 1500
3586.000 # 1500
3587.966 + 88 1
3588.227 + 88 1
3590.000 # 1500
3590.534 - 88 2.568 1
3590.563 - 88 2.336 1
3592.000 # 1500
3592.000 # 1500
3595.000 # 1500
3595.000 # 1500
3596.000 # 1500
3598.000 # 1500
3599.000 # 1500
3601.749 + 88 1
3603.000 # 1500
3603.762 + 88 1
3603.927 - 88 2.178 1
3605.000 # 1500
3606.248 - 88 2.486 1
3607.000 # 1500
3608.000 # 1500
3608.000 # 1500
3610.000 # 1500
3611.000 # 1500
3612.000 # 1500
3615.000 # 1500
3616.000 # 1500
3616.000 # 1500
3618.000 # 1500
3618.000 # 1500
3619.000 # 1500
3620.000 # 1500
3621.632 + 88 1
3622.000 # 1500
3623.000 # 1500
3623.347 - 88 1.715 1
3624.000 # 1500
3626.903 + 88 1
3627.000 # 1500
3627.000 # 1500
3627.211 + 88 1
3627.262 - 88 0.359 1
3628.000 # 1500
3628.000 # 1500
3628.758 - 88 1.547 1
3629.000 # 1500
3629.235 + 88 1
3630.000 # 1500
3630.650 - 88 1.415 1
3633.000 # 1500
3633.686 + 88 1
3634.000 # 1500
3634.000 # 1500
3635.474 - 88 1.788 1
3636.000 # 1500
3636.000 # 1500
3636.000 # 1500
3637.614 + 88 1
3638.000 # 1500
3640.000 # 1500
3640.240 - 88 2.626 1
3641.000 # 1500
3641.000 # 1500
3641.933 + 88 1
3645.712 + 88 1
3651.291 + 88 1
3652.000 # 1500
3653.206 - 88 11.273 1
3653.247 - 88 7.535 1
3653.317 - 88 2.026 1
3653.614 + 88 1
3655.000 # 1500
3655.000 # 1500
3655.000 # 1500
3655.000 # 1500
3655.000 # 1500
3655.000 # 1500
3655.000 # 1500
3656.000 # 1500
3656.319 - 88 2.705 1
3659.000 # 1500
3659.000 # 1500
3659.000 # 1500
3660.000 # 1500
3662.929 + 88 1
3665.000 # 1500
3665.000 # 1500
3665.000 # 1500
3665.688 - 88 2.759 1
3666.242 + 88 1
3667.000 # 1500
3667.000 # 1500
3668.000 # 1500
3669.197 - 88 2.955 1
3669.581 + 88 1
3671.000 # 1500
3671.000 # 1500
3671.000 # 1500
3672.000 # 1500
3672.337 - 88 2.756 1
3672.908 + 88 1
3675.000 # 1500
3675.142 + 88 1
3675.832 - 88 2.924 1
3678.000 # 1500
3679.104 - 88 3.962 1
3681.000 # 1500
3682.000 # 1500
3686.000 # 1500
3688.000 # 1500
3688.896 + 88 1
3689.007 + 88 1
3690.000 # 1500
3691.307 - 88 2.411 1
3691.405 - 88 2.398 1
3693.000 # 1500
3694.870 + 88 1
3696.000 # 1500
3696.508 - 88 1.638 1
3698.000 # 1500
3701.000 # 1500
3703.000 # 1500
3706.000 # 1500
3706.000 # 1500
3710.000 # 1500
3712.000 # 1500
3712.280 + 88 1
3712.384 + 88 1
3712.426 + 88 1
3712.757 + 88 1
3715.000 # 1500
3716.736 - 88 4.456 1
3716.835 - 88 4.451 1
3716.900 - 88 4.474 1
3716.919 - 88 4.162 1
3716.999 + 88 1
3717.000 # 1500
3720.000 # 1500
3720.496 - 88 3.497 1
3720.515 + 88 1
3722.000 # 1500
3722.734 + 88 1
3723.299 - 88 2.784 1
3726.000 # 1500
3726.707 - 88 3.973 1
3726.941 + 88 1
3729.000 # 1500
3729.415 - 88 2.474 1
3730.629 + 88 1
3732.000 # 1500
3733.000 # 1500
3733.312 - 88 2.683 1
3735.000 # 1500
3735.247 + 88 1
3736.000 # 1500
3737.057 - 88 1.810 1
3737.528 + 88 1
3738.000 # 1500
3739.010 - 88 1.482 1
3740.000 # 1500
3744.000 # 1500
3748.000 # 1500
3748.000 # 1500
3748.354 + 88 1
3752.720 + 88 1
3753.000 # 1500
3754.000 # 1500
3754.779 - 88 6.425 1
3754.956 - 88 2.236 1
3755.000 # 1500
3758.000 # 1500
3760.000 # 1500
3761.000 # 1500
3764.600 + 88 1
3764.923 + 88 1
3765.000 # 1500
3765.000 # 1500
3765.319 - 88 0.719 1
3768.000 # 1500
3769.348 - 88 4.425 1
3769.557 + 88 1
3770.000 # 1500
3771.248 - 88 1.691 1
3772.000 # 1500
3774.000 # 1500
3776.000 # 1500
3778.000 # 1500
3780.000 # 1500
3782.000 # 1500
3785.000 # 1500
3786.000 # 1500
3789.054 + 88 1
3789.252 + 88 1
3789.271 + 88 1
3789.500 + 88 1
3790.000 # 1500
3790.823 - 88 1.769 1
3790.960 - 88 1.708 1
3790.986 - 88 1.715 1
3791.001 - 88 1.501 1
3791.333 + 88 1
3792.000 # 1500
3792.833 - 88 1.500 1
3793.887 + 88 1
3794.000 # 1500
3797.000 # 1500
3798.765 - 88 4.878 1
3799.000 # 1500
3801.000 # 1500
3803.000 # 1500
3804.597 + 88 1
3808.000 # 1500
3809.000 # 1500
3809.136 - 88 4.539 1
3811.000 # 1500
3813.000 # 1500
3815.000 # 1500
3819.773 + 88 1
3820.342 + 88 1
3824.678 + 88 1
3826.829 + 88 1
3831.000 # 1500
3831.642 + 88 1
3831.684 - 88 11.911 1
3831.876 - 88 11.534 1
3831.921 - 88 7.243 1
3832.012 - 88 5.183 1
3833.763 + 88 1
3835.693 + 88 1
3839.100 + 88 1
3842.277 + 88 1
3845.506 + 88 1
3848.365 + 88 1
3852.088 + 88 1
3853.783 + 88 1
3854.000 # 1500
3855.983 - 88 24.341 1
3856.000 # 1500
3856.041 - 88 22.278 1
3856.156 - 88 20.463 1
3856.170 - 88 17.070 1
3856.179 - 88 13.902 1
3856.186 - 88 10.680 1
3856.194 - 88 7.829 1
3856.201 - 88 4.113 1
3856.208 - 88 2.425 1
3856.378 + 88 1
3858.000 # 1500
3859.228 - 88 2.850 1
3859.317 + 88 1
3860.000 # 1500
3861.789 - 88 2.472 1
3862.000 # 1500
3862.171 + 88 1
3863.000 # 1500
3863.604 + 88 1
3864.175 - 88 2.004 1
3865.000 # 1500
3867.000 # 1500
3867.072 - 88 3.468 1
3868.000 # 1500
3868.925 + 88 1
3869.000 # 1500
3869.201 - 88 0.276 1
3872.000 # 1500
3872.775 + 88 1
3873.000 # 1500
3874.000 # 1500
3874.388 - 88 1.613 1
3876.000 # 1500
3876.566 + 88 1
3877.000 # 1500
3878.275 - 88 1.709 1
3879.000 # 1500
3880.000 # 1500
3883.000 # 1500
3884.000 # 1500
3887.000 # 1500
3887.000 # 1500
3888.000 # 1500
3890.000 # 1500
3890.684 + 88 1
3891.000 # 1500
3892.202 - 88 1.518 1
3893.000 # 1500
3894.000 # 1500
3894.420 + 88 1
3895.000 # 1500
3895.000 # 1500
3896.000 # 1500
3896.157 - 88 1.737 1
3898.000 # 1500
3898.000 # 1500
3899.000 # 1500
3899.675 + 88 1
3900.000 # 1500
3902.228 + 88 1
3903.000 # 1500
3903.976 - 88 4.301 1
3904.000 # 1500
3904.098 - 88 1.870 1
3905.000 # 1500
3906.000 # 1500
3909.000 # 1500
3909.000 # 1500
3909.820 + 88 1
3911.000 # 1500
3911.664 - 88 1.844 1
3912.000 # 1500
3912.196 + 88 1
3913.000 # 1500
3913.972 - 88 1.776 1
3914.000 # 1500
3915.000 # 1500
3915.598 + 88 1
3916.000 # 1500
3917.000 # 1500
3917.527 - 88 1.929 1
3918.000 # 1500
3919.000 # 1500
3921.000 # 1500
3922.000 # 1500
3923.000 # 1500
3925.000 # 1500
3925.000 # 1500
3927.000 # 1500
3927.000 # 1500
3927.000 # 1500
3927.694 + 88 1
3928.319 + 88 1
3931.375 + 88 1
3933.628 + 88 1
3937.000 # 1500
3937.000 # 1500
3937.000 # 1500
3937.000 # 1500
3937.000 # 1500
3937.000 # 1500
3938.000 # 1500
3938.000 # 1500
3938.000 # 1500
3938.000 # 1500
3938.174 + 88 1
3938.400 - 88 10.706 1
3938.510 - 88 10.191 1
3938.530 - 88 7.155 1
3938.545 - 88 4.917 1
3939.000 # 1500
3939.000 # 1500
3939.000 # 1500
3940.000 # 1500
3940.199 - 88 2.025 1
3942.000 # 1500
3943.000 # 1500
3943.000 # 1500
3943.376 + 88 1
3944.000 # 1500
3944.905 - 88 1.529 1
3945.000 # 1500
3945.871 + 88 1
3947.000 # 1500
3948.010 - 88 2.139 1
3948.502 + 88 1
3950.000 # 1500
3951.960 - 88 3.458 1
3952.470 + 88 1
3953.886 + 88 1
3955.000 # 1500
3955.000 # 1500
3955.877 - 88 3.407 1
3956.109 - 88 2.223 1
3957.000 # 1500
3959.000 # 1500
3963.000 # 1500
3963.968 + 88 1
3966.000 # 1500
3966.876 - 88 2.908 1
3967.000 # 1500
3967.109 + 88 1
3970.468 + 88 1
3973.483 + 88 1
3975.435 + 88 1
3977.000 # 1500
3978.200 - 88 11.091 1
3978.291 - 88 7.823 1
3978.369 - 88 4.886 1
3978.382 - 88 2.947 1
3978.759 + 88 1
3978.978 + 88 1
3985.294 + 88 1
3986.000 # 1500
3987.063 - 88 8.304 1
3987.101 - 88 8.123 1
3987.118 - 88 1.824 1
3989.110 + 88 1
3991.334 + 88 1
3993.820 + 88 1
3997.051 + 88 1
4001.046 + 88 1
4002.970 + 88 1
4007.506 + 88 1
4009.000 # 1500
4009.464 - 88 20.354 1
4009.540 - 88 18.206 1
4009.556 - 88 15.736 1
4009.565 - 88 12.514 1
4009.571 - 88 8.525 1
4009.594 - 88 6.624 1
4009.664 - 88 2.158 1
4009.881 + 88 1
4012.880 + 88 1
4016.362 + 88 1
4019.295 + 88 1
4021.482 + 88 1
4023.454 + 88 1
4027.000 # 1500
4028.030 + 88 1
4028.693 - 88 18.812 1
4028.805 - 88 15.925 1
4028.891 - 88 12.529 1
4028.905 - 88 9.610 1
4028.913 - 88 7.431 1
4028.920 - 88 5.466 1
4029.000 # 1500
4029.342 + 88 1
4029.862 - 88 1.832 1
4031.000 # 1500
4032.000 # 1500
4032.219 - 88 2.877 1
4032.769 + 88 1
4034.000 # 1500
4034.774 - 88 2.005 1
4039.000 # 1500
4041.000 # 1500
4043.919 + 88 1
4044.141 + 88 1
4045.000 # 1500
4045.719 - 88 1.800 1
4045.740 - 88 1.599 1
4047.000 # 1500
4047.000 # 1500
4049.000 # 1500
4049.775 + 88 1
4051.000 # 1500
4051.632 - 88 1.857 1
4052.000 # 1500
4054.690 + 88 1
4055.000 # 1500
4055.000 # 1500
4056.000 # 1500
4056.365 - 88 1.675 1
4057.000 # 1500
4061.000 # 1500
4063.000 # 1500
4063.000 # 1500
4064.000 # 1500
4067.000 # 1500
4067.000 # 1500
4068.000 # 1500
4068.895 + 88 1
4069.000 # 1500
4069.239 + 88 1
4069.944 + 88 1
4071.000 # 1500
4071.960 - 88 3.065 1
4071.981 - 88 2.742 1
4071.989 - 88 2.045 1
4073.000 # 1500
4073.000 # 1500
4074.000 # 1500
4074.484 + 88 1
4077.000 # 1500
4078.183 + 88 1
4078.482 - 88 3.998 1
4079.000 # 1500
4079.000 # 1500
4079.734 - 88 1.551 1
4080.736 + 88 1
4081.000 # 1500
4081.000 # 1500
4081.106 - 88 0.370 1
4082.000 # 1500
4083.000 # 1500
4084.442 + 88 1
4086.000 # 1500
4086.579 + 88 1
4086.819 - 88 2.377 1
4088.364 + 88 1
4089.000 # 1500
4089.000 # 1500
4090.100 - 88 3.521 1
4090.150 - 88 1.786 1
4091.000 # 1500
4091.000 # 1500
4094.000 # 1500
4094.000 # 1500
4098.658 + 88 1
4098.928 + 88 1
4099.000 # 1500
4099.000 # 1500
4099.049 - 88 0.391 1
4100.000 # 1500
4100.549 - 88 1.621 1
4100.609 + 88 1
4101.023 + 88 1
4102.000 # 1500
4103.186 - 88 2.577 1
4103.214 - 88 2.191 1
4103.424 + 88 1
4103.502 + 88 1
4105.000 # 1500
4105.000 # 1500
4105.140 + 88 1
4105.511 - 88 2.087 1
4105.537 - 88 2.035 1
4108.050 + 88 1
4111.171 + 88 1
4113.794 + 88 1
4113.936 + 88 1
4115.000 # 1500
4115.000 # 1500
4116.000 # 1500
4116.000 # 1500
4116.000 # 1500
4116.907 - 88 11.767 1
4116.929 - 88 8.879 1
4116.936 - 88 5.765 1
4116.943 - 88 3.149 1
4116.949 - 88 3.013 1
4120.000 # 1500
4121.000 # 1500
4121.000 # 1500
4121.000 # 1500
4121.000 # 1500
4121.000 # 1500
4123.826 + 88 1
4127.000 # 1500
4127.000 # 1500
4127.000 # 1500
4127.620 - 88 3.794 1
4129.000 # 1500
4130.631 + 88 1
4133.571 + 88 1
4134.000 # 1500
4135.000 # 1500
4135.452 - 88 4.821 1
4135.482 - 88 1.911 1
4138.836 + 88 1
4140.412 + 88 1
4150.527 + 88 1
4150.659 + 88 1
4152.302 + 88 1
4156.028 + 88 1
4159.328 + 88 1
4163.797 + 88 1
4165.000 # 1500
4165.740 - 88 26.904 1
4165.760 - 88 25.348 1
4165.769 - 88 15.242 1
4165.776 - 88 15.117 1
4165.783 - 88 13.481 1
4165.790 - 88 9.762 1
4165.796 - 88 6.468 1
4165.802 - 88 2.005 1
4165.842 + 88 1
4168.745 + 88 1
4169.362 + 88 1
4170.000 # 1500
4170.825 - 88 4.983 1
4170.854 - 88 2.109 1
4170.868 - 88 1.506 1
4172.849 + 88 1
4174.760 + 88 1
4176.000 # 1500
4176.686 + 88 1
4177.112 - 88 4.263 1
4177.133 - 88 2.373 1
4179.000 # 1500
4179.566 - 88 2.880 1
4181.000 # 1500
4181.688 + 88 1
4183.000 # 1500
4184.194 - 88 2.506 1
4186.000 # 1500
4186.574 + 88 1
4188.000 # 1500
4189.094 - 88 2.520 1
4191.000 # 1500
4191.275 + 88 1
4192.000 # 1500
4192.962 + 88 1
4192.998 - 88 1.723 1
4194.000 # 1500
4194.409 - 88 1.447 1
4196.000 # 1500
4198.000 # 1500
4200.000 # 1500
4203.015 + 88 1
4204.000 # 1500
4204.692 - 88 1.677 1
4206.000 # 1500
4210.000 # 1500
4211.000 # 1500
4213.000 # 1500
4213.964 + 88 1
4214.065 + 88 1
4214.282 + 88 1
4215.000 # 1500
4216.015 - 88 2.051 1
4216.037 - 88 1.972 1
4216.045 - 88 1.763 1
4216.634 + 88 1
4220.000 # 1500
4220.000 # 1500
4220.576 + 88 1
4221.252 - 88 4.618 1
4223.676 + 88 1
4224.000 # 1500
4225.387 - 88 4.811 1
4225.407 - 88 1.731 1
4226.000 # 1500
4227.331 + 88 1
4228.000 # 1500
4229.204 - 88 1.873 1
4229.697 + 88 1
4231.000 # 1500
4231.619 + 88 1
4231.865 - 88 2.168 1
4232.000 # 1500
4233.249 - 88 1.630 1
4235.000 # 1500
4235.443 + 88 1
4236.472 + 88 1
4237.000 # 1500
4238.090 - 88 2.647 1
4238.109 - 88 1.637 1
4239.000 # 1500
4240.637 + 88 1
4242.028 + 88 1
4243.000 # 1500
4243.000 # 1500
4243.878 - 88 3.241 1
4243.900 - 88 1.872 1
4244.910 + 88 1
4246.001 + 88 1
4247.000 # 1500
4247.665 - 88 2.755 1
4248.000 # 1500
4248.151 - 88 2.150 1
4251.000 # 1500
4252.000 # 1500
4254.000 # 1500
4255.964 + 88 1
4256.000 # 1500
4256.585 + 88 1
4257.000 # 1500
4257.504 + 88 1
4257.964 - 88 2.000 1
4257.988 - 88 1.403 1
4260.000 # 1500
4261.463 - 88 3.959 1
4263.000 # 1500
4264.000 # 1500
4266.000 # 1500
4267.000 # 1500
4269.000 # 1500
4270.000 # 1500
4270.929 + 88 1
4271.000 # 1500
4275.000 # 1500
4275.745 - 88 4.816 1
4277.000 # 1500
4277.000 # 1500
4279.000 # 1500
4280.000 # 1500
4280.385 + 88 1
4280.516 + 88 1
4280.616 + 88 1
4281.983 + 88 1
4282.106 + 88 1
4282.156 + 88 1
4282.204 + 88 1
4283.000 # 1500
4284.000 # 1500
4284.259 - 88 3.874 1
4284.281 - 88 3.765 1
4284.289 - 88 3.673 1
4284.295 - 88 2.312 1
4284.302 - 88 2.196 1
4284.308 - 88 2.152 1
4284.314 - 88 2.110 1
4287.000 # 1500
4287.000 # 1500
4288.166 + 88 1
4288.612 + 88 1
4289.000 # 1500
4290.405 - 88 2.239 1
4290.424 - 88 1.812 1
4291.000 # 1500
4291.619 + 88 1
4292.000 # 1500
4293.000 # 1500
4293.190 - 88 1.571 1
4294.000 # 1500
4295.611 + 88 1
4297.000 # 1500
4297.000 # 1500
4298.144 + 88 1
4298.145 - 88 2.534 1
4300.000 # 1500
4300.816 - 88 2.672 1
4302.000 # 1500
4302.471 + 88 1
4305.154 + 88 1
4309.000 # 1500
4309.883 - 88 7.412 1
4309.910 - 88 4.756 1
4313.000 # 1500
4313.000 # 1500
4314.000 # 1500
4315.000 # 1500
4318.169 + 88 1
4318.239 + 88 1
4322.016 + 88 1
4324.135 + 88 1
4328.190 + 88 1
4330.000 # 1500
4330.000 # 1500
4330.799 - 88 12.630 1
4330.827 - 88 12.588 1
4330.841 - 88 8.825 1
4330.854 - 88 6.719 1
4330.868 - 88 2.678 1
4331.759 + 88 1
4333.898 + 88 1
4338.957 + 88 1
4341.000 # 1500
4341.000 # 1500
4341.000 # 1500
4341.000 # 1500
4341.000 # 1500
4341.550 - 88 9.791 1
4341.578 - 88 7.680 1
4341.593 - 88 2.636 1
4342.193 + 88 1
4345.729 + 88 1
4350.313 + 88 1
4352.000 # 1500
4353.000 # 1500
4353.000 # 1500
4353.000 # 1500
4353.000 # 1500
4353.000 # 1500
4353.345 + 88 1
4353.654 - 88 11.461 1
4353.674 - 88 7.945 1
4353.683 - 88 3.370 1
4354.000 # 1500
4355.000 # 1500
4355.330 + 88 1
4355.517 - 88 2.172 1
4357.383 + 88 1
4360.478 + 88 1
4363.224 + 88 1
4366.975 + 88 1
4367.000 # 1500
4367.000 # 1500
4367.491 - 88 12.161 1
4367.602 - 88 10.219 1
4367.655 - 88 7.177 1
4367.663 - 88 4.439 1
4369.000 # 1500
4369.830 - 88 2.855 1
4370.000 # 1500
4370.558 + 88 1
4371.000 # 1500
4372.239 - 88 1.681 1
4373.000 # 1500
4373.110 + 88 1
4374.000 # 1500
4375.000 # 1500
4375.086 - 88 1.976 1
4375.154 + 88 1
4378.000 # 1500
4378.877 + 88 1
4379.000 # 1500
4379.410 - 88 4.256 1
4381.000 # 1500
4381.617 + 88 1
4381.729 - 88 2.852 1
4383.000 # 1500
4384.000 # 1500
4384.680 - 88 3.063 1
4387.000 # 1500
4388.840 + 88 1
4388.991 + 88 1
4389.000 # 1500
4389.000 # 1500
4391.000 # 1500
4391.548 - 88 2.708 1
4391.668 - 88 2.677 1
4392.000 # 1500
4392.090 + 88 1
4394.000 # 1500
4395.000 # 1500
4395.367 - 88 3.277 1
4395.675 + 88 1
4397.000 # 1500
4397.370 + 88 1
4397.738 - 88 2.063 1
4399.603 + 88 1
4400.000 # 1500
4400.073 - 88 2.703 1
4400.098 - 88 0.495 1
4401.000 # 1500
4402.201 + 88 1
4403.000 # 1500
4403.989 - 88 1.788 1
4404.000 # 1500
4407.000 # 1500
4410.569 + 88 1
4410.955 + 88 1
4416.000 # 1500
4416.000 # 1500
4416.000 # 1500
4416.000 # 1500
4416.000 # 1500
4416.000 # 1500
4416.000 # 1500
4416.791 - 88 6.222 1
4416.833 - 88 5.878 1
4417.000 # 1500
4419.011 + 88 1
4424.000 # 1500
4424.000 # 1500
4424.000 # 1500
4424.000 # 1500
4424.564 - 88 5.553 1
4425.000 # 1500
4425.000 # 1500
4425.000 # 1500
4427.027 + 88 1
4430.000 # 1500
4430.000 # 1500
4430.206 + 88 1
4430.597 - 88 3.570 1
4433.619 + 88 1
4434.000 # 1500
4434.000 # 1500
4434.000 # 1500
4434.000 # 1500
4434.000 # 1500
4434.000 # 1500
4434.000 # 1500
4434.067 - 88 3.861 1
4435.000 # 1500
4436.456 - 88 2.837 1
4442.000 # 1500
4442.000 # 1500
4442.000 # 1500
4442.000 # 1500
4444.000 # 1500
4444.000 # 1500
4444.000 # 1500
4444.074 + 88 1
4446.000 # 1500
4446.000 # 1500
4447.000 # 1500
4447.354 + 88 1
4447.630 - 88 3.556 1
4450.000 # 1500
4450.000 # 1500
4450.000 # 1500
4450.319 + 88 1
4450.699 - 88 3.345 1
4451.000 # 1500
4452.000 # 1500
4452.983 - 88 2.664 1
4453.000 # 1500
4454.000 # 1500
4455.000 # 1500
4456.000 # 1500
4457.000 # 1500
4458.000 # 1500
4458.000 # 1500
4459.000 # 1500
4460.000 # 1500
4461.000 # 1500
4461.918 + 88 1
4462.187 + 88 1
4463.000 # 1500
4463.787 - 88 1.869 1
4463.890 - 88 1.703 1
4464.000 # 1500
4464.000 # 1500
4464.802 + 88 1
4465.000 # 1500
4465.333 - 88 0.531 1
4466.000 # 1500
4466.000 # 1500
4467.000 # 1500
4468.000 # 1500
4468.560 + 88 1
4469.000 # 1500
4469.918 + 88 1
4470.000 # 1500
4470.137 - 88 1.577 1
4472.000 # 1500
4472.519 - 88 2.601 1
4473.000 # 1500
4473.701 + 88 1
4475.000 # 1500
4475.000 # 1500
4475.919 + 88 1
4476.000 # 1500
4476.329 - 88 2.628 1
4477.000 # 1500
4477.734 - 88 1.815 1
4479.000 # 1500
4479.000 # 1500
4479.000 # 1500
4480.000 # 1500
4480.453 + 88 1
4481.000 # 1500
4482.000 # 1500
4482.316 - 88 1.863 1
4482.425 + 88 1
4489.178 + 88 1
4489.375 + 88 1
4491.537 + 88 1
4494.000 # 1500
4494.000 # 1500
4494.000 # 1500
4494.000 # 1500
4494.000 # 1500
4494.000 # 1500
4494.000 # 1500
4495.000 # 1500
4495.000 # 1500
4495.027 + 88 1
4495.624 - 88 13.199 1
4495.975 - 88 6.797 1
4496.058 - 88 6.683 1
4496.072 - 88 4.535 1
4496.282 + 88 1
4498.573 + 88 1
4502.902 + 88 1
4505.278 + 88 1
4506.000 # 1500
4506.000 # 1500
4507.684 - 88 12.657 1
4507.731 - 88 11.449 1
4507.749 - 88 9.176 1
4508.097 - 88 5.195 1
4508.108 + 88 1
4508.117 - 88 2.839 1
4511.482 + 88 1
4512.397 + 88 1
4517.583 + 88 1
4521.210 + 88 1
4523.244 + 88 1
4524.000 # 1500
4524.000 # 1500
4525.000 # 1500
4525.310 - 88 17.202 1
4525.353 - 88 13.871 1
4525.427 - 88 13.030 1
4525.442 - 88 7.859 1
4525.450 - 88 4.240 1
4525.457 - 88 2.213 1
4525.617 + 88 1
4526.000 # 1500
4526.000 # 1500
4526.000 # 1500
4526.000 # 1500
4526.000 # 1500
4526.000 # 1500
4526.000 # 1500
4526.000 # 1500
4526.000 # 1500
4526.000 # 1500
4526.000 # 1500
4527.000 # 1500
4527.484 - 88 1.867 1
4527.575 + 88 1
4529.787 + 88 1
4532.165 + 88 1
4534.522 + 88 1
4535.000 # 1500
4536.269 - 88 8.694 1
4536.291 - 88 6.504 1
4536.300 - 88 4.135 1
4536.307 - 88 1.785 1
4536.510 + 88 1
4537.000 # 1500
4538.945 - 88 2.435 1
4539.000 # 1500
4539.000 # 1500
4539.951 + 88 1
4540.000 # 1500
4541.000 # 1500
4542.109 + 88 1
4542.287 - 88 2.336 1
4544.000 # 1500
4544.000 # 1500
4544.462 + 88 1
4544.495 - 88 2.386 1
4545.000 # 1500
4545.943 - 88 1.481 1
4546.510 + 88 1
4551.000 # 1500
4551.000 # 1500
4551.000 # 1500
4551.000 # 1500
4551.774 + 88 1
4552.225 - 88 5.715 1
4561.000 # 1500
4562.000 # 1500
4562.000 # 1500
4562.000 # 1500
4562.000 # 1500
4562.000 # 1500
4562.288 - 88 10.514 1
4564.766 + 88 1
4566.000 # 1500
4566.000 # 1500
4566.000 # 1500
4566.000 # 1500
4566.589 - 88 1.823 1
4567.000 # 1500
4567.000 # 1500
4567.000 # 1500
4567.000 # 1500
4567.000 # 1500
4568.000 # 1500
4569.612 + 88 1
4571.557 + 88 1
4572.000 # 1500
4572.081 - 88 2.469 1
4572.106 - 88 0.549 1
4575.000 # 1500
4577.000 # 1500
4577.181 + 88 1
4583.000 # 1500
4583.661 - 88 6.480 1
4586.000 # 1500
4587.811 + 88 1
4589.666 + 88 1
4589.916 + 88 1
4590.000 # 1500
4590.073 - 88 2.262 1
4590.130 - 88 0.464 1
4593.573 + 88 1
4594.000 # 1500
4595.336 - 88 5.420 1
4595.391 - 88 1.818 1
4596.000 # 1500
4597.704 + 88 1
4598.000 # 1500
4599.368 - 88 1.664 1
4602.374 + 88 1
4603.000 # 1500
4604.143 - 88 1.769 1
4604.739 + 88 1
4606.000 # 1500
4607.098 - 88 2.359 1
4608.628 + 88 1
4610.000 # 1500
4610.544 + 88 1
4610.813 - 88 2.185 1
4613.000 # 1500
4613.481 + 88 1
4613.747 - 88 3.203 1
4616.000 # 1500
4617.150 + 88 1
4617.498 - 88 4.017 1
4620.152 + 88 1
4622.176 + 88 1
4623.000 # 1500
4623.691 - 88 6.541 1
4624.011 - 88 3.859 1
4624.086 - 88 1.910 1
4624.718 + 88 1
4625.000 # 1500
4626.203 - 88 1.485 1
4627.941 + 88 1
4630.000 # 1500
4630.567 - 88 2.626 1
4630.902 + 88 1
4634.000 # 1500
4634.439 - 88 3.537 1
4634.533 + 88 1
4636.999 + 88 1
4637.000 # 1500
4637.373 - 88 2.840 1
4638.000 # 1500
4639.313 - 88 2.314 1
4639.779 + 88 1
4642.569 + 88 1
4644.000 # 1500
4645.210 - 88 5.431 1
4645.333 - 88 2.764 1
4646.000 # 1500
4647.275 + 88 1
4647.385 + 88 1
4649.579 + 88 1
4650.000 # 1500
4651.421 - 88 4.146 1
4651.560 - 88 4.175 1
4651.578 + 88 1
4651.583 - 88 2.004 1
4656.212 + 88 1
4658.371 + 88 1
4669.728 + 88 1
4670.042 + 88 1
4674.000 # 1500
4674.554 - 88 22.976 1
4674.759 - 88 18.547 1
4674.792 - 88 16.421 1
4674.800 - 88 5.072 1
4674.807 - 88 4.765 1
4675.000 # 1500
4675.000 # 1500
4675.000 # 1500
4675.000 # 1500
4675.000 # 1500
4675.000 # 1500
4675.000 # 1500
4675.000 # 1500
4675.000 # 1500
4675.000 # 1500
4676.000 # 1500
4680.000 # 1500
4680.983 + 88 1
4681.000 # 1500
4681.102 + 88 1
4681.324 + 88 1
4683.000 # 1500
4684.515 - 88 3.532 1
4684.534 - 88 3.432 1
4684.546 - 88 3.222 1
4685.000 # 1500
4688.000 # 1500
4688.332 + 88 1
4688.699 + 88 1
4689.000 # 1500
4690.173 - 88 1.841 1
4690.194 - 88 1.495 1
4692.000 # 1500
4692.422 + 88 1
4694.000 # 1500
4695.045 - 88 2.623 1
4696.000 # 1500
4696.351 + 88 1
4698.000 # 1500
4698.882 - 88 2.531 1
4700.294 + 88 1
4701.000 # 1500
4701.741 - 88 1.447 1
4703.000 # 1500
4703.227 + 88 1
4705.000 # 1500
4705.979 + 88 1
4706.232 - 88 3.005 1
4708.000 # 1500
4708.208 + 88 1
4708.509 - 88 2.530 1
4709.000 # 1500
4709.685 - 88 1.477 1
4712.101 + 88 1
4714.000 # 1500
4714.522 + 88 1
4715.000 # 1500
4715.123 - 88 3.022 1
4716.000 # 1500
4716.651 - 88 2.129 1
4717.503 + 88 1
4718.000 # 1500
4719.744 - 88 2.241 1
4720.591 + 88 1
4722.000 # 1500
4723.420 - 88 2.829 1
4725.000 # 1500
4727.000 # 1500
4728.000 # 1500
4729.000 # 1500
4732.000 # 1500
4732.123 + 88 1
4733.000 # 1500
4734.000 # 1500
4734.122 + 88 1
4734.182 - 88 2.059 1
4735.000 # 1500
4736.236 - 88 2.114 1
4738.000 # 1500
4739.000 # 1500
4739.252 + 88 1
4740.000 # 1500
4741.000 # 1500
4741.046 - 88 1.794 1
4741.548 + 88 1
4744.000 # 1500
4744.000 # 1500
4745.000 # 1500
4745.923 + 88 1
4745.943 - 88 4.395 1
4746.000 # 1500
4748.000 # 1500
4748.746 + 88 1
4748.779 - 88 2.856 1
4749.000 # 1500
4750.000 # 1500
4750.771 - 88 2.025 1
4751.000 # 1500
4751.089 + 88 1
4755.000 # 1500
4755.000 # 1500
4755.739 + 88 1
4755.855 - 88 4.766 1
4756.000 # 1500
4756.181 - 88 0.442 1
4758.000 # 1500
4758.727 + 88 1
4759.000 # 1500
4760.570 - 88 1.843 1
4762.493 + 88 1
4763.000 # 1500
4763.000 # 1500
4764.000 # 1500
4764.751 - 88 2.258 1
4765.000 # 1500
4766.000 # 1500
4767.351 + 88 1
4768.000 # 1500
4769.000 # 1500
4769.260 + 88 1
4769.417 - 88 2.066 1
4770.000 # 1500
4771.295 + 88 1
4771.384 - 88 2.124 1
4774.000 # 1500
4775.000 # 1500
4775.340 - 88 4.045 1
4775.503 + 88 1
4776.000 # 1500
4776.000 # 1500
4777.000 # 1500
4777.111 - 88 1.608 1
4778.000 # 1500
4779.000 # 1500
4781.000 # 1500
4782.000 # 1500
4783.000 # 1500
4784.000 # 1500
4785.000 # 1500
4786.000 # 1500
4787.000 # 1500
4788.000 # 1500
4789.000 # 1500
4789.913 + 88 1
4790.000 # 1500
4791.765 + 88 1
4792.000 # 1500
4792.304 - 88 2.391 1
4792.349 - 88 0.584 1
4792.538 + 88 1
4793.000 # 1500
4794.000 # 1500
4794.604 - 88 2.066 1
4795.000 # 1500
4796.860 + 88 1
4797.000 # 1500
4797.000 # 1500
4798.000 # 1500
4798.627 - 88 1.767 1
4800.000 # 1500
4801.000 # 1500
4801.000 # 1500
4803.000 # 1500
4803.000 # 1500
4804.000 # 1500
4805.000 # 1500
4807.000 # 1500
4807.000 # 1500
4807.000 # 1500
4808.000 # 1500
4809.000 # 1500
4810.000 # 1500
4812.000 # 1500
4812.779 + 88 1
4813.000 # 1500
4814.000 # 1500
4815.000 # 1500
4815.000 # 1500
4815.304 - 88 2.525 1
4816.569 + 88 1
4817.000 # 1500
4817.000 # 1500
4818.000 # 1500
4819.000 # 1500
4819.000 # 1500
4819.180 - 88 2.611 1
4820.000 # 1500
4821.000 # 1500
4821.037 + 88 1
4822.000 # 1500
4822.000 # 1500
4823.000 # 1500
4823.320 - 88 2.283 1
4824.000 # 1500
4825.000 # 1500
4825.940 + 88 1
4827.000 # 1500
4827.000 # 1500
4828.004 - 88 2.064 1
4828.046 + 88 1
4829.000 # 1500
4829.000 # 1500
4829.815 - 88 1.769 1
4831.000 # 1500
4831.000 # 1500
4832.000 # 1500
4832.000 # 1500
4832.000 # 1500
4833.000 # 1500
4837.006 + 88 1
4839.800 + 88 1
4843.000 # 1500
4844.000 # 1500
4844.000 # 1500
4844.668 - 88 7.662 1
4844.765 - 88 4.965 1
4844.804 + 88 1
4846.000 # 1500
4846.375 - 88 1.571 1
4846.724 + 88 1
4847.000 # 1500
4847.014 + 88 1
4847.370 - 88 0.646 1
4848.000 # 1500
4849.000 # 1500
4849.285 - 88 2.271 1
4852.000 # 1500
4853.000 # 1500
4854.000 # 1500
4859.000 # 1500
4859.723 + 88 1
4864.000 # 1500
4864.000 # 1500
4865.000 # 1500
4866.000 # 1500
4866.032 - 88 6.309 1
4868.000 # 1500
4869.000 # 1500
4870.000 # 1500
4872.000 # 1500
4874.000 # 1500
4876.000 # 1500
4878.000 # 1500
4879.000 # 1500
4879.147 + 88 1
4883.000 # 1500
4883.000 # 1500
4884.000 # 1500
4884.275 - 88 5.128 1
4887.000 # 1500
4887.000 # 1500
4888.000 # 1500
4889.000 # 1500
4891.950 + 88 1
4892.214 + 88 1
4894.168 + 88 1
4902.442 + 88 1
4909.776 + 88 1
4918.000 # 1500
4918.000 # 1500
4918.000 # 1500
4918.538 - 88 26.588 1
4918.642 - 88 26.428 1
4918.675 - 88 24.507 1
4918.682 - 88 16.240 1
4918.689 - 88 8.913 1
4919.000 # 1500
4919.000 # 1500
4919.000 # 1500
4919.000 # 1500
4919.000 # 1500
4919.000 # 1500
4919.675 + 88 1
4920.000 # 1500
4920.000 # 1500
4920.000 # 1500
4920.000 # 1500
4920.000 # 1500
4920.000 # 1500
4920.000 # 1500
4920.000 # 1500
4921.000 # 1500
4921.300 - 88 1.625 1
4922.285 + 88 1
4923.663 + 88 1
4926.002 + 88 1
4927.817 + 88 1
4931.650 + 88 1
4934.222 + 88 1
4939.389 + 88 1
4939.574 + 88 1
4942.049 + 88 1
4944.871 + 88 1
4947.383 + 88 1
4950.958 + 88 1
4953.000 # 1500
4953.000 # 1500
4953.001 + 88 1
4953.410 - 88 31.125 1
4953.438 - 88 29.775 1
4953.453 - 88 27.451 1
4953.467 - 88 25.650 1
4953.480 - 88 21.830 1
4953.493 - 88 19.271 1
4953.506 - 88 14.117 1
4953.518 - 88 13.944 1
4953.531 - 88 11.482 1
4953.543 - 88 8.672 1
4953.556 - 88 6.173 1
4953.569 - 88 2.611 1
4954.000 # 1500
4954.000 # 1500
4956.634 - 88 3.633 1
4956.875 + 88 1
4958.000 # 1500
4958.534 - 88 1.659 1
4959.761 + 88 1
4961.000 # 1500
4961.468 - 88 1.707 1
4962.000 # 1500
4963.490 + 88 1
4965.000 # 1500
4965.640 + 88 1
4966.405 - 88 2.915 1
4968.457 + 88 1
4970.000 # 1500
4971.312 - 88 5.672 1
4971.333 - 88 2.876 1
4972.575 + 88 1
4974.000 # 1500
4974.275 + 88 1
4974.812 - 88 2.237 1
4977.000 # 1500
4977.205 + 88 1
4977.613 - 88 3.338 1
4981.449 + 88 1
4982.000 # 1500
4982.834 - 88 5.629 1
4982.855 - 88 1.406 1
4983.043 + 88 1
4985.000 # 1500
4985.882 - 88 2.839 1
4989.853 + 88 1
4990.000 # 1500
4990.037 + 88 1
4993.000 # 1500
4993.915 - 88 4.062 1
4993.937 - 88 3.900 1
4995.000 # 1500
4996.000 # 1500
4996.986 + 88 1
4997.183 + 88 1
4998.000 # 1500
4999.845 - 88 2.859 1
4999.866 - 88 2.683 1
5003.195 + 88 1
5004.901 + 88 1
5007.452 + 88 1
5010.633 + 88 1
5012.681 + 88 1
5014.787 + 88 1
5018.619 + 88 1
5020.401 + 88 1
5031.157 + 88 1
5033.192 + 88 1
5036.394 + 88 1
5038.502 + 88 1
5041.585 + 88 1
5043.000 # 1500
5044.349 - 88 41.154 1
5044.456 - 88 39.555 1
5044.474 - 88 37.022 1
5044.483 - 88 33.850 1
5044.490 - 88 31.809 1
5044.497 - 88 29.710 1
5044.504 - 88 25.885 1
5044.510 - 88 24.109 1
5044.516 - 88 13.359 1
5044.522 - 88 11.330 1
5044.529 - 88 8.135 1
5044.536 - 88 6.034 1
5044.543 - 88 2.958 1
5052.125 + 88 1
5055.000 # 1500
5056.357 + 88 1
5056.363 - 88 4.238 1
5059.000 # 1500
5059.410 + 88 1
5060.088 - 88 3.731 1
5063.025 + 88 1
5066.000 # 1500
5067.041 - 88 7.631 1
5067.062 - 88 4.037 1
5067.561 + 88 1
5068.000 # 1500
5068.204 - 88 0.643 1
5068.404 + 88 1
5071.160 + 88 1
5073.000 # 1500
5073.809 + 88 1
5074.131 - 88 5.727 1
5074.152 - 88 2.992 1
5076.360 + 88 1
5079.047 + 88 1
5080.000 # 1500
5080.674 - 88 6.865 1
5080.696 - 88 4.336 1
5080.704 - 88 1.657 1
5085.000 # 1500
5088.000 # 1500
5090.000 # 1500
5090.652 + 88 1
5093.619 + 88 1
5093.833 + 88 1
5094.000 # 1500
5095.000 # 1500
5095.298 - 88 4.646 1
5095.318 - 88 1.699 1
5095.325 - 88 1.492 1
5096.000 # 1500
5096.420 + 88 1
5098.000 # 1500
5099.351 - 88 2.931 1
5099.649 + 88 1
5101.270 + 88 1
5103.000 # 1500
5103.000 # 1500
5104.068 - 88 4.419 1
5104.091 - 88 2.821 1
5110.000 # 1500
5111.700 + 88 1
5112.000 # 1500
5112.027 + 88 1
5112.393 - 88 0.693 1
5113.581 + 88 1
5114.000 # 1500
5115.304 + 88 1
5115.324 - 88 3.297 1
5115.344 - 88 1.763 1
5115.685 + 88 1
5118.874 + 88 1
5119.000 # 1500
5119.646 - 88 4.342 1
5119.668 - 88 3.983 1
5121.000 # 1500
5121.675 - 88 2.801 1
5122.000 # 1500
5124.000 # 1500
5128.000 # 1500
5128.000 # 1500
5129.227 + 88 1
5129.607 + 88 1
5131.294 + 88 1
5133.000 # 1500
5134.000 # 1500
5134.272 - 88 5.045 1
5134.296 - 88 4.689 1
5134.305 - 88 3.011 1
5134.334 + 88 1
5136.130 + 88 1
5138.000 # 1500
5138.775 - 88 4.441 1
5138.797 - 88 2.667 1
5141.000 # 1500
5144.000 # 1500
5147.499 + 88 1
5149.000 # 1500
5149.000 # 1500
5149.517 + 88 1
5150.189 - 88 2.690 1
5150.531 + 88 1
5153.219 + 88 1
5155.713 + 88 1
5157.133 + 88 1
5159.000 # 1500
5159.000 # 1500
5159.000 # 1500
5159.639 - 88 10.122 1
5159.672 - 88 9.141 1
5159.676 - 88 6.457 1
5159.680 - 88 3.967 1
5159.682 - 88 2.549 1
5161.110 + 88 1
5162.000 # 1500
5163.010 - 88 1.900 1
5172.253 + 88 1
5172.520 + 88 1
5174.000 # 1500
5174.000 # 1500
5174.000 # 1500
5174.941 - 88 2.688 1
5174.968 - 88 2.448 1
5176.595 + 88 1
5179.502 + 88 1
5181.759 + 88 1
5184.000 # 1500
5184.000 # 1500
5184.841 + 88 1
5185.000 # 1500
5185.000 # 1500
5185.078 - 88 8.483 1
5185.089 - 88 5.587 1
5185.092 - 88 3.333 1
5186.441 - 88 1.600 1
5189.459 + 88 1
5190.000 # 1500
5191.274 - 88 1.815 1
5193.169 + 88 1
5196.278 + 88 1
5198.074 + 88 1
5200.000 # 1500
5200.000 # 1500
5201.052 + 88 1
5201.178 - 88 8.009 1
5201.217 - 88 4.939 1
5201.227 - 88 3.153 1
5203.229 + 88 1
5204.000 # 1500
5204.969 - 88 3.917 1
5204.993 - 88 1.764 1
5206.000 # 1500
5206.062 + 88 1
5208.000 # 1500
5208.311 - 88 2.249 1
5209.768 + 88 1
5212.701 + 88 1
5214.642 + 88 1
5215.748 + 88 1
5217.000 # 1500
5217.000 # 1500
5217.000 # 1500
5217.996 - 88 8.228 1
5218.006 - 88 5.305 1
5218.008 - 88 3.366 1
5218.011 - 88 2.263 1
5219.573 + 88 1
5221.470 + 88 1
5221.630 + 88 1
5225.815 + 88 1
5230.000 # 1500
5230.000 # 1500
5231.000 # 1500
5231.000 # 1500
5231.479 - 88 11.906 1
5231.495 - 88 10.025 1
5231.499 - 88 9.869 1
5231.501 - 88 5.686 1
5232.000 # 1500
5233.000 # 1500
5234.915 + 88 1
5235.000 # 1500
5236.308 - 88 1.393 1
5236.996 + 88 1
5237.000 # 1500
5237.000 # 1500
5238.000 # 1500
5238.432 - 88 1.436 1
5238.604 + 88 1
5240.000 # 1500
5241.096 - 88 2.492 1
5242.000 # 1500
5242.318 + 88 1
5244.000 # 1500
5244.959 - 88 2.641 1
5245.000 # 1500
5245.000 # 1500
5250.000 # 1500
5251.000 # 1500
5251.255 + 88 1
5251.509 + 88 1
5252.000 # 1500
5253.110 - 88 1.855 1
5253.123 - 88 1.614 1
5253.419 + 88 1
5254.000 # 1500
5254.780 - 88 1.361 1
5255.000 # 1500
5255.000 # 1500
5256.000 # 1500
5256.268 + 88 1
5258.000 # 1500
5258.000 # 1500
5258.663 - 88 2.395 1
5259.000 # 1500
5259.000 # 1500
5259.933 + 88 1
5261.000 # 1500
5261.616 - 88 1.683 1
5261.790 + 88 1
5262.000 # 1500
5262.000 # 1500
5263.117 - 88 1.327 1
5265.000 # 1500
5265.000 # 1500
5265.000 # 1500
5265.000 # 1500
5266.000 # 1500
5267.000 # 1500
5268.000 # 1500
5269.000 # 1500
5270.000 # 1500
5271.752 + 88 1
5272.000 # 1500
5273.296 - 88 1.544 1
5274.000 # 1500
5274.000 # 1500
5274.000 # 1500
5277.000 # 1500
5277.000 # 1500
5278.000 # 1500
5279.000 # 1500
5281.000 # 1500
5281.581 + 88 1
5282.000 # 1500
5283.167 - 88 1.586 1
5283.732 + 88 1
5290.497 + 88 1
5292.000 # 1500
5292.000 # 1500
5292.391 + 88 1
5292.643 - 88 8.911 1
5292.658 - 88 2.161 1
5293.000 # 1500
5293.000 # 1500
5293.000 # 1500
5293.000 # 1500
5293.000 # 1500
5293.000 # 1500
5293.000 # 1500
5293.792 - 88 1.401 1
5295.206 + 88 1
5299.000 # 1500
5299.000 # 1500
5299.000 # 1500
5300.000 # 1500
5300.000 # 1500
5300.000 # 1500
5300.077 - 88 4.871 1
5303.000 # 1500
5305.000 # 1500
5305.000 # 1500
5305.000 # 1500
5310.000 # 1500
5310.000 # 1500
5310.000 # 1500
5310.000 # 1500
5310.000 # 1500
5310.000 # 1500
5311.000 # 1500
5311.848 + 88 1
5314.000 # 1500
5314.000 # 1500
5314.433 - 88 2.585 1
5315.000 # 1500
5316.633 + 88 1
5317.000 # 1500
5317.000 # 1500
5318.262 - 88 1.629 1
5319.000 # 1500
5319.739 + 88 1
5321.000 # 1500
5322.000 # 1500
5322.432 - 88 2.693 1
5323.000 # 1500
5324.487 + 88 1
5325.000 # 1500
5326.000 # 1500
5326.029 - 88 1.542 1
5327.386 + 88 1
5330.000 # 1500
5330.904 - 88 3.518 1
5332.213 + 88 1
5335.000 # 1500
5335.923 - 88 3.710 1
5336.084 + 88 1
5337.000 # 1500
5337.714 - 88 1.630 1
5339.000 # 1500
5340.202 + 88 1
5342.000 # 1500
5342.646 - 88 2.444 1
5343.322 + 88 1
5345.000 # 1500
5345.652 - 88 2.330 1
5350.179 + 88 1
5355.000 # 1500
5355.000 # 1500
5355.000 # 1500
5355.490 - 88 5.311 1
5357.414 + 88 1
5359.000 # 1500
5359.000 # 1500
5359.000 # 1500
5360.339 - 88 2.925 1
5360.593 + 88 1
5362.000 # 1500
5362.000 # 1500
5363.282 - 88 2.689 1
5365.000 # 1500
5365.000 # 1500
5365.297 + 88 1
5369.000 # 1500
5369.999 - 88 4.702 1
5373.000 # 1500
5374.224 + 88 1
5375.000 # 1500
5375.853 - 88 1.629 1
5377.991 + 88 1
5378.000 # 1500
5380.035 + 88 1
5381.000 # 1500
5381.832 - 88 3.841 1
5381.871 - 88 1.836 1
5385.000 # 1500
5390.933 + 88 1
5391.000 # 1500
5393.700 + 88 1
5394.000 # 1500
5394.000 # 1500
5395.046 - 88 4.113 1
5395.089 - 88 1.389 1
5397.000 # 1500
5398.471 + 88 1
5400.000 # 1500
5400.805 - 88 2.334 1
5401.000 # 1500
5402.471 + 88 1
5403.000 # 1500
5403.804 - 88 1.333 1
5405.000 # 1500
5406.000 # 1500
5414.596 + 88 1
5414.828 + 88 1
5417.771 + 88 1
5419.000 # 1500
5419.000 # 1500
5419.000 # 1500
5419.000 # 1500
5419.000 # 1500
5419.000 # 1500
5420.520 - 88 5.924 1
5420.619 - 88 5.791 1
5420.699 - 88 2.928 1
5423.000 # 1500
5424.000 # 1500
5428.000 # 1500
5428.556 + 88 1
5428.782 + 88 1
5429.000 # 1500
5429.000 # 1500
5430.040 - 88 1.484 1
5430.081 - 88 1.299 1
5432.000 # 1500
5432.396 + 88 1
5436.000 # 1500
5436.000 # 1500
5436.946 - 88 4.550 1
5437.000 # 1500
5437.344 + 88 1
5439.000 # 1500
5439.848 - 88 2.504 1
5441.302 + 88 1
5442.000 # 1500
5442.921 - 88 1.619 1
5444.000 # 1500
5444.851 + 88 1
5445.000 # 1500
5447.000 # 1500
5448.000 # 1500
5448.073 - 88 3.222 1
5448.220 + 88 1
5449.000 # 1500
5449.610 - 88 1.390 1
5450.000 # 1500
5451.745 + 88 1
5452.000 # 1500
5453.483 - 88 1.738 1
5453.888 + 88 1
5454.000 # 1500
5454.088 - 88 0.200 1
5457.561 + 88 1
5460.000 # 1500
5460.000 # 1500
5460.000 # 1500
5461.000 # 1500
5461.303 - 88 3.742 1
5461.665 + 88 1
5464.000 # 1500
5464.000 # 1500
5465.227 - 88 3.562 1
5465.733 + 88 1
5466.000 # 1500
5467.211 - 88 1.478 1
5467.608 + 88 1
5468.000 # 1500
5469.132 - 88 1.524 1
5471.140 + 88 1
5474.125 + 88 1
5477.000 # 1500
5477.075 + 88 1
5477.331 - 88 6.191 1
5477.370 - 88 3.245 1
5479.000 # 1500
5479.000 # 1500
5479.914 - 88 2.839 1
5480.000 # 1500
5481.164 + 88 1
5482.000 # 1500
5482.823 - 88 1.659 1
5483.000 # 1500
5483.000 # 1500
5483.000 # 1500
5483.074 + 88 1
5484.000 # 1500
5484.734 - 88 1.660 1
5494.736 + 88 1
5496.000 # 1500
5496.000 # 1500
5497.026 + 88 1
5497.067 - 88 2.331 1
5500.518 + 88 1
5502.000 # 1500
5502.435 + 88 1
5502.680 - 88 5.654 1
5502.722 - 88 2.204 1
5502.839 + 88 1
5504.000 # 1500
5504.995 + 88 1
5505.000 # 1500
5505.518 - 88 3.083 1
5505.539 - 88 2.700 1
5508.000 # 1500
5508.246 + 88 1
5508.702 - 88 3.707 1
5509.000 # 1500
5509.145 + 88 1
5509.407 - 88 1.161 1
5510.424 + 88 1
5512.000 # 1500
5513.350 - 88 4.205 1
5513.375 - 88 2.951 1
5514.217 + 88 1
5514.603 + 88 1
5516.000 # 1500
5516.000 # 1500
5517.167 - 88 2.950 1
5517.178 - 88 2.575 1
5517.294 + 88 1
5518.975 + 88 1
5519.000 # 1500
5519.168 - 88 1.874 1
5520.000 # 1500
5520.342 - 88 1.367 1
5521.925 + 88 1
5522.000 # 1500
5522.144 - 88 0.219 1
5524.044 + 88 1
5525.000 # 1500
5525.812 + 88 1
5525.830 - 88 1.786 1
5526.000 # 1500
5527.285 - 88 1.473 1
5528.000 # 1500
5528.006 + 88 1
5530.000 # 1500
5530.839 + 88 1
5530.854 - 88 2.848 1
5533.000 # 1500
5533.000 # 1500
5533.711 + 88 1
5533.825 - 88 2.986 1
5533.945 + 88 1
5537.470 + 88 1
5537.650 + 88 1
5538.000 # 1500
5539.000 # 1500
5539.480 - 88 5.769 1
5539.490 - 88 5.545 1
5539.493 - 88 2.023 1
5539.495 - 88 1.845 1
5539.687 + 88 1
5540.000 # 1500
5541.609 - 88 1.922 1
5541.649 + 88 1
5544.000 # 1500
5544.439 + 88 1
5544.626 - 88 2.977 1
5547.000 # 1500
5547.000 # 1500
5548.268 - 88 3.829 1
5548.481 + 88 1
5551.554 + 88 1
5559.000 # 1500
5559.000 # 1500
5559.000 # 1500
5559.000 # 1500
5559.000 # 1500
5559.000 # 1500
5559.000 # 1500
5560.000 # 1500
5560.968 - 88 12.487 1
5560.978 - 88 9.424 1
5563.000 # 1500
5563.000 # 1500
5563.104 + 88 1
5564.000 # 1500
5565.760 - 88 2.656 1
5567.000 # 1500
5568.000 # 1500
5569.000 # 1500
5571.000 # 1500
5572.000 # 1500
5572.731 + 88 1
5572.905 + 88 1
5574.000 # 1500
5575.572 - 88 2.841 1
5575.583 - 88 2.678 1
5578.000 # 1500
5579.000 # 1500
5580.598 + 88 1
5581.000 # 1500
5582.373 - 88 1.775 1
5583.000 # 1500
5584.000 # 1500
5586.000 # 1500
5587.000 # 1500
5588.000 # 1500
5588.000 # 1500
5589.419 + 88 1
5591.000 # 1500
5591.000 # 1500
5591.847 - 88 2.428 1
5593.000 # 1500
5594.000 # 1500
5594.011 + 88 1
5595.000 # 1500
5595.000 # 1500
5596.000 # 1500
5596.333 + 88 1
5596.382 - 88 2.371 1
5598.000 # 1500
5598.486 + 88 1
5599.000 # 1500
5599.267 - 88 2.934 1
5599.290 - 88 0.804 1
5599.800 + 88 1
5601.000 # 1500
5602.000 # 1500
5602.348 - 88 2.548 1
5612.097 + 88 1
5612.170 + 88 1
5612.177 + 88 1
5614.000 # 1500
5614.000 # 1500
5614.000 # 1500
5614.000 # 1500
5614.634 - 88 2.537 1
5614.700 - 88 2.530 1
5614.720 - 88 2.543 1
5615.000 # 1500
5616.160 + 88 1
5624.805 + 88 1
5625.115 + 88 1
5627.000 # 1500
5627.000 # 1500
5627.000 # 1500
5627.000 # 1500
5627.000 # 1500
5627.896 - 88 11.736 1
5627.937 - 88 3.132 1
5628.000 # 1500
5628.010 - 88 2.895 1
5628.115 + 88 1
5629.506 + 88 1
5631.000 # 1500
5631.000 # 1500
5631.908 + 88 1
5632.114 - 88 3.999 1
5632.128 - 88 2.622 1
5633.000 # 1500
5633.481 - 88 1.573 1
5635.000 # 1500
5637.000 # 1500
5637.486 + 88 1
5637.701 + 88 1
5639.000 # 1500
5640.427 + 88 1
5640.868 - 88 3.382 1
5641.489 - 88 3.788 1
5643.000 # 1500
5643.386 - 88 2.959 1
5644.000 # 1500
5645.000 # 1500
5647.000 # 1500
5649.000 # 1500
5650.000 # 1500
5651.340 + 88 1
5652.000 # 1500
5654.000 # 1500
5654.162 + 88 1
5654.517 - 88 3.177 1
5655.000 # 1500
5655.534 + 88 1
5656.000 # 1500
5656.106 - 88 1.944 1
5656.127 - 88 0.593 1
5658.000 # 1500
5658.690 + 88 1
5659.000 # 1500
5660.702 - 88 2.012 1
5662.000 # 1500
5663.000 # 1500
5664.000 # 1500
5665.000 # 1500
5667.000 # 1500
5668.068 + 88 1
5668.165 + 88 1
5669.000 # 1500
5669.089 + 88 1
5669.351 + 88 1
5669.465 - 88 1.397 1
5669.492 - 88 1.327 1
5670.000 # 1500
5671.516 - 88 2.427 1
5671.535 - 88 2.184 1
5672.106 + 88 1
5674.000 # 1500
5674.000 # 1500
5675.000 # 1500
5675.972 - 88 3.866 1
5676.249 + 88 1
5677.000 # 1500
5678.241 - 88 1.992 1
5680.000 # 1500
5682.000 # 1500
5683.000 # 1500
5684.000 # 1500
5687.247 + 88 1
5687.354 + 88 1
5687.370 + 88 1
5688.000 # 1500
5688.000 # 1500
5689.000 # 1500
5689.000 # 1500
5689.030 - 88 1.783 1
5689.123 - 88 1.769 1
5689.201 - 88 1.831 1
5691.000 # 1500
5692.000 # 1500
5696.053 + 88 1
5696.164 + 88 1
5697.992 + 88 1
5704.000 # 1500
5704.000 # 1500
5704.000 # 1500
5704.904 - 88 8.851 1
5704.998 - 88 8.834 1
5705.000 # 1500
5705.000 # 1500
5705.000 # 1500
5705.000 # 1500
5705.000 # 1500
5705.091 - 88 7.099 1
5706.000 # 1500
5707.031 + 88 1
5709.000 # 1500
5709.643 - 88 2.612 1
5710.000 # 1500
5712.046 + 88 1
5712.548 + 88 1
5713.000 # 1500
5714.000 # 1500
5714.536 - 88 2.490 1
5714.827 - 88 2.279 1
5714.903 + 88 1
5716.000 # 1500
5716.697 - 88 1.794 1
5718.739 + 88 1
5721.000 # 1500
5721.000 # 1500
5722.000 # 1500
5722.389 + 88 1
5722.624 - 88 3.885 1
5723.000 # 1500
5724.287 - 88 1.898 1
5725.000 # 1500
5726.553 + 88 1
5728.457 + 88 1
5730.622 + 88 1
5732.527 + 88 1
5734.000 # 1500
5735.521 - 88 8.968 1
5735.627 - 88 7.170 1
5735.652 - 88 5.030 1
5735.663 - 88 3.136 1
5736.319 + 88 1
5737.000 # 1500
5737.438 + 88 1
5738.000 # 1500
5738.106 - 88 1.787 1
5738.129 - 88 0.691 1
5739.000 # 1500
5740.000 # 1500
5740.180 + 88 1
5741.000 # 1500
5741.674 - 88 1.494 1
5742.000 # 1500
5742.000 # 1500
5742.000 # 1500
5743.000 # 1500
5743.607 + 88 1
5744.000 # 1500
5744.070 - 88 0.463 1
5744.984 + 88 1
5746.000 # 1500
5746.650 - 88 1.666 1
5748.000 # 1500
5750.885 + 88 1
5751.000 # 1500
5751.276 + 88 1
5752.630 + 88 1
5754.000 # 1500
5755.518 - 88 4.633 1
5755.542 - 88 4.266 1
5755.567 - 88 2.937 1
5759.000 # 1500
5760.000 # 1500
5762.556 + 88 1
5762.875 + 88 1
5763.000 # 1500
5764.374 - 88 1.818 1
5764.453 - 88 1.578 1
5764.846 + 88 1
5766.000 # 1500
5767.201 - 88 2.355 1
5767.282 + 88 1
5768.000 # 1500
5769.000 # 1500
5769.176 - 88 1.894 1
5771.000 # 1500
5771.603 + 88 1
5772.672 + 88 1
5774.000 # 1500
5774.000 # 1500
5774.627 + 88 1
5774.854 - 88 3.251 1
5774.890 - 88 2.218 1
5776.000 # 1500
5777.000 # 1500
5777.192 - 88 2.565 1
5778.095 + 88 1
5779.000 # 1500
5779.585 - 88 1.490 1
5780.000 # 1500
5780.939 + 88 1
5783.000 # 1500
5784.000 # 1500
5784.092 + 88 1
5784.440 - 88 3.501 1
5785.000 # 1500
5785.780 - 88 1.688 1
5786.193 + 88 1
5787.000 # 1500
5788.000 # 1500
5788.034 + 88 1
5788.044 - 88 1.851 1
5790.000 # 1500
5790.000 # 1500
5790.612 - 88 2.578 1
5794.000 # 1500
5794.000 # 1500
5794.788 + 88 1
5795.000 # 1500
5795.000 # 1500
5795.108 + 88 1
5795.286 - 88 0.498 1
5796.000 # 1500
5796.730 - 88 1.622 1
5798.000 # 1500
5799.000 # 1500
5800.000 # 1500
5801.000 # 1500
5803.000 # 1500
5805.000 # 1500
5806.000 # 1500
5807.000 # 1500
5814.249 + 88 1
5814.579 + 88 1
5816.349 + 88 1
5824.004 + 88 1
5825.000 # 1500
5825.000 # 1500
5825.000 # 1500
5825.000 # 1500
5825.000 # 1500
5825.000 # 1500
5825.000 # 1500
5825.659 - 88 11.410 1
5825.689 - 88 11.110 1
5825.804 - 88 9.455 1
5825.972 - 88 1.968 1
5826.000 # 1500
5826.000 # 1500
5826.000 # 1500
5827.000 # 1500
5827.000 # 1500
5828.360 + 88 1
5828.719 + 88 1
5829.000 # 1500
5830.095 - 88 1.735 1
5830.128 - 88 1.409 1
5835.000 # 1500
5837.000 # 1500
5838.000 # 1500
5840.000 # 1500
5845.000 # 1500
5846.000 # 1500
5848.000 # 1500
5849.000 # 1500
5851.000 # 1500
5853.000 # 1500
5854.000 # 1500
5854.313 + 88 1
5855.000 # 1500
5856.245 - 88 1.932 1
5856.315 + 88 1
5858.000 # 1500
5858.672 - 88 2.357 1
5859.328 + 88 1
5860.000 # 1500
5860.957 - 88 1.629 1
5861.000 # 1500
5861.995 + 88 1
5863.000 # 1500
5864.038 - 88 2.043 1
5864.226 + 88 1
5865.000 # 1500
5865.855 - 88 1.629 1
5868.011 + 88 1
5873.125 + 88 1
5876.101 + 88 1
5878.865 + 88 1
5881.900 + 88 1
5882.000 # 1500
5882.000 # 1500
5882.246 - 88 14.235 1
5882.285 - 88 9.160 1
5882.357 - 88 6.256 1
5882.371 - 88 3.506 1
5883.000 # 1500
5883.000 # 1500
5883.000 # 1500
5883.000 # 1500
5883.000 # 1500
5884.182 - 88 2.282 1
5885.000 # 1500
5885.000 # 1500
5885.000 # 1500
5885.000 # 1500
5886.000 # 1500
5886.000 # 1500
5889.000 # 1500
5891.000 # 1500
5892.000 # 1500
5893.000 # 1500
5894.379 + 88 1
5894.786 + 88 1
5896.560 + 88 1
5898.508 + 88 1
5902.407 + 88 1
5902.673 + 88 1
5904.000 # 1500
5905.000 # 1500
5905.000 # 1500
5905.000 # 1500
5907.022 - 88 12.643 1
5907.077 - 88 12.291 1
5907.097 - 88 10.537 1
5907.111 - 88 8.603 1
5907.124 - 88 4.717 1
5907.196 + 88 1
5907.290 - 88 4.617 1
5907.407 + 88 1
5909.000 # 1500
5909.000 # 1500
5909.716 - 88 2.520 1
5909.743 - 88 2.336 1
5911.121 + 88 1
5912.000 # 1500
5912.545 - 88 1.424 1
5913.084 + 88 1
5915.000 # 1500
5915.470 + 88 1
5915.544 - 88 2.460 1
5918.000 # 1500
5919.412 - 88 3.942 1
5920.000 # 1500
5922.000 # 1500
5925.000 # 1500
5926.458 + 88 1
5927.000 # 1500
5928.000 # 1500
5928.200 - 88 1.742 1
5929.000 # 1500
5929.081 + 88 1
5930.000 # 1500
5930.663 + 88 1
5931.047 - 88 1.966 1
5932.000 # 1500
5933.000 # 1500
5933.336 - 88 2.673 1
5934.000 # 1500
5935.000 # 1500
5935.480 + 88 1
5936.000 # 1500
5937.506 + 88 1
5937.623 - 88 2.143 1
5938.000 # 1500
5939.000 # 1500
5939.200 - 88 1.694 1
5939.549 + 88 1
5945.000 # 1500
5945.000 # 1500
5945.000 # 1500
5946.000 # 1500
5946.803 - 88 7.254 1
5947.000 # 1500
5948.000 # 1500
5949.000 # 1500
5952.000 # 1500
5952.000 # 1500
5953.000 # 1500
5954.000 # 1500
5957.583 + 88 1
5965.754 + 88 1
5966.000 # 1500
5966.000 # 1500
5966.000 # 1500
5966.000 # 1500
5966.000 # 1500
5966.000 # 1500
5967.720 - 88 10.137 1
5967.746 - 88 1.992 1
5967.960 + 88 1
5970.831 + 88 1
5973.146 + 88 1
5975.000 # 1500
5975.000 # 1500
5975.000 # 1500
5975.000 # 1500
5975.691 - 88 7.731 1
5975.710 - 88 4.879 1
5975.719 - 88 2.573 1
5975.753 + 88 1
5978.000 # 1500
5979.657 - 88 3.904 1
5982.000 # 1500
5983.000 # 1500
5985.000 # 1500
5985.379 + 88 1
5987.071 + 88 1
5987.863 + 88 1
5988.000 # 1500
5988.211 - 88 2.832 1
5988.231 - 88 1.160 1
5990.000 # 1500
5990.000 # 1500
5990.402 - 88 2.539 1
5991.000 # 1500
5994.000 # 1500
5995.000 # 1500
5997.345 + 88 1
6000.000 # 1500
6000.741 + 88 1
6000.816 + 88 1
6000.990 - 88 3.645 1
6001.000 # 1500
6001.138 + 88 1
6001.379 - 88 0.638 1
6001.399 - 88 0.583 1
6002.000 # 1500
6003.040 - 88 1.902 1
6004.000 # 1500
6008.000 # 1500
6008.000 # 1500
6012.189 + 88 1
6012.543 + 88 1
6014.445 + 88 1
6016.375 + 88 1
6019.000 # 1500
6020.189 - 88 8.000 1
6020.259 - 88 7.716 1
6020.275 - 88 5.830 1
6020.284 - 88 3.909 1
6022.000 # 1500
6022.000 # 1500
6022.000 # 1500
6022.000 # 1500
6022.000 # 1500
6022.000 # 1500
6025.000 # 1500
6025.000 # 1500
6026.755 + 88 1
6029.000 # 1500
6029.680 + 88 1
6029.923 - 88 3.168 1
6031.746 + 88 1
6033.000 # 1500
6033.542 - 88 3.862 1
6033.583 - 88 1.837 1
6035.000 # 1500
6042.476 + 88 1
6042.726 + 88 1
6049.000 # 1500
6049.588 + 88 1
6049.851 - 88 7.375 1
6049.899 - 88 7.173 1
6050.000 # 1500
6051.269 - 88 1.681 1
6060.000 # 1500
6064.815 + 88 1
6069.740 + 88 1
6069.928 + 88 1
6078.704 + 88 1
6089.000 # 1500
6089.644 + 88 1
6090.052 - 88 25.237 1
6090.091 - 88 20.351 1
6090.108 - 88 20.180 1
6090.117 - 88 11.413 1
6090.248 + 88 1
6091.000 # 1500
6092.164 - 88 2.520 1
6092.240 - 88 1.992 1
6096.150 + 88 1
6096.519 + 88 1
6098.472 + 88 1
6101.765 + 88 1
6104.674 + 88 1
6108.000 # 1500
6108.000 # 1500
6108.000 # 1500
6109.690 - 88 13.540 1
6109.713 - 88 13.194 1
6109.723 - 88 11.251 1
6109.730 - 88 7.965 1
6109.736 - 88 5.062 1
6110.000 # 1500
6113.000 # 1500
6115.000 # 1500
6115.610 + 88 1
6116.000 # 1500
6117.510 - 88 1.900 1
6120.000 # 1500
6120.448 + 88 1
6124.000 # 1500
6125.320 - 88 4.872 1
6125.963 + 88 1
6126.085 + 88 1
6127.000 # 1500
6127.000 # 1500
6127.686 - 88 1.723 1
6127.934 - 88 1.849 1
6128.325 + 88 1
6129.000 # 1500
6130.149 - 88 1.824 1
6132.000 # 1500
6132.000 # 1500
6132.847 + 88 1
6133.000 # 1500
6135.216 + 88 1
6143.282 + 88 1
6143.393 + 88 1
6144.000 # 1500
6144.000 # 1500
6144.000 # 1500
6144.000 # 1500
6144.000 # 1500
6145.795 - 88 12.948 1
6145.996 - 88 10.780 1
6146.073 - 88 2.791 1
6146.087 - 88 2.694 1
6146.137 + 88 1
6153.655 + 88 1
6155.000 # 1500
6156.507 - 88 10.370 1
6156.647 - 88 2.992 1
6157.000 # 1500
6163.423 + 88 1
6163.645 + 88 1
6168.000 # 1500
6169.278 - 88 5.855 1
6169.299 - 88 5.654 1
6169.521 + 88 1
6171.382 + 88 1
6173.000 # 1500
6174.000 # 1500
6174.000 # 1500
6174.177 - 88 4.656 1
6174.273 - 88 2.891 1
6176.000 # 1500
6176.045 + 88 1
6178.000 # 1500
6179.034 - 88 2.989 1
6179.085 + 88 1
6181.236 + 88 1
6184.402 + 88 1
6186.000 # 1500
6186.899 - 88 7.814 1
6186.992 - 88 5.756 1
6187.022 - 88 2.620 1
6187.262 + 88 1
6190.000 # 1500
6190.000 # 1500
6190.000 # 1500
6190.901 - 88 3.639 1
6192.580 + 88 1
6194.000 # 1500
6194.000 # 1500
6195.014 - 88 2.434 1
6197.000 # 1500
6198.000 # 1500
6198.535 + 88 1
6198.620 + 88 1
6201.000 # 1500
6202.000 # 1500
6202.398 - 88 3.863 1
6202.438 - 88 3.818 1
6202.545 + 88 1
6203.000 # 1500
6204.696 - 88 2.151 1
6206.000 # 1500
6208.000 # 1500
6208.650 + 88 1
6208.703 + 88 1
6212.000 # 1500
6213.000 # 1500
6213.323 - 88 4.673 1
6213.363 - 88 4.660 1
6215.000 # 1500
6217.175 + 88 1
6219.076 + 88 1
6220.000 # 1500
6220.966 + 88 1
6221.222 - 88 4.047 1
6221.260 - 88 2.184 1
6222.866 + 88 1
6224.000 # 1500
6224.952 - 88 3.986 1
6225.000 # 1500
6225.163 - 88 2.297 1
6226.000 # 1500
6226.727 + 88 1
6228.000 # 1500
6229.916 + 88 1
6229.996 - 88 3.269 1
6230.000 # 1500
6231.726 + 88 1
6232.000 # 1500
6234.022 - 88 4.106 1
6234.091 - 88 2.365 1
6235.674 + 88 1
6236.000 # 1500
6237.000 # 1500
6237.727 + 88 1
6237.769 - 88 2.095 1
6239.000 # 1500
6240.097 + 88 1
6240.397 - 88 2.670 1
6243.000 # 1500
6244.301 - 88 4.204 1
6245.000 # 1500
6246.000 # 1500
6252.000 # 1500
6252.134 + 88 1
6252.164 + 88 1
6252.178 + 88 1
6252.201 + 88 1
6253.000 # 1500
6254.449 - 88 2.315 1
6254.508 - 88 2.344 1
6254.537 - 88 2.359 1
6254.541 - 88 2.340 1
6255.000 # 1500
6256.144 + 88 1
6258.079 + 88 1
6259.000 # 1500
6259.000 # 1500
6260.217 - 88 4.073 1
6260.250 - 88 2.171 1
6261.849 + 88 1
6262.000 # 1500
6263.213 - 88 1.364 1
6264.000 # 1500
6264.729 + 88 1
6266.000 # 1500
6267.098 - 88 2.369 1
6268.630 + 88 1
6269.000 # 1500
6270.000 # 1500
6270.726 - 88 2.096 1
6271.000 # 1500
6271.084 + 88 1
6274.000 # 1500
6274.651 - 88 3.567 1
6274.844 + 88 1
6276.000 # 1500
6277.000 # 1500
6278.000 # 1500
6278.555 - 88 3.711 1
6282.000 # 1500
6283.000 # 1500
6285.000 # 1500
6286.000 # 1500
6293.198 + 88 1
6293.277 + 88 1
6293.300 + 88 1
6298.906 + 88 1
6298.929 + 88 1
6298.944 + 88 1
6300.838 + 88 1
6307.000 # 1500
6307.000 # 1500
6307.000 # 1500
6307.000 # 1500
6307.000 # 1500
6307.000 # 1500
6308.000 # 1500
6308.000 # 1500
6308.000 # 1500
6308.694 - 88 15.496 1
6308.738 - 88 15.461 1
6308.767 - 88 15.467 1
6308.771 - 88 9.865 1
6308.774 - 88 9.845 1
6308.776 - 88 9.832 1
6308.779 - 88 7.941 1
6310.753 + 88 1
6311.000 # 1500
6312.816 - 88 2.063 1
6314.000 # 1500
6314.586 + 88 1
6315.000 # 1500
6316.571 - 88 1.985 1
6327.315 + 88 1
6327.479 + 88 1
6327.555 + 88 1
6331.201 + 88 1
6336.135 + 88 1
6336.230 + 88 1
6340.988 + 88 1
6344.928 + 88 1
6346.822 + 88 1
6356.000 # 1500
6356.000 # 1500
6357.000 # 1500
6357.000 # 1500
6357.000 # 1500
6357.000 # 1500
6357.000 # 1500
6357.000 # 1500
6357.000 # 1500
6357.000 # 1500
6357.000 # 1500
6357.000 # 1500
6357.700 - 88 30.385 1
6357.723 - 88 30.244 1
6357.752 - 88 30.197 1
6357.820 + 88 1
6357.825 - 88 26.624 1
6357.840 - 88 21.705 1
6357.848 - 88 21.618 1
6357.855 - 88 16.867 1
6357.862 - 88 12.934 1
6357.869 - 88 11.047 1
6358.000 # 1500
6358.000 # 1500
6358.000 # 1500
6358.000 # 1500
6358.000 # 1500
6358.000 # 1500
6358.000 # 1500
6358.000 # 1500
6358.000 # 1500
6358.000 # 1500
6360.294 + 88 1
6360.541 - 88 2.721 1
6365.905 + 88 1
6367.000 # 1500
6367.000 # 1500
6367.494 - 88 7.200 1
6367.515 - 88 1.610 1
6370.470 + 88 1
6371.000 # 1500
6372.000 # 1500
6372.023 - 88 1.553 1
6374.000 # 1500
6374.000 # 1500
6375.065 + 88 1
6376.000 # 1500
6376.000 # 1500
6377.000 # 1500
6377.000 # 1500
6377.187 - 88 2.122 1
6379.093 + 88 1
6380.000 # 1500
6380.000 # 1500
6380.611 + 88 1
6381.000 # 1500
6381.088 - 88 1.995 1
6382.072 - 88 1.461 1
6383.000 # 1500
6384.000 # 1500
6384.245 + 88 1
6385.000 # 1500
6386.018 - 88 1.773 1
6387.000 # 1500
6388.000 # 1500
6389.000 # 1500
6391.000 # 1500
6391.982 + 88 1
6392.000 # 1500
6392.206 + 88 1
6393.000 # 1500
6393.778 - 88 1.796 1
6393.799 - 88 1.593 1
6394.000 # 1500
6395.000 # 1500
6396.000 # 1500
6397.000 # 1500
6398.000 # 1500
6398.685 + 88 1
6398.906 + 88 1
6399.000 # 1500
6399.247 - 88 0.562 1
6400.000 # 1500
6401.047 - 88 2.141 1
6407.812 + 88 1
6411.000 # 1500
6411.000 # 1500
6411.639 - 88 3.827 1
6413.000 # 1500
6413.761 + 88 1
6415.000 # 1500
6415.000 # 1500
6416.000 # 1500
6417.796 + 88 1
6417.974 - 88 4.213 1
6417.983 + 88 1
6422.497 + 88 1
6424.000 # 1500
6425.000 # 1500
6425.644 - 88 7.848 1
6425.734 - 88 7.751 1
6425.853 - 88 3.356 1
6426.130 + 88 1
6430.536 + 88 1
6432.384 + 88 1
6435.000 # 1500
6435.000 # 1500
6435.000 # 1500
6435.000 # 1500
6435.308 + 88 1
6435.831 - 88 9.701 1
6435.926 - 88 5.390 1
6436.008 - 88 3.624 1
6438.000 # 1500
6439.000 # 1500
6439.118 + 88 1
6439.726 - 88 4.418 1
6441.169 + 88 1
6443.000 # 1500
6444.103 - 88 4.985 1
6444.142 - 88 2.973 1
6446.000 # 1500
6446.190 + 88 1
6447.988 + 88 1
6448.000 # 1500
6448.416 + 88 1
6448.632 - 88 2.442 1
6449.000 # 1500
6450.029 - 88 2.041 1
6450.125 - 88 1.709 1
6451.875 + 88 1
6452.000 # 1500
6452.634 + 88 1
6452.852 - 88 0.977 1
6455.230 + 88 1
6456.775 + 88 1
6458.718 + 88 1
6460.054 + 88 1
6461.636 + 88 1
6464.000 # 1500
6464.000 # 1500
6464.000 # 1500
6464.000 # 1500
6464.000 # 1500
6464.000 # 1500
6465.000 # 1500
6465.688 - 88 13.054 1
6465.781 - 88 10.551 1
6465.859 - 88 9.084 1
6465.872 - 88 7.154 1
6465.880 - 88 5.826 1
6465.887 - 88 4.251 1
6468.000 # 1500
6469.000 # 1500
6471.635 + 88 1
6474.466 + 88 1
6483.182 + 88 1
6483.516 + 88 1
6483.607 + 88 1
6483.963 + 88 1
6490.621 + 88 1
6490.705 + 88 1
6490.811 + 88 1
6492.000 # 1500
6492.000 # 1500
6492.000 # 1500
6492.000 # 1500
6492.000 # 1500
6492.000 # 1500
6492.000 # 1500
6493.000 # 1500
6493.000 # 1500
6493.000 # 1500
6493.309 - 88 21.674 1
6493.388 + 88 1
6493.401 - 88 18.935 1
6493.422 - 88 10.240 1
6493.430 - 88 9.914 1
6493.438 - 88 9.831 1
6493.445 - 88 9.482 1
6493.451 - 88 2.830 1
6493.458 - 88 2.753 1
6493.465 - 88 2.654 1
6499.000 # 1500
6499.000 # 1500
6499.000 # 1500
6499.133 + 88 1
6499.501 - 88 6.113 1
6499.510 + 88 1
6501.061 + 88 1
6503.936 + 88 1
6504.000 # 1500
6504.000 # 1500
6504.000 # 1500
6504.391 - 88 5.258 1
6504.421 - 88 4.911 1
6504.431 - 88 3.370 1
6505.000 # 1500
6505.000 # 1500
6506.099 - 88 2.163 1
6511.000 # 1500
6511.000 # 1500
6512.000 # 1500
6516.000 # 1500
6519.000 # 1500
6519.287 + 88 1
6519.399 + 88 1
6524.000 # 1500
6527.000 # 1500
6529.000 # 1500
6529.421 - 88 10.134 1
6529.443 - 88 10.044 1
6529.502 + 88 1
6529.798 + 88 1
6529.884 + 88 1
6532.000 # 1500
6540.314 + 88 1
6540.758 - 88 11.256 1
6540.778 - 88 10.980 1
6540.786 - 88 10.902 1
6541.064 + 88 1
6542.000 # 1500
6542.000 # 1500
6542.000 # 1500
6542.000 # 1500
6543.006 - 88 2.692 1
6543.025 - 88 1.961 1
6546.000 # 1500
6549.000 # 1500
6549.380 + 88 1
6551.000 # 1500
6551.145 + 88 1
6551.768 - 88 2.388 1
6553.902 + 88 1
6554.000 # 1500
6554.271 - 88 3.126 1
6556.000 # 1500
6556.647 - 88 2.745 1
6559.000 # 1500
6563.000 # 1500
6566.000 # 1500
6568.000 # 1500
6569.000 # 1500
6570.655 + 88 1
6570.927 + 88 1
6571.000 # 1500
6572.599 - 88 1.944 1
6572.619 - 88 1.692 1
6573.000 # 1500
6573.846 + 88 1
6574.000 # 1500
6575.506 - 88 1.660 1
6576.000 # 1500
6577.000 # 1500
6579.000 # 1500
6580.000 # 1500
6583.000 # 1500
6584.000 # 1500
6595.000 # 1500
6595.000 # 1500
6595.173 + 88 1
6604.000 # 1500
6605.000 # 1500
6605.000 # 1500
6605.000 # 1500
6605.000 # 1500
6605.000 # 1500
6605.000 # 1500
6605.000 # 1500
6605.034 - 88 9.861 1
6605.219 + 88 1
6605.610 + 88 1
6611.000 # 1500
6611.000 # 1500
6612.376 - 88 7.157 1
6612.397 - 88 6.787 1
6612.469 + 88 1
6613.000 # 1500
6614.748 - 88 2.279 1
6615.309 + 88 1
6616.000 # 1500
6616.890 + 88 1
6617.157 - 88 1.848 1
6620.000 # 1500
6621.520 - 88 4.630 1
6622.380 + 88 1
6624.000 # 1500
6624.633 + 88 1
6625.162 - 88 2.782 1
6629.366 + 88 1
6631.350 + 88 1
6633.000 # 1500
6634.409 + 88 1
6634.526 - 88 9.893 1
6634.553 - 88 5.187 1
6634.568 - 88 3.218 1
6636.000 # 1500
6636.853 - 88 2.444 1
6639.665 + 88 1
6641.000 # 1500
6642.269 - 88 2.604 1
6644.000 # 1500
6645.847 + 88 1
6647.413 + 88 1
6648.000 # 1500
6649.000 # 1500
6649.280 - 88 3.433 1
6649.301 - 88 1.888 1
6652.000 # 1500
6652.203 + 88 1
6655.000 # 1500
6655.169 + 88 1
6655.584 - 88 3.381 1
6657.000 # 1500
6658.014 + 88 1
6658.025 - 88 2.856 1
6659.000 # 1500
6660.086 - 88 2.072 1
6661.000 # 1500
6661.851 + 88 1
6663.893 + 88 1
6664.000 # 1500
6664.212 - 88 2.361 1
6666.854 + 88 1
6669.622 + 88 1
6672.518 + 88 1
6673.346 + 88 1
6677.000 # 1500
6677.000 # 1500
6677.000 # 1500
6677.000 # 1500
6677.385 + 88 1
6677.732 - 88 13.839 1
6677.752 - 88 10.898 1
6677.760 - 88 8.138 1
6677.767 - 88 5.249 1
6677.773 - 88 4.427 1
6679.384 + 88 1
6680.000 # 1500
6680.842 - 88 3.457 1
6680.917 - 88 1.533 1
6682.000 # 1500
6682.280 + 88 1
6684.000 # 1500
6684.318 + 88 1
6684.672 - 88 2.392 1
6686.000 # 1500
6687.268 - 88 2.950 1
6687.336 + 88 1
6688.510 + 88 1
6689.000 # 1500
6690.209 - 88 2.873 1
6690.230 - 88 1.720 1
6690.525 + 88 1
6691.000 # 1500
6692.000 # 1500
6692.134 - 88 1.609 1
6692.528 + 88 1
6693.000 # 1500
6694.078 - 88 1.550 1
6697.000 # 1500
6698.000 # 1500
6698.000 # 1500
6700.000 # 1500
6700.184 + 88 1
6700.898 + 88 1
6701.616 + 88 1
6703.000 # 1500
6704.000 # 1500
6704.813 - 88 4.629 1
6704.832 - 88 3.934 1
6704.840 - 88 3.224 1
6704.888 + 88 1
6707.000 # 1500
6708.000 # 1500
6708.493 - 88 3.605 1
6709.000 # 1500
6711.000 # 1500
6713.000 # 1500
6713.693 + 88 1
6713.958 + 88 1
6714.000 # 1500
6714.287 + 88 1
6714.367 - 88 0.674 1
6716.000 # 1500
6717.000 # 1500
6717.284 + 88 1
6717.288 - 88 3.330 1
6717.307 - 88 3.020 1
6719.000 # 1500
6719.129 + 88 1
6719.407 - 88 2.123 1
6721.000 # 1500
6722.321 + 88 1
6722.353 - 88 3.224 1
6723.000 # 1500
6724.000 # 1500
6724.387 + 88 1
6724.641 - 88 2.320 1
6725.000 # 1500
6726.297 - 88 1.910 1
6726.364 + 88 1
6727.306 + 88 1
6729.621 + 88 1
6732.802 + 88 1
6734.380 + 88 1
6735.000 # 1500
6735.000 # 1500
6736.000 # 1500
6736.046 - 88 9.682 1
6736.058 - 88 8.752 1
6736.062 - 88 6.441 1
6736.066 - 88 3.264 1
6736.071 - 88 1.691 1
6737.093 + 88 1
6740.000 # 1500
6740.757 - 88 3.664 1
6746.805 + 88 1
6747.029 + 88 1
6749.000 # 1500
6749.000 # 1500
6749.000 # 1500
6749.000 # 1500
6750.220 - 88 3.415 1
6750.245 - 88 3.216 1
6755.000 # 1500
6755.000 # 1500
6755.000 # 1500
6755.585 + 88 1
6755.902 + 88 1
6758.000 # 1500
6760.292 - 88 4.707 1
6760.304 - 88 4.402 1
6762.000 # 1500
6762.776 + 88 1
6766.000 # 1500
6767.288 - 88 4.512 1
6767.421 + 88 1
6768.000 # 1500
6769.034 - 88 1.613 1
6769.183 + 88 1
6771.000 # 1500
6771.429 - 88 2.246 1
6771.570 + 88 1
6774.260 + 88 1
6776.000 # 1500
6776.892 - 88 5.322 1
6776.905 - 88 2.645 1
6777.000 # 1500
6777.256 + 88 1
6780.186 + 88 1
6781.000 # 1500
6781.739 - 88 4.483 1
6781.750 - 88 1.564 1
6782.099 + 88 1
6785.689 + 88 1
6786.000 # 1500
6786.881 - 88 4.782 1
6786.890 - 88 1.201 1
6787.239 + 88 1
6789.000 # 1500
6789.806 - 88 2.567 1
6792.032 + 88 1
6792.388 + 88 1
6794.000 # 1500
6794.655 - 88 2.623 1
6794.663 - 88 2.275 1
6796.450 + 88 1
6797.000 # 1500
6798.484 - 88 2.034 1
6799.805 + 88 1
6801.000 # 1500
6804.035 - 88 4.230 1
6804.408 + 88 1
6805.000 # 1500
6806.410 - 88 2.002 1
6808.155 + 88 1
6809.000 # 1500
6809.608 - 88 1.453 1
6812.000 # 1500
6816.000 # 1500
6818.000 # 1500
6824.212 + 88 1
6824.266 + 88 1
6824.282 + 88 1
6825.910 + 88 1
6826.000 # 1500
6826.347 - 88 2.135 1
6826.357 - 88 2.091 1
6826.360 - 88 2.078 1
6831.000 # 1500
6832.078 - 88 6.168 1
6832.149 + 88 1
6833.543 + 88 1
6834.000 # 1500
6835.000 # 1500
6835.057 - 88 2.908 1
6835.069 - 88 1.526 1
6837.593 + 88 1
6840.601 + 88 1
6842.000 # 1500
6843.775 - 88 6.182 1
6843.795 - 88 3.194 1
6845.000 # 1500
6845.035 + 88 1
6849.000 # 1500
6850.000 # 1500
6850.355 - 88 5.320 1
6854.018 + 88 1
6854.072 + 88 1
6855.567 + 88 1
6863.908 + 88 1
6863.961 + 88 1
6863.976 + 88 1
6865.144 + 88 1
6869.615 + 88 1
6871.000 # 1500
6871.000 # 1500
6871.000 # 1500
6871.000 # 1500
6871.000 # 1500
6871.000 # 1500
6871.000 # 1500
6871.000 # 1500
6872.799 - 88 18.781 1
6872.823 - 88 18.751 1
6872.829 - 88 17.262 1
6872.833 - 88 8.925 1
6872.835 - 88 8.874 1
6872.837 - 88 8.861 1
6872.840 - 88 7.696 1
6872.842 - 88 3.227 1
6873.000 # 1500
6874.512 + 88 1
6874.531 + 88 1
6876.000 # 1500
6876.549 + 88 1
6876.887 - 88 2.375 1
6876.912 - 88 2.381 1
6878.000 # 1500
6879.000 # 1500
6879.877 - 88 3.328 1
6881.463 + 88 1
6883.402 + 88 1
6885.000 # 1500
6886.000 # 1500
6886.316 + 88 1
6886.570 - 88 5.107 1
6886.596 - 88 3.194 1
6888.351 + 88 1
6889.000 # 1500
6890.448 - 88 4.132 1
6890.459 - 88 2.108 1
6891.000 # 1500
6892.364 + 88 1
6893.000 # 1500
6894.000 # 1500
6894.180 - 88 1.816 1
6894.332 + 88 1
6896.000 # 1500
6897.117 - 88 2.785 1
6899.000 # 1500
6900.000 # 1500
6900.324 + 88 1
6903.952 + 88 1
6904.000 # 1500
6904.240 - 88 3.916 1
6905.000 # 1500
6906.019 - 88 2.067 1
6906.183 + 88 1
6907.000 # 1500
6907.887 - 88 1.704 1
6908.000 # 1500
6908.000 # 1500
6909.000 # 1500
6909.285 + 88 1
6911.787 + 88 1
6913.000 # 1500
6913.000 # 1500
6914.783 - 88 5.498 1
6914.791 - 88 3.004 1
6915.000 # 1500
6915.235 + 88 1
6916.000 # 1500
6916.850 - 88 1.615 1
6917.000 # 1500
6918.000 # 1500
6918.817 + 88 1
6919.000 # 1500
6920.000 # 1500
6920.665 - 88 1.848 1
6920.991 + 88 1
6922.000 # 1500
6922.901 + 88 1
6923.055 - 88 2.064 1
6924.000 # 1500
6924.543 - 88 1.642 1
6925.000 # 1500
6926.000 # 1500
6927.000 + 88 1
6928.000 # 1500
6928.465 - 88 1.465 1
6930.000 # 1500
6931.000 # 1500
6932.000 # 1500
6932.247 + 88 1
6932.496 + 88 1
6933.000 # 1500
6934.000 # 1500
6934.467 - 88 2.220 1
6934.479 - 88 1.983 1
6935.000 # 1500
6936.000 # 1500
6936.267 + 88 1
6939.271 + 88 1
6940.000 # 1500
6940.000 # 1500
6941.021 - 88 4.754 1
6941.062 - 88 1.791 1
6941.349 + 88 1
6943.000 # 1500
6944.000 # 1500
6944.109 + 88 1
6944.280 - 88 2.931 1
6946.000 # 1500
6947.107 - 88 2.998 1
6947.459 + 88 1
6948.946 + 88 1
6952.064 + 88 1
6955.000 # 1500
6955.859 - 88 8.400 1
6955.920 - 88 6.974 1
6955.931 - 88 3.867 1
6957.000 # 1500
6959.000 # 1500
6959.000 # 1500
6959.790 + 88 1
6961.000 # 1500
6961.635 - 88 1.845 1
6962.000 # 1500
6963.000 # 1500
6964.000 # 1500
6965.000 # 1500
6966.000 # 1500
6966.718 + 88 1
6966.912 + 88 1
6968.648 + 88 1
6969.000 # 1500
6970.000 # 1500
6970.415 - 88 3.697 1
6970.460 - 88 3.548 1
6970.492 - 88 1.844 1
6970.865 + 88 1
6971.000 # 1500
6972.585 - 88 1.720 1
6972.739 + 88 1
6973.000 # 1500
6974.000 # 1500
6974.492 - 88 1.753 1
6974.571 + 88 1
6976.000 # 1500
6977.281 - 88 2.710 1
6977.465 + 88 1
6978.000 # 1500
6979.223 - 88 1.758 1
6980.000 # 1500
6982.000 # 1500
6987.222 + 88 1
6987.463 + 88 1
6990.828 + 88 1
6992.016 + 88 1
6993.952 + 88 1
6995.000 # 1500
6995.311 - 88 8.089 1
6995.359 - 88 7.896 1
6995.369 - 88 4.541 1
6995.371 - 88 3.355 1
6995.373 - 88 1.421 1
6995.619 + 88 1
7005.000 # 1500
7005.000 # 1500
7005.000 # 1500
7005.000 # 1500
7005.000 # 1500
7005.000 # 1500
7006.570 - 88 10.951 1
7006.759 + 88 1
7007.046 + 88 1
7010.335 + 88 1
7020.850 + 88 1
7021.121 + 88 1
7022.000 # 1500
7022.000 # 1500
7022.790 - 88 16.031 1
7022.830 - 88 15.784 1
7022.842 - 88 12.507 1
7022.845 - 88 1.995 1
7022.847 - 88 1.726 1
7023.000 # 1500
7023.000 # 1500
7023.000 # 1500
7024.512 + 88 1
7025.000 # 1500
7025.840 - 88 1.328 1
7027.007 + 88 1
7031.801 + 88 1
7034.829 + 88 1
7037.000 # 1500
7037.000 # 1500
7037.000 # 1500
7038.397 - 88 11.390 1
7038.407 - 88 6.606 1
7038.410 - 88 3.581 1
7038.638 + 88 1
7041.579 + 88 1
7042.000 # 1500
7043.296 - 88 4.658 1
7043.306 - 88 1.727 1
7043.892 + 88 1
7046.306 + 88 1
7047.000 # 1500
7048.159 - 88 4.267 1
7048.169 - 88 1.863 1
7049.000 # 1500
7050.000 # 1500
7051.222 + 88 1
7053.000 # 1500
7054.020 - 88 2.798 1
7055.000 # 1500
7056.073 + 88 1
7058.000 # 1500
7059.000 # 1500
7059.015 - 88 2.942 1
7062.000 # 1500
7064.000 # 1500
7069.673 + 88 1
7069.946 + 88 1
7075.000 # 1500
7076.625 - 88 6.952 1
7076.671 - 88 6.725 1
7077.035 + 88 1
7078.799 + 88 1
7082.518 + 88 1
7094.116 + 88 1
7094.358 + 88 1
7097.923 + 88 1
7101.000 # 1500
7101.905 - 88 24.870 1
7101.950 - 88 23.151 1
7101.960 - 88 19.442 1
7101.963 - 88 7.847 1
7101.966 - 88 7.608 1
7101.968 - 88 4.045 1
7102.282 + 88 1
7102.557 + 88 1
7105.808 + 88 1
7108.948 + 88 1
7113.602 + 88 1
7115.754 + 88 1
7118.834 + 88 1
7122.571 + 88 1
7125.482 + 88 1
7130.277 + 88 1
7132.312 + 88 1
7133.000 # 1500
7134.232 - 88 31.950 1
7134.252 - 88 31.695 1
7134.258 - 88 28.450 1
7134.261 - 88 25.313 1
7134.263 - 88 20.661 1
7134.265 - 88 18.511 1
7134.267 - 88 15.433 1
7134.269 - 88 11.698 1
7134.272 - 88 8.790 1
7134.274 - 88 3.997 1
7134.277 - 88 1.965 1
7134.327 + 88 1
7138.153 + 88 1
7140.267 + 88 1
7144.897 + 88 1
7145.000 # 1500
7145.108 - 88 10.781 1
7145.118 - 88 6.965 1
7145.121 - 88 4.854 1
7146.866 + 88 1
7149.892 + 88 1
7151.624 + 88 1
7152.000 # 1500
7153.128 - 88 8.231 1
7153.137 - 88 6.271 1
7153.140 - 88 3.248 1
7153.142 - 88 1.518 1
7154.814 + 88 1
7156.641 + 88 1
7159.566 + 88 1
7161.362 + 88 1
7163.589 + 88 1
7164.000 # 1500
7164.228 - 88 9.414 1
7164.237 - 88 7.596 1
7164.241 - 88 4.675 1
7164.243 - 88 2.881 1
7165.391 + 88 1
7167.000 # 1500
7167.560 + 88 1
7168.193 - 88 4.604 1
7168.202 - 88 2.811 1
7169.000 # 1500
7169.468 - 88 1.908 1
7171.398 + 88 1
7173.000 # 1500
7173.892 - 88 2.494 1
7175.000 # 1500
7175.123 + 88 1
7175.396 + 88 1
7179.058 + 88 1
7180.000 # 1500
7181.075 - 88 5.952 1
7181.083 - 88 5.687 1
7181.086 - 88 2.028 1
7181.131 + 88 1
7183.997 + 88 1
7186.000 # 1500
7186.255 + 88 1
7186.516 - 88 5.385 1
7186.525 - 88 2.528 1
7189.072 + 88 1
7190.000 # 1500
7191.000 - 88 4.745 1
7191.009 - 88 1.937 1
7192.000 # 1500
7192.757 + 88 1
7193.364 + 88 1
7196.000 # 1500
7196.764 - 88 4.007 1
7196.794 - 88 3.430 1
7197.960 + 88 1
7200.000 # 1500
7200.839 - 88 2.879 1
7204.000 # 1500
7207.348 + 88 1
7207.710 + 88 1
7208.000 # 1500
7208.078 - 88 0.730 1
7208.087 - 88 0.377 1
7211.000 # 1500
7213.512 + 88 1
7214.000 # 1500
7215.149 - 88 1.637 1
7215.641 + 88 1
7217.000 # 1500
7218.138 + 88 1
7218.348 - 88 2.707 1
7221.000 # 1500
7222.159 - 88 4.021 1
7227.064 + 88 1
7229.843 + 88 1
7232.009 + 88 1
7233.799 + 88 1
7235.000 # 1500
7235.000 # 1500
7235.987 + 88 1
7236.188 - 88 9.124 1
7236.197 - 88 6.354 1
7236.200 - 88 4.191 1
7236.202 - 88 2.403 1
7237.632 + 88 1
7239.000 # 1500
7239.000 # 1500
7239.000 # 1500
7240.527 - 88 4.540 1
7240.536 - 88 2.904 1
7246.695 + 88 1
7247.000 # 1500
7247.000 # 1500
7247.000 # 1500
7247.000 # 1500
7248.052 - 88 1.357 1
7249.374 + 88 1
7249.627 + 88 1
7254.000 # 1500
7254.000 # 1500
7255.857 - 88 6.483 1
7255.880 - 88 6.253 1
7257.460 + 88 1
7258.000 # 1500
7259.029 - 88 1.569 1
7260.494 + 88 1
7263.000 # 1500
7263.896 - 88 3.402 1
7267.000 # 1500
7267.133 + 88 1
7268.422 + 88 1
7270.000 # 1500
7270.331 + 88 1
7270.555 - 88 3.422 1
7270.564 - 88 2.142 1
7274.000 # 1500
7274.673 - 88 4.342 1
7279.000 # 1500
7280.211 + 88 1
7280.535 + 88 1
7283.000 # 1500
7284.000 # 1500
7284.774 - 88 4.563 1
7284.783 - 88 4.248 1
7286.000 # 1500
7287.000 # 1500
7287.767 + 88 1
7288.000 # 1500
7289.402 - 88 1.635 1
7290.000 # 1500
7290.000 # 1500
7291.000 # 1500
7293.000 # 1500
7294.000 # 1500
7294.336 + 88 1
7295.000 # 1500
7296.225 - 88 1.889 1
7296.242 + 88 1
7305.000 # 1500
7305.980 - 88 9.738 1
7306.000 # 1500
7306.000 # 1500
7306.000 # 1500
7306.000 # 1500
7314.000 # 1500
7314.000 # 1500
7316.000 # 1500
7317.000 # 1500
7317.000 # 1500
7317.000 # 1500
7317.000 # 1500
7317.003 + 88 1
7317.273 + 88 1
7320.000 # 1500
7320.281 + 88 1
7320.475 - 88 3.472 1
7320.485 - 88 3.212 1
7321.000 # 1500
7321.599 - 88 1.318 1
7325.494 + 88 1
7328.414 + 88 1
7330.635 + 88 1
7335.000 # 1500
7335.000 # 1500
7335.000 # 1500
7336.000 # 1500
7336.000 # 1500
7336.209 - 88 10.715 1
7336.251 - 88 7.837 1
7336.278 - 88 5.643 1
7339.000 # 1500
7339.614 + 88 1
7342.149 + 88 1
7343.000 # 1500
7343.498 - 88 3.884 1
7343.542 - 88 1.393 1
7345.000 # 1500
7345.025 + 88 1
7347.195 + 88 1
7348.000 # 1500
7349.002 - 88 3.977 1
7349.029 - 88 1.834 1
7349.137 + 88 1
7350.943 + 88 1
7352.000 # 1500
7352.250 - 88 3.113 1
7352.261 - 88 1.318 1
7352.292 + 88 1
7355.000 # 1500
7355.917 - 88 3.625 1
7356.086 + 88 1
7356.967 + 88 1
7357.000 # 1500
7357.187 - 88 1.101 1
7363.000 # 1500
7363.604 - 88 6.637 1
7366.771 + 88 1
7369.575 + 88 1
7369.807 + 88 1
7371.848 + 88 1
7374.000 # 1500
7374.000 # 1500
7375.297 - 88 8.526 1
7375.337 - 88 5.762 1
7375.348 - 88 5.541 1
7375.351 - 88 3.503 1
7375.758 + 88 1
7379.000 # 1500
7379.000 # 1500
7379.000 # 1500
7379.000 # 1500
7380.167 - 88 4.409 1
7383.000 # 1500
7388.107 + 88 1
7388.297 + 88 1
7390.150 + 88 1
7391.882 + 88 1
7393.183 + 88 1
7394.000 # 1500
7394.784 - 88 6.677 1
7394.794 - 88 6.497 1
7394.829 - 88 4.679 1
7394.838 - 88 2.956 1
7394.841 - 88 1.658 1
7395.000 # 1500
7397.000 # 1500
7398.683 + 88 1
7400.000 # 1500
7401.210 - 88 2.527 1
7405.000 # 1500
7407.877 + 88 1
7410.000 # 1500
7411.312 - 88 3.435 1
7415.000 # 1500
7417.000 # 1500
7418.403 + 88 1
7418.596 + 88 1
7421.000 # 1500
7422.058 - 88 3.655 1
7422.146 - 88 3.550 1
7422.378 + 88 1
7424.186 + 88 1
7427.238 + 88 1
7427.438 + 88 1
7429.000 # 1500
7429.618 - 88 7.240 1
7429.630 - 88 5.444 1
7429.633 - 88 2.395 1
7429.636 - 88 2.198 1
7430.000 # 1500
7430.996 + 88 1
7431.000 # 1500
7433.000 # 1500
7434.000 # 1500
7434.065 - 88 3.069 1
7434.245 + 88 1
7436.000 # 1500
7436.021 + 88 1
7436.048 - 88 1.803 1
7438.918 + 88 1
7439.000 # 1500
7440.625 - 88 4.604 1
7440.636 - 88 1.718 1
7441.057 + 88 1
7443.000 # 1500
7443.206 - 88 2.149 1
7443.387 + 88 1
7445.000 # 1500
7445.511 - 88 2.124 1
7445.656 + 88 1
7448.323 + 88 1
7450.922 + 88 1
7453.823 + 88 1
7455.000 # 1500
7455.000 # 1500
7456.272 - 88 10.616 1
7456.308 - 88 7.985 1
7456.315 - 88 5.393 1
7456.320 - 88 2.497 1
7456.726 + 88 1
7458.000 # 1500
7459.278 - 88 2.552 1
7459.889 + 88 1
7463.000 # 1500
7463.122 - 88 3.233 1
7465.000 # 1500
7465.000 # 1500
7466.000 # 1500
7468.000 # 1500
7470.000 # 1500
7471.000 # 1500
7476.000 # 1500
7477.301 + 88 1
7479.000 # 1500
7479.169 + 88 1
7479.295 - 88 1.994 1
7481.000 # 1500
7481.666 - 88 2.497 1
7486.000 # 1500
7489.952 + 88 1
7490.000 # 1500
7493.913 + 88 1
7494.000 # 1500
7494.094 - 88 4.142 1
7497.000 # 1500
7497.255 - 88 3.342 1
7497.622 + 88 1
7499.000 # 1500
7500.218 - 88 2.596 1
7504.000 # 1500
7507.288 + 88 1
7507.390 + 88 1
7508.000 # 1500
7508.992 - 88 1.704 1
7509.048 - 88 1.658 1
7510.000 # 1500
7510.600 + 88 1
7512.438 + 88 1
7513.000 # 1500
7513.838 - 88 3.238 1
7513.850 - 88 1.412 1
7515.469 + 88 1
7516.000 # 1500
7516.813 - 88 1.344 1
7518.000 # 1500
7520.000 # 1500
7522.000 # 1500
7525.000 # 1500
7529.000 # 1500
7534.000 # 1500
7535.000 # 1500
7535.535 + 88 1
7535.757 + 88 1
7536.737 + 88 1
7537.000 # 1500
7538.000 # 1500
7538.452 - 88 2.917 1
7538.467 - 88 2.710 1
7538.520 - 88 1.783 1
7541.000 # 1500
7543.000 # 1500
7544.000 # 1500
7546.000 # 1500
7547.000 # 1500
7547.461 + 88 1
7547.909 + 88 1
7549.000 # 1500
7549.098 - 88 1.637 1
7549.108 - 88 1.199 1
7550.000 # 1500
7555.000 # 1500
7556.000 # 1500
7556.000 # 1500
7556.363 + 88 1
7559.000 # 1500
7559.896 - 88 3.533 1
7560.000 # 1500
7570.141 + 88 1
7571.988 + 88 1
7573.816 + 88 1
7574.000 # 1500
7574.000 # 1500
7575.634 - 88 5.493 1
7575.662 - 88 3.674 1
7575.668 - 88 1.852 1
7576.000 # 1500
7576.075 + 88 1
7579.000 # 1500
7579.000 # 1500
7579.331 - 88 3.256 1
7580.000 # 1500
7586.421 + 88 1
7588.435 + 88 1
7588.623 + 88 1
7591.000 # 1500
7591.994 - 88 5.573 1
7592.089 - 88 3.654 1
7592.114 - 88 3.491 1
7592.590 + 88 1
7594.434 + 88 1
7598.192 + 88 1
7600.000 # 1500
7600.000 # 1500
7600.000 # 1500
7600.767 - 88 8.177 1
7600.819 - 88 6.385 1
7600.826 - 88 2.634 1
7601.000 # 1500
7601.000 # 1500
7607.388 + 88 1
7609.000 # 1500
7609.000 # 1500
7609.648 - 88 2.260 1
7610.000 # 1500
7610.000 # 1500
7610.000 # 1500
7611.000 # 1500
7611.971 + 88 1
7614.000 # 1500
7614.175 - 88 2.204 1
7614.184 + 88 1
7616.535 + 88 1
7619.000 # 1500
7620.040 - 88 5.856 1
7620.070 - 88 3.535 1
7622.000 # 1500
7628.000 # 1500
7628.017 + 88 1
7628.221 + 88 1
7630.197 + 88 1
7631.000 # 1500
7631.577 - 88 3.560 1
7631.591 - 88 3.370 1
7631.598 - 88 1.401 1
7632.066 + 88 1
7633.881 + 88 1
7635.000 # 1500
7635.159 - 88 3.093 1
7635.169 - 88 1.288 1
7639.000 # 1500
7644.576 + 88 1
7644.764 + 88 1
7646.000 # 1500
7646.907 + 88 1
7646.948 - 88 2.372 1
7646.961 - 88 2.197 1
7649.000 # 1500
7650.153 - 88 3.246 1
7651.552 + 88 1
7653.000 # 1500
7653.383 + 88 1
7653.495 - 88 1.943 1
7655.247 + 88 1
7657.000 # 1500
7658.209 - 88 4.826 1
7658.245 - 88 2.998 1
7658.369 + 88 1
7661.000 # 1500
7662.921 - 88 4.552 1
7667.000 # 1500
7668.051 + 88 1
7669.000 # 1500
7669.873 - 88 1.822 1
7669.904 + 88 1
7674.000 # 1500
7675.633 - 88 5.729 1
7676.000 # 1500
7680.466 + 88 1
7680.689 + 88 1
7681.000 # 1500
7682.421 - 88 1.955 1
7682.461 - 88 1.772 1
7686.000 # 1500
7686.815 + 88 1
7688.000 # 1500
7689.359 - 88 2.544 1
7689.649 + 88 1
7690.000 # 1500
7691.321 - 88 1.672 1
7693.000 # 1500
7695.166 + 88 1
7695.377 + 88 1
7696.000 # 1500
7697.000 # 1500
7697.090 - 88 1.924 1
7697.148 - 88 1.771 1
7697.477 + 88 1
7700.000 # 1500
7701.010 - 88 3.533 1
7702.000 # 1500
7705.000 # 1500
7706.600 + 88 1
7709.000 # 1500
7709.948 - 88 3.348 1
7710.000 # 1500
7710.235 + 88 1
7711.742 + 88 1
7712.000 # 1500
7713.815 - 88 3.580 1
7713.889 - 88 2.147 1
7714.000 # 1500
7715.040 + 88 1
7716.000 # 1500
7716.532 - 88 1.492 1
7717.711 + 88 1
7719.000 # 1500
7720.479 - 88 2.768 1
7720.658 + 88 1
7721.000 # 1500
7722.000 # 1500
7722.407 - 88 1.749 1
7723.420 + 88 1
7724.000 # 1500
7724.690 - 88 1.270 1
7725.376 + 88 1
7726.718 + 88 1
7727.000 # 1500
7728.248 - 88 2.872 1
7728.291 - 88 1.573 1
7728.439 + 88 1
7729.000 # 1500
7730.000 # 1500
7730.278 + 88 1
7730.352 - 88 1.913 1
7732.191 + 88 1
7733.000 # 1500
7733.445 - 88 3.167 1
7733.456 - 88 1.265 1
7735.304 + 88 1
7736.000 # 1500
7737.028 - 88 1.724 1
7737.159 + 88 1
7739.000 # 1500
7739.056 + 88 1
7739.219 - 88 2.060 1
7740.161 + 88 1
7743.000 # 1500
7743.019 + 88 1
7743.180 - 88 4.124 1
7743.191 - 88 3.030 1
7744.265 + 88 1
7745.000 # 1500
7745.855 - 88 2.836 1
7745.868 - 88 1.603 1
7747.000 # 1500
7747.233 + 88 1
7749.000 # 1500
7749.748 - 88 2.515 1
7751.000 # 1500
7753.000 # 1500
7753.801 + 88 1
7754.211 + 88 1
7755.000 # 1500
7755.594 - 88 1.793 1
7755.608 - 88 1.397 1
7758.000 # 1500
7759.000 # 1500
7760.000 # 1500
7762.000 # 1500
7766.000 # 1500
7768.000 # 1500
7771.000 # 1500
7775.000 # 1500
7775.262 + 88 1
7775.317 + 88 1
7775.333 + 88 1
7775.348 + 88 1
7775.362 + 88 1
7775.375 + 88 1
7775.389 + 88 1
7775.402 + 88 1
7776.000 # 1500
7777.062 - 88 1.800 1
7777.109 - 88 1.792 1
7777.136 - 88 1.803 1
7777.144 - 88 1.796 1
7777.148 - 88 1.786 1
7777.152 - 88 1.777 1
7777.157 - 88 1.768 1
7777.161 - 88 1.759 1
7777.274 + 88 1
7779.000 # 1500
7780.021 - 88 2.747 1
7784.000 # 1500
7786.940 + 88 1
7786.990 + 88 1
7787.000 # 1500
7787.006 + 88 1
7787.026 + 88 1
7789.038 + 88 1
7790.000 # 1500
7790.712 - 88 3.772 1
7790.723 - 88 3.733 1
7790.727 - 88 3.721 1
7790.731 - 88 3.705 1
7790.736 - 88 1.698 1
7792.011 + 88 1
7793.000 # 1500
7793.643 - 88 1.632 1
7793.813 + 88 1
7794.000 # 1500
7795.666 - 88 1.853 1
7795.796 + 88 1
7796.000 # 1500
7796.017 - 88 0.221 1
7797.642 + 88 1
7798.000 # 1500
7798.943 - 88 1.301 1
7800.000 # 1500
7801.000 # 1500
7801.862 + 88 1
7803.000 # 1500
7803.642 - 88 1.780 1
7806.000 # 1500
7807.000 # 1500
7809.000 # 1500
7810.000 # 1500
7811.000 # 1500
7812.470 + 88 1
7812.687 + 88 1
7812.948 + 88 1
7813.000 # 1500
7813.051 - 88 0.581 1
7813.062 - 88 0.375 1
7815.000 # 1500
7815.207 - 88 2.259 1
7815.389 + 88 1
7816.000 # 1500
7817.173 - 88 1.784 1
7819.000 # 1500
7821.000 # 1500
7822.000 # 1500
7824.000 # 1500
7826.000 # 1500
7826.931 + 88 1
7830.058 + 88 1
7831.884 + 88 1
7835.739 + 88 1
7835.884 + 88 1
7835.901 + 88 1
7837.666 + 88 1
7839.633 + 88 1
7842.751 + 88 1
7846.532 + 88 1
7847.000 # 1500
7847.000 # 1500
7847.000 # 1500
7847.000 # 1500
7847.000 # 1500
7848.000 # 1500
7848.000 # 1500
7848.000 # 1500
7848.000 # 1500
7848.000 # 1500
7848.000 # 1500
7848.000 # 1500
7848.498 - 88 21.567 1
7848.627 - 88 18.569 1
7848.683 + 88 1
7848.700 - 88 16.816 1
7848.724 - 88 12.985 1
7848.739 - 88 12.855 1
7848.752 - 88 12.851 1
7848.767 - 88 11.101 1
7848.779 - 88 9.146 1
7848.807 - 88 6.056 1
7848.823 - 88 2.291 1
7850.000 # 1500
7850.512 + 88 1
7850.660 - 88 1.977 1
7851.000 # 1500
7852.315 - 88 1.803 1
7852.503 + 88 1
7854.000 # 1500
7854.477 + 88 1
7854.615 - 88 2.112 1
7855.000 # 1500
7856.000 # 1500
7856.000 # 1500
7856.199 - 88 1.722 1
7857.000 # 1500
7857.415 + 88 1
7858.000 # 1500
7859.000 # 1500
7859.099 - 88 1.684 1
7859.322 + 88 1
7860.000 # 1500
7861.041 - 88 1.719 1
7866.000 # 1500
7866.000 # 1500
7867.378 + 88 1
7868.000 # 1500
7868.000 # 1500
7868.000 # 1500
7868.892 - 88 1.514 1
7872.272 + 88 1
7874.586 + 88 1
7879.000 # 1500
7879.000 # 1500
7879.000 # 1500
7879.730 - 88 7.458 1
7879.740 - 88 5.154 1
7880.000 # 1500
7880.000 # 1500
7880.000 # 1500
7880.000 # 1500
7880.000 # 1500
7880.000 # 1500
7880.576 + 88 1
7883.757 + 88 1
7885.825 + 88 1
7886.825 + 88 1
7889.764 + 88 1
7891.000 # 1500
7891.916 - 88 11.340 1
7891.927 - 88 8.170 1
7891.931 - 88 6.106 1
7891.935 - 88 5.110 1
7891.939 - 88 2.175 1
7892.000 # 1500
7892.010 + 88 1
7893.775 + 88 1
7898.000 # 1500
7899.188 - 88 7.178 1
7899.197 - 88 5.422 1
7908.143 + 88 1
7908.305 + 88 1
7910.390 + 88 1
7914.959 + 88 1
7915.153 + 88 1
7917.059 + 88 1
7919.000 # 1500
7919.000 # 1500
7919.000 # 1500
7919.000 # 1500
7919.000 # 1500
7919.000 # 1500
7919.000 # 1500
7919.701 - 88 11.558 1
7919.712 - 88 11.407 1
7919.717 - 88 9.327 1
7919.722 - 88 4.763 1
7919.726 - 88 4.573 1
7919.730 - 88 2.671 1
7920.000 # 1500
7920.000 # 1500
7920.000 # 1500
7920.000 # 1500
7920.000 # 1500
7920.000 # 1500
7920.000 # 1500
7920.000 # 1500
7920.000 # 1500
7920.000 # 1500
7921.000 # 1500
7921.000 # 1500
7925.000 # 1500
7925.000 # 1500
7926.741 + 88 1
7929.133 + 88 1
7931.591 + 88 1
7933.802 + 88 1
7934.000 # 1500
7934.000 # 1500
7934.000 # 1500
7934.000 # 1500
7934.000 # 1500
7934.000 # 1500
7935.259 - 88 8.518 1
7935.271 - 88 6.138 1
7935.276 - 88 3.685 1
7935.280 - 88 1.478 1
7935.695 + 88 1
7936.000 # 1500
7937.218 - 88 1.523 1
7937.911 + 88 1
7945.000 # 1500
7945.000 # 1500
7945.115 - 88 7.204 1
7947.000 # 1500
7947.394 + 88 1
7950.000 # 1500
7950.883 - 88 3.489 1
7953.314 + 88 1
7954.000 # 1500
7954.805 - 88 1.491 1
7957.000 # 1500
7958.144 + 88 1
7960.000 # 1500
7960.298 - 88 2.154 1
7961.193 + 88 1
7965.000 # 1500
7965.304 + 88 1
7965.460 - 88 4.267 1
7966.000 # 1500
7966.719 - 88 1.415 1
7970.000 # 1500
7972.000 # 1500
7974.000 # 1500
7975.626 + 88 1
7976.075 + 88 1
7977.000 # 1500
7977.785 - 88 2.159 1
7977.823 - 88 1.748 1
7977.858 + 88 1
7979.000 # 1500
7980.292 - 88 2.434 1
7983.000 # 1500
7986.000 # 1500
7986.603 + 88 1
7990.000 # 1500
7991.345 - 88 4.742 1
7992.016 + 88 1
7993.362 + 88 1
7995.000 # 1500
7996.047 - 88 4.031 1
7996.113 - 88 2.751 1
7996.235 + 88 1
7997.000 # 1500
7998.094 - 88 1.859 1
8000.854 + 88 1
8001.000 # 1500
8001.297 + 88 1
8005.000 # 1500
8005.551 - 88 4.697 1
8005.564 - 88 4.267 1
8008.000 # 1500
8008.771 + 88 1
8008.978 + 88 1
8010.783 + 88 1
8013.000 # 1500
8013.588 + 88 1
8013.716 - 88 4.945 1
8013.767 - 88 4.789 1
8013.793 - 88 3.010 1
8013.795 + 88 1
8015.000 # 1500
8016.299 - 88 2.711 1
8016.310 - 88 2.515 1
8017.000 # 1500
8019.000 # 1500
8024.679 + 88 1
8025.000 # 1500
8026.081 - 88 1.402 1
8027.420 + 88 1
8029.400 + 88 1
8031.137 + 88 1
8033.300 + 88 1
8034.000 # 1500
8034.000 # 1500
8034.907 - 88 7.487 1
8034.915 - 88 5.515 1
8034.921 - 88 3.784 1
8034.926 - 88 1.626 1
8035.355 + 88 1
8037.000 # 1500
8037.000 # 1500
8037.537 - 88 2.182 1
8038.000 # 1500
8039.113 + 88 1
8042.114 + 88 1
8043.922 + 88 1
8044.979 + 88 1
8047.000 # 1500
8047.000 # 1500
8047.000 # 1500
8047.000 # 1500
8047.120 - 88 8.007 1
8047.136 - 88 5.022 1
8047.141 - 88 3.219 1
8047.145 - 88 2.166 1
8047.552 + 88 1
8051.000 # 1500
8051.168 + 88 1
8051.421 - 88 3.869 1
8053.000 # 1500
8053.575 - 88 2.407 1
8056.000 # 1500
8058.000 # 1500
8060.552 + 88 1
8060.721 + 88 1
8062.747 + 88 1
8063.000 # 1500
8065.148 - 88 4.596 1
8065.203 - 88 4.482 1
8065.230 - 88 2.483 1
8072.000 # 1500
8072.000 # 1500
8072.257 + 88 1
8072.511 + 88 1
8075.000 # 1500
8075.271 + 88 1
8075.422 - 88 3.165 1
8075.484 - 88 2.973 1
8076.000 # 1500
8076.942 - 88 1.671 1
8077.236 + 88 1
8080.452 + 88 1
8081.000 # 1500
8081.770 - 88 4.534 1
8081.797 - 88 1.345 1
8084.296 + 88 1
8086.000 # 1500
8086.399 + 88 1
8086.551 - 88 2.255 1
8091.000 # 1500
8091.658 - 88 5.259 1
8095.000 # 1500
8096.899 + 88 1
8097.000 # 1500
8107.740 + 88 1
8110.600 + 88 1
8112.501 + 88 1
8114.518 + 88 1
8119.645 + 88 1
8122.037 + 88 1
8125.865 + 88 1
8129.312 + 88 1
8130.627 + 88 1
8133.595 + 88 1
8137.374 + 88 1
8139.431 + 88 1
8141.414 + 88 1
8147.000 # 1500
8147.712 - 88 50.813 1
8147.772 - 88 40.032 1
8147.780 - 88 37.180 1
8147.786 - 88 35.285 1
8147.791 - 88 33.273 1
8147.795 - 88 28.150 1
8147.799 - 88 25.762 1
8147.804 - 88 21.939 1
8147.809 - 88 18.497 1
8147.813 - 88 17.186 1
8147.817 - 88 14.222 1
8147.821 - 88 10.447 1
8147.825 - 88 8.394 1
8147.830 - 88 6.416 1
8153.000 # 1500
8153.246 + 88 1
8155.099 + 88 1
8164.000 # 1500
8164.299 - 88 11.053 1
8164.311 - 88 9.212 1
8167.000 # 1500
8167.509 + 88 1
8169.495 + 88 1
8169.683 + 88 1
8173.332 + 88 1
8177.161 + 88 1
8179.148 + 88 1
8182.227 + 88 1
8183.000 # 1500
8183.875 - 88 16.366 1
8183.888 - 88 14.393 1
8183.893 - 88 14.210 1
8183.898 - 88 10.566 1
8183.902 - 88 6.741 1
8183.906 - 88 4.758 1
8183.910 - 88 1.683 1
8187.006 + 88 1
8189.295 + 88 1
8200.621 + 88 1
8200.870 + 88 1
8202.000 # 1500
8202.000 # 1500
8203.401 - 88 16.395 1
8203.409 - 88 14.114 1
8203.414 - 88 2.793 1
8203.418 - 88 2.548 1
8204.000 # 1500
8207.000 # 1500
8208.000 # 1500
8208.000 # 1500
8209.000 # 1500
8210.846 + 88 1
8212.827 + 88 1
8215.541 + 88 1
8218.000 # 1500
8218.281 + 88 1
8218.433 - 88 7.587 1
8218.444 - 88 5.617 1
8218.449 - 88 2.908 1
8223.000 # 1500
8223.158 + 88 1
8223.267 - 88 4.986 1
8224.000 # 1500
8224.870 - 88 1.712 1
8227.031 + 88 1
8230.079 + 88 1
8232.527 + 88 1
8236.781 + 88 1
8239.780 + 88 1
8242.000 # 1500
8242.945 + 88 1
8243.015 - 88 15.984 1
8243.026 - 88 12.947 1
8243.031 - 88 10.504 1
8243.035 - 88 6.254 1
8243.039 - 88 3.259 1
8246.000 # 1500
8246.324 - 88 3.379 1
8251.750 + 88 1
8256.000 # 1500
8257.204 + 88 1
8257.435 - 88 5.685 1
8259.000 # 1500
8259.000 # 1500
8259.568 - 88 2.364 1
8259.658 + 88 1
8264.005 + 88 1
8266.536 + 88 1
8270.121 + 88 1
8273.921 + 88 1
8275.000 # 1500
8275.629 - 88 15.971 1
8275.642 - 88 11.637 1
8275.647 - 88 9.111 1
8275.651 - 88 5.530 1
8275.656 - 88 1.735 1
8276.925 + 88 1
8278.000 # 1500
8278.085 - 88 1.160 1
8278.415 + 88 1
8282.725 + 88 1
8285.000 # 1500
8285.913 + 88 1
8285.927 - 88 7.512 1
8285.938 - 88 3.213 1
8289.415 + 88 1
8291.486 + 88 1
8295.395 + 88 1
8297.000 # 1500
8297.398 + 88 1
8297.524 - 88 11.611 1
8297.532 - 88 8.117 1
8297.537 - 88 6.051 1
8297.542 - 88 2.147 1
8298.000 # 1500
8299.260 - 88 1.862 1
8302.220 + 88 1
8310.000 # 1500
8310.403 - 88 8.183 1
8313.191 + 88 1
8315.260 + 88 1
8324.000 # 1500
8324.552 - 88 11.361 1
8324.597 - 88 9.337 1
8328.688 + 88 1
8328.919 + 88 1
8331.000 # 1500
8331.295 - 88 2.607 1
8331.348 - 88 2.429 1
8333.847 + 88 1
8335.651 + 88 1
8340.281 + 88 1
8343.000 # 1500
8343.170 + 88 1
8343.301 - 88 9.454 1
8343.325 - 88 7.674 1
8343.330 - 88 3.049 1
8345.207 + 88 1
8348.000 # 1500
8348.919 - 88 5.749 1
8348.927 - 88 3.720 1
8349.154 + 88 1
8350.000 # 1500
8350.860 - 88 1.706 1
8352.918 + 88 1
8353.000 # 1500
8353.060 - 88 0.142 1
8355.041 + 88 1
8356.000 # 1500
8356.688 - 88 1.647 1
8358.000 # 1500
8362.000 # 1500
8363.990 + 88 1
8364.000 # 1500
8366.841 + 88 1
8369.673 + 88 1
8373.398 + 88 1
8375.752 + 88 1
8377.000 # 1500
8378.149 - 88 14.159 1
8378.174 - 88 11.333 1
8378.181 - 88 8.508 1
8378.186 - 88 4.788 1
8378.190 - 88 2.438 1
8378.589 + 88 1
8385.000 # 1500
8385.974 - 88 7.385 1
8388.180 + 88 1
8392.181 + 88 1
8392.445 + 88 1
8393.000 # 1500
8393.763 - 88 5.583 1
8393.776 - 88 1.595 1
8393.781 - 88 1.336 1
8394.257 + 88 1
8396.871 + 88 1
8400.000 # 1500
8400.028 + 88 1
8400.230 - 88 5.973 1
8400.242 - 88 3.371 1
8405.000 # 1500
8405.508 - 88 5.480 1
8409.790 + 88 1
8413.914 + 88 1
8415.745 + 88 1
8416.000 # 1500
8416.000 # 1500
8416.000 # 1500
8416.000 # 1500
8417.000 # 1500
8417.000 # 1500
8417.245 - 88 7.455 1
8417.297 - 88 3.383 1
8417.303 - 88 1.558 1
8418.435 + 88 1
8419.000 # 1500
8419.672 - 88 1.237 1
8421.000 # 1500
8421.000 # 1500
8422.328 + 88 1
8424.000 # 1500
8424.485 + 88 1
8424.591 - 88 2.263 1
8426.000 # 1500
8426.674 - 88 2.189 1
8428.380 + 88 1
8430.342 + 88 1
8431.000 # 1500
8431.864 - 88 3.484 1
8431.876 - 88 1.534 1
8435.000 # 1500
8437.928 + 88 1
8440.000 # 1500
8440.650 - 88 2.722 1
8444.000 # 1500
8448.150 + 88 1
8449.000 # 1500
8451.408 - 88 3.258 1
8451.919 + 88 1
8455.000 # 1500
8455.336 - 88 3.417 1
8455.555 + 88 1
8457.506 + 88 1
8459.632 + 88 1
8462.000 # 1500
8463.117 - 88 7.562 1
8463.141 - 88 5.635 1
8463.147 - 88 3.515 1
8469.000 # 1500
8472.000 # 1500
8472.199 + 88 1
8472.468 + 88 1
8476.924 + 88 1
8477.188 + 88 1
8478.000 # 1500
8478.832 - 88 6.633 1
8478.892 - 88 6.424 1
8478.911 - 88 1.987 1
8478.926 - 88 1.738 1
8485.000 # 1500
8489.000 # 1500
8489.590 + 88 1
8489.878 + 88 1
8492.778 + 88 1
8494.000 # 1500
8495.000 # 1500
8495.337 - 88 5.747 1
8495.364 - 88 5.486 1
8495.369 - 88 2.591 1
8497.000 # 1500
8499.000 # 1500
8500.503 + 88 1
8502.582 + 88 1
8504.000 # 1500
8504.000 # 1500
8506.069 - 88 5.566 1
8506.115 - 88 3.533 1
8508.000 # 1500
8511.345 + 88 1
8513.000 # 1500
8513.907 - 88 2.562 1
8517.011 + 88 1
8518.000 # 1500
8518.775 - 88 1.764 1
8519.012 + 88 1
8520.000 # 1500
8520.721 - 88 1.709 1
8522.817 + 88 1
8526.000 # 1500
8527.732 - 88 4.915 1
8529.000 # 1500
8531.706 + 88 1
8534.000 # 1500
8535.527 - 88 3.821 1
8538.565 + 88 1
8538.859 + 88 1
8539.000 # 1500
8541.648 - 88 3.083 1
8541.671 - 88 2.812 1
8541.897 + 88 1
8544.000 # 1500
8544.727 - 88 2.830 1
8544.898 + 88 1
8551.000 # 1500
8551.260 - 88 6.362 1
8555.377 + 88 1
8557.000 # 1500
8559.000 # 1500
8559.205 - 88 3.828 1
8564.000 # 1500
8566.000 # 1500
8566.975 + 88 1
8568.000 # 1500
8568.759 - 88 1.784 1
8571.000 # 1500
8572.000 # 1500
8572.823 + 88 1
8574.000 # 1500
8575.000 # 1500
8575.648 - 88 2.825 1
8579.000 # 1500
8580.000 # 1500
8582.000 # 1500
8584.000 # 1500
8586.000 # 1500
8587.770 + 88 1
8588.000 # 1500
8589.884 - 88 2.114 1
8590.000 # 1500
8592.000 # 1500
8592.370 + 88 1
8593.567 + 88 1
8594.000 # 1500
8595.000 # 1500
8595.405 - 88 3.035 1
8595.431 - 88 1.864 1
8596.516 + 88 1
8597.000 # 1500
8598.000 # 1500
8598.216 - 88 1.700 1
8601.000 # 1500
8604.000 # 1500
8604.000 # 1500
8605.000 # 1500
8607.000 # 1500
8607.475 + 88 1
8610.000 # 1500
8611.931 - 88 4.456 1
8612.000 # 1500
8612.395 + 88 1
8616.000 # 1500
8616.000 # 1500
8617.035 + 88 1
8617.352 - 88 4.957 1
8618.000 # 1500
8618.951 - 88 1.916 1
8619.000 # 1500
8619.568 + 88 1
8621.000 # 1500
8622.658 - 88 3.090 1
8623.000 # 1500
8623.133 + 88 1
8624.000 # 1500
8625.289 - 88 2.156 1
8626.000 # 1500
8626.780 + 88 1
8627.000 # 1500
8628.870 + 88 1
8629.000 # 1500
8629.197 - 88 2.417 1
8630.000 # 1500
8630.615 - 88 1.745 1
8631.579 + 88 1
8633.000 # 1500
8634.000 # 1500
8634.842 + 88 1
8634.866 - 88 3.287 1
8635.000 # 1500
8637.000 # 1500
8638.331 - 88 3.489 1
8638.543 + 88 1
8639.000 # 1500
8640.411 - 88 1.868 1
8640.913 + 88 1
8643.000 # 1500
8643.296 + 88 1
8643.597 - 88 2.684 1
8645.000 # 1500
8646.000 # 1500
8646.084 - 88 2.788 1
8649.000 # 1500
8649.000 # 1500
8651.763 + 88 1
8652.000 # 1500
8653.000 # 1500
8653.114 - 88 1.351 1
8654.000 # 1500
8656.457 + 88 1
8657.000 # 1500
8657.887 + 88 1
8658.216 - 88 1.759 1
8661.621 + 88 1
8664.539 + 88 1
8666.000 # 1500
8666.000 # 1500
8666.000 # 1500
8666.000 # 1500
8666.000 # 1500
8667.000 # 1500
8667.846 - 88 9.959 1
8668.132 + 88 1
8668.464 - 88 6.843 1
8668.490 - 88 3.951 1
8669.000 # 1500
8669.604 + 88 1
8669.821 - 88 1.689 1
8670.000 # 1500
8671.872 - 88 2.268 1
8672.000 # 1500
8674.496 + 88 1
8674.791 + 88 1
8675.000 # 1500
8676.000 # 1500
8676.878 - 88 2.382 1
8676.902 - 88 2.111 1
8677.000 # 1500
8680.000 # 1500
8680.000 # 1500
8682.000 # 1500
8684.000 # 1500
8685.000 # 1500
8688.000 # 1500
8688.000 # 1500
8688.379 + 88 1
8688.698 + 88 1
8689.000 # 1500
8690.000 # 1500
8691.911 - 88 3.532 1
8692.046 - 88 3.348 1
8692.744 + 88 1
8696.052 + 88 1
8697.999 + 88 1
8699.000 # 1500
8699.000 # 1500
8699.669 - 88 6.925 1
8700.000 # 1500
8700.000 # 1500
8700.211 - 88 4.159 1
8700.244 - 88 2.245 1
8702.000 # 1500
8703.000 # 1500
8705.000 # 1500
8705.000 # 1500
8707.914 + 88 1
8709.000 # 1500
8710.000 # 1500
8710.439 - 88 2.525 1
8711.000 # 1500
8713.000 # 1500
8714.000 # 1500
8714.164 + 88 1
8715.811 + 88 1
8723.000 # 1500
8723.000 # 1500
8723.335 - 88 9.171 1
8723.392 - 88 7.581 1
8724.000 # 1500
8724.000 # 1500
8726.802 + 88 1
8730.353 + 88 1
8732.642 + 88 1
8734.000 # 1500
8734.603 + 88 1
8734.843 - 88 8.041 1
8734.905 - 88 4.552 1
8734.922 - 88 2.280 1
8736.000 # 1500
8736.000 # 1500
8738.000 # 1500
8739.000 # 1500
8740.401 - 88 5.798 1
8740.762 + 88 1
8741.000 # 1500
8741.000 # 1500
8741.000 # 1500
8744.483 + 88 1
8746.362 + 88 1
8750.979 + 88 1
8752.000 # 1500
8752.000 # 1500
8752.000 # 1500
8752.000 # 1500
8752.746 - 88 11.984 1
8752.798 - 88 8.315 1
8752.864 - 88 6.502 1
8752.887 - 88 1.908 1
8753.486 + 88 1
8756.000 # 1500
8757.039 - 88 3.553 1
8759.924 + 88 1
8762.000 # 1500
8762.511 - 88 2.587 1
8762.905 + 88 1
8765.025 + 88 1
8766.000 # 1500
8766.371 - 88 3.466 1
8766.403 - 88 1.378 1
8768.524 + 88 1
8770.000 # 1500
8771.341 - 88 2.817 1
8771.712 + 88 1
8774.512 + 88 1
8776.000 # 1500
8776.446 + 88 1
8776.688 - 88 4.976 1
8776.728 - 88 2.216 1
8778.530 + 88 1
8779.000 # 1500
8780.167 - 88 3.721 1
8780.191 - 88 1.661 1
8781.690 + 88 1
8785.140 + 88 1
8786.000 # 1500
8787.079 - 88 5.389 1
8787.101 - 88 1.961 1
8787.436 + 88 1
8790.000 # 1500
8791.023 - 88 3.587 1
8791.156 + 88 1
8791.559 + 88 1
8793.000 # 1500
8794.885 - 88 3.729 1
8794.979 - 88 3.420 1
8795.038 + 88 1
8796.000 # 1500
8796.695 - 88 1.657 1
8796.908 + 88 1
8802.663 + 88 1
8805.000 # 1500
8807.606 - 88 10.698 1
8807.725 - 88 5.062 1
8809.000 # 1500
8815.000 # 1500
8818.564 + 88 1
8819.000 # 1500
8820.218 - 88 1.654 1
8820.716 + 88 1
8823.000 # 1500
8823.409 + 88 1
8823.620 - 88 2.904 1
8828.186 + 88 1
8831.000 # 1500
8832.196 - 88 8.787 1
8832.230 - 88 4.044 1
8832.267 + 88 1
8835.000 # 1500
8836.951 - 88 4.684 1
8838.000 # 1500
8841.704 + 88 1
8841.951 + 88 1
8844.000 # 1500
8845.576 - 88 3.872 1
8845.597 - 88 3.646 1
8847.540 + 88 1
8848.000 # 1500
8850.000 # 1500
8850.483 - 88 2.943 1
8853.000 # 1500
8853.378 + 88 1
8853.576 + 88 1
8855.350 + 88 1
8857.000 # 1500
8857.732 - 88 4.354 1
8857.752 - 88 4.176 1
8857.795 + 88 1
8857.961 - 88 2.611 1
8860.000 # 1500
8862.246 - 88 4.451 1
8863.000 # 1500
8866.000 # 1500
8867.326 + 88 1
8870.000 # 1500
8871.212 - 88 3.886 1
8874.000 # 1500
8874.912 + 88 1
8875.097 + 88 1
8876.821 + 88 1
8877.000 # 1500
8878.856 - 88 3.944 1
8878.948 - 88 3.851 1
8878.980 - 88 2.159 1
8880.000 # 1500
8886.000 # 1500
8887.000 # 1500
8887.596 + 88 1
8889.000 # 1500
8890.532 - 88 2.936 1
8890.811 + 88 1
8891.000 # 1500
8892.752 - 88 1.941 1
8894.364 + 88 1
8894.755 + 88 1
8895.000 # 1500
8895.000 # 1500
8896.576 - 88 2.212 1
8896.665 - 88 1.910 1
8897.000 # 1500
8899.000 # 1500
8907.120 + 88 1
8910.000 # 1500
8911.042 - 88 3.922 1
8913.990 + 88 1
8914.361 + 88 1
8915.000 # 1500
8915.000 # 1500
8915.000 # 1500
8915.941 - 88 1.951 1
8916.265 - 88 1.904 1
8917.000 # 1500
8925.690 + 88 1
8927.803 + 88 1
8928.000 # 1500
8928.000 # 1500
8929.595 - 88 3.905 1
8929.743 - 88 1.940 1
8930.000 # 1500
8931.641 + 88 1
8933.000 # 1500
8935.484 - 88 3.843 1
8935.769 + 88 1
8937.000 # 1500
8937.567 + 88 1
8937.714 - 88 1.945 1
8941.000 # 1500
8942.292 - 88 4.725 1
8945.000 # 1500
8947.534 + 88 1
8949.000 # 1500
8950.998 - 88 3.464 1
8951.539 + 88 1
8952.000 # 1500
8953.306 - 88 1.767 1
8955.000 # 1500
8955.310 + 88 1
8957.000 # 1500
8958.797 - 88 3.487 1
8961.000 # 1500
8966.000 # 1500
8967.000 # 1500
8967.738 + 88 1
8968.286 + 88 1
8969.000 # 1500
8970.000 # 1500
8970.475 - 88 2.737 1
8970.699 - 88 2.413 1
8972.550 + 88 1
8972.817 + 88 1
8973.000 # 1500
8974.397 - 88 1.847 1
8974.472 - 88 1.655 1
8976.920 + 88 1
8983.000 # 1500
8983.000 # 1500
8984.729 - 88 7.809 1
8987.000 # 1500
8987.000 # 1500
8987.598 + 88 1
8987.948 + 88 1
8994.000 # 1500
8994.000 # 1500
8994.000 # 1500
8994.000 # 1500
8994.586 + 88 1
8994.751 - 88 7.153 1
8994.875 - 88 6.927 1
8996.000 # 1500
8997.169 + 88 1
8997.294 - 88 2.708 1
8998.000 # 1500
8999.000 # 1500
8999.280 + 88 1
8999.621 - 88 2.452 1
9003.191 + 88 1
9005.000 # 1500
9006.173 + 88 1
9006.552 - 88 7.272 1
9006.571 - 88 3.380 1
9007.000 # 1500
9007.981 - 88 1.808 1
9009.426 + 88 1
9011.000 # 1500
9012.122 - 88 2.696 1
9015.000 # 1500
9015.794 + 88 1
9017.786 + 88 1
9025.000 # 1500
9025.000 # 1500
9025.000 # 1500
9026.568 - 88 10.774 1
9026.658 - 88 8.872 1
9026.905 + 88 1
9027.353 + 88 1
9029.000 # 1500
9030.657 + 88 1
9030.770 - 88 3.865 1
9030.836 - 88 3.483 1
9034.000 # 1500
9034.319 + 88 1
9034.558 - 88 3.901 1
9037.000 # 1500
9038.306 - 88 3.987 1
9038.665 + 88 1
9040.000 # 1500
9041.472 + 88 1
9041.719 - 88 3.054 1
9043.493 + 88 1
9044.000 # 1500
9045.032 - 88 3.560 1
9045.056 - 88 1.563 1
9047.000 # 1500
9052.000 # 1500
9053.176 + 88 1
9055.000 # 1500
9056.207 - 88 3.031 1
9056.862 + 88 1
9057.000 # 1500
9060.000 # 1500
9060.748 - 88 3.886 1
9064.000 # 1500
9067.000 # 1500
9070.000 # 1500
9071.836 + 88 1
9072.000 # 1500
9072.002 + 88 1
9072.199 - 88 0.363 1
9073.000 # 1500
9073.639 - 88 1.637 1
9074.000 # 1500
9074.227 + 88 1
9076.000 # 1500
9076.830 - 88 2.603 1
9077.000 # 1500
9077.348 + 88 1
9080.000 # 1500
9080.000 # 1500
9080.547 + 88 1
9080.928 - 88 3.580 1
9083.000 # 1500
9084.328 - 88 3.781 1
9085.297 + 88 1
9086.000 # 1500
9086.957 - 88 1.660 1
9087.549 + 88 1
9088.000 # 1500
9089.000 # 1500
9090.302 - 88 2.753 1
9090.889 + 88 1
9092.000 # 1500
9092.000 # 1500
9092.266 - 88 1.377 1
9094.000 # 1500
9094.292 + 88 1
9095.000 # 1500
9096.145 - 88 1.853 1
9096.531 + 88 1
9097.000 # 1500
9098.000 # 1500
9098.096 - 88 1.565 1
9098.470 + 88 1
9100.000 # 1500
9101.000 # 1500
9101.077 - 88 2.607 1
9101.455 + 88 1
9104.224 + 88 1
9106.088 + 88 1
9108.195 + 88 1
9111.000 # 1500
9111.860 - 88 10.405 1
9111.914 - 88 7.690 1
9111.931 - 88 5.843 1
9111.947 - 88 3.752 1
9112.336 + 88 1
9114.000 # 1500
9114.066 + 88 1
9114.222 - 88 1.886 1
9115.000 # 1500
9115.698 - 88 1.632 1
9116.000 # 1500
9116.137 + 88 1
9117.000 # 1500
9117.000 # 1500
9117.692 - 88 1.555 1
9118.147 + 88 1
9120.000 # 1500
9120.000 # 1500
9120.572 - 88 2.425 1
9120.996 + 88 1
9125.907 + 88 1
9128.601 + 88 1
9130.000 # 1500
9130.690 + 88 1
9130.985 - 88 9.989 1
9131.000 # 1500
9131.000 # 1500
9131.010 - 88 5.103 1
9131.025 - 88 2.424 1
9131.050 - 88 0.360 1
9136.000 # 1500
9136.756 + 88 1
9138.255 + 88 1
9140.382 + 88 1
9142.391 + 88 1
9152.265 + 88 1
9152.689 + 88 1
9152.795 + 88 1
9155.588 + 88 1
9159.080 + 88 1
9171.007 + 88 1
9175.000 # 1500
9176.747 - 88 39.991 1
9176.896 - 88 38.641 1
9176.926 - 88 36.544 1
9176.934 - 88 34.543 1
9176.941 - 88 24.676 1
9176.947 - 88 24.258 1
9177.011 - 88 24.216 1
9177.028 - 88 21.440 1
9177.037 - 88 17.957 1
9177.045 - 88 6.038 1
9187.457 + 88 1
9187.817 + 88 1
9192.184 + 88 1
9194.528 + 88 1
9197.000 # 1500
9197.345 + 88 1
9197.506 - 88 10.049 1
9197.532 - 88 9.715 1
9197.547 - 88 5.363 1
9197.561 - 88 3.033 1
9207.000 # 1500
9208.993 - 88 11.648 1
9209.945 + 88 1
9210.388 + 88 1
9214.000 # 1500
9215.168 - 88 5.223 1
9215.192 - 88 4.804 1
9215.297 + 88 1
9220.000 # 1500
9220.106 + 88 1
9220.262 - 88 4.965 1
9223.962 + 88 1
9227.813 + 88 1
9228.000 # 1500
9228.117 - 88 8.011 1
9228.142 - 88 4.180 1
9229.115 + 88 1
9230.000 # 1500
9231.046 + 88 1
9231.398 - 88 3.585 1
9231.430 - 88 2.315 1
9233.000 # 1500
9233.875 + 88 1
9234.131 - 88 3.085 1
9236.608 + 88 1
9237.000 # 1500
9238.625 - 88 4.750 1
9238.645 - 88 2.037 1
9240.000 # 1500
9246.614 + 88 1
9246.678 + 88 1
9248.000 # 1500
9248.000 # 1500
9249.256 - 88 2.642 1
9249.282 - 88 2.604 1
9250.000 # 1500
9252.246 + 88 1
9252.604 + 88 1
9259.000 # 1500
9259.000 # 1500
9259.000 # 1500
9259.000 # 1500
9260.050 - 88 7.804 1
9260.070 - 88 7.466 1
9260.974 + 88 1
9261.000 # 1500
9261.000 # 1500
9261.248 + 88 1
9264.000 # 1500
9265.437 - 88 4.463 1
9265.455 - 88 4.207 1
9265.546 + 88 1
9267.000 # 1500
9268.705 - 88 3.159 1
9269.000 # 1500
9271.000 # 1500
9272.547 + 88 1
9274.000 # 1500
9274.645 + 88 1
9275.534 + 88 1
9277.000 # 1500
9279.123 - 88 6.576 1
9279.145 - 88 4.500 1
9279.153 - 88 3.619 1
9281.000 # 1500
9284.000 # 1500
9287.387 + 88 1
9287.651 + 88 1
9289.578 + 88 1
9290.000 # 1500
9291.256 - 88 3.869 1
9291.267 - 88 3.616 1
9291.270 - 88 1.692 1
9293.293 + 88 1
9295.186 + 88 1
9304.799 + 88 1
9305.000 # 1500
9307.000 # 1500
9307.000 # 1500
9307.117 - 88 13.824 1
9307.126 - 88 11.940 1
9307.129 - 88 2.330 1
9308.000 # 1500
9309.000 # 1500
9310.000 # 1500
9314.000 # 1500
9314.000 # 1500
9315.000 # 1500
9316.000 # 1500
9316.000 # 1500
9316.630 + 88 1
9317.000 # 1500
9318.871 - 88 2.241 1
9318.944 + 88 1
9326.000 # 1500
9326.000 # 1500
9328.370 + 88 1
9328.609 - 88 9.665 1
9331.000 # 1500
9331.511 + 88 1
9331.736 - 88 3.366 1
9333.000 # 1500
9334.397 + 88 1
9334.618 - 88 3.107 1
9336.000 # 1500
9336.000 # 1500
9336.242 + 88 1
9336.478 - 88 2.081 1
9344.000 # 1500
9346.845 - 88 10.603 1
9348.000 # 1500
9348.105 + 88 1
9350.000 # 1500
9351.062 - 88 2.957 1
9352.822 + 88 1
9358.642 + 88 1
9358.866 + 88 1
9361.000 # 1500
9364.438 - 88 11.616 1
9364.448 - 88 5.806 1
9364.451 - 88 5.585 1
9366.000 # 1500
9366.518 + 88 1
9371.392 + 88 1
9371.598 + 88 1
9375.000 # 1500
9375.315 + 88 1
9375.581 - 88 9.063 1
9375.590 - 88 4.198 1
9375.593 - 88 3.995 1
9381.000 # 1500
9381.000 # 1500
9381.000 # 1500
9385.008 - 88 9.693 1
9386.823 + 88 1
9387.000 # 1500
9387.029 + 88 1
9387.103 - 88 0.280 1
9396.000 # 1500
9396.300 + 88 1
9396.498 - 88 9.469 1
9406.000 # 1500
9407.281 + 88 1
9407.477 - 88 11.177 1
9407.504 + 88 1
9414.000 # 1500
9416.621 + 88 1
9416.838 - 88 9.557 1
9416.885 - 88 9.381 1
9420.556 + 88 1
9421.000 # 1500
9423.311 - 88 6.690 1
9423.353 - 88 2.797 1
9426.203 + 88 1
9429.000 # 1500
9430.140 + 88 1
9430.401 - 88 4.198 1
9435.000 # 1500
9435.044 + 88 1
9435.317 - 88 5.177 1
9441.000 # 1500
9443.773 - 88 8.729 1
9445.000 # 1500
9447.736 + 88 1
9447.801 + 88 1
9451.000 # 1500
9452.594 - 88 4.858 1
9452.620 - 88 4.819 1
9457.000 # 1500
9458.414 + 88 1
9458.438 + 88 1
9460.311 + 88 1
9462.000 # 1500
9464.339 - 88 5.925 1
9464.362 - 88 5.924 1
9464.388 - 88 4.077 1
9464.438 + 88 1
9467.000 # 1500
9468.070 + 88 1
9468.316 - 88 3.878 1
9472.145 + 88 1
9475.000 # 1500
9477.147 - 88 9.077 1
9477.365 - 88 5.220 1
9477.608 + 88 1
9479.000 # 1500
9481.071 - 88 3.463 1
9482.963 + 88 1
9483.000 # 1500
9487.782 + 88 1
9489.000 # 1500
9490.110 + 88 1
9490.491 - 88 7.528 1
9490.533 - 88 2.751 1
9496.000 # 1500
9497.648 - 88 7.538 1
9501.000 # 1500
9504.494 + 88 1
9504.855 + 88 1
9507.369 + 88 1
9510.000 # 1500
9510.528 + 88 1
9510.982 - 88 6.488 1
9511.025 - 88 6.170 1
9511.042 - 88 3.673 1
9511.312 + 88 1
9515.000 # 1500
9516.415 + 88 1
9516.880 - 88 6.352 1
9516.954 - 88 5.642 1
9519.511 + 88 1
9524.896 + 88 1
9528.917 + 88 1
9532.811 + 88 1
9537.092 + 88 1
9539.000 # 1500
9539.785 - 88 23.370 1
9540.286 - 88 20.775 1
9540.432 - 88 15.536 1
9540.458 - 88 11.541 1
9540.474 - 88 7.663 1
9540.488 - 88 3.396 1
9540.596 + 88 1
9543.773 + 88 1
9546.000 # 1500
9549.226 - 88 8.630 1
9549.609 + 88 1
9549.634 - 88 5.861 1
9553.378 + 88 1
9555.000 # 1500
9556.301 - 88 6.692 1
9556.330 - 88 2.952 1
9556.752 + 88 1
9563.033 + 88 1
9564.000 # 1500
9564.875 - 88 8.123 1
9564.901 - 88 1.868 1
9567.192 + 88 1
9569.000 # 1500
9569.056 + 88 1
9569.119 - 88 1.927 1
9571.000 # 1500
9571.889 + 88 1
9572.563 - 88 3.507 1
9576.000 # 1500
9578.000 # 1500
9578.064 - 88 6.175 1
9582.571 + 88 1
9582.638 + 88 1
9585.000 # 1500
9585.564 + 88 1
9585.842 - 88 3.271 1
9585.881 - 88 3.243 1
9586.149 + 88 1
9589.000 # 1500
9589.000 # 1500
9590.424 - 88 4.860 1
9590.445 - 88 4.296 1
9592.000 # 1500
9595.000 # 1500
9595.000 # 1500
9597.384 + 88 1
9597.449 + 88 1
9598.000 # 1500
9599.000 # 1500
9600.116 - 88 2.732 1
9600.244 - 88 2.795 1
9602.000 # 1500
9604.000 # 1500
9606.000 # 1500
9607.000 # 1500
9608.369 + 88 1
9610.000 # 1500
9611.799 - 88 3.430 1
9612.000 # 1500
9613.000 # 1500
9615.000 # 1500
9618.000 # 1500
9620.000 # 1500
9621.000 # 1500
9622.808 + 88 1
9623.000 # 1500
9624.000 # 1500
9624.416 - 88 1.608 1
9626.728 + 88 1
9627.000 # 1500
9628.000 # 1500
9628.312 - 88 1.584 1
9629.862 + 88 1
9630.000 # 1500
9631.224 - 88 1.362 1
9632.222 + 88 1
9634.000 # 1500
9635.334 - 88 3.112 1
9635.483 + 88 1
9636.000 # 1500
9637.000 # 1500
9637.073 - 88 1.590 1
9639.000 # 1500
9640.443 + 88 1
9642.000 # 1500
9643.000 # 1500
9643.268 + 88 1
9643.431 - 88 2.988 1
9645.000 # 1500
9646.000 # 1500
9646.020 - 88 2.752 1
9647.239 + 88 1
9649.000 # 1500
9650.928 - 88 3.689 1
9651.000 # 1500
9651.000 # 1500
9652.894 + 88 1
9653.000 # 1500
9653.163 - 88 0.269 1
9655.000 # 1500
9655.144 + 88 1
9655.193 + 88 1
9657.239 + 88 1
9658.000 # 1500
9659.000 # 1500
9659.023 - 88 3.879 1
9659.047 - 88 3.854 1
9659.056 - 88 1.817 1
9660.000 # 1500
9662.000 # 1500
9665.000 # 1500
9666.292 + 88 1
9667.000 # 1500
9667.000 # 1500
9668.232 - 88 1.940 1
9669.000 # 1500
9669.883 + 88 1
9670.000 # 1500
9670.153 - 88 0.270 1
9673.819 + 88 1
9674.334 + 88 1
9675.000 # 1500
9675.000 # 1500
9675.822 - 88 2.003 1
9675.844 - 88 1.510 1
9677.000 # 1500
9678.000 # 1500
9679.048 + 88 1
9681.000 # 1500
9681.000 # 1500
9681.605 - 88 2.557 1
9683.000 # 1500
9684.000 # 1500
9687.000 # 1500
9687.540 + 88 1
9690.450 + 88 1
9692.414 + 88 1
9695.375 + 88 1
9704.513 + 88 1
9707.443 + 88 1
9717.522 + 88 1
9726.000 # 1500
9726.000 # 1500
9726.000 # 1500
9726.000 # 1500
9726.000 # 1500
9726.000 # 1500
9726.000 # 1500
9726.000 # 1500
9726.000 # 1500
9726.000 # 1500
9726.808 + 88 1
9726.982 - 88 39.442 1
9727.000 # 1500
9727.000 # 1500
9727.000 # 1500
9727.000 # 1500
9727.000 # 1500
9727.000 # 1500
9727.000 # 1500
9727.000 # 1500
9727.000 # 1500
9727.000 # 1500
9727.044 - 88 36.594 1
9727.062 - 88 34.648 1
9727.076 - 88 31.701 1
9727.089 - 88 22.576 1
9727.102 - 88 19.659 1
9727.116 - 88 9.594 1
9727.224 - 88 0.416 1
9728.000 # 1500
9729.000 # 1500
9731.000 # 1500
9732.000 # 1500
9735.000 # 1500
9736.000 # 1500
9737.580 + 88 1
9738.000 # 1500
9739.000 # 1500
9739.310 - 88 1.730 1
9743.000 # 1500
9746.000 # 1500
9746.454 + 88 1
9747.000 # 1500
9748.194 + 88 1
9748.627 - 88 2.173 1
9750.000 # 1500
9751.031 - 88 2.837 1
9752.296 + 88 1
9757.072 + 88 1
9759.000 # 1500
9760.000 # 1500
9760.000 # 1500
9760.000 # 1500
9760.000 # 1500
9760.226 - 88 7.930 1
9760.245 - 88 3.173 1
9762.000 # 1500
9763.000 # 1500
9766.000 # 1500
9766.000 # 1500
9766.676 + 88 1
9769.000 # 1500
9769.000 # 1500
9770.791 - 88 4.115 1
9770.818 + 88 1
9772.000 # 1500
9773.778 - 88 2.960 1
9774.000 # 1500
9775.000 # 1500
9776.000 # 1500
9776.204 + 88 1
9778.000 # 1500
9779.000 # 1500
9779.937 - 88 3.733 1
9783.000 # 1500
9787.659 + 88 1
9791.403 + 88 1
9794.000 # 1500
9794.000 # 1500
9794.000 # 1500
9794.593 + 88 1
9795.000 # 1500
9795.074 - 88 7.415 1
9795.092 - 88 3.689 1
9796.239 + 88 1
9796.358 - 88 1.765 1
9799.000 # 1500
9799.000 # 1500
9799.946 - 88 3.707 1
9800.000 # 1500
9801.000 # 1500
9802.000 # 1500
9803.000 # 1500
9805.000 # 1500
9805.000 # 1500
9808.000 # 1500
9810.000 # 1500
9813.863 + 88 1
9815.000 # 1500
9815.523 - 88 1.660 1
9816.000 # 1500
9819.000 # 1500
9819.791 + 88 1
9822.000 # 1500
9823.356 - 88 3.565 1
9824.000 # 1500
9825.396 + 88 1
9827.000 # 1500
9828.213 - 88 2.817 1
9830.388 + 88 1
9831.000 # 1500
9832.167 - 88 1.779 1
9833.523 + 88 1
9834.000 # 1500
9835.078 - 88 1.555 1
9838.000 # 1500
9839.416 + 88 1
9840.000 # 1500
9840.959 - 88 1.543 1
9844.000 # 1500
9846.108 + 88 1
9850.182 + 88 1
9855.000 # 1500
9855.000 # 1500
9855.000 # 1500
9855.000 # 1500
9855.000 # 1500
9855.000 # 1500
9856.000 # 1500
9857.516 + 88 1
9858.000 # 1500
9858.032 - 88 11.924 1
9858.181 - 88 7.999 1
9859.602 - 88 2.086 1
9860.000 # 1500
9861.000 # 1500
9862.000 # 1500
9862.790 + 88 1
9864.000 # 1500
9865.000 # 1500
9866.073 - 88 3.283 1
9867.448 + 88 1
9868.000 # 1500
9870.099 - 88 2.651 1
9870.780 + 88 1
9871.000 # 1500
9872.432 - 88 1.652 1
9874.000 # 1500
9876.540 + 88 1
9878.000 # 1500
9879.000 # 1500
9879.264 + 88 1
9879.580 - 88 3.040 1
9884.000 # 1500
9885.906 - 88 6.642 1
9891.809 + 88 1
9891.853 + 88 1
9895.000 # 1500
9895.000 # 1500
9895.672 - 88 3.863 1
9895.777 - 88 3.924 1
9895.808 + 88 1
9899.000 # 1500
9899.000 # 1500
9899.538 + 88 1
9899.915 - 88 4.107 1
9900.000 # 1500
9902.000 # 1500
9902.547 - 88 3.009 1
9903.242 + 88 1
9904.000 # 1500
9905.000 # 1500
9906.358 - 88 3.116 1
9909.000 # 1500
9910.606 + 88 1
9911.000 # 1500
9912.761 - 88 2.155 1
9914.000 # 1500
9916.000 # 1500
9916.000 # 1500
9922.094 + 88 1
9922.136 + 88 1
9924.000 # 1500
9924.940 - 88 2.846 1
9925.000 # 1500
9925.080 - 88 2.944 1
9926.000 # 1500
9926.000 # 1500
9926.000 # 1500
9927.225 + 88 1
9928.000 # 1500
9928.000 # 1500
9928.765 - 88 1.540 1
9932.000 # 1500
9934.811 + 88 1
9936.000 # 1500
9937.439 - 88 2.628 1
9938.678 + 88 1
9940.000 # 1500
9941.379 - 88 2.701 1
9944.000 # 1500
9948.000 # 1500
9949.916 + 88 1
9951.000 # 1500
9952.113 - 88 2.197 1
9954.000 # 1500
9955.525 + 88 1
9956.000 # 1500
9957.496 - 88 1.971 1
9958.000 # 1500
9961.134 + 88 1
9963.000 # 1500
9964.338 - 88 3.204 1
9964.829 + 88 1
9966.000 # 1500
9967.142 - 88 2.313 1
9970.000 # 1500
9970.000 # 1500
9971.229 + 88 1
9972.000 # 1500
9973.464 - 88 2.235 1
9974.000 # 1500
9976.211 + 88 1
9977.000 # 1500
9978.000 # 1500
9978.500 - 88 2.289 1
9980.000 # 1500
9981.014 + 88 1
9983.000 # 1500
9984.686 - 88 3.672 1
9985.289 + 88 1
9989.840 + 88 1
9993.974 + 88 1
10000.000 # 1500
10000.640 + 88 1
10000.807 - 88 15.518 1
10000.977 - 88 11.137 1
10000.998 - 88 7.024 1
10004.000 # 1500
10004.000 # 1500
10004.000 # 1500
10004.591 - 88 3.951 1
10004.961 + 88 1
10005.000 # 1500
10005.000 # 1500
10005.000 # 1500
10005.000 # 1500
10005.000 # 1500
10005.000 # 1500
10007.000 # 1500
10007.444 - 88 2.483 1
10009.000 # 1500
10012.000 # 1500
10012.492 + 88 1
10014.000 # 1500
10015.959 - 88 3.467 1
10016.000 # 1500
10018.000 # 1500
10020.000 # 1500
10025.000 # 1500
10025.000 # 1500
10027.000 # 1500
10028.653 + 88 1
10029.000 # 1500
10030.000 # 1500
10030.252 - 88 1.599 1
10033.000 # 1500
10034.000 # 1500
10036.317 + 88 1
10044.000 # 1500
10045.161 - 88 8.844 1
10047.000 # 1500
10047.000 # 1500
10047.294 + 88 1
10047.631 + 88 1
10048.000 # 1500
10048.000 # 1500
10049.000 # 1500
10049.017 - 88 1.723 1
10049.134 - 88 1.503 1
10050.000 # 1500
10053.000 # 1500
10055.000 # 1500
10057.000 # 1500
10057.000 # 1500
10058.057 + 88 1
10059.000 # 1500
10059.828 - 88 1.771 1
10061.000 # 1500
10063.000 # 1500
10064.000 # 1500
10066.000 # 1500
10067.000 # 1500
10067.896 + 88 1
10069.000 # 1500
10069.536 - 88 1.640 1
10071.000 # 1500
10072.000 # 1500
10073.000 # 1500
10075.000 # 1500
10076.000 # 1500
10078.000 # 1500
10079.000 # 1500
10082.000 # 1500
10094.000 # 1500
10096.000 # 1500
10096.000 # 1500
10096.000 # 1500
10096.000 # 1500
10096.000 # 1500
10100.841 + 88 1
10109.904 + 88 1
10113.868 + 88 1
10114.000 # 1500
10114.031 - 88 13.190 1
10114.144 - 88 4.240 1
10114.161 - 88 0.293 1
10115.000 # 1500
10115.000 # 1500
10115.000 # 1500
10115.000 # 1500
10115.000 # 1500
10115.000 # 1500
10115.000 # 1500
10116.000 # 1500
10116.000 # 1500
10116.000 # 1500
10118.185 + 88 1
10119.000 # 1500
10119.631 - 88 1.446 1
10122.000 # 1500
10124.000 # 1500
10125.777 + 88 1
10128.000 # 1500
10129.544 - 88 3.767 1
10131.000 # 1500
10131.456 + 88 1
10134.000 # 1500
10135.460 + 88 1
10135.621 - 88 4.165 1
10139.114 + 88 1
10142.389 + 88 1
10146.029 + 88 1
10149.000 # 1500
10150.993 - 88 15.533 1
10151.000 # 1500
10151.000 # 1500
10151.000 # 1500
10151.035 - 88 11.921 1
10151.053 - 88 8.664 1
10151.062 - 88 5.033 1
10151.095 + 88 1
10153.000 # 1500
10154.006 + 88 1
10154.390 - 88 3.295 1
10156.000 # 1500
10156.952 - 88 2.946 1
10157.861 + 88 1
10159.055 + 88 1
10160.000 # 1500
10160.878 - 88 3.017 1
10160.906 - 88 1.851 1
10162.645 + 88 1
10163.000 # 1500
10164.321 - 88 1.676 1
10167.000 # 1500
10167.627 + 88 1
10171.502 + 88 1
10172.729 + 88 1
10175.513 + 88 1
10182.638 + 88 1
10182.769 + 88 1
10191.701 + 88 1
10191.758 + 88 1
10191.805 + 88 1
10194.000 # 1500
10194.596 + 88 1
10195.055 - 88 27.428 1
10195.149 - 88 23.647 1
10195.181 - 88 22.452 1
10195.191 - 88 19.678 1
10195.199 - 88 12.561 1
10195.207 - 88 12.438 1
10195.214 - 88 3.513 1
10195.229 - 88 3.471 1
10195.235 - 88 3.430 1
10197.635 + 88 1
10198.000 # 1500
10200.056 - 88 5.460 1
10200.103 - 88 2.468 1
10202.231 + 88 1
10203.515 + 88 1
10205.000 # 1500
10206.342 - 88 4.111 1
10206.363 - 88 2.848 1
10207.229 + 88 1
10208.000 # 1500
10209.285 - 88 2.056 1
10211.280 + 88 1
10213.000 # 1500
10214.202 + 88 1
10214.581 - 88 3.301 1
10215.000 # 1500
10216.233 - 88 2.031 1
10219.000 # 1500
10222.736 + 88 1
10223.000 # 1500
10223.053 + 88 1
10223.158 + 88 1
10223.398 - 88 0.662 1
10226.000 # 1500
10227.295 + 88 1
10227.562 - 88 4.509 1
10227.583 - 88 4.425 1
10228.664 + 88 1
10230.000 # 1500
10231.313 - 88 4.018 1
10231.335 - 88 2.671 1
10233.000 # 1500
10233.100 + 88 1
10234.414 + 88 1
10236.110 + 88 1
10244.000 # 1500
10244.736 - 88 11.636 1
10244.756 - 88 10.342 1
10244.764 - 88 8.654 1
10247.587 + 88 1
10247.770 + 88 1
10248.000 # 1500
10249.602 - 88 2.015 1
10249.622 - 88 1.852 1
10253.000 # 1500
10253.795 + 88 1
10254.000 # 1500
10254.000 + 88 1
10254.200 - 88 0.405 1
10258.000 # 1500
10258.468 - 88 4.468 1
10258.476 + 88 1
10260.000 # 1500
10261.000 # 1500
10262.338 - 88 3.862 1
10266.000 # 1500
10267.251 + 88 1
10267.408 + 88 1
10270.224 + 88 1
10273.313 + 88 1
10276.000 # 1500
10278.074 - 88 10.823 1
10278.167 - 88 10.759 1
10278.244 - 88 8.020 1
10278.257 - 88 4.944 1
10285.897 + 88 1
10287.000 # 1500
10287.000 # 1500
10288.703 - 88 2.806 1
10293.000 # 1500
10293.450 + 88 1
10293.657 + 88 1
10293.829 + 88 1
10294.000 # 1500
10297.549 - 88 4.099 1
10297.641 - 88 3.984 1
10297.705 - 88 3.876 1
10302.821 + 88 1
10305.000 # 1500
10308.021 + 88 1
10308.079 - 88 5.258 1
10314.735 + 88 1
10316.000 # 1500
10317.825 - 88 9.804 1
10317.917 - 88 3.182 1
10320.837 + 88 1
10322.588 + 88 1
10325.000 # 1500
10326.590 + 88 1
10326.631 - 88 5.794 1
10326.668 - 88 4.080 1
10328.354 + 88 1
10329.000 # 1500
10330.536 - 88 3.946 1
10330.602 - 88 2.248 1
10331.460 + 88 1
10334.000 # 1500
10339.000 # 1500
10342.366 - 88 10.906 1
10342.441 + 88 1
10342.539 + 88 1
10342.616 + 88 1
10342.690 + 88 1
10345.000 # 1500
10346.508 + 88 1
10346.520 - 88 4.079 1
10346.556 - 88 4.017 1
10346.572 - 88 3.956 1
10346.580 - 88 3.890 1
10350.240 + 88 1
10350.339 + 88 1
10354.171 + 88 1
10354.272 + 88 1
10357.201 + 88 1
10359.081 + 88 1
10370.000 # 1500
10374.869 + 88 1
10374.890 - 88 28.382 1
10374.927 - 88 24.687 1
10374.944 - 88 24.605 1
10374.952 - 88 20.781 1
10374.960 - 88 20.688 1
10374.964 + 88 1
10374.967 - 88 17.766 1
10374.974 - 88 15.893 1
10375.040 + 88 1
10375.114 + 88 1
10375.188 + 88 1
10378.544 + 88 1
10380.798 + 88 1
10383.977 + 88 1
10385.000 # 1500
10385.956 - 88 11.087 1
10385.978 - 88 11.014 1
10385.986 - 88 10.946 1
10385.993 - 88 10.879 1
10386.000 - 88 10.812 1
10386.006 - 88 7.462 1
10386.068 - 88 5.270 1
10386.084 - 88 2.107 1
10387.818 + 88 1
10389.784 + 88 1
10392.866 + 88 1
10395.654 + 88 1
10396.000 # 1500
10397.694 - 88 9.876 1
10397.714 - 88 7.930 1
10397.723 - 88 4.857 1
10397.730 - 88 2.076 1
10402.000 # 1500
10405.748 + 88 1
10405.895 + 88 1
10405.972 + 88 1
10407.000 # 1500
10408.461 - 88 2.713 1
10408.482 - 88 2.587 1
10408.491 - 88 2.519 1
10409.190 + 88 1
10411.309 + 88 1
10411.407 + 88 1
10414.000 # 1500
10415.312 + 88 1
10415.326 - 88 6.136 1
10415.346 - 88 4.037 1
10415.354 - 88 3.947 1
10417.182 + 88 1
10422.000 # 1500
10423.541 - 88 8.229 1
10423.560 - 88 6.378 1
10423.563 + 88 1
10423.654 + 88 1
10425.751 + 88 1
10427.000 # 1500
10428.379 - 88 4.816 1
10428.400 - 88 4.746 1
10428.407 - 88 2.656 1
10430.318 + 88 1
10430.503 + 88 1
10433.459 + 88 1
10435.161 + 88 1
10436.000 # 1500
10437.187 - 88 6.869 1
10437.208 - 88 6.705 1
10437.215 - 88 3.756 1
10437.222 - 88 2.061 1
10438.000 # 1500
10439.096 + 88 1
10440.982 + 88 1
10442.000 # 1500
10446.000 # 1500
10448.174 - 88 9.078 1
10448.194 - 88 7.212 1
10449.370 + 88 1
10449.568 + 88 1
10450.000 # 1500
10451.147 - 88 1.777 1
10451.168 - 88 1.600 1
10455.000 # 1500
10456.940 + 88 1
10457.031 + 88 1
10457.160 + 88 1
10457.329 + 88 1
10459.000 # 1500
10460.029 - 88 3.089 1
10460.051 - 88 3.020 1
10460.059 - 88 2.899 1
10460.066 - 88 2.737 1
10464.000 # 1500
10467.643 + 88 1
10469.000 # 1500
10471.586 + 88 1
10471.628 + 88 1
10471.984 - 88 4.341 1
10473.000 # 1500
10474.556 - 88 2.970 1
10475.342 - 88 3.714 1
10476.000 # 1500
10479.000 # 1500
10480.701 + 88 1
10482.000 # 1500
10482.538 + 88 1
10482.581 + 88 1
10482.623 + 88 1
10482.777 - 88 2.076 1
10487.000 # 1500
10490.000 # 1500
10490.620 + 88 1
10490.735 - 88 8.197 1
10490.762 - 88 8.181 1
10490.777 - 88 8.154 1
10492.612 + 88 1
10492.650 + 88 1
10493.613 + 88 1
10494.000 # 1500
10495.894 - 88 5.274 1
10495.924 - 88 3.312 1
10495.940 - 88 3.290 1
10495.954 - 88 2.341 1
10497.163 + 88 1
10498.000 # 1500
10498.896 - 88 1.733 1
10505.000 # 1500
10506.000 # 1500
10506.781 + 88 1
10509.774 + 88 1
10511.000 # 1500
10511.466 + 88 1
10511.503 + 88 1
10511.534 + 88 1
10512.518 - 88 5.737 1
10512.545 - 88 2.771 1
10514.000 # 1500
10514.419 + 88 1
10514.632 - 88 3.166 1
10514.779 - 88 3.276 1
10514.798 - 88 3.264 1
10516.460 + 88 1
10519.000 # 1500
10519.135 + 88 1
10519.328 - 88 4.909 1
10519.354 - 88 2.894 1
10521.000 # 1500
10522.070 - 88 2.935 1
10525.000 # 1500
10530.212 + 88 1
10532.260 + 88 1
10532.560 + 88 1
10536.000 # 1500
10537.875 - 88 7.663 1
10537.999 - 88 5.739 1
10538.034 - 88 5.474 1
10540.000 # 1500
10540.089 + 88 1
10542.000 # 1500
10543.044 - 88 2.955 1
10546.000 # 1500
10549.082 + 88 1
10552.034 + 88 1
10553.000 # 1500
10553.000 # 1500
10554.388 - 88 5.306 1
10554.410 - 88 2.376 1
10559.000 # 1500
10559.000 # 1500
10559.000 # 1500
10569.000 # 1500
10569.000 # 1500
10569.000 # 1500
10569.000 # 1500
10572.355 + 88 1
10572.651 + 88 1
10574.000 # 1500
10574.000 # 1500
10574.190 + 88 1
10574.485 - 88 2.130 1
10574.505 - 88 1.854 1
10576.135 + 88 1
10579.000 # 1500
10580.007 - 88 5.817 1
10580.207 + 88 1
10580.228 - 88 4.093 1
10584.000 # 1500
10584.876 - 88 4.669 1
10587.000 # 1500
10590.000 # 1500
10590.901 + 88 1
10590.939 + 88 1
10592.862 + 88 1
10596.000 # 1500
10597.840 + 88 1
10597.954 - 88 7.053 1
10598.000 # 1500
10598.068 - 88 7.129 1
10598.139 - 88 5.277 1
10598.293 - 88 0.453 1
10600.773 + 88 1
10604.000 # 1500
10606.000 # 1500
10606.403 - 88 5.630 1
10608.000 # 1500
10611.000 # 1500
10612.331 + 88 1
10622.000 # 1500
10622.000 # 1500
10622.876 - 88 10.545 1
10623.000 # 1500
10623.000 # 1500
10626.997 + 88 1
10627.000 # 1500
10628.906 + 88 1
10629.000 # 1500
10629.026 - 88 2.029 1
10629.145 - 88 0.239 1
10629.430 + 88 1
10630.000 # 1500
10630.902 + 88 1
10630.956 - 88 1.526 1
10635.000 # 1500
10636.000 # 1500
10636.546 - 88 5.644 1
10638.000 # 1500
10641.000 # 1500
10641.749 + 88 1
10641.785 + 88 1
10642.000 # 1500
10643.375 - 88 1.626 1
10643.403 - 88 1.618 1
10643.964 + 88 1
10644.000 # 1500
10646.000 # 1500
10646.626 - 88 2.662 1
10648.000 # 1500
10649.287 + 88 1
10650.000 # 1500
10652.000 # 1500
10652.565 - 88 3.278 1
10654.000 # 1500
10656.000 # 1500
10657.806 + 88 1
10658.000 # 1500
10658.268 - 88 0.462 1
10660.000 # 1500
10667.946 + 88 1
10673.799 + 88 1
10678.633 + 88 1
10680.000 # 1500
10681.513 - 88 13.567 1
10681.615 - 88 7.816 1
10681.693 - 88 3.060 1
10682.000 # 1500
10682.942 + 88 1
10683.000 # 1500
10686.000 # 1500
10686.756 - 88 3.814 1
10689.616 + 88 1
10693.000 # 1500
10694.000 # 1500
10694.187 - 88 4.571 1
10697.000 # 1500
10697.146 + 88 1
10699.000 # 1500
10701.030 - 88 3.884 1
10701.180 + 88 1
10704.000 # 1500
10704.978 - 88 3.798 1
10707.000 # 1500
10707.928 + 88 1
10712.000 # 1500
10712.821 - 88 4.893 1
10713.227 + 88 1
10715.000 # 1500
10715.961 - 88 2.734 1
10716.759 + 88 1
10720.000 # 1500
10721.753 - 88 4.994 1
10722.000 # 1500
10724.000 # 1500
10725.693 + 88 1
10728.000 # 1500
10731.000 # 1500
10731.184 - 88 5.491 1
10731.332 + 88 1
10734.274 + 88 1
10735.000 # 1500
10735.965 - 88 4.633 1
10736.058 - 88 1.784 1
10738.200 + 88 1
10739.000 # 1500
10739.918 - 88 1.718 1
10743.000 # 1500
10744.968 + 88 1
10746.000 # 1500
10746.719 - 88 1.751 1
10749.000 # 1500
10751.761 + 88 1
10752.000 # 1500
10753.655 - 88 1.894 1
10754.206 + 88 1
10757.000 # 1500
10758.629 - 88 4.423 1
10759.128 + 88 1
10761.000 # 1500
10762.392 + 88 1
10762.424 - 88 3.296 1
10764.000 # 1500
10766.336 - 88 3.944 1
10770.000 # 1500
10772.221 + 88 1
10772.412 + 88 1
10774.000 # 1500
10775.064 - 88 2.843 1
10775.159 - 88 2.747 1
10775.335 + 88 1
10776.000 # 1500
10777.353 - 88 2.018 1
10780.000 # 1500
10780.847 + 88 1
10784.732 + 88 1
10785.000 # 1500
10786.768 - 88 5.921 1
10786.788 - 88 2.056 1
10787.072 + 88 1
10788.000 # 1500
10788.709 - 88 1.637 1
10791.000 # 1500
10794.000 # 1500
10797.511 + 88 1
10797.608 + 88 1
10803.346 + 88 1
10807.000 # 1500
10807.000 # 1500
10807.854 - 88 10.343 1
10807.892 - 88 10.284 1
10807.962 - 88 4.616 1
10808.071 + 88 1
10813.159 + 88 1
10814.000 # 1500
10815.266 - 88 7.195 1
10815.352 - 88 2.193 1
10819.093 + 88 1
10825.903 + 88 1
10832.696 + 88 1
10837.000 # 1500
10837.000 # 1500
10837.000 # 1500
10837.000 # 1500
10838.684 - 88 19.591 1
10838.776 - 88 12.873 1
10838.807 - 88 6.111 1
10839.127 + 88 1
10844.000 # 1500
10844.000 # 1500
10844.509 - 88 5.382 1
10846.569 + 88 1
10849.000 # 1500
10850.000 # 1500
10850.416 - 88 3.847 1
10853.208 + 88 1
10856.000 # 1500
10856.200 + 88 1
10856.418 - 88 3.210 1
10860.000 # 1500
10861.117 - 88 4.917 1
10862.000 # 1500
10869.000 # 1500
10874.000 # 1500
10876.257 + 88 1
10876.361 + 88 1
10876.438 + 88 1
10876.512 + 88 1
10878.000 # 1500
10878.941 - 88 2.684 1
10878.965 - 88 2.604 1
10879.046 - 88 2.608 1
10879.077 - 88 2.565 1
10879.191 + 88 1
10883.799 + 88 1
10889.637 + 88 1
10891.000 # 1500
10891.544 + 88 1
10891.774 - 88 12.583 1
10891.870 - 88 8.071 1
10891.901 - 88 2.264 1
10892.000 # 1500
10893.666 - 88 2.122 1
10894.000 # 1500
10902.316 + 88 1
10902.535 + 88 1
10902.710 + 88 1
10903.000 # 1500
10904.332 - 88 2.016 1
10904.425 - 88 1.890 1
10904.502 - 88 1.792 1
10908.000 # 1500
10910.280 + 88 1
10922.000 # 1500
10922.068 + 88 1
10922.240 - 88 11.960 1
10922.249 + 88 1
10924.998 + 88 1
10925.000 # 1500
10925.220 - 88 3.152 1
10925.258 - 88 3.009 1
10931.000 # 1500
10932.217 + 88 1
10932.383 - 88 7.385 1
10935.000 # 1500
10939.257 - 88 7.040 1
10939.637 + 88 1
10939.687 + 88 1
10940.000 # 1500
10942.076 - 88 2.439 1
10942.218 - 88 2.531 1
10947.884 + 88 1
10949.811 + 88 1
10955.702 + 88 1
10962.000 # 1500
10962.000 # 1500
10963.654 - 88 15.770 1
10963.699 - 88 13.888 1
10963.715 - 88 8.013 1
10965.000 # 1500
10971.300 + 88 1
10971.342 + 88 1
10971.373 + 88 1
10971.402 + 88 1
10979.102 + 88 1
10979.143 + 88 1
10987.879 + 88 1
10990.801 + 88 1
10994.000 # 1500
10994.559 + 88 1
10994.763 - 88 23.463 1
10994.802 - 88 23.460 1
10994.817 - 88 23.444 1
10994.825 - 88 23.423 1
10994.832 - 88 15.730 1
10994.838 - 88 15.695 1
10994.844 - 88 6.965 1
10994.850 - 88 4.049 1
10995.000 # 1500
10996.000 # 1500
10997.783 - 88 3.224 1
11004.000 # 1500
11007.267 + 88 1
11008.000 # 1500
11009.291 - 88 2.024 1
11010.327 + 88 1
11012.000 # 1500
11013.179 - 88 2.852 1
11015.000 # 1500
11019.000 # 1500
11019.094 + 88 1
11024.000 # 1500
11024.950 - 88 5.856 1
11026.000 # 1500
11027.461 + 88 1
11029.000 # 1500
11030.319 - 88 2.858 1
11032.268 + 88 1
11034.000 # 1500
11035.210 - 88 2.942 1
11036.000 # 1500
11038.261 + 88 1
11040.000 # 1500
11041.056 - 88 2.795 1
11045.000 # 1500
11048.000 # 1500
11049.000 # 1500
11053.000 # 1500
11056.000 # 1500
11057.000 # 1500
11073.745 + 88 1
11076.000 # 1500
11076.000 # 1500
11077.000 # 1500
11078.397 - 88 4.652 1
11091.215 + 88 1
11091.402 + 88 1
11095.000 # 1500
11095.000 # 1500
11096.010 - 88 4.795 1
11096.064 - 88 4.662 1
11101.000 # 1500
11102.021 + 88 1
11105.000 # 1500
11106.825 - 88 4.804 1
11107.000 # 1500
11114.769 + 88 1
11127.000 # 1500
11127.000 # 1500
11127.000 # 1500
11127.421 + 88 1
11127.540 - 88 12.771 1
11128.000 # 1500
11129.283 - 88 1.862 1
11130.000 # 1500
11143.000 # 1500
11143.000 # 1500
11144.000 # 1500
11144.764 + 88 1
11147.000 # 1500
11148.481 - 88 3.717 1
11160.478 + 88 1
11168.000 # 1500
11169.139 - 88 8.661 1
11173.000 # 1500
11174.185 + 88 1
11177.000 # 1500
11177.932 - 88 3.747 1
11182.000 # 1500
11186.000 # 1500
11190.829 + 88 1
11206.926 + 88 1
11220.070 + 88 1
11232.339 + 88 1
11246.039 + 88 1
11251.817 + 88 1
11257.652 + 88 1
11264.500 + 88 1
11269.107 + 88 1
11276.959 + 88 1
11293.635 + 88 1
11293.801 + 88 1
11298.501 + 88 1
11302.000 # 1500
11303.360 - 88 112.531 1
11303.464 - 88 96.538 1
11303.498 - 88 83.428 1
11303.509 - 88 71.170 1
11303.518 - 88 57.479 1
11303.525 - 88 51.708 1
11303.532 - 88 45.880 1
11303.540 - 88 39.040 1
11303.547 - 88 34.440 1
11303.554 - 88 26.595 1
11303.560 - 88 9.925 1
11303.567 - 88 9.766 1
11303.574 - 88 5.073 1
11315.134 + 88 1
11321.129 + 88 1
11330.704 + 88 1
11336.187 + 88 1
11342.911 + 88 1
11347.718 + 88 1
11361.021 + 88 1
11362.798 + 88 1
11371.961 + 88 1
11372.148 + 88 1
11382.000 # 1500
11382.000 # 1500
11382.621 - 88 67.487 1
11382.628 + 88 1
11382.659 - 88 61.530 1
11382.676 - 88 51.972 1
11382.793 - 88 46.606 1
11382.811 - 88 39.900 1
11382.821 - 88 35.103 1
11382.829 - 88 21.808 1
11382.835 - 88 20.037 1
11382.842 - 88 10.881 1
11382.848 - 88 10.700 1
11390.352 + 88 1
11393.452 + 88 1
11398.205 + 88 1
11403.111 + 88 1
11407.106 + 88 1
11411.916 + 88 1
11417.755 + 88 1
11423.620 + 88 1
11432.740 + 88 1
11432.843 + 88 1
11438.582 + 88 1
11442.994 + 88 1
11450.834 + 88 1
11457.610 + 88 1
11464.458 + 88 1
11471.307 + 88 1
11479.133 + 88 1
11485.956 + 88 1
11488.000 # 1500
11489.932 - 88 107.304 1
11490.035 - 88 99.683 1
11490.113 - 88 96.661 1
11490.127 - 88 91.922 1
11490.192 + 88 1
11490.192 - 88 87.081 1
11490.209 - 88 83.103 1
11490.219 - 88 78.303 1
11490.227 - 88 72.472 1
11490.234 - 88 66.614 1
11490.241 - 88 57.501 1
11490.247 - 88 57.404 1
11490.367 - 88 51.785 1
11490.376 - 88 47.382 1
11490.383 - 88 39.549 1
11490.389 - 88 32.779 1
11490.395 - 88 25.937 1
11501.901 + 88 1
11502.175 + 88 1
11503.000 # 1500
11503.770 - 88 32.463 1
11503.793 - 88 24.660 1
11503.802 - 88 17.846 1
11503.809 - 88 13.617 1
11503.816 - 88 1.915 1
11503.822 - 88 1.647 1
11504.910 + 88 1
11509.513 + 88 1
11512.000 # 1500
11513.439 - 88 8.529 1
11513.459 - 88 3.946 1
11515.765 + 88 1
11518.000 # 1500
11519.620 - 88 3.855 1
11519.662 + 88 1
11520.000 # 1500
11521.257 - 88 1.595 1
11525.000 # 1500
11526.210 + 88 1
11529.000 # 1500
11529.000 # 1500
11529.000 # 1500
11529.000 # 1500
11529.000 # 1500
11529.000 # 1500
11529.000 # 1500
11530.000 # 1500
11530.000 # 1500
11530.000 # 1500
11530.036 - 88 3.826 1
11551.000 # 1500
11555.530 + 88 1
11555.697 + 88 1
11555.782 + 88 1
11558.000 # 1500
11559.544 - 88 4.014 1
11559.568 - 88 3.871 1
11559.577 - 88 3.795 1
11568.000 # 1500
11580.050 + 88 1
11583.000 # 1500
11583.587 - 88 3.537 1
11584.173 + 88 1
11587.000 # 1500
11591.000 # 1500
11593.185 - 88 9.012 1
11595.000 # 1500
11595.013 + 88 1
11604.788 + 88 1
11609.000 # 1500
11609.888 - 88 14.875 1
11609.930 - 88 5.142 1
11610.107 + 88 1
11613.691 + 88 1
11618.000 # 1500
11619.435 + 88 1
11619.819 - 88 9.712 1
11619.918 - 88 6.227 1
11621.000 # 1500
11622.728 - 88 3.293 1
11623.011 + 88 1
11631.159 + 88 1
11634.000 # 1500
11635.259 - 88 12.248 1
11635.351 - 88 4.192 1
11637.000 # 1500
11641.944 + 88 1
11642.087 + 88 1
11643.000 # 1500
11644.146 + 88 1
11644.193 - 88 2.249 1
11644.231 - 88 2.144 1
11646.000 # 1500
11646.913 - 88 2.767 1
11647.840 + 88 1
11656.000 # 1500
11657.791 - 88 9.951 1
11658.000 # 1500
11658.124 + 88 1
11659.698 + 88 1
11659.847 + 88 1
11663.000 # 1500
11663.602 - 88 5.478 1
11663.644 - 88 3.946 1
11663.661 - 88 3.814 1
11668.000 # 1500
11670.358 + 88 1
11672.000 # 1500
11673.330 + 88 1
11673.501 + 88 1
11673.637 - 88 3.279 1
11675.136 + 88 1
11680.000 # 1500
11680.040 + 88 1
11680.378 - 88 7.048 1
11680.471 - 88 6.970 1
11680.550 - 88 5.414 1
11684.000 # 1500
11685.486 - 88 5.446 1
11688.002 + 88 1
11690.000 # 1500
11690.965 - 88 2.963 1
11691.346 + 88 1
11694.000 # 1500
11695.869 - 88 4.523 1
11705.459 + 88 1
11705.604 + 88 1
11706.000 # 1500
11706.000 # 1500
11707.576 - 88 2.117 1
11707.670 - 88 2.066 1
11709.576 + 88 1
11711.000 # 1500
11711.393 + 88 1
11711.731 - 88 2.155 1
11716.000 # 1500
11717.400 - 88 6.007 1
11720.124 + 88 1
11720.263 + 88 1
11720.313 + 88 1
11721.000 # 1500
11722.226 - 88 2.102 1
11722.319 - 88 2.056 1
11722.397 - 88 2.084 1
11724.000 # 1500
11727.000 # 1500
11739.930 + 88 1
11740.069 + 88 1
11740.505 + 88 1
11741.000 # 1500
11741.000 # 1500
11741.910 + 88 1
11742.048 + 88 1
11742.397 - 88 2.467 1
11742.438 - 88 2.369 1
11742.456 - 88 1.951 1
11749.000 # 1500
11749.584 + 88 1
11749.962 - 88 8.052 1
11749.982 - 88 7.934 1
11755.000 # 1500
11756.611 - 88 7.027 1
11764.288 + 88 1
11764.429 + 88 1
11764.479 + 88 1
11764.526 + 88 1
11770.000 # 1500
11771.071 - 88 6.783 1
11771.164 - 88 6.735 1
11771.194 - 88 6.715 1
11771.202 - 88 6.676 1
11776.868 + 88 1
11777.019 + 88 1
11780.759 + 88 1
11790.431 + 88 1
11792.000 # 1500
11793.000 # 1500
11793.512 + 88 1
11793.654 + 88 1
11793.703 + 88 1
11793.941 - 88 17.073 1
11794.031 - 88 17.012 1
11794.094 - 88 13.335 1
11794.111 - 88 3.680 1
11796.326 + 88 1
11799.418 + 88 1
11822.959 + 88 1
11823.100 + 88 1
11823.149 + 88 1
11823.197 + 88 1
11827.800 + 88 1
11832.811 + 88 1
11832.948 + 88 1
11834.705 + 88 1
11837.617 + 88 1
11839.596 + 88 1
11843.442 + 88 1
11853.272 + 88 1
11853.413 + 88 1
11858.145 + 88 1
11858.283 + 88 1
11861.000 # 1500
11862.103 - 88 68.591 1
11862.198 - 88 68.544 1
11862.230 - 88 68.527 1
11862.240 - 88 65.914 1
11862.247 - 88 62.829 1
11862.254 - 88 39.295 1
11862.260 - 88 39.160 1
11862.267 - 88 39.118 1
11862.273 - 88 39.076 1
11862.280 - 88 34.480 1
11862.286 - 88 29.475 1
11862.292 - 88 29.344 1
11862.299 - 88 27.594 1
11862.305 - 88 24.688 1
11862.312 - 88 22.716 1
11862.318 - 88 18.876 1
11863.000 # 1500
11864.000 # 1500
11864.000 # 1500
11864.000 # 1500
11864.000 # 1500
11864.100 - 88 10.828 1
11864.120 - 88 10.707 1
11864.128 - 88 5.983 1
11864.135 - 88 5.852 1
11867.893 + 88 1
11868.000 # 1500
11870.113 + 88 1
11870.250 + 88 1
11875.784 + 88 1
11878.000 # 1500
11878.787 + 88 1
11879.122 - 88 11.229 1
11879.141 - 88 9.028 1
11879.149 - 88 8.899 1
11879.155 - 88 3.371 1
11882.822 + 88 1
11887.586 + 88 1
11894.000 # 1500
11895.631 - 88 16.844 1
11895.651 - 88 12.829 1
11895.660 - 88 8.074 1
11899.093 + 88 1
11899.238 + 88 1
11901.126 + 88 1
11904.170 + 88 1
11907.000 # 1500
11908.230 - 88 9.137 1
11908.312 - 88 9.074 1
11908.330 - 88 7.204 1
11908.339 - 88 4.169 1
11914.773 + 88 1
11914.826 + 88 1
11917.006 + 88 1
11921.104 + 88 1
11927.668 + 88 1
11933.524 + 88 1
11933.661 + 88 1
11935.477 + 88 1
11938.412 + 88 1
11942.536 + 88 1
11943.000 # 1500
11944.644 - 88 29.871 1
11944.668 - 88 29.842 1
11944.683 - 88 27.677 1
11944.697 - 88 23.593 1
11944.710 - 88 17.042 1
11944.724 - 88 11.200 1
11944.738 - 88 11.077 1
11944.751 - 88 9.274 1
11944.828 - 88 6.416 1
11944.844 - 88 2.308 1
11946.301 + 88 1
11950.142 + 88 1
11959.917 + 88 1
11960.055 + 88 1
11961.087 + 88 1
11965.196 + 88 1
11975.543 + 88 1
11975.686 + 88 1
11977.489 + 88 1
11980.388 + 88 1
11982.000 # 1500
11983.388 - 88 37.087 1
11983.415 - 88 33.273 1
11983.429 - 88 23.512 1
11983.443 - 88 23.388 1
11983.457 - 88 22.370 1
11983.470 - 88 18.274 1
11983.482 - 88 7.939 1
11983.496 - 88 7.810 1
11983.510 - 88 6.021 1
11983.523 - 88 3.135 1
11990.199 + 88 1
11992.082 + 88 1
11992.220 + 88 1
12004.897 + 88 1
12005.037 + 88 1
12009.707 + 88 1
12012.589 + 88 1
12013.000 # 1500
12014.655 - 88 24.456 1
12014.676 - 88 22.594 1
12014.691 - 88 22.471 1
12014.705 - 88 9.808 1
12014.718 - 88 9.681 1
12014.732 - 88 5.025 1
12014.745 - 88 2.156 1
12018.491 + 88 1
12021.429 + 88 1
12025.266 + 88 1
12035.000 # 1500
12036.069 - 88 17.578 1
12036.095 - 88 14.666 1
12036.113 - 88 10.847 1
12037.197 + 88 1
12037.338 + 88 1
12037.517 + 88 1
12057.781 + 88 1
12057.921 + 88 1
12058.000 # 1500
12058.046 - 88 20.849 1
12058.070 - 88 20.732 1
12058.084 - 88 20.567 1
12058.098 - 88 0.317 1
12062.657 + 88 1
12069.531 + 88 1
12069.668 + 88 1
12073.422 + 88 1
12076.376 + 88 1
12081.226 + 88 1
12084.243 + 88 1
12087.000 # 1500
12087.382 + 88 1
12087.708 - 88 29.787 1
12087.733 - 88 25.076 1
12087.749 - 88 18.218 1
12087.764 - 88 18.096 1
12087.777 - 88 14.355 1
12087.790 - 88 11.414 1
12087.804 - 88 6.578 1
12087.818 - 88 3.575 1
12096.941 + 88 1
12097.087 + 88 1
12099.000 # 1500
12099.067 + 88 1
12099.322 - 88 11.940 1
12099.346 - 88 2.405 1
12099.360 - 88 2.273 1
12103.999 + 88 1
12106.915 + 88 1
12110.539 + 88 1
12113.580 + 88 1
12116.511 + 88 1
12120.000 # 1500
12121.368 - 88 22.301 1
12121.388 - 88 17.389 1
12121.396 - 88 14.481 1
12121.403 - 88 10.864 1
12121.409 - 88 7.829 1
12121.416 - 88 4.905 1
12127.561 + 88 1
12133.977 + 88 1
12134.084 + 88 1
12134.163 + 88 1
12139.000 # 1500
12140.947 - 88 13.386 1
12140.968 - 88 6.991 1
12140.977 - 88 6.893 1
12140.984 - 88 6.821 1
12149.972 + 88 1
12150.071 + 88 1
12161.763 + 88 1
12161.863 + 88 1
12164.000 # 1500
12164.490 + 88 1
12164.709 - 88 14.737 1
12164.729 - 88 14.658 1
12164.736 - 88 2.973 1
12164.743 - 88 2.880 1
12166.000 # 1500
12167.226 - 88 2.736 1
12174.000 # 1500
12177.920 + 88 1
12178.019 + 88 1
12189.000 # 1500
12189.872 - 88 11.952 1
12189.893 - 88 11.874 1
12198.672 + 88 1
12198.772 + 88 1
12198.847 + 88 1
12203.000 # 1500
12205.437 + 88 1
12205.446 - 88 6.774 1
12205.466 - 88 6.694 1
12205.475 - 88 6.628 1
12207.637 + 88 1
12211.494 + 88 1
12214.000 # 1500
12215.120 + 88 1
12215.141 - 88 9.704 1
12215.161 - 88 7.524 1
12215.168 - 88 3.674 1
12218.933 + 88 1
12233.788 + 88 1
12233.890 + 88 1
12233.967 + 88 1
12236.000 # 1500
12237.938 - 88 22.818 1
12237.957 - 88 19.024 1
12237.965 - 88 4.177 1
12237.972 - 88 4.082 1
12237.978 - 88 4.011 1
12240.000 # 1500
12245.000 # 1500
12247.292 + 88 1
12248.558 + 88 1
12258.000 # 1500
12260.090 + 88 1
12260.142 - 88 12.850 1
12260.163 - 88 11.605 1
12266.824 + 88 1
12278.800 + 88 1
12281.451 + 88 1
12289.000 # 1500
12289.000 # 1500
12290.000 # 1500
12290.337 - 88 30.247 1
12290.370 - 88 23.546 1
12290.378 - 88 11.578 1
12290.385 - 88 8.934 1
12293.146 + 88 1
12295.122 + 88 1
12298.000 # 1500
12299.118 - 88 5.972 1
12299.139 - 88 4.017 1
12303.000 # 1500
12308.780 + 88 1
12312.954 + 88 1
12313.055 + 88 1
12319.000 # 1500
12319.932 - 88 11.152 1
12320.017 - 88 7.063 1
12320.030 - 88 6.975 1
12324.006 + 88 1
12327.761 + 88 1
12333.479 + 88 1
12339.000 # 1500
12339.491 + 88 1
12339.667 - 88 15.661 1
12339.779 - 88 12.018 1
12339.813 - 88 6.334 1
12349.000 # 1500
12350.395 + 88 1
12350.406 - 88 10.915 1
12350.490 + 88 1
12354.200 + 88 1
12356.437 + 88 1
12361.965 + 88 1
12366.878 + 88 1
12371.869 + 88 1
12377.057 + 88 1
12377.148 + 88 1
12381.875 + 88 1
12390.748 + 88 1
12394.644 + 88 1
12401.544 + 88 1
12403.326 + 88 1
12417.266 + 88 1
12421.185 + 88 1
12426.147 + 88 1
12433.913 + 88 1
12436.868 + 88 1
12440.756 + 88 1
12445.608 + 88 1
12447.000 # 1500
12447.000 # 1500
12448.666 - 88 98.271 1
12448.770 - 88 98.280 1
12448.801 - 88 94.601 1
12448.810 - 88 92.373 1
12448.818 - 88 86.853 1
12448.825 - 88 81.947 1
12448.832 - 88 76.963 1
12448.838 - 88 71.781 1
12448.844 - 88 71.696 1
12448.851 - 88 66.976 1
12448.858 - 88 58.110 1
12448.866 - 88 54.222 1
12448.873 - 88 47.329 1
12448.880 - 88 45.554 1
12448.886 - 88 31.620 1
12448.951 - 88 27.766 1
12449.059 + 88 1
12449.146 - 88 22.999 1
12449.162 - 88 15.249 1
12449.170 - 88 12.302 1
12449.177 - 88 8.421 1
12449.183 - 88 3.575 1
12451.000 # 1500
12451.000 # 1500
12452.559 - 88 3.500 1
12455.000 # 1500
12459.534 + 88 1
12459.631 + 88 1
12461.264 + 88 1
12466.000 # 1500
12466.000 # 1500
12466.110 + 88 1
12466.361 - 88 6.827 1
12466.385 - 88 6.754 1
12466.399 - 88 5.135 1
12468.108 + 88 1
12471.962 + 88 1
12472.000 # 1500
12472.000 # 1500
12472.074 - 88 5.964 1
12472.102 - 88 3.994 1
12472.254 + 88 1
12475.000 # 1500
12475.929 - 88 3.967 1
12475.957 - 88 3.703 1
12476.035 + 88 1
12478.970 + 88 1
12487.000 # 1500
12487.000 # 1500
12488.897 - 88 12.862 1
12488.923 - 88 9.953 1
12489.000 # 1500
12490.171 + 88 1
12490.414 + 88 1
12490.490 + 88 1
12491.000 # 1500
12491.860 - 88 1.689 1
12491.888 - 88 1.474 1
12491.905 - 88 1.415 1
12492.462 + 88 1
12495.000 # 1500
12495.741 - 88 3.279 1
12495.838 + 88 1
12497.061 + 88 1
12500.705 + 88 1
12505.000 # 1500
12505.000 # 1500
12516.000 # 1500
12516.313 - 88 20.475 1
12516.339 - 88 19.278 1
12516.353 - 88 15.648 1
12520.000 # 1500
12527.000 # 1500
12529.000 # 1500
12536.000 # 1500
12543.000 # 1500
12543.935 + 88 1
12547.000 # 1500
12548.956 - 88 5.021 1
12552.000 # 1500
12555.000 # 1500
12565.000 # 1500
12567.000 # 1500
12571.000 # 1500
12584.000 # 1500
12584.000 # 1500
12590.000 # 1500
12592.000 # 1500
12598.000 # 1500
12602.000 # 1500
12607.000 # 1500
12611.000 # 1500
12614.000 # 1500
12619.000 # 1500
12624.000 # 1500
12629.000 # 1500
12632.000 # 1500
12636.058 + 88 1
12637.000 # 1500
12637.953 - 88 1.895 1
12641.000 # 1500
12654.000 # 1500
12657.000 # 1500
12657.937 + 88 1
12664.000 # 1500
12667.049 - 88 9.112 1
12668.000 # 1500
12673.000 # 1500
12677.000 # 1500
12681.000 # 1500
12681.757 + 88 1
12686.000 # 1500
12687.832 - 88 6.075 1
12694.479 + 88 1
12696.000 # 1500
12697.364 - 88 2.885 1
12701.000 # 1500
12705.282 + 88 1
12708.000 # 1500
12709.099 - 88 3.817 1
12715.000 # 1500
12722.000 # 1500
12730.000 # 1500
12738.000 # 1500
12742.511 + 88 1
12744.000 # 1500
12745.153 - 88 2.642 1
12750.000 # 1500
12753.162 + 88 1
12755.000 # 1500
12755.898 - 88 2.736 1
12760.977 + 88 1
12761.000 # 1500
12761.038 - 88 0.061 1
12766.000 # 1500
12767.933 + 88 1
12769.000 # 1500
12769.512 - 88 1.579 1
12773.000 # 1500
12773.608 + 88 1
12776.000 # 1500
12777.693 - 88 4.085 1
12779.531 + 88 1
12780.000 # 1500
12781.235 - 88 1.704 1
12783.000 # 1500
12786.000 # 1500
12786.297 + 88 1
12791.000 # 1500
12791.188 + 88 1
12791.295 - 88 4.998 1
12799.033 + 88 1
12801.000 # 1500
12801.799 - 88 10.611 1
12801.925 - 88 2.892 1
12802.000 # 1500
12802.000 # 1500
12802.228 + 88 1
12805.000 # 1500
12806.852 + 88 1
12806.934 - 88 4.706 1
12808.000 # 1500
12808.337 - 88 1.485 1
12811.988 + 88 1
12813.000 # 1500
12813.617 - 88 1.629 1
12816.000 # 1500
12817.364 + 88 1
12819.000 # 1500
12819.905 - 88 2.541 1
12823.000 # 1500
12823.529 + 88 1
12826.000 # 1500
12827.522 + 88 1
12827.534 - 88 4.005 1
12830.000 # 1500
12831.236 - 88 3.714 1
12834.000 # 1500
12835.311 + 88 1
12838.000 # 1500
12839.046 - 88 3.735 1
12840.996 + 88 1
12845.752 + 88 1
12846.000 # 1500
12847.836 - 88 6.840 1
12847.981 - 88 2.229 1
12849.695 + 88 1
12854.000 # 1500
12854.000 # 1500
12854.000 # 1500
12854.538 + 88 1
12854.797 - 88 5.102 1
12858.469 + 88 1
12859.000 # 1500
12860.579 - 88 6.041 1
12860.666 - 88 2.197 1
12861.000 # 1500
12862.419 + 88 1
12865.000 # 1500
12866.410 + 88 1
12866.431 - 88 4.012 1
12869.000 # 1500
12870.487 - 88 4.077 1
12870.858 + 88 1
12872.000 # 1500
12873.304 - 88 2.446 1
12874.292 + 88 1
12877.000 # 1500
12878.098 - 88 3.806 1
12878.110 + 88 1
12880.000 # 1500
12881.002 - 88 2.892 1
12882.105 + 88 1
12883.000 # 1500
12883.915 - 88 1.810 1
12885.447 + 88 1
12887.000 # 1500
12888.000 - 88 2.553 1
12889.000 + 88 1
12890.678 + 88 1
12891.000 # 1500
12892.202 - 88 3.202 1
12892.222 - 88 1.544 1
12894.000 # 1500
12894.583 + 88 1
12897.544 + 88 1
12899.000 # 1500
12900.519 - 88 5.936 1
12900.557 - 88 3.013 1
12900.573 + 88 1
12902.000 # 1500
12903.515 - 88 2.942 1
12905.000 # 1500
12907.341 + 88 1
12907.415 + 88 1
12907.470 + 88 1
12908.000 # 1500
12909.420 - 88 2.079 1
12909.448 + 88 1
12909.486 - 88 2.071 1
12909.502 - 88 2.032 1
12910.000 # 1500
12911.212 - 88 1.764 1
12911.276 + 88 1
12912.000 # 1500
12913.314 - 88 2.038 1
12913.334 + 88 1
12915.415 + 88 1
12916.000 # 1500
12917.122 - 88 3.788 1
12917.143 - 88 1.728 1
12918.000 # 1500
12918.035 + 88 1
12919.191 + 88 1
12921.000 # 1500
12922.005 - 88 3.970 1
12922.025 - 88 2.834 1
12922.028 + 88 1
12923.938 + 88 1
12925.891 + 88 1
12927.824 + 88 1
12927.898 + 88 1
12929.790 + 88 1
12931.000 # 1500
12931.000 # 1500
12931.000 # 1500
12931.000 # 1500
12932.757 - 88 10.729 1
12932.794 - 88 8.856 1
12932.803 - 88 6.912 1
12932.813 + 88 1
12932.856 - 88 5.032 1
12932.872 - 88 4.974 1
12932.884 - 88 3.094 1
12935.000 # 1500
12936.000 # 1500
12936.686 - 88 3.873 1
12939.000 # 1500
12940.057 + 88 1
12940.260 + 88 1
12941.000 # 1500
12941.914 - 88 1.857 1
12941.931 - 88 1.671 1
12943.852 + 88 1
12944.000 # 1500
12945.909 + 88 1
12945.988 - 88 2.136 1
12947.000 # 1500
12948.824 - 88 2.915 1
12948.878 + 88 1
12949.000 # 1500
12950.857 - 88 1.979 1
12951.000 # 1500
12951.694 + 88 1
12954.000 # 1500
12955.662 - 88 3.968 1
12956.645 + 88 1
12957.000 # 1500
12958.000 # 1500
12958.560 - 88 1.915 1
12958.605 + 88 1
12961.000 # 1500
12962.636 - 88 4.031 1
12962.668 + 88 1
12964.000 # 1500
12965.495 - 88 2.827 1
12967.000 # 1500
12967.381 + 88 1
12969.295 + 88 1
12969.447 + 88 1
12971.000 # 1500
12972.122 - 88 4.741 1
12972.141 - 88 2.846 1
12972.149 - 88 2.702 1
12973.336 + 88 1
12975.000 # 1500
12976.139 - 88 2.803 1
12977.074 + 88 1
12978.000 # 1500
12979.083 + 88 1
12979.494 - 88 2.420 1
12981.000 # 1500
12982.919 - 88 3.836 1
12983.192 + 88 1
12986.000 # 1500
12986.907 - 88 3.715 1
12987.000 # 1500
12988.054 + 88 1
12989.828 + 88 1
12990.000 # 1500
12990.093 - 88 2.039 1
12991.719 + 88 1
12993.000 # 1500
12993.639 + 88 1
12993.912 - 88 4.084 1
12993.930 - 88 2.211 1
12995.000 # 1500
12996.633 - 88 2.994 1
12997.000 # 1500
12999.000 # 1500
13002.000 # 1500
13003.708 + 88 1
13004.107 + 88 1
13004.322 + 88 1
13005.000 # 1500
13006.488 + 88 1
13006.508 - 88 2.800 1
13006.527 - 88 2.420 1
13006.535 - 88 2.213 1
13009.748 + 88 1
13012.244 + 88 1
13014.000 # 1500
13015.322 - 88 8.834 1
13015.342 - 88 5.594 1
13015.351 - 88 3.107 1
13017.000 # 1500
13017.102 + 88 1
13019.034 + 88 1
13020.000 # 1500
13020.000 # 1500
13020.308 - 88 3.206 1
13020.322 - 88 1.288 1
13024.105 + 88 1
13025.929 + 88 1
13028.793 + 88 1
13030.000 # 1500
13030.087 + 88 1
13030.252 - 88 6.147 1
13030.271 - 88 4.342 1
13030.280 - 88 1.487 1
13035.000 # 1500
13035.000 # 1500
13036.412 - 88 6.325 1
13037.000 # 1500
13037.814 + 88 1
13041.000 # 1500
13044.000 # 1500
13048.000 # 1500
13051.000 # 1500
13052.820 - 88 15.006 1
13055.000 # 1500
13055.982 + 88 1
13056.097 + 88 1
13056.130 + 88 1
13056.161 + 88 1
13056.190 + 88 1
13056.220 + 88 1
13056.293 + 88 1
13056.326 + 88 1
13056.427 + 88 1
13058.699 + 88 1
13059.000 # 1500
13060.514 - 88 4.532 1
13060.535 - 88 4.438 1
13060.544 - 88 4.414 1
13060.551 - 88 4.390 1
13060.557 - 88 4.367 1
13060.564 - 88 4.344 1
13060.570 - 88 4.277 1
13060.577 - 88 4.251 1
13060.583 - 88 4.156 1
13060.591 - 88 1.892 1
13062.000 # 1500
13062.547 + 88 1
13064.406 + 88 1
13065.000 # 1500
13065.742 + 88 1
13065.955 - 88 3.408 1
13065.978 - 88 1.572 1
13069.000 # 1500
13069.188 + 88 1
13069.313 - 88 3.571 1
13070.151 + 88 1
13072.000 # 1500
13073.311 - 88 4.123 1
13073.351 - 88 3.200 1
13080.000 # 1500
13080.835 + 88 1
13080.940 + 88 1
13086.000 # 1500
13087.213 - 88 6.378 1
13087.234 - 88 6.294 1
13087.336 + 88 1
13089.000 # 1500
13091.092 - 88 3.756 1
13091.222 + 88 1
13093.847 + 88 1
13094.000 # 1500
13094.188 - 88 2.966 1
13094.208 - 88 0.361 1
13096.000 # 1500
13098.063 + 88 1
13099.000 # 1500
13099.960 - 88 1.897 1
13100.282 + 88 1
13104.000 # 1500
13105.859 + 88 1
13106.000 # 1500
13106.098 - 88 5.816 1
13106.117 - 88 0.258 1
13106.836 + 88 1
13108.723 + 88 1
13111.000 # 1500
13112.613 - 88 5.777 1
13112.633 - 88 3.910 1
13112.954 + 88 1
13115.000 # 1500
13115.785 + 88 1
13116.013 - 88 3.059 1
13118.000 # 1500
13120.953 - 88 5.168 1
13122.000 # 1500
13129.462 + 88 1
13129.507 + 88 1
13129.539 + 88 1
13129.569 + 88 1
13133.247 + 88 1
13135.000 # 1500
13136.290 - 88 6.828 1
13136.317 - 88 6.810 1
13136.326 - 88 6.787 1
13136.333 - 88 6.764 1
13136.340 - 88 3.093 1
13137.000 # 1500
13137.443 + 88 1
13137.487 + 88 1
13138.000 # 1500
13139.921 + 88 1
13140.303 - 88 2.860 1
13140.328 - 88 2.841 1
13143.769 + 88 1
13144.000 # 1500
13144.000 # 1500
13144.216 - 88 4.295 1
13145.057 + 88 1
13147.000 # 1500
13147.881 - 88 4.112 1
13152.000 # 1500
13153.621 - 88 8.564 1
13154.000 # 1500
13156.554 + 88 1
13156.609 + 88 1
13156.796 + 88 1
13158.000 # 1500
13159.409 - 88 2.855 1
13159.416 - 88 2.807 1
13159.419 - 88 2.623 1
13161.000 # 1500
13165.000 # 1500
13166.468 + 88 1
13166.527 + 88 1
13169.000 # 1500
13169.308 + 88 1
13169.444 - 88 2.976 1
13169.454 - 88 2.927 1
13172.114 + 88 1
13175.040 + 88 1
13177.136 + 88 1
13178.000 # 1500
13179.142 - 88 9.834 1
13179.198 - 88 7.084 1
13179.202 - 88 4.162 1
13179.205 - 88 2.069 1
13180.916 + 88 1
13182.855 + 88 1
13184.812 + 88 1
13185.000 # 1500
13186.729 - 88 5.813 1
13186.737 - 88 3.882 1
13186.740 - 88 1.928 1
13187.741 + 88 1
13190.710 + 88 1
13191.000 # 1500
13191.802 + 88 1
13191.959 - 88 4.218 1
13191.970 - 88 1.260 1
13193.756 + 88 1
13195.775 + 88 1
13205.000 # 1500
13205.000 # 1500
13206.537 - 88 14.735 1
13206.546 - 88 12.790 1
13206.551 - 88 10.776 1
13208.507 + 88 1
13208.560 + 88 1
13208.573 + 88 1
13208.583 + 88 1
13209.000 # 1500
13210.250 - 88 1.743 1
13210.280 - 88 1.720 1
13210.296 - 88 1.723 1
13210.311 - 88 1.728 1
13210.532 + 88 1
13214.421 + 88 1
13214.535 + 88 1
13217.557 + 88 1
13219.000 # 1500
13219.000 # 1500
13221.067 - 88 10.535 1
13221.097 - 88 6.676 1
13221.112 - 88 6.577 1
13221.126 - 88 3.569 1
13221.229 + 88 1
13223.969 + 88 1
13225.542 + 88 1
13228.986 + 88 1
13230.842 + 88 1
13232.470 + 88 1
13236.564 + 88 1
13236.702 + 88 1
13237.000 # 1500
13237.000 # 1500
13238.000 # 1500
13238.231 + 88 1
13238.311 - 88 17.082 1
13238.337 - 88 14.368 1
13238.352 - 88 12.810 1
13238.366 - 88 9.380 1
13238.446 - 88 7.604 1
13238.470 - 88 6.000 1
13238.485 - 88 1.921 1
13238.499 - 88 1.797 1
13240.000 # 1500
13242.191 - 88 3.960 1
13245.000 # 1500
13247.379 + 88 1
13250.000 # 1500
13250.975 - 88 3.596 1
13255.906 + 88 1
13256.000 # 1500
13258.879 + 88 1
13262.000 # 1500
13263.693 + 88 1
13263.966 - 88 8.060 1
13263.993 - 88 5.114 1
13265.635 + 88 1
13269.000 # 1500
13270.461 + 88 1
13270.728 - 88 7.035 1
13270.754 - 88 5.119 1
13272.000 # 1500
13272.475 + 88 1
13272.756 - 88 2.295 1
13276.374 + 88 1
13279.000 # 1500
13279.415 + 88 1
13279.686 - 88 7.211 1
13279.713 - 88 3.339 1
13281.358 + 88 1
13283.218 + 88 1
13283.286 + 88 1
13285.000 # 1500
13286.131 - 88 6.716 1
13286.156 - 88 4.798 1
13286.170 - 88 2.952 1
13286.184 - 88 2.898 1
13287.165 + 88 1
13290.116 + 88 1
13292.000 # 1500
13292.063 + 88 1
13292.290 - 88 5.125 1
13292.316 - 88 2.200 1
13296.130 + 88 1
13297.000 # 1500
13297.783 - 88 5.720 1
13297.809 - 88 1.679 1
13299.864 + 88 1
13303.819 + 88 1
13311.000 # 1500
13311.000 # 1500
13312.448 - 88 12.584 1
13312.473 - 88 8.654 1
13313.432 + 88 1
13313.568 + 88 1
13314.712 + 88 1
13315.000 # 1500
13316.352 - 88 2.920 1
13316.379 - 88 2.811 1
13316.393 - 88 1.681 1
13319.418 + 88 1
13322.000 # 1500
13323.208 + 88 1
13323.283 - 88 3.865 1
13327.000 # 1500
13328.368 - 88 5.160 1
13328.457 + 88 1
13330.082 + 88 1
13333.127 + 88 1
13335.000 # 1500
13336.060 - 88 7.603 1
13336.074 - 88 5.992 1
13336.082 - 88 2.955 1
13339.860 + 88 1
13340.000 # 1500
13340.216 + 88 1
13342.868 + 88 1
13346.624 + 88 1
13347.000 # 1500
13348.679 - 88 8.819 1
13348.708 - 88 8.492 1
13348.716 - 88 5.848 1
13348.723 - 88 2.099 1
13348.855 + 88 1
13350.554 + 88 1
13352.000 # 1500
13353.125 - 88 4.270 1
13353.144 - 88 2.590 1
13353.187 + 88 1
13357.000 # 1500
13357.545 - 88 4.358 1
13357.606 + 88 1
13359.452 + 88 1
13365.000 # 1500
13366.235 - 88 8.629 1
13366.255 - 88 6.803 1
13370.184 + 88 1
13370.279 + 88 1
13370.354 + 88 1
13371.000 # 1500
13372.255 - 88 2.071 1
13372.276 - 88 1.997 1
13372.283 - 88 1.929 1
13374.066 + 88 1
13377.376 + 88 1
13378.000 # 1500
13378.930 - 88 4.864 1
13378.949 - 88 1.573 1
13380.226 + 88 1
13384.707 + 88 1
13385.000 # 1500
13386.742 - 88 6.516 1
13386.761 - 88 2.054 1
13386.816 + 88 1
13387.000 # 1500
13388.881 - 88 2.065 1
13389.067 + 88 1
13390.553 + 88 1
13395.534 + 88 1
13395.634 + 88 1
13399.439 + 88 1
13400.000 # 1500
13401.451 + 88 1
13401.452 - 88 12.385 1
13401.472 - 88 10.919 1
13401.480 - 88 5.946 1
13401.487 - 88 5.853 1
13401.494 - 88 2.055 1
13403.000 # 1500
13404.000 # 1500
13404.340 - 88 2.889 1
13410.000 # 1500
13411.514 + 88 1
13411.605 + 88 1
13411.680 + 88 1
13413.379 + 88 1
13417.000 # 1500
13417.184 + 88 1
13417.566 - 88 6.052 1
13417.590 - 88 5.985 1
13417.599 - 88 5.919 1
13417.606 - 88 4.227 1
13418.428 + 88 1
13421.350 + 88 1
13424.299 + 88 1
13427.525 + 88 1
13430.307 + 88 1
13431.000 # 1500
13431.000 # 1500
13432.440 + 88 1
13432.467 - 88 15.283 1
13432.501 - 88 14.073 1
13432.509 - 88 11.159 1
13432.516 - 88 8.217 1
13432.523 - 88 4.998 1
13432.529 - 88 2.222 1
13435.000 # 1500
13436.007 - 88 3.567 1
13438.815 + 88 1
13439.232 + 88 1
13439.337 + 88 1
13447.248 + 88 1
13450.865 + 88 1
13451.290 + 88 1
13454.000 # 1500
13454.000 # 1500
13458.000 # 1500
13459.093 - 88 20.278 1
13459.113 - 88 19.881 1
13459.122 - 88 19.785 1
13459.129 - 88 11.881 1
13459.136 - 88 8.271 1
13459.144 - 88 7.854 1
13459.346 + 88 1
13459.386 + 88 1
13460.597 + 88 1
13464.000 # 1500
13464.734 + 88 1
13464.776 + 88 1
13465.197 - 88 5.851 1
13465.218 - 88 5.832 1
13465.226 - 88 4.629 1
13469.246 + 88 1
13469.402 + 88 1
13470.508 + 88 1
13473.407 + 88 1
13475.164 + 88 1
13476.000 # 1500
13476.000 # 1500
13476.521 - 88 11.787 1
13476.541 - 88 11.765 1
13476.550 - 88 7.304 1
13476.557 - 88 7.155 1
13476.563 - 88 6.055 1
13476.570 - 88 3.163 1
13476.576 - 88 1.412 1
13479.298 + 88 1
13481.106 + 88 1
13483.979 + 88 1
13488.000 # 1500
13488.091 + 88 1
13488.354 - 88 9.056 1
13488.375 - 88 7.269 1
13488.384 - 88 4.405 1
13489.000 # 1500
13489.933 + 88 1
13490.145 - 88 2.054 1
13492.806 + 88 1
13495.000 # 1500
13495.735 + 88 1
13495.967 - 88 6.034 1
13495.988 - 88 3.182 1
13498.803 + 88 1
13500.752 + 88 1
13501.000 # 1500
13501.372 - 88 5.637 1
13501.392 - 88 2.589 1
13503.856 + 88 1
13506.632 + 88 1
13507.000 # 1500
13508.589 - 88 7.837 1
13508.608 - 88 4.752 1
13508.616 - 88 1.984 1
13510.556 + 88 1
13512.559 + 88 1
13515.000 # 1500
13515.818 + 88 1
13516.272 - 88 5.716 1
13516.294 - 88 3.735 1
13517.439 + 88 1
13520.000 # 1500
13520.562 + 88 1
13520.921 - 88 5.103 1
13520.940 - 88 3.501 1
13525.227 + 88 1
13527.039 + 88 1
13527.355 + 88 1
13530.000 # 1500
13530.795 - 88 10.233 1
13530.821 - 88 5.594 1
13530.835 - 88 3.796 1
13530.848 - 88 3.493 1
13535.000 # 1500
13540.010 + 88 1
13540.096 + 88 1
13540.598 + 88 1
13540.981 + 88 1
13541.000 # 1500
13541.134 - 88 1.124 1
13541.160 - 88 1.064 1
13541.175 - 88 0.577 1
13541.509 + 88 1
13543.191 + 88 1
13546.399 + 88 1
13547.000 # 1500
13548.379 - 88 7.398 1
13548.407 - 88 6.898 1
13548.421 - 88 5.230 1
13548.436 - 88 2.037 1
13548.632 + 88 1
13552.000 # 1500
13553.351 - 88 4.719 1
13558.000 # 1500
13558.454 + 88 1
13558.525 + 88 1
13558.533 + 88 1
13560.546 + 88 1
13562.460 + 88 1
13564.000 # 1500
13564.386 + 88 1
13564.792 - 88 6.338 1
13564.813 - 88 6.288 1
13564.822 - 88 6.289 1
13564.829 - 88 4.283 1
13564.835 - 88 2.375 1
13566.404 + 88 1
13568.320 + 88 1
13570.000 # 1500
13570.964 + 88 1
13571.311 - 88 6.925 1
13571.333 - 88 4.929 1
13571.341 - 88 3.021 1
13572.926 + 88 1
13573.759 + 88 1
13575.497 + 88 1
13576.976 + 88 1
13579.641 + 88 1
13581.949 + 88 1
13583.000 # 1500
13584.000 # 1500
13584.211 - 88 13.247 1
13584.227 - 88 11.301 1
13584.236 - 88 10.477 1
13584.264 - 88 8.767 1
13584.276 - 88 7.300 1
13584.283 - 88 4.642 1
13584.291 - 88 2.342 1
13584.393 + 88 1
13587.592 + 88 1
13588.416 + 88 1
13589.000 # 1500
13590.954 - 88 6.561 1
13590.975 - 88 3.383 1
13590.985 - 88 2.569 1
13592.815 + 88 1
13592.997 + 88 1
13594.867 + 88 1
13596.000 # 1500
13596.692 - 88 3.877 1
13596.724 - 88 3.727 1
13596.733 - 88 1.866 1
13596.990 + 88 1
13598.878 + 88 1
13600.371 + 88 1
13602.000 # 1500
13603.158 - 88 6.168 1
13603.179 - 88 4.301 1
13603.187 - 88 2.816 1
13603.189 + 88 1
13609.000 # 1500
13610.158 - 88 6.969 1
13612.281 + 88 1
13612.318 + 88 1
13612.349 + 88 1
13614.005 + 88 1
13614.057 + 88 1
13614.088 + 88 1
13616.000 # 1500
13616.331 + 88 1
13616.709 - 88 4.428 1
13616.737 - 88 4.419 1
13616.745 - 88 4.396 1
13616.752 - 88 2.747 1
13616.759 - 88 2.702 1
13616.765 - 88 2.677 1
13618.238 + 88 1
13620.155 + 88 1
13622.000 # 1500
13622.801 + 88 1
13623.358 - 88 7.027 1
13623.380 - 88 5.142 1
13623.388 - 88 3.233 1
13623.478 + 88 1
13625.370 + 88 1
13627.680 + 88 1
13628.000 # 1500
13629.586 - 88 6.785 1
13629.599 - 88 6.121 1
13629.606 - 88 4.236 1
13629.613 - 88 1.933 1
13629.620 + 88 1
13633.000 # 1500
13633.677 + 88 1
13634.121 - 88 4.501 1
13639.000 # 1500
13640.509 - 88 6.832 1
13642.445 + 88 1
13642.559 + 88 1
13642.595 + 88 1
13642.628 + 88 1
13644.370 + 88 1
13645.000 # 1500
13646.192 - 88 3.747 1
13646.213 - 88 3.654 1
13646.220 - 88 3.625 1
13646.227 - 88 3.599 1
13646.233 - 88 1.863 1
13646.320 + 88 1
13646.428 + 88 1
13648.311 + 88 1
13650.111 + 88 1
13652.000 # 1500
13652.116 + 88 1
13652.495 - 88 6.175 1
13652.514 - 88 6.086 1
13652.521 - 88 4.210 1
13652.528 - 88 2.417 1
13652.688 + 88 1
13656.422 + 88 1
13658.000 # 1500
13658.156 + 88 1
13658.551 - 88 6.435 1
13658.572 - 88 5.884 1
13658.580 - 88 2.158 1
13659.307 + 88 1
13661.293 + 88 1
13663.000 # 1500
13663.845 + 88 1
13664.189 + 88 1
13664.344 - 88 6.188 1
13664.364 - 88 5.057 1
13664.372 - 88 3.079 1
13669.000 # 1500
13670.011 - 88 6.166 1
13670.030 - 88 5.841 1
13674.000 # 1500
13681.000 # 1500
13687.000 # 1500
13693.000 # 1500
13698.000 # 1500
13704.000 # 1500
13707.000 # 1500
13709.472 + 88 1
13719.000 # 1500
13719.000 # 1500
13722.348 - 88 12.876 1
13725.000 # 1500
13726.000 # 1500
13730.000 # 1500
13733.000 # 1500
13736.000 # 1500
13748.000 # 1500
13748.000 # 1500
13749.000 # 1500
13759.000 # 1500
13765.000 # 1500
13769.000 # 1500
13774.000 # 1500
13779.085 + 88 1
13784.000 # 1500
13785.828 - 88 6.743 1
13790.000 # 1500
13800.000 # 1500
13807.000 # 1500
13809.807 + 88 1
13814.000 # 1500
13815.605 - 88 5.798 1
13821.000 # 1500
13828.000 # 1500
13832.265 + 88 1
13836.000 # 1500
13837.069 - 88 4.804 1
13844.000 # 1500
13848.955 + 88 1
13853.000 # 1500
13853.865 - 88 4.910 1
13860.000 # 1500
13866.000 # 1500
13866.496 + 88 1
13872.000 # 1500
13874.204 - 88 7.708 1
13878.000 # 1500
13880.078 + 88 1
13891.831 + 88 1
13894.000 # 1500
13894.663 - 88 14.585 1
13894.757 - 88 2.926 1
13895.000 # 1500
13899.628 + 88 1
13901.000 # 1500
13903.519 - 88 3.891 1
13907.000 # 1500
13908.639 + 88 1
13911.000 # 1500
13914.207 - 88 5.568 1
13918.000 # 1500
13921.107 + 88 1
13924.000 # 1500
13924.983 - 88 3.876 1
13928.885 + 88 1
13929.000 # 1500
13937.678 + 88 1
13943.783 + 88 1
13944.000 # 1500
13944.520 - 88 15.635 1
13944.622 - 88 6.944 1
13950.000 # 1500
13951.235 + 88 1
13952.453 - 88 8.670 1
13957.000 # 1500
13958.233 - 88 6.998 1
13962.331 + 88 1
13964.000 # 1500
13964.000 # 1500
13965.025 - 88 2.694 1
13967.111 + 88 1
13971.000 # 1500
13971.954 - 88 4.843 1
13972.448 + 88 1
13978.000 # 1500
13979.770 - 88 7.322 1
13980.312 + 88 1
13983.000 # 1500
13984.671 - 88 4.359 1
13987.602 + 88 1
13989.000 # 1500
13990.427 - 88 2.825 1
13994.211 + 88 1
13995.000 # 1500
13996.358 - 88 2.147 1
14000.075 + 88 1
14001.000 # 1500
14002.146 - 88 2.071 1
14006.000 # 1500
14013.000 # 1500
14014.834 + 88 1
14019.000 # 1500
14020.743 - 88 5.909 1
14021.119 + 88 1
14025.000 # 1500
14025.851 - 88 4.732 1
14026.334 + 88 1
14029.000 # 1500
14029.715 + 88 1
14030.020 - 88 3.686 1
14036.000 # 1500
14038.551 - 88 8.836 1
14042.352 + 88 1
14042.731 + 88 1
14044.000 # 1500
14045.590 - 88 3.238 1
14045.683 - 88 2.952 1
14049.143 + 88 1
14053.000 # 1500
14055.012 + 88 1
14055.310 - 88 6.167 1
14059.000 # 1500
14060.058 - 88 5.046 1
14061.852 + 88 1
14065.000 # 1500
14065.000 # 1500
14065.849 - 88 3.997 1
14071.645 + 88 1
14076.000 # 1500
14076.491 + 88 1
14076.804 - 88 5.159 1
14080.000 # 1500
14080.000 # 1500
14081.543 - 88 5.052 1
14082.136 + 88 1
14088.000 # 1500
14089.000 # 1500
14089.313 - 88 7.177 1
14089.844 + 88 1
14096.000 # 1500
14097.008 + 88 1
14097.333 - 88 7.489 1
14105.855 + 88 1
14110.000 # 1500
14111.000 # 1500
14111.681 + 88 1
14112.146 - 88 15.138 1
14112.241 - 88 6.386 1
14118.508 + 88 1
14125.000 # 1500
14125.529 + 88 1
14126.087 - 88 14.406 1
14126.186 - 88 7.678 1
14127.000 # 1500
14128.439 - 88 2.910 1
14144.000 # 1500
14144.978 + 88 1
14146.972 + 88 1
14147.237 + 88 1
14155.000 # 1500
14156.898 - 88 11.920 1
14157.000 # 1500
14157.011 - 88 10.039 1
14157.099 - 88 9.862 1
14159.036 + 88 1
14161.000 # 1500
14162.702 - 88 3.666 1
14169.418 + 88 1
14183.092 + 88 1
14186.000 # 1500
14187.348 + 88 1
14187.388 - 88 17.970 1
14187.410 - 88 4.318 1
14191.000 # 1500
14193.976 - 88 6.628 1
14194.305 + 88 1
14205.000 # 1500
14205.481 + 88 1
14205.933 - 88 11.628 1
14210.000 # 1500
14211.555 - 88 6.074 1
14211.610 + 88 1
14220.000 # 1500
14222.197 - 88 10.587 1
14225.076 + 88 1
14229.911 + 88 1
14242.000 # 1500
14243.768 - 88 18.692 1
14244.016 - 88 14.105 1
14244.119 + 88 1
14246.663 + 88 1
14248.000 # 1500
14249.486 - 88 5.367 1
14249.581 - 88 2.918 1
14254.000 # 1500
14257.520 + 88 1
14262.000 # 1500
14263.280 - 88 5.760 1
14272.936 + 88 1
14278.000 # 1500
14278.869 - 88 5.933 1
14282.757 + 88 1
14284.000 # 1500
14285.823 - 88 3.066 1
14291.000 # 1500
14291.452 + 88 1
14300.000 # 1500
14301.592 + 88 1
14301.687 - 88 10.235 1
14309.000 # 1500
14313.359 - 88 11.767 1
14319.000 # 1500
14319.101 + 88 1
14323.015 + 88 1
14327.000 # 1500
14328.930 - 88 9.829 1
14328.951 - 88 5.936 1
14329.303 + 88 1
14343.467 + 88 1
14344.000 # 1500
14345.490 - 88 16.187 1
14345.587 - 88 2.120 1
14347.000 # 1500
14351.379 + 88 1
14354.000 # 1500
14355.233 - 88 3.854 1
14359.041 + 88 1
14364.000 # 1500
14365.035 - 88 5.994 1
14366.200 + 88 1
14372.747 + 88 1
14379.000 # 1500
14380.674 - 88 14.474 1
14380.693 - 88 7.946 1
14382.505 + 88 1
14386.000 # 1500
14387.548 - 88 5.043 1
14389.324 + 88 1
14396.203 + 88 1
14403.000 # 1500
14404.149 - 88 14.825 1
14404.259 - 88 8.056 1
14408.212 + 88 1
14410.933 + 88 1
14414.000 # 1500
14414.853 - 88 6.641 1
14414.949 - 88 4.016 1
14422.825 + 88 1
14424.000 # 1500
14424.597 - 88 1.772 1
14432.000 # 1500
14436.317 + 88 1
14444.139 + 88 1
14447.309 + 88 1
14449.000 # 1500
14451.031 - 88 14.714 1
14451.161 - 88 7.022 1
14451.196 - 88 3.887 1
14453.493 + 88 1
14463.880 + 88 1
14465.000 # 1500
14465.565 - 88 12.072 1
14465.658 - 88 1.778 1
14469.545 + 88 1
14483.061 + 88 1
14483.183 + 88 1
14490.879 + 88 1
14502.586 + 88 1
14505.774 + 88 1
14513.405 + 88 1
14522.824 + 88 1
14531.298 + 88 1
14545.219 + 88 1
14551.049 + 88 1
14556.000 # 1500
14557.035 - 88 87.490 1
14557.185 - 88 74.124 1
14557.215 - 88 74.032 1
14557.224 - 88 66.345 1
14557.231 - 88 54.645 1
14557.237 - 88 51.463 1
14557.243 - 88 43.838 1
14557.250 - 88 34.426 1
14557.256 - 88 25.958 1
14557.264 - 88 12.045 1
14557.270 - 88 6.221 1
14557.456 + 88 1
14563.400 + 88 1
14570.824 + 88 1
14572.000 # 1500
14572.619 - 88 15.163 1
14572.641 - 88 9.241 1
14572.650 - 88 1.826 1
14581.946 + 88 1
14586.886 + 88 1
14591.177 + 88 1
14603.214 + 88 1
14609.863 + 88 1
14622.329 + 88 1
14627.438 + 88 1
14629.000 # 1500
14629.395 + 88 1
14629.741 - 88 47.795 1
14629.837 - 88 42.951 1
14629.917 - 88 38.740 1
14629.930 - 88 26.716 1
14629.937 - 88 20.074 1
14629.944 - 88 7.615 1
14629.952 - 88 2.514 1
14633.000 # 1500
14634.226 - 88 4.831 1
14641.000 # 1500
14643.218 + 88 1
14648.015 + 88 1
14650.000 # 1500
14650.873 - 88 7.655 1
14650.974 - 88 2.959 1
14654.855 + 88 1
14658.614 + 88 1
14659.000 # 1500
14659.233 - 88 4.378 1
14659.328 - 88 0.714 1
14667.000 # 1500
14667.547 + 88 1
14674.320 + 88 1
14677.000 # 1500
14678.120 - 88 10.573 1
14678.214 - 88 3.894 1
14685.000 # 1500
14687.787 + 88 1
14695.000 # 1500
14696.690 - 88 8.903 1
14700.518 + 88 1
14704.000 # 1500
14705.508 - 88 4.990 1
14711.220 + 88 1
14714.000 # 1500
14715.167 - 88 3.947 1
14718.930 + 88 1
14724.000 # 1500
14724.957 - 88 6.027 1
14727.798 + 88 1
14733.000 # 1500
14733.617 + 88 1
14734.137 - 88 6.339 1
14740.532 + 88 1
14744.000 # 1500
14746.484 - 88 12.867 1
14746.526 - 88 5.994 1
14754.000 # 1500
14754.250 + 88 1
14758.171 + 88 1
14762.000 # 1500
14763.975 - 88 9.725 1
14763.997 - 88 5.826 1
14768.192 + 88 1
14775.000 # 1500
14776.777 - 88 8.585 1
14777.096 + 88 1
14786.000 # 1500
14788.477 - 88 11.381 1
14789.004 + 88 1
14796.000 # 1500
14797.101 + 88 1
14797.447 - 88 8.443 1
14805.040 + 88 1
14807.000 # 1500
14807.999 - 88 10.898 1
14808.034 - 88 2.994 1
14812.077 + 88 1
14816.000 # 1500
14816.710 - 88 4.633 1
14820.476 + 88 1
14826.000 # 1500
14826.000 # 1500
14826.000 # 1500
14826.000 # 1500
14826.000 # 1500
14827.328 + 88 1
14827.546 - 88 7.070 1
14832.190 + 88 1
14836.000 # 1500
14837.196 - 88 9.868 1
14837.296 - 88 5.106 1
14839.011 + 88 1
14845.990 + 88 1
14848.000 # 1500
14848.941 - 88 9.930 1
14849.037 - 88 3.047 1
14852.906 + 88 1
14860.000 # 1500
14861.563 - 88 8.657 1
14861.570 + 88 1
14869.000 # 1500
14870.292 + 88 1
14870.428 - 88 8.858 1
14879.000 # 1500
14879.094 + 88 1
14879.235 - 88 8.943 1
14888.831 + 88 1
14891.000 # 1500
14892.856 - 88 13.762 1
14892.896 - 88 4.065 1
14902.000 # 1500
14906.800 + 88 1
14908.765 + 88 1
14910.000 # 1500
14910.430 - 88 3.630 1
14910.525 - 88 1.760 1
14918.384 + 88 1
14921.000 # 1500
14922.263 - 88 3.879 1
14929.346 + 88 1
14935.000 # 1500
14935.010 + 88 1
14935.351 - 88 6.005 1
14941.000 # 1500
14941.738 - 88 6.728 1
14946.499 + 88 1
14954.714 + 88 1
14960.493 + 88 1
14966.000 # 1500
14968.164 + 88 1
14968.253 - 88 21.754 1
14968.301 - 88 13.587 1
14968.321 - 88 7.828 1
14971.000 # 1500
14972.217 - 88 4.053 1
14973.883 + 88 1
14980.612 + 88 1
14988.532 + 88 1
14989.000 # 1500
14991.327 - 88 17.444 1
14991.423 - 88 10.811 1
14991.455 - 88 2.923 1
14995.491 + 88 1
14997.000 # 1500
14998.181 - 88 2.690 1
15005.089 + 88 1
15015.000 # 1500
15015.817 - 88 10.728 1
15016.714 + 88 1
15025.000 # 1500
15025.607 - 88 8.893 1
15031.505 + 88 1
15035.039 + 88 1
15036.000 # 1500
15037.246 - 88 5.741 1
15037.339 - 88 2.300 1
15046.000 # 1500
15047.168 + 88 1
15052.949 + 88 1
15057.000 # 1500
15058.732 - 88 11.564 1
15058.771 - 88 5.822 1
15062.320 + 88 1
15069.000 # 1500
15070.502 - 88 8.182 1
15071.150 + 88 1
15081.000 # 1500
15082.351 - 88 11.201 1
15088.132 + 88 1
15090.351 + 88 1
15091.000 # 1500
15091.977 - 88 3.845 1
15092.109 - 88 1.758 1
15100.000 # 1500
15100.892 + 88 1
15109.000 # 1500
15109.761 - 88 8.869 1
15116.705 + 88 1
15118.000 # 1500
15119.538 - 88 2.833 1
15127.000 # 1500
15128.498 + 88 1
15138.219 + 88 1
15140.000 # 1500
15142.010 - 88 13.512 1
15142.104 - 88 3.885 1
15154.834 + 88 1
15160.000 # 1500
15161.516 - 88 6.682 1
15168.000 # 1500
15171.509 + 88 1
15174.547 + 88 1
15182.145 + 88 1
15193.299 + 88 1
15194.000 # 1500
15195.822 - 88 24.313 1
15196.030 - 88 21.483 1
15196.050 - 88 13.905 1
15196.060 - 88 2.761 1
15207.557 + 88 1
15211.643 + 88 1
15214.436 + 88 1
15222.157 + 88 1
15233.444 + 88 1
15237.774 + 88 1
15248.802 + 88 1
15254.378 + 88 1
15260.321 + 88 1
15268.292 + 88 1
15276.904 + 88 1
15288.621 + 88 1
15291.965 + 88 1
15305.978 + 88 1
15306.222 + 88 1
15360.000 # 1500
15360.646 - 88 153.089 1
15360.723 - 88 149.080 1
15360.736 - 88 146.300 1
15360.739 - 88 138.582 1
15360.743 - 88 127.299 1
15360.745 - 88 122.971 1
15360.748 - 88 111.946 1
15360.773 - 88 106.395 1
15360.778 - 88 100.457 1
15360.780 - 88 92.488 1
15360.783 - 88 83.879 1
15360.785 - 88 72.164 1
15360.788 - 88 68.823 1
15360.789 - 88 54.811 1
15360.792 - 88 54.570 1
15363.705 + 88 1
15370.634 + 88 1
15375.303 + 88 1
15381.424 + 88 1
15384.000 # 1500
15385.032 - 88 21.327 1
15385.058 - 88 14.424 1
15385.066 - 88 9.763 1
15385.073 - 88 3.649 1
15387.078 + 88 1
15390.000 # 1500
15390.000 # 1500
15390.000 # 1500
15390.000 # 1500
15390.000 # 1500
15390.882 - 88 3.804 1
15402.790 + 88 1
15403.047 + 88 1
15409.631 + 88 1
15411.000 # 1500
15412.349 - 88 9.559 1
15412.374 - 88 9.327 1
15412.382 - 88 2.751 1
15421.000 # 1500
15421.341 + 88 1
15426.046 + 88 1
15430.000 # 1500
15432.093 - 88 10.752 1
15432.106 - 88 6.060 1
15435.004 + 88 1
15442.817 + 88 1
15452.748 + 88 1
15453.000 # 1500
15454.439 - 88 19.435 1
15454.452 - 88 11.635 1
15454.455 - 88 1.707 1
15465.334 + 88 1
15471.000 # 1500
15471.147 + 88 1
15471.583 - 88 6.249 1
15472.000 # 1500
15472.993 - 88 1.846 1
15484.076 + 88 1
15485.000 # 1500
15485.096 + 88 1
15485.470 - 88 1.394 1
15492.696 + 88 1
15494.000 # 1500
15494.606 - 88 9.510 1
15494.626 - 88 1.930 1
15503.456 + 88 1
15503.935 + 88 1
15509.000 # 1500
15510.164 - 88 6.708 1
15510.186 - 88 6.251 1
15510.369 + 88 1
15515.539 + 88 1
15519.000 # 1500
15521.268 - 88 10.899 1
15521.288 - 88 5.749 1
15525.000 # 1500
15530.044 + 88 1
15533.000 # 1500
15533.773 - 88 3.729 1
15541.387 + 88 1
15544.000 # 1500
15545.161 - 88 3.774 1
15549.268 + 88 1
15549.519 + 88 1
15561.000 # 1500
15561.858 + 88 1
15562.165 - 88 12.897 1
15562.185 - 88 12.666 1
15565.000 # 1500
15565.766 - 88 3.908 1
15567.231 + 88 1
15567.377 + 88 1
15573.638 + 88 1
15576.000 # 1500
15577.400 - 88 10.169 1
15577.423 - 88 10.046 1
15577.432 - 88 3.794 1
15586.000 # 1500
15587.518 + 88 1
15587.702 + 88 1
15595.000 # 1500
15595.904 - 88 8.386 1
15595.933 - 88 8.231 1
15601.930 + 88 1
15606.798 + 88 1
15609.000 # 1500
15609.523 - 88 7.593 1
15609.554 - 88 2.756 1
15611.196 + 88 1
15614.000 # 1500
15615.441 - 88 4.245 1
15616.427 + 88 1
15624.551 + 88 1
15630.226 + 88 1
15635.000 # 1500
15635.251 + 88 1
15635.596 - 88 19.169 1
15635.618 - 88 11.067 1
15635.626 - 88 5.400 1
15641.939 + 88 1
15649.000 # 1500
15650.059 - 88 14.808 1
15650.078 - 88 8.139 1
15652.801 + 88 1
15653.159 + 88 1
15655.000 # 1500
15656.676 - 88 3.875 1
15656.696 - 88 3.537 1
15656.862 + 88 1
15667.471 + 88 1
15674.287 + 88 1
15679.000 # 1500
15680.140 - 88 23.278 1
15680.170 - 88 12.699 1
15680.179 - 88 5.892 1
15682.292 + 88 1
15689.343 + 88 1
15703.377 + 88 1
15703.569 + 88 1
15706.461 + 88 1
15710.000 # 1500
15711.258 - 88 28.966 1
15711.288 - 88 21.945 1
15711.296 - 88 7.919 1
15711.304 - 88 7.735 1
15711.310 - 88 4.849 1
15720.064 + 88 1
15720.410 + 88 1
15727.344 + 88 1
15734.000 # 1500
15735.729 - 88 15.665 1
15736.057 - 88 15.647 1
15736.077 - 88 8.733 1
15744.000 # 1500
15751.362 + 88 1
15757.356 + 88 1
15762.000 # 1500
15763.011 - 88 11.649 1
15763.033 - 88 5.677 1
15767.927 + 88 1
15770.000 # 1500
15771.839 - 88 3.912 1
15782.579 + 88 1
15791.000 # 1500
15792.821 - 88 10.242 1
15792.977 + 88 1
15799.000 # 1500
15800.031 - 88 7.054 1
15801.102 + 88 1
15812.060 + 88 1
15821.000 # 1500
15821.556 - 88 20.454 1
15821.577 - 88 9.517 1
15830.000 # 1500
15839.000 # 1500
15860.020 + 88 1
15870.600 + 88 1
15881.136 + 88 1
15887.986 + 88 1
15897.748 + 88 1
15906.524 + 88 1
15917.281 + 88 1
15927.049 + 88 1
15934.869 + 88 1
15945.499 + 88 1
15953.628 + 88 1
15967.000 # 1500
15967.038 + 88 1
15967.289 - 88 107.269 1
15967.342 - 88 96.742 1
15967.361 - 88 86.225 1
15967.370 - 88 79.384 1
15967.379 - 88 69.631 1
15967.381 + 88 1
15967.386 - 88 60.862 1
15967.394 - 88 50.113 1
15967.401 - 88 40.352 1
15967.407 - 88 32.538 1
15967.414 - 88 21.915 1
15967.420 - 88 13.792 1
15976.000 # 1500
15976.000 # 1500
15976.000 # 1500
15976.000 # 1500
15977.846 - 88 10.808 1
15977.867 - 88 10.486 1
15981.822 + 88 1
15982.376 + 88 1
15985.000 # 1500
15986.606 - 88 4.784 1
15986.627 - 88 4.251 1
15990.480 + 88 1
15995.000 # 1500
15996.336 - 88 5.856 1
16001.599 + 88 1
16004.213 + 88 1
16005.000 # 1500
16006.097 - 88 4.498 1
16006.126 - 88 1.913 1
16011.201 + 88 1
16019.000 # 1500
16021.977 - 88 10.776 1
16022.339 + 88 1
16024.000 # 1500
16025.662 - 88 3.323 1
16036.396 + 88 1
16039.000 # 1500
16040.285 - 88 3.889 1
16042.502 + 88 1
16047.959 + 88 1
16053.000 # 1500
16053.534 - 88 11.032 1
16053.562 - 88 5.603 1
16055.516 + 88 1
16063.000 # 1500
16064.511 - 88 8.995 1
16064.654 + 88 1
16068.821 + 88 1
16074.000 # 1500
16075.616 - 88 10.962 1
16075.643 - 88 6.822 1
16082.000 # 1500
16082.376 + 88 1
16082.689 + 88 1
16091.167 + 88 1
16094.000 # 1500
16095.053 - 88 12.677 1
16095.082 - 88 12.393 1
16095.096 - 88 3.929 1
16103.000 # 1500
16114.000 # 1500
16124.000 # 1500
16132.000 # 1500
16142.000 # 1500
16151.436 + 88 1
16155.260 + 88 1
16155.347 + 88 1
16155.633 + 88 1
16159.000 # 1500
16160.663 - 88 9.227 1
16160.726 - 88 5.466 1
16160.742 - 88 5.395 1
16160.755 - 88 5.122 1
16161.000 # 1500
16161.147 + 88 1
16168.476 + 88 1
16170.000 # 1500
16171.375 - 88 10.228 1
16171.402 - 88 2.926 1
16179.000 # 1500
16183.337 + 88 1
16189.000 # 1500
16189.138 + 88 1
16189.354 - 88 6.017 1
16197.000 # 1500
16200.373 - 88 11.235 1
16201.967 + 88 1
16204.371 + 88 1
16209.000 # 1500
16210.761 - 88 8.794 1
16210.827 + 88 1
16210.973 - 88 6.602 1
16219.000 # 1500
16220.514 - 88 9.687 1
16222.416 + 88 1
16227.000 # 1500
16228.275 - 88 5.859 1
16231.203 + 88 1
16236.000 # 1500
16236.925 - 88 5.722 1
16241.921 + 88 1
16249.656 + 88 1
16254.000 # 1500
16255.523 - 88 13.602 1
16255.549 - 88 5.893 1
16256.219 + 88 1
16264.340 + 88 1
16269.000 # 1500
16270.175 - 88 13.956 1
16270.206 - 88 5.866 1
16271.263 + 88 1
16280.000 # 1500
16281.004 - 88 9.741 1
16282.980 + 88 1
16285.000 # 1500
16285.931 - 88 2.951 1
16288.651 + 88 1
16296.000 # 1500
16297.564 - 88 8.913 1
16303.575 + 88 1
16306.407 + 88 1
16311.000 # 1500
16313.479 - 88 9.904 1
16313.575 - 88 7.168 1
16317.289 + 88 1
16326.916 + 88 1
16327.000 # 1500
16327.252 - 88 9.963 1
16327.348 - 88 0.432 1
16334.900 + 88 1
16342.745 + 88 1
16347.000 # 1500
16348.672 - 88 13.772 1
16348.767 - 88 6.022 1
16349.291 + 88 1
16359.000 # 1500
16361.257 - 88 11.966 1
16361.697 + 88 1
16361.956 + 88 1
16367.364 + 88 1
16370.000 # 1500
16370.997 - 88 9.300 1
16371.093 - 88 9.137 1
16371.125 - 88 3.761 1
16373.034 + 88 1
16382.000 # 1500
16382.814 + 88 1
16383.124 - 88 10.090 1
16388.619 + 88 1
16401.822 + 88 1
16403.956 + 88 1
16409.627 + 88 1
16422.575 + 88 1
16422.735 + 88 1
16427.000 # 1500
16428.128 - 88 45.314 1
16428.278 - 88 39.659 1
16428.307 - 88 26.485 1
16428.316 - 88 24.360 1
16428.323 - 88 18.696 1
16428.330 - 88 5.755 1
16428.336 - 88 5.601 1
16430.158 + 88 1
16439.000 # 1500
16439.840 - 88 9.682 1
16441.887 + 88 1
16444.056 + 88 1
16445.000 # 1500
16446.546 - 88 4.659 1
16446.575 - 88 2.519 1
16449.615 + 88 1
16455.845 + 88 1
16462.368 + 88 1
16467.000 # 1500
16468.045 - 88 18.430 1
16468.180 - 88 12.335 1
16468.252 - 88 5.884 1
16470.157 + 88 1
16477.278 + 88 1
16488.710 + 88 1
16504.345 + 88 1
16508.000 # 1500
16508.969 - 88 38.812 1
16509.092 - 88 31.814 1
16509.114 - 88 20.404 1
16509.130 - 88 4.785 1
16518.086 + 88 1
16548.002 + 88 1
16563.915 + 88 1
16581.481 + 88 1
16588.540 + 88 1
16600.970 + 88 1
16611.713 + 88 1
16625.369 + 88 1
16641.977 + 88 1
16646.866 + 88 1
16657.598 + 88 1
16666.386 + 88 1
16681.003 + 88 1
16690.978 + 88 1
16707.574 + 88 1
16715.386 + 88 1
16724.000 # 1500
16724.797 - 88 206.711 1
16724.938 - 88 176.936 1
16725.110 - 88 161.195 1
16725.148 - 88 143.667 1
16725.171 - 88 136.631 1
16725.185 - 88 124.215 1
16725.198 - 88 113.485 1
16725.212 - 88 99.843 1
16725.225 - 88 83.248 1
16725.238 - 88 78.372 1
16725.251 - 88 67.653 1
16725.264 - 88 58.878 1
16725.277 - 88 44.274 1
16725.290 - 88 34.312 1
16725.303 - 88 17.729 1
16725.317 - 88 9.931 1
16731.000 # 1500
16732.722 + 88 1
16739.581 + 88 1
16741.000 # 1500
16742.329 - 88 9.607 1
16742.357 - 88 2.776 1
16748.378 + 88 1
16761.082 + 88 1
16766.070 + 88 1
16769.000 # 1500
16769.000 # 1500
16769.276 - 88 20.898 1
16769.301 - 88 8.219 1
16769.315 - 88 3.245 1
16787.890 + 88 1
16797.000 # 1500
16798.408 - 88 10.518 1
16800.548 + 88 1
16813.484 + 88 1
16829.883 + 88 1
16848.423 + 88 1
16870.969 + 88 1
16892.497 + 88 1
16911.477 + 88 1
16928.082 + 88 1
16947.351 + 88 1
16965.055 + 88 1
16975.000 # 1500
16975.000 # 1500
16975.000 # 1500
16975.000 # 1500
16976.654 - 88 176.106 1
16976.681 - 88 163.197 1
16976.766 - 88 146.883 1
16976.797 - 88 128.374 1
16976.807 - 88 105.838 1
16976.824 - 88 84.327 1
16976.831 - 88 65.354 1
16976.838 - 88 48.756 1
16976.844 - 88 29.493 1
16976.851 - 88 11.796 1
16980.000 # 1500
16982.603 + 88 1
16983.000 # 1500
16984.415 - 88 1.812 1
16988.356 + 88 1
16992.000 # 1500
16993.308 - 88 4.952 1
17006.000 # 1500
17007.108 + 88 1
17010.000 # 1500
17011.750 - 88 4.642 1
17014.000 # 1500
17014.000 # 1500
17016.172 + 88 1
17021.000 # 1500
17021.000 # 1500
17021.000 # 1500
17021.492 - 88 5.320 1
17022.000 # 1500
17022.000 # 1500
17022.000 # 1500
17024.000 # 1500
17024.000 # 1500
17027.000 # 1500
17029.000 # 1500
17030.000 # 1500
17032.000 # 1500
17033.000 # 1500
17033.129 + 88 1
17034.000 # 1500
17035.000 # 1500
17035.207 - 88 2.078 1
17038.000 # 1500
17040.000 # 1500
17041.000 # 1500
17042.000 # 1500
17044.000 # 1500
17045.000 # 1500
17046.868 + 88 1
17047.000 # 1500
17049.809 - 88 2.941 1
17057.000 # 1500
17057.000 # 1500
17057.000 # 1500
17057.000 # 1500
17058.000 # 1500
17059.000 # 1500
17059.000 # 1500
17061.000 # 1500
17063.454 + 88 1
17065.000 # 1500
17065.000 # 1500
17066.000 # 1500
17066.387 - 88 2.933 1
17074.223 + 88 1
17078.000 # 1500
17078.000 # 1500
17079.000 # 1500
17079.000 # 1500
17079.000 # 1500
17079.000 # 1500
17079.104 - 88 4.881 1
17080.000 # 1500
17082.000 # 1500
17082.000 # 1500
17083.000 # 1500
17084.000 # 1500
17085.000 # 1500
17086.000 # 1500
17087.000 # 1500
17087.205 + 88 1
17088.000 # 1500
17088.843 - 88 1.638 1
17089.000 # 1500
17090.000 # 1500
17091.000 # 1500
17093.000 # 1500
17093.909 + 88 1
17095.000 # 1500
17095.000 # 1500
17096.000 # 1500
17096.655 - 88 2.746 1
17097.000 # 1500
17098.000 # 1500
17099.000 # 1500
17100.000 # 1500
17104.000 # 1500
17104.000 # 1500
17105.000 # 1500
17106.000 # 1500
17107.000 # 1500
17109.551 + 88 1
17110.000 # 1500
17111.511 - 88 1.960 1
17113.000 # 1500
17113.000 # 1500
17114.000 # 1500
17115.000 # 1500
17115.368 + 88 1
17116.000 # 1500
17117.206 - 88 1.838 1
17118.000 # 1500
17119.000 # 1500
17120.000 # 1500
17121.000 # 1500
17122.000 # 1500
17123.000 # 1500
17124.000 # 1500
17127.000 # 1500
17128.000 # 1500
17129.000 # 1500
17129.064 + 88 1
17130.000 # 1500
17130.911 - 88 1.847 1
17131.000 # 1500
17132.000 # 1500
17144.000 # 1500
17144.000 # 1500
17145.000 # 1500
17145.000 # 1500
17145.000 # 1500
17145.000 # 1500
17145.000 # 1500
17145.000 # 1500
17145.000 # 1500
17145.000 # 1500
17146.000 # 1500
17147.000 # 1500
17147.596 + 88 1
17149.000 # 1500
17149.000 # 1500
17150.000 # 1500
17151.000 # 1500
17151.525 - 88 3.929 1
17152.000 # 1500
17153.000 # 1500
17153.531 + 88 1
17155.000 # 1500
17156.495 - 88 2.964 1
17157.000 # 1500
17162.000 # 1500
17162.259 + 88 1
17170.000 # 1500
17171.032 + 88 1
17171.229 - 88 8.970 1
17174.000 # 1500
17174.852 - 88 3.820 1
17180.000 # 1500
17181.000 # 1500
17187.695 + 88 1
17191.000 # 1500
17192.539 - 88 4.844 1
17198.000 # 1500
17200.000 # 1500
17201.325 + 88 1
17201.574 + 88 1
17209.000 # 1500
17209.000 # 1500
17211.000 # 1500
17211.099 - 88 9.774 1
17211.163 - 88 9.589 1
17213.000 # 1500
17215.000 # 1500
17216.000 # 1500
17219.919 + 88 1
17221.000 # 1500
17221.000 # 1500
17221.956 - 88 2.037 1
17222.000 # 1500
17222.373 + 88 1
17225.000 # 1500
17226.740 - 88 4.367 1
17227.295 + 88 1
17229.000 # 1500
17229.646 - 88 2.351 1
17236.442 + 88 1
17239.000 # 1500
17239.000 # 1500
17240.000 # 1500
17241.000 # 1500
17241.000 # 1500
17241.000 # 1500
17241.410 - 88 4.968 1
17248.159 + 88 1
17248.511 + 88 1
17251.000 # 1500
17251.000 # 1500
17252.118 - 88 3.959 1
17252.212 - 88 3.701 1
17254.000 # 1500
17254.000 # 1500
17254.000 # 1500
17254.000 # 1500
17256.000 # 1500
17260.000 # 1500
17262.000 # 1500
17263.000 # 1500
17267.715 + 88 1
17268.000 # 1500
17269.000 # 1500
17269.672 - 88 1.957 1
17270.000 # 1500
17270.001 + 88 1
17275.000 # 1500
17275.557 - 88 5.556 1
17279.000 # 1500
17279.000 # 1500
17283.000 # 1500
17285.000 # 1500
17286.000 # 1500
17287.000 # 1500
17288.000 # 1500
17288.318 + 88 1
17290.000 # 1500
17291.208 - 88 2.890 1
17291.579 + 88 1
17292.000 # 1500
17292.000 # 1500
17293.000 # 1500
17293.144 - 88 1.565 1
17294.000 # 1500
17295.000 # 1500
17296.000 # 1500
17297.000 # 1500
17298.000 # 1500
17299.000 # 1500
17300.000 # 1500
17301.000 # 1500
17303.000 # 1500
17304.000 # 1500
17305.000 # 1500
17307.767 + 88 1
17319.000 # 1500
17321.000 # 1500
17321.441 - 88 13.674 1
17321.779 + 88 1
17324.000 # 1500
17326.000 # 1500
17326.365 - 88 4.586 1
17327.024 + 88 1
17329.000 # 1500
17330.286 - 88 3.262 1
17331.000 # 1500
17336.000 # 1500
17337.000 # 1500
17337.047 + 88 1
17340.000 # 1500
17340.951 - 88 3.904 1
17342.000 # 1500
17345.000 # 1500
17347.000 # 1500
17349.000 # 1500
17350.000 # 1500
17352.660 + 88 1
17361.000 # 1500
17361.000 # 1500
17361.000 # 1500
17361.000 # 1500
17362.476 - 88 9.816 1
17369.190 + 88 1
17374.000 # 1500
17374.000 # 1500
17375.205 - 88 6.015 1
17377.000 # 1500
17380.000 # 1500
17381.948 + 88 1
17382.000 # 1500
17382.065 - 88 0.117 1
17386.000 # 1500
17393.000 # 1500
17394.636 + 88 1
17396.000 # 1500
17396.000 # 1500
17397.000 # 1500
17397.967 - 88 3.331 1
17399.000 # 1500
17404.257 + 88 1
17411.000 # 1500
17411.000 # 1500
17412.527 - 88 8.270 1
17416.684 + 88 1
17421.000 # 1500
17422.000 # 1500
17422.000 # 1500
17422.301 - 88 5.617 1
17423.409 + 88 1
17430.000 # 1500
17432.048 - 88 8.639 1
17434.101 + 88 1
17448.601 + 88 1
17452.000 # 1500
17453.403 - 88 19.302 1
17453.446 - 88 4.845 1
17457.000 # 1500
17460.306 + 88 1
17462.000 # 1500
17463.206 - 88 2.900 1
17465.000 # 1500
17468.061 + 88 1
17469.000 # 1500
17470.047 - 88 1.986 1
17471.000 # 1500
17474.000 # 1500
17475.000 # 1500
17477.895 + 88 1
17479.000 # 1500
17480.743 - 88 2.848 1
17482.000 # 1500
17483.000 # 1500
17484.348 + 88 1
17487.000 # 1500
17488.000 # 1500
17488.510 - 88 4.162 1
17491.000 # 1500
17492.703 + 88 1
17496.000 # 1500
17498.000 # 1500
17498.435 - 88 5.732 1
17500.434 + 88 1
17501.000 # 1500
17502.226 - 88 1.792 1
17503.000 # 1500
17507.000 # 1500
17510.008 + 88 1
17511.000 # 1500
17512.006 - 88 1.998 1
17514.000 # 1500
17518.000 # 1500
17520.000 # 1500
17521.000 # 1500
17522.646 + 88 1
17525.000 # 1500
17526.679 - 88 4.033 1
17527.000 # 1500
17529.000 # 1500
17529.072 + 88 1
17533.000 # 1500
17533.966 - 88 4.894 1
17535.000 # 1500
17536.000 # 1500
17536.362 + 88 1
17538.000 # 1500
17539.280 - 88 2.918 1
17541.000 # 1500
17542.000 # 1500
17544.000 # 1500
17544.374 + 88 1
17546.000 # 1500
17548.256 - 88 3.882 1
17549.000 # 1500
17551.000 # 1500
17551.992 + 88 1
17555.000 # 1500
17555.785 - 88 3.793 1
17557.000 # 1500
17559.000 # 1500
17560.000 # 1500
17564.000 # 1500
17565.617 + 88 1
17566.000 # 1500
17567.000 # 1500
17567.555 - 88 1.938 1
17567.874 + 88 1
17569.000 # 1500
17570.522 - 88 2.648 1
17571.000 # 1500
17574.000 # 1500
17574.000 # 1500
17575.000 # 1500
17577.000 # 1500
17578.373 + 88 1
17580.000 # 1500
17580.000 # 1500
17581.336 - 88 2.963 1
17585.337 + 88 1
17591.000 # 1500
17592.029 - 88 6.692 1
17594.915 + 88 1
17601.774 + 88 1
17606.000 # 1500
17607.000 # 1500
17608.648 - 88 13.733 1
17608.743 - 88 6.969 1
17610.000 # 1500
17610.506 + 88 1
17612.000 # 1500
17613.737 - 88 3.231 1
17614.000 # 1500
17615.000 # 1500
17616.000 # 1500
17619.000 # 1500
17621.000 # 1500
17622.000 # 1500
17624.000 # 1500
17624.520 + 88 1
17626.000 # 1500
17627.299 - 88 2.779 1
17628.000 # 1500
17628.000 # 1500
17630.277 + 88 1
17631.000 # 1500
17633.000 # 1500
17634.287 - 88 4.010 1
17635.000 # 1500
17636.000 # 1500
17638.000 # 1500
17641.000 # 1500
17643.000 # 1500
17643.000 # 1500
17643.045 + 88 1
17645.000 # 1500
17646.007 - 88 2.962 1
17648.000 # 1500
17659.000 # 1500
17659.000 # 1500
17659.000 # 1500
17663.179 + 88 1
17669.000 # 1500
17669.000 # 1500
17670.000 # 1500
17670.121 - 88 6.942 1
17671.905 + 88 1
17679.000 # 1500
17679.000 # 1500
17680.238 - 88 8.333 1
17682.000 # 1500
17683.000 # 1500
17683.000 # 1500
17685.000 # 1500
17685.624 + 88 1
17686.000 # 1500
17687.624 - 88 2.000 1
17689.000 # 1500
17691.000 # 1500
17691.000 # 1500
17693.000 # 1500
17696.353 + 88 1
17697.000 # 1500
17698.364 - 88 2.011 1
17699.000 # 1500
17699.000 # 1500
17701.000 # 1500
17704.000 # 1500
17704.329 + 88 1
17706.000 # 1500
17707.000 # 1500
17707.163 - 88 2.834 1
17710.000 # 1500
17711.000 # 1500
17712.000 # 1500
17714.000 # 1500
17714.964 + 88 1
17715.000 # 1500
17716.000 # 1500
17717.036 - 88 2.072 1
17718.000 # 1500
17720.000 # 1500
17726.677 + 88 1
17727.000 # 1500
17727.000 # 1500
17727.000 # 1500
17727.000 # 1500
17728.706 - 88 2.029 1
17729.000 # 1500
17730.000 # 1500
17732.000 # 1500
17734.000 # 1500
17735.000 # 1500
17737.000 # 1500
17737.410 + 88 1
17738.000 # 1500
17739.346 - 88 1.936 1
17740.000 # 1500
17741.000 # 1500
17748.000 # 1500
17749.000 # 1500
17755.000 # 1500
17757.000 # 1500
17759.000 # 1500
17761.000 # 1500
17762.000 # 1500
17763.000 # 1500
17764.906 + 88 1
17765.000 # 1500
17766.000 # 1500
17766.598 - 88 1.692 1
17768.000 # 1500
17772.000 # 1500
17772.000 # 1500
17773.000 # 1500
17775.000 # 1500
17776.000 # 1500
17778.000 # 1500
17779.000 # 1500
17786.000 # 1500
17786.000 # 1500
17786.000 # 1500
17789.148 + 88 1
17792.000 # 1500
17792.000 # 1500
17792.000 # 1500
17793.000 # 1500
17793.055 - 88 3.907 1
17797.000 # 1500
17797.000 # 1500
17798.000 # 1500
17800.000 # 1500
17802.000 # 1500
17805.000 # 1500
17807.000 # 1500
17807.736 + 88 1
17808.000 # 1500
17809.000 # 1500
17809.599 - 88 1.863 1
17811.000 # 1500
17813.000 # 1500
17815.000 # 1500
17815.000 # 1500
17816.000 # 1500
17825.262 + 88 1
17835.000 # 1500
17835.641 - 88 10.379 1
17836.000 # 1500
17841.000 # 1500
17841.000 # 1500
17841.000 # 1500
17841.000 # 1500
17842.000 # 1500
17842.000 # 1500
17842.000 # 1500
17843.000 # 1500
17843.000 # 1500
17843.000 # 1500
17843.000 # 1500
17844.000 # 1500
17851.000 # 1500
17851.000 # 1500
17859.000 # 1500
17859.000 # 1500
17859.000 # 1500
17859.000 # 1500
17859.000 # 1500
17859.000 # 1500
17861.000 # 1500
17861.000 # 1500
17876.000 # 1500
17876.000 # 1500
17876.000 # 1500
17876.000 # 1500
17876.000 # 1500
17876.000 # 1500
17876.000 # 1500
17876.000 # 1500
17877.000 # 1500
17877.000 # 1500
17878.000 # 1500
17879.000 # 1500
17880.000 # 1500
17884.000 # 1500
17888.403 + 88 1
17894.000 # 1500
17894.000 # 1500
17894.000 # 1500
17894.000 # 1500
17894.000 # 1500
17894.000 # 1500
17895.000 # 1500
17895.850 - 88 7.447 1
17896.000 # 1500
17910.343 + 88 1
17911.000 # 1500
17911.000 # 1500
17911.000 # 1500
17912.000 # 1500
17912.000 # 1500
17912.000 # 1500
17912.000 # 1500
17912.000 # 1500
17912.000 # 1500
17912.000 # 1500
17912.000 # 1500
17912.399 - 88 2.056 1
17913.000 # 1500
17916.000 # 1500
17916.000 # 1500
17917.000 # 1500
17918.000 # 1500
17919.000 # 1500
17923.000 # 1500
17923.000 # 1500
17923.000 # 1500
17931.020 + 88 1
17932.000 # 1500
17932.000 # 1500
17932.000 # 1500
17932.000 # 1500
17932.000 # 1500
17932.000 # 1500
17933.000 # 1500
17934.000 # 1500
17934.067 - 88 3.047 1
17935.000 # 1500
17936.000 # 1500
17937.000 # 1500
17939.000 # 1500
17947.000 # 1500
17947.000 # 1500
17947.000 # 1500
17947.000 # 1500
17947.000 # 1500
17947.000 # 1500
17947.182 + 88 1
17948.000 # 1500
17948.960 - 88 1.778 1
17956.000 # 1500
17957.000 # 1500
17957.000 # 1500
17957.000 # 1500
17963.988 + 88 1
17964.000 # 1500
17965.000 # 1500
17965.000 # 1500
17965.000 # 1500
17965.000 # 1500
17965.000 # 1500
17965.000 # 1500
17965.000 # 1500
17965.605 - 88 1.617 1
17966.000 # 1500
17966.000 # 1500
17977.351 + 88 1
17978.000 # 1500
17978.000 # 1500
17978.000 # 1500
17978.000 # 1500
17978.000 # 1500
17978.000 # 1500
17978.000 # 1500
17978.000 # 1500
17979.000 # 1500
17979.206 - 88 1.855 1
17980.000 # 1500
17981.000 # 1500
17984.000 # 1500
17984.000 # 1500
17987.000 # 1500
17987.000 # 1500
17988.000 # 1500
17989.170 + 88 1
17992.000 # 1500
17992.000 # 1500
17992.854 - 88 3.684 1
17993.000 # 1500
17994.000 # 1500
17995.000 # 1500
17996.000 # 1500
18000.000 # 1500
18000.000 # 1500
18000.000 # 1500
18001.000 # 1500
18003.000 # 1500
18004.000 # 1500
18005.000 # 1500
18006.000 # 1500
18013.565 + 88 1
18019.000 # 1500
18019.000 # 1500
18019.000 # 1500
18019.000 # 1500
18020.000 # 1500
18020.000 # 1500
18020.000 # 1500
18020.000 # 1500
18020.000 # 1500
18020.000 # 1500
18020.000 # 1500
18020.000 # 1500
18020.340 - 88 6.775 1
18021.000 # 1500
18022.000 # 1500
18026.000 # 1500
18026.000 # 1500
18026.000 # 1500
18026.000 # 1500
18027.000 # 1500
18032.000 # 1500
18032.000 # 1500
18032.000 # 1500
18033.000 # 1500
18036.492 + 88 1
18038.000 # 1500
18038.000 # 1500
18038.000 # 1500
18038.906 - 88 2.414 1
18039.000 # 1500
18042.000 # 1500
18043.000 # 1500
18047.000 # 1500
18048.000 # 1500
18055.197 + 88 1
18059.000 # 1500
18059.000 # 1500
18059.000 # 1500
18059.000 # 1500
18059.000 # 1500
18059.000 # 1500
18059.000 # 1500
18059.000 # 1500
18060.055 - 88 4.858 1
18061.000 # 1500
18063.000 # 1500
18079.531 + 88 1
18080.000 # 1500
18080.000 # 1500
18081.000 # 1500
18081.000 # 1500
18081.000 # 1500
18081.000 # 1500
18081.000 # 1500
18081.000 # 1500
18081.000 # 1500
18081.000 # 1500
18081.000 # 1500
18081.403 - 88 1.872 1
18082.000 # 1500
18082.000 # 1500
18082.000 # 1500
18082.000 # 1500
18082.000 # 1500
18098.000 # 1500
18098.000 # 1500
18098.000 # 1500
18098.000 # 1500
18098.000 # 1500
18098.000 # 1500
18098.000 # 1500
18099.000 # 1500
18099.000 # 1500
18099.000 # 1500
18099.000 # 1500
18099.000 # 1500
18099.435 + 88 1
18100.000 # 1500
18107.150 - 88 7.715 1
18110.000 # 1500
18110.000 # 1500
18110.000 # 1500
18110.000 # 1500
18110.000 # 1500
18118.000 # 1500
18118.000 # 1500
18118.000 # 1500
18118.000 # 1500
18118.000 # 1500
18119.000 # 1500
18120.000 # 1500
18123.000 # 1500
18123.000 # 1500
18124.000 # 1500
18127.000 # 1500
18127.000 # 1500
18128.000 # 1500
18129.000 # 1500
18130.000 # 1500
18131.000 # 1500
18135.000 # 1500
18136.000 # 1500
18136.000 # 1500
18137.000 # 1500
18138.000 # 1500
18139.000 # 1500
18141.718 + 88 1
18142.000 # 1500
18142.000 # 1500
18143.504 - 88 1.786 1
18153.000 # 1500
18155.000 # 1500
18155.000 # 1500
18156.000 # 1500
18156.000 # 1500
18156.000 # 1500
18156.000 # 1500
18156.000 # 1500
18156.000 # 1500
18156.000 # 1500
18156.000 # 1500
18159.000 # 1500
18159.000 # 1500
18160.000 # 1500
18161.000 # 1500
18164.000 # 1500
18165.000 # 1500
18165.000 # 1500
18166.000 # 1500
18177.000 # 1500
18177.000 # 1500
18177.000 # 1500
18177.000 # 1500
18177.000 # 1500
18178.000 # 1500
18178.000 # 1500
18178.000 # 1500
18178.000 # 1500
18178.000 # 1500
18178.000 # 1500
18179.000 # 1500
18180.000 # 1500
18181.000 # 1500
18182.000 # 1500
18183.000 # 1500
18184.000 # 1500
18190.000 # 1500
18190.000 # 1500
18190.000 # 1500
18190.000 # 1500
18190.000 # 1500
18190.000 # 1500
18191.000 # 1500
18192.000 # 1500
18198.000 # 1500
18198.000 # 1500
18198.000 # 1500
18198.000 # 1500
18198.000 # 1500
18198.000 # 1500
18199.000 # 1500
18200.000 # 1500
18200.000 # 1500
18201.000 # 1500
18204.000 # 1500
18215.000 # 1500
18215.000 # 1500
18215.000 # 1500
18215.000 # 1500
18216.000 # 1500
18216.000 # 1500
18216.000 # 1500
18216.000 # 1500
18216.000 # 1500
18216.000 # 1500
18216.000 # 1500
18216.000 # 1500
18216.000 # 1500
18217.000 # 1500
18217.000 # 1500
18217.345 + 88 1
18218.000 # 1500
18219.281 - 88 1.936 1
18220.000 # 1500
18220.000 # 1500
18221.000 # 1500
18227.000 # 1500
18227.000 # 1500
18227.000 # 1500
18227.000 # 1500
18227.000 # 1500
18228.000 # 1500
18228.000 # 1500
18239.000 # 1500
18239.000 # 1500
18239.000 # 1500
18239.000 # 1500
18239.000 # 1500
18239.000 # 1500
18239.000 # 1500
18239.000 # 1500
18239.000 # 1500
18240.000 # 1500
18250.000 # 1500
18251.000 # 1500
18252.000 # 1500
18252.000 # 1500
18253.000 # 1500
18254.000 # 1500
18257.000 # 1500
18257.000 # 1500
18280.000 # 1500
18280.000 # 1500
18280.000 # 1500
18280.000 # 1500
18280.000 # 1500
18280.000 # 1500
18280.000 # 1500
18280.000 # 1500
18281.000 # 1500
18281.000 # 1500
18293.686 + 88 1
18297.486 + 88 1
18301.386 + 88 1
18303.000 # 1500
18303.000 # 1500
18303.000 # 1500
18304.000 # 1500
18304.000 # 1500
18304.000 # 1500
18304.000 # 1500
18304.000 # 1500
18304.000 # 1500
18304.000 # 1500
18304.000 # 1500
18305.000 # 1500
18305.000 # 1500
18305.000 # 1500
18305.000 # 1500
18305.000 # 1500
18305.000 # 1500
18305.209 - 88 11.523 1
18305.269 - 88 7.783 1
18305.287 - 88 3.901 1
18305.546 + 88 1
18307.000 # 1500
18307.000 # 1500
18308.000 # 1500
18308.374 - 88 2.828 1
18309.289 + 88 1
18314.000 # 1500
18314.000 # 1500
18314.000 # 1500
18314.988 - 88 5.699 1
18315.000 # 1500
18315.000 # 1500
18315.092 + 88 1
18316.000 # 1500
18316.822 - 88 1.730 1
18317.000 # 1500
18318.006 + 88 1
18321.000 # 1500
18321.784 - 88 3.778 1
18321.885 + 88 1
18323.394 + 88 1
18328.745 + 88 1
18329.000 # 1500
18329.000 # 1500
18329.000 # 1500
18330.584 - 88 8.699 1
18330.605 - 88 7.211 1
18330.615 - 88 1.870 1
18330.815 + 88 1
18332.000 # 1500
18332.000 # 1500
18332.000 # 1500
18332.000 # 1500
18332.000 # 1500
18332.000 # 1500
18333.000 # 1500
18333.515 - 88 2.700 1
18333.795 + 88 1
18334.000 # 1500
18335.000 # 1500
18335.461 - 88 1.666 1
18336.000 # 1500
18336.719 + 88 1
18337.000 # 1500
18338.469 - 88 1.750 1
18340.546 + 88 1
18343.411 + 88 1
18346.302 + 88 1
18347.000 # 1500
18347.000 # 1500
18347.000 # 1500
18347.000 # 1500
18347.000 # 1500
18347.000 # 1500
18347.000 # 1500
18347.000 # 1500
18348.000 # 1500
18348.062 - 88 7.516 1
18348.090 - 88 4.679 1
18348.106 - 88 1.804 1
18349.000 # 1500
18349.276 + 88 1
18350.000 # 1500
18350.975 - 88 1.699 1
18351.000 # 1500
18353.205 + 88 1
18358.048 + 88 1
18359.356 + 88 1
18360.000 # 1500
18360.000 # 1500
18360.000 # 1500
18360.750 - 88 7.545 1
18360.778 - 88 2.730 1
18360.794 - 88 1.438 1
18361.000 # 1500
18361.000 # 1500
18361.000 # 1500
18361.000 # 1500
18361.000 # 1500
18361.000 # 1500
18363.376 + 88 1
18363.481 + 88 1
18367.793 + 88 1
18370.692 + 88 1
18372.000 # 1500
18373.424 - 88 10.048 1
18373.451 - 88 9.970 1
18373.466 - 88 5.673 1
18373.479 - 88 2.787 1
18375.000 # 1500
18375.000 # 1500
18376.000 # 1500
18376.000 # 1500
18376.000 # 1500
18376.000 # 1500
18376.000 # 1500
18379.630 + 88 1
18381.000 # 1500
18381.000 # 1500
18381.000 # 1500
18381.000 # 1500
18381.495 + 88 1
18381.710 - 88 2.080 1
18382.000 # 1500
18383.000 # 1500
18383.216 - 88 1.721 1
18384.705 + 88 1
18385.000 # 1500
18386.000 # 1500
18386.145 - 88 1.440 1
18386.467 + 88 1
18387.000 # 1500
18388.000 # 1500
18388.116 - 88 1.649 1
18388.476 + 88 1
18389.000 # 1500
18390.000 # 1500
18390.178 - 88 1.702 1
18397.172 + 88 1
18405.000 # 1500
18405.000 # 1500
18405.000 # 1500
18405.000 # 1500
18405.000 # 1500
18405.678 - 88 8.506 1
18409.918 + 88 1
18410.049 + 88 1
18412.000 # 1500
18412.000 # 1500
18412.795 - 88 2.877 1
18412.816 - 88 2.767 1
18413.000 # 1500
18413.000 # 1500
18415.000 # 1500
18419.596 + 88 1
18419.705 + 88 1
18421.000 # 1500
18421.000 # 1500
18421.000 # 1500
18421.000 # 1500
18421.000 # 1500
18422.281 - 88 2.685 1
18422.309 - 88 2.604 1
18429.558 + 88 1
18432.000 # 1500
18432.000 # 1500
18432.000 # 1500
18434.015 - 88 4.457 1
18438.290 + 88 1
18440.146 + 88 1
18440.254 + 88 1
18441.000 # 1500
18441.000 # 1500
18441.816 - 88 3.526 1
18441.843 - 88 1.697 1
18441.858 - 88 1.604 1
18442.000 # 1500
18443.000 # 1500
18449.000 # 1500
18449.000 # 1500
18449.000 # 1500
18449.000 # 1500
18450.032 + 88 1
18454.000 # 1500
18454.000 # 1500
18454.768 - 88 4.736 1
18458.000 # 1500
18459.000 # 1500
18459.000 # 1500
18459.000 # 1500
18459.724 + 88 1
18459.839 + 88 1
18462.000 # 1500
18463.272 - 88 3.548 1
18463.300 - 88 3.461 1
18464.000 # 1500
18464.527 + 88 1
18465.000 # 1500
18466.402 - 88 1.875 1
18466.457 + 88 1
18471.000 # 1500
18472.377 - 88 5.920 1
18479.481 + 88 1
18479.578 + 88 1
18481.000 # 1500
18481.000 # 1500
18481.000 # 1500
18481.000 # 1500
18481.987 - 88 2.506 1
18482.011 - 88 2.433 1
18482.895 + 88 1
18483.000 # 1500
18483.000 # 1500
18485.000 # 1500
18485.094 - 88 2.199 1
18485.167 + 88 1
18487.000 # 1500
18487.896 - 88 2.729 1
18493.000 # 1500
18497.944 + 88 1
18498.000 # 1500
18498.099 + 88 1
18499.439 + 88 1
18502.000 # 1500
18502.400 + 88 1
18502.623 - 88 4.679 1
18502.641 - 88 4.542 1
18502.648 - 88 3.209 1
18506.000 # 1500
18506.292 + 88 1
18506.542 - 88 4.142 1
18510.536 + 88 1
18512.000 # 1500
18514.185 - 88 7.893 1
18514.204 - 88 3.668 1
18514.233 + 88 1
18518.000 # 1500
18519.164 - 88 4.931 1
18520.962 + 88 1
18521.089 + 88 1
18526.847 + 88 1
18528.000 # 1500
18528.752 + 88 1
18529.008 - 88 8.046 1
18529.027 - 88 7.938 1
18529.034 - 88 2.187 1
18531.000 # 1500
18532.777 - 88 4.025 1
18533.253 + 88 1
18536.000 # 1500
18536.684 - 88 3.431 1
18539.605 + 88 1
18539.703 + 88 1
18544.000 # 1500
18545.658 - 88 6.053 1
18545.686 - 88 5.983 1
18548.977 + 88 1
18549.170 + 88 1
18549.340 + 88 1
18549.545 + 88 1
18551.000 # 1500
18553.590 - 88 4.613 1
18553.610 - 88 4.440 1
18553.619 - 88 4.279 1
18553.625 - 88 4.080 1
18556.000 # 1500
18559.670 + 88 1
18559.762 + 88 1
18562.000 # 1500
18564.557 - 88 4.887 1
18564.586 - 88 4.824 1
18568.485 + 88 1
18568.686 + 88 1
18568.817 + 88 1
18571.000 # 1500
18572.230 - 88 3.745 1
18572.249 - 88 3.563 1
18572.257 - 88 3.440 1
18575.000 # 1500
18578.890 + 88 1
18580.892 + 88 1
18581.095 + 88 1
18581.266 + 88 1
18582.000 # 1500
18583.183 - 88 4.293 1
18583.222 - 88 2.330 1
18583.230 - 88 2.135 1
18583.237 - 88 1.971 1
18589.773 + 88 1
18590.935 + 88 1
18591.029 + 88 1
18591.129 + 88 1
18595.646 + 88 1
18597.000 # 1500
18597.000 # 1500
18598.557 - 88 8.784 1
18598.565 + 88 1
18598.579 - 88 7.644 1
18598.587 - 88 7.558 1
18598.594 - 88 7.465 1
18598.600 - 88 2.954 1
18600.000 # 1500
18601.527 - 88 2.962 1
18604.000 # 1500
18609.528 + 88 1
18609.718 + 88 1
18609.796 + 88 1
18611.000 # 1500
18612.226 - 88 2.698 1
18612.247 - 88 2.529 1
18612.255 - 88 2.459 1
18615.000 # 1500
18618.463 + 88 1
18618.555 + 88 1
18618.630 + 88 1
18621.000 # 1500
18622.957 - 88 4.494 1
18622.976 - 88 4.421 1
18622.984 - 88 4.354 1
18625.000 # 1500
18629.000 # 1500
18629.098 + 88 1
18629.253 + 88 1
18629.329 + 88 1
18629.404 + 88 1
18631.655 + 88 1
18634.000 # 1500
18634.651 + 88 1
18634.924 - 88 5.826 1
18634.945 - 88 5.692 1
18634.953 - 88 5.624 1
18634.961 - 88 5.557 1
18634.976 - 88 3.321 1
18636.633 + 88 1
18639.000 # 1500
18640.594 - 88 5.943 1
18640.614 - 88 3.981 1
18640.697 + 88 1
18647.000 # 1500
18648.303 - 88 7.606 1
18650.000 # 1500
18650.827 + 88 1
18650.916 + 88 1
18651.024 + 88 1
18652.000 # 1500
18653.545 - 88 2.718 1
18653.564 - 88 2.648 1
18653.571 - 88 2.547 1
18657.000 # 1500
18658.338 + 88 1
18660.204 + 88 1
18660.414 + 88 1
18660.591 + 88 1
18661.000 # 1500
18662.023 - 88 3.685 1
18662.042 - 88 1.838 1
18662.050 - 88 1.636 1
18662.057 - 88 1.466 1
18665.000 # 1500
18668.838 + 88 1
18669.537 + 88 1
18670.000 # 1500
18671.746 - 88 2.908 1
18671.766 - 88 2.229 1
18672.021 + 88 1
18672.256 + 88 1
18675.000 # 1500
18676.610 - 88 4.589 1
18676.633 - 88 4.377 1
18678.000 # 1500
18679.558 + 88 1
18679.649 + 88 1
18679.724 + 88 1
18687.000 # 1500
18688.408 - 88 8.850 1
18688.421 + 88 1
18688.428 - 88 8.779 1
18688.436 - 88 8.712 1
18688.520 + 88 1
18690.232 + 88 1
18690.329 + 88 1
18690.404 + 88 1
18693.153 + 88 1
18696.000 # 1500
18696.000 # 1500
18696.000 # 1500
18696.079 + 88 1
18696.256 - 88 7.835 1
18696.275 - 88 7.755 1
18696.285 - 88 6.053 1
18696.291 - 88 5.962 1
18696.298 - 88 5.894 1
18696.304 - 88 3.151 1
18697.000 # 1500
18698.175 - 88 2.096 1
18698.222 + 88 1
18699.000 # 1500
18700.104 - 88 1.882 1
18702.000 # 1500
18708.766 + 88 1
18709.103 + 88 1
18709.284 + 88 1
18711.025 + 88 1
18712.756 + 88 1
18714.000 # 1500
18714.000 # 1500
18714.000 # 1500
18714.000 # 1500
18715.677 - 88 6.911 1
18715.697 - 88 6.594 1
18715.704 - 88 6.420 1
18715.711 - 88 4.686 1
18715.717 - 88 2.961 1
18716.000 # 1500
18717.630 + 88 1
18720.000 # 1500
18720.843 + 88 1
18721.064 - 88 3.434 1
18721.115 + 88 1
18723.000 # 1500
18723.580 - 88 2.737 1
18723.598 - 88 2.483 1
18725.000 # 1500
18729.563 + 88 1
18729.659 + 88 1
18729.734 + 88 1
18729.809 + 88 1
18734.000 # 1500
18734.000 # 1500
18734.000 # 1500
18736.296 - 88 6.733 1
18736.326 - 88 6.667 1
18736.333 - 88 6.599 1
18736.340 - 88 6.531 1
18737.000 # 1500
18740.000 # 1500
18740.102 + 88 1
18740.271 + 88 1
18740.349 + 88 1
18740.424 + 88 1
18740.499 + 88 1
18744.000 # 1500
18745.326 - 88 5.224 1
18745.345 - 88 5.074 1
18745.352 - 88 5.003 1
18745.359 - 88 4.935 1
18745.366 - 88 4.867 1
18748.877 + 88 1
18748.988 + 88 1
18749.069 + 88 1
18749.183 + 88 1
18756.000 # 1500
18756.000 # 1500
18756.000 # 1500
18756.000 # 1500
18756.000 # 1500
18757.238 - 88 8.361 1
18757.256 - 88 8.268 1
18757.264 - 88 8.195 1
18757.270 - 88 8.087 1
18758.564 + 88 1
18758.754 + 88 1
18758.912 + 88 1
18759.000 # 1500
18760.220 - 88 1.656 1
18760.248 - 88 1.494 1
18760.256 - 88 1.344 1
18760.479 + 88 1
18760.678 + 88 1
18761.000 # 1500
18762.000 # 1500
18762.199 - 88 1.720 1
18762.219 - 88 1.541 1
18764.000 # 1500
18766.953 + 88 1
18767.050 + 88 1
18767.159 + 88 1
18769.167 + 88 1
18771.101 + 88 1
18773.217 + 88 1
18774.000 # 1500
18774.000 # 1500
18774.000 # 1500
18774.000 # 1500
18775.424 - 88 8.471 1
18775.443 - 88 8.393 1
18775.447 + 88 1
18775.451 - 88 8.292 1
18775.458 - 88 6.291 1
18775.491 - 88 4.390 1
18775.503 - 88 2.286 1
18776.000 # 1500
18776.831 - 88 1.384 1
18777.783 + 88 1
18778.000 # 1500
18779.761 + 88 1
18779.793 - 88 2.010 1
18779.859 + 88 1
18782.000 # 1500
18782.638 - 88 2.877 1
18782.657 - 88 2.798 1
18784.000 # 1500
18784.595 + 88 1
18784.805 + 88 1
18785.000 # 1500
18786.637 - 88 2.042 1
18786.651 - 88 1.846 1
18786.771 + 88 1
18788.000 # 1500
18788.661 - 88 1.890 1
18788.699 + 88 1
18790.783 + 88 1
18791.000 # 1500
18791.037 - 88 2.338 1
18791.053 - 88 0.270 1
18792.392 + 88 1
18793.000 # 1500
18794.262 - 88 1.870 1
18794.356 + 88 1
18796.312 + 88 1
18798.479 + 88 1
18800.215 + 88 1
18801.000 # 1500
18801.000 # 1500
18802.000 # 1500
18802.000 # 1500
18802.206 - 88 7.850 1
18802.227 - 88 5.915 1
18802.234 - 88 3.755 1
18802.241 - 88 2.026 1
18802.286 + 88 1
18804.282 + 88 1
18806.262 + 88 1
18807.975 + 88 1
18809.000 # 1500
18809.000 # 1500
18810.000 # 1500
18810.096 - 88 7.810 1
18810.115 - 88 5.833 1
18810.122 - 88 3.860 1
18810.128 - 88 2.153 1
18810.179 + 88 1
18813.000 # 1500
18815.243 - 88 5.064 1
18817.000 # 1500
18818.000 # 1500
18818.903 + 88 1
18819.039 + 88 1
18819.326 + 88 1
18819.484 + 88 1
18819.639 + 88 1
18820.000 # 1500
18821.625 - 88 2.722 1
18821.646 - 88 2.607 1
18821.759 - 88 2.433 1
18821.776 - 88 2.292 1
18821.784 - 88 2.145 1
18822.000 # 1500
18823.803 + 88 1
18824.292 + 88 1
18825.204 + 88 1
18826.648 + 88 1
18828.558 + 88 1
18830.461 + 88 1
18832.000 # 1500
18832.000 # 1500
18832.000 # 1500
18832.000 # 1500
18833.453 - 88 9.650 1
18833.473 - 88 9.181 1
18833.480 - 88 8.276 1
18833.487 - 88 6.839 1
18833.549 - 88 4.991 1
18833.565 - 88 3.104 1
18834.000 # 1500
18836.000 # 1500
18838.000 # 1500
18840.000 # 1500
18840.314 + 88 1
18840.427 + 88 1
18840.460 + 88 1
18840.490 + 88 1
18840.520 + 88 1
18842.000 # 1500
18844.425 - 88 4.111 1
18844.455 - 88 4.028 1
18844.462 - 88 4.002 1
18844.468 - 88 3.978 1
18844.475 - 88 3.955 1
18848.455 + 88 1
18848.565 + 88 1
18848.599 + 88 1
18849.000 # 1500
18849.000 # 1500
18849.000 # 1500
18850.303 - 88 1.848 1
18850.323 - 88 1.758 1
18850.331 - 88 1.732 1
18850.382 + 88 1
18850.497 + 88 1
18851.000 # 1500
18851.995 - 88 1.613 1
18852.016 - 88 1.519 1
18854.000 # 1500
18854.000 # 1500
18856.000 # 1500
18858.000 # 1500
18859.370 + 88 1
18859.497 + 88 1
18859.532 + 88 1
18859.564 + 88 1
18860.000 # 1500
18861.752 - 88 2.382 1
18861.772 - 88 2.275 1
18861.779 - 88 2.247 1
18861.787 - 88 2.223 1
18862.000 # 1500
18864.000 # 1500
18866.000 # 1500
18870.827 + 88 1
18870.936 + 88 1
18870.969 + 88 1
18871.000 + 88 1
18871.029 + 88 1
18871.059 + 88 1
18874.757 + 88 1
18874.868 + 88 1
18876.727 + 88 1
18877.000 # 1500
18877.000 # 1500
18877.000 # 1500
18877.000 # 1500
18877.000 # 1500
18877.307 - 88 6.480 1
18877.329 - 88 6.393 1
18877.337 - 88 6.368 1
18877.343 - 88 6.343 1
18877.350 - 88 6.321 1
18877.356 - 88 6.297 1
18877.362 - 88 2.605 1
18877.369 - 88 2.501 1
18877.375 - 88 0.648 1
18878.659 + 88 1
18879.000 # 1500
18880.930 + 88 1
18880.975 - 88 2.316 1
18881.000 # 1500
18882.538 + 88 1
18883.000 # 1500
18884.510 + 88 1
18884.612 - 88 3.682 1
18884.632 - 88 2.094 1
18885.000 # 1500
18886.526 - 88 2.016 1
18886.596 + 88 1
18887.000 # 1500
18888.281 - 88 1.685 1
18888.370 + 88 1
18889.000 # 1500
18890.052 - 88 1.682 1
18891.000 # 1500
18892.000 # 1500
18897.587 + 88 1
18899.555 + 88 1
18899.666 + 88 1
18899.699 + 88 1
18899.884 + 88 1
18899.939 + 88 1
18904.000 # 1500
18904.000 # 1500
18904.000 # 1500
18904.000 # 1500
18904.000 # 1500
18904.000 # 1500
18905.626 - 88 8.039 1
18905.646 - 88 6.091 1
18905.654 - 88 5.988 1
18905.661 - 88 5.962 1
18905.667 - 88 5.783 1
18905.673 - 88 5.734 1
18909.136 + 88 1
18910.207 + 88 1
18910.329 + 88 1
18910.365 + 88 1
18910.395 + 88 1
18910.425 + 88 1
18915.000 # 1500
18915.000 # 1500
18915.000 # 1500
18915.000 # 1500
18916.000 # 1500
18916.000 # 1500
18916.117 - 88 6.981 1
18916.139 - 88 5.932 1
18916.146 - 88 5.817 1
18916.153 - 88 5.788 1
18916.159 - 88 5.764 1
18916.166 - 88 5.741 1
18918.000 # 1500
18920.000 # 1500
18920.853 + 88 1
18920.894 + 88 1
18922.000 # 1500
18922.551 + 88 1
18922.661 + 88 1
18922.695 + 88 1
18922.726 + 88 1
18922.758 + 88 1
18923.005 - 88 2.152 1
18923.024 - 88 2.130 1
18925.366 + 88 1
18927.516 + 88 1
18929.351 + 88 1
18930.000 # 1500
18930.000 # 1500
18930.000 # 1500
18931.000 # 1500
18931.286 + 88 1
18931.380 - 88 8.829 1
18931.400 - 88 8.739 1
18931.409 - 88 8.714 1
18931.416 - 88 8.690 1
18931.422 - 88 8.664 1
18931.429 - 88 6.063 1
18931.435 - 88 3.919 1
18931.441 - 88 2.090 1
18934.000 # 1500
18935.207 - 88 3.921 1
18935.274 + 88 1
18935.383 + 88 1
18936.000 # 1500
18937.000 # 1500
18937.050 - 88 1.776 1
18937.227 - 88 1.844 1
18939.083 + 88 1
18939.191 + 88 1
18940.000 # 1500
18940.861 - 88 1.778 1
18940.881 - 88 1.690 1
18941.066 + 88 1
18943.000 # 1500
18944.710 - 88 3.644 1
18945.070 + 88 1
18945.183 + 88 1
18947.020 + 88 1
18952.000 # 1500
18952.000 # 1500
18952.000 # 1500
18952.000 # 1500
18952.638 - 88 7.568 1
18952.652 - 88 7.469 1
18952.660 - 88 5.640 1
18955.000 # 1500
18955.000 # 1500
18957.000 # 1500
18959.000 # 1500
18962.000 # 1500
18965.000 # 1500
18965.000 # 1500
18966.000 # 1500
18969.000 # 1500
18970.000 # 1500
18972.000 # 1500
18973.000 # 1500
18975.000 # 1500
18977.000 # 1500
18979.000 # 1500
18982.000 # 1500
18982.000 # 1500
18984.000 # 1500
18986.000 # 1500
18988.000 # 1500
18991.000 # 1500
18993.000 # 1500
18993.793 + 88 1
18994.000 # 1500
18995.000 # 1500
18995.854 - 88 2.061 1
18996.252 + 88 1
18996.363 + 88 1
18997.000 # 1500
18997.961 + 88 1
18998.066 - 88 1.814 1
18998.157 - 88 1.794 1
18999.000 # 1500
18999.234 + 88 1
18999.509 - 88 1.548 1
19001.000 # 1500
19002.590 - 88 3.356 1
19003.000 # 1500
19004.000 # 1500
19006.000 # 1500
19008.000 # 1500
19010.665 + 88 1
19010.776 + 88 1
19010.810 + 88 1
19010.841 + 88 1
19010.870 + 88 1
19010.900 + 88 1
19011.000 # 1500
19011.000 # 1500
19012.496 - 88 1.831 1
19012.614 - 88 1.838 1
19012.694 - 88 1.884 1
19012.707 - 88 1.866 1
19012.715 - 88 1.845 1
19012.722 - 88 1.822 1
19016.000 # 1500
19016.000 # 1500
19018.000 # 1500
19019.000 # 1500
19021.000 # 1500
19022.000 # 1500
19024.000 # 1500
19026.000 # 1500
19028.000 # 1500
19032.000 # 1500
19032.000 # 1500
19033.000 # 1500
19035.000 # 1500
19036.000 # 1500
19042.000 # 1500
19043.000 # 1500
19043.000 # 1500
19044.000 # 1500
19046.000 # 1500
19048.000 # 1500
19050.000 # 1500
19051.000 # 1500
19053.000 # 1500
19055.000 # 1500
19056.576 + 88 1
19056.689 + 88 1
19057.000 # 1500
19058.483 - 88 1.907 1
19058.497 + 88 1
19058.614 - 88 1.925 1
19059.000 # 1500
19060.000 # 1500
19060.312 - 88 1.815 1
19060.569 + 88 1
19060.612 + 88 1
19063.368 + 88 1
19064.000 # 1500
19064.000 # 1500
19065.143 - 88 4.574 1
19065.265 - 88 4.653 1
19065.594 - 88 2.226 1
19066.000 # 1500
19069.142 + 88 1
19069.253 + 88 1
19069.286 + 88 1
19069.317 + 88 1
19071.000 # 1500
19071.000 # 1500
19071.000 # 1500
19071.144 + 88 1
19071.407 - 88 2.265 1
19071.525 - 88 2.272 1
19071.546 - 88 2.260 1
19071.562 - 88 2.245 1
19073.364 + 88 1
19073.472 + 88 1
19074.000 # 1500
19074.824 - 88 3.680 1
19074.846 - 88 1.482 1
19074.862 - 88 1.390 1
19075.000 # 1500
19076.000 # 1500
19077.358 + 88 1
19077.482 + 88 1
19077.549 + 88 1
19078.969 + 88 1
19079.000 # 1500
19079.227 - 88 1.869 1
19079.253 - 88 1.771 1
19079.268 - 88 1.719 1
19080.000 # 1500
19081.050 + 88 1
19081.309 - 88 2.340 1
19082.800 + 88 1
19082.840 + 88 1
19083.000 # 1500
19083.061 - 88 2.011 1
19083.080 - 88 0.280 1
19084.000 # 1500
19085.000 # 1500
19085.094 - 88 2.254 1
19085.534 + 88 1
19087.000 # 1500
19088.264 - 88 2.730 1
19089.000 # 1500
19092.000 # 1500
19093.000 # 1500
19094.000 # 1500
19096.000 # 1500
19097.000 # 1500
19099.000 # 1500
19100.000 # 1500
19102.000 # 1500
19108.000 # 1500
19108.000 # 1500
19108.000 # 1500
19109.000 # 1500
19111.000 # 1500
19113.000 # 1500
19114.000 # 1500
19116.000 # 1500
19117.000 # 1500
19117.170 + 88 1
19117.211 + 88 1
19119.000 # 1500
19119.012 + 88 1
19119.054 + 88 1
19119.294 - 88 2.124 1
19119.335 - 88 2.124 1
19120.000 # 1500
19120.909 - 88 1.897 1
19120.978 - 88 1.924 1
19121.319 + 88 1
19122.000 # 1500
19122.968 + 88 1
19123.003 + 88 1
19123.333 - 88 2.014 1
19124.851 + 88 1
19125.000 # 1500
19125.279 - 88 2.311 1
19125.311 - 88 2.308 1
19126.000 # 1500
19126.892 + 88 1
19127.000 # 1500
19127.182 - 88 2.331 1
19128.000 # 1500
19128.464 - 88 1.572 1
19128.935 + 88 1
19129.236 + 88 1
19130.937 + 88 1
19131.000 # 1500
19131.391 - 88 2.456 1
19131.411 - 88 2.175 1
19132.568 + 88 1
19132.685 + 88 1
19133.000 # 1500
19134.000 # 1500
19134.343 - 88 3.406 1
19134.370 - 88 1.802 1
19134.385 - 88 1.700 1
19134.900 + 88 1
19136.000 # 1500
19136.734 - 88 1.834 1
19137.000 # 1500
19137.111 + 88 1
19137.223 + 88 1
19138.558 + 88 1
19146.000 # 1500
19146.000 # 1500
19147.000 # 1500
19147.000 # 1500
19147.000 # 1500
19149.000 # 1500
19149.072 - 88 11.961 1
19149.200 - 88 11.977 1
19149.220 - 88 10.662 1
19149.440 + 88 1
19149.584 + 88 1
19149.634 + 88 1
19149.681 + 88 1
19149.727 + 88 1
19149.797 + 88 1
19149.869 + 88 1
19150.000 # 1500
19150.311 - 88 0.871 1
19150.377 + 88 1
19151.000 # 1500
19152.032 - 88 2.448 1
19152.054 - 88 2.420 1
19152.069 - 88 2.388 1
19152.084 - 88 2.357 1
19152.097 - 88 2.300 1
19152.110 + 88 1
19152.112 - 88 2.243 1
19152.126 - 88 1.749 1
19153.000 # 1500
19154.000 # 1500
19154.921 + 88 1
19154.978 + 88 1
19155.075 - 88 2.965 1
19156.930 + 88 1
19157.000 # 1500
19157.244 - 88 2.323 1
19157.269 - 88 2.291 1
19159.000 # 1500
19159.000 # 1500
19159.120 + 88 1
19159.253 + 88 1
19159.439 - 88 2.509 1
19161.000 # 1500
19162.980 - 88 3.860 1
19163.000 # 1500
19163.007 - 88 3.754 1
19164.000 # 1500
19170.652 + 88 1
19170.788 + 88 1
19170.838 + 88 1
19173.000 # 1500
19174.000 # 1500
19174.000 # 1500
19174.000 # 1500
19174.000 # 1500
19174.594 - 88 3.942 1
19174.620 - 88 3.832 1
19174.622 + 88 1
19174.635 - 88 3.797 1
19174.680 + 88 1
19174.819 + 88 1
19174.951 + 88 1
19175.000 # 1500
19175.082 + 88 1
19175.097 - 88 0.475 1
19175.119 - 88 0.439 1
19175.131 + 88 1
19175.134 - 88 0.315 1
19175.348 + 88 1
19177.000 # 1500
19177.356 - 88 2.405 1
19177.385 - 88 2.303 1
19177.400 - 88 2.269 1
19177.413 - 88 2.065 1
19178.000 # 1500
19180.000 # 1500
19182.000 # 1500
19183.000 # 1500
19185.000 # 1500
19185.268 + 88 1
19185.409 + 88 1
19185.459 + 88 1
19185.506 + 88 1
19185.553 + 88 1
19185.601 + 88 1
19186.000 # 1500
19187.254 - 88 1.986 1
19187.278 - 88 1.869 1
19187.293 - 88 1.834 1
19187.307 - 88 1.801 1
19187.320 - 88 1.767 1
19187.334 - 88 1.733 1
19187.585 + 88 1
19188.605 + 88 1
19189.000 # 1500
19189.000 # 1500
19190.166 + 88 1
19190.224 + 88 1
19190.355 - 88 2.770 1
19190.381 - 88 1.776 1
19192.000 # 1500
19192.083 + 88 1
19192.391 - 88 2.225 1
19192.415 - 88 2.191 1
19193.000 # 1500
19194.073 + 88 1
19194.074 - 88 1.991 1
19195.000 # 1500
19196.000 # 1500
19196.094 - 88 2.021 1
19196.157 + 88 1
19196.299 + 88 1
19198.000 # 1500
19198.840 + 88 1
19198.976 - 88 2.819 1
19199.000 # 1500
19199.000 - 88 2.701 1
19199.022 - 88 0.182 1
19201.000 # 1500
19203.000 # 1500
19204.000 # 1500
19206.000 # 1500
19208.000 # 1500
19209.000 # 1500
19210.266 + 88 1
19210.376 + 88 1
19210.410 + 88 1
19210.441 + 88 1
19211.000 # 1500
19212.156 - 88 1.890 1
19212.178 - 88 1.802 1
19212.186 - 88 1.776 1
19212.192 - 88 1.751 1
19212.578 + 88 1
19212.690 + 88 1
19212.724 + 88 1
19212.755 + 88 1
19213.000 # 1500
19213.276 - 88 0.698 1
19214.000 # 1500
19215.069 - 88 2.379 1
19215.084 + 88 1
19215.087 - 88 2.363 1
19215.095 - 88 2.340 1
19215.199 + 88 1
19217.000 # 1500
19217.232 + 88 1
19217.338 + 88 1
19217.916 - 88 2.832 1
19217.936 - 88 2.737 1
19218.000 # 1500
19219.579 - 88 2.347 1
19219.600 - 88 2.262 1
19220.000 # 1500
19221.000 # 1500
19223.000 # 1500
19226.000 # 1500
19226.000 # 1500
19228.000 # 1500
19229.000 # 1500
19229.311 + 88 1
19229.456 + 88 1
19229.496 + 88 1
19229.529 + 88 1
19229.562 + 88 1
19229.594 + 88 1
19229.624 + 88 1
19230.266 + 88 1
19231.000 # 1500
19232.022 - 88 2.711 1
19232.061 - 88 2.605 1
19232.075 - 88 2.579 1
19232.086 - 88 2.557 1
19232.093 - 88 2.531 1
19232.100 - 88 2.506 1
19232.106 - 88 2.482 1
19232.113 - 88 1.847 1
19233.000 # 1500
19234.000 # 1500
19236.000 # 1500
19237.000 # 1500
19239.000 # 1500
19239.514 + 88 1
19239.818 + 88 1
19240.000 # 1500
19240.873 + 88 1
19241.019 + 88 1
19241.058 + 88 1
19241.090 + 88 1
19243.000 # 1500
19244.000 # 1500
19244.281 - 88 4.767 1
19244.298 - 88 4.480 1
19244.301 - 88 3.428 1
19244.303 - 88 3.284 1
19244.305 - 88 3.247 1
19244.308 - 88 3.218 1
19245.000 # 1500
19247.000 # 1500
19249.000 # 1500
19249.003 + 88 1
19249.046 + 88 1
19250.000 # 1500
19250.784 - 88 1.781 1
19250.796 - 88 1.750 1
19252.000 # 1500
19252.771 + 88 1
19252.815 + 88 1
19252.827 + 88 1
19253.423 + 88 1
19253.469 + 88 1
19254.792 + 88 1
19255.000 # 1500
19255.000 # 1500
19256.155 - 88 3.384 1
19256.166 - 88 3.351 1
19256.168 - 88 3.341 1
19256.171 - 88 2.748 1
19256.173 - 88 2.704 1
19256.175 - 88 1.383 1
19257.000 # 1500
19257.723 + 88 1
19259.000 # 1500
19259.742 + 88 1
19259.781 + 88 1
19259.939 - 88 2.216 1
19261.000 # 1500
19262.000 # 1500
19262.754 - 88 3.012 1
19262.761 - 88 2.980 1
19262.845 + 88 1
19262.885 + 88 1
19263.000 # 1500
19264.455 - 88 1.610 1
19264.466 - 88 1.581 1
19265.000 # 1500
19267.000 # 1500
19268.000 # 1500
19268.662 + 88 1
19269.000 # 1500
19269.248 + 88 1
19269.420 - 88 0.758 1
19271.000 # 1500
19272.354 - 88 3.106 1
19274.000 # 1500
19274.000 # 1500
19274.208 + 88 1
19274.249 + 88 1
19275.404 + 88 1
19276.000 # 1500
19277.000 # 1500
19277.329 + 88 1
19277.397 - 88 3.189 1
19277.406 - 88 3.157 1
19277.408 - 88 2.004 1
19279.000 # 1500
19279.100 + 88 1
19279.307 - 88 1.978 1
19281.085 + 88 1
19281.130 + 88 1
19283.306 + 88 1
19285.000 # 1500
19285.000 # 1500
19285.000 # 1500
19285.186 + 88 1
19285.383 - 88 6.283 1
19285.391 - 88 4.306 1
19285.394 - 88 4.264 1
19285.396 - 88 2.090 1
19286.000 # 1500
19287.000 # 1500
19287.147 - 88 1.961 1
19287.215 + 88 1
19288.000 # 1500
19288.999 - 88 1.784 1
19289.171 + 88 1
19289.210 + 88 1
19290.000 # 1500
19290.819 - 88 1.648 1
19290.828 - 88 1.618 1
19291.000 # 1500
19292.000 # 1500
19293.000 # 1500
19298.795 + 88 1
19298.835 + 88 1
19300.770 + 88 1
19300.809 + 88 1
19300.821 + 88 1
19300.830 + 88 1
19303.533 + 88 1
19304.000 # 1500
19304.000 # 1500
19304.000 # 1500
19304.000 # 1500
19304.000 # 1500
19304.000 # 1500
19304.597 + 88 1
19304.792 - 88 5.997 1
19304.804 - 88 5.969 1
19304.808 - 88 4.038 1
19304.810 - 88 4.001 1
19304.812 - 88 3.991 1
19304.815 - 88 3.985 1
19304.817 - 88 1.284 1
19305.000 # 1500
19306.459 + 88 1
19306.733 - 88 2.136 1
19307.452 + 88 1
19309.462 + 88 1
19310.493 + 88 1
19312.347 + 88 1
19314.000 # 1500
19314.000 # 1500
19314.000 # 1500
19314.000 # 1500
19314.296 + 88 1
19314.482 - 88 8.023 1
19314.492 - 88 7.040 1
19314.495 - 88 5.033 1
19314.497 - 88 4.004 1
19314.499 - 88 2.152 1
19315.000 # 1500
19315.000 # 1500
19315.000 # 1500
19315.000 # 1500
19315.241 + 88 1
19315.437 - 88 1.141 1
19316.000 # 1500
19317.297 + 88 1
19317.319 - 88 2.078 1
19318.000 # 1500
19318.256 + 88 1
19318.452 - 88 1.155 1
19320.159 + 88 1
19321.000 # 1500
19322.000 # 1500
19322.035 - 88 3.779 1
19322.044 - 88 1.885 1
19323.000 # 1500
19323.070 + 88 1
19323.108 + 88 1
19324.000 # 1500
19325.029 + 88 1
19325.295 - 88 2.225 1
19325.304 - 88 2.196 1
19325.986 + 88 1
19326.000 # 1500
19326.165 - 88 1.136 1
19328.000 # 1500
19328.154 + 88 1
19328.357 - 88 2.371 1
19329.000 # 1500
19329.988 + 88 1
19330.065 - 88 1.911 1
19331.000 # 1500
19331.814 - 88 1.826 1
19331.881 + 88 1
19331.924 + 88 1
19332.000 # 1500
19333.899 + 88 1
19333.983 - 88 2.102 1
19333.990 - 88 2.066 1
19335.000 # 1500
19335.781 + 88 1
19335.975 - 88 2.076 1
19336.000 # 1500
19337.000 # 1500
19337.762 + 88 1
19337.801 + 88 1
19338.047 - 88 2.266 1
19339.000 # 1500
19340.000 # 1500
19340.929 - 88 3.167 1
19340.939 - 88 3.138 1
19342.000 # 1500
19344.000 # 1500
19345.000 # 1500
19347.000 # 1500
19347.634 + 88 1
19347.650 + 88 1
19347.660 + 88 1
19347.669 + 88 1
19347.679 + 88 1
19348.000 # 1500
19349.543 + 88 1
19349.558 - 88 1.924 1
19349.569 - 88 1.919 1
19349.572 - 88 1.912 1
19349.575 - 88 1.906 1
19349.577 - 88 1.898 1
19349.639 + 88 1
19350.000 # 1500
19351.398 + 88 1
19351.629 - 88 2.086 1
19351.636 - 88 1.997 1
19352.382 + 88 1
19353.000 # 1500
19354.000 # 1500
19354.451 - 88 3.053 1
19354.461 - 88 2.079 1
19355.000 # 1500
19355.298 + 88 1
19355.336 + 88 1
19356.000 # 1500
19357.238 + 88 1
19357.461 - 88 2.163 1
19357.471 - 88 2.135 1
19358.000 # 1500
19358.370 + 88 1
19358.556 - 88 1.318 1
19359.000 # 1500
19360.200 + 88 1
19360.437 - 88 2.067 1
19361.000 # 1500
19362.145 + 88 1
19362.182 + 88 1
19362.372 - 88 2.172 1
19363.000 # 1500
19364.000 # 1500
19364.048 - 88 1.903 1
19364.057 - 88 1.875 1
19364.333 + 88 1
19366.000 # 1500
19366.059 + 88 1
19366.246 - 88 1.913 1
19367.000 # 1500
19368.338 - 88 2.279 1
19370.000 # 1500
19371.000 # 1500
19372.000 # 1500
19373.842 + 88 1
19373.882 + 88 1
19374.000 # 1500
19375.894 - 88 2.052 1
19376.000 # 1500
19376.082 - 88 2.200 1
19377.000 # 1500
19379.763 + 88 1
19379.803 + 88 1
19379.815 + 88 1
19379.825 + 88 1
19379.835 + 88 1
19379.845 + 88 1
19380.000 # 1500
19381.000 # 1500
19381.716 - 88 1.953 1
19381.736 - 88 1.933 1
19381.742 - 88 1.927 1
19381.745 - 88 1.920 1
19381.747 - 88 1.912 1
19381.750 - 88 1.905 1
19382.000 # 1500
19384.000 # 1500
19385.000 # 1500
19387.000 # 1500
19388.000 # 1500
19390.000 # 1500
19390.425 + 88 1
19390.466 + 88 1
19390.478 + 88 1
19390.488 + 88 1
19390.497 + 88 1
19394.000 # 1500
19395.000 # 1500
19395.430 - 88 5.005 1
19395.454 - 88 4.988 1
19395.461 - 88 4.983 1
19395.463 - 88 4.975 1
19395.466 - 88 4.969 1
19396.000 # 1500
19398.000 # 1500
19399.000 # 1500
19399.611 + 88 1
19399.878 + 88 1
19399.909 + 88 1
19399.920 + 88 1
19399.930 + 88 1
19399.940 + 88 1
19401.000 # 1500
19401.479 - 88 1.868 1
19401.547 - 88 1.669 1
19401.566 - 88 1.657 1
19401.575 - 88 1.655 1
19401.582 - 88 1.652 1
19401.588 - 88 1.648 1
19403.000 # 1500
19407.000 # 1500
19408.000 # 1500
19408.333 + 88 1
19408.375 + 88 1
19409.000 # 1500
19410.000 # 1500
19410.183 - 88 1.850 1
19410.212 - 88 1.837 1
19411.000 # 1500
19411.986 + 88 1
19412.000 # 1500
19412.023 + 88 1
19412.131 + 88 1
19413.000 # 1500
19413.954 - 88 1.968 1
19413.982 - 88 1.959 1
19414.012 - 88 1.881 1
19415.000 # 1500
19416.000 # 1500
19417.000 # 1500
19419.063 + 88 1
19419.107 + 88 1
19420.733 + 88 1
19420.779 + 88 1
19420.791 + 88 1
19426.000 # 1500
19427.000 # 1500
19427.000 # 1500
19427.000 # 1500
19427.544 - 88 8.481 1
19427.567 - 88 8.460 1
19427.573 - 88 6.840 1
19427.575 - 88 6.796 1
19427.577 - 88 6.786 1
19428.540 + 88 1
19428.581 + 88 1
19428.592 + 88 1
19429.545 + 88 1
19431.472 + 88 1
19431.511 + 88 1
19433.397 + 88 1
19434.000 # 1500
19434.000 # 1500
19434.000 # 1500
19434.000 # 1500
19434.000 # 1500
19434.000 # 1500
19435.404 + 88 1
19435.509 - 88 6.969 1
19435.528 - 88 6.947 1
19435.532 - 88 6.940 1
19435.534 - 88 5.989 1
19435.537 - 88 4.065 1
19435.543 - 88 4.032 1
19435.545 - 88 2.148 1
19436.356 + 88 1
19438.280 + 88 1
19440.281 + 88 1
19440.321 + 88 1
19443.000 # 1500
19443.000 # 1500
19443.000 # 1500
19443.182 + 88 1
19443.462 - 88 8.058 1
19443.475 - 88 7.119 1
19443.478 - 88 5.198 1
19443.480 - 88 3.199 1
19443.482 - 88 3.161 1
19444.000 # 1500
19444.000 # 1500
19444.000 # 1500
19445.123 + 88 1
19445.411 - 88 2.229 1
19447.146 + 88 1
19447.185 + 88 1
19450.199 + 88 1
19453.000 # 1500
19454.061 - 88 8.938 1
19454.072 - 88 6.926 1
19454.075 - 88 6.890 1
19454.078 - 88 3.879 1
19455.000 # 1500
19455.000 # 1500
19456.000 # 1500
19458.000 # 1500
19458.000 # 1500
19458.989 + 88 1
19459.000 # 1500
19459.000 # 1500
19459.002 + 88 1
19460.000 # 1500
19460.860 + 88 1
19460.898 - 88 1.909 1
19460.928 - 88 1.926 1
19460.972 + 88 1
19461.000 # 1500
19461.005 + 88 1
19461.067 + 88 1
19461.204 - 88 0.344 1
19461.212 - 88 0.240 1
19465.000 # 1500
19466.870 - 88 5.865 1
19466.897 - 88 5.830 1
19467.000 # 1500
19467.000 # 1500
19469.000 # 1500
19470.000 # 1500
19471.597 + 88 1
19471.639 + 88 1
19471.650 + 88 1
19471.660 + 88 1
19471.670 + 88 1
19473.000 # 1500
19475.372 - 88 3.775 1
19475.391 - 88 3.752 1
19475.396 - 88 3.746 1
19475.399 - 88 3.739 1
19475.401 - 88 3.731 1
19476.000 # 1500
19477.000 # 1500
19478.370 + 88 1
19478.384 + 88 1
19478.398 + 88 1
19478.408 + 88 1
19478.417 + 88 1
19479.000 # 1500
19479.366 + 88 1
19479.600 - 88 1.230 1
19479.610 - 88 1.226 1
19479.613 - 88 1.215 1
19479.615 - 88 1.207 1
19479.617 - 88 1.200 1
19482.000 # 1500
19484.099 - 88 4.733 1
19485.000 # 1500
19487.000 # 1500
19489.000 # 1500
19491.000 # 1500
19491.132 + 88 1
19491.184 + 88 1
19492.000 + 88 1
19492.039 + 88 1
19492.050 + 88 1
19492.060 + 88 1
19492.070 + 88 1
19493.995 + 88 1
19494.000 # 1500
19494.144 - 88 3.012 1
19494.159 - 88 2.975 1
19494.181 - 88 2.181 1
19494.187 - 88 2.148 1
19494.190 - 88 2.140 1
19494.192 - 88 2.132 1
19494.194 - 88 2.124 1
19495.988 + 88 1
19497.190 + 88 1
19499.136 + 88 1
19504.000 # 1500
19504.000 # 1500
19504.746 - 88 10.751 1
19504.757 - 88 8.769 1
19504.760 - 88 7.570 1
19504.763 - 88 5.627 1
19505.000 # 1500
19505.000 # 1500
19506.000 # 1500
19508.000 # 1500
19508.668 + 88 1
19509.000 # 1500
19509.665 + 88 1
19509.677 + 88 1
19509.687 + 88 1
19509.697 + 88 1
19509.792 - 88 1.124 1
19510.000 # 1500
19511.470 - 88 1.805 1
19511.476 - 88 1.799 1
19511.479 - 88 1.792 1
19511.482 - 88 1.785 1
19512.000 # 1500
19516.000 # 1500
19516.000 # 1500
19518.000 # 1500
19518.340 + 88 1
19518.382 + 88 1
19518.393 + 88 1
19519.491 + 88 1
19520.000 # 1500
19521.169 - 88 2.829 1
19521.189 - 88 2.807 1
19521.213 - 88 2.820 1
19521.217 - 88 1.726 1
19522.000 # 1500
19524.000 # 1500
19526.000 # 1500
19528.000 # 1500
19529.000 # 1500
19530.194 + 88 1
19530.239 + 88 1
19530.250 + 88 1
19530.260 + 88 1
19532.001 + 88 1
19533.000 # 1500
19533.846 - 88 3.652 1
19533.863 - 88 3.624 1
19533.868 - 88 3.618 1
19533.871 - 88 3.611 1
19533.873 - 88 1.872 1
19534.013 + 88 1
19535.000 # 1500
19535.807 - 88 1.794 1
19536.908 + 88 1
19537.000 # 1500
19537.881 + 88 1
19537.984 - 88 1.076 1
19538.000 # 1500
19539.749 - 88 1.868 1
19540.000 # 1500
19540.068 + 88 1
19541.000 # 1500
19541.677 - 88 1.609 1
19542.760 + 88 1
19544.844 + 88 1
19547.634 + 88 1
19549.616 + 88 1
19550.714 + 88 1
19553.000 # 1500
19553.000 # 1500
19553.000 # 1500
19553.000 # 1500
19553.000 # 1500
19553.000 # 1500
19554.000 # 1500
19554.402 - 88 11.642 1
19554.421 - 88 9.577 1
19554.426 - 88 6.792 1
19554.429 - 88 4.813 1
19554.431 - 88 3.717 1
19554.652 + 88 1
19556.465 + 88 1
19557.000 # 1500
19558.302 - 88 3.650 1
19558.309 - 88 1.844 1
19558.426 + 88 1
19560.335 + 88 1
19561.417 + 88 1
19564.239 + 88 1
19568.000 # 1500
19568.000 # 1500
19568.000 # 1500
19568.000 # 1500
19568.000 # 1500
19568.000 # 1500
19569.000 # 1500
19569.023 - 88 10.597 1
19569.042 - 88 8.707 1
19569.069 - 88 7.652 1
19569.074 - 88 4.835 1
19571.000 # 1500
19572.103 + 88 1
19572.144 + 88 1
19572.156 + 88 1
19573.000 # 1500
19573.906 - 88 1.803 1
19573.916 - 88 1.772 1
19573.919 - 88 1.763 1
19574.052 + 88 1
19575.000 # 1500
19576.009 - 88 1.957 1
19576.140 + 88 1
19577.916 + 88 1
19578.000 # 1500
19578.030 - 88 1.890 1
19580.000 # 1500
19580.094 + 88 1
19580.100 - 88 2.184 1
19581.000 # 1500
19581.893 - 88 1.799 1
19582.047 + 88 1
19583.807 + 88 1
19584.000 # 1500
19584.023 - 88 1.976 1
19584.053 - 88 0.246 1
19585.000 # 1500
19586.724 + 88 1
19587.000 # 1500
19588.000 # 1500
19588.688 - 88 1.964 1
19589.075 + 88 1
19590.000 # 1500
19590.643 - 88 1.568 1
19590.988 + 88 1
19593.000 # 1500
19594.413 - 88 3.425 1
19595.000 # 1500
19596.000 # 1500
19597.000 # 1500
19599.419 + 88 1
19599.460 + 88 1
19599.472 + 88 1
19606.000 # 1500
19606.000 # 1500
19606.236 + 88 1
19606.278 + 88 1
19606.290 + 88 1
19606.372 - 88 6.953 1
19606.396 - 88 6.936 1
19606.402 - 88 6.930 1
19607.000 # 1500
19607.000 # 1500
19607.000 # 1500
19608.081 - 88 1.845 1
19608.092 - 88 1.814 1
19608.097 - 88 1.807 1
19610.000 # 1500
19611.000 # 1500
19611.183 + 88 1
19611.224 + 88 1
19612.000 # 1500
19612.139 + 88 1
19612.178 + 88 1
19612.270 - 88 1.087 1
19612.280 - 88 1.056 1
19614.000 # 1500
19614.351 + 88 1
19614.357 - 88 2.218 1
19614.367 - 88 2.189 1
19616.017 + 88 1
19617.000 # 1500
19617.835 - 88 3.484 1
19617.846 - 88 1.829 1
19617.950 + 88 1
19618.000 # 1500
19619.000 # 1500
19619.857 - 88 1.907 1
19620.156 + 88 1
19621.000 # 1500
19621.766 - 88 1.610 1
19621.905 + 88 1
19622.000 # 1500
19623.854 + 88 1
19624.000 # 1500
19625.652 - 88 3.747 1
19625.664 - 88 1.810 1
19625.972 + 88 1
19626.000 # 1500
19628.023 + 88 1
19629.000 # 1500
19629.000 # 1500
19629.602 - 88 3.630 1
19629.628 - 88 1.605 1
19629.778 + 88 1
19631.000 # 1500
19632.000 # 1500
19632.483 - 88 2.705 1
19636.000 # 1500
19637.000 # 1500
19639.000 # 1500
19639.496 + 88 1
19639.541 + 88 1
19639.553 + 88 1
19639.562 + 88 1
19639.572 + 88 1
19641.000 # 1500
19641.433 + 88 1
19641.610 - 88 2.114 1
19641.631 - 88 2.090 1
19641.637 - 88 2.084 1
19641.642 - 88 2.080 1
19641.646 - 88 2.074 1
19642.000 # 1500
19643.248 - 88 1.815 1
19643.384 + 88 1
19644.000 # 1500
19644.349 + 88 1
19644.454 - 88 1.070 1
19646.000 # 1500
19646.310 + 88 1
19646.425 - 88 2.076 1
19648.000 # 1500
19649.351 - 88 3.041 1
19649.507 + 88 1
19650.203 + 88 1
19653.660 + 88 1
19655.611 + 88 1
19657.587 + 88 1
19657.632 + 88 1
19659.000 # 1500
19659.000 # 1500
19659.000 # 1500
19659.000 # 1500
19659.660 + 88 1
19659.781 - 88 10.274 1
19659.808 - 88 9.605 1
19659.813 - 88 6.153 1
19659.819 - 88 4.208 1
19659.823 - 88 2.236 1
19659.827 - 88 2.195 1
19660.000 # 1500
19660.000 # 1500
19661.000 # 1500
19661.346 - 88 1.686 1
19662.457 + 88 1
19663.000 # 1500
19663.395 + 88 1
19663.500 - 88 1.043 1
19666.000 # 1500
19666.000 # 1500
19666.663 - 88 3.268 1
19666.794 + 88 1
19666.834 + 88 1
19668.000 # 1500
19670.000 # 1500
19670.235 - 88 3.441 1
19670.269 - 88 3.435 1
19671.293 + 88 1
19673.000 # 1500
19673.207 + 88 1
19673.316 - 88 2.023 1
19674.000 # 1500
19674.404 - 88 1.197 1
19675.000 # 1500
19676.000 # 1500
19678.000 # 1500
19679.145 + 88 1
19679.186 + 88 1
19679.197 + 88 1
19679.207 + 88 1
19679.217 + 88 1
19681.000 # 1500
19681.000 # 1500
19681.022 + 88 1
19681.140 - 88 1.995 1
19681.161 - 88 1.975 1
19681.188 - 88 1.991 1
19681.195 - 88 1.988 1
19681.201 - 88 1.984 1
19682.955 + 88 1
19683.000 # 1500
19683.066 - 88 2.044 1
19687.000 # 1500
19687.000 # 1500
19687.760 - 88 4.805 1
19688.000 # 1500
19690.000 # 1500
19691.000 # 1500
19691.857 + 88 1
19693.746 + 88 1
19693.786 + 88 1
19693.797 + 88 1
19693.807 + 88 1
19695.000 # 1500
19695.000 # 1500
19696.000 # 1500
19696.533 - 88 4.676 1
19696.559 - 88 2.813 1
19696.584 - 88 2.798 1
19696.591 - 88 2.794 1
19696.596 - 88 2.789 1
19698.000 # 1500
19699.000 # 1500
19701.000 # 1500
19701.617 + 88 1
19701.722 + 88 1
19702.846 + 88 1
19702.902 + 88 1
19704.000 # 1500
19705.332 - 88 3.715 1
19705.358 - 88 3.636 1
19705.382 - 88 2.536 1
19705.389 - 88 2.487 1
19707.000 # 1500
19707.000 # 1500
19708.000 # 1500
19708.415 + 88 1
19709.000 # 1500
19710.257 - 88 1.842 1
19710.430 + 88 1
19710.469 + 88 1
19710.480 + 88 1
19710.490 + 88 1
19710.500 + 88 1
19711.000 # 1500
19712.190 - 88 1.760 1
19712.202 - 88 1.733 1
19712.207 - 88 1.727 1
19712.212 - 88 1.722 1
19712.216 - 88 1.716 1
19713.000 # 1500
19714.000 # 1500
19715.220 + 88 1
19715.259 + 88 1
19715.270 + 88 1
19716.270 + 88 1
19718.000 # 1500
19718.000 # 1500
19718.180 + 88 1
19718.304 - 88 3.084 1
19718.314 - 88 3.055 1
19718.320 - 88 3.050 1
19718.325 - 88 2.055 1
19719.000 # 1500
19719.146 + 88 1
19719.260 - 88 1.080 1
19720.000 # 1500
19720.435 - 88 1.289 1
19722.000 # 1500
19722.102 + 88 1
19722.479 + 88 1
19726.000 # 1500
19726.000 # 1500
19727.000 # 1500
19727.925 - 88 5.823 1
19727.937 - 88 5.458 1
19729.000 # 1500
19730.000 # 1500
19732.000 # 1500
19732.813 + 88 1
19732.902 + 88 1
19732.958 + 88 1
19733.013 + 88 1
19734.000 # 1500
19734.854 - 88 2.041 1
19734.870 - 88 1.968 1
19734.894 - 88 1.936 1
19734.898 - 88 1.885 1
19735.000 # 1500
19735.027 + 88 1
19735.079 + 88 1
19736.723 + 88 1
19737.000 # 1500
19738.759 - 88 3.732 1
19738.770 - 88 3.691 1
19738.773 - 88 2.050 1
19739.000 # 1500
19739.057 + 88 1
19740.000 # 1500
19740.748 + 88 1
19740.773 + 88 1
19740.831 - 88 1.774 1
19743.000 # 1500
19743.000 # 1500
19745.000 # 1500
19745.465 - 88 4.717 1
19745.514 - 88 4.741 1
19748.000 # 1500
19748.000 # 1500
19750.000 # 1500
19751.000 # 1500
19752.364 + 88 1
19752.444 + 88 1
19752.500 + 88 1
19752.554 + 88 1
19752.607 + 88 1
19754.265 + 88 1
19755.000 # 1500
19755.000 # 1500
19756.342 - 88 3.978 1
19756.361 - 88 3.917 1
19756.385 - 88 3.885 1
19756.390 - 88 3.836 1
19756.392 - 88 3.785 1
19756.394 - 88 2.129 1
19756.523 + 88 1
19758.186 + 88 1
19760.000 # 1500
19760.000 # 1500
19761.191 + 88 1
19761.285 - 88 4.762 1
19761.294 - 88 3.108 1
19762.000 # 1500
19762.217 + 88 1
19762.424 - 88 1.233 1
19763.000 # 1500
19764.000 # 1500
19764.078 - 88 1.861 1
19766.000 # 1500
19767.000 # 1500
19769.000 # 1500
19770.000 # 1500
19772.000 # 1500
19774.000 # 1500
19775.783 + 88 1
19775.796 + 88 1
19775.806 + 88 1
19777.891 + 88 1
19779.000 # 1500
19779.000 # 1500
19779.047 + 88 1
19779.276 - 88 3.493 1
19779.296 - 88 3.500 1
19779.301 - 88 3.495 1
19779.304 - 88 1.413 1
19780.000 # 1500
19780.851 - 88 1.804 1
19781.650 + 88 1
19782.000 # 1500
19783.000 # 1500
19783.731 - 88 2.081 1
19784.566 + 88 1
19785.000 # 1500
19785.558 + 88 1
19785.752 - 88 1.186 1
19786.000 # 1500
19787.543 - 88 1.985 1
19788.000 # 1500
19790.000 # 1500
19790.000 # 1500
19795.341 + 88 1
19795.382 + 88 1
19795.394 + 88 1
19795.404 + 88 1
19797.251 + 88 1
19799.212 + 88 1
19801.129 + 88 1
19803.276 + 88 1
19806.100 + 88 1
19809.942 + 88 1
19809.981 + 88 1
19812.000 # 1500
19812.000 # 1500
19812.906 - 88 17.565 1
19812.934 - 88 17.552 1
19812.941 - 88 17.547 1
19812.945 - 88 17.541 1
19812.950 - 88 15.699 1
19812.955 - 88 13.743 1
19812.963 - 88 11.834 1
19812.967 - 88 9.691 1
19812.971 - 88 6.871 1
19812.975 - 88 3.033 1
19812.980 - 88 2.999 1
19813.000 # 1500
19813.000 # 1500
19813.000 # 1500
19813.000 # 1500
19813.000 # 1500
19813.000 # 1500
19813.000 # 1500
19813.000 # 1500
19813.000 # 1500
19813.000 + 88 1
19814.000 # 1500
19814.000 # 1500
19814.708 - 88 1.708 1
19815.798 + 88 1
19816.280 + 88 1
19818.985 + 88 1
19820.000 # 1500
19820.000 # 1500
19820.798 - 88 5.000 1
19820.810 - 88 4.530 1
19820.813 - 88 1.828 1
19822.615 + 88 1
19824.683 + 88 1
19827.616 + 88 1
19828.695 + 88 1
19830.463 + 88 1
19832.000 # 1500
19832.000 # 1500
19832.000 # 1500
19832.000 # 1500
19833.000 # 1500
19833.000 # 1500
19833.000 # 1500
19833.000 # 1500
19833.398 - 88 10.783 1
19833.410 - 88 8.727 1
19833.412 - 88 5.796 1
19833.414 - 88 4.719 1
19833.416 - 88 2.953 1
19833.674 + 88 1
19835.537 + 88 1
19837.000 # 1500
19837.000 # 1500
19837.000 # 1500
19837.000 # 1500
19837.000 # 1500
19837.455 + 88 1
19837.647 - 88 3.973 1
19837.656 - 88 2.119 1
19838.000 # 1500
19839.000 # 1500
19839.171 - 88 1.716 1
19840.000 # 1500
19840.230 + 88 1
19841.000 # 1500
19842.201 + 88 1
19842.249 - 88 2.019 1
19843.413 + 88 1
19847.000 # 1500
19847.000 # 1500
19847.083 + 88 1
19847.305 - 88 5.104 1
19847.332 - 88 3.919 1
19848.000 # 1500
19848.000 # 1500
19848.223 - 88 1.140 1
19848.237 + 88 1
19850.084 + 88 1
19853.007 + 88 1
19855.714 + 88 1
19859.638 + 88 1
19859.669 + 88 1
19861.682 + 88 1
19867.000 # 1500
19869.400 - 88 21.163 1
19869.422 - 88 19.338 1
19869.448 - 88 16.441 1
19869.457 - 88 13.743 1
19869.462 - 88 9.824 1
19869.466 - 88 9.797 1
19869.470 - 88 7.788 1
19870.000 # 1500
19870.000 # 1500
19870.000 # 1500
19870.000 # 1500
19870.000 # 1500
19870.000 # 1500
19870.000 # 1500
19870.000 # 1500
19872.000 # 1500
19874.460 + 88 1
19874.488 + 88 1
19874.507 + 88 1
19874.529 + 88 1
19874.547 + 88 1
19876.000 # 1500
19876.000 # 1500
19876.223 + 88 1
19876.246 - 88 1.786 1
19876.256 - 88 1.768 1
19876.260 - 88 1.753 1
19876.265 - 88 1.736 1
19876.270 - 88 1.723 1
19877.000 # 1500
19877.250 + 88 1
19877.293 - 88 1.070 1
19879.213 + 88 1
19880.000 # 1500
19880.297 - 88 3.047 1
19880.309 - 88 1.096 1
19881.000 # 1500
19881.317 + 88 1
19882.000 # 1500
19883.059 - 88 1.742 1
19883.100 + 88 1
19884.000 # 1500
19884.195 - 88 1.095 1
19885.000 # 1500
19886.026 + 88 1
19887.000 # 1500
19887.969 - 88 1.943 1
19888.000 # 1500
19888.012 + 88 1
19890.902 + 88 1
19891.000 # 1500
19891.000 # 1500
19892.833 - 88 4.821 1
19892.841 - 88 1.939 1
19892.894 + 88 1
19893.000 # 1500
19894.789 - 88 1.895 1
19894.853 + 88 1
19895.000 # 1500
19895.937 - 88 1.084 1
19897.747 + 88 1
19899.672 + 88 1
19901.670 + 88 1
19903.788 + 88 1
19904.783 + 88 1
19907.523 + 88 1
19910.451 + 88 1
19910.482 + 88 1
19920.000 # 1500
19920.000 # 1500
19920.000 # 1500
19920.000 # 1500
19920.000 # 1500
19920.000 # 1500
19920.000 # 1500
19920.000 # 1500
19921.000 # 1500
19921.000 # 1500
19921.000 # 1500
19921.000 # 1500
19921.000 # 1500
19921.000 # 1500
19921.000 # 1500
19922.000 # 1500
19922.170 - 88 24.423 1
19922.196 - 88 22.524 1
19922.202 - 88 20.532 1
19922.206 - 88 18.418 1
19922.211 - 88 17.428 1
19922.215 - 88 14.692 1
19922.219 - 88 11.768 1
19922.223 - 88 11.741 1
19922.269 + 88 1
19922.297 + 88 1
19922.316 + 88 1
19922.334 + 88 1
19922.352 + 88 1
19923.000 # 1500
19924.000 # 1500
19924.069 - 88 1.800 1
19924.079 - 88 1.782 1
19924.084 - 88 1.768 1
19924.088 - 88 1.754 1
19924.093 - 88 1.741 1
19927.000 # 1500
19928.000 # 1500
19929.000 # 1500
19931.000 # 1500
19931.929 + 88 1
19931.985 + 88 1
19932.000 # 1500
19932.005 + 88 1
19932.016 - 88 0.087 1
19932.025 - 88 0.040 1
19932.043 + 88 1
19934.854 + 88 1
19934.884 + 88 1
19937.767 + 88 1
19938.759 + 88 1
19940.000 # 1500
19940.000 # 1500
19940.000 # 1500
19940.000 # 1500
19940.849 - 88 8.844 1
19940.858 - 88 8.815 1
19940.863 - 88 6.009 1
19940.867 - 88 5.983 1
19940.871 - 88 3.104 1
19940.876 - 88 2.117 1
19941.000 # 1500
19941.670 + 88 1
19942.000 # 1500
19942.786 - 88 1.116 1
19946.000 # 1500
19946.000 # 1500
19952.417 + 88 1
19952.450 + 88 1
19952.469 + 88 1
19952.487 + 88 1
19952.504 + 88 1
19957.000 # 1500
19957.000 # 1500
19957.000 # 1500
19957.000 # 1500
19957.000 # 1500
19957.000 # 1500
19957.000 # 1500
19958.237 - 88 5.820 1
19958.249 - 88 5.799 1
19958.254 - 88 5.785 1
19958.258 - 88 5.771 1
19958.262 - 88 5.758 1
19961.584 + 88 1
19963.300 + 88 1
19963.389 + 88 1
19963.460 + 88 1
19972.284 + 88 1
19973.000 # 1500
19973.000 # 1500
19974.000 # 1500
19974.000 # 1500
19974.000 # 1500
19974.163 - 88 12.579 1
19974.282 - 88 10.982 1
19974.353 - 88 10.964 1
19974.376 - 88 10.916 1
19974.391 - 88 2.107 1
19976.364 + 88 1
19976.400 + 88 1
19976.428 + 88 1
19976.455 + 88 1
19976.482 + 88 1
19976.510 + 88 1
19979.000 # 1500
19979.000 # 1500
19979.000 # 1500
19979.000 # 1500
19979.000 # 1500
19979.000 # 1500
19979.000 # 1500
19979.000 # 1500
19979.124 + 88 1
19979.254 - 88 2.890 1
19979.281 - 88 2.881 1
19979.296 - 88 2.868 1
19979.309 - 88 2.854 1
19979.322 - 88 2.840 1
19979.334 - 88 2.824 1
19980.000 # 1500
19980.922 - 88 1.798 1
19981.000 # 1500
19981.160 + 88 1
19982.000 # 1500
19982.138 + 88 1
19982.239 - 88 1.079 1
19983.000 # 1500
19983.837 - 88 1.699 1
19984.000 # 1500
19986.000 # 1500
19987.000 # 1500
19989.000 # 1500
19992.092 + 88 1
19992.127 + 88 1
19992.157 + 88 1
19992.186 + 88 1
19993.867 + 88 1
19993.908 + 88 1
19996.748 + 88 1
19998.667 + 88 1
19998.706 + 88 1
20001.706 + 88 1
20011.000 # 1500
20011.000 # 1500
20011.000 # 1500
20011.000 # 1500
20011.000 # 1500
20011.000 # 1500
20011.398 + 88 1
20011.450 + 88 1
20011.481 + 88 1
20011.557 - 88 19.465 1
20011.676 - 88 19.549 1
20011.697 - 88 19.540 1
20011.713 - 88 19.527 1
20011.726 - 88 17.859 1
20011.740 - 88 17.832 1
20011.753 - 88 15.005 1
20011.766 - 88 13.099 1
20011.778 - 88 13.072 1
20012.000 # 1500
20012.000 # 1500
20012.000 # 1500
20012.000 # 1500
20012.000 # 1500
20012.000 # 1500
20012.000 # 1500
20012.139 - 88 10.433 1
20012.214 - 88 0.816 1
20012.233 - 88 0.783 1
20015.484 + 88 1
20015.520 + 88 1
20015.550 + 88 1
20018.239 + 88 1
20018.282 + 88 1
20020.236 + 88 1
20021.000 # 1500
20021.876 - 88 10.395 1
20021.902 - 88 6.418 1
20021.916 - 88 6.396 1
20021.929 - 88 6.379 1
20021.943 - 88 3.704 1
20021.955 - 88 3.673 1
20021.968 - 88 1.732 1
20022.000 # 1500
20024.308 + 88 1
20027.896 + 88 1
20029.000 # 1500
20029.000 # 1500
20029.000 # 1500
20029.000 # 1500
20029.000 # 1500
20029.000 # 1500
20029.000 # 1500
20029.266 + 88 1
20029.378 - 88 5.070 1
20029.403 - 88 1.507 1
20030.824 + 88 1
20032.934 + 88 1
20034.157 + 88 1
20035.000 # 1500
20035.654 - 88 6.388 1
20035.672 - 88 4.848 1
20036.090 - 88 3.156 1
20036.177 - 88 2.020 1
20036.865 + 88 1
20038.000 # 1500
20038.309 + 88 1
20038.386 - 88 1.521 1
20040.000 # 1500
20040.000 # 1500
20040.132 + 88 1
20040.269 - 88 1.960 1
20041.821 + 88 1
20042.000 # 1500
20043.000 # 1500
20043.495 - 88 3.363 1
20043.519 - 88 1.698 1
20048.000 # 1500
20049.000 # 1500
20049.000 # 1500
20050.714 + 88 1
20052.453 + 88 1
20054.446 + 88 1
20054.487 + 88 1
20054.517 + 88 1
20054.547 + 88 1
20057.000 # 1500
20057.000 # 1500
20057.000 # 1500
20057.000 # 1500
20057.000 # 1500
20057.532 + 88 1
20057.807 - 88 7.093 1
20057.844 - 88 5.391 1
20057.859 - 88 3.413 1
20057.868 - 88 3.381 1
20057.875 - 88 3.358 1
20057.881 - 88 3.334 1
20058.000 # 1500
20058.000 # 1500
20058.000 # 1500
20059.121 - 88 1.589 1
20059.211 + 88 1
20059.252 + 88 1
20062.492 + 88 1
20068.000 # 1500
20068.000 # 1500
20068.000 # 1500
20068.000 # 1500
20068.000 # 1500
20068.000 # 1500
20068.000 # 1500
20068.877 - 88 9.666 1
20068.901 - 88 9.649 1
20068.910 - 88 6.418 1
20081.000 # 1500
20081.000 # 1500
20081.000 # 1500
20081.000 # 1500
20081.000 # 1500
20081.000 # 1500
20081.719 + 88 1
20081.757 + 88 1
20081.787 + 88 1
20081.816 + 88 1
20081.858 + 88 1
20081.888 + 88 1
20081.917 + 88 1
20081.946 + 88 1
20082.000 # 1500
20082.000 # 1500
20082.000 # 1500
20082.000 # 1500
20082.000 # 1500
20082.000 # 1500
20083.000 # 1500
20083.697 + 88 1
20084.025 - 88 2.306 1
20084.124 - 88 2.367 1
20084.215 - 88 2.428 1
20084.231 - 88 2.415 1
20084.240 - 88 2.382 1
20084.247 - 88 2.359 1
20084.254 - 88 2.337 1
20084.261 - 88 2.315 1
20086.000 # 1500
20086.000 # 1500
20086.000 # 1500
20087.000 # 1500
20088.821 - 88 5.124 1
20090.000 # 1500
20092.153 + 88 1
20092.193 + 88 1
20092.224 + 88 1
20092.254 + 88 1
20092.282 + 88 1
20093.000 # 1500
20093.937 - 88 1.784 1
20094.140 - 88 1.947 1
20094.172 - 88 1.948 1
20094.191 - 88 1.937 1
20094.203 - 88 1.921 1
20102.313 + 88 1
20102.355 + 88 1
20102.385 + 88 1
20102.415 + 88 1
20110.000 # 1500
20110.795 - 88 8.482 1
20110.978 - 88 8.623 1
20110.999 - 88 8.614 1
20111.000 # 1500
20111.000 # 1500
20111.000 # 1500
20111.000 # 1500
20111.000 # 1500
20111.000 # 1500
20111.014 - 88 8.599 1
20111.440 + 88 1
20111.479 + 88 1
20111.509 + 88 1
20111.585 + 88 1
20112.000 # 1500
20112.167 + 88 1
20112.292 - 88 0.852 1
20112.317 - 88 0.838 1
20112.332 - 88 0.823 1
20112.346 - 88 0.761 1
20113.203 + 88 1
20114.000 # 1500
20114.969 - 88 2.802 1
20114.992 - 88 1.789 1
20116.171 + 88 1
20117.000 # 1500
20117.000 # 1500
20117.733 - 88 1.562 1
20118.000 # 1500
20118.230 + 88 1
20119.000 # 1500
20119.556 - 88 1.326 1
20121.000 # 1500
20121.889 + 88 1
20122.000 # 1500
20122.030 - 88 0.141 1
20125.802 + 88 1
20132.426 + 88 1
20132.466 + 88 1
20132.496 + 88 1
20132.525 + 88 1
20133.000 # 1500
20133.000 # 1500
20134.506 + 88 1
20134.726 - 88 8.924 1
20134.827 - 88 2.401 1
20134.904 - 88 2.438 1
20134.916 - 88 2.420 1
20134.924 - 88 2.399 1
20135.229 + 88 1
20137.000 # 1500
20137.000 # 1500
20138.000 # 1500
20138.000 # 1500
20138.000 # 1500
20138.000 # 1500
20138.000 # 1500
20138.314 - 88 3.808 1
20138.344 - 88 3.115 1
20138.639 + 88 1
20138.678 + 88 1
20139.000 # 1500
20140.000 # 1500
20140.758 + 88 1
20140.773 - 88 2.134 1
20140.793 - 88 2.115 1
20142.324 + 88 1
20143.000 # 1500
20144.000 # 1500
20144.062 - 88 3.304 1
20144.083 - 88 1.759 1
20146.000 # 1500
20146.000 # 1500
20149.000 # 1500
20149.000 # 1500
20150.000 # 1500
20151.234 + 88 1
20151.341 + 88 1
20151.374 + 88 1
20152.000 # 1500
20153.000 # 1500
20153.236 - 88 2.002 1
20153.313 - 88 1.972 1
20153.335 - 88 1.961 1
20153.620 + 88 1
20153.738 + 88 1
20154.266 + 88 1
20158.000 # 1500
20158.000 # 1500
20158.000 # 1500
20158.349 + 88 1
20158.725 - 88 5.105 1
20158.793 - 88 5.055 1
20158.811 - 88 4.545 1
20159.000 # 1500
20160.403 + 88 1
20160.548 - 88 2.199 1
20161.000 # 1500
20161.356 + 88 1
20161.397 - 88 0.994 1
20163.000 # 1500
20163.274 + 88 1
20163.424 - 88 2.068 1
20164.000 # 1500
20165.000 # 1500
20165.120 - 88 1.846 1
20165.304 + 88 1
20167.000 # 1500
20168.000 # 1500
20169.136 - 88 3.832 1
20169.237 + 88 1
20169.394 + 88 1
20170.000 # 1500
20170.984 - 88 1.747 1
20171.000 # 1500
20171.012 - 88 1.618 1
20174.000 # 1500
20174.000 # 1500
20179.000 # 1500
20179.000 # 1500
20179.000 # 1500
20181.000 # 1500
20181.896 + 88 1
20182.017 + 88 1
20183.000 # 1500
20183.783 + 88 1
20184.267 - 88 2.371 1
20184.328 - 88 2.311 1
20187.585 + 88 1
20187.727 + 88 1
20187.777 + 88 1
20193.000 # 1500
20193.509 + 88 1
20193.671 + 88 1
20193.722 + 88 1
20193.798 - 88 10.015 1
20193.851 - 88 6.266 1
20193.922 - 88 6.195 1
20193.947 - 88 6.170 1
20194.000 # 1500
20194.000 # 1500
20194.000 # 1500
20194.093 + 88 1
20194.286 + 88 1
20194.493 - 88 0.984 1
20194.519 - 88 0.848 1
20197.000 # 1500
20197.410 + 88 1
20197.624 - 88 3.902 1
20197.649 - 88 3.556 1
20197.663 - 88 3.377 1
20199.510 + 88 1
20202.000 # 1500
20202.000 # 1500
20202.000 # 1500
20202.256 + 88 1
20202.428 - 88 5.018 1
20202.450 - 88 2.940 1
20205.000 # 1500
20206.411 - 88 4.155 1
20207.000 # 1500
20209.000 # 1500
20212.000 # 1500
20212.347 + 88 1
20212.522 + 88 1
20212.660 + 88 1
20212.839 + 88 1
20214.000 # 1500
20214.992 - 88 2.645 1
20215.042 + 88 1
20215.042 - 88 2.520 1
20215.059 - 88 2.399 1
20215.075 - 88 2.236 1
20217.302 + 88 1
20218.000 # 1500
20218.647 - 88 3.605 1
20218.677 - 88 1.375 1
20219.000 # 1500
20219.000 # 1500
20220.994 + 88 1
20221.000 # 1500
20221.143 + 88 1
20225.000 # 1500
20225.768 - 88 4.774 1
20225.789 - 88 4.646 1
20227.000 # 1500
20228.000 # 1500
20231.000 # 1500
20232.000 # 1500
20233.675 + 88 1
20233.813 + 88 1
20233.863 + 88 1
20234.000 # 1500
20234.037 + 88 1
20234.195 + 88 1
20234.299 - 88 0.624 1
20234.349 - 88 0.536 1
20234.416 - 88 0.553 1
20236.000 # 1500
20237.565 - 88 3.528 1
20237.641 - 88 3.446 1
20237.775 + 88 1
20239.000 # 1500
20240.319 - 88 2.544 1
20243.000 # 1500
20244.000 # 1500
20246.000 # 1500
20247.201 + 88 1
20247.335 + 88 1
20247.385 + 88 1
20249.000 # 1500
20249.133 + 88 1
20249.401 - 88 2.200 1
20249.451 - 88 2.116 1
20249.517 - 88 2.132 1
20251.518 + 88 1
20252.000 # 1500
20252.577 + 88 1
20252.837 - 88 3.704 1
20252.865 - 88 1.347 1
20253.000 # 1500
20254.129 + 88 1
20254.373 - 88 1.796 1
20257.856 + 88 1
20259.837 + 88 1
20260.000 # 1500
20260.000 # 1500
20260.113 - 88 5.984 1
20260.167 - 88 2.311 1
20261.000 # 1500
20261.875 - 88 2.038 1
20262.000 # 1500
20264.000 # 1500
20266.000 # 1500
20269.676 + 88 1
20269.811 + 88 1
20270.000 # 1500
20271.000 # 1500
20271.918 - 88 2.242 1
20272.035 - 88 2.224 1
20274.000 # 1500
20276.000 # 1500
20277.434 + 88 1
20277.493 + 88 1
20277.541 + 88 1
20278.000 # 1500
20279.000 # 1500
20279.576 - 88 2.142 1
20279.667 - 88 2.174 1
20279.698 - 88 2.157 1
20280.188 + 88 1
20281.000 # 1500
20282.544 + 88 1
20282.590 - 88 2.402 1
20284.000 # 1500
20284.438 + 88 1
20284.986 - 88 2.442 1
20285.000 # 1500
20286.348 - 88 1.910 1
20287.000 # 1500
20290.000 # 1500
20293.000 # 1500
20297.000 # 1500
20298.000 # 1500
20298.017 + 88 1
20298.094 + 88 1
20300.000 # 1500
20300.941 + 88 1
20300.999 + 88 1
20301.066 + 88 1
20301.170 - 88 3.153 1
20301.207 - 88 3.113 1
20302.000 # 1500
20302.866 - 88 1.925 1
20302.899 - 88 1.900 1
20302.964 - 88 1.898 1
20303.104 + 88 1
20304.000 # 1500
20305.069 + 88 1
20305.496 - 88 2.392 1
20306.000 # 1500
20307.921 - 88 2.852 1
20308.000 # 1500
20308.059 + 88 1
20311.000 # 1500
20311.683 + 88 1
20312.000 # 1500
20312.158 - 88 4.099 1
20312.383 - 88 0.700 1
20313.792 + 88 1
20315.832 + 88 1
20316.000 # 1500
20316.212 - 88 2.420 1
20317.000 # 1500
20317.981 - 88 2.149 1
20319.000 # 1500
20322.000 # 1500
20324.000 # 1500
20326.470 + 88 1
20326.609 + 88 1
20326.658 + 88 1
20326.937 + 88 1
20327.000 # 1500
20327.318 - 88 0.848 1
20327.410 - 88 0.801 1
20327.440 - 88 0.782 1
20328.000 # 1500
20329.231 - 88 2.294 1
20329.589 + 88 1
20331.547 + 88 1
20332.245 + 88 1
20335.074 + 88 1
20338.080 + 88 1
20340.000 # 1500
20340.998 + 88 1
20341.000 # 1500
20341.000 # 1500
20341.000 # 1500
20341.000 # 1500
20341.000 # 1500
20341.237 - 88 11.648 1
20341.327 - 88 9.780 1
20341.404 - 88 9.159 1
20341.416 - 88 6.342 1
20341.423 - 88 3.343 1
20343.000 # 1500
20343.162 + 88 1
20343.462 - 88 2.464 1
20344.000 # 1500
20345.000 # 1500
20345.157 - 88 1.995 1
20346.744 + 88 1
20347.000 # 1500
20348.833 - 88 2.089 1
20348.965 + 88 1
20349.000 # 1500
20350.722 + 88 1
20351.000 # 1500
20352.812 - 88 3.847 1
20352.953 + 88 1
20352.980 - 88 2.258 1
20354.000 # 1500
20354.611 - 88 1.658 1
20356.643 + 88 1
20357.000 # 1500
20358.000 # 1500
20358.550 + 88 1
20358.641 - 88 1.998 1
20361.000 # 1500
20361.369 + 88 1
20361.632 - 88 3.082 1
20363.000 # 1500
20363.302 + 88 1
20363.558 - 88 2.189 1
20365.475 + 88 1
20367.000 # 1500
20368.000 # 1500
20368.292 - 88 4.990 1
20368.393 - 88 2.918 1
20368.933 + 88 1
20369.000 # 1500
20371.000 # 1500
20371.330 + 88 1
20371.477 - 88 2.544 1
20373.000 # 1500
20373.168 + 88 1
20373.426 - 88 2.096 1
20376.000 # 1500
20377.247 - 88 4.079 1
20377.642 + 88 1
20379.000 # 1500
20379.123 + 88 1
20379.262 + 88 1
20379.268 - 88 1.626 1
20380.000 # 1500
20381.970 - 88 2.847 1
20382.000 # 1500
20382.015 + 88 1
20382.078 - 88 2.816 1
20386.000 # 1500
20386.832 - 88 4.817 1
20388.000 # 1500
20389.000 # 1500
20391.000 # 1500
20392.032 + 88 1
20392.092 + 88 1
20392.163 + 88 1
20392.211 + 88 1
20393.000 # 1500
20393.779 - 88 1.747 1
20393.833 - 88 1.741 1
20393.978 + 88 1
20394.019 - 88 1.856 1
20394.044 - 88 1.833 1
20396.000 # 1500
20396.121 + 88 1
20396.493 - 88 2.515 1
20398.814 + 88 1
20399.000 # 1500
20399.072 - 88 2.951 1
20399.100 - 88 0.286 1
20401.000 # 1500
20401.575 + 88 1
20401.640 + 88 1
20403.000 # 1500
20404.557 - 88 2.982 1
20404.776 - 88 3.136 1
20405.000 # 1500
20410.000 # 1500
20410.000 # 1500
20412.000 # 1500
20412.368 + 88 1
20412.510 + 88 1
20412.561 + 88 1
20412.609 + 88 1
20413.000 # 1500
20414.201 - 88 1.833 1
20414.240 - 88 1.730 1
20414.256 - 88 1.695 1
20414.263 + 88 1
20414.264 - 88 1.655 1
20415.000 # 1500
20416.359 - 88 2.096 1
20416.620 + 88 1
20418.000 # 1500
20419.000 # 1500
20419.611 - 88 2.991 1
20420.000 # 1500
20422.000 # 1500
20425.000 # 1500
20426.000 # 1500
20426.015 + 88 1
20428.000 # 1500
20428.146 + 88 1
20428.304 + 88 1
20428.462 - 88 2.447 1
20430.000 # 1500
20430.785 - 88 2.639 1
20430.905 - 88 2.601 1
20431.153 + 88 1
20432.000 # 1500
20432.785 - 88 1.632 1
20434.000 # 1500
20437.000 # 1500
20438.000 # 1500
20438.982 + 88 1
20439.000 # 1500
20440.697 + 88 1
20442.000 # 1500
20442.597 + 88 1
20442.860 - 88 3.878 1
20442.962 - 88 2.265 1
20444.610 + 88 1
20445.000 # 1500
20446.000 # 1500
20446.302 - 88 3.705 1
20446.421 - 88 1.811 1
20448.000 # 1500
20448.386 + 88 1
20451.000 # 1500
20451.000 # 1500
20451.418 + 88 1
20451.679 - 88 3.293 1
20456.000 # 1500
20456.000 # 1500
20457.000 # 1500
20458.000 # 1500
20458.112 - 88 6.694 1
20458.506 + 88 1
20458.646 + 88 1
20460.221 + 88 1
20462.000 # 1500
20462.000 # 1500
20462.125 + 88 1
20462.391 - 88 3.885 1
20462.509 - 88 3.863 1
20462.580 - 88 2.359 1
20464.132 + 88 1
20466.000 # 1500
20466.000 # 1500
20466.091 + 88 1
20466.352 - 88 4.227 1
20466.428 - 88 2.296 1
20468.000 # 1500
20469.240 - 88 3.149 1
20470.000 # 1500
20472.000 # 1500
20473.000 # 1500
20474.000 # 1500
20476.000 # 1500
20479.925 + 88 1
20480.000 # 1500
20480.000 # 1500
20480.550 + 88 1
20480.687 + 88 1
20480.736 + 88 1
20481.000 # 1500
20482.471 - 88 2.546 1
20482.637 - 88 2.087 1
20482.674 + 88 1
20482.714 - 88 2.027 1
20482.738 - 88 2.002 1
20484.000 # 1500
20484.899 + 88 1
20485.000 # 1500
20485.582 - 88 2.908 1
20487.000 # 1500
20487.898 - 88 2.999 1
20489.494 + 88 1
20489.633 + 88 1
20492.636 + 88 1
20495.363 + 88 1
20497.000 # 1500
20498.000 # 1500
20498.063 - 88 8.569 1
20498.163 - 88 8.530 1
20498.236 - 88 5.600 1
20498.259 - 88 2.896 1
20498.447 + 88 1
20499.000 # 1500
20499.177 + 88 1
20499.589 - 88 1.142 1
20501.000 # 1500
20501.000 # 1500
20502.000 # 1500
20502.046 - 88 2.869 1
20503.000 # 1500
20504.000 # 1500
20504.000 # 1500
20504.105 + 88 1
20510.000 # 1500
20510.880 - 88 6.775 1
20512.817 + 88 1
20512.956 + 88 1
20513.000 # 1500
20513.006 + 88 1
20513.280 - 88 0.463 1
20514.000 # 1500
20514.761 - 88 1.805 1
20514.813 - 88 1.807 1
20514.926 + 88 1
20515.000 # 1500
20516.990 + 88 1
20518.000 # 1500
20518.791 - 88 3.865 1
20519.000 # 1500
20519.029 - 88 2.039 1
20520.000 # 1500
20522.000 # 1500
20525.000 # 1500
20529.000 # 1500
20529.549 + 88 1
20529.694 + 88 1
20529.746 + 88 1
20531.471 + 88 1
20533.556 + 88 1
20536.000 # 1500
20536.402 + 88 1
20536.668 - 88 7.119 1
20536.785 - 88 7.091 1
20536.855 - 88 7.109 1
20536.880 - 88 5.409 1
20537.009 - 88 3.453 1
20538.531 + 88 1
20540.471 + 88 1
20542.518 + 88 1
20544.527 + 88 1
20547.087 + 88 1
20547.158 + 88 1
20549.000 # 1500
20549.000 # 1500
20549.865 - 88 13.463 1
20550.034 - 88 11.503 1
20550.067 + 88 1
20550.108 - 88 9.637 1
20550.132 - 88 7.614 1
20550.147 - 88 5.620 1
20550.161 - 88 3.074 1
20550.175 - 88 3.017 1
20551.000 # 1500
20551.000 # 1500
20552.085 - 88 2.018 1
20552.300 + 88 1
20554.000 # 1500
20554.000 # 1500
20554.824 + 88 1
20555.120 - 88 2.820 1
20556.776 + 88 1
20558.000 # 1500
20558.806 - 88 3.982 1
20558.831 - 88 2.055 1
20565.686 + 88 1
20566.000 # 1500
20567.418 - 88 1.732 1
20567.815 + 88 1
20568.268 + 88 1
20568.406 + 88 1
20568.771 + 88 1
20570.542 + 88 1
20572.000 # 1500
20572.531 + 88 1
20572.799 - 88 4.984 1
20572.917 - 88 4.649 1
20572.987 - 88 4.581 1
20573.000 # 1500
20573.000 # 1500
20573.000 # 1500
20573.000 # 1500
20573.010 - 88 4.239 1
20573.139 - 88 2.597 1
20573.246 - 88 0.715 1
20574.000 # 1500
20578.207 + 88 1
20578.447 + 88 1
20579.000 # 1500
20580.278 - 88 2.071 1
20580.295 + 88 1
20580.298 - 88 1.851 1
20582.172 + 88 1
20585.000 # 1500
20586.077 - 88 5.782 1
20586.159 + 88 1
20586.211 - 88 4.039 1
20589.166 + 88 1
20590.938 + 88 1
20591.000 # 1500
20591.100 - 88 4.941 1
20591.207 + 88 1
20591.230 - 88 2.064 1
20597.010 + 88 1
20597.264 + 88 1
20598.000 # 1500
20598.761 - 88 7.823 1
20599.076 + 88 1
20599.106 - 88 7.899 1
20599.135 - 88 2.125 1
20599.299 - 88 2.035 1
20600.825 + 88 1
20603.695 + 88 1
20605.000 # 1500
20605.551 - 88 6.475 1
20605.582 - 88 4.757 1
20605.597 - 88 1.902 1
20605.815 + 88 1
20608.865 + 88 1
20610.704 + 88 1
20611.000 # 1500
20612.578 - 88 6.763 1
20612.591 - 88 3.726 1
20612.602 - 88 1.898 1
20612.859 + 88 1
20614.568 + 88 1
20616.000 # 1500
20616.648 + 88 1
20617.121 - 88 4.262 1
20617.145 - 88 2.577 1
20619.000 # 1500
20620.247 - 88 3.599 1
20622.271 + 88 1
20622.380 + 88 1
20622.413 + 88 1
20624.000 # 1500
20625.325 - 88 3.054 1
20625.351 - 88 2.971 1
20625.366 - 88 2.953 1
20625.657 + 88 1
20627.440 + 88 1
20630.000 # 1500
20630.090 + 88 1
20630.516 - 88 4.859 1
20630.535 - 88 3.095 1
20632.163 + 88 1
20633.825 + 88 1
20634.000 # 1500
20636.021 - 88 5.931 1
20636.042 - 88 3.879 1
20636.049 - 88 2.224 1
20636.209 + 88 1
20638.000 # 1500
20638.014 + 88 1
20638.271 - 88 2.062 1
20639.131 + 88 1
20641.731 + 88 1
20642.000 # 1500
20644.107 + 88 1
20644.319 - 88 6.305 1
20644.338 - 88 5.207 1
20644.346 - 88 2.615 1
20647.825 + 88 1
20649.659 + 88 1
20650.343 + 88 1
20651.000 # 1500
20652.538 - 88 8.431 1
20652.559 - 88 4.734 1
20652.567 - 88 2.908 1
20652.573 - 88 2.230 1
20652.784 + 88 1
20654.763 + 88 1
20656.639 + 88 1
20661.000 # 1500
20662.362 - 88 9.578 1
20662.383 - 88 7.620 1
20662.391 - 88 5.752 1
20663.000 # 1500
20666.395 + 88 1
20666.447 + 88 1
20666.495 + 88 1
20666.541 + 88 1
20667.334 + 88 1
20669.319 + 88 1
20671.000 # 1500
20671.000 # 1500
20671.254 + 88 1
20671.670 - 88 5.275 1
20671.689 - 88 5.242 1
20671.701 - 88 5.206 1
20671.708 - 88 5.167 1
20671.892 - 88 4.558 1
20671.908 - 88 2.589 1
20672.578 + 88 1
20674.000 # 1500
20675.000 # 1500
20676.019 - 88 4.765 1
20676.040 - 88 3.462 1
20677.000 # 1500
20678.085 + 88 1
20678.221 + 88 1
20678.271 + 88 1
20680.231 + 88 1
20681.000 # 1500
20681.827 + 88 1
20682.000 # 1500
20682.109 - 88 4.024 1
20682.128 - 88 3.907 1
20682.136 - 88 3.865 1
20682.143 - 88 1.912 1
20682.150 - 88 0.323 1
20684.662 + 88 1
20687.000 # 1500
20687.579 + 88 1
20688.150 - 88 3.488 1
20689.915 + 88 1
20691.000 # 1500
20691.504 + 88 1
20692.007 - 88 4.428 1
20692.034 - 88 2.119 1
20693.567 + 88 1
20694.000 # 1500
20695.499 + 88 1
20695.508 - 88 4.004 1
20695.527 - 88 1.960 1
20696.000 # 1500
20697.423 - 88 1.924 1
20700.000 # 1500
20705.436 + 88 1
20705.575 + 88 1
20707.170 + 88 1
20707.229 + 88 1
20707.277 + 88 1
20709.190 + 88 1
20711.339 + 88 1
20713.072 + 88 1
20715.004 + 88 1
20718.138 + 88 1
20721.040 + 88 1
20721.099 + 88 1
20722.952 + 88 1
20732.000 # 1500
20732.000 # 1500
20732.000 # 1500
20732.000 # 1500
20732.000 # 1500
20732.677 - 88 27.241 1
20732.797 - 88 27.222 1
20732.868 - 88 25.698 1
20732.892 - 88 25.663 1
20732.908 - 88 25.631 1
20732.922 - 88 23.732 1
20732.935 - 88 21.596 1
20732.948 - 88 19.876 1
20733.000 # 1500
20733.000 # 1500
20733.000 # 1500
20733.000 # 1500
20733.000 # 1500
20733.077 - 88 18.073 1
20733.080 + 88 1
20733.098 - 88 14.960 1
20733.112 - 88 12.072 1
20733.126 - 88 12.027 1
20733.139 - 88 10.187 1
20735.000 # 1500
20735.703 - 88 2.623 1
20737.000 # 1500
20737.787 + 88 1
20737.925 + 88 1
20738.000 # 1500
20738.339 - 88 0.552 1
20742.406 + 88 1
20742.546 + 88 1
20742.596 + 88 1
20743.000 # 1500
20744.374 - 88 6.449 1
20744.394 - 88 1.988 1
20744.402 - 88 1.856 1
20744.408 - 88 1.812 1
20748.000 # 1500
20751.378 + 88 1
20751.584 + 88 1
20751.662 + 88 1
20751.737 + 88 1
20753.358 + 88 1
20753.563 + 88 1
20754.000 # 1500
20755.169 - 88 3.791 1
20755.188 - 88 3.604 1
20755.196 - 88 3.534 1
20755.203 - 88 3.466 1
20755.209 - 88 1.851 1
20755.216 - 88 1.653 1
20756.000 # 1500
20759.000 # 1500
20761.000 # 1500
20761.408 + 88 1
20763.000 # 1500
20763.168 + 88 1
20763.209 + 88 1
20763.240 + 88 1
20763.453 - 88 2.045 1
20765.097 + 88 1
20767.075 + 88 1
20768.000 # 1500
20769.369 - 88 6.201 1
20769.396 - 88 6.187 1
20769.412 - 88 6.172 1
20769.425 - 88 4.328 1
20769.439 - 88 2.364 1
20769.552 + 88 1
20770.000 # 1500
20772.000 # 1500
20772.424 - 88 2.872 1
20773.986 + 88 1
20777.744 + 88 1
20779.000 # 1500
20780.199 - 88 6.213 1
20780.276 + 88 1
20780.490 + 88 1
20780.516 - 88 2.772 1
20781.149 + 88 1
20786.519 + 88 1
20786.756 + 88 1
20788.000 # 1500
20788.000 # 1500
20788.558 + 88 1
20788.769 - 88 8.493 1
20788.796 - 88 8.306 1
20788.810 - 88 7.661 1
20788.823 - 88 2.304 1
20788.837 - 88 2.081 1
20790.649 + 88 1
20792.453 + 88 1
20793.000 # 1500
20794.000 # 1500
20794.398 - 88 5.840 1
20794.419 - 88 3.770 1
20794.433 - 88 1.980 1
20796.000 # 1500
20799.000 # 1500
20801.000 # 1500
20801.284 + 88 1
20802.263 + 88 1
20802.470 + 88 1
20802.549 + 88 1
20812.888 + 88 1
20813.095 + 88 1
20813.173 + 88 1
20813.249 + 88 1
20813.322 + 88 1
20817.000 # 1500
20817.000 # 1500
20817.000 # 1500
20817.000 # 1500
20817.000 # 1500
20817.000 # 1500
20817.000 # 1500
20818.625 - 88 17.341 1
20818.656 - 88 16.393 1
20818.701 - 88 16.231 1
20818.747 - 88 16.198 1
20818.762 - 88 5.874 1
20818.776 - 88 5.681 1
20818.790 - 88 5.617 1
20818.803 - 88 5.554 1
20818.816 - 88 5.494 1
20820.000 # 1500
20822.000 # 1500
20822.656 + 88 1
20822.697 + 88 1
20822.727 + 88 1
20822.757 + 88 1
20822.786 + 88 1
20824.000 # 1500
20825.490 - 88 2.834 1
20825.513 - 88 2.816 1
20825.528 - 88 2.801 1
20825.541 - 88 2.784 1
20825.554 - 88 2.768 1
20826.000 # 1500
20828.000 # 1500
20830.000 # 1500
20832.000 # 1500
20832.452 + 88 1
20832.494 + 88 1
20832.524 + 88 1
20832.553 + 88 1
20832.583 + 88 1
20832.625 + 88 1
20842.576 + 88 1
20842.612 + 88 1
20842.642 + 88 1
20844.732 + 88 1
20850.000 # 1500
20850.000 # 1500
20850.000 # 1500
20850.000 # 1500
20850.000 # 1500
20850.000 # 1500
20851.000 # 1500
20851.000 # 1500
20852.202 - 88 19.750 1
20852.260 - 88 19.766 1
20852.331 - 88 19.807 1
20852.455 - 88 19.902 1
20852.529 + 88 1
20852.564 + 88 1
20852.594 + 88 1
20852.623 + 88 1
20852.652 + 88 1
20852.681 - 88 20.098 1
20852.702 - 88 20.077 1
20852.741 - 88 10.165 1
20852.766 - 88 10.154 1
20852.783 - 88 10.141 1
20852.797 - 88 8.065 1
20854.000 # 1500
20856.000 # 1500
20856.322 - 88 3.793 1
20856.348 - 88 3.784 1
20856.363 - 88 3.769 1
20856.376 - 88 3.753 1
20856.389 - 88 3.737 1
20858.000 # 1500
20861.764 + 88 1
20861.808 + 88 1
20861.839 + 88 1
20864.161 + 88 1
20864.205 + 88 1
20864.237 + 88 1
20872.312 + 88 1
20872.350 + 88 1
20872.380 + 88 1
20872.409 + 88 1
20872.438 + 88 1
20883.377 + 88 1
20883.417 + 88 1
20888.484 + 88 1
20888.524 + 88 1
20888.554 + 88 1
20890.000 # 1500
20890.000 # 1500
20890.000 # 1500
20890.000 # 1500
20890.000 # 1500
20890.234 + 88 1
20890.568 - 88 28.804 1
20890.660 - 88 28.852 1
20890.692 - 88 28.853 1
20890.702 - 88 26.541 1
20890.710 - 88 26.505 1
20890.716 - 88 26.479 1
20890.723 - 88 18.411 1
20890.730 - 88 18.380 1
20890.736 - 88 18.356 1
20890.742 - 88 18.333 1
20890.748 - 88 18.310 1
20890.755 - 88 7.378 1
20890.761 - 88 7.344 1
20890.768 - 88 2.284 1
20890.774 - 88 2.250 1
20890.781 - 88 2.227 1
20891.000 # 1500
20891.000 # 1500
20891.000 # 1500
20891.000 # 1500
20891.000 # 1500
20891.000 # 1500
20891.000 # 1500
20891.000 # 1500
20891.000 # 1500
20892.000 # 1500
20892.000 # 1500
20892.198 - 88 1.964 1
20892.413 + 88 1
20892.448 + 88 1
20892.477 + 88 1
20892.507 + 88 1
20896.000 # 1500
20897.073 - 88 4.660 1
20897.094 - 88 4.646 1
20897.102 - 88 4.625 1
20897.109 - 88 4.602 1
20899.000 # 1500
20901.351 + 88 1
20901.399 + 88 1
20901.430 + 88 1
20903.000 # 1500
20903.000 # 1500
20903.328 + 88 1
20903.368 + 88 1
20903.399 + 88 1
20903.914 - 88 2.563 1
20903.948 - 88 2.549 1
20903.956 - 88 2.526 1
20907.000 # 1500
20908.000 # 1500
20909.154 - 88 5.826 1
20909.183 - 88 5.815 1
20909.192 - 88 5.793 1
20910.000 # 1500
20912.713 + 88 1
20912.749 + 88 1
20913.000 # 1500
20914.570 - 88 1.857 1
20914.592 - 88 1.843 1
20914.943 + 88 1
20915.000 # 1500
20915.054 + 88 1
20915.089 + 88 1
20918.000 # 1500
20919.033 - 88 4.090 1
20919.059 - 88 4.005 1
20919.074 - 88 3.985 1
20920.000 # 1500
20922.000 # 1500
20923.800 + 88 1
20924.000 # 1500
20924.158 - 88 0.358 1
20924.324 + 88 1
20924.459 + 88 1
20924.586 + 88 1
20924.719 + 88 1
20924.930 + 88 1
20926.000 # 1500
20927.206 + 88 1
20927.266 + 88 1
20927.612 - 88 3.288 1
20927.635 - 88 3.176 1
20927.649 - 88 3.063 1
20927.663 - 88 2.944 1
20927.676 - 88 2.746 1
20929.407 + 88 1
20930.000 # 1500
20931.189 - 88 3.983 1
20931.217 - 88 3.951 1
20931.232 - 88 1.825 1
20932.000 # 1500
20932.612 + 88 1
20934.460 + 88 1
20935.000 # 1500
20936.337 + 88 1
20936.478 - 88 3.866 1
20936.501 - 88 2.041 1
20938.255 + 88 1
20939.000 # 1500
20939.173 + 88 1
20939.478 - 88 3.141 1
20939.501 - 88 1.246 1
20941.065 + 88 1
20944.000 # 1500
20944.865 - 88 5.692 1
20944.890 - 88 3.825 1
20948.000 # 1500
20948.000 # 1500
20951.000 # 1500
20952.601 + 88 1
20952.661 + 88 1
20952.708 + 88 1
20952.755 + 88 1
20952.803 + 88 1
20953.137 + 88 1
20954.000 # 1500
20955.285 - 88 2.684 1
20955.311 - 88 2.650 1
20955.327 - 88 2.619 1
20955.341 - 88 2.586 1
20955.354 - 88 2.551 1
20955.367 - 88 2.230 1
20955.768 + 88 1
20957.000 # 1500
20957.487 + 88 1
20957.952 - 88 2.184 1
20959.598 + 88 1
20961.000 # 1500
20962.769 - 88 5.282 1
20962.846 - 88 3.248 1
20962.963 + 88 1
20963.000 # 1500
20965.000 # 1500
20966.499 - 88 3.536 1
20967.000 # 1500
20969.000 # 1500
20971.657 + 88 1
20971.709 + 88 1
20971.757 + 88 1
20971.804 + 88 1
20974.099 + 88 1
20979.479 + 88 1
20981.000 # 1500
20981.000 # 1500
20981.525 + 88 1
20981.871 + 88 1
20981.886 - 88 10.229 1
20981.903 - 88 10.194 1
20981.911 - 88 10.154 1
20981.918 - 88 10.114 1
20981.926 - 88 7.827 1
20981.933 - 88 2.454 1
20982.000 # 1500
20982.141 + 88 1
20982.497 - 88 0.972 1
20982.524 - 88 0.653 1
20992.109 + 88 1
20992.267 + 88 1
20992.344 + 88 1
20992.451 + 88 1
20992.532 + 88 1
21001.000 # 1500
21001.000 # 1500
21001.000 # 1500
21001.680 + 88 1
21002.000 # 1500
21002.000 # 1500
21002.000 # 1500
21002.000 # 1500
21002.000 # 1500
21002.000 # 1500
21002.000 # 1500
21002.353 - 88 20.212 1
21002.373 - 88 10.264 1
21002.431 - 88 10.164 1
21002.444 - 88 10.100 1
21002.451 - 88 10.000 1
21002.458 + 88 1
21002.458 - 88 9.926 1
21002.465 - 88 0.785 1
21002.633 + 88 1
21002.802 + 88 1
21003.000 # 1500
21003.000 # 1500
21003.021 + 88 1
21003.225 - 88 0.767 1
21003.244 - 88 0.611 1
21003.251 - 88 0.449 1
21011.538 + 88 1
21011.698 + 88 1
21011.776 + 88 1
21011.850 + 88 1
21013.481 + 88 1
21014.000 # 1500
21015.709 - 88 12.688 1
21015.728 - 88 4.190 1
21015.736 - 88 4.038 1
21015.743 - 88 3.967 1
21015.749 - 88 3.899 1
21015.756 - 88 2.275 1
21017.000 # 1500
21017.000 # 1500
21017.000 # 1500
21017.000 # 1500
21017.000 # 1500
21021.199 + 88 1
21021.354 + 88 1
21021.432 + 88 1
21023.098 + 88 1
21025.000 # 1500
21025.000 # 1500
21025.000 # 1500
21025.000 # 1500
21025.000 # 1500
21026.033 - 88 4.834 1
21026.063 - 88 4.709 1
21026.070 - 88 4.638 1
21026.078 - 88 2.980 1
21031.501 + 88 1
21031.599 + 88 1
21031.675 + 88 1
21033.088 + 88 1
21033.283 + 88 1
21034.000 # 1500
21034.000 # 1500
21035.120 - 88 3.619 1
21035.138 - 88 3.539 1
21035.146 - 88 3.471 1
21035.153 - 88 2.065 1
21035.159 - 88 1.876 1
21041.710 + 88 1
21041.867 + 88 1
21041.944 + 88 1
21042.019 + 88 1
21044.709 + 88 1
21044.864 + 88 1
21044.941 + 88 1
21046.410 + 88 1
21048.306 + 88 1
21050.000 # 1500
21050.000 # 1500
21050.000 # 1500
21050.000 # 1500
21050.000 # 1500
21050.288 + 88 1
21050.708 - 88 8.998 1
21050.850 - 88 8.983 1
21050.880 - 88 8.936 1
21050.888 - 88 8.869 1
21050.895 - 88 6.186 1
21050.902 - 88 6.038 1
21050.909 - 88 5.968 1
21050.916 - 88 4.506 1
21050.922 - 88 2.616 1
21051.000 # 1500
21051.083 + 88 1
21051.589 - 88 1.301 1
21054.000 # 1500
21054.000 # 1500
21054.000 # 1500
21054.000 # 1500
21054.000 # 1500
21055.545 - 88 4.462 1
21062.147 + 88 1
21062.190 + 88 1
21062.221 + 88 1
21062.261 + 88 1
21062.291 + 88 1
21062.320 + 88 1
21064.000 # 1500
21064.000 # 1500
21064.000 # 1500
21064.000 # 1500
21064.000 # 1500
21064.477 + 88 1
21064.873 - 88 2.726 1
21064.903 - 88 2.713 1
21064.911 - 88 2.690 1
21064.918 - 88 2.657 1
21064.924 - 88 2.633 1
21064.931 - 88 2.611 1
21065.000 # 1500
21066.136 - 88 1.659 1
21066.209 + 88 1
21067.000 # 1500
21067.852 - 88 1.643 1
21068.000 # 1500
21068.417 + 88 1
21069.212 + 88 1
21070.000 # 1500
21071.106 + 88 1
21071.293 - 88 2.876 1
21071.313 - 88 2.101 1
21072.000 # 1500
21073.000 # 1500
21073.266 - 88 2.160 1
21075.000 # 1500
21076.000 # 1500
21079.000 # 1500
21080.000 # 1500
21080.744 + 88 1
21080.782 + 88 1
21080.812 + 88 1
21080.843 + 88 1
21080.873 + 88 1
21081.000 # 1500
21081.185 - 88 0.441 1
21081.204 - 88 0.422 1
21082.730 + 88 1
21083.000 # 1500
21084.000 # 1500
21084.675 + 88 1
21084.726 - 88 3.914 1
21084.750 - 88 3.907 1
21084.764 - 88 3.891 1
21084.778 - 88 2.048 1
21088.000 # 1500
21088.000 # 1500
21089.792 - 88 5.117 1
21094.316 + 88 1
21094.353 + 88 1
21094.496 + 88 1
21094.610 + 88 1
21094.644 + 88 1
21097.000 # 1500
21097.000 # 1500
21097.000 # 1500
21097.000 # 1500
21097.000 # 1500
21098.177 - 88 3.861 1
21098.243 - 88 3.890 1
21098.261 - 88 3.765 1
21098.270 - 88 3.660 1
21098.277 - 88 3.633 1
21099.000 # 1500
21102.000 # 1500
21104.000 # 1500
21104.181 + 88 1
21104.221 + 88 1
21104.251 + 88 1
21104.288 + 88 1
21104.395 + 88 1
21105.000 # 1500
21106.000 # 1500
21106.109 + 88 1
21106.122 - 88 1.941 1
21106.145 - 88 1.924 1
21106.154 - 88 1.903 1
21106.161 - 88 1.873 1
21106.168 - 88 1.773 1
21108.000 # 1500
21108.090 + 88 1
21108.341 - 88 2.232 1
21109.114 + 88 1
21111.000 # 1500
21111.000 # 1500
21111.908 - 88 3.818 1
21111.961 - 88 2.847 1
21112.281 + 88 1
21113.000 # 1500
21114.910 - 88 2.629 1
21120.757 + 88 1
21122.785 + 88 1
21122.892 + 88 1
21122.925 + 88 1
21122.956 + 88 1
21125.000 # 1500
21125.000 # 1500
21125.000 # 1500
21125.000 # 1500
21125.000 # 1500
21125.000 # 1500
21126.000 # 1500
21126.363 - 88 5.606 1
21126.482 - 88 3.697 1
21126.552 - 88 3.660 1
21126.685 - 88 3.760 1
21126.704 - 88 3.748 1
21127.000 # 1500
21129.000 # 1500
21130.000 # 1500
21131.784 + 88 1
21132.361 + 88 1
21132.397 + 88 1
21132.427 + 88 1
21132.457 + 88 1
21134.000 # 1500
21135.473 - 88 3.689 1
21135.569 - 88 3.208 1
21135.600 - 88 3.203 1
21135.609 - 88 3.182 1
21135.618 - 88 3.161 1
21136.000 # 1500
21136.000 # 1500
21138.000 # 1500
21139.000 # 1500
21141.000 # 1500
21142.000 # 1500
21142.285 + 88 1
21142.481 + 88 1
21142.512 + 88 1
21142.542 + 88 1
21142.571 + 88 1
21144.000 # 1500
21144.928 - 88 2.643 1
21145.000 # 1500
21145.048 - 88 2.567 1
21145.117 - 88 2.605 1
21145.141 - 88 2.599 1
21145.157 - 88 2.586 1
21147.000 # 1500
21149.000 # 1500
21151.000 # 1500
21151.000 # 1500
21152.008 + 88 1
21153.885 + 88 1
21153.940 + 88 1
21153.972 + 88 1
21154.001 + 88 1
21154.030 + 88 1
21156.000 # 1500
21156.000 # 1500
21156.642 - 88 4.634 1
21156.772 - 88 2.887 1
21156.849 - 88 2.909 1
21156.877 - 88 2.905 1
21157.000 # 1500
21157.044 - 88 3.043 1
21157.084 - 88 3.054 1
21158.000 # 1500
21161.000 # 1500
21161.000 # 1500
21161.930 + 88 1
21161.966 + 88 1
21161.996 + 88 1
21162.025 + 88 1
21163.000 # 1500
21163.629 - 88 1.699 1
21163.654 - 88 1.688 1
21163.668 - 88 1.672 1
21163.682 - 88 1.657 1
21165.000 # 1500
21166.694 + 88 1
21166.803 + 88 1
21167.000 # 1500
21168.715 + 88 1
21169.040 - 88 2.346 1
21169.060 - 88 2.257 1
21169.732 + 88 1
21171.000 # 1500
21171.000 # 1500
21171.000 # 1500
21172.649 + 88 1
21172.953 - 88 4.238 1
21172.972 - 88 3.240 1
21182.000 # 1500
21182.000 # 1500
21184.000 # 1500
21184.094 - 88 11.445 1
21184.344 + 88 1
21184.453 + 88 1
21184.487 + 88 1
21184.517 + 88 1
21184.547 + 88 1
21185.000 # 1500
21186.000 # 1500
21186.145 - 88 1.801 1
21186.181 + 88 1
21186.241 - 88 1.788 1
21186.319 - 88 1.832 1
21186.332 - 88 1.815 1
21186.340 - 88 1.793 1
21190.000 # 1500
21190.952 - 88 4.771 1
21191.000 # 1500
21192.000 # 1500
21192.000 # 1500
21193.000 # 1500
21194.000 # 1500
21196.000 # 1500
21198.000 # 1500
21198.374 + 88 1
21198.513 + 88 1
21198.563 + 88 1
21199.000 # 1500
21200.850 - 88 2.476 1
21200.968 - 88 2.455 1
21201.000 # 1500
21201.038 - 88 2.475 1
21201.301 + 88 1
21202.153 + 88 1
21202.294 + 88 1
21202.513 + 88 1
21203.983 + 88 1
21207.000 # 1500
21207.000 # 1500
21207.000 # 1500
21208.000 # 1500
21208.704 - 88 7.403 1
21208.809 - 88 6.656 1
21208.884 - 88 6.590 1
21208.907 - 88 6.394 1
21208.922 - 88 4.939 1
21209.000 # 1500
21211.000 # 1500
21211.358 + 88 1
21211.496 + 88 1
21211.546 + 88 1
21211.727 + 88 1
21212.000 # 1500
21213.603 + 88 1
21213.698 - 88 2.340 1
21213.724 - 88 2.228 1
21213.739 - 88 2.193 1
21213.753 - 88 2.026 1
21214.000 # 1500
21215.000 # 1500
21215.593 - 88 1.990 1
21217.000 # 1500
21219.000 # 1500
21220.000 # 1500
21221.626 + 88 1
21221.762 + 88 1
21221.812 + 88 1
21222.000 # 1500
21223.000 # 1500
21223.414 - 88 1.788 1
21223.437 - 88 1.675 1
21223.453 - 88 1.641 1
21223.742 + 88 1
21223.794 + 88 1
21225.000 # 1500
21227.000 # 1500
21227.331 - 88 3.589 1
21227.355 - 88 3.561 1
21228.000 # 1500
21229.000 # 1500
21231.000 # 1500
21232.324 + 88 1
21232.389 + 88 1
21232.436 + 88 1
21232.482 + 88 1
21232.616 + 88 1
21233.000 # 1500
21234.000 # 1500
21234.066 - 88 1.742 1
21234.235 - 88 1.846 1
21234.256 - 88 1.820 1
21234.270 - 88 1.788 1
21234.283 - 88 1.667 1
21236.000 # 1500
21238.000 # 1500
21239.000 # 1500
21241.000 # 1500
21244.000 # 1500
21244.034 + 88 1
21244.175 + 88 1
21244.225 + 88 1
21244.272 + 88 1
21245.000 # 1500
21245.778 - 88 1.744 1
21245.880 - 88 1.705 1
21245.953 - 88 1.728 1
21245.976 - 88 1.704 1
21246.000 # 1500
21249.917 + 88 1
21250.000 # 1500
21250.055 + 88 1
21251.000 # 1500
21251.000 # 1500
21251.665 - 88 1.748 1
21251.815 + 88 1
21251.835 - 88 1.780 1
21251.865 + 88 1
21251.912 + 88 1
21252.502 + 88 1
21253.000 # 1500
21254.691 - 88 2.876 1
21254.711 - 88 2.846 1
21254.726 - 88 2.814 1
21254.739 - 88 2.237 1
21255.000 # 1500
21256.000 # 1500
21258.000 # 1500
21259.000 # 1500
21261.000 # 1500
21263.000 # 1500
21263.506 + 88 1
21263.645 + 88 1
21263.695 + 88 1
21263.742 + 88 1
21264.000 # 1500
21265.303 - 88 1.797 1
21265.330 - 88 1.685 1
21265.344 - 88 1.649 1
21265.357 - 88 1.615 1
21266.000 # 1500
21267.000 # 1500
21269.000 # 1500
21269.365 + 88 1
21271.000 # 1500
21272.000 # 1500
21272.346 + 88 1
21272.573 - 88 3.208 1
21274.000 # 1500
21274.186 + 88 1
21274.320 + 88 1
21274.369 + 88 1
21274.400 - 88 2.054 1
21275.000 # 1500
21276.068 - 88 1.882 1
21276.189 - 88 1.869 1
21276.258 - 88 1.889 1
21277.000 # 1500
21278.000 # 1500
21280.000 # 1500
21282.000 # 1500
21283.000 # 1500
21284.292 + 88 1
21284.428 + 88 1
21284.479 + 88 1
21284.543 + 88 1
21284.591 + 88 1
21286.000 # 1500
21286.844 - 88 2.552 1
21286.963 - 88 2.535 1
21287.000 # 1500
21287.032 - 88 2.553 1
21287.056 - 88 2.513 1
21287.215 - 88 2.624 1
21288.000 # 1500
21291.927 + 88 1
21292.071 + 88 1
21292.122 + 88 1
21292.256 + 88 1
21299.000 # 1500
21299.000 # 1500
21299.000 # 1500
21299.000 # 1500
21299.000 # 1500
21299.000 # 1500
21300.460 - 88 8.533 1
21300.583 - 88 8.512 1
21300.653 - 88 8.531 1
21300.677 - 88 8.421 1
21301.644 + 88 1
21301.783 + 88 1
21301.833 + 88 1
21301.967 + 88 1
21302.000 # 1500
21302.264 + 88 1
21302.319 - 88 0.675 1
21302.330 + 88 1
21302.344 - 88 0.561 1
21302.358 - 88 0.525 1
21307.000 # 1500
21307.000 # 1500
21307.593 - 88 5.626 1
21307.618 - 88 5.354 1
21307.697 - 88 5.367 1
21308.000 # 1500
21309.000 # 1500
21310.000 # 1500
21310.500 + 88 1
21312.000 # 1500
21312.480 + 88 1
21312.614 + 88 1
21312.664 + 88 1
21312.688 - 88 2.188 1
21312.711 + 88 1
21314.000 # 1500
21315.278 - 88 2.798 1
21315.303 - 88 2.689 1
21315.318 - 88 2.654 1
21315.332 - 88 2.621 1
21316.000 # 1500
21317.000 # 1500
21321.000 # 1500
21321.000 # 1500
21322.000 # 1500
21324.000 # 1500
21324.564 + 88 1
21324.622 + 88 1
21324.756 + 88 1
21324.806 + 88 1
21324.937 + 88 1
21325.000 # 1500
21325.066 + 88 1
21325.080 - 88 0.516 1
21325.109 - 88 0.487 1
21325.424 - 88 0.668 1
21325.451 - 88 0.645 1
21326.000 # 1500
21327.524 - 88 2.587 1
21327.542 - 88 2.476 1
21329.000 # 1500
21330.000 # 1500
21331.000 # 1500
21332.055 + 88 1
21332.199 + 88 1
21332.286 + 88 1
21332.333 + 88 1
21332.379 + 88 1
21333.000 # 1500
21333.779 - 88 1.724 1
21333.807 - 88 1.608 1
21333.822 - 88 1.536 1
21333.835 - 88 1.502 1
21333.848 - 88 1.469 1
21337.000 # 1500
21337.000 # 1500
21338.000 # 1500
21341.000 # 1500
21341.000 # 1500
21342.574 + 88 1
21342.711 + 88 1
21342.761 + 88 1
21342.808 + 88 1
21342.946 + 88 1
21343.000 # 1500
21343.083 + 88 1
21343.101 - 88 0.527 1
21343.129 - 88 0.418 1
21343.144 - 88 0.383 1
21343.157 - 88 0.349 1
21345.000 # 1500
21346.000 # 1500
21346.209 - 88 3.263 1
21346.233 - 88 3.150 1
21348.000 # 1500
21349.000 # 1500
21351.258 + 88 1
21351.391 + 88 1
21351.440 + 88 1
21352.000 # 1500
21353.000 # 1500
21353.071 - 88 1.813 1
21353.092 - 88 1.701 1
21353.106 - 88 1.666 1
21353.255 + 88 1
21354.000 # 1500
21355.049 - 88 1.794 1
21356.000 # 1500
21358.000 # 1500
21359.000 # 1500
21360.000 # 1500
21361.462 + 88 1
21361.518 + 88 1
21361.565 + 88 1
21361.612 + 88 1
21362.000 # 1500
21363.323 - 88 1.861 1
21363.375 - 88 1.857 1
21363.392 - 88 1.827 1
21363.521 - 88 1.909 1
21364.000 # 1500
21365.000 # 1500
21366.000 # 1500
21367.423 + 88 1
21367.479 + 88 1
21369.000 # 1500
21370.000 # 1500
21370.102 - 88 2.679 1
21370.270 - 88 2.791 1
21372.318 + 88 1
21372.452 + 88 1
21372.501 + 88 1
21372.633 + 88 1
21374.000 # 1500
21374.978 - 88 2.660 1
21375.000 # 1500
21375.000 # 1500
21375.078 - 88 2.626 1
21375.152 - 88 2.651 1
21375.175 - 88 2.542 1
21377.000 # 1500
21378.000 # 1500
21382.045 + 88 1
21382.178 + 88 1
21382.227 + 88 1
21382.274 + 88 1
21382.337 + 88 1
21389.000 # 1500
21389.000 # 1500
21389.000 # 1500
21389.000 # 1500
21389.000 # 1500
21389.881 - 88 7.836 1
21389.999 - 88 7.821 1
21390.020 - 88 7.793 1
21390.035 - 88 7.761 1
21390.049 - 88 7.712 1
21392.012 + 88 1
21392.151 + 88 1
21392.201 + 88 1
21392.333 + 88 1
21392.487 + 88 1
21399.000 # 1500
21399.000 # 1500
21399.000 # 1500
21400.346 - 88 8.334 1
21400.463 - 88 8.312 1
21400.552 - 88 8.351 1
21400.577 - 88 8.244 1
21400.592 - 88 8.105 1
21401.000 # 1500
21401.701 + 88 1
21401.835 + 88 1
21403.499 + 88 1
21403.669 + 88 1
21404.000 # 1500
21404.163 + 88 1
21404.216 + 88 1
21404.373 - 88 2.672 1
21404.398 - 88 2.563 1
21404.412 - 88 0.913 1
21406.000 # 1500
21406.859 - 88 3.190 1
21406.882 - 88 2.719 1
21406.896 - 88 2.680 1
21408.000 # 1500
21410.000 # 1500
21410.000 # 1500
21411.000 # 1500
21412.000 # 1500
21412.466 + 88 1
21412.601 + 88 1
21412.650 + 88 1
21412.781 + 88 1
21412.924 + 88 1
21416.000 # 1500
21417.000 # 1500
21418.000 # 1500
21418.069 - 88 5.603 1
21418.113 - 88 5.512 1
21418.300 - 88 5.650 1
21418.325 - 88 5.544 1
21418.341 - 88 5.417 1
21421.000 # 1500
21421.000 # 1500
21421.991 + 88 1
21422.136 + 88 1
21422.187 + 88 1
21422.348 + 88 1
21422.482 + 88 1
21422.625 + 88 1
21423.000 # 1500
21424.000 # 1500
21424.926 - 88 2.935 1
21425.107 - 88 2.971 1
21425.139 - 88 2.952 1
21425.157 - 88 2.809 1
21425.171 - 88 2.689 1
21425.193 - 88 2.568 1
21426.000 # 1500
21427.000 # 1500
21429.000 # 1500
21431.000 # 1500
21432.000 # 1500
21433.037 + 88 1
21433.180 + 88 1
21433.231 + 88 1
21433.385 + 88 1
21433.456 + 88 1
21437.000 # 1500
21437.000 # 1500
21438.000 # 1500
21438.000 # 1500
21438.467 - 88 5.430 1
21438.587 - 88 5.407 1
21438.657 - 88 5.426 1
21438.681 - 88 5.296 1
21438.808 - 88 5.352 1
21440.000 # 1500
21442.000 # 1500
21443.000 # 1500
21443.349 + 88 1
21443.407 + 88 1
21443.456 + 88 1
21443.503 + 88 1
21443.550 + 88 1
21444.013 + 88 1
21445.661 + 88 1
21446.000 # 1500
21446.000 # 1500
21447.380 + 88 1
21447.556 - 88 4.207 1
21447.648 - 88 4.241 1
21447.678 - 88 4.222 1
21447.686 - 88 4.183 1
21447.692 - 88 4.142 1
21447.699 - 88 3.686 1
21447.705 - 88 2.044 1
21449.472 + 88 1
21450.370 + 88 1
21459.995 + 88 1
21461.000 # 1500
21462.000 # 1500
21462.000 # 1500
21462.079 + 88 1
21462.136 + 88 1
21462.189 + 88 1
21462.244 - 88 14.864 1
21462.280 - 88 12.808 1
21462.457 - 88 12.087 1
21462.476 - 88 2.481 1
21462.494 + 88 1
21462.623 + 88 1
21462.729 + 88 1
21463.000 # 1500
21463.000 # 1500
21463.000 # 1500
21464.000 # 1500
21464.864 - 88 2.785 1
21464.894 - 88 2.758 1
21464.909 - 88 2.720 1
21464.923 - 88 2.429 1
21464.936 - 88 2.313 1
21464.949 - 88 2.220 1
21465.000 # 1500
21466.000 # 1500
21470.000 # 1500
21472.000 # 1500
21472.679 + 88 1
21472.813 + 88 1
21472.864 + 88 1
21472.911 + 88 1
21473.000 # 1500
21473.461 - 88 0.782 1
21473.487 - 88 0.674 1
21473.501 - 88 0.637 1
21474.000 # 1500
21475.000 # 1500
21475.179 - 88 2.268 1
21478.000 # 1500
21479.000 # 1500
21480.000 # 1500
21482.000 # 1500
21483.000 # 1500
21484.232 + 88 1
21484.368 + 88 1
21484.419 + 88 1
21484.467 + 88 1
21484.515 + 88 1
21484.563 + 88 1
21484.609 + 88 1
21484.656 + 88 1
21485.000 # 1500
21486.001 - 88 1.769 1
21486.023 - 88 1.655 1
21486.031 - 88 1.612 1
21486.038 - 88 1.571 1
21486.045 - 88 1.530 1
21486.051 - 88 1.488 1
21486.312 - 88 1.703 1
21486.338 - 88 1.682 1
21486.618 + 88 1
21487.000 # 1500
21487.000 # 1500
21488.438 + 88 1
21488.571 - 88 1.953 1
21490.320 + 88 1
21491.000 # 1500
21492.287 - 88 3.849 1
21492.300 - 88 1.980 1
21492.549 + 88 1
21493.000 # 1500
21494.000 # 1500
21494.129 - 88 1.580 1
21495.000 # 1500
21497.000 # 1500
21498.000 # 1500
21499.000 # 1500
21502.000 # 1500
21502.000 # 1500
21502.230 + 88 1
21502.373 + 88 1
21502.423 + 88 1
21502.471 + 88 1
21502.518 + 88 1
21502.564 + 88 1
21504.000 # 1500
21504.915 - 88 2.685 1
21505.000 # 1500
21505.190 - 88 2.817 1
21505.218 - 88 2.795 1
21505.226 - 88 2.755 1
21505.232 - 88 2.714 1
21505.239 - 88 2.675 1
21506.000 # 1500
21507.000 # 1500
21509.000 # 1500
21511.000 # 1500
21512.000 # 1500
21512.419 + 88 1
21512.721 + 88 1
21512.755 + 88 1
21514.000 # 1500
21515.000 # 1500
21515.792 - 88 3.373 1
21515.814 - 88 3.093 1
21515.821 - 88 3.066 1
21517.000 # 1500
21517.698 + 88 1
21518.000 # 1500
21519.804 + 88 1
21519.991 - 88 2.293 1
21520.000 # 1500
21521.539 - 88 1.735 1
21522.000 # 1500
21522.814 + 88 1
21523.000 # 1500
21524.854 - 88 2.040 1
21525.000 # 1500
21525.191 + 88 1
21525.302 + 88 1
21525.336 + 88 1
21527.000 # 1500
21528.000 # 1500
21528.430 - 88 3.239 1
21528.450 - 88 3.148 1
21528.458 - 88 3.122 1
21529.000 # 1500
21531.000 # 1500
21532.000 # 1500
21536.124 + 88 1
21536.232 + 88 1
21536.267 + 88 1
21536.298 + 88 1
21536.328 + 88 1
21542.000 # 1500
21542.000 # 1500
21542.000 # 1500
21542.000 # 1500
21542.000 # 1500
21542.000 # 1500
21542.116 + 88 1
21542.224 + 88 1
21542.542 - 88 6.418 1
21542.631 - 88 6.399 1
21542.708 - 88 6.441 1
21542.720 - 88 6.422 1
21542.746 - 88 6.418 1
21543.000 # 1500
21543.008 + 88 1
21543.115 + 88 1
21543.148 + 88 1
21543.375 - 88 1.259 1
21543.393 - 88 1.169 1
21544.000 # 1500
21544.245 + 88 1
21544.355 + 88 1
21544.618 - 88 1.610 1
21544.637 - 88 1.522 1
21544.646 - 88 1.498 1
21546.000 # 1500
21546.182 + 88 1
21546.716 - 88 2.471 1
21546.735 - 88 2.380 1
21547.000 # 1500
21548.000 # 1500
21548.326 - 88 2.144 1
21548.529 + 88 1
21549.442 + 88 1
21551.093 + 88 1
21553.138 + 88 1
21559.000 # 1500
21559.000 # 1500
21559.000 # 1500
21560.000 # 1500
21561.743 - 88 13.214 1
21561.762 - 88 12.320 1
21561.769 - 88 10.676 1
21561.776 - 88 8.638 1
21561.995 + 88 1
21562.000 # 1500
21562.104 + 88 1
21562.137 + 88 1
21563.420 + 88 1
21565.000 # 1500
21566.000 # 1500
21566.245 - 88 4.250 1
21566.274 - 88 4.170 1
21566.281 - 88 4.144 1
21566.288 - 88 2.868 1
21568.342 + 88 1
21568.467 + 88 1
21571.000 # 1500
21572.146 - 88 3.804 1
21572.166 - 88 3.699 1
21572.444 + 88 1
21572.559 + 88 1
21572.593 + 88 1
21572.624 + 88 1
21575.000 # 1500
21575.000 # 1500
21575.000 # 1500
21575.000 # 1500
21576.000 # 1500
21576.608 - 88 4.164 1
21576.625 - 88 4.066 1
21576.633 - 88 4.040 1
21576.640 - 88 4.016 1
21579.000 # 1500
21579.000 # 1500
21582.000 # 1500
21582.604 + 88 1
21582.713 + 88 1
21582.746 + 88 1
21582.777 + 88 1
21582.807 + 88 1
21582.851 + 88 1
21585.579 + 88 1
21585.690 + 88 1
21587.000 # 1500
21587.000 # 1500
21587.539 + 88 1
21587.966 - 88 5.362 1
21588.000 # 1500
21588.521 - 88 5.808 1
21588.550 - 88 5.804 1
21588.558 - 88 5.781 1
21588.565 - 88 5.758 1
21588.572 - 88 5.721 1
21588.579 - 88 3.000 1
21588.585 - 88 2.895 1
21588.591 - 88 1.052 1
21590.385 + 88 1
21590.717 + 88 1
21592.673 + 88 1
21598.000 # 1500
21599.000 # 1500
21599.555 - 88 9.170 1
21599.577 - 88 8.860 1
21599.591 - 88 6.918 1
21601.351 + 88 1
21601.494 + 88 1
21601.533 + 88 1
21603.505 + 88 1
21603.623 + 88 1
21606.000 # 1500
21606.746 - 88 5.395 1
21606.777 - 88 5.283 1
21606.793 - 88 5.260 1
21606.807 - 88 3.302 1
21606.820 - 88 3.197 1
21610.000 # 1500
21610.000 # 1500
21613.000 # 1500
21613.890 + 88 1
21613.937 + 88 1
21613.967 + 88 1
21613.997 + 88 1
21614.026 + 88 1
21618.000 # 1500
21618.502 - 88 4.612 1
21618.592 - 88 4.655 1
21618.956 - 88 4.989 1
21618.978 - 88 4.981 1
21618.987 - 88 4.961 1
21619.269 + 88 1
21621.000 # 1500
21621.946 - 88 2.677 1
21622.100 + 88 1
21622.170 + 88 1
21624.854 + 88 1
21624.898 + 88 1
21624.928 + 88 1
21624.958 + 88 1
21626.000 # 1500
21626.736 - 88 4.636 1
21626.809 - 88 4.639 1
21626.827 - 88 1.973 1
21626.836 - 88 1.938 1
21626.843 - 88 1.915 1
21626.849 - 88 1.891 1
21627.076 + 88 1
21628.129 + 88 1
21629.000 # 1500
21629.680 - 88 2.604 1
21629.701 - 88 1.572 1
21631.368 + 88 1
21631.411 + 88 1
21634.000 # 1500
21635.465 - 88 4.097 1
21635.489 - 88 4.078 1
21636.000 # 1500
21641.000 # 1500
21641.212 + 88 1
21641.250 + 88 1
21641.280 + 88 1
21641.310 + 88 1
21643.037 + 88 1
21643.191 + 88 1
21645.000 # 1500
21646.960 - 88 5.748 1
21647.067 - 88 5.817 1
21647.105 - 88 5.825 1
21647.115 - 88 5.805 1
21647.124 - 88 4.087 1
21647.130 - 88 3.939 1
21648.000 # 1500
21651.631 + 88 1
21652.000 # 1500
21652.069 + 88 1
21652.335 + 88 1
21652.411 + 88 1
21652.444 - 88 0.813 1
21652.486 + 88 1
21652.623 + 88 1
21655.000 # 1500
21656.642 - 88 4.573 1
21656.656 - 88 4.321 1
21656.667 - 88 4.256 1
21656.675 - 88 4.189 1
21656.682 - 88 4.059 1
21660.000 # 1500
21661.768 + 88 1
21661.905 + 88 1
21662.236 + 88 1
21662.640 + 88 1
21662.774 + 88 1
21662.823 + 88 1
21664.000 # 1500
21664.528 - 88 2.760 1
21664.552 - 88 2.647 1
21664.560 - 88 2.324 1
21664.567 - 88 1.927 1
21664.573 - 88 1.799 1
21664.580 - 88 1.757 1
21668.000 # 1500
21671.601 + 88 1
21671.736 + 88 1
21672.056 + 88 1
21672.497 + 88 1
21672.639 + 88 1
21672.689 + 88 1
21673.000 # 1500
21674.354 - 88 2.753 1
21674.388 - 88 2.652 1
21674.396 - 88 2.340 1
21674.403 - 88 1.906 1
21674.409 - 88 1.770 1
21674.416 - 88 1.727 1
21678.000 # 1500
21682.000 # 1500
21686.000 # 1500
21686.163 + 88 1
21686.298 + 88 1
21686.348 + 88 1
21688.075 + 88 1
21691.000 # 1500
21692.007 + 88 1
21692.079 + 88 1
21692.091 - 88 5.928 1
21692.126 - 88 5.828 1
21692.129 + 88 1
21692.197 - 88 5.849 1
21692.211 - 88 4.136 1
21692.351 + 88 1
21692.401 + 88 1
21694.000 # 1500
21694.933 - 88 2.926 1
21694.949 - 88 2.870 1
21694.958 - 88 2.829 1
21694.964 - 88 2.613 1
21694.971 - 88 2.570 1
21698.000 # 1500
21702.000 # 1500
21703.469 + 88 1
21703.931 + 88 1
21703.988 + 88 1
21704.053 + 88 1
21704.215 + 88 1
21704.267 + 88 1
21710.000 # 1500
21710.000 # 1500
21710.880 - 88 7.411 1
21711.015 - 88 7.084 1
21711.094 - 88 7.106 1
21711.107 - 88 7.054 1
21711.116 - 88 6.901 1
21711.123 - 88 6.856 1
21711.332 + 88 1
21711.477 + 88 1
21712.000 # 1500
21713.239 - 88 1.907 1
21713.259 - 88 1.782 1
21714.000 # 1500
21714.529 + 88 1
21714.814 + 88 1
21715.000 # 1500
21715.119 + 88 1
21715.258 + 88 1
21715.440 - 88 0.911 1
21715.459 - 88 0.645 1
21717.000 # 1500
21718.193 - 88 3.074 1
21718.214 - 88 2.956 1
21719.000 # 1500
21721.462 + 88 1
21722.000 # 1500
21723.244 + 88 1
21723.271 - 88 1.809 1
21723.383 + 88 1
21723.432 + 88 1
21723.480 + 88 1
21723.642 + 88 1
21724.000 # 1500
21725.000 # 1500
21725.303 - 88 2.059 1
21725.322 - 88 1.939 1
21725.330 - 88 1.898 1
21725.337 - 88 1.857 1
21725.343 - 88 1.701 1
21728.000 # 1500
21731.000 # 1500
21732.064 + 88 1
21732.204 + 88 1
21733.000 # 1500
21734.965 - 88 2.901 1
21734.995 - 88 2.791 1
21735.167 + 88 1
21735.224 + 88 1
21735.487 + 88 1
21736.000 # 1500
21736.917 + 88 1
21737.288 - 88 2.121 1
21737.309 - 88 2.085 1
21737.316 - 88 1.829 1
21738.000 # 1500
21739.906 - 88 2.989 1
21741.000 # 1500
21741.671 + 88 1
21741.805 + 88 1
21742.487 + 88 1
21742.538 + 88 1
21742.586 + 88 1
21743.000 # 1500
21744.076 - 88 2.405 1
21744.098 - 88 2.293 1
21744.106 - 88 1.619 1
21744.113 - 88 1.575 1
21744.119 - 88 1.533 1
21746.000 # 1500
21748.000 # 1500
21750.533 + 88 1
21751.514 + 88 1
21752.000 # 1500
21753.412 - 88 2.879 1
21753.431 - 88 1.917 1
21753.458 + 88 1
21753.596 + 88 1
21753.646 + 88 1
21753.822 + 88 1
21754.000 # 1500
21754.191 - 88 0.733 1
21754.211 - 88 0.615 1
21754.219 - 88 0.573 1
21754.226 - 88 0.404 1
21756.000 # 1500
21761.358 + 88 1
21761.493 + 88 1
21761.665 + 88 1
21762.000 # 1500
21762.000 # 1500
21763.086 + 88 1
21763.318 - 88 1.960 1
21763.338 - 88 1.845 1
21763.346 - 88 1.681 1
21766.000 # 1500
21767.000 # 1500
21767.249 - 88 4.163 1
21767.983 + 88 1
21770.000 # 1500
21770.835 - 88 2.852 1
21772.000 # 1500
21772.911 + 88 1
21773.022 + 88 1
21773.064 + 88 1
21775.000 # 1500
21776.790 - 88 3.879 1
21776.831 - 88 3.809 1
21776.848 - 88 3.784 1
21777.000 # 1500
21778.072 + 88 1
21779.000 # 1500
21779.565 - 88 1.493 1
21782.000 # 1500
21785.701 + 88 1
21788.621 + 88 1
21788.728 + 88 1
21788.761 + 88 1
21788.791 + 88 1
21788.821 + 88 1
21790.525 + 88 1
21792.446 + 88 1
21794.483 + 88 1
21796.331 + 88 1
21796.437 + 88 1
21798.289 + 88 1
21800.327 + 88 1
21802.258 + 88 1
21802.371 + 88 1
21805.356 + 88 1
21807.152 + 88 1
21819.000 # 1500
21819.000 # 1500
21819.000 # 1500
21820.000 # 1500
21820.000 # 1500
21820.000 # 1500
21820.000 # 1500
21820.000 # 1500
21820.000 # 1500
21820.164 - 88 34.463 1
21820.208 - 88 31.587 1
21820.224 - 88 31.496 1
21820.232 - 88 31.471 1
21820.238 - 88 31.447 1
21820.245 - 88 31.424 1
21820.251 - 88 29.726 1
21820.258 - 88 27.812 1
21820.264 - 88 25.781 1
21820.270 - 88 23.939 1
21820.276 - 88 23.839 1
21820.284 - 88 21.995 1
21820.290 - 88 19.963 1
21820.296 - 88 18.038 1
21820.302 - 88 17.931 1
21820.309 - 88 14.953 1
21820.315 - 88 13.163 1
21821.000 # 1500
21821.000 # 1500
21821.000 # 1500
21821.000 # 1500
21821.000 # 1500
21821.000 # 1500
21821.870 + 88 1
21822.668 + 88 1
21823.000 # 1500
21824.776 + 88 1
21825.000 # 1500
21825.009 - 88 3.139 1
21825.028 - 88 2.360 1
21826.683 - 88 1.907 1
21826.964 + 88 1
21828.000 # 1500
21828.431 - 88 1.467 1
21829.045 + 88 1
21830.692 + 88 1
21830.811 + 88 1
21831.000 # 1500
21832.000 # 1500
21832.490 - 88 3.445 1
21832.511 - 88 1.819 1
21832.520 - 88 1.709 1
21833.105 + 88 1
21834.000 # 1500
21834.722 - 88 1.617 1
21834.860 + 88 1
21834.968 + 88 1
21836.000 # 1500
21836.442 - 88 1.582 1
21836.463 - 88 1.495 1
21837.220 + 88 1
21837.328 + 88 1
21838.000 # 1500
21839.336 - 88 2.116 1
21839.356 - 88 2.028 1
21839.470 + 88 1
21840.000 # 1500
21840.773 + 88 1
21841.133 - 88 1.663 1
21843.596 + 88 1
21843.705 + 88 1
21844.000 # 1500
21844.096 - 88 3.323 1
21844.138 - 88 0.542 1
21845.000 # 1500
21846.060 - 88 2.355 1
21846.205 + 88 1
21846.430 + 88 1
21847.000 # 1500
21847.929 - 88 1.724 1
21847.960 - 88 1.530 1
21849.000 # 1500
21850.079 + 88 1
21850.187 + 88 1
21851.346 + 88 1
21853.000 # 1500
21853.177 + 88 1
21853.446 - 88 3.367 1
21853.472 - 88 3.285 1
21853.487 - 88 2.141 1
21855.000 # 1500
21856.004 + 88 1
21856.113 + 88 1
21856.553 - 88 3.376 1
21857.000 # 1500
21857.961 - 88 1.957 1
21857.983 - 88 1.870 1
21858.289 + 88 1
21858.395 + 88 1
21859.958 + 88 1
21860.000 # 1500
21860.233 - 88 1.944 1
21860.259 - 88 1.864 1
21862.000 # 1500
21862.877 + 88 1
21862.984 + 88 1
21863.198 - 88 3.240 1
21865.000 # 1500
21865.412 + 88 1
21865.449 + 88 1
21865.561 - 88 2.684 1
21865.581 - 88 2.597 1
21866.000 # 1500
21867.209 - 88 1.797 1
21867.228 - 88 1.779 1
21867.596 + 88 1
21869.000 # 1500
21869.788 - 88 2.192 1
21869.970 + 88 1
21870.000 # 1500
21870.774 + 88 1
21872.915 + 88 1
21874.831 + 88 1
21876.227 + 88 1
21876.347 + 88 1
21877.650 + 88 1
21879.637 + 88 1
21883.000 # 1500
21883.000 # 1500
21883.000 # 1500
21883.000 # 1500
21883.000 # 1500
21883.000 # 1500
21883.438 - 88 13.468 1
21883.452 - 88 12.678 1
21883.459 - 88 10.544 1
21883.465 - 88 8.634 1
21883.472 - 88 7.245 1
21883.478 - 88 7.131 1
21883.484 - 88 5.834 1
21883.490 - 88 3.853 1
21884.000 # 1500
21886.722 + 88 1
21886.830 + 88 1
21886.864 + 88 1
21886.894 + 88 1
21886.924 + 88 1
21887.000 # 1500
21887.061 - 88 0.339 1
21887.082 - 88 0.252 1
21887.090 - 88 0.226 1
21887.096 - 88 0.202 1
21888.717 + 88 1
21890.000 # 1500
21890.431 + 88 1
21890.681 - 88 3.757 1
21890.699 - 88 1.982 1
21891.000 # 1500
21891.365 + 88 1
21891.806 - 88 1.375 1
21892.565 + 88 1
21893.000 # 1500
21894.000 # 1500
21894.132 - 88 2.767 1
21894.143 - 88 1.578 1
21896.000 # 1500
21898.000 # 1500
21900.000 # 1500
21902.000 # 1500
21903.080 + 88 1
21903.119 + 88 1
21903.150 + 88 1
21904.000 # 1500
21904.944 - 88 1.864 1
21904.973 - 88 1.854 1
21904.980 - 88 1.830 1
21908.000 # 1500
21908.000 # 1500
21908.111 + 88 1
21908.214 + 88 1
21908.248 + 88 1
21908.279 + 88 1
21910.000 # 1500
21911.000 # 1500
21912.383 - 88 4.272 1
21912.455 - 88 4.241 1
21912.463 - 88 4.215 1
21912.470 - 88 4.191 1
21913.000 # 1500
21916.000 # 1500
21916.000 # 1500
21918.000 # 1500
21918.350 + 88 1
21918.463 + 88 1
21918.497 + 88 1
21918.528 + 88 1
21918.558 + 88 1
21918.589 + 88 1
21920.173 + 88 1
21921.000 # 1500
21922.000 # 1500
21922.566 - 88 4.216 1
21922.800 - 88 4.337 1
21922.818 - 88 4.321 1
21922.827 - 88 4.299 1
21922.834 - 88 4.276 1
21922.840 - 88 4.251 1
21922.847 - 88 2.674 1
21922.869 + 88 1
21922.976 + 88 1
21925.000 # 1500
21925.466 + 88 1
21925.532 - 88 2.663 1
21925.559 - 88 2.583 1
21926.000 # 1500
21927.443 - 88 1.977 1
21928.000 # 1500
21928.009 + 88 1
21928.147 + 88 1
21929.000 # 1500
21929.829 - 88 1.820 1
21929.851 - 88 1.704 1
21930.014 + 88 1
21931.000 # 1500
21931.037 + 88 1
21931.490 - 88 1.476 1
21934.000 # 1500
21934.321 + 88 1
21934.433 + 88 1
21934.857 - 88 3.820 1
21935.000 # 1500
21936.334 + 88 1
21936.422 - 88 2.101 1
21936.441 - 88 2.008 1
21937.000 # 1500
21937.488 + 88 1
21938.000 # 1500
21938.022 - 88 1.688 1
21939.293 - 88 1.805 1
21939.380 + 88 1
21940.000 # 1500
21940.445 + 88 1
21940.868 - 88 1.488 1
21942.851 + 88 1
21943.482 + 88 1
21955.144 + 88 1
21955.436 + 88 1
21955.505 + 88 1
21955.640 + 88 1
21955.769 + 88 1
21956.104 + 88 1
21956.155 + 88 1
21958.555 + 88 1
21960.534 + 88 1
21960.680 + 88 1
21962.487 + 88 1
21964.391 + 88 1
21966.554 + 88 1
21976.000 # 1500
21976.000 # 1500
21976.000 # 1500
21977.000 # 1500
21977.000 # 1500
21977.000 # 1500
21977.000 # 1500
21977.000 # 1500
21978.000 # 1500
21978.000 # 1500
21978.000 # 1500
21978.000 # 1500
21978.000 # 1500
21978.563 - 88 38.118 1
21978.605 - 88 35.754 1
21978.640 + 88 1
21978.683 + 88 1
21978.689 - 88 35.207 1
21978.702 - 88 23.558 1
21978.711 - 88 23.275 1
21978.715 + 88 1
21978.717 - 88 23.212 1
21978.724 - 88 23.084 1
21978.731 - 88 22.962 1
21978.738 - 88 22.634 1
21978.744 - 88 22.589 1
21978.746 + 88 1
21978.751 - 88 20.196 1
21978.757 - 88 18.223 1
21978.764 - 88 18.084 1
21978.771 - 88 16.284 1
21978.776 + 88 1
21978.777 - 88 14.386 1
21978.784 - 88 12.230 1
21978.807 + 88 1
21978.837 + 88 1
21979.000 # 1500
21979.953 + 88 1
21980.000 # 1500
21980.000 # 1500
21980.000 # 1500
21980.000 # 1500
21980.404 - 88 1.764 1
21980.424 - 88 1.741 1
21980.432 - 88 1.717 1
21980.439 - 88 1.693 1
21980.445 - 88 1.669 1
21980.452 - 88 1.645 1
21980.458 - 88 1.621 1
21981.000 # 1500
21981.000 # 1500
21981.000 # 1500
21981.529 + 88 1
21981.899 - 88 1.946 1
21984.000 # 1500
21984.538 + 88 1
21985.000 # 1500
21985.093 - 88 3.564 1
21985.653 + 88 1
21985.703 + 88 1
21986.314 - 88 1.776 1
21986.777 + 88 1
21988.197 + 88 1
21989.545 + 88 1
21990.000 # 1500
21990.000 # 1500
21990.000 # 1500
21991.000 # 1500
21991.317 + 88 1
21991.936 - 88 6.283 1
21991.970 - 88 6.267 1
21991.978 - 88 5.201 1
21991.985 - 88 3.788 1
21991.991 - 88 2.446 1
21992.352 + 88 1
21994.000 # 1500
21994.999 - 88 3.682 1
21995.017 - 88 2.665 1
21995.471 + 88 1
21995.511 + 88 1
21996.000 # 1500
21997.172 - 88 1.701 1
21997.192 - 88 1.681 1
21997.425 + 88 1
21998.000 # 1500
21998.980 - 88 1.555 1
21999.087 + 88 1
21999.236 + 88 1
22001.000 # 1500
22001.000 # 1500
22002.191 + 88 1
22002.358 - 88 3.271 1
22002.378 - 88 3.142 1
22003.000 # 1500
22004.293 - 88 2.102 1
22005.000 # 1500
22007.000 # 1500
22010.932 + 88 1
22010.973 + 88 1
22011.004 + 88 1
22012.000 # 1500
22012.000 # 1500
22012.588 - 88 1.656 1
22012.609 - 88 1.636 1
22012.617 - 88 1.613 1
22013.000 # 1500
22014.000 # 1500
22016.000 # 1500
22016.808 + 88 1
22016.848 + 88 1
22016.878 + 88 1
22018.000 # 1500
22020.000 # 1500
22020.413 - 88 3.605 1
22020.433 - 88 3.585 1
22020.441 - 88 3.563 1
22024.000 # 1500
22024.000 # 1500
22025.000 # 1500
22025.628 + 88 1
22025.669 + 88 1
22025.700 + 88 1
22027.000 # 1500
22028.697 - 88 3.069 1
22028.718 - 88 3.049 1
22028.733 - 88 3.033 1
22029.000 # 1500
22030.000 # 1500
22030.299 + 88 1
22031.300 + 88 1
22031.340 + 88 1
22034.000 # 1500
22034.000 # 1500
22035.000 # 1500
22035.161 - 88 4.862 1
22035.180 - 88 3.880 1
22035.188 - 88 3.848 1
22036.000 # 1500
22036.538 + 88 1
22036.572 + 88 1
22036.602 + 88 1
22037.488 + 88 1
22039.207 + 88 1
22041.059 + 88 1
22042.984 + 88 1
22043.341 + 88 1
22045.043 + 88 1
22046.826 + 88 1
22047.000 # 1500
22047.000 # 1500
22047.000 # 1500
22047.000 # 1500
22047.000 # 1500
22047.000 # 1500
22047.000 # 1500
22047.253 - 88 10.715 1
22047.280 - 88 10.708 1
22047.294 - 88 10.692 1
22047.308 - 88 9.820 1
22047.322 - 88 8.115 1
22047.335 - 88 6.276 1
22047.348 - 88 4.364 1
22047.361 - 88 4.020 1
22047.375 - 88 2.332 1
22048.637 + 88 1
22049.000 # 1500
22050.000 # 1500
22050.613 - 88 3.787 1
22050.634 - 88 1.997 1
22050.899 + 88 1
22052.000 # 1500
22052.409 + 88 1
22052.548 + 88 1
22052.627 - 88 1.728 1
22055.000 # 1500
22055.000 # 1500
22055.958 - 88 3.549 1
22055.986 - 88 3.438 1
22056.000 # 1500
22058.000 # 1500
22059.000 # 1500
22061.000 # 1500
22061.620 + 88 1
22062.000 # 1500
22062.236 + 88 1
22062.441 + 88 1
22062.463 - 88 0.843 1
22062.518 + 88 1
22062.592 + 88 1
22062.666 + 88 1
22063.421 + 88 1
22064.000 # 1500
22064.327 + 88 1
22064.520 - 88 2.284 1
22064.539 - 88 2.098 1
22064.546 - 88 2.028 1
22064.553 - 88 1.961 1
22064.561 - 88 1.895 1
22064.568 - 88 1.147 1
22065.000 # 1500
22065.722 - 88 1.395 1
22067.000 # 1500
22067.173 + 88 1
22069.000 # 1500
22070.250 + 88 1
22070.347 - 88 3.174 1
22070.449 + 88 1
22071.000 # 1500
22072.392 + 88 1
22072.555 - 88 2.305 1
22072.573 - 88 2.124 1
22072.592 + 88 1
22074.908 + 88 1
22085.702 + 88 1
22085.801 + 88 1
22085.876 + 88 1
22085.950 + 88 1
22090.599 + 88 1
22090.696 + 88 1
22090.770 + 88 1
22092.527 + 88 1
22092.720 + 88 1
22092.889 + 88 1
22093.000 # 1500
22093.088 + 88 1
22093.369 - 88 20.977 1
22093.467 - 88 20.875 1
22093.546 - 88 18.638 1
22093.558 - 88 7.856 1
22093.566 - 88 7.765 1
22093.573 - 88 7.697 1
22093.581 - 88 7.631 1
22093.587 - 88 2.988 1
22093.593 - 88 2.897 1
22093.600 - 88 2.830 1
22093.606 - 88 1.079 1
22093.612 - 88 0.892 1
22093.619 - 88 0.730 1
22094.000 # 1500
22094.000 # 1500
22094.000 # 1500
22094.000 # 1500
22094.000 # 1500
22094.000 # 1500
22094.000 # 1500
22094.000 # 1500
22094.000 # 1500
22095.008 + 88 1
22095.188 - 88 2.100 1
22095.658 + 88 1
22096.000 # 1500
22097.118 - 88 2.110 1
22097.136 - 88 1.478 1
22098.000 # 1500
22098.593 + 88 1
22098.633 + 88 1
22100.510 + 88 1
22102.000 # 1500
22102.000 # 1500
22102.569 + 88 1
22102.967 - 88 4.374 1
22102.987 - 88 4.354 1
22102.994 - 88 2.484 1
22103.000 # 1500
22104.232 - 88 1.663 1
22104.335 + 88 1
22104.472 + 88 1
22105.000 # 1500
22105.930 - 88 1.595 1
22105.947 - 88 1.475 1
22107.000 # 1500
22107.359 + 88 1
22109.000 # 1500
22109.222 + 88 1
22109.458 + 88 1
22109.473 - 88 2.114 1
22111.000 # 1500
22112.387 - 88 3.165 1
22112.504 - 88 3.046 1
22113.000 # 1500
22114.000 # 1500
22116.000 # 1500
22118.000 # 1500
22119.252 + 88 1
22119.333 + 88 1
22119.407 + 88 1
22119.522 + 88 1
22119.609 + 88 1
22120.271 + 88 1
22121.000 # 1500
22121.000 # 1500
22122.178 - 88 2.926 1
22122.227 - 88 2.894 1
22122.243 - 88 2.836 1
22122.257 - 88 2.735 1
22122.271 - 88 2.662 1
22122.284 - 88 2.013 1
22122.417 + 88 1
22123.000 # 1500
22123.772 - 88 1.355 1
22123.858 + 88 1
22125.000 # 1500
22126.748 - 88 2.890 1
22127.000 # 1500
22129.000 # 1500
22130.000 # 1500
22132.684 + 88 1
22134.000 # 1500
22134.000 # 1500
22135.617 + 88 1
22135.671 - 88 2.987 1
22136.000 # 1500
22137.564 + 88 1
22137.605 - 88 1.988 1
22137.700 + 88 1
22138.000 # 1500
22139.394 - 88 1.830 1
22139.481 - 88 1.781 1
22141.496 + 88 1
22143.000 # 1500
22143.000 # 1500
22143.000 # 1500
22143.265 + 88 1
22143.367 - 88 1.871 1
22143.549 + 88 1
22145.000 # 1500
22146.171 - 88 2.906 1
22146.288 - 88 2.739 1
22147.000 # 1500
22147.256 + 88 1
22149.000 # 1500
22149.283 + 88 1
22149.387 - 88 2.131 1
22149.494 + 88 1
22149.569 + 88 1
22149.643 + 88 1
22149.716 + 88 1
22151.000 # 1500
22152.272 - 88 2.989 1
22152.325 - 88 2.831 1
22152.404 - 88 2.835 1
22152.429 - 88 2.786 1
22152.444 - 88 2.728 1
22153.000 # 1500
22154.000 # 1500
22157.000 # 1500
22159.000 # 1500
22159.027 + 88 1
22159.190 + 88 1
22159.267 + 88 1
22159.341 + 88 1
22163.000 # 1500
22163.000 # 1500
22163.818 - 88 4.791 1
22163.918 - 88 4.728 1
22163.940 - 88 4.673 1
22163.956 - 88 4.615 1
22164.000 # 1500
22165.000 # 1500
22165.450 + 88 1
22165.501 + 88 1
22167.000 # 1500
22168.254 - 88 2.804 1
22168.379 - 88 2.878 1
22168.564 + 88 1
22168.656 + 88 1
22168.731 + 88 1
22169.000 # 1500
22169.146 + 88 1
22169.255 - 88 0.691 1
22169.331 - 88 0.675 1
22169.354 - 88 0.623 1
22170.312 + 88 1
22171.000 # 1500
22172.225 - 88 3.079 1
22172.249 - 88 1.937 1
22173.243 + 88 1
22174.000 # 1500
22174.205 + 88 1
22174.301 - 88 1.058 1
22175.183 + 88 1
22177.152 + 88 1
22179.000 # 1500
22179.000 # 1500
22179.000 # 1500
22179.060 + 88 1
22179.119 - 88 4.914 1
22179.168 - 88 3.985 1
22179.184 - 88 2.032 1
22180.000 # 1500
22180.315 - 88 1.255 1
22181.000 # 1500
22188.841 + 88 1
22188.979 + 88 1
22189.156 + 88 1
22189.291 + 88 1
22189.810 + 88 1
22189.945 + 88 1
22193.000 # 1500
22193.880 - 88 5.039 1
22193.924 - 88 4.945 1
22193.935 - 88 4.779 1
22193.944 - 88 4.653 1
22193.951 - 88 4.141 1
22193.958 - 88 4.013 1
22198.000 # 1500
22198.000 # 1500
22198.000 # 1500
22198.000 # 1500
22198.000 # 1500
22198.000 # 1500
22198.000 # 1500
22198.000 # 1500
22200.000 # 1500
22200.074 + 88 1
22200.218 + 88 1
22201.000 # 1500
22201.464 - 88 1.390 1
22201.636 - 88 1.418 1
22204.000 # 1500
22204.000 # 1500
22204.104 + 88 1
22204.233 + 88 1
22204.585 + 88 1
22204.691 + 88 1
22207.000 # 1500
22207.000 # 1500
22208.400 - 88 4.296 1
22208.492 - 88 4.259 1
22208.569 - 88 3.984 1
22208.579 - 88 3.888 1
22209.000 # 1500
22212.000 # 1500
22213.000 # 1500
22214.000 # 1500
22214.271 + 88 1
22214.400 + 88 1
22215.000 # 1500
22216.113 - 88 1.842 1
22216.206 - 88 1.806 1
22216.932 + 88 1
22217.000 # 1500
22217.039 + 88 1
22217.072 + 88 1
22217.116 + 88 1
22220.000 # 1500
22220.000 # 1500
22220.996 - 88 4.064 1
22221.000 # 1500
22221.034 - 88 3.995 1
22221.267 - 88 4.195 1
22221.286 - 88 4.170 1
22223.000 # 1500
22225.199 + 88 1
22225.309 + 88 1
22228.000 # 1500
22228.000 # 1500
22228.000 # 1500
22228.917 - 88 3.718 1
22229.000 # 1500
22229.009 - 88 3.700 1
22230.248 + 88 1
22230.358 + 88 1
22230.391 + 88 1
22230.421 + 88 1
22231.000 # 1500
22232.852 - 88 2.604 1
22232.945 - 88 2.587 1
22233.000 # 1500
22233.021 - 88 2.630 1
22233.033 - 88 2.612 1
22235.000 # 1500
22237.320 + 88 1
22239.756 + 88 1
22242.604 + 88 1
22242.716 + 88 1
22242.749 + 88 1
22242.888 + 88 1
22245.000 # 1500
22245.000 # 1500
22247.000 # 1500
22247.000 # 1500
22247.000 # 1500
22247.712 - 88 10.392 1
22248.000 # 1500
22248.000 # 1500
22248.131 - 88 8.375 1
22248.161 - 88 5.557 1
22248.176 - 88 5.460 1
22248.190 - 88 5.441 1
22248.204 - 88 5.316 1
22249.000 # 1500
22251.837 + 88 1
22252.000 # 1500
22252.062 - 88 0.225 1
22253.000 # 1500
22254.000 # 1500
22255.000 # 1500
22255.650 + 88 1
22255.760 + 88 1
22255.793 + 88 1
22258.000 # 1500
22259.000 # 1500
22260.418 - 88 4.768 1
22260.475 - 88 4.715 1
22260.553 - 88 4.760 1
22261.000 # 1500
22261.513 + 88 1
22261.623 + 88 1
22261.655 + 88 1
22262.000 # 1500
22263.330 - 88 1.817 1
22263.402 - 88 1.779 1
22263.426 - 88 1.771 1
22265.000 # 1500
22265.000 # 1500
22266.000 # 1500
22268.000 # 1500
22268.966 + 88 1
22269.000 # 1500
22271.000 # 1500
22272.000 # 1500
22272.280 - 88 3.314 1
22274.000 # 1500
22274.320 + 88 1
22274.456 + 88 1
22275.000 # 1500
22276.000 # 1500
22276.438 - 88 2.118 1
22276.606 - 88 2.150 1
22277.397 + 88 1
22278.000 # 1500
22279.000 # 1500
22279.122 - 88 1.725 1
22280.000 # 1500
22282.000 # 1500
22283.000 # 1500
22286.000 # 1500
22286.000 # 1500
22287.060 + 88 1
22287.195 + 88 1
22287.244 + 88 1
22288.891 + 88 1
22292.063 + 88 1
22298.000 # 1500
22298.000 # 1500
22298.000 # 1500
22298.000 # 1500
22299.000 # 1500
22299.000 # 1500
22299.651 - 88 12.591 1
22300.000 # 1500
22300.000 # 1500
22300.154 - 88 12.959 1
22300.232 - 88 12.988 1
22300.256 - 88 11.365 1
22300.271 - 88 8.208 1
22300.541 + 88 1
22300.675 + 88 1
22300.725 + 88 1
22301.000 # 1500
22302.000 # 1500
22302.662 - 88 2.121 1
22302.684 - 88 2.009 1
22302.699 - 88 1.974 1
22302.841 + 88 1
22302.891 + 88 1
22303.000 # 1500
22303.336 - 88 0.495 1
22305.000 # 1500
22305.631 - 88 2.740 1
22305.796 + 88 1
22306.000 # 1500
22307.509 - 88 1.713 1
22307.730 + 88 1
22308.000 # 1500
22308.253 + 88 1
22309.000 # 1500
22309.632 + 88 1
22309.956 - 88 2.226 1
22309.982 - 88 1.729 1
22311.000 # 1500
22312.000 # 1500
22312.477 - 88 2.845 1
22312.811 + 88 1
22314.000 # 1500
22315.000 # 1500
22315.331 - 88 2.520 1
22316.000 # 1500
22318.000 # 1500
22319.000 # 1500
22322.000 # 1500
22322.000 # 1500
22322.162 + 88 1
22322.297 + 88 1
22322.347 + 88 1
22322.394 + 88 1
22324.000 # 1500
22324.155 + 88 1
22324.366 - 88 2.204 1
22324.466 - 88 2.169 1
22324.539 - 88 2.192 1
22324.562 - 88 2.168 1
22325.000 # 1500
22325.939 - 88 1.784 1
22326.000 # 1500
22327.277 + 88 1
22329.000 # 1500
22329.000 # 1500
22330.005 - 88 2.728 1
22330.440 + 88 1
22331.000 # 1500
22332.841 - 88 2.401 1
22332.859 + 88 1
22334.000 # 1500
22334.774 + 88 1
22334.982 - 88 2.123 1
22335.000 # 1500
22335.000 # 1500
22335.110 - 88 0.336 1
22336.194 + 88 1
22339.000 # 1500
22339.744 + 88 1
22339.880 + 88 1
22339.956 - 88 3.762 1
22341.000 # 1500
22341.000 # 1500
22341.743 + 88 1
22341.868 - 88 2.124 1
22341.958 - 88 2.078 1
22343.000 # 1500
22344.224 - 88 2.481 1
22345.000 # 1500
22345.743 + 88 1
22347.000 # 1500
22347.575 + 88 1
22347.683 - 88 1.940 1
22348.000 # 1500
22348.869 - 88 1.294 1
22349.178 + 88 1
22351.000 # 1500
22351.000 # 1500
22351.784 - 88 2.606 1
22352.406 + 88 1
22354.000 # 1500
22354.385 + 88 1
22354.590 - 88 2.184 1
22355.000 # 1500
22356.227 - 88 1.842 1
22358.000 # 1500
22358.000 # 1500
22359.000 # 1500
22360.206 + 88 1
22360.341 + 88 1
22362.000 # 1500
22362.288 + 88 1
22362.655 - 88 2.449 1
22362.756 - 88 2.415 1
22363.000 # 1500
22364.000 # 1500
22364.083 - 88 1.795 1
22365.111 + 88 1
22366.994 + 88 1
22367.000 # 1500
22367.199 - 88 2.088 1
22368.000 # 1500
22369.068 - 88 2.074 1
22369.107 + 88 1
22370.000 # 1500
22370.957 + 88 1
22370.976 - 88 1.869 1
22371.000 # 1500
22372.000 # 1500
22372.879 - 88 1.922 1
22373.000 # 1500
22374.000 # 1500
22375.000 # 1500
22376.000 # 1500
22378.000 # 1500
22379.000 # 1500
22381.000 # 1500
22382.000 # 1500
22384.000 # 1500
22385.000 # 1500
22385.000 # 1500
22386.000 # 1500
22387.000 # 1500
22387.337 + 88 1
22387.389 + 88 1
22387.435 + 88 1
22387.482 + 88 1
22388.000 # 1500
22388.944 - 88 1.607 1
22389.000 # 1500
22389.047 - 88 1.658 1
22389.122 - 88 1.687 1
22389.145 - 88 1.663 1
22389.293 + 88 1
22389.352 + 88 1
22389.524 + 88 1
22391.000 # 1500
22391.266 + 88 1
22391.402 + 88 1
22391.441 - 88 2.148 1
22391.468 - 88 2.116 1
22391.483 - 88 1.959 1
22392.000 # 1500
22392.000 # 1500
22392.843 - 88 1.577 1
22392.869 - 88 1.467 1
22393.000 # 1500
22394.000 # 1500
22395.000 # 1500
22396.000 # 1500
22397.000 # 1500
22398.000 # 1500
22399.000 # 1500
22401.000 # 1500
22410.910 + 88 1
22410.962 + 88 1
22411.009 + 88 1
22411.056 + 88 1
22411.102 + 88 1
22411.149 + 88 1
22411.195 + 88 1
22411.241 + 88 1
22412.000 # 1500
22412.000 # 1500
22412.000 # 1500
22412.000 # 1500
22412.509 - 88 1.599 1
22412.633 - 88 1.671 1
22412.654 - 88 1.645 1
22412.670 - 88 1.614 1
22412.684 - 88 1.582 1
22412.699 - 88 1.550 1
22412.712 - 88 1.517 1
22412.725 - 88 1.484 1
22413.000 # 1500
22413.000 # 1500
22413.000 # 1500
22413.000 # 1500
22413.000 # 1500
22415.000 # 1500
22416.000 # 1500
22418.619 + 88 1
22418.883 + 88 1
22418.986 + 88 1
22419.190 + 88 1
22419.344 + 88 1
22421.408 + 88 1
22425.000 # 1500
22425.000 # 1500
22425.000 # 1500
22425.000 # 1500
22425.000 # 1500
22425.207 + 88 1
22425.406 - 88 6.787 1
22425.443 - 88 6.560 1
22425.459 - 88 6.473 1
22425.467 - 88 6.277 1
22425.474 - 88 6.130 1
22425.482 + 88 1
22425.482 - 88 4.074 1
22426.000 # 1500
22426.000 # 1500
22426.000 # 1500
22426.000 # 1500
22426.865 - 88 1.658 1
22426.882 - 88 1.400 1
22428.212 + 88 1
22430.200 + 88 1
22430.354 + 88 1
22435.000 # 1500
22436.000 # 1500
22436.000 # 1500
22437.000 # 1500
22437.000 # 1500
22437.000 # 1500
22437.000 # 1500
22437.000 # 1500
22437.215 - 88 9.003 1
22437.360 - 88 7.160 1
22437.389 - 88 7.035 1
22440.255 + 88 1
22441.999 + 88 1
22442.092 + 88 1
22442.168 + 88 1
22442.250 + 88 1
22442.419 + 88 1
22445.847 + 88 1
22455.000 # 1500
22455.379 + 88 1
22455.498 + 88 1
22455.506 - 88 15.251 1
22455.540 - 88 13.541 1
22455.550 - 88 13.458 1
22455.558 - 88 13.390 1
22455.565 - 88 13.315 1
22455.572 - 88 13.153 1
22455.575 + 88 1
22455.578 - 88 9.731 1
22455.650 + 88 1
22456.419 + 88 1
22458.196 + 88 1
22458.436 + 88 1
22459.000 # 1500
22459.000 # 1500
22459.000 # 1500
22459.000 # 1500
22459.000 # 1500
22459.000 # 1500
22459.000 # 1500
22460.000 # 1500
22460.000 # 1500
22460.918 - 88 5.539 1
22460.932 - 88 5.434 1
22460.942 - 88 5.367 1
22460.950 - 88 5.300 1
22460.957 - 88 4.538 1
22460.964 - 88 2.768 1
22460.971 - 88 2.535 1
22463.309 + 88 1
22463.349 + 88 1
22464.000 # 1500
22464.000 # 1500
22464.000 # 1500
22465.000 # 1500
22465.000 # 1500
22465.000 # 1500
22465.000 # 1500
22465.235 + 88 1
22465.507 - 88 2.198 1
22465.527 - 88 2.178 1
22467.215 + 88 1
22467.238 + 88 1
22468.000 # 1500
22468.000 # 1500
22468.982 - 88 3.747 1
22468.994 - 88 1.779 1
22469.000 # 1500
22469.003 - 88 1.765 1
22469.230 + 88 1
22470.000 # 1500
22470.884 - 88 1.654 1
22471.000 # 1500
22471.261 + 88 1
22473.105 + 88 1
22475.952 + 88 1
22478.072 + 88 1
22479.782 + 88 1
22480.277 + 88 1
22482.000 # 1500
22482.000 # 1500
22482.000 # 1500
22482.000 # 1500
22482.000 # 1500
22482.674 - 88 11.413 1
22482.711 - 88 9.606 1
22482.834 - 88 6.882 1
22482.853 - 88 4.781 1
22482.861 - 88 3.079 1
22482.869 - 88 2.592 1
22487.000 # 1500
22487.000 # 1500
22487.000 # 1500
22487.000 # 1500
22487.000 # 1500
22488.000 # 1500
22489.000 # 1500
22491.000 # 1500
22491.000 # 1500
22491.430 + 88 1
22491.809 + 88 1
22492.163 + 88 1
22492.303 + 88 1
22492.472 + 88 1
22492.736 + 88 1
22493.000 # 1500
22493.000 # 1500
22494.408 - 88 2.978 1
22494.499 - 88 2.690 1
22494.575 - 88 2.412 1
22494.595 - 88 2.292 1
22494.603 - 88 2.131 1
22494.610 - 88 1.874 1
22494.747 + 88 1
22497.355 + 88 1
22497.516 + 88 1
22502.207 + 88 1
22502.401 + 88 1
22504.000 # 1500
22504.000 # 1500
22504.000 # 1500
22504.000 # 1500
22504.000 # 1500
22504.000 # 1500
22504.000 # 1500
22504.097 + 88 1
22504.243 - 88 9.496 1
22504.278 - 88 6.923 1
22504.405 - 88 6.889 1
22504.424 - 88 2.217 1
22504.432 - 88 2.031 1
22505.207 + 88 1
22514.000 # 1500
22514.000 # 1500
22514.000 # 1500
22514.000 # 1500
22514.970 - 88 10.873 1
22514.988 - 88 9.781 1
22517.000 # 1500
22517.000 # 1500
22517.000 # 1500
22517.000 # 1500
22517.000 # 1500
22517.711 + 88 1
22519.768 + 88 1
22521.710 + 88 1
22521.912 + 88 1
22526.000 # 1500
22526.000 # 1500
22527.000 # 1500
22527.000 # 1500
22527.000 # 1500
22527.000 # 1500
22527.000 # 1500
22527.000 # 1500
22527.000 # 1500
22527.579 - 88 9.868 1
22527.600 - 88 7.832 1
22527.607 - 88 5.897 1
22527.614 - 88 5.702 1
22528.000 # 1500
22531.000 # 1500
22531.434 + 88 1
22534.385 + 88 1
22536.438 + 88 1
22536.596 + 88 1
22536.673 + 88 1
22536.748 + 88 1
22538.332 + 88 1
22540.000 # 1500
22541.256 - 88 9.822 1
22541.278 - 88 6.893 1
22541.286 - 88 4.848 1
22541.311 - 88 4.715 1
22541.318 + 88 1
22541.485 - 88 4.812 1
22541.501 - 88 4.753 1
22541.509 - 88 3.177 1
22544.000 # 1500
22544.000 # 1500
22544.115 + 88 1
22544.294 - 88 2.976 1
22544.329 + 88 1
22546.000 # 1500
22547.168 - 88 3.053 1
22547.189 - 88 2.860 1
22547.403 + 88 1
22548.000 # 1500
22548.344 + 88 1
22548.530 - 88 1.127 1
22550.000 # 1500
22550.217 + 88 1
22550.402 - 88 2.058 1
22554.000 # 1500
22554.051 + 88 1
22554.254 - 88 4.037 1
22554.989 + 88 1
22555.000 # 1500
22555.220 - 88 1.169 1
22556.000 # 1500
22556.000 # 1500
22557.179 - 88 2.190 1
22557.730 + 88 1
22558.000 # 1500
22559.000 # 1500
22559.928 + 88 1
22560.000 # 1500
22560.120 - 88 2.390 1
22560.209 - 88 0.281 1
22560.643 + 88 1
22561.000 # 1500
22562.687 - 88 2.044 1
22563.234 + 88 1
22565.000 # 1500
22565.000 # 1500
22565.000 # 1500
22565.642 - 88 2.408 1
22566.000 # 1500
22566.062 + 88 1
22567.701 + 88 1
22569.783 + 88 1
22570.970 + 88 1
22572.568 + 88 1
22574.883 + 88 1
22576.000 # 1500
22576.669 + 88 1
22577.033 - 88 10.971 1
22577.287 - 88 9.586 1
22577.520 - 88 7.737 1
22577.557 - 88 6.587 1
22577.575 - 88 5.007 1
22577.589 - 88 2.706 1
22578.157 + 88 1
22579.000 # 1500
22579.000 # 1500
22579.765 - 88 3.096 1
22579.789 - 88 1.632 1
22582.000 # 1500
22582.000 # 1500
22583.000 # 1500
22583.000 # 1500
22590.307 + 88 1
22590.445 + 88 1
22590.662 + 88 1
22590.797 + 88 1
22590.931 + 88 1
22592.000 # 1500
22592.000 # 1500
22592.296 + 88 1
22592.425 + 88 1
22592.652 - 88 2.345 1
22592.857 - 88 2.412 1
22592.885 - 88 2.223 1
22592.901 - 88 2.104 1
22592.914 - 88 1.983 1
22595.203 + 88 1
22603.000 # 1500
22603.000 # 1500
22603.000 # 1500
22603.000 # 1500
22603.000 # 1500
22604.000 # 1500
22605.485 - 88 13.189 1
22605.517 - 88 13.092 1
22605.560 - 88 10.357 1
22605.921 + 88 1
22605.959 + 88 1
22605.990 + 88 1
22606.020 + 88 1
22606.050 + 88 1
22607.850 + 88 1
22608.000 # 1500
22608.081 - 88 2.160 1
22608.173 - 88 2.214 1
22608.206 - 88 2.216 1
22608.224 - 88 2.204 1
22608.238 - 88 2.188 1
22608.253 - 88 0.403 1
22609.594 + 88 1
22611.492 + 88 1
22613.000 # 1500
22614.000 # 1500
22614.000 # 1500
22616.238 - 88 6.644 1
22616.263 - 88 4.771 1
22620.511 + 88 1
22620.555 + 88 1
22620.586 + 88 1
22620.616 + 88 1
22621.591 + 88 1
22623.072 + 88 1
22625.000 # 1500
22625.000 # 1500
22625.000 # 1500
22625.000 # 1500
22625.000 # 1500
22626.284 + 88 1
22626.407 - 88 5.896 1
22626.499 - 88 5.944 1
22626.588 - 88 6.002 1
22626.602 - 88 5.986 1
22626.611 - 88 5.020 1
22626.618 - 88 3.546 1
22626.854 + 88 1
22628.000 # 1500
22629.040 - 88 2.756 1
22629.250 + 88 1
22629.341 - 88 2.487 1
22630.000 # 1500
22631.375 + 88 1
22631.605 - 88 2.355 1
22633.347 + 88 1
22634.000 # 1500
22634.931 - 88 3.556 1
22634.950 - 88 1.603 1
22635.000 # 1500
22635.173 + 88 1
22637.000 # 1500
22637.728 - 88 2.555 1
22638.051 + 88 1
22640.000 # 1500
22640.507 - 88 2.456 1
22640.772 + 88 1
22641.726 + 88 1
22642.000 # 1500
22643.360 - 88 2.588 1
22643.412 - 88 1.686 1
22643.686 + 88 1
22645.000 # 1500
22645.506 + 88 1
22645.711 - 88 2.025 1
22647.000 # 1500
22648.319 - 88 2.813 1
22648.690 + 88 1
22649.000 # 1500
22650.210 - 88 1.520 1
22652.000 # 1500
22654.000 # 1500
22658.000 # 1500
22659.282 + 88 1
22659.317 + 88 1
22659.347 + 88 1
22659.376 + 88 1
22660.000 # 1500
22661.159 + 88 1
22661.212 - 88 1.930 1
22661.310 + 88 1
22661.505 - 88 2.188 1
22661.530 - 88 2.183 1
22661.544 - 88 2.168 1
22662.000 # 1500
22663.052 - 88 1.893 1
22663.073 - 88 1.763 1
22664.252 + 88 1
22666.000 # 1500
22666.839 + 88 1
22666.855 - 88 2.603 1
22668.331 + 88 1
22669.000 # 1500
22669.769 - 88 2.930 1
22669.792 - 88 1.461 1
22669.891 + 88 1
22670.000 # 1500
22671.862 + 88 1
22673.882 + 88 1
22675.000 # 1500
22676.000 # 1500
22676.050 - 88 6.159 1
22676.102 - 88 4.240 1
22676.113 + 88 1
22676.170 - 88 2.288 1
22677.662 + 88 1
22678.000 # 1500
22678.177 + 88 1
22678.375 - 88 2.262 1
22678.397 - 88 0.735 1
22681.000 # 1500
22681.460 + 88 1
22681.830 - 88 3.653 1
22683.467 + 88 1
22684.000 # 1500
22684.210 - 88 2.750 1
22684.245 - 88 0.778 1
22684.358 + 88 1
22687.000 # 1500
22688.309 - 88 3.951 1
22688.692 + 88 1
22688.744 + 88 1
22690.296 + 88 1
22691.000 # 1500
22692.390 - 88 3.698 1
22692.538 + 88 1
22692.561 - 88 3.817 1
22692.584 - 88 2.288 1
22693.000 # 1500
22694.197 + 88 1
22694.532 - 88 1.994 1
22695.000 # 1500
22696.416 - 88 2.219 1
22697.000 # 1500
22700.000 # 1500
22702.000 # 1500
22705.000 # 1500
22707.000 # 1500
22708.370 + 88 1
22708.461 + 88 1
22711.000 # 1500
22711.957 - 88 3.587 1
22712.258 + 88 1
22712.299 + 88 1
22712.330 + 88 1
22712.360 + 88 1
22712.502 - 88 4.041 1
22714.000 # 1500
22715.000 # 1500
22715.784 - 88 3.526 1
22715.822 - 88 3.523 1
22715.837 - 88 3.507 1
22715.844 - 88 3.484 1
22718.000 # 1500
22721.000 # 1500
22723.000 # 1500
22723.605 + 88 1
22724.160 + 88 1
22725.000 # 1500
22725.702 - 88 2.097 1
22725.729 - 88 1.569 1
22727.566 + 88 1
22728.000 # 1500
22729.419 + 88 1
22729.476 - 88 1.910 1
22731.000 # 1500
22732.352 - 88 2.933 1
22732.545 + 88 1
22733.000 # 1500
22734.271 - 88 1.726 1
22736.000 # 1500
22739.000 # 1500
22739.317 + 88 1
22739.621 + 88 1
22739.796 + 88 1
22740.000 # 1500
22740.257 + 88 1
22740.369 - 88 1.052 1
22740.494 - 88 0.873 1
22741.000 # 1500
22742.000 # 1500
22742.201 - 88 2.405 1
22742.276 - 88 2.019 1
22748.973 + 88 1
22749.111 + 88 1
22752.000 # 1500
22752.839 - 88 3.866 1
22752.960 - 88 3.849 1
22754.000 # 1500
22755.000 # 1500
22755.000 # 1500
22755.000 # 1500
22755.000 # 1500
22755.000 # 1500
22755.207 + 88 1
22755.349 + 88 1
22755.400 + 88 1
22755.448 + 88 1
22756.000 # 1500
22756.721 - 88 1.514 1
22756.895 - 88 1.546 1
22756.920 - 88 1.520 1
22756.936 - 88 1.488 1
22758.945 + 88 1
22761.745 + 88 1
22767.000 # 1500
22767.000 # 1500
22767.000 # 1500
22768.000 # 1500
22768.000 # 1500
22768.000 # 1500
22768.000 # 1500
22768.540 - 88 9.595 1
22768.661 - 88 6.916 1
22777.000 # 1500
22777.000 # 1500
22778.000 # 1500
22778.431 + 88 1
22778.548 + 88 1
22778.583 + 88 1
22778.614 + 88 1
22780.000 # 1500
22780.000 # 1500
22780.317 + 88 1
22780.539 - 88 2.108 1
22780.591 - 88 2.043 1
22780.605 - 88 2.022 1
22780.620 - 88 2.006 1
22782.387 + 88 1
22784.516 + 88 1
22786.000 # 1500
22787.034 - 88 6.717 1
22787.060 - 88 4.673 1
22787.100 - 88 2.584 1
22789.197 + 88 1
22789.303 + 88 1
22790.000 # 1500
22790.901 - 88 1.704 1
22790.975 - 88 1.672 1
22791.000 # 1500
22791.000 # 1500
22793.000 # 1500
22793.000 # 1500
22793.163 + 88 1
22795.000 # 1500
22795.243 + 88 1
22795.452 - 88 2.289 1
22797.903 + 88 1
22798.000 # 1500
22798.112 - 88 2.869 1
22799.890 + 88 1
22801.916 + 88 1
22804.000 # 1500
22804.000 # 1500
22804.000 # 1500
22804.576 - 88 6.673 1
22804.628 - 88 4.738 1
22804.698 - 88 2.782 1
22805.000 # 1500
22806.000 # 1500
22806.000 # 1500
22806.843 + 88 1
22808.718 + 88 1
22809.000 # 1500
22810.410 - 88 3.567 1
22810.461 - 88 1.743 1
22810.781 + 88 1
22810.891 + 88 1
22811.000 # 1500
22812.404 - 88 1.623 1
22812.426 - 88 1.535 1
22813.000 # 1500
22814.000 # 1500
22814.616 + 88 1
22816.000 # 1500
22816.472 + 88 1
22816.677 - 88 2.061 1
22818.000 # 1500
22818.444 + 88 1
22818.654 - 88 2.182 1
22820.473 + 88 1
22821.000 # 1500
22822.000 # 1500
22822.171 - 88 3.727 1
22822.225 - 88 1.752 1
22822.551 + 88 1
22824.000 # 1500
22824.308 + 88 1
22824.512 - 88 1.961 1
22826.000 # 1500
22826.232 + 88 1
22826.433 - 88 2.125 1
22828.000 # 1500
22828.652 - 88 2.420 1
22829.000 # 1500
22831.000 # 1500
22834.000 # 1500
22834.000 # 1500
22835.000 # 1500
22836.985 + 88 1
22837.000 # 1500
22837.097 + 88 1
22838.000 # 1500
22838.782 - 88 1.797 1
22838.812 - 88 1.715 1
22839.220 + 88 1
22839.329 + 88 1
22839.362 + 88 1
22839.393 + 88 1
22840.000 # 1500
22840.828 - 88 1.608 1
22840.883 - 88 1.554 1
22840.899 - 88 1.537 1
22840.914 - 88 1.521 1
22841.466 + 88 1
22842.832 + 88 1
22845.980 + 88 1
22847.920 + 88 1
22848.794 + 88 1
22850.000 # 1500
22850.000 # 1500
22850.696 - 88 9.230 1
22850.763 - 88 7.931 1
22850.782 - 88 4.802 1
22850.791 - 88 2.871 1
22850.798 - 88 2.004 1
22850.854 + 88 1
22851.000 # 1500
22851.000 # 1500
22851.000 # 1500
22851.000 # 1500
22851.251 - 88 0.397 1
22853.000 # 1500
22853.000 # 1500
22853.669 + 88 1
22853.727 + 88 1
22855.000 # 1500
22855.560 + 88 1
22855.965 - 88 2.296 1
22856.000 # 1500
22856.190 - 88 2.463 1
22856.209 - 88 0.649 1
22857.460 + 88 1
22858.000 # 1500
22859.257 - 88 1.797 1
22860.000 # 1500
22861.000 # 1500
22861.390 + 88 1
22861.506 + 88 1
22863.507 + 88 1
22865.000 # 1500
22865.000 # 1500
22865.828 + 88 1
22865.897 - 88 4.507 1
22865.948 - 88 4.442 1
22865.967 - 88 2.460 1
22866.000 # 1500
22867.619 + 88 1
22867.680 - 88 1.852 1
22868.000 # 1500
22869.071 - 88 1.452 1
22869.503 + 88 1
22870.000 # 1500
22871.000 # 1500
22871.326 - 88 1.823 1
22872.100 + 88 1
22872.402 + 88 1
22873.000 # 1500
22873.888 - 88 1.788 1
22873.913 - 88 1.511 1
22874.000 # 1500
22874.943 + 88 1
22876.911 + 88 1
22877.000 # 1500
22877.000 # 1500
22877.253 - 88 2.310 1
22878.865 + 88 1
22879.000 # 1500
22879.110 - 88 2.199 1
22879.371 + 88 1
22880.000 # 1500
22880.723 - 88 1.858 1
22880.749 - 88 1.378 1
22881.554 + 88 1
22882.000 # 1500
22882.857 - 88 1.303 1
22885.000 # 1500
22885.000 # 1500
22889.000 # 1500
22890.000 # 1500
22892.000 # 1500
22892.108 + 88 1
22892.122 + 88 1
22893.987 + 88 1
22894.000 # 1500
22894.220 - 88 2.112 1
22894.260 - 88 2.138 1
22895.000 # 1500
22896.264 + 88 1
22896.278 - 88 2.291 1
22899.000 # 1500
22899.000 # 1500
22900.000 # 1500
22901.665 - 88 5.401 1
22902.000 # 1500
22902.310 + 88 1
22902.391 + 88 1
22902.400 + 88 1
22904.000 # 1500
22907.000 # 1500
22907.000 # 1500
22907.559 - 88 5.249 1
22907.586 - 88 5.195 1
22907.602 - 88 5.202 1
22908.890 + 88 1
22909.000 # 1500
22910.670 + 88 1
22910.738 + 88 1
22910.808 + 88 1
22911.026 + 88 1
22912.000 # 1500
22912.317 - 88 3.427 1
22912.346 - 88 1.676 1
22912.361 - 88 1.623 1
22912.376 - 88 1.568 1
22912.397 - 88 1.371 1
22913.666 + 88 1
22915.000 # 1500
22916.000 # 1500
22916.196 - 88 2.530 1
22918.000 # 1500
22920.000 # 1500
22921.000 # 1500
22923.000 # 1500
22923.630 + 88 1
22924.000 # 1500
22924.365 + 88 1
22924.516 - 88 0.886 1
22925.905 + 88 1
22926.000 # 1500
22926.099 + 88 1
22926.253 - 88 1.888 1
22926.271 - 88 0.366 1
22928.000 # 1500
22928.008 + 88 1
22928.227 - 88 2.128 1
22929.000 # 1500
22929.549 - 88 1.541 1
22931.000 # 1500
22931.392 + 88 1
22931.518 + 88 1
22933.000 # 1500
22933.724 - 88 2.332 1
22933.732 + 88 1
22933.749 - 88 2.231 1
22934.000 # 1500
22935.059 - 88 1.327 1
22935.487 + 88 1
22936.000 # 1500
22938.000 # 1500
22938.067 - 88 2.580 1
22939.218 + 88 1
22939.554 + 88 1
22940.000 # 1500
22941.185 - 88 1.967 1
22941.205 - 88 1.651 1
22941.989 + 88 1
22945.094 + 88 1
22946.056 + 88 1
22948.095 + 88 1
22948.978 + 88 1
22950.950 + 88 1
22952.943 + 88 1
22962.634 + 88 1
22962.670 + 88 1
22962.699 + 88 1
22962.728 + 88 1
22964.496 + 88 1
22967.000 # 1500
22967.000 # 1500
22967.000 # 1500
22967.000 # 1500
22967.000 # 1500
22967.000 # 1500
22968.000 # 1500
22968.000 # 1500
22968.000 # 1500
22968.000 # 1500
22968.000 # 1500
22968.000 # 1500
22968.000 # 1500
22968.502 - 88 26.513 1
22968.523 - 88 23.429 1
22968.550 - 88 22.494 1
22968.618 - 88 20.523 1
22968.630 - 88 19.652 1
22968.639 - 88 17.689 1
22968.646 - 88 15.703 1
22968.653 - 88 6.019 1
22968.659 - 88 5.989 1
22968.665 - 88 5.966 1
22968.672 - 88 5.944 1
22968.678 - 88 4.182 1
22969.000 # 1500
22969.000 # 1500
22969.000 # 1500
22969.000 # 1500
22970.000 # 1500
22971.000 # 1500
22972.000 # 1500
22972.882 + 88 1
22973.000 # 1500
22973.274 + 88 1
22973.307 + 88 1
22973.337 + 88 1
22973.365 + 88 1
22973.408 + 88 1
22975.378 + 88 1
22976.000 # 1500
22977.499 + 88 1
22977.630 - 88 4.748 1
22977.650 - 88 4.376 1
22977.657 - 88 4.350 1
22977.664 - 88 4.327 1
22977.670 - 88 4.305 1
22977.677 - 88 4.269 1
22977.684 - 88 2.306 1
22978.000 # 1500
22979.000 # 1500
22979.174 - 88 1.675 1
22979.412 + 88 1
22980.000 # 1500
22981.000 # 1500
22981.265 - 88 1.853 1
22981.408 + 88 1
22983.198 + 88 1
22985.000 # 1500
22985.000 # 1500
22985.063 + 88 1
22985.377 - 88 3.969 1
22985.396 - 88 2.198 1
22987.000 # 1500
22987.030 + 88 1
22987.215 - 88 2.152 1
22988.000 # 1500
22988.896 - 88 1.866 1
22991.000 # 1500
22992.875 + 88 1
22992.935 + 88 1
22992.984 + 88 1
22993.000 # 1500
22996.000 # 1500
22996.000 # 1500
22996.735 + 88 1
22996.763 - 88 3.888 1
22996.781 - 88 3.846 1
22996.788 - 88 3.804 1
22996.973 + 88 1
22998.000 # 1500
22998.941 + 88 1
22998.966 - 88 2.231 1
22998.982 - 88 2.009 1
22999.000 # 1500
22999.216 - 88 0.275 1
23001.000 # 1500
23002.000 # 1500
23004.000 # 1500
23005.000 # 1500
23007.000 # 1500
23008.719 + 88 1
23008.777 + 88 1
23008.825 + 88 1
23010.379 + 88 1
23011.000 # 1500
23012.389 - 88 3.670 1
23012.409 - 88 3.632 1
23012.424 - 88 3.599 1
23012.437 - 88 2.058 1
23013.000 # 1500
23013.000 # 1500
23015.000 # 1500
23016.000 # 1500
23016.393 + 88 1
23018.000 # 1500
23019.319 - 88 2.926 1
23020.000 # 1500
23021.000 # 1500
23024.000 # 1500
23024.000 # 1500
23024.159 + 88 1
23024.296 + 88 1
23027.000 # 1500
23027.861 - 88 3.702 1
23027.887 - 88 3.591 1
23028.000 # 1500
23029.000 # 1500
23029.856 + 88 1
23029.913 + 88 1
23029.961 + 88 1
23030.000 # 1500
23031.000 # 1500
23032.166 - 88 2.310 1
23032.195 - 88 2.282 1
23032.202 - 88 2.241 1
23033.000 # 1500
23034.000 # 1500
23035.000 # 1500
23036.000 # 1500
23037.000 # 1500
23037.758 + 88 1
23037.815 + 88 1
23037.863 + 88 1
23037.909 + 88 1
23038.560 + 88 1
23040.000 # 1500
23041.563 - 88 3.805 1
23041.581 - 88 3.766 1
23041.589 - 88 3.726 1
23041.595 - 88 3.686 1
23041.602 - 88 3.042 1
23047.000 # 1500
23048.584 + 88 1
23050.527 + 88 1
23050.734 + 88 1
23050.801 + 88 1
23051.000 # 1500
23051.000 # 1500
23051.000 # 1500
23051.000 # 1500
23051.000 # 1500
23051.000 # 1500
23051.000 # 1500
23052.000 # 1500
23052.000 # 1500
23052.812 + 88 1
23052.848 - 88 4.264 1
23052.864 + 88 1
23052.870 - 88 2.343 1
23052.884 - 88 2.150 1
23052.898 - 88 2.097 1
23056.000 # 1500
23056.000 # 1500
23056.000 # 1500
23057.111 - 88 4.299 1
23057.136 - 88 4.272 1
23062.420 + 88 1
23062.556 + 88 1
23062.608 + 88 1
23066.000 # 1500
23066.000 # 1500
23066.000 # 1500
23066.000 # 1500
23066.911 - 88 4.491 1
23066.937 - 88 4.381 1
23066.951 - 88 4.343 1
23068.202 + 88 1
23068.338 + 88 1
23068.388 + 88 1
23068.519 + 88 1
23068.666 + 88 1
23069.329 + 88 1
23071.000 # 1500
23071.157 + 88 1
23071.531 - 88 3.329 1
23071.549 - 88 3.211 1
23071.557 - 88 3.169 1
23071.564 - 88 3.045 1
23071.570 - 88 2.904 1
23071.589 - 88 2.260 1
23072.000 # 1500
23072.000 # 1500
23072.000 # 1500
23072.908 - 88 1.751 1
23074.692 + 88 1
23077.000 # 1500
23077.000 # 1500
23077.000 # 1500
23077.000 # 1500
23077.000 # 1500
23077.676 - 88 2.984 1
23083.000 # 1500
23083.000 # 1500
23083.480 + 88 1
23084.000 # 1500
23084.000 # 1500
23084.000 # 1500
23084.000 # 1500
23084.209 + 88 1
23084.425 + 88 1
23084.476 + 88 1
23084.523 + 88 1
23084.639 - 88 1.159 1
23085.000 # 1500
23086.000 # 1500
23086.714 - 88 2.505 1
23086.739 - 88 2.314 1
23086.753 - 88 2.277 1
23086.766 - 88 2.243 1
23086.843 + 88 1
23087.000 # 1500
23088.000 # 1500
23088.369 - 88 1.526 1
23088.564 + 88 1
23089.000 # 1500
23090.385 - 88 1.821 1
23092.456 + 88 1
23095.000 # 1500
23095.000 # 1500
23095.000 # 1500
23095.000 # 1500
23096.000 # 1500
23096.000 # 1500
23096.315 - 88 3.859 1
23098.271 + 88 1
23100.244 + 88 1
23104.070 + 88 1
23104.236 + 88 1
23106.000 # 1500
23106.000 # 1500
23106.000 # 1500
23106.000 # 1500
23106.000 # 1500
23106.000 # 1500
23106.000 # 1500
23106.000 # 1500
23106.071 + 88 1
23106.237 - 88 7.966 1
23106.261 - 88 6.017 1
23106.276 - 88 2.206 1
23106.289 - 88 2.053 1
23106.363 + 88 1
23106.439 + 88 1
23107.000 # 1500
23107.974 - 88 1.903 1
23108.000 # 1500
23108.000 - 88 1.637 1
23108.013 - 88 1.574 1
23109.900 + 88 1
23110.000 # 1500
23110.056 - 88 0.156 1
23110.229 + 88 1
23111.000 # 1500
23111.000 # 1500
23112.072 - 88 1.843 1
23112.370 + 88 1
23113.000 # 1500
23113.765 - 88 1.395 1
23114.000 # 1500
23115.270 + 88 1
23115.310 + 88 1
23117.000 # 1500
23117.000 # 1500
23117.000 # 1500
23117.635 - 88 2.365 1
23117.659 - 88 2.349 1
23118.000 # 1500
23118.972 + 88 1
23119.000 # 1500
23120.000 # 1500
23120.681 - 88 1.709 1
23121.000 # 1500
23123.000 # 1500
23128.538 + 88 1
23128.636 + 88 1
23128.712 + 88 1
23128.785 + 88 1
23128.858 + 88 1
23134.000 # 1500
23134.000 # 1500
23135.429 - 88 6.891 1
23135.453 - 88 6.817 1
23135.467 - 88 6.755 1
23135.785 - 88 7.000 1
23135.809 - 88 6.951 1
23137.000 # 1500
23138.000 # 1500
23138.446 + 88 1
23138.539 + 88 1
23138.614 + 88 1
23138.687 + 88 1
23138.761 + 88 1
23139.000 # 1500
23139.000 # 1500
23140.125 - 88 1.679 1
23140.152 - 88 1.613 1
23140.166 - 88 1.552 1
23140.179 - 88 1.492 1
23140.191 - 88 1.430 1
23143.000 # 1500
23144.000 # 1500
23144.000 # 1500
23149.020 + 88 1
23149.157 + 88 1
23149.207 + 88 1
23149.428 + 88 1
23149.563 + 88 1
23150.000 # 1500
23150.887 - 88 1.867 1
23150.898 - 88 1.741 1
23150.905 - 88 1.698 1
23150.912 - 88 1.484 1
23150.918 - 88 1.355 1
23151.212 + 88 1
23153.000 # 1500
23153.000 # 1500
23153.233 + 88 1
23153.527 - 88 2.315 1
23154.000 # 1500
23155.000 # 1500
23155.084 - 88 1.851 1
23155.147 + 88 1
23155.269 + 88 1
23157.000 # 1500
23157.000 # 1500
23157.000 # 1500
23157.000 # 1500
23157.000 # 1500
23157.318 + 88 1
23157.770 - 88 2.623 1
23157.789 - 88 2.520 1
23158.000 # 1500
23159.000 # 1500
23159.043 - 88 1.725 1
23160.000 # 1500
23162.000 # 1500
23162.000 # 1500
23163.000 # 1500
23165.000 # 1500
23166.000 # 1500
23167.000 # 1500
23167.194 + 88 1
23167.327 + 88 1
23168.000 # 1500
23168.902 - 88 1.708 1
23168.930 - 88 1.603 1
23169.064 + 88 1
23170.000 # 1500
23170.962 - 88 1.898 1
23171.000 # 1500
23172.000 # 1500
23173.718 + 88 1
23173.758 + 88 1
23173.787 + 88 1
23173.816 + 88 1
23174.501 + 88 1
23176.449 + 88 1
23178.504 + 88 1
23180.409 + 88 1
23182.438 + 88 1
23184.289 + 88 1
23186.056 + 88 1
23189.000 # 1500
23190.333 - 88 16.615 1
23190.355 - 88 16.597 1
23190.363 - 88 16.576 1
23190.370 - 88 16.554 1
23190.377 - 88 15.876 1
23190.492 - 88 14.043 1
23190.501 - 88 11.997 1
23190.509 - 88 10.100 1
23190.515 - 88 8.077 1
23190.522 - 88 6.233 1
23190.529 - 88 4.473 1
23191.000 # 1500
23192.546 + 88 1
23194.504 + 88 1
23194.686 + 88 1
23194.767 + 88 1
23196.264 + 88 1
23196.437 + 88 1
23198.718 + 88 1
23208.031 + 88 1
23208.197 + 88 1
23208.381 + 88 1
23208.538 + 88 1
23208.616 + 88 1
23211.657 + 88 1
23212.124 + 88 1
23215.379 + 88 1
23217.380 + 88 1
23217.544 + 88 1
23219.336 + 88 1
23221.000 # 1500
23221.000 # 1500
23221.000 # 1500
23221.000 # 1500
23221.000 # 1500
23221.000 # 1500
23221.000 # 1500
23221.000 # 1500
23221.000 # 1500
23221.000 # 1500
23221.000 # 1500
23221.000 # 1500
23221.410 + 88 1
23221.649 - 88 29.103 1
23221.668 - 88 27.164 1
23221.692 - 88 27.006 1
23221.910 - 88 27.143 1
23221.931 - 88 25.667 1
23221.939 - 88 25.502 1
23221.946 - 88 23.228 1
23221.953 - 88 13.922 1
23221.981 - 88 13.784 1
23221.994 - 88 13.613 1
23222.000 # 1500
23222.000 # 1500
23222.000 # 1500
23222.000 # 1500
23222.000 # 1500
23222.000 # 1500
23222.000 # 1500
23222.000 # 1500
23222.000 # 1500
23222.000 # 1500
23222.000 # 1500
23222.000 # 1500
23222.000 # 1500
23222.000 # 1500
23222.002 - 88 13.464 1
23222.010 - 88 13.394 1
23222.016 - 88 10.359 1
23222.023 - 88 9.899 1
23222.029 - 88 6.650 1
23222.036 - 88 4.656 1
23222.043 - 88 4.499 1
23222.050 - 88 2.714 1
23223.000 # 1500
23223.000 # 1500
23223.000 # 1500
23223.000 # 1500
23223.295 + 88 1
23223.352 - 88 1.942 1
23224.000 # 1500
23224.000 # 1500
23224.000 # 1500
23224.000 # 1500
23225.175 - 88 1.880 1
23225.299 + 88 1
23226.000 # 1500
23226.367 + 88 1
23226.597 - 88 1.298 1
23228.000 # 1500
23228.987 - 88 2.620 1
23229.000 # 1500
23229.119 + 88 1
23229.286 + 88 1
23230.000 # 1500
23231.110 + 88 1
23231.184 - 88 2.065 1
23231.202 - 88 1.916 1
23232.000 # 1500
23232.950 - 88 1.840 1
23233.000 # 1500
23233.185 + 88 1
23234.000 # 1500
23234.993 - 88 1.808 1
23235.108 + 88 1
23236.000 # 1500
23237.020 - 88 1.912 1
23238.000 # 1500
23239.000 # 1500
23240.000 # 1500
23242.000 # 1500
23243.000 # 1500
23244.000 # 1500
23244.112 + 88 1
23244.255 + 88 1
23246.000 # 1500
23246.679 - 88 2.567 1
23246.699 - 88 2.444 1
23248.000 # 1500
23248.020 + 88 1
23248.162 + 88 1
23248.212 + 88 1
23248.259 + 88 1
23248.428 + 88 1
23249.000 # 1500
23250.714 - 88 2.694 1
23250.734 - 88 2.572 1
23250.741 - 88 2.529 1
23250.747 - 88 2.488 1
23250.754 - 88 2.326 1
23250.955 + 88 1
23251.000 # 1500
23251.099 + 88 1
23253.000 # 1500
23253.370 - 88 2.415 1
23253.395 - 88 2.296 1
23261.560 + 88 1
23261.697 + 88 1
23265.000 # 1500
23265.000 # 1500
23265.000 # 1500
23265.000 # 1500
23265.000 # 1500
23266.000 # 1500
23266.000 # 1500
23266.079 - 88 4.519 1
23266.103 - 88 4.406 1
23267.000 # 1500
23267.322 + 88 1
23267.379 + 88 1
23273.782 + 88 1
23273.921 + 88 1
23277.000 # 1500
23278.306 - 88 10.984 1
23278.332 - 88 10.953 1
23278.346 - 88 4.564 1
23278.358 - 88 4.437 1
23279.000 # 1500
23279.000 # 1500
23279.000 # 1500
23279.000 # 1500
23279.000 # 1500
23281.597 + 88 1
23283.367 + 88 1
23283.418 + 88 1
23283.465 + 88 1
23283.512 + 88 1
23283.559 + 88 1
23286.000 # 1500
23286.000 # 1500
23286.232 + 88 1
23286.860 - 88 5.263 1
23286.878 - 88 3.511 1
23286.886 - 88 3.468 1
23286.892 - 88 3.427 1
23286.898 - 88 3.386 1
23286.905 - 88 3.346 1
23288.000 # 1500
23289.000 # 1500
23289.199 - 88 2.967 1
23296.099 + 88 1
23296.240 + 88 1
23296.290 + 88 1
23296.421 + 88 1
23296.549 + 88 1
23296.681 + 88 1
23300.817 + 88 1
23306.000 # 1500
23306.000 # 1500
23306.000 # 1500
23306.000 # 1500
23306.000 # 1500
23306.000 # 1500
23306.000 # 1500
23307.621 - 88 11.522 1
23307.646 - 88 11.406 1
23307.661 - 88 11.371 1
23307.674 - 88 11.253 1
23307.686 - 88 11.137 1
23307.699 - 88 11.018 1
23307.719 - 88 6.902 1
23308.451 + 88 1
23308.600 + 88 1
23308.651 + 88 1
23308.791 + 88 1
23308.925 + 88 1
23309.000 # 1500
23309.000 # 1500
23309.054 + 88 1
23309.071 - 88 0.620 1
23309.095 - 88 0.495 1
23309.109 - 88 0.458 1
23309.123 - 88 0.332 1
23310.000 # 1500
23310.530 - 88 1.605 1
23310.648 - 88 1.594 1
23311.042 + 88 1
23312.000 # 1500
23313.924 - 88 2.882 1
23313.986 + 88 1
23314.000 # 1500
23316.025 + 88 1
23316.178 + 88 1
23318.000 # 1500
23318.000 # 1500
23318.446 + 88 1
23318.597 - 88 4.611 1
23318.621 - 88 2.596 1
23318.635 - 88 2.457 1
23319.000 # 1500
23319.000 # 1500
23320.000 # 1500
23320.418 + 88 1
23320.791 - 88 2.345 1
23321.000 # 1500
23322.000 # 1500
23322.440 + 88 1
23322.731 - 88 2.313 1
23323.000 # 1500
23324.324 - 88 1.884 1
23324.538 + 88 1
23325.000 # 1500
23325.465 + 88 1
23325.722 - 88 1.184 1
23327.000 # 1500
23327.000 # 1500
23327.347 + 88 1
23327.623 - 88 2.158 1
23328.000 # 1500
23329.000 # 1500
23329.158 - 88 1.811 1
23329.519 + 88 1
23331.000 # 1500
23332.000 # 1500
23332.289 - 88 2.770 1
23332.659 + 88 1
23333.000 # 1500
23334.000 # 1500
23334.144 - 88 1.485 1
23336.000 # 1500
23337.000 # 1500
23338.000 # 1500
23340.000 # 1500
23341.000 # 1500
23342.000 # 1500
23342.125 + 88 1
23342.159 + 88 1
23342.189 + 88 1
23342.218 + 88 1
23344.465 + 88 1
23346.000 # 1500
23346.934 + 88 1
23347.000 # 1500
23347.000 # 1500
23347.099 - 88 4.974 1
23347.124 - 88 4.965 1
23347.139 - 88 4.950 1
23347.152 - 88 4.934 1
23347.166 - 88 2.701 1
23348.000 # 1500
23349.163 - 88 2.229 1
23350.000 # 1500
23351.000 # 1500
23355.916 + 88 1
23356.000 # 1500
23356.000 # 1500
23356.000 # 1500
23356.000 # 1500
23356.088 - 88 0.172 1
23357.000 # 1500
23357.947 + 88 1
23358.000 # 1500
23358.074 - 88 0.127 1
23358.819 + 88 1
23358.859 + 88 1
23359.000 # 1500
23359.041 + 88 1
23359.074 + 88 1
23360.000 # 1500
23360.650 - 88 1.831 1
23360.671 - 88 1.812 1
23360.686 - 88 1.645 1
23360.768 - 88 1.694 1
23361.000 # 1500
23363.000 # 1500
23364.000 # 1500
23365.000 # 1500
23366.000 # 1500
23367.664 + 88 1
23367.699 + 88 1
23373.458 + 88 1
23373.498 + 88 1
23373.529 + 88 1
23373.566 + 88 1
23374.581 + 88 1
23376.000 # 1500
23376.000 # 1500
23376.076 + 88 1
23376.118 + 88 1
23376.153 - 88 8.489 1
23376.176 - 88 8.477 1
23376.190 - 88 2.732 1
23376.203 - 88 2.705 1
23376.216 - 88 2.687 1
23376.229 - 88 2.663 1
23376.242 - 88 1.661 1
23378.235 + 88 1
23379.000 # 1500
23379.000 # 1500
23379.000 # 1500
23379.000 # 1500
23379.000 # 1500
23379.000 # 1500
23379.000 # 1500
23380.000 # 1500
23380.014 - 88 3.938 1
23380.073 - 88 3.955 1
23380.093 - 88 1.858 1
23381.000 # 1500
23382.000 # 1500
23383.000 # 1500
23384.000 # 1500
23385.000 # 1500
23386.000 # 1500
23389.000 + 88 1
23389.108 + 88 1
23389.141 + 88 1
23389.172 + 88 1
23389.269 + 88 1
23392.014 + 88 1
23393.000 # 1500
23393.000 # 1500
23393.654 - 88 4.654 1
23393.681 - 88 4.573 1
23393.695 - 88 4.554 1
23393.708 - 88 4.536 1
23393.721 - 88 4.452 1
23393.734 - 88 1.720 1
23393.948 + 88 1
23395.000 # 1500
23395.548 - 88 1.600 1
23396.000 # 1500
23396.069 + 88 1
23396.735 + 88 1
23397.000 # 1500
23397.077 - 88 1.008 1
23398.701 + 88 1
23399.000 # 1500
23400.393 - 88 3.658 1
23400.420 - 88 1.719 1
23401.000 # 1500
23403.000 # 1500
23404.000 # 1500
23405.000 # 1500
23407.000 # 1500
23408.000 # 1500
23408.655 + 88 1
23408.769 + 88 1
23408.803 + 88 1
23408.833 + 88 1
23408.862 + 88 1
23410.000 # 1500
23410.290 + 88 1
23410.554 - 88 1.899 1
23410.577 - 88 1.808 1
23410.586 - 88 1.783 1
23410.594 - 88 1.761 1
23410.601 - 88 1.739 1
23411.000 # 1500
23412.351 + 88 1
23412.442 - 88 2.152 1
23414.313 + 88 1
23416.181 + 88 1
23421.000 # 1500
23422.012 - 88 9.661 1
23422.036 - 88 7.723 1
23422.044 - 88 5.863 1
23423.000 # 1500
23423.000 # 1500
23423.000 # 1500
23426.000 # 1500
23426.000 # 1500
23427.164 + 88 1
23427.325 + 88 1
23427.414 + 88 1
23428.082 + 88 1
23428.168 + 88 1
23428.398 + 88 1
23429.798 + 88 1
23432.000 # 1500
23433.000 # 1500
23433.000 # 1500
23433.686 - 88 6.522 1
23433.738 - 88 6.413 1
23433.932 + 88 1
23433.979 + 88 1
23434.000 # 1500
23434.000 # 1500
23434.000 # 1500
23434.000 # 1500
23434.017 - 88 6.603 1
23434.041 - 88 5.959 1
23434.055 - 88 5.887 1
23434.070 - 88 5.672 1
23434.083 - 88 4.285 1
23435.000 # 1500
23435.686 - 88 1.754 1
23435.707 - 88 1.728 1
23436.000 # 1500
23436.102 + 88 1
23436.145 + 88 1
23438.000 # 1500
23438.850 - 88 2.748 1
23438.877 - 88 2.732 1
23439.000 # 1500
23439.292 + 88 1
23440.000 # 1500
23441.037 - 88 1.745 1
23444.000 # 1500
23444.000 # 1500
23445.000 # 1500
23446.000 # 1500
23448.000 # 1500
23448.213 + 88 1
23448.307 + 88 1
23448.739 + 88 1
23449.000 # 1500
23449.146 + 88 1
23449.348 - 88 1.135 1
23449.369 - 88 1.062 1
23449.377 - 88 0.638 1
23449.630 + 88 1
23450.000 # 1500
23451.795 + 88 1
23451.805 - 88 2.659 1
23451.824 - 88 2.194 1
23454.000 # 1500
23454.000 # 1500
23454.177 + 88 1
23454.300 - 88 2.505 1
23454.519 + 88 1
23456.000 # 1500
23456.000 # 1500
23457.104 - 88 2.927 1
23457.122 - 88 2.603 1
23457.608 + 88 1
23458.000 # 1500
23459.000 # 1500
23459.344 - 88 1.736 1
23460.000 # 1500
23461.362 + 88 1
23461.638 + 88 1
23462.495 + 88 1
23463.000 # 1500
23464.000 # 1500
23464.452 - 88 3.090 1
23464.581 + 88 1
23464.613 - 88 2.975 1
23464.634 - 88 2.139 1
23465.000 # 1500
23466.000 # 1500
23466.111 + 88 1
23466.267 - 88 1.686 1
23467.870 + 88 1
23468.000 # 1500
23468.123 - 88 2.012 1
23470.000 # 1500
23470.000 # 1500
23470.490 + 88 1
23470.643 - 88 2.773 1
23472.387 + 88 1
23472.442 + 88 1
23473.000 # 1500
23474.442 - 88 3.952 1
23474.465 - 88 2.078 1
23474.479 - 88 2.037 1
23474.774 + 88 1
23475.000 # 1500
23475.072 - 88 0.298 1
23475.647 + 88 1
23476.000 # 1500
23476.140 - 88 0.493 1
23478.000 # 1500
23479.000 # 1500
23479.076 + 88 1
23480.000 # 1500
23481.000 # 1500
23481.291 - 88 2.215 1
23481.422 + 88 1
23481.561 + 88 1
23482.000 # 1500
23482.399 + 88 1
23482.789 - 88 1.367 1
23482.817 - 88 1.256 1
23483.000 # 1500
23484.156 + 88 1
23484.527 - 88 2.128 1
23486.000 # 1500
23486.000 # 1500
23486.235 + 88 1
23486.524 - 88 2.368 1
23487.000 # 1500
23488.000 # 1500
23488.055 - 88 1.820 1
23488.243 + 88 1
23489.000 # 1500
23490.002 - 88 1.759 1
23491.000 # 1500
23493.000 # 1500
23493.000 # 1500
23495.000 # 1500
23496.000 # 1500
23497.000 # 1500
23498.000 # 1500
23498.163 + 88 1
23498.264 + 88 1
23498.339 + 88 1
23502.000 # 1500
23502.000 # 1500
23502.797 - 88 4.634 1
23502.891 - 88 4.627 1
23502.922 - 88 4.583 1
23503.000 # 1500
23505.000 # 1500
23505.967 + 88 1
23506.000 # 1500
23506.163 + 88 1
23506.339 + 88 1
23507.000 # 1500
23508.537 - 88 2.570 1
23508.558 - 88 2.395 1
23508.637 - 88 2.298 1
23510.397 + 88 1
23510.465 + 88 1
23512.327 + 88 1
23518.000 # 1500
23518.000 # 1500
23518.000 # 1500
23518.000 # 1500
23522.512 - 88 12.115 1
23522.606 - 88 12.141 1
23522.683 - 88 10.356 1
23522.879 + 88 1
23524.555 + 88 1
23525.000 # 1500
23526.000 # 1500
23526.000 # 1500
23527.000 # 1500
23527.000 # 1500
23529.000 # 1500
23529.000 # 1500
23530.000 # 1500
23532.649 - 88 9.770 1
23532.651 + 88 1
23532.685 - 88 8.130 1
23532.794 + 88 1
23532.845 + 88 1
23533.000 # 1500
23534.000 # 1500
23534.877 - 88 2.226 1
23534.940 - 88 2.146 1
23534.958 - 88 2.113 1
23535.000 # 1500
23535.000 # 1500
23536.000 # 1500
23536.762 + 88 1
23536.866 + 88 1
23539.278 + 88 1
23539.371 + 88 1
23547.000 # 1500
23547.000 # 1500
23547.000 # 1500
23547.000 # 1500
23547.000 # 1500
23547.000 # 1500
23547.000 # 1500
23547.000 # 1500
23549.000 # 1500
23549.000 # 1500
23550.000 # 1500
23552.000 # 1500
23553.000 # 1500
23553.435 - 88 16.673 1
23553.482 - 88 16.616 1
23553.536 - 88 14.258 1
23553.555 - 88 14.184 1
23553.673 + 88 1
23553.862 + 88 1
23554.000 # 1500
23554.054 + 88 1
23554.247 - 88 0.574 1
23554.265 - 88 0.403 1
23554.298 + 88 1
23554.349 + 88 1
23554.519 + 88 1
23555.000 # 1500
23556.000 # 1500
23556.508 - 88 2.454 1
23556.537 - 88 2.239 1
23556.544 - 88 2.195 1
23556.552 - 88 2.033 1
23557.000 # 1500
23564.087 + 88 1
23565.308 + 88 1
23566.000 # 1500
23566.000 # 1500
23566.000 # 1500
23566.908 - 88 2.821 1
23566.925 - 88 1.617 1
23570.000 # 1500
23570.000 # 1500
23570.000 # 1500
23570.000 # 1500
23570.000 # 1500
23570.000 # 1500
23570.000 # 1500
23570.961 + 88 1
23571.000 # 1500
23571.019 + 88 1
23573.000 # 1500
23573.669 + 88 1
23573.846 - 88 2.885 1
23573.934 - 88 2.915 1
23575.695 + 88 1
23577.647 + 88 1
23580.559 + 88 1
23582.504 + 88 1
23583.000 # 1500
23583.000 # 1500
23584.000 # 1500
23584.000 # 1500
23584.019 - 88 10.350 1
23584.112 - 88 8.417 1
23584.142 - 88 6.495 1
23584.150 - 88 3.591 1
23584.157 - 88 1.653 1
23584.414 + 88 1
23586.000 # 1500
23587.000 # 1500
23587.000 # 1500
23587.000 # 1500
23587.316 + 88 1
23587.484 - 88 3.070 1
23589.922 + 88 1
23593.717 + 88 1
23593.814 + 88 1
23595.770 + 88 1
23597.000 # 1500
23597.000 # 1500
23597.000 # 1500
23597.000 # 1500
23597.000 # 1500
23597.649 + 88 1
23598.000 # 1500
23598.085 - 88 10.769 1
23598.178 - 88 8.256 1
23598.254 - 88 4.537 1
23598.266 - 88 4.452 1
23598.273 - 88 2.503 1
23600.085 - 88 2.436 1
23604.000 # 1500
23607.000 # 1500
23608.000 # 1500
23608.521 + 88 1
23608.715 + 88 1
23608.898 + 88 1
23609.074 + 88 1
23609.126 + 88 1
23610.000 # 1500
23611.345 - 88 2.824 1
23611.407 - 88 2.692 1
23611.429 - 88 2.531 1
23611.445 - 88 2.371 1
23611.459 - 88 2.333 1
23611.542 + 88 1
23612.000 # 1500
23613.000 # 1500
23613.000 # 1500
23613.000 # 1500
23615.360 - 88 3.818 1
23615.572 + 88 1
23615.669 + 88 1
23618.388 + 88 1
23621.174 + 88 1
23621.274 + 88 1
23624.000 # 1500
23624.049 + 88 1
23624.164 - 88 8.592 1
23624.215 - 88 8.546 1
23624.284 - 88 5.896 1
23624.308 - 88 3.134 1
23624.324 - 88 3.050 1
23626.052 + 88 1
23627.000 # 1500
23629.000 # 1500
23629.000 # 1500
23629.000 # 1500
23630.942 - 88 6.893 1
23630.966 - 88 4.914 1
23631.064 + 88 1
23631.158 + 88 1
23633.000 # 1500
23633.000 # 1500
23635.003 - 88 3.939 1
23635.031 - 88 3.873 1
23635.123 + 88 1
23635.218 + 88 1
23638.952 + 88 1
23639.048 + 88 1
23640.000 # 1500
23640.000 # 1500
23640.844 - 88 5.721 1
23640.875 - 88 5.657 1
23640.893 - 88 1.941 1
23640.907 - 88 1.859 1
23641.000 # 1500
23641.013 + 88 1
23642.000 # 1500
23642.790 - 88 1.777 1
23642.905 + 88 1
23644.000 # 1500
23645.000 # 1500
23645.734 - 88 2.829 1
23646.000 # 1500
23648.000 # 1500
23652.738 + 88 1
23652.791 + 88 1
23652.838 + 88 1
23654.640 + 88 1
23656.516 + 88 1
23659.426 + 88 1
23660.000 # 1500
23660.000 # 1500
23660.000 # 1500
23660.000 # 1500
23660.000 # 1500
23661.000 # 1500
23663.000 # 1500
23663.698 - 88 10.960 1
23663.754 - 88 10.963 1
23663.771 - 88 10.933 1
23663.787 - 88 9.147 1
23663.801 - 88 7.285 1
23663.815 - 88 4.389 1
23663.937 + 88 1
23664.057 + 88 1
23666.000 # 1500
23667.000 # 1500
23667.538 - 88 3.601 1
23667.558 - 88 3.501 1
23669.000 # 1500
23670.000 # 1500
23670.610 + 88 1
23670.703 + 88 1
23673.000 # 1500
23673.432 + 88 1
23673.487 - 88 2.877 1
23673.512 - 88 2.809 1
23674.000 # 1500
23675.403 - 88 1.971 1
23676.000 # 1500
23679.000 # 1500
23680.000 # 1500
23682.000 # 1500
23684.000 # 1500
23684.095 + 88 1
23684.239 + 88 1
23684.290 + 88 1
23684.337 + 88 1
23686.000 # 1500
23686.143 + 88 1
23686.442 - 88 2.347 1
23686.480 - 88 2.241 1
23686.496 - 88 2.206 1
23686.504 - 88 2.167 1
23688.106 + 88 1
23689.000 # 1500
23689.000 # 1500
23690.009 + 88 1
23690.425 - 88 4.282 1
23690.494 - 88 2.388 1
23691.000 # 1500
23692.000 # 1500
23692.082 - 88 2.073 1
23697.024 + 88 1
23697.137 + 88 1
23697.170 + 88 1
23698.832 + 88 1
23702.754 + 88 1
23702.864 + 88 1
23704.000 # 1500
23705.000 # 1500
23705.703 + 88 1
23706.096 - 88 9.072 1
23706.188 - 88 9.051 1
23706.266 - 88 9.096 1
23706.279 - 88 7.447 1
23706.287 - 88 3.533 1
23706.294 - 88 3.430 1
23706.461 + 88 1
23709.785 + 88 1
23710.000 # 1500
23710.087 - 88 4.384 1
23710.105 - 88 3.644 1
23710.121 - 88 0.336 1
23711.000 # 1500
23711.000 # 1500
23711.000 # 1500
23712.478 + 88 1
23714.485 + 88 1
23716.508 + 88 1
23717.559 + 88 1
23719.000 # 1500
23719.000 # 1500
23719.000 # 1500
23719.000 # 1500
23720.374 + 88 1
23720.850 - 88 8.372 1
23720.870 - 88 6.385 1
23720.949 - 88 4.441 1
23721.041 - 88 3.482 1
23721.384 + 88 1
23723.260 + 88 1
23725.000 # 1500
23725.000 # 1500
23725.000 # 1500
23725.000 # 1500
23726.000 # 1500
23726.488 - 88 6.114 1
23726.568 - 88 5.184 1
23726.581 - 88 3.321 1
23726.669 + 88 1
23727.000 # 1500
23728.157 + 88 1
23728.402 - 88 1.733 1
23730.044 + 88 1
23732.027 + 88 1
23734.096 + 88 1
23737.000 # 1500
23737.000 # 1500
23737.000 # 1500
23737.000 # 1500
23737.871 + 88 1
23738.000 # 1500
23738.470 - 88 10.313 1
23738.566 - 88 8.522 1
23738.645 - 88 6.618 1
23738.657 - 88 4.561 1
23738.786 + 88 1
23740.568 + 88 1
23743.237 + 88 1
23745.014 + 88 1
23746.935 + 88 1
23750.544 + 88 1
23750.879 + 88 1
23751.000 # 1500
23751.000 # 1500
23751.000 # 1500
23751.087 - 88 13.216 1
23751.205 - 88 12.419 1
23751.227 - 88 10.659 1
23751.269 - 88 8.032 1
23751.292 - 88 6.278 1
23751.308 - 88 4.373 1
23751.434 - 88 0.890 1
23752.000 # 1500
23752.686 - 88 1.807 1
23752.872 + 88 1
23753.000 # 1500
23755.000 # 1500
23755.082 + 88 1
23755.384 - 88 2.512 1
23757.000 # 1500
23757.533 - 88 2.451 1
23760.000 # 1500
23762.000 # 1500
23764.709 + 88 1
23766.513 + 88 1
23770.178 + 88 1
23774.000 # 1500
23774.000 # 1500
23774.000 # 1500
23774.000 # 1500
23774.916 - 88 10.207 1
23774.969 - 88 8.456 1
23775.000 # 1500
23775.000 # 1500
23775.107 - 88 4.929 1
23775.109 + 88 1
23777.000 # 1500
23777.994 - 88 2.885 1
23778.000 # 1500
23778.231 + 88 1
23778.447 + 88 1
23781.796 + 88 1
23782.000 # 1500
23782.000 # 1500
23782.065 - 88 3.834 1
23782.233 - 88 3.786 1
23782.255 - 88 0.459 1
23784.000 # 1500
23785.146 + 88 1
23787.000 # 1500
23787.658 + 88 1
23787.946 - 88 2.800 1
23788.000 # 1500
23789.557 + 88 1
23789.816 - 88 2.158 1
23790.000 # 1500
23792.000 # 1500
23794.000 # 1500
23796.000 # 1500
23798.000 # 1500
23799.066 + 88 1
23799.074 - 88 9.517 1
23800.000 # 1500
23800.849 - 88 1.783 1
23803.000 # 1500
23805.000 # 1500
23808.000 # 1500
23809.000 # 1500
23809.728 + 88 1
23814.000 # 1500
23814.000 # 1500
23815.000 # 1500
23818.000 # 1500
23820.000 # 1500
23820.546 + 88 1
23820.818 - 88 11.090 1
23822.000 # 1500
23822.443 + 88 1
23822.680 - 88 2.134 1
23824.285 + 88 1
23826.000 # 1500
23826.126 + 88 1
23826.343 - 88 3.900 1
23826.362 - 88 2.077 1
23828.367 + 88 1
23829.000 # 1500
23829.866 - 88 3.740 1
23829.885 - 88 1.518 1
23830.000 # 1500
23832.000 # 1500
23834.000 # 1500
23836.000 # 1500
23837.000 # 1500
23839.000 # 1500
23839.122 + 88 1
23841.000 # 1500
23841.574 - 88 2.452 1
23844.301 + 88 1
23848.577 + 88 1
23850.000 # 1500
23850.000 # 1500
23850.751 + 88 1
23850.864 - 88 6.563 1
23850.985 - 88 2.408 1
23851.000 # 1500
23851.019 - 88 0.268 1
23853.000 # 1500
23854.000 # 1500
23854.885 + 88 1
23856.000 # 1500
23856.640 - 88 1.755 1
23859.000 # 1500
23859.482 + 88 1
23861.000 # 1500
23861.192 + 88 1
23861.648 - 88 2.166 1
23863.000 # 1500
23864.201 + 88 1
23864.415 - 88 3.223 1
23865.000 # 1500
23865.897 - 88 1.696 1
23866.000 # 1500
23869.000 # 1500
23870.000 # 1500
23872.000 # 1500
23874.000 # 1500
23874.906 + 88 1
23876.000 # 1500
23876.959 + 88 1
23877.000 # 1500
23877.183 - 88 2.277 1
23880.000 # 1500
23880.525 + 88 1
23880.789 - 88 3.830 1
23882.658 + 88 1
23883.000 # 1500
23884.000 # 1500
23884.745 - 88 4.220 1
23884.765 - 88 2.107 1
23886.000 # 1500
23886.570 + 88 1
23888.000 # 1500
23888.327 + 88 1
23888.605 - 88 2.035 1
23890.000 # 1500
23891.000 # 1500
23891.276 - 88 2.949 1
23893.000 # 1500
23895.000 # 1500
23901.012 + 88 1
23901.269 + 88 1
23905.185 + 88 1
23907.000 # 1500
23907.000 # 1500
23907.000 # 1500
23907.000 # 1500
23907.000 # 1500
23908.165 - 88 7.153 1
23908.185 - 88 6.916 1
23908.264 - 88 3.079 1
23908.272 + 88 1
23910.000 # 1500
23911.000 # 1500
23912.000 # 1500
23912.010 - 88 3.738 1
23913.175 + 88 1
23913.236 + 88 1
23916.000 # 1500
23917.000 # 1500
23917.820 - 88 4.645 1
23917.841 - 88 4.605 1
23920.000 # 1500
23920.204 + 88 1
23923.000 # 1500
23923.760 + 88 1
23924.043 - 88 3.839 1
23925.000 # 1500
23926.000 # 1500
23926.451 - 88 2.691 1
23927.609 + 88 1
23928.000 # 1500
23929.663 - 88 2.054 1
23929.677 + 88 1
23930.000 # 1500
23931.457 - 88 1.780 1
23932.000 # 1500
23933.000 # 1500
23933.368 + 88 1
23935.000 # 1500
23936.000 # 1500
23936.217 + 88 1
23936.520 - 88 3.152 1
23943.013 + 88 1
23943.265 + 88 1
23950.000 # 1500
23951.380 - 88 15.163 1
23951.402 - 88 8.389 1
23951.408 - 88 8.143 1
23953.000 # 1500
23953.521 + 88 1
23955.000 # 1500
23955.000 # 1500
23955.000 # 1500
23957.272 - 88 3.751 1
23957.480 + 88 1
23959.328 + 88 1
23960.000 # 1500
23961.036 + 88 1
23961.430 - 88 3.950 1
23961.444 - 88 2.116 1
23962.000 # 1500
23963.105 - 88 2.069 1
23965.000 # 1500
23967.000 # 1500
23970.000 # 1500
23971.941 + 88 1
23972.000 # 1500
23972.077 + 88 1
23972.091 + 88 1
23973.000 # 1500
23973.813 - 88 1.872 1
23973.853 - 88 1.776 1
23973.863 - 88 1.772 1
23975.000 # 1500
23976.000 # 1500
23978.000 # 1500
23980.000 # 1500
23980.700 + 88 1
23980.745 + 88 1
23980.756 + 88 1
23980.766 + 88 1
23983.000 # 1500
23983.554 + 88 1
23983.827 - 88 3.127 1
23983.840 - 88 3.095 1
23983.874 - 88 3.118 1
23983.902 - 88 3.136 1
23985.000 # 1500
23985.682 + 88 1
23986.102 - 88 2.548 1
23987.000 # 1500
23988.000 # 1500
23988.701 - 88 3.019 1
23988.852 + 88 1
23990.615 + 88 1
23991.000 # 1500
23992.435 - 88 3.583 1
23992.447 - 88 1.832 1
23993.000 # 1500
23993.000 # 1500
23995.000 # 1500
23998.000 # 1500
23998.406 + 88 1
23998.451 + 88 1
23999.000 # 1500
24000.330 + 88 1
24000.358 - 88 1.952 1
24000.372 + 88 1
24000.451 - 88 2.000 1
24001.000 # 1500
24002.000 # 1500
24002.216 - 88 1.886 1
24002.297 - 88 1.925 1
24005.000 # 1500
24007.000 # 1500
24009.000 # 1500
24009.112 + 88 1
24009.155 + 88 1
24010.000 # 1500
24010.954 - 88 1.842 1
24010.995 - 88 1.840 1
24011.000 # 1500
24013.153 + 88 1
24013.196 + 88 1
24024.000 # 1500
24024.000 # 1500
24024.000 # 1500
24024.674 - 88 11.521 1
24024.718 - 88 11.522 1
24026.789 + 88 1
24026.831 + 88 1
24026.843 + 88 1
24026.853 + 88 1
24027.000 # 1500
24028.605 - 88 1.816 1
24028.646 - 88 1.815 1
24028.673 - 88 1.830 1
24028.677 - 88 1.824 1
24028.802 + 88 1
24030.000 # 1500
24030.000 # 1500
24030.458 + 88 1
24030.581 - 88 1.779 1
24031.000 # 1500
24032.537 + 88 1
24032.692 - 88 2.234 1
24034.341 + 88 1
24037.491 + 88 1
24040.462 + 88 1
24040.695 + 88 1
24041.000 # 1500
24041.000 # 1500
24041.000 # 1500
24041.000 # 1500
24041.000 # 1500
24041.000 # 1500
24042.108 - 88 9.571 1
24042.119 - 88 7.778 1
24042.163 - 88 4.672 1
24042.188 - 88 1.726 1
24042.196 - 88 1.501 1
24042.311 + 88 1
24045.000 # 1500
24046.000 # 1500
24046.025 - 88 3.714 1
24047.000 # 1500
24048.000 # 1500
24050.000 # 1500
24051.000 # 1500
24052.019 + 88 1
24052.332 + 88 1
24053.000 # 1500
24053.929 - 88 1.910 1
24053.960 - 88 1.628 1
24054.301 + 88 1
24056.000 # 1500
24056.941 - 88 2.640 1
24057.215 + 88 1
24059.061 + 88 1
24061.000 # 1500
24061.205 - 88 3.990 1
24061.217 - 88 2.156 1
24062.000 # 1500
24062.000 # 1500
24062.819 + 88 1
24064.852 + 88 1
24065.000 # 1500
24066.000 # 1500
24066.638 - 88 3.819 1
24066.694 - 88 1.842 1
24066.719 + 88 1
24068.000 # 1500
24068.647 + 88 1
24068.893 - 88 2.174 1
24069.000 # 1500
24069.729 + 88 1
24069.980 - 88 1.333 1
24072.000 # 1500
24073.573 + 88 1
24073.653 - 88 3.924 1
24075.368 + 88 1
24076.000 # 1500
24076.000 # 1500
24076.768 - 88 3.195 1
24076.798 - 88 1.430 1
24077.000 # 1500
24077.160 + 88 1
24080.000 # 1500
24080.374 + 88 1
24080.653 - 88 3.493 1
24081.000 # 1500
24082.000 # 1500
24082.180 + 88 1
24082.507 - 88 2.133 1
24084.000 # 1500
24085.363 - 88 3.183 1
24086.000 # 1500
24087.050 + 88 1
24087.069 + 88 1
24088.000 # 1500
24089.000 # 1500
24089.382 - 88 2.332 1
24089.410 - 88 2.341 1
24089.483 + 88 1
24091.000 # 1500
24091.955 + 88 1
24092.433 - 88 2.950 1
24096.819 + 88 1
24096.870 + 88 1
24099.785 + 88 1
24099.919 + 88 1
24100.000 # 1500
24100.116 - 88 8.161 1
24100.134 - 88 3.315 1
24100.139 - 88 3.269 1
24100.142 - 88 0.357 1
24102.753 + 88 1
24104.000 # 1500
24105.607 + 88 1
24105.918 - 88 5.999 1
24105.942 - 88 3.189 1
24107.000 # 1500
24107.000 # 1500
24107.000 # 1500
24107.592 + 88 1
24107.909 - 88 2.302 1
24109.553 + 88 1
24113.444 + 88 1
24115.395 + 88 1
24116.000 # 1500
24116.000 # 1500
24117.000 # 1500
24117.519 - 88 9.927 1
24117.560 - 88 8.007 1
24117.567 - 88 4.123 1
24117.569 - 88 2.174 1
24119.322 + 88 1
24120.299 + 88 1
24121.000 # 1500
24122.000 # 1500
24122.000 # 1500
24122.000 # 1500
24122.000 # 1500
24122.275 + 88 1
24122.686 - 88 3.364 1
24122.698 - 88 2.399 1
24124.000 # 1500
24124.271 + 88 1
24124.531 - 88 2.256 1
24126.000 # 1500
24127.467 - 88 3.196 1
24128.000 # 1500
24128.000 # 1500
24128.122 + 88 1
24131.000 # 1500
24132.344 - 88 4.222 1
24133.000 # 1500
24138.019 + 88 1
24138.065 + 88 1
24143.919 + 88 1
24144.000 # 1500
24144.000 # 1500
24144.000 # 1500
24144.000 # 1500
24144.000 # 1500
24144.004 + 88 1
24144.017 + 88 1
24144.318 - 88 6.299 1
24144.342 - 88 6.277 1
24145.000 # 1500
24145.872 - 88 1.953 1
24145.897 - 88 1.893 1
24145.903 - 88 1.886 1
24147.000 # 1500
24149.000 # 1500
24150.950 + 88 1
24150.994 + 88 1
24151.006 + 88 1
24151.016 + 88 1
24152.744 + 88 1
24157.662 + 88 1
24157.707 + 88 1
24158.000 # 1500
24159.000 # 1500
24159.000 # 1500
24159.000 # 1500
24159.000 # 1500
24159.494 - 88 8.544 1
24159.516 - 88 8.522 1
24159.523 - 88 8.517 1
24159.525 - 88 8.509 1
24159.528 - 88 6.784 1
24159.530 - 88 1.868 1
24159.533 - 88 1.826 1
24161.000 # 1500
24166.324 + 88 1
24167.527 + 88 1
24169.000 # 1500
24169.000 # 1500
24169.000 # 1500
24169.000 # 1500
24170.522 - 88 4.198 1
24170.534 - 88 3.007 1
24172.303 + 88 1
24172.315 + 88 1
24172.325 + 88 1
24174.247 + 88 1
24176.212 + 88 1
24184.921 + 88 1
24184.966 + 88 1
24184.977 + 88 1
24186.840 + 88 1
24191.802 + 88 1
24191.907 + 88 1
24197.737 + 88 1
24197.780 + 88 1
24206.000 # 1500
24206.000 # 1500
24206.000 # 1500
24206.000 # 1500
24207.000 # 1500
24207.000 # 1500
24207.000 # 1500
24207.000 # 1500
24207.000 # 1500
24207.000 # 1500
24207.000 # 1500
24207.000 # 1500
24207.000 # 1500
24207.000 # 1500
24207.000 # 1500
24207.000 # 1500
24207.000 # 1500
24209.894 - 88 37.591 1
24209.939 - 88 37.624 1
24209.950 - 88 37.625 1
24209.953 - 88 35.706 1
24209.955 - 88 33.743 1
24209.957 - 88 25.036 1
24209.960 - 88 24.994 1
24209.962 - 88 24.985 1
24209.964 - 88 23.124 1
24209.988 - 88 18.186 1
24209.993 - 88 18.086 1
24209.996 - 88 12.259 1
24209.998 - 88 12.218 1
24212.000 # 1500
24213.000 # 1500
24215.000 # 1500
24215.000 # 1500
24215.000 # 1500
24219.537 + 88 1
24219.580 + 88 1
24219.591 + 88 1
24219.601 + 88 1
24221.000 # 1500
24221.000 # 1500
24221.000 # 1500
24222.433 - 88 2.896 1
24222.453 - 88 2.873 1
24222.462 - 88 2.871 1
24222.468 - 88 2.867 1
24223.000 # 1500
24225.000 # 1500
24227.000 # 1500
24228.692 + 88 1
24228.826 + 88 1
24231.207 + 88 1
24235.486 + 88 1
24236.000 # 1500
24236.000 # 1500
24236.000 # 1500
24236.000 # 1500
24236.000 # 1500
24236.675 + 88 1
24237.102 - 88 8.410 1
24237.126 - 88 8.300 1
24237.135 - 88 5.928 1
24237.141 - 88 1.655 1
24239.000 # 1500
24239.000 # 1500
24240.283 - 88 3.608 1
24240.378 + 88 1
24241.000 # 1500
24242.105 - 88 1.727 1
24244.935 + 88 1
24245.000 # 1500
24246.000 # 1500
24246.945 + 88 1
24246.963 - 88 2.028 1
24248.000 # 1500
24249.000 # 1500
24249.205 - 88 2.260 1
24249.402 + 88 1
24252.000 # 1500
24253.761 + 88 1
24253.912 - 88 4.510 1
24254.000 # 1500
24254.000 # 1500
24255.620 - 88 1.859 1
24255.703 + 88 1
24256.000 # 1500
24257.492 - 88 1.789 1
24259.000 # 1500
24261.000 # 1500
24262.000 # 1500
24264.000 # 1500
24265.000 # 1500
24266.582 + 88 1
24266.737 + 88 1
24269.240 + 88 1
24270.000 # 1500
24271.353 - 88 4.771 1
24271.389 - 88 4.652 1
24271.397 - 88 2.157 1
24274.000 # 1500
24276.000 # 1500
24276.000 # 1500
24279.000 # 1500
24280.087 + 88 1
24280.145 + 88 1
24280.162 + 88 1
24282.000 # 1500
24282.112 + 88 1
24282.474 - 88 2.387 1
24282.486 - 88 2.341 1
24282.489 - 88 2.327 1
24283.809 + 88 1
24284.000 # 1500
24284.000 # 1500
24285.850 + 88 1
24285.887 - 88 3.775 1
24285.923 - 88 2.114 1
24286.000 # 1500
24287.936 - 88 2.086 1
24288.167 + 88 1
24299.485 + 88 1
24299.538 + 88 1
24299.554 + 88 1
24299.569 + 88 1
24299.589 + 88 1
24301.000 # 1500
24301.000 # 1500
24301.000 # 1500
24301.000 # 1500
24301.309 + 88 1
24301.553 - 88 13.386 1
24301.563 - 88 2.078 1
24301.597 - 88 2.059 1
24301.608 - 88 2.054 1
24301.612 - 88 2.043 1
24301.614 - 88 2.025 1
24302.000 # 1500
24302.000 # 1500
24302.000 # 1500
24302.000 # 1500
24303.000 # 1500
24303.401 - 88 2.092 1
24303.504 + 88 1
24305.407 + 88 1
24306.000 # 1500
24307.362 - 88 3.858 1
24307.371 - 88 1.964 1
24309.000 # 1500
24310.746 + 88 1
24311.000 # 1500
24312.641 - 88 1.895 1
24313.000 # 1500
24314.000 # 1500
24316.000 # 1500
24318.621 + 88 1
24318.672 + 88 1
24318.688 + 88 1
24323.000 # 1500
24323.000 # 1500
24323.000 # 1500
24324.000 # 1500
24325.000 # 1500
24326.377 - 88 7.756 1
24326.425 - 88 7.753 1
24326.454 - 88 7.766 1
24328.240 + 88 1
24328.294 + 88 1
24328.310 + 88 1
24328.325 + 88 1
24338.865 + 88 1
24340.000 # 1500
24340.000 # 1500
24340.856 + 88 1
24340.907 + 88 1
24340.924 + 88 1
24341.126 - 88 12.886 1
24341.168 - 88 12.874 1
24341.195 - 88 12.885 1
24341.200 - 88 12.875 1
24341.203 - 88 2.338 1
24341.308 + 88 1
24344.894 + 88 1
24345.000 # 1500
24345.000 # 1500
24345.421 - 88 4.565 1
24345.451 - 88 4.544 1
24345.458 - 88 4.534 1
24345.465 - 88 4.157 1
24346.000 # 1500
24347.053 - 88 2.159 1
24347.288 + 88 1
24348.821 + 88 1
24349.000 # 1500
24349.354 - 88 2.066 1
24349.384 - 88 0.563 1
24350.000 # 1500
24360.839 + 88 1
24360.993 + 88 1
24361.000 # 1500
24361.047 + 88 1
24361.096 + 88 1
24363.000 # 1500
24363.000 # 1500
24363.044 + 88 1
24363.463 - 88 2.624 1
24363.490 - 88 2.497 1
24363.500 - 88 2.453 1
24363.507 - 88 2.411 1
24364.000 # 1500
24364.000 # 1500
24364.000 # 1500
24365.041 - 88 1.997 1
24366.785 + 88 1
24369.000 + 88 1
24374.000 # 1500
24374.000 # 1500
24374.000 # 1500
24375.000 # 1500
24375.000 # 1500
24376.458 - 88 9.673 1
24376.478 - 88 7.478 1
24377.000 # 1500
24377.578 + 88 1
24377.719 + 88 1
24379.000 # 1500
24380.374 - 88 2.796 1
24380.467 - 88 2.748 1
24381.000 # 1500
24384.000 # 1500
24385.000 # 1500
24385.221 + 88 1
24385.363 + 88 1
24386.000 # 1500
24387.124 - 88 1.903 1
24387.246 - 88 1.883 1
24387.474 + 88 1
24389.000 # 1500
24389.276 + 88 1
24389.415 + 88 1
24389.553 - 88 2.079 1
24389.683 + 88 1
24391.000 # 1500
24393.000 # 1500
24393.022 - 88 3.746 1
24393.141 - 88 3.726 1
24393.213 - 88 3.530 1
24395.000 # 1500
24397.000 # 1500
24399.814 + 88 1
24400.000 # 1500
24401.000 # 1500
24401.873 + 88 1
24401.887 - 88 2.073 1
24401.930 + 88 1
24401.982 + 88 1
24403.748 + 88 1
24404.000 # 1500
24404.043 - 88 2.170 1
24404.171 - 88 2.241 1
24404.243 - 88 2.261 1
24404.268 - 88 0.520 1
24404.398 + 88 1
24407.000 # 1500
24407.632 + 88 1
24408.000 # 1500
24408.064 - 88 3.666 1
24408.093 - 88 0.461 1
24412.000 # 1500
24412.000 # 1500
24415.000 # 1500
24415.000 # 1500
24417.000 # 1500
24419.614 + 88 1
24419.780 + 88 1
24419.836 + 88 1
24419.889 + 88 1
24419.940 + 88 1
24420.000 # 1500
24420.248 - 88 0.634 1
24420.312 - 88 0.532 1
24420.399 - 88 0.563 1
24420.427 - 88 0.538 1
24420.464 + 88 1
24422.000 # 1500
24422.640 + 88 1
24422.965 - 88 3.025 1
24423.000 # 1500
24423.010 - 88 2.546 1
24423.044 - 88 0.404 1
24424.000 # 1500
24424.478 + 88 1
24426.000 # 1500
24426.259 + 88 1
24426.479 - 88 2.001 1
24428.000 # 1500
24428.252 + 88 1
24428.738 - 88 2.479 1
24430.000 # 1500
24430.161 + 88 1
24430.664 - 88 2.412 1
24432.000 # 1500
24432.168 + 88 1
24432.680 - 88 2.519 1
24434.109 + 88 1
24436.056 + 88 1
24440.166 + 88 1
24450.614 + 88 1
24450.753 + 88 1
24450.804 + 88 1
24452.635 + 88 1
24454.558 + 88 1
24456.556 + 88 1
24467.000 # 1500
24467.000 # 1500
24467.000 # 1500
24467.000 # 1500
24467.000 # 1500
24468.000 # 1500
24468.000 # 1500
24468.000 # 1500
24468.000 # 1500
24468.000 # 1500
24468.000 # 1500
24468.000 # 1500
24468.000 # 1500
24468.000 # 1500
24468.000 # 1500
24468.000 # 1500
24468.000 # 1500
24468.000 # 1500
24468.204 - 88 36.036 1
24468.261 - 88 34.152 1
24468.264 + 88 1
24468.320 + 88 1
24468.342 - 88 32.286 1
24468.367 - 88 28.201 1
24468.369 + 88 1
24468.384 - 88 17.770 1
24468.398 - 88 17.645 1
24468.411 - 88 17.607 1
24468.418 + 88 1
24468.425 - 88 15.790 1
24468.438 - 88 13.880 1
24468.451 - 88 11.895 1
24468.466 + 88 1
24470.278 + 88 1
24471.000 # 1500
24472.000 # 1500
24472.148 + 88 1
24472.780 - 88 4.516 1
24472.821 - 88 4.501 1
24472.843 - 88 4.474 1
24472.858 - 88 4.440 1
24472.871 - 88 4.405 1
24472.884 - 88 2.606 1
24474.109 + 88 1
24474.246 + 88 1
24476.135 + 88 1
24479.000 # 1500
24479.904 - 88 7.756 1
24479.929 - 88 5.820 1
24479.943 - 88 5.697 1
24479.959 - 88 3.824 1
24480.000 # 1500
24482.000 # 1500
24485.000 # 1500
24485.000 # 1500
24486.025 + 88 1
24486.166 + 88 1
24486.217 + 88 1
24486.287 + 88 1
24487.000 # 1500
24487.763 - 88 1.738 1
24487.783 - 88 1.617 1
24487.797 - 88 1.580 1
24487.810 - 88 1.523 1
24488.142 + 88 1
24488.285 + 88 1
24491.768 + 88 1
24493.643 + 88 1
24499.000 # 1500
24499.000 # 1500
24499.000 # 1500
24499.000 # 1500
24499.000 # 1500
24499.000 # 1500
24500.000 # 1500
24500.677 - 88 12.535 1
24500.708 - 88 12.423 1
24500.716 - 88 8.948 1
24500.723 - 88 7.080 1
24502.000 # 1500
24502.689 + 88 1
24502.807 + 88 1
24502.841 + 88 1
24502.872 + 88 1
24502.903 + 88 1
24503.000 # 1500
24504.529 + 88 1
24504.918 - 88 2.229 1
24504.946 - 88 2.139 1
24505.000 # 1500
24505.032 - 88 2.191 1
24505.049 - 88 2.177 1
24505.059 - 88 2.156 1
24506.514 - 88 1.985 1
24507.005 + 88 1
24515.000 # 1500
24515.000 # 1500
24515.000 # 1500
24515.000 # 1500
24515.000 # 1500
24516.134 + 88 1
24516.248 + 88 1
24516.490 - 88 9.485 1
24517.000 # 1500
24517.000 # 1500
24517.976 - 88 1.842 1
24518.004 - 88 1.756 1
24519.000 # 1500
24521.000 # 1500
24523.000 # 1500
24525.000 # 1500
24525.371 + 88 1
24525.481 + 88 1
24525.514 + 88 1
24525.577 + 88 1
24526.000 # 1500
24526.486 + 88 1
24526.618 + 88 1
24526.826 - 88 1.455 1
24526.843 - 88 1.362 1
24526.852 - 88 1.338 1
24526.859 - 88 1.282 1
24528.000 # 1500
24529.000 # 1500
24529.799 - 88 3.313 1
24529.817 - 88 3.199 1
24539.242 + 88 1
24543.161 + 88 1
24543.269 + 88 1
24543.302 + 88 1
24543.333 + 88 1
24543.383 + 88 1
24543.426 + 88 1
24546.869 + 88 1
24548.732 + 88 1
24549.681 + 88 1
24550.000 # 1500
24550.000 # 1500
24550.000 # 1500
24550.000 # 1500
24551.411 - 88 12.169 1
24551.437 - 88 8.276 1
24551.451 - 88 8.182 1
24551.464 - 88 8.162 1
24551.477 - 88 8.144 1
24551.490 - 88 8.107 1
24551.503 - 88 8.077 1
24551.517 - 88 4.648 1
24551.530 - 88 2.798 1
24551.542 - 88 1.861 1
24551.937 + 88 1
24554.513 + 88 1
24555.468 + 88 1
24557.703 + 88 1
24560.450 + 88 1
24560.558 + 88 1
24562.000 # 1500
24562.000 # 1500
24562.000 # 1500
24563.000 # 1500
24563.000 # 1500
24563.000 # 1500
24563.000 # 1500
24563.000 # 1500
24563.000 # 1500
24563.000 # 1500
24563.000 # 1500
24563.165 - 88 11.228 1
24563.186 - 88 8.673 1
24563.193 - 88 7.725 1
24563.200 - 88 5.497 1
24563.206 - 88 2.756 1
24563.213 - 88 2.655 1
24564.000 # 1500
24564.000 # 1500
24565.000 # 1500
24565.341 + 88 1
24565.452 + 88 1
24566.000 # 1500
24567.023 - 88 1.682 1
24567.034 - 88 1.582 1
24568.000 # 1500
24569.314 + 88 1
24569.370 + 88 1
24570.000 # 1500
24571.000 # 1500
24571.123 - 88 1.809 1
24571.148 - 88 1.778 1
24573.000 # 1500
24575.000 # 1500
24575.479 + 88 1
24575.721 + 88 1
24577.000 # 1500
24578.000 # 1500
24578.026 - 88 2.547 1
24578.045 - 88 2.324 1
24578.602 + 88 1
24581.000 # 1500
24581.000 # 1500
24583.136 + 88 1
24583.546 - 88 4.944 1
24584.000 # 1500
24584.805 - 88 1.669 1
24584.962 + 88 1
24585.000 # 1500
24587.000 # 1500
24588.086 + 88 1
24588.671 - 88 3.709 1
24591.000 # 1500
24591.000 # 1500
24592.567 - 88 4.481 1
24601.000 # 1500
24601.000 # 1500
24601.000 # 1500
24601.000 # 1500
24601.000 # 1500
24602.000 # 1500
24602.918 + 88 1
24602.987 + 88 1
24603.000 # 1500
24603.051 + 88 1
24603.310 + 88 1
24605.000 # 1500
24605.712 - 88 2.794 1
24605.734 - 88 2.747 1
24605.744 - 88 2.693 1
24605.751 - 88 2.441 1
24606.546 + 88 1
24607.000 # 1500
24608.000 # 1500
24608.408 - 88 1.862 1
24610.000 # 1500
24611.000 # 1500
24613.000 # 1500
24614.000 # 1500
24615.348 + 88 1
24615.816 + 88 1
24616.000 # 1500
24616.221 - 88 0.873 1
24617.000 # 1500
24617.869 - 88 2.053 1
24620.000 # 1500
24620.533 + 88 1
24621.000 # 1500
24622.000 # 1500
24622.133 - 88 1.600 1
24623.000 # 1500
24625.000 # 1500
24625.403 + 88 1
24626.000 # 1500
24627.047 - 88 1.644 1
24628.000 # 1500
24628.222 + 88 1
24629.000 # 1500
24630.252 + 88 1
24630.512 - 88 2.290 1
24631.000 # 1500
24632.000 # 1500
24632.274 + 88 1
24632.479 - 88 2.227 1
24634.000 # 1500
24634.298 + 88 1
24634.608 - 88 2.334 1
24635.000 # 1500
24635.664 + 88 1
24636.000 # 1500
24636.018 - 88 1.720 1
24636.072 - 88 0.408 1
24638.508 + 88 1
24640.863 + 88 1
24643.000 # 1500
24643.048 + 88 1
24643.366 - 88 4.858 1
24643.394 - 88 2.531 1
24644.000 # 1500
24644.666 + 88 1
24644.978 - 88 1.930 1
24646.000 # 1500
24647.000 # 1500
24648.225 - 88 3.559 1
24648.895 + 88 1
24649.160 + 88 1
24652.741 + 88 1
24654.973 + 88 1
24657.083 + 88 1
24659.656 + 88 1
24663.140 + 88 1
24664.000 # 1500
24664.000 # 1500
24665.000 # 1500
24665.000 # 1500
24665.132 + 88 1
24665.431 - 88 16.536 1
24665.451 - 88 16.291 1
24665.460 - 88 12.719 1
24665.466 - 88 10.493 1
24665.473 - 88 8.390 1
24665.479 - 88 5.823 1
24665.486 - 88 2.346 1
24666.000 # 1500
24666.616 + 88 1
24667.074 - 88 1.942 1
24668.000 # 1500
24675.974 + 88 1
24676.345 - 88 9.729 1
24677.000 # 1500
24680.000 # 1500
24684.000 # 1500
24684.000 # 1500
24685.000 # 1500
24685.409 + 88 1
24685.618 - 88 9.644 1
24690.344 + 88 1
24691.000 # 1500
24692.393 - 88 6.984 1
24692.414 - 88 2.070 1
24692.451 + 88 1
24695.903 + 88 1
24697.976 + 88 1
24700.584 + 88 1
24704.049 + 88 1
24712.000 # 1500
24712.000 # 1500
24713.000 # 1500
24714.000 # 1500
24714.729 - 88 22.278 1
24714.770 - 88 18.867 1
24714.843 - 88 16.867 1
24714.856 - 88 14.272 1
24714.865 - 88 10.816 1
24714.953 + 88 1
24715.000 # 1500
24715.230 + 88 1
24716.984 + 88 1
24718.000 # 1500
24718.904 + 88 1
24719.370 - 88 4.417 1
24719.392 - 88 4.162 1
24719.401 - 88 2.417 1
24720.876 + 88 1
24721.000 # 1500
24721.444 - 88 2.540 1
24722.000 # 1500
24722.440 - 88 1.564 1
24723.521 + 88 1
24724.000 # 1500
24725.527 + 88 1
24725.859 - 88 2.338 1
24727.746 + 88 1
24728.000 # 1500
24728.229 - 88 2.702 1
24728.612 + 88 1
24730.000 # 1500
24730.607 + 88 1
24730.882 - 88 3.136 1
24730.902 - 88 2.290 1
24732.801 + 88 1
24734.330 + 88 1
24735.000 # 1500
24736.142 - 88 5.535 1
24736.166 - 88 3.365 1
24736.174 - 88 1.844 1
24738.000 # 1500
24743.743 + 88 1
24744.000 # 1500
24745.923 - 88 2.180 1
24746.182 + 88 1
24747.000 # 1500
24748.293 - 88 2.111 1
24750.023 + 88 1
24750.162 + 88 1
24750.212 + 88 1
24750.260 + 88 1
24752.000 # 1500
24752.849 - 88 2.826 1
24752.880 - 88 2.718 1
24752.887 - 88 2.675 1
24752.894 - 88 2.634 1
24756.000 # 1500
24758.793 + 88 1
24758.931 + 88 1
24758.982 + 88 1
24759.835 + 88 1
24761.000 # 1500
24761.561 + 88 1
24761.999 - 88 3.206 1
24762.024 - 88 3.093 1
24762.249 - 88 3.267 1
24762.275 - 88 2.440 1
24765.000 # 1500
24766.239 - 88 4.678 1
24767.316 + 88 1
24768.818 + 88 1
24769.000 # 1500
24769.329 - 88 2.013 1
24770.271 + 88 1
24772.000 # 1500
24772.630 - 88 3.812 1
24772.715 - 88 2.444 1
24775.000 # 1500
24779.000 # 1500
24781.000 # 1500
24782.629 + 88 1
24784.000 # 1500
24784.654 + 88 1
24784.917 - 88 2.288 1
24787.000 # 1500
24787.406 - 88 2.752 1
24787.578 + 88 1
24787.720 + 88 1
24789.461 + 88 1
24789.521 + 88 1
24789.570 + 88 1
24791.000 # 1500
24792.213 - 88 4.635 1
24792.332 - 88 4.612 1
24792.500 - 88 3.039 1
24792.532 - 88 3.011 1
24792.549 - 88 2.979 1
24794.000 # 1500
24801.000 # 1500
24803.159 + 88 1
24803.297 + 88 1
24803.520 + 88 1
24803.654 + 88 1
24804.000 # 1500
24804.906 - 88 1.747 1
24805.025 - 88 1.728 1
24805.047 - 88 1.527 1
24805.063 - 88 1.409 1
24807.000 # 1500
24810.000 # 1500
24813.000 # 1500
24813.091 + 88 1
24813.228 + 88 1
24813.279 + 88 1
24813.327 + 88 1
24816.000 # 1500
24816.643 - 88 3.552 1
24816.766 - 88 3.538 1
24816.838 - 88 3.559 1
24816.862 - 88 3.535 1
24819.000 # 1500
24820.880 + 88 1
24821.020 + 88 1
24821.070 + 88 1
24821.231 + 88 1
24824.000 # 1500
24825.021 - 88 4.141 1
24825.140 - 88 4.120 1
24825.161 - 88 4.091 1
24825.179 - 88 3.948 1
24826.000 # 1500
24827.301 + 88 1
24829.000 # 1500
24830.043 - 88 2.742 1
24831.000 # 1500
24832.207 + 88 1
24834.000 # 1500
24834.745 - 88 2.538 1
24835.085 + 88 1
24837.000 # 1500
24837.755 - 88 2.670 1
24839.817 + 88 1
24840.000 # 1500
24840.111 + 88 1
24840.314 - 88 0.497 1
24843.000 # 1500
24844.557 - 88 4.446 1
24844.924 + 88 1
24846.000 # 1500
24846.486 - 88 1.562 1
24849.000 # 1500
24849.474 + 88 1
24849.611 + 88 1
24852.000 # 1500
24853.278 - 88 3.804 1
24853.396 - 88 3.785 1
24853.649 + 88 1
24853.787 + 88 1
24854.000 # 1500
24855.276 - 88 1.627 1
24855.305 - 88 1.518 1
24857.000 # 1500
24858.723 + 88 1
24858.862 + 88 1
24858.913 + 88 1
24860.000 # 1500
24860.347 + 88 1
24860.616 - 88 1.893 1
24860.734 - 88 1.872 1
24861.023 - 88 2.110 1
24862.295 + 88 1
24863.000 # 1500
24864.279 + 88 1
24864.292 - 88 3.945 1
24864.492 - 88 2.197 1
24867.514 + 88 1
24869.179 + 88 1
24875.000 # 1500
24875.778 - 88 11.499 1
24875.897 - 88 8.383 1
24875.918 - 88 6.739 1
24877.000 # 1500
24879.017 + 88 1
24879.229 + 88 1
24885.888 + 88 1
24885.959 + 88 1
24887.806 + 88 1
24889.000 # 1500
24889.613 + 88 1
24889.879 - 88 10.862 1
24889.997 - 88 10.768 1
24890.066 - 88 4.178 1
24890.091 - 88 4.132 1
24890.240 - 88 2.434 1
24895.000 # 1500
24897.000 # 1500
24901.000 # 1500
24901.709 + 88 1
24901.736 - 88 12.123 1
24901.771 + 88 1
24903.000 # 1500
24904.515 + 88 1
24904.568 + 88 1
24904.616 + 88 1
24904.897 - 88 3.188 1
24904.922 - 88 3.151 1
24905.000 # 1500
24907.537 + 88 1
24907.542 - 88 3.027 1
24907.570 - 88 3.002 1
24907.586 - 88 2.970 1
24909.000 # 1500
24909.489 + 88 1
24909.747 - 88 2.210 1
24910.000 # 1500
24911.316 - 88 1.827 1
24913.000 # 1500
24914.000 # 1500
24916.000 # 1500
24918.000 # 1500
24919.250 + 88 1
24919.316 + 88 1
24924.000 # 1500
24924.111 + 88 1
24924.380 - 88 5.130 1
24924.498 - 88 5.182 1
24926.000 # 1500
24926.073 + 88 1
24926.209 + 88 1
24926.259 + 88 1
24926.335 - 88 2.224 1
24928.000 # 1500
24928.035 + 88 1
24928.367 - 88 2.294 1
24928.564 - 88 2.355 1
24928.590 - 88 2.331 1
24929.977 + 88 1
24931.000 # 1500
24931.843 - 88 3.808 1
24931.866 - 88 1.889 1
24933.000 # 1500
24933.796 + 88 1
24935.000 # 1500
24937.000 # 1500
24942.000 # 1500
24943.000 # 1500
24943.014 + 88 1
24943.235 + 88 1
24943.292 - 88 9.496 1
24943.372 + 88 1
24943.425 + 88 1
24946.000 # 1500
24947.442 + 88 1
24947.578 + 88 1
24947.741 - 88 4.727 1
24947.830 - 88 4.595 1
24947.860 - 88 4.488 1
24947.869 - 88 4.444 1
24949.000 # 1500
24949.521 + 88 1
24949.781 - 88 2.339 1
24949.800 - 88 2.222 1
24950.000 # 1500
24951.657 - 88 2.136 1
24952.000 # 1500
24953.361 + 88 1
24953.504 + 88 1
24955.000 # 1500
24958.000 # 1500
24959.000 # 1500
24961.000 # 1500
24964.000 # 1500
24964.266 + 88 1
24964.412 + 88 1
24964.464 + 88 1
24964.512 + 88 1
24964.791 - 88 11.430 1
24964.814 - 88 11.310 1
24965.261 + 88 1
24966.000 # 1500
24966.948 - 88 2.682 1
24966.963 - 88 2.551 1
24966.973 - 88 2.509 1
24966.980 - 88 2.468 1
24967.097 - 88 1.836 1
24967.162 + 88 1
24970.000 # 1500
24974.000 # 1500
24974.390 + 88 1
24974.526 + 88 1
24974.901 - 88 7.739 1
24977.000 # 1500
24978.129 - 88 3.739 1
24978.158 - 88 3.632 1
24981.000 # 1500
24982.000 # 1500
24983.156 + 88 1
24983.290 + 88 1
24983.341 + 88 1
24984.352 + 88 1
24986.000 # 1500
24986.307 + 88 1
24986.802 - 88 3.646 1
24986.918 - 88 3.628 1
24986.942 - 88 3.601 1
24986.957 - 88 2.605 1
24988.111 + 88 1
24989.000 # 1500
24990.000 # 1500
24990.026 - 88 3.719 1
24990.056 - 88 1.945 1
24990.248 + 88 1
24992.071 + 88 1
24993.000 # 1500
24993.722 - 88 3.474 1
24993.735 - 88 1.664 1
24995.000 # 1500
24995.666 + 88 1
24996.000 # 1500
24998.000 # 1500
24998.918 - 88 3.252 1
25001.000 # 1500
25002.000 # 1500
25004.683 + 88 1
25004.821 + 88 1
25005.000 # 1500
25006.000 # 1500
25006.444 - 88 1.761 1
25006.613 - 88 1.792 1
25009.519 + 88 1
25009.655 + 88 1
25009.705 + 88 1
25017.000 # 1500
25017.062 + 88 1
25017.200 + 88 1
25017.512 - 88 7.993 1
25017.555 - 88 7.900 1
25017.622 - 88 7.917 1
25019.000 # 1500
25022.345 - 88 5.283 1
25022.422 - 88 5.222 1
25023.000 # 1500
25025.000 # 1500
25025.000 # 1500
25026.466 + 88 1
25030.000 # 1500
25030.151 + 88 1
25030.288 + 88 1
25030.464 - 88 3.998 1
25032.062 + 88 1
25034.000 # 1500
25034.000 # 1500
25035.061 - 88 4.910 1
25035.113 - 88 4.825 1
25035.129 - 88 3.067 1
25035.275 + 88 1
25038.000 # 1500
25039.000 - 88 3.725 1
25043.000 # 1500
25047.000 # 1500
25047.709 + 88 1
25047.851 + 88 1
25048.293 + 88 1
25048.433 + 88 1
25050.540 + 88 1
25051.000 # 1500
25052.570 + 88 1
25052.642 - 88 4.933 1
25052.696 - 88 4.845 1
25052.766 - 88 4.473 1
25052.791 - 88 4.358 1
25052.808 - 88 2.268 1
25054.000 # 1500
25055.682 - 88 3.112 1
25055.772 + 88 1
25057.000 # 1500
25057.723 - 88 1.951 1
25057.916 + 88 1
25062.000 # 1500
25063.000 # 1500
25063.559 - 88 5.643 1
25065.000 # 1500
25068.000 # 1500
25068.434 + 88 1
25068.570 + 88 1
25068.621 + 88 1
25071.000 # 1500
25072.000 # 1500
25072.388 - 88 3.954 1
25072.415 - 88 3.845 1
25072.429 - 88 3.808 1
25072.778 + 88 1
25072.915 + 88 1
25072.966 + 88 1
25074.000 # 1500
25074.595 - 88 1.817 1
25074.708 - 88 1.793 1
25074.728 - 88 1.762 1
25076.000 # 1500
25076.181 + 88 1
25080.000 # 1500
25080.944 - 88 4.763 1
25081.000 # 1500
25083.000 # 1500
25085.000 # 1500
25087.000 # 1500
25087.761 + 88 1
25088.255 + 88 1
25089.000 # 1500
25090.501 - 88 2.740 1
25090.618 - 88 2.363 1
25090.822 + 88 1
25091.000 # 1500
25091.009 + 88 1
25091.082 + 88 1
25091.130 + 88 1
25093.000 # 1500
25093.588 - 88 2.766 1
25093.830 - 88 2.821 1
25093.898 - 88 2.816 1
25093.923 - 88 2.793 1
25093.989 + 88 1
25096.000 # 1500
25096.678 + 88 1
25096.735 - 88 2.746 1
25097.000 # 1500
25098.445 - 88 1.767 1
25099.000 # 1500
25103.000 # 1500
25103.449 + 88 1
25103.586 + 88 1
25104.000 # 1500
25104.516 + 88 1
25104.832 - 88 1.383 1
25104.909 - 88 1.323 1
25106.000 # 1500
25106.293 + 88 1
25106.563 - 88 2.047 1
25108.000 # 1500
25109.350 - 88 3.057 1
25109.559 + 88 1
25110.000 # 1500
25111.155 - 88 1.596 1
25111.350 + 88 1
25112.000 # 1500
25113.066 - 88 1.716 1
25113.285 + 88 1
25114.000 # 1500
25115.235 - 88 1.950 1
25115.418 + 88 1
25116.000 # 1500
25117.061 + 88 1
25117.177 - 88 1.759 1
25119.000 # 1500
25120.878 - 88 3.817 1
25120.967 + 88 1
25122.000 # 1500
25122.865 - 88 1.898 1
25123.084 + 88 1
25123.224 + 88 1
25124.000 # 1500
25124.722 - 88 1.638 1
25124.800 - 88 1.576 1
25126.000 # 1500
25130.000 # 1500
25132.000 # 1500
25134.000 # 1500
25134.647 + 88 1
25134.896 + 88 1
25134.948 + 88 1
25135.000 # 1500
25135.054 - 88 0.407 1
25135.168 - 88 0.272 1
25138.000 # 1500
25138.378 + 88 1
25138.686 - 88 3.738 1
25139.000 # 1500
25140.455 - 88 2.077 1
25140.570 + 88 1
25141.000 # 1500
25143.000 # 1500
25144.284 - 88 3.714 1
25144.340 + 88 1
25144.480 + 88 1
25145.000 # 1500
25146.000 # 1500
25146.220 - 88 1.880 1
25146.272 - 88 1.792 1
25146.290 + 88 1
25148.000 # 1500
25149.192 - 88 2.902 1
25149.282 + 88 1
25150.000 # 1500
25151.185 - 88 1.903 1
25151.535 + 88 1
25152.000 # 1500
25159.000 # 1500
25159.998 - 88 8.463 1
25161.000 # 1500
25162.182 + 88 1
25162.322 + 88 1
25163.000 # 1500
25163.786 - 88 1.604 1
25163.888 - 88 1.566 1
25165.000 # 1500
25167.000 # 1500
25169.000 # 1500
25169.725 + 88 1
25169.864 + 88 1
25171.000 # 1500
25171.579 - 88 1.854 1
25171.697 - 88 1.833 1
25173.000 # 1500
25173.897 + 88 1
25174.034 + 88 1
25174.098 + 88 1
25175.000 # 1500
25175.506 - 88 1.609 1
25175.624 - 88 1.590 1
25175.646 - 88 1.548 1
25177.000 # 1500
25177.659 + 88 1
25178.000 # 1500
25178.085 - 88 0.426 1
25179.536 + 88 1
25180.000 # 1500
25180.285 - 88 0.749 1
25182.000 # 1500
25184.000 # 1500
25184.870 + 88 1
25186.000 # 1500
25186.230 - 88 1.360 1
25186.642 + 88 1
25188.000 # 1500
25189.311 + 88 1
25189.452 + 88 1
25189.626 - 88 2.984 1
25190.000 # 1500
25191.227 - 88 1.916 1
25191.277 - 88 1.825 1
25192.000 # 1500
25193.166 + 88 1
25194.000 # 1500
25196.000 # 1500
25196.470 - 88 3.304 1
25198.000 # 1500
25200.000 # 1500
25202.000 # 1500
25203.375 + 88 1
25203.430 + 88 1
25203.613 + 88 1
25203.748 + 88 1
25204.000 # 1500
25205.000 # 1500
25205.184 - 88 1.809 1
25205.224 + 88 1
25205.277 - 88 1.847 1
25205.297 - 88 1.684 1
25205.305 - 88 1.557 1
25207.000 # 1500
25208.084 - 88 2.860 1
25208.464 + 88 1
25209.000 # 1500
25210.226 - 88 1.762 1
25210.309 + 88 1
25211.000 # 1500
25212.102 - 88 1.793 1
25213.000 # 1500
25213.983 + 88 1
25214.000 # 1500
25216.000 # 1500
25216.932 - 88 2.949 1
25217.103 + 88 1
25218.857 + 88 1
25220.000 # 1500
25220.300 - 88 3.197 1
25220.364 - 88 1.507 1
25221.000 # 1500
25221.812 + 88 1
25223.000 # 1500
25223.960 + 88 1
25224.000 # 1500
25224.050 - 88 2.238 1
25225.946 - 88 1.986 1
25226.000 # 1500
25228.782 + 88 1
25229.000 # 1500
25230.000 # 1500
25230.882 - 88 2.100 1
25231.000 # 1500
25233.000 # 1500
25235.000 # 1500
25237.642 + 88 1
25237.700 + 88 1
25237.748 + 88 1
25237.794 + 88 1
25238.000 # 1500
25239.628 + 88 1
25239.882 - 88 2.240 1
25239.974 - 88 2.274 1
25240.000 # 1500
25240.291 - 88 2.543 1
25240.313 - 88 2.519 1
25241.634 + 88 1
25241.765 - 88 2.137 1
25243.000 # 1500
25243.000 # 1500
25243.529 + 88 1
25243.590 - 88 1.956 1
25245.000 # 1500
25246.779 + 88 1
25246.819 + 88 1
25246.867 - 88 3.338 1
25247.000 # 1500
25248.387 - 88 1.608 1
25248.411 - 88 1.592 1
25249.000 # 1500
25251.721 + 88 1
25252.000 # 1500
25252.885 + 88 1
25253.000 # 1500
25253.041 - 88 1.320 1
25253.067 - 88 0.182 1
25255.000 # 1500
25255.830 + 88 1
25256.000 # 1500
25257.254 - 88 1.424 1
25258.000 # 1500
25260.333 + 88 1
25261.000 # 1500
25261.000 # 1500
25262.138 - 88 1.805 1
25263.000 # 1500
25265.000 # 1500
25268.000 # 1500
25270.000 # 1500
25270.000 # 1500
25273.784 + 88 1
25275.000 # 1500
25276.596 - 88 2.812 1
25277.000 # 1500
25277.158 + 88 1
25278.694 + 88 1
25278.812 + 88 1
25280.000 # 1500
25280.628 + 88 1
25280.992 - 88 3.834 1
25281.082 - 88 2.388 1
25281.159 - 88 2.347 1
25282.000 # 1500
25283.695 + 88 1
25284.000 # 1500
25284.439 - 88 3.811 1
25284.577 - 88 0.882 1
25286.445 + 88 1
25286.554 + 88 1
25287.000 # 1500
25288.000 # 1500
25288.088 - 88 1.643 1
25288.112 - 88 1.558 1
25289.510 + 88 1
25290.000 # 1500
25291.281 - 88 1.771 1
25291.823 + 88 1
25292.000 # 1500
25293.745 + 88 1
25294.000 # 1500
25295.208 - 88 3.385 1
25295.282 + 88 1
25295.401 - 88 1.656 1
25296.000 # 1500
25296.576 + 88 1
25296.704 - 88 1.422 1
25298.517 + 88 1
25300.000 # 1500
25300.960 - 88 4.384 1
25300.991 - 88 2.474 1
25301.000 # 1500
25302.000 # 1500
25302.493 + 88 1
25302.753 + 88 1
25304.000 # 1500
25305.959 - 88 3.466 1
25305.988 - 88 3.235 1
25306.000 # 1500
25306.115 + 88 1
25308.000 # 1500
25308.955 - 88 2.840 1
25309.000 # 1500
25311.000 # 1500
25313.000 # 1500
25315.000 # 1500
25315.047 + 88 1
25315.155 + 88 1
25315.188 + 88 1
25315.219 + 88 1
25316.886 + 88 1
25318.802 + 88 1
25318.907 + 88 1
25319.000 # 1500
25319.000 # 1500
25320.000 # 1500
25320.468 - 88 5.421 1
25320.591 - 88 5.436 1
25320.668 - 88 5.480 1
25320.692 - 88 5.473 1
25320.708 - 88 3.822 1
25320.723 - 88 1.921 1
25320.736 - 88 1.829 1
25322.000 # 1500
25322.822 + 88 1
25322.862 + 88 1
25324.000 # 1500
25325.948 + 88 1
25326.503 + 88 1
25326.525 - 88 3.703 1
25326.554 - 88 3.692 1
25327.000 # 1500
25328.654 - 88 2.706 1
25328.674 - 88 2.171 1
25329.000 # 1500
25330.000 # 1500
25331.000 # 1500
25334.000 # 1500
25334.000 # 1500
25334.779 + 88 1
25334.893 + 88 1
25337.647 + 88 1
25337.755 + 88 1
25338.000 # 1500
25339.000 # 1500
25339.309 - 88 4.530 1
25339.321 - 88 4.428 1
25339.329 - 88 1.682 1
25339.335 - 88 1.580 1
25341.000 # 1500
25342.000 # 1500
25343.000 # 1500
25346.000 # 1500
25346.000 # 1500
25348.359 + 88 1
25348.469 + 88 1
25348.502 + 88 1
25348.533 + 88 1
25348.563 + 88 1
25349.000 # 1500
25350.251 + 88 1
25350.510 - 88 2.151 1
25350.536 - 88 2.067 1
25350.550 - 88 2.048 1
25350.563 - 88 2.030 1
25350.576 - 88 2.013 1
25352.000 # 1500
25352.993 - 88 2.742 1
25355.000 # 1500
25355.000 # 1500
25356.000 # 1500
25360.000 # 1500
25361.000 # 1500
25361.567 + 88 1
25361.677 + 88 1
25361.711 + 88 1
25361.741 + 88 1
25361.771 + 88 1
25363.000 # 1500
25363.000 # 1500
25364.972 - 88 3.405 1
25364.996 - 88 3.319 1
25365.000 # 1500
25365.011 - 88 3.300 1
25365.024 - 88 3.283 1
25365.037 - 88 3.266 1
25366.000 # 1500
25369.000 # 1500
25370.350 + 88 1
25373.711 + 88 1
25375.644 + 88 1
25376.538 + 88 1
25376.646 + 88 1
25379.000 # 1500
25379.000 # 1500
25379.000 # 1500
25379.000 # 1500
25379.000 # 1500
25379.000 # 1500
25380.000 # 1500
25380.455 + 88 1
25380.563 + 88 1
25380.739 - 88 10.389 1
25380.855 - 88 7.144 1
25380.925 - 88 5.281 1
25381.011 - 88 4.473 1
25381.032 - 88 4.386 1
25382.000 # 1500
25382.359 - 88 1.904 1
25382.383 - 88 1.820 1
25382.565 + 88 1
25385.000 # 1500
25386.233 - 88 3.668 1
25388.000 # 1500
25391.000 # 1500
25391.514 + 88 1
25393.000 # 1500
25393.000 # 1500
25394.000 # 1500
25395.000 # 1500
25396.013 - 88 4.499 1
25396.314 + 88 1
25396.421 + 88 1
25396.455 + 88 1
25396.485 + 88 1
25397.000 # 1500
25397.223 + 88 1
25397.435 - 88 1.121 1
25397.462 - 88 1.041 1
25397.478 - 88 1.023 1
25397.491 - 88 1.006 1
25398.000 # 1500
25398.881 - 88 1.658 1
25401.000 # 1500
25401.000 # 1500
25402.000 # 1500
25404.754 + 88 1
25405.000 # 1500
25405.000 # 1500
25405.230 - 88 0.476 1
25405.722 + 88 1
25405.832 + 88 1
25407.000 # 1500
25408.000 # 1500
25408.262 - 88 2.540 1
25408.296 - 88 2.464 1
25408.321 + 88 1
25409.000 # 1500
25409.878 + 88 1
25410.228 - 88 1.907 1
25411.000 # 1500
25412.000 # 1500
25412.282 + 88 1
25412.506 - 88 2.628 1
25414.000 # 1500
25415.000 # 1500
25415.593 - 88 3.311 1
25416.000 # 1500
25416.000 + 88 1
25416.044 + 88 1
25417.000 # 1500
25417.591 - 88 1.591 1
25417.618 - 88 1.574 1
25418.000 # 1500
25420.000 # 1500
25421.000 # 1500
25422.000 # 1500
25423.000 # 1500
25424.000 # 1500
25426.000 # 1500
25426.573 + 88 1
25427.000 # 1500
25428.000 # 1500
25428.219 - 88 1.646 1
25428.694 + 88 1
25428.730 + 88 1
25428.760 + 88 1
25430.000 # 1500
25431.000 # 1500
25432.000 # 1500
25432.101 - 88 3.407 1
25432.222 - 88 3.492 1
25432.293 - 88 3.533 1
25433.000 # 1500
25435.000 # 1500
25436.000 # 1500
25436.525 + 88 1
25436.637 + 88 1
25437.000 # 1500
25439.000 # 1500
25439.076 - 88 2.551 1
25439.167 - 88 2.530 1
25440.000 # 1500
25441.000 # 1500
25441.177 + 88 1
25441.460 + 88 1
25442.000 # 1500
25448.000 # 1500
25448.000 # 1500
25448.000 # 1500
25449.000 # 1500
25450.000 # 1500
25451.000 # 1500
25453.000 # 1500
25453.373 - 88 12.196 1
25453.470 - 88 12.010 1
25453.895 + 88 1
25454.000 # 1500
25455.000 # 1500
25456.000 # 1500
25456.484 - 88 2.589 1
25456.681 + 88 1
25458.000 # 1500
25459.000 # 1500
25459.331 + 88 1
25459.707 - 88 3.026 1
25460.000 # 1500
25461.385 - 88 2.054 1
25462.000 # 1500
25463.093 + 88 1
25465.099 + 88 1
25466.993 + 88 1
25467.732 + 88 1
25471.000 # 1500
25471.000 # 1500
25471.000 # 1500
25471.000 # 1500
25471.000 # 1500
25471.000 # 1500
25471.777 + 88 1
25471.913 - 88 8.820 1
25471.926 - 88 6.827 1
25471.934 - 88 4.941 1
25471.941 - 88 4.209 1
25472.875 + 88 1
25473.000 # 1500
25473.151 - 88 1.374 1
25473.171 - 88 0.296 1
25473.301 + 88 1
25474.000 # 1500
25475.326 - 88 2.025 1
25476.000 # 1500
25476.000 # 1500
25477.062 + 88 1
25477.125 + 88 1
25478.000 # 1500
25478.647 - 88 1.585 1
25478.700 + 88 1
25479.000 # 1500
25479.048 - 88 1.923 1
25480.000 # 1500
25480.663 - 88 1.963 1
25480.980 + 88 1
25481.000 # 1500
25482.000 # 1500
25483.699 - 88 2.719 1
25484.096 + 88 1
25484.254 + 88 1
25485.000 # 1500
25485.000 # 1500
25485.677 - 88 1.581 1
25485.697 - 88 1.443 1
25486.000 # 1500
25487.000 # 1500
25488.438 + 88 1
25488.573 + 88 1
25489.000 # 1500
25490.189 - 88 1.751 1
25490.215 - 88 1.642 1
25491.000 # 1500
25491.000 # 1500
25491.283 + 88 1
25492.000 # 1500
25493.403 - 88 2.120 1
25493.467 + 88 1
25503.438 + 88 1
25504.000 # 1500
25504.000 # 1500
25504.000 # 1500
25504.000 # 1500
25505.000 # 1500
25505.172 + 88 1
25505.310 + 88 1
25505.446 - 88 11.979 1
25505.478 - 88 2.040 1
25506.000 # 1500
25506.000 # 1500
25506.000 # 1500
25507.221 - 88 2.049 1
25507.240 - 88 1.930 1
25509.000 # 1500
25510.000 # 1500
25511.000 # 1500
25512.000 # 1500
25512.365 + 88 1
25512.689 + 88 1
25513.000 # 1500
25514.000 # 1500
25515.000 # 1500
25515.542 - 88 3.177 1
25515.572 - 88 2.883 1
25516.000 # 1500
25517.000 # 1500
25519.000 # 1500
25520.000 # 1500
25521.000 # 1500
25523.000 # 1500
25525.000 # 1500
25525.000 # 1500
25527.000 # 1500
25527.692 + 88 1
25528.000 # 1500
25528.062 - 88 0.370 1
25531.000 # 1500
25532.000 # 1500
25540.000 # 1500
25541.000 # 1500
25541.000 # 1500
25541.000 # 1500
25541.000 # 1500
25541.000 # 1500
25541.000 # 1500
25547.788 + 88 1
25547.817 + 88 1
25548.399 + 88 1
25549.000 # 1500
25549.000 # 1500
25549.000 # 1500
25550.729 - 88 2.941 1
25550.892 - 88 3.075 1
25550.910 - 88 2.511 1
25553.683 + 88 1
25554.000 # 1500
25554.000 # 1500
25554.000 # 1500
25554.000 # 1500
25555.000 # 1500
25555.000 # 1500
25555.000 # 1500
25555.435 - 88 1.752 1
25555.592 + 88 1
25556.000 # 1500
25557.503 - 88 1.911 1
25557.675 + 88 1
25558.000 # 1500
25558.509 + 88 1
25558.701 - 88 1.026 1
25562.266 + 88 1
25565.183 + 88 1
25566.000 # 1500
25566.000 # 1500
25567.000 # 1500
25567.000 # 1500
25567.000 # 1500
25567.000 # 1500
25567.000 # 1500
25567.000 # 1500
25567.173 - 88 8.664 1
25567.327 + 88 1
25567.340 - 88 5.074 1
25567.360 - 88 2.177 1
25571.000 # 1500
25571.000 # 1500
25572.044 - 88 4.717 1
25575.930 + 88 1
25576.321 + 88 1
25576.493 + 88 1
25577.929 + 88 1
25580.105 + 88 1
25581.000 # 1500
25581.903 - 88 5.973 1
25582.099 - 88 5.778 1
25582.179 - 88 5.686 1
25582.190 - 88 4.261 1
25582.198 - 88 2.093 1
25582.367 + 88 1
25582.602 + 88 1
25584.000 # 1500
25585.000 # 1500
25585.000 # 1500
25585.000 # 1500
25585.784 - 88 3.417 1
25585.807 - 88 3.205 1
25586.171 + 88 1
25589.000 # 1500
25589.000 # 1500
25589.000 # 1500
25590.047 + 88 1
25590.311 - 88 4.140 1
25592.271 + 88 1
25595.458 + 88 1
25596.162 + 88 1
25597.000 # 1500
25597.696 - 88 7.649 1
25597.719 - 88 5.448 1
25597.726 - 88 2.268 1
25597.733 - 88 1.571 1
25601.417 + 88 1
25605.501 + 88 1
25605.565 + 88 1
25606.000 # 1500
25606.000 # 1500
25606.453 + 88 1
25606.828 - 88 5.411 1
25606.847 - 88 1.346 1
25606.858 - 88 1.293 1
25608.000 # 1500
25609.000 # 1500
25609.556 - 88 3.103 1
25609.712 + 88 1
25611.280 + 88 1
25613.000 # 1500
25614.233 - 88 4.521 1
25614.258 - 88 2.978 1
25614.385 + 88 1
25615.000 # 1500
25616.595 - 88 2.210 1
25617.000 # 1500
25617.000 # 1500
25618.000 # 1500
25618.077 + 88 1
25619.975 + 88 1
25622.242 + 88 1
25623.906 + 88 1
25626.000 # 1500
25627.000 # 1500
25627.000 # 1500
25627.166 - 88 9.089 1
25627.213 - 88 7.238 1
25627.231 - 88 4.989 1
25627.240 - 88 3.334 1
25627.389 + 88 1
25628.000 # 1500
25628.000 # 1500
25628.000 # 1500
25628.000 # 1500
25629.000 # 1500
25629.134 - 88 1.745 1
25630.797 + 88 1
25632.000 # 1500
25632.931 + 88 1
25633.091 - 88 2.294 1
25634.000 # 1500
25634.627 - 88 1.696 1
25636.654 + 88 1
25639.609 + 88 1
25639.697 + 88 1
25641.498 + 88 1
25643.000 # 1500
25644.000 # 1500
25644.000 # 1500
25644.000 # 1500
25644.383 - 88 7.729 1
25644.437 - 88 4.828 1
25644.507 - 88 4.810 1
25644.534 - 88 3.036 1
25644.719 + 88 1
25645.000 # 1500
25646.000 # 1500
25646.441 - 88 1.722 1
25646.624 + 88 1
25647.000 # 1500
25648.508 + 88 1
25648.664 - 88 2.040 1
25650.000 # 1500
25651.224 - 88 2.716 1
25651.416 + 88 1
25652.000 # 1500
25652.276 - 88 0.860 1
25654.000 # 1500
25654.836 + 88 1
25656.000 # 1500
25656.505 - 88 1.669 1
25656.610 + 88 1
25658.334 + 88 1
25659.000 # 1500
25660.367 + 88 1
25660.412 - 88 3.802 1
25660.432 - 88 2.098 1
25661.000 # 1500
25662.047 - 88 1.680 1
25662.399 + 88 1
25664.000 # 1500
25664.000 # 1500
25664.404 + 88 1
25664.771 - 88 2.372 1
25666.000 # 1500
25667.038 - 88 2.634 1
25667.172 + 88 1
25668.000 # 1500
25668.915 - 88 1.743 1
25669.398 + 88 1
25670.000 # 1500
25670.973 + 88 1
25671.000 # 1500
25671.261 - 88 1.863 1
25671.284 - 88 0.311 1
25673.011 + 88 1
25676.000 # 1500
25676.882 - 88 3.871 1
25677.157 + 88 1
25678.000 # 1500
25679.000 # 1500
25680.000 # 1500
25682.423 - 88 5.266 1
25683.000 # 1500
25684.000 # 1500
25685.000 # 1500
25686.402 + 88 1
25686.543 + 88 1
25687.002 + 88 1
25688.000 # 1500
25689.000 # 1500
25689.399 - 88 2.997 1
25689.438 - 88 2.895 1
25689.511 - 88 2.509 1
25690.000 # 1500
25692.000 # 1500
25693.000 # 1500
25694.000 # 1500
25696.000 # 1500
25698.000 # 1500
25699.319 + 88 1
25699.608 + 88 1
25706.610 + 88 1
25706.867 + 88 1
25709.723 + 88 1
25720.406 + 88 1
25720.559 + 88 1
25720.587 + 88 1
25726.236 + 88 1
25728.269 + 88 1
25737.000 # 1500
25737.000 # 1500
25737.000 # 1500
25737.000 # 1500
25737.000 # 1500
25737.000 # 1500
25737.000 # 1500
25738.000 # 1500
25738.000 # 1500
25738.000 # 1500
25738.000 # 1500
25738.000 # 1500
25738.000 # 1500
25738.000 # 1500
25738.000 # 1500
25738.000 # 1500
25738.000 # 1500
25739.000 # 1500
25739.000 # 1500
25739.000 # 1500
25739.000 # 1500
25739.000 # 1500
25739.000 # 1500
25739.000 # 1500
25739.000 # 1500
25739.000 # 1500
25739.918 - 88 40.599 1
25740.000 # 1500
25740.052 - 88 40.444 1
25740.077 - 88 33.467 1
25740.092 - 88 33.225 1
25740.106 - 88 30.383 1
25740.219 - 88 19.813 1
25740.253 - 88 19.694 1
25740.271 - 88 19.684 1
25740.285 - 88 14.049 1
25740.299 - 88 12.030 1
25742.109 + 88 1
25746.033 + 88 1
25751.000 # 1500
25751.000 # 1500
25751.000 # 1500
25751.000 # 1500
25751.608 - 88 9.499 1
25751.630 - 88 5.597 1
25759.374 + 88 1
25759.525 + 88 1
25759.892 + 88 1
25760.000 # 1500
25760.000 # 1500
25760.000 # 1500
25760.000 # 1500
25760.000 # 1500
25760.000 # 1500
25760.285 - 88 0.911 1
25760.312 - 88 0.787 1
25761.000 # 1500
25762.000 # 1500
25762.377 - 88 2.485 1
25763.000 # 1500
25765.000 # 1500
25767.586 + 88 1
25768.000 # 1500
25770.000 # 1500
25770.000 # 1500
25771.612 - 88 4.026 1
25772.555 + 88 1
25773.000 # 1500
25774.178 - 88 1.623 1
25775.000 # 1500
25775.000 # 1500
25776.000 # 1500
25778.000 # 1500
25778.320 + 88 1
25779.000 # 1500
25780.355 - 88 2.035 1
25782.000 # 1500
25782.000 # 1500
25782.023 + 88 1
25784.181 + 88 1
25785.000 # 1500
25785.000 # 1500
25786.021 - 88 3.998 1
25786.057 - 88 1.876 1
25786.665 + 88 1
25788.000 # 1500
25789.795 - 88 3.130 1
25790.000 # 1500
25791.000 # 1500
25792.000 # 1500
25793.000 # 1500
25795.000 # 1500
25798.000 # 1500
25798.872 + 88 1
25798.933 + 88 1
25799.000 # 1500
25799.236 - 88 0.364 1
25800.000 # 1500
25800.863 + 88 1
25800.905 - 88 1.972 1
25801.000 # 1500
25802.000 # 1500
25802.437 - 88 1.574 1
25808.452 + 88 1
25808.596 + 88 1
25814.000 # 1500
25814.000 # 1500
25814.000 # 1500
25814.000 # 1500
25814.159 + 88 1
25814.428 - 88 5.976 1
25814.458 - 88 5.862 1
25816.532 + 88 1
25820.000 # 1500
25821.057 - 88 6.898 1
25821.087 - 88 4.555 1
25821.550 + 88 1
25823.994 + 88 1
25824.000 # 1500
25824.000 # 1500
25824.000 # 1500
25824.000 # 1500
25824.302 - 88 2.752 1
25825.000 # 1500
25825.000 # 1500
25825.890 - 88 1.896 1
25835.739 + 88 1
25835.848 + 88 1
25835.890 + 88 1
25838.000 # 1500
25838.000 # 1500
25838.000 # 1500
25838.000 # 1500
25839.000 # 1500
25839.000 # 1500
25839.000 # 1500
25839.000 # 1500
25839.000 # 1500
25839.045 + 88 1
25839.163 - 88 3.424 1
25839.257 - 88 3.409 1
25839.292 - 88 3.402 1
25841.000 # 1500
25841.000 # 1500
25843.704 - 88 4.659 1
25849.371 + 88 1
25849.478 + 88 1
25849.512 + 88 1
25852.281 + 88 1
25854.000 # 1500
25854.000 # 1500
25854.301 + 88 1
25854.702 - 88 5.331 1
25854.792 - 88 5.314 1
25854.873 - 88 5.361 1
25854.886 - 88 2.605 1
25855.000 # 1500
25855.000 # 1500
25855.000 # 1500
25855.000 # 1500
25856.000 # 1500
25856.116 - 88 1.815 1
25863.191 + 88 1
25863.228 + 88 1
25867.000 # 1500
25867.000 # 1500
25867.000 # 1500
25867.000 # 1500
25867.000 # 1500
25867.000 # 1500
25867.856 + 88 1
25868.142 - 88 4.951 1
25868.233 - 88 5.005 1
25870.118 + 88 1
25872.904 + 88 1
25873.000 # 1500
25873.000 # 1500
25873.000 # 1500
25873.000 # 1500
25873.203 - 88 5.347 1
25873.294 - 88 3.176 1
25873.371 - 88 0.467 1
25879.633 + 88 1
25880.000 # 1500
25881.876 - 88 2.243 1
25883.000 # 1500
25883.720 + 88 1
25885.000 # 1500
25885.000 # 1500
25886.000 # 1500
25886.000 # 1500
25887.477 - 88 3.757 1
25887.947 + 88 1
25890.000 # 1500
25891.263 - 88 3.316 1
25891.819 + 88 1
25894.000 # 1500
25894.321 + 88 1
25894.630 - 88 2.811 1
25899.000 # 1500
25899.000 # 1500
25899.000 # 1500
25899.000 # 1500
25900.000 # 1500
25900.000 # 1500
25900.129 - 88 5.808 1
25902.000 # 1500
25903.000 # 1500
25906.000 # 1500
25907.000 # 1500
25908.288 + 88 1
25908.325 + 88 1
25908.356 + 88 1
25908.385 + 88 1
25910.000 # 1500
25911.013 + 88 1
25911.290 - 88 3.002 1
25911.382 - 88 3.057 1
25911.413 - 88 3.057 1
25911.422 - 88 3.037 1
25913.000 # 1500
25913.039 + 88 1
25913.223 - 88 2.210 1
25915.000 # 1500
25915.744 - 88 2.705 1
25916.711 + 88 1
25917.793 + 88 1
25918.000 # 1500
25918.000 # 1500
25919.064 + 88 1
25919.624 - 88 2.913 1
25919.647 - 88 1.854 1
25921.000 # 1500
25924.000 # 1500
25924.000 # 1500
25924.410 - 88 5.346 1
25924.899 + 88 1
25926.000 # 1500
25929.000 # 1500
25930.000 # 1500
25933.000 # 1500
25935.022 + 88 1
25935.476 - 88 10.577 1
25944.000 # 1500
25944.000 # 1500
25944.000 # 1500
25945.737 + 88 1
25946.176 - 88 11.154 1
25948.000 # 1500
25948.000 # 1500
25950.000 # 1500
25954.000 # 1500
25956.271 + 88 1
25956.725 + 88 1
25956.766 - 88 11.029 1
25959.000 # 1500
25959.000 # 1500
25959.000 # 1500
25959.000 # 1500
25959.000 # 1500
25960.000 # 1500
25963.000 # 1500
25965.000 # 1500
25965.000 # 1500
25966.000 # 1500
25966.356 - 88 10.085 1
25966.365 - 88 9.640 1
25966.485 + 88 1
25968.000 # 1500
25970.000 # 1500
25972.000 # 1500
25973.000 # 1500
25974.000 # 1500
25976.000 # 1500
25976.529 - 88 10.044 1
25978.384 + 88 1
25978.522 + 88 1
25979.000 # 1500
25980.000 # 1500
25980.000 # 1500
25982.000 # 1500
25985.000 # 1500
25985.000 # 1500
25986.853 - 88 8.469 1
25986.868 - 88 8.346 1
25987.286 + 88 1
25988.000 # 1500
25988.000 # 1500
25989.849 - 88 2.563 1
25990.000 # 1500
25993.000 # 1500
25993.000 # 1500
25993.242 + 88 1
25995.120 + 88 1
25996.000 # 1500
25996.000 # 1500
25996.864 - 88 3.622 1
25996.893 - 88 1.773 1
25997.050 + 88 1
25999.000 # 1500
25999.056 + 88 1
25999.140 - 88 2.090 1
26001.000 # 1500
26003.000 # 1500
26008.386 + 88 1
26008.559 - 88 9.503 1
26012.000 # 1500
26012.000 # 1500
26012.000 # 1500
26012.000 # 1500
26012.000 # 1500
26013.000 # 1500
26013.000 # 1500
26013.770 - 88 5.384 1
26014.000 # 1500
26017.000 # 1500
26017.000 # 1500
26018.000 # 1500
26019.073 + 88 1
26021.000 # 1500
26021.650 - 88 2.577 1
26024.000 # 1500
26024.000 # 1500
26024.816 + 88 1
26026.000 # 1500
26026.000 # 1500
26027.601 - 88 2.785 1
26030.000 # 1500
26032.000 # 1500
26038.314 + 88 1
26038.374 + 88 1
26038.446 + 88 1
26038.670 + 88 1
26042.000 # 1500
26042.000 # 1500
26042.000 # 1500
26042.000 # 1500
26042.000 # 1500
26045.547 - 88 7.233 1
26045.599 - 88 7.225 1
26045.729 - 88 7.283 1
26045.751 - 88 7.081 1
26046.090 + 88 1
26046.296 + 88 1
26051.036 + 88 1
26055.985 + 88 1
26058.673 + 88 1
26061.671 + 88 1
26063.647 + 88 1
26065.459 + 88 1
26075.383 + 88 1
26090.496 + 88 1
26090.571 + 88 1
26090.755 + 88 1
26092.574 + 88 1
26100.623 + 88 1
26117.000 # 1500
26117.000 # 1500
26117.000 # 1500
26117.000 # 1500
26117.000 # 1500
26118.000 # 1500
26118.000 # 1500
26118.000 # 1500
26118.000 # 1500
26118.000 # 1500
26118.000 # 1500
26118.000 # 1500
26118.000 # 1500
26119.000 # 1500
26119.000 # 1500
26119.000 # 1500
26119.000 # 1500
26119.000 # 1500
26119.000 # 1500
26119.000 # 1500
26119.872 - 88 73.782 1
26119.928 - 88 73.632 1
26119.945 - 88 68.909 1
26119.961 - 88 63.976 1
26119.975 - 88 61.302 1
26119.989 - 88 58.318 1
26120.000 # 1500
26120.000 # 1500
26120.000 # 1500
26120.000 # 1500
26120.000 # 1500
26120.000 # 1500
26120.000 # 1500
26120.004 - 88 56.357 1
26120.017 - 88 54.558 1
26120.031 - 88 44.648 1
26120.044 - 88 29.548 1
26120.058 - 88 29.487 1
26120.071 - 88 29.316 1
26120.085 - 88 27.511 1
26120.098 - 88 19.475 1
26121.000 # 1500
26121.000 # 1500
26121.000 # 1500
26121.000 # 1500
26121.000 # 1500
26121.000 # 1500
26121.000 # 1500
26121.000 # 1500
26132.000 # 1500
26133.000 # 1500
26133.000 # 1500
26133.000 # 1500
26133.000 # 1500
26133.000 # 1500
26133.000 # 1500
26133.000 # 1500
26133.555 + 88 1
26133.761 + 88 1
26136.000 # 1500
26137.052 + 88 1
26137.269 + 88 1
26137.372 - 88 3.817 1
26137.399 - 88 3.638 1
26138.000 # 1500
26141.000 # 1500
26143.000 # 1500
26143.825 - 88 6.773 1
26143.845 - 88 6.576 1
26144.000 # 1500
26144.391 + 88 1
26146.000 # 1500
26148.000 # 1500
26149.000 # 1500
26151.000 # 1500
26152.000 # 1500
26152.546 - 88 8.155 1
26153.128 + 88 1
26154.000 # 1500
26155.000 # 1500
26156.577 - 88 3.449 1
26157.000 # 1500
26157.151 + 88 1
26159.000 # 1500
26160.000 # 1500
26161.178 - 88 4.027 1
26161.572 + 88 1
26161.768 + 88 1
26162.000 # 1500
26163.000 # 1500
26164.919 - 88 3.347 1
26164.937 - 88 3.169 1
26165.570 + 88 1
26166.000 # 1500
26166.000 # 1500
26167.251 - 88 1.681 1
26168.000 # 1500
26169.000 # 1500
26169.678 + 88 1
26172.000 # 1500
26172.000 # 1500
26172.493 + 88 1
26172.657 - 88 2.979 1
26174.000 # 1500
26174.424 + 88 1
26174.575 - 88 2.082 1
26175.000 # 1500
26176.000 # 1500
26176.061 - 88 1.637 1
26176.394 + 88 1
26185.000 # 1500
26185.000 # 1500
26185.000 # 1500
26185.000 # 1500
26186.000 # 1500
26187.000 # 1500
26187.568 - 88 11.174 1
26196.000 # 1500
26198.549 + 88 1
26198.755 + 88 1
26207.000 # 1500
26207.000 # 1500
26208.000 # 1500
26209.071 - 88 10.522 1
26209.093 - 88 10.338 1
26209.641 + 88 1
26219.492 + 88 1
26220.000 # 1500
26220.000 # 1500
26220.000 # 1500
26220.000 # 1500
26220.000 # 1500
26220.000 # 1500
26220.000 # 1500
26220.000 # 1500
26220.000 # 1500
26225.000 # 1500
26225.000 # 1500
26230.003 - 88 20.362 1
26230.024 - 88 10.532 1
26230.393 + 88 1
26230.469 + 88 1
26230.629 + 88 1
26233.000 # 1500
26233.000 # 1500
26235.000 # 1500
26236.000 # 1500
26236.000 # 1500
26236.000 # 1500
26236.012 - 88 5.619 1
26236.037 - 88 5.568 1
26236.054 - 88 5.425 1
26239.433 + 88 1
26243.249 + 88 1
26247.031 + 88 1
26248.000 # 1500
26249.000 # 1500
26249.000 # 1500
26249.000 # 1500
26249.000 # 1500
26250.000 # 1500
26250.713 - 88 11.280 1
26250.735 - 88 7.486 1
26250.750 - 88 3.719 1
26251.000 # 1500
26251.468 + 88 1
26252.000 # 1500
26253.663 - 88 2.195 1
26254.000 # 1500
26256.000 # 1500
26259.000 # 1500
26261.000 # 1500
26261.910 + 88 1
26263.000 # 1500
26264.558 - 88 2.648 1
26265.000 # 1500
26269.000 # 1500
26271.000 # 1500
26275.000 # 1500
26275.000 # 1500
26277.000 # 1500
26277.394 + 88 1
26279.000 # 1500
26280.952 - 88 3.558 1
26282.000 # 1500
26284.000 # 1500
26286.000 # 1500
26287.000 # 1500
26292.000 # 1500
26292.000 # 1500
26293.997 + 88 1
26294.000 # 1500
26294.142 + 88 1
26296.000 # 1500
26296.616 - 88 2.619 1
26296.669 - 88 2.527 1
26297.154 + 88 1
26298.959 + 88 1
26299.000 # 1500
26299.164 - 88 2.010 1
26301.000 # 1500
26302.000 # 1500
26304.000 # 1500
26304.609 - 88 5.650 1
26308.999 + 88 1
26309.000 # 1500
26310.000 # 1500
26310.707 + 88 1
26310.922 - 88 1.923 1
26312.000 # 1500
26312.684 + 88 1
26312.894 - 88 2.187 1
26315.000 # 1500
26315.667 + 88 1
26315.838 - 88 3.154 1
26317.000 # 1500
26317.563 + 88 1
26317.732 - 88 2.065 1
26319.000 # 1500
26320.139 - 88 2.576 1
26321.000 # 1500
26324.000 # 1500
26326.000 # 1500
26329.000 # 1500
26330.000 # 1500
26330.044 + 88 1
26331.000 # 1500
26332.490 - 88 2.446 1
26333.000 # 1500
26333.045 + 88 1
26335.000 # 1500
26335.485 - 88 2.440 1
26335.919 + 88 1
26337.778 + 88 1
26338.000 # 1500
26339.350 - 88 3.431 1
26339.372 - 88 1.594 1
26340.000 # 1500
26341.000 # 1500
26343.000 # 1500
26346.000 # 1500
26347.000 # 1500
26347.839 + 88 1
26349.000 # 1500
26351.000 # 1500
26351.046 - 88 3.207 1
26351.374 + 88 1
26351.620 + 88 1
26353.000 # 1500
26354.000 # 1500
26356.000 # 1500
26358.188 - 88 6.814 1
26358.246 - 88 6.626 1
26358.602 + 88 1
26358.724 + 88 1
26360.000 # 1500
26362.000 # 1500
26362.285 - 88 3.683 1
26362.384 - 88 3.660 1
26364.000 # 1500
26365.000 # 1500
26368.360 + 88 1
26369.000 # 1500
26371.000 # 1500
26371.012 - 88 2.652 1
26373.000 # 1500
26374.268 + 88 1
26376.000 # 1500
26376.857 - 88 2.589 1
26377.186 + 88 1
26379.000 # 1500
26379.817 - 88 2.631 1
26382.000 # 1500
26382.000 # 1500
26384.000 # 1500
26386.000 # 1500
26388.000 # 1500
26388.856 + 88 1
26389.258 + 88 1
26390.000 # 1500
26390.501 - 88 1.645 1
26390.552 - 88 1.294 1
26392.000 # 1500
26392.819 + 88 1
26393.000 # 1500
26394.409 - 88 1.590 1
26395.000 # 1500
26396.804 + 88 1
26398.000 # 1500
26399.332 - 88 2.528 1
26400.000 # 1500
26402.000 # 1500
26403.000 # 1500
26405.000 # 1500
26407.000 # 1500
26410.409 + 88 1
26412.000 # 1500
26413.000 # 1500
26413.000 # 1500
26413.679 - 88 3.270 1
26414.092 + 88 1
26418.000 # 1500
26418.684 - 88 4.592 1
26419.000 # 1500
26419.246 + 88 1
26421.000 # 1500
26422.565 - 88 3.319 1
26423.000 # 1500
26423.197 + 88 1
26425.000 # 1500
26426.000 # 1500
26426.447 - 88 3.250 1
26426.966 + 88 1
26428.000 # 1500
26429.310 - 88 2.344 1
26429.904 + 88 1
26431.000 # 1500
26432.290 - 88 2.386 1
26432.965 + 88 1
26433.000 # 1500
26434.639 + 88 1
26435.000 # 1500
26436.000 # 1500
26436.140 - 88 3.175 1
26436.195 - 88 1.556 1
26438.333 + 88 1
26439.000 # 1500
26440.063 - 88 1.730 1
26440.791 + 88 1
26441.000 # 1500
26443.000 # 1500
26443.017 - 88 2.226 1
26443.307 + 88 1
26447.000 # 1500
26448.000 # 1500
26452.000 # 1500
26453.975 + 88 1
26454.000 # 1500
26454.193 - 88 10.886 1
26455.000 # 1500
26455.561 - 88 1.586 1
26456.000 # 1500
26457.728 + 88 1
26457.958 + 88 1
26458.000 # 1500
26458.078 - 88 0.350 1
26461.000 # 1500
26463.000 # 1500
26465.000 # 1500
26465.774 + 88 1
26465.814 + 88 1
26465.845 + 88 1
26465.957 - 88 7.999 1
26467.000 # 1500
26467.451 - 88 1.677 1
26467.503 - 88 1.689 1
26467.519 - 88 1.674 1
26467.818 + 88 1
26469.994 + 88 1
26470.000 # 1500
26470.264 - 88 2.446 1
26471.000 # 1500
26471.735 - 88 1.741 1
26471.906 + 88 1
26473.000 # 1500
26474.431 - 88 2.525 1
26474.695 + 88 1
26475.000 # 1500
26476.000 # 1500
26476.298 - 88 1.603 1
26476.719 + 88 1
26479.000 # 1500
26480.037 + 88 1
26480.098 - 88 3.379 1
26481.000 # 1500
26482.000 # 1500
26482.280 - 88 2.243 1
26482.707 + 88 1
26483.000 # 1500
26484.236 - 88 1.529 1
26486.000 # 1500
26487.000 # 1500
26487.389 + 88 1
26487.780 + 88 1
26489.000 # 1500
26490.000 # 1500
26491.243 - 88 3.854 1
26491.336 - 88 3.556 1
26491.726 + 88 1
26493.000 # 1500
26493.271 + 88 1
26493.476 - 88 1.750 1
26495.000 # 1500
26495.066 + 88 1
26495.467 - 88 2.196 1
26496.000 # 1500
26497.027 - 88 1.961 1
26499.000 # 1500
26499.010 + 88 1
26500.000 # 1500
26500.199 + 88 1
26500.409 - 88 1.399 1
26501.000 # 1500
26503.000 # 1500
26503.025 - 88 2.826 1
26503.086 + 88 1
26505.000 # 1500
26505.936 - 88 2.850 1
26506.820 + 88 1
26508.000 # 1500
26509.000 # 1500
26509.842 - 88 3.022 1
26512.000 # 1500
26515.000 # 1500
26515.815 + 88 1
26516.000 # 1500
26517.881 - 88 2.066 1
26518.000 # 1500
26518.402 + 88 1
26519.000 # 1500
26520.690 - 88 2.288 1
26521.000 # 1500
26524.241 + 88 1
26525.000 # 1500
26525.000 # 1500
26526.083 - 88 1.842 1
26526.156 + 88 1
26528.966 + 88 1
26529.000 # 1500
26529.192 - 88 3.036 1
26530.000 # 1500
26530.000 # 1500
26530.940 - 88 1.974 1
26531.255 + 88 1
26533.000 # 1500
26534.000 # 1500
26536.000 # 1500
26536.846 - 88 5.591 1
26537.177 + 88 1
26537.606 + 88 1
26538.000 # 1500
26539.773 - 88 2.596 1
26539.862 - 88 2.256 1
26540.000 # 1500
26541.000 # 1500
26543.000 # 1500
26547.000 # 1500
26547.000 # 1500
26549.000 # 1500
26550.000 # 1500
26551.890 + 88 1
26552.176 + 88 1
26553.000 # 1500
26553.759 - 88 1.869 1
26553.855 - 88 1.679 1
26554.000 # 1500
26555.000 # 1500
26556.000 # 1500
26557.754 + 88 1
26557.869 + 88 1
26557.902 + 88 1
26557.933 + 88 1
26558.000 # 1500
26559.550 + 88 1
26559.577 - 88 1.823 1
26559.825 - 88 1.956 1
26560.000 # 1500
26560.118 - 88 2.216 1
26560.141 - 88 2.208 1
26560.442 + 88 1
26560.919 - 88 1.369 1
26561.000 # 1500
26562.808 - 88 2.366 1
26563.000 # 1500
26563.551 + 88 1
26565.000 # 1500
26565.499 + 88 1
26565.713 - 88 2.162 1
26566.000 # 1500
26567.355 - 88 1.856 1
26568.562 + 88 1
26569.000 # 1500
26570.000 # 1500
26570.164 - 88 1.602 1
26570.405 + 88 1
26571.000 # 1500
26573.134 - 88 2.729 1
26574.000 # 1500
26574.529 + 88 1
26575.000 # 1500
26576.019 - 88 1.490 1
26577.000 # 1500
26577.141 + 88 1
26578.823 + 88 1
26580.000 # 1500
26581.000 # 1500
26581.353 - 88 4.212 1
26581.380 - 88 2.557 1
26581.938 + 88 1
26582.000 # 1500
26583.000 # 1500
26584.120 - 88 2.182 1
26584.281 + 88 1
26584.676 + 88 1
26585.000 # 1500
26586.308 - 88 2.027 1
26586.329 - 88 1.653 1
26587.000 # 1500
26588.000 # 1500
26589.000 # 1500
26591.000 # 1500
26592.000 # 1500
26593.241 + 88 1
26593.348 + 88 1
26593.382 + 88 1
26595.000 # 1500
26595.944 - 88 2.703 1
26595.968 + 88 1
26595.974 - 88 2.626 1
26595.992 - 88 2.610 1
26596.000 # 1500
26596.000 # 1500
26599.000 # 1500
26600.000 # 1500
26600.805 - 88 4.837 1
26601.000 # 1500
26601.101 + 88 1
26604.000 # 1500
26604.612 - 88 3.511 1
26605.000 # 1500
26605.031 + 88 1
26605.182 + 88 1
26606.000 # 1500
26607.000 # 1500
26608.000 # 1500
26608.586 - 88 3.555 1
26608.661 - 88 3.479 1
26613.653 + 88 1
26615.472 + 88 1
26617.000 # 1500
26617.000 # 1500
26618.253 - 88 4.600 1
26618.356 - 88 2.884 1
26622.292 + 88 1
26622.450 + 88 1
26624.000 # 1500
26624.000 # 1500
26624.000 # 1500
26624.000 # 1500
26624.000 # 1500
26624.000 # 1500
26625.000 # 1500
26625.195 + 88 1
26625.329 - 88 3.037 1
26625.448 - 88 2.998 1
26626.000 # 1500
26628.000 # 1500
26629.000 # 1500
26630.000 # 1500
26631.160 - 88 5.965 1
26631.347 + 88 1
26633.000 # 1500
26634.000 # 1500
26635.000 # 1500
26635.694 - 88 4.347 1
26636.000 # 1500
26638.000 # 1500
26638.799 + 88 1
26638.858 + 88 1
26639.000 # 1500
26640.662 + 88 1
26640.857 - 88 2.058 1
26640.988 - 88 2.130 1
26641.000 # 1500
26641.022 - 88 0.360 1
26642.000 # 1500
26644.000 # 1500
26645.000 # 1500
26649.000 # 1500
26649.000 # 1500
26649.606 + 88 1
26649.664 + 88 1
26650.000 # 1500
26651.459 - 88 1.853 1
26651.558 - 88 1.894 1
26652.000 # 1500
26653.000 # 1500
26654.000 # 1500
26655.000 # 1500
26655.299 + 88 1
26655.351 + 88 1
26657.000 # 1500
26657.238 + 88 1
26657.480 - 88 2.181 1
26657.573 - 88 2.222 1
26659.151 + 88 1
26660.000 # 1500
26661.000 # 1500
26661.000 # 1500
26663.000 # 1500
26663.162 + 88 1
26663.291 - 88 6.053 1
26663.337 + 88 1
26663.345 - 88 4.194 1
26664.000 # 1500
26665.370 - 88 2.208 1
26665.404 - 88 2.067 1
26666.000 # 1500
26667.000 # 1500
26669.000 # 1500
26670.000 # 1500
26673.000 # 1500
26673.000 # 1500
26674.000 # 1500
26676.000 # 1500
26677.000 # 1500
26679.000 # 1500
26680.000 # 1500
26680.175 + 88 1
26680.233 + 88 1
26680.281 + 88 1
26680.327 + 88 1
26680.373 + 88 1
26683.000 # 1500
26685.000 # 1500
26685.000 # 1500
26686.000 # 1500
26687.575 + 88 1
26687.841 - 88 7.666 1
26687.932 - 88 7.699 1
26687.953 - 88 7.672 1
26687.964 - 88 7.637 1
26687.972 - 88 7.599 1
26688.000 # 1500
26689.000 # 1500
26689.000 # 1500
26689.830 - 88 2.255 1
26691.000 # 1500
26692.000 # 1500
26692.962 + 88 1
26693.000 # 1500
26693.013 + 88 1
26693.071 + 88 1
26696.000 # 1500
26696.000 # 1500
26697.000 # 1500
26697.392 - 88 4.430 1
26697.413 - 88 4.400 1
26697.420 - 88 4.349 1
26698.323 + 88 1
26700.209 + 88 1
26702.242 + 88 1
26705.391 + 88 1
26711.000 # 1500
26712.000 # 1500
26712.000 # 1500
26713.000 # 1500
26713.000 # 1500
26713.000 # 1500
26713.029 - 88 14.706 1
26713.150 - 88 12.941 1
26713.220 - 88 10.978 1
26713.244 - 88 7.853 1
26714.000 # 1500
26714.000 # 1500
26715.000 # 1500
26715.048 + 88 1
26716.000 # 1500
26716.950 + 88 1
26717.004 + 88 1
26717.098 - 88 2.050 1
26718.000 # 1500
26718.799 - 88 1.849 1
26718.828 - 88 1.824 1
26719.000 # 1500
26721.000 # 1500
26721.000 # 1500
26723.000 # 1500
26723.038 + 88 1
26723.177 + 88 1
26723.353 + 88 1
26723.514 + 88 1
26724.000 # 1500
26725.000 # 1500
26725.657 + 88 1
26725.736 - 88 2.698 1
26725.812 - 88 2.635 1
26725.836 - 88 2.483 1
26725.851 - 88 2.337 1
26726.000 # 1500
26729.000 # 1500
26730.000 # 1500
26731.000 # 1500
26731.000 # 1500
26731.774 + 88 1
26731.889 - 88 6.232 1
26732.000 # 1500
26732.177 + 88 1
26732.329 + 88 1
26732.611 - 88 0.837 1
26733.000 # 1500
26734.747 - 88 2.570 1
26734.767 - 88 2.438 1
26735.000 # 1500
26735.000 # 1500
26735.095 + 88 1
26736.000 # 1500
26736.754 - 88 1.659 1
26737.000 # 1500
26738.000 # 1500
26738.646 + 88 1
26739.000 # 1500
26740.000 # 1500
26740.476 - 88 1.830 1
26741.000 # 1500
26743.000 # 1500
26743.000 # 1500
26743.890 + 88 1
26744.000 # 1500
26744.046 + 88 1
26745.000 # 1500
26746.000 # 1500
26746.654 - 88 2.764 1
26746.673 - 88 2.627 1
26748.000 # 1500
26755.657 + 88 1
26755.793 + 88 1
26756.256 + 88 1
26759.000 # 1500
26759.000 # 1500
26759.000 # 1500
26759.000 # 1500
26760.000 # 1500
26760.000 # 1500
26760.000 # 1500
26760.000 # 1500
26760.000 # 1500
26760.000 # 1500
26764.000 # 1500
26764.761 + 88 1
26765.039 - 88 9.382 1
26765.156 - 88 9.363 1
26765.178 - 88 8.922 1
26776.000 # 1500
26776.000 # 1500
26776.000 # 1500
26777.000 # 1500
26778.000 # 1500
26778.000 # 1500
26778.000 # 1500
26778.482 - 88 13.721 1
26778.893 + 88 1
26780.000 # 1500
26781.382 - 88 2.489 1
26782.000 # 1500
26783.000 # 1500
26785.000 # 1500
26786.000 # 1500
26788.000 # 1500
26790.000 # 1500
26791.000 # 1500
26792.233 + 88 1
26792.371 + 88 1
26795.000 # 1500
26795.080 + 88 1
26795.337 - 88 3.104 1
26795.364 - 88 2.993 1
26796.000 # 1500
26796.940 - 88 1.860 1
26800.000 # 1500
26800.000 # 1500
26802.890 + 88 1
26803.000 # 1500
26804.000 # 1500
26805.047 - 88 2.157 1
26807.000 # 1500
26807.960 + 88 1
26808.000 # 1500
26811.000 # 1500
26812.000 # 1500
26814.000 # 1500
26815.000 # 1500
26816.000 # 1500
26817.787 - 88 9.827 1
26818.000 # 1500
26818.226 + 88 1
26818.361 + 88 1
26819.802 + 88 1
26821.000 # 1500
26821.000 # 1500
26821.652 - 88 3.426 1
26821.679 - 88 3.318 1
26821.773 - 88 1.971 1
26824.000 # 1500
26824.000 # 1500
26824.611 + 88 1
26825.000 # 1500
26826.520 - 88 1.909 1
26827.000 # 1500
26829.009 + 88 1
26831.000 # 1500
26831.000 # 1500
26831.453 - 88 2.444 1
26832.000 # 1500
26832.487 + 88 1
26835.000 # 1500
26835.000 # 1500
26836.717 - 88 4.230 1
26837.000 # 1500
26838.000 # 1500
26838.375 + 88 1
26841.000 # 1500
26842.000 # 1500
26842.417 - 88 4.042 1
26844.000 # 1500
26845.000 # 1500
26847.000 # 1500
26847.111 + 88 1
26849.000 # 1500
26849.998 - 88 2.887 1
26850.000 # 1500
26851.000 # 1500
26854.000 # 1500
26855.000 # 1500
26856.000 # 1500
26858.000 # 1500
26858.866 + 88 1
26859.000 # 1500
26859.003 + 88 1
26859.068 + 88 1
26861.000 # 1500
26862.681 - 88 3.815 1
26862.784 - 88 3.781 1
26862.861 - 88 3.793 1
26863.000 # 1500
26863.021 + 88 1
26864.000 # 1500
26864.662 - 88 1.641 1
26865.721 + 88 1
26868.000 # 1500
26868.000 # 1500
26868.638 - 88 2.917 1
26869.000 # 1500
26870.000 # 1500
26870.541 + 88 1
26872.000 # 1500
26872.474 + 88 1
26872.734 - 88 2.193 1
26873.000 # 1500
26874.000 # 1500
26874.473 - 88 1.999 1
26874.840 + 88 1
26877.000 # 1500
26877.000 # 1500
26877.396 - 88 2.556 1
26877.614 + 88 1
26878.000 # 1500
26879.000 # 1500
26879.391 + 88 1
26879.702 - 88 2.088 1
26880.000 # 1500
26881.000 # 1500
26882.381 + 88 1
26882.495 - 88 3.104 1
26882.586 + 88 1
26883.000 # 1500
26884.000 # 1500
26885.000 # 1500
26886.000 # 1500
26888.000 # 1500
26889.000 # 1500
26890.000 # 1500
26892.000 # 1500
26892.356 - 88 9.975 1
26892.477 - 88 9.891 1
26892.701 + 88 1
26892.839 + 88 1
26893.000 # 1500
26893.054 + 88 1
26893.223 - 88 0.522 1
26893.251 - 88 0.412 1
26893.360 + 88 1
26893.599 + 88 1
26895.000 # 1500
26896.000 # 1500
26896.423 - 88 3.369 1
26896.449 - 88 3.089 1
26896.464 - 88 2.865 1
26896.598 + 88 1
26899.000 # 1500
26899.000 # 1500
26899.210 + 88 1
26899.430 - 88 2.832 1
26901.000 # 1500
26901.000 # 1500
26902.236 - 88 3.026 1
26903.000 # 1500
26904.000 # 1500
26904.200 + 88 1
26905.000 # 1500
26906.000 # 1500
26908.000 # 1500
26909.000 # 1500
26910.000 # 1500
26914.000 # 1500
26915.000 # 1500
26915.000 # 1500
26916.000 # 1500
26917.000 # 1500
26918.000 # 1500
26919.000 # 1500
26919.143 - 88 14.943 1
26919.532 + 88 1
26919.685 + 88 1
26920.182 + 88 1
26920.318 + 88 1
26921.000 # 1500
26921.897 - 88 2.365 1
26921.926 - 88 2.241 1
26921.942 - 88 1.760 1
26921.955 - 88 1.637 1
26922.000 # 1500
26922.317 + 88 1
26922.449 + 88 1
26922.499 + 88 1
26924.000 # 1500
26924.822 - 88 2.505 1
26924.851 - 88 2.402 1
26924.866 - 88 2.367 1
26925.000 # 1500
26925.846 + 88 1
26927.000 # 1500
26927.777 - 88 1.931 1
26928.000 # 1500
26928.135 + 88 1
26929.000 # 1500
26930.789 - 88 2.654 1
26930.927 + 88 1
26932.000 # 1500
26933.000 # 1500
26934.000 # 1500
26942.045 + 88 1
26942.118 - 88 11.191 1
26942.226 + 88 1
26942.359 + 88 1
26942.682 + 88 1
26943.000 # 1500
26943.000 # 1500
26944.058 + 88 1
26944.215 - 88 2.170 1
26944.240 - 88 2.014 1
26944.255 - 88 1.896 1
26944.268 - 88 1.586 1
26946.000 # 1500
26946.642 - 88 2.584 1
26946.866 + 88 1
26947.000 # 1500
26947.000 # 1500
26947.000 # 1500
26947.000 # 1500
26949.000 # 1500
26949.663 - 88 2.797 1
26949.830 + 88 1
26950.000 # 1500
26950.081 - 88 0.251 1
26951.000 # 1500
26951.725 + 88 1
26953.000 # 1500
26953.550 + 88 1
26953.825 - 88 2.100 1
26955.000 # 1500
26955.658 + 88 1
26955.736 - 88 2.186 1
26957.000 # 1500
26959.598 - 88 3.940 1
26964.000 # 1500
26964.483 + 88 1
26964.615 + 88 1
26964.665 + 88 1
26968.000 # 1500
26969.000 # 1500
26970.000 # 1500
26970.394 - 88 5.911 1
26970.418 - 88 5.803 1
26970.433 - 88 5.768 1
26971.000 # 1500
26973.000 # 1500
26973.476 + 88 1
26974.000 # 1500
26975.000 # 1500
26975.276 + 88 1
26975.749 - 88 2.273 1
26976.000 # 1500
26977.058 - 88 1.782 1
26978.000 # 1500
26979.000 # 1500
26980.000 # 1500
26980.119 + 88 1
26980.189 + 88 1
26989.000 # 1500
26989.000 # 1500
26989.000 # 1500
26989.000 # 1500
26989.000 # 1500
26989.000 # 1500
26989.754 - 88 9.635 1
26989.784 - 88 9.595 1
26990.000 # 1500
26991.000 # 1500
26992.172 + 88 1
26992.314 + 88 1
26992.365 + 88 1
26993.000 # 1500
26993.000 # 1500
26993.771 - 88 1.599 1
26993.799 - 88 1.485 1
26993.814 - 88 1.449 1
26995.000 # 1500
26996.000 # 1500
26997.000 # 1500
26998.000 # 1500
27000.000 # 1500
27001.000 # 1500
27001.849 + 88 1
27001.986 + 88 1
27002.000 # 1500
27002.037 + 88 1
27002.086 + 88 1
27002.222 + 88 1
27004.000 # 1500
27004.566 - 88 2.717 1
27004.593 - 88 2.607 1
27004.612 - 88 2.575 1
27004.626 - 88 2.540 1
27004.639 - 88 2.417 1
27005.000 # 1500
27006.000 # 1500
27007.398 + 88 1
27008.719 + 88 1
27026.940 + 88 1
27027.082 + 88 1
27030.856 + 88 1
27031.000 # 1500
27031.077 - 88 23.679 1
27031.198 - 88 22.479 1
27031.219 - 88 4.279 1
27031.235 - 88 4.153 1
27033.119 + 88 1
27034.798 + 88 1
27035.931 + 88 1
27036.000 # 1500
27036.000 # 1500
27036.298 - 88 5.442 1
27036.330 - 88 3.211 1
27036.345 - 88 1.547 1
27037.000 # 1500
27037.611 - 88 1.680 1
27038.000 # 1500
27038.000 # 1500
27038.000 # 1500
27038.000 # 1500
27038.000 # 1500
27038.000 # 1500
27038.000 # 1500
27038.000 # 1500
27038.000 # 1500
27039.000 # 1500
27039.000 # 1500
27039.000 # 1500
27039.000 # 1500
27039.000 # 1500
27040.000 # 1500
27040.000 # 1500
27040.000 # 1500
27040.000 # 1500
27040.000 # 1500
27040.000 # 1500
27040.000 # 1500
27040.637 + 88 1
27041.249 + 88 1
27043.000 # 1500
27045.000 # 1500
27045.000 # 1500
27045.000 # 1500
27049.902 + 88 1
27050.000 # 1500
27050.037 + 88 1
27050.083 - 88 9.446 1
27050.109 - 88 8.860 1
27051.000 # 1500
27051.000 # 1500
27051.000 # 1500
27051.000 # 1500
27051.000 # 1500
27051.766 - 88 1.864 1
27051.791 - 88 1.754 1
27053.000 # 1500
27054.000 # 1500
27055.000 # 1500
27058.464 + 88 1
27058.600 + 88 1
27058.650 + 88 1
27062.414 + 88 1
27062.556 + 88 1
27064.000 # 1500
27064.000 # 1500
27064.000 # 1500
27065.000 # 1500
27065.000 # 1500
27066.000 # 1500
27068.000 # 1500
27068.290 + 88 1
27068.349 + 88 1
27068.372 - 88 9.908 1
27068.422 - 88 9.822 1
27068.491 - 88 9.841 1
27068.626 - 88 6.212 1
27068.649 - 88 6.093 1
27070.000 # 1500
27072.000 # 1500
27072.443 + 88 1
27072.500 + 88 1
27072.805 - 88 4.515 1
27072.828 - 88 4.479 1
27073.000 # 1500
27074.000 # 1500
27075.000 # 1500
27076.000 # 1500
27077.348 + 88 1
27077.411 + 88 1
27077.665 - 88 5.222 1
27077.691 - 88 5.191 1
27079.000 # 1500
27079.000 # 1500
27080.795 - 88 3.447 1
27080.814 - 88 3.403 1
27080.966 + 88 1
27081.105 + 88 1
27083.000 # 1500
27083.000 # 1500
27083.776 + 88 1
27084.000 # 1500
27084.202 - 88 3.236 1
27084.229 - 88 3.124 1
27086.000 # 1500
27086.697 - 88 2.921 1
27087.000 # 1500
27088.000 # 1500
27089.000 # 1500
27093.000 # 1500
27094.000 # 1500
27095.000 # 1500
27096.000 # 1500
27098.000 # 1500
27101.000 # 1500
27101.000 # 1500
27103.000 # 1500
27103.774 + 88 1
27103.833 + 88 1
27103.960 + 88 1
27104.096 + 88 1
27109.000 # 1500
27109.000 # 1500
27109.000 # 1500
27109.000 # 1500
27109.000 # 1500
27109.597 - 88 5.823 1
27109.626 - 88 5.793 1
27109.643 - 88 5.683 1
27109.657 - 88 5.561 1
27111.000 # 1500
27112.000 # 1500
27113.000 # 1500
27113.457 + 88 1
27113.515 + 88 1
27113.563 + 88 1
27113.692 + 88 1
27115.000 # 1500
27115.000 # 1500
27116.000 # 1500
27116.232 - 88 2.775 1
27116.246 - 88 2.731 1
27116.253 - 88 2.690 1
27116.260 - 88 2.568 1
27117.000 # 1500
27119.000 # 1500
27120.000 # 1500
27121.000 # 1500
27122.000 # 1500
27124.000 # 1500
27124.404 + 88 1
27124.463 + 88 1
27124.680 + 88 1
27124.731 + 88 1
27124.778 + 88 1
27125.000 # 1500
27126.000 # 1500
27126.555 - 88 2.151 1
27126.581 - 88 2.118 1
27126.589 - 88 1.909 1
27126.596 - 88 1.865 1
27126.602 - 88 1.824 1
27127.000 # 1500
27128.000 # 1500
27134.835 + 88 1
27134.891 + 88 1
27134.941 + 88 1
27134.988 + 88 1
27135.034 + 88 1
27138.000 # 1500
27139.000 # 1500
27139.000 # 1500
27139.000 # 1500
27139.000 # 1500
27139.000 # 1500
27139.000 # 1500
27139.000 # 1500
27139.000 # 1500
27140.000 # 1500
27141.000 # 1500
27142.000 # 1500
27144.000 # 1500
27145.000 # 1500
27145.566 + 88 1
27145.859 + 88 1
27146.000 # 1500
27146.029 + 88 1
27146.053 - 88 11.218 1
27146.073 - 88 11.182 1
27146.081 - 88 11.140 1
27146.088 - 88 11.100 1
27146.094 - 88 11.060 1
27146.333 - 88 0.767 1
27146.516 - 88 0.657 1
27146.541 + 88 1
27147.000 # 1500
27148.403 + 88 1
27148.428 - 88 2.399 1
27148.445 - 88 1.904 1
27150.000 # 1500
27151.000 # 1500
27151.000 # 1500
27154.000 # 1500
27155.000 # 1500
27155.472 + 88 1
27156.070 - 88 7.667 1
27157.000 # 1500
27157.000 # 1500
27157.000 # 1500
27158.414 - 88 2.942 1
27160.000 # 1500
27160.697 + 88 1
27162.161 + 88 1
27162.296 + 88 1
27163.000 # 1500
27164.000 # 1500
27164.000 # 1500
27164.000 # 1500
27164.000 # 1500
27164.261 - 88 3.564 1
27164.284 - 88 2.123 1
27164.292 - 88 1.996 1
27166.000 # 1500
27167.000 # 1500
27173.024 + 88 1
27173.164 + 88 1
27173.214 + 88 1
27173.395 + 88 1
27174.936 + 88 1
27178.000 # 1500
27178.000 # 1500
27178.145 + 88 1
27178.714 - 88 5.690 1
27178.734 - 88 5.570 1
27178.742 - 88 5.528 1
27178.749 - 88 5.354 1
27178.756 - 88 3.820 1
27179.000 # 1500
27180.212 + 88 1
27180.283 - 88 2.138 1
27182.960 + 88 1
27183.000 # 1500
27183.385 - 88 3.173 1
27185.000 # 1500
27185.780 + 88 1
27186.000 # 1500
27186.000 # 1500
27186.000 # 1500
27186.000 # 1500
27186.248 - 88 3.288 1
27186.273 - 88 0.493 1
27189.769 + 88 1
27191.526 + 88 1
27192.311 + 88 1
27195.477 + 88 1
27196.000 # 1500
27197.295 - 88 7.526 1
27197.307 - 88 5.781 1
27197.314 - 88 5.003 1
27197.321 - 88 1.844 1
27199.449 + 88 1
27202.263 + 88 1
27205.581 + 88 1
27207.211 + 88 1
27209.000 # 1500
27209.000 # 1500
27209.000 # 1500
27209.000 # 1500
27209.882 - 88 10.433 1
27209.905 - 88 7.642 1
27209.919 - 88 4.338 1
27209.932 - 88 2.721 1
27214.000 # 1500
27214.000 # 1500
27214.000 # 1500
27214.000 # 1500
27215.000 # 1500
27215.022 + 88 1
27215.088 + 88 1
27215.404 + 88 1
27218.745 + 88 1
27219.000 # 1500
27220.000 # 1500
27220.348 - 88 5.326 1
27220.378 - 88 5.290 1
27220.392 - 88 4.988 1
27220.407 - 88 1.662 1
27221.613 + 88 1
27223.972 + 88 1
27226.576 + 88 1
27227.000 # 1500
27228.000 # 1500
27228.691 - 88 7.078 1
27228.713 - 88 4.741 1
27228.720 - 88 2.144 1
27229.000 # 1500
27230.000 # 1500
27230.198 + 88 1
27230.644 + 88 1
27233.000 # 1500
27233.000 # 1500
27234.000 # 1500
27234.000 # 1500
27234.000 # 1500
27234.703 - 88 4.505 1
27234.728 - 88 4.084 1
27234.941 + 88 1
27236.000 # 1500
27236.000 # 1500
27236.692 - 88 1.751 1
27239.000 # 1500
27241.000 # 1500
27243.000 # 1500
27244.362 + 88 1
27244.730 + 88 1
27245.000 # 1500
27246.000 # 1500
27246.221 - 88 1.859 1
27246.240 - 88 1.510 1
27248.000 # 1500
27248.299 + 88 1
27248.388 + 88 1
27249.000 # 1500
27249.201 + 88 1
27249.444 - 88 1.145 1
27249.470 - 88 1.082 1
27251.398 + 88 1
27252.000 # 1500
27253.000 # 1500
27253.221 - 88 4.020 1
27253.249 - 88 1.851 1
27253.665 + 88 1
27254.000 # 1500
27255.199 - 88 1.534 1
27256.000 # 1500
27257.000 # 1500
27257.940 + 88 1
27259.000 # 1500
27260.324 - 88 2.384 1
27261.000 # 1500
27262.000 # 1500
27264.000 # 1500
27265.000 # 1500
27267.000 # 1500
27269.000 # 1500
27269.011 + 88 1
27269.133 + 88 1
27270.000 # 1500
27271.618 - 88 2.607 1
27271.639 - 88 2.506 1
27272.000 # 1500
27273.000 # 1500
27273.894 + 88 1
27275.000 # 1500
27275.487 - 88 1.593 1
27276.000 # 1500
27278.000 # 1500
27279.000 # 1500
27279.628 + 88 1
27282.000 # 1500
27282.000 # 1500
27283.356 - 88 3.728 1
27285.000 # 1500
27286.000 # 1500
27289.000 # 1500
27290.000 # 1500
27291.000 # 1500
27291.135 + 88 1
27291.266 + 88 1
27293.341 + 88 1
27294.000 # 1500
27294.000 # 1500
27295.078 + 88 1
27295.088 - 88 3.953 1
27295.148 - 88 3.882 1
27295.166 - 88 1.825 1
27296.000 # 1500
27297.024 - 88 1.946 1
27298.000 # 1500
27299.000 # 1500
27302.000 # 1500
27303.000 # 1500
27304.000 # 1500
27306.000 # 1500
27306.165 + 88 1
27308.000 # 1500
27309.000 # 1500
27309.201 - 88 3.036 1
27309.369 + 88 1
27313.000 # 1500
27313.000 # 1500
27313.823 - 88 4.454 1
27315.000 # 1500
27315.135 + 88 1
27316.000 # 1500
27317.033 - 88 1.898 1
27317.120 + 88 1
27318.000 # 1500
27318.728 - 88 1.608 1
27318.815 + 88 1
27319.000 # 1500
27319.066 - 88 0.251 1
27321.909 + 88 1
27322.000 # 1500
27323.000 # 1500
27324.000 # 1500
27324.063 - 88 2.154 1
27324.274 + 88 1
27327.587 + 88 1
27328.000 # 1500
27328.000 # 1500
27329.562 - 88 5.288 1
27329.603 - 88 2.016 1
27330.000 # 1500
27331.000 # 1500
27333.000 # 1500
27335.000 # 1500
27336.642 + 88 1
27338.000 # 1500
27338.000 # 1500
27338.634 + 88 1
27338.997 - 88 2.355 1
27340.000 # 1500
27341.867 - 88 3.233 1
27342.000 # 1500
27343.256 + 88 1
27345.000 # 1500
27346.166 + 88 1
27346.627 - 88 3.371 1
27347.000 # 1500
27348.252 - 88 2.086 1
27349.000 # 1500
27349.000 # 1500
27351.000 # 1500
27354.000 # 1500
27384.469 + 88 1
27384.647 + 88 1
27384.673 + 88 1
27385.012 + 88 1
27385.381 + 88 1
27414.000 # 1500
27414.000 # 1500
27414.000 # 1500
27414.000 # 1500
27414.000 # 1500
27414.000 # 1500
27414.000 # 1500
27414.000 # 1500
27415.000 # 1500
27415.000 # 1500
27415.021 - 88 30.552 1
27415.072 - 88 30.425 1
27415.090 - 88 30.417 1
27415.097 - 88 30.085 1
27415.107 - 88 29.726 1
27416.000 # 1500
27416.000 # 1500
27416.000 # 1500
27416.000 # 1500
27416.804 + 88 1
27417.000 # 1500
27417.000 # 1500
27417.000 # 1500
27418.000 # 1500
27418.000 # 1500
27418.000 # 1500
27418.486 - 88 1.682 1
27418.749 + 88 1
27419.000 # 1500
27419.000 # 1500
27419.000 # 1500
27419.000 # 1500
27419.000 # 1500
27419.000 # 1500
27419.000 # 1500
27419.000 # 1500
27419.000 # 1500
27419.000 # 1500
27419.000 # 1500
27419.000 # 1500
27419.000 # 1500
27420.000 # 1500
27420.000 # 1500
27420.433 - 88 1.684 1
27420.780 + 88 1
27421.000 # 1500
27422.379 - 88 1.599 1
27423.000 # 1500
27425.000 # 1500
27425.354 + 88 1
27426.598 + 88 1
27428.000 # 1500
27429.000 # 1500
27429.046 - 88 3.692 1
27429.076 - 88 2.478 1
27430.436 + 88 1
27431.000 # 1500
27432.000 # 1500
27432.377 + 88 1
27432.658 - 88 2.222 1
27434.000 # 1500
27434.891 + 88 1
27435.000 # 1500
27435.276 - 88 2.899 1
27438.000 # 1500
27438.053 + 88 1
27438.319 - 88 3.428 1
27440.000 # 1500
27440.000 # 1500
27441.069 + 88 1
27441.218 + 88 1
27441.411 - 88 3.358 1
27442.000 # 1500
27443.000 # 1500
27443.456 - 88 2.387 1
27443.474 - 88 2.256 1
27444.899 + 88 1
27446.000 # 1500
27446.000 # 1500
27446.454 + 88 1
27446.570 - 88 1.671 1
27448.000 # 1500
27448.303 + 88 1
27448.586 - 88 2.132 1
27450.000 # 1500
27451.364 - 88 3.061 1
27452.000 # 1500
27454.000 # 1500
27456.000 # 1500
27457.000 # 1500
27458.411 + 88 1
27461.000 # 1500
27461.000 # 1500
27461.522 + 88 1
27461.792 - 88 3.381 1
27462.000 # 1500
27462.589 + 88 1
27462.849 - 88 1.327 1
27465.000 # 1500
27466.000 # 1500
27466.699 - 88 4.110 1
27468.000 # 1500
27468.486 + 88 1
27470.455 + 88 1
27471.000 # 1500
27471.000 # 1500
27472.401 - 88 3.915 1
27472.421 - 88 1.966 1
27473.000 # 1500
27474.000 # 1500
27474.334 + 88 1
27475.301 + 88 1
27477.000 # 1500
27477.232 + 88 1
27477.607 - 88 3.273 1
27477.634 - 88 2.333 1
27479.000 # 1500
27480.000 # 1500
27480.134 - 88 2.902 1
27480.328 + 88 1
27482.000 # 1500
27483.000 # 1500
27483.172 - 88 2.844 1
27483.270 + 88 1
27484.932 + 88 1
27485.000 # 1500
27485.236 - 88 1.966 1
27486.000 # 1500
27486.908 - 88 1.976 1
27488.000 # 1500
27488.161 + 88 1
27489.000 # 1500
27489.862 - 88 1.701 1
27490.089 + 88 1
27490.224 + 88 1
27491.000 # 1500
27491.721 - 88 1.632 1
27491.747 - 88 1.523 1
27493.000 # 1500
27494.000 # 1500
27495.402 + 88 1
27495.570 + 88 1
27497.000 # 1500
27498.000 # 1500
27499.842 - 88 4.440 1
27500.069 - 88 4.499 1
27500.271 + 88 1
27500.388 + 88 1
27501.000 # 1500
27501.709 - 88 1.438 1
27501.792 - 88 1.404 1
27502.000 # 1500
27503.000 # 1500
27503.730 + 88 1
27504.000 # 1500
27505.538 + 88 1
27505.646 - 88 1.916 1
27506.000 # 1500
27507.487 - 88 1.949 1
27508.770 + 88 1
27510.000 # 1500
27511.000 # 1500
27512.000 # 1500
27512.231 - 88 3.461 1
27513.000 # 1500
27518.000 # 1500
27520.000 # 1500
27520.000 # 1500
27524.000 # 1500
27524.375 + 88 1
27526.000 # 1500
27526.000 # 1500
27527.246 - 88 2.871 1
27527.266 + 88 1
27528.000 # 1500
27529.992 - 88 2.726 1
27530.245 + 88 1
27531.000 # 1500
27532.000 # 1500
27532.206 - 88 1.961 1
27534.000 # 1500
27535.000 # 1500
27536.386 + 88 1
27537.000 # 1500
27538.083 - 88 1.697 1
27539.746 + 88 1
27540.000 # 1500
27541.000 # 1500
27541.800 - 88 2.054 1
27543.000 # 1500
27544.727 + 88 1
27545.000 # 1500
27545.124 - 88 0.397 1
27547.665 + 88 1
27548.000 # 1500
27549.522 - 88 1.857 1
27551.000 # 1500
27551.000 # 1500
27552.000 # 1500
27554.000 # 1500
27556.000 # 1500
27557.000 # 1500
27558.000 # 1500
27560.000 # 1500
27562.000 # 1500
27563.359 + 88 1
27563.468 + 88 1
27563.502 + 88 1
27563.533 + 88 1
27563.563 + 88 1
27564.000 # 1500
27565.000 # 1500
27566.000 # 1500
27566.053 - 88 2.694 1
27566.105 - 88 2.637 1
27566.122 - 88 2.620 1
27566.130 - 88 2.597 1
27566.136 - 88 2.573 1
27566.616 + 88 1
27568.000 # 1500
27568.872 - 88 2.256 1
27569.000 # 1500
27571.000 # 1500
27574.000 # 1500
27575.000 # 1500
27575.196 + 88 1
27575.238 + 88 1
27577.044 + 88 1
27577.080 + 88 1
27577.111 + 88 1
27578.874 + 88 1
27579.000 # 1500
27580.000 # 1500
27580.764 - 88 5.568 1
27580.857 - 88 5.619 1
27580.880 - 88 3.836 1
27580.890 - 88 3.810 1
27580.897 - 88 3.786 1
27580.904 - 88 2.030 1
27581.000 # 1500
27581.231 + 88 1
27582.639 + 88 1
27584.000 # 1500
27585.000 # 1500
27585.737 - 88 4.506 1
27585.756 - 88 3.117 1
27589.000 # 1500
27589.000 # 1500
27591.000 # 1500
27591.704 + 88 1
27591.741 + 88 1
27591.772 + 88 1
27592.000 # 1500
27592.125 - 88 0.421 1
27595.000 # 1500
27595.000 # 1500
27596.271 - 88 4.530 1
27596.298 - 88 4.526 1
27597.000 # 1500
27599.000 # 1500
27599.628 + 88 1
27600.000 # 1500
27601.679 + 88 1
27601.782 - 88 2.154 1
27604.000 # 1500
27605.000 # 1500
27605.072 - 88 3.393 1
27605.317 + 88 1
27606.109 + 88 1
27607.000 # 1500
27608.000 # 1500
27608.420 - 88 3.103 1
27608.443 - 88 2.334 1
27611.000 # 1500
27611.000 # 1500
27612.081 + 88 1
27613.000 # 1500
27614.000 # 1500
27615.000 # 1500
27615.084 - 88 3.003 1
27616.936 + 88 1
27618.000 # 1500
27618.823 - 88 1.887 1
27620.000 # 1500
27621.818 + 88 1
27622.000 # 1500
27622.000 # 1500
27622.014 + 88 1
27631.781 + 88 1
27633.000 # 1500
27633.000 # 1500
27633.000 # 1500
27633.000 # 1500
27633.000 # 1500
27633.000 # 1500
27634.544 + 88 1
27634.805 - 88 12.987 1
27634.943 - 88 12.929 1
27634.969 - 88 3.188 1
27635.000 # 1500
27636.451 - 88 1.907 1
27636.796 + 88 1
27638.000 # 1500
27639.000 # 1500
27639.358 - 88 2.562 1
27641.475 + 88 1
27642.000 # 1500
27644.000 # 1500
27645.000 # 1500
27645.368 + 88 1
27645.718 + 88 1
27645.872 - 88 4.397 1
27647.000 # 1500
27649.152 - 88 3.784 1
27649.175 - 88 3.457 1
27649.464 + 88 1
27650.000 # 1500
27651.000 # 1500
27651.169 - 88 1.705 1
27651.500 + 88 1
27652.000 # 1500
27653.016 - 88 1.516 1
27654.000 # 1500
27655.027 + 88 1
27656.000 # 1500
27656.935 - 88 1.908 1
27657.268 + 88 1
27658.000 # 1500
27658.855 - 88 1.587 1
27659.000 # 1500
27660.985 + 88 1
27661.000 # 1500
27661.711 + 88 1
27662.000 # 1500
27663.435 - 88 2.450 1
27663.459 - 88 1.748 1
27665.000 # 1500
27665.684 + 88 1
27668.655 + 88 1
27669.000 # 1500
27669.000 # 1500
27669.000 # 1500
27670.000 # 1500
27670.805 - 88 5.121 1
27670.832 - 88 2.177 1
27671.000 # 1500
27671.012 + 88 1
27673.000 # 1500
27673.578 - 88 2.566 1
27673.816 + 88 1
27674.000 # 1500
27674.048 - 88 0.232 1
27675.000 # 1500
27675.661 + 88 1
27676.000 # 1500
27677.000 # 1500
27677.267 - 88 1.606 1
27679.269 + 88 1
27680.000 # 1500
27681.334 + 88 1
27681.566 - 88 2.297 1
27682.000 # 1500
27682.000 # 1500
27683.209 + 88 1
27683.406 + 88 1
27683.545 - 88 2.211 1
27684.000 # 1500
27685.142 - 88 1.933 1
27685.166 - 88 1.760 1
27686.431 + 88 1
27689.000 # 1500
27689.000 # 1500
27689.000 # 1500
27691.358 - 88 4.927 1
27696.273 + 88 1
27696.704 + 88 1
27699.000 # 1500
27699.000 # 1500
27699.776 + 88 1
27699.906 - 88 3.633 1
27700.000 # 1500
27700.000 # 1500
27700.000 # 1500
27700.000 # 1500
27700.000 # 1500
27700.000 # 1500
27700.001 - 88 3.297 1
27700.215 + 88 1
27700.440 - 88 0.664 1
27701.000 # 1500
27701.722 - 88 1.507 1
27702.098 + 88 1
27703.000 # 1500
27704.096 - 88 1.998 1
27705.000 # 1500
27705.000 # 1500
27706.000 # 1500
27706.685 + 88 1
27708.575 + 88 1
27710.722 + 88 1
27712.494 + 88 1
27714.584 + 88 1
27716.000 # 1500
27717.000 # 1500
27717.000 # 1500
27717.000 # 1500
27717.000 # 1500
27717.000 # 1500
27717.000 # 1500
27717.000 # 1500
27717.000 # 1500
27717.682 + 88 1
27717.812 - 88 11.127 1
27717.838 - 88 9.263 1
27717.876 - 88 7.154 1
27717.892 - 88 5.398 1
27717.907 - 88 3.323 1
27722.211 + 88 1
27722.469 + 88 1
27724.689 + 88 1
27727.000 # 1500
27727.000 # 1500
27727.000 # 1500
27727.788 + 88 1
27728.000 # 1500
27728.000 # 1500
27728.000 # 1500
27728.000 # 1500
27728.164 - 88 10.482 1
27728.244 - 88 6.033 1
27728.268 - 88 5.799 1
27728.285 - 88 3.596 1
27728.299 - 88 0.511 1
27730.000 # 1500
27730.000 # 1500
27732.195 + 88 1
27732.648 + 88 1
27733.000 # 1500
27734.201 + 88 1
27734.563 - 88 2.368 1
27734.584 - 88 1.936 1
27735.000 # 1500
27735.000 # 1500
27735.905 - 88 1.704 1
27737.000 # 1500
27738.053 + 88 1
27738.234 + 88 1
27739.000 # 1500
27739.567 + 88 1
27740.000 # 1500
27740.053 - 88 2.000 1
27740.085 - 88 1.851 1
27740.101 - 88 0.534 1
27741.000 # 1500
27741.389 + 88 1
27744.000 # 1500
27744.875 - 88 3.486 1
27745.000 # 1500
27745.397 + 88 1
27746.000 # 1500
27746.488 + 88 1
27746.707 - 88 1.310 1
27749.275 + 88 1
27751.116 + 88 1
27752.852 + 88 1
27756.000 # 1500
27756.543 + 88 1
27756.724 - 88 10.236 1
27756.819 - 88 7.544 1
27756.849 - 88 5.733 1
27756.857 - 88 4.005 1
27758.693 + 88 1
27759.000 # 1500
27760.000 # 1500
27760.466 - 88 3.923 1
27760.487 - 88 1.794 1
27761.000 # 1500
27762.000 # 1500
27767.814 + 88 1
27770.410 + 88 1
27772.000 # 1500
27772.000 # 1500
27772.000 # 1500
27773.000 # 1500
27774.029 - 88 6.215 1
27774.181 - 88 3.771 1
27775.000 # 1500
27775.000 # 1500
27777.000 # 1500
27778.000 # 1500
27778.000 # 1500
27781.000 # 1500
27781.867 + 88 1
27782.000 # 1500
27782.051 + 88 1
27782.390 - 88 0.523 1
27783.000 # 1500
27783.833 - 88 1.782 1
27784.000 # 1500
27785.000 # 1500
27786.000 # 1500
27787.001 + 88 1
27788.859 + 88 1
27790.006 + 88 1
27791.000 # 1500
27792.000 # 1500
27792.679 - 88 5.678 1
27792.904 - 88 4.045 1
27792.935 + 88 1
27792.980 - 88 2.974 1
27794.000 # 1500
27795.000 # 1500
27795.578 - 88 2.643 1
27795.858 + 88 1
27796.385 + 88 1
27798.000 # 1500
27799.542 + 88 1
27799.679 - 88 3.821 1
27799.709 - 88 3.324 1
27800.648 + 88 1
27801.000 # 1500
27802.000 # 1500
27802.000 # 1500
27802.411 + 88 1
27802.884 - 88 3.342 1
27803.000 # 1500
27803.048 - 88 2.400 1
27803.108 - 88 0.697 1
27805.000 # 1500
27805.375 + 88 1
27807.000 # 1500
27807.000 # 1500
27808.438 - 88 3.063 1
27809.000 # 1500
27811.000 # 1500
27813.000 # 1500
27813.348 + 88 1
27813.800 + 88 1
27815.403 + 88 1
27816.000 # 1500
27816.000 # 1500
27817.000 # 1500
27817.007 - 88 3.659 1
27817.100 - 88 3.300 1
27817.179 - 88 1.776 1
27823.000 # 1500
27824.000 # 1500
27824.000 # 1500
27824.268 + 88 1
27825.000 # 1500
27825.687 - 88 1.419 1
27826.000 # 1500
27826.273 + 88 1
27828.895 + 88 1
27829.342 + 88 1
27830.000 # 1500
27831.000 # 1500
27832.000 # 1500
27832.015 - 88 5.742 1
27832.381 + 88 1
27832.413 - 88 3.518 1
27832.436 - 88 3.094 1
27834.000 # 1500
27834.778 - 88 2.397 1
27835.000 # 1500
27836.091 + 88 1
27836.450 + 88 1
27837.000 # 1500
27838.000 # 1500
27838.922 - 88 2.831 1
27839.095 - 88 2.645 1
27839.198 + 88 1
27839.426 + 88 1
27841.000 # 1500
27841.271 + 88 1
27841.510 - 88 2.312 1
27841.531 - 88 2.105 1
27842.000 # 1500
27842.793 - 88 1.522 1
27843.000 # 1500
27844.761 + 88 1
27845.000 # 1500
27846.000 # 1500
27846.678 - 88 1.917 1
27847.751 + 88 1
27848.208 + 88 1
27849.000 # 1500
27849.612 - 88 1.861 1
27849.632 - 88 1.424 1
27850.000 # 1500
27851.000 # 1500
27851.966 + 88 1
27854.000 # 1500
27854.067 + 88 1
27854.492 - 88 2.526 1
27855.000 # 1500
27856.000 # 1500
27856.135 + 88 1
27856.321 - 88 2.254 1
27858.000 # 1500
27858.926 + 88 1
27859.007 - 88 2.872 1
27860.673 + 88 1
27861.000 # 1500
27862.000 # 1500
27862.827 + 88 1
27862.913 - 88 3.987 1
27862.933 - 88 2.260 1
27864.000 # 1500
27864.666 + 88 1
27864.988 - 88 2.161 1
27865.000 # 1500
27867.225 - 88 2.559 1
27871.000 # 1500
27871.000 # 1500
27871.000 # 1500
27872.000 # 1500
27874.000 # 1500
27876.000 # 1500
27877.000 # 1500
27879.000 # 1500
27880.000 # 1500
27882.000 # 1500
27885.000 # 1500
27891.944 + 88 1
27892.000 # 1500
27892.000 # 1500
27892.000 # 1500
27892.000 # 1500
27892.000 # 1500
27893.781 + 88 1
27893.856 + 88 1
27893.899 + 88 1
27893.963 + 88 1
27894.000 # 1500
27894.176 + 88 1
27894.184 - 88 2.240 1
27895.000 # 1500
27895.927 - 88 2.146 1
27895.955 - 88 2.099 1
27895.970 - 88 2.071 1
27895.979 + 88 1
27895.984 - 88 2.021 1
27895.998 - 88 1.822 1
27896.000 # 1500
27897.907 + 88 1
27899.244 + 88 1
27900.000 # 1500
27900.508 + 88 1
27900.918 - 88 4.939 1
27900.944 - 88 3.037 1
27900.959 - 88 1.715 1
27901.000 # 1500
27902.000 # 1500
27902.569 - 88 2.061 1
27902.672 + 88 1
27904.000 # 1500
27905.000 # 1500
27905.440 + 88 1
27905.470 - 88 2.798 1
27907.000 # 1500
27907.787 + 88 1
27908.000 # 1500
27908.018 - 88 2.578 1
27910.179 + 88 1
27910.228 - 88 2.441 1
27911.000 # 1500
27911.000 # 1500
27912.000 # 1500
27912.040 - 88 1.861 1
27912.339 + 88 1
27913.000 # 1500
27914.837 - 88 2.498 1
27915.305 + 88 1
27918.000 # 1500
27918.785 - 88 3.480 1
27919.000 # 1500
27920.000 # 1500
27920.160 + 88 1
27920.208 + 88 1
27920.837 + 88 1
27920.918 + 88 1
27921.000 # 1500
27921.099 - 88 0.939 1
27921.127 - 88 0.919 1
27924.000 # 1500
27924.666 - 88 3.829 1
27924.694 - 88 3.776 1
27925.000 # 1500
27925.080 + 88 1
27925.300 + 88 1
27926.000 # 1500
27926.608 - 88 1.528 1
27926.634 - 88 1.334 1
27928.000 # 1500
27928.364 + 88 1
27930.000 # 1500
27931.772 - 88 3.408 1
27932.000 # 1500
27936.355 + 88 1
27936.430 + 88 1
27936.505 + 88 1
27936.910 + 88 1
27939.243 + 88 1
27941.741 + 88 1
27942.000 # 1500
27942.000 # 1500
27942.000 # 1500
27942.000 # 1500
27943.000 # 1500
27943.255 + 88 1
27943.464 - 88 7.109 1
27943.484 - 88 7.054 1
27943.492 - 88 6.987 1
27943.499 - 88 6.589 1
27943.505 - 88 4.262 1
27943.512 - 88 1.771 1
27944.000 # 1500
27945.305 - 88 2.050 1
27946.000 # 1500
27947.000 # 1500
27947.281 + 88 1
27947.439 + 88 1
27949.499 + 88 1
27951.464 + 88 1
27953.532 + 88 1
27956.107 + 88 1
27957.000 # 1500
27957.000 # 1500
27957.000 # 1500
27957.000 # 1500
27957.000 # 1500
27957.000 # 1500
27958.000 # 1500
27958.006 + 88 1
27958.259 - 88 10.978 1
27958.279 - 88 10.840 1
27958.287 - 88 8.788 1
27958.294 - 88 6.830 1
27958.300 - 88 4.768 1
27958.307 - 88 2.200 1
27959.000 # 1500
27960.411 - 88 2.405 1
27960.665 + 88 1
27961.000 # 1500
27962.000 # 1500
27962.790 - 88 2.125 1
27963.000 # 1500
27964.000 # 1500
27964.509 + 88 1
27966.163 + 88 1
27967.000 # 1500
27967.000 # 1500
27967.680 - 88 3.171 1
27967.699 - 88 1.536 1
27967.747 + 88 1
27968.000 # 1500
27968.831 + 88 1
27969.391 - 88 1.644 1
27970.673 + 88 1
27971.000 # 1500
27972.000 # 1500
27972.766 + 88 1
27972.987 - 88 4.156 1
27973.000 # 1500
27973.013 - 88 2.340 1
27973.038 - 88 0.272 1
27974.000 # 1500
27974.873 + 88 1
27976.000 # 1500
27976.464 + 88 1
27976.613 - 88 1.740 1
27979.000 # 1500
27979.000 # 1500
27979.841 - 88 3.377 1
27979.855 + 88 1
27980.000 # 1500
27980.423 + 88 1
27982.000 # 1500
27983.000 # 1500
27983.424 - 88 3.569 1
27983.449 - 88 3.026 1
27983.542 + 88 1
27984.000 # 1500
27985.304 - 88 1.762 1
27985.535 + 88 1
27986.000 # 1500
27986.189 + 88 1
27986.639 - 88 1.104 1
27988.000 # 1500
27989.000 # 1500
27990.000 # 1500
27990.328 + 88 1
27990.613 + 88 1
27990.877 - 88 4.688 1
27991.000 # 1500
27992.638 + 88 1
27993.000 # 1500
27993.166 - 88 2.838 1
27993.196 - 88 2.583 1
27994.000 # 1500
27994.296 - 88 1.658 1
27995.510 + 88 1
27996.000 # 1500
27997.000 # 1500
27997.199 - 88 1.689 1
27998.000 # 1500
27999.000 # 1500
28001.000 # 1500
28002.000 # 1500
28003.000 # 1500
28004.938 + 88 1
28005.000 # 1500
28006.000 # 1500
28006.284 + 88 1
28006.763 - 88 1.825 1
28007.000 # 1500
28008.000 # 1500
28008.189 + 88 1
28008.661 - 88 2.377 1
28009.000 # 1500
28010.826 - 88 2.637 1
28011.000 # 1500
28011.766 + 88 1
28012.000 # 1500
28013.000 # 1500
28013.813 - 88 2.047 1
28014.000 # 1500
28015.000 # 1500
28025.000 # 1500
28025.000 # 1500
28026.000 # 1500
28026.000 # 1500
28026.000 # 1500
28030.000 # 1500
28034.000 # 1500
28034.000 # 1500
28034.000 # 1500
28036.000 # 1500
28036.315 + 88 1
28036.462 + 88 1
28036.512 + 88 1
28036.559 + 88 1
28036.687 + 88 1
28036.736 + 88 1
28039.213 + 88 1
28040.000 # 1500
28041.038 - 88 4.723 1
28041.285 - 88 4.823 1
28041.317 - 88 4.805 1
28041.326 - 88 4.767 1
28041.333 - 88 4.646 1
28041.340 - 88 4.604 1
28041.347 - 88 2.134 1
28041.401 + 88 1
28044.343 + 88 1
28045.000 # 1500
28045.000 # 1500
28045.000 # 1500
28046.155 - 88 4.754 1
28046.173 - 88 1.830 1
28046.318 + 88 1
28047.000 # 1500
28047.000 # 1500
28047.000 # 1500
28047.000 # 1500
28047.000 # 1500
28048.000 # 1500
28048.846 - 88 2.528 1
28049.000 # 1500
28050.000 # 1500
28050.942 + 88 1
28051.000 # 1500
28051.023 + 88 1
28053.000 # 1500
28053.742 - 88 2.800 1
28053.864 - 88 2.841 1
28054.000 # 1500
28054.292 + 88 1
28055.000 # 1500
28055.861 - 88 1.569 1
28056.000 # 1500
28058.000 # 1500
28058.000 # 1500
28058.204 + 88 1
28059.758 + 88 1
28061.000 # 1500
28061.000 # 1500
28061.790 - 88 3.586 1
28061.906 - 88 2.148 1
28063.000 # 1500
28063.677 + 88 1
28064.000 # 1500
28065.000 # 1500
28065.555 + 88 1
28065.686 - 88 2.009 1
28066.000 # 1500
28067.000 # 1500
28067.404 - 88 1.849 1
28067.882 + 88 1
28068.000 # 1500
28069.000 # 1500
28069.338 - 88 1.456 1
28071.321 + 88 1
28072.000 # 1500
28073.000 # 1500
28073.000 # 1500
28073.257 - 88 1.936 1
28074.000 # 1500
28075.000 # 1500
28075.480 + 88 1
28076.000 # 1500
28077.000 # 1500
28077.282 + 88 1
28077.376 - 88 1.896 1
28079.000 # 1500
28079.000 # 1500
28080.000 # 1500
28080.188 - 88 2.906 1
28081.000 # 1500
28084.000 # 1500
28085.000 # 1500
28085.000 # 1500
28085.045 + 88 1
28086.000 # 1500
28087.000 # 1500
28087.024 + 88 1
28087.230 - 88 2.185 1
28092.156 + 88 1
28095.298 + 88 1
28097.000 # 1500
28097.312 + 88 1
28097.588 - 88 10.564 1
28097.674 - 88 5.518 1
28097.796 - 88 2.498 1
28098.000 # 1500
28099.000 # 1500
28099.556 - 88 2.244 1
28100.000 # 1500
28100.000 # 1500
28101.375 + 88 1
28105.138 + 88 1
28114.000 # 1500
28114.000 # 1500
28114.958 - 88 13.583 1
28115.054 - 88 9.916 1
28117.000 # 1500
28117.000 # 1500
28117.304 + 88 1
28118.000 # 1500
28118.826 - 88 1.522 1
28119.000 # 1500
28119.000 # 1500
28119.000 # 1500
28121.000 # 1500
28121.763 + 88 1
28122.000 # 1500
28122.303 + 88 1
28122.499 - 88 0.736 1
28122.561 + 88 1
28124.000 # 1500
28124.991 - 88 2.688 1
28125.132 - 88 2.571 1
28125.410 + 88 1
28127.000 # 1500
28128.000 # 1500
28128.713 + 88 1
28129.000 # 1500
28129.058 - 88 3.648 1
28130.000 # 1500
28130.739 - 88 2.026 1
28130.993 + 88 1
28131.000 # 1500
28133.675 + 88 1
28135.710 + 88 1
28140.428 + 88 1
28140.777 + 88 1
28142.291 + 88 1
28144.000 # 1500
28145.000 # 1500
28145.000 # 1500
28146.000 # 1500
28146.156 + 88 1
28146.370 - 88 15.377 1
28146.408 - 88 12.733 1
28146.492 - 88 10.782 1
28146.504 - 88 6.076 1
28146.513 - 88 5.736 1
28146.520 - 88 4.229 1
28148.000 # 1500
28148.000 # 1500
28148.000 # 1500
28148.119 + 88 1
28148.470 - 88 2.314 1
28149.000 # 1500
28149.095 + 88 1
28149.559 - 88 1.440 1
28151.090 + 88 1
28153.088 + 88 1
28156.972 + 88 1
28158.765 + 88 1
28160.000 # 1500
28160.000 # 1500
28160.000 # 1500
28160.000 # 1500
28160.000 # 1500
28160.000 # 1500
28160.837 + 88 1
28161.185 - 88 12.090 1
28161.287 - 88 10.197 1
28161.309 - 88 8.221 1
28161.317 - 88 4.345 1
28161.324 - 88 2.559 1
28163.984 + 88 1
28166.000 # 1500
28166.000 # 1500
28166.863 - 88 6.026 1
28166.884 - 88 2.900 1
28167.237 + 88 1
28170.850 + 88 1
28171.000 # 1500
28171.000 # 1500
28171.000 # 1500
28171.000 # 1500
28171.000 # 1500
28171.000 # 1500
28171.000 # 1500
28171.226 - 88 3.989 1
28175.458 + 88 1
28179.298 + 88 1
28183.279 + 88 1
28186.275 + 88 1
28190.427 + 88 1
28192.000 # 1500
28192.000 # 1500
28192.000 # 1500
28192.000 # 1500
28192.000 # 1500
28192.000 # 1500
28192.000 # 1500
28192.000 # 1500
28193.000 # 1500
28193.000 # 1500
28193.000 # 1500
28193.000 # 1500
28193.000 # 1500
28193.000 # 1500
28193.000 # 1500
28193.551 - 88 22.701 1
28193.648 - 88 18.190 1
28193.726 - 88 14.428 1
28193.738 - 88 10.459 1
28193.747 - 88 7.472 1
28193.753 - 88 3.326 1
28194.000 # 1500
28195.000 # 1500
28197.000 # 1500
28197.000 # 1500
28198.827 + 88 1
28198.967 + 88 1
28199.000 # 1500
28199.200 + 88 1
28199.471 - 88 0.644 1
28203.366 + 88 1
28204.000 # 1500
28204.000 # 1500
28204.000 # 1500
28204.000 # 1500
28205.000 # 1500
28205.000 # 1500
28205.309 + 88 1
28205.378 - 88 6.411 1
28205.466 - 88 6.266 1
28205.498 - 88 2.132 1
28206.000 # 1500
28207.139 - 88 1.830 1
28207.351 + 88 1
28208.328 + 88 1
28210.158 + 88 1
28212.324 + 88 1
28214.206 + 88 1
28216.000 # 1500
28216.000 # 1500
28216.000 # 1500
28216.000 # 1500
28216.000 # 1500
28216.000 # 1500
28217.000 # 1500
28217.355 - 88 10.004 1
28217.449 - 88 9.121 1
28217.526 - 88 7.368 1
28217.538 - 88 5.214 1
28217.546 - 88 3.340 1
28218.000 # 1500
28220.000 # 1500
28220.000 # 1500
28221.000 # 1500
28222.000 # 1500
28223.000 # 1500
28223.393 + 88 1
28223.564 + 88 1
28223.926 + 88 1
28224.000 # 1500
28224.242 - 88 0.849 1
28224.309 - 88 0.745 1
28225.000 # 1500
28226.000 # 1500
28226.028 - 88 2.102 1
28226.334 + 88 1
28228.000 # 1500
28228.924 + 88 1
28229.000 # 1500
28229.289 - 88 2.955 1
28231.664 + 88 1
28232.899 + 88 1
28234.757 + 88 1
28237.679 + 88 1
28239.000 # 1500
28239.669 + 88 1
28240.056 - 88 11.132 1
28240.189 - 88 8.525 1
28240.256 - 88 7.357 1
28240.274 - 88 5.517 1
28240.283 - 88 2.604 1
28243.253 + 88 1
28245.484 + 88 1
28247.413 + 88 1
28249.343 + 88 1
28253.016 + 88 1
28254.971 + 88 1
28258.946 + 88 1
28259.000 # 1500
28259.000 # 1500
28259.000 # 1500
28259.000 # 1500
28259.000 # 1500
28259.074 - 88 19.405 1
28259.128 - 88 15.875 1
28259.149 - 88 13.665 1
28259.164 - 88 11.751 1
28259.178 - 88 9.835 1
28259.191 - 88 6.175 1
28259.205 - 88 4.234 1
28260.000 # 1500
28260.000 # 1500
28260.000 # 1500
28260.000 # 1500
28260.000 # 1500
28260.000 # 1500
28260.000 # 1500
28260.000 # 1500
28260.000 # 1500
28260.000 # 1500
28260.875 - 88 1.929 1
28266.000 # 1500
28266.000 # 1500
28268.000 # 1500
28269.000 # 1500
28269.083 + 88 1
28270.000 # 1500
28270.628 - 88 1.545 1
28274.000 # 1500
28279.860 + 88 1
28283.320 + 88 1
28285.000 # 1500
28285.000 # 1500
28285.000 # 1500
28285.369 + 88 1
28285.707 - 88 5.847 1
28285.796 - 88 2.476 1
28287.473 + 88 1
28288.000 # 1500
28288.000 # 1500
28288.000 # 1500
28289.577 - 88 4.208 1
28289.672 - 88 2.199 1
28291.241 + 88 1
28293.163 + 88 1
28295.103 + 88 1
28296.000 # 1500
28297.060 + 88 1
28297.075 - 88 5.834 1
28297.111 - 88 3.948 1
28297.184 - 88 2.081 1
28300.079 + 88 1
28301.000 # 1500
28301.000 # 1500
28301.954 - 88 4.894 1
28302.000 # 1500
28302.000 # 1500
28302.000 # 1500
28302.048 - 88 1.969 1
28302.195 + 88 1
28304.106 + 88 1
28306.000 # 1500
28307.000 # 1500
28307.993 - 88 5.798 1
28308.120 + 88 1
28308.219 - 88 4.113 1
28308.281 + 88 1
28309.000 # 1500
28310.276 - 88 2.156 1
28310.355 - 88 2.074 1
28310.443 + 88 1
28312.000 # 1500
28313.114 - 88 2.671 1
28313.406 + 88 1
28314.000 # 1500
28315.000 # 1500
28315.570 + 88 1
28315.706 - 88 2.300 1
28316.116 + 88 1
28317.000 # 1500
28318.786 - 88 3.216 1
28318.879 - 88 2.763 1
28322.000 # 1500
28323.000 # 1500
28325.000 # 1500
28325.339 + 88 1
28325.472 + 88 1
28325.520 + 88 1
28325.567 + 88 1
28330.000 # 1500
28330.000 # 1500
28331.440 - 88 6.101 1
28331.533 - 88 6.061 1
28331.564 - 88 6.044 1
28331.573 - 88 6.006 1
28332.000 # 1500
28334.000 # 1500
28336.222 + 88 1
28336.361 + 88 1
28338.000 # 1500
28338.122 + 88 1
28338.288 + 88 1
28338.374 + 88 1
28338.780 - 88 2.558 1
28338.892 - 88 2.531 1
28339.072 + 88 1
28340.000 # 1500
28340.000 # 1500
28340.719 - 88 2.597 1
28340.752 - 88 2.464 1
28340.764 - 88 2.390 1
28340.772 - 88 1.700 1
28341.897 + 88 1
28342.000 # 1500
28345.163 + 88 1
28345.295 + 88 1
28347.081 + 88 1
28349.000 # 1500
28349.000 # 1500
28349.757 + 88 1
28350.000 # 1500
28350.000 # 1500
28350.051 - 88 8.154 1
28350.091 - 88 4.928 1
28350.162 - 88 4.867 1
28350.175 - 88 3.094 1
28350.183 - 88 0.426 1
28351.592 + 88 1
28352.000 # 1500
28352.270 - 88 0.678 1
28353.271 + 88 1
28354.000 # 1500
28354.833 + 88 1
28354.895 - 88 1.624 1
28356.000 # 1500
28357.628 - 88 2.795 1
28358.000 # 1500
28358.139 + 88 1
28358.271 + 88 1
28359.000 # 1500
28360.154 - 88 2.015 1
28360.204 - 88 1.933 1
28362.000 # 1500
28363.000 # 1500
28365.000 # 1500
28367.000 # 1500
28368.000 # 1500
28368.694 + 88 1
28368.817 + 88 1
28368.851 + 88 1
28368.882 + 88 1
28369.031 + 88 1
28370.000 # 1500
28370.443 + 88 1
28370.758 - 88 2.064 1
28370.857 - 88 2.040 1
28370.877 - 88 2.026 1
28370.885 - 88 2.003 1
28370.893 - 88 1.862 1
28372.000 # 1500
28373.000 # 1500
28373.228 - 88 2.785 1
28373.453 + 88 1
28374.000 # 1500
28375.271 + 88 1
28375.695 - 88 2.242 1
28377.000 # 1500
28377.000 # 1500
28377.280 - 88 2.009 1
28377.390 + 88 1
28378.000 # 1500
28378.318 + 88 1
28378.726 - 88 1.336 1
28380.000 # 1500
28380.974 - 88 2.656 1
28381.000 # 1500
28382.141 + 88 1
28382.253 + 88 1
28384.000 # 1500
28384.000 # 1500
28385.771 - 88 3.630 1
28385.892 - 88 3.639 1
28386.000 # 1500
28386.148 + 88 1
28387.000 # 1500
28387.776 - 88 1.628 1
28388.977 + 88 1
28390.136 + 88 1
28400.000 # 1500
28401.000 # 1500
28401.000 # 1500
28401.000 # 1500
28401.000 # 1500
28401.000 # 1500
28401.383 - 88 12.406 1
28401.508 - 88 11.372 1
28401.911 + 88 1
28402.000 # 1500
28402.019 + 88 1
28402.061 + 88 1
28402.223 + 88 1
28404.000 # 1500
28405.000 # 1500
28405.393 - 88 3.482 1
28405.516 - 88 3.497 1
28405.586 - 88 3.525 1
28405.610 - 88 3.387 1
28407.000 # 1500
28410.000 # 1500
28411.000 # 1500
28411.560 + 88 1
28411.674 + 88 1
28411.708 + 88 1
28411.739 + 88 1
28418.312 + 88 1
28418.420 + 88 1
28418.454 + 88 1
28421.000 # 1500
28422.007 - 88 10.447 1
28422.132 - 88 10.458 1
28422.203 - 88 10.495 1
28422.227 - 88 10.488 1
28422.243 - 88 3.931 1
28422.256 - 88 3.836 1
28422.269 - 88 3.815 1
28422.553 + 88 1
28422.663 + 88 1
28423.000 # 1500
28423.000 # 1500
28423.000 # 1500
28423.000 # 1500
28423.932 - 88 1.379 1
28423.951 - 88 1.288 1
28424.000 # 1500
28424.315 + 88 1
28425.000 # 1500
28425.947 - 88 1.632 1
28426.000 # 1500
28428.000 # 1500
28431.000 # 1500
28433.000 # 1500
28434.000 # 1500
28435.000 # 1500
28436.864 + 88 1
28436.907 + 88 1
28436.938 + 88 1
28436.967 + 88 1
28436.997 + 88 1
28437.912 + 88 1
28439.000 # 1500
28440.000 # 1500
28440.571 - 88 3.707 1
28440.596 - 88 3.689 1
28440.605 - 88 3.667 1
28440.611 - 88 3.644 1
28440.618 - 88 3.621 1
28440.624 - 88 2.712 1
28441.000 # 1500
28443.000 # 1500
28444.000 # 1500
28447.000 # 1500
28448.503 + 88 1
28448.545 + 88 1
28448.576 + 88 1
28448.606 + 88 1
28448.635 + 88 1
28448.665 + 88 1
28449.000 # 1500
28450.348 - 88 1.845 1
28450.371 - 88 1.826 1
28450.379 - 88 1.803 1
28450.387 - 88 1.781 1
28450.394 - 88 1.759 1
28450.401 - 88 1.736 1
28454.000 # 1500
28458.224 + 88 1
28458.262 + 88 1
28458.292 + 88 1
28458.322 + 88 1
28459.000 # 1500
28459.000 # 1500
28459.000 # 1500
28459.000 # 1500
28460.000 # 1500
28460.081 + 88 1
28460.370 - 88 2.146 1
28460.391 - 88 2.129 1
28460.398 - 88 2.106 1
28460.405 - 88 2.083 1
28461.000 # 1500
28463.000 # 1500
28463.107 - 88 3.026 1
28464.085 + 88 1
28464.174 + 88 1
28465.000 # 1500
28465.987 - 88 1.902 1
28466.000 # 1500
28466.007 - 88 1.833 1
28466.260 + 88 1
28468.000 # 1500
28468.196 + 88 1
28471.000 # 1500
28471.161 - 88 4.901 1
28471.193 - 88 2.997 1
28473.000 # 1500
28473.000 # 1500
28474.000 # 1500
28475.268 + 88 1
28475.384 + 88 1
28475.434 + 88 1
28476.479 + 88 1
28477.000 # 1500
28478.764 - 88 3.496 1
28478.784 - 88 3.400 1
28478.798 - 88 3.364 1
28478.812 - 88 2.333 1
28479.000 # 1500
28486.570 + 88 1
28486.608 + 88 1
28486.639 + 88 1
28490.000 # 1500
28490.000 # 1500
28490.000 # 1500
28490.095 + 88 1
28490.414 - 88 3.844 1
28490.437 - 88 3.829 1
28490.446 - 88 3.807 1
28492.626 + 88 1
28495.000 # 1500
28495.000 # 1500
28496.184 + 88 1
28496.575 - 88 6.480 1
28496.600 - 88 3.974 1
28498.147 + 88 1
28500.000 # 1500
28500.000 # 1500
28501.569 - 88 5.385 1
28501.651 - 88 3.504 1
28502.000 # 1500
28503.000 # 1500
28504.000 # 1500
28504.324 + 88 1
28505.467 + 88 1
28506.000 # 1500
28507.187 - 88 2.863 1
28507.213 - 88 1.746 1
28509.000 # 1500
28512.000 # 1500
28514.000 # 1500
28516.000 # 1500
28519.000 # 1500
28522.000 # 1500
28525.000 # 1500
28526.000 # 1500
28528.139 + 88 1
28528.459 + 88 1
28528.820 + 88 1
28529.000 # 1500
28530.435 + 88 1
28530.557 - 88 2.418 1
28530.685 - 88 2.226 1
28530.767 - 88 1.947 1
28532.000 # 1500
28533.024 - 88 2.589 1
28534.157 + 88 1
28535.000 # 1500
28536.131 - 88 1.974 1
28538.000 # 1500
28540.000 # 1500
28543.000 # 1500
28545.000 # 1500
28546.587 + 88 1
28546.731 + 88 1
28546.784 + 88 1
28548.515 + 88 1
28549.000 # 1500
28550.000 # 1500
28550.493 - 88 3.906 1
28550.613 + 88 1
28550.637 - 88 3.906 1
28550.661 - 88 3.877 1
28550.670 - 88 2.155 1
28550.754 + 88 1
28552.000 # 1500
28553.490 - 88 2.877 1
28553.514 - 88 2.760 1
28555.000 # 1500
28555.352 + 88 1
28556.000 # 1500
28556.229 + 88 1
28556.607 - 88 1.255 1
28558.000 # 1500
28558.366 + 88 1
28558.617 - 88 2.388 1
28561.000 # 1500
28561.251 + 88 1
28561.528 - 88 3.162 1
28562.000 # 1500
28563.148 - 88 1.897 1
28563.511 + 88 1
28565.000 # 1500
28565.583 - 88 2.072 1
28565.869 + 88 1
28567.000 # 1500
28569.000 # 1500
28569.072 - 88 3.203 1
28572.000 # 1500
28574.921 + 88 1
28575.000 # 1500
28575.197 - 88 0.276 1
28575.702 + 88 1
28575.788 + 88 1
28576.000 # 1500
28576.067 + 88 1
28576.311 - 88 0.609 1
28576.350 - 88 0.562 1
28577.716 + 88 1
28579.000 # 1500
28580.829 - 88 4.762 1
28580.923 - 88 3.207 1
28581.000 # 1500
28581.205 + 88 1
28581.457 + 88 1
28583.000 # 1500
28584.000 # 1500
28584.774 - 88 3.569 1
28584.867 - 88 3.410 1
28585.104 + 88 1
28586.698 + 88 1
28587.000 # 1500
28588.000 # 1500
28588.672 - 88 3.568 1
28588.710 - 88 2.012 1
28588.963 + 88 1
28590.000 # 1500
28590.839 - 88 1.876 1
28591.058 + 88 1
28593.000 # 1500
28593.494 - 88 2.436 1
28594.488 + 88 1
28595.000 # 1500
28596.000 # 1500
28596.423 - 88 1.935 1
28598.000 # 1500
28601.000 # 1500
28604.000 # 1500
28604.327 + 88 1
28604.369 + 88 1
28604.400 + 88 1
28604.430 + 88 1
28606.000 # 1500
28606.210 + 88 1
28606.402 - 88 2.075 1
28606.440 - 88 2.071 1
28606.457 - 88 2.057 1
28606.466 - 88 2.036 1
28608.000 # 1500
28608.263 + 88 1
28608.457 - 88 2.247 1
28610.000 # 1500
28610.167 + 88 1
28610.379 - 88 2.116 1
28612.000 # 1500
28612.991 - 88 2.824 1
28613.243 + 88 1
28614.000 # 1500
28615.079 - 88 1.836 1
28615.694 + 88 1
28616.000 # 1500
28617.923 - 88 2.229 1
28617.977 + 88 1
28618.000 # 1500
28620.000 # 1500
28620.858 - 88 2.881 1
28622.000 # 1500
28624.160 + 88 1
28624.302 + 88 1
28624.487 + 88 1
28624.624 + 88 1
28625.000 # 1500
28626.530 - 88 2.370 1
28626.652 - 88 2.350 1
28626.722 - 88 2.235 1
28626.746 - 88 2.122 1
28627.000 # 1500
28628.000 # 1500
28628.808 + 88 1
28630.967 + 88 1
28631.000 # 1500
28631.414 - 88 2.606 1
28632.000 # 1500
28632.185 + 88 1
28632.730 - 88 1.763 1
28634.000 # 1500
28634.710 + 88 1
28635.243 - 88 3.058 1
28636.000 # 1500
28636.674 + 88 1
28637.143 - 88 2.433 1
28638.000 # 1500
28639.448 - 88 2.774 1
28639.848 + 88 1
28640.000 # 1500
28640.226 + 88 1
28642.315 + 88 1
28643.000 # 1500
28644.317 - 88 4.469 1
28644.365 - 88 4.139 1
28644.383 - 88 2.068 1
28644.610 + 88 1
28645.000 # 1500
28646.754 + 88 1
28646.767 - 88 2.157 1
28650.023 + 88 1
28651.969 + 88 1
28655.055 + 88 1
28655.173 + 88 1
28658.829 + 88 1
28660.844 + 88 1
28662.814 + 88 1
28664.752 + 88 1
28667.677 + 88 1
28667.774 + 88 1
28669.587 + 88 1
28672.000 # 1500
28672.000 # 1500
28672.000 # 1500
28672.000 # 1500
28672.000 # 1500
28672.000 # 1500
28672.000 # 1500
28672.000 # 1500
28672.587 + 88 1
28672.963 - 88 26.209 1
28673.000 # 1500
28673.000 # 1500
28673.000 # 1500
28673.000 # 1500
28673.000 # 1500
28673.055 - 88 23.032 1
28673.075 - 88 21.106 1
28673.085 - 88 18.030 1
28673.093 - 88 17.920 1
28673.160 - 88 14.331 1
28673.177 - 88 12.333 1
28673.186 - 88 10.372 1
28673.193 - 88 8.441 1
28673.201 - 88 5.524 1
28673.208 - 88 5.434 1
28673.213 + 88 1
28673.215 - 88 3.628 1
28673.508 - 88 0.921 1
28675.000 # 1500
28675.000 # 1500
28676.728 - 88 3.515 1
28676.792 + 88 1
28677.000 # 1500
28677.402 + 88 1
28677.663 - 88 0.871 1
28679.560 + 88 1
28680.000 # 1500
28680.938 - 88 3.536 1
28680.958 - 88 1.398 1
28689.265 + 88 1
28691.325 + 88 1
28691.361 + 88 1
28691.391 + 88 1
28693.316 + 88 1
28695.253 + 88 1
28697.231 + 88 1
28698.960 + 88 1
28701.359 + 88 1
28704.264 + 88 1
28704.668 + 88 1
28707.008 + 88 1
28709.110 + 88 1
28711.313 + 88 1
28714.281 + 88 1
28718.858 + 88 1
28719.000 # 1500
28719.000 # 1500
28719.000 # 1500
28719.000 # 1500
28719.000 # 1500
28719.000 # 1500
28719.054 + 88 1
28719.118 - 88 29.853 1
28719.174 - 88 27.849 1
28719.193 - 88 27.832 1
28719.209 - 88 27.818 1
28719.223 - 88 25.907 1
28719.237 - 88 23.984 1
28719.250 - 88 22.019 1
28719.263 - 88 20.303 1
28719.276 - 88 17.917 1
28719.290 - 88 15.026 1
28719.303 - 88 14.635 1
28719.316 - 88 12.308 1
28719.329 - 88 10.219 1
28719.342 - 88 8.029 1
28719.355 - 88 5.074 1
28719.368 - 88 0.510 1
28720.000 # 1500
28720.000 # 1500
28720.000 # 1500
28720.000 # 1500
28720.000 # 1500
28720.000 # 1500
28720.000 # 1500
28720.000 # 1500
28720.000 # 1500
28720.000 # 1500
28720.000 # 1500
28720.000 # 1500
28720.000 # 1500
28720.000 # 1500
28720.781 - 88 1.727 1
28721.000 # 1500
28721.000 # 1500
28721.000 # 1500
28723.000 # 1500
28725.000 # 1500
28727.000 # 1500
28727.096 + 88 1
28728.955 + 88 1
28729.000 # 1500
28729.276 - 88 2.180 1
28730.000 # 1500
28730.768 - 88 1.813 1
28732.000 # 1500
28732.628 + 88 1
28734.687 + 88 1
28735.000 # 1500
28736.000 # 1500
28736.515 - 88 3.887 1
28736.537 - 88 1.850 1
28737.040 + 88 1
28738.000 # 1500
28738.792 - 88 1.752 1
28739.000 # 1500
28740.675 + 88 1
28741.000 # 1500
28742.573 + 88 1
28742.804 - 88 2.129 1
28743.000 # 1500
28744.556 + 88 1
28744.719 - 88 2.146 1
28745.000 # 1500
28746.000 # 1500
28746.406 + 88 1
28746.469 - 88 1.913 1
28748.000 # 1500
28749.272 + 88 1
28749.378 - 88 2.972 1
28752.671 + 88 1
28752.779 + 88 1
28755.550 + 88 1
28760.000 # 1500
28760.000 # 1500
28761.307 + 88 1
28761.901 - 88 12.629 1
28761.922 - 88 9.251 1
28761.929 - 88 9.150 1
28761.937 - 88 6.387 1
28764.000 # 1500
28764.000 # 1500
28764.000 # 1500
28764.000 # 1500
28766.883 - 88 5.576 1
28767.000 # 1500
28769.000 # 1500
28769.994 + 88 1
28772.000 # 1500
28772.886 - 88 2.892 1
28773.000 # 1500
28774.000 # 1500
28776.000 # 1500
28778.000 # 1500
28780.000 # 1500
28780.045 + 88 1
28780.164 + 88 1
28782.000 # 1500
28783.343 - 88 3.298 1
28783.369 - 88 3.205 1
28784.000 # 1500
28787.000 # 1500
28788.000 # 1500
28789.000 # 1500
28790.641 + 88 1
28791.000 # 1500
28792.377 - 88 1.736 1
28792.443 + 88 1
28793.000 # 1500
28794.000 # 1500
28794.431 - 88 1.988 1
28796.000 # 1500
28796.306 + 88 1
28798.351 + 88 1
28799.000 # 1500
28800.000 # 1500
28800.223 + 88 1
28800.295 - 88 3.989 1
28800.319 - 88 1.968 1
28802.130 + 88 1
28804.000 # 1500
28804.133 + 88 1
28804.435 - 88 4.212 1
28804.459 - 88 2.329 1
28805.000 # 1500
28805.000 # 1500
28806.066 - 88 1.933 1
28806.341 + 88 1
28807.000 # 1500
28808.201 - 88 1.860 1
28808.457 + 88 1
28817.000 # 1500
28817.000 # 1500
28817.000 # 1500
28818.010 - 88 9.553 1
28820.045 + 88 1
28820.198 + 88 1
28820.234 + 88 1
28820.264 + 88 1
28824.000 # 1500
28825.000 # 1500
28825.035 - 88 4.990 1
28825.076 - 88 4.878 1
28825.145 - 88 4.911 1
28825.158 - 88 4.894 1
28826.000 # 1500
28827.098 + 88 1
28827.258 + 88 1
28827.292 + 88 1
28827.323 + 88 1
28829.000 # 1500
28829.000 # 1500
28829.968 - 88 2.870 1
28830.066 - 88 2.808 1
28830.086 - 88 2.794 1
28830.093 - 88 2.770 1
28830.429 + 88 1
28832.000 # 1500
28832.354 + 88 1
28832.658 - 88 2.229 1
28833.945 + 88 1
28836.247 + 88 1
28838.268 + 88 1
28841.846 + 88 1
28844.000 # 1500
28844.000 # 1500
28844.000 # 1500
28844.000 # 1500
28844.817 + 88 1
28844.950 - 88 12.596 1
28844.997 - 88 11.052 1
28845.014 - 88 8.767 1
28845.022 - 88 6.754 1
28845.029 - 88 3.183 1
28845.338 + 88 1
28848.704 + 88 1
28850.664 + 88 1
28854.000 # 1500
28854.459 + 88 1
28854.762 - 88 9.945 1
28854.799 - 88 9.461 1
28854.815 - 88 6.111 1
28854.823 - 88 4.159 1
28856.000 # 1500
28856.000 # 1500
28856.466 + 88 1
28856.773 - 88 2.314 1
28859.000 # 1500
28860.463 - 88 3.997 1
28864.271 + 88 1
28864.382 + 88 1
28864.416 + 88 1
28865.000 # 1500
28866.000 # 1500
28866.000 # 1500
28866.184 + 88 1
28866.569 - 88 2.298 1
28866.607 - 88 2.225 1
28866.673 - 88 2.257 1
28870.275 + 88 1
28870.384 + 88 1
28872.977 + 88 1
28875.000 # 1500
28875.000 # 1500
28876.000 # 1500
28876.132 + 88 1
28876.238 - 88 10.054 1
28876.329 - 88 6.054 1
28876.346 - 88 5.962 1
28876.356 - 88 3.379 1
28877.964 + 88 1
28879.000 # 1500
28880.316 + 88 1
28880.461 - 88 4.329 1
28880.493 - 88 2.529 1
28881.000 # 1500
28882.175 - 88 1.859 1
28882.244 + 88 1
28885.095 + 88 1
28886.000 # 1500
28886.733 - 88 4.489 1
28886.780 + 88 1
28886.911 - 88 1.816 1
28888.000 # 1500
28888.459 + 88 1
28888.723 - 88 1.943 1
28891.412 + 88 1
28892.359 + 88 1
28894.418 + 88 1
28896.460 + 88 1
28898.642 + 88 1
28908.342 + 88 1
28908.499 + 88 1
28908.745 + 88 1
28908.887 + 88 1
28910.000 # 1500
28910.000 # 1500
28910.000 # 1500
28911.000 # 1500
28911.000 # 1500
28911.000 # 1500
28911.000 # 1500
28911.000 # 1500
28912.000 # 1500
28912.000 # 1500
28912.257 - 88 23.798 1
28912.449 - 88 21.037 1
28912.520 - 88 20.161 1
28912.532 - 88 18.114 1
28912.540 - 88 16.080 1
28912.546 - 88 13.904 1
28912.553 - 88 4.211 1
28912.560 - 88 4.061 1
28912.566 - 88 3.821 1
28912.573 - 88 3.686 1
28913.000 # 1500
28915.000 # 1500
28917.000 # 1500
28919.000 # 1500
28920.136 + 88 1
28920.207 + 88 1
28920.362 + 88 1
28921.000 # 1500
28922.663 - 88 2.527 1
28922.675 - 88 2.468 1
28922.682 - 88 2.320 1
28924.000 # 1500
28927.000 # 1500
28928.000 # 1500
28928.708 + 88 1
28928.919 + 88 1
28930.674 + 88 1
28930.959 + 88 1
28931.000 # 1500
28931.296 - 88 2.588 1
28931.316 - 88 2.397 1
28931.324 - 88 0.650 1
28932.843 + 88 1
28933.000 # 1500
28933.243 - 88 2.284 1
28934.000 # 1500
28934.735 - 88 1.892 1
28934.788 + 88 1
28936.000 # 1500
28938.703 - 88 3.915 1
28944.905 + 88 1
28946.851 + 88 1
28947.000 # 1500
28948.000 # 1500
28948.000 # 1500
28948.000 # 1500
28948.000 # 1500
28948.473 - 88 3.568 1
28948.754 - 88 1.903 1
28950.579 + 88 1
28950.844 + 88 1
28951.000 # 1500
28952.315 - 88 1.736 1
28952.335 - 88 1.491 1
28954.000 # 1500
28954.426 + 88 1
28955.000 # 1500
28956.647 + 88 1
28956.746 - 88 2.320 1
28957.000 # 1500
28957.232 - 88 0.585 1
28959.000 # 1500
28965.152 + 88 1
28967.266 + 88 1
28967.828 + 88 1
28968.000 # 1500
28968.000 # 1500
28968.000 # 1500
28968.135 - 88 2.983 1
28968.156 - 88 0.890 1
28968.164 - 88 0.336 1
28969.467 + 88 1
28970.000 # 1500
28971.976 - 88 2.509 1
28972.000 # 1500
28972.447 + 88 1
28974.000 # 1500
28974.294 + 88 1
28974.440 - 88 1.993 1
28976.000 # 1500
28976.431 + 88 1
28976.757 - 88 2.463 1
28979.000 # 1500
28979.949 + 88 1
28980.023 - 88 3.592 1
28980.383 + 88 1
28981.000 # 1500
28981.896 - 88 1.947 1
28981.914 - 88 1.531 1
28983.000 # 1500
28984.000 # 1500
28984.054 + 88 1
28984.175 + 88 1
28985.649 + 88 1
28987.000 # 1500
28988.214 - 88 4.160 1
28988.236 - 88 4.061 1
28988.245 - 88 2.596 1
28988.428 + 88 1
28989.000 # 1500
28990.360 - 88 1.932 1
28991.000 # 1500
28991.527 + 88 1
28993.000 # 1500
28993.666 + 88 1
28993.960 - 88 2.433 1
28995.000 # 1500
28995.685 + 88 1
28996.130 - 88 2.464 1
28997.000 # 1500
28997.527 + 88 1
28997.555 - 88 1.870 1
28999.000 # 1500
29000.602 + 88 1
29000.792 - 88 3.265 1
29001.000 # 1500
29002.168 - 88 1.566 1
29003.000 # 1500
29005.000 # 1500
29007.724 + 88 1
29009.000 # 1500
29010.000 # 1500
29011.128 - 88 3.404 1
29011.525 + 88 1
29011.864 + 88 1
29012.000 # 1500
29013.359 - 88 1.834 1
29013.378 - 88 1.514 1
29014.000 # 1500
29016.000 # 1500
29016.776 + 88 1
29018.000 # 1500
29018.744 - 88 1.968 1
29020.000 # 1500
29025.000 # 1500
29025.000 # 1500
29027.000 # 1500
29027.425 + 88 1
29030.000 # 1500
29031.475 - 88 4.050 1
29032.000 # 1500
29035.000 # 1500
29035.683 + 88 1
29037.000 # 1500
29039.272 - 88 3.589 1
29039.761 + 88 1
29040.000 # 1500
29040.135 - 88 0.374 1
29041.000 # 1500
29043.566 + 88 1
29044.000 # 1500
29044.970 - 88 1.404 1
29045.000 # 1500
29047.202 + 88 1
29049.000 # 1500
29049.882 - 88 2.680 1
29050.000 # 1500
29050.534 + 88 1
29050.789 + 88 1
29054.000 # 1500
29055.793 - 88 5.259 1
29055.822 - 88 5.033 1
29056.000 # 1500
29056.000 # 1500
29056.218 + 88 1
29057.914 + 88 1
29058.000 # 1500
29058.171 - 88 1.953 1
29059.000 # 1500
29059.650 - 88 1.736 1
29061.000 # 1500
29061.978 + 88 1
29063.000 # 1500
29063.553 - 88 1.575 1
29063.648 + 88 1
29064.000 # 1500
29064.125 - 88 0.477 1
29066.000 # 1500
29066.984 + 88 1
29067.000 # 1500
29069.000 # 1500
29069.476 + 88 1
29069.938 - 88 2.954 1
29070.112 + 88 1
29072.433 + 88 1
29075.366 + 88 1
29077.317 + 88 1
29079.000 # 1500
29079.000 # 1500
29079.000 # 1500
29079.000 # 1500
29079.283 + 88 1
29079.499 - 88 10.023 1
29079.622 - 88 9.510 1
29079.644 - 88 7.211 1
29079.658 - 88 4.292 1
29079.671 - 88 2.354 1
29080.000 # 1500
29080.000 # 1500
29081.190 - 88 1.907 1
29081.375 + 88 1
29082.000 # 1500
29083.062 - 88 1.687 1
29084.000 # 1500
29084.144 + 88 1
29085.000 # 1500
29086.127 + 88 1
29086.189 - 88 2.045 1
29088.000 # 1500
29088.015 + 88 1
29088.300 - 88 2.173 1
29089.000 # 1500
29089.940 - 88 1.925 1
29090.348 + 88 1
29092.000 # 1500
29092.099 + 88 1
29092.364 - 88 2.016 1
29094.000 # 1500
29094.896 - 88 2.797 1
29095.964 + 88 1
29096.000 # 1500
29097.000 # 1500
29097.482 + 88 1
29097.678 - 88 1.714 1
29098.000 # 1500
29099.710 - 88 2.228 1
29100.000 # 1500
29101.000 # 1500
29104.000 # 1500
29108.024 + 88 1
29108.265 + 88 1
29108.430 + 88 1
29111.917 + 88 1
29112.221 + 88 1
29113.797 + 88 1
29115.770 + 88 1
29117.754 + 88 1
29124.000 # 1500
29124.000 # 1500
29124.000 # 1500
29124.000 # 1500
29124.000 # 1500
29124.000 # 1500
29124.000 # 1500
29124.000 # 1500
29126.046 - 88 18.022 1
29126.105 - 88 17.840 1
29126.124 - 88 17.694 1
29126.138 - 88 14.221 1
29126.152 - 88 13.931 1
29126.165 - 88 12.368 1
29126.178 - 88 10.408 1
29126.190 - 88 8.436 1
29126.793 + 88 1
29127.753 + 88 1
29129.000 # 1500
29129.459 + 88 1
29129.673 - 88 2.880 1
29129.699 - 88 1.946 1
29132.933 + 88 1
29133.000 # 1500
29133.000 # 1500
29133.000 # 1500
29133.111 - 88 3.652 1
29136.000 # 1500
29136.077 + 88 1
29136.470 - 88 3.537 1
29138.000 # 1500
29138.027 + 88 1
29138.235 - 88 2.158 1
29140.000 # 1500
29140.663 - 88 2.636 1
29142.000 # 1500
29147.918 + 88 1
29148.024 + 88 1
29148.059 + 88 1
29148.090 + 88 1
29151.581 + 88 1
29152.123 + 88 1
29153.519 + 88 1
29154.000 # 1500
29154.000 # 1500
29154.000 # 1500
29154.000 # 1500
29155.621 - 88 7.703 1
29155.640 - 88 7.616 1
29155.647 - 88 7.588 1
29155.654 - 88 7.564 1
29155.660 - 88 4.079 1
29155.666 - 88 3.543 1
29155.672 - 88 2.153 1
29155.867 + 88 1
29157.618 + 88 1
29158.000 # 1500
29159.000 # 1500
29159.397 - 88 3.530 1
29159.418 - 88 1.800 1
29159.680 + 88 1
29160.000 # 1500
29161.250 + 88 1
29161.494 - 88 1.814 1
29162.000 # 1500
29163.264 - 88 2.014 1
29164.447 + 88 1
29166.000 # 1500
29166.000 # 1500
29166.430 + 88 1
29166.624 - 88 2.177 1
29168.149 + 88 1
29169.000 # 1500
29169.000 # 1500
29169.370 + 88 1
29169.522 - 88 3.092 1
29169.540 - 88 1.391 1
29171.395 + 88 1
29172.000 # 1500
29173.529 - 88 4.159 1
29173.549 - 88 2.154 1
29173.867 + 88 1
29174.000 # 1500
29175.000 # 1500
29175.537 - 88 1.670 1
29176.873 + 88 1
29177.000 # 1500
29177.103 - 88 0.230 1
29180.070 + 88 1
29181.000 # 1500
29181.000 # 1500
29181.802 - 88 1.732 1
29181.942 + 88 1
29182.059 + 88 1
29185.000 # 1500
29185.000 # 1500
29185.943 - 88 4.001 1
29185.962 - 88 3.903 1
29186.000 # 1500
29186.286 + 88 1
29188.000 # 1500
29188.963 - 88 2.677 1
29189.103 + 88 1
29189.196 + 88 1
29191.477 + 88 1
29193.827 + 88 1
29195.591 + 88 1
29197.646 + 88 1
29199.000 # 1500
29199.000 # 1500
29200.483 - 88 11.380 1
29200.509 - 88 11.313 1
29200.524 - 88 9.047 1
29200.537 - 88 6.710 1
29200.550 - 88 4.959 1
29200.563 - 88 2.917 1
29200.566 + 88 1
29202.748 + 88 1
29204.000 # 1500
29204.000 # 1500
29204.000 # 1500
29204.000 # 1500
29204.000 # 1500
29205.372 - 88 4.806 1
29205.397 - 88 2.649 1
29205.549 + 88 1
29209.000 # 1500
29210.042 + 88 1
29210.215 - 88 4.666 1
29210.624 + 88 1
29212.960 + 88 1
29214.895 + 88 1
29217.008 + 88 1
29219.000 # 1500
29219.000 # 1500
29220.209 + 88 1
29220.519 + 88 1
29220.689 - 88 10.647 1
29220.709 - 88 10.085 1
29220.717 - 88 7.757 1
29220.723 - 88 5.828 1
29220.730 - 88 3.722 1
29221.000 # 1500
29221.000 # 1500
29221.896 - 88 1.687 1
29221.914 - 88 1.395 1
29225.000 # 1500
29225.000 # 1500
29225.951 + 88 1
29225.991 + 88 1
29228.270 + 88 1
29229.842 + 88 1
29231.742 + 88 1
29232.000 # 1500
29232.301 - 88 6.350 1
29232.331 - 88 6.340 1
29232.346 - 88 4.076 1
29232.359 - 88 2.517 1
29232.372 - 88 0.630 1
29233.988 + 88 1
29235.575 + 88 1
29236.000 # 1500
29236.000 # 1500
29236.000 # 1500
29237.623 - 88 3.635 1
29237.930 + 88 1
29238.107 - 88 2.532 1
29241.000 # 1500
29242.455 - 88 4.525 1
29244.000 # 1500
29245.000 # 1500
29248.000 # 1500
29248.249 + 88 1
29248.463 + 88 1
29249.000 # 1500
29250.205 - 88 1.956 1
29250.234 - 88 1.771 1
29252.000 # 1500
29253.236 + 88 1
29253.406 + 88 1
29253.751 + 88 1
29255.000 # 1500
29255.984 + 88 1
29256.000 # 1500
29256.000 # 1500
29256.266 - 88 3.030 1
29256.289 - 88 2.883 1
29256.297 - 88 2.546 1
29259.000 # 1500
29260.437 - 88 4.453 1
29262.000 # 1500
29263.000 # 1500
29264.000 # 1500
29267.000 # 1500
29268.000 # 1500
29268.742 + 88 1
29269.125 + 88 1
29269.280 + 88 1
29270.000 # 1500
29271.000 # 1500
29271.022 - 88 2.280 1
29271.046 - 88 1.921 1
29271.061 - 88 1.781 1
29273.000 # 1500
29276.000 # 1500
29277.000 # 1500
29278.000 # 1500
29279.000 # 1500
29279.113 + 88 1
29279.272 + 88 1
29282.000 # 1500
29282.707 - 88 3.594 1
29282.737 - 88 3.465 1
29282.867 + 88 1
29284.000 # 1500
29284.448 + 88 1
29284.586 - 88 1.719 1
29285.000 # 1500
29286.000 # 1500
29286.351 - 88 1.903 1
29286.362 + 88 1
29287.000 # 1500
29288.361 + 88 1
29288.424 - 88 2.062 1
29289.000 # 1500
29290.000 # 1500
29290.192 - 88 1.831 1
29292.000 # 1500
29292.386 + 88 1
29294.000 # 1500
29294.139 + 88 1
29294.634 - 88 2.248 1
29295.000 # 1500
29296.143 - 88 2.004 1
29296.370 + 88 1
29297.000 # 1500
29298.140 - 88 1.770 1
29299.000 # 1500
29300.000 # 1500
29302.000 # 1500
29303.000 # 1500
29306.000 # 1500
29308.000 # 1500
29308.758 + 88 1
29308.895 + 88 1
29308.945 + 88 1
29309.157 + 88 1
29310.689 + 88 1
29312.703 + 88 1
29313.000 # 1500
29313.000 # 1500
29314.766 + 88 1
29314.884 - 88 6.126 1
29314.904 - 88 6.009 1
29314.983 - 88 6.038 1
29315.015 - 88 5.858 1
29315.024 - 88 4.335 1
29315.032 - 88 2.329 1
29318.426 + 88 1
29325.000 # 1500
29325.000 # 1500
29325.000 # 1500
29326.000 # 1500
29326.000 # 1500
29326.391 - 88 11.625 1
29326.472 - 88 8.046 1
29326.824 + 88 1
29327.000 # 1500
29330.000 # 1500
29331.189 - 88 4.365 1
29331.263 + 88 1
29331.405 + 88 1
29331.585 + 88 1
29332.000 # 1500
29332.260 + 88 1
29332.583 - 88 1.320 1
29332.661 - 88 1.256 1
29332.685 - 88 1.100 1
29333.344 + 88 1
29334.000 # 1500
29335.000 # 1500
29335.820 - 88 3.560 1
29335.844 - 88 2.500 1
29337.000 # 1500
29339.000 # 1500
29344.875 + 88 1
29347.816 + 88 1
29348.189 + 88 1
29348.238 + 88 1
29348.316 + 88 1
29350.703 + 88 1
29351.000 # 1500
29351.000 # 1500
29351.000 # 1500
29351.000 # 1500
29351.000 # 1500
29351.000 # 1500
29352.000 # 1500
29352.000 # 1500
29352.742 - 88 7.867 1
29352.779 + 88 1
29352.785 - 88 4.969 1
29352.856 - 88 4.667 1
29352.870 - 88 4.632 1
29352.879 - 88 4.563 1
29352.886 - 88 2.183 1
29353.000 # 1500
29354.694 + 88 1
29354.942 - 88 2.163 1
29355.000 # 1500
29356.000 # 1500
29356.541 - 88 1.847 1
29356.879 + 88 1
29358.000 # 1500
29358.980 - 88 2.101 1
29359.000 # 1500
29362.000 # 1500
29365.000 # 1500
29365.000 # 1500
29366.755 + 88 1
29366.852 + 88 1
29367.000 # 1500
29368.670 - 88 1.915 1
29368.749 - 88 1.897 1
29369.000 # 1500
29369.000 # 1500
29370.371 + 88 1
29370.524 + 88 1
29370.697 + 88 1
29371.000 # 1500
29372.240 - 88 1.869 1
29372.273 - 88 1.749 1
29372.289 - 88 1.592 1
29373.000 # 1500
29377.000 # 1500
29377.000 # 1500
29377.122 + 88 1
29377.374 + 88 1
29377.507 + 88 1
29378.000 # 1500
29379.009 - 88 1.887 1
29379.051 - 88 1.677 1
29379.153 - 88 1.646 1
29380.000 # 1500
29381.000 # 1500
29382.000 # 1500
29384.000 # 1500
29385.000 # 1500
29387.000 # 1500
29388.277 + 88 1
29389.000 # 1500
29389.817 + 88 1
29389.873 + 88 1
29389.920 + 88 1
29390.076 - 88 1.799 1
29390.185 + 88 1
29392.000 # 1500
29392.640 + 88 1
29392.817 - 88 3.000 1
29392.854 - 88 2.981 1
29392.870 - 88 2.950 1
29392.879 - 88 2.694 1
29394.604 + 88 1
29396.718 + 88 1
29400.000 # 1500
29400.485 + 88 1
29400.957 - 88 8.317 1
29400.996 - 88 6.392 1
29401.014 - 88 4.296 1
29401.199 + 88 1
29403.000 # 1500
29403.000 # 1500
29403.000 # 1500
29403.811 - 88 3.326 1
29403.837 - 88 2.638 1
29403.998 + 88 1
29406.278 + 88 1
29407.000 # 1500
29408.000 # 1500
29408.800 - 88 4.802 1
29408.872 - 88 2.594 1
29409.106 + 88 1
29410.348 + 88 1
29412.000 # 1500
29412.368 + 88 1
29412.662 - 88 3.556 1
29412.685 - 88 2.337 1
29416.115 + 88 1
29418.073 + 88 1
29424.000 # 1500
29424.000 # 1500
29424.000 # 1500
29425.000 # 1500
29425.000 # 1500
29425.000 # 1500
29425.000 # 1500
29425.000 # 1500
29425.000 # 1500
29425.000 # 1500
29425.000 # 1500
29425.000 # 1500
29425.004 - 88 12.636 1
29425.050 - 88 8.935 1
29425.119 - 88 7.046 1
29426.000 # 1500
29427.000 # 1500
29427.386 + 88 1
29427.438 + 88 1
29427.485 + 88 1
29428.936 + 88 1
29429.000 # 1500
29429.423 - 88 2.037 1
29429.491 - 88 2.053 1
29429.508 - 88 2.023 1
29431.000 # 1500
29432.000 # 1500
29432.020 - 88 3.084 1
29432.435 + 88 1
29434.759 + 88 1
29447.682 + 88 1
29447.741 + 88 1
29448.212 + 88 1
29448.263 + 88 1
29449.572 + 88 1
29451.582 + 88 1
29456.534 + 88 1
29461.000 # 1500
29461.000 # 1500
29461.000 # 1500
29461.000 # 1500
29461.000 # 1500
29461.341 + 88 1
29461.489 + 88 1
29461.711 - 88 29.276 1
29461.804 - 88 27.045 1
29461.825 - 88 14.143 1
29461.833 - 88 14.092 1
29461.840 - 88 13.628 1
29461.846 - 88 13.583 1
29461.853 - 88 12.281 1
29461.859 - 88 10.277 1
29461.865 - 88 5.331 1
29462.000 # 1500
29462.000 # 1500
29462.000 # 1500
29462.000 # 1500
29462.000 # 1500
29462.000 # 1500
29462.000 # 1500
29462.000 # 1500
29462.000 # 1500
29463.000 # 1500
29463.408 - 88 2.067 1
29463.426 - 88 1.937 1
29463.569 + 88 1
29465.363 + 88 1
29466.000 # 1500
29466.000 # 1500
29466.000 # 1500
29466.000 # 1500
29466.000 # 1500
29467.204 - 88 3.635 1
29467.226 - 88 1.863 1
29468.000 # 1500
29468.000 # 1500
29469.194 + 88 1
29470.000 # 1500
29471.000 # 1500
29471.289 - 88 2.095 1
29471.397 + 88 1
29472.000 # 1500
29473.000 # 1500
29473.061 + 88 1
29473.126 - 88 1.729 1
29474.000 # 1500
29474.943 - 88 1.882 1
29475.057 + 88 1
29478.977 + 88 1
29484.000 # 1500
29484.000 # 1500
29484.000 # 1500
29484.000 # 1500
29484.000 # 1500
29484.000 # 1500
29485.000 # 1500
29485.068 - 88 10.011 1
29485.146 - 88 6.169 1
29486.000 # 1500
29487.000 # 1500
29488.000 # 1500
29489.000 # 1500
29489.263 + 88 1
29489.304 + 88 1
29489.334 + 88 1
29489.399 + 88 1
29490.000 # 1500
29491.511 - 88 2.248 1
29491.631 - 88 2.327 1
29491.652 - 88 2.318 1
29491.668 - 88 2.269 1
29493.000 # 1500
29495.000 # 1500
29495.000 # 1500
29496.000 # 1500
29497.000 # 1500
29499.000 # 1500
29499.783 + 88 1
29499.818 + 88 1
29499.848 + 88 1
29499.877 + 88 1
29501.000 # 1500
29501.833 - 88 2.050 1
29501.950 - 88 2.132 1
29502.000 # 1500
29502.020 - 88 2.172 1
29502.181 - 88 2.304 1
29502.397 + 88 1
29503.000 # 1500
29503.805 - 88 1.408 1
29504.000 # 1500
29505.490 + 88 1
29509.000 # 1500
29509.000 # 1500
29510.000 # 1500
29510.000 # 1500
29510.263 - 88 4.773 1
29511.000 # 1500
29514.127 + 88 1
29515.000 # 1500
29515.893 - 88 1.766 1
29520.169 + 88 1
29526.000 # 1500
29526.000 # 1500
29527.691 - 88 7.522 1
29528.121 + 88 1
29528.488 + 88 1
29528.686 + 88 1
29529.000 # 1500
29529.000 # 1500
29530.000 # 1500
29530.600 - 88 2.479 1
29530.653 - 88 2.165 1
29530.736 - 88 2.050 1
29531.399 + 88 1
29532.000 # 1500
29532.942 - 88 1.543 1
29534.000 # 1500
29534.723 + 88 1
29537.556 + 88 1
29537.954 + 88 1
29541.000 # 1500
29541.463 - 88 6.740 1
29541.502 - 88 3.946 1
29541.803 - 88 3.849 1
29541.865 + 88 1
29542.000 # 1500
29542.000 # 1500
29542.000 # 1500
29542.147 - 88 0.282 1
29545.337 + 88 1
29546.000 # 1500
29547.416 + 88 1
29547.606 - 88 2.269 1
29549.441 + 88 1
29550.000 # 1500
29550.000 # 1500
29550.000 # 1500
29550.000 # 1500
29550.000 # 1500
29551.744 - 88 4.328 1
29551.783 - 88 2.342 1
29552.323 + 88 1
29556.157 + 88 1
29558.178 + 88 1
29560.000 # 1500
29561.000 # 1500
29561.276 - 88 8.953 1
29561.315 - 88 5.158 1
29561.333 - 88 3.155 1
29561.985 + 88 1
29563.000 # 1500
29564.061 - 88 2.076 1
29564.599 + 88 1
29565.000 # 1500
29565.000 # 1500
29567.054 - 88 2.455 1
29569.788 + 88 1
29570.121 + 88 1
29572.000 # 1500
29572.000 # 1500
29572.000 # 1500
29572.658 - 88 2.870 1
29572.800 - 88 2.679 1
29573.000 # 1500
29574.000 # 1500
29577.000 # 1500
29578.000 # 1500
29581.000 # 1500
29582.000 # 1500
29582.562 + 88 1
29583.000 # 1500
29583.168 + 88 1
29583.422 - 88 0.860 1
29583.478 + 88 1
29586.000 # 1500
29587.000 # 1500
29587.441 - 88 4.273 1
29587.477 - 88 3.999 1
29587.598 + 88 1
29589.000 # 1500
29589.395 + 88 1
29589.755 - 88 2.157 1
29591.000 # 1500
29591.225 + 88 1
29591.464 - 88 2.069 1
29592.000 # 1500
29593.128 - 88 1.903 1
29594.000 # 1500
29595.749 + 88 1
29597.000 # 1500
29598.000 # 1500
29599.000 # 1500
29599.105 - 88 3.356 1
29599.352 + 88 1
29600.962 + 88 1
29602.000 # 1500
29602.923 - 88 3.571 1
29603.012 - 88 2.050 1
29604.000 # 1500
29604.818 + 88 1
29606.000 # 1500
29606.879 + 88 1
29607.089 - 88 2.271 1
29608.000 # 1500
29609.714 + 88 1
29610.017 - 88 3.138 1
29611.000 # 1500
29612.000 # 1500
29612.767 - 88 3.053 1
29613.000 # 1500
29613.092 + 88 1
29613.256 + 88 1
29615.000 # 1500
29615.650 - 88 2.558 1
29615.737 - 88 2.481 1
29618.000 # 1500
29619.000 # 1500
29619.492 + 88 1
29620.000 # 1500
29622.000 # 1500
29623.000 # 1500
29623.438 + 88 1
29623.646 - 88 4.154 1
29625.000 # 1500
29626.646 - 88 3.208 1
29627.000 # 1500
29628.000 # 1500
29631.000 # 1500
29632.246 + 88 1
29632.432 + 88 1
29633.000 # 1500
29634.285 - 88 2.039 1
29634.376 - 88 1.944 1
29635.000 # 1500
29636.000 # 1500
29636.193 + 88 1
29637.000 # 1500
29638.117 - 88 1.924 1
29639.000 # 1500
29642.000 # 1500
29643.000 # 1500
29644.000 # 1500
29646.959 + 88 1
29647.000 # 1500
29647.114 + 88 1
29647.444 + 88 1
29649.000 # 1500
29649.929 - 88 2.970 1
29649.978 - 88 2.864 1
29650.059 - 88 2.615 1
29651.000 # 1500
29653.000 # 1500
29657.000 # 1500
29658.000 # 1500
29659.000 # 1500
29661.000 # 1500
29661.612 + 88 1
29661.768 + 88 1
29661.821 + 88 1
29662.059 + 88 1
29663.000 # 1500
29663.517 - 88 1.905 1
29663.613 - 88 1.845 1
29663.644 - 88 1.823 1
29663.654 - 88 1.595 1
29666.000 # 1500
29668.000 # 1500
29669.000 # 1500
29670.000 # 1500
29671.607 + 88 1
29671.659 + 88 1
29671.707 + 88 1
29671.886 + 88 1
29672.549 + 88 1
29673.000 # 1500
29674.000 # 1500
29674.252 - 88 2.645 1
29674.346 - 88 2.687 1
29674.424 - 88 2.717 1
29674.436 - 88 2.550 1
29674.444 - 88 1.895 1
29675.000 # 1500
29676.451 + 88 1
29677.000 # 1500
29678.000 # 1500
29678.694 - 88 2.243 1
29681.000 # 1500
29682.000 # 1500
29684.000 # 1500
29686.413 + 88 1
29686.526 + 88 1
29686.562 + 88 1
29687.000 # 1500
29688.000 # 1500
29688.000 # 1500
29688.085 - 88 1.672 1
29688.163 + 88 1
29688.170 - 88 1.644 1
29688.182 - 88 1.620 1
29689.000 # 1500
29689.915 - 88 1.752 1
29690.213 + 88 1
29691.000 # 1500
29691.883 - 88 1.670 1
29692.000 # 1500
29694.000 # 1500
29695.000 # 1500
29695.156 + 88 1
29695.274 + 88 1
29697.000 # 1500
29698.000 # 1500
29698.819 - 88 3.663 1
29698.860 - 88 3.586 1
29699.000 # 1500
29699.215 + 88 1
29700.000 # 1500
29701.054 - 88 1.839 1
29704.000 # 1500
29704.000 # 1500
29704.000 # 1500
29708.000 # 1500
29708.000 # 1500
29708.000 # 1500
29709.000 # 1500
29709.443 + 88 1
29709.558 + 88 1
29709.591 + 88 1
29709.622 + 88 1
29712.000 # 1500
29713.340 - 88 3.897 1
29713.383 - 88 3.825 1
29713.451 - 88 3.860 1
29713.465 - 88 3.843 1
29714.000 # 1500
29714.000 # 1500
29715.000 # 1500
29719.000 # 1500
29719.000 # 1500
29719.214 + 88 1
29719.329 + 88 1
29719.363 + 88 1
29719.394 + 88 1
29720.000 # 1500
29721.000 # 1500
29721.269 - 88 2.055 1
29721.362 - 88 2.033 1
29721.392 - 88 2.029 1
29721.402 - 88 2.008 1
29722.000 # 1500
29724.000 # 1500
29725.000 # 1500
29726.000 # 1500
29728.000 # 1500
29729.000 # 1500
29729.028 + 88 1
29729.136 + 88 1
29729.170 + 88 1
29730.984 + 88 1
29731.000 # 1500
29731.090 + 88 1
29731.274 - 88 2.246 1
29731.364 - 88 2.228 1
29731.395 - 88 2.225 1
29732.000 # 1500
29732.880 - 88 1.896 1
29732.903 - 88 1.813 1
29734.000 # 1500
29734.810 + 88 1
29736.000 # 1500
29736.888 - 88 2.078 1
29736.924 + 88 1
29737.000 # 1500
29738.000 # 1500
29738.655 - 88 1.731 1
29738.789 + 88 1
29739.000 # 1500
29739.194 - 88 0.405 1
29741.000 # 1500
29742.000 # 1500
29743.000 # 1500
29745.000 # 1500
29746.000 # 1500
29748.000 # 1500
29749.000 # 1500
29749.482 + 88 1
29749.697 + 88 1
29751.000 # 1500
29752.354 - 88 2.872 1
29752.449 - 88 2.752 1
29753.000 # 1500
29759.648 + 88 1
29768.012 + 88 1
29777.715 + 88 1
29777.949 + 88 1
29781.590 + 88 1
29783.644 + 88 1
29785.600 + 88 1
29789.495 + 88 1
29789.799 + 88 1
29791.439 + 88 1
29794.288 + 88 1
29795.000 # 1500
29795.000 # 1500
29796.000 # 1500
29796.000 # 1500
29796.000 # 1500
29796.000 # 1500
29796.000 # 1500
29796.083 - 88 36.435 1
29796.131 - 88 28.119 1
29796.147 - 88 18.432 1
29796.154 - 88 18.205 1
29796.162 - 88 14.572 1
29796.168 - 88 12.524 1
29796.175 - 88 10.575 1
29796.182 - 88 6.687 1
29796.188 - 88 6.389 1
29796.195 - 88 4.756 1
29796.202 - 88 1.914 1
29796.447 + 88 1
29797.000 # 1500
29798.000 # 1500
29798.000 # 1500
29798.422 - 88 1.975 1
29799.000 # 1500
29800.000 # 1500
29800.564 + 88 1
29801.000 # 1500
29801.000 # 1500
29802.000 # 1500
29802.000 # 1500
29802.180 + 88 1
29802.406 - 88 1.842 1
29803.000 # 1500
29803.000 # 1500
29804.000 # 1500
29804.000 # 1500
29804.409 - 88 2.229 1
29805.000 # 1500
29805.958 + 88 1
29806.000 # 1500
29806.000 # 1500
29807.000 # 1500
29807.000 # 1500
29807.778 - 88 1.820 1
29808.000 # 1500
29808.445 + 88 1
29809.000 # 1500
29809.000 # 1500
29809.000 # 1500
29809.000 # 1500
29809.000 # 1500
29809.000 # 1500
29809.000 # 1500
29810.000 # 1500
29810.000 # 1500
29810.000 # 1500
29810.000 # 1500
29810.000 # 1500
29810.000 # 1500
29810.000 # 1500
29810.000 # 1500
29810.000 # 1500
29810.000 # 1500
29810.000 # 1500
29810.000 # 1500
29810.000 # 1500
29810.924 - 88 2.479 1
29812.000 # 1500
29812.583 + 88 1
29814.000 # 1500
29814.000 # 1500
29815.000 # 1500
29816.000 # 1500
29816.800 - 88 4.217 1
29818.528 + 88 1
29819.000 # 1500
29820.000 # 1500
29820.752 - 88 2.224 1
29820.958 + 88 1
29821.000 # 1500
29822.000 # 1500
29823.000 # 1500
29823.362 - 88 2.404 1
29824.000 # 1500
29824.646 + 88 1
29825.000 # 1500
29826.424 - 88 1.778 1
29827.000 # 1500
29828.000 # 1500
29828.808 + 88 1
29830.000 # 1500
29830.498 + 88 1
29830.694 - 88 1.886 1
29831.000 # 1500
29832.000 # 1500
29832.272 - 88 1.774 1
29832.406 + 88 1
29833.000 # 1500
29834.224 - 88 1.818 1
29835.000 # 1500
29836.000 # 1500
29836.141 + 88 1
29837.000 # 1500
29838.104 - 88 1.963 1
29838.251 + 88 1
29840.000 # 1500
29840.000 # 1500
29840.000 # 1500
29840.493 + 88 1
29840.921 - 88 2.670 1
29841.000 # 1500
29842.191 + 88 1
29842.288 - 88 1.795 1
29843.000 # 1500
29844.279 - 88 2.088 1
29844.487 + 88 1
29845.000 # 1500
29845.000 # 1500
29846.000 # 1500
29846.836 - 88 2.349 1
29848.000 # 1500
29848.000 # 1500
29848.489 + 88 1
29853.000 # 1500
29854.000 # 1500
29854.000 # 1500
29855.000 # 1500
29855.752 - 88 7.263 1
29857.000 # 1500
29859.000 # 1500
29859.212 + 88 1
29861.477 + 88 1
29863.755 + 88 1
29866.789 + 88 1
29866.929 + 88 1
29868.603 + 88 1
29869.000 # 1500
29869.000 # 1500
29869.000 # 1500
29869.281 - 88 10.069 1
29869.303 - 88 7.826 1
29869.312 - 88 5.557 1
29869.319 - 88 2.530 1
29869.326 - 88 2.397 1
29869.332 - 88 0.729 1
29870.000 # 1500
29870.899 + 88 1
29875.047 + 88 1
29877.140 + 88 1
29879.000 # 1500
29879.000 # 1500
29879.000 # 1500
29879.978 + 88 1
29880.621 - 88 9.722 1
29880.650 - 88 5.603 1
29880.658 - 88 3.518 1
29885.000 # 1500
29885.000 # 1500
29885.000 # 1500
29885.000 # 1500
29885.000 # 1500
29886.000 # 1500
29887.000 # 1500
29887.006 - 88 7.028 1
29888.000 # 1500
29889.000 # 1500
29889.045 + 88 1
29889.113 + 88 1
29889.435 + 88 1
29891.000 # 1500
29891.137 + 88 1
29891.819 - 88 2.774 1
29891.847 - 88 2.734 1
29892.000 # 1500
29892.010 - 88 2.575 1
29892.125 - 88 0.988 1
29894.000 # 1500
29895.000 # 1500
29895.397 + 88 1
29896.000 # 1500
29897.000 # 1500
29897.683 - 88 2.286 1
29898.000 # 1500
29898.361 + 88 1
29899.000 # 1500
29900.000 # 1500
29900.254 + 88 1
29900.493 - 88 2.132 1
29902.000 # 1500
29903.000 # 1500
29903.794 + 88 1
29903.855 - 88 3.601 1
29904.000 # 1500
29904.531 + 88 1
29904.693 - 88 0.899 1
29905.000 # 1500
29906.000 # 1500
29906.402 + 88 1
29906.679 - 88 2.148 1
29907.000 # 1500
29908.000 # 1500
29908.458 - 88 2.056 1
29908.670 + 88 1
29910.000 # 1500
29911.000 # 1500
29911.829 - 88 3.159 1
29912.000 # 1500
29913.000 # 1500
29914.000 # 1500
29915.000 # 1500
29916.000 # 1500
29918.000 # 1500
29918.373 + 88 1
29918.516 + 88 1
29918.567 + 88 1
29919.000 # 1500
29919.974 - 88 1.601 1
29920.000 # 1500
29920.006 - 88 1.490 1
29920.023 + 88 1
29920.025 - 88 1.458 1
29921.000 # 1500
29921.992 - 88 1.969 1
29925.000 # 1500
29925.000 # 1500
29926.000 # 1500
29927.000 # 1500
29928.000 # 1500
29930.000 # 1500
29931.000 # 1500
29931.000 # 1500
29932.415 + 88 1
29932.565 + 88 1
29933.000 # 1500
29934.000 # 1500
29934.800 + 88 1
29934.867 + 88 1
29934.930 - 88 2.515 1
29934.955 - 88 2.390 1
29935.000 # 1500
29935.058 + 88 1
29935.087 - 88 0.287 1
29935.108 + 88 1
29936.000 # 1500
29936.621 + 88 1
29936.900 - 88 2.033 1
29936.921 - 88 1.863 1
29936.935 - 88 1.827 1
29937.000 # 1500
29938.534 + 88 1
29938.634 - 88 2.013 1
29939.000 # 1500
29939.324 + 88 1
29939.748 - 88 1.214 1
29940.000 # 1500
29941.000 # 1500
29941.560 - 88 2.236 1
29942.000 # 1500
29944.000 # 1500
29944.025 + 88 1
29944.199 + 88 1
29945.000 # 1500
29946.457 - 88 2.432 1
29946.476 - 88 2.277 1
29946.671 + 88 1
29947.000 # 1500
29948.000 # 1500
29948.798 - 88 2.127 1
29949.000 # 1500
29949.039 + 88 1
29950.000 # 1500
29951.000 # 1500
29951.336 - 88 2.297 1
29951.778 + 88 1
29952.000 # 1500
29953.000 # 1500
29953.391 + 88 1
29953.826 - 88 2.048 1
29955.670 + 88 1
29956.000 # 1500
29957.000 # 1500
29957.214 + 88 1
29957.344 - 88 3.953 1
29957.367 - 88 1.697 1
29958.000 # 1500
29959.000 # 1500
29959.168 - 88 1.954 1
29959.289 + 88 1
29960.000 # 1500
29961.125 - 88 1.836 1
29962.000 # 1500
29962.000 # 1500
29963.000 # 1500
29964.000 # 1500
29965.000 # 1500
29966.000 # 1500
29968.000 # 1500
29969.000 # 1500
29969.184 + 88 1
29969.325 + 88 1
29969.375 + 88 1
29969.423 + 88 1
29970.000 # 1500
29971.000 # 1500
29971.062 - 88 1.878 1
29971.081 - 88 1.756 1
29971.095 - 88 1.720 1
29971.109 - 88 1.686 1
29972.000 # 1500
29973.000 # 1500
29975.000 # 1500
29976.000 # 1500
29977.000 # 1500
29978.000 # 1500
29979.000 # 1500
29980.000 # 1500
29980.244 + 88 1
29980.392 + 88 1
29980.442 + 88 1
29980.489 + 88 1
29982.000 # 1500
29983.000 # 1500
29983.243 - 88 2.999 1
29983.273 - 88 2.881 1
29983.288 - 88 2.846 1
29983.301 - 88 2.812 1
29986.000 # 1500
29986.000 # 1500
29987.000 # 1500
29988.000 # 1500
29989.000 # 1500
29989.501 + 88 1
29989.638 + 88 1
29989.689 + 88 1
29989.919 + 88 1
29990.000 # 1500
29990.067 + 88 1
29990.125 - 88 0.624 1
29990.148 - 88 0.510 1
29990.162 - 88 0.473 1
29991.000 # 1500
29991.619 + 88 1
29991.881 - 88 1.962 1
29991.903 - 88 1.836 1
29993.000 # 1500
29995.000 # 1500
29995.259 - 88 3.640 1
29996.000 # 1500
29997.000 # 1500
29998.000 # 1500
29999.000 # 1500
30001.000 # 1500
30002.000 # 1500
30002.430 + 88 1
30002.568 + 88 1
30002.619 + 88 1
30002.820 + 88 1
30002.956 + 88 1
30004.427 + 88 1
30013.772 + 88 1
30013.908 + 88 1
30014.000 # 1500
30014.000 # 1500
30014.042 - 88 11.612 1
30014.082 - 88 11.514 1
30014.149 - 88 11.530 1
30014.173 - 88 11.353 1
30014.189 - 88 11.233 1
30014.202 - 88 9.775 1
30014.215 - 88 0.443 1
30015.000 # 1500
30015.000 # 1500
30015.000 # 1500
30015.000 # 1500
30015.796 - 88 1.888 1
30017.000 # 1500
30017.000 # 1500
30017.000 # 1500
30018.000 # 1500
30018.916 + 88 1
30019.000 # 1500
30020.000 # 1500
30020.674 - 88 1.758 1
30021.000 # 1500
30023.000 # 1500
30023.882 + 88 1
30025.000 # 1500
30025.000 # 1500
30025.612 - 88 1.730 1
30026.000 # 1500
30027.000 # 1500
30028.000 # 1500
30029.000 # 1500
30029.961 + 88 1
30030.000 # 1500
30030.104 + 88 1
30030.577 + 88 1
30031.000 # 1500
30032.489 - 88 2.528 1
30032.517 - 88 2.413 1
30032.533 - 88 1.956 1
30033.000 # 1500
30033.481 + 88 1
30037.000 # 1500
30038.000 # 1500
30038.373 - 88 4.892 1
30040.000 # 1500
30041.000 # 1500
30042.000 # 1500
30043.340 + 88 1
30043.454 + 88 1
30044.000 # 1500
30045.296 - 88 1.956 1
30045.368 - 88 1.914 1
30046.000 # 1500
30049.000 # 1500
30049.000 # 1500
30050.000 # 1500
30050.586 + 88 1
30050.696 + 88 1
30050.729 + 88 1
30050.760 + 88 1
30052.000 # 1500
30052.955 - 88 2.369 1
30053.000 # 1500
30053.106 - 88 2.410 1
30053.182 - 88 2.453 1
30053.206 - 88 2.446 1
30054.000 # 1500
30056.000 # 1500
30057.000 # 1500
30058.971 + 88 1
30059.214 + 88 1
30060.882 + 88 1
30061.035 + 88 1
30069.000 # 1500
30069.000 # 1500
30069.000 # 1500
30069.000 # 1500
30069.000 # 1500
30069.000 # 1500
30069.000 # 1500
30069.000 # 1500
30069.786 - 88 10.815 1
30069.894 - 88 10.680 1
30069.937 - 88 9.055 1
30069.958 - 88 8.923 1
30070.150 + 88 1
30070.298 + 88 1
30071.000 # 1500
30071.655 - 88 1.505 1
30071.674 - 88 1.376 1
30073.000 # 1500
30073.000 # 1500
30074.000 # 1500
30075.000 # 1500
30075.030 + 88 1
30075.113 + 88 1
30075.488 + 88 1
30075.689 + 88 1
30076.000 # 1500
30077.000 # 1500
30077.387 - 88 2.357 1
30077.413 - 88 2.300 1
30077.428 - 88 1.940 1
30077.441 - 88 1.752 1
30078.555 + 88 1
30079.000 # 1500
30080.000 # 1500
30080.333 - 88 1.778 1
30080.474 + 88 1
30088.340 + 88 1
30088.433 + 88 1
30090.089 + 88 1
30090.344 + 88 1
30094.190 + 88 1
30097.030 + 88 1
30098.000 # 1500
30098.000 # 1500
30098.000 # 1500
30099.000 # 1500
30099.055 + 88 1
30099.079 - 88 18.605 1
30099.143 - 88 10.803 1
30099.162 - 88 10.729 1
30099.171 - 88 9.082 1
30099.178 - 88 8.834 1
30099.184 - 88 4.994 1
30099.191 - 88 2.161 1
30108.737 + 88 1
30108.807 + 88 1
30109.000 # 1500
30110.000 # 1500
30110.750 + 88 1
30110.774 - 88 11.719 1
30110.790 - 88 2.053 1
30110.798 - 88 1.991 1
30111.094 + 88 1
30111.265 + 88 1
30113.000 # 1500
30113.687 + 88 1
30113.933 - 88 3.183 1
30113.951 - 88 2.857 1
30113.958 - 88 2.693 1
30115.587 + 88 1
30117.475 + 88 1
30118.237 + 88 1
30119.000 # 1500
30120.384 - 88 6.697 1
30120.404 - 88 4.817 1
30120.520 - 88 3.045 1
30120.557 - 88 2.320 1
30122.418 + 88 1
30122.718 + 88 1
30123.000 # 1500
30124.000 # 1500
30124.000 # 1500
30124.738 - 88 2.320 1
30124.769 - 88 2.051 1
30126.000 # 1500
30130.000 # 1500
30134.000 # 1500
30134.000 # 1500
30134.345 + 88 1
30134.456 + 88 1
30134.471 + 88 1
30134.648 + 88 1
30135.000 # 1500
30135.987 - 88 1.642 1
30136.000 # 1500
30136.014 - 88 1.558 1
30136.289 - 88 1.818 1
30136.440 - 88 1.792 1
30136.788 + 88 1
30138.000 # 1500
30139.898 - 88 3.110 1
30140.000 # 1500
30143.000 # 1500
30145.000 # 1500
30146.000 # 1500
30148.000 # 1500
30149.142 + 88 1
30149.471 + 88 1
30150.000 # 1500
30151.175 - 88 2.033 1
30151.198 - 88 1.727 1
30152.000 # 1500
30153.000 # 1500
30155.000 # 1500
30157.000 # 1500
30158.000 # 1500
30159.191 + 88 1
30159.385 + 88 1
30160.000 # 1500
30161.000 # 1500
30161.594 - 88 2.403 1
30161.615 - 88 2.230 1
30162.059 + 88 1
30165.000 # 1500
30165.710 - 88 3.651 1
30167.000 # 1500
30170.000 # 1500
30171.000 # 1500
30171.538 + 88 1
30171.654 + 88 1
30171.796 + 88 1
30173.000 # 1500
30173.584 - 88 2.046 1
30173.603 - 88 1.949 1
30173.611 - 88 1.815 1
30174.000 # 1500
30175.000 # 1500
30178.000 # 1500
30178.523 + 88 1
30178.633 + 88 1
30178.649 + 88 1
30180.362 + 88 1
30181.000 # 1500
30181.956 - 88 3.433 1
30181.969 - 88 3.336 1
30181.977 - 88 3.328 1
30181.983 - 88 1.621 1
30182.472 + 88 1
30183.000 # 1500
30184.000 # 1500
30184.309 - 88 1.837 1
30184.580 + 88 1
30185.000 # 1500
30186.306 - 88 1.726 1
30186.636 + 88 1
30188.086 + 88 1
30189.000 # 1500
30189.718 - 88 3.082 1
30189.736 - 88 1.650 1
30189.780 + 88 1
30191.000 # 1500
30192.000 # 1500
30192.746 - 88 2.966 1
30193.029 + 88 1
30194.000 # 1500
30194.608 - 88 1.579 1
30195.325 + 88 1
30197.000 # 1500
30197.753 + 88 1
30198.144 - 88 2.819 1
30199.000 # 1500
30199.000 # 1500
30199.517 - 88 1.764 1
30200.011 + 88 1
30201.000 # 1500
30201.745 - 88 1.734 1
30204.000 # 1500
30206.000 # 1500
30206.000 # 1500
30209.000 # 1500
30211.633 + 88 1
30212.000 # 1500
30212.234 - 88 0.601 1
30215.252 + 88 1
30217.411 + 88 1
30221.195 + 88 1
30224.000 # 1500
30224.000 # 1500
30224.000 # 1500
30224.906 - 88 9.654 1
30224.937 - 88 7.526 1
30224.945 - 88 3.750 1
30229.000 # 1500
30229.000 # 1500
30229.000 # 1500
30233.019 + 88 1
30233.156 + 88 1
30233.482 + 88 1
30235.971 + 88 1
30236.000 # 1500
30236.000 # 1500
30236.000 # 1500
30236.388 - 88 3.369 1
30236.470 - 88 3.314 1
30236.487 - 88 3.005 1
30238.000 # 1500
30238.744 + 88 1
30238.827 - 88 2.856 1
30240.000 # 1500
30240.889 + 88 1
30241.000 # 1500
30241.196 - 88 2.452 1
30242.836 + 88 1
30245.694 + 88 1
30247.971 + 88 1
30249.824 + 88 1
30251.821 + 88 1
30253.543 + 88 1
30255.000 # 1500
30255.000 # 1500
30255.000 # 1500
30255.460 + 88 1
30255.825 - 88 14.936 1
30255.940 - 88 13.104 1
30255.971 - 88 10.277 1
30255.980 - 88 8.009 1
30255.989 - 88 6.165 1
30255.996 - 88 4.175 1
30256.002 - 88 2.459 1
30257.000 # 1500
30257.000 # 1500
30257.000 # 1500
30258.341 - 88 2.881 1
30259.000 # 1500
30260.000 # 1500
30260.229 + 88 1
30261.000 # 1500
30262.990 - 88 2.761 1
30263.000 # 1500
30265.000 # 1500
30267.000 # 1500
30268.521 + 88 1
30268.851 + 88 1
30269.000 # 1500
30270.368 + 88 1
30270.457 - 88 1.936 1
30270.469 - 88 1.618 1
30271.000 # 1500
30272.000 # 1500
30272.204 - 88 1.836 1
30274.000 # 1500
30276.000 # 1500
30278.000 # 1500
30279.265 + 88 1
30282.000 # 1500
30282.817 - 88 3.552 1
30283.000 # 1500
30285.000 # 1500
30285.791 + 88 1
30287.000 # 1500
30288.093 - 88 2.302 1
30289.701 + 88 1
30289.743 + 88 1
30289.773 + 88 1
30289.803 + 88 1
30290.000 # 1500
30291.863 - 88 2.162 1
30291.902 - 88 2.159 1
30291.919 - 88 2.146 1
30291.927 - 88 2.124 1
30292.000 # 1500
30292.227 + 88 1
30293.511 + 88 1
30294.000 # 1500
30295.532 - 88 3.305 1
30295.705 - 88 2.194 1
30296.000 # 1500
30296.859 + 88 1
30300.000 # 1500
30300.354 + 88 1
30300.396 + 88 1
30300.866 - 88 4.007 1
30302.000 # 1500
30303.519 - 88 3.165 1
30303.661 - 88 3.265 1
30304.000 # 1500
30306.000 # 1500
30308.000 # 1500
30310.214 + 88 1
30310.257 + 88 1
30310.288 + 88 1
30310.317 + 88 1
30310.347 + 88 1
30311.000 # 1500
30311.916 - 88 1.702 1
30312.000 # 1500
30312.190 - 88 1.933 1
30312.278 - 88 1.990 1
30312.302 - 88 1.985 1
30312.317 - 88 1.970 1
30314.014 + 88 1
30315.000 # 1500
30315.133 + 88 1
30315.243 - 88 1.229 1
30316.000 # 1500
30317.434 + 88 1
30317.462 - 88 2.329 1
30318.000 # 1500
30318.963 - 88 1.529 1
30319.000 # 1500
30321.000 # 1500
30321.858 + 88 1
30321.897 + 88 1
30323.000 # 1500
30324.154 + 88 1
30324.211 - 88 2.353 1
30324.238 - 88 2.341 1
30325.000 # 1500
30325.721 - 88 1.567 1
30327.937 + 88 1
30329.000 # 1500
30329.000 # 1500
30329.459 - 88 1.522 1
30330.963 + 88 1
30330.999 + 88 1
30332.000 # 1500
30332.689 - 88 1.726 1
30332.719 - 88 1.720 1
30333.000 # 1500
30335.000 # 1500
30337.000 # 1500
30339.000 # 1500
30339.568 + 88 1
30340.000 # 1500
30341.212 - 88 1.644 1
30343.635 + 88 1
30345.838 + 88 1
30347.468 + 88 1
30349.441 + 88 1
30351.000 # 1500
30351.000 # 1500
30351.000 # 1500
30351.000 # 1500
30351.000 # 1500
30352.058 - 88 8.423 1
30352.166 - 88 6.328 1
30352.186 - 88 4.718 1
30352.193 - 88 2.752 1
30360.000 # 1500
30360.000 # 1500
30361.049 + 88 1
30364.000 # 1500
30364.000 # 1500
30364.000 # 1500
30364.874 - 88 3.825 1
30365.362 + 88 1
30366.000 # 1500
30366.000 # 1500
30366.000 # 1500
30366.000 # 1500
30367.733 - 88 2.371 1
30369.000 # 1500
30369.000 # 1500
30371.000 # 1500
30371.955 + 88 1
30372.288 + 88 1
30373.000 # 1500
30374.525 - 88 2.570 1
30374.550 - 88 2.262 1
30378.000 # 1500
30380.000 # 1500
30381.736 + 88 1
30382.000 # 1500
30383.616 - 88 1.880 1
30383.671 + 88 1
30386.000 # 1500
30386.851 + 88 1
30387.000 # 1500
30387.258 - 88 3.587 1
30389.457 + 88 1
30390.000 # 1500
30391.373 - 88 4.522 1
30391.412 - 88 1.955 1
30391.435 + 88 1
30393.000 # 1500
30393.919 + 88 1
30394.239 - 88 2.804 1
30395.000 # 1500
30395.978 - 88 2.059 1
30396.000 # 1500
30397.703 + 88 1
30399.599 + 88 1
30400.000 # 1500
30401.000 # 1500
30402.728 - 88 5.025 1
30402.820 - 88 3.221 1
30402.930 + 88 1
30403.000 # 1500
30404.888 + 88 1
30405.000 # 1500
30405.214 - 88 2.284 1
30407.102 + 88 1
30407.466 + 88 1
30410.000 # 1500
30411.539 - 88 6.651 1
30411.639 - 88 4.537 1
30411.677 - 88 4.211 1
30411.999 + 88 1
30412.000 # 1500
30413.000 # 1500
30413.554 + 88 1
30413.732 - 88 1.733 1
30413.760 + 88 1
30415.695 + 88 1
30416.000 # 1500
30416.000 # 1500
30417.605 + 88 1
30417.691 - 88 4.137 1
30417.772 - 88 4.012 1
30417.785 - 88 2.090 1
30419.000 # 1500
30420.000 # 1500
30420.041 - 88 2.436 1
30420.245 + 88 1
30422.305 + 88 1
30423.000 # 1500
30424.215 - 88 3.970 1
30424.234 - 88 1.929 1
30424.458 + 88 1
30424.578 + 88 1
30425.000 # 1500
30426.000 # 1500
30426.265 - 88 1.807 1
30426.290 - 88 1.712 1
30426.568 + 88 1
30428.000 # 1500
30429.064 - 88 2.496 1
30431.000 # 1500
30433.328 + 88 1
30433.468 + 88 1
30434.000 # 1500
30434.851 - 88 1.523 1
30434.870 - 88 1.402 1
30435.000 # 1500
30435.184 + 88 1
30436.213 + 88 1
30437.000 # 1500
30437.843 - 88 2.659 1
30437.861 - 88 1.648 1
30438.250 + 88 1
30438.590 + 88 1
30440.000 # 1500
30441.652 - 88 3.402 1
30441.679 - 88 3.089 1
30441.932 + 88 1
30442.000 # 1500
30442.153 + 88 1
30444.000 # 1500
30444.572 - 88 2.640 1
30444.597 - 88 2.444 1
30446.000 # 1500
30448.000 # 1500
30448.368 + 88 1
30448.709 + 88 1
30449.000 # 1500
30449.941 - 88 1.573 1
30449.966 - 88 1.257 1
30451.000 # 1500
30451.553 + 88 1
30452.000 # 1500
30452.176 - 88 0.623 1
30454.944 + 88 1
30455.000 # 1500
30456.000 # 1500
30456.813 - 88 1.869 1
30458.000 # 1500
30458.368 + 88 1
30458.521 + 88 1
30459.000 # 1500
30460.000 # 1500
30460.542 - 88 2.174 1
30460.571 - 88 2.050 1
30466.000 # 1500
30469.568 + 88 1
30469.724 + 88 1
30471.000 # 1500
30471.347 + 88 1
30471.405 + 88 1
30471.518 - 88 1.950 1
30471.558 - 88 1.834 1
30472.000 # 1500
30472.887 - 88 1.540 1
30472.913 - 88 1.508 1
30473.100 + 88 1
30474.000 # 1500
30474.808 - 88 1.708 1
30474.948 + 88 1
30475.000 # 1500
30477.000 # 1500
30478.000 # 1500
30478.192 + 88 1
30478.361 - 88 3.413 1
30480.000 # 1500
30480.776 - 88 2.584 1
30481.000 # 1500
30481.235 + 88 1
30481.373 + 88 1
30483.000 # 1500
30484.684 - 88 3.449 1
30484.711 - 88 3.338 1
30484.975 + 88 1
30485.336 + 88 1
30486.000 # 1500
30486.000 # 1500
30487.603 - 88 2.628 1
30487.623 - 88 2.287 1
30487.995 + 88 1
30488.000 # 1500
30490.000 # 1500
30490.629 + 88 1
30490.737 + 88 1
30491.000 # 1500
30491.492 - 88 3.497 1
30493.000 # 1500
30493.873 - 88 3.244 1
30493.899 - 88 3.162 1
30494.000 # 1500
30494.136 + 88 1
30495.000 # 1500
30495.816 - 88 1.680 1
30495.840 + 88 1
30497.000 # 1500
30497.717 - 88 1.877 1
30497.773 + 88 1
30499.000 # 1500
30500.336 - 88 2.563 1
30500.393 + 88 1
30501.000 # 1500
30502.000 # 1500
30502.288 - 88 1.895 1
30502.418 + 88 1
30502.572 + 88 1
30503.000 # 1500
30504.244 - 88 1.826 1
30504.264 - 88 1.692 1
30504.611 + 88 1
30505.000 # 1500
30506.281 - 88 1.670 1
30506.608 + 88 1
30507.000 # 1500
30508.000 # 1500
30508.128 - 88 1.520 1
30509.000 # 1500
30512.000 # 1500
30514.000 # 1500
30517.000 # 1500
30518.000 # 1500
30518.584 + 88 1
30520.000 # 1500
30521.000 # 1500
30521.345 + 88 1
30521.455 - 88 2.871 1
30521.809 + 88 1
30523.000 # 1500
30524.832 - 88 3.487 1
30524.855 - 88 3.046 1
30525.000 # 1500
30527.000 # 1500
30527.000 # 1500
30528.000 # 1500
30530.000 # 1500
30532.000 # 1500
30532.000 # 1500
30534.302 + 88 1
30534.444 + 88 1
30535.876 + 88 1
30538.365 + 88 1
30539.000 # 1500
30539.000 # 1500
30539.000 # 1500
30539.000 # 1500
30539.000 # 1500
30540.235 - 88 5.933 1
30540.359 - 88 5.915 1
30540.382 - 88 4.506 1
30540.396 - 88 2.031 1
30541.000 # 1500
30542.000 # 1500
30544.000 # 1500
30545.000 # 1500
30546.000 # 1500
30547.012 + 88 1
30547.245 + 88 1
30548.000 # 1500
30548.896 + 88 1
30549.135 - 88 2.123 1
30549.171 - 88 1.926 1
30552.000 # 1500
30552.000 # 1500
30553.000 # 1500
30553.165 - 88 4.269 1
30555.000 # 1500
30556.000 # 1500
30557.000 # 1500
30557.724 + 88 1
30560.000 # 1500
30561.907 - 88 4.183 1
30562.000 # 1500
30564.000 # 1500
30564.000 # 1500
30564.526 + 88 1
30564.823 + 88 1
30565.000 # 1500
30566.988 - 88 2.462 1
30567.000 # 1500
30567.111 - 88 2.288 1
30567.482 + 88 1
30569.000 # 1500
30570.000 # 1500
30570.582 - 88 3.100 1
30571.287 + 88 1
30574.583 + 88 1
30576.599 + 88 1
30578.623 + 88 1
30582.519 + 88 1
30582.738 + 88 1
30584.000 # 1500
30584.000 # 1500
30584.000 # 1500
30584.000 # 1500
30584.904 + 88 1
30585.107 - 88 13.820 1
30585.283 - 88 10.700 1
30585.302 - 88 8.703 1
30585.316 - 88 6.693 1
30585.329 - 88 2.810 1
30585.341 - 88 2.603 1
30586.000 # 1500
30587.288 - 88 2.384 1
30587.369 + 88 1
30589.166 + 88 1
30590.000 # 1500
30590.000 # 1500
30591.000 # 1500
30591.032 - 88 3.663 1
30591.058 - 88 1.892 1
30591.296 + 88 1
30592.679 + 88 1
30594.000 # 1500
30595.423 - 88 4.127 1
30595.449 - 88 2.770 1
30595.749 + 88 1
30596.000 # 1500
30596.101 - 88 0.352 1
30597.000 # 1500
30597.211 + 88 1
30598.282 + 88 1
30600.487 + 88 1
30604.115 + 88 1
30604.409 + 88 1
30606.471 + 88 1
30608.332 + 88 1
30609.000 # 1500
30610.000 # 1500
30610.000 # 1500
30610.000 # 1500
30610.000 # 1500
30610.118 - 88 12.907 1
30610.138 - 88 11.856 1
30610.146 - 88 9.659 1
30610.152 - 88 6.037 1
30610.159 - 88 5.750 1
30610.165 - 88 3.694 1
30610.172 - 88 1.840 1
30610.477 + 88 1
30610.631 + 88 1
30612.000 # 1500
30613.263 + 88 1
30613.300 - 88 2.823 1
30613.319 - 88 2.688 1
30614.000 # 1500
30614.000 # 1500
30614.584 - 88 1.321 1
30614.875 + 88 1
30616.000 # 1500
30617.179 + 88 1
30617.486 - 88 2.611 1
30618.000 # 1500
30618.814 - 88 1.635 1
30619.000 # 1500
30619.001 + 88 1
30620.731 + 88 1
30621.000 # 1500
30622.000 # 1500
30622.748 + 88 1
30622.774 - 88 3.773 1
30622.792 - 88 2.061 1
30624.000 # 1500
30625.000 # 1500
30625.400 - 88 2.652 1
30627.000 # 1500
30628.000 # 1500
30630.000 # 1500
30632.000 # 1500
30633.282 + 88 1
30633.437 + 88 1
30633.514 + 88 1
30633.588 + 88 1
30633.659 + 88 1
30635.112 + 88 1
30637.223 + 88 1
30639.190 + 88 1
30641.374 + 88 1
30642.000 # 1500
30642.000 # 1500
30642.000 # 1500
30642.000 # 1500
30642.868 - 88 9.586 1
30643.204 - 88 9.767 1
30643.222 - 88 9.708 1
30643.229 - 88 9.641 1
30643.236 - 88 9.577 1
30643.242 - 88 8.130 1
30643.248 - 88 6.025 1
30643.255 - 88 4.065 1
30643.261 - 88 1.887 1
30643.484 + 88 1
30644.000 # 1500
30645.388 - 88 1.904 1
30645.415 + 88 1
30647.000 # 1500
30647.251 + 88 1
30647.654 - 88 2.239 1
30648.000 # 1500
30649.174 - 88 1.923 1
30649.458 + 88 1
30650.000 # 1500
30651.003 - 88 1.545 1
30652.000 # 1500
30652.778 + 88 1
30653.301 + 88 1
30654.000 # 1500
30654.668 - 88 1.890 1
30654.697 - 88 1.396 1
30654.713 + 88 1
30655.000 # 1500
30656.192 - 88 1.479 1
30656.382 + 88 1
30657.000 # 1500
30658.779 - 88 2.397 1
30658.901 + 88 1
30659.547 + 88 1
30663.078 + 88 1
30663.421 + 88 1
30665.693 + 88 1
30666.708 + 88 1
30669.000 # 1500
30669.138 + 88 1
30669.640 - 88 10.739 1
30669.661 - 88 10.114 1
30669.669 - 88 6.591 1
30669.675 - 88 6.254 1
30669.682 - 88 3.989 1
30669.688 - 88 2.980 1
30670.000 # 1500
30670.336 + 88 1
30670.580 - 88 1.442 1
30672.607 + 88 1
30672.843 + 88 1
30674.000 # 1500
30675.548 - 88 5.212 1
30675.567 - 88 2.960 1
30675.575 - 88 2.732 1
30676.294 + 88 1
30677.000 # 1500
30677.000 # 1500
30677.993 - 88 1.699 1
30678.143 + 88 1
30678.509 + 88 1
30679.000 # 1500
30680.000 # 1500
30680.038 - 88 1.895 1
30680.059 - 88 1.550 1
30681.091 + 88 1
30681.412 + 88 1
30683.000 # 1500
30683.200 + 88 1
30683.345 - 88 2.254 1
30683.363 - 88 1.951 1
30684.000 # 1500
30684.974 - 88 1.774 1
30685.000 # 1500
30685.514 + 88 1
30686.000 # 1500
30687.981 - 88 2.467 1
30688.000 # 1500
30688.499 + 88 1
30691.000 # 1500
30692.000 # 1500
30692.051 - 88 3.552 1
30692.315 + 88 1
30692.566 + 88 1
30694.000 # 1500
30695.000 # 1500
30695.287 + 88 1
30695.450 - 88 3.135 1
30695.468 - 88 2.902 1
30695.501 + 88 1
30698.000 # 1500
30698.041 + 88 1
30698.260 - 88 2.973 1
30698.278 - 88 2.777 1
30699.000 # 1500
30700.000 # 1500
30700.057 - 88 2.016 1
30700.407 + 88 1
30702.000 # 1500
30702.832 - 88 2.425 1
30703.051 + 88 1
30704.170 + 88 1
30705.000 # 1500
30705.000 # 1500
30706.697 - 88 3.646 1
30706.715 - 88 2.545 1
30707.000 # 1500
30707.140 + 88 1
30708.710 + 88 1
30709.714 + 88 1
30710.000 # 1500
30711.632 - 88 4.492 1
30711.661 - 88 2.951 1
30711.669 - 88 1.955 1
30712.000 # 1500
30714.000 # 1500
30715.000 # 1500
30717.000 # 1500
30719.000 # 1500
30720.000 # 1500
30720.484 + 88 1
30720.825 + 88 1
30721.000 # 1500
30721.760 + 88 1
30722.055 - 88 1.571 1
30722.073 - 88 1.248 1
30723.000 # 1500
30723.271 + 88 1
30723.527 - 88 1.767 1
30723.619 + 88 1
30725.000 # 1500
30726.425 + 88 1
30726.596 - 88 3.325 1
30726.613 - 88 2.994 1
30727.000 # 1500
30727.724 + 88 1
30727.811 - 88 1.386 1
30728.000 # 1500
30729.139 - 88 1.415 1
30730.000 # 1500
30731.000 # 1500
30733.000 # 1500
30735.000 # 1500
30735.283 + 88 1
30735.408 + 88 1
30736.000 # 1500
30736.955 - 88 1.672 1
30736.975 - 88 1.567 1
30737.989 + 88 1
30738.000 # 1500
30738.191 + 88 1
30740.000 # 1500
30740.162 + 88 1
30740.623 - 88 2.634 1
30740.643 - 88 2.452 1
30741.000 # 1500
30742.078 - 88 1.916 1
30742.275 + 88 1
30744.000 # 1500
30744.157 + 88 1
30744.642 - 88 2.367 1
30745.000 # 1500
30745.906 - 88 1.749 1
30746.000 # 1500
30746.090 + 88 1
30747.317 + 88 1
30748.000 # 1500
30749.645 - 88 3.555 1
30749.665 - 88 2.348 1
30749.976 + 88 1
30751.000 # 1500
30751.000 # 1500
30751.624 + 88 1
30751.762 - 88 1.786 1
30752.000 # 1500
30752.115 + 88 1
30752.385 - 88 0.761 1
30753.000 # 1500
30753.634 - 88 1.519 1
30753.870 + 88 1
30755.673 + 88 1
30764.000 # 1500
30764.000 # 1500
30764.000 # 1500
30764.000 # 1500
30764.000 # 1500
30764.000 # 1500
30765.444 + 88 1
30765.676 + 88 1
30765.958 - 88 12.088 1
30765.991 - 88 10.318 1
30769.099 + 88 1
30774.000 # 1500
30774.000 # 1500
30774.897 - 88 9.453 1
30774.967 + 88 1
30774.992 - 88 9.316 1
30775.000 # 1500
30775.000 # 1500
30775.000 # 1500
30775.000 # 1500
30775.000 # 1500
30775.000 # 1500
30775.021 - 88 5.922 1
30775.029 - 88 0.062 1
30775.624 + 88 1
30777.000 # 1500
30777.000 # 1500
30778.000 # 1500
30778.954 - 88 3.330 1
30780.000 # 1500
30781.000 # 1500
30782.000 # 1500
30783.000 # 1500
30784.000 # 1500
30784.112 + 88 1
30785.000 # 1500
30785.719 - 88 1.607 1
30786.000 # 1500
30787.000 # 1500
30788.000 # 1500
30789.000 # 1500
30790.000 # 1500
30790.216 + 88 1
30791.000 # 1500
30791.688 - 88 1.472 1
30792.000 # 1500
30793.000 # 1500
30794.271 + 88 1
30795.000 # 1500
30796.000 # 1500
30796.141 + 88 1
30796.405 - 88 2.134 1
30797.000 # 1500
30798.000 # 1500
30798.403 - 88 2.262 1
30798.725 + 88 1
30799.000 # 1500
30800.000 # 1500
30800.782 - 88 2.057 1
30801.000 # 1500
30801.162 + 88 1
30803.000 # 1500
30803.600 + 88 1
30803.711 - 88 2.549 1
30804.000 # 1500
30805.541 - 88 1.941 1
30805.713 + 88 1
30806.000 # 1500
30807.000 # 1500
30807.000 # 1500
30808.000 # 1500
30808.080 - 88 2.367 1
30808.270 + 88 1
30810.432 + 88 1
30814.160 + 88 1
30816.122 + 88 1
30818.028 + 88 1
30819.000 # 1500
30819.000 # 1500
30820.000 # 1500
30820.000 # 1500
30820.000 # 1500
30820.000 # 1500
30820.089 + 88 1
30820.352 - 88 12.082 1
30820.394 - 88 9.962 1
30820.411 - 88 6.251 1
30820.421 - 88 4.299 1
30820.429 - 88 2.401 1
30820.535 + 88 1
30822.099 + 88 1
30823.254 + 88 1
30827.958 + 88 1
30827.996 + 88 1
30834.000 # 1500
30834.000 # 1500
30834.000 # 1500
30834.000 # 1500
30834.000 # 1500
30834.831 - 88 14.742 1
30834.871 - 88 14.336 1
30834.887 - 88 12.788 1
30834.896 - 88 11.642 1
30834.904 - 88 6.946 1
30834.910 - 88 6.914 1
30835.146 + 88 1
30835.516 + 88 1
30836.662 + 88 1
30838.032 + 88 1
30839.000 # 1500
30839.000 # 1500
30839.582 - 88 4.436 1
30839.608 - 88 4.092 1
30839.623 - 88 2.961 1
30839.637 - 88 1.605 1
30843.000 # 1500
30843.000 # 1500
30843.000 # 1500
30843.000 # 1500
30849.363 + 88 1
30849.705 + 88 1
30851.613 + 88 1
30851.697 + 88 1
30852.784 + 88 1
30853.000 + 88 1
30854.000 # 1500
30854.000 # 1500
30854.000 # 1500
30854.613 + 88 1
30854.635 - 88 5.272 1
30854.657 - 88 4.952 1
30854.673 - 88 3.060 1
30854.680 - 88 2.983 1
30854.687 - 88 1.903 1
30854.694 - 88 1.694 1
30855.000 # 1500
30855.000 # 1500
30855.000 # 1500
30856.612 - 88 1.999 1
30857.158 + 88 1
30859.365 + 88 1
30862.309 + 88 1
30865.000 # 1500
30865.000 # 1500
30865.000 # 1500
30865.000 # 1500
30865.000 # 1500
30865.239 + 88 1
30865.642 - 88 8.484 1
30865.664 - 88 6.299 1
30865.672 - 88 3.363 1
30866.522 + 88 1
30868.402 + 88 1
30869.312 + 88 1
30871.497 + 88 1
30873.201 + 88 1
30875.000 # 1500
30875.000 # 1500
30875.000 # 1500
30875.000 # 1500
30875.000 # 1500
30875.000 # 1500
30875.000 # 1500
30875.000 # 1500
30875.713 + 88 1
30876.112 - 88 10.873 1
30876.324 - 88 9.802 1
30876.356 - 88 7.954 1
30876.440 - 88 7.128 1
30876.463 - 88 4.966 1
30876.478 - 88 3.277 1
30877.000 # 1500
30877.741 + 88 1
30877.983 - 88 2.270 1
30879.000 # 1500
30879.000 # 1500
30879.705 + 88 1
30880.000 # 1500
30880.147 - 88 2.406 1
30880.171 - 88 0.466 1
30881.000 # 1500
30881.664 + 88 1
30881.890 + 88 1
30883.957 + 88 1
30884.000 # 1500
30884.000 # 1500
30884.292 - 88 2.628 1
30884.314 - 88 2.424 1
30885.000 # 1500
30885.958 + 88 1
30886.000 # 1500
30886.197 - 88 2.240 1
30886.216 - 88 0.258 1
30888.000 # 1500
30889.000 # 1500
30890.000 # 1500
30891.000 # 1500
30893.000 # 1500
30895.000 # 1500
30895.919 + 88 1
30897.000 # 1500
30897.000 # 1500
30898.000 # 1500
30898.345 + 88 1
30898.573 - 88 2.654 1
30900.000 # 1500
30901.000 # 1500
30901.156 + 88 1
30901.438 - 88 3.093 1
30905.000 # 1500
30907.000 # 1500
30907.000 # 1500
30907.603 - 88 6.447 1
30908.000 # 1500
30908.375 + 88 1
30908.895 + 88 1
30909.000 # 1500
30909.175 - 88 0.800 1
30909.200 - 88 0.305 1
30911.000 # 1500
30912.000 # 1500
30913.466 + 88 1
30913.660 + 88 1
30913.704 + 88 1
30919.413 + 88 1
30923.000 # 1500
30924.000 # 1500
30924.246 - 88 10.780 1
30924.355 - 88 10.695 1
30924.435 - 88 10.731 1
30924.446 - 88 5.033 1
30925.000 # 1500
30928.000 # 1500
30928.000 # 1500
30928.950 + 88 1
30929.000 # 1500
30929.504 + 88 1
30929.924 + 88 1
30932.000 # 1500
30932.457 - 88 3.507 1
30932.526 - 88 3.022 1
30932.550 - 88 2.626 1
30933.000 # 1500
30935.161 + 88 1
30935.245 + 88 1
30936.000 # 1500
30936.824 - 88 1.663 1
30936.852 - 88 1.607 1
30938.912 + 88 1
30941.298 + 88 1
30941.415 + 88 1
30942.064 + 88 1
30942.814 + 88 1
30945.000 # 1500
30945.000 # 1500
30945.000 # 1500
30946.000 # 1500
30947.000 # 1500
30947.445 - 88 8.533 1
30947.491 - 88 6.193 1
30947.509 - 88 6.094 1
30947.524 - 88 5.460 1
30947.539 - 88 4.725 1
30949.000 # 1500
30950.000 # 1500
30952.545 + 88 1
30952.726 + 88 1
30952.855 + 88 1
30954.734 + 88 1
30956.641 + 88 1
30958.441 + 88 1
30959.000 # 1500
30960.090 - 88 7.545 1
30960.143 - 88 7.417 1
30960.161 - 88 7.306 1
30960.176 - 88 5.442 1
30960.191 - 88 3.550 1
30960.203 - 88 1.762 1
30962.000 # 1500
30963.314 + 88 1
30964.000 # 1500
30964.256 + 88 1
30964.420 - 88 1.106 1
30965.000 # 1500
30966.000 # 1500
30966.096 - 88 1.840 1
30966.294 + 88 1
30967.202 + 88 1
30968.000 # 1500
30968.980 - 88 2.686 1
30969.001 - 88 1.799 1
30969.407 + 88 1
30971.000 # 1500
30971.318 + 88 1
30971.613 - 88 2.206 1
30972.000 # 1500
30972.858 - 88 1.540 1
30974.000 # 1500
30976.000 # 1500
30979.000 # 1500
30979.000 # 1500
30981.000 # 1500
30982.039 + 88 1
30982.314 + 88 1
30982.811 + 88 1
30983.000 # 1500
30983.035 - 88 0.996 1
30983.088 - 88 0.774 1
30983.103 - 88 0.292 1
30983.224 + 88 1
30985.000 # 1500
30985.572 - 88 2.348 1
30985.758 + 88 1
30986.000 # 1500
30987.076 - 88 1.318 1
30988.000 # 1500
30988.673 + 88 1
30988.880 + 88 1
30990.000 # 1500
30991.000 # 1500
30991.450 - 88 2.777 1
30991.480 - 88 2.600 1
30992.077 + 88 1
30993.000 # 1500
30993.535 + 88 1
30993.695 - 88 1.618 1
30995.000 # 1500
30995.989 + 88 1
30996.110 - 88 2.575 1
30997.000 # 1500
30997.377 - 88 1.388 1
30997.604 + 88 1
30999.000 # 1500
30999.585 + 88 1
30999.704 - 88 2.100 1
31001.000 # 1500
31001.391 + 88 1
31001.509 - 88 1.924 1
31002.000 # 1500
31003.666 - 88 2.275 1
31004.000 # 1500
31004.331 + 88 1
31006.000 # 1500
31006.169 + 88 1
31006.320 - 88 1.989 1
31009.000 # 1500
31009.000 # 1500
31009.993 - 88 3.824 1
31011.000 # 1500
31013.000 # 1500
31015.000 # 1500
31016.000 # 1500
31017.935 + 88 1
31018.000 # 1500
31018.149 + 88 1
31020.000 # 1500
31020.648 - 88 2.713 1
31020.771 - 88 2.622 1
31022.000 # 1500
31025.000 # 1500
31025.000 # 1500
31027.000 # 1500
31029.000 # 1500
31031.000 # 1500
31033.000 # 1500
31035.000 # 1500
31037.000 # 1500
31038.000 # 1500
31040.000 # 1500
31040.231 + 88 1
31040.299 + 88 1
31040.532 + 88 1
31040.624 + 88 1
31041.000 # 1500
31042.389 + 88 1
31042.519 - 88 2.288 1
31042.634 - 88 2.335 1
31042.656 - 88 2.124 1
31042.671 - 88 2.047 1
31043.000 # 1500
31044.000 # 1500
31044.340 - 88 1.951 1
31045.210 + 88 1
31045.852 + 88 1
31046.000 # 1500
31047.322 - 88 2.112 1
31047.344 - 88 1.492 1
31048.000 # 1500
31049.000 # 1500
31050.000 # 1500
31051.000 # 1500
31054.000 # 1500
31054.000 # 1500
31054.599 + 88 1
31055.000 # 1500
31056.000 # 1500
31056.289 + 88 1
31056.393 - 88 1.794 1
31056.565 + 88 1
31058.000 # 1500
31059.000 # 1500
31059.799 - 88 3.510 1
31059.828 - 88 3.263 1
31061.000 # 1500
31061.000 # 1500
31067.930 + 88 1
31068.193 + 88 1
31069.897 + 88 1
31072.000 # 1500
31072.000 # 1500
31072.000 # 1500
31072.000 # 1500
31072.000 # 1500
31072.000 # 1500
31072.277 + 88 1
31072.450 - 88 4.520 1
31072.542 - 88 4.349 1
31072.619 - 88 2.722 1
31073.000 # 1500
31073.000 # 1500
31073.918 - 88 1.641 1
31075.000 # 1500
31076.000 # 1500
31077.000 # 1500
31079.000 # 1500
31080.000 # 1500
31080.070 + 88 1
31080.443 + 88 1
31081.777 + 88 1
31082.000 # 1500
31083.324 - 88 3.254 1
31083.415 - 88 2.972 1
31083.447 - 88 1.670 1
31084.000 # 1500
31085.000 # 1500
31085.433 + 88 1
31087.000 # 1500
31087.583 + 88 1
31087.694 - 88 2.261 1
31088.000 # 1500
31089.521 - 88 1.938 1
31090.000 # 1500
31091.000 # 1500
31093.000 # 1500
31095.000 # 1500
31096.000 # 1500
31098.000 # 1500
31099.000 # 1500
31099.268 + 88 1
31099.710 + 88 1
31101.000 # 1500
31102.031 - 88 2.763 1
31102.222 - 88 2.512 1
31102.313 + 88 1
31103.000 # 1500
31104.000 # 1500
31104.760 - 88 2.447 1
31106.000 # 1500
31107.000 # 1500
31109.000 # 1500
31111.000 # 1500
31111.790 + 88 1
31112.000 # 1500
31114.000 # 1500
31114.547 - 88 2.757 1
31115.109 + 88 1
31116.000 # 1500
31116.789 - 88 1.680 1
31116.984 + 88 1
31117.000 # 1500
31119.000 # 1500
31119.463 + 88 1
31119.640 - 88 2.656 1
31120.000 # 1500
31120.585 + 88 1
31120.748 - 88 1.285 1
31121.000 # 1500
31121.367 + 88 1
31121.521 - 88 0.936 1
31123.000 # 1500
31124.566 - 88 3.199 1
31125.279 + 88 1
31126.000 # 1500
31127.479 - 88 2.200 1
31128.000 # 1500
31129.000 # 1500
31135.508 + 88 1
31139.074 + 88 1
31140.000 # 1500
31140.000 # 1500
31140.000 # 1500
31140.000 # 1500
31140.000 # 1500
31140.928 - 88 5.420 1
31140.969 - 88 1.895 1
31141.209 + 88 1
31145.955 + 88 1
31147.000 # 1500
31147.000 # 1500
31147.000 # 1500
31147.000 # 1500
31147.000 # 1500
31147.774 - 88 6.565 1
31148.031 - 88 2.076 1
31148.493 + 88 1
31154.525 + 88 1
31158.450 + 88 1
31161.448 + 88 1
31163.414 + 88 1
31166.637 + 88 1
31173.088 + 88 1
31173.220 + 88 1
31174.000 # 1500
31174.000 # 1500
31174.000 # 1500
31174.000 # 1500
31174.000 # 1500
31174.000 # 1500
31174.000 # 1500
31174.000 # 1500
31174.000 # 1500
31175.000 # 1500
31175.000 # 1500
31175.000 # 1500
31175.000 # 1500
31175.000 # 1500
31175.000 # 1500
31175.000 # 1500
31175.000 # 1500
31175.214 - 88 26.721 1
31175.338 - 88 20.813 1
31175.385 - 88 16.935 1
31175.405 - 88 13.957 1
31175.419 - 88 12.005 1
31175.433 - 88 8.796 1
31175.447 - 88 2.359 1
31175.460 - 88 2.240 1
31176.000 # 1500
31177.172 + 88 1
31178.000 # 1500
31179.000 # 1500
31179.042 - 88 1.870 1
31180.000 # 1500
31181.404 + 88 1
31182.000 # 1500
31183.000 # 1500
31183.095 - 88 1.691 1
31184.000 # 1500
31186.000 # 1500
31187.000 # 1500
31188.344 + 88 1
31189.000 # 1500
31190.000 # 1500
31190.712 - 88 2.368 1
31192.000 # 1500
31193.000 # 1500
31194.000 # 1500
31199.586 + 88 1
31204.000 # 1500
31204.000 # 1500
31204.000 # 1500
31204.000 # 1500
31206.178 - 88 6.592 1
31208.995 + 88 1
31214.000 # 1500
31214.000 # 1500
31214.000 # 1500
31215.094 - 88 6.099 1
31215.199 + 88 1
31216.000 # 1500
31216.000 # 1500
31217.000 # 1500
31217.351 - 88 2.152 1
31217.616 + 88 1
31220.000 # 1500
31221.839 - 88 4.223 1
31223.766 + 88 1
31224.000 # 1500
31224.000 # 1500
31225.000 # 1500
31225.679 - 88 1.913 1
31225.934 + 88 1
31226.000 # 1500
31226.000 # 1500
31228.000 # 1500
31228.898 - 88 2.964 1
31228.953 + 88 1
31233.438 + 88 1
31237.000 # 1500
31238.000 # 1500
31238.320 - 88 9.367 1
31238.360 - 88 4.922 1
31238.609 + 88 1
31238.729 + 88 1
31239.000 # 1500
31239.000 # 1500
31239.419 + 88 1
31240.306 - 88 1.697 1
31240.334 - 88 1.605 1
31243.259 + 88 1
31244.000 # 1500
31244.000 # 1500
31245.182 - 88 5.763 1
31245.228 - 88 1.969 1
31245.672 + 88 1
31248.000 # 1500
31249.000 # 1500
31250.154 - 88 4.482 1
31251.000 # 1500
31254.000 # 1500
31255.000 # 1500
31256.000 # 1500
31257.000 # 1500
31258.889 + 88 1
31259.326 + 88 1
31260.000 # 1500
31260.692 - 88 1.803 1
31260.840 - 88 1.514 1
31261.000 # 1500
31262.000 # 1500
31265.000 # 1500
31266.000 # 1500
31266.788 + 88 1
31268.000 # 1500
31268.633 - 88 1.845 1
31269.000 # 1500
31272.000 # 1500
31275.000 # 1500
31275.000 # 1500
31276.427 + 88 1
31277.000 # 1500
31278.513 - 88 2.086 1
31279.000 # 1500
31281.000 # 1500
31281.376 + 88 1
31282.000 # 1500
31283.357 - 88 1.981 1
31284.000 # 1500
31286.000 # 1500
31286.237 + 88 1
31286.559 + 88 1
31287.000 # 1500
31288.052 - 88 1.815 1
31288.186 - 88 1.627 1
31290.000 # 1500
31291.000 # 1500
31292.000 # 1500
31293.000 # 1500
31294.000 # 1500
31296.000 # 1500
31297.227 + 88 1
31297.509 + 88 1
31298.000 # 1500
31299.000 # 1500
31299.335 - 88 2.108 1
31299.375 - 88 1.866 1
31300.000 # 1500
31300.950 + 88 1
31302.000 # 1500
31302.510 - 88 1.560 1
31304.000 # 1500
31304.091 + 88 1
31305.000 # 1500
31306.102 - 88 2.011 1
31306.370 + 88 1
31307.000 # 1500
31308.000 # 1500
31308.676 - 88 2.306 1
31310.000 # 1500
31311.000 # 1500
31312.011 + 88 1
31315.000 # 1500
31315.522 - 88 3.511 1
31316.000 # 1500
31317.000 # 1500
31320.556 + 88 1
31320.635 + 88 1
31327.000 # 1500
31327.000 # 1500
31327.000 # 1500
31327.000 # 1500
31327.000 # 1500
31328.190 + 88 1
31328.254 + 88 1
31328.702 - 88 8.146 1
31328.748 - 88 8.113 1
31331.000 # 1500
31332.000 # 1500
31332.459 - 88 4.269 1
31332.480 - 88 4.226 1
31332.708 + 88 1
31334.000 # 1500
31335.000 # 1500
31336.036 - 88 3.328 1
31338.000 # 1500
31339.000 # 1500
31340.000 # 1500
31340.259 + 88 1
31342.000 # 1500
31342.863 - 88 2.604 1
31344.000 # 1500
31346.000 # 1500
31347.000 # 1500
31348.000 # 1500
31350.000 # 1500
31350.644 + 88 1
31351.000 # 1500
31352.575 - 88 1.931 1
31352.834 + 88 1
31353.000 # 1500
31355.000 # 1500
31355.634 - 88 2.800 1
31356.000 # 1500
31357.000 # 1500
31357.477 + 88 1
31358.000 # 1500
31359.445 - 88 1.968 1
31360.000 # 1500
31362.000 # 1500
31364.000 # 1500
31365.000 # 1500
31365.531 + 88 1
31367.000 # 1500
31368.000 # 1500
31368.249 - 88 2.718 1
31370.000 # 1500
31371.000 # 1500
31372.000 # 1500
31373.000 # 1500
31376.000 # 1500
31376.000 # 1500
31377.000 # 1500
31378.000 # 1500
31380.000 # 1500
31380.120 + 88 1
31381.000 # 1500
31382.000 # 1500
31382.676 + 88 1
31382.890 - 88 2.770 1
31383.000 # 1500
31383.455 + 88 1
31383.767 - 88 1.091 1
31386.000 # 1500
31387.000 # 1500
31387.516 - 88 4.061 1
31388.000 # 1500
31388.438 + 88 1
31390.000 # 1500
31391.956 - 88 3.518 1
31392.000 # 1500
31392.347 + 88 1
31393.000 # 1500
31394.000 # 1500
31394.246 - 88 1.899 1
31396.000 # 1500
31396.218 + 88 1
31397.000 # 1500
31398.000 # 1500
31398.059 - 88 1.841 1
31400.000 # 1500
31401.000 # 1500
31401.064 + 88 1
31402.000 # 1500
31403.356 - 88 2.292 1
31404.000 # 1500
31405.180 + 88 1
31406.000 # 1500
31406.982 - 88 1.802 1
31408.000 # 1500
31408.859 + 88 1
31410.000 # 1500
31410.936 - 88 2.077 1
31411.000 # 1500
31412.000 # 1500
31413.000 # 1500
31413.283 + 88 1
31415.000 # 1500
31416.000 # 1500
31416.695 - 88 3.412 1
31418.000 # 1500
31418.000 # 1500
31419.000 # 1500
31420.000 # 1500
31422.000 # 1500
31424.000 # 1500
31425.000 # 1500
31426.000 # 1500
31427.000 # 1500
31428.000 # 1500
31455.000 # 1500
31455.000 # 1500
31455.000 # 1500
31455.000 # 1500
31455.000 # 1500
31456.000 # 1500
31456.000 # 1500
31456.000 # 1500
31456.000 # 1500
31456.000 # 1500
31456.000 # 1500
31456.000 # 1500
31456.000 # 1500
31456.000 # 1500
31456.000 # 1500
31457.000 # 1500
31457.000 # 1500
31458.000 # 1500
31459.000 # 1500
31460.000 # 1500
31460.995 + 88 1
31461.562 + 88 1
31461.702 + 88 1
31462.040 + 88 1
31462.405 + 88 1
31462.546 + 88 1
31465.339 + 88 1
31468.000 # 1500
31468.000 # 1500
31468.478 + 88 1
31468.991 - 88 7.996 1
31469.033 - 88 7.471 1
31469.105 - 88 7.403 1
31469.118 - 88 7.078 1
31469.127 - 88 6.722 1
31469.134 - 88 6.588 1
31469.140 - 88 3.801 1
31471.000 # 1500
31472.247 - 88 3.769 1
31473.965 + 88 1
31476.870 + 88 1
31481.911 + 88 1
31484.000 # 1500
31484.000 # 1500
31484.000 # 1500
31484.000 # 1500
31484.000 # 1500
31484.693 - 88 10.728 1
31484.716 - 88 7.846 1
31484.731 - 88 2.820 1
31485.000 # 1500
31485.000 # 1500
31485.000 # 1500
31485.000 # 1500
31485.264 + 88 1
31491.000 # 1500
31491.000 # 1500
31491.000 # 1500
31491.000 # 1500
31491.000 # 1500
31492.624 - 88 7.360 1
31493.000 # 1500
31493.000 # 1500
31495.000 # 1500
31495.000 # 1500
31496.000 # 1500
31497.000 # 1500
31498.000 # 1500
31499.000 # 1500
31501.000 # 1500
31502.779 + 88 1
31505.000 # 1500
31506.000 # 1500
31506.254 + 88 1
31506.624 - 88 3.845 1
31509.000 # 1500
31510.000 # 1500
31510.000 # 1500
31510.156 - 88 3.902 1
31511.000 # 1500
31513.000 # 1500
31514.000 # 1500
31515.000 # 1500
31516.000 # 1500
31518.000 # 1500
31519.000 # 1500
31519.021 + 88 1
31519.288 + 88 1
31520.000 # 1500
31520.722 - 88 1.701 1
31520.844 - 88 1.556 1
31521.000 # 1500
31523.000 # 1500
31525.795 + 88 1
31528.000 # 1500
31528.000 # 1500
31528.000 # 1500
31529.000 # 1500
31529.615 - 88 3.820 1
31530.043 + 88 1
31531.000 # 1500
31532.016 - 88 1.973 1
31533.000 # 1500
31541.544 + 88 1
31542.181 + 88 1
31544.000 # 1500
31544.000 # 1500
31544.000 # 1500
31544.688 - 88 3.144 1
31544.859 - 88 2.678 1
31545.000 # 1500
31546.000 # 1500
31546.704 + 88 1
31548.000 # 1500
31548.000 # 1500
31549.151 - 88 2.447 1
31550.000 # 1500
31551.000 # 1500
31551.508 + 88 1
31552.000 # 1500
31552.949 - 88 1.441 1
31556.101 + 88 1
31560.996 + 88 1
31561.000 # 1500
31561.000 # 1500
31561.154 - 88 5.053 1
31562.000 # 1500
31562.000 # 1500
31562.000 # 1500
31562.000 # 1500
31562.826 - 88 1.830 1
31563.286 + 88 1
31565.000 # 1500
31565.000 # 1500
31565.759 - 88 2.473 1
31566.000 # 1500
31566.439 + 88 1
31567.000 # 1500
31567.811 - 88 1.372 1
31568.000 # 1500
31572.000 # 1500
31573.000 # 1500
31573.000 # 1500
31574.670 + 88 1
31577.000 # 1500
31578.616 - 88 3.946 1
31579.000 # 1500
31579.160 + 88 1
31581.000 # 1500
31581.000 # 1500
31582.274 - 88 3.114 1
31583.000 # 1500
31584.000 # 1500
31586.513 + 88 1
31587.000 # 1500
31588.257 - 88 1.744 1
31589.000 # 1500
31589.000 # 1500
31590.000 # 1500
31591.332 + 88 1
31592.000 # 1500
31593.039 - 88 1.707 1
31595.000 # 1500
31596.356 + 88 1
31597.000 # 1500
31597.890 - 88 1.534 1
31600.191 + 88 1
31606.124 + 88 1
31611.052 + 88 1
31615.000 # 1500
31615.000 # 1500
31615.000 # 1500
31615.000 # 1500
31616.000 # 1500
31616.000 # 1500
31616.713 - 88 16.522 1
31616.833 - 88 10.709 1
31616.904 - 88 5.852 1
31620.000 # 1500
31621.000 # 1500
31626.000 # 1500
31626.000 # 1500
31629.246 + 88 1
31630.749 + 88 1
31631.000 # 1500
31632.893 + 88 1
31632.920 - 88 3.674 1
31633.093 - 88 2.344 1
31637.617 + 88 1
31640.631 + 88 1
31643.463 + 88 1
31644.000 # 1500
31644.000 # 1500
31644.000 # 1500
31644.000 # 1500
31644.000 # 1500
31645.255 - 88 12.362 1
31645.379 - 88 7.762 1
31645.449 - 88 4.818 1
31645.473 - 88 2.010 1
31647.366 + 88 1
31649.000 # 1500
31649.000 # 1500
31649.949 - 88 2.583 1
31650.000 # 1500
31650.000 # 1500
31650.000 # 1500
31650.150 + 88 1
31652.000 # 1500
31653.974 - 88 3.824 1
31654.000 # 1500
31657.000 # 1500
31659.000 # 1500
31660.000 # 1500
31662.000 # 1500
31663.000 # 1500
31665.000 # 1500
31667.000 # 1500
31668.401 + 88 1
31668.641 + 88 1
31669.000 # 1500
31670.549 - 88 2.148 1
31670.612 - 88 1.971 1
31671.000 # 1500
31672.458 + 88 1
31673.000 # 1500
31674.435 - 88 1.977 1
31675.000 # 1500
31676.000 # 1500
31678.000 # 1500
31681.000 # 1500
31681.780 + 88 1
31682.000 # 1500
31683.118 - 88 1.338 1
31684.000 # 1500
31684.567 + 88 1
31686.000 # 1500
31687.448 - 88 2.881 1
31688.000 # 1500
31689.000 # 1500
31689.046 + 88 1
31690.322 + 88 1
31691.000 # 1500
31692.064 - 88 3.018 1
31692.090 - 88 1.768 1
31693.000 # 1500
31695.000 # 1500
31697.825 + 88 1
31698.000 # 1500
31698.507 + 88 1
31699.000 # 1500
31700.000 # 1500
31700.792 - 88 2.967 1
31700.837 - 88 2.330 1
31702.000 # 1500
31703.013 + 88 1
31705.000 # 1500
31705.864 - 88 2.851 1
31706.000 # 1500
31707.819 + 88 1
31708.000 # 1500
31708.228 - 88 0.409 1
31710.900 + 88 1
31713.000 # 1500
31713.587 - 88 2.687 1
31714.000 # 1500
31714.037 + 88 1
31716.000 # 1500
31716.804 + 88 1
31716.907 - 88 2.870 1
31720.000 # 1500
31720.292 - 88 3.488 1
31720.808 + 88 1
31721.000 # 1500
31722.250 - 88 1.442 1
31723.000 # 1500
31724.565 + 88 1
31725.000 # 1500
31726.221 - 88 1.656 1
31727.000 # 1500
31730.000 # 1500
31730.246 + 88 1
31733.000 # 1500
31734.097 - 88 3.851 1
31735.000 # 1500
31737.000 # 1500
31739.000 # 1500
31741.000 # 1500
31744.000 # 1500
31744.025 + 88 1
31746.000 # 1500
31746.805 - 88 2.780 1
31747.000 # 1500
31747.097 + 88 1
31747.359 + 88 1
31748.000 # 1500
31748.636 - 88 1.539 1
31748.682 - 88 1.323 1
31751.000 # 1500
31753.000 # 1500
31754.000 # 1500
31754.911 + 88 1
31756.000 # 1500
31756.612 - 88 1.701 1
31756.906 + 88 1
31759.000 # 1500
31759.379 - 88 2.473 1
31761.000 # 1500
31762.000 # 1500
31764.000 # 1500
31764.751 + 88 1
31765.000 # 1500
31766.279 - 88 1.528 1
31767.000 # 1500
31777.547 + 88 1
31779.000 # 1500
31779.000 # 1500
31780.000 # 1500
31780.479 - 88 2.932 1
31784.000 # 1500
31784.000 # 1500
31788.057 + 88 1
31791.674 + 88 1
31793.000 # 1500
31793.644 + 88 1
31793.791 - 88 5.734 1
31793.830 - 88 2.156 1
31794.000 # 1500
31794.000 # 1500
31794.000 # 1500
31796.237 - 88 2.593 1
31797.596 + 88 1
31802.000 # 1500
31802.000 # 1500
31802.000 # 1500
31803.000 # 1500
31803.411 - 88 5.815 1
31806.000 # 1500
31806.612 + 88 1
31809.000 # 1500
31809.728 + 88 1
31809.977 - 88 3.365 1
31811.000 # 1500
31812.654 + 88 1
31812.870 - 88 3.142 1
31814.000 # 1500
31815.126 - 88 2.472 1
31816.000 # 1500
31817.041 + 88 1
31818.000 # 1500
31818.926 - 88 1.885 1
31819.672 + 88 1
31821.000 # 1500
31823.000 # 1500
31823.451 - 88 3.779 1
31823.610 + 88 1
31826.000 # 1500
31826.804 + 88 1
31827.071 - 88 3.461 1
31829.000 # 1500
31830.129 + 88 1
31830.281 - 88 3.477 1
31831.000 # 1500
31832.272 - 88 2.143 1
31833.000 # 1500
31833.053 + 88 1
31837.000 # 1500
31837.557 - 88 4.504 1
31838.504 + 88 1
31838.693 + 88 1
31839.000 # 1500
31840.000 # 1500
31840.800 - 88 2.296 1
31840.837 - 88 2.144 1
31842.729 + 88 1
31843.000 # 1500
31843.321 - 88 0.592 1
31844.716 + 88 1
31848.000 # 1500
31848.606 + 88 1
31848.872 - 88 4.156 1
31850.000 # 1500
31851.199 - 88 2.593 1
31853.000 # 1500
31855.000 # 1500
31857.000 # 1500
31857.776 + 88 1
31859.000 # 1500
31861.116 - 88 3.340 1
31862.000 # 1500
31863.000 # 1500
31864.000 # 1500
31868.775 + 88 1
31869.202 + 88 1
31869.286 + 88 1
31871.342 + 88 1
31872.000 # 1500
31872.000 # 1500
31872.962 - 88 4.187 1
31873.000 # 1500
31873.030 - 88 3.828 1
31873.049 - 88 3.763 1
31873.059 - 88 1.717 1
31876.000 # 1500
31876.034 + 88 1
31877.881 + 88 1
31878.000 # 1500
31878.194 - 88 2.160 1
31878.215 - 88 0.334 1
31881.438 + 88 1
31882.616 + 88 1
31884.000 # 1500
31885.000 # 1500
31885.281 - 88 3.843 1
31885.295 - 88 2.679 1
31885.487 + 88 1
31886.000 # 1500
31887.350 - 88 1.863 1
31888.000 # 1500
31888.281 + 88 1
31890.000 # 1500
31891.285 - 88 3.004 1
31891.287 + 88 1
31892.000 # 1500
31893.071 - 88 1.784 1
31894.000 # 1500
31895.364 + 88 1
31896.000 # 1500
31897.002 - 88 1.638 1
31898.000 # 1500
31899.110 + 88 1
31902.997 + 88 1
31903.000 # 1500
31903.113 - 88 4.003 1
31904.292 + 88 1
31906.000 # 1500
31906.699 - 88 3.702 1
31906.726 - 88 2.434 1
31908.196 + 88 1
31912.224 + 88 1
31913.000 # 1500
31913.713 - 88 5.517 1
31914.057 - 88 1.833 1
31915.751 + 88 1
31916.000 # 1500
31916.000 # 1500
31917.853 + 88 1
31917.963 - 88 2.212 1
31918.000 # 1500
31919.496 - 88 1.643 1
31920.000 # 1500
31920.483 + 88 1
31923.000 # 1500
31923.215 + 88 1
31923.326 - 88 2.843 1
31924.000 # 1500
31925.281 - 88 2.066 1
31926.000 # 1500
31927.000 # 1500
31929.000 # 1500
31929.366 + 88 1
31929.407 + 88 1
31932.000 # 1500
31933.000 # 1500
31933.252 - 88 3.886 1
31933.278 - 88 3.871 1
31933.447 + 88 1
31935.000 # 1500
31936.000 # 1500
31936.109 - 88 2.662 1
31936.638 + 88 1
31940.072 + 88 1
31941.000 # 1500
31941.000 # 1500
31942.014 - 88 5.376 1
31942.035 - 88 1.963 1
31943.000 # 1500
31945.000 # 1500
31948.000 # 1500
31949.000 # 1500
31952.852 + 88 1
31953.117 + 88 1
31955.283 + 88 1
31959.537 + 88 1
31960.000 # 1500
31961.504 - 88 8.652 1
31961.526 - 88 8.409 1
31961.535 - 88 6.252 1
31961.542 - 88 2.005 1
31963.197 + 88 1
31964.000 # 1500
31964.000 # 1500
31964.000 # 1500
31965.540 - 88 2.343 1
31967.485 + 88 1
31970.365 + 88 1
31971.000 # 1500
31971.000 # 1500
31971.000 # 1500
31971.000 # 1500
31972.336 - 88 4.851 1
31972.351 - 88 1.986 1
31973.000 # 1500
31975.000 # 1500
31975.476 + 88 1
31980.000 # 1500
31980.000 # 1500
31981.094 - 88 5.618 1
31981.301 + 88 1
31982.000 # 1500
31983.365 - 88 2.064 1
31991.837 + 88 1
31992.000 # 1500
31992.000 # 1500
31992.000 # 1500
31992.000 # 1500
31993.918 + 88 1
31993.959 + 88 1
31994.131 - 88 2.294 1
31997.786 + 88 1
31998.000 # 1500
31998.000 # 1500
31998.000 # 1500
31998.456 - 88 4.538 1
31998.482 - 88 4.523 1
31998.490 - 88 0.704 1
31999.669 + 88 1
32003.912 + 88 1
32004.378 + 88 1
32006.636 + 88 1
32009.000 # 1500
32009.000 # 1500
32009.000 # 1500
32009.000 # 1500
32009.000 # 1500
32010.571 - 88 10.902 1
32010.594 - 88 6.682 1
32010.602 - 88 6.224 1
32010.611 - 88 3.975 1
32012.000 # 1500
32013.000 # 1500
32014.305 + 88 1
32015.000 # 1500
32016.157 - 88 1.852 1
32018.000 # 1500
32020.000 # 1500
32021.000 # 1500
32022.373 + 88 1
32024.000 # 1500
32024.917 - 88 2.544 1
32026.000 # 1500
32028.000 # 1500
32028.015 + 88 1
32029.000 # 1500
32030.001 - 88 1.986 1
32031.190 + 88 1
32032.000 # 1500
32033.230 - 88 2.040 1
32034.000 # 1500
32034.769 + 88 1
32035.000 # 1500
32036.693 - 88 1.924 1
32037.000 # 1500
32040.000 # 1500
32042.000 # 1500
32043.000 # 1500
32044.000 # 1500
32046.000 # 1500
32049.000 # 1500
32049.665 + 88 1
32051.000 # 1500
32051.368 + 88 1
32051.651 - 88 1.986 1
32054.418 + 88 1
32056.000 # 1500
32057.000 # 1500
32057.171 - 88 5.803 1
32057.188 - 88 2.770 1
32059.000 # 1500
32060.000 # 1500
32062.000 # 1500
32063.788 + 88 1
32065.000 # 1500
32067.088 - 88 3.300 1
32067.744 + 88 1
32068.177 + 88 1
32070.000 # 1500
32071.278 - 88 3.534 1
32071.301 - 88 3.124 1
32073.000 # 1500
32075.000 # 1500
32078.036 + 88 1
32080.000 # 1500
32080.612 - 88 2.576 1
32081.000 # 1500
32081.509 + 88 1
32083.000 # 1500
32084.654 - 88 3.145 1
32085.000 # 1500
32085.350 + 88 1
32088.000 # 1500
32089.000 # 1500
32089.432 - 88 4.082 1
32091.000 # 1500
32092.000 # 1500
32094.558 + 88 1
32097.000 # 1500
32097.593 + 88 1
32097.963 - 88 3.405 1
32098.000 # 1500
32099.163 - 88 1.570 1
32100.000 # 1500
32102.000 # 1500
32103.207 + 88 1
32104.000 # 1500
32105.056 - 88 1.849 1
32106.000 # 1500
32106.016 + 88 1
32108.000 # 1500
32109.035 - 88 3.019 1
32110.047 + 88 1
32110.414 + 88 1
32111.000 # 1500
32112.000 # 1500
32112.337 - 88 2.290 1
32112.363 - 88 1.949 1
32113.000 # 1500
32113.924 + 88 1
32115.000 # 1500
32115.907 - 88 1.983 1
32124.000 # 1500
32124.000 # 1500
32124.000 # 1500
32124.611 + 88 1
32124.974 + 88 1
32132.000 # 1500
32132.000 # 1500
32132.000 # 1500
32132.560 + 88 1
32132.931 - 88 8.320 1
32133.024 - 88 8.050 1
32141.162 + 88 1
32142.000 # 1500
32143.000 # 1500
32143.000 # 1500
32143.000 # 1500
32143.203 - 88 10.643 1
32143.300 - 88 2.138 1
32145.013 + 88 1
32150.000 # 1500
32151.259 + 88 1
32151.524 - 88 6.511 1
32152.913 + 88 1
32162.752 + 88 1
32170.541 + 88 1
32178.335 + 88 1
32184.229 + 88 1
32184.578 + 88 1
32189.065 + 88 1
32192.947 + 88 1
32197.799 + 88 1
32202.695 + 88 1
32205.000 # 1500
32205.000 # 1500
32205.000 # 1500
32205.000 # 1500
32205.000 # 1500
32205.000 # 1500
32205.000 # 1500
32205.000 # 1500
32205.000 # 1500
32205.000 # 1500
32205.000 # 1500
32205.000 # 1500
32205.000 # 1500
32205.000 # 1500
32205.000 # 1500
32205.000 # 1500
32206.000 # 1500
32206.000 # 1500
32206.000 # 1500
32206.000 # 1500
32206.000 # 1500
32206.000 # 1500
32206.000 # 1500
32206.000 # 1500
32206.000 # 1500
32206.000 # 1500
32206.000 # 1500
32206.786 - 88 55.527 1
32206.834 - 88 53.921 1
32206.852 - 88 44.100 1
32206.861 - 88 36.320 1
32206.868 - 88 28.533 1
32206.874 - 88 22.645 1
32206.881 - 88 22.303 1
32206.887 - 88 17.822 1
32206.893 - 88 13.946 1
32206.899 - 88 9.100 1
32206.906 - 88 4.211 1
32207.000 # 1500
32207.000 # 1500
32207.000 # 1500
32207.000 # 1500
32207.000 # 1500
32207.000 # 1500
32207.084 + 88 1
32208.000 # 1500
32209.436 - 88 2.352 1
32210.000 # 1500
32211.607 + 88 1
32212.000 # 1500
32212.210 - 88 0.603 1
32214.000 # 1500
32216.000 # 1500
32220.000 # 1500
32220.653 + 88 1
32222.000 # 1500
32222.664 - 88 2.011 1
32223.000 # 1500
32225.000 # 1500
32227.000 # 1500
32229.000 # 1500
32229.090 + 88 1
32231.000 # 1500
32232.302 - 88 3.212 1
32232.521 + 88 1
32233.000 # 1500
32233.946 + 88 1
32234.380 - 88 1.859 1
32235.000 # 1500
32236.350 - 88 2.404 1
32237.000 # 1500
32237.985 + 88 1
32239.000 # 1500
32239.859 - 88 1.874 1
32241.000 # 1500
32241.790 + 88 1
32243.000 # 1500
32243.669 - 88 1.879 1
32244.000 # 1500
32247.000 # 1500
32249.000 # 1500
32251.000 # 1500
32252.000 # 1500
32253.018 + 88 1
32253.319 + 88 1
32255.000 # 1500
32256.000 # 1500
32256.071 - 88 3.053 1
32256.085 - 88 2.766 1
32259.000 # 1500
32261.000 # 1500
32261.265 + 88 1
32263.000 # 1500
32264.265 - 88 3.000 1
32265.000 # 1500
32267.604 + 88 1
32268.000 # 1500
32268.000 # 1500
32269.172 - 88 1.568 1
32270.000 # 1500
32272.000 # 1500
32274.000 # 1500
32276.000 # 1500
32276.000 # 1500
32278.000 # 1500
32280.000 # 1500
32281.000 # 1500
32281.138 + 88 1
32284.175 + 88 1
32284.302 + 88 1
32288.010 + 88 1
32292.000 # 1500
32292.000 # 1500
32292.782 - 88 11.644 1
32292.805 - 88 8.630 1
32292.813 - 88 8.511 1
32292.820 - 88 4.810 1
32293.000 # 1500
32293.469 + 88 1
32295.000 # 1500
32296.825 - 88 3.356 1
32296.918 + 88 1
32298.000 # 1500
32298.000 # 1500
32298.446 - 88 1.528 1
32301.275 + 88 1
32307.298 + 88 1
32310.000 # 1500
32310.000 # 1500
32310.248 + 88 1
32310.661 - 88 9.386 1
32310.681 - 88 3.383 1
32313.450 + 88 1
32318.698 + 88 1
32322.449 + 88 1
32324.000 # 1500
32325.582 - 88 15.334 1
32325.609 - 88 12.159 1
32325.619 - 88 6.921 1
32325.625 - 88 3.176 1
32326.000 # 1500
32326.000 # 1500
32326.000 # 1500
32326.995 + 88 1
32327.000 # 1500
32327.000 # 1500
32330.978 + 88 1
32334.000 # 1500
32335.000 # 1500
32335.000 # 1500
32335.769 - 88 8.774 1
32335.791 - 88 4.813 1
32337.000 # 1500
32339.000 # 1500
32342.000 # 1500
32342.527 + 88 1
32342.865 + 88 1
32343.000 # 1500
32343.296 - 88 0.769 1
32346.000 # 1500
32347.000 # 1500
32347.028 - 88 4.163 1
32349.000 # 1500
32349.074 + 88 1
32350.572 + 88 1
32351.000 # 1500
32352.467 - 88 3.393 1
32352.538 - 88 1.966 1
32354.000 # 1500
32354.754 + 88 1
32355.000 # 1500
32356.000 # 1500
32356.335 - 88 1.581 1
32358.370 + 88 1
32360.000 # 1500
32361.000 # 1500
32361.116 - 88 2.746 1
32362.471 + 88 1
32363.000 # 1500
32364.022 - 88 1.551 1
32365.000 # 1500
32368.052 + 88 1
32370.000 # 1500
32370.830 - 88 2.778 1
32370.923 + 88 1
32371.000 # 1500
32373.000 # 1500
32373.691 - 88 2.768 1
32376.000 # 1500
32380.640 + 88 1
32380.931 + 88 1
32384.230 + 88 1
32385.881 + 88 1
32386.000 # 1500
32386.196 - 88 5.556 1
32386.226 - 88 5.295 1
32386.270 - 88 2.040 1
32389.000 # 1500
32389.000 # 1500
32389.000 # 1500
32389.760 - 88 3.879 1
32390.000 # 1500
32390.124 + 88 1
32392.000 # 1500
32392.547 - 88 2.423 1
32392.726 + 88 1
32395.000 # 1500
32395.627 - 88 2.901 1
32396.000 # 1500
32398.000 # 1500
32398.629 + 88 1
32400.720 + 88 1
32402.000 # 1500
32402.570 - 88 3.941 1
32402.649 - 88 1.929 1
32404.000 # 1500
32405.555 + 88 1
32409.310 + 88 1
32415.000 # 1500
32415.000 # 1500
32415.000 # 1500
32415.000 # 1500
32415.000 # 1500
32415.370 + 88 1
32415.697 - 88 10.142 1
32415.756 - 88 6.446 1
32418.000 # 1500
32418.574 + 88 1
32418.971 - 88 3.601 1
32420.000 # 1500
32420.157 - 88 1.583 1
32421.430 + 88 1
32423.000 # 1500
32424.000 # 1500
32424.777 - 88 3.347 1
32425.000 # 1500
32426.325 + 88 1
32427.000 # 1500
32428.008 - 88 1.683 1
32429.000 # 1500
32430.226 + 88 1
32432.000 # 1500
32433.000 # 1500
32433.941 - 88 3.715 1
32434.271 + 88 1
32435.000 # 1500
32435.761 - 88 1.490 1
32437.000 # 1500
32438.000 # 1500
32440.000 # 1500
32442.000 # 1500
32444.000 # 1500
32445.006 + 88 1
32445.147 + 88 1
32448.000 # 1500
32448.495 - 88 3.489 1
32448.639 - 88 3.492 1
32449.000 # 1500
32450.000 # 1500
32450.820 + 88 1
32451.186 + 88 1
32452.000 # 1500
32453.359 - 88 2.539 1
32453.435 - 88 2.249 1
32455.000 # 1500
32457.000 # 1500
32458.000 # 1500
32459.000 # 1500
32461.000 # 1500
32461.790 + 88 1
32464.000 # 1500
32465.083 - 88 3.293 1
32465.796 + 88 1
32467.000 # 1500
32467.466 - 88 1.670 1
32470.000 # 1500
32471.000 # 1500
32471.363 + 88 1
32474.000 # 1500
32475.815 - 88 4.452 1
32476.000 # 1500
32476.631 + 88 1
32477.000 # 1500
32478.786 - 88 2.155 1
32479.000 # 1500
32481.000 # 1500
32481.315 + 88 1
32483.000 # 1500
32484.625 - 88 3.310 1
32485.000 # 1500
32485.092 + 88 1
32489.530 + 88 1
32494.468 + 88 1
32496.000 # 1500
32496.000 # 1500
32496.933 - 88 11.841 1
32496.961 - 88 7.431 1
32497.115 - 88 2.647 1
32497.324 + 88 1
32499.000 # 1500
32499.000 # 1500
32500.497 - 88 3.173 1
32510.113 + 88 1
32510.335 + 88 1
32513.000 # 1500
32513.000 # 1500
32513.893 - 88 3.780 1
32514.000 # 1500
32514.000 # 1500
32514.000 # 1500
32514.017 - 88 3.682 1
32517.000 # 1500
32518.837 + 88 1
32519.000 # 1500
32519.110 - 88 0.273 1
32522.000 # 1500
32524.000 # 1500
32526.000 # 1500
32531.629 + 88 1
32536.493 + 88 1
32538.000 # 1500
32538.000 # 1500
32538.000 # 1500
32538.000 # 1500
32539.291 - 88 7.662 1
32539.413 - 88 2.920 1
32540.000 # 1500
32541.363 + 88 1
32542.000 # 1500
32543.182 - 88 1.819 1
32545.000 # 1500
32547.000 # 1500
32549.000 # 1500
32551.000 # 1500
32552.468 + 88 1
32553.000 # 1500
32553.975 - 88 1.507 1
32554.000 # 1500
32556.000 # 1500
32559.000 # 1500
32561.000 # 1500
32562.000 # 1500
32563.861 + 88 1
32564.000 # 1500
32566.000 # 1500
32567.633 - 88 3.772 1
32567.968 + 88 1
32568.000 # 1500
32568.229 + 88 1
32571.000 # 1500
32571.680 - 88 3.712 1
32571.707 - 88 3.478 1
32572.000 # 1500
32573.000 # 1500
32573.954 + 88 1
32575.000 # 1500
32575.619 - 88 1.665 1
32577.000 # 1500
32579.000 # 1500
32579.461 + 88 1
32581.000 # 1500
32582.411 - 88 2.950 1
32582.858 + 88 1
32583.000 # 1500
32585.000 # 1500
32586.190 - 88 3.332 1
32587.000 # 1500
32590.213 + 88 1
32596.000 # 1500
32596.000 # 1500
32596.087 + 88 1
32596.414 - 88 6.201 1
32597.000 # 1500
32597.000 # 1500
32597.000 # 1500
32598.028 - 88 1.941 1
32598.636 + 88 1
32600.000 # 1500
32602.000 # 1500
32602.723 - 88 4.087 1
32602.855 + 88 1
32604.000 # 1500
32604.519 - 88 1.664 1
32605.000 # 1500
32607.000 # 1500
32609.000 # 1500
32613.000 # 1500
32615.000 # 1500
32616.445 + 88 1
32617.000 # 1500
32618.115 - 88 1.670 1
32618.482 + 88 1
32619.000 # 1500
32620.065 - 88 1.583 1
32620.709 + 88 1
32621.000 # 1500
32622.000 # 1500
32622.636 - 88 1.927 1
32624.000 # 1500
32626.000 # 1500
32628.000 # 1500
32630.000 # 1500
32630.951 + 88 1
32631.272 + 88 1
32633.000 # 1500
32633.746 - 88 2.795 1
32633.849 - 88 2.577 1
32634.000 # 1500
32635.000 # 1500
32637.000 # 1500
32639.000 # 1500
32641.906 + 88 1
32642.000 # 1500
32643.000 # 1500
32643.635 + 88 1
32644.100 - 88 2.194 1
32645.000 # 1500
32645.596 - 88 1.961 1
32646.000 # 1500
32648.000 # 1500
32650.000 # 1500
32653.000 # 1500
32653.436 + 88 1
32653.791 + 88 1
32655.000 # 1500
32656.412 - 88 2.976 1
32656.596 - 88 2.805 1
32657.000 # 1500
32658.772 + 88 1
32659.000 # 1500
32659.098 - 88 0.326 1
32662.000 # 1500
32664.000 # 1500
32664.238 + 88 1
32667.000 # 1500
32668.021 - 88 3.783 1
32668.672 + 88 1
32670.000 # 1500
32670.899 - 88 2.227 1
32671.000 # 1500
32674.894 + 88 1
32675.000 # 1500
32675.000 # 1500
32681.740 + 88 1
32682.000 # 1500
32682.056 - 88 7.162 1
32682.113 - 88 0.373 1
32683.000 # 1500
32686.000 # 1500
32687.000 # 1500
32688.000 # 1500
32691.000 # 1500
32693.000 # 1500
32694.496 + 88 1
32694.622 + 88 1
32696.000 # 1500
32696.456 + 88 1
32696.773 - 88 2.277 1
32696.930 - 88 2.308 1
32698.000 # 1500
32699.294 - 88 2.838 1
32699.757 + 88 1
32700.000 # 1500
32700.048 - 88 0.291 1
32702.000 # 1500
32703.662 + 88 1
32705.000 # 1500
32706.609 - 88 2.947 1
32707.000 # 1500
32708.281 + 88 1
32709.000 # 1500
32710.000 # 1500
32710.528 - 88 2.247 1
32721.000 # 1500
32721.000 # 1500
32721.000 # 1500
32721.166 + 88 1
32721.443 + 88 1
32724.000 # 1500
32724.000 # 1500
32727.038 - 88 5.872 1
32727.080 - 88 5.637 1
32727.443 + 88 1
32730.000 # 1500
32730.000 # 1500
32731.901 - 88 4.458 1
32732.935 + 88 1
32733.000 # 1500
32733.000 # 1500
32733.000 # 1500
32734.000 # 1500
32734.978 - 88 2.043 1
32736.887 + 88 1
32737.000 # 1500
32739.000 # 1500
32740.204 - 88 3.317 1
32743.694 + 88 1
32748.000 # 1500
32748.000 # 1500
32748.000 # 1500
32748.000 # 1500
32749.000 # 1500
32749.445 - 88 5.751 1
32752.411 + 88 1
32753.000 # 1500
32753.000 # 1500
32754.396 - 88 1.985 1
32755.000 # 1500
32757.000 # 1500
32760.000 # 1500
32761.000 # 1500
32763.000 # 1500
32764.000 # 1500
32766.000 # 1500
32769.000 # 1500
32769.213 + 88 1
32770.000 # 1500
32770.961 - 88 1.748 1
32771.000 # 1500
32775.000 # 1500
32777.000 # 1500
32778.000 # 1500
32779.000 # 1500
32781.000 # 1500
32784.000 # 1500
32785.000 # 1500
32785.656 + 88 1
32787.000 # 1500
32788.509 - 88 2.853 1
32789.071 + 88 1
32790.000 # 1500
32791.000 # 1500
32791.516 - 88 2.445 1
32793.000 # 1500
32793.282 + 88 1
32795.000 # 1500
32796.000 # 1500
32796.304 - 88 3.022 1
32799.000 # 1500
32800.000 # 1500
32803.000 # 1500
32803.460 + 88 1
32804.000 # 1500
32804.187 - 88 0.727 1
32808.503 + 88 1
32811.000 # 1500
32811.000 # 1500
32811.000 # 1500
32813.501 - 88 4.998 1
32813.825 + 88 1
32814.000 # 1500
32816.000 # 1500
32817.374 - 88 3.549 1
32817.715 + 88 1
32818.000 # 1500
32819.512 - 88 1.797 1
32821.000 # 1500
32822.000 # 1500
32822.570 + 88 1
32825.000 # 1500
32826.168 - 88 3.598 1
32827.000 # 1500
32828.473 + 88 1
32829.000 # 1500
32830.042 - 88 1.569 1
32831.000 # 1500
32833.000 # 1500
32835.000 # 1500
32836.000 # 1500
32839.000 # 1500
32840.000 # 1500
32842.000 # 1500
32842.141 + 88 1
32845.000 # 1500
32845.049 + 88 1
32845.430 - 88 3.289 1
32853.879 + 88 1
32856.000 # 1500
32856.000 # 1500
32856.000 # 1500
32858.698 - 88 13.649 1
32858.792 - 88 4.913 1
32859.286 + 88 1
32863.000 # 1500
32863.000 # 1500
32864.000 # 1500
32864.579 - 88 5.293 1
32865.000 # 1500
32865.000 # 1500
32868.333 + 88 1
32876.000 # 1500
32876.000 # 1500
32878.148 - 88 9.815 1
32880.000 # 1500
32880.000 # 1500
32880.000 # 1500
32880.000 # 1500
32881.000 # 1500
32881.361 + 88 1
32884.000 # 1500
32885.000 # 1500
32885.003 - 88 3.642 1
32887.000 # 1500
32887.215 + 88 1
32890.846 + 88 1
32896.000 # 1500
32896.000 # 1500
32896.000 # 1500
32896.783 - 88 9.568 1
32896.925 - 88 6.079 1
32904.000 # 1500
32904.000 # 1500
32904.525 + 88 1
32908.000 # 1500
32908.000 # 1500
32908.000 # 1500
32909.679 - 88 5.154 1
32909.752 + 88 1
32910.193 + 88 1
32915.000 # 1500
32915.239 + 88 1
32915.658 - 88 5.906 1
32915.753 - 88 5.560 1
32916.000 # 1500
32916.000 # 1500
32917.229 - 88 1.990 1
32921.066 + 88 1
32924.000 # 1500
32924.000 # 1500
32924.000 # 1500
32925.000 # 1500
32925.000 # 1500
32925.086 - 88 4.020 1
32926.962 + 88 1
32927.000 # 1500
32931.806 + 88 1
32937.659 + 88 1
32942.524 + 88 1
32946.540 + 88 1
32948.000 # 1500
32948.000 # 1500
32948.000 # 1500
32948.000 # 1500
32948.000 # 1500
32948.000 # 1500
32949.000 # 1500
32949.000 # 1500
32949.465 - 88 22.503 1
32949.487 - 88 17.681 1
32949.495 - 88 11.836 1
32949.502 - 88 6.978 1
32949.508 - 88 2.968 1
32953.000 # 1500
32953.000 # 1500
32953.000 # 1500
32954.000 # 1500
32956.257 + 88 1
32956.683 + 88 1
32962.054 + 88 1
32964.000 # 1500
32964.000 # 1500
32964.000 # 1500
32965.000 # 1500
32965.000 # 1500
32965.163 - 88 8.906 1
32965.278 - 88 8.595 1
32965.357 - 88 3.303 1
32966.000 # 1500
32967.441 + 88 1
32970.000 # 1500
32970.981 - 88 3.540 1
32971.245 + 88 1
32972.000 # 1500
32972.788 - 88 1.543 1
32973.000 # 1500
32975.000 # 1500
32977.000 # 1500
32978.277 + 88 1
32980.000 # 1500
32980.000 # 1500
32981.638 - 88 3.361 1
32984.000 # 1500
32986.000 # 1500
32986.677 + 88 1
32987.000 # 1500
32988.509 - 88 1.832 1
32989.000 # 1500
32996.384 + 88 1
32998.345 + 88 1
33001.000 # 1500
33002.000 # 1500
33002.000 # 1500
33002.000 # 1500
33002.000 # 1500
33003.000 # 1500
33003.224 - 88 6.840 1
33003.263 - 88 4.918 1
33005.000 # 1500
33006.000 # 1500
33008.000 # 1500
33012.423 + 88 1
33013.000 # 1500
33014.859 - 88 2.436 1
33015.000 # 1500
33018.000 # 1500
33019.000 # 1500
33021.000 # 1500
33021.073 + 88 1
33023.000 # 1500
33024.345 - 88 3.272 1
33034.000 # 1500
33034.000 # 1500
33034.000 # 1500
33034.000 # 1500
33034.461 + 88 1
33035.000 # 1500
33036.000 # 1500
33036.301 - 88 1.840 1
33040.357 + 88 1
33041.000 # 1500
33042.000 # 1500
33042.552 - 88 2.195 1
33045.000 # 1500
33046.211 + 88 1
33048.000 # 1500
33049.000 - 88 2.789 1
33050.000 # 1500
33051.000 # 1500
33054.332 + 88 1
33059.842 + 88 1
33064.000 # 1500
33064.000 # 1500
33064.000 # 1500
33065.000 # 1500
33065.000 # 1500
33065.634 - 88 11.302 1
33065.676 - 88 5.834 1
33068.926 + 88 1
33075.000 # 1500
33075.000 # 1500
33075.000 # 1500
33075.000 # 1500
33075.000 # 1500
33076.000 # 1500
33076.467 - 88 7.541 1
33079.000 # 1500
33081.000 # 1500
33081.263 + 88 1
33081.475 + 88 1
33082.000 # 1500
33083.656 - 88 2.393 1
33083.695 - 88 2.220 1
33084.000 # 1500
33086.000 # 1500
33087.350 + 88 1
33088.000 # 1500
33089.135 - 88 1.785 1
33090.000 # 1500
33090.545 + 88 1
33092.000 # 1500
33092.940 - 88 2.395 1
33095.000 # 1500
33096.000 # 1500
33097.155 + 88 1
33102.814 + 88 1
33107.000 # 1500
33107.000 # 1500
33107.000 # 1500
33107.000 # 1500
33108.588 + 88 1
33108.926 - 88 11.771 1
33109.019 - 88 6.205 1
33114.556 + 88 1
33116.000 # 1500
33116.000 # 1500
33116.000 # 1500
33116.000 # 1500
33118.000 # 1500
33118.336 - 88 9.748 1
33118.428 - 88 3.872 1
33121.574 + 88 1
33122.000 # 1500
33123.000 # 1500
33123.264 - 88 1.690 1
33125.000 # 1500
33127.000 # 1500
33129.000 # 1500
33129.219 + 88 1
33131.000 # 1500
33132.042 - 88 2.823 1
33133.000 # 1500
33136.000 # 1500
33136.000 # 1500
33138.000 # 1500
33138.139 + 88 1
33140.000 # 1500
33140.827 - 88 2.688 1
33143.000 # 1500
33144.000 # 1500
33144.189 + 88 1
33148.000 # 1500
33148.785 - 88 4.596 1
33156.963 + 88 1
33163.607 + 88 1
33165.000 # 1500
33165.000 # 1500
33165.000 # 1500
33165.000 # 1500
33165.000 # 1500
33166.000 # 1500
33166.496 - 88 9.533 1
33166.589 - 88 2.982 1
33170.408 + 88 1
33171.000 # 1500
33171.000 # 1500
33171.000 # 1500
33172.600 - 88 2.192 1
33173.000 # 1500
33177.159 + 88 1
33184.000 # 1500
33184.000 # 1500
33184.000 # 1500
33184.068 + 88 1
33184.384 - 88 7.225 1
33188.000 # 1500
33189.000 # 1500
33189.000 # 1500
33189.955 - 88 5.887 1
33190.000 # 1500
33190.341 + 88 1
33192.000 # 1500
33193.831 - 88 3.490 1
33194.000 # 1500
33199.784 + 88 1
33201.612 + 88 1
33205.000 # 1500
33205.000 # 1500
33205.000 # 1500
33205.000 # 1500
33205.000 # 1500
33206.000 # 1500
33206.493 - 88 6.709 1
33206.590 - 88 4.978 1
33206.992 + 88 1
33208.000 # 1500
33208.626 - 88 1.634 1
33210.000 # 1500
33212.000 # 1500
33212.565 + 88 1
33214.000 # 1500
33215.603 - 88 3.038 1
33216.000 # 1500
33218.000 # 1500
33220.000 # 1500
33222.000 # 1500
33224.000 # 1500
33226.000 # 1500
33228.000 # 1500
33228.173 + 88 1
33228.318 + 88 1
33229.000 # 1500
33230.036 - 88 1.863 1
33230.130 - 88 1.812 1
33232.000 # 1500
33233.000 # 1500
33235.000 # 1500
33237.000 # 1500
33237.748 + 88 1
33239.000 # 1500
33240.300 - 88 2.552 1
33241.000 # 1500
33243.000 # 1500
33244.005 + 88 1
33254.000 # 1500
33254.278 + 88 1
33254.894 - 88 10.889 1
33270.888 + 88 1
33272.000 # 1500
33272.000 # 1500
33272.000 # 1500
33272.000 # 1500
33272.000 # 1500
33272.000 # 1500
33272.000 # 1500
33272.947 - 88 18.669 1
33273.000 # 1500
33273.000 # 1500
33273.000 # 1500
33273.000 # 1500
33273.000 # 1500
33273.000 # 1500
33273.000 # 1500
33273.000 # 1500
33273.042 - 88 2.154 1
33275.000 # 1500
33277.000 # 1500
33278.000 # 1500
33280.000 # 1500
33280.902 + 88 1
33282.000 # 1500
33282.919 - 88 2.017 1
33284.000 # 1500
33285.829 + 88 1
33286.000 # 1500
33288.000 # 1500
33288.502 - 88 2.673 1
33290.000 # 1500
33291.000 # 1500
33293.000 # 1500
33295.000 # 1500
33295.385 + 88 1
33297.000 # 1500
33298.277 - 88 2.892 1
33299.000 # 1500
33301.000 # 1500
33304.000 # 1500
33305.000 # 1500
33307.000 # 1500
33308.012 + 88 1
33309.000 # 1500
33309.848 - 88 1.836 1
33310.272 + 88 1
33311.000 # 1500
33312.420 - 88 2.148 1
33313.000 # 1500
33314.000 # 1500
33316.000 # 1500
33319.717 + 88 1
33320.000 # 1500
33320.121 - 88 0.404 1
33321.000 # 1500
33322.000 # 1500
33324.000 # 1500
33326.000 # 1500
33326.661 + 88 1
33329.000 # 1500
33330.359 - 88 3.698 1
33331.000 # 1500
33341.000 # 1500
33341.000 # 1500
33341.000 # 1500
33341.000 # 1500
33341.000 # 1500
33341.325 + 88 1
33343.000 # 1500
33343.369 + 88 1
33343.584 - 88 2.259 1
33345.000 # 1500
33345.959 - 88 2.590 1
33347.000 # 1500
33349.000 # 1500
33351.000 # 1500
33354.000 # 1500
33354.965 + 88 1
33355.000 # 1500
33355.101 + 88 1
33358.000 # 1500
33358.673 - 88 3.708 1
33358.795 - 88 3.694 1
33359.000 # 1500
33361.000 # 1500
33362.878 + 88 1
33363.000 # 1500
33365.000 # 1500
33365.814 - 88 2.936 1
33368.000 # 1500
33368.541 + 88 1
33373.361 + 88 1
33380.265 + 88 1
33382.000 # 1500
33382.000 # 1500
33382.000 # 1500
33382.000 # 1500
33383.000 # 1500
33383.000 # 1500
33383.336 - 88 14.795 1
33383.378 - 88 10.017 1
33383.396 - 88 3.131 1
33384.000 # 1500
33385.000 # 1500
33385.708 + 88 1
33387.000 # 1500
33388.301 - 88 2.593 1
33389.000 # 1500
33390.000 # 1500
33390.204 + 88 1
33392.000 # 1500
33392.000 # 1500
33393.340 - 88 3.136 1
33394.000 # 1500
33396.199 + 88 1
33397.000 # 1500
33397.000 # 1500
33398.000 # 1500
33398.371 - 88 2.172 1
33399.000 # 1500
33400.000 # 1500
33400.776 + 88 1
33401.000 # 1500
33402.000 # 1500
33402.878 - 88 2.102 1
33404.000 # 1500
33404.679 + 88 1
33407.000 # 1500
33407.000 # 1500
33408.000 # 1500
33408.603 - 88 3.924 1
33411.000 # 1500
33411.000 # 1500
33412.000 # 1500
33412.250 + 88 1
33414.000 # 1500
33415.000 # 1500
33415.383 + 88 1
33415.497 - 88 3.247 1
33416.000 # 1500
33416.967 - 88 1.584 1
33418.000 # 1500
33418.710 + 88 1
33419.000 # 1500
33420.000 # 1500
33420.590 - 88 1.880 1
33421.000 # 1500
33423.000 # 1500
33423.203 + 88 1
33424.000 # 1500
33425.000 # 1500
33425.211 - 88 2.008 1
33426.000 # 1500
33427.256 + 88 1
33429.000 # 1500
33430.000 # 1500
33430.145 - 88 2.889 1
33430.268 + 88 1
33431.000 # 1500
33432.028 - 88 1.760 1
33433.000 # 1500
33433.961 + 88 1
33435.000 # 1500
33436.010 - 88 2.049 1
33437.000 # 1500
33437.940 + 88 1
33439.000 # 1500
33439.827 - 88 1.887 1
33442.734 + 88 1
33447.829 + 88 1
33448.000 # 1500
33448.000 # 1500
33448.400 - 88 5.666 1
33453.000 # 1500
33453.000 # 1500
33453.537 - 88 5.708 1
33454.000 # 1500
33454.000 # 1500
33454.000 # 1500
33454.000 # 1500
33456.000 # 1500
33456.489 + 88 1
33458.000 # 1500
33458.892 + 88 1
33459.000 # 1500
33459.157 - 88 2.668 1
33459.181 - 88 0.289 1
33461.000 # 1500
33463.420 + 88 1
33465.000 # 1500
33466.000 # 1500
33466.043 - 88 2.623 1
33468.000 # 1500
33468.503 + 88 1
33479.000 # 1500
33479.983 - 88 11.480 1
33480.000 # 1500
33480.000 # 1500
33480.000 # 1500
33480.000 # 1500
33480.000 # 1500
33480.299 + 88 1
33482.000 # 1500
33483.000 # 1500
33483.087 - 88 2.788 1
33483.163 + 88 1
33485.000 # 1500
33485.698 - 88 2.535 1
33486.000 # 1500
33487.697 + 88 1
33488.000 # 1500
33489.137 - 88 1.440 1
33490.800 + 88 1
33495.586 + 88 1
33498.000 # 1500
33498.935 - 88 8.135 1
33498.961 - 88 3.375 1
33501.000 # 1500
33503.000 # 1500
33505.229 + 88 1
33506.000 # 1500
33506.000 # 1500
33506.000 # 1500
33507.126 - 88 1.897 1
33513.000 # 1500
33513.000 # 1500
33517.041 + 88 1
33520.000 # 1500
33520.000 # 1500
33520.000 # 1500
33520.000 # 1500
33520.000 # 1500
33520.776 - 88 3.735 1
33521.000 # 1500
33522.226 + 88 1
33523.000 # 1500
33523.699 - 88 1.473 1
33524.000 # 1500
33526.000 # 1500
33527.000 # 1500
33529.872 + 88 1
33531.604 + 88 1
33536.503 + 88 1
33540.000 # 1500
33540.000 # 1500
33540.000 # 1500
33540.000 # 1500
33540.000 # 1500
33540.377 + 88 1
33540.677 - 88 10.805 1
33540.718 - 88 9.114 1
33540.735 - 88 4.232 1
33541.000 # 1500
33542.543 - 88 2.166 1
33543.000 # 1500
33543.746 + 88 1
33544.000 # 1500
33546.265 - 88 2.519 1
33547.000 # 1500
33549.000 # 1500
33549.309 + 88 1
33555.306 + 88 1
33558.000 # 1500
33558.693 + 88 1
33558.959 - 88 9.650 1
33558.983 - 88 3.677 1
33559.000 # 1500
33559.000 # 1500
33559.000 # 1500
33559.000 # 1500
33559.000 # 1500
33559.000 # 1500
33560.904 - 88 2.211 1
33561.000 # 1500
33562.000 # 1500
33564.000 # 1500
33564.008 + 88 1
33568.860 + 88 1
33571.000 # 1500
33571.000 # 1500
33571.415 - 88 7.407 1
33571.441 - 88 2.581 1
33572.000 # 1500
33572.781 + 88 1
33573.000 # 1500
33574.640 - 88 1.859 1
33575.000 # 1500
33576.000 # 1500
33576.657 + 88 1
33577.000 # 1500
33578.861 - 88 2.204 1
33579.000 # 1500
33579.213 + 88 1
33580.000 # 1500
33581.000 # 1500
33581.436 - 88 2.223 1
33582.000 # 1500
33584.000 # 1500
33584.311 + 88 1
33585.000 # 1500
33586.321 - 88 2.010 1
33587.000 # 1500
33588.000 # 1500
33588.554 + 88 1
33593.083 + 88 1
33597.961 + 88 1
33599.000 # 1500
33599.000 # 1500
33599.000 # 1500
33599.000 # 1500
33599.000 # 1500
33599.000 # 1500
33600.000 # 1500
33600.000 # 1500
33600.063 - 88 11.509 1
33600.166 - 88 7.083 1
33600.266 - 88 2.305 1
33600.385 + 88 1
33601.000 # 1500
33601.915 - 88 1.530 1
33603.000 # 1500
33604.000 # 1500
33605.000 # 1500
33605.829 + 88 1
33606.000 # 1500
33607.958 + 88 1
33608.000 # 1500
33608.152 - 88 2.323 1
33611.000 # 1500
33611.951 + 88 1
33612.388 - 88 4.430 1
33614.584 + 88 1
33618.758 + 88 1
33619.000 # 1500
33619.000 # 1500
33620.000 # 1500
33620.000 # 1500
33620.000 # 1500
33620.000 # 1500
33620.000 # 1500
33620.671 - 88 8.720 1
33620.697 - 88 6.113 1
33620.859 - 88 2.101 1
33621.000 # 1500
33622.000 # 1500
33622.764 + 88 1
33626.300 + 88 1
33629.413 + 88 1
33635.269 + 88 1
33646.916 + 88 1
33647.358 + 88 1
33650.903 + 88 1
33653.972 + 88 1
33654.000 # 1500
33654.000 # 1500
33654.000 # 1500
33654.000 # 1500
33654.000 # 1500
33654.177 - 88 31.413 1
33654.219 - 88 27.919 1
33654.236 - 88 24.823 1
33654.243 - 88 18.974 1
33654.250 - 88 7.334 1
33654.256 - 88 6.898 1
33654.263 - 88 3.360 1
33655.000 # 1500
33655.000 # 1500
33655.000 # 1500
33655.000 # 1500
33655.000 # 1500
33655.000 # 1500
33655.654 - 88 1.682 1
33656.000 # 1500
33656.000 # 1500
33657.000 # 1500
33659.000 # 1500
33659.000 # 1500
33660.000 # 1500
33660.000 # 1500
33661.000 # 1500
33661.000 # 1500
33665.000 # 1500
33666.000 # 1500
33666.000 # 1500
33666.000 # 1500
33667.000 # 1500
33667.000 # 1500
33668.000 # 1500
33669.000 # 1500
33670.000 # 1500
33670.000 # 1500
33671.000 # 1500
33673.000 # 1500
33673.664 + 88 1
33675.000 # 1500
33675.000 # 1500
33676.000 # 1500
33676.000 # 1500
33676.000 # 1500
33676.000 # 1500
33676.000 # 1500
33676.334 - 88 2.670 1
33676.538 + 88 1
33677.000 # 1500
33677.948 - 88 1.410 1
33681.089 + 88 1
33684.440 + 88 1
33687.956 + 88 1
33691.064 + 88 1
33694.948 + 88 1
33699.461 + 88 1
33702.960 + 88 1
33705.000 # 1500
33705.000 # 1500
33705.000 # 1500
33705.000 # 1500
33705.000 # 1500
33705.000 # 1500
33705.000 # 1500
33705.352 + 88 1
33705.587 - 88 24.498 1
33705.610 - 88 21.170 1
33705.619 - 88 17.663 1
33705.626 - 88 14.562 1
33705.632 - 88 10.684 1
33705.639 - 88 6.178 1
33705.645 - 88 2.685 1
33706.000 # 1500
33706.000 # 1500
33706.000 # 1500
33707.599 - 88 2.247 1
33708.752 + 88 1
33712.000 # 1500
33713.000 # 1500
33713.000 # 1500
33713.000 # 1500
33713.000 # 1500
33713.347 - 88 4.595 1
33713.725 + 88 1
33717.196 + 88 1
33720.000 # 1500
33720.000 # 1500
33720.000 # 1500
33720.000 # 1500
33720.000 # 1500
33720.000 # 1500
33720.000 # 1500
33720.086 + 88 1
33720.319 - 88 6.594 1
33720.344 - 88 3.148 1
33724.985 + 88 1
33727.901 + 88 1
33730.000 # 1500
33730.000 # 1500
33730.000 # 1500
33730.380 - 88 10.294 1
33730.400 - 88 5.415 1
33730.414 - 88 2.513 1
33732.810 + 88 1
33734.000 # 1500
33734.372 - 88 1.562 1
33735.759 + 88 1
33736.000 # 1500
33736.000 # 1500
33736.000 # 1500
33736.120 - 88 0.361 1
33737.000 # 1500
33737.000 # 1500
33737.000 # 1500
33737.000 # 1500
33737.000 # 1500
33741.701 + 88 1
33744.526 + 88 1
33747.000 # 1500
33747.000 # 1500
33747.000 # 1500
33748.000 # 1500
33748.522 - 88 6.821 1
33748.551 - 88 4.025 1
33748.790 + 88 1
33753.000 # 1500
33753.000 # 1500
33753.000 # 1500
33753.000 # 1500
33753.000 # 1500
33754.000 # 1500
33754.000 # 1500
33754.164 - 88 5.374 1
33756.000 # 1500
33757.000 # 1500
33757.530 + 88 1
33757.808 + 88 1
33759.000 # 1500
33760.297 - 88 2.767 1
33760.318 - 88 2.510 1
33761.000 # 1500
33763.000 # 1500
33763.000 # 1500
33764.000 # 1500
33765.000 # 1500
33767.000 # 1500
33767.054 + 88 1
33768.000 # 1500
33768.520 - 88 1.466 1
33769.000 # 1500
33770.000 # 1500
33772.000 # 1500
33773.000 # 1500
33774.000 # 1500
33775.000 # 1500
33777.000 # 1500
33778.000 # 1500
33779.000 # 1500
33779.275 + 88 1
33779.327 + 88 1
33781.000 # 1500
33781.765 - 88 2.490 1
33781.786 - 88 2.459 1
33782.644 + 88 1
33783.000 # 1500
33783.000 # 1500
33784.000 # 1500
33784.009 - 88 1.365 1
33786.000 # 1500
33787.000 # 1500
33790.426 + 88 1
33790.486 + 88 1
33795.413 + 88 1
33797.000 # 1500
33798.000 # 1500
33798.000 # 1500
33798.000 # 1500
33798.000 # 1500
33798.000 # 1500
33798.000 # 1500
33798.000 # 1500
33798.318 - 88 7.892 1
33798.339 - 88 7.853 1
33798.347 - 88 2.934 1
33798.494 + 88 1
33800.000 # 1500
33801.000 # 1500
33801.000 # 1500
33801.306 - 88 2.812 1
33802.000 # 1500
33802.137 + 88 1
33803.000 # 1500
33803.677 - 88 1.540 1
33807.147 + 88 1
33808.986 + 88 1
33813.856 + 88 1
33814.000 # 1500
33814.000 # 1500
33814.000 # 1500
33815.000 # 1500
33815.000 # 1500
33815.000 # 1500
33815.887 - 88 8.740 1
33815.907 - 88 6.921 1
33815.915 - 88 2.059 1
33817.887 + 88 1
33819.000 # 1500
33820.000 # 1500
33820.000 # 1500
33820.000 # 1500
33820.000 # 1500
33820.842 - 88 2.955 1
33821.000 # 1500
33821.872 + 88 1
33826.631 + 88 1
33828.568 + 88 1
33830.000 # 1500
33830.000 # 1500
33830.000 # 1500
33830.000 # 1500
33830.000 # 1500
33830.000 # 1500
33830.743 + 88 1
33830.969 - 88 9.097 1
33830.988 - 88 4.357 1
33830.995 - 88 2.427 1
33837.000 # 1500
33837.360 + 88 1
33837.546 - 88 6.803 1
33838.000 # 1500
33838.000 # 1500
33838.825 - 88 1.465 1
33839.000 # 1500
33840.000 # 1500
33840.273 + 88 1
33843.000 # 1500
33844.256 - 88 3.983 1
33844.898 + 88 1
33845.000 # 1500
33848.037 + 88 1
33851.137 + 88 1
33856.000 # 1500
33856.000 # 1500
33856.000 # 1500
33856.433 - 88 11.535 1
33856.453 - 88 8.416 1
33856.460 - 88 5.323 1
33858.838 + 88 1
33858.929 + 88 1
33859.000 # 1500
33859.000 # 1500
33859.000 # 1500
33859.000 # 1500
33859.000 # 1500
33859.000 # 1500
33860.000 # 1500
33860.907 - 88 2.069 1
33860.925 - 88 1.996 1
33861.000 # 1500
33862.758 + 88 1
33863.000 # 1500
33864.000 # 1500
33864.902 - 88 2.144 1
33867.671 + 88 1
33871.660 + 88 1
33873.000 # 1500
33873.464 + 88 1
33873.685 - 88 6.014 1
33873.704 - 88 2.044 1
33874.000 # 1500
33874.000 # 1500
33875.000 # 1500
33875.000 # 1500
33875.000 # 1500
33875.000 # 1500
33875.673 - 88 2.209 1
33876.000 # 1500
33877.701 + 88 1
33878.000 # 1500
33879.329 - 88 1.628 1
33880.000 # 1500
33880.638 + 88 1
33881.000 # 1500
33882.000 # 1500
33882.445 - 88 1.807 1
33883.000 # 1500
33884.000 # 1500
33884.731 + 88 1
33885.000 # 1500
33886.180 - 88 1.449 1
33886.854 + 88 1
33890.199 + 88 1
33893.143 + 88 1
33895.000 # 1500
33895.000 # 1500
33895.000 # 1500
33895.000 # 1500
33895.000 # 1500
33895.000 # 1500
33895.000 # 1500
33895.642 - 88 8.788 1
33895.662 - 88 5.463 1
33895.890 - 88 2.747 1
33898.094 + 88 1
33901.096 + 88 1
33904.456 + 88 1
33905.000 # 1500
33905.000 # 1500
33905.000 # 1500
33905.000 # 1500
33905.000 # 1500
33906.745 - 88 8.651 1
33906.766 - 88 5.670 1
33906.917 - 88 2.461 1
33907.195 + 88 1
33909.520 + 88 1
33912.000 # 1500
33913.336 - 88 6.141 1
33913.356 - 88 3.836 1
33913.683 + 88 1
33917.943 + 88 1
33919.000 # 1500
33919.680 - 88 5.997 1
33919.707 - 88 1.764 1
33921.000 # 1500
33921.212 + 88 1
33922.825 + 88 1
33925.362 + 88 1
33929.018 + 88 1
33931.984 + 88 1
33932.000 # 1500
33932.177 - 88 10.965 1
33932.240 - 88 9.415 1
33932.258 - 88 6.896 1
33932.272 - 88 3.254 1
33933.000 # 1500
33934.000 # 1500
33934.395 - 88 2.411 1
33934.959 + 88 1
33936.000 # 1500
33936.000 # 1500
33936.525 - 88 1.566 1
33939.000 # 1500
33939.519 + 88 1
33940.000 # 1500
33940.913 - 88 1.394 1
33942.000 # 1500
33943.000 # 1500
33944.894 + 88 1
33945.000 # 1500
33945.051 - 88 0.157 1
33946.000 # 1500
33947.680 + 88 1
33948.000 # 1500
33948.982 - 88 1.302 1
33951.000 # 1500
33951.000 # 1500
33952.403 + 88 1
33959.064 + 88 1
33959.349 + 88 1
33963.690 + 88 1
33965.000 # 1500
33965.000 # 1500
33965.000 # 1500
33965.000 # 1500
33965.000 # 1500
33965.000 # 1500
33966.000 # 1500
33966.024 - 88 13.621 1
33966.051 - 88 6.987 1
33966.065 - 88 6.716 1
33966.078 - 88 2.388 1
33966.293 + 88 1
33967.790 + 88 1
33968.000 # 1500
33968.059 - 88 1.766 1
33968.083 - 88 0.293 1
33969.000 # 1500
33971.000 # 1500
33972.000 # 1500
33973.000 # 1500
33973.870 + 88 1
33974.287 + 88 1
33975.000 # 1500
33975.542 - 88 1.672 1
33975.570 - 88 1.283 1
33976.000 # 1500
33977.846 + 88 1
33980.000 # 1500
33980.536 - 88 2.690 1
33980.619 + 88 1
33984.564 + 88 1
33986.000 # 1500
33987.027 - 88 6.408 1
33987.055 - 88 2.491 1
33988.000 # 1500
33988.454 + 88 1
33989.000 # 1500
33989.916 - 88 1.462 1
33991.000 # 1500
33992.000 # 1500
33993.000 # 1500
33995.000 # 1500
33996.000 # 1500
33998.000 # 1500
33999.000 # 1500
34000.971 + 88 1
34001.000 # 1500
34001.000 # 1500
34001.249 + 88 1
34002.775 + 88 1
34003.000 # 1500
34004.327 - 88 3.356 1
34004.355 - 88 3.106 1
34004.370 - 88 1.595 1
34005.885 + 88 1
34006.000 # 1500
34006.000 # 1500
34007.000 # 1500
34007.606 - 88 1.721 1
34008.000 # 1500
34019.000 # 1500
34019.000 # 1500
34019.000 # 1500
34019.479 + 88 1
34023.000 # 1500
34023.000 # 1500
34024.000 # 1500
34024.000 # 1500
34024.453 - 88 4.974 1
34026.000 # 1500
34026.429 + 88 1
34027.000 # 1500
34027.000 # 1500
34028.013 - 88 1.584 1
34029.821 + 88 1
34033.062 + 88 1
34036.135 + 88 1
34038.399 + 88 1
34042.863 + 88 1
34045.000 # 1500
34045.000 # 1500
34045.000 # 1500
34045.000 # 1500
34045.000 # 1500
34045.000 # 1500
34045.000 # 1500
34045.905 + 88 1
34045.995 - 88 16.174 1
34046.000 # 1500
34046.000 # 1500
34046.020 - 88 12.958 1
34046.029 - 88 9.894 1
34046.036 - 88 7.637 1
34046.042 - 88 3.179 1
34055.000 # 1500
34055.000 # 1500
34055.000 # 1500
34055.513 - 88 9.608 1
34057.000 # 1500
34061.000 # 1500
34061.898 + 88 1
34062.083 + 88 1
34062.408 + 88 1
34063.000 # 1500
34064.221 - 88 2.323 1
34064.236 - 88 2.153 1
34064.244 - 88 1.836 1
34067.330 + 88 1
34069.000 # 1500
34070.182 - 88 2.852 1
34070.279 + 88 1
34071.000 # 1500
34071.959 - 88 1.680 1
34074.271 + 88 1
34076.011 + 88 1
34079.000 # 1500
34079.066 + 88 1
34079.258 - 88 4.987 1
34079.282 - 88 3.271 1
34081.940 + 88 1
34084.709 + 88 1
34086.723 + 88 1
34087.000 # 1500
34088.252 - 88 9.186 1
34088.278 - 88 6.338 1
34088.292 - 88 3.583 1
34088.305 - 88 1.582 1
34090.743 + 88 1
34093.741 + 88 1
34096.826 + 88 1
34098.690 + 88 1
34099.000 # 1500
34100.299 - 88 9.556 1
34100.327 - 88 6.586 1
34100.342 - 88 3.516 1
34100.355 - 88 1.665 1
34102.302 + 88 1
34102.464 + 88 1
34105.242 + 88 1
34109.164 + 88 1
34110.300 + 88 1
34112.000 # 1500
34112.000 # 1500
34112.160 + 88 1
34112.294 - 88 9.992 1
34112.322 - 88 9.858 1
34112.336 - 88 7.094 1
34112.349 - 88 3.185 1
34112.362 - 88 2.062 1
34114.000 # 1500
34114.992 - 88 2.832 1
34116.009 + 88 1
34117.092 + 88 1
34119.000 # 1500
34119.982 - 88 3.973 1
34120.008 - 88 2.916 1
34120.296 + 88 1
34121.000 # 1500
34121.834 - 88 1.538 1
34123.633 + 88 1
34127.736 + 88 1
34128.989 + 88 1
34130.000 # 1500
34131.634 - 88 8.001 1
34131.663 - 88 3.927 1
34131.679 - 88 2.690 1
34131.744 + 88 1
34132.000 # 1500
34133.089 - 88 1.345 1
34133.558 + 88 1
34135.000 # 1500
34136.519 - 88 2.961 1
34137.000 # 1500
34138.567 + 88 1
34138.697 + 88 1
34142.000 # 1500
34143.471 - 88 4.904 1
34143.498 - 88 4.801 1
34144.000 # 1500
34144.000 # 1500
34149.157 + 88 1
34149.403 + 88 1
34149.585 + 88 1
34149.889 + 88 1
34150.000 # 1500
34151.201 - 88 2.044 1
34151.227 - 88 1.824 1
34151.241 - 88 1.656 1
34151.255 - 88 1.366 1
34155.000 # 1500
34155.000 # 1500
34155.000 # 1500
34159.000 # 1500
34162.000 # 1500
34162.496 + 88 1
34162.579 + 88 1
34162.685 + 88 1
34162.764 + 88 1
34164.000 # 1500
34165.000 # 1500
34165.863 - 88 3.367 1
34165.891 - 88 3.312 1
34165.906 - 88 3.221 1
34165.920 - 88 3.156 1
34168.000 # 1500
34169.000 # 1500
34170.255 + 88 1
34170.397 + 88 1
34170.581 + 88 1
34171.000 # 1500
34172.559 - 88 2.304 1
34172.587 - 88 2.190 1
34172.601 - 88 2.020 1
34173.000 # 1500
34173.000 # 1500
34175.000 # 1500
34175.605 + 88 1
34176.000 # 1500
34176.108 + 88 1
34176.199 - 88 0.594 1
34177.000 # 1500
34177.478 - 88 1.370 1
34178.000 # 1500
34178.481 + 88 1
34180.000 # 1500
34180.854 - 88 2.373 1
34181.000 # 1500
34181.045 + 88 1
34182.000 # 1500
34182.412 - 88 1.367 1
34182.553 + 88 1
34187.266 + 88 1
34190.184 + 88 1
34193.000 # 1500
34193.000 # 1500
34193.000 # 1500
34193.000 # 1500
34193.162 + 88 1
34193.594 - 88 11.041 1
34193.626 - 88 6.360 1
34193.634 - 88 3.450 1
34196.153 + 88 1
34199.061 + 88 1
34202.841 + 88 1
34204.258 + 88 1
34207.000 # 1500
34207.000 # 1500
34207.000 # 1500
34207.000 # 1500
34207.000 # 1500
34207.000 # 1500
34207.047 + 88 1
34207.319 - 88 14.157 1
34207.343 - 88 11.190 1
34207.353 - 88 8.292 1
34207.361 - 88 4.520 1
34207.368 - 88 3.110 1
34208.000 # 1500
34208.949 - 88 1.902 1
34209.094 + 88 1
34211.575 + 88 1
34212.000 # 1500
34213.357 - 88 4.263 1
34213.378 - 88 1.803 1
34215.000 # 1500
34222.758 + 88 1
34225.000 # 1500
34227.000 # 1500
34230.000 # 1500
34230.471 - 88 7.713 1
34230.845 + 88 1
34230.905 + 88 1
34231.000 # 1500
34232.472 - 88 1.627 1
34232.492 - 88 1.587 1
34233.000 # 1500
34234.709 + 88 1
34236.572 + 88 1
34238.000 # 1500
34238.408 + 88 1
34238.556 - 88 3.847 1
34238.582 - 88 2.010 1
34239.000 # 1500
34241.270 - 88 2.862 1
34241.287 + 88 1
34242.000 # 1500
34245.000 # 1500
34247.000 # 1500
34250.000 # 1500
34253.000 # 1500
34255.000 # 1500
34257.000 # 1500
34259.000 # 1500
34260.487 + 88 1
34260.850 - 88 19.563 1
34261.000 # 1500
34262.318 - 88 1.831 1
34262.703 + 88 1
34263.000 # 1500
34264.116 - 88 1.413 1
34272.815 + 88 1
34277.000 # 1500
34277.000 # 1500
34280.000 # 1500
34281.000 # 1500
34281.126 - 88 8.311 1
34281.415 + 88 1
34283.000 # 1500
34283.000 # 1500
34284.000 # 1500
34285.020 - 88 3.605 1
34286.000 # 1500
34286.013 + 88 1
34288.225 + 88 1
34290.195 + 88 1
34291.875 + 88 1
34295.000 # 1500
34295.005 + 88 1
34295.154 - 88 9.141 1
34295.201 - 88 6.976 1
34295.220 - 88 5.025 1
34295.227 - 88 3.352 1
34296.000 # 1500
34296.000 # 1500
34296.681 - 88 1.676 1
34297.806 + 88 1
34302.684 + 88 1
34303.021 + 88 1
34306.814 + 88 1
34308.000 # 1500
34308.678 + 88 1
34308.872 - 88 11.066 1
34308.895 - 88 6.211 1
34308.903 - 88 5.882 1
34308.910 - 88 2.096 1
34310.000 # 1500
34311.000 # 1500
34311.000 # 1500
34311.376 - 88 2.698 1
34313.000 # 1500
34315.000 # 1500
34315.000 # 1500
34315.380 + 88 1
34315.716 + 88 1
34319.104 + 88 1
34321.198 + 88 1
34323.000 # 1500
34323.980 - 88 8.600 1
34323.999 - 88 8.283 1
34324.055 - 88 4.951 1
34324.073 - 88 2.875 1
34330.909 + 88 1
34330.962 + 88 1
34331.009 + 88 1
34334.000 # 1500
34334.000 # 1500
34334.000 # 1500
34335.000 # 1500
34335.000 # 1500
34336.415 + 88 1
34336.478 + 88 1
34336.733 - 88 5.824 1
34336.826 - 88 5.864 1
34336.903 - 88 5.894 1
34346.900 + 88 1
34346.963 + 88 1
34347.012 + 88 1
34347.068 + 88 1
34349.000 # 1500
34349.542 - 88 13.127 1
34349.632 - 88 13.154 1
34349.710 - 88 2.810 1
34349.722 - 88 2.759 1
34349.729 - 88 2.717 1
34349.736 - 88 2.668 1
34349.844 + 88 1
34353.751 + 88 1
34356.360 + 88 1
34368.114 + 88 1
34368.382 + 88 1
34368.553 + 88 1
34368.726 + 88 1
34368.989 + 88 1
34370.000 # 1500
34370.466 + 88 1
34370.466 - 88 20.622 1
34370.504 - 88 16.753 1
34370.685 - 88 14.325 1
34370.709 - 88 2.595 1
34370.717 - 88 2.335 1
34370.724 - 88 2.171 1
34370.731 - 88 2.005 1
34370.738 - 88 1.749 1
34372.325 + 88 1
34374.313 + 88 1
34380.000 # 1500
34381.179 - 88 10.713 1
34381.197 - 88 8.872 1
34381.205 - 88 6.892 1
34385.310 + 88 1
34385.473 + 88 1
34385.551 + 88 1
34385.627 + 88 1
34387.066 + 88 1
34388.000 # 1500
34389.221 - 88 3.911 1
34389.240 - 88 3.767 1
34389.247 - 88 3.696 1
34389.254 - 88 3.627 1
34389.260 - 88 2.194 1
34390.880 + 88 1
34394.837 + 88 1
34395.090 + 88 1
34398.000 # 1500
34399.377 - 88 8.497 1
34399.396 - 88 4.559 1
34399.404 - 88 4.314 1
34405.000 # 1500
34409.902 + 88 1
34409.944 + 88 1
34409.975 + 88 1
34410.005 + 88 1
34410.044 + 88 1
34411.823 + 88 1
34413.000 # 1500
34413.688 + 88 1
34413.976 - 88 4.074 1
34413.996 - 88 4.052 1
34414.004 - 88 4.029 1
34414.011 - 88 4.006 1
34414.017 - 88 3.973 1
34414.023 - 88 2.200 1
34417.221 + 88 1
34420.217 + 88 1
34422.200 + 88 1
34424.105 + 88 1
34425.102 + 88 1
34428.816 + 88 1
34430.817 + 88 1
34432.754 + 88 1
34433.000 # 1500
34433.066 - 88 19.378 1
34433.085 - 88 15.864 1
34433.111 - 88 12.894 1
34433.127 - 88 10.927 1
34433.135 - 88 9.030 1
34433.142 - 88 8.040 1
34433.148 - 88 4.332 1
34433.154 - 88 2.337 1
34433.161 - 88 0.407 1
34434.691 + 88 1
34440.000 # 1500
34441.607 - 88 6.916 1
34451.000 # 1500
34451.740 + 88 1
34451.879 + 88 1
34452.301 + 88 1
34452.455 + 88 1
34452.506 + 88 1
34452.554 + 88 1
34452.853 + 88 1
34455.000 # 1500
34455.542 + 88 1
34455.843 - 88 4.103 1
34455.863 - 88 3.984 1
34455.871 - 88 3.570 1
34455.878 - 88 3.423 1
34455.884 - 88 3.378 1
34455.891 - 88 3.337 1
34455.897 - 88 3.044 1
34460.000 # 1500
34461.395 - 88 5.853 1
34462.547 + 88 1
34462.635 + 88 1
34463.045 + 88 1
34465.000 # 1500
34465.535 + 88 1
34465.757 - 88 3.210 1
34465.776 - 88 3.141 1
34465.784 - 88 2.739 1
34467.228 + 88 1
34470.000 # 1500
34470.269 + 88 1
34470.677 - 88 5.142 1
34470.699 - 88 3.471 1
34472.282 + 88 1
34474.000 # 1500
34474.053 + 88 1
34474.476 - 88 4.207 1
34474.495 - 88 2.213 1
34475.000 # 1500
34476.123 - 88 2.070 1
34478.075 + 88 1
34479.000 # 1500
34479.103 + 88 1
34479.612 - 88 1.537 1
34483.000 # 1500
34483.831 + 88 1
34483.979 + 88 1
34484.133 - 88 5.030 1
34489.000 # 1500
34494.000 # 1500
34494.130 + 88 1
34494.268 + 88 1
34494.318 + 88 1
34494.502 - 88 10.671 1
34494.520 - 88 10.541 1
34494.572 + 88 1
34496.076 + 88 1
34498.903 + 88 1
34499.051 + 88 1
34501.727 + 88 1
34502.000 # 1500
34503.000 # 1500
34503.719 - 88 9.589 1
34503.739 - 88 9.471 1
34503.747 - 88 9.429 1
34503.753 - 88 9.181 1
34503.759 - 88 7.683 1
34503.766 - 88 4.863 1
34503.772 - 88 4.721 1
34503.778 - 88 2.051 1
34504.814 + 88 1
34508.647 + 88 1
34512.000 # 1500
34513.601 - 88 8.787 1
34513.613 - 88 4.966 1
34518.000 # 1500
34518.381 + 88 1
34518.517 + 88 1
34521.000 # 1500
34522.341 - 88 3.960 1
34522.359 - 88 3.842 1
34522.449 + 88 1
34525.274 + 88 1
34527.229 + 88 1
34530.945 + 88 1
34539.000 # 1500
34539.000 # 1500
34539.000 # 1500
34540.056 - 88 17.607 1
34540.125 - 88 14.851 1
34540.144 - 88 12.915 1
34540.153 - 88 9.208 1
34540.842 + 88 1
34540.983 + 88 1
34541.034 + 88 1
34542.000 # 1500
34542.898 - 88 2.056 1
34542.917 - 88 1.934 1
34542.924 - 88 1.890 1
34547.775 + 88 1
34547.885 + 88 1
34547.919 + 88 1
34548.000 # 1500
34549.692 - 88 1.917 1
34549.713 - 88 1.828 1
34549.722 - 88 1.803 1
34549.771 + 88 1
34551.000 # 1500
34551.762 - 88 1.991 1
34551.798 + 88 1
34554.000 # 1500
34554.519 + 88 1
34554.566 - 88 2.768 1
34557.714 + 88 1
34561.000 # 1500
34562.836 - 88 8.317 1
34562.869 - 88 5.155 1
34563.093 + 88 1
34564.560 + 88 1
34566.523 + 88 1
34566.662 + 88 1
34569.565 + 88 1
34570.000 # 1500
34571.487 - 88 8.394 1
34571.509 - 88 6.949 1
34571.612 + 88 1
34571.622 - 88 5.099 1
34571.694 - 88 5.032 1
34571.709 - 88 2.144 1
34572.263 + 88 1
34574.000 # 1500
34574.000 # 1500
34574.000 # 1500
34575.317 - 88 3.705 1
34575.337 - 88 3.074 1
34575.511 + 88 1
34576.000 # 1500
34576.366 + 88 1
34576.832 - 88 1.321 1
34578.274 + 88 1
34579.000 # 1500
34580.179 + 88 1
34580.411 - 88 4.045 1
34580.432 - 88 2.158 1
34582.000 # 1500
34584.000 # 1500
34584.199 - 88 4.020 1
34585.177 + 88 1
34585.322 + 88 1
34587.000 # 1500
34587.379 + 88 1
34588.142 - 88 2.965 1
34588.168 - 88 2.846 1
34589.968 + 88 1
34590.000 # 1500
34590.118 + 88 1
34590.199 - 88 2.820 1
34592.000 # 1500
34592.825 - 88 2.857 1
34592.852 - 88 2.734 1
34593.000 # 1500
34595.944 + 88 1
34597.000 # 1500
34597.765 - 88 1.821 1
34599.000 # 1500
34600.000 # 1500
34603.000 # 1500
34605.000 # 1500
34605.164 + 88 1
34605.326 + 88 1
34605.393 + 88 1
34605.441 + 88 1
34607.000 # 1500
34607.542 + 88 1
34607.752 - 88 2.588 1
34607.778 - 88 2.452 1
34607.792 - 88 2.399 1
34607.805 - 88 2.364 1
34610.000 # 1500
34610.388 + 88 1
34610.610 - 88 3.068 1
34612.000 # 1500
34612.865 + 88 1
34612.945 - 88 2.557 1
34614.437 + 88 1
34615.000 # 1500
34617.000 # 1500
34617.244 - 88 4.379 1
34617.270 - 88 2.833 1
34617.294 + 88 1
34619.000 # 1500
34619.735 - 88 2.441 1
34620.714 + 88 1
34621.000 # 1500
34622.746 + 88 1
34622.810 - 88 2.096 1
34623.000 # 1500
34624.588 + 88 1
34624.659 - 88 1.913 1
34625.000 # 1500
34626.591 - 88 2.003 1
34626.741 + 88 1
34627.000 # 1500
34627.173 - 88 0.432 1
34629.739 + 88 1
34630.000 # 1500
34631.466 + 88 1
34631.732 - 88 1.993 1
34632.000 # 1500
34633.000 # 1500
34633.545 - 88 2.079 1
34633.641 + 88 1
34635.000 # 1500
34636.630 - 88 2.989 1
34637.000 # 1500
34639.000 # 1500
34640.000 # 1500
34643.000 # 1500
34643.573 + 88 1
34643.710 + 88 1
34643.760 + 88 1
34644.000 # 1500
34644.209 + 88 1
34644.452 + 88 1
34644.883 - 88 1.310 1
34644.904 - 88 1.194 1
34644.916 - 88 1.156 1
34646.000 # 1500
34647.000 # 1500
34647.228 - 88 3.019 1
34647.402 - 88 2.950 1
34648.258 + 88 1
34648.414 + 88 1
34649.000 # 1500
34650.039 - 88 1.781 1
34650.058 - 88 1.644 1
34651.000 # 1500
34651.354 + 88 1
34653.000 # 1500
34654.000 # 1500
34654.055 - 88 2.701 1
34656.000 # 1500
34658.000 # 1500
34661.000 # 1500
34661.000 # 1500
34663.000 # 1500
34664.101 + 88 1
34664.252 + 88 1
34664.304 + 88 1
34664.352 + 88 1
34665.000 # 1500
34665.697 + 88 1
34665.939 - 88 1.838 1
34665.978 - 88 1.726 1
34665.994 - 88 1.690 1
34666.000 # 1500
34666.002 - 88 1.650 1
34667.691 - 88 1.994 1
34668.000 # 1500
34670.000 # 1500
34670.209 + 88 1
34671.000 # 1500
34671.086 + 88 1
34671.498 - 88 1.289 1
34673.000 # 1500
34673.841 + 88 1
34674.304 - 88 3.218 1
34675.000 # 1500
34675.361 + 88 1
34676.000 # 1500
34676.063 - 88 2.222 1
34677.377 - 88 2.016 1
34677.823 + 88 1
34678.000 # 1500
34679.592 + 88 1
34681.961 + 88 1
34682.457 + 88 1
34688.000 # 1500
34689.000 # 1500
34689.000 # 1500
34689.228 - 88 11.405 1
34689.376 - 88 9.784 1
34689.407 - 88 7.446 1
34689.415 - 88 6.958 1
34690.000 # 1500
34690.000 # 1500
34692.643 + 88 1
34694.422 + 88 1
34694.536 + 88 1
34694.570 + 88 1
34694.601 + 88 1
34695.000 # 1500
34695.000 # 1500
34695.000 # 1500
34695.000 # 1500
34696.509 - 88 3.866 1
34696.531 - 88 2.109 1
34696.737 - 88 2.201 1
34696.756 - 88 2.186 1
34696.765 - 88 2.164 1
34696.897 + 88 1
34697.000 # 1500
34698.653 - 88 1.756 1
34698.803 + 88 1
34699.000 # 1500
34700.455 - 88 1.652 1
34700.611 + 88 1
34702.000 # 1500
34702.000 # 1500
34702.895 + 88 1
34703.435 - 88 2.824 1
34704.000 # 1500
34704.615 - 88 1.720 1
34705.518 + 88 1
34706.000 # 1500
34707.000 # 1500
34707.211 - 88 1.693 1
34709.000 # 1500
34709.989 + 88 1
34712.000 # 1500
34712.000 # 1500
34712.629 - 88 2.640 1
34714.000 # 1500
34717.061 + 88 1
34717.265 + 88 1
34717.638 + 88 1
34719.368 + 88 1
34720.009 + 88 1
34728.719 + 88 1
34729.010 + 88 1
34734.000 # 1500
34734.000 # 1500
34734.000 # 1500
34734.000 # 1500
34734.000 # 1500
34734.000 # 1500
34734.000 # 1500
34735.000 # 1500
34739.000 # 1500
34739.000 # 1500
34739.000 # 1500
34739.000 # 1500
34739.000 # 1500
34739.154 - 88 22.093 1
34739.247 - 88 21.982 1
34739.279 - 88 21.641 1
34739.289 - 88 19.921 1
34739.296 - 88 19.287 1
34739.303 - 88 10.584 1
34739.309 - 88 10.299 1
34739.741 + 88 1
34740.000 # 1500
34741.206 + 88 1
34743.000 # 1500
34743.782 - 88 4.041 1
34743.810 - 88 2.604 1
34744.350 + 88 1
34744.461 + 88 1
34745.000 # 1500
34746.000 # 1500
34746.043 - 88 1.693 1
34746.064 - 88 1.603 1
34747.000 # 1500
34748.000 # 1500
34750.018 + 88 1
34751.000 # 1500
34751.000 # 1500
34751.655 - 88 1.637 1
34752.042 + 88 1
34753.000 # 1500
34753.526 - 88 1.484 1
34754.110 + 88 1
34755.687 + 88 1
34756.000 # 1500
34757.000 # 1500
34757.000 # 1500
34757.400 - 88 3.290 1
34757.425 - 88 1.738 1
34759.000 # 1500
34760.000 # 1500
34762.000 # 1500
34763.000 # 1500
34765.000 # 1500
34766.000 # 1500
34766.730 + 88 1
34766.839 + 88 1
34768.000 # 1500
34769.343 - 88 2.613 1
34769.365 - 88 2.526 1
34769.696 + 88 1
34770.000 # 1500
34770.246 - 88 0.550 1
34771.000 # 1500
34773.000 # 1500
34773.403 + 88 1
34777.109 + 88 1
34779.116 + 88 1
34781.158 + 88 1
34782.935 + 88 1
34784.000 # 1500
34784.000 # 1500
34784.778 - 88 11.375 1
34784.813 - 88 7.704 1
34784.827 - 88 5.711 1
34784.840 - 88 3.682 1
34784.853 - 88 1.918 1
34785.909 + 88 1
34786.653 + 88 1
34787.000 # 1500
34787.000 # 1500
34787.000 # 1500
34787.000 # 1500
34787.000 # 1500
34788.026 - 88 2.117 1
34788.052 - 88 1.399 1
34789.908 + 88 1
34792.985 + 88 1
34793.168 + 88 1
34795.047 + 88 1
34796.000 # 1500
34796.000 # 1500
34796.000 # 1500
34796.543 - 88 6.635 1
34796.571 - 88 3.586 1
34797.081 - 88 3.913 1
34797.117 - 88 2.070 1
34797.485 + 88 1
34798.000 # 1500
34798.000 # 1500
34798.820 - 88 1.335 1
34799.247 + 88 1
34800.000 # 1500
34800.443 - 88 1.196 1
34801.000 # 1500
34801.686 + 88 1
34804.000 # 1500
34805.474 - 88 3.788 1
34805.568 + 88 1
34806.000 # 1500
34806.178 + 88 1
34806.487 - 88 0.919 1
34807.000 # 1500
34808.340 + 88 1
34808.533 - 88 2.355 1
34809.000 # 1500
34810.368 - 88 2.028 1
34811.000 # 1500
34811.000 # 1500
34812.336 + 88 1
34814.000 # 1500
34814.207 + 88 1
34814.700 - 88 2.364 1
34817.173 + 88 1
34818.980 + 88 1
34823.000 # 1500
34823.000 # 1500
34823.000 # 1500
34824.000 # 1500
34824.000 # 1500
34824.276 - 88 10.069 1
34824.298 - 88 7.125 1
34824.307 - 88 5.327 1
34824.429 + 88 1
34824.574 + 88 1
34825.000 # 1500
34825.094 + 88 1
34825.379 - 88 0.950 1
34825.397 - 88 0.823 1
34828.000 # 1500
34828.909 + 88 1
34829.000 # 1500
34829.165 - 88 4.071 1
34830.000 # 1500
34830.653 - 88 1.744 1
34830.823 + 88 1
34831.000 # 1500
34832.412 - 88 1.589 1
34841.000 # 1500
34841.406 + 88 1
34842.070 + 88 1
34843.000 # 1500
34843.000 # 1500
34844.539 - 88 3.133 1
34844.559 - 88 2.489 1
34844.870 + 88 1
34846.613 + 88 1
34849.629 + 88 1
34854.000 # 1500
34854.000 # 1500
34854.000 # 1500
34855.000 # 1500
34855.000 # 1500
34855.000 # 1500
34856.000 # 1500
34856.000 # 1500
34856.000 # 1500
34856.000 # 1500
34856.000 # 1500
34856.000 # 1500
34856.899 + 88 1
34856.931 - 88 12.061 1
34856.950 - 88 10.337 1
34856.957 - 88 7.328 1
34857.000 # 1500
34857.089 - 88 0.190 1
34857.904 + 88 1
34857.955 + 88 1
34858.000 # 1500
34861.000 # 1500
34861.000 # 1500
34862.326 - 88 4.422 1
34862.364 - 88 4.409 1
34863.000 # 1500
34864.000 # 1500
34865.000 # 1500
34867.000 # 1500
34867.533 + 88 1
34867.981 + 88 1
34868.125 + 88 1
34868.260 + 88 1
34870.000 # 1500
34870.750 + 88 1
34871.299 - 88 3.766 1
34871.318 - 88 3.337 1
34871.326 - 88 3.201 1
34871.333 - 88 3.073 1
34872.769 + 88 1
34873.000 # 1500
34873.000 # 1500
34873.261 - 88 2.511 1
34875.983 + 88 1
34879.551 + 88 1
34880.222 + 88 1
34884.000 # 1500
34884.000 # 1500
34884.631 + 88 1
34884.740 - 88 11.971 1
34884.764 - 88 8.781 1
34884.896 - 88 5.345 1
34884.915 - 88 4.693 1
34885.000 # 1500
34885.000 # 1500
34885.000 # 1500
34885.000 # 1500
34885.000 # 1500
34886.397 - 88 1.766 1
34886.744 + 88 1
34888.533 + 88 1
34889.000 # 1500
34890.292 - 88 3.548 1
34890.316 - 88 1.783 1
34890.450 + 88 1
34892.000 # 1500
34893.312 + 88 1
34893.708 - 88 3.258 1
34894.000 # 1500
34895.216 + 88 1
34895.348 - 88 2.036 1
34897.201 + 88 1
34899.043 + 88 1
34901.000 # 1500
34901.000 # 1500
34901.000 # 1500
34901.000 # 1500
34901.558 - 88 6.342 1
34901.584 - 88 4.383 1
34901.598 - 88 2.555 1
34901.621 + 88 1
34903.169 + 88 1
34905.000 # 1500
34905.568 + 88 1
34905.756 - 88 4.135 1
34905.776 - 88 2.607 1
34908.292 + 88 1
34909.997 + 88 1
34911.809 + 88 1
34913.676 + 88 1
34915.000 # 1500
34915.000 # 1500
34915.000 # 1500
34915.000 # 1500
34915.000 # 1500
34916.033 - 88 10.465 1
34916.053 - 88 7.761 1
34916.061 - 88 6.064 1
34916.068 - 88 4.259 1
34916.074 - 88 2.398 1
34916.318 + 88 1
34917.591 + 88 1
34918.000 # 1500
34918.723 - 88 2.405 1
34918.742 - 88 1.151 1
34919.000 # 1500
34920.965 + 88 1
34922.465 + 88 1
34924.526 + 88 1
34927.327 + 88 1
34936.808 + 88 1
34941.165 + 88 1
34941.305 + 88 1
34943.059 + 88 1
34943.200 + 88 1
34945.037 + 88 1
34946.982 + 88 1
34948.881 + 88 1
34952.118 + 88 1
34953.972 + 88 1
34956.737 + 88 1
34958.661 + 88 1
34966.558 + 88 1
34966.696 + 88 1
34966.746 + 88 1
34974.000 # 1500
34974.000 # 1500
34974.000 # 1500
34974.000 # 1500
34974.000 # 1500
34974.000 # 1500
34974.000 # 1500
34974.000 # 1500
34974.000 # 1500
34974.000 # 1500
34974.000 # 1500
34974.000 # 1500
34974.000 # 1500
34975.000 # 1500
34975.000 # 1500
34975.000 # 1500
34975.000 # 1500
34975.000 # 1500
34975.000 # 1500
34975.000 # 1500
34975.000 # 1500
34975.000 # 1500
34975.000 # 1500
34975.000 # 1500
34975.000 # 1500
34975.454 - 88 54.489 1
34975.606 - 88 53.141 1
34975.628 - 88 51.102 1
34975.644 - 88 48.317 1
34975.658 - 88 38.850 1
34975.671 - 88 34.506 1
34975.685 - 88 34.380 1
34975.699 - 88 32.640 1
34975.712 - 88 32.512 1
34975.726 - 88 30.689 1
34975.739 - 88 28.757 1
34975.752 - 88 26.871 1
34975.765 - 88 23.647 1
34975.778 - 88 21.806 1
34975.791 - 88 19.054 1
34975.803 - 88 17.142 1
34975.816 - 88 9.258 1
34975.828 - 88 9.132 1
34976.000 # 1500
34976.000 # 1500
34976.000 # 1500
34976.000 # 1500
34976.068 - 88 9.322 1
34977.350 + 88 1
34984.000 # 1500
34984.000 # 1500
34984.000 # 1500
34984.000 # 1500
34984.000 # 1500
34984.000 # 1500
34984.000 # 1500
34984.000 # 1500
34984.163 + 88 1
34984.501 - 88 7.151 1
34985.000 # 1500
34985.000 # 1500
34985.000 # 1500
34985.000 # 1500
34986.149 - 88 1.986 1
34987.000 # 1500
34987.000 # 1500
34989.000 # 1500
34990.002 + 88 1
34990.153 + 88 1
34990.186 + 88 1
34995.980 + 88 1
34996.090 + 88 1
34996.123 + 88 1
34996.153 + 88 1
34998.000 # 1500
34998.028 + 88 1
34998.299 - 88 8.297 1
34998.318 - 88 8.165 1
34998.326 - 88 8.140 1
34998.333 - 88 2.353 1
34998.339 - 88 2.249 1
34998.345 - 88 2.222 1
34998.351 - 88 2.198 1
34999.000 # 1500
34999.000 # 1500
34999.000 # 1500
34999.000 # 1500
34999.000 # 1500
34999.000 # 1500
35000.123 + 88 1
35000.151 - 88 2.123 1
35004.000 # 1500
35004.921 - 88 4.798 1
35009.000 # 1500
35010.000 # 1500
35011.000 # 1500
35013.000 # 1500
35013.674 + 88 1
35013.909 + 88 1
35017.812 + 88 1
35023.000 # 1500
35023.000 # 1500
35024.000 # 1500
35024.000 # 1500
35024.000 # 1500
35024.000 # 1500
35025.226 - 88 11.552 1
35025.247 - 88 11.338 1
35025.255 - 88 7.443 1
35026.333 + 88 1
35032.254 + 88 1
35033.000 # 1500
35033.000 # 1500
35033.000 # 1500
35033.000 # 1500
35033.000 # 1500
35033.000 # 1500
35033.000 # 1500
35034.364 - 88 8.031 1
35034.386 - 88 2.132 1
35036.086 + 88 1
35036.476 + 88 1
35040.986 + 88 1
35043.000 # 1500
35044.000 # 1500
35044.000 # 1500
35044.000 # 1500
35044.000 # 1500
35044.000 # 1500
35044.000 # 1500
35044.194 - 88 8.108 1
35044.215 - 88 7.739 1
35044.224 - 88 3.238 1
35044.930 + 88 1
35045.000 # 1500
35048.489 + 88 1
35048.857 + 88 1
35051.798 + 88 1
35055.407 + 88 1
35057.510 + 88 1
35063.000 # 1500
35063.000 # 1500
35064.000 # 1500
35064.000 # 1500
35064.000 # 1500
35064.000 # 1500
35064.219 - 88 19.289 1
35064.256 - 88 15.767 1
35064.272 - 88 15.415 1
35064.285 - 88 12.487 1
35064.299 - 88 8.892 1
35064.311 - 88 6.801 1
35065.000 # 1500
35065.000 # 1500
35065.000 # 1500
35066.000 # 1500
35066.000 # 1500
35066.209 + 88 1
35075.000 # 1500
35075.000 # 1500
35076.000 # 1500
35076.000 # 1500
35076.011 - 88 9.802 1
35076.513 + 88 1
35076.864 + 88 1
35080.504 + 88 1
35084.000 # 1500
35084.000 # 1500
35084.000 # 1500
35084.051 + 88 1
35084.338 - 88 7.825 1
35084.395 - 88 7.531 1
35084.423 - 88 3.919 1
35085.000 # 1500
35085.000 # 1500
35085.000 # 1500
35085.000 # 1500
35085.818 - 88 1.767 1
35086.328 + 88 1
35088.000 # 1500
35088.284 + 88 1
35088.744 - 88 2.416 1
35090.664 + 88 1
35091.000 # 1500
35091.000 # 1500
35091.000 # 1500
35091.000 # 1500
35092.708 - 88 4.424 1
35092.730 - 88 2.066 1
35092.961 + 88 1
35093.000 # 1500
35095.000 # 1500
35095.000 # 1500
35095.500 - 88 2.539 1
35096.128 + 88 1
35098.759 + 88 1
35101.000 # 1500
35102.274 - 88 6.146 1
35102.300 - 88 3.541 1
35103.524 + 88 1
35107.397 + 88 1
35108.000 # 1500
35109.258 - 88 5.734 1
35109.352 - 88 1.955 1
35110.000 # 1500
35111.000 # 1500
35113.000 # 1500
35118.702 + 88 1
35118.964 + 88 1
35120.897 + 88 1
35123.000 # 1500
35124.000 # 1500
35124.000 # 1500
35124.108 + 88 1
35124.341 - 88 5.639 1
35124.447 - 88 5.483 1
35124.532 - 88 3.635 1
35125.000 # 1500
35125.000 # 1500
35125.000 # 1500
35125.649 - 88 1.541 1
35132.988 + 88 1
35135.000 # 1500
35135.000 # 1500
35135.000 # 1500
35135.000 # 1500
35135.000 # 1500
35135.000 # 1500
35135.527 - 88 2.539 1
35136.000 # 1500
35137.000 # 1500
35138.000 # 1500
35140.493 + 88 1
35140.645 + 88 1
35140.891 + 88 1
35141.000 # 1500
35141.000 # 1500
35142.598 + 88 1
35142.891 - 88 2.398 1
35142.910 - 88 2.265 1
35142.923 - 88 2.032 1
35143.000 # 1500
35144.000 # 1500
35144.250 - 88 1.652 1
35145.000 # 1500
35145.877 + 88 1
35146.000 # 1500
35147.000 # 1500
35147.314 - 88 1.437 1
35147.670 + 88 1
35149.372 + 88 1
35152.093 + 88 1
35153.547 + 88 1
35156.919 + 88 1
35157.350 + 88 1
35159.000 # 1500
35159.000 # 1500
35159.000 # 1500
35159.000 # 1500
35159.000 # 1500
35160.053 - 88 12.383 1
35160.147 - 88 10.775 1
35160.228 - 88 8.135 1
35160.243 - 88 6.696 1
35160.252 - 88 3.333 1
35160.259 - 88 2.909 1
35165.890 + 88 1
35166.247 + 88 1
35166.562 + 88 1
35166.704 + 88 1
35169.609 + 88 1
35170.376 + 88 1
35172.885 + 88 1
35176.780 + 88 1
35179.757 + 88 1
35182.586 + 88 1
35186.206 + 88 1
35189.430 + 88 1
35191.094 + 88 1
35193.054 + 88 1
35194.986 + 88 1
35198.033 + 88 1
35198.387 + 88 1
35202.843 + 88 1
35203.119 + 88 1
35207.690 + 88 1
35207.925 + 88 1
35215.000 # 1500
35215.000 # 1500
35215.000 # 1500
35215.000 # 1500
35215.000 # 1500
35215.000 # 1500
35216.000 # 1500
35216.000 # 1500
35216.000 # 1500
35216.000 # 1500
35216.000 # 1500
35216.000 # 1500
35216.000 # 1500
35217.000 # 1500
35217.000 # 1500
35217.000 # 1500
35217.000 # 1500
35217.000 # 1500
35217.000 # 1500
35217.392 - 88 51.502 1
35217.492 - 88 51.245 1
35217.523 - 88 50.961 1
35217.532 - 88 50.828 1
35217.540 - 88 47.931 1
35217.603 - 88 47.227 1
35217.621 - 88 44.736 1
35217.630 - 88 40.850 1
35217.637 - 88 37.880 1
35217.643 - 88 35.057 1
35217.650 - 88 31.444 1
35217.656 - 88 28.226 1
35217.663 - 88 26.569 1
35217.670 - 88 24.616 1
35217.676 - 88 22.690 1
35217.683 - 88 19.650 1
35217.689 - 88 19.302 1
35217.695 - 88 14.852 1
35217.701 - 88 14.582 1
35217.708 - 88 10.018 1
35217.714 - 88 9.789 1
35218.000 # 1500
35218.000 # 1500
35218.000 # 1500
35218.000 # 1500
35218.000 # 1500
35218.000 # 1500
35218.000 # 1500
35218.000 # 1500
35218.000 # 1500
35219.000 # 1500
35219.000 # 1500
35219.000 # 1500
35219.000 # 1500
35219.000 # 1500
35219.000 # 1500
35219.000 # 1500
35219.000 # 1500
35219.000 # 1500
35221.140 + 88 1
35221.426 + 88 1
35228.000 # 1500
35228.000 # 1500
35228.000 # 1500
35228.000 # 1500
35228.000 # 1500
35229.000 # 1500
35229.238 - 88 8.098 1
35229.269 - 88 7.843 1
35231.537 + 88 1
35231.708 + 88 1
35232.358 + 88 1
35233.934 + 88 1
35234.000 # 1500
35234.157 - 88 2.620 1
35234.175 - 88 2.467 1
35234.185 - 88 1.827 1
35234.192 - 88 0.258 1
35235.000 # 1500
35236.053 + 88 1
35238.000 # 1500
35238.000 # 1500
35238.165 + 88 1
35238.413 - 88 2.360 1
35239.000 # 1500
35239.000 # 1500
35239.000 # 1500
35240.068 - 88 1.903 1
35240.412 + 88 1
35243.651 + 88 1
35245.640 + 88 1
35247.808 + 88 1
35249.664 + 88 1
35251.187 + 88 1
35254.623 + 88 1
35255.000 # 1500
35255.000 # 1500
35255.000 # 1500
35255.000 # 1500
35255.000 # 1500
35255.000 # 1500
35255.000 # 1500
35255.000 # 1500
35255.000 # 1500
35256.000 # 1500
35256.602 + 88 1
35256.729 - 88 16.317 1
35256.753 - 88 13.102 1
35256.761 - 88 11.121 1
35256.768 - 88 8.960 1
35256.775 - 88 7.111 1
35256.781 - 88 5.594 1
35256.789 - 88 2.166 1
35259.000 # 1500
35259.000 # 1500
35259.000 # 1500
35259.000 # 1500
35260.354 - 88 3.752 1
35266.000 # 1500
35266.000 # 1500
35266.000 # 1500
35266.621 + 88 1
35268.217 + 88 1
35270.193 + 88 1
35271.000 # 1500
35271.000 # 1500
35271.000 # 1500
35271.899 - 88 5.278 1
35271.927 - 88 3.710 1
35271.936 - 88 1.743 1
35274.477 + 88 1
35276.384 + 88 1
35279.334 + 88 1
35280.942 + 88 1
35282.576 + 88 1
35284.000 # 1500
35284.000 # 1500
35284.000 # 1500
35285.000 # 1500
35285.000 # 1500
35285.000 # 1500
35285.000 # 1500
35285.000 # 1500
35285.000 # 1500
35285.678 - 88 11.201 1
35285.713 - 88 9.329 1
35285.719 - 88 6.385 1
35285.721 - 88 4.779 1
35285.724 - 88 3.148 1
35285.801 + 88 1
35288.098 + 88 1
35289.929 + 88 1
35292.779 + 88 1
35293.000 # 1500
35293.249 - 88 7.448 1
35293.269 - 88 5.171 1
35293.273 - 88 3.344 1
35293.275 - 88 0.496 1
35294.451 + 88 1
35297.269 + 88 1
35299.183 + 88 1
35310.120 + 88 1
35310.175 + 88 1
35310.287 + 88 1
35313.893 + 88 1
35315.000 # 1500
35315.000 # 1500
35315.000 # 1500
35315.000 # 1500
35315.000 # 1500
35315.000 # 1500
35315.000 # 1500
35315.000 # 1500
35315.000 # 1500
35315.000 # 1500
35315.000 # 1500
35315.883 - 88 21.432 1
35315.893 - 88 18.624 1
35315.896 - 88 16.713 1
35315.898 - 88 5.778 1
35315.901 - 88 5.726 1
35315.906 - 88 5.619 1
35315.908 - 88 2.015 1
35316.000 # 1500
35316.017 + 88 1
35317.915 + 88 1
35320.000 # 1500
35320.000 # 1500
35320.000 # 1500
35320.662 + 88 1
35320.853 - 88 4.836 1
35320.863 - 88 2.948 1
35323.000 # 1500
35323.524 + 88 1
35323.711 - 88 3.049 1
35326.601 + 88 1
35326.654 + 88 1
35333.000 # 1500
35333.000 # 1500
35334.000 # 1500
35334.000 # 1500
35334.000 # 1500
35334.337 - 88 10.813 1
35334.346 - 88 7.745 1
35334.349 - 88 7.695 1
35336.248 + 88 1
35336.297 + 88 1
35336.313 + 88 1
35336.328 + 88 1
35339.665 + 88 1
35341.629 + 88 1
35343.625 + 88 1
35344.000 # 1500
35345.000 # 1500
35345.381 - 88 9.133 1
35345.402 - 88 9.105 1
35345.410 - 88 9.097 1
35345.417 - 88 9.089 1
35345.424 - 88 5.759 1
35345.579 - 88 3.950 1
35345.597 - 88 1.972 1
35345.635 + 88 1
35347.717 + 88 1
35349.000 # 1500
35349.564 + 88 1
35349.670 - 88 4.035 1
35349.690 - 88 1.973 1
35350.000 # 1500
35350.000 # 1500
35351.000 # 1500
35351.501 - 88 1.937 1
35351.777 + 88 1
35353.516 + 88 1
35354.000 # 1500
35354.000 # 1500
35354.000 # 1500
35355.032 - 88 3.255 1
35355.053 - 88 1.537 1
35355.535 + 88 1
35357.625 + 88 1
35360.167 + 88 1
35364.000 # 1500
35364.000 # 1500
35364.000 # 1500
35364.802 - 88 9.267 1
35364.823 - 88 7.198 1
35364.830 - 88 4.663 1
35365.489 + 88 1
35365.889 + 88 1
35374.000 # 1500
35374.000 # 1500
35374.000 # 1500
35374.000 # 1500
35374.000 # 1500
35374.000 # 1500
35374.000 # 1500
35374.000 # 1500
35374.644 - 88 9.155 1
35374.665 - 88 8.776 1
35375.000 # 1500
35375.000 # 1500
35375.000 # 1500
35376.237 + 88 1
35379.000 # 1500
35379.000 # 1500
35379.000 # 1500
35379.000 # 1500
35380.620 - 88 4.383 1
35382.796 + 88 1
35388.331 + 88 1
35392.676 + 88 1
35394.000 # 1500
35394.000 # 1500
35394.000 # 1500
35394.000 # 1500
35396.013 - 88 13.217 1
35396.034 - 88 7.703 1
35396.043 - 88 3.367 1
35397.055 + 88 1
35401.006 + 88 1
35403.000 # 1500
35403.000 # 1500
35403.000 # 1500
35403.000 # 1500
35403.930 - 88 6.875 1
35403.954 - 88 2.948 1
35411.250 + 88 1
35414.043 + 88 1
35415.991 + 88 1
35416.000 # 1500
35416.000 # 1500
35416.000 # 1500
35416.357 - 88 5.107 1
35416.573 - 88 2.530 1
35417.000 # 1500
35417.000 # 1500
35417.000 # 1500
35417.849 + 88 1
35417.992 - 88 2.001 1
35419.000 # 1500
35419.000 # 1500
35419.000 # 1500
35419.553 - 88 1.704 1
35427.538 + 88 1
35428.579 + 88 1
35432.202 + 88 1
35434.000 # 1500
35434.000 # 1500
35434.000 # 1500
35434.000 # 1500
35434.000 # 1500
35434.000 # 1500
35435.000 # 1500
35435.000 # 1500
35435.000 # 1500
35435.095 - 88 7.557 1
35435.115 - 88 6.536 1
35435.124 - 88 2.922 1
35441.464 + 88 1
35446.000 # 1500
35446.000 # 1500
35446.000 # 1500
35446.000 # 1500
35446.000 # 1500
35447.882 - 88 6.418 1
35448.352 + 88 1
35449.000 # 1500
35449.723 - 88 1.371 1
35451.000 # 1500
35452.000 # 1500
35452.027 + 88 1
35454.000 # 1500
35454.972 - 88 2.945 1
35456.000 # 1500
35459.000 # 1500
35460.831 + 88 1
35466.624 + 88 1
35468.369 + 88 1
35468.746 + 88 1
35469.000 # 1500
35470.000 # 1500
35470.175 - 88 9.344 1
35470.201 - 88 3.577 1
35470.209 - 88 1.840 1
35470.216 - 88 1.470 1
35473.463 + 88 1
35475.000 # 1500
35475.000 # 1500
35475.000 # 1500
35475.000 # 1500
35475.000 # 1500
35475.903 - 88 2.440 1
35477.221 + 88 1
35479.264 + 88 1
35484.000 # 1500
35484.000 # 1500
35484.000 # 1500
35484.000 # 1500
35484.912 - 88 7.691 1
35484.933 - 88 5.669 1
35486.000 # 1500
35488.000 # 1500
35488.408 + 88 1
35488.560 + 88 1
35490.000 # 1500
35491.000 # 1500
35492.000 # 1500
35492.311 - 88 3.903 1
35492.415 - 88 3.855 1
35494.966 + 88 1
35495.000 # 1500
35495.000 # 1500
35496.677 + 88 1
35497.000 # 1500
35497.000 # 1500
35498.315 - 88 3.349 1
35498.386 - 88 1.709 1
35499.000 # 1500
35499.922 + 88 1
35501.000 # 1500
35501.000 # 1500
35501.916 - 88 1.994 1
35502.144 + 88 1
35504.413 + 88 1
35513.000 # 1500
35514.000 # 1500
35514.000 # 1500
35515.000 # 1500
35515.000 # 1500
35515.000 # 1500
35515.173 - 88 13.029 1
35515.217 - 88 10.804 1
35517.000 # 1500
35517.115 + 88 1
35519.049 + 88 1
35527.746 + 88 1
35529.825 + 88 1
35532.000 # 1500
35532.000 # 1500
35532.000 # 1500
35532.000 # 1500
35533.011 - 88 15.896 1
35533.050 - 88 14.001 1
35533.067 - 88 5.321 1
35533.074 - 88 3.249 1
35533.151 + 88 1
35533.283 + 88 1
35533.502 + 88 1
35534.718 + 88 1
35536.648 + 88 1
35537.000 # 1500
35537.000 # 1500
35537.000 # 1500
35538.598 + 88 1
35538.719 - 88 5.568 1
35538.744 - 88 5.461 1
35538.758 - 88 5.256 1
35538.771 - 88 4.053 1
35538.877 - 88 2.229 1
35539.000 # 1500
35539.089 - 88 0.491 1
35540.000 # 1500
35542.000 # 1500
35542.390 + 88 1
35544.382 + 88 1
35545.000 # 1500
35546.000 # 1500
35546.404 + 88 1
35546.584 - 88 4.194 1
35546.621 - 88 2.239 1
35548.000 # 1500
35548.327 + 88 1
35548.648 - 88 2.244 1
35550.000 # 1500
35550.334 + 88 1
35550.686 - 88 2.359 1
35561.979 + 88 1
35562.000 # 1500
35562.340 - 88 12.006 1
35563.000 # 1500
35563.827 - 88 1.848 1
35568.961 + 88 1
35570.931 + 88 1
35572.821 + 88 1
35574.000 # 1500
35574.000 # 1500
35574.000 # 1500
35574.000 # 1500
35574.000 # 1500
35574.758 + 88 1
35575.202 - 88 6.241 1
35575.291 - 88 4.360 1
35575.322 - 88 2.501 1
35577.976 + 88 1
35582.562 + 88 1
35582.668 + 88 1
35584.506 + 88 1
35585.000 # 1500
35585.000 # 1500
35585.000 # 1500
35586.383 - 88 11.625 1
35586.476 - 88 8.500 1
35586.561 - 88 3.999 1
35586.574 - 88 3.906 1
35586.582 - 88 2.076 1
35587.000 # 1500
35589.000 # 1500
35592.000 # 1500
35593.000 # 1500
35595.000 # 1500
35595.465 + 88 1
35595.798 + 88 1
35599.000 # 1500
35599.118 + 88 1
35599.224 + 88 1
35599.803 - 88 4.338 1
35600.000 # 1500
35600.025 - 88 4.227 1
35602.000 # 1500
35602.007 - 88 2.889 1
35602.029 - 88 2.805 1
35602.295 + 88 1
35604.196 + 88 1
35606.386 + 88 1
35607.000 # 1500
35608.121 - 88 5.826 1
35608.142 - 88 3.946 1
35608.151 - 88 1.765 1
35610.000 # 1500
35610.108 + 88 1
35611.000 # 1500
35611.957 - 88 1.849 1
35612.000 # 1500
35612.232 + 88 1
35613.833 + 88 1
35615.000 # 1500
35615.802 + 88 1
35616.569 - 88 4.337 1
35616.732 - 88 2.899 1
35618.824 + 88 1
35619.213 + 88 1
35622.742 + 88 1
35625.513 + 88 1
35626.751 + 88 1
35627.000 # 1500
35627.000 # 1500
35628.000 # 1500
35628.000 # 1500
35628.443 - 88 12.641 1
35628.681 - 88 9.857 1
35628.811 - 88 9.598 1
35628.830 - 88 6.088 1
35628.839 - 88 3.326 1
35628.846 - 88 2.095 1
35628.871 + 88 1
35629.000 # 1500
35630.805 - 88 1.934 1
35631.212 + 88 1
35634.430 + 88 1
35636.600 + 88 1
35638.368 + 88 1
35643.000 # 1500
35644.000 # 1500
35644.000 # 1500
35644.000 # 1500
35644.000 # 1500
35644.000 # 1500
35644.000 # 1500
35644.054 - 88 12.842 1
35644.196 - 88 9.766 1
35644.226 - 88 7.626 1
35644.234 - 88 5.866 1
35645.000 # 1500
35645.000 # 1500
35648.863 + 88 1
35649.252 + 88 1
35649.368 + 88 1
35655.000 # 1500
35655.659 - 88 6.796 1
35655.686 - 88 6.434 1
35655.729 - 88 6.361 1
35656.000 # 1500
35656.000 # 1500
35656.000 # 1500
35656.000 # 1500
35656.000 # 1500
35660.885 + 88 1
35665.000 # 1500
35665.000 # 1500
35666.393 - 88 5.508 1
35666.571 + 88 1
35666.884 + 88 1
35668.806 + 88 1
35677.440 + 88 1
35681.405 + 88 1
35684.331 + 88 1
35687.280 + 88 1
35692.039 + 88 1
35694.773 + 88 1
35696.993 + 88 1
35698.832 + 88 1
35700.000 # 1500
35700.000 # 1500
35700.000 # 1500
35700.000 # 1500
35700.000 # 1500
35700.000 # 1500
35700.000 # 1500
35700.000 # 1500
35701.532 - 88 34.961 1
35701.591 - 88 34.707 1
35701.660 - 88 32.854 1
35701.683 - 88 24.243 1
35701.700 - 88 20.295 1
35701.714 - 88 17.383 1
35701.728 - 88 14.448 1
35701.741 - 88 9.702 1
35701.754 - 88 6.981 1
35701.767 - 88 4.774 1
35701.780 - 88 2.948 1
35702.135 + 88 1
35705.616 + 88 1
35707.556 + 88 1
35718.275 + 88 1
35718.414 + 88 1
35718.695 + 88 1
35720.210 + 88 1
35722.292 + 88 1
35726.914 + 88 1
35729.865 + 88 1
35731.737 + 88 1
35735.499 + 88 1
35736.000 # 1500
35736.000 # 1500
35736.000 # 1500
35736.126 - 88 33.991 1
35736.257 - 88 30.641 1
35736.331 - 88 28.775 1
35736.356 - 88 18.081 1
35736.372 - 88 17.958 1
35736.387 - 88 17.692 1
35736.400 - 88 16.190 1
35736.406 + 88 1
35736.414 - 88 14.122 1
35736.427 - 88 9.513 1
35736.441 - 88 6.576 1
35736.454 - 88 4.717 1
35736.467 - 88 0.968 1
35737.000 # 1500
35737.000 # 1500
35737.000 # 1500
35737.000 # 1500
35737.000 # 1500
35737.000 # 1500
35737.000 # 1500
35737.000 # 1500
35737.852 - 88 1.446 1
35738.000 # 1500
35738.000 # 1500
35738.000 # 1500
35738.000 # 1500
35738.000 # 1500
35738.000 # 1500
35738.000 # 1500
35738.000 # 1500
35738.000 # 1500
35738.000 # 1500
35739.000 # 1500
35739.000 # 1500
35739.000 # 1500
35740.138 + 88 1
35741.588 + 88 1
35744.447 + 88 1
35746.638 + 88 1
35750.468 + 88 1
35754.000 # 1500
35754.000 # 1500
35754.000 # 1500
35754.000 # 1500
35754.000 # 1500
35754.000 # 1500
35754.000 # 1500
35754.509 + 88 1
35754.857 - 88 14.719 1
35754.877 - 88 13.289 1
35754.885 - 88 10.438 1
35754.892 - 88 8.254 1
35754.899 - 88 4.431 1
35755.000 # 1500
35756.045 - 88 1.536 1
35759.000 # 1500
35761.000 # 1500
35762.000 # 1500
35765.000 # 1500
35766.999 + 88 1
35767.000 # 1500
35768.910 + 88 1
35778.866 + 88 1
35782.806 + 88 1
35784.710 + 88 1
35788.380 + 88 1
35791.000 # 1500
35791.000 # 1500
35791.000 # 1500
35791.000 # 1500
35792.219 - 88 25.220 1
35792.317 - 88 23.407 1
35792.396 - 88 13.530 1
35792.409 - 88 9.603 1
35792.417 - 88 7.707 1
35792.425 - 88 4.045 1
35798.437 + 88 1
35800.480 + 88 1
35805.131 + 88 1
35806.624 + 88 1
35808.882 + 88 1
35811.013 + 88 1
35813.000 # 1500
35813.000 # 1500
35813.000 # 1500
35813.571 - 88 15.134 1
35813.681 - 88 13.201 1
35813.697 - 88 8.566 1
35813.711 - 88 7.087 1
35813.724 - 88 4.842 1
35813.737 - 88 2.724 1
35814.000 # 1500
35814.000 # 1500
35814.000 # 1500
35814.346 + 88 1
35817.716 + 88 1
35823.604 + 88 1
35828.463 + 88 1
35830.455 + 88 1
35832.350 + 88 1
35834.000 # 1500
35834.000 # 1500
35834.000 # 1500
35835.142 - 88 20.796 1
35835.196 - 88 17.480 1
35835.214 - 88 11.610 1
35835.228 - 88 6.765 1
35835.242 - 88 4.787 1
35835.255 - 88 2.905 1
35835.575 + 88 1
35836.939 + 88 1
35837.000 # 1500
35837.000 # 1500
35837.257 - 88 1.682 1
35838.000 # 1500
35838.897 - 88 1.958 1
35839.382 + 88 1
35840.000 # 1500
35840.856 - 88 1.474 1
35841.178 + 88 1
35842.000 # 1500
35843.083 - 88 1.905 1
35843.408 + 88 1
35845.000 # 1500
35845.046 + 88 1
35845.285 - 88 1.877 1
35846.000 # 1500
35846.925 - 88 1.879 1
35847.849 + 88 1
35850.000 # 1500
35850.852 - 88 3.003 1
35851.108 + 88 1
35853.000 # 1500
35853.849 - 88 2.741 1
35854.000 # 1500
35854.130 + 88 1
35856.104 + 88 1
35858.131 + 88 1
35861.800 + 88 1
35870.430 + 88 1
35870.560 + 88 1
35870.576 + 88 1
35872.595 + 88 1
35874.000 # 1500
35874.000 # 1500
35874.567 + 88 1
35875.000 # 1500
35875.022 - 88 20.892 1
35875.113 - 88 19.009 1
35875.143 - 88 17.012 1
35875.152 - 88 13.352 1
35875.160 - 88 4.730 1
35875.166 - 88 4.606 1
35875.230 - 88 4.654 1
35875.246 - 88 2.651 1
35876.473 - 88 1.906 1
35876.920 + 88 1
35880.160 + 88 1
35883.676 + 88 1
35885.078 + 88 1
35887.653 + 88 1
35889.410 + 88 1
35892.034 + 88 1
35893.000 # 1500
35893.000 # 1500
35893.000 # 1500
35894.438 - 88 17.518 1
35894.460 - 88 14.300 1
35894.469 - 88 10.793 1
35894.476 - 88 9.398 1
35894.483 - 88 6.830 1
35894.489 - 88 5.079 1
35894.496 + 88 1
35894.496 - 88 2.462 1
35896.614 + 88 1
35898.020 + 88 1
35900.241 + 88 1
35903.718 + 88 1
35905.646 + 88 1
35905.843 + 88 1
35908.748 + 88 1
35910.819 + 88 1
35913.619 + 88 1
35915.721 + 88 1
35918.537 + 88 1
35921.507 + 88 1
35923.389 + 88 1
35925.998 + 88 1
35928.459 + 88 1
35932.043 + 88 1
35933.921 + 88 1
35950.000 # 1500
35950.451 - 88 55.955 1
35950.547 - 88 53.933 1
35950.568 - 88 52.548 1
35950.576 - 88 50.335 1
35950.584 - 88 46.866 1
35950.591 - 88 44.945 1
35950.597 - 88 44.754 1
35950.604 - 88 41.856 1
35950.610 - 88 39.791 1
35950.617 - 88 36.998 1
35950.630 - 88 34.909 1
35950.637 - 88 32.100 1
35950.643 - 88 29.136 1
35950.650 - 88 27.261 1
35950.656 - 88 24.658 1
35950.663 - 88 22.204 1
35951.000 # 1500
35951.000 # 1500
35951.000 # 1500
35951.000 # 1500
35951.000 # 1500
35951.000 # 1500
35951.000 # 1500
35951.000 # 1500
35952.000 # 1500
35952.000 # 1500
35952.000 # 1500
35952.000 # 1500
35952.318 - 88 20.275 1
35952.345 - 88 18.424 1
35952.677 + 88 1
35955.398 + 88 1
35957.455 + 88 1
35959.620 + 88 1
35960.529 + 88 1
35962.493 + 88 1
35969.305 + 88 1
35971.347 + 88 1
35972.601 + 88 1
35973.859 + 88 1
35978.144 + 88 1
35981.009 + 88 1
35981.207 + 88 1
35983.142 + 88 1
35985.923 + 88 1
35988.578 + 88 1
35989.481 + 88 1
35992.502 + 88 1
35994.746 + 88 1
35997.590 + 88 1
36000.273 + 88 1
36002.241 + 88 1
36009.000 # 1500
36009.000 # 1500
36009.000 # 1500
36009.000 # 1500
36009.000 # 1500
36010.000 # 1500
36010.151 - 88 57.474 1
36010.172 - 88 54.774 1
36010.252 - 88 52.797 1
36010.329 - 88 50.709 1
36010.341 - 88 49.812 1
36010.350 - 88 47.857 1
36010.357 - 88 41.052 1
36010.364 - 88 39.017 1
36010.371 - 88 37.770 1
36010.377 - 88 36.518 1
36010.384 - 88 32.240 1
36010.390 - 88 29.381 1
36010.396 - 88 29.189 1
36010.402 - 88 27.260 1
36010.409 - 88 24.486 1
36010.415 - 88 21.837 1
36010.421 - 88 20.940 1
36010.428 - 88 17.926 1
36010.435 - 88 15.689 1
36010.441 - 88 12.851 1
36010.448 - 88 10.175 1
36010.454 - 88 8.213 1
36011.000 # 1500
36011.000 # 1500
36011.000 # 1500
36011.000 # 1500
36011.000 # 1500
36011.000 # 1500
36011.000 # 1500
36011.000 # 1500
36011.000 # 1500
36011.000 # 1500
36012.000 # 1500
36012.000 # 1500
36012.000 # 1500
36012.000 # 1500
36012.000 # 1500
36012.000 # 1500
36012.000 # 1500
36012.000 # 1500
36012.000 # 1500
36012.000 # 1500
36016.860 + 88 1
36016.987 + 88 1
36027.149 + 88 1
36031.219 + 88 1
36034.000 # 1500
36034.630 - 88 17.770 1
36034.653 - 88 17.666 1
36034.668 - 88 7.519 1
36034.681 - 88 3.462 1
36035.031 + 88 1
36036.780 + 88 1
36036.957 + 88 1
36040.301 + 88 1
36041.388 + 88 1
36043.683 + 88 1
36044.000 # 1500
36044.000 # 1500
36044.000 # 1500
36045.317 + 88 1
36045.545 - 88 10.514 1
36045.571 - 88 8.791 1
36045.585 - 88 8.628 1
36045.652 - 88 5.351 1
36045.665 - 88 4.277 1
36045.678 - 88 1.995 1
36050.059 + 88 1
36052.136 + 88 1
36052.342 + 88 1
36053.000 # 1500
36053.000 # 1500
36053.000 # 1500
36053.000 # 1500
36053.757 - 88 8.440 1
36053.782 - 88 3.723 1
36053.796 - 88 1.660 1
36053.809 - 88 1.467 1
36055.420 + 88 1
36059.000 # 1500
36060.000 # 1500
36060.080 - 88 4.660 1
36061.000 # 1500
36063.000 # 1500
36072.968 + 88 1
36076.430 + 88 1
36076.502 + 88 1
36076.572 + 88 1
36076.763 + 88 1
36077.463 + 88 1
36079.753 + 88 1
36081.984 + 88 1
36084.000 # 1500
36085.013 - 88 12.045 1
36085.039 - 88 8.609 1
36085.053 - 88 8.551 1
36085.066 - 88 8.494 1
36085.079 - 88 8.316 1
36085.091 - 88 7.628 1
36085.105 - 88 5.352 1
36085.118 - 88 3.134 1
36086.472 + 88 1
36089.000 # 1500
36089.000 # 1500
36089.989 - 88 3.517 1
36095.000 # 1500
36095.000 # 1500
36096.481 + 88 1
36096.604 + 88 1
36098.432 + 88 1
36099.000 # 1500
36099.000 # 1500
36099.891 - 88 3.410 1
36100.203 - 88 3.599 1
36100.221 - 88 1.789 1
36100.653 + 88 1
36101.021 + 88 1
36101.360 + 88 1
36105.210 + 88 1
36105.425 + 88 1
36106.000 # 1500
36107.272 - 88 6.619 1
36107.312 - 88 6.291 1
36107.321 - 88 5.961 1
36107.327 - 88 2.117 1
36107.335 - 88 1.910 1
36108.118 + 88 1
36109.782 + 88 1
36111.000 # 1500
36112.568 - 88 4.450 1
36112.591 - 88 2.809 1
36112.886 + 88 1
36113.000 # 1500
36113.164 - 88 0.278 1
36116.839 + 88 1
36117.000 # 1500
36118.412 - 88 1.573 1
36118.618 + 88 1
36119.000 # 1500
36120.671 - 88 2.053 1
36120.683 + 88 1
36121.000 # 1500
36121.149 - 88 0.466 1
36122.211 + 88 1
36124.000 # 1500
36124.688 - 88 2.477 1
36125.483 + 88 1
36127.344 + 88 1
36128.000 # 1500
36129.189 - 88 3.706 1
36129.210 - 88 1.866 1
36133.000 # 1500
36136.000 # 1500
36136.633 + 88 1
36136.779 + 88 1
36137.009 + 88 1
36138.413 + 88 1
36139.000 # 1500
36140.000 # 1500
36140.028 - 88 3.395 1
36140.048 - 88 3.269 1
36140.055 - 88 3.046 1
36140.062 - 88 1.649 1
36140.435 + 88 1
36144.000 # 1500
36144.093 + 88 1
36144.415 - 88 3.980 1
36145.936 + 88 1
36146.000 # 1500
36146.192 - 88 2.099 1
36146.216 + 88 1
36149.000 # 1500
36150.725 - 88 4.789 1
36150.753 - 88 4.537 1
36152.000 # 1500
36157.834 + 88 1
36157.901 + 88 1
36159.913 + 88 1
36161.592 + 88 1
36163.663 + 88 1
36164.000 # 1500
36164.000 # 1500
36164.000 # 1500
36165.263 - 88 7.429 1
36165.288 - 88 7.387 1
36165.303 - 88 5.390 1
36165.316 - 88 3.724 1
36165.329 - 88 1.666 1
36165.729 + 88 1
36167.000 # 1500
36168.070 - 88 2.341 1
36171.000 # 1500
36172.895 + 88 1
36173.000 # 1500
36174.066 + 88 1
36180.791 + 88 1
36181.251 + 88 1
36181.668 + 88 1
36182.148 + 88 1
36183.000 # 1500
36183.738 - 88 10.843 1
36183.967 - 88 9.901 1
36183.985 - 88 3.194 1
36183.999 - 88 2.748 1
36184.013 - 88 2.345 1
36184.155 - 88 2.007 1
36184.406 + 88 1
36187.221 + 88 1
36187.379 + 88 1
36189.612 + 88 1
36191.630 + 88 1
36193.000 # 1500
36193.000 # 1500
36194.460 - 88 10.054 1
36194.487 - 88 7.266 1
36194.501 - 88 7.122 1
36194.515 - 88 4.903 1
36194.527 - 88 2.897 1
36195.000 # 1500
36195.297 + 88 1
36197.473 + 88 1
36198.000 # 1500
36198.000 # 1500
36199.000 # 1500
36199.341 - 88 4.044 1
36199.367 - 88 1.894 1
36200.333 + 88 1
36201.000 # 1500
36202.292 - 88 1.959 1
36202.521 + 88 1
36206.235 + 88 1
36206.577 + 88 1
36210.167 + 88 1
36210.605 + 88 1
36212.360 + 88 1
36214.957 + 88 1
36216.514 + 88 1
36218.721 + 88 1
36220.950 + 88 1
36223.000 # 1500
36223.000 # 1500
36223.000 # 1500
36224.000 # 1500
36224.223 - 88 21.702 1
36224.278 - 88 18.043 1
36224.306 - 88 17.729 1
36224.446 - 88 14.279 1
36224.501 + 88 1
36224.701 - 88 14.096 1
36224.719 - 88 12.359 1
36224.733 - 88 9.776 1
36224.748 - 88 8.234 1
36224.761 - 88 6.040 1
36224.775 - 88 3.825 1
36226.982 + 88 1
36227.507 + 88 1
36229.000 # 1500
36229.702 - 88 5.201 1
36229.727 - 88 2.745 1
36229.742 - 88 2.235 1
36229.923 + 88 1
36233.000 # 1500
36233.000 # 1500
36233.487 - 88 3.564 1
36233.999 + 88 1
36234.282 + 88 1
36236.639 + 88 1
36238.000 # 1500
36238.000 # 1500
36238.986 + 88 1
36239.315 - 88 5.316 1
36239.341 - 88 5.059 1
36239.356 - 88 2.717 1
36240.706 + 88 1
36242.458 + 88 1
36243.000 # 1500
36244.399 - 88 5.413 1
36244.419 - 88 3.713 1
36244.434 - 88 1.976 1
36244.646 + 88 1
36245.589 + 88 1
36249.390 + 88 1
36249.517 + 88 1
36251.303 + 88 1
36253.339 + 88 1
36254.000 # 1500
36254.000 # 1500
36254.000 # 1500
36254.753 - 88 10.107 1
36254.788 - 88 9.199 1
36254.803 - 88 5.413 1
36254.817 - 88 5.300 1
36254.831 - 88 3.528 1
36254.844 - 88 1.505 1
36256.006 + 88 1
36259.000 # 1500
36260.323 - 88 4.317 1
36264.000 # 1500
36274.155 + 88 1
36274.468 + 88 1
36276.484 + 88 1
36277.000 # 1500
36278.006 - 88 3.851 1
36278.026 - 88 3.558 1
36278.034 - 88 1.550 1
36278.960 + 88 1
36289.007 + 88 1
36292.669 + 88 1
36293.000 # 1500
36293.000 # 1500
36293.000 # 1500
36293.000 # 1500
36294.539 + 88 1
36294.653 - 88 15.693 1
36294.819 - 88 5.812 1
36294.899 - 88 2.230 1
36297.532 + 88 1
36306.466 + 88 1
36308.558 + 88 1
36310.497 + 88 1
36312.361 + 88 1
36314.316 + 88 1
36318.051 + 88 1
36322.009 + 88 1
36322.187 + 88 1
36324.475 + 88 1
36325.549 + 88 1
36329.800 + 88 1
36330.053 + 88 1
36339.882 + 88 1
36345.000 # 1500
36345.000 # 1500
36345.000 # 1500
36346.181 - 88 51.642 1
36346.237 - 88 48.705 1
36346.304 - 88 39.838 1
36346.330 - 88 37.772 1
36346.345 - 88 35.848 1
36346.358 - 88 33.997 1
36346.373 - 88 32.057 1
36346.387 - 88 28.336 1
36346.400 - 88 24.391 1
36346.413 - 88 24.226 1
36346.426 - 88 21.951 1
36346.440 - 88 20.891 1
36346.453 - 88 16.653 1
36346.466 - 88 16.413 1
36346.479 - 88 6.597 1
36356.241 + 88 1
36359.174 + 88 1
36359.237 + 88 1
36359.309 + 88 1
36359.659 + 88 1
36371.987 + 88 1
36376.082 + 88 1
36385.582 + 88 1
36387.000 # 1500
36387.000 # 1500
36388.000 # 1500
36388.000 # 1500
36388.211 - 88 31.970 1
36388.329 - 88 29.155 1
36388.346 - 88 29.109 1
36388.360 - 88 29.051 1
36388.374 - 88 28.715 1
36388.387 - 88 16.400 1
36388.402 - 88 12.320 1
36388.415 - 88 2.833 1
36389.380 + 88 1
36391.598 + 88 1
36393.674 + 88 1
36396.296 + 88 1
36396.503 + 88 1
36399.000 # 1500
36399.339 + 88 1
36399.601 - 88 10.221 1
36399.627 - 88 8.029 1
36399.709 - 88 6.035 1
36399.732 - 88 3.436 1
36399.747 - 88 3.244 1
36400.000 # 1500
36400.000 # 1500
36400.000 # 1500
36400.000 # 1500
36400.763 + 88 1
36401.174 - 88 1.835 1
36403.964 + 88 1
36407.306 + 88 1
36409.214 + 88 1
36412.040 + 88 1
36414.096 + 88 1
36417.022 + 88 1
36419.686 + 88 1
36429.400 + 88 1
36429.741 + 88 1
36433.000 # 1500
36434.251 - 88 33.488 1
36434.290 - 88 30.326 1
36434.361 - 88 27.055 1
36434.374 - 88 25.160 1
36434.383 - 88 22.343 1
36434.390 - 88 20.294 1
36434.396 - 88 17.374 1
36434.403 - 88 14.717 1
36434.409 - 88 5.009 1
36434.416 - 88 4.675 1
36436.000 # 1500
36436.000 # 1500
36436.000 # 1500
36436.000 # 1500
36436.000 # 1500
36436.000 # 1500
36436.000 # 1500
36436.000 # 1500
36437.000 # 1500
36437.000 # 1500
36437.000 # 1500
36437.000 # 1500
36437.000 # 1500
36437.000 # 1500
36437.000 # 1500
36437.000 # 1500
36438.000 # 1500
36438.000 # 1500
36438.000 # 1500
36438.000 # 1500
36440.339 + 88 1
36440.409 + 88 1
36440.470 + 88 1
36440.765 + 88 1
36442.000 # 1500
36443.857 - 88 3.518 1
36443.880 - 88 3.471 1
36443.895 - 88 3.425 1
36443.909 - 88 3.144 1
36443.953 + 88 1
36444.000 # 1500
36447.069 + 88 1
36447.262 + 88 1
36448.000 # 1500
36449.748 - 88 5.795 1
36449.766 - 88 2.697 1
36449.779 - 88 2.517 1
36450.000 # 1500
36450.332 + 88 1
36452.000 # 1500
36453.144 - 88 2.812 1
36453.233 + 88 1
36455.081 + 88 1
36462.785 + 88 1
36462.960 + 88 1
36464.864 + 88 1
36472.358 + 88 1
36472.724 + 88 1
36475.346 + 88 1
36475.715 + 88 1
36478.515 + 88 1
36481.324 + 88 1
36483.222 + 88 1
36484.000 # 1500
36484.000 # 1500
36484.000 # 1500
36484.000 # 1500
36484.000 # 1500
36484.999 - 88 31.766 1
36485.040 - 88 29.959 1
36485.057 - 88 22.272 1
36485.066 - 88 22.106 1
36485.074 - 88 20.210 1
36485.081 - 88 12.723 1
36485.087 - 88 12.363 1
36485.100 - 88 9.754 1
36485.107 - 88 9.392 1
36485.113 - 88 6.598 1
36485.120 - 88 3.796 1
36485.127 - 88 1.905 1
36486.000 # 1500
36486.000 # 1500
36486.000 # 1500
36487.244 + 88 1
36487.307 + 88 1
36494.000 # 1500
36494.892 - 88 7.648 1
36494.911 - 88 7.604 1
36497.782 + 88 1
36498.000 # 1500
36498.000 # 1500
36499.652 - 88 1.870 1
36501.644 + 88 1
36501.697 + 88 1
36503.000 # 1500
36504.548 - 88 2.904 1
36504.566 - 88 2.869 1
36505.000 # 1500
36506.000 # 1500
36507.745 + 88 1
36509.585 + 88 1
36510.000 # 1500
36511.392 - 88 3.647 1
36511.411 - 88 1.826 1
36512.000 # 1500
36514.000 # 1500
36515.000 # 1500
36519.287 + 88 1
36537.738 + 88 1
36537.828 + 88 1
36543.000 # 1500
36543.000 # 1500
36543.000 # 1500
36544.000 # 1500
36544.000 # 1500
36544.553 - 88 25.266 1
36544.649 - 88 6.911 1
36544.728 - 88 6.900 1
36545.000 # 1500
36545.000 # 1500
36545.000 # 1500
36546.000 # 1500
36546.000 # 1500
36546.000 # 1500
36546.977 + 88 1
36547.768 + 88 1
36549.000 # 1500
36549.698 + 88 1
36549.970 - 88 2.993 1
36549.989 - 88 2.221 1
36550.000 # 1500
36551.402 - 88 1.704 1
36552.000 # 1500
36552.142 + 88 1
36552.184 + 88 1
36554.498 + 88 1
36557.081 + 88 1
36558.417 + 88 1
36560.309 + 88 1
36562.309 + 88 1
36567.952 + 88 1
36571.978 + 88 1
36572.026 + 88 1
36578.776 + 88 1
36579.000 # 1500
36580.000 # 1500
36580.000 # 1500
36580.000 # 1500
36580.000 # 1500
36580.000 # 1500
36580.000 # 1500
36580.000 # 1500
36580.707 - 88 28.565 1
36580.869 - 88 28.685 1
36580.898 - 88 26.400 1
36580.906 - 88 23.825 1
36580.913 - 88 22.496 1
36580.919 - 88 20.610 1
36580.926 - 88 18.617 1
36580.932 - 88 12.980 1
36580.938 - 88 8.960 1
36580.944 - 88 8.918 1
36580.951 - 88 2.175 1
36581.000 # 1500
36581.000 # 1500
36581.000 # 1500
36582.000 # 1500
36583.000 # 1500
36585.000 # 1500
36587.000 # 1500
36587.258 + 88 1
36589.000 # 1500
36589.000 # 1500
36589.887 - 88 2.629 1
36590.883 + 88 1
36591.000 # 1500
36592.635 - 88 1.752 1
36593.000 # 1500
36593.424 + 88 1
36595.419 + 88 1
36596.000 # 1500
36597.000 # 1500
36597.237 - 88 3.813 1
36597.253 - 88 1.834 1
36606.000 # 1500
36606.000 # 1500
36606.000 # 1500
36606.000 # 1500
36606.000 # 1500
36606.137 + 88 1
36606.214 + 88 1
36606.506 + 88 1
36607.923 + 88 1
36608.000 # 1500
36608.344 - 88 2.207 1
36608.489 - 88 2.275 1
36608.518 - 88 2.012 1
36610.000 # 1500
36610.924 - 88 3.001 1
36611.000 # 1500
36611.153 + 88 1
36613.000 # 1500
36613.839 - 88 2.686 1
36614.090 + 88 1
36616.266 + 88 1
36617.811 + 88 1
36619.769 + 88 1
36622.685 + 88 1
36624.000 # 1500
36624.000 # 1500
36624.000 # 1500
36625.000 # 1500
36626.416 - 88 12.326 1
36626.469 - 88 10.203 1
36626.537 - 88 8.726 1
36626.561 - 88 6.792 1
36626.576 - 88 3.891 1
36626.722 + 88 1
36626.814 + 88 1
36628.641 + 88 1
36630.560 + 88 1
36632.328 + 88 1
36634.642 + 88 1
36637.290 + 88 1
36639.276 + 88 1
36641.193 + 88 1
36644.000 # 1500
36644.000 # 1500
36644.000 # 1500
36644.000 # 1500
36644.000 # 1500
36644.000 # 1500
36644.000 # 1500
36645.254 - 88 18.532 1
36645.384 - 88 18.570 1
36645.521 + 88 1
36645.639 - 88 16.998 1
36645.666 - 88 15.106 1
36645.681 - 88 13.353 1
36645.696 - 88 11.054 1
36645.709 - 88 8.419 1
36645.722 - 88 6.446 1
36645.736 - 88 4.543 1
36645.737 + 88 1
36647.000 # 1500
36647.996 - 88 2.475 1
36648.017 - 88 2.280 1
36648.217 + 88 1
36649.983 + 88 1
36658.000 # 1500
36658.763 - 88 10.546 1
36658.782 - 88 8.799 1
36659.000 # 1500
36659.942 + 88 1
36660.500 + 88 1
36660.991 + 88 1
36661.000 # 1500
36661.073 + 88 1
36661.274 - 88 1.332 1
36661.464 - 88 0.964 1
36661.524 + 88 1
36665.000 # 1500
36665.000 # 1500
36666.788 - 88 5.797 1
36666.857 - 88 5.784 1
36666.872 - 88 5.348 1
36667.000 # 1500
36668.000 # 1500
36672.739 + 88 1
36674.489 + 88 1
36674.613 + 88 1
36674.944 + 88 1
36675.027 + 88 1
36677.305 + 88 1
36679.301 + 88 1
36681.291 + 88 1
36683.115 + 88 1
36685.198 + 88 1
36686.000 # 1500
36686.000 # 1500
36686.000 # 1500
36686.000 # 1500
36687.146 - 88 14.407 1
36687.294 - 88 12.805 1
36687.386 - 88 12.773 1
36687.398 - 88 12.454 1
36687.410 - 88 12.383 1
36687.418 - 88 10.113 1
36687.425 - 88 8.124 1
36687.431 - 88 6.140 1
36687.437 - 88 4.322 1
36687.443 + 88 1
36687.444 - 88 2.246 1
36690.364 + 88 1
36702.736 + 88 1
36702.836 + 88 1
36704.604 + 88 1
36706.525 + 88 1
36708.530 + 88 1
36713.456 + 88 1
36715.366 + 88 1
36717.275 + 88 1
36721.215 + 88 1
36723.113 + 88 1
36732.210 + 88 1
36733.951 + 88 1
36737.928 + 88 1
36739.755 + 88 1
36742.000 # 1500
36742.722 + 88 1
36742.884 - 88 55.441 1
36742.924 - 88 52.560 1
36742.941 - 88 40.205 1
36742.949 - 88 40.113 1
36742.958 - 88 38.354 1
36742.964 - 88 36.439 1
36742.972 - 88 34.442 1
36742.978 - 88 29.522 1
36742.984 - 88 27.618 1
36742.991 - 88 25.716 1
36742.997 - 88 21.782 1
36743.003 - 88 19.890 1
36743.009 - 88 10.799 1
36743.017 - 88 9.066 1
36743.023 - 88 5.095 1
36743.136 - 88 3.381 1
36746.705 + 88 1
36748.000 # 1500
36748.000 # 1500
36748.000 # 1500
36748.000 # 1500
36748.000 # 1500
36749.000 # 1500
36749.000 # 1500
36749.000 # 1500
36749.000 # 1500
36749.000 # 1500
36749.000 # 1500
36749.000 # 1500
36749.000 # 1500
36749.684 + 88 1
36749.945 - 88 7.223 1
36750.000 # 1500
36750.000 # 1500
36750.000 # 1500
36750.000 # 1500
36750.000 # 1500
36750.000 # 1500
36750.000 # 1500
36750.142 - 88 3.437 1
36750.160 - 88 0.476 1
36750.192 + 88 1
36753.000 # 1500
36754.514 - 88 4.322 1
36754.660 + 88 1
36755.434 + 88 1
36756.000 # 1500
36756.000 # 1500
36757.000 # 1500
36757.000 # 1500
36757.448 - 88 2.788 1
36757.468 - 88 2.034 1
36760.000 # 1500
36760.303 + 88 1
36761.000 # 1500
36762.387 - 88 2.084 1
36767.991 + 88 1
36771.000 # 1500
36771.000 # 1500
36772.038 - 88 4.047 1
36772.258 + 88 1
36775.977 + 88 1
36782.000 # 1500
36782.000 # 1500
36782.000 # 1500
36782.693 - 88 10.435 1
36782.712 - 88 6.735 1
36784.756 + 88 1
36788.000 # 1500
36788.000 # 1500
36789.557 - 88 4.801 1
36792.690 + 88 1
36794.499 + 88 1
36795.474 + 88 1
36799.410 + 88 1
36800.349 + 88 1
36804.112 + 88 1
36804.267 + 88 1
36807.977 + 88 1
36808.400 + 88 1
36811.000 # 1500
36811.001 + 88 1
36811.166 - 88 18.476 1
36811.224 - 88 16.725 1
36811.240 - 88 15.766 1
36811.254 - 88 11.844 1
36811.268 - 88 10.919 1
36811.281 - 88 7.169 1
36811.294 - 88 7.027 1
36811.307 - 88 3.330 1
36811.320 - 88 2.920 1
36812.989 + 88 1
36814.000 # 1500
36814.000 # 1500
36814.834 - 88 3.833 1
36814.861 - 88 1.872 1
36815.934 + 88 1
36816.093 + 88 1
36817.795 + 88 1
36820.867 + 88 1
36821.054 + 88 1
36825.573 + 88 1
36825.734 + 88 1
36828.443 + 88 1
36829.799 + 88 1
36833.352 + 88 1
36835.000 # 1500
36836.000 # 1500
36836.000 # 1500
36836.000 # 1500
36836.000 # 1500
36836.000 # 1500
36836.177 - 88 20.243 1
36836.230 - 88 20.137 1
36836.301 - 88 18.506 1
36836.327 - 88 15.460 1
36836.342 - 88 15.288 1
36836.356 - 88 10.783 1
36836.369 - 88 10.635 1
36836.382 - 88 7.939 1
36836.395 - 88 6.596 1
36836.407 - 88 3.055 1
36836.607 + 88 1
36836.763 + 88 1
36837.551 + 88 1
36842.227 + 88 1
36844.098 + 88 1
36844.267 + 88 1
36845.000 # 1500
36846.037 - 88 9.430 1
36846.059 - 88 9.296 1
36846.074 - 88 8.523 1
36846.088 - 88 3.861 1
36846.101 - 88 2.003 1
36846.114 - 88 1.847 1
36850.443 + 88 1
36850.481 + 88 1
36853.379 + 88 1
36853.415 + 88 1
36856.000 # 1500
36856.000 # 1500
36856.000 # 1500
36856.000 # 1500
36856.857 - 88 6.414 1
36856.878 - 88 6.397 1
36856.893 - 88 3.514 1
36856.908 - 88 3.493 1
36857.073 + 88 1
36859.144 + 88 1
36860.444 + 88 1
36862.541 + 88 1
36864.426 + 88 1
36866.260 + 88 1
36868.118 + 88 1
36870.000 # 1500
36870.000 # 1500
36870.763 - 88 13.690 1
36870.855 - 88 11.711 1
36870.940 - 88 10.496 1
36870.955 - 88 8.414 1
36870.965 - 88 6.539 1
36870.972 - 88 4.712 1
36870.979 - 88 2.861 1
36877.403 + 88 1
36877.512 + 88 1
36877.546 + 88 1
36877.596 + 88 1
36877.703 + 88 1
36883.782 + 88 1
36883.889 + 88 1
36884.000 # 1500
36884.000 # 1500
36884.000 # 1500
36884.000 # 1500
36885.713 - 88 8.310 1
36885.804 - 88 8.292 1
36885.888 - 88 8.342 1
36885.900 - 88 8.304 1
36885.908 - 88 8.205 1
36885.915 - 88 2.133 1
36885.921 - 88 2.032 1
36886.300 + 88 1
36888.000 # 1500
36889.543 - 88 3.243 1
36890.615 + 88 1
36890.725 + 88 1
36893.719 + 88 1
36896.617 + 88 1
36898.000 # 1500
36898.624 + 88 1
36898.735 + 88 1
36899.000 # 1500
36899.000 # 1500
36899.000 # 1500
36899.000 # 1500
36899.068 - 88 8.453 1
36899.134 - 88 8.409 1
36899.153 - 88 5.434 1
36899.162 - 88 2.545 1
36900.508 - 88 1.884 1
36900.536 - 88 1.801 1
36901.000 # 1500
36902.332 + 88 1
36911.991 + 88 1
36912.125 + 88 1
36912.274 + 88 1
36912.406 + 88 1
36913.988 + 88 1
36915.973 + 88 1
36918.885 + 88 1
36920.849 + 88 1
36921.119 + 88 1
36924.689 + 88 1
36927.916 + 88 1
36930.648 + 88 1
36932.538 + 88 1
36935.510 + 88 1
36937.478 + 88 1
36939.393 + 88 1
36941.388 + 88 1
36945.268 + 88 1
36945.362 + 88 1
36945.438 + 88 1
36947.211 + 88 1
36950.992 + 88 1
36951.175 + 88 1
36962.822 + 88 1
36962.994 + 88 1
36963.075 + 88 1
36963.151 + 88 1
36986.000 # 1500
36986.000 # 1500
36986.000 # 1500
36986.000 # 1500
36986.000 # 1500
36986.000 # 1500
36986.000 # 1500
36986.000 # 1500
36986.000 # 1500
36986.871 - 88 84.539 1
36986.971 - 88 74.980 1
36987.000 # 1500
36987.000 # 1500
36987.000 # 1500
36987.000 # 1500
36987.000 # 1500
36987.000 # 1500
36987.003 - 88 74.878 1
36987.013 - 88 74.739 1
36987.020 - 88 74.614 1
36987.027 - 88 73.039 1
36987.035 - 88 71.062 1
36987.042 - 88 68.157 1
36987.049 - 88 66.200 1
36987.055 - 88 65.936 1
36987.062 - 88 62.373 1
36987.068 - 88 59.152 1
36987.075 - 88 56.427 1
36987.082 - 88 54.544 1
36987.567 - 88 52.057 1
36987.591 - 88 50.113 1
36987.600 - 88 48.207 1
36987.609 - 88 46.221 1
36987.616 - 88 42.348 1
36987.623 - 88 42.261 1
36987.630 - 88 42.192 1
36987.636 - 88 40.425 1
36987.643 - 88 36.651 1
36987.649 - 88 36.474 1
36987.656 - 88 24.834 1
36987.662 - 88 24.668 1
36987.669 - 88 24.594 1
36987.674 - 88 24.523 1
36992.000 # 1500
36992.034 + 88 1
36992.177 + 88 1
36992.228 + 88 1
36993.000 # 1500
36994.145 - 88 2.111 1
36994.166 - 88 1.989 1
36994.175 - 88 1.947 1
36994.179 + 88 1
36996.080 + 88 1
36997.930 + 88 1
37001.793 + 88 1
37001.934 + 88 1
37002.000 # 1500
37002.172 - 88 7.993 1
37002.193 - 88 6.113 1
37002.201 - 88 4.271 1
37002.209 - 88 0.416 1
37003.775 + 88 1
37005.733 + 88 1
37006.000 # 1500
37007.655 - 88 5.721 1
37007.667 + 88 1
37007.682 - 88 3.907 1
37007.691 - 88 1.958 1
37008.786 + 88 1
37010.000 # 1500
37010.606 - 88 2.939 1
37010.620 - 88 1.834 1
37012.000 # 1500
37013.000 # 1500
37015.000 # 1500
37017.000 # 1500
37018.000 # 1500
37020.000 # 1500
37020.946 + 88 1
37021.108 + 88 1
37022.000 # 1500
37023.362 - 88 2.416 1
37023.382 - 88 2.274 1
37023.434 + 88 1
37025.214 + 88 1
37027.327 + 88 1
37031.036 + 88 1
37033.023 + 88 1
37034.000 # 1500
37034.000 # 1500
37034.000 # 1500
37034.000 # 1500
37034.000 # 1500
37034.000 # 1500
37035.123 - 88 11.689 1
37035.143 - 88 9.929 1
37035.151 - 88 7.824 1
37035.158 - 88 4.122 1
37035.165 - 88 2.142 1
37035.179 + 88 1
37037.175 + 88 1
37038.000 # 1500
37039.033 - 88 3.854 1
37039.051 - 88 1.876 1
37040.278 + 88 1
37042.050 + 88 1
37045.685 + 88 1
37048.000 # 1500
37048.000 # 1500
37048.000 # 1500
37048.670 - 88 8.392 1
37048.690 - 88 6.640 1
37048.698 - 88 3.013 1
37049.607 + 88 1
37050.041 + 88 1
37051.000 # 1500
37051.690 - 88 2.083 1
37051.710 - 88 1.669 1
37057.618 + 88 1
37057.753 + 88 1
37058.000 # 1500
37059.336 - 88 1.718 1
37059.348 - 88 1.595 1
37059.630 + 88 1
37061.194 + 88 1
37064.000 # 1500
37064.420 + 88 1
37065.060 - 88 5.430 1
37065.081 - 88 3.887 1
37067.000 # 1500
37068.265 - 88 3.845 1
37069.401 + 88 1
37071.000 # 1500
37072.000 # 1500
37072.176 - 88 2.775 1
37074.000 # 1500
37074.464 + 88 1
37084.000 # 1500
37084.000 # 1500
37084.113 + 88 1
37084.494 - 88 10.030 1
37084.543 + 88 1
37086.263 + 88 1
37098.023 + 88 1
37099.677 + 88 1
37101.484 + 88 1
37105.353 + 88 1
37107.356 + 88 1
37107.662 + 88 1
37111.227 + 88 1
37113.395 + 88 1
37123.054 + 88 1
37127.877 + 88 1
37129.929 + 88 1
37134.722 + 88 1
37137.648 + 88 1
37142.535 + 88 1
37149.974 + 88 1
37159.175 + 88 1
37160.000 # 1500
37160.000 # 1500
37160.000 # 1500
37160.000 # 1500
37160.000 # 1500
37160.831 - 88 76.718 1
37160.933 - 88 76.390 1
37161.000 # 1500
37161.000 # 1500
37161.000 # 1500
37161.000 # 1500
37161.000 # 1500
37161.000 # 1500
37161.000 # 1500
37161.016 - 88 74.753 1
37161.027 - 88 63.004 1
37161.035 - 88 61.358 1
37161.042 - 88 59.558 1
37161.049 - 88 55.696 1
37161.056 - 88 53.700 1
37161.062 - 88 53.400 1
37161.069 - 88 49.842 1
37161.075 - 88 47.680 1
37161.082 - 88 38.028 1
37161.090 - 88 33.213 1
37161.096 - 88 31.167 1
37161.103 - 88 26.381 1
37161.110 - 88 23.462 1
37161.116 - 88 18.581 1
37161.123 - 88 11.149 1
37161.129 - 88 1.954 1
37161.608 + 88 1
37161.696 + 88 1
37166.706 + 88 1
37167.182 + 88 1
37176.487 + 88 1
37176.908 + 88 1
37176.992 + 88 1
37178.954 + 88 1
37184.061 + 88 1
37186.461 + 88 1
37188.616 + 88 1
37188.940 + 88 1
37198.213 + 88 1
37198.297 + 88 1
37198.720 + 88 1
37201.891 + 88 1
37208.023 + 88 1
37216.000 # 1500
37217.407 - 88 55.799 1
37217.504 - 88 55.808 1
37217.525 - 88 50.819 1
37217.533 - 88 50.351 1
37217.540 - 88 41.053 1
37217.547 - 88 40.639 1
37217.553 - 88 40.561 1
37217.560 - 88 38.606 1
37217.566 - 88 33.505 1
37217.573 - 88 31.112 1
37217.579 - 88 28.963 1
37217.587 - 88 28.647 1
37217.594 - 88 19.381 1
37217.601 - 88 19.304 1
37217.607 - 88 18.887 1
37217.613 - 88 15.722 1
37219.680 + 88 1
37225.202 + 88 1
37231.952 + 88 1
37239.000 # 1500
37239.000 # 1500
37239.907 - 88 31.884 1
37239.928 - 88 20.248 1
37240.000 # 1500
37240.000 # 1500
37240.000 # 1500
37240.000 # 1500
37240.000 # 1500
37240.000 # 1500
37240.204 - 88 15.002 1
37240.217 - 88 8.265 1
37241.000 # 1500
37241.000 # 1500
37241.000 # 1500
37241.000 # 1500
37241.000 # 1500
37241.000 # 1500
37241.000 # 1500
37241.000 # 1500
37241.000 # 1500
37241.000 # 1500
37242.000 # 1500
37242.000 # 1500
37242.000 # 1500
37242.000 # 1500
37242.000 # 1500
37242.000 # 1500
37242.000 # 1500
37242.000 # 1500
37243.000 # 1500
37243.000 # 1500
37243.000 # 1500
37245.049 + 88 1
37247.694 + 88 1
37248.035 + 88 1
37250.666 + 88 1
37251.001 + 88 1
37252.693 + 88 1
37254.000 # 1500
37255.757 + 88 1
37255.836 - 88 10.787 1
37255.857 - 88 8.163 1
37255.870 - 88 7.835 1
37255.877 - 88 5.211 1
37255.884 - 88 4.883 1
37255.891 - 88 3.198 1
37261.000 # 1500
37261.359 + 88 1
37261.739 - 88 5.982 1
37268.000 # 1500
37269.110 + 88 1
37269.624 - 88 8.265 1
37273.000 # 1500
37273.107 + 88 1
37273.555 - 88 4.445 1
37277.918 + 88 1
37278.000 # 1500
37278.367 - 88 5.260 1
37281.807 + 88 1
37284.874 + 88 1
37287.000 # 1500
37287.805 - 88 9.887 1
37287.842 - 88 6.035 1
37287.848 - 88 2.974 1
37289.128 + 88 1
37291.000 # 1500
37292.160 - 88 3.032 1
37295.000 # 1500
37299.635 + 88 1
37299.824 + 88 1
37304.000 # 1500
37304.000 # 1500
37304.826 + 88 1
37305.151 - 88 5.516 1
37305.202 - 88 5.378 1
37306.000 # 1500
37306.438 + 88 1
37306.654 - 88 1.828 1
37309.000 # 1500
37310.367 - 88 3.929 1
37310.496 + 88 1
37312.000 # 1500
37312.427 + 88 1
37312.989 - 88 2.493 1
37315.091 + 88 1
37316.000 # 1500
37317.143 - 88 4.716 1
37317.284 - 88 2.193 1
37320.000 # 1500
37320.872 + 88 1
37322.735 + 88 1
37324.000 # 1500
37324.753 + 88 1
37325.026 - 88 4.154 1
37325.066 - 88 2.331 1
37328.000 # 1500
37329.729 + 88 1
37329.784 - 88 5.031 1
37331.000 # 1500
37331.552 + 88 1
37331.709 - 88 1.980 1
37333.442 + 88 1
37336.000 # 1500
37336.440 + 88 1
37336.641 - 88 5.089 1
37336.676 - 88 3.234 1
37338.359 + 88 1
37339.000 # 1500
37340.331 + 88 1
37340.439 - 88 3.999 1
37340.464 - 88 2.105 1
37344.197 + 88 1
37345.000 # 1500
37346.192 + 88 1
37346.245 - 88 5.914 1
37346.289 - 88 2.092 1
37348.000 # 1500
37349.082 + 88 1
37349.291 - 88 3.099 1
37354.000 # 1500
37354.891 + 88 1
37355.106 - 88 6.024 1
37356.856 + 88 1
37357.000 # 1500
37358.857 - 88 3.966 1
37358.890 - 88 2.034 1
37362.000 # 1500
37362.704 + 88 1
37365.000 # 1500
37366.678 - 88 3.974 1
37366.835 + 88 1
37369.649 + 88 1
37370.000 # 1500
37371.000 # 1500
37371.682 - 88 4.847 1
37371.767 - 88 2.118 1
37374.000 # 1500
37375.379 + 88 1
37377.000 # 1500
37378.346 - 88 2.967 1
37378.482 + 88 1
37383.257 + 88 1
37384.000 # 1500
37385.000 # 1500
37385.180 - 88 6.698 1
37385.210 - 88 1.953 1
37385.319 + 88 1
37389.000 # 1500
37390.080 + 88 1
37390.132 - 88 4.813 1
37392.000 # 1500
37393.258 - 88 3.178 1
37395.000 # 1500
37396.000 + 88 1
37399.877 + 88 1
37401.843 + 88 1
37404.000 # 1500
37404.000 # 1500
37404.000 # 1500
37405.809 - 88 9.809 1
37405.867 - 88 5.990 1
37405.875 - 88 4.032 1
37405.976 + 88 1
37406.000 # 1500
37409.000 # 1500
37409.592 + 88 1
37409.753 - 88 3.777 1
37411.775 + 88 1
37412.000 # 1500
37413.570 - 88 3.978 1
37413.594 - 88 1.819 1
37415.450 + 88 1
37416.000 # 1500
37417.000 # 1500
37417.464 + 88 1
37417.561 - 88 2.111 1
37419.000 # 1500
37419.418 + 88 1
37419.673 - 88 2.209 1
37421.325 + 88 1
37423.000 # 1500
37424.000 # 1500
37424.363 - 88 4.945 1
37424.397 - 88 3.072 1
37426.000 # 1500
37426.198 + 88 1
37426.256 + 88 1
37429.219 + 88 1
37440.892 + 88 1
37442.904 + 88 1
37442.931 + 88 1
37454.656 + 88 1
37454.756 + 88 1
37457.500 + 88 1
37462.302 + 88 1
37467.201 + 88 1
37470.200 + 88 1
37476.995 + 88 1
37477.074 + 88 1
37480.851 + 88 1
37486.707 + 88 1
37488.000 # 1500
37488.000 # 1500
37489.000 # 1500
37489.000 # 1500
37489.000 # 1500
37489.000 # 1500
37489.000 # 1500
37489.000 # 1500
37489.715 - 88 63.517 1
37489.761 - 88 63.505 1
37489.793 - 88 60.574 1
37489.802 - 88 48.910 1
37489.807 - 88 46.903 1
37489.811 - 88 46.880 1
37489.817 - 88 35.161 1
37489.822 - 88 35.066 1
37489.826 - 88 32.326 1
37489.831 - 88 27.529 1
37489.835 - 88 22.634 1
37489.839 - 88 19.639 1
37489.844 - 88 12.849 1
37489.848 - 88 12.774 1
37489.852 - 88 9.001 1
37489.857 - 88 3.150 1
37489.937 + 88 1
37490.000 # 1500
37490.000 # 1500
37490.000 # 1500
37490.000 # 1500
37490.000 # 1500
37490.000 # 1500
37490.000 # 1500
37490.000 # 1500
37490.000 # 1500
37491.000 # 1500
37491.000 # 1500
37491.000 # 1500
37491.000 # 1500
37491.657 - 88 1.720 1
37493.678 + 88 1
37497.527 + 88 1
37501.440 + 88 1
37504.000 # 1500
37505.000 # 1500
37505.307 - 88 11.629 1
37505.326 - 88 7.799 1
37505.332 - 88 3.892 1
37506.487 + 88 1
37509.000 # 1500
37509.000 # 1500
37510.190 - 88 3.703 1
37512.228 + 88 1
37514.000 # 1500
37515.044 - 88 2.816 1
37518.000 # 1500
37520.000 # 1500
37523.882 + 88 1
37526.843 + 88 1
37527.000 # 1500
37528.720 - 88 4.838 1
37528.730 - 88 1.887 1
37532.000 # 1500
37533.675 + 88 1
37535.610 + 88 1
37537.555 + 88 1
37539.499 + 88 1
37543.000 # 1500
37543.000 # 1500
37543.000 # 1500
37543.000 # 1500
37543.362 + 88 1
37543.433 - 88 9.758 1
37543.456 - 88 7.846 1
37543.461 - 88 5.906 1
37543.466 - 88 3.967 1
37545.339 + 88 1
37546.000 # 1500
37547.265 - 88 3.903 1
37547.276 - 88 1.937 1
37549.000 # 1500
37549.277 + 88 1
37553.181 + 88 1
37556.224 + 88 1
37558.000 # 1500
37558.000 # 1500
37558.000 # 1500
37558.113 + 88 1
37558.179 - 88 8.902 1
37558.203 - 88 5.022 1
37558.230 - 88 2.006 1
37560.312 + 88 1
37564.000 # 1500
37564.953 - 88 6.840 1
37565.140 - 88 4.828 1
37565.353 + 88 1
37568.000 # 1500
37568.000 # 1500
37568.000 # 1500
37568.083 + 88 1
37568.154 - 88 2.801 1
37569.851 + 88 1
37576.810 + 88 1
37576.829 + 88 1
37578.000 # 1500
37580.773 - 88 12.690 1
37580.795 - 88 10.944 1
37580.816 - 88 4.006 1
37580.822 - 88 3.993 1
37580.890 + 88 1
37582.618 + 88 1
37583.000 # 1500
37583.000 # 1500
37584.778 - 88 3.888 1
37584.804 - 88 2.186 1
37584.951 + 88 1
37588.000 # 1500
37588.000 # 1500
37589.296 - 88 4.345 1
37589.429 + 88 1
37589.614 + 88 1
37594.167 + 88 1
37596.404 + 88 1
37599.213 + 88 1
37605.902 + 88 1
37608.000 # 1500
37608.000 # 1500
37608.000 # 1500
37608.792 + 88 1
37608.843 - 88 19.414 1
37608.872 - 88 19.258 1
37608.899 - 88 14.732 1
37608.907 - 88 12.503 1
37608.912 - 88 9.699 1
37608.918 - 88 3.016 1
37609.000 # 1500
37610.859 - 88 2.067 1
37611.059 + 88 1
37613.000 # 1500
37613.000 # 1500
37613.000 # 1500
37613.000 # 1500
37613.643 - 88 2.584 1
37614.683 + 88 1
37615.000 # 1500
37616.604 - 88 1.921 1
37616.682 + 88 1
37620.712 + 88 1
37622.000 # 1500
37622.657 + 88 1
37622.732 - 88 6.050 1
37622.747 - 88 2.035 1
37624.718 + 88 1
37628.401 + 88 1
37630.317 + 88 1
37636.000 # 1500
37637.209 - 88 14.552 1
37637.334 - 88 12.616 1
37637.359 - 88 8.958 1
37637.375 - 88 7.058 1
37637.523 + 88 1
37644.000 # 1500
37644.919 - 88 7.396 1
37645.273 + 88 1
37654.000 # 1500
37654.827 + 88 1
37654.865 - 88 9.592 1
37656.754 + 88 1
37662.516 + 88 1
37666.000 # 1500
37666.469 + 88 1
37666.515 - 88 11.688 1
37666.527 - 88 9.773 1
37666.569 - 88 4.053 1
37673.179 + 88 1
37676.409 + 88 1
37677.000 # 1500
37678.128 - 88 11.659 1
37678.155 - 88 4.976 1
37678.182 - 88 1.773 1
37678.357 + 88 1
37680.271 + 88 1
37683.972 + 88 1
37686.138 + 88 1
37689.000 # 1500
37689.811 + 88 1
37689.870 - 88 11.513 1
37689.928 - 88 9.657 1
37689.953 - 88 5.981 1
37689.969 - 88 3.831 1
37690.171 + 88 1
37692.000 # 1500
37692.759 - 88 2.948 1
37692.772 - 88 2.601 1
37693.931 + 88 1
37698.052 + 88 1
37699.728 + 88 1
37702.000 # 1500
37704.000 # 1500
37704.567 + 88 1
37704.604 - 88 10.673 1
37704.629 - 88 6.577 1
37704.658 - 88 4.930 1
37705.000 # 1500
37705.000 # 1500
37705.000 # 1500
37705.000 # 1500
37706.324 - 88 1.757 1
37708.399 + 88 1
37709.000 # 1500
37709.000 # 1500
37709.000 # 1500
37710.000 # 1500
37710.000 # 1500
37710.330 - 88 1.931 1
37714.000 # 1500
37714.000 # 1500
37717.000 # 1500
37720.000 # 1500
37720.256 + 88 1
37721.000 # 1500
37722.000 # 1500
37722.016 - 88 1.760 1
37723.260 + 88 1
37728.000 # 1500
37728.776 - 88 5.516 1
37731.000 # 1500
37731.940 + 88 1
37732.000 # 1500
37733.640 - 88 1.700 1
37734.000 # 1500
37736.836 + 88 1
37742.560 + 88 1
37745.000 # 1500
37745.000 # 1500
37745.000 # 1500
37746.319 - 88 9.483 1
37746.374 - 88 3.814 1
37747.000 # 1500
37749.000 # 1500
37750.408 + 88 1
37751.000 # 1500
37751.000 # 1500
37752.276 - 88 1.868 1
37754.000 # 1500
37754.000 # 1500
37757.278 + 88 1
37760.000 # 1500
37760.948 - 88 3.670 1
37762.000 # 1500
37764.000 # 1500
37765.000 # 1500
37767.000 # 1500
37771.000 # 1500
37775.000 # 1500
37775.000 # 1500
37778.804 + 88 1
37781.637 + 88 1
37785.744 + 88 1
37786.000 # 1500
37786.000 # 1500
37787.364 - 88 8.560 1
37787.416 - 88 5.779 1
37787.428 - 88 1.684 1
37791.430 + 88 1
37795.000 # 1500
37796.240 - 88 4.810 1
37796.348 + 88 1
37799.236 + 88 1
37804.029 + 88 1
37808.960 + 88 1
37815.000 # 1500
37815.000 # 1500
37815.893 - 88 19.545 1
37815.925 - 88 16.689 1
37815.971 - 88 11.942 1
37816.001 - 88 7.041 1
37816.117 + 88 1
37818.000 # 1500
37818.613 - 88 2.496 1
37820.716 + 88 1
37820.963 + 88 1
37824.000 # 1500
37824.000 # 1500
37824.000 # 1500
37824.000 # 1500
37824.000 # 1500
37824.598 - 88 3.882 1
37824.625 - 88 3.662 1
37825.010 + 88 1
37826.000 # 1500
37826.810 - 88 1.800 1
37827.657 + 88 1
37830.000 # 1500
37830.544 + 88 1
37830.757 - 88 3.100 1
37831.000 # 1500
37831.000 # 1500
37832.343 - 88 1.799 1
37833.000 # 1500
37834.000 # 1500
37834.547 + 88 1
37835.000 # 1500
37836.336 - 88 1.789 1
37837.000 # 1500
37838.302 + 88 1
37839.000 # 1500
37840.000 # 1500
37840.312 - 88 2.010 1
37840.424 + 88 1
37842.000 # 1500
37843.000 # 1500
37843.067 - 88 2.643 1
37843.339 + 88 1
37845.000 # 1500
37846.099 - 88 2.760 1
37847.000 # 1500
37848.000 # 1500
37850.009 + 88 1
37851.000 # 1500
37851.031 + 88 1
37851.150 - 88 1.141 1
37853.000 # 1500
37853.798 - 88 2.767 1
37855.000 # 1500
37856.000 # 1500
37856.898 + 88 1
37860.643 + 88 1
37863.000 # 1500
37864.563 - 88 7.665 1
37864.590 - 88 3.947 1
37864.707 + 88 1
37867.000 # 1500
37867.887 + 88 1
37868.055 - 88 3.348 1
37869.000 # 1500
37869.400 - 88 1.513 1
37869.558 + 88 1
37870.000 # 1500
37871.000 # 1500
37871.346 - 88 1.788 1
37872.000 # 1500
37873.000 # 1500
37876.000 # 1500
37876.257 + 88 1
37878.000 # 1500
37879.196 - 88 2.939 1
37879.661 + 88 1
37880.000 # 1500
37881.000 # 1500
37881.402 - 88 1.741 1
37881.485 + 88 1
37882.000 # 1500
37883.134 - 88 1.649 1
37884.000 # 1500
37885.200 + 88 1
37887.223 + 88 1
37889.329 + 88 1
37893.969 + 88 1
37894.000 # 1500
37894.000 # 1500
37894.000 # 1500
37894.000 # 1500
37894.000 # 1500
37894.000 # 1500
37894.182 - 88 8.982 1
37894.238 - 88 7.015 1
37894.248 - 88 4.919 1
37894.454 + 88 1
37895.000 # 1500
37896.028 - 88 2.059 1
37896.036 - 88 1.582 1
37897.096 + 88 1
37899.048 + 88 1
37901.913 + 88 1
37904.000 # 1500
37904.651 - 88 7.555 1
37904.663 - 88 5.615 1
37904.700 - 88 2.787 1
37904.952 + 88 1
37905.000 # 1500
37905.000 # 1500
37905.000 # 1500
37905.000 # 1500
37906.000 # 1500
37906.753 - 88 1.801 1
37906.804 + 88 1
37908.672 + 88 1
37911.554 + 88 1
37913.528 + 88 1
37916.359 + 88 1
37918.401 + 88 1
37921.258 + 88 1
37924.000 # 1500
37924.000 # 1500
37924.000 # 1500
37924.000 # 1500
37924.000 # 1500
37924.000 # 1500
37924.000 # 1500
37924.000 # 1500
37924.100 + 88 1
37924.288 - 88 17.484 1
37924.332 - 88 15.660 1
37924.360 - 88 12.806 1
37924.364 - 88 10.836 1
37924.367 - 88 8.008 1
37924.369 - 88 5.968 1
37924.371 - 88 3.113 1
37926.180 + 88 1
37928.300 + 88 1
37931.245 + 88 1
37934.259 + 88 1
37938.057 + 88 1
37940.171 + 88 1
37944.678 + 88 1
37946.960 + 88 1
37948.703 + 88 1
37954.402 + 88 1
37956.390 + 88 1
37959.272 + 88 1
37962.406 + 88 1
37965.476 + 88 1
37981.217 + 88 1
37981.320 + 88 1
37981.604 + 88 1
37986.929 + 88 1
37989.829 + 88 1
37991.000 # 1500
37991.000 # 1500
37991.000 # 1500
37991.000 # 1500
37991.000 # 1500
37991.000 # 1500
37992.000 # 1500
37992.000 # 1500
37992.000 # 1500
37992.000 # 1500
37992.341 - 88 68.241 1
37992.449 - 88 66.269 1
37992.531 - 88 64.231 1
37992.544 - 88 61.299 1
37992.552 - 88 58.293 1
37992.559 - 88 54.502 1
37992.565 - 88 52.394 1
37992.572 - 88 47.894 1
37992.578 - 88 45.618 1
37992.584 - 88 43.881 1
37992.590 - 88 38.188 1
37992.597 - 88 36.207 1
37992.603 - 88 33.331 1
37992.609 - 88 30.203 1
37992.616 - 88 27.140 1
37992.622 - 88 11.405 1
37992.629 - 88 11.309 1
37992.635 - 88 11.031 1
37992.642 - 88 5.713 1
37992.648 - 88 2.819 1
37993.000 # 1500
37993.000 # 1500
37994.000 # 1500
37994.000 # 1500
37994.000 # 1500
37994.000 # 1500
37994.000 # 1500
37994.000 # 1500
37994.116 + 88 1
37995.000 # 1500
37995.750 - 88 1.634 1
37997.000 # 1500
37997.024 + 88 1
37998.000 # 1500
37998.709 - 88 1.685 1
37998.742 + 88 1
38001.000 # 1500
38001.652 + 88 1
38002.132 - 88 3.390 1
38004.895 + 88 1
38009.000 # 1500
38010.142 - 88 8.490 1
38010.162 - 88 5.267 1
38012.548 + 88 1
38014.000 # 1500
38014.000 # 1500
38014.000 # 1500
38014.000 # 1500
38015.946 - 88 3.398 1
38021.163 + 88 1
38025.000 # 1500
38025.000 # 1500
38025.691 - 88 4.528 1
38027.947 + 88 1
38028.000 # 1500
38030.000 # 1500
38030.220 + 88 1
38030.345 - 88 2.398 1
38034.740 + 88 1
38037.037 + 88 1
38039.000 # 1500
38040.013 - 88 9.793 1
38040.039 - 88 5.299 1
38040.054 - 88 3.017 1
38041.000 # 1500
38041.797 + 88 1
38044.520 + 88 1
38045.000 # 1500
38046.498 - 88 4.701 1
38046.531 - 88 2.011 1
38048.000 # 1500
38049.000 # 1500
38049.418 + 88 1
38050.000 # 1500
38051.523 - 88 2.105 1
38052.000 # 1500
38053.710 + 88 1
38054.000 # 1500
38055.000 # 1500
38055.436 - 88 1.726 1
38057.000 # 1500
38058.000 # 1500
38058.143 + 88 1
38061.354 + 88 1
38067.981 + 88 1
38069.759 + 88 1
38075.982 + 88 1
38077.000 # 1500
38077.000 # 1500
38077.000 # 1500
38077.000 # 1500
38077.977 - 88 19.834 1
38078.056 - 88 16.702 1
38078.080 - 88 10.099 1
38078.095 - 88 8.336 1
38078.108 - 88 2.126 1
38079.000 # 1500
38079.000 # 1500
38079.000 # 1500
38079.000 # 1500
38079.000 # 1500
38080.339 + 88 1
38084.000 # 1500
38084.736 + 88 1
38084.920 - 88 4.581 1
38086.698 + 88 1
38088.000 # 1500
38088.000 # 1500
38089.447 - 88 4.711 1
38089.460 - 88 2.762 1
38089.677 + 88 1
38091.000 # 1500
38091.000 # 1500
38091.000 # 1500
38092.000 # 1500
38092.675 - 88 2.998 1
38093.000 # 1500
38094.808 + 88 1
38095.000 # 1500
38095.124 - 88 0.316 1
38102.991 + 88 1
38103.922 + 88 1
38106.000 # 1500
38106.000 # 1500
38106.432 - 88 3.441 1
38106.471 - 88 2.549 1
38106.815 + 88 1
38108.000 # 1500
38108.962 - 88 2.147 1
38109.621 + 88 1
38113.768 + 88 1
38117.722 + 88 1
38119.000 # 1500
38120.000 # 1500
38120.000 # 1500
38120.000 # 1500
38120.000 # 1500
38120.000 # 1500
38120.000 # 1500
38120.564 - 88 10.943 1
38120.604 - 88 6.836 1
38120.673 - 88 2.951 1
38121.000 # 1500
38125.881 + 88 1
38130.424 + 88 1
38134.482 + 88 1
38138.506 + 88 1
38144.000 # 1500
38145.260 - 88 19.379 1
38145.301 - 88 14.877 1
38145.318 - 88 10.836 1
38145.326 - 88 6.820 1
38145.693 + 88 1
38148.000 # 1500
38148.000 # 1500
38148.000 # 1500
38148.903 + 88 1
38149.464 - 88 3.771 1
38155.026 + 88 1
38160.000 # 1500
38160.000 # 1500
38160.000 # 1500
38160.614 - 88 11.711 1
38160.657 - 88 5.631 1
38160.699 + 88 1
38165.480 + 88 1
38169.449 + 88 1
38173.333 + 88 1
38175.000 # 1500
38175.000 # 1500
38175.000 # 1500
38175.000 # 1500
38175.000 # 1500
38175.000 # 1500
38176.000 # 1500
38176.000 # 1500
38176.237 - 88 15.538 1
38176.284 - 88 10.804 1
38176.300 - 88 6.851 1
38176.310 - 88 2.977 1
38178.000 # 1500
38182.000 # 1500
38185.000 # 1500
38185.089 + 88 1
38188.000 # 1500
38188.659 - 88 3.570 1
38189.979 + 88 1
38192.000 # 1500
38192.779 - 88 2.800 1
38196.000 # 1500
38196.199 + 88 1
38201.000 # 1500
38202.569 - 88 6.370 1
38202.922 + 88 1
38206.000 # 1500
38206.464 - 88 3.542 1
38208.464 + 88 1
38212.000 # 1500
38213.531 - 88 5.067 1
38213.823 + 88 1
38216.000 # 1500
38216.445 - 88 2.622 1
38218.211 + 88 1
38222.210 + 88 1
38226.000 # 1500
38226.144 + 88 1
38226.515 - 88 8.304 1
38226.555 - 88 4.345 1
38229.928 + 88 1
38232.000 # 1500
38233.054 - 88 6.910 1
38233.204 - 88 3.276 1
38237.743 + 88 1
38239.000 # 1500
38239.796 + 88 1
38239.918 - 88 2.175 1
38244.848 + 88 1
38251.032 + 88 1
38256.317 + 88 1
38269.094 + 88 1
38288.631 + 88 1
38308.000 # 1500
38308.000 # 1500
38308.000 # 1500
38310.006 - 88 70.210 1
38310.043 - 88 65.195 1
38310.049 - 88 59.017 1
38310.053 - 88 53.736 1
38310.205 - 88 41.111 1
38310.237 - 88 21.606 1
38313.321 + 88 1
38322.046 + 88 1
38328.051 + 88 1
38334.391 + 88 1
38340.312 + 88 1
38345.091 + 88 1
38349.917 + 88 1
38353.000 # 1500
38353.730 + 88 1
38353.823 - 88 40.502 1
38353.892 - 88 31.846 1
38353.902 - 88 25.851 1
38353.908 - 88 19.517 1
38353.913 - 88 13.601 1
38353.918 - 88 8.827 1
38353.922 - 88 4.005 1
38357.674 + 88 1
38361.516 + 88 1
38365.000 # 1500
38365.000 # 1500
38365.000 # 1500
38365.000 # 1500
38365.000 # 1500
38365.000 # 1500
38365.000 # 1500
38365.000 # 1500
38365.000 # 1500
38365.000 # 1500
38365.000 # 1500
38365.526 + 88 1
38365.607 - 88 11.877 1
38365.621 - 88 7.947 1
38365.627 - 88 4.111 1
38366.000 # 1500
38366.000 # 1500
38366.000 # 1500
38366.000 # 1500
38366.000 # 1500
38366.000 # 1500
38366.000 # 1500
38366.000 # 1500
38366.000 # 1500
38366.000 # 1500
38366.000 # 1500
38369.340 - 88 3.814 1
38371.431 + 88 1
38376.000 # 1500
38377.179 - 88 5.748 1
38380.054 + 88 1
38385.022 + 88 1
38393.772 + 88 1
38399.000 # 1500
38400.885 - 88 20.831 1
38400.933 - 88 15.911 1
38400.951 - 88 7.179 1
38401.235 + 88 1
38409.548 + 88 1
38419.368 + 88 1
38425.000 # 1500
38426.000 # 1500
38426.253 - 88 25.018 1
38426.346 - 88 16.798 1
38426.367 - 88 6.999 1
38429.000 # 1500
38429.000 # 1500
38429.000 # 1500
38444.000 # 1500
38450.284 + 88 1
38484.238 + 88 1
38494.994 + 88 1
38502.000 # 1500
38502.805 - 88 52.521 1
38502.826 - 88 18.588 1
38502.870 - 88 7.876 1
38516.000 # 1500
38516.000 # 1500
38517.000 # 1500
38517.000 # 1500
38517.000 # 1500
38517.000 # 1500
38517.000 # 1500
38517.000 # 1500
38517.000 # 1500
38517.000 # 1500
38517.000 # 1500
38519.000 # 1500
38523.000 # 1500
38525.000 # 1500
38526.000 # 1500
38528.000 # 1500
38529.185 + 88 1
38542.005 + 88 1
38547.000 # 1500
38547.000 # 1500
38547.000 # 1500
38547.000 # 1500
38547.000 # 1500
38548.000 # 1500
38548.000 # 1500
38548.079 - 88 18.894 1
38548.182 - 88 6.177 1
38552.000 # 1500
38552.000 # 1500
38552.000 # 1500
38552.000 # 1500
38554.000 # 1500
38556.000 # 1500
38556.000 # 1500
38558.765 + 88 1
38566.000 # 1500
38566.000 # 1500
38566.000 # 1500
38566.000 # 1500
38567.000 # 1500
38567.287 - 88 8.522 1
38569.000 # 1500
38571.000 # 1500
38574.341 + 88 1
38580.000 # 1500
38580.000 # 1500
38580.000 # 1500
38580.862 - 88 6.521 1
38587.895 + 88 1
38597.612 + 88 1
38607.357 + 88 1
38614.382 + 88 1
38619.002 + 88 1
38623.859 + 88 1
38629.784 + 88 1
38636.520 + 88 1
38642.342 + 88 1
38643.000 # 1500
38644.000 # 1500
38644.000 # 1500
38644.000 # 1500
38644.000 # 1500
38644.000 # 1500
38644.201 - 88 56.306 1
38644.246 - 88 46.634 1
38644.252 - 88 36.895 1
38644.258 - 88 29.876 1
38644.262 - 88 25.260 1
38644.267 - 88 20.408 1
38644.271 - 88 14.487 1
38644.276 - 88 7.756 1
38644.280 - 88 1.938 1
38645.000 # 1500
38645.000 # 1500
38645.000 # 1500
38645.000 # 1500
38650.211 + 88 1
38658.031 + 88 1
38669.663 + 88 1
38676.471 + 88 1
38683.956 + 88 1
38689.000 # 1500
38689.974 - 88 39.763 1
38690.021 - 88 31.990 1
38690.042 - 88 20.379 1
38690.051 - 88 13.580 1
38690.059 - 88 6.103 1
38690.353 + 88 1
38692.000 # 1500
38692.000 # 1500
38692.000 # 1500
38692.000 # 1500
38692.000 # 1500
38692.000 # 1500
38692.882 - 88 2.529 1
38693.000 # 1500
38693.000 # 1500
38693.000 # 1500
38693.000 # 1500
38693.000 # 1500
38693.000 # 1500
38693.000 # 1500
38693.000 # 1500
38694.000 # 1500
38694.000 # 1500
38694.000 # 1500
38694.000 # 1500
38694.000 # 1500
38694.000 # 1500
38694.000 # 1500
38694.000 # 1500
38694.000 # 1500
38694.000 # 1500
38695.000 # 1500
38695.000 # 1500
38695.000 # 1500
38695.000 # 1500
38695.000 # 1500
38695.000 # 1500
38695.000 # 1500
38695.000 # 1500
38695.351 + 88 1
38698.000 # 1500
38699.307 - 88 3.956 1
38700.000 # 1500
38704.339 + 88 1
38706.000 # 1500
38707.687 - 88 3.348 1
38708.000 # 1500
38709.764 + 88 1
38713.000 # 1500
38715.389 + 88 1
38715.421 - 88 5.657 1
38716.000 # 1500
38717.310 - 88 1.921 1
38719.375 + 88 1
38722.000 # 1500
38723.162 - 88 3.787 1
38723.767 + 88 1
38727.000 # 1500
38728.061 - 88 4.294 1
38728.473 + 88 1
38730.000 # 1500
38731.000 # 1500
38731.281 - 88 2.808 1
38732.859 + 88 1
38737.042 + 88 1
38742.637 + 88 1
38746.533 + 88 1
38748.000 # 1500
38749.524 - 88 16.665 1
38749.725 - 88 12.683 1
38749.764 - 88 7.127 1
38749.774 - 88 3.241 1
38749.789 + 88 1
38755.285 + 88 1
38759.000 # 1500
38760.000 # 1500
38760.000 # 1500
38760.000 # 1500
38760.000 # 1500
38760.065 - 88 10.276 1
38760.160 - 88 4.875 1
38763.048 + 88 1
38767.000 # 1500
38768.061 - 88 5.013 1
38771.899 + 88 1
38778.705 + 88 1
38784.974 + 88 1
38792.351 + 88 1
38798.195 + 88 1
38802.550 + 88 1
38809.968 + 88 1
38818.792 + 88 1
38822.689 + 88 1
38827.624 + 88 1
38828.000 # 1500
38829.515 - 88 57.616 1
38829.540 - 88 50.835 1
38829.634 - 88 44.660 1
38829.717 - 88 37.366 1
38829.730 - 88 31.535 1
38829.841 - 88 27.291 1
38829.860 - 88 19.892 1
38829.869 - 88 11.077 1
38829.876 - 88 7.187 1
38829.883 - 88 2.259 1
38831.000 # 1500
38831.000 # 1500
38831.000 # 1500
38831.000 # 1500
38831.000 # 1500
38831.000 # 1500
38832.000 # 1500
38832.000 # 1500
38832.000 # 1500
38832.000 # 1500
38832.000 # 1500
38839.253 + 88 1
38846.096 + 88 1
38850.974 + 88 1
38856.002 + 88 1
38862.800 + 88 1
38865.000 # 1500
38866.000 # 1500
38866.000 # 1500
38866.000 # 1500
38866.000 # 1500
38866.000 # 1500
38866.000 # 1500
38866.000 # 1500
38866.000 # 1500
38866.000 # 1500
38866.548 - 88 27.295 1
38866.642 - 88 20.546 1
38866.673 - 88 15.699 1
38866.683 - 88 10.681 1
38866.690 - 88 3.890 1
38867.000 # 1500
38867.000 # 1500
38867.000 # 1500
38867.000 # 1500
38867.000 # 1500
38867.000 # 1500
38867.000 # 1500
38867.000 # 1500
38867.019 + 88 1
38869.000 # 1500
38869.574 - 88 2.555 1
38871.740 + 88 1
38873.000 # 1500
38874.000 # 1500
38874.469 - 88 2.729 1
38878.908 + 88 1
38881.000 # 1500
38882.361 - 88 3.453 1
38886.441 + 88 1
38888.000 # 1500
38889.000 # 1500
38889.145 - 88 2.704 1
38891.000 # 1500
38894.000 # 1500
38894.157 + 88 1
38896.000 # 1500
38896.870 - 88 2.713 1
38900.153 + 88 1
38905.000 # 1500
38905.000 # 1500
38905.047 + 88 1
38905.463 - 88 5.310 1
38909.000 # 1500
38909.000 # 1500
38911.598 - 88 6.551 1
38911.669 + 88 1
38915.000 # 1500
38915.000 # 1500
38915.000 # 1500
38915.000 # 1500
38916.443 - 88 4.774 1
38919.507 + 88 1
38922.501 + 88 1
38926.000 # 1500
38926.000 # 1500
38926.000 # 1500
38927.211 - 88 7.704 1
38927.266 - 88 4.765 1
38928.000 # 1500
38929.645 + 88 1
38938.000 # 1500
38939.000 # 1500
38939.845 - 88 10.200 1
38941.941 + 88 1
38959.000 # 1500
38959.000 # 1500
38959.000 # 1500
38959.000 # 1500
38959.000 # 1500
38959.000 # 1500
38959.000 # 1500
38960.000 # 1500
38960.559 - 88 18.618 1
38962.000 # 1500
38964.151 + 88 1
38975.459 + 88 1
38978.159 + 88 1
38987.906 + 88 1
38990.000 # 1500
38990.000 # 1500
38990.000 # 1500
38990.000 # 1500
38990.000 # 1500
38990.000 # 1500
38990.516 - 88 26.365 1
38990.562 - 88 15.103 1
38990.569 - 88 12.410 1
38990.574 - 88 2.668 1
38992.660 + 88 1
38995.000 # 1500
38996.000 # 1500
38996.000 # 1500
38996.354 - 88 3.694 1
39000.000 # 1500
39003.301 + 88 1
39004.000 # 1500
39005.000 # 1500
39005.307 - 88 2.006 1
39009.000 # 1500
39009.000 # 1500
39012.000 # 1500
39014.083 + 88 1
39022.000 # 1500
39022.885 - 88 8.802 1
39023.000 # 1500
39023.217 + 88 1
39033.558 + 88 1
39034.000 # 1500
39034.000 # 1500
39034.000 # 1500
39034.000 # 1500
39034.000 # 1500
39034.000 # 1500
39035.386 - 88 12.169 1
39035.439 - 88 1.881 1
39041.000 # 1500
39041.000 # 1500
39041.403 + 88 1
39054.000 # 1500
39054.000 # 1500
39055.088 + 88 1
39055.256 - 88 13.853 1
39059.000 # 1500
39059.000 # 1500
39059.000 # 1500
39060.074 - 88 4.986 1
39069.114 + 88 1
39086.664 + 88 1
39098.324 + 88 1
39106.309 + 88 1
39111.985 + 88 1
39120.000 # 1500
39120.000 # 1500
39120.000 # 1500
39120.700 - 88 51.586 1
39120.780 - 88 34.116 1
39120.851 - 88 22.527 1
39120.978 - 88 14.669 1
39121.000 # 1500
39121.000 # 1500
39121.000 # 1500
39121.000 # 1500
39121.000 # 1500
39121.000 # 1500
39121.000 # 1500
39121.000 # 1500
39121.015 - 88 9.030 1
39121.122 + 88 1
39122.000 # 1500
39122.000 # 1500
39122.000 # 1500
39122.000 # 1500
39122.658 - 88 1.536 1
39124.000 # 1500
39125.000 # 1500
39128.000 # 1500
39130.163 + 88 1
39136.000 # 1500
39137.246 - 88 7.083 1
39138.651 + 88 1
39143.000 # 1500
39144.128 - 88 5.477 1
39148.314 + 88 1
39149.000 # 1500
39149.829 - 88 1.515 1
39157.000 # 1500
39158.939 + 88 1
39174.041 + 88 1
39177.000 # 1500
39177.649 - 88 18.710 1
39177.747 - 88 3.706 1
39186.459 + 88 1
39190.463 + 88 1
39195.000 # 1500
39197.133 - 88 10.674 1
39197.179 - 88 6.716 1
39197.285 + 88 1
39203.000 # 1500
39204.882 - 88 7.597 1
39204.997 + 88 1
39209.000 # 1500
39209.000 # 1500
39209.780 - 88 4.783 1
39210.000 # 1500
39210.300 + 88 1
39218.658 + 88 1
39229.000 # 1500
39229.000 # 1500
39229.359 + 88 1
39229.649 - 88 19.349 1
39229.755 - 88 11.097 1
39232.000 # 1500
39232.000 # 1500
39232.000 # 1500
39232.000 # 1500
39232.000 # 1500
39232.000 # 1500
39233.331 - 88 3.972 1
39234.000 # 1500
39234.000 # 1500
39235.320 + 88 1
39239.000 # 1500
39240.040 - 88 4.720 1
39243.059 + 88 1
39250.911 + 88 1
39251.000 # 1500
39251.189 - 88 8.130 1
39258.000 # 1500
39259.702 - 88 8.791 1
39260.126 + 88 1
39262.000 # 1500
39263.000 # 1500
39263.549 - 88 3.423 1
39264.000 # 1500
39267.000 # 1500
39269.000 # 1500
39273.000 # 1500
39277.000 # 1500
39278.000 # 1500
39280.000 # 1500
39284.000 # 1500
39287.000 # 1500
39287.000 # 1500
39287.136 + 88 1
39299.000 # 1500
39299.000 # 1500
39299.000 # 1500
39301.444 - 88 14.308 1
39310.390 + 88 1
39312.000 # 1500
39312.000 # 1500
39312.000 # 1500
39312.000 # 1500
39312.000 # 1500
39313.568 - 88 3.178 1
39319.943 + 88 1
39321.000 # 1500
39321.000 # 1500
39321.959 - 88 2.016 1
39324.000 # 1500
39324.000 # 1500
39324.000 # 1500
39329.730 + 88 1
39335.000 # 1500
39335.000 # 1500
39335.000 # 1500
39335.000 # 1500
39335.000 # 1500
39336.000 # 1500
39336.000 # 1500
39336.000 # 1500
39336.227 - 88 6.497 1
39340.000 # 1500
39340.000 # 1500
39340.000 # 1500
39341.168 + 88 1
39348.000 # 1500
39349.000 # 1500
39350.000 # 1500
39350.125 - 88 8.957 1
39351.000 # 1500
39363.000 # 1500
39371.031 + 88 1
39379.630 + 88 1
39384.000 # 1500
39384.000 # 1500
39384.000 # 1500
39384.000 # 1500
39384.000 # 1500
39384.000 # 1500
39384.000 # 1500
39384.000 # 1500
39386.415 - 88 15.384 1
39386.480 - 88 6.850 1
39389.017 + 88 1
39399.000 # 1500
39400.418 - 88 11.401 1
39402.396 + 88 1
39408.000 # 1500
39409.000 # 1500
39409.000 # 1500
39409.084 - 88 6.688 1
39414.112 + 88 1
39415.000 # 1500
39415.000 # 1500
39415.000 # 1500
39415.857 - 88 1.745 1
39417.000 # 1500
39418.000 # 1500
39419.000 # 1500
39419.000 # 1500
39430.144 + 88 1
39434.000 # 1500
39434.836 - 88 4.692 1
39438.000 # 1500
39439.000 # 1500
39440.000 # 1500
39445.685 + 88 1
39449.000 # 1500
39450.575 - 88 4.890 1
39452.000 # 1500
39452.000 # 1500
39453.000 # 1500
39453.000 # 1500
39453.000 # 1500
39453.000 # 1500
39453.000 # 1500
39453.000 # 1500
39453.000 # 1500
39461.000 # 1500
39461.000 # 1500
39463.000 # 1500
39464.000 # 1500
39464.000 # 1500
39464.000 # 1500
39466.000 # 1500
39466.000 # 1500
39473.000 # 1500
39473.000 # 1500
39473.000 # 1500
39473.000 # 1500
39473.000 # 1500
39474.000 # 1500
39474.000 # 1500
39474.000 # 1500
39475.000 # 1500
39476.000 # 1500
39478.000 # 1500
39480.821 + 88 1
39487.000 # 1500
39487.607 - 88 6.786 1
39489.000 # 1500
39489.000 # 1500
39489.000 # 1500
39489.000 # 1500
39493.000 # 1500
39496.000 # 1500
39497.699 + 88 1
39501.000 # 1500
39501.000 # 1500
39502.287 - 88 4.588 1
39509.215 + 88 1
39524.000 # 1500
39524.000 # 1500
39524.000 # 1500
39525.718 - 88 16.503 1
39529.000 # 1500
39529.000 # 1500
39529.000 # 1500
39529.000 # 1500
39529.000 # 1500
39529.000 # 1500
39530.544 + 88 1
39531.000 # 1500
39532.313 - 88 1.769 1
39535.000 # 1500
39536.000 # 1500
39538.000 # 1500
39538.804 + 88 1
39541.000 # 1500
39542.814 - 88 4.010 1
39543.000 # 1500
39546.618 + 88 1
39562.000 # 1500
39562.000 # 1500
39562.000 # 1500
39562.000 # 1500
39562.000 # 1500
39563.000 # 1500
39563.000 # 1500
39563.000 # 1500
39563.000 # 1500
39563.000 # 1500
39563.000 # 1500
39563.243 - 88 16.625 1
39579.000 # 1500
39579.000 # 1500
39583.000 # 1500
39583.000 # 1500
39586.868 + 88 1
39602.000 # 1500
39603.274 - 88 16.406 1
39604.000 # 1500
39604.000 # 1500
39615.000 # 1500
39615.000 # 1500
39615.000 # 1500
39615.000 # 1500
39615.000 # 1500
39615.000 # 1500
39616.000 # 1500
39616.000 # 1500
39616.000 # 1500
39616.000 # 1500
39619.000 # 1500
39621.000 # 1500
39622.000 # 1500
39641.589 + 88 1
39652.000 # 1500
39652.000 # 1500
39654.145 - 88 12.556 1
39670.825 + 88 1
39693.244 + 88 1
39711.000 # 1500
39711.933 - 88 41.108 1
39711.966 - 88 18.722 1
39712.070 + 88 1
39713.000 # 1500
39713.000 # 1500
39713.837 - 88 1.767 1
39715.000 # 1500
39715.000 # 1500
39715.000 # 1500
39718.000 # 1500
39718.000 # 1500
39719.000 # 1500
39719.000 # 1500
39719.000 # 1500
39719.000 # 1500
39719.000 # 1500
39719.000 # 1500
39719.000 # 1500
39719.000 # 1500
39720.000 # 1500
39720.000 # 1500
39720.000 # 1500
39720.000 # 1500
39720.000 # 1500
39720.000 # 1500
39725.529 + 88 1
39730.000 # 1500
39731.318 - 88 5.789 1
39745.006 + 88 1
39755.000 # 1500
39755.000 # 1500
39755.000 # 1500
39755.000 # 1500
39755.773 - 88 10.767 1
39764.000 # 1500
39764.000 # 1500
39764.000 # 1500
39764.000 # 1500
39785.000 # 1500
39785.000 # 1500
39785.000 # 1500
39785.000 # 1500
39786.000 # 1500
39788.000 # 1500
39790.336 + 88 1
39791.000 # 1500
39791.000 # 1500
39793.170 - 88 2.834 1
39794.000 # 1500
39804.000 # 1500
39804.000 # 1500
39804.000 # 1500
39807.000 # 1500
39824.000 # 1500
39824.000 # 1500
39824.000 # 1500
39824.000 # 1500
39824.000 # 1500
39824.000 # 1500
39836.325 + 88 1
39842.000 # 1500
39842.957 - 88 6.632 1
39845.000 # 1500
39864.000 # 1500
39876.000 # 1500
39876.051 + 88 1
39889.000 # 1500
39890.897 - 88 14.846 1
39893.000 # 1500
39903.000 # 1500
39913.000 # 1500
39913.440 + 88 1
39929.000 # 1500
39929.000 # 1500
39929.000 # 1500
39929.000 # 1500
39930.265 - 88 16.825 1
39955.000 # 1500
39955.000 # 1500
39955.000 # 1500
39955.000 # 1500
39959.000 # 1500
39959.354 + 88 1
39969.000 # 1500
39969.000 # 1500
39972.245 - 88 12.891 1
39977.762 + 88 1
39989.000 # 1500
39989.000 # 1500
39989.000 # 1500
39989.000 # 1500
39989.000 # 1500
39989.000 # 1500
39990.470 - 88 12.708 1
39995.294 + 88 1
39999.000 # 1500
39999.000 # 1500
40000.097 - 88 4.803 1
40004.000 # 1500
40004.000 # 1500
40004.000 # 1500
40004.000 # 1500
40004.000 # 1500
40016.000 # 1500
40016.000 # 1500
40021.546 + 88 1
40024.000 # 1500
40024.000 # 1500
40024.000 # 1500
40024.000 # 1500
40025.000 # 1500
40025.038 - 88 3.492 1
40029.000 # 1500
40030.000 # 1500
40032.000 # 1500
40036.000 # 1500
40049.632 + 88 1
40055.000 # 1500
40055.000 # 1500
40055.000 # 1500
40055.000 # 1500
40055.000 # 1500
40055.000 # 1500
40056.442 - 88 6.810 1
40059.000 # 1500
40059.000 # 1500
40060.000 # 1500
40064.000 # 1500
40064.103 + 88 1
40075.000 # 1500
40075.000 # 1500
40075.000 # 1500
40076.828 - 88 12.725 1
40077.000 # 1500
40078.000 # 1500
40081.000 # 1500
40083.000 # 1500
40084.000 # 1500
40085.000 # 1500
40087.000 # 1500
40089.000 # 1500
40090.000 # 1500
40091.000 # 1500
40093.000 # 1500
40095.000 # 1500
40097.000 # 1500
40098.000 # 1500
40100.000 # 1500
40101.000 # 1500
40104.000 # 1500
40104.000 # 1500
40106.000 # 1500
40106.110 + 88 1
40108.000 # 1500
40109.000 # 1500
40109.080 - 88 2.970 1
40110.000 # 1500
40113.000 # 1500
40113.000 # 1500
40122.000 # 1500
40122.000 # 1500
40124.000 # 1500
40124.000 # 1500
40124.000 # 1500
40136.000 # 1500
40136.000 # 1500
40136.000 # 1500
40146.238 + 88 1
40155.000 # 1500
40155.000 # 1500
40155.000 # 1500
40155.000 # 1500
40155.000 # 1500
40155.939 - 88 9.701 1
40165.000 # 1500
40165.000 # 1500
40165.000 # 1500
40166.808 + 88 1
40194.057 + 88 1
40217.437 + 88 1
40228.000 # 1500
40229.000 # 1500
40229.000 # 1500
40229.000 # 1500
40229.000 # 1500
40229.000 # 1500
40229.000 # 1500
40229.000 # 1500
40229.000 # 1500
40230.000 # 1500
40230.000 # 1500
40230.000 # 1500
40230.000 # 1500
40230.000 # 1500
40230.000 # 1500
40230.000 # 1500
40230.000 # 1500
40230.000 # 1500
40230.000 # 1500
40230.000 # 1500
40230.196 - 88 63.388 1
40230.304 - 88 36.247 1
40230.384 - 88 12.947 1
40231.000 # 1500
40231.000 # 1500
40231.000 # 1500
40231.000 # 1500
40231.000 # 1500
40233.000 # 1500
40243.000 # 1500
40243.000 # 1500
40243.000 # 1500
40245.113 + 88 1
40249.000 # 1500
40249.000 # 1500
40249.000 # 1500
40249.900 - 88 4.787 1
40258.000 # 1500
40258.000 # 1500
40259.000 # 1500
40262.000 # 1500
40264.000 # 1500
40265.000 # 1500
40286.000 # 1500
40288.000 # 1500
40289.000 # 1500
40292.000 # 1500
40292.000 # 1500
40296.000 # 1500
40299.000 # 1500
40299.000 # 1500
40320.000 # 1500
40320.000 # 1500
40320.000 # 1500
40320.526 + 88 1
40324.000 # 1500
40325.667 - 88 5.141 1
40326.000 # 1500
40326.000 # 1500
40335.000 # 1500
40335.000 # 1500
40335.000 # 1500
40339.000 # 1500
40342.000 # 1500
40346.203 + 88 1
40348.000 # 1500
40349.132 - 88 2.929 1
40359.000 # 1500
40359.000 # 1500
40359.000 # 1500
40359.000 # 1500
40363.000 # 1500
40365.000 # 1500
40366.000 # 1500
40374.000 # 1500
40378.000 # 1500
40383.000 # 1500
40388.000 # 1500
40392.000 # 1500
40395.269 + 88 1
40399.000 # 1500
40401.013 - 88 5.744 1
40403.000 # 1500
40406.000 # 1500
40410.000 # 1500
40415.000 # 1500
40424.000 # 1500
40425.524 + 88 1
40427.000 # 1500
40428.356 - 88 2.832 1
40433.000 # 1500
40436.000 # 1500
40440.000 # 1500
40444.000 # 1500
40449.000 # 1500
40451.000 # 1500
40454.000 # 1500
40455.081 + 88 1
40459.000 # 1500
40459.525 - 88 4.444 1
40463.000 # 1500
40466.000 # 1500
40470.000 # 1500
40473.000 # 1500
40477.339 + 88 1
40484.000 # 1500
40484.896 - 88 7.557 1
40485.000 # 1500
40489.000 # 1500
40491.000 # 1500
40494.000 # 1500
40495.380 + 88 1
40497.000 # 1500
40497.877 - 88 2.497 1
40499.000 # 1500
40511.000 # 1500
40511.000 # 1500
40511.000 # 1500
40511.824 + 88 1
40512.000 # 1500
40513.000 # 1500
40513.606 - 88 1.782 1
40514.000 # 1500
40516.000 # 1500
40519.000 # 1500
40529.000 # 1500
40529.000 # 1500
40529.000 # 1500
40529.000 # 1500
40535.000 # 1500
40538.000 # 1500
40542.418 + 88 1
40548.000 # 1500
40548.000 # 1500
40548.944 - 88 6.526 1
40549.000 # 1500
40564.000 # 1500
40566.000 # 1500
40568.000 # 1500
40580.000 # 1500
40583.000 # 1500
40585.000 # 1500
40585.000 # 1500
40585.000 # 1500
40585.324 + 88 1
40586.000 # 1500
40587.000 # 1500
40587.023 - 88 1.699 1
40589.000 # 1500
40590.000 # 1500
40592.000 # 1500
40595.000 # 1500
40596.000 # 1500
40598.000 # 1500
40618.341 + 88 1
40626.000 # 1500
40626.000 # 1500
40626.000 # 1500
40627.107 - 88 8.766 1
40628.000 # 1500
40628.000 # 1500
40638.400 + 88 1
40644.000 # 1500
40644.000 # 1500
40644.000 # 1500
40644.889 - 88 6.489 1
40653.000 # 1500
40653.000 # 1500
40658.000 # 1500
40658.000 # 1500
40658.000 # 1500
40658.000 # 1500
40659.000 # 1500
40663.940 + 88 1
40673.000 # 1500
40673.000 # 1500
40673.527 - 88 9.587 1
40684.396 + 88 1
40685.000 # 1500
40685.000 # 1500
40685.000 # 1500
40685.000 # 1500
40685.958 - 88 1.562 1
40686.000 # 1500
40686.000 # 1500
40686.000 # 1500
40704.000 # 1500
40739.959 + 88 1
40757.781 + 88 1
40767.000 # 1500
40767.000 # 1500
40767.000 # 1500
40767.413 - 88 27.454 1
40767.518 - 88 9.737 1
40768.000 # 1500
40787.680 + 88 1
40809.000 # 1500
40809.000 # 1500
40809.000 # 1500
40809.000 # 1500
40809.000 # 1500
40809.000 # 1500
40810.000 # 1500
40810.000 # 1500
40810.000 # 1500
40810.000 # 1500
40810.000 # 1500
40810.000 # 1500
40810.000 # 1500
40810.000 # 1500
40810.000 # 1500
40810.506 - 88 22.826 1
40817.476 + 88 1
40819.000 # 1500
40821.236 - 88 3.760 1
40823.000 # 1500
40829.000 # 1500
40832.000 # 1500
40832.000 # 1500
40839.000 # 1500
40839.000 # 1500
40840.000 # 1500
40845.850 + 88 1
40849.000 # 1500
40849.000 # 1500
40849.000 # 1500
40849.617 - 88 3.767 1
40860.000 # 1500
40860.000 # 1500
40868.505 + 88 1
40869.000 # 1500
40869.000 # 1500
40870.129 - 88 1.624 1
40876.000 # 1500
40879.000 # 1500
40880.000 # 1500
40880.000 # 1500
40886.819 + 88 1
40890.000 # 1500
40890.000 # 1500
40890.694 - 88 3.875 1
40896.000 # 1500
40901.710 + 88 1
40915.000 # 1500
40915.000 # 1500
40915.000 # 1500
40916.061 + 88 1
40916.263 - 88 14.553 1
40920.000 # 1500
40920.000 # 1500
40920.984 - 88 4.923 1
40924.000 # 1500
40924.866 + 88 1
40941.067 + 88 1
40956.645 + 88 1
40985.000 # 1500
40986.000 # 1500
40986.000 # 1500
40986.000 # 1500
40986.000 # 1500
40986.000 # 1500
40986.000 # 1500
40986.153 - 88 61.287 1
40986.255 - 88 45.188 1
40986.289 - 88 29.644 1
40987.000 # 1500
40987.000 # 1500
40987.000 # 1500
40987.000 # 1500
40988.664 + 88 1
40989.000 # 1500
40990.000 # 1500
40990.908 - 88 2.244 1
40997.000 # 1500
41005.000 # 1500
41020.000 # 1500
41036.000 # 1500
41037.121 + 88 1
41043.000 # 1500
41043.699 - 88 6.578 1
41049.000 # 1500
41051.000 # 1500
41053.634 + 88 1
41060.000 # 1500
41060.000 # 1500
41060.000 # 1500
41060.000 # 1500
41060.000 # 1500
41061.426 - 88 7.792 1
41068.308 + 88 1
41074.000 # 1500
41074.000 # 1500
41074.941 - 88 6.633 1
41083.031 + 88 1
41084.000 # 1500
41084.000 # 1500
41084.000 # 1500
41084.710 - 88 1.679 1
41090.000 # 1500
41090.000 # 1500
41096.000 # 1500
41096.000 # 1500
41096.000 # 1500
41096.000 # 1500
41096.000 # 1500
41098.000 # 1500
41099.000 # 1500
41104.968 + 88 1
41109.000 # 1500
41109.000 # 1500
41109.000 # 1500
41109.000 # 1500
41110.110 - 88 5.142 1
41116.000 # 1500
41116.000 # 1500
41122.084 + 88 1
41124.000 # 1500
41124.000 # 1500
41124.000 # 1500
41124.000 # 1500
41124.714 - 88 2.630 1
41125.000 # 1500
41129.000 # 1500
41129.000 # 1500
41137.000 # 1500
41139.000 # 1500
41146.935 + 88 1
41149.000 # 1500
41149.669 - 88 2.734 1
41163.569 + 88 1
41164.000 # 1500
41164.000 # 1500
41164.000 # 1500
41164.000 # 1500
41164.000 # 1500
41165.000 # 1500
41165.000 # 1500
41165.322 - 88 1.753 1
41170.000 # 1500
41210.472 + 88 1
41245.000 # 1500
41246.000 # 1500
41246.363 - 88 35.891 1
41249.000 # 1500
41249.000 # 1500
41249.000 # 1500
41249.000 # 1500
41249.000 # 1500
41249.000 # 1500
41249.000 # 1500
41251.438 + 88 1
41282.000 # 1500
41283.500 - 88 32.062 1
41284.000 # 1500
41284.000 # 1500
41284.000 # 1500
41284.000 # 1500
41284.000 # 1500
41284.000 # 1500
41284.000 # 1500
41287.000 # 1500
41299.000 # 1500
41300.000 # 1500
41300.000 # 1500
41300.000 # 1500
41300.000 # 1500
41310.000 # 1500
41310.000 # 1500
41310.000 # 1500
41312.000 # 1500
41315.000 # 1500
41317.000 # 1500
41319.000 # 1500
41324.724 + 88 1
41330.000 # 1500
41330.000 # 1500
41330.000 # 1500
41331.300 - 88 6.576 1
41340.000 # 1500
41350.000 # 1500
41350.000 # 1500
41350.000 # 1500
41350.000 # 1500
41350.000 # 1500
41350.000 # 1500
41369.000 # 1500
41369.000 # 1500
41369.000 # 1500
41376.000 # 1500
41385.293 + 88 1
41391.000 # 1500
41391.836 - 88 6.543 1
41395.000 # 1500
41395.000 # 1500
41395.000 # 1500
41395.000 # 1500
41395.000 # 1500
41395.000 # 1500
41404.000 # 1500
41417.000 # 1500
41417.000 # 1500
41417.000 # 1500
41417.409 + 88 1
41426.000 # 1500
41427.000 # 1500
41427.077 - 88 9.668 1
41428.000 # 1500
41432.000 # 1500
41432.000 # 1500
41436.000 # 1500
41436.000 # 1500
41438.000 # 1500
41444.000 # 1500
41444.000 # 1500
41467.000 # 1500
41468.000 # 1500
41468.000 # 1500
41475.000 # 1500
41475.894 + 88 1
41487.000 # 1500
41487.670 - 88 11.776 1
41494.000 # 1500
41497.000 # 1500
41497.000 # 1500
41508.000 # 1500
41508.000 # 1500
41508.000 # 1500
41508.000 # 1500
41511.000 # 1500
41513.000 # 1500
41515.000 # 1500
41521.000 # 1500
41523.000 # 1500
41525.000 # 1500
41528.000 # 1500
41531.000 # 1500
41533.462 + 88 1
41539.000 # 1500
41540.347 - 88 6.885 1
41543.000 # 1500
41548.000 # 1500
41551.000 # 1500
41556.000 # 1500
41560.000 # 1500
41562.000 # 1500
41566.000 # 1500
41570.000 # 1500
41572.338 + 88 1
41575.000 # 1500
41575.991 - 88 3.653 1
41576.000 # 1500
41579.000 # 1500
41583.000 # 1500
41586.000 # 1500
41592.000 # 1500
41595.000 # 1500
41599.000 # 1500
41602.000 # 1500
41606.000 # 1500
41609.000 # 1500
41614.000 # 1500
41617.000 # 1500
41619.591 + 88 1
41621.000 # 1500
41622.352 - 88 2.761 1
41624.000 # 1500
41628.000 # 1500
41631.000 # 1500
41634.000 # 1500
41640.000 # 1500
41649.000 # 1500
41649.000 # 1500
41654.679 + 88 1
41658.000 # 1500
41658.000 # 1500
41659.474 - 88 4.795 1
41673.000 # 1500
41673.000 # 1500
41673.000 # 1500
41675.000 # 1500
41676.000 # 1500
41680.000 # 1500
41683.000 # 1500
41707.788 + 88 1
41736.100 + 88 1
41745.000 # 1500
41745.000 # 1500
41745.000 # 1500
41745.000 # 1500
41746.826 - 88 39.038 1
41746.859 - 88 10.759 1
41769.216 + 88 1
41790.000 # 1500
41790.000 # 1500
41790.000 # 1500
41790.000 # 1500
41790.000 # 1500
41790.000 # 1500
41790.000 # 1500
41790.000 # 1500
41790.000 # 1500
41791.000 # 1500
41791.000 # 1500
41791.000 # 1500
41791.000 # 1500
41791.000 # 1500
41791.626 - 88 22.410 1
41799.000 # 1500
41806.000 # 1500
41808.238 + 88 1
41814.000 # 1500
41815.055 - 88 6.817 1
41821.000 # 1500
41829.000 # 1500
41834.610 + 88 1
41839.000 # 1500
41840.537 - 88 5.927 1
41846.000 # 1500
41868.887 + 88 1
41888.881 + 88 1
41909.802 + 88 1
41931.298 + 88 1
41963.715 + 88 1
41980.000 # 1500
41981.186 - 88 112.299 1
41981.307 - 88 92.426 1
41981.387 - 88 71.585 1
41981.399 - 88 50.101 1
41981.408 - 88 17.693 1
41982.000 # 1500
41991.000 # 1500
41991.832 + 88 1
42000.000 # 1500
42000.661 - 88 8.829 1
42008.000 # 1500
42013.000 # 1500
42032.952 + 88 1
42044.000 # 1500
42044.000 # 1500
42044.570 - 88 11.618 1
42055.551 + 88 1
42098.768 + 88 1
42121.787 + 88 1
42141.792 + 88 1
42163.312 + 88 1
42181.296 + 88 1
42194.966 + 88 1
42210.628 + 88 1
42228.375 + 88 1
42257.093 + 88 1
42261.000 # 1500
42261.000 # 1500
42261.000 # 1500
42261.821 - 88 206.270 1
42261.931 - 88 163.163 1
42261.954 - 88 140.167 1
42261.962 - 88 120.170 1
42261.970 - 88 98.658 1
42261.977 - 88 80.681 1
42261.984 - 88 67.018 1
42261.990 - 88 51.362 1
42262.000 # 1500
42262.000 # 1500
42262.000 # 1500
42262.057 - 88 33.682 1
42262.074 - 88 4.981 1
42275.000 # 1500
42275.000 # 1500
42276.000 # 1500
42281.000 # 1500
42288.000 # 1500
42304.000 # 1500
42321.000 # 1500
42321.487 + 88 1
42331.000 # 1500
42332.122 - 88 10.635 1
42342.000 # 1500
42360.609 + 88 1
42366.000 # 1500
42367.212 - 88 6.603 1
42377.000 # 1500
42389.178 + 88 1
42395.000 # 1500
42395.000 # 1500
42395.740 - 88 6.562 1
42407.000 # 1500
42422.365 + 88 1
42424.000 # 1500
42425.024 - 88 2.659 1
42437.000 # 1500
42463.406 + 88 1
42524.000 # 1500
42524.000 # 1500
42524.000 # 1500
42524.000 # 1500
42524.000 # 1500
42524.000 # 1500
42524.946 - 88 61.540 1
42531.000 # 1500
42548.000 # 1500
42573.398 + 88 1
42575.000 # 1500
42576.151 - 88 2.753 1
42578.000 # 1500
42585.000 # 1500
42592.000 # 1500
42593.888 + 88 1
42606.000 # 1500
42606.659 - 88 12.771 1
42616.371 + 88 1
42622.000 # 1500
42623.202 - 88 6.831 1
42639.000 # 1500
42640.132 + 88 1
42656.000 # 1500
42657.369 - 88 17.237 1
42668.000 # 1500
42671.981 + 88 1
42690.000 # 1500
42690.000 # 1500
42690.654 - 88 18.673 1
42709.000 # 1500
42717.000 # 1500
42725.000 # 1500
42736.022 + 88 1
42738.000 # 1500
42739.118 - 88 3.096 1
42746.000 # 1500
42752.000 # 1500
42760.000 # 1500
42765.055 + 88 1
42766.000 # 1500
42766.970 - 88 1.915 1
42776.000 # 1500
42784.000 # 1500
42788.000 # 1500
42794.000 # 1500
42802.000 # 1500
42810.000 # 1500
42819.000 # 1500
42823.930 + 88 1
42827.000 # 1500
42827.525 - 88 3.595 1
42836.000 # 1500
42840.000 # 1500
42844.000 # 1500
42846.000 # 1500
42847.000 # 1500
42850.088 + 88 1
42851.000 # 1500
42851.972 - 88 1.884 1
42854.000 # 1500
42856.000 # 1500
42859.000 # 1500
42863.000 # 1500
42866.000 # 1500
42873.401 + 88 1
42874.000 # 1500
42875.318 - 88 1.917 1
42877.000 # 1500
42882.000 # 1500
42887.000 # 1500
42888.000 # 1500
42894.000 # 1500
42894.019 + 88 1
42897.000 # 1500
42898.802 - 88 4.783 1
42903.000 # 1500
42908.000 # 1500
42914.000 # 1500
42917.275 + 88 1
42920.000 # 1500
42922.165 - 88 4.890 1
42924.000 # 1500
42927.000 # 1500
42929.000 # 1500
42933.000 # 1500
42936.000 # 1500
42940.680 + 88 1
42942.000 # 1500
42943.564 - 88 2.884 1
42949.000 # 1500
42955.000 # 1500
42958.000 # 1500
42960.280 + 88 1
42962.000 # 1500
42963.336 - 88 3.056 1
42966.000 # 1500
42971.000 # 1500
42978.000 # 1500
42981.000 # 1500
42981.884 + 88 1
42984.000 # 1500
42984.796 - 88 2.912 1
42986.000 # 1500
42989.000 # 1500
42993.000 # 1500
42996.000 # 1500
42999.000 # 1500
43003.000 # 1500
43006.000 # 1500
43009.131 + 88 1
43011.000 # 1500
43012.046 - 88 2.915 1
43014.000 # 1500
43017.000 # 1500
43022.000 # 1500
43025.000 # 1500
43029.000 # 1500
43037.000 # 1500
43041.000 # 1500
43045.000 # 1500
43048.000 # 1500
43048.686 + 88 1
43052.000 # 1500
43054.000 # 1500
43054.130 - 88 5.444 1
43057.000 # 1500
43060.000 # 1500
43064.000 # 1500
43066.000 # 1500
43068.681 + 88 1
43069.000 # 1500
43070.805 - 88 2.124 1
43073.000 # 1500
43076.000 # 1500
43079.000 # 1500
43082.000 # 1500
43085.000 # 1500
43085.396 + 88 1
43088.000 # 1500
43089.523 - 88 4.127 1
43096.000 # 1500
43102.969 + 88 1
43105.000 # 1500
43105.905 - 88 2.936 1
43114.000 # 1500
43120.396 + 88 1
43122.000 # 1500
43123.546 - 88 3.150 1
43129.000 # 1500
43139.000 # 1500
43142.019 + 88 1
43146.000 # 1500
43146.962 - 88 4.943 1
43155.000 # 1500
43161.000 # 1500
43166.000 # 1500
43166.498 + 88 1
43169.000 # 1500
43170.473 - 88 3.975 1
43176.000 # 1500
43179.000 # 1500
43185.000 # 1500
43187.000 # 1500
43191.000 # 1500
43199.000 # 1500
43201.000 # 1500
43204.000 # 1500
43207.000 # 1500
43208.000 # 1500
43209.000 # 1500
43213.000 # 1500
43216.000 # 1500
43217.000 # 1500
43222.000 # 1500
43224.000 # 1500
43226.000 # 1500
43229.000 # 1500
43230.000 # 1500
43232.000 # 1500
43235.000 # 1500
43238.000 # 1500
43241.461 + 88 1
43262.000 # 1500
43263.310 - 88 21.849 1
43264.106 + 88 1
43281.000 # 1500
43282.761 - 88 18.655 1
43285.000 # 1500
43288.000 # 1500
43294.000 # 1500
43294.724 + 88 1
43301.000 # 1500
43303.155 - 88 8.431 1
43305.000 # 1500
43309.000 # 1500
43313.000 # 1500
43316.085 + 88 1
43326.000 # 1500
43326.618 - 88 10.533 1
43331.000 # 1500
43335.000 # 1500
43345.000 # 1500
43346.000 # 1500
43348.000 # 1500
43349.000 # 1500
43350.050 + 88 1
43353.000 # 1500
43353.941 - 88 3.891 1
43356.000 # 1500
43367.000 # 1500
43385.000 # 1500
43389.000 # 1500
43409.000 # 1500
43409.000 # 1500
43409.000 # 1500
43414.000 # 1500
43415.000 # 1500
43420.000 # 1500
43426.000 # 1500
43428.000 # 1500
43431.000 # 1500
43437.000 # 1500
43439.000 # 1500
43443.000 # 1500
43445.000 # 1500
43449.000 # 1500
43451.000 # 1500
43452.000 # 1500
43455.000 # 1500
43457.000 # 1500
43459.000 # 1500
43462.000 # 1500
43464.000 # 1500
43474.000 # 1500
43474.000 # 1500
43474.000 # 1500
43474.000 # 1500
43475.000 # 1500
43477.000 # 1500
43479.000 # 1500
43481.000 # 1500
43485.000 # 1500
43488.000 # 1500
43490.000 # 1500
43492.000 # 1500
43495.000 # 1500
43498.000 # 1500
43501.000 # 1500
43506.000 # 1500
43509.000 # 1500
43511.000 # 1500
43514.000 # 1500
43516.000 # 1500
43518.000 # 1500
43520.000 # 1500
43522.000 # 1500
43523.000 # 1500
43525.000 # 1500
43526.000 # 1500
43528.000 # 1500
43529.000 # 1500
43531.000 # 1500
43532.000 # 1500
43534.000 # 1500
43535.000 # 1500
43537.000 # 1500
43538.000 # 1500
43540.000 # 1500
43541.000 # 1500
43543.000 # 1500
43545.000 # 1500
43547.000 # 1500
43548.000 # 1500
43550.000 # 1500
43552.000 # 1500
43553.366 + 88 1
43554.000 # 1500
43555.000 # 1500
43555.001 - 88 1.635 1
43557.000 # 1500
43559.000 # 1500
43560.000 # 1500
43562.000 # 1500
43563.000 # 1500
43565.000 # 1500
43568.000 # 1500
43578.000 # 1500
43578.000 # 1500
43578.000 # 1500
43579.000 # 1500
43579.000 # 1500
43579.000 # 1500
43581.000 # 1500
43582.000 # 1500
43582.457 + 88 1
43584.000 # 1500
43585.000 # 1500
43586.203 - 88 3.746 1
43587.000 # 1500
43588.000 # 1500
43590.000 # 1500
43591.000 # 1500
43593.000 # 1500
43595.000 # 1500
43596.000 # 1500
43598.000 # 1500
43599.000 # 1500
43600.000 # 1500
43602.000 # 1500
43604.000 # 1500
43606.000 # 1500
43607.000 # 1500
43609.000 # 1500
43611.000 # 1500
43613.000 # 1500
43614.000 # 1500
43616.000 # 1500
43616.648 + 88 1
43618.000 # 1500
43619.000 # 1500
43619.590 - 88 2.942 1
43621.000 # 1500
43630.000 # 1500
43630.000 # 1500
43630.000 # 1500
43631.000 # 1500
43631.000 # 1500
43631.000 # 1500
43632.000 # 1500
43633.000 # 1500
43634.000 # 1500
43636.000 # 1500
43637.000 # 1500
43639.000 # 1500
43641.000 # 1500
43642.000 # 1500
43644.000 # 1500
43645.000 # 1500
43645.973 + 88 1
43646.000 # 1500
43648.000 # 1500
43649.000 # 1500
43649.779 - 88 3.806 1
43651.000 # 1500
43652.000 # 1500
43661.000 # 1500
43661.000 # 1500
43661.000 # 1500
43662.000 # 1500
43666.000 # 1500
43670.000 # 1500
43670.382 + 88 1
43673.000 # 1500
43675.115 - 88 4.733 1
43676.000 # 1500
43681.000 # 1500
43684.000 # 1500
43687.665 + 88 1
43688.000 # 1500
43689.679 - 88 2.014 1
43691.000 # 1500
43696.000 # 1500
43701.000 # 1500
43703.316 + 88 1
43707.000 # 1500
43707.537 - 88 4.221 1
43712.000 # 1500
43712.091 + 88 1
43719.000 # 1500
43719.939 - 88 7.848 1
43720.855 + 88 1
43722.000 # 1500
43723.805 - 88 2.950 1
43725.000 # 1500
43728.000 # 1500
43730.000 # 1500
43731.025 + 88 1
43735.000 # 1500
43735.661 - 88 4.636 1
43737.885 + 88 1
43738.000 # 1500
43738.146 - 88 0.261 1
43742.000 # 1500
43746.000 # 1500
43750.000 # 1500
43753.000 # 1500
43757.000 # 1500
43759.034 + 88 1
43760.000 # 1500
43760.346 - 88 1.312 1
43762.953 + 88 1
43763.000 # 1500
43764.000 # 1500
43764.850 - 88 1.897 1
43766.000 # 1500
43768.000 # 1500
43769.000 # 1500
43771.000 # 1500
43773.000 # 1500
43775.000 # 1500
43776.000 # 1500
43779.000 # 1500
43781.000 # 1500
43784.000 # 1500
43785.000 # 1500
43787.609 + 88 1
43788.000 # 1500
43789.427 - 88 1.818 1
43790.000 # 1500
43792.000 # 1500
43794.000 # 1500
43795.000 # 1500
43797.000 # 1500
43798.279 + 88 1
43799.000 # 1500
43800.000 # 1500
43800.162 - 88 1.883 1
43810.000 # 1500
43811.000 # 1500
43811.000 # 1500
43811.000 # 1500
43811.000 # 1500
43815.000 # 1500
43816.000 # 1500
43817.000 # 1500
43818.072 + 88 1
43819.000 # 1500
43820.738 - 88 2.666 1
43828.000 # 1500
43828.000 # 1500
43828.000 # 1500
43829.000 # 1500
43829.000 # 1500
43829.000 # 1500
43829.000 # 1500
43832.000 # 1500
43833.000 # 1500
43835.000 # 1500
43836.000 # 1500
43836.388 + 88 1
43837.000 # 1500
43838.283 - 88 1.895 1
43839.000 # 1500
43840.000 # 1500
43841.000 # 1500
43843.000 # 1500
43844.000 # 1500
43846.000 # 1500
43847.000 # 1500
43848.000 # 1500
43857.567 + 88 1
43858.000 # 1500
43858.000 # 1500
43858.000 # 1500
43859.000 # 1500
43859.000 # 1500
43859.387 - 88 1.820 1
43865.377 + 88 1
43867.000 # 1500
43868.161 - 88 2.784 1
43875.000 # 1500
43877.000 # 1500
43879.000 # 1500
43880.000 # 1500
43882.000 # 1500
43883.000 # 1500
43884.000 # 1500
43886.000 # 1500
43887.000 # 1500
43889.000 # 1500
43890.000 # 1500
43891.000 # 1500
43907.418 + 88 1
43909.309 + 88 1
43910.000 # 1500
43910.000 # 1500
43911.000 # 1500
43911.000 # 1500
43911.000 # 1500
43911.376 - 88 3.958 1
43911.397 - 88 2.088 1
43912.000 # 1500
43913.000 # 1500
43914.000 # 1500
43916.000 # 1500
43917.000 # 1500
43919.000 # 1500
43920.000 # 1500
43922.000 # 1500
43924.000 # 1500
43926.032 + 88 1
43927.000 # 1500
43927.746 - 88 1.714 1
43928.000 # 1500
43931.000 # 1500
43935.000 # 1500
43937.000 # 1500
43938.846 + 88 1
43940.000 # 1500
43940.426 - 88 1.580 1
43941.000 # 1500
43952.000 # 1500
43954.000 # 1500
43963.000 # 1500
43963.000 # 1500
43963.000 # 1500
43964.000 # 1500
43965.000 # 1500
43967.000 # 1500
43971.000 # 1500
43972.000 # 1500
43974.000 # 1500
43974.821 + 88 1
43974.865 + 88 1
43976.000 # 1500
43976.680 - 88 1.859 1
43976.702 - 88 1.837 1
43978.000 # 1500
43982.000 # 1500
43984.000 # 1500
43986.000 # 1500
43989.000 # 1500
43991.000 # 1500
43994.388 + 88 1
43994.497 + 88 1
43995.000 # 1500
43996.000 # 1500
43996.188 - 88 1.800 1
43996.209 - 88 1.712 1
43998.000 # 1500
44016.764 + 88 1
44025.000 # 1500
44025.000 # 1500
44025.000 # 1500
44025.000 # 1500
44026.000 # 1500
44026.591 - 88 9.827 1
44032.000 # 1500
44032.000 # 1500
44032.000 # 1500
44032.000 # 1500
44032.000 # 1500
44037.000 # 1500
44037.000 # 1500
44037.000 # 1500
44037.000 # 1500
44037.000 # 1500
44037.247 + 88 1
44038.000 # 1500
44039.203 - 88 1.956 1
44042.000 # 1500
44044.000 # 1500
44045.000 # 1500
44050.000 # 1500
44054.001 + 88 1
44056.000 # 1500
44056.841 - 88 2.840 1
44060.000 # 1500
44061.883 + 88 1
44063.000 # 1500
44063.703 - 88 1.820 1
44068.000 # 1500
44071.000 # 1500
44075.000 # 1500
44079.000 # 1500
44083.000 # 1500
44085.000 # 1500
44086.107 + 88 1
44086.254 + 88 1
44090.000 # 1500
44090.911 - 88 4.804 1
44090.933 - 88 4.679 1
44093.000 # 1500
44096.692 + 88 1
44098.000 # 1500
44098.684 - 88 1.992 1
44100.000 # 1500
44103.486 + 88 1
44107.000 # 1500
44108.311 - 88 4.825 1
44112.000 # 1500
44117.277 + 88 1
44120.000 # 1500
44120.966 - 88 3.689 1
44123.000 # 1500
44124.000 # 1500
44129.000 # 1500
44133.000 # 1500
44137.000 # 1500
44140.000 # 1500
44140.849 + 88 1
44144.000 # 1500
44144.641 - 88 3.792 1
44146.000 # 1500
44148.000 # 1500
44153.000 # 1500
44156.000 # 1500
44159.251 + 88 1
44160.000 # 1500
44161.264 - 88 2.013 1
44162.000 # 1500
44167.000 # 1500
44171.000 # 1500
44179.000 # 1500
44182.000 # 1500
44184.827 + 88 1
44188.000 # 1500
44189.555 - 88 4.728 1
44190.000 # 1500
44193.000 # 1500
44195.000 # 1500
44201.000 # 1500
44205.215 + 88 1
44206.000 # 1500
44207.175 - 88 1.960 1
44208.000 # 1500
44216.000 # 1500
44218.000 # 1500
44223.000 # 1500
44226.000 # 1500
44229.000 # 1500
44235.545 + 88 1
44239.000 # 1500
44240.484 - 88 4.939 1
44241.000 # 1500
44245.000 # 1500
44246.191 + 88 1
44248.000 # 1500
44249.159 - 88 2.968 1
44252.000 # 1500
44253.000 # 1500
44256.000 # 1500
44260.000 # 1500
44264.000 # 1500
44265.000 # 1500
44269.000 # 1500
44285.328 + 88 1
44300.000 # 1500
44301.662 - 88 16.334 1
44311.312 + 88 1
44327.000 # 1500
44327.077 + 88 1
44327.544 - 88 16.232 1
44336.000 # 1500
44337.020 - 88 9.943 1
44342.000 # 1500
44346.598 + 88 1
44349.000 # 1500
44350.574 - 88 3.976 1
44355.000 # 1500
44361.000 # 1500
44362.366 + 88 1
44364.000 # 1500
44365.264 - 88 2.898 1
44368.000 # 1500
44377.000 # 1500
44377.861 + 88 1
44383.000 # 1500
44384.104 - 88 6.243 1
44387.641 + 88 1
44388.000 # 1500
44388.276 - 88 0.635 1
44395.000 # 1500
44398.504 + 88 1
44399.000 # 1500
44400.410 - 88 1.906 1
44401.000 # 1500
44404.000 # 1500
44404.000 # 1500
44406.000 # 1500
44408.000 # 1500
44408.239 + 88 1
44421.781 + 88 1
44425.000 # 1500
44425.000 # 1500
44425.000 # 1500
44425.000 # 1500
44425.834 - 88 17.595 1
44425.930 - 88 4.149 1
44429.000 # 1500
44432.000 # 1500
44433.633 + 88 1
44434.000 # 1500
44435.000 # 1500
44435.517 - 88 1.884 1
44438.000 # 1500
44441.000 # 1500
44445.000 # 1500
44445.346 + 88 1
44447.000 # 1500
44448.354 - 88 3.008 1
44453.000 # 1500
44453.602 + 88 1
44454.000 # 1500
44455.683 - 88 2.081 1
44457.000 # 1500
44457.000 # 1500
44459.000 # 1500
44462.000 # 1500
44462.539 + 88 1
44464.000 # 1500
44465.000 # 1500
44465.377 - 88 2.838 1
44466.000 # 1500
44468.000 # 1500
44471.000 # 1500
44471.000 # 1500
44473.000 # 1500
44475.000 # 1500
44476.000 # 1500
44477.657 + 88 1
44477.728 + 88 1
44479.000 # 1500
44480.678 - 88 3.021 1
44480.709 - 88 2.981 1
44481.000 # 1500
44482.000 # 1500
44484.000 # 1500
44486.000 # 1500
44488.000 # 1500
44494.958 + 88 1
44497.951 + 88 1
44498.016 + 88 1
44499.000 # 1500
44499.000 # 1500
44499.000 # 1500
44499.000 # 1500
44499.000 # 1500
44499.000 # 1500
44499.879 - 88 4.921 1
44500.081 - 88 2.130 1
44500.101 - 88 2.085 1
44501.000 # 1500
44505.000 # 1500
44505.000 # 1500
44506.088 + 88 1
44507.000 # 1500
44507.723 - 88 1.635 1
44510.000 # 1500
44512.000 # 1500
44513.000 # 1500
44515.000 # 1500
44518.000 # 1500
44520.000 # 1500
44523.000 # 1500
44525.000 # 1500
44525.347 + 88 1
44535.000 # 1500
44536.174 - 88 10.827 1
44537.000 # 1500
44537.062 + 88 1
44537.218 + 88 1
44538.000 # 1500
44539.014 - 88 1.952 1
44539.035 - 88 1.817 1
44542.000 # 1500
44542.000 # 1500
44542.000 # 1500
44542.000 # 1500
44545.871 + 88 1
44554.000 # 1500
44554.000 # 1500
44554.000 # 1500
44554.000 # 1500
44554.000 # 1500
44554.000 # 1500
44556.649 - 88 10.778 1
44557.000 # 1500
44557.581 + 88 1
44558.000 # 1500
44559.000 # 1500
44559.436 - 88 1.855 1
44560.444 + 88 1
44561.000 # 1500
44562.392 - 88 1.948 1
44564.000 # 1500
44565.000 # 1500
44567.000 # 1500
44571.000 # 1500
44575.000 # 1500
44575.000 # 1500
44575.106 + 88 1
44577.000 # 1500
44578.011 - 88 2.905 1
44579.000 # 1500
44581.000 # 1500
44583.000 # 1500
44584.000 # 1500
44586.000 # 1500
44586.994 + 88 1
44592.000 # 1500
44592.986 - 88 5.992 1
44593.000 # 1500
44595.000 # 1500
44596.571 + 88 1
44596.636 + 88 1
44597.000 # 1500
44598.522 - 88 1.951 1
44598.546 - 88 1.910 1
44599.000 # 1500
44600.000 # 1500
44603.000 # 1500
44605.521 + 88 1
44607.000 # 1500
44608.321 - 88 2.800 1
44616.000 # 1500
44616.000 # 1500
44616.000 # 1500
44616.000 # 1500
44618.000 # 1500
44619.000 # 1500
44620.090 + 88 1
44620.227 + 88 1
44622.000 # 1500
44623.000 # 1500
44623.057 - 88 2.967 1
44623.079 - 88 2.852 1
44624.000 # 1500
44624.952 + 88 1
44627.000 # 1500
44627.826 - 88 2.874 1
44628.000 # 1500
44630.000 # 1500
44631.000 # 1500
44635.000 # 1500
44637.000 # 1500
44638.000 # 1500
44639.000 # 1500
44643.000 # 1500
44643.000 # 1500
44645.492 + 88 1
44645.628 + 88 1
44654.000 # 1500
44654.000 # 1500
44654.000 # 1500
44655.047 - 88 9.555 1
44655.069 - 88 9.441 1
44656.000 # 1500
44656.000 # 1500
44656.000 # 1500
44656.000 # 1500
44658.000 # 1500
44658.682 + 88 1
44669.000 # 1500
44669.000 # 1500
44669.000 # 1500
44669.000 # 1500
44669.000 # 1500
44670.369 - 88 11.687 1
44671.000 # 1500
44674.000 # 1500
44675.000 # 1500
44677.000 # 1500
44678.000 # 1500
44678.282 + 88 1
44682.000 # 1500
44683.168 - 88 4.886 1
44684.000 # 1500
44684.049 + 88 1
44685.000 # 1500
44685.999 - 88 1.950 1
44687.000 # 1500
44689.000 # 1500
44692.000 # 1500
44693.000 # 1500
44694.824 + 88 1
44697.000 # 1500
44697.713 - 88 2.889 1
44699.000 # 1500
44700.000 # 1500
44702.000 # 1500
44703.547 + 88 1
44704.000 # 1500
44705.539 - 88 1.992 1
44708.000 # 1500
44712.000 # 1500
44719.000 # 1500
44726.039 + 88 1
44726.179 + 88 1
44726.231 + 88 1
44727.000 # 1500
44727.924 - 88 1.885 1
44727.947 - 88 1.768 1
44727.956 - 88 1.725 1
44734.000 # 1500
44738.603 + 88 1
44740.000 # 1500
44741.459 - 88 2.856 1
44741.606 + 88 1
44749.000 # 1500
44750.378 - 88 8.772 1
44751.000 # 1500
44754.000 # 1500
44755.000 # 1500
44755.000 # 1500
44755.000 # 1500
44755.000 # 1500
44757.301 + 88 1
44761.490 + 88 1
44765.000 # 1500
44765.000 # 1500
44765.000 # 1500
44765.000 # 1500
44765.955 - 88 8.654 1
44765.985 - 88 4.495 1
44770.000 # 1500
44770.000 # 1500
44770.000 # 1500
44770.000 # 1500
44770.000 # 1500
44771.000 # 1500
44773.000 # 1500
44774.000 # 1500
44777.000 # 1500
44778.000 # 1500
44778.751 + 88 1
44779.000 # 1500
44780.666 - 88 1.915 1
44781.000 # 1500
44782.795 + 88 1
44784.000 # 1500
44785.000 # 1500
44785.395 - 88 2.600 1
44786.000 # 1500
44788.000 # 1500
44791.000 # 1500
44791.000 # 1500
44793.000 # 1500
44795.000 # 1500
44797.000 # 1500
44797.461 + 88 1
44798.332 + 88 1
44799.000 # 1500
44800.000 # 1500
44800.072 - 88 2.611 1
44800.100 - 88 1.768 1
44802.000 # 1500
44802.258 + 88 1
44804.000 # 1500
44804.940 - 88 2.682 1
44807.000 # 1500
44807.000 # 1500
44809.000 # 1500
44810.000 # 1500
44812.000 # 1500
44814.818 + 88 1
44816.000 # 1500
44816.831 - 88 2.013 1
44817.000 # 1500
44818.000 # 1500
44820.000 # 1500
44821.775 + 88 1
44823.000 # 1500
44823.959 - 88 2.184 1
44824.000 # 1500
44825.000 # 1500
44827.000 # 1500
44829.000 # 1500
44830.000 # 1500
44832.000 # 1500
44833.000 # 1500
44835.000 # 1500
44836.000 # 1500
44837.317 + 88 1
44837.382 + 88 1
44838.000 # 1500
44839.000 # 1500
44839.227 - 88 1.910 1
44839.257 - 88 1.875 1
44840.000 # 1500
44842.000 # 1500
44842.155 + 88 1
44843.000 # 1500
44844.185 - 88 2.030 1
44845.000 # 1500
44845.000 # 1500
44846.000 # 1500
44848.000 # 1500
44849.000 # 1500
44850.000 # 1500
44851.000 # 1500
44864.000 # 1500
44864.000 # 1500
44864.000 # 1500
44864.000 # 1500
44864.000 # 1500
44864.000 # 1500
44865.996 + 88 1
44866.138 + 88 1
44866.188 + 88 1
44870.644 + 88 1
44871.000 # 1500
44871.000 # 1500
44871.000 # 1500
44871.000 # 1500
44871.000 # 1500
44871.000 # 1500
44871.070 - 88 5.074 1
44871.098 - 88 4.960 1
44871.113 - 88 4.925 1
44871.127 - 88 0.483 1
44872.000 # 1500
44873.000 # 1500
44874.000 # 1500
44875.000 # 1500
44878.000 # 1500
44879.000 # 1500
44879.000 # 1500
44880.000 # 1500
44882.000 # 1500
44884.000 # 1500
44884.000 # 1500
44886.000 # 1500
44886.000 # 1500
44887.022 + 88 1
44887.177 + 88 1
44888.000 # 1500
44889.000 # 1500
44889.049 - 88 2.027 1
44889.070 - 88 1.893 1
44890.000 # 1500
44892.000 # 1500
44894.000 # 1500
44894.000 # 1500
44895.000 # 1500
44896.000 # 1500
44897.000 # 1500
44897.249 + 88 1
44897.480 + 88 1
44904.246 + 88 1
44907.000 # 1500
44909.000 # 1500
44909.000 # 1500
44909.000 # 1500
44909.000 # 1500
44909.000 # 1500
44909.000 # 1500
44909.000 # 1500
44909.347 - 88 12.098 1
44909.369 - 88 11.889 1
44909.378 - 88 5.132 1
44910.000 # 1500
44911.000 # 1500
44913.000 # 1500
44914.000 # 1500
44915.000 # 1500
44916.000 # 1500
44917.000 # 1500
44926.096 + 88 1
44926.156 + 88 1
44926.204 + 88 1
44929.000 # 1500
44929.000 # 1500
44929.000 # 1500
44929.000 # 1500
44929.000 # 1500
44930.000 # 1500
44930.000 # 1500
44930.209 - 88 4.113 1
44930.234 - 88 4.078 1
44930.242 - 88 4.038 1
44931.000 # 1500
44931.000 # 1500
44932.000 # 1500
44934.000 # 1500
44935.000 # 1500
44936.000 # 1500
44936.947 + 88 1
44937.000 # 1500
44937.231 - 88 0.284 1
44937.388 + 88 1
44939.000 # 1500
44940.816 - 88 3.428 1
44941.000 # 1500
44942.000 # 1500
44943.000 # 1500
44944.000 # 1500
44947.000 # 1500
44948.000 # 1500
44949.000 # 1500
44951.000 # 1500
44954.569 + 88 1
44960.338 + 88 1
44961.000 # 1500
44961.000 # 1500
44961.000 # 1500
44961.000 # 1500
44961.000 # 1500
44962.916 - 88 8.347 1
44962.947 - 88 2.609 1
44963.000 # 1500
44966.000 # 1500
44966.000 # 1500
44968.000 # 1500
44970.000 # 1500
44970.000 # 1500
44971.046 + 88 1
44974.000 # 1500
44975.000 # 1500
44975.092 - 88 4.046 1
44975.324 + 88 1
44978.000 # 1500
44979.037 - 88 3.713 1
44982.000 # 1500
44982.000 # 1500
44983.000 # 1500
44984.000 # 1500
44986.000 # 1500
44988.000 # 1500
44989.000 # 1500
44990.000 # 1500
44991.000 # 1500
44991.584 + 88 1
44993.000 # 1500
44993.698 - 88 2.114 1
44997.417 + 88 1
45005.000 # 1500
45005.000 # 1500
45005.000 # 1500
45005.000 # 1500
45005.000 # 1500
45006.000 # 1500
45006.168 + 88 1
45006.398 - 88 8.981 1
45007.000 # 1500
45008.131 - 88 1.963 1
45009.000 # 1500
45009.000 # 1500
45014.000 # 1500
45014.000 # 1500
45015.000 # 1500
45017.000 # 1500
45019.000 # 1500
45019.000 # 1500
45020.000 # 1500
45021.000 # 1500
45022.330 + 88 1
45023.000 # 1500
45023.963 - 88 1.633 1
45024.000 # 1500
45026.000 # 1500
45035.446 + 88 1
45036.000 # 1500
45036.000 # 1500
45036.000 # 1500
45036.000 # 1500
45037.000 # 1500
45037.000 # 1500
45037.000 # 1500
45037.418 + 88 1
45037.660 - 88 2.214 1
45041.000 # 1500
45041.000 # 1500
45042.363 - 88 4.945 1
45044.000 # 1500
45044.000 # 1500
45045.000 # 1500
45054.966 + 88 1
45055.028 + 88 1
45056.000 # 1500
45056.000 # 1500
45056.000 # 1500
45056.000 # 1500
45056.000 # 1500
45056.000 # 1500
45056.249 - 88 1.283 1
45056.269 - 88 1.241 1
45056.323 + 88 1
45063.959 + 88 1
45066.000 # 1500
45066.657 - 88 10.334 1
45066.690 - 88 2.731 1
45067.000 # 1500
45067.000 # 1500
45071.000 # 1500
45071.000 # 1500
45071.000 # 1500
45077.564 + 88 1
45079.000 # 1500
45079.408 + 88 1
45079.654 - 88 2.090 1
45084.000 # 1500
45084.000 # 1500
45084.000 # 1500
45084.000 # 1500
45084.000 # 1500
45084.712 + 88 1
45085.000 # 1500
45085.082 - 88 5.674 1
45085.107 - 88 0.395 1
45087.000 # 1500
45089.000 # 1500
45091.000 # 1500
45091.000 # 1500
45093.000 # 1500
45096.000 # 1500
45097.000 # 1500
45097.045 + 88 1
45098.000 # 1500
45098.850 - 88 1.805 1
45099.000 # 1500
45099.928 + 88 1
45101.000 # 1500
45101.775 - 88 1.847 1
45103.000 # 1500
45106.127 + 88 1
45111.952 + 88 1
45114.000 # 1500
45114.000 # 1500
45114.000 # 1500
45114.488 - 88 8.361 1
45114.520 - 88 2.568 1
45116.000 # 1500
45119.000 # 1500
45119.000 # 1500
45119.000 # 1500
45119.000 # 1500
45121.000 # 1500
45122.000 # 1500
45122.505 + 88 1
45123.000 # 1500
45124.226 - 88 1.721 1
45125.000 # 1500
45125.406 + 88 1
45127.000 # 1500
45128.278 - 88 2.872 1
45129.000 # 1500
45129.000 # 1500
45131.000 # 1500
45132.000 # 1500
45135.000 # 1500
45135.000 # 1500
45136.202 + 88 1
45137.000 # 1500
45138.000 # 1500
45138.021 - 88 1.819 1
45139.086 + 88 1
45140.000 # 1500
45141.165 + 88 1
45141.275 - 88 2.189 1
45142.000 # 1500
45142.000 # 1500
45143.000 # 1500
45143.149 - 88 1.984 1
45145.000 # 1500
45146.000 # 1500
45147.000 # 1500
45147.532 + 88 1
45148.000 # 1500
45149.000 # 1500
45149.699 - 88 2.167 1
45151.000 # 1500
45152.000 # 1500
45153.000 # 1500
45154.000 # 1500
45155.000 # 1500
45156.772 + 88 1
45158.767 + 88 1
45166.000 # 1500
45166.000 # 1500
45166.000 # 1500
45166.000 # 1500
45166.000 # 1500
45166.000 # 1500
45166.000 # 1500
45166.330 - 88 9.558 1
45166.362 - 88 7.595 1
45167.000 # 1500
45168.000 # 1500
45169.407 + 88 1
45171.000 # 1500
45172.114 - 88 2.707 1
45174.000 # 1500
45174.000 # 1500
45175.000 # 1500
45175.361 + 88 1
45175.476 + 88 1
45176.000 # 1500
45177.006 - 88 1.645 1
45177.033 - 88 1.557 1
45187.000 # 1500
45189.000 # 1500
45189.000 # 1500
45189.000 # 1500
45191.000 # 1500
45191.000 # 1500
45198.126 + 88 1
45199.000 # 1500
45199.000 # 1500
45199.000 # 1500
45199.000 # 1500
45199.000 # 1500
45199.000 # 1500
45199.000 # 1500
45200.000 # 1500
45200.695 - 88 2.569 1
45201.000 # 1500
45204.703 + 88 1
45214.000 # 1500
45214.000 # 1500
45214.000 # 1500
45214.000 # 1500
45214.000 # 1500
45214.000 # 1500
45215.000 # 1500
45215.000 # 1500
45216.208 - 88 11.505 1
45224.000 # 1500
45224.000 # 1500
45224.000 # 1500
45224.000 # 1500
45224.000 # 1500
45224.000 # 1500
45225.000 # 1500
45226.000 # 1500
45228.000 # 1500
45230.000 # 1500
45231.000 # 1500
45235.000 # 1500
45238.000 # 1500
45238.000 # 1500
45239.000 # 1500
45240.000 # 1500
45241.000 # 1500
45243.000 # 1500
45245.000 # 1500
45247.000 # 1500
45256.000 # 1500
45256.000 # 1500
45256.000 # 1500
45256.000 # 1500
45256.000 # 1500
45256.000 # 1500
45257.000 # 1500
45259.000 # 1500
45259.000 # 1500
45261.000 # 1500
45269.295 + 88 1
45269.410 + 88 1
45271.000 # 1500
45271.797 - 88 2.502 1
45271.920 - 88 2.510 1
45273.000 # 1500
45275.000 # 1500
45275.000 # 1500
45275.000 # 1500
45275.000 # 1500
45278.000 # 1500
45278.000 # 1500
45279.000 # 1500
45282.000 # 1500
45284.000 # 1500
45285.000 # 1500
45287.000 # 1500
45289.000 # 1500
45291.000 # 1500
45293.000 # 1500
45294.000 # 1500
45295.000 # 1500
45297.000 # 1500
45300.000 # 1500
45309.000 # 1500
45309.000 # 1500
45309.000 # 1500
45313.476 + 88 1
45313.611 + 88 1
45313.656 + 88 1
45313.696 + 88 1
45313.727 + 88 1
45313.758 + 88 1
45313.789 + 88 1
45315.158 + 88 1
45315.274 + 88 1
45335.000 # 1500
45335.862 - 88 22.386 1
45336.160 - 88 22.549 1
45336.307 - 88 22.651 1
45336.334 - 88 22.638 1
45336.349 - 88 22.622 1
45336.363 - 88 22.605 1
45336.376 - 88 22.587 1
45336.389 - 88 21.231 1
45336.405 - 88 21.131 1
45343.000 # 1500
45343.281 + 88 1
45349.000 # 1500
45351.080 - 88 7.799 1
45354.000 # 1500
45354.027 + 88 1
45358.000 # 1500
45358.802 - 88 4.775 1
45363.000 # 1500
45369.686 + 88 1
45373.000 # 1500
45374.419 - 88 4.733 1
45375.000 # 1500
45389.578 + 88 1
45391.000 # 1500
45392.220 - 88 2.642 1
45396.000 # 1500
45398.565 + 88 1
45399.000 # 1500
45400.992 - 88 2.427 1
45404.000 # 1500
45406.000 # 1500
45407.081 + 88 1
45409.000 # 1500
45409.699 - 88 2.618 1
45413.000 # 1500
45418.075 + 88 1
45423.000 # 1500
45424.498 - 88 6.423 1
45428.522 + 88 1
45429.000 # 1500
45429.000 # 1500
45429.000 # 1500
45430.892 - 88 2.370 1
45431.000 # 1500
45434.000 # 1500
45436.000 # 1500
45437.000 # 1500
45437.419 + 88 1
45441.000 # 1500
45443.136 - 88 5.717 1
45444.000 # 1500
45446.000 # 1500
45449.000 # 1500
45449.000 # 1500
45450.160 + 88 1
45453.000 # 1500
45454.385 - 88 4.225 1
45456.000 # 1500
45457.000 # 1500
45458.000 # 1500
45462.000 # 1500
45463.581 + 88 1
45464.000 # 1500
45464.192 - 88 0.611 1
45466.000 # 1500
45466.000 # 1500
45468.000 # 1500
45471.000 # 1500
45472.000 # 1500
45474.000 # 1500
45476.000 # 1500
45476.277 + 88 1
45480.000 # 1500
45480.000 # 1500
45481.825 - 88 5.548 1
45483.000 # 1500
45485.000 # 1500
45488.000 # 1500
45488.000 # 1500
45489.263 + 88 1
45493.000 # 1500
45494.366 - 88 5.103 1
45496.000 # 1500
45496.000 # 1500
45498.000 # 1500
45500.000 # 1500
45504.000 # 1500
45505.000 # 1500
45506.000 # 1500
45509.000 # 1500
45509.194 + 88 1
45511.000 # 1500
45512.094 - 88 2.900 1
45515.000 # 1500
45517.000 # 1500
45519.000 # 1500
45520.000 # 1500
45521.000 # 1500
45523.000 # 1500
45524.000 # 1500
45526.000 # 1500
45527.000 # 1500
45528.000 # 1500
45530.000 # 1500
45532.000 # 1500
45533.000 # 1500
45535.000 # 1500
45536.000 # 1500
45538.000 # 1500
45539.000 # 1500
45541.000 # 1500
45544.359 + 88 1
45551.000 # 1500
45551.000 # 1500
45551.000 # 1500
45551.000 # 1500
45551.000 # 1500
45551.000 # 1500
45551.000 # 1500
45552.068 - 88 7.709 1
45553.000 # 1500
45554.000 # 1500
45556.000 # 1500
45558.000 # 1500
45558.000 # 1500
45559.000 # 1500
45561.000 # 1500
45564.000 # 1500
45566.000 # 1500
45566.000 # 1500
45567.000 # 1500
45568.727 + 88 1
45569.000 # 1500
45570.566 - 88 1.839 1
45571.000 # 1500
45574.000 # 1500
45574.000 # 1500
45575.000 # 1500
45577.000 # 1500
45578.000 # 1500
45579.000 # 1500
45589.000 # 1500
45591.000 # 1500
45591.000 # 1500
45593.000 # 1500
45593.071 + 88 1
45596.000 # 1500
45596.911 - 88 3.840 1
45598.000 # 1500
45598.000 # 1500
45600.000 # 1500
45602.000 # 1500
45604.000 # 1500
45606.000 # 1500
45608.000 # 1500
45609.000 # 1500
45611.000 # 1500
45613.000 # 1500
45614.000 # 1500
45616.000 # 1500
45618.000 # 1500
45621.000 # 1500
45621.000 # 1500
45624.000 # 1500
45624.421 + 88 1
45626.000 # 1500
45627.243 - 88 2.822 1
45628.000 # 1500
45630.000 # 1500
45631.000 # 1500
45635.000 # 1500
45636.000 # 1500
45638.000 # 1500
45642.000 # 1500
45645.000 # 1500
45646.000 # 1500
45647.000 # 1500
45649.000 # 1500
45653.718 + 88 1
45654.000 # 1500
45655.000 # 1500
45655.518 - 88 1.800 1
45665.000 # 1500
45665.000 # 1500
45665.000 # 1500
45665.000 # 1500
45665.000 # 1500
45667.000 # 1500
45668.000 # 1500
45669.000 # 1500
45671.000 # 1500
45674.000 # 1500
45675.000 # 1500
45676.000 # 1500
45677.181 + 88 1
45678.000 # 1500
45678.943 - 88 1.762 1
45682.000 # 1500
45691.000 # 1500
45693.000 # 1500
45693.000 # 1500
45693.000 # 1500
45693.000 # 1500
45694.000 # 1500
45696.000 # 1500
45698.000 # 1500
45700.000 # 1500
45700.239 + 88 1
45701.000 # 1500
45702.000 # 1500
45702.001 - 88 1.762 1
45704.000 # 1500
45705.000 # 1500
45707.000 # 1500
45708.000 # 1500
45710.000 # 1500
45711.000 # 1500
45714.000 # 1500
45714.000 # 1500
45716.000 # 1500
45718.000 # 1500
45720.000 # 1500
45720.000 # 1500
45721.117 + 88 1
45724.000 # 1500
45724.000 # 1500
45724.931 - 88 3.814 1
45726.000 # 1500
45728.000 # 1500
45730.000 # 1500
45730.000 # 1500
45732.000 # 1500
45733.000 # 1500
45736.000 # 1500
45736.000 # 1500
45738.000 # 1500
45743.519 + 88 1
45748.000 # 1500
45748.000 # 1500
45749.000 # 1500
45749.000 # 1500
45749.000 # 1500
45749.000 # 1500
45749.392 - 88 5.873 1
45750.000 # 1500
45752.000 # 1500
45753.000 # 1500
45753.634 + 88 1
45755.000 # 1500
45755.897 - 88 2.263 1
45756.000 # 1500
45766.000 # 1500
45769.000 # 1500
45770.000 # 1500
45771.000 # 1500
45771.000 # 1500
45771.000 # 1500
45771.000 # 1500
45783.000 # 1500
45783.000 # 1500
45784.000 # 1500
45784.000 # 1500
45786.000 # 1500
45786.497 + 88 1
45788.000 # 1500
45789.306 - 88 2.809 1
45790.000 # 1500
45790.000 # 1500
45791.000 # 1500
45793.000 # 1500
45795.000 # 1500
45805.000 # 1500
45806.000 # 1500
45809.000 # 1500
45809.000 # 1500
45810.000 # 1500
45817.746 + 88 1
45821.000 # 1500
45821.000 # 1500
45821.000 # 1500
45821.000 # 1500
45821.523 - 88 3.777 1
45822.000 # 1500
45824.000 # 1500
45825.000 # 1500
45827.000 # 1500
45829.000 # 1500
45830.000 # 1500
45832.000 # 1500
45834.000 # 1500
45836.000 # 1500
45837.000 # 1500
45839.000 # 1500
45842.420 + 88 1
45848.000 # 1500
45849.000 # 1500
45850.000 # 1500
45850.105 - 88 7.685 1
45854.000 # 1500
45855.000 # 1500
45855.000 # 1500
45856.000 # 1500
45865.583 + 88 1
45867.000 # 1500
45868.000 # 1500
45868.000 # 1500
45868.667 - 88 3.084 1
45870.000 # 1500
45870.000 # 1500
45870.000 # 1500
45874.000 # 1500
45874.000 # 1500
45875.000 # 1500
45877.000 # 1500
45879.000 # 1500
45879.000 # 1500
45881.000 # 1500
45884.000 # 1500
45884.000 # 1500
45885.000 # 1500
45889.011 + 88 1
45895.000 # 1500
45895.000 # 1500
45895.000 # 1500
45895.000 # 1500
45895.976 - 88 6.965 1
45901.000 # 1500
45901.000 # 1500
45901.000 # 1500
45901.000 # 1500
45910.000 # 1500
45910.000 # 1500
45910.000 # 1500
45910.000 # 1500
45910.000 # 1500
45910.943 + 88 1
45911.000 # 1500
45912.000 # 1500
45912.621 - 88 1.678 1
45913.000 # 1500
45914.000 # 1500
45926.000 # 1500
45926.000 # 1500
45926.000 # 1500
45926.000 # 1500
45928.359 + 88 1
45929.000 # 1500
45930.214 - 88 1.855 1
45933.000 # 1500
45934.000 # 1500
45940.000 # 1500
45941.000 # 1500
45941.000 # 1500
45943.000 # 1500
45945.000 # 1500
45946.000 # 1500
45946.969 + 88 1
45949.000 # 1500
45949.815 - 88 2.846 1
45950.000 # 1500
45951.000 # 1500
45952.000 # 1500
45956.000 # 1500
45956.000 # 1500
45958.000 # 1500
45959.000 # 1500
45962.000 # 1500
45964.000 # 1500
45964.000 # 1500
45966.000 # 1500
45968.000 # 1500
45971.000 # 1500
45971.000 # 1500
45975.000 # 1500
45976.000 # 1500
45977.994 + 88 1
45978.000 # 1500
45979.000 # 1500
45979.969 - 88 1.975 1
45981.000 # 1500
45983.000 # 1500
45984.000 # 1500
45986.000 # 1500
45988.000 # 1500
45990.000 # 1500
45991.000 # 1500
45993.000 # 1500
45996.000 # 1500
45996.000 # 1500
45998.000 # 1500
46000.000 # 1500
46001.710 + 88 1
46004.000 # 1500
46004.000 # 1500
46005.000 # 1500
46005.457 - 88 3.747 1
46007.000 # 1500
46009.000 # 1500
46011.000 # 1500
46012.000 # 1500
46014.000 # 1500
46015.000 # 1500
46019.000 # 1500
46020.000 # 1500
46021.000 # 1500
46023.000 # 1500
46026.000 # 1500
46027.000 # 1500
46028.000 # 1500
46030.000 # 1500
46032.000 # 1500
46034.000 # 1500
46035.000 # 1500
46037.000 # 1500
46039.000 # 1500
46041.000 # 1500
46043.000 # 1500
46044.000 # 1500
46046.000 # 1500
46046.575 + 88 1
46047.000 # 1500
46048.327 - 88 1.752 1
46050.000 # 1500
46051.000 # 1500
46053.000 # 1500
46054.000 # 1500
46057.000 # 1500
46058.000 # 1500
46059.000 # 1500
46064.000 # 1500
46065.000 # 1500
46066.000 # 1500
46068.000 # 1500
46069.000 # 1500
46071.000 # 1500
46073.000 # 1500
46074.992 + 88 1
46075.000 # 1500
46076.000 # 1500
46076.799 - 88 1.807 1
46078.000 # 1500
46081.000 # 1500
46081.000 # 1500
46083.000 # 1500
46092.571 + 88 1
46093.000 # 1500
46093.000 # 1500
46093.000 # 1500
46093.000 # 1500
46094.214 - 88 1.643 1
46095.000 # 1500
46095.000 # 1500
46098.000 # 1500
46099.000 # 1500
46103.000 # 1500
46106.000 # 1500
46108.000 # 1500
46113.000 # 1500
46114.943 + 88 1
46116.000 # 1500
46116.809 - 88 1.866 1
46118.000 # 1500
46122.000 # 1500
46126.000 # 1500
46131.000 # 1500
46135.000 # 1500
46137.361 + 88 1
46138.000 # 1500
46139.179 - 88 1.818 1
46140.000 # 1500
46145.000 # 1500
46147.000 # 1500
46149.085 + 88 1
46151.000 # 1500
46151.875 - 88 2.790 1
46155.000 # 1500
46159.000 # 1500
46163.000 # 1500
46164.000 # 1500
46165.668 + 88 1
46167.000 # 1500
46168.537 - 88 2.869 1
46169.000 # 1500
46171.000 # 1500
46173.000 # 1500
46176.000 # 1500
46177.000 # 1500
46179.000 # 1500
46181.000 # 1500
46183.302 + 88 1
46184.000 # 1500
46184.000 # 1500
46185.081 - 88 1.779 1
46189.000 # 1500
46190.000 # 1500
46191.000 # 1500
46193.000 # 1500
46195.000 # 1500
46197.000 # 1500
46199.000 # 1500
46201.000 # 1500
46203.000 # 1500
46204.052 + 88 1
46205.000 # 1500
46205.596 - 88 1.544 1
46207.000 # 1500
46209.000 # 1500
46211.000 # 1500
46214.000 # 1500
46215.000 # 1500
46217.000 # 1500
46220.000 # 1500
46222.000 # 1500
46223.000 # 1500
46225.000 # 1500
46228.000 # 1500
46230.000 # 1500
46232.000 # 1500
46232.503 + 88 1
46234.000 # 1500
46236.000 # 1500
46236.122 - 88 3.619 1
46239.000 # 1500
46241.000 # 1500
46243.000 # 1500
46245.000 # 1500
46247.000 # 1500
46249.939 + 88 1
46251.000 # 1500
46251.837 - 88 1.898 1
46252.000 # 1500
46255.000 # 1500
46256.000 # 1500
46259.000 # 1500
46260.000 # 1500
46263.000 # 1500
46264.000 # 1500
46265.000 # 1500
46268.177 + 88 1
46269.000 # 1500
46270.000 # 1500
46270.044 - 88 1.867 1
46275.000 # 1500
46276.000 # 1500
46288.000 # 1500
46288.633 + 88 1
46295.000 # 1500
46296.000 # 1500
46296.386 - 88 7.753 1
46299.000 # 1500
46300.000 # 1500
46300.000 # 1500
46301.367 + 88 1
46306.000 # 1500
46306.000 # 1500
46307.000 # 1500
46307.248 - 88 5.881 1
46309.239 + 88 1
46315.000 # 1500
46315.000 # 1500
46315.000 # 1500
46315.000 # 1500
46316.000 # 1500
46316.266 - 88 7.027 1
46318.000 # 1500
46319.000 # 1500
46320.274 + 88 1
46325.000 # 1500
46326.613 - 88 6.339 1
46330.666 + 88 1
46331.000 # 1500
46332.000 # 1500
46332.526 - 88 1.860 1
46335.000 # 1500
46338.000 # 1500
46341.000 # 1500
46341.559 + 88 1
46343.000 # 1500
46344.262 - 88 2.703 1
46346.000 # 1500
46347.000 # 1500
46349.000 # 1500
46351.000 # 1500
46353.000 # 1500
46355.000 # 1500
46356.518 + 88 1
46357.000 # 1500
46358.173 + 88 1
46358.249 - 88 1.731 1
46359.000 # 1500
46360.178 - 88 2.005 1
46362.000 # 1500
46363.000 # 1500
46364.977 + 88 1
46365.000 # 1500
46367.000 # 1500
46367.673 - 88 2.696 1
46370.000 # 1500
46372.000 # 1500
46374.000 # 1500
46375.766 + 88 1
46376.000 # 1500
46376.181 - 88 0.415 1
46376.590 + 88 1
46378.000 # 1500
46379.407 - 88 2.817 1
46380.000 # 1500
46383.000 # 1500
46383.512 + 88 1
46386.000 # 1500
46387.000 # 1500
46387.307 - 88 3.795 1
46389.000 # 1500
46392.000 # 1500
46394.000 # 1500
46395.000 # 1500
46395.165 + 88 1
46397.000 # 1500
46398.018 - 88 2.853 1
46398.465 + 88 1
46400.000 # 1500
46401.000 # 1500
46401.855 - 88 3.390 1
46403.000 # 1500
46405.000 # 1500
46406.000 # 1500
46409.000 # 1500
46409.869 + 88 1
46410.000 # 1500
46411.638 - 88 1.769 1
46413.000 # 1500
46415.000 # 1500
46416.718 + 88 1
46417.000 # 1500
46418.549 - 88 1.831 1
46419.000 # 1500
46420.838 + 88 1
46421.000 # 1500
46425.000 # 1500
46425.562 - 88 4.724 1
46426.000 # 1500
46428.000 # 1500
46431.000 # 1500
46433.000 # 1500
46434.045 + 88 1
46436.000 # 1500
46437.066 - 88 3.021 1
46438.000 # 1500
46439.000 # 1500
46442.000 # 1500
46442.861 + 88 1
46445.000 # 1500
46445.727 - 88 2.866 1
46446.240 + 88 1
46449.000 # 1500
46450.612 - 88 4.372 1
46451.000 # 1500
46456.000 # 1500
46458.000 # 1500
46459.759 + 88 1
46460.000 # 1500
46460.182 - 88 0.423 1
46462.314 + 88 1
46464.000 # 1500
46465.307 - 88 2.993 1
46467.000 # 1500
46470.000 # 1500
46473.000 # 1500
46475.000 # 1500
46478.000 # 1500
46480.000 # 1500
46483.000 # 1500
46485.000 # 1500
46487.000 # 1500
46488.794 + 88 1
46488.905 + 88 1
46489.000 # 1500
46489.198 - 88 0.404 1
46491.000 # 1500
46491.928 - 88 3.023 1
46493.000 # 1500
46495.000 # 1500
46497.667 + 88 1
46498.000 # 1500
46499.494 - 88 1.827 1
46500.000 # 1500
46503.000 # 1500
46505.000 # 1500
46507.000 # 1500
46507.318 + 88 1
46509.000 # 1500
46510.221 - 88 2.903 1
46511.000 # 1500
46513.000 # 1500
46515.000 # 1500
46516.000 # 1500
46518.000 # 1500
46518.056 + 88 1
46520.000 # 1500
46521.020 - 88 2.964 1
46524.000 # 1500
46524.000 # 1500
46525.000 # 1500
46526.000 # 1500
46528.000 # 1500
46536.643 + 88 1
46538.000 # 1500
46539.000 # 1500
46539.635 - 88 2.992 1
46540.000 # 1500
46540.000 # 1500
46540.000 # 1500
46540.000 # 1500
46541.494 + 88 1
46542.000 # 1500
46543.719 - 88 2.225 1
46544.000 # 1500
46545.000 # 1500
46547.000 # 1500
46548.332 + 88 1
46549.000 # 1500
46550.000 # 1500
46550.311 - 88 1.979 1
46551.000 # 1500
46553.000 # 1500
46554.000 # 1500
46554.412 + 88 1
46561.157 + 88 1
46564.000 # 1500
46564.000 # 1500
46564.000 # 1500
46565.086 - 88 10.674 1
46565.107 - 88 3.950 1
46568.782 + 88 1
46569.000 # 1500
46569.000 # 1500
46569.000 # 1500
46569.000 # 1500
46569.164 - 88 0.382 1
46574.551 + 88 1
46579.000 # 1500
46580.750 - 88 6.199 1
46581.000 # 1500
46582.461 + 88 1
46583.000 # 1500
46584.000 # 1500
46584.686 - 88 2.225 1
46588.000 # 1500
46589.592 + 88 1
46595.216 + 88 1
46599.000 # 1500
46600.000 # 1500
46600.309 - 88 10.717 1
46600.333 - 88 5.117 1
46600.581 + 88 1
46603.000 # 1500
46604.000 # 1500
46604.000 # 1500
46604.000 # 1500
46604.300 - 88 3.719 1
46605.000 # 1500
46606.644 + 88 1
46608.000 # 1500
46609.833 - 88 3.189 1
46612.000 # 1500
46615.000 # 1500
46617.000 # 1500
46617.852 + 88 1
46619.694 + 88 1
46621.000 # 1500
46622.480 - 88 4.628 1
46622.511 - 88 2.817 1
46623.000 # 1500
46624.890 + 88 1
46626.000 # 1500
46626.320 - 88 1.430 1
46629.000 # 1500
46631.000 # 1500
46635.293 + 88 1
46636.000 # 1500
46636.205 + 88 1
46636.468 - 88 1.175 1
46638.000 # 1500
46638.724 - 88 2.519 1
46642.610 + 88 1
46643.000 # 1500
46644.876 - 88 2.266 1
46645.000 # 1500
46647.000 # 1500
46651.000 # 1500
46653.000 # 1500
46654.607 + 88 1
46655.000 # 1500
46656.661 - 88 2.054 1
46659.000 # 1500
46661.000 # 1500
46661.686 + 88 1
46664.000 # 1500
46664.627 + 88 1
46664.889 - 88 3.203 1
46667.000 # 1500
46668.364 - 88 3.737 1
46669.000 # 1500
46671.807 + 88 1
46672.000 # 1500
46676.000 # 1500
46677.207 - 88 5.400 1
46678.000 # 1500
46681.000 # 1500
46682.212 + 88 1
46684.000 # 1500
46685.006 - 88 2.794 1
46687.000 # 1500
46690.000 # 1500
46693.000 # 1500
46693.173 + 88 1
46694.915 + 88 1
46696.000 # 1500
46696.961 - 88 3.788 1
46697.063 - 88 2.148 1
46700.000 # 1500
46700.675 + 88 1
46702.000 # 1500
46703.417 - 88 2.742 1
46704.000 # 1500
46707.000 # 1500
46709.589 + 88 1
46710.000 # 1500
46711.374 - 88 1.785 1
46714.000 # 1500
46715.000 # 1500
46715.380 + 88 1
46718.000 # 1500
46719.145 - 88 3.765 1
46722.000 # 1500
46724.000 # 1500
46725.249 + 88 1
46726.000 # 1500
46727.139 - 88 1.890 1
46730.000 # 1500
46733.000 # 1500
46735.000 # 1500
46736.203 + 88 1
46738.000 # 1500
46738.895 - 88 2.692 1
46740.000 # 1500
46743.000 # 1500
46745.000 # 1500
46748.000 # 1500
46751.000 # 1500
46756.000 # 1500
46758.629 + 88 1
46758.772 + 88 1
46759.000 # 1500
46760.356 - 88 1.727 1
46760.497 - 88 1.725 1
46761.000 # 1500
46763.000 # 1500
46767.000 # 1500
46768.000 # 1500
46771.000 # 1500
46775.267 + 88 1
46776.000 # 1500
46777.074 - 88 1.807 1
46779.000 # 1500
46780.000 # 1500
46782.360 + 88 1
46783.000 # 1500
46783.788 - 88 1.428 1
46786.000 # 1500
46788.000 # 1500
46792.000 # 1500
46795.000 # 1500
46798.000 # 1500
46799.743 + 88 1
46801.000 # 1500
46801.485 - 88 1.742 1
46802.000 # 1500
46803.580 + 88 1
46804.000 # 1500
46804.321 - 88 0.741 1
46806.000 # 1500
46808.000 # 1500
46810.000 # 1500
46812.000 # 1500
46815.000 # 1500
46815.000 # 1500
46815.153 + 88 1
46818.000 # 1500
46818.952 - 88 3.799 1
46819.000 # 1500
46820.975 + 88 1
46821.000 # 1500
46824.000 # 1500
46825.000 # 1500
46825.896 - 88 4.921 1
46829.000 # 1500
46829.000 # 1500
46831.000 # 1500
46832.889 + 88 1
46833.000 # 1500
46835.000 # 1500
46835.557 - 88 2.668 1
46837.000 # 1500
46839.000 # 1500
46841.000 # 1500
46841.461 + 88 1
46843.000 # 1500
46844.329 - 88 2.868 1
46846.000 # 1500
46847.000 # 1500
46851.000 # 1500
46852.000 # 1500
46853.000 # 1500
46853.185 + 88 1
46855.000 # 1500
46856.000 # 1500
46856.036 - 88 2.851 1
46859.000 # 1500
46860.115 + 88 1
46861.000 # 1500
46861.901 - 88 1.786 1
46863.000 # 1500
46864.000 # 1500
46866.000 # 1500
46868.000 # 1500
46868.810 + 88 1
46870.000 # 1500
46870.736 - 88 1.926 1
46873.000 # 1500
46874.000 # 1500
46877.000 # 1500
46878.000 # 1500
46879.592 + 88 1
46880.000 # 1500
46880.038 - 88 0.446 1
46882.000 # 1500
46884.000 # 1500
46886.000 # 1500
46889.392 + 88 1
46890.000 # 1500
46891.000 # 1500
46891.171 - 88 1.779 1
46892.000 # 1500
46894.000 # 1500
46896.000 # 1500
46898.000 # 1500
46898.464 + 88 1
46901.000 # 1500
46902.000 # 1500
46902.299 - 88 3.835 1
46904.000 # 1500
46906.000 # 1500
46907.000 # 1500
46908.157 + 88 1
46909.000 # 1500
46909.766 - 88 1.609 1
46911.000 # 1500
46913.000 # 1500
46914.000 # 1500
46914.959 + 88 1
46917.000 # 1500
46917.588 - 88 2.629 1
46918.000 # 1500
46919.000 # 1500
46921.000 # 1500
46923.000 # 1500
46923.536 + 88 1
46924.000 # 1500
46925.406 - 88 1.870 1
46926.000 # 1500
46928.000 # 1500
46930.000 # 1500
46931.000 # 1500
46933.320 + 88 1
46934.000 # 1500
46935.172 - 88 1.852 1
46937.000 # 1500
46937.000 # 1500
46937.132 + 88 1
46939.000 # 1500
46940.185 - 88 3.053 1
46941.000 # 1500
46943.000 # 1500
46943.311 + 88 1
46944.000 # 1500
46944.914 - 88 1.603 1
46954.000 # 1500
46957.000 # 1500
46957.000 # 1500
46957.000 # 1500
46957.000 # 1500
46957.269 + 88 1
46957.440 + 88 1
46958.000 # 1500
46959.000 # 1500
46959.555 - 88 2.286 1
46959.676 - 88 2.236 1
46961.000 # 1500
46963.000 # 1500
46965.000 # 1500
46966.000 # 1500
46968.000 # 1500
46970.000 # 1500
46972.000 # 1500
46973.000 # 1500
46975.000 # 1500
46977.000 # 1500
46979.000 # 1500
46980.000 # 1500
46982.000 # 1500
46982.163 + 88 1
46983.000 # 1500
46984.218 + 88 1
46984.256 - 88 2.093 1
46986.000 # 1500
46986.000 # 1500
46986.930 - 88 2.712 1
46988.165 + 88 1
46989.000 # 1500
46989.993 - 88 1.828 1
46991.000 # 1500
46993.000 # 1500
46994.000 # 1500
46996.000 # 1500
46997.000 # 1500
46997.758 + 88 1
46999.000 # 1500
47000.000 # 1500
47000.654 - 88 2.896 1
47002.000 # 1500
47003.000 # 1500
47005.000 # 1500
47005.594 + 88 1
47006.000 # 1500
47007.431 - 88 1.837 1
47009.000 # 1500
47010.000 # 1500
47011.000 # 1500
47012.000 # 1500
47014.000 # 1500
47015.000 # 1500
47017.000 # 1500
47017.334 + 88 1
47018.000 # 1500
47019.136 - 88 1.802 1
47020.000 # 1500
47021.000 # 1500
47024.000 # 1500
47026.000 # 1500
47027.000 # 1500
47029.000 # 1500
47030.000 # 1500
47031.000 # 1500
47033.000 # 1500
47033.966 + 88 1
47034.000 # 1500
47036.000 # 1500
47036.719 - 88 2.753 1
47040.624 + 88 1
47045.000 # 1500
47045.000 # 1500
47046.554 - 88 5.930 1
47048.460 + 88 1
47049.000 # 1500
47049.000 # 1500
47050.372 - 88 1.912 1
47053.000 # 1500
47054.000 # 1500
47054.000 # 1500
47057.393 + 88 1
47059.000 # 1500
47059.000 # 1500
47059.000 # 1500
47059.000 # 1500
47059.000 # 1500
47060.156 - 88 2.763 1
47063.000 # 1500
47063.254 + 88 1
47065.000 # 1500
47066.016 - 88 2.762 1
47067.000 # 1500
47068.000 # 1500
47070.000 # 1500
47072.000 # 1500
47074.000 # 1500
47075.000 # 1500
47078.000 # 1500
47079.805 + 88 1
47080.000 # 1500
47081.000 # 1500
47081.593 - 88 1.788 1
47083.000 # 1500
47084.000 # 1500
47087.000 # 1500
47089.602 + 88 1
47092.496 + 88 1
47095.000 # 1500
47095.000 # 1500
47095.455 + 88 1
47095.782 - 88 6.180 1
47096.314 - 88 3.818 1
47098.000 # 1500
47099.270 - 88 3.815 1
47101.279 + 88 1
47103.000 # 1500
47103.000 # 1500
47103.000 # 1500
47103.000 # 1500
47104.074 - 88 2.795 1
47111.000 # 1500
47111.000 # 1500
47113.870 + 88 1
47117.000 # 1500
47117.000 # 1500
47117.702 - 88 3.832 1
47119.000 # 1500
47123.000 # 1500
47123.000 # 1500
47123.000 # 1500
47123.763 + 88 1
47130.000 # 1500
47130.000 # 1500
47131.000 # 1500
47131.000 # 1500
47131.000 # 1500
47131.458 - 88 7.695 1
47132.000 # 1500
47134.000 # 1500
47136.000 # 1500
47136.437 + 88 1
47137.000 # 1500
47138.215 - 88 1.778 1
47139.000 # 1500
47142.000 # 1500
47144.000 # 1500
47146.204 + 88 1
47148.000 # 1500
47148.985 - 88 2.781 1
47151.000 # 1500
47154.000 # 1500
47155.074 + 88 1
47158.000 # 1500
47158.840 - 88 3.766 1
47161.000 # 1500
47162.000 # 1500
47165.000 # 1500
47168.000 # 1500
47172.000 # 1500
47175.000 # 1500
47175.734 + 88 1
47176.089 + 88 1
47176.141 + 88 1
47177.000 # 1500
47178.489 - 88 2.755 1
47178.611 - 88 2.522 1
47178.632 - 88 2.491 1
47181.000 # 1500
47183.000 # 1500
47185.000 # 1500
47190.000 # 1500
47193.000 # 1500
47196.000 # 1500
47200.000 # 1500
47201.000 # 1500
47203.074 + 88 1
47203.138 + 88 1
47204.000 # 1500
47204.860 - 88 1.786 1
47205.032 - 88 1.894 1
47207.000 # 1500
47210.000 # 1500
47213.000 # 1500
47214.842 + 88 1
47215.000 # 1500
47215.232 - 88 0.390 1
47218.000 # 1500
47219.628 + 88 1
47222.000 # 1500
47223.000 # 1500
47223.662 - 88 4.034 1
47226.000 # 1500
47226.296 + 88 1
47228.000 # 1500
47229.000 # 1500
47229.391 - 88 3.095 1
47232.000 # 1500
47237.000 # 1500
47239.243 + 88 1
47243.038 + 88 1
47246.000 # 1500
47246.535 - 88 7.292 1
47246.650 - 88 3.612 1
47248.000 # 1500
47248.000 # 1500
47249.000 # 1500
47254.000 # 1500
47254.716 + 88 1
47255.000 # 1500
47256.781 - 88 2.065 1
47258.000 # 1500
47258.573 + 88 1
47262.000 # 1500
47263.654 - 88 5.081 1
47264.000 # 1500
47267.000 # 1500
47269.000 # 1500
47272.000 # 1500
47276.000 # 1500
47277.000 # 1500
47280.148 + 88 1
47281.000 # 1500
47282.071 + 88 1
47282.222 - 88 2.074 1
47285.000 # 1500
47286.000 # 1500
47286.077 - 88 4.006 1
47288.330 + 88 1
47290.000 # 1500
47290.980 - 88 2.650 1
47294.719 + 88 1
47298.000 # 1500
47299.771 - 88 5.052 1
47301.000 # 1500
47302.000 # 1500
47303.000 # 1500
47303.600 + 88 1
47306.000 # 1500
47306.000 # 1500
47307.977 - 88 4.377 1
47309.000 # 1500
47309.000 # 1500
47311.000 # 1500
47312.000 # 1500
47314.000 # 1500
47315.000 # 1500
47317.000 # 1500
47317.401 + 88 1
47317.551 + 88 1
47326.000 # 1500
47326.000 # 1500
47326.000 # 1500
47326.000 # 1500
47328.000 # 1500
47328.085 - 88 10.684 1
47328.179 - 88 10.628 1
47329.000 # 1500
47331.000 # 1500
47332.000 # 1500
47333.826 + 88 1
47334.000 # 1500
47335.000 # 1500
47335.881 - 88 2.055 1
47337.852 + 88 1
47338.000 # 1500
47346.591 + 88 1
47347.000 # 1500
47347.000 # 1500
47347.000 # 1500
47347.000 # 1500
47347.000 # 1500
47348.608 - 88 10.756 1
47348.852 - 88 2.261 1
47352.174 + 88 1
47355.000 # 1500
47355.000 # 1500
47355.000 # 1500
47356.000 # 1500
47356.000 # 1500
47356.338 - 88 4.164 1
47357.000 # 1500
47362.184 + 88 1
47367.000 # 1500
47367.000 # 1500
47368.156 - 88 5.972 1
47370.000 # 1500
47370.000 # 1500
47370.128 + 88 1
47373.000 # 1500
47373.000 # 1500
47373.947 - 88 3.819 1
47375.000 # 1500
47376.929 + 88 1
47377.000 # 1500
47380.000 # 1500
47380.450 - 88 3.521 1
47384.743 + 88 1
47386.000 # 1500
47386.525 - 88 1.782 1
47388.000 # 1500
47388.000 # 1500
47388.000 # 1500
47395.452 + 88 1
47398.000 # 1500
47399.183 - 88 3.731 1
47400.000 # 1500
47400.000 # 1500
47400.000 # 1500
47400.000 # 1500
47400.000 # 1500
47402.000 # 1500
47404.000 # 1500
47404.317 + 88 1
47406.000 # 1500
47407.019 - 88 2.702 1
47409.000 # 1500
47410.000 # 1500
47410.271 + 88 1
47411.000 # 1500
47411.997 - 88 1.726 1
47413.000 # 1500
47415.000 # 1500
47417.000 # 1500
47417.193 + 88 1
47424.750 + 88 1
47427.000 # 1500
47427.000 # 1500
47427.000 # 1500
47427.000 # 1500
47427.000 # 1500
47427.502 - 88 10.309 1
47427.628 - 88 2.878 1
47428.000 # 1500
47436.489 + 88 1
47438.000 # 1500
47438.478 + 88 1
47438.779 - 88 2.290 1
47444.000 # 1500
47444.000 # 1500
47444.000 # 1500
47444.000 # 1500
47444.000 # 1500
47444.000 # 1500
47444.218 + 88 1
47444.540 - 88 6.062 1
47445.000 # 1500
47446.156 - 88 1.938 1
47456.000 # 1500
47456.387 + 88 1
47459.000 # 1500
47460.930 - 88 4.543 1
47463.767 + 88 1
47465.841 + 88 1
47476.000 # 1500
47476.000 # 1500
47476.000 # 1500
47476.000 # 1500
47476.000 # 1500
47476.000 # 1500
47476.000 # 1500
47476.000 # 1500
47476.725 - 88 12.958 1
47476.898 - 88 11.057 1
47477.000 # 1500
47478.000 # 1500
47481.000 # 1500
47481.000 # 1500
47482.726 + 88 1
47482.838 + 88 1
47483.000 # 1500
47483.045 - 88 0.319 1
47485.000 # 1500
47485.343 - 88 2.505 1
47487.000 # 1500
47488.000 # 1500
47490.000 # 1500
47492.000 # 1500
47492.281 + 88 1
47493.000 # 1500
47493.851 - 88 1.570 1
47495.000 # 1500
47497.000 # 1500
47499.000 # 1500
47499.918 + 88 1
47501.000 # 1500
47501.842 - 88 1.924 1
47502.000 # 1500
47504.000 # 1500
47505.000 # 1500
47506.980 + 88 1
47509.000 # 1500
47509.624 - 88 2.644 1
47511.000 # 1500
47512.000 # 1500
47513.000 # 1500
47514.000 # 1500
47516.000 # 1500
47518.000 # 1500
47519.000 # 1500
47522.000 # 1500
47524.434 + 88 1
47525.000 # 1500
47526.216 - 88 1.782 1
47528.000 # 1500
47531.000 # 1500
47534.000 # 1500
47536.000 # 1500
47536.033 + 88 1
47539.000 # 1500
47540.368 - 88 4.335 1
47540.492 + 88 1
47546.671 + 88 1
47550.000 # 1500
47550.000 # 1500
47550.000 # 1500
47552.035 - 88 11.543 1
47552.075 - 88 5.404 1
47552.134 + 88 1
47555.000 # 1500
47556.827 - 88 4.693 1
47557.064 + 88 1
47567.133 + 88 1
47571.000 # 1500
47571.000 # 1500
47572.279 - 88 15.215 1
47572.320 - 88 5.187 1
47573.000 # 1500
47574.947 + 88 1
47575.000 # 1500
47576.000 # 1500
47576.995 - 88 2.048 1
47579.000 # 1500
47581.000 # 1500
47582.000 # 1500
47583.947 + 88 1
47584.000 # 1500
47585.000 # 1500
47585.886 - 88 1.939 1
47587.000 # 1500
47589.000 # 1500
47590.000 # 1500
47592.000 # 1500
47592.661 + 88 1
47595.000 # 1500
47595.493 - 88 2.832 1
47597.000 # 1500
47599.000 # 1500
47599.000 # 1500
47600.552 + 88 1
47601.000 # 1500
47602.438 - 88 1.886 1
47603.000 # 1500
47605.000 # 1500
47605.000 # 1500
47606.656 + 88 1
47607.000 # 1500
47608.000 # 1500
47608.293 - 88 1.637 1
47610.000 # 1500
47611.000 # 1500
47613.000 # 1500
47614.000 # 1500
47616.000 # 1500
47619.000 # 1500
47619.000 # 1500
47620.000 # 1500
47626.845 + 88 1
47626.981 + 88 1
47627.244 + 88 1
47629.000 # 1500
47629.892 - 88 3.047 1
47629.986 - 88 3.005 1
47630.017 - 88 2.773 1
47634.695 + 88 1
47636.000 # 1500
47637.581 - 88 2.886 1
47640.000 # 1500
47640.000 # 1500
47640.000 # 1500
47641.775 + 88 1
47645.000 # 1500
47645.000 # 1500
47645.385 - 88 3.610 1
47646.000 # 1500
47648.000 # 1500
47648.262 + 88 1
47650.000 # 1500
47652.000 # 1500
47652.473 - 88 4.211 1
47653.000 # 1500
47655.086 + 88 1
47656.000 # 1500
47657.000 # 1500
47657.106 - 88 2.020 1
47659.000 # 1500
47660.000 # 1500
47662.889 + 88 1
47663.000 # 1500
47665.000 # 1500
47665.868 - 88 2.979 1
47666.000 # 1500
47668.000 # 1500
47671.000 # 1500
47671.000 # 1500
47673.000 # 1500
47675.000 # 1500
47677.000 # 1500
47678.000 # 1500
47680.508 + 88 1
47682.000 # 1500
47683.551 - 88 3.043 1
47689.300 + 88 1
47692.000 # 1500
47692.000 # 1500
47693.000 # 1500
47693.000 # 1500
47693.272 - 88 3.972 1
47699.000 # 1500
47699.000 # 1500
47703.000 # 1500
47703.000 # 1500
47703.000 # 1500
47703.000 # 1500
47703.968 + 88 1
47713.741 + 88 1
47714.000 # 1500
47714.137 - 88 10.169 1
47714.248 - 88 0.507 1
47715.000 # 1500
47715.000 # 1500
47715.000 # 1500
47715.000 # 1500
47718.000 # 1500
47720.000 # 1500
47723.000 # 1500
47726.000 # 1500
47729.000 # 1500
47730.417 + 88 1
47731.000 # 1500
47732.404 - 88 1.987 1
47736.000 # 1500
47738.000 # 1500
47740.000 # 1500
47744.000 # 1500
47746.000 # 1500
47749.000 # 1500
47751.000 # 1500
47754.000 # 1500
47754.791 + 88 1
47757.000 # 1500
47757.753 - 88 2.962 1
47761.000 # 1500
47763.000 # 1500
47765.000 # 1500
47769.000 # 1500
47771.000 # 1500
47773.000 # 1500
47776.000 # 1500
47779.000 # 1500
47781.000 # 1500
47784.000 # 1500
47784.000 # 1500
47786.999 + 88 1
47787.000 # 1500
47788.000 # 1500
47789.000 # 1500
47789.033 - 88 2.034 1
47791.000 # 1500
47793.000 # 1500
47795.000 # 1500
47797.000 # 1500
47799.000 # 1500
47800.000 # 1500
47800.760 + 88 1
47802.000 # 1500
47802.660 - 88 1.900 1
47803.000 # 1500
47806.000 # 1500
47808.000 # 1500
47809.000 # 1500
47810.000 # 1500
47812.000 # 1500
47813.350 + 88 1
47815.000 # 1500
47816.000 # 1500
47816.296 - 88 2.946 1
47817.000 # 1500
47819.000 # 1500
47821.000 # 1500
47822.000 # 1500
47824.000 # 1500
47824.203 + 88 1
47826.000 # 1500
47827.016 - 88 2.813 1
47827.346 + 88 1
47828.000 # 1500
47829.000 # 1500
47829.012 - 88 1.666 1
47831.000 # 1500
47833.000 # 1500
47834.000 # 1500
47835.825 + 88 1
47836.000 # 1500
47836.180 - 88 0.355 1
47839.000 # 1500
47840.000 # 1500
47841.000 # 1500
47841.771 + 88 1
47843.000 # 1500
47843.645 - 88 1.874 1
47845.000 # 1500
47852.298 + 88 1
47855.000 # 1500
47855.000 # 1500
47856.331 - 88 4.033 1
47858.000 # 1500
47859.000 # 1500
47861.000 # 1500
47861.424 + 88 1
47863.000 # 1500
47864.000 # 1500
47864.232 - 88 2.808 1
47867.000 # 1500
47870.000 # 1500
47870.000 # 1500
47872.000 # 1500
47873.963 + 88 1
47875.000 # 1500
47876.000 # 1500
47876.724 - 88 2.761 1
47881.000 # 1500
47881.000 # 1500
47881.000 # 1500
47883.000 # 1500
47883.620 + 88 1
47885.000 # 1500
47885.504 - 88 1.884 1
47887.000 # 1500
47889.000 # 1500
47890.000 # 1500
47892.474 + 88 1
47894.000 # 1500
47895.000 # 1500
47895.255 - 88 2.781 1
47896.000 # 1500
47898.000 # 1500
47900.000 # 1500
47901.000 # 1500
47903.000 # 1500
47905.000 # 1500
47907.000 # 1500
47909.000 # 1500
47909.046 + 88 1
47910.000 # 1500
47911.001 - 88 1.955 1
47911.127 + 88 1
47912.000 # 1500
47912.843 - 88 1.716 1
47914.000 # 1500
47915.000 # 1500
47918.000 # 1500
47918.812 + 88 1
47919.000 # 1500
47919.310 - 88 0.498 1
47920.000 # 1500
47922.000 # 1500
47924.000 # 1500
47925.000 # 1500
47926.000 # 1500
47927.168 + 88 1
47928.000 # 1500
47929.000 # 1500
47929.582 - 88 2.414 1
47932.000 # 1500
47933.000 # 1500
47934.000 # 1500
47935.000 # 1500
47937.000 # 1500
47937.851 + 88 1
47939.000 # 1500
47940.000 # 1500
47940.336 - 88 2.485 1
47943.000 # 1500
47944.000 # 1500
47947.441 + 88 1
47954.000 # 1500
47956.358 - 88 8.917 1
47956.705 + 88 1
47958.000 # 1500
47959.837 - 88 3.132 1
47960.000 # 1500
47960.000 # 1500
47964.679 + 88 1
47965.000 # 1500
47965.000 # 1500
47966.759 - 88 2.080 1
47971.000 # 1500
47971.000 # 1500
47971.000 # 1500
47971.000 # 1500
47972.930 + 88 1
47973.000 # 1500
47975.000 # 1500
47976.000 # 1500
47976.340 - 88 3.410 1
47978.000 # 1500
47980.288 + 88 1
47981.000 # 1500
47982.000 # 1500
47982.306 - 88 2.018 1
47984.000 # 1500
47985.000 # 1500
47987.000 # 1500
47989.000 # 1500
47991.000 # 1500
47992.000 # 1500
47994.000 # 1500
47994.322 + 88 1
47996.181 + 88 1
47997.000 # 1500
47998.035 - 88 3.713 1
47998.132 - 88 1.951 1
48000.000 # 1500
48001.000 # 1500
48003.000 # 1500
48004.000 # 1500
48006.000 # 1500
48006.730 + 88 1
48007.000 # 1500
48010.000 # 1500
48010.000 # 1500
48011.527 - 88 4.797 1
48012.000 # 1500
48013.000 # 1500
48015.000 # 1500
48017.000 # 1500
48018.000 # 1500
48019.000 # 1500
48021.364 + 88 1
48022.000 # 1500
48023.000 # 1500
48023.150 - 88 1.786 1
48026.000 # 1500
48026.000 # 1500
48028.000 # 1500
48029.000 # 1500
48031.000 # 1500
48031.206 + 88 1
48033.000 # 1500
48033.880 - 88 2.674 1
48035.000 # 1500
48036.000 # 1500
48038.000 # 1500
48039.000 # 1500
48040.475 + 88 1
48041.000 # 1500
48041.951 + 88 1
48042.000 # 1500
48042.029 - 88 1.554 1
48044.000 # 1500
48044.758 - 88 2.807 1
48044.832 + 88 1
48045.000 # 1500
48046.666 - 88 1.834 1
48049.000 # 1500
48050.000 # 1500
48051.000 # 1500
48052.564 + 88 1
48053.000 # 1500
48054.522 - 88 1.958 1
48057.388 + 88 1
48064.000 # 1500
48064.000 # 1500
48064.000 # 1500
48064.000 # 1500
48064.000 # 1500
48065.255 - 88 7.867 1
48066.000 # 1500
48066.000 # 1500
48068.000 # 1500
48068.344 + 88 1
48070.000 # 1500
48071.053 - 88 2.709 1
48072.000 # 1500
48074.000 # 1500
48075.000 # 1500
48076.000 # 1500
48077.180 + 88 1
48077.337 + 88 1
48083.724 + 88 1
48087.000 # 1500
48087.000 # 1500
48087.718 - 88 10.538 1
48087.775 - 88 10.438 1
48087.793 - 88 4.069 1
48088.000 # 1500
48089.000 # 1500
48089.000 # 1500
48089.000 # 1500
48089.000 # 1500
48095.493 + 88 1
48095.631 + 88 1
48097.000 # 1500
48098.000 # 1500
48098.464 - 88 2.971 1
48098.496 - 88 2.865 1
48099.000 # 1500
48100.000 # 1500
48101.000 # 1500
48101.000 # 1500
48101.000 # 1500
48104.000 # 1500
48105.000 # 1500
48105.427 + 88 1
48106.000 # 1500
48107.125 - 88 1.698 1
48108.000 # 1500
48109.405 + 88 1
48110.000 # 1500
48111.013 - 88 1.608 1
48112.000 # 1500
48113.000 # 1500
48115.000 # 1500
48115.411 + 88 1
48117.000 # 1500
48117.054 + 88 1
48117.370 - 88 1.959 1
48118.000 # 1500
48118.830 - 88 1.776 1
48121.000 # 1500
48121.000 # 1500
48123.000 # 1500
48123.881 + 88 1
48125.000 # 1500
48125.666 - 88 1.785 1
48128.000 # 1500
48128.000 # 1500
48129.000 # 1500
48131.000 # 1500
48132.000 # 1500
48134.000 # 1500
48135.000 # 1500
48137.000 # 1500
48138.000 # 1500
48138.795 + 88 1
48138.939 + 88 1
48140.000 # 1500
48140.390 - 88 1.595 1
48140.420 - 88 1.481 1
48140.439 + 88 1
48142.000 # 1500
48143.000 # 1500
48143.321 - 88 2.882 1
48144.000 # 1500
48145.447 + 88 1
48146.000 # 1500
48147.192 - 88 1.745 1
48156.139 + 88 1
48157.000 # 1500
48157.000 # 1500
48157.000 # 1500
48157.000 # 1500
48157.000 # 1500
48157.000 # 1500
48158.058 - 88 1.919 1
48158.592 + 88 1
48160.000 # 1500
48160.978 - 88 2.386 1
48161.000 # 1500
48163.000 # 1500
48164.000 # 1500
48167.000 # 1500
48168.000 # 1500
48172.000 # 1500
48174.000 # 1500
48175.000 # 1500
48177.000 # 1500
48177.622 + 88 1
48177.684 + 88 1
48177.734 + 88 1
48179.000 # 1500
48180.124 - 88 2.502 1
48180.145 - 88 2.461 1
48180.154 - 88 2.420 1
48181.000 # 1500
48181.000 # 1500
48183.000 # 1500
48184.000 # 1500
48185.000 # 1500
48186.000 # 1500
48190.211 + 88 1
48195.000 # 1500
48197.000 # 1500
48197.000 # 1500
48197.000 # 1500
48197.000 # 1500
48197.000 # 1500
48197.029 - 88 6.818 1
48199.094 + 88 1
48202.296 + 88 1
48204.125 + 88 1
48206.000 # 1500
48206.000 # 1500
48206.000 # 1500
48206.000 # 1500
48206.776 - 88 7.682 1
48206.804 - 88 4.508 1
48206.820 - 88 2.695 1
48207.000 # 1500
48209.000 # 1500
48211.000 # 1500
48213.000 # 1500
48215.000 # 1500
48216.053 + 88 1
48216.193 + 88 1
48217.000 # 1500
48217.694 - 88 1.641 1
48217.715 - 88 1.522 1
48218.000 # 1500
48218.589 + 88 1
48220.000 # 1500
48221.477 - 88 2.888 1
48222.000 # 1500
48223.531 + 88 1
48224.000 # 1500
48224.214 - 88 0.683 1
48225.000 # 1500
48234.000 # 1500
48234.000 # 1500
48234.000 # 1500
48235.000 # 1500
48235.000 # 1500
48236.234 + 88 1
48237.000 # 1500
48238.000 # 1500
48238.202 + 88 1
48238.284 - 88 2.050 1
48240.000 # 1500
48242.000 # 1500
48242.039 - 88 3.837 1
48245.000 # 1500
48246.000 # 1500
48247.000 # 1500
48249.000 # 1500
48250.000 # 1500
48251.014 + 88 1
48251.128 + 88 1
48252.000 # 1500
48252.691 - 88 1.677 1
48252.713 - 88 1.585 1
48253.000 # 1500
48255.000 # 1500
48256.697 + 88 1
48264.000 # 1500
48264.000 # 1500
48264.000 # 1500
48264.000 # 1500
48265.000 # 1500
48265.620 - 88 8.923 1
48265.656 + 88 1
48273.000 # 1500
48273.000 # 1500
48273.000 # 1500
48273.000 # 1500
48274.000 # 1500
48274.262 - 88 8.606 1
48275.000 # 1500
48276.000 # 1500
48277.291 + 88 1
48278.000 # 1500
48279.154 - 88 1.863 1
48280.000 # 1500
48281.000 # 1500
48282.297 + 88 1
48283.000 # 1500
48284.000 # 1500
48284.018 - 88 1.721 1
48285.000 # 1500
48287.000 # 1500
48289.000 # 1500
48290.000 # 1500
48292.000 # 1500
48293.000 # 1500
48294.000 # 1500
48295.794 + 88 1
48296.103 + 88 1
48303.060 + 88 1
48304.000 # 1500
48305.403 - 88 9.609 1
48305.435 - 88 9.332 1
48305.450 - 88 2.390 1
48307.000 # 1500
48308.000 # 1500
48309.000 # 1500
48309.000 # 1500
48314.000 # 1500
48315.000 # 1500
48316.348 + 88 1
48316.459 + 88 1
48318.000 # 1500
48318.000 # 1500
48318.000 # 1500
48318.000 # 1500
48319.000 # 1500
48319.125 - 88 2.777 1
48319.154 - 88 2.695 1
48320.000 # 1500
48323.267 + 88 1
48324.000 # 1500
48325.000 # 1500
48325.092 - 88 1.825 1
48326.000 # 1500
48327.220 + 88 1
48327.329 + 88 1
48328.000 # 1500
48328.813 - 88 1.593 1
48328.840 - 88 1.511 1
48337.861 + 88 1
48339.000 # 1500
48339.000 # 1500
48339.000 # 1500
48339.728 - 88 1.867 1
48343.000 # 1500
48343.000 # 1500
48343.000 # 1500
48344.000 # 1500
48344.000 # 1500
48349.451 + 88 1
48349.560 + 88 1
48354.000 # 1500
48355.261 - 88 5.810 1
48355.291 - 88 5.731 1
48355.545 + 88 1
48361.165 + 88 1
48364.000 # 1500
48364.000 # 1500
48364.000 # 1500
48364.000 # 1500
48364.000 # 1500
48364.000 # 1500
48365.000 # 1500
48365.000 # 1500
48365.000 # 1500
48365.332 + 88 1
48365.643 - 88 10.098 1
48365.668 - 88 4.503 1
48366.000 # 1500
48367.000 # 1500
48367.429 - 88 2.097 1
48371.000 # 1500
48371.000 # 1500
48374.336 + 88 1
48376.024 + 88 1
48378.805 + 88 1
48385.000 # 1500
48385.000 # 1500
48385.667 - 88 11.331 1
48385.688 - 88 9.664 1
48385.696 - 88 6.891 1
48388.000 # 1500
48389.000 # 1500
48389.732 + 88 1
48392.000 # 1500
48392.491 - 88 2.759 1
48394.000 # 1500
48394.428 + 88 1
48396.000 # 1500
48397.000 # 1500
48397.328 - 88 2.900 1
48400.275 + 88 1
48406.467 + 88 1
48409.000 # 1500
48409.000 # 1500
48409.000 # 1500
48410.092 + 88 1
48410.426 - 88 10.151 1
48410.448 - 88 3.981 1
48414.000 # 1500
48415.227 - 88 5.135 1
48415.636 + 88 1
48417.000 # 1500
48418.764 - 88 3.128 1
48419.000 # 1500
48422.000 # 1500
48425.849 + 88 1
48426.000 # 1500
48427.885 + 88 1
48432.000 # 1500
48432.493 - 88 6.644 1
48432.516 - 88 4.631 1
48435.000 # 1500
48437.000 # 1500
48439.424 + 88 1
48439.540 + 88 1
48441.000 # 1500
48442.000 # 1500
48442.336 - 88 2.912 1
48442.366 - 88 2.826 1
48443.000 # 1500
48445.000 # 1500
48447.522 + 88 1
48453.156 + 88 1
48456.000 # 1500
48456.000 # 1500
48456.000 # 1500
48456.000 # 1500
48456.871 - 88 9.349 1
48456.892 - 88 3.736 1
48457.000 # 1500
48459.000 # 1500
48460.000 # 1500
48462.000 # 1500
48462.942 + 88 1
48466.000 # 1500
48466.747 - 88 3.805 1
48466.893 + 88 1
48467.000 # 1500
48468.000 # 1500
48468.877 - 88 1.984 1
48471.000 # 1500
48473.000 # 1500
48475.000 # 1500
48476.000 # 1500
48477.764 + 88 1
48479.873 + 88 1
48488.411 + 88 1
48489.000 # 1500
48489.000 # 1500
48489.000 # 1500
48490.552 - 88 12.788 1
48490.574 - 88 10.701 1
48490.582 - 88 2.171 1
48494.295 + 88 1
48496.000 # 1500
48497.329 - 88 3.034 1
48497.569 + 88 1
48499.254 + 88 1
48501.000 # 1500
48501.000 # 1500
48502.000 # 1500
48502.036 - 88 4.467 1
48502.057 - 88 2.803 1
48504.000 # 1500
48507.000 # 1500
48510.000 # 1500
48511.981 + 88 1
48513.000 # 1500
48513.754 - 88 1.773 1
48513.872 + 88 1
48517.000 # 1500
48517.669 - 88 3.797 1
48526.000 # 1500
48526.000 # 1500
48527.000 # 1500
48531.000 # 1500
48535.000 # 1500
48537.000 # 1500
48540.174 + 88 1
48540.290 + 88 1
48541.000 # 1500
48542.145 - 88 1.971 1
48542.165 - 88 1.875 1
48544.000 # 1500
48547.000 # 1500
48550.000 # 1500
48554.000 # 1500
48557.000 # 1500
48561.000 # 1500
48565.000 # 1500
48566.000 # 1500
48572.000 # 1500
48574.000 # 1500
48576.000 # 1500
48579.000 # 1500
48583.000 # 1500
48586.000 # 1500
48588.000 # 1500
48592.000 # 1500
48592.752 + 88 1
48597.000 # 1500
48598.000 # 1500
48598.724 - 88 5.972 1
48603.000 # 1500
48604.000 # 1500
48606.791 + 88 1
48606.903 + 88 1
48608.000 # 1500
48608.480 - 88 1.689 1
48608.584 - 88 1.681 1
48611.000 # 1500
48615.000 # 1500
48619.000 # 1500
48621.000 # 1500
48625.000 # 1500
48628.000 # 1500
48631.000 # 1500
48636.000 # 1500
48638.000 # 1500
48642.000 # 1500
48643.000 # 1500
48646.000 # 1500
48646.966 + 88 1
48647.000 # 1500
48647.080 + 88 1
48647.114 + 88 1
48647.145 + 88 1
48647.174 + 88 1
48647.204 + 88 1
48647.260 + 88 1
48647.296 + 88 1
48647.328 + 88 1
48647.358 + 88 1
48649.000 # 1500
48650.606 - 88 3.640 1
48650.725 - 88 3.645 1
48650.766 - 88 3.652 1
48650.776 - 88 3.631 1
48650.785 - 88 3.611 1
48650.792 - 88 3.588 1
48650.799 - 88 3.539 1
48650.806 - 88 3.510 1
48650.813 - 88 3.485 1
48650.820 - 88 3.462 1
48651.000 # 1500
48653.000 # 1500
48655.000 # 1500
48658.000 # 1500
48658.512 + 88 1
48659.000 # 1500
48660.397 - 88 1.885 1
48661.000 # 1500
48663.000 # 1500
48665.000 # 1500
48667.000 # 1500
48667.289 + 88 1
48668.000 # 1500
48669.043 - 88 1.754 1
48670.000 # 1500
48670.202 + 88 1
48673.000 # 1500
48674.000 # 1500
48674.246 - 88 4.044 1
48675.000 # 1500
48676.604 + 88 1
48678.000 # 1500
48679.744 - 88 3.140 1
48683.000 # 1500
48683.000 # 1500
48685.000 # 1500
48686.000 # 1500
48690.146 + 88 1
48695.000 # 1500
48696.000 # 1500
48696.233 - 88 6.087 1
48696.606 + 88 1
48696.722 + 88 1
48697.000 # 1500
48697.000 # 1500
48698.369 - 88 1.763 1
48698.390 - 88 1.668 1
48699.000 # 1500
48700.000 # 1500
48701.000 # 1500
48703.000 # 1500
48704.000 # 1500
48714.000 # 1500
48714.000 # 1500
48718.000 # 1500
48718.000 # 1500
48718.000 # 1500
48724.000 # 1500
48724.000 # 1500
48724.000 # 1500
48731.000 # 1500
48736.000 # 1500
48740.000 # 1500
48740.000 # 1500
48740.000 # 1500
48742.000 # 1500
48745.000 # 1500
48748.000 # 1500
48751.000 # 1500
48755.188 + 88 1
48755.318 + 88 1
48755.355 + 88 1
48755.387 + 88 1
48755.429 + 88 1
48755.460 + 88 1
48755.491 + 88 1
48756.000 # 1500
48756.866 + 88 1
48756.909 + 88 1
48756.925 - 88 1.737 1
48756.961 - 88 1.643 1
48756.987 - 88 1.632 1
48757.002 - 88 1.615 1
48757.016 - 88 1.587 1
48757.030 - 88 1.570 1
48757.043 - 88 1.552 1
48759.000 # 1500
48759.329 - 88 2.463 1
48759.358 - 88 2.449 1
48761.000 # 1500
48763.000 # 1500
48765.000 # 1500
48766.934 + 88 1
48768.000 # 1500
48768.553 - 88 1.619 1
48770.000 # 1500
48770.000 # 1500
48772.000 # 1500
48774.000 # 1500
48775.000 # 1500
48776.377 + 88 1
48777.000 # 1500
48777.910 - 88 1.533 1
48779.000 # 1500
48781.000 # 1500
48783.000 # 1500
48784.059 + 88 1
48784.170 + 88 1
48785.000 # 1500
48785.722 - 88 1.663 1
48785.749 - 88 1.579 1
48786.000 # 1500
48788.000 # 1500
48790.000 # 1500
48793.000 # 1500
48795.000 # 1500
48795.943 + 88 1
48795.986 + 88 1
48796.018 + 88 1
48797.000 # 1500
48797.702 - 88 1.759 1
48797.728 - 88 1.742 1
48797.737 - 88 1.719 1
48799.000 # 1500
48801.000 # 1500
48801.086 + 88 1
48803.000 # 1500
48804.000 # 1500
48804.520 - 88 3.434 1
48806.000 # 1500
48807.000 # 1500
48809.000 # 1500
48814.204 + 88 1
48817.181 + 88 1
48817.226 + 88 1
48818.000 # 1500
48818.000 # 1500
48818.000 # 1500
48818.000 # 1500
48818.000 # 1500
48819.191 - 88 4.987 1
48819.213 - 88 2.032 1
48819.221 - 88 1.995 1
48821.971 + 88 1
48827.817 + 88 1
48829.000 # 1500
48829.000 # 1500
48829.000 # 1500
48829.000 # 1500
48829.000 # 1500
48830.885 - 88 8.914 1
48830.908 - 88 3.091 1
48831.000 # 1500
48835.862 + 88 1
48840.000 # 1500
48840.632 - 88 4.770 1
48841.000 # 1500
48843.000 # 1500
48843.000 # 1500
48843.000 # 1500
48844.140 + 88 1
48848.000 # 1500
48849.317 - 88 5.177 1
48853.000 # 1500
48855.000 # 1500
48856.000 # 1500
48856.520 + 88 1
48856.568 + 88 1
48858.000 # 1500
48859.000 # 1500
48859.124 - 88 2.604 1
48859.146 - 88 2.578 1
48866.000 # 1500
48866.000 # 1500
48866.000 # 1500
48866.516 + 88 1
48866.557 + 88 1
48869.000 # 1500
48869.000 # 1500
48870.791 - 88 4.275 1
48870.812 - 88 4.255 1
48871.000 # 1500
48873.000 # 1500
48875.792 + 88 1
48877.000 # 1500
48877.619 + 88 1
48877.807 - 88 2.015 1
48884.544 + 88 1
48884.582 + 88 1
48886.000 # 1500
48887.131 - 88 9.512 1
48887.151 - 88 2.607 1
48887.161 - 88 2.579 1
48888.000 # 1500
48888.000 # 1500
48888.000 # 1500
48893.000 # 1500
48895.000 # 1500
48895.575 + 88 1
48895.611 + 88 1
48898.000 # 1500
48899.158 - 88 3.583 1
48899.180 - 88 3.569 1
48901.000 # 1500
48901.229 + 88 1
48904.000 # 1500
48904.958 - 88 3.729 1
48908.000 # 1500
48911.000 # 1500
48912.000 # 1500
48912.011 + 88 1
48915.000 # 1500
48915.741 - 88 3.730 1
48918.000 # 1500
48918.045 + 88 1
48920.000 # 1500
48920.618 - 88 2.573 1
48922.000 # 1500
48924.000 # 1500
48924.155 + 88 1
48926.000 # 1500
48927.000 # 1500
48927.494 - 88 3.339 1
48928.565 + 88 1
48929.000 # 1500
48930.453 - 88 1.888 1
48932.000 # 1500
48932.000 # 1500
48934.000 # 1500
48934.678 + 88 1
48936.000 # 1500
48937.193 - 88 2.515 1
48939.000 # 1500
48940.000 # 1500
48941.000 # 1500
48943.000 # 1500
48943.413 + 88 1
48943.452 + 88 1
48944.000 # 1500
48945.042 - 88 1.629 1
48945.063 - 88 1.611 1
48947.000 # 1500
48948.000 # 1500
48950.000 # 1500
48954.905 + 88 1
48957.812 + 88 1
48961.000 # 1500
48961.000 # 1500
48961.000 # 1500
48961.000 # 1500
48962.853 - 88 7.948 1
48962.876 - 88 5.064 1
48965.000 # 1500
48965.551 + 88 1
48967.000 # 1500
48968.380 - 88 2.829 1
48969.342 + 88 1
48971.000 # 1500
48972.347 - 88 3.005 1
48973.000 # 1500
48976.000 # 1500
48978.000 # 1500
48980.203 + 88 1
48982.000 # 1500
48983.000 # 1500
48983.102 - 88 2.899 1
48985.000 # 1500
48987.000 # 1500
48988.344 + 88 1
48989.000 # 1500
48989.832 - 88 1.488 1
48990.000 # 1500
48993.000 # 1500
48995.000 # 1500
48995.910 + 88 1
48996.000 # 1500
48997.821 + 88 1
48999.000 # 1500
48999.050 + 88 1
48999.258 - 88 3.348 1
48999.284 - 88 1.463 1
49002.000 # 1500
49003.000 # 1500
49003.505 - 88 4.455 1
49005.000 # 1500
49007.000 # 1500
49010.000 # 1500
49010.000 # 1500
49011.487 + 88 1
49013.000 # 1500
49013.849 - 88 2.362 1
49014.594 + 88 1
49015.000 # 1500
49016.243 - 88 1.649 1
49017.000 # 1500
49018.000 # 1500
49020.000 # 1500
49023.000 # 1500
49025.000 # 1500
49025.076 + 88 1
49026.000 # 1500
49026.858 - 88 1.782 1
49028.000 # 1500
49032.000 # 1500
49034.000 # 1500
49034.884 + 88 1
49035.000 # 1500
49037.000 # 1500
49037.238 - 88 2.354 1
49039.000 # 1500
49042.000 # 1500
49043.882 + 88 1
49043.931 + 88 1
49053.000 # 1500
49054.000 # 1500
49054.220 - 88 10.338 1
49054.247 - 88 10.316 1
49054.827 + 88 1
49057.401 + 88 1
49059.000 # 1500
49059.000 # 1500
49059.276 + 88 1
49059.890 - 88 5.063 1
49059.943 - 88 2.542 1
49064.109 + 88 1
49071.000 # 1500
49071.000 # 1500
49071.842 - 88 12.566 1
49071.873 - 88 7.764 1
49072.000 # 1500
49075.000 # 1500
49075.000 # 1500
49075.000 # 1500
49075.000 # 1500
49075.472 + 88 1
49075.592 + 88 1
49076.000 # 1500
49076.849 - 88 1.377 1
49076.877 - 88 1.285 1
49077.000 # 1500
49079.000 # 1500
49081.000 # 1500
49081.758 + 88 1
49082.000 # 1500
49083.504 - 88 1.746 1
49084.000 # 1500
49086.000 # 1500
49089.000 # 1500
49089.000 # 1500
49093.000 # 1500
49094.610 + 88 1
49095.000 # 1500
49096.000 # 1500
49096.615 + 88 1
49096.856 - 88 2.246 1
49098.000 # 1500
49099.180 - 88 2.565 1
49110.000 # 1500
49110.000 # 1500
49110.000 # 1500
49110.000 # 1500
49110.000 # 1500
49112.000 # 1500
49113.000 # 1500
49115.000 # 1500
49117.000 # 1500
49120.000 # 1500
49120.000 # 1500
49122.000 # 1500
49124.000 # 1500
49126.000 # 1500
49127.000 # 1500
49129.000 # 1500
49131.000 # 1500
49133.000 # 1500
49136.000 # 1500
49137.000 # 1500
49139.000 # 1500
49142.000 # 1500
49143.000 # 1500
49144.000 # 1500
49146.000 # 1500
49147.000 # 1500
49150.000 # 1500
49151.000 # 1500
49152.000 # 1500
49153.000 # 1500
49155.000 # 1500
49156.000 # 1500
49158.423 + 88 1
49159.000 # 1500
49159.000 # 1500
49160.500 - 88 2.077 1
49161.000 # 1500
49162.000 # 1500
49164.000 # 1500
49165.000 # 1500
49165.712 + 88 1
49165.820 + 88 1
49165.854 + 88 1
49165.886 + 88 1
49165.916 + 88 1
49165.947 + 88 1
49165.979 + 88 1
49166.023 + 88 1
49166.072 + 88 1
49167.000 # 1500
49167.443 - 88 1.731 1
49167.485 - 88 1.665 1
49167.503 - 88 1.649 1
49167.512 - 88 1.626 1
49167.520 - 88 1.604 1
49167.526 - 88 1.579 1
49167.533 - 88 1.554 1
49167.539 - 88 1.516 1
49167.546 - 88 1.474 1
49168.000 # 1500
49175.420 + 88 1
49178.000 # 1500
49178.000 # 1500
49178.437 + 88 1
49178.544 + 88 1
49178.880 - 88 3.460 1
49181.000 # 1500
49181.000 # 1500
49181.000 # 1500
49183.538 + 88 1
49183.833 - 88 5.396 1
49183.855 - 88 5.311 1
49189.000 # 1500
49189.000 # 1500
49189.000 # 1500
49189.000 # 1500
49189.000 # 1500
49190.165 - 88 6.627 1
49191.000 # 1500
49192.000 # 1500
49197.317 + 88 1
49197.431 + 88 1
49214.000 # 1500
49214.000 # 1500
49214.000 # 1500
49214.000 # 1500
49214.634 + 88 1
49214.979 - 88 17.662 1
49215.001 - 88 17.570 1
49218.708 + 88 1
49224.000 # 1500
49224.000 # 1500
49224.000 # 1500
49224.000 # 1500
49225.000 # 1500
49225.000 # 1500
49225.000 # 1500
49225.000 # 1500
49225.253 - 88 10.619 1
49225.273 - 88 6.565 1
49228.000 # 1500
49230.313 + 88 1
49231.000 # 1500
49232.070 - 88 1.757 1
49233.000 # 1500
49233.224 + 88 1
49236.000 # 1500
49237.483 - 88 4.259 1
49240.000 # 1500
49241.000 # 1500
49244.315 + 88 1
49245.000 # 1500
49245.881 - 88 1.566 1
49248.000 # 1500
49248.257 + 88 1
49251.000 # 1500
49251.977 - 88 3.720 1
49253.000 # 1500
49255.000 # 1500
49258.000 # 1500
49259.140 + 88 1
49261.000 # 1500
49262.409 - 88 3.269 1
49263.000 # 1500
49267.000 # 1500
49268.747 + 88 1
49269.000 # 1500
49270.357 - 88 1.610 1
49272.000 # 1500
49274.000 # 1500
49280.485 + 88 1
49284.000 # 1500
49284.000 # 1500
49284.000 # 1500
49285.096 - 88 4.611 1
49285.494 + 88 1
49287.383 + 88 1
49294.000 # 1500
49294.000 # 1500
49294.000 # 1500
49294.000 # 1500
49294.000 # 1500
49295.000 # 1500
49295.728 - 88 10.234 1
49295.753 - 88 8.370 1
49297.000 # 1500
49298.828 + 88 1
49303.542 + 88 1
49306.000 # 1500
49306.000 # 1500
49306.000 # 1500
49306.000 # 1500
49307.545 - 88 8.717 1
49307.573 - 88 4.031 1
49308.000 # 1500
49308.000 # 1500
49310.000 # 1500
49315.228 + 88 1
49317.234 + 88 1
49320.000 # 1500
49320.000 # 1500
49320.974 - 88 5.746 1
49321.000 - 88 3.766 1
49325.000 # 1500
49325.000 # 1500
49326.000 # 1500
49327.211 + 88 1
49327.254 + 88 1
49328.000 # 1500
49328.818 - 88 1.607 1
49328.841 - 88 1.587 1
49331.000 # 1500
49337.722 + 88 1
49347.000 # 1500
49347.000 # 1500
49347.000 # 1500
49347.000 # 1500
49347.000 # 1500
49347.000 # 1500
49347.000 # 1500
49347.458 + 88 1
49347.694 - 88 9.972 1
49348.000 # 1500
49349.216 - 88 1.758 1
49350.000 # 1500
49351.000 # 1500
49354.450 + 88 1
49357.320 + 88 1
49359.153 + 88 1
49364.000 # 1500
49364.000 # 1500
49364.000 # 1500
49364.000 # 1500
49364.969 - 88 10.519 1
49364.999 - 88 7.679 1
49365.000 # 1500
49365.000 # 1500
49365.105 - 88 5.952 1
49366.000 # 1500
49367.000 # 1500
49368.195 + 88 1
49369.000 # 1500
49369.714 - 88 1.519 1
49372.906 + 88 1
49377.584 + 88 1
49377.693 + 88 1
49378.000 # 1500
49378.000 # 1500
49378.000 # 1500
49379.000 # 1500
49379.000 # 1500
49379.000 # 1500
49379.285 - 88 6.379 1
49379.407 - 88 1.823 1
49379.429 - 88 1.736 1
49379.770 + 88 1
49389.000 # 1500
49389.000 # 1500
49389.000 # 1500
49389.000 # 1500
49390.000 # 1500
49390.282 - 88 10.512 1
49390.610 + 88 1
49393.278 + 88 1
49400.000 # 1500
49400.000 # 1500
49400.000 # 1500
49400.000 # 1500
49400.930 - 88 10.320 1
49400.985 - 88 7.707 1
49402.000 # 1500
49403.000 # 1500
49404.919 + 88 1
49405.000 # 1500
49407.000 # 1500
49408.055 - 88 3.136 1
49408.738 + 88 1
49410.000 # 1500
49411.000 # 1500
49411.666 - 88 2.928 1
49412.761 + 88 1
49416.000 # 1500
49417.453 - 88 4.692 1
49418.000 # 1500
49420.000 # 1500
49421.000 # 1500
49422.481 + 88 1
49425.000 # 1500
49426.000 # 1500
49426.373 - 88 3.892 1
49428.000 # 1500
49429.000 # 1500
49430.328 + 88 1
49431.000 # 1500
49432.316 - 88 1.988 1
49432.347 + 88 1
49433.000 # 1500
49434.000 # 1500
49434.125 - 88 1.778 1
49436.000 # 1500
49436.181 + 88 1
49439.000 # 1500
49439.977 - 88 3.796 1
49440.000 # 1500
49446.411 + 88 1
49449.000 # 1500
49449.000 # 1500
49449.000 # 1500
49450.000 # 1500
49450.000 # 1500
49450.199 - 88 3.788 1
49451.802 + 88 1
49457.624 + 88 1
49459.000 # 1500
49459.000 # 1500
49459.000 # 1500
49459.000 # 1500
49459.000 # 1500
49459.000 # 1500
49460.467 - 88 8.665 1
49460.578 - 88 2.954 1
49461.000 # 1500
49463.000 # 1500
49463.930 + 88 1
49465.498 + 88 1
49473.000 # 1500
49474.196 - 88 10.266 1
49474.296 - 88 8.798 1
49475.000 # 1500
49475.000 # 1500
49475.000 # 1500
49476.468 + 88 1
49476.586 + 88 1
49480.000 # 1500
49480.000 # 1500
49481.000 # 1500
49482.199 - 88 5.731 1
49482.304 - 88 5.718 1
49483.000 # 1500
49484.000 # 1500
49487.000 # 1500
49487.116 + 88 1
49488.000 # 1500
49489.000 # 1500
49489.151 - 88 2.035 1
49491.852 + 88 1
49493.000 # 1500
49493.677 - 88 1.825 1
49496.000 # 1500
49497.000 # 1500
49498.000 # 1500
49500.000 # 1500
49500.629 + 88 1
49503.000 # 1500
49504.443 - 88 3.814 1
49505.000 # 1500
49505.049 + 88 1
49505.166 + 88 1
49506.000 # 1500
49507.412 - 88 2.363 1
49507.439 - 88 2.273 1
49508.000 # 1500
49513.000 # 1500
49515.000 # 1500
49516.408 + 88 1
49517.000 # 1500
49518.000 # 1500
49518.225 - 88 1.817 1
49520.000 # 1500
49520.354 + 88 1
49521.000 # 1500
49521.967 - 88 1.613 1
49523.000 # 1500
49525.000 # 1500
49527.000 # 1500
49527.000 # 1500
49529.000 # 1500
49530.000 # 1500
49531.885 + 88 1
49532.000 # 1500
49534.000 # 1500
49534.387 - 88 2.502 1
49535.000 # 1500
49536.000 # 1500
49537.758 + 88 1
49543.661 + 88 1
49543.936 + 88 1
49546.000 # 1500
49546.000 # 1500
49547.000 # 1500
49547.000 # 1500
49547.000 # 1500
49547.000 # 1500
49547.740 - 88 9.982 1
49547.858 - 88 4.197 1
49547.894 - 88 3.958 1
49548.000 # 1500
49551.000 # 1500
49551.000 # 1500
49555.668 + 88 1
49555.947 + 88 1
49557.331 + 88 1
49563.000 # 1500
49563.000 # 1500
49564.000 # 1500
49564.000 # 1500
49564.000 # 1500
49564.024 - 88 8.356 1
49564.047 - 88 8.100 1
49564.155 - 88 6.824 1
49570.000 # 1500
49570.000 # 1500
49570.000 # 1500
49571.000 # 1500
49571.130 + 88 1
49577.854 + 88 1
49577.966 + 88 1
49579.000 # 1500
49579.634 - 88 8.504 1
49580.000 - 88 2.146 1
49580.075 - 88 2.109 1
49580.254 + 88 1
49581.000 # 1500
49581.808 - 88 1.554 1
49583.000 # 1500
49583.000 # 1500
49583.000 # 1500
49584.787 + 88 1
49593.000 # 1500
49593.000 # 1500
49593.447 - 88 8.660 1
49595.424 + 88 1
49600.237 + 88 1
49600.350 + 88 1
49604.000 # 1500
49604.000 # 1500
49604.000 # 1500
49604.000 # 1500
49604.948 - 88 9.524 1
49605.116 - 88 4.879 1
49605.141 - 88 4.791 1
49609.000 # 1500
49609.000 # 1500
49611.023 + 88 1
49615.108 + 88 1
49618.783 + 88 1
49623.000 # 1500
49623.000 # 1500
49623.508 - 88 12.485 1
49623.650 - 88 8.542 1
49623.672 - 88 4.889 1
49624.129 + 88 1
49625.650 + 88 1
49635.000 # 1500
49635.000 # 1500
49635.352 + 88 1
49635.461 + 88 1
49636.068 - 88 11.939 1
49636.155 - 88 10.505 1
49637.000 # 1500
49637.000 # 1500
49637.000 # 1500
49637.000 # 1500
49637.000 # 1500
49637.000 # 1500
49637.470 - 88 2.118 1
49637.499 - 88 2.038 1
49642.269 + 88 1
49645.085 + 88 1
49650.000 # 1500
49651.000 # 1500
49651.000 # 1500
49651.036 - 88 8.767 1
49651.069 - 88 5.984 1
49654.000 # 1500
49654.000 # 1500
49655.000 # 1500
49655.328 + 88 1
49655.437 + 88 1
49656.000 # 1500
49656.879 - 88 1.551 1
49656.911 - 88 1.474 1
49658.000 # 1500
49660.771 + 88 1
49664.027 + 88 1
49669.000 # 1500
49669.000 # 1500
49669.693 - 88 8.922 1
49669.723 - 88 5.696 1
49670.000 # 1500
49670.000 # 1500
49671.000 # 1500
49676.305 + 88 1
49676.416 + 88 1
49680.533 + 88 1
49684.000 # 1500
49684.000 # 1500
49684.000 # 1500
49685.031 - 88 8.726 1
49685.057 - 88 8.641 1
49685.077 - 88 4.544 1
49686.000 # 1500
49687.000 # 1500
49691.041 + 88 1
49696.000 # 1500
49696.837 + 88 1
49697.227 - 88 6.186 1
49701.677 + 88 1
49702.000 # 1500
49702.105 - 88 5.268 1
49702.134 - 88 0.457 1
49708.534 + 88 1
49709.000 # 1500
49710.284 - 88 1.750 1
49715.000 # 1500
49715.411 + 88 1
49723.000 # 1500
49724.130 + 88 1
49724.573 - 88 9.162 1
49729.000 # 1500
49730.946 - 88 6.816 1
49736.000 # 1500
49746.000 # 1500
49748.171 + 88 1
49750.000 # 1500
49750.630 + 88 1
49750.760 - 88 2.589 1
49757.000 # 1500
49759.282 - 88 8.652 1
49763.000 # 1500
49763.184 + 88 1
49764.024 + 88 1
49771.000 # 1500
49771.895 - 88 8.711 1
49772.027 - 88 8.003 1
49775.226 + 88 1
49778.000 # 1500
49779.769 - 88 4.543 1
49784.000 # 1500
49787.575 + 88 1
49787.698 + 88 1
49791.000 # 1500
49793.379 - 88 5.804 1
49793.550 - 88 5.852 1
49795.487 + 88 1
49796.503 + 88 1
49799.000 # 1500
49800.361 - 88 4.874 1
49800.388 - 88 3.885 1
49804.254 + 88 1
49804.613 + 88 1
49806.000 # 1500
49807.021 - 88 2.767 1
49807.050 - 88 2.437 1
49811.000 # 1500
49819.000 # 1500
49822.500 + 88 1
49822.645 + 88 1
49824.402 + 88 1
49826.000 # 1500
49827.270 - 88 4.770 1
49827.392 - 88 4.747 1
49827.413 - 88 3.011 1
49832.000 # 1500
49835.182 + 88 1
49837.168 + 88 1
49837.307 + 88 1
49839.000 # 1500
49839.966 - 88 4.784 1
49839.994 - 88 2.826 1
49840.008 - 88 2.701 1
49843.887 + 88 1
49846.000 # 1500
49846.782 - 88 2.895 1
49853.000 # 1500
49855.049 + 88 1
49858.659 + 88 1
49861.511 + 88 1
49862.000 # 1500
49863.604 - 88 8.555 1
49863.657 - 88 4.998 1
49863.673 - 88 2.162 1
49864.000 # 1500
49869.000 # 1500
49871.000 # 1500
49872.854 + 88 1
49874.000 # 1500
49875.102 - 88 2.248 1
49877.096 + 88 1
49877.235 + 88 1
49878.000 # 1500
49879.004 - 88 1.908 1
49879.032 - 88 1.797 1
49882.000 # 1500
49886.851 + 88 1
49888.000 # 1500
49888.229 + 88 1
49888.277 - 88 1.426 1
49894.000 # 1500
49894.779 - 88 6.550 1
49896.666 + 88 1
49899.571 + 88 1
49901.000 # 1500
49901.580 - 88 4.914 1
49901.660 - 88 2.089 1
49903.537 + 88 1
49906.000 # 1500
49906.475 - 88 2.938 1
49914.379 + 88 1
49915.000 # 1500
49916.266 - 88 1.887 1
49917.212 + 88 1
49920.000 # 1500
49921.077 - 88 3.865 1
49925.000 # 1500
49927.000 # 1500
49931.000 # 1500
49936.000 # 1500
49936.586 + 88 1
49936.649 + 88 1
49940.000 # 1500
49940.512 + 88 1
49940.974 - 88 4.388 1
49940.996 - 88 4.347 1
49943.000 # 1500
49944.559 - 88 4.047 1
49946.251 + 88 1
49947.000 # 1500
49948.423 - 88 2.172 1
49951.000 # 1500
49955.064 + 88 1
49958.000 # 1500
49959.158 - 88 4.094 1
49959.672 + 88 1
49961.000 # 1500
49963.049 - 88 3.377 1
49964.000 # 1500
49964.891 + 88 1
49967.000 # 1500
49967.929 - 88 3.038 1
49972.000 # 1500
49975.000 # 1500
49977.631 + 88 1
49980.000 # 1500
49980.569 + 88 1
49981.029 - 88 3.398 1
49984.000 # 1500
49985.360 + 88 1
49985.958 - 88 5.389 1
49988.000 # 1500
49989.499 - 88 4.139 1
49991.000 # 1500
49996.000 # 1500
49996.236 + 88 1
49999.000 # 1500
50000.138 - 88 3.902 1
50002.000 # 1500
50004.298 + 88 1
50006.000 # 1500
50007.008 - 88 2.710 1
50014.669 + 88 1
50017.000 # 1500
50017.000 # 1500
50018.767 - 88 4.098 1
50019.000 # 1500
50019.133 + 88 1
50020.000 # 1500
50021.649 - 88 2.516 1
50022.000 # 1500
50033.475 + 88 1
50034.000 # 1500
50035.593 - 88 2.118 1
50036.000 # 1500
50038.000 # 1500
50038.000 # 1500
50039.000 # 1500
50043.000 # 1500
50044.544 + 88 1
50047.000 # 1500
50048.421 - 88 3.877 1
50048.586 + 88 1
50050.000 # 1500
50051.206 - 88 2.620 1
50054.000 # 1500
50057.000 # 1500
50057.016 + 88 1
50061.000 # 1500
50062.998 - 88 5.982 1
50065.000 # 1500
50065.705 + 88 1
50067.799 + 88 1
50069.000 # 1500
50070.753 - 88 5.048 1
50070.845 - 88 3.046 1
50073.000 # 1500
50076.000 # 1500
50077.975 + 88 1
50079.454 + 88 1
50080.000 # 1500
50081.555 - 88 3.580 1
50081.649 - 88 2.195 1
50086.000 # 1500
50089.000 # 1500
50092.000 # 1500
50094.145 + 88 1
50095.000 # 1500
50096.137 - 88 1.992 1
50096.505 + 88 1
50098.000 # 1500
50100.073 - 88 3.568 1
50100.173 + 88 1
50102.000 # 1500
50103.167 - 88 2.994 1
50105.000 # 1500
50105.104 + 88 1
50108.000 # 1500
50109.643 - 88 4.539 1
50113.000 # 1500
50115.000 # 1500
50118.000 # 1500
50118.523 + 88 1
50120.560 + 88 1
50122.000 # 1500
50123.320 - 88 4.797 1
50123.445 - 88 2.885 1
50126.000 # 1500
50129.000 # 1500
50134.000 # 1500
50134.208 + 88 1
50134.352 + 88 1
50138.000 # 1500
50138.993 - 88 4.785 1
50139.115 - 88 4.763 1
50141.000 # 1500
50141.908 + 88 1
50145.000 # 1500
50145.766 - 88 3.858 1
50146.908 + 88 1
50148.000 # 1500
50148.777 - 88 1.869 1
50151.000 # 1500
50155.000 # 1500
50157.125 + 88 1
50157.264 + 88 1
50159.000 # 1500
50159.586 - 88 2.461 1
50159.615 - 88 2.351 1
50162.000 # 1500
50166.000 # 1500
50170.000 # 1500
50170.186 + 88 1
50173.000 # 1500
50174.006 - 88 3.820 1
50177.570 + 88 1
50180.497 + 88 1
50183.000 # 1500
50184.347 - 88 6.777 1
50184.470 - 88 3.973 1
50186.258 + 88 1
50189.000 # 1500
50189.000 # 1500
50190.183 - 88 3.925 1
50193.000 # 1500
50197.000 # 1500
50197.036 + 88 1
50200.000 # 1500
50200.852 - 88 3.816 1
50203.000 # 1500
50205.958 + 88 1
50208.000 # 1500
50208.731 - 88 2.773 1
50212.000 # 1500
50216.000 # 1500
50216.655 + 88 1
50220.557 + 88 1
50221.000 # 1500
50222.315 - 88 5.660 1
50222.447 - 88 1.890 1
50225.000 # 1500
50229.000 # 1500
50232.000 # 1500
50235.000 # 1500
50235.199 + 88 1
50237.191 + 88 1
50239.000 # 1500
50240.139 - 88 4.940 1
50240.263 - 88 3.072 1
50241.944 + 88 1
50242.000 # 1500
50245.000 # 1500
50245.872 - 88 3.928 1
50249.000 # 1500
50252.000 # 1500
50255.000 # 1500
50256.687 + 88 1
50256.829 + 88 1
50259.000 # 1500
50260.616 + 88 1
50260.761 - 88 4.074 1
50260.882 - 88 4.053 1
50262.000 # 1500
50263.358 - 88 2.742 1
50265.000 # 1500
50269.000 # 1500
50272.000 # 1500
50275.000 # 1500
50279.000 # 1500
50281.196 + 88 1
50282.000 # 1500
50283.077 - 88 1.881 1
50285.000 # 1500
50290.000 # 1500
50294.000 # 1500
50297.000 # 1500
50300.616 + 88 1
50300.682 + 88 1
50301.000 # 1500
50302.603 + 88 1
50302.799 - 88 2.183 1
50302.889 - 88 2.207 1
50304.000 # 1500
50305.454 - 88 2.851 1
50307.000 # 1500
50311.000 # 1500
50312.719 + 88 1
50314.000 # 1500
50315.195 - 88 2.476 1
50317.125 + 88 1
50318.000 # 1500
50319.038 - 88 1.913 1
50322.392 + 88 1
50323.000 # 1500
50323.936 - 88 1.544 1
50326.000 # 1500
50329.000 # 1500
50332.884 + 88 1
50333.000 # 1500
50333.026 + 88 1
50336.000 # 1500
50336.450 - 88 3.566 1
50336.584 - 88 3.558 1
50339.000 # 1500
50340.224 + 88 1
50344.000 # 1500
50346.496 - 88 6.272 1
50348.000 # 1500
50350.000 # 1500
50352.318 + 88 1
50354.000 # 1500
50356.234 - 88 3.916 1
50356.414 + 88 1
50357.000 # 1500
50358.117 - 88 1.703 1
50360.000 # 1500
50362.105 + 88 1
50364.000 # 1500
50364.961 - 88 2.856 1
50367.000 # 1500
50370.000 # 1500
50374.000 # 1500
50377.000 # 1500
50380.000 # 1500
50382.348 + 88 1
50382.489 + 88 1
50382.539 + 88 1
50384.000 # 1500
50385.006 - 88 2.658 1
50385.180 - 88 2.691 1
50385.201 - 88 2.662 1
50387.000 # 1500
50390.000 # 1500
50394.000 # 1500
50397.000 # 1500
50397.789 + 88 1
50400.000 # 1500
50400.817 - 88 3.028 1
50404.000 # 1500
50406.583 + 88 1
50407.000 # 1500
50408.612 - 88 2.029 1
50410.000 # 1500
50412.544 + 88 1
50415.000 # 1500
50416.521 - 88 3.977 1
50417.051 + 88 1
50418.000 # 1500
50419.301 - 88 2.250 1
50421.000 # 1500
50426.000 # 1500
50426.577 + 88 1
50429.000 # 1500
50430.072 - 88 3.495 1
50433.000 # 1500
50436.000 # 1500
50437.982 + 88 1
50439.000 # 1500
50439.938 - 88 1.956 1
50441.917 + 88 1
50442.000 # 1500
50442.233 - 88 0.316 1
50446.000 # 1500
50449.000 # 1500
50452.560 + 88 1
50453.000 # 1500
50454.511 - 88 1.951 1
50454.932 + 88 1
50456.000 # 1500
50456.549 - 88 1.617 1
50460.000 # 1500
50464.000 # 1500
50466.133 + 88 1
50467.000 # 1500
50468.140 - 88 2.007 1
50472.000 # 1500
50474.000 # 1500
50476.951 + 88 1
50478.000 # 1500
50479.036 - 88 2.085 1
50481.000 # 1500
50484.000 # 1500
50484.832 + 88 1
50484.949 + 88 1
50487.000 # 1500
50487.732 - 88 2.900 1
50487.827 - 88 2.878 1
50493.000 # 1500
50496.000 # 1500
50496.602 + 88 1
50501.000 # 1500
50502.424 + 88 1
50502.470 - 88 5.868 1
50511.000 # 1500
50511.000 # 1500
50512.000 # 1500
50513.206 - 88 10.782 1
50515.012 + 88 1
50516.926 + 88 1
50517.000 # 1500
50517.339 - 88 2.327 1
50521.000 # 1500
50522.040 - 88 5.114 1
50526.000 # 1500
50527.000 # 1500
50530.000 # 1500
50535.000 # 1500
50537.000 # 1500
50542.000 # 1500
50542.724 + 88 1
50545.000 # 1500
50546.281 - 88 3.557 1
50548.000 # 1500
50548.382 + 88 1
50552.000 # 1500
50553.135 - 88 4.753 1
50556.000 # 1500
50557.174 + 88 1
50559.000 # 1500
50559.985 - 88 2.811 1
50561.000 # 1500
50565.000 # 1500
50566.000 # 1500
50567.704 + 88 1
50568.000 # 1500
50568.139 + 88 1
50568.220 - 88 0.516 1
50570.000 # 1500
50570.770 - 88 2.631 1
50573.000 # 1500
50574.000 # 1500
50576.000 # 1500
50577.730 + 88 1
50578.000 # 1500
50579.907 - 88 2.177 1
50582.000 # 1500
50583.000 # 1500
50585.000 # 1500
50587.000 # 1500
50589.000 # 1500
50590.224 + 88 1
50591.000 # 1500
50592.205 - 88 1.981 1
50593.000 # 1500
50594.351 + 88 1
50595.000 # 1500
50596.155 - 88 1.804 1
50597.000 # 1500
50598.968 + 88 1
50599.000 # 1500
50603.000 # 1500
50603.972 - 88 5.004 1
50604.000 # 1500
50606.000 # 1500
50608.000 # 1500
50610.054 + 88 1
50611.000 # 1500
50611.798 - 88 1.744 1
50612.260 + 88 1
50613.000 # 1500
50614.000 # 1500
50614.640 - 88 2.380 1
50620.464 + 88 1
50625.000 # 1500
50626.630 - 88 6.166 1
50629.000 # 1500
50629.251 + 88 1
50630.000 # 1500
50630.000 # 1500
50631.520 - 88 2.269 1
50635.000 # 1500
50636.059 + 88 1
50638.000 # 1500
50639.044 + 88 1
50639.091 - 88 3.032 1
50642.000 # 1500
50642.953 - 88 3.909 1
50650.902 + 88 1
50651.000 # 1500
50651.156 - 88 0.254 1
50653.000 # 1500
50653.000 # 1500
50653.000 # 1500
50654.000 # 1500
50656.000 # 1500
50657.771 + 88 1
50659.000 # 1500
50659.676 - 88 1.905 1
50659.882 + 88 1
50660.000 # 1500
50663.393 + 88 1
50665.000 # 1500
50666.511 - 88 6.629 1
50666.550 - 88 3.157 1
50669.000 # 1500
50672.000 # 1500
50676.000 # 1500
50677.172 + 88 1
50677.314 + 88 1
50682.000 # 1500
50683.028 - 88 5.856 1
50683.073 - 88 5.759 1
50688.802 + 88 1
50694.629 + 88 1
50702.437 + 88 1
50705.000 # 1500
50706.000 # 1500
50706.445 - 88 17.643 1
50706.489 - 88 11.860 1
50706.506 - 88 4.069 1
50708.000 # 1500
50708.350 + 88 1
50710.000 # 1500
50711.283 - 88 2.933 1
50714.000 # 1500
50716.000 # 1500
50718.000 # 1500
50718.313 + 88 1
50721.000 # 1500
50722.127 - 88 3.814 1
50725.000 # 1500
50726.842 + 88 1
50730.000 # 1500
50731.831 - 88 4.989 1
50733.000 # 1500
50736.000 # 1500
50737.772 + 88 1
50741.000 # 1500
50742.588 - 88 4.816 1
50743.000 # 1500
50745.000 # 1500
50750.557 + 88 1
50753.397 + 88 1
50755.000 # 1500
50757.154 - 88 6.597 1
50757.281 - 88 3.884 1
50759.000 # 1500
50759.000 # 1500
50759.000 # 1500
50759.000 # 1500
50759.000 # 1500
50759.110 + 88 1
50764.000 # 1500
50765.949 - 88 6.839 1
50773.000 # 1500
50776.000 # 1500
50778.000 # 1500
50778.734 + 88 1
50787.661 + 88 1
50792.267 + 88 1
50794.000 # 1500
50794.000 # 1500
50794.000 # 1500
50795.308 - 88 16.574 1
50795.415 - 88 7.754 1
50795.447 - 88 3.180 1
50797.000 # 1500
50797.164 + 88 1
50804.130 + 88 1
50820.667 + 88 1
50841.000 # 1500
50844.598 - 88 47.434 1
50844.623 - 88 40.493 1
50844.711 - 88 24.044 1
50853.000 # 1500
50856.291 + 88 1
50856.535 + 88 1
50860.000 # 1500
50861.167 - 88 4.876 1
50861.294 + 88 1
50861.321 - 88 4.786 1
50865.898 + 88 1
50868.000 # 1500
50869.227 - 88 7.933 1
50869.258 - 88 3.360 1
50875.137 + 88 1
50885.000 # 1500
50885.528 - 88 10.391 1
50886.500 + 88 1
50891.000 # 1500
50892.366 - 88 5.866 1
50895.000 # 1500
50898.000 # 1500
50898.211 + 88 1
50905.000 # 1500
50907.049 - 88 8.838 1
50909.019 + 88 1
50910.000 # 1500
50910.953 - 88 1.934 1
50914.872 + 88 1
50915.000 # 1500
50916.790 - 88 1.918 1
50921.000 # 1500
50924.000 # 1500
50928.000 # 1500
50932.000 # 1500
50935.000 # 1500
50940.000 # 1500
50942.000 # 1500
50945.000 # 1500
50950.000 # 1500
50953.000 # 1500
50954.878 + 88 1
50955.118 + 88 1
50956.000 # 1500
50956.718 - 88 1.840 1
50956.847 - 88 1.729 1
50963.000 # 1500
50966.000 # 1500
50971.000 # 1500
50974.000 # 1500
50976.364 + 88 1
50976.505 + 88 1
50979.000 # 1500
50980.119 - 88 3.755 1
50980.246 - 88 3.741 1
50982.176 + 88 1
50984.000 # 1500
50985.110 - 88 2.934 1
50991.000 # 1500
50991.107 + 88 1
50996.000 # 1500
50996.784 - 88 5.677 1
50999.742 + 88 1
51003.000 # 1500
51004.593 - 88 4.851 1
51004.915 + 88 1
51009.000 # 1500
51009.416 - 88 4.501 1
51015.000 # 1500
51017.368 + 88 1
51020.000 # 1500
51021.214 - 88 3.846 1
51023.212 + 88 1
51026.000 # 1500
51027.109 - 88 3.897 1
51030.117 + 88 1
51036.857 + 88 1
51039.000 # 1500
51039.000 # 1500
51040.075 - 88 9.958 1
51040.102 - 88 3.245 1
51041.739 + 88 1
51042.000 # 1500
51044.000 # 1500
51044.586 - 88 2.847 1
51047.000 # 1500
51050.000 # 1500
51050.622 + 88 1
51053.524 + 88 1
51054.000 # 1500
51055.349 - 88 4.727 1
51055.472 - 88 1.948 1
51057.000 # 1500
51058.444 + 88 1
51061.000 # 1500
51062.346 - 88 3.902 1
51064.244 + 88 1
51066.000 # 1500
51067.025 - 88 2.781 1
51069.000 # 1500
51075.110 + 88 1
51075.249 + 88 1
51078.000 # 1500
51078.000 # 1500
51078.841 - 88 3.731 1
51078.873 - 88 3.624 1
51080.207 + 88 1
51081.000 # 1500
51081.802 - 88 1.595 1
51084.692 + 88 1
51085.000 # 1500
51086.550 - 88 1.858 1
51090.000 # 1500
51097.411 + 88 1
51097.551 + 88 1
51101.000 # 1500
51102.319 + 88 1
51102.615 - 88 5.204 1
51102.643 - 88 5.092 1
51106.000 # 1500
51107.198 - 88 4.879 1
51109.000 # 1500
51112.000 # 1500
51113.094 + 88 1
51115.000 # 1500
51115.090 + 88 1
51115.399 - 88 2.305 1
51117.003 + 88 1
51118.000 # 1500
51119.046 - 88 3.956 1
51119.071 - 88 2.068 1
51121.000 # 1500
51122.855 + 88 1
51124.000 # 1500
51124.696 - 88 1.841 1
51127.000 # 1500
51127.669 + 88 1
51130.000 # 1500
51131.598 - 88 3.929 1
51133.000 # 1500
51135.000 # 1500
51138.912 + 88 1
51139.000 # 1500
51139.050 + 88 1
51142.000 # 1500
51146.000 # 1500
51148.921 - 88 10.009 1
51149.000 # 1500
51149.090 + 88 1
51149.209 - 88 10.159 1
51152.000 # 1500
51152.680 - 88 3.590 1
51152.795 + 88 1
51159.766 + 88 1
51159.903 + 88 1
51160.823 + 88 1
51164.000 # 1500
51165.473 - 88 12.678 1
51165.502 - 88 5.736 1
51165.517 - 88 5.614 1
51165.532 - 88 4.709 1
51166.000 # 1500
51167.000 # 1500
51171.000 # 1500
51174.275 + 88 1
51179.102 + 88 1
51179.241 + 88 1
51184.000 # 1500
51184.950 - 88 10.675 1
51184.978 - 88 5.876 1
51184.993 - 88 5.752 1
51186.000 # 1500
51186.000 # 1500
51187.000 # 1500
51190.000 # 1500
51193.000 # 1500
51194.802 + 88 1
51195.000 # 1500
51197.614 - 88 2.812 1
51197.766 + 88 1
51197.826 + 88 1
51198.000 # 1500
51199.553 - 88 1.787 1
51199.583 - 88 1.757 1
51201.000 # 1500
51202.450 + 88 1
51205.000 # 1500
51207.000 # 1500
51207.548 - 88 5.098 1
51211.000 # 1500
51213.384 + 88 1
51214.000 # 1500
51215.185 - 88 1.801 1
51215.339 + 88 1
51217.000 # 1500
51218.453 - 88 3.114 1
51219.741 + 88 1
51220.000 # 1500
51222.000 # 1500
51223.299 + 88 1
51223.313 - 88 3.572 1
51226.000 # 1500
51227.209 - 88 3.910 1
51229.000 # 1500
51232.446 + 88 1
51233.000 # 1500
51234.100 - 88 1.654 1
51237.000 # 1500
51246.000 # 1500
51246.000 # 1500
51246.000 # 1500
51249.000 # 1500
51253.575 + 88 1
51254.000 # 1500
51255.533 - 88 1.958 1
51255.657 + 88 1
51257.000 # 1500
51257.898 + 88 1
51258.158 - 88 2.501 1
51261.000 # 1500
51261.386 - 88 3.488 1
51265.000 # 1500
51268.000 # 1500
51270.414 + 88 1
51271.000 # 1500
51272.093 - 88 1.679 1
51275.000 # 1500
51277.158 + 88 1
51286.000 # 1500
51286.000 # 1500
51286.038 + 88 1
51286.270 - 88 9.112 1
51294.000 # 1500
51294.000 # 1500
51294.715 - 88 8.677 1
51295.000 # 1500
51297.666 + 88 1
51297.759 + 88 1
51298.000 # 1500
51299.480 - 88 1.814 1
51299.509 - 88 1.750 1
51300.000 # 1500
51303.000 # 1500
51306.000 # 1500
51307.424 + 88 1
51307.517 + 88 1
51310.000 # 1500
51311.594 - 88 4.170 1
51311.614 - 88 4.097 1
51317.000 # 1500
51317.162 + 88 1
51321.000 # 1500
51322.175 - 88 5.013 1
51326.000 # 1500
51327.328 + 88 1
51330.000 # 1500
51332.000 # 1500
51332.937 - 88 5.609 1
51335.000 # 1500
51337.974 + 88 1
51338.000 # 1500
51341.000 # 1500
51341.624 - 88 3.650 1
51345.000 # 1500
51347.000 # 1500
51350.000 # 1500
51354.000 # 1500
51354.269 + 88 1
51354.411 + 88 1
51356.000 # 1500
51356.225 + 88 1
51356.371 + 88 1
51356.615 - 88 2.346 1
51356.637 - 88 2.226 1
51358.000 # 1500
51359.353 - 88 3.128 1
51359.374 - 88 3.003 1
51364.000 # 1500
51367.000 # 1500
51370.000 # 1500
51370.326 + 88 1
51370.439 + 88 1
51373.000 # 1500
51373.121 + 88 1
51373.518 - 88 3.192 1
51373.537 - 88 3.098 1
51376.000 # 1500
51377.259 - 88 4.138 1
51379.000 # 1500
51379.248 + 88 1
51379.360 + 88 1
51383.730 + 88 1
51389.000 # 1500
51389.742 - 88 10.494 1
51389.767 - 88 10.407 1
51389.776 - 88 6.046 1
51392.877 + 88 1
51393.000 # 1500
51393.000 # 1500
51393.000 # 1500
51399.686 + 88 1
51399.807 + 88 1
51401.000 # 1500
51401.381 - 88 8.504 1
51401.405 - 88 1.719 1
51401.413 - 88 1.606 1
51404.000 # 1500
51409.262 + 88 1
51412.831 + 88 1
51413.000 # 1500
51413.069 - 88 3.807 1
51414.000 # 1500
51414.000 # 1500
51414.000 # 1500
51414.000 # 1500
51415.015 - 88 2.184 1
51417.000 # 1500
51418.000 # 1500
51422.000 # 1500
51424.130 + 88 1
51424.501 + 88 1
51426.000 # 1500
51427.768 - 88 3.638 1
51427.789 - 88 3.288 1
51429.000 # 1500
51432.000 # 1500
51434.000 # 1500
51437.000 # 1500
51440.000 # 1500
51440.445 + 88 1
51440.738 + 88 1
51440.857 + 88 1
51442.000 # 1500
51443.496 - 88 3.051 1
51443.669 - 88 2.931 1
51443.682 - 88 2.825 1
51444.000 # 1500
51444.348 + 88 1
51446.000 # 1500
51447.553 - 88 3.205 1
51448.000 # 1500
51450.000 # 1500
51451.000 # 1500
51453.000 # 1500
51455.261 + 88 1
51456.000 # 1500
51457.000 # 1500
51457.009 - 88 1.748 1
51457.929 + 88 1
51458.000 # 1500
51460.000 # 1500
51460.654 - 88 2.725 1
51464.000 # 1500
51464.134 + 88 1
51466.000 # 1500
51466.842 - 88 2.708 1
51469.000 # 1500
51472.000 # 1500
51473.782 + 88 1
51474.000 # 1500
51474.130 - 88 0.348 1
51477.454 + 88 1
51478.000 # 1500
51479.512 - 88 2.058 1
51480.562 + 88 1
51483.433 + 88 1
51484.000 # 1500
51485.661 - 88 5.099 1
51485.681 - 88 2.248 1
51493.000 # 1500
51494.436 + 88 1
51494.499 + 88 1
51496.170 + 88 1
51501.008 + 88 1
51504.000 # 1500
51505.141 - 88 10.705 1
51505.163 - 88 10.664 1
51505.172 - 88 9.002 1
51505.179 - 88 4.171 1
51511.131 + 88 1
51514.000 # 1500
51515.159 + 88 1
51515.411 - 88 4.280 1
51521.000 # 1500
51521.743 - 88 6.584 1
51522.602 + 88 1
51528.390 + 88 1
51531.000 # 1500
51533.716 - 88 11.114 1
51533.738 - 88 5.348 1
51536.180 + 88 1
51538.000 # 1500
51539.000 # 1500
51539.274 - 88 3.094 1
51543.000 # 1500
51544.000 # 1500
51545.225 + 88 1
51546.000 # 1500
51550.000 # 1500
51552.000 # 1500
51556.000 # 1500
51556.154 - 88 10.929 1
51558.000 # 1500
51558.345 + 88 1
51558.456 + 88 1
51560.000 # 1500
51560.846 + 88 1
51561.232 - 88 2.887 1
51561.251 - 88 2.795 1
51564.000 # 1500
51564.783 - 88 3.937 1
51567.000 # 1500
51569.837 + 88 1
51573.000 # 1500
51573.657 - 88 3.820 1
51575.663 + 88 1
51579.888 + 88 1
51581.000 # 1500
51581.508 - 88 5.845 1
51581.534 - 88 1.646 1
51583.000 # 1500
51585.000 # 1500
51590.000 # 1500
51591.000 # 1500
51594.000 # 1500
51598.000 # 1500
51601.000 # 1500
51605.000 # 1500
51606.166 + 88 1
51607.000 # 1500
51607.854 - 88 1.688 1
51609.896 + 88 1
51612.000 # 1500
51612.903 - 88 3.007 1
51614.000 # 1500
51616.690 + 88 1
51626.000 # 1500
51628.340 - 88 11.650 1
51628.408 + 88 1
51629.000 # 1500
51630.325 - 88 1.917 1
51633.148 + 88 1
51634.000 # 1500
51635.183 + 88 1
51635.445 - 88 2.297 1
51636.000 # 1500
51636.615 - 88 1.432 1
51639.000 # 1500
51639.959 + 88 1
51643.000 # 1500
51644.266 - 88 4.307 1
51645.000 # 1500
51648.000 # 1500
51653.000 # 1500
51654.732 + 88 1
51657.666 + 88 1
51659.000 # 1500
51659.573 + 88 1
51659.850 - 88 5.118 1
51659.948 - 88 2.282 1
51662.000 # 1500
51663.425 - 88 3.852 1
51664.000 # 1500
51667.000 # 1500
51669.610 + 88 1
51670.000 # 1500
51671.370 - 88 1.760 1
51673.000 # 1500
51676.000 # 1500
51678.000 # 1500
51682.000 # 1500
51682.057 + 88 1
51682.198 + 88 1
51683.000 # 1500
51684.059 - 88 2.002 1
51684.200 - 88 2.002 1
51685.000 # 1500
51687.000 # 1500
51689.000 # 1500
51691.000 # 1500
51692.000 # 1500
51693.715 + 88 1
51695.000 # 1500
51695.750 + 88 1
51696.000 # 1500
51696.112 - 88 2.397 1
51696.152 - 88 0.402 1
51698.670 + 88 1
51699.000 # 1500
51700.000 # 1500
51700.598 - 88 1.928 1
51702.000 # 1500
51704.000 # 1500
51704.443 + 88 1
51706.000 # 1500
51707.000 # 1500
51707.479 - 88 3.036 1
51709.000 # 1500
51710.000 # 1500
51714.000 # 1500
51715.000 # 1500
51715.182 + 88 1
51716.000 # 1500
51717.518 - 88 2.336 1
51718.000 # 1500
51720.000 # 1500
51721.000 # 1500
51723.000 # 1500
51724.000 # 1500
51726.000 # 1500
51728.000 # 1500
51729.000 # 1500
51729.359 + 88 1
51730.000 # 1500
51731.117 - 88 1.758 1
51734.000 # 1500
51735.000 # 1500
51737.000 # 1500
51738.000 # 1500
51748.000 # 1500
51748.000 # 1500
51750.000 # 1500
51750.000 # 1500
51750.000 # 1500
51750.000 # 1500
51761.000 # 1500
51761.000 # 1500
51763.000 # 1500
51763.000 # 1500
51763.000 # 1500
51764.000 # 1500
51765.000 # 1500
51773.452 + 88 1
51776.000 # 1500
51776.000 # 1500
51776.000 # 1500
51777.000 # 1500
51777.000 # 1500
51777.000 # 1500
51777.000 # 1500
51778.000 # 1500
51778.445 - 88 4.993 1
51780.000 # 1500
51781.000 # 1500
51783.000 # 1500
51789.810 + 88 1
51789.959 + 88 1
51790.012 + 88 1
51790.280 + 88 1
51790.419 + 88 1
51790.470 + 88 1
51790.518 + 88 1
51790.566 + 88 1
51793.000 # 1500
51794.500 - 88 4.690 1
51794.546 - 88 4.587 1
51794.564 - 88 4.552 1
51794.573 - 88 4.293 1
51794.580 - 88 4.161 1
51794.587 - 88 4.117 1
51794.594 - 88 4.076 1
51794.600 - 88 4.034 1
51794.785 + 88 1
51795.000 # 1500
51795.000 # 1500
51795.000 # 1500
51796.496 - 88 1.711 1
51798.000 # 1500
51798.000 # 1500
51799.000 # 1500
51799.358 + 88 1
51801.326 + 88 1
51809.000 # 1500
51810.000 # 1500
51810.157 - 88 10.799 1
51810.179 - 88 8.853 1
51811.000 # 1500
51812.579 + 88 1
51814.000 # 1500
51814.000 # 1500
51814.000 # 1500
51815.000 # 1500
51815.105 - 88 2.526 1
51817.000 # 1500
51818.000 # 1500
51818.890 + 88 1
51820.000 # 1500
51822.000 # 1500
51822.884 - 88 3.994 1
51822.951 + 88 1
51823.000 # 1500
51824.000 # 1500
51824.827 - 88 1.876 1
51826.000 # 1500
51827.000 # 1500
51829.000 # 1500
51830.000 # 1500
51832.000 # 1500
51833.000 # 1500
51833.511 + 88 1
51835.000 # 1500
51836.000 # 1500
51836.511 - 88 3.000 1
51836.740 + 88 1
51838.000 # 1500
51839.447 - 88 2.707 1
51840.000 # 1500
51843.000 # 1500
51844.556 + 88 1
51846.000 # 1500
51847.299 - 88 2.743 1
51849.000 # 1500
51851.000 # 1500
51855.000 # 1500
51856.113 + 88 1
51856.360 + 88 1
51857.000 # 1500
51858.001 - 88 1.888 1
51858.022 - 88 1.662 1
51860.000 # 1500
51860.226 + 88 1
51862.802 + 88 1
51869.000 # 1500
51869.784 - 88 9.558 1
51869.806 - 88 7.004 1
51871.000 # 1500
51873.000 # 1500
51875.507 + 88 1
51876.000 # 1500
51876.000 # 1500
51876.000 # 1500
51877.688 - 88 2.181 1
51880.356 + 88 1
51883.000 # 1500
51883.000 # 1500
51884.435 - 88 4.079 1
51886.000 # 1500
51886.000 # 1500
51886.734 + 88 1
51894.000 # 1500
51894.000 # 1500
51894.000 # 1500
51894.000 # 1500
51894.000 # 1500
51896.546 - 88 9.812 1
51899.020 + 88 1
51899.166 + 88 1
51903.000 # 1500
51903.000 # 1500
51903.991 - 88 4.971 1
51904.000 # 1500
51904.000 # 1500
51904.000 # 1500
51904.012 - 88 4.846 1
51905.000 # 1500
51909.000 # 1500
51910.000 # 1500
51910.493 + 88 1
51911.000 # 1500
51912.701 - 88 2.208 1
51913.000 # 1500
51915.000 # 1500
51916.000 # 1500
51918.000 # 1500
51919.000 # 1500
51923.000 # 1500
51924.521 + 88 1
51924.642 + 88 1
51927.000 # 1500
51929.346 - 88 4.825 1
51929.367 - 88 4.725 1
51931.000 # 1500
51935.000 # 1500
51935.061 + 88 1
51938.451 + 88 1
51939.000 # 1500
51940.085 - 88 5.024 1
51940.107 - 88 1.656 1
51944.000 # 1500
51948.000 # 1500
51953.000 # 1500
51955.671 + 88 1
51955.783 + 88 1
51955.818 + 88 1
51958.000 # 1500
51959.650 - 88 3.979 1
51959.672 - 88 3.889 1
51959.680 - 88 3.862 1
51959.847 + 88 1
51963.000 # 1500
51963.566 - 88 3.719 1
51965.000 # 1500
51968.000 # 1500
51971.000 # 1500
51971.615 + 88 1
51974.000 # 1500
51975.296 - 88 3.681 1
51975.340 + 88 1
51976.000 # 1500
51977.124 - 88 1.784 1
51977.307 + 88 1
51980.000 # 1500
51981.205 - 88 3.898 1
51981.321 + 88 1
51982.000 # 1500
51984.037 - 88 2.716 1
51986.000 # 1500
51988.000 # 1500
51990.963 + 88 1
51992.000 # 1500
51992.649 - 88 1.686 1
51994.742 + 88 1
51994.853 + 88 1
51995.000 # 1500
51995.219 - 88 0.477 1
51995.239 - 88 0.386 1
51999.000 # 1500
52001.000 # 1500
52003.000 # 1500
52004.000 # 1500
52004.469 + 88 1
52008.000 # 1500
52009.389 - 88 4.920 1
52010.000 # 1500
52010.750 + 88 1
52012.000 # 1500
52013.267 - 88 2.517 1
52014.000 # 1500
52017.000 # 1500
52017.152 + 88 1
52019.000 # 1500
52019.000 # 1500
52020.160 - 88 3.008 1
52021.000 # 1500
52022.000 # 1500
52034.000 # 1500
52034.000 # 1500
52034.000 # 1500
52035.000 # 1500
52035.000 # 1500
52035.710 + 88 1
52037.800 + 88 1
52040.561 + 88 1
52044.000 # 1500
52044.000 # 1500
52044.000 # 1500
52045.539 - 88 9.829 1
52045.632 - 88 7.832 1
52045.663 - 88 5.102 1
52047.000 # 1500
52050.000 # 1500
52054.000 # 1500
52057.000 # 1500
52059.000 # 1500
52063.069 + 88 1
52065.000 # 1500
52065.079 + 88 1
52065.446 - 88 2.377 1
52066.000 # 1500
52067.068 - 88 1.989 1
52069.000 # 1500
52071.842 + 88 1
52073.000 # 1500
52073.824 - 88 1.982 1
52075.000 # 1500
52077.759 + 88 1
52078.000 # 1500
52079.733 - 88 1.974 1
52082.000 # 1500
52084.000 # 1500
52086.000 # 1500
52087.488 + 88 1
52089.000 # 1500
52090.434 - 88 2.946 1
52093.000 # 1500
52095.334 + 88 1
52096.000 # 1500
52097.209 - 88 1.875 1
52098.000 # 1500
52102.000 # 1500
52104.038 + 88 1
52105.000 # 1500
52106.177 - 88 2.139 1
52108.000 # 1500
52109.141 + 88 1
52112.000 # 1500
52112.959 - 88 3.818 1
52115.000 # 1500
52118.000 # 1500
52118.731 + 88 1
52120.000 # 1500
52121.691 - 88 2.960 1
52122.000 # 1500
52124.000 # 1500
52125.000 # 1500
52127.000 # 1500
52129.000 # 1500
52130.000 # 1500
52133.000 # 1500
52133.386 + 88 1
52135.000 # 1500
52136.349 - 88 2.963 1
52137.000 # 1500
52138.000 # 1500
52140.198 + 88 1
52142.120 + 88 1
52143.000 # 1500
52145.000 # 1500
52145.650 - 88 5.452 1
52145.741 - 88 3.621 1
52147.000 # 1500
52148.385 + 88 1
52150.000 # 1500
52152.364 - 88 3.979 1
52153.000 # 1500
52154.642 + 88 1
52155.000 # 1500
52156.359 - 88 1.717 1
52157.000 # 1500
52160.000 # 1500
52161.000 # 1500
52164.109 + 88 1
52170.000 # 1500
52170.000 # 1500
52170.918 - 88 6.809 1
52171.361 + 88 1
52175.000 # 1500
52175.000 # 1500
52175.000 # 1500
52175.000 # 1500
52175.897 - 88 4.536 1
52184.608 + 88 1
52184.731 + 88 1
52185.000 # 1500
52185.000 # 1500
52186.000 # 1500
52186.531 - 88 1.923 1
52186.622 - 88 1.891 1
52189.000 # 1500
52189.000 # 1500
52191.000 # 1500
52193.616 + 88 1
52195.000 # 1500
52196.267 - 88 2.651 1
52198.000 # 1500
52198.919 + 88 1
52202.000 # 1500
52203.014 - 88 4.095 1
52207.000 # 1500
52211.000 # 1500
52213.964 + 88 1
52214.076 + 88 1
52218.000 # 1500
52218.611 - 88 4.647 1
52218.704 - 88 4.628 1
52220.889 + 88 1
52222.000 # 1500
52222.601 - 88 1.712 1
52224.636 + 88 1
52226.000 # 1500
52227.656 - 88 3.020 1
52229.600 + 88 1
52231.000 # 1500
52232.812 - 88 3.212 1
52236.000 # 1500
52239.311 + 88 1
52241.000 # 1500
52242.215 - 88 2.904 1
52242.596 + 88 1
52243.000 # 1500
52244.344 - 88 1.748 1
52245.000 # 1500
52246.224 + 88 1
52248.000 # 1500
52249.091 - 88 2.867 1
52251.000 # 1500
52255.000 # 1500
52258.000 # 1500
52260.962 + 88 1
52261.000 # 1500
52261.075 + 88 1
52262.000 # 1500
52263.660 - 88 2.698 1
52263.754 - 88 2.679 1
52264.000 # 1500
52264.142 + 88 1
52265.000 # 1500
52266.767 - 88 2.625 1
52268.000 # 1500
52269.000 # 1500
52270.000 # 1500
52272.000 # 1500
52275.000 # 1500
52276.000 # 1500
52277.000 # 1500
52279.000 # 1500
52280.000 # 1500
52288.259 + 88 1
52290.000 # 1500
52290.307 + 88 1
52290.715 - 88 2.456 1
52294.000 # 1500
52294.000 # 1500
52295.000 # 1500
52295.000 # 1500
52295.241 - 88 4.934 1
52296.000 # 1500
52297.000 # 1500
52301.000 + 88 1
52301.110 + 88 1
52306.705 + 88 1
52308.000 # 1500
52308.000 # 1500
52308.000 # 1500
52308.000 # 1500
52309.911 - 88 8.911 1
52310.012 - 88 8.902 1
52310.042 - 88 3.337 1
52313.000 # 1500
52313.000 # 1500
52313.000 # 1500
52319.385 + 88 1
52319.497 + 88 1
52323.000 # 1500
52323.425 + 88 1
52323.929 - 88 4.544 1
52323.952 - 88 4.455 1
52324.000 # 1500
52324.000 # 1500
52324.000 # 1500
52324.000 # 1500
52325.690 - 88 2.265 1
52327.000 # 1500
52329.000 # 1500
52332.000 # 1500
52332.525 + 88 1
52335.000 # 1500
52336.209 - 88 3.684 1
52338.000 # 1500
52339.079 + 88 1
52340.000 # 1500
52341.008 - 88 1.929 1
52342.000 # 1500
52344.000 # 1500
52344.193 + 88 1
52345.000 # 1500
52345.803 - 88 1.610 1
52346.830 + 88 1
52347.000 # 1500
52347.198 - 88 0.368 1
52349.000 # 1500
52350.000 # 1500
52353.000 # 1500
52354.000 # 1500
52356.000 # 1500
52357.000 # 1500
52357.699 + 88 1
52359.000 # 1500
52360.428 - 88 2.729 1
52360.588 + 88 1
52362.000 # 1500
52363.350 - 88 2.762 1
52373.048 + 88 1
52374.000 # 1500
52375.099 - 88 2.051 1
52375.248 + 88 1
52376.000 # 1500
52376.000 # 1500
52377.017 - 88 1.769 1
52378.000 # 1500
52378.000 # 1500
52378.000 # 1500
52379.000 # 1500
52381.000 # 1500
52382.000 # 1500
52384.000 # 1500
52385.000 # 1500
52388.435 + 88 1
52388.550 + 88 1
52395.000 # 1500
52396.000 # 1500
52396.086 - 88 7.651 1
52396.180 - 88 7.630 1
52399.000 # 1500
52399.000 # 1500
52399.000 # 1500
52399.000 # 1500
52399.235 + 88 1
52399.347 + 88 1
52401.000 # 1500
52402.182 - 88 2.947 1
52402.274 + 88 1
52402.350 - 88 3.003 1
52403.000 # 1500
52403.815 - 88 1.541 1
52404.000 # 1500
52406.000 # 1500
52408.000 # 1500
52408.013 + 88 1
52409.000 # 1500
52409.826 - 88 1.813 1
52411.000 # 1500
52413.000 # 1500
52415.000 # 1500
52416.000 # 1500
52418.000 # 1500
52419.866 + 88 1
52419.975 + 88 1
52424.278 + 88 1
52429.000 # 1500
52429.000 # 1500
52430.284 - 88 10.418 1
52430.308 - 88 10.333 1
52430.316 - 88 6.038 1
52433.000 # 1500
52433.247 + 88 1
52434.000 # 1500
52435.178 - 88 1.931 1
52439.000 # 1500
52440.000 # 1500
52440.124 + 88 1
52441.987 + 88 1
52444.000 # 1500
52444.885 - 88 4.761 1
52444.979 - 88 2.992 1
52449.000 # 1500
52449.000 # 1500
52450.000 # 1500
52456.681 + 88 1
52459.000 # 1500
52459.000 # 1500
52460.801 - 88 4.120 1
52465.000 # 1500
52469.000 # 1500
52472.210 + 88 1
52475.000 # 1500
52476.132 - 88 3.922 1
52479.000 # 1500
52484.000 # 1500
52484.849 + 88 1
52488.000 # 1500
52488.122 + 88 1
52488.639 - 88 3.790 1
52492.000 # 1500
52493.673 + 88 1
52493.930 - 88 5.808 1
52496.000 # 1500
52497.688 - 88 4.015 1
52498.067 + 88 1
52504.000 # 1500
52505.525 - 88 7.458 1
52508.000 # 1500
52512.000 # 1500
52514.186 + 88 1
52517.000 # 1500
52518.114 - 88 3.928 1
52521.000 # 1500
52525.000 # 1500
52527.000 # 1500
52529.000 # 1500
52532.151 + 88 1
52534.000 # 1500
52534.923 - 88 2.772 1
52535.000 # 1500
52538.000 # 1500
52542.000 # 1500
52544.000 # 1500
52546.000 # 1500
52546.499 + 88 1
52551.000 # 1500
52552.292 - 88 5.793 1
52556.000 # 1500
52559.000 # 1500
52561.000 # 1500
52562.090 + 88 1
52565.000 # 1500
52566.962 - 88 4.872 1
52567.000 # 1500
52570.000 # 1500
52573.000 # 1500
52575.000 # 1500
52577.915 + 88 1
52578.000 # 1500
52582.000 # 1500
52582.663 - 88 4.748 1
52584.000 # 1500
52587.000 # 1500
52587.103 + 88 1
52590.000 # 1500
52590.945 - 88 3.842 1
52593.000 # 1500
52595.000 # 1500
52597.823 + 88 1
52598.000 # 1500
52603.000 # 1500
52603.789 - 88 5.966 1
52605.000 # 1500
52608.000 # 1500
52608.496 + 88 1
52611.000 # 1500
52612.710 - 88 4.214 1
52614.000 # 1500
52616.400 + 88 1
52617.000 # 1500
52618.187 - 88 1.787 1
52619.000 # 1500
52622.000 # 1500
52625.000 # 1500
52625.441 + 88 1
52628.000 # 1500
52629.262 - 88 3.821 1
52631.000 # 1500
52634.000 # 1500
52635.065 + 88 1
52637.000 # 1500
52638.068 - 88 3.003 1
52640.000 # 1500
52643.000 # 1500
52644.939 + 88 1
52645.000 # 1500
52646.897 - 88 1.958 1
52648.000 # 1500
52651.000 # 1500
52654.000 # 1500
52656.000 # 1500
52659.000 # 1500
52659.634 + 88 1
52662.000 # 1500
52663.568 - 88 3.934 1
52664.158 + 88 1
52666.000 # 1500
52667.438 - 88 3.280 1
52669.000 # 1500
52669.263 + 88 1
52672.000 # 1500
52673.114 - 88 3.851 1
52675.000 # 1500
52675.157 + 88 1
52679.000 # 1500
52679.144 + 88 1
52679.745 - 88 4.588 1
52681.000 # 1500
52682.131 - 88 2.987 1
52683.000 # 1500
52683.189 + 88 1
52685.000 # 1500
52685.937 - 88 2.748 1
52686.000 # 1500
52688.000 # 1500
52691.000 # 1500
52693.000 # 1500
52693.787 + 88 1
52695.000 # 1500
52695.689 - 88 1.902 1
52697.000 # 1500
52698.943 + 88 1
52699.000 # 1500
52699.095 + 88 1
52701.000 # 1500
52701.531 - 88 2.588 1
52701.626 - 88 2.531 1
52703.000 # 1500
52704.000 # 1500
52706.000 # 1500
52706.452 + 88 1
52708.000 # 1500
52710.000 # 1500
52710.469 - 88 4.017 1
52711.000 # 1500
52714.000 # 1500
52715.000 # 1500
52717.000 # 1500
52719.000 # 1500
52719.152 + 88 1
52719.233 + 88 1
52721.000 # 1500
52722.000 # 1500
52722.133 - 88 2.981 1
52722.155 - 88 2.922 1
52722.515 + 88 1
52724.000 # 1500
52725.119 - 88 2.604 1
52726.000 # 1500
52729.000 # 1500
52729.000 # 1500
52735.000 # 1500
52735.123 + 88 1
52737.000 # 1500
52737.000 # 1500
52737.978 - 88 2.855 1
52739.000 # 1500
52740.937 + 88 1
52742.000 # 1500
52742.756 - 88 1.819 1
52743.000 # 1500
52745.000 # 1500
52748.000 # 1500
52748.000 # 1500
52751.000 # 1500
52752.000 # 1500
52753.000 # 1500
52754.000 # 1500
52754.557 + 88 1
52757.452 + 88 1
52760.518 + 88 1
52765.000 # 1500
52765.000 # 1500
52765.000 # 1500
52766.000 # 1500
52766.000 # 1500
52766.263 - 88 11.706 1
52766.358 - 88 8.906 1
52766.389 - 88 5.871 1
52776.000 # 1500
52776.000 # 1500
52776.000 # 1500
52776.000 # 1500
52777.939 + 88 1
52779.000 # 1500
52779.892 - 88 1.953 1
52787.649 + 88 1
52788.000 # 1500
52789.665 - 88 2.016 1
52791.000 # 1500
52793.000 # 1500
52793.512 + 88 1
52794.000 # 1500
52795.000 # 1500
52795.500 - 88 1.988 1
52801.000 # 1500
52801.224 + 88 1
52807.000 # 1500
52808.000 # 1500
52808.000 # 1500
52808.238 - 88 7.014 1
52815.000 # 1500
52816.945 + 88 1
52817.068 + 88 1
52818.000 # 1500
52818.913 - 88 1.968 1
52819.006 - 88 1.938 1
52822.000 # 1500
52826.000 # 1500
52826.675 + 88 1
52834.000 # 1500
52835.590 - 88 8.915 1
52835.659 + 88 1
52838.000 # 1500
52839.425 - 88 3.766 1
52842.000 # 1500
52842.405 + 88 1
52846.000 # 1500
52847.495 - 88 5.090 1
52847.741 + 88 1
52850.000 # 1500
52851.234 - 88 3.493 1
52855.000 # 1500
52859.030 + 88 1
52861.000 # 1500
52862.097 - 88 3.067 1
52865.000 # 1500
52866.889 + 88 1
52869.000 # 1500
52869.725 - 88 2.836 1
52875.000 # 1500
52881.000 # 1500
52881.326 + 88 1
52887.000 # 1500
52888.350 - 88 7.024 1
52890.142 + 88 1
52891.000 # 1500
52892.096 - 88 1.954 1
52895.000 # 1500
52900.923 + 88 1
52901.000 # 1500
52904.000 # 1500
52904.876 - 88 3.953 1
52908.000 # 1500
52914.000 # 1500
52918.000 # 1500
52920.360 + 88 1
52922.000 # 1500
52923.413 - 88 3.053 1
52928.000 # 1500
52928.195 + 88 1
52932.000 # 1500
52933.295 - 88 5.100 1
52936.080 + 88 1
52937.000 # 1500
52938.128 - 88 2.048 1
52941.000 # 1500
52943.896 + 88 1
52945.000 # 1500
52945.824 - 88 1.928 1
52950.000 # 1500
52951.644 + 88 1
52953.000 # 1500
52954.542 - 88 2.898 1
52956.000 # 1500
52960.000 # 1500
52960.686 + 88 1
52962.000 # 1500
52963.454 - 88 2.768 1
52963.960 + 88 1
52964.000 # 1500
52967.000 # 1500
52968.289 - 88 4.329 1
52969.000 # 1500
52971.000 # 1500
52973.318 + 88 1
52974.000 # 1500
52975.070 - 88 1.752 1
52976.000 # 1500
52977.196 + 88 1
52978.000 # 1500
52979.036 - 88 1.840 1
52981.000 # 1500
52982.101 + 88 1
52983.000 # 1500
52983.834 - 88 1.733 1
52986.000 # 1500
52986.817 + 88 1
52988.000 # 1500
52988.723 - 88 1.906 1
52990.000 # 1500
52992.000 # 1500
52996.000 # 1500
52997.000 # 1500
52999.863 + 88 1
53000.000 # 1500
53000.172 + 88 1
53002.000 # 1500
53003.568 - 88 3.705 1
53003.643 + 88 1
53003.697 - 88 3.525 1
53004.000 # 1500
53005.000 # 1500
53005.304 - 88 1.661 1
53007.000 # 1500
53009.000 # 1500
53011.000 # 1500
53012.355 + 88 1
53013.000 # 1500
53014.190 - 88 1.835 1
53015.000 # 1500
53018.000 # 1500
53019.000 # 1500
53020.000 # 1500
53022.000 # 1500
53025.000 # 1500
53027.000 # 1500
53027.000 # 1500
53027.989 + 88 1
53029.000 # 1500
53029.865 - 88 1.876 1
53031.000 # 1500
53033.000 # 1500
53033.832 + 88 1
53035.000 # 1500
53035.805 - 88 1.973 1
53036.000 # 1500
53038.000 # 1500
53038.895 + 88 1
53039.000 # 1500
53039.186 - 88 0.291 1
53042.000 # 1500
53042.000 # 1500
53042.705 + 88 1
53044.000 # 1500
53045.000 # 1500
53045.732 - 88 3.027 1
53046.038 + 88 1
53047.000 # 1500
53047.536 - 88 1.498 1
53049.000 # 1500
53050.000 # 1500
53051.000 # 1500
53052.431 + 88 1
53056.000 # 1500
53056.000 # 1500
53057.316 - 88 4.885 1
53059.205 + 88 1
53062.106 + 88 1
53066.000 # 1500
53066.000 # 1500
53067.273 - 88 8.068 1
53067.313 - 88 5.207 1
53067.543 + 88 1
53070.000 # 1500
53071.108 - 88 3.565 1
53072.918 + 88 1
53073.000 # 1500
53073.000 # 1500
53073.000 # 1500
53073.000 # 1500
53073.329 - 88 0.411 1
53077.828 + 88 1
53081.000 # 1500
53081.000 # 1500
53081.000 # 1500
53081.000 # 1500
53081.000 # 1500
53082.000 # 1500
53082.848 - 88 5.020 1
53083.082 + 88 1
53084.000 # 1500
53084.581 - 88 1.499 1
53085.000 # 1500
53087.000 # 1500
53089.000 # 1500
53089.387 + 88 1
53090.000 # 1500
53091.000 # 1500
53091.199 - 88 1.812 1
53093.000 # 1500
53095.000 # 1500
53096.000 # 1500
53098.000 # 1500
53099.000 # 1500
53100.132 + 88 1
53101.000 # 1500
53101.994 - 88 1.862 1
53103.000 # 1500
53103.097 + 88 1
53104.000 # 1500
53104.889 - 88 1.792 1
53105.000 # 1500
53107.000 # 1500
53108.000 # 1500
53110.296 + 88 1
53111.000 # 1500
53112.324 + 88 1
53112.857 - 88 2.561 1
53113.000 # 1500
53114.000 # 1500
53114.438 - 88 2.114 1
53115.000 # 1500
53116.666 + 88 1
53117.000 # 1500
53118.872 - 88 2.206 1
53120.000 # 1500
53123.028 + 88 1
53126.013 + 88 1
53128.000 # 1500
53128.907 - 88 5.879 1
53128.932 - 88 2.919 1
53130.000 # 1500
53130.000 # 1500
53131.871 + 88 1
53134.000 # 1500
53134.000 # 1500
53134.000 # 1500
53134.000 # 1500
53134.678 + 88 1
53134.728 - 88 2.857 1
53138.497 + 88 1
53142.000 # 1500
53143.000 # 1500
53144.000 # 1500
53144.367 + 88 1
53144.767 - 88 10.089 1
53144.789 - 88 6.292 1
53145.000 # 1500
53146.661 - 88 2.294 1
53148.000 # 1500
53149.366 + 88 1
53150.000 # 1500
53150.000 # 1500
53150.000 # 1500
53151.279 - 88 1.913 1
53153.000 # 1500
53154.232 + 88 1
53155.000 # 1500
53155.996 - 88 1.764 1
53156.000 # 1500
53158.000 # 1500
53160.000 # 1500
53162.000 # 1500
53165.000 # 1500
53165.308 + 88 1
53165.417 + 88 1
53168.000 # 1500
53169.000 # 1500
53169.728 - 88 4.420 1
53169.759 - 88 4.342 1
53173.000 # 1500
53174.716 + 88 1
53175.000 # 1500
53176.305 - 88 1.589 1
53177.000 # 1500
53179.635 + 88 1
53181.000 # 1500
53182.000 # 1500
53182.504 - 88 2.869 1
53184.000 # 1500
53184.694 + 88 1
53186.000 # 1500
53187.596 - 88 2.902 1
53190.000 # 1500
53193.000 # 1500
53193.520 + 88 1
53195.000 # 1500
53196.382 - 88 2.862 1
53196.826 + 88 1
53196.938 + 88 1
53198.000 # 1500
53198.811 - 88 1.985 1
53198.832 - 88 1.894 1
53200.000 # 1500
53202.000 # 1500
53202.320 + 88 1
53203.000 # 1500
53204.212 - 88 1.892 1
53206.000 # 1500
53207.000 # 1500
53209.161 + 88 1
53210.000 # 1500
53210.945 - 88 1.784 1
53212.000 # 1500
53216.000 # 1500
53216.000 # 1500
53216.948 + 88 1
53218.000 # 1500
53218.816 - 88 1.868 1
53221.000 # 1500
53221.000 # 1500
53223.000 # 1500
53224.000 # 1500
53228.000 # 1500
53229.000 # 1500
53230.000 # 1500
53231.000 # 1500
53231.969 + 88 1
53233.000 # 1500
53234.388 - 88 2.419 1
53241.376 + 88 1
53247.602 + 88 1
53254.000 # 1500
53254.000 # 1500
53254.000 # 1500
53254.000 # 1500
53254.000 # 1500
53254.000 # 1500
53254.000 # 1500
53254.000 # 1500
53255.001 - 88 13.625 1
53255.179 - 88 7.577 1
53256.000 # 1500
53257.000 # 1500
53259.000 # 1500
53260.000 # 1500
53263.000 # 1500
53264.000 # 1500
53264.027 + 88 1
53264.144 + 88 1
53266.000 # 1500
53266.571 - 88 2.544 1
53266.592 - 88 2.448 1
53267.000 # 1500
53269.000 # 1500
53270.000 # 1500
53272.000 # 1500
53273.000 # 1500
53274.061 + 88 1
53275.000 # 1500
53276.000 # 1500
53276.360 - 88 2.299 1
53279.000 # 1500
53280.000 # 1500
53280.755 + 88 1
53283.000 # 1500
53284.580 - 88 3.825 1
53285.000 # 1500
53285.784 + 88 1
53286.000 # 1500
53288.000 # 1500
53288.168 - 88 2.384 1
53290.000 # 1500
53292.000 # 1500
53292.337 + 88 1
53294.000 # 1500
53295.000 # 1500
53295.113 - 88 2.776 1
53297.000 # 1500
53298.318 + 88 1
53303.921 + 88 1
53307.000 # 1500
53307.000 # 1500
53307.000 # 1500
53307.000 # 1500
53307.000 # 1500
53307.561 - 88 9.243 1
53307.590 - 88 3.669 1
53309.000 # 1500
53309.000 # 1500
53310.366 + 88 1
53311.000 # 1500
53312.388 - 88 2.022 1
53314.000 # 1500
53315.000 # 1500
53316.000 # 1500
53316.206 + 88 1
53318.000 # 1500
53318.827 - 88 2.621 1
53319.000 # 1500
53321.657 + 88 1
53322.000 # 1500
53323.000 # 1500
53323.563 - 88 1.906 1
53325.000 # 1500
53326.000 # 1500
53329.000 # 1500
53331.000 # 1500
53333.000 # 1500
53334.000 # 1500
53334.135 + 88 1
53336.000 # 1500
53336.961 + 88 1
53337.051 - 88 2.916 1
53338.923 + 88 1
53339.000 # 1500
53339.000 # 1500
53339.236 - 88 2.275 1
53342.000 # 1500
53342.821 - 88 3.898 1
53343.000 # 1500
53344.886 + 88 1
53346.000 # 1500
53346.000 # 1500
53346.572 - 88 1.686 1
53348.000 # 1500
53349.000 # 1500
53351.000 # 1500
53353.000 # 1500
53354.000 # 1500
53355.000 # 1500
53357.000 # 1500
53358.000 # 1500
53368.000 # 1500
53370.000 # 1500
53373.000 # 1500
53374.000 # 1500
53375.000 # 1500
53376.000 # 1500
53377.000 # 1500
53378.000 # 1500
53381.000 # 1500
53381.132 + 88 1
53381.243 + 88 1
53383.000 # 1500
53383.021 + 88 1
53383.129 + 88 1
53383.342 - 88 2.210 1
53383.406 - 88 2.163 1
53384.940 + 88 1
53385.000 # 1500
53385.209 - 88 2.188 1
53385.237 - 88 2.108 1
53387.000 # 1500
53387.643 - 88 2.703 1
53388.615 + 88 1
53389.000 # 1500
53390.244 - 88 1.629 1
53392.000 # 1500
53394.000 # 1500
53394.435 + 88 1
53396.000 # 1500
53397.247 - 88 2.812 1
53397.643 + 88 1
53398.000 # 1500
53399.701 - 88 2.058 1
53401.000 # 1500
53402.000 # 1500
53403.187 + 88 1
53404.000 # 1500
53406.000 # 1500
53406.901 - 88 3.714 1
53407.000 # 1500
53409.000 # 1500
53411.000 # 1500
53413.000 # 1500
53414.111 + 88 1
53416.000 # 1500
53416.032 + 88 1
53416.337 - 88 2.226 1
53417.000 # 1500
53417.610 - 88 1.578 1
53419.000 # 1500
53420.000 # 1500
53422.000 # 1500
53424.947 + 88 1
53425.000 # 1500
53425.057 + 88 1
53427.000 # 1500
53427.423 - 88 2.476 1
53427.450 - 88 2.393 1
53429.000 # 1500
53431.000 # 1500
53433.000 # 1500
53434.730 + 88 1
53434.842 + 88 1
53436.437 + 88 1
53439.499 + 88 1
53443.000 # 1500
53444.000 # 1500
53444.000 # 1500
53444.000 # 1500
53444.000 # 1500
53444.214 - 88 9.484 1
53444.250 - 88 9.408 1
53444.266 - 88 7.829 1
53444.269 + 88 1
53444.280 - 88 4.781 1
53446.000 # 1500
53447.053 - 88 2.784 1
53448.000 # 1500
53450.000 # 1500
53455.168 + 88 1
53455.286 + 88 1
53459.000 # 1500
53459.000 # 1500
53460.586 - 88 5.418 1
53460.623 - 88 5.337 1
53463.000 # 1500
53464.000 # 1500
53464.000 # 1500
53465.000 # 1500
53467.000 # 1500
53468.834 + 88 1
53469.000 # 1500
53470.447 - 88 1.613 1
53470.642 + 88 1
53473.000 # 1500
53474.431 - 88 3.789 1
53475.000 # 1500
53478.000 # 1500
53481.000 # 1500
53481.000 # 1500
53483.000 # 1500
53486.000 # 1500
53488.000 # 1500
53488.335 + 88 1
53489.000 # 1500
53489.864 - 88 1.529 1
53490.000 # 1500
53492.953 + 88 1
53493.000 # 1500
53493.125 - 88 0.172 1
53495.000 # 1500
53495.005 + 88 1
53496.000 # 1500
53496.736 - 88 1.731 1
53498.000 # 1500
53499.294 + 88 1
53500.000 # 1500
53500.664 - 88 1.370 1
53501.000 # 1500
53501.637 + 88 1
53504.000 # 1500
53504.914 - 88 3.277 1
53505.000 # 1500
53515.000 # 1500
53515.000 # 1500
53515.000 # 1500
53515.000 # 1500
53523.185 + 88 1
53525.000 # 1500
53525.000 # 1500
53525.000 # 1500
53525.000 # 1500
53525.000 # 1500
53526.000 # 1500
53526.011 - 88 2.826 1
53527.296 + 88 1
53528.000 # 1500
53529.000 # 1500
53529.003 - 88 1.707 1
53537.798 + 88 1
53539.000 # 1500
53539.000 # 1500
53539.000 # 1500
53539.000 # 1500
53540.770 - 88 2.972 1
53541.000 # 1500
53545.679 + 88 1
53551.000 # 1500
53551.000 # 1500
53551.000 # 1500
53551.000 # 1500
53551.000 # 1500
53552.637 - 88 6.958 1
53552.699 + 88 1
53553.000 # 1500
53554.000 # 1500
53554.689 - 88 1.990 1
53555.000 # 1500
53557.000 # 1500
53558.000 # 1500
53558.498 + 88 1
53560.000 # 1500
53560.968 - 88 2.470 1
53561.000 # 1500
53563.579 + 88 1
53564.000 # 1500
53564.000 # 1500
53566.000 # 1500
53566.065 - 88 2.486 1
53568.000 # 1500
53569.000 # 1500
53570.000 # 1500
53572.000 # 1500
53572.177 + 88 1
53574.000 # 1500
53574.776 - 88 2.599 1
53575.000 # 1500
53576.568 + 88 1
53577.000 # 1500
53578.000 # 1500
53578.503 + 88 1
53578.703 - 88 2.135 1
53581.000 # 1500
53581.000 # 1500
53581.634 + 88 1
53581.864 - 88 3.361 1
53585.530 + 88 1
53593.000 # 1500
53594.000 # 1500
53595.439 - 88 13.805 1
53595.460 - 88 9.930 1
53595.520 + 88 1
53595.563 + 88 1
53596.000 # 1500
53596.000 # 1500
53596.000 # 1500
53596.000 # 1500
53597.513 + 88 1
53597.772 - 88 2.252 1
53597.869 - 88 2.306 1
53598.000 # 1500
53599.000 # 1500
53599.173 - 88 1.660 1
53601.000 # 1500
53601.650 + 88 1
53603.000 # 1500
53604.000 # 1500
53604.212 - 88 2.562 1
53605.000 # 1500
53607.000 # 1500
53612.915 + 88 1
53613.707 + 88 1
53616.000 # 1500
53616.000 # 1500
53616.000 # 1500
53616.000 # 1500
53617.693 - 88 4.778 1
53617.723 - 88 4.016 1
53620.681 + 88 1
53620.724 + 88 1
53622.642 + 88 1
53626.000 # 1500
53626.000 # 1500
53626.000 # 1500
53626.000 # 1500
53627.561 - 88 6.880 1
53627.583 - 88 6.859 1
53627.591 - 88 4.949 1
53630.000 # 1500
53630.000 # 1500
53630.000 # 1500
53630.000 # 1500
53634.544 + 88 1
53634.586 + 88 1
53636.321 + 88 1
53639.000 # 1500
53639.000 # 1500
53639.000 # 1500
53639.000 # 1500
53639.686 + 88 1
53640.000 # 1500
53640.187 - 88 5.643 1
53640.209 - 88 5.623 1
53640.217 - 88 3.896 1
53640.224 - 88 0.538 1
53641.000 # 1500
53642.000 # 1500
53650.929 + 88 1
53653.000 # 1500
53653.000 # 1500
53653.000 # 1500
53653.805 - 88 2.876 1
53654.000 # 1500
53654.000 # 1500
53654.000 # 1500
53655.000 # 1500
53655.820 + 88 1
53656.000 # 1500
53657.831 + 88 1
53658.000 # 1500
53658.167 - 88 2.347 1
53658.187 - 88 0.356 1
53659.000 # 1500
53661.000 # 1500
53662.000 # 1500
53664.000 # 1500
53666.000 # 1500
53667.916 + 88 1
53671.502 + 88 1
53678.000 # 1500
53679.237 - 88 11.321 1
53679.258 - 88 7.756 1
53681.000 # 1500
53682.000 # 1500
53682.000 # 1500
53682.000 # 1500
53682.000 # 1500
53683.312 + 88 1
53687.150 + 88 1
53692.995 + 88 1
53693.000 # 1500
53693.107 + 88 1
53693.332 - 88 10.020 1
53693.351 - 88 6.201 1
53704.000 # 1500
53704.000 # 1500
53704.000 # 1500
53704.769 + 88 1
53704.881 + 88 1
53705.107 - 88 12.112 1
53705.128 - 88 12.021 1
53710.000 # 1500
53710.000 # 1500
53710.000 # 1500
53710.000 # 1500
53710.607 - 88 5.838 1
53710.629 - 88 5.748 1
53711.000 # 1500
53713.000 # 1500
53713.599 + 88 1
53713.711 + 88 1
53716.000 # 1500
53717.858 - 88 4.259 1
53717.879 - 88 4.168 1
53718.000 # 1500
53718.199 + 88 1
53718.306 + 88 1
53721.000 # 1500
53722.256 - 88 4.057 1
53722.276 - 88 3.970 1
53725.000 # 1500
53728.000 # 1500
53729.000 # 1500
53734.000 # 1500
53736.000 # 1500
53738.000 # 1500
53738.107 + 88 1
53742.000 # 1500
53743.071 - 88 4.964 1
53743.358 + 88 1
53744.000 # 1500
53745.539 - 88 2.181 1
53746.776 + 88 1
53747.000 # 1500
53747.224 - 88 0.448 1
53749.000 # 1500
53753.000 # 1500
53755.000 # 1500
53755.958 + 88 1
53756.081 + 88 1
53756.149 + 88 1
53758.000 # 1500
53759.403 - 88 3.445 1
53759.423 - 88 3.342 1
53759.431 - 88 3.282 1
53760.000 # 1500
53763.000 # 1500
53764.762 + 88 1
53765.000 # 1500
53767.000 # 1500
53768.000 # 1500
53768.371 - 88 3.609 1
53770.222 + 88 1
53772.000 # 1500
53774.000 # 1500
53774.038 - 88 3.816 1
53774.501 + 88 1
53776.000 # 1500
53777.000 # 1500
53777.410 - 88 2.909 1
53780.000 # 1500
53782.000 # 1500
53783.809 + 88 1
53784.228 + 88 1
53785.000 # 1500
53785.000 # 1500
53786.067 - 88 2.258 1
53786.092 - 88 1.864 1
53787.000 # 1500
53789.000 # 1500
53790.000 # 1500
53792.000 # 1500
53793.065 + 88 1
53794.000 # 1500
53794.735 - 88 1.670 1
53794.795 + 88 1
53796.000 # 1500
53796.361 - 88 1.566 1
53797.000 # 1500
53799.000 # 1500
53800.548 + 88 1
53801.000 # 1500
53802.000 # 1500
53802.352 - 88 1.804 1
53804.000 # 1500
53804.261 + 88 1
53807.410 + 88 1
53815.000 # 1500
53816.117 + 88 1
53816.295 - 88 12.034 1
53816.324 - 88 8.914 1
53819.945 + 88 1
53822.247 + 88 1
53822.456 + 88 1
53823.000 # 1500
53823.000 # 1500
53823.823 - 88 7.706 1
53824.000 # 1500
53824.000 # 1500
53824.000 # 1500
53824.000 # 1500
53824.048 - 88 4.103 1
53824.069 - 88 1.822 1
53824.084 - 88 1.628 1
53833.000 # 1500
53834.000 # 1500
53835.931 + 88 1
53835.975 + 88 1
53836.000 # 1500
53836.000 # 1500
53840.000 # 1500
53840.000 # 1500
53840.421 - 88 4.490 1
53840.444 - 88 4.469 1
53842.383 + 88 1
53845.000 # 1500
53845.000 # 1500
53846.254 - 88 3.871 1
53847.000 # 1500
53847.363 + 88 1
53848.000 # 1500
53850.000 # 1500
53850.215 - 88 2.852 1
53853.000 # 1500
53854.061 + 88 1
53855.000 # 1500
53856.008 - 88 1.947 1
53856.595 + 88 1
53857.000 # 1500
53857.936 - 88 1.341 1
53861.000 # 1500
53862.000 # 1500
53864.000 # 1500
53867.000 # 1500
53870.000 # 1500
53871.000 # 1500
53871.857 + 88 1
53871.901 + 88 1
53874.000 # 1500
53876.000 - 88 4.143 1
53876.020 - 88 4.119 1
53876.207 + 88 1
53876.333 + 88 1
53877.000 # 1500
53878.445 - 88 2.238 1
53878.466 - 88 2.133 1
53879.000 # 1500
53881.060 + 88 1
53888.000 # 1500
53888.000 # 1500
53889.287 - 88 8.227 1
53890.492 + 88 1
53894.000 # 1500
53894.000 # 1500
53894.000 # 1500
53894.000 # 1500
53894.232 + 88 1
53894.587 - 88 4.095 1
53895.000 # 1500
53896.000 # 1500
53896.116 - 88 1.884 1
53900.361 + 88 1
53907.000 # 1500
53908.864 - 88 8.503 1
53909.000 # 1500
53913.000 # 1500
53913.000 # 1500
53913.000 # 1500
53913.000 # 1500
53913.712 + 88 1
53913.824 + 88 1
53913.858 + 88 1
53915.000 # 1500
53915.649 - 88 1.937 1
53915.671 - 88 1.847 1
53915.679 - 88 1.821 1
53923.540 + 88 1
53924.000 # 1500
53925.393 - 88 1.853 1
53927.487 + 88 1
53928.000 # 1500
53928.000 # 1500
53928.000 # 1500
53929.274 - 88 1.787 1
53931.000 # 1500
53934.364 + 88 1
53935.000 # 1500
53936.202 - 88 1.838 1
53940.000 # 1500
53941.000 # 1500
53941.225 + 88 1
53943.000 # 1500
53944.073 - 88 2.848 1
53947.000 # 1500
53948.072 + 88 1
53949.000 # 1500
53949.845 - 88 1.773 1
53951.000 # 1500
53954.000 # 1500
53954.858 + 88 1
53956.000 # 1500
53956.558 - 88 1.700 1
53958.000 # 1500
53960.000 # 1500
53960.624 + 88 1
53962.000 # 1500
53962.541 - 88 1.917 1
53964.000 # 1500
53966.000 # 1500
53966.721 + 88 1
53966.759 + 88 1
53967.000 # 1500
53968.312 - 88 1.591 1
53968.333 - 88 1.574 1
53969.000 # 1500
53972.000 # 1500
53974.000 # 1500
53974.688 + 88 1
53975.000 # 1500
53976.672 - 88 1.984 1
53978.000 # 1500
53979.000 # 1500
53980.143 + 88 1
53981.000 # 1500
53982.000 # 1500
53982.186 - 88 2.043 1
53984.000 # 1500
53987.000 # 1500
53987.355 + 88 1
53988.000 # 1500
53988.934 - 88 1.579 1
53989.000 # 1500
53991.000 # 1500
53992.367 + 88 1
53993.000 # 1500
53994.759 - 88 2.392 1
53995.000 # 1500
53996.000 # 1500
53998.000 # 1500
54000.000 # 1500
54000.604 + 88 1
54002.000 # 1500
54003.778 - 88 3.174 1
54004.000 # 1500
54004.023 + 88 1
54005.000 # 1500
54006.509 - 88 2.486 1
54007.000 # 1500
54008.000 # 1500
54009.507 + 88 1
54011.000 # 1500
54011.000 # 1500
54012.394 - 88 2.887 1
54014.000 # 1500
54015.000 # 1500
54015.596 + 88 1
54015.703 + 88 1
54017.000 # 1500
54019.000 # 1500
54019.207 - 88 3.611 1
54019.329 - 88 3.626 1
54021.000 # 1500
54022.000 # 1500
54025.000 # 1500
54025.366 + 88 1
54025.475 + 88 1
54026.000 # 1500
54027.278 - 88 1.912 1
54027.299 - 88 1.824 1
54028.000 # 1500
54030.000 # 1500
54030.430 + 88 1
54031.000 # 1500
54032.843 - 88 2.413 1
54033.140 + 88 1
54034.000 # 1500
54034.929 + 88 1
54035.000 # 1500
54035.204 - 88 2.064 1
54035.223 - 88 0.294 1
54037.000 # 1500
54038.000 # 1500
54039.763 + 88 1
54040.000 # 1500
54043.000 # 1500
54044.000 # 1500
54044.029 + 88 1
54044.037 - 88 4.274 1
54046.000 # 1500
54047.000 # 1500
54047.485 - 88 3.456 1
54049.000 # 1500
54051.000 # 1500
54052.326 + 88 1
54054.663 + 88 1
54056.000 # 1500
54056.000 # 1500
54058.000 # 1500
54058.253 - 88 5.927 1
54058.274 - 88 3.611 1
54059.000 # 1500
54062.000 # 1500
54065.000 # 1500
54065.000 # 1500
54066.000 # 1500
54066.000 + 88 1
54066.111 + 88 1
54068.000 # 1500
54069.050 - 88 3.050 1
54069.079 - 88 2.968 1
54070.000 # 1500
54071.000 # 1500
54072.727 + 88 1
54074.000 # 1500
54074.843 - 88 2.116 1
54076.000 # 1500
54076.924 + 88 1
54078.000 # 1500
54078.731 - 88 1.807 1
54079.000 # 1500
54079.638 + 88 1
54088.000 # 1500
54089.967 - 88 10.329 1
54090.000 # 1500
54090.000 # 1500
54090.442 + 88 1
54093.000 # 1500
54094.000 # 1500
54094.553 - 88 4.111 1
54100.000 # 1500
54104.000 # 1500
54106.000 # 1500
54106.000 # 1500
54108.000 # 1500
54108.000 # 1500
54108.000 # 1500
54111.000 # 1500
54112.000 # 1500
54112.937 + 88 1
54113.079 + 88 1
54113.130 + 88 1
54113.401 + 88 1
54114.000 # 1500
54116.000 # 1500
54116.013 - 88 3.076 1
54116.080 - 88 3.001 1
54116.098 - 88 2.968 1
54116.107 - 88 2.706 1
54118.000 # 1500
54120.000 # 1500
54123.000 # 1500
54125.555 + 88 1
54125.695 + 88 1
54125.757 + 88 1
54126.000 # 1500
54126.245 - 88 0.690 1
54126.267 - 88 0.572 1
54131.000 # 1500
54132.588 - 88 6.831 1
54132.606 + 88 1
54135.000 # 1500
54135.202 + 88 1
54135.654 - 88 3.048 1
54139.000 # 1500
54140.364 - 88 5.162 1
54142.000 # 1500
54143.321 + 88 1
54145.039 + 88 1
54146.000 # 1500
54146.975 - 88 3.654 1
54147.003 - 88 1.964 1
54148.089 + 88 1
54150.000 # 1500
54150.887 - 88 2.798 1
54153.000 # 1500
54156.000 # 1500
54161.000 # 1500
54161.000 # 1500
54164.000 # 1500
54167.000 # 1500
54170.000 # 1500
54173.000 # 1500
54176.256 + 88 1
54176.431 + 88 1
54176.517 + 88 1
54176.578 + 88 1
54176.636 + 88 1
54182.861 + 88 1
54185.000 # 1500
54185.799 - 88 9.543 1
54185.824 - 88 9.393 1
54185.840 - 88 9.323 1
54185.854 - 88 9.276 1
54185.866 - 88 9.230 1
54185.949 - 88 3.088 1
54186.000 # 1500
54186.032 + 88 1
54188.466 + 88 1
54189.000 # 1500
54189.000 # 1500
54190.293 - 88 4.261 1
54190.322 - 88 1.856 1
54191.000 # 1500
54191.000 # 1500
54192.761 + 88 1
54193.000 # 1500
54193.070 - 88 0.309 1
54195.312 + 88 1
54202.085 + 88 1
54205.000 # 1500
54206.099 - 88 10.787 1
54206.128 - 88 4.043 1
54206.490 + 88 1
54207.000 # 1500
54207.000 # 1500
54208.000 # 1500
54208.000 # 1500
54208.000 # 1500
54208.590 - 88 2.100 1
54211.000 # 1500
54212.923 + 88 1
54213.000 # 1500
54213.064 + 88 1
54215.000 # 1500
54215.763 - 88 2.840 1
54215.791 - 88 2.727 1
54217.000 # 1500
54219.000 # 1500
54221.000 # 1500
54223.000 # 1500
54225.542 + 88 1
54227.000 # 1500
54228.553 - 88 3.011 1
54229.000 # 1500
54234.000 # 1500
54234.296 + 88 1
54236.000 # 1500
54237.345 - 88 3.049 1
54238.000 # 1500
54240.000 # 1500
54241.241 + 88 1
54244.060 + 88 1
54253.000 # 1500
54253.950 - 88 12.709 1
54253.977 - 88 9.917 1
54254.901 + 88 1
54255.000 # 1500
54255.000 # 1500
54255.000 # 1500
54255.082 - 88 0.181 1
54257.000 # 1500
54257.850 + 88 1
54257.989 + 88 1
54261.000 # 1500
54261.760 - 88 3.910 1
54261.787 - 88 3.798 1
54264.000 # 1500
54267.766 + 88 1
54268.000 # 1500
54269.461 - 88 1.695 1
54271.000 # 1500
54273.439 + 88 1
54275.000 # 1500
54276.282 - 88 2.843 1
54277.327 + 88 1
54279.000 # 1500
54280.303 - 88 2.976 1
54283.184 + 88 1
54284.000 # 1500
54285.191 - 88 2.007 1
54287.000 # 1500
54288.090 + 88 1
54291.000 # 1500
54292.035 - 88 3.945 1
54292.982 + 88 1
54296.000 # 1500
54297.898 - 88 4.916 1
54298.278 + 88 1
54300.000 # 1500
54301.793 - 88 3.515 1
54304.000 # 1500
54307.662 + 88 1
54307.716 + 88 1
54308.000 # 1500
54309.427 - 88 1.765 1
54309.453 - 88 1.737 1
54310.000 # 1500
54313.827 + 88 1
54314.362 + 88 1
54315.000 # 1500
54316.334 - 88 2.507 1
54316.361 - 88 1.999 1
54318.000 # 1500
54320.000 # 1500
54325.129 + 88 1
54325.265 + 88 1
54331.000 # 1500
54332.052 - 88 6.923 1
54332.080 - 88 6.815 1
54335.865 + 88 1
54336.004 + 88 1
54337.885 + 88 1
54343.000 # 1500
54343.786 - 88 7.921 1
54343.812 - 88 7.808 1
54343.829 - 88 5.944 1
54344.000 # 1500
54346.659 + 88 1
54346.801 + 88 1
54353.437 + 88 1
54353.574 + 88 1
54354.249 + 88 1
54360.787 + 88 1
54368.113 + 88 1
54368.250 + 88 1
54398.156 + 88 1
54398.295 + 88 1
54405.162 + 88 1
54405.302 + 88 1
54420.000 # 1500
54420.000 # 1500
54421.741 + 88 1
54422.081 - 88 75.422 1
54422.143 - 88 75.342 1
54422.162 - 88 68.725 1
54422.178 - 88 68.604 1
54422.192 - 88 67.943 1
54422.205 - 88 61.418 1
54422.219 - 88 54.106 1
54422.234 - 88 53.984 1
54422.247 - 88 24.091 1
54422.260 - 88 23.965 1
54422.272 - 88 17.110 1
54422.285 - 88 16.983 1
54425.000 # 1500
54425.000 # 1500
54425.710 - 88 3.969 1
54426.000 # 1500
54426.000 # 1500
54426.000 # 1500
54426.029 + 88 1
54426.595 + 88 1
54427.000 # 1500
54427.000 # 1500
54427.000 # 1500
54427.000 # 1500
54427.000 # 1500
54427.000 # 1500
54427.000 # 1500
54427.000 # 1500
54428.000 # 1500
54428.514 - 88 2.485 1
54428.541 - 88 1.946 1
54434.000 # 1500
54434.600 + 88 1
54441.000 # 1500
54441.328 - 88 6.728 1
54444.210 + 88 1
54445.000 # 1500
54446.159 - 88 1.949 1
54450.000 # 1500
54452.090 + 88 1
54454.000 # 1500
54454.992 - 88 2.902 1
54457.000 # 1500
54459.799 + 88 1
54464.000 # 1500
54465.723 - 88 5.924 1
54468.000 # 1500
54471.641 + 88 1
54473.000 # 1500
54477.000 # 1500
54480.223 - 88 8.582 1
54481.000 # 1500
54484.000 # 1500
54487.000 # 1500
54487.654 + 88 1
54488.000 # 1500
54490.000 # 1500
54490.686 - 88 3.032 1
54493.000 # 1500
54495.280 + 88 1
54496.000 # 1500
54498.000 # 1500
54499.716 - 88 4.436 1
54499.778 + 88 1
54507.546 + 88 1
54509.000 # 1500
54509.000 # 1500
54510.478 - 88 10.700 1
54510.503 - 88 2.957 1
54513.000 # 1500
54514.723 + 88 1
54520.000 # 1500
54522.182 - 88 7.459 1
54522.375 + 88 1
54525.000 # 1500
54526.204 - 88 3.829 1
54528.000 # 1500
54532.910 + 88 1
54533.000 # 1500
54536.000 # 1500
54536.820 - 88 3.910 1
54539.000 # 1500
54542.350 + 88 1
54544.000 # 1500
54545.186 - 88 2.836 1
54546.000 # 1500
54547.536 + 88 1
54549.000 # 1500
54550.312 - 88 2.776 1
54552.114 + 88 1
54553.000 # 1500
54553.814 - 88 1.700 1
54556.000 # 1500
54559.000 # 1500
54560.702 + 88 1
54562.000 # 1500
54563.697 - 88 2.995 1
54564.000 # 1500
54566.000 # 1500
54566.770 + 88 1
54569.000 # 1500
54570.388 - 88 3.618 1
54571.000 # 1500
54573.000 # 1500
54575.000 # 1500
54575.390 + 88 1
54578.000 # 1500
54579.436 - 88 4.046 1
54580.000 # 1500
54581.335 + 88 1
54589.000 + 88 1
54590.000 # 1500
54590.893 - 88 9.558 1
54590.920 - 88 1.920 1
54591.000 # 1500
54593.000 # 1500
54594.000 # 1500
54594.000 # 1500
54595.000 # 1500
54596.037 + 88 1
54597.000 # 1500
54597.957 - 88 1.920 1
54602.679 + 88 1
54606.000 # 1500
54608.000 # 1500
54608.110 - 88 5.431 1
54609.000 # 1500
54612.724 + 88 1
54612.787 + 88 1
54614.000 # 1500
54614.000 # 1500
54614.000 # 1500
54614.509 - 88 1.785 1
54614.530 - 88 1.743 1
54617.522 + 88 1
54625.000 # 1500
54625.000 # 1500
54625.103 + 88 1
54625.472 - 88 7.950 1
54627.000 # 1500
54628.159 - 88 3.056 1
54629.000 # 1500
54631.000 # 1500
54632.000 # 1500
54635.000 # 1500
54637.000 # 1500
54639.000 # 1500
54639.835 + 88 1
54642.000 # 1500
54643.740 - 88 3.905 1
54646.722 + 88 1
54648.000 # 1500
54649.612 - 88 2.890 1
54652.564 + 88 1
54653.000 # 1500
54654.516 - 88 1.952 1
54659.000 # 1500
54662.264 + 88 1
54664.000 # 1500
54665.259 - 88 2.995 1
54668.089 + 88 1
54670.000 # 1500
54671.148 - 88 3.059 1
54673.972 + 88 1
54675.000 # 1500
54675.985 - 88 2.013 1
54679.825 + 88 1
54683.000 # 1500
54684.068 - 88 4.243 1
54689.000 # 1500
54694.755 + 88 1
54694.896 + 88 1
54695.000 # 1500
54695.161 - 88 0.406 1
54695.199 - 88 0.303 1
54696.650 + 88 1
54701.000 # 1500
54702.665 - 88 6.015 1
54702.841 + 88 1
54707.000 # 1500
54707.670 - 88 4.829 1
54708.238 + 88 1
54712.000 # 1500
54713.439 - 88 5.201 1
54718.000 # 1500
54719.367 + 88 1
54724.000 # 1500
54726.343 + 88 1
54726.639 - 88 7.272 1
54727.000 # 1500
54728.366 - 88 2.023 1
54731.000 # 1500
54734.000 # 1500
54737.000 # 1500
54737.067 + 88 1
54740.000 # 1500
54741.090 - 88 4.023 1
54745.000 # 1500
54745.836 + 88 1
54747.000 # 1500
54748.170 - 88 2.334 1
54748.345 + 88 1
54751.000 # 1500
54753.732 - 88 5.387 1
54755.000 # 1500
54755.594 + 88 1
54759.000 # 1500
54760.630 - 88 5.036 1
54761.000 # 1500
54764.000 # 1500
54767.000 # 1500
54768.980 + 88 1
54778.658 + 88 1
54778.799 + 88 1
54782.626 + 88 1
54784.551 + 88 1
54786.000 # 1500
54787.689 - 88 18.709 1
54787.728 - 88 9.070 1
54787.745 - 88 8.946 1
54787.753 - 88 5.127 1
54787.761 - 88 3.210 1
54787.843 + 88 1
54792.000 # 1500
54792.000 # 1500
54792.000 # 1500
54792.000 # 1500
54792.000 # 1500
54792.409 - 88 4.566 1
54793.000 # 1500
54797.000 # 1500
54800.000 # 1500
54800.496 + 88 1
54800.650 + 88 1
54804.000 # 1500
54804.468 + 88 1
54804.977 - 88 4.481 1
54805.003 - 88 4.353 1
54807.000 # 1500
54808.446 - 88 3.978 1
54810.000 # 1500
54816.012 + 88 1
54817.971 + 88 1
54819.000 # 1500
54819.979 - 88 3.967 1
54820.002 - 88 2.031 1
54823.000 # 1500
54825.000 # 1500
54828.835 + 88 1
54830.000 # 1500
54830.759 - 88 1.924 1
54831.675 + 88 1
54832.000 # 1500
54833.689 - 88 2.014 1
54835.000 # 1500
54837.603 + 88 1
54840.000 # 1500
54841.000 # 1500
54841.483 - 88 3.880 1
54841.808 + 88 1
54844.000 # 1500
54846.000 # 1500
54846.339 - 88 4.531 1
54847.670 + 88 1
54848.000 # 1500
54849.191 - 88 1.521 1
54851.000 # 1500
54852.418 + 88 1
54854.000 # 1500
54855.000 # 1500
54855.145 - 88 2.727 1
54858.000 # 1500
54858.188 + 88 1
54861.000 # 1500
54862.000 # 1500
54863.047 - 88 4.859 1
54863.132 + 88 1
54865.000 # 1500
54866.170 - 88 3.038 1
54867.000 # 1500
54869.000 # 1500
54869.933 + 88 1
54872.000 # 1500
54873.006 - 88 3.073 1
54874.000 # 1500
54876.000 # 1500
54881.000 # 1500
54884.000 # 1500
54886.000 # 1500
54888.000 # 1500
54889.427 + 88 1
54889.540 + 88 1
54891.000 # 1500
54892.385 - 88 2.958 1
54892.430 - 88 2.890 1
54900.472 + 88 1
54910.000 # 1500
54910.000 # 1500
54912.867 - 88 12.395 1
54913.189 + 88 1
54913.303 + 88 1
54914.000 # 1500
54914.000 # 1500
54914.907 - 88 1.718 1
54914.974 - 88 1.671 1
54916.836 + 88 1
54920.000 # 1500
54920.709 - 88 3.873 1
54922.000 # 1500
54924.000 # 1500
54924.550 + 88 1
54928.000 # 1500
54928.440 + 88 1
54928.821 - 88 4.271 1
54933.232 + 88 1
54934.000 # 1500
54935.408 - 88 6.968 1
54935.451 - 88 2.219 1
54938.222 + 88 1
54940.000 # 1500
54941.195 - 88 2.973 1
54943.283 + 88 1
54948.302 + 88 1
54951.000 # 1500
54952.134 - 88 8.851 1
54952.156 - 88 3.854 1
54952.508 + 88 1
54954.000 # 1500
54955.977 - 88 3.469 1
54959.745 + 88 1
54960.000 # 1500
54960.000 # 1500
54960.000 # 1500
54960.095 - 88 0.350 1
54963.695 + 88 1
54965.000 # 1500
54966.656 - 88 2.961 1
54967.000 # 1500
54970.536 + 88 1
54974.000 # 1500
54975.417 - 88 4.881 1
54979.000 # 1500
54984.000 # 1500
54984.125 + 88 1
54984.236 + 88 1
54990.000 # 1500
54990.899 + 88 1
54991.152 - 88 7.027 1
54991.191 - 88 6.955 1
54994.361 + 88 1
54995.000 # 1500
54996.456 - 88 5.557 1
54996.500 - 88 2.139 1
54999.327 + 88 1
55002.000 # 1500
55003.494 - 88 4.167 1
55005.084 + 88 1
55006.000 # 1500
55007.219 - 88 2.135 1
55009.105 + 88 1
55013.000 # 1500
55014.012 - 88 4.907 1
55018.000 # 1500
55019.822 + 88 1
55019.874 + 88 1
55025.598 + 88 1
55026.000 # 1500
55027.690 - 88 7.868 1
55027.734 - 88 7.860 1
55027.750 - 88 2.152 1
55031.000 # 1500
55032.888 + 88 1
55036.000 # 1500
55037.474 - 88 4.586 1
55037.812 + 88 1
55049.000 # 1500
55049.000 # 1500
55049.000 # 1500
55050.089 - 88 12.277 1
55050.318 + 88 1
55052.892 + 88 1
55053.000 # 1500
55053.282 - 88 2.964 1
55056.000 # 1500
55056.889 - 88 3.997 1
55059.000 # 1500
55060.623 + 88 1
55060.688 + 88 1
55064.000 # 1500
55065.573 - 88 4.950 1
55065.613 - 88 4.925 1
55069.000 # 1500
55071.000 # 1500
55072.349 + 88 1
55072.490 + 88 1
55072.540 + 88 1
55075.000 # 1500
55076.000 # 1500
55076.186 + 88 1
55076.446 - 88 4.097 1
55076.485 - 88 3.995 1
55076.502 - 88 3.962 1
55078.000 # 1500
55079.408 - 88 3.222 1
55082.000 # 1500
55084.000 # 1500
55086.000 # 1500
55087.064 + 88 1
55089.000 # 1500
55090.074 - 88 3.010 1
55091.000 # 1500
55092.837 + 88 1
55092.930 + 88 1
55095.000 # 1500
55097.000 # 1500
55099.179 + 88 1
55099.587 - 88 6.750 1
55099.627 - 88 6.697 1
55100.000 # 1500
55101.050 - 88 1.871 1
55103.000 # 1500
55105.000 # 1500
55107.880 + 88 1
55107.999 + 88 1
55108.000 # 1500
55112.792 + 88 1
55116.626 + 88 1
55119.000 # 1500
55119.551 + 88 1
55120.153 - 88 12.273 1
55120.214 - 88 12.215 1
55120.236 - 88 7.444 1
55120.246 - 88 3.620 1
55125.000 # 1500
55126.650 - 88 7.099 1
55129.000 # 1500
55129.000 # 1500
55129.000 # 1500
55130.000 # 1500
55130.639 + 88 1
55133.275 + 88 1
55133.310 + 88 1
55137.000 # 1500
55138.176 - 88 7.537 1
55138.217 - 88 4.942 1
55138.234 - 88 4.924 1
55144.000 # 1500
55144.000 # 1500
55144.171 + 88 1
55147.889 + 88 1
55148.000 # 1500
55148.253 - 88 4.082 1
55151.000 # 1500
55152.067 - 88 4.178 1
55152.240 + 88 1
55155.000 # 1500
55157.000 # 1500
55159.000 # 1500
55162.000 # 1500
55163.893 + 88 1
55164.000 # 1500
55164.003 + 88 1
55164.307 - 88 12.067 1
55167.000 # 1500
55167.699 - 88 3.806 1
55167.785 - 88 3.782 1
55168.000 # 1500
55173.637 + 88 1
55175.000 # 1500
55176.388 + 88 1
55176.423 - 88 2.786 1
55181.000 # 1500
55182.372 - 88 5.984 1
55184.000 # 1500
55186.000 # 1500
55187.111 + 88 1
55187.147 + 88 1
55189.000 # 1500
55190.333 - 88 3.222 1
55190.429 - 88 3.282 1
55191.000 # 1500
55192.000 # 1500
55192.405 + 88 1
55198.000 # 1500
55206.238 - 88 13.833 1
55206.265 + 88 1
55206.326 + 88 1
55212.032 + 88 1
55212.171 + 88 1
55215.000 # 1500
55215.000 # 1500
55216.000 # 1500
55216.024 - 88 9.759 1
55216.046 - 88 9.720 1
55216.055 - 88 4.023 1
55216.062 - 88 3.891 1
55217.822 + 88 1
55227.000 # 1500
55227.000 # 1500
55227.910 - 88 10.088 1
55229.530 + 88 1
55233.000 # 1500
55234.000 # 1500
55234.000 # 1500
55234.000 # 1500
55234.500 - 88 4.970 1
55236.000 # 1500
55242.249 + 88 1
55242.311 + 88 1
55245.000 # 1500
55245.000 # 1500
55245.000 # 1500
55246.000 # 1500
55246.000 # 1500
55246.158 - 88 3.909 1
55246.179 - 88 3.868 1
55248.000 # 1500
55256.856 + 88 1
55258.000 # 1500
55258.827 - 88 1.971 1
55259.154 + 88 1
55261.000 # 1500
55261.798 - 88 2.644 1
55264.000 # 1500
55264.000 # 1500
55264.000 # 1500
55268.000 # 1500
55271.000 # 1500
55273.000 # 1500
55275.465 + 88 1
55275.525 + 88 1
55276.000 # 1500
55277.000 # 1500
55277.389 - 88 1.924 1
55277.481 - 88 1.956 1
55284.000 # 1500
55288.000 # 1500
55288.150 + 88 1
55291.088 + 88 1
55298.000 # 1500
55298.937 - 88 10.787 1
55299.030 - 88 7.942 1
55302.000 # 1500
55306.621 + 88 1
55308.000 # 1500
55309.647 - 88 3.026 1
55314.000 # 1500
55318.000 # 1500
55319.375 + 88 1
55322.000 # 1500
55324.000 # 1500
55324.059 - 88 4.684 1
55326.000 # 1500
55328.000 # 1500
55331.000 # 1500
55331.694 + 88 1
55333.000 # 1500
55333.712 - 88 2.018 1
55334.000 # 1500
55336.000 # 1500
55338.000 # 1500
55339.537 + 88 1
55346.000 # 1500
55347.584 - 88 8.047 1
55349.259 + 88 1
55362.051 + 88 1
55365.000 # 1500
55365.000 # 1500
55365.000 # 1500
55366.016 - 88 16.757 1
55366.108 - 88 4.057 1
55378.613 + 88 1
55396.206 + 88 1
55404.096 + 88 1
55420.969 + 88 1
55434.000 # 1500
55434.064 + 88 1
55434.529 - 88 55.916 1
55434.628 - 88 38.422 1
55434.659 - 88 30.563 1
55434.668 - 88 13.699 1
55446.761 + 88 1
55462.418 + 88 1
55479.368 + 88 1
55494.091 + 88 1
55496.041 + 88 1
55510.945 + 88 1
55516.798 + 88 1
55526.867 + 88 1
55537.504 + 88 1
55545.501 + 88 1
55558.000 # 1500
55558.000 # 1500
55559.000 # 1500
55559.000 # 1500
55559.000 # 1500
55559.000 # 1500
55559.000 # 1500
55559.000 # 1500
55559.000 # 1500
55559.000 # 1500
55559.000 # 1500
55559.000 # 1500
55559.000 # 1500
55560.000 # 1500
55560.000 # 1500
55560.000 # 1500
55560.000 # 1500
55562.985 - 88 128.921 1
55563.088 - 88 116.327 1
55563.120 - 88 100.702 1
55563.129 - 88 83.761 1
55563.136 - 88 69.045 1
55563.143 - 88 67.102 1
55563.149 - 88 52.204 1
55563.155 - 88 46.357 1
55563.163 - 88 36.296 1
55563.170 - 88 25.666 1
55563.176 - 88 17.675 1
55575.403 + 88 1
55578.313 + 88 1
55582.000 # 1500
55583.429 - 88 8.026 1
55583.452 - 88 5.139 1
55590.438 + 88 1
55593.138 + 88 1
55597.856 + 88 1
55605.672 + 88 1
55611.764 + 88 1
55621.374 + 88 1
55622.000 # 1500
55623.353 - 88 32.915 1
55623.373 - 88 30.235 1
55623.381 - 88 25.525 1
55623.388 - 88 17.716 1
55623.395 - 88 11.631 1
55623.401 - 88 2.027 1
55631.064 + 88 1
55635.970 + 88 1
55636.107 + 88 1
55641.813 + 88 1
55648.675 + 88 1
55654.682 + 88 1
55658.422 + 88 1
55667.081 + 88 1
55676.570 + 88 1
55678.000 # 1500
55678.000 # 1500
55678.000 # 1500
55679.630 - 88 48.566 1
55679.654 - 88 43.684 1
55679.662 - 88 43.555 1
55679.669 - 88 37.856 1
55679.676 - 88 31.001 1
55679.682 - 88 25.000 1
55679.689 - 88 21.267 1
55679.695 - 88 12.614 1
55679.701 - 88 3.131 1
55681.000 # 1500
55684.000 # 1500
55684.000 # 1500
55684.000 # 1500
55684.000 # 1500
55684.000 # 1500
55684.000 # 1500
55684.000 # 1500
55684.441 + 88 1
55685.000 # 1500
55685.000 # 1500
55685.000 # 1500
55685.000 # 1500
55685.000 # 1500
55685.000 # 1500
55685.000 # 1500
55685.000 # 1500
55685.000 # 1500
55685.000 # 1500
55686.436 - 88 1.995 1
55693.165 + 88 1
55700.350 + 88 1
55712.883 + 88 1
55713.052 + 88 1
55717.632 + 88 1
55724.418 + 88 1
55737.124 + 88 1
55744.000 # 1500
55745.057 - 88 51.892 1
55745.083 - 88 44.733 1
55745.093 - 88 32.210 1
55745.100 - 88 32.048 1
55745.106 - 88 27.474 1
55745.113 - 88 20.695 1
55745.119 - 88 7.995 1
55755.000 # 1500
55762.000 # 1500
55764.000 # 1500
55768.350 + 88 1
55768.489 + 88 1
55768.539 + 88 1
55776.338 + 88 1
55780.000 # 1500
55781.116 - 88 12.766 1
55781.138 - 88 12.649 1
55781.146 - 88 12.607 1
55781.152 - 88 4.814 1
55783.246 + 88 1
55784.000 # 1500
55784.000 # 1500
55784.000 # 1500
55785.145 - 88 1.899 1
55792.000 # 1500
55792.868 + 88 1
55793.028 + 88 1
55806.790 + 88 1
55810.290 + 88 1
55816.125 + 88 1
55816.375 + 88 1
55824.000 # 1500
55825.043 - 88 32.175 1
55825.149 - 88 32.121 1
55825.189 - 88 18.399 1
55825.199 - 88 14.909 1
55825.208 - 88 9.083 1
55825.215 - 88 8.840 1
55828.114 + 88 1
55828.278 + 88 1
55835.000 # 1500
55835.910 - 88 7.796 1
55836.084 - 88 7.806 1
55838.788 + 88 1
55840.645 + 88 1
55845.000 # 1500
55846.617 - 88 7.829 1
55846.639 - 88 5.994 1
55853.544 + 88 1
55858.000 # 1500
55860.354 + 88 1
55860.419 - 88 6.875 1
55860.448 + 88 1
55866.899 + 88 1
55870.000 # 1500
55872.842 - 88 12.488 1
55872.868 - 88 12.420 1
55872.878 - 88 5.979 1
55876.206 + 88 1
55893.222 + 88 1
55893.391 + 88 1
55899.162 + 88 1
55899.327 + 88 1
55906.041 + 88 1
55909.000 # 1500
55909.980 - 88 33.774 1
55910.073 - 88 16.851 1
55910.094 - 88 16.703 1
55910.105 - 88 10.943 1
55910.113 - 88 10.786 1
55910.120 - 88 4.079 1
55914.727 + 88 1
55923.524 + 88 1
55925.000 # 1500
55926.769 - 88 12.042 1
55926.800 - 88 3.276 1
55932.525 + 88 1
55935.000 # 1500
55937.534 - 88 5.009 1
55940.516 + 88 1
55949.000 # 1500
55950.162 - 88 9.646 1
55953.289 + 88 1
55958.184 + 88 1
55967.857 + 88 1
55971.000 # 1500
55972.512 - 88 19.223 1
55972.655 - 88 14.471 1
55972.732 - 88 4.875 1
55985.000 # 1500
55989.655 + 88 1
55991.000 # 1500
55992.477 - 88 2.822 1
55998.000 # 1500
56005.592 + 88 1
56009.000 # 1500
56010.739 - 88 5.147 1
56014.414 + 88 1
56018.000 # 1500
56019.145 - 88 4.731 1
56027.108 + 88 1
56028.000 # 1500
56028.852 - 88 1.744 1
56038.826 + 88 1
56055.477 + 88 1
56065.206 + 88 1
56066.000 # 1500
56067.031 - 88 28.205 1
56067.155 - 88 11.678 1
56067.176 - 88 1.970 1
56071.994 + 88 1
56075.000 # 1500
56075.905 - 88 3.911 1
56078.908 + 88 1
56083.000 # 1500
56084.668 - 88 5.760 1
56092.000 # 1500
56092.995 + 88 1
56101.000 # 1500
56102.428 - 88 9.433 1
56102.839 + 88 1
56105.603 + 88 1
56114.011 + 88 1
56131.000 # 1500
56135.757 + 88 1
56135.796 + 88 1
56135.953 - 88 33.114 1
56136.068 - 88 30.465 1
56136.089 - 88 22.078 1
56143.000 # 1500
56143.728 - 88 7.971 1
56143.759 - 88 7.963 1
56154.000 # 1500
56156.685 + 88 1
56164.000 # 1500
56167.133 + 88 1
56167.290 - 88 10.605 1
56180.313 + 88 1
56182.000 # 1500
56183.121 - 88 15.988 1
56183.151 - 88 2.838 1
56190.050 + 88 1
56191.000 # 1500
56191.865 - 88 1.815 1
56197.000 # 1500
56202.817 + 88 1
56203.000 # 1500
56204.552 - 88 1.735 1
56210.000 # 1500
56216.460 + 88 1
56218.000 # 1500
56219.242 - 88 2.782 1
56224.000 # 1500
56229.111 + 88 1
56231.000 # 1500
56231.987 - 88 2.876 1
56234.083 + 88 1
56239.000 # 1500
56239.794 - 88 5.711 1
56247.000 # 1500
56251.649 + 88 1
56253.000 # 1500
56254.443 - 88 2.794 1
56261.000 # 1500
56261.346 + 88 1
56267.000 # 1500
56267.299 + 88 1
56267.463 - 88 6.117 1
56274.000 # 1500
56275.133 - 88 7.834 1
56281.000 # 1500
56287.000 # 1500
56287.857 + 88 1
56294.000 # 1500
56295.934 - 88 8.077 1
56300.030 + 88 1
56301.000 # 1500
56302.046 - 88 2.016 1
56304.896 + 88 1
56310.000 # 1500
56311.910 - 88 7.014 1
56315.000 # 1500
56316.763 + 88 1
56324.000 # 1500
56325.278 - 88 8.515 1
56332.000 # 1500
56337.000 # 1500
56342.428 + 88 1
56344.000 # 1500
56345.465 - 88 3.037 1
56352.000 # 1500
56355.120 + 88 1
56360.000 # 1500
56360.009 + 88 1
56360.161 - 88 5.041 1
56363.285 + 88 1
56369.000 # 1500
56370.759 + 88 1
56370.871 - 88 10.862 1
56370.986 - 88 7.701 1
56381.390 + 88 1
56389.335 + 88 1
56398.000 # 1500
56399.007 - 88 28.248 1
56399.036 - 88 17.646 1
56399.077 - 88 9.742 1
56399.430 + 88 1
56405.000 # 1500
56405.821 - 88 6.391 1
56409.746 + 88 1
56415.667 + 88 1
56416.000 # 1500
56417.432 - 88 7.686 1
56417.574 - 88 1.907 1
56419.547 + 88 1
56424.000 # 1500
56425.375 - 88 5.828 1
56431.000 # 1500
56438.000 # 1500
56441.061 + 88 1
56445.854 + 88 1
56446.000 # 1500
56447.697 - 88 6.636 1
56447.728 - 88 1.874 1
56455.686 + 88 1
56467.000 # 1500
56470.189 - 88 14.503 1
56470.448 + 88 1
56475.000 # 1500
56476.064 - 88 5.616 1
56481.000 # 1500
56489.000 # 1500
56495.000 # 1500
56498.678 + 88 1
56502.000 # 1500
56503.696 - 88 5.018 1
56509.000 # 1500
56515.267 + 88 1
56515.314 + 88 1
56523.000 # 1500
56524.069 - 88 8.802 1
56524.244 - 88 8.930 1
56524.513 + 88 1
56535.761 + 88 1
56535.804 + 88 1
56542.589 + 88 1
56545.000 # 1500
56546.524 - 88 22.011 1
56546.620 - 88 10.859 1
56546.642 - 88 10.838 1
56546.653 - 88 4.064 1
56552.000 # 1500
56559.212 + 88 1
56560.000 # 1500
56561.259 + 88 1
56561.483 - 88 2.271 1
56565.000 # 1500
56566.083 - 88 4.824 1
56571.000 # 1500
56576.000 # 1500
56583.000 # 1500
56590.523 + 88 1
56591.000 # 1500
56592.403 - 88 1.880 1
56596.000 # 1500
56602.000 # 1500
56602.121 + 88 1
56607.000 # 1500
56608.038 - 88 5.917 1
56610.964 + 88 1
56613.000 # 1500
56613.850 - 88 2.886 1
56618.000 # 1500
56620.874 + 88 1
56624.000 # 1500
56625.753 - 88 4.879 1
56629.000 # 1500
56635.506 + 88 1
56636.000 # 1500
56637.567 + 88 1
56637.832 - 88 2.326 1
56643.000 # 1500
56644.359 - 88 6.792 1
56649.000 # 1500
56656.000 # 1500
56660.907 + 88 1
56667.000 # 1500
56667.817 - 88 6.910 1
56672.000 # 1500
56678.000 # 1500
56684.000 # 1500
56684.391 + 88 1
56688.524 + 88 1
56690.000 # 1500
56691.594 - 88 7.203 1
56691.617 - 88 3.093 1
56697.000 # 1500
56697.274 + 88 1
56704.000 # 1500
56704.179 + 88 1
56704.514 - 88 7.240 1
56709.024 + 88 1
56710.000 # 1500
56711.032 - 88 6.853 1
56711.125 - 88 2.101 1
56716.000 # 1500
56721.828 + 88 1
56725.000 # 1500
56726.748 - 88 4.920 1
56732.000 # 1500
56736.464 + 88 1
56737.000 # 1500
56738.453 - 88 1.989 1
56744.000 # 1500
56744.197 + 88 1
56750.000 # 1500
56750.071 + 88 1
56750.407 - 88 6.210 1
56757.000 # 1500
56758.326 - 88 8.255 1
56763.000 # 1500
56764.327 + 88 1
56766.987 + 88 1
56768.000 # 1500
56769.001 - 88 4.674 1
56769.144 - 88 2.157 1
56775.000 # 1500
56780.000 # 1500
56785.000 # 1500
56791.000 # 1500
56797.000 # 1500
56803.000 # 1500
56808.000 # 1500
56815.000 # 1500
56818.879 + 88 1
56819.000 # 1500
56820.706 + 88 1
56821.131 - 88 2.252 1
56825.000 # 1500
56829.023 - 88 8.317 1
56829.122 + 88 1
56832.000 # 1500
56839.000 # 1500
56839.719 + 88 1
56839.786 - 88 10.664 1
56843.000 # 1500
56848.000 # 1500
56849.756 - 88 10.037 1
56849.934 + 88 1
56851.476 + 88 1
56855.000 # 1500
56860.509 - 88 10.575 1
56860.558 + 88 1
56860.560 - 88 9.084 1
56864.000 # 1500
56869.075 - 88 8.517 1
56869.235 + 88 1
56870.000 # 1500
56871.518 - 88 2.283 1
56875.000 # 1500
56878.398 + 88 1
56881.000 # 1500
56881.912 - 88 3.514 1
56885.020 + 88 1
56886.000 # 1500
56890.058 + 88 1
56890.121 - 88 5.101 1
56892.000 # 1500
56894.353 - 88 4.295 1
56896.114 + 88 1
56897.000 # 1500
56898.525 - 88 2.411 1
56903.000 # 1500
56909.000 # 1500
56915.000 # 1500
56920.000 # 1500
56926.000 # 1500
56932.000 # 1500
56936.230 + 88 1
56937.000 # 1500
56938.359 - 88 2.129 1
56943.000 # 1500
56945.331 + 88 1
56948.000 # 1500
56955.000 # 1500
56955.482 + 88 1
56955.546 + 88 1
56955.809 - 88 10.478 1
56956.226 + 88 1
56960.000 # 1500
56961.254 - 88 5.772 1
56961.351 - 88 5.805 1
56961.383 - 88 5.157 1
56966.000 # 1500
56968.715 + 88 1
56972.000 # 1500
56972.537 + 88 1
56973.120 - 88 4.405 1
56976.000 # 1500
56977.614 - 88 5.077 1
56983.000 # 1500
56988.231 + 88 1
56990.000 # 1500
56995.000 # 1500
56995.325 + 88 1
56995.535 - 88 7.304 1
57000.000 # 1500
57002.557 + 88 1
57002.592 - 88 7.267 1
57007.252 + 88 1
57013.131 + 88 1
57014.000 # 1500
57018.046 + 88 1
57018.317 - 88 15.760 1
57018.417 - 88 11.165 1
57018.449 - 88 5.318 1
57020.000 # 1500
57022.991 - 88 4.945 1
57026.000 # 1500
57027.774 + 88 1
57028.294 + 88 1
57028.432 + 88 1
57031.000 # 1500
57032.044 - 88 4.270 1
57032.067 - 88 3.773 1
57032.076 - 88 3.644 1
57038.000 # 1500
57040.374 + 88 1
57040.617 + 88 1
57042.657 + 88 1
57043.000 # 1500
57044.381 - 88 4.007 1
57044.399 - 88 3.782 1
57044.408 - 88 1.751 1
57047.253 + 88 1
57048.000 # 1500
57049.295 - 88 2.042 1
57051.515 + 88 1
57055.000 # 1500
57056.119 - 88 4.604 1
57057.149 + 88 1
57061.000 # 1500
57062.275 - 88 5.126 1
57067.000 # 1500
57067.068 + 88 1
57069.101 + 88 1
57072.000 # 1500
57073.381 - 88 6.313 1
57073.405 - 88 4.304 1
57075.910 + 88 1
57082.000 # 1500
57082.829 - 88 6.919 1
57089.521 + 88 1
57095.372 + 88 1
57100.000 # 1500
57101.375 - 88 11.854 1
57101.403 - 88 6.031 1
57105.132 + 88 1
57112.000 # 1500
57113.512 - 88 8.380 1
57115.343 + 88 1
57118.000 # 1500
57119.288 + 88 1
57119.508 - 88 4.165 1
57122.000 # 1500
57122.659 + 88 1
57123.201 - 88 3.913 1
57125.000 # 1500
57125.590 - 88 2.931 1
57128.000 # 1500
57131.239 + 88 1
57133.000 # 1500
57134.244 - 88 3.005 1
57136.000 # 1500
57139.000 # 1500
57140.991 + 88 1
57146.000 # 1500
57147.015 - 88 6.024 1
57152.000 # 1500
57157.000 # 1500
57158.543 + 88 1
57164.000 # 1500
57166.549 - 88 8.006 1
57167.000 # 1500
57171.000 # 1500
57175.000 # 1500
57178.349 + 88 1
57181.000 # 1500
57181.226 + 88 1
57181.671 - 88 3.322 1
57185.000 # 1500
57189.043 - 88 7.817 1
57189.353 + 88 1
57189.488 + 88 1
57190.000 # 1500
57190.930 - 88 1.577 1
57190.957 - 88 1.469 1
57195.000 # 1500
57196.634 + 88 1
57199.000 # 1500
57200.747 - 88 4.113 1
57203.000 # 1500
57206.000 # 1500
57207.713 + 88 1
57210.000 # 1500
57210.325 + 88 1
57210.695 - 88 2.982 1
57214.000 # 1500
57215.180 + 88 1
57215.375 - 88 5.050 1
57218.000 # 1500
57219.224 - 88 4.044 1
57222.000 # 1500
57229.000 # 1500
57229.837 + 88 1
57233.000 # 1500
57233.914 - 88 4.077 1
57239.000 # 1500
57242.000 # 1500
57246.000 # 1500
57249.046 + 88 1
57250.000 # 1500
57251.031 + 88 1
57251.280 - 88 2.234 1
57253.000 # 1500
57254.282 - 88 3.251 1
57257.000 # 1500
57261.000 # 1500
57262.915 + 88 1
57263.000 # 1500
57268.000 # 1500
57270.000 # 1500
57275.580 + 88 1
57275.638 + 88 1
57275.905 - 88 12.990 1
57276.000 # 1500
57277.718 - 88 2.138 1
57277.785 - 88 2.147 1
57279.000 # 1500
57281.401 + 88 1
57283.000 # 1500
57284.418 - 88 3.017 1
57285.000 # 1500
57285.642 + 88 1
57288.000 # 1500
57288.367 - 88 2.725 1
57290.272 + 88 1
57291.000 # 1500
57292.342 - 88 2.070 1
57293.000 # 1500
57296.000 # 1500
57299.000 # 1500
57301.000 # 1500
57303.931 + 88 1
57304.000 # 1500
57304.072 + 88 1
57304.593 + 88 1
57307.000 # 1500
57308.886 - 88 4.955 1
57308.954 - 88 4.882 1
57308.974 - 88 4.381 1
57311.000 # 1500
57314.000 # 1500
57316.109 + 88 1
57316.250 + 88 1
57317.000 # 1500
57317.700 - 88 1.591 1
57317.725 - 88 1.475 1
57321.443 + 88 1
57322.000 # 1500
57323.151 - 88 1.708 1
57325.000 # 1500
57325.449 + 88 1
57328.000 # 1500
57329.443 - 88 3.994 1
57330.294 + 88 1
57331.000 # 1500
57332.263 - 88 1.969 1
57334.000 # 1500
57334.294 + 88 1
57337.000 # 1500
57337.134 + 88 1
57337.548 - 88 3.254 1
57340.000 # 1500
57342.000 # 1500
57345.000 # 1500
57346.240 - 88 9.106 1
57347.280 + 88 1
57347.439 + 88 1
57348.000 # 1500
57349.373 - 88 2.093 1
57349.406 + 88 1
57349.484 - 88 2.045 1
57354.000 # 1500
57354.252 + 88 1
57354.659 - 88 5.253 1
57356.000 # 1500
57357.196 + 88 1
57357.256 - 88 3.004 1
57359.000 # 1500
57360.058 - 88 2.862 1
57363.000 # 1500
57366.000 # 1500
57366.997 + 88 1
57368.000 # 1500
57368.888 - 88 1.891 1
57371.000 # 1500
57372.828 + 88 1
57374.000 # 1500
57375.739 - 88 2.911 1
57378.000 # 1500
57381.000 # 1500
57389.342 + 88 1
57389.484 + 88 1
57389.651 + 88 1
57392.000 # 1500
57393.000 # 1500
57393.681 - 88 4.339 1
57393.710 - 88 4.226 1
57393.718 - 88 4.067 1
57394.000 # 1500
57397.000 # 1500
57400.000 # 1500
57401.189 + 88 1
57402.000 # 1500
57402.967 - 88 1.778 1
57406.000 # 1500
57406.882 + 88 1
57411.000 # 1500
57411.949 - 88 5.067 1
57413.763 + 88 1
57415.000 # 1500
57415.086 + 88 1
57415.138 + 88 1
57415.357 - 88 1.594 1
57418.000 # 1500
57418.746 - 88 3.660 1
57418.768 - 88 3.630 1
57420.000 # 1500
57423.000 # 1500
57426.000 # 1500
57429.000 # 1500
57429.726 + 88 1
57429.784 + 88 1
57429.832 + 88 1
57433.000 # 1500
57433.237 + 88 1
57433.616 - 88 3.890 1
57433.638 - 88 3.854 1
57433.646 - 88 3.814 1
57436.000 # 1500
57437.249 - 88 4.012 1
57440.000 # 1500
57442.000 # 1500
57443.000 # 1500
57444.250 + 88 1
57445.000 # 1500
57445.890 - 88 1.640 1
57447.000 # 1500
57448.946 + 88 1
57449.000 # 1500
57449.692 + 88 1
57451.000 # 1500
57452.700 - 88 3.754 1
57452.735 - 88 3.043 1
57453.792 + 88 1
57454.000 # 1500
57455.747 - 88 1.955 1
57456.000 # 1500
57458.000 # 1500
57462.000 # 1500
57462.883 + 88 1
57464.000 # 1500
57464.240 + 88 1
57464.617 - 88 1.734 1
57466.000 # 1500
57467.600 - 88 3.360 1
57468.000 # 1500
57470.000 # 1500
57472.000 # 1500
57474.000 # 1500
57476.000 # 1500
57478.000 # 1500
57479.122 + 88 1
57480.000 # 1500
57480.830 - 88 1.708 1
57490.000 # 1500
57491.000 # 1500
57491.227 + 88 1
57491.366 + 88 1
57496.034 + 88 1
57500.645 + 88 1
57500.708 + 88 1
57504.000 # 1500
57504.000 # 1500
57504.000 # 1500
57504.000 # 1500
57504.000 # 1500
57505.000 # 1500
57505.000 # 1500
57505.448 - 88 14.221 1
57505.478 - 88 14.112 1
57505.494 - 88 9.460 1
57505.603 - 88 4.958 1
57505.621 - 88 4.913 1
57506.000 # 1500
57507.594 + 88 1
57509.000 # 1500
57510.350 - 88 2.756 1
57512.000 # 1500
57514.342 + 88 1
57514.404 + 88 1
57516.243 + 88 1
57524.000 # 1500
57524.000 # 1500
57524.000 # 1500
57524.000 # 1500
57525.000 # 1500
57525.521 - 88 11.179 1
57525.543 - 88 11.139 1
57525.551 - 88 9.308 1
57526.522 + 88 1
57528.000 # 1500
57529.496 - 88 2.974 1
57532.342 + 88 1
57535.115 + 88 1
57538.000 # 1500
57539.213 - 88 6.871 1
57539.234 - 88 4.119 1
57543.910 + 88 1
57544.000 # 1500
57544.000 # 1500
57544.000 # 1500
57544.144 - 88 0.234 1
57546.874 + 88 1
57547.000 # 1500
57547.077 - 88 0.203 1
57547.123 + 88 1
57549.818 + 88 1
57552.000 # 1500
57553.834 - 88 6.711 1
57553.851 - 88 4.033 1
57556.000 # 1500
57556.711 + 88 1
57559.000 # 1500
57560.581 - 88 3.870 1
57565.634 + 88 1
57569.472 + 88 1
57571.000 # 1500
57572.000 # 1500
57572.000 # 1500
57572.000 # 1500
57572.802 - 88 7.168 1
57572.824 - 88 3.352 1
57574.000 # 1500
57575.000 # 1500
57576.177 + 88 1
57577.000 # 1500
57578.286 - 88 2.109 1
57579.000 # 1500
57581.000 # 1500
57583.000 # 1500
57593.784 + 88 1
57595.728 + 88 1
57597.695 + 88 1
57597.782 + 88 1
57604.000 # 1500
57604.000 # 1500
57604.000 # 1500
57604.000 # 1500
57604.000 # 1500
57604.000 # 1500
57604.000 # 1500
57605.659 - 88 11.875 1
57605.690 - 88 9.962 1
57605.698 - 88 8.003 1
57605.705 - 88 7.923 1
57605.915 + 88 1
57606.000 # 1500
57606.110 + 88 1
57606.380 - 88 0.465 1
57608.000 # 1500
57608.584 - 88 2.474 1
57613.000 # 1500
57615.000 # 1500
57615.935 + 88 1
57616.000 # 1500
57616.201 + 88 1
57618.000 # 1500
57618.678 - 88 2.743 1
57618.697 - 88 2.496 1
57621.000 # 1500
57622.465 + 88 1
57623.000 # 1500
57624.577 - 88 2.112 1
57625.000 # 1500
57626.364 + 88 1
57626.541 + 88 1
57633.699 + 88 1
57636.000 # 1500
57638.000 # 1500
57638.751 - 88 12.387 1
57638.771 - 88 12.230 1
57638.779 - 88 5.080 1
57638.810 + 88 1
57639.000 # 1500
57639.000 # 1500
57640.762 - 88 1.952 1
57649.398 + 88 1
57653.301 + 88 1
57655.340 + 88 1
57657.000 # 1500
57657.000 # 1500
57658.357 - 88 8.959 1
57658.379 - 88 5.078 1
57658.388 - 88 3.048 1
57662.000 # 1500
57664.000 # 1500
57665.000 # 1500
57669.000 # 1500
57679.000 # 1500
57682.431 + 88 1
57685.949 + 88 1
57694.949 + 88 1
57700.721 + 88 1
57704.630 + 88 1
57704.683 + 88 1
57717.215 + 88 1
57724.115 + 88 1
57745.000 # 1500
57745.000 # 1500
57745.708 - 88 63.277 1
57745.807 - 88 59.858 1
57745.838 - 88 50.889 1
57745.848 - 88 45.127 1
57745.856 - 88 41.226 1
57745.863 - 88 41.180 1
57745.869 - 88 28.654 1
57745.876 - 88 21.761 1
57750.478 + 88 1
57750.617 + 88 1
57761.399 + 88 1
57773.843 + 88 1
57774.332 + 88 1
57791.537 + 88 1
57791.593 + 88 1
57795.420 + 88 1
57798.296 + 88 1
57805.000 # 1500
57806.209 - 88 55.731 1
57806.312 - 88 55.695 1
57806.343 - 88 44.944 1
57806.354 - 88 32.511 1
57806.361 - 88 32.029 1
57806.368 - 88 14.831 1
57806.375 - 88 14.782 1
57806.381 - 88 10.961 1
57806.387 - 88 8.091 1
57813.068 + 88 1
57814.000 # 1500
57814.977 - 88 1.909 1
57815.932 + 88 1
57819.000 # 1500
57819.876 - 88 3.944 1
57820.234 + 88 1
57822.000 # 1500
57823.000 # 1500
57823.814 - 88 3.580 1
57827.560 + 88 1
57830.580 + 88 1
57836.000 # 1500
57836.000 # 1500
57837.739 + 88 1
57837.812 - 88 10.252 1
57837.832 - 88 7.252 1
57838.000 # 1500
57839.803 - 88 2.064 1
57842.318 + 88 1
57851.089 + 88 1
57855.000 # 1500
57855.000 # 1500
57855.000 # 1500
57855.000 # 1500
57855.000 # 1500
57856.000 # 1500
57856.000 # 1500
57856.000 # 1500
57856.000 # 1500
57856.000 # 1500
57856.000 # 1500
57856.000 # 1500
57856.000 # 1500
57856.000 # 1500
57856.000 # 1500
57857.000 # 1500
57857.000 # 1500
57857.000 # 1500
57857.000 # 1500
57857.000 # 1500
57857.000 # 1500
57857.000 # 1500
57857.000 # 1500
57857.000 # 1500
57857.084 - 88 14.766 1
57857.105 - 88 6.016 1
57858.000 # 1500
57862.090 + 88 1
57866.723 + 88 1
57876.470 + 88 1
57879.490 + 88 1
57890.238 + 88 1
57892.176 + 88 1
57895.096 + 88 1
57905.282 + 88 1
57911.102 + 88 1
57924.810 + 88 1
57924.954 + 88 1
57929.797 + 88 1
57940.339 + 88 1
57950.130 + 88 1
57954.000 # 1500
57956.086 - 88 93.996 1
57956.188 - 88 89.465 1
57956.219 - 88 79.749 1
57956.229 - 88 76.739 1
57956.237 - 88 65.999 1
57956.244 - 88 64.068 1
57956.250 - 88 61.154 1
57956.257 - 88 50.975 1
57956.263 - 88 45.161 1
57956.271 - 88 31.461 1
57956.277 - 88 31.323 1
57956.284 - 88 26.487 1
57956.290 - 88 15.951 1
57956.297 - 88 6.167 1
57969.000 # 1500
57978.495 + 88 1
57978.637 + 88 1
57978.852 + 88 1
57979.000 # 1500
57979.305 - 88 0.810 1
57979.328 - 88 0.691 1
57990.000 # 1500
57991.300 - 88 12.448 1
57992.206 + 88 1
57995.033 + 88 1
57999.977 + 88 1
58012.194 + 88 1
58016.166 + 88 1
58016.304 + 88 1
58021.971 + 88 1
58032.132 + 88 1
58037.607 + 88 1
58041.000 # 1500
58042.672 - 88 50.466 1
58042.702 - 88 47.669 1
58042.711 - 88 42.734 1
58042.718 - 88 30.524 1
58042.725 - 88 26.559 1
58042.732 - 88 26.428 1
58042.738 - 88 20.767 1
58042.744 - 88 10.612 1
58042.750 - 88 5.143 1
58049.671 + 88 1
58053.272 + 88 1
58056.263 + 88 1
58066.021 + 88 1
58068.000 # 1500
58068.919 - 88 19.248 1
58068.939 - 88 15.667 1
58068.947 - 88 12.684 1
58068.954 - 88 2.933 1
58083.938 + 88 1
58091.466 + 88 1
58091.530 + 88 1
58092.000 # 1500
58093.416 - 88 9.478 1
58093.439 - 88 1.973 1
58093.449 - 88 1.919 1
58095.317 + 88 1
58095.455 + 88 1
58098.185 + 88 1
58111.000 # 1500
58111.826 + 88 1
58112.323 - 88 17.006 1
58112.348 - 88 16.893 1
58112.357 - 88 14.172 1
58112.398 + 88 1
58112.457 + 88 1
58117.980 + 88 1
58122.576 + 88 1
58136.000 # 1500
58136.207 + 88 1
58136.346 + 88 1
58136.628 - 88 24.802 1
58136.720 - 88 24.322 1
58136.789 - 88 24.332 1
58136.807 - 88 18.827 1
58136.816 - 88 14.240 1
58146.035 + 88 1
58146.173 + 88 1
58154.821 + 88 1
58158.000 # 1500
58158.761 - 88 22.554 1
58158.867 - 88 22.521 1
58158.905 - 88 12.870 1
58158.916 - 88 12.743 1
58158.924 - 88 4.103 1
58159.143 + 88 1
58160.755 + 88 1
58171.839 + 88 1
58172.000 # 1500
58172.114 - 88 12.971 1
58172.147 - 88 11.392 1
58177.474 + 88 1
58180.447 + 88 1
58184.308 + 88 1
58196.021 + 88 1
58200.007 + 88 1
58201.987 + 88 1
58213.675 + 88 1
58217.638 + 88 1
58228.330 + 88 1
58252.702 + 88 1
58254.726 + 88 1
58254.778 + 88 1
58262.000 # 1500
58263.000 # 1500
58263.000 # 1500
58263.000 # 1500
58263.402 - 88 91.563 1
58263.532 - 88 86.058 1
58263.554 - 88 83.107 1
58263.571 - 88 79.263 1
58263.585 - 88 67.564 1
58263.599 - 88 63.592 1
58263.612 - 88 61.625 1
58263.625 - 88 49.950 1
58263.639 - 88 46.001 1
58263.756 + 88 1
58263.774 - 88 35.444 1
58263.793 - 88 11.091 1
58263.807 - 88 9.081 1
58263.815 + 88 1
58263.821 - 88 9.043 1
58265.000 # 1500
58266.461 - 88 2.705 1
58266.482 - 88 2.667 1
58266.569 + 88 1
58272.232 + 88 1
58281.195 + 88 1
58281.332 + 88 1
58284.000 # 1500
58285.094 - 88 18.525 1
58285.122 - 88 12.890 1
58285.138 - 88 3.943 1
58285.152 - 88 3.820 1
58288.298 + 88 1
58291.000 # 1500
58291.967 - 88 3.669 1
58293.867 + 88 1
58296.158 + 88 1
58298.000 # 1500
58298.973 - 88 5.106 1
58298.995 - 88 2.837 1
58307.000 # 1500
58309.356 + 88 1
58309.497 + 88 1
58312.277 + 88 1
58317.000 # 1500
58319.164 - 88 9.808 1
58319.184 - 88 9.687 1
58319.192 - 88 6.915 1
58322.089 + 88 1
58322.224 + 88 1
58325.000 # 1500
58333.295 + 88 1
58333.548 - 88 11.459 1
58333.578 - 88 11.354 1
58335.143 + 88 1
58335.278 + 88 1
58336.000 # 1500
58337.362 - 88 4.067 1
58337.393 - 88 2.250 1
58337.401 - 88 2.123 1
58347.000 # 1500
58352.942 + 88 1
58353.084 + 88 1
58354.990 + 88 1
58357.000 # 1500
58357.888 - 88 4.946 1
58357.908 - 88 4.824 1
58357.917 - 88 2.927 1
58361.757 + 88 1
58361.817 + 88 1
58368.000 # 1500
58369.682 - 88 7.925 1
58369.704 - 88 7.887 1
58376.000 # 1500
58386.000 # 1500
58388.194 + 88 1
58388.331 + 88 1
58391.332 + 88 1
58394.037 + 88 1
58397.000 # 1500
58398.022 - 88 9.828 1
58398.044 - 88 9.713 1
58398.053 - 88 6.721 1
58398.117 - 88 4.080 1
58398.670 + 88 1
58404.793 + 88 1
58408.000 # 1500
58408.790 - 88 10.120 1
58408.813 - 88 4.020 1
58416.465 + 88 1
58418.000 # 1500
58419.582 - 88 3.117 1
58421.422 + 88 1
58425.190 + 88 1
58427.000 # 1500
58428.200 - 88 6.778 1
58428.222 - 88 3.032 1
58436.000 # 1500
58436.827 + 88 1
58441.777 + 88 1
58442.859 + 88 1
58445.000 # 1500
58445.783 - 88 8.956 1
58445.806 - 88 4.029 1
58445.814 - 88 2.955 1
58453.388 + 88 1
58455.412 + 88 1
58456.000 # 1500
58457.303 - 88 3.915 1
58457.323 - 88 1.911 1
58465.000 # 1500
58465.095 + 88 1
58465.239 + 88 1
58475.896 + 88 1
58477.000 # 1500
58477.846 - 88 12.751 1
58477.882 - 88 12.643 1
58477.900 - 88 2.004 1
58486.000 # 1500
58496.000 # 1500
58497.488 + 88 1
58501.373 + 88 1
58505.000 # 1500
58507.184 - 88 9.696 1
58507.288 - 88 5.915 1
58515.000 # 1500
58516.458 + 88 1
58516.600 + 88 1
58524.000 # 1500
58525.036 - 88 8.578 1
58525.133 - 88 8.533 1
58525.377 + 88 1
58529.908 + 88 1
58534.000 # 1500
58534.804 - 88 9.427 1
58534.898 - 88 4.990 1
58535.142 + 88 1
58535.281 + 88 1
58544.000 # 1500
58545.562 - 88 10.420 1
58545.778 - 88 10.497 1
58545.936 + 88 1
58545.996 + 88 1
58555.000 # 1500
58555.372 + 88 1
58555.466 - 88 9.530 1
58555.502 - 88 9.506 1
58555.561 + 88 1
58555.691 + 88 1
58560.167 + 88 1
58564.000 # 1500
58565.014 - 88 9.642 1
58565.108 - 88 9.547 1
58565.138 - 88 9.447 1
58565.146 - 88 4.979 1
58572.908 + 88 1
58573.000 # 1500
58574.169 + 88 1
58580.007 + 88 1
58582.000 # 1500
58582.604 - 88 9.696 1
58582.696 - 88 8.527 1
58582.717 - 88 2.710 1
58592.000 # 1500
58596.422 + 88 1
58596.562 + 88 1
58604.000 # 1500
58606.055 - 88 9.633 1
58606.199 - 88 9.637 1
58606.217 + 88 1
58610.957 + 88 1
58625.154 + 88 1
58626.983 + 88 1
58630.054 + 88 1
58631.000 # 1500
58631.813 - 88 25.596 1
58631.907 - 88 20.950 1
58631.937 - 88 6.783 1
58631.947 - 88 4.964 1
58631.955 - 88 1.901 1
58639.670 + 88 1
58644.000 # 1500
58645.598 - 88 5.928 1
58645.741 + 88 1
58651.000 # 1500
58653.408 - 88 7.667 1
58655.331 + 88 1
58659.000 # 1500
58659.213 + 88 1
58659.518 - 88 4.187 1
58666.050 + 88 1
58670.000 # 1500
58670.907 + 88 1
58671.342 - 88 12.129 1
58671.377 - 88 5.327 1
58675.778 + 88 1
58681.000 # 1500
58681.631 - 88 10.724 1
58681.768 + 88 1
58682.005 - 88 6.227 1
58691.399 + 88 1
58692.000 # 1500
58693.299 - 88 11.531 1
58693.394 - 88 1.995 1
58696.652 + 88 1
58704.000 # 1500
58705.315 - 88 8.663 1
58712.311 + 88 1
58712.421 + 88 1
58712.455 + 88 1
58714.000 # 1500
58715.069 - 88 2.758 1
58715.107 - 88 2.686 1
58715.123 - 88 2.668 1
58717.209 + 88 1
58723.186 + 88 1
58726.000 # 1500
58726.881 - 88 9.672 1
58726.922 - 88 3.736 1
58730.835 + 88 1
58745.000 # 1500
58750.538 + 88 1
58750.575 + 88 1
58750.808 - 88 19.973 1
58755.297 + 88 1
58763.900 + 88 1
58770.811 + 88 1
58775.000 # 1500
58778.079 - 88 27.541 1
58778.118 - 88 27.543 1
58778.135 - 88 22.838 1
58778.143 - 88 14.243 1
58778.144 + 88 1
58778.151 - 88 7.340 1
58779.633 + 88 1
58785.000 # 1500
58788.057 - 88 9.913 1
58788.079 - 88 8.446 1
58792.828 + 88 1
58795.000 # 1500
58795.809 - 88 2.981 1
58797.856 + 88 1
58812.418 + 88 1
58814.000 # 1500
58815.431 - 88 17.575 1
58815.459 - 88 3.041 1
58825.000 # 1500
58825.241 + 88 1
58834.860 + 88 1
58843.659 + 88 1
58843.805 + 88 1
58849.636 + 88 1
58851.000 # 1500
58851.561 + 88 1
58851.824 - 88 26.583 1
58851.922 - 88 17.062 1
58851.953 - 88 8.294 1
58851.963 - 88 8.158 1
58851.970 - 88 2.334 1
58854.661 + 88 1
58871.155 + 88 1
58872.000 # 1500
58873.213 - 88 21.652 1
58873.306 - 88 18.645 1
58873.384 - 88 2.229 1
58885.000 # 1500
58899.630 + 88 1
58901.603 + 88 1
58901.697 + 88 1
58904.581 + 88 1
58910.000 # 1500
58911.496 - 88 11.866 1
58911.591 - 88 9.988 1
58911.623 - 88 9.926 1
58911.633 - 88 7.052 1
58914.517 + 88 1
58919.291 + 88 1
58935.639 + 88 1
58936.000 # 1500
58937.573 - 88 23.056 1
58937.671 - 88 18.380 1
58937.702 - 88 2.063 1
58945.382 + 88 1
58954.000 # 1500
58955.227 - 88 9.845 1
58957.132 + 88 1
58962.021 + 88 1
58966.008 + 88 1
58969.000 # 1500
58969.688 - 88 12.556 1
58969.789 - 88 7.768 1
58969.821 - 88 3.813 1
58977.838 + 88 1
58986.452 + 88 1
59005.862 + 88 1
59056.713 + 88 1
59066.494 + 88 1
59072.260 + 88 1
59100.484 + 88 1
59100.635 + 88 1
59100.689 + 88 1
59115.000 # 1500
59116.126 - 88 138.288 1
59116.174 + 88 1
59116.226 - 88 129.774 1
59116.240 + 88 1
59116.249 - 88 110.387 1
59116.258 - 88 59.545 1
59116.265 - 88 49.771 1
59116.272 - 88 44.012 1
59116.279 - 88 15.795 1
59116.287 - 88 15.652 1
59116.290 + 88 1
59116.293 - 88 15.604 1
59117.998 + 88 1
59135.085 + 88 1
59135.241 + 88 1
59139.988 + 88 1
59147.819 + 88 1
59153.636 + 88 1
59175.000 # 1500
59176.125 - 88 59.951 1
59176.155 - 88 59.915 1
59176.267 - 88 59.977 1
59176.338 - 88 58.340 1
59176.362 - 88 41.277 1
59176.523 - 88 41.282 1
59176.556 - 88 36.568 1
59176.574 - 88 28.755 1
59176.588 - 88 22.952 1
59178.000 # 1500
59179.000 # 1500
59179.087 + 88 1
59181.000 # 1500
59181.941 - 88 2.854 1
59184.923 + 88 1
59192.352 + 88 1
59199.000 # 1500
59200.866 - 88 15.943 1
59200.896 - 88 8.544 1
59201.231 + 88 1
59201.357 + 88 1
59202.000 # 1500
59203.330 - 88 2.099 1
59203.361 - 88 2.004 1
59206.000 # 1500
59206.426 + 88 1
59208.000 # 1500
59209.168 - 88 2.742 1
59212.224 + 88 1
59216.000 # 1500
59216.279 + 88 1
59216.688 - 88 4.464 1
59226.090 + 88 1
59241.000 # 1500
59242.448 - 88 26.169 1
59242.478 - 88 16.388 1
59242.725 + 88 1
59247.453 + 88 1
59248.743 + 88 1
59259.000 # 1500
59260.990 - 88 18.265 1
59261.072 - 88 13.619 1
59261.097 - 88 12.354 1
59269.000 # 1500
59269.179 + 88 1
59272.148 + 88 1
59284.000 # 1500
59284.782 - 88 15.603 1
59284.933 - 88 12.785 1
59285.140 + 88 1
59291.000 # 1500
59291.777 - 88 6.637 1
59302.000 # 1500
59304.133 + 88 1
59310.000 # 1500
59310.581 - 88 6.448 1
59318.466 + 88 1
59321.000 # 1500
59322.249 - 88 3.783 1
59328.111 + 88 1
59329.000 # 1500
59330.050 - 88 1.939 1
59335.000 # 1500
59338.983 + 88 1
59339.000 # 1500
59343.000 # 1500
59343.774 - 88 4.791 1
59345.000 # 1500
59349.724 + 88 1
59351.000 # 1500
59352.562 - 88 2.838 1
59356.000 # 1500
59360.453 + 88 1
59362.000 # 1500
59363.462 - 88 3.009 1
59367.278 + 88 1
59371.000 # 1500
59372.157 - 88 4.879 1
59374.998 + 88 1
59375.000 # 1500
59379.000 # 1500
59380.859 - 88 5.861 1
59383.000 # 1500
59386.000 # 1500
59390.685 + 88 1
59391.000 # 1500
59392.562 - 88 1.877 1
59393.577 + 88 1
59398.000 # 1500
59400.518 - 88 6.941 1
59400.844 + 88 1
59406.261 + 88 1
59411.134 + 88 1
59415.000 # 1500
59416.212 - 88 15.368 1
59416.336 - 88 10.075 1
59416.407 - 88 5.273 1
59416.668 + 88 1
59421.000 # 1500
59422.872 - 88 6.204 1
59423.992 + 88 1
59427.810 + 88 1
59434.000 # 1500
59435.000 # 1500
59435.890 - 88 11.898 1
59435.985 - 88 8.175 1
59438.638 + 88 1
59440.692 + 88 1
59446.000 # 1500
59448.466 - 88 9.828 1
59448.559 - 88 7.867 1
59450.355 + 88 1
59452.000 # 1500
59453.423 - 88 3.068 1
59456.000 # 1500
59456.303 + 88 1
59459.000 # 1500
59459.361 + 88 1
59459.708 - 88 3.405 1
59464.000 # 1500
59465.384 - 88 6.023 1
59465.711 + 88 1
59478.000 # 1500
59480.917 - 88 15.206 1
59481.044 + 88 1
59489.000 # 1500
59489.597 - 88 8.553 1
59495.363 + 88 1
59496.000 # 1500
59496.000 # 1500
59497.517 - 88 2.154 1
59500.000 # 1500
59503.000 # 1500
59503.143 + 88 1
59510.000 # 1500
59510.000 # 1500
59510.728 - 88 7.585 1
59511.061 + 88 1
59517.337 + 88 1
59525.197 + 88 1
59529.084 + 88 1
59536.116 + 88 1
59550.000 # 1500
59550.989 - 88 39.928 1
59551.085 - 88 33.748 1
59551.117 - 88 25.920 1
59551.126 - 88 22.042 1
59551.133 - 88 15.017 1
59569.000 # 1500
59573.000 # 1500
59580.140 + 88 1
59583.000 # 1500
59584.147 - 88 4.007 1
59590.000 # 1500
59606.490 + 88 1
59618.000 # 1500
59619.329 - 88 12.839 1
59619.796 + 88 1
59624.000 # 1500
59626.211 - 88 6.415 1
59626.638 + 88 1
59631.000 # 1500
59633.017 - 88 6.379 1
59634.777 + 88 1
59637.000 # 1500
59638.901 - 88 4.124 1
59644.000 # 1500
59661.188 + 88 1
59666.114 + 88 1
59670.901 + 88 1
59676.159 + 88 1
59682.658 + 88 1
59689.958 + 88 1
59692.673 + 88 1
59700.499 + 88 1
59707.342 + 88 1
59711.304 + 88 1
59718.107 + 88 1
59726.000 # 1500
59727.141 - 88 65.953 1
59727.165 - 88 61.051 1
59727.248 - 88 56.347 1
59727.279 - 88 51.120 1
59727.290 - 88 44.632 1
59727.298 - 88 37.340 1
59727.305 - 88 34.632 1
59727.312 - 88 26.813 1
59727.319 - 88 19.977 1
59727.325 - 88 16.021 1
59727.332 - 88 9.225 1
59728.805 + 88 1
59729.000 # 1500
59730.928 - 88 2.123 1
59733.000 # 1500
59736.000 # 1500
59736.000 # 1500
59737.000 # 1500
59739.000 # 1500
59740.583 + 88 1
59749.000 # 1500
59749.000 # 1500
59749.000 # 1500
59749.000 # 1500
59749.000 # 1500
59749.000 # 1500
59750.576 - 88 9.993 1
59753.000 # 1500
59755.654 + 88 1
59757.000 # 1500
59758.266 - 88 2.612 1
59759.000 # 1500
59760.000 # 1500
59763.000 # 1500
59765.000 # 1500
59771.821 + 88 1
59775.000 # 1500
59775.972 - 88 4.151 1
59776.000 # 1500
59776.000 # 1500
59777.000 # 1500
59781.000 # 1500
59784.634 + 88 1
59786.639 + 88 1
59791.000 # 1500
59792.475 - 88 7.841 1
59792.501 - 88 5.862 1
59798.000 # 1500
59800.000 # 1500
59801.000 # 1500
59801.000 # 1500
59801.581 + 88 1
59805.000 # 1500
59806.075 - 88 4.494 1
59812.774 + 88 1
59818.000 # 1500
59818.000 # 1500
59818.000 # 1500
59818.722 - 88 5.948 1
59818.862 + 88 1
59826.000 # 1500
59826.000 # 1500
59826.000 # 1500
59827.440 - 88 8.578 1
59829.000 # 1500
59832.000 # 1500
59834.182 + 88 1
59835.000 # 1500
59836.171 - 88 1.989 1
59837.000 # 1500
59841.000 # 1500
59843.000 # 1500
59845.000 # 1500
59848.000 # 1500
59850.842 + 88 1
59851.000 # 1500
59855.000 # 1500
59855.795 - 88 4.953 1
59857.000 # 1500
59862.000 # 1500
59866.425 + 88 1
59867.000 # 1500
59868.385 - 88 1.960 1
59869.000 # 1500
59873.000 # 1500
59877.000 # 1500
59880.000 # 1500
59882.108 + 88 1
59885.000 # 1500
59886.190 - 88 4.082 1
59888.000 # 1500
59891.000 # 1500
59893.837 + 88 1
59894.000 # 1500
59897.000 # 1500
59897.841 - 88 4.004 1
59901.000 # 1500
59903.621 + 88 1
59904.000 # 1500
59905.619 - 88 1.998 1
59906.000 # 1500
59909.000 # 1500
59913.340 + 88 1
59914.000 # 1500
59915.385 - 88 2.045 1
59917.000 # 1500
59923.000 # 1500
59926.000 # 1500
59926.085 + 88 1
59928.000 # 1500
59929.088 - 88 3.003 1
59933.000 # 1500
59935.000 # 1500
59938.764 + 88 1
59941.000 # 1500
59941.747 - 88 2.983 1
59944.000 # 1500
59948.000 # 1500
59948.635 + 88 1
59953.000 # 1500
59954.528 - 88 5.893 1
59956.000 # 1500
59958.299 + 88 1
59960.000 # 1500
59961.257 - 88 2.958 1
59964.000 # 1500
59967.000 # 1500
59970.161 + 88 1
59973.000 # 1500
59973.962 - 88 3.801 1
59976.000 # 1500
59978.000 # 1500
59987.474 + 88 1
59991.000 # 1500
59992.495 - 88 5.021 1
59993.000 # 1500
59995.000 # 1500
60000.000 # 1500
60001.000 # 1500
60004.000 # 1500
60005.000 # 1500
60010.069 + 88 1
60011.000 # 1500
60011.908 + 88 1
60012.028 - 88 1.959 1
60014.000 # 1500
60016.122 - 88 4.214 1
60021.000 # 1500
60025.000 # 1500
60026.849 + 88 1
60029.000 # 1500
60029.757 - 88 2.908 1
60033.000 # 1500
60033.543 + 88 1
60036.000 # 1500
60037.636 - 88 4.093 1
60040.338 + 88 1
60042.000 # 1500
60043.359 - 88 3.021 1
60046.000 # 1500
60046.099 + 88 1
60051.000 # 1500
60052.092 - 88 5.993 1
60055.000 # 1500
60057.970 + 88 1
60058.124 + 88 1
60062.000 # 1500
60062.813 - 88 4.843 1
60062.855 - 88 4.731 1
60064.776 + 88 1
60065.000 # 1500
60065.136 - 88 0.360 1
60068.000 # 1500
60070.532 + 88 1
60071.000 # 1500
60072.579 - 88 2.047 1
60074.000 # 1500
60076.442 + 88 1
60078.000 # 1500
60079.410 - 88 2.968 1
60081.000 # 1500
60083.000 # 1500
60086.000 # 1500
60086.196 + 88 1
60092.967 + 88 1
60093.000 # 1500
60093.379 - 88 7.183 1
60096.000 # 1500
60096.961 - 88 3.994 1
60102.765 + 88 1
60109.000 # 1500
60109.551 + 88 1
60110.200 - 88 7.435 1
60119.348 + 88 1
60122.000 # 1500
60122.000 # 1500
60123.000 # 1500
60124.410 - 88 14.859 1
60124.454 - 88 5.106 1
60125.000 # 1500
60126.380 + 88 1
60131.076 + 88 1
60136.874 + 88 1
60141.000 # 1500
60141.911 - 88 15.531 1
60141.955 - 88 10.879 1
60141.971 - 88 5.097 1
60142.000 # 1500
60142.000 # 1500
60142.000 # 1500
60142.160 + 88 1
60145.000 # 1500
60146.726 - 88 4.566 1
60147.000 # 1500
60150.709 + 88 1
60151.000 # 1500
60152.614 - 88 1.905 1
60153.000 # 1500
60156.000 # 1500
60159.000 # 1500
60160.454 + 88 1
60165.000 # 1500
60165.322 + 88 1
60165.735 - 88 5.281 1
60168.000 # 1500
60169.292 - 88 3.970 1
60173.068 + 88 1
60174.000 # 1500
60175.000 # 1500
60175.141 - 88 2.073 1
60178.926 + 88 1
60180.000 # 1500
60181.501 - 88 2.575 1
60184.781 + 88 1
60185.000 # 1500
60185.158 - 88 0.377 1
60189.000 # 1500
60190.012 + 88 1
60193.000 # 1500
60193.631 - 88 3.619 1
60195.000 # 1500
60197.607 + 88 1
60198.000 # 1500
60199.534 - 88 1.927 1
60200.000 # 1500
60205.000 # 1500
60208.000 # 1500
60208.411 + 88 1
60210.000 # 1500
60211.252 - 88 2.841 1
60213.390 + 88 1
60214.000 # 1500
60215.155 - 88 1.765 1
60216.000 # 1500
60224.000 # 1500
60224.237 + 88 1
60226.000 # 1500
60226.953 - 88 2.716 1
60231.000 # 1500
60235.000 # 1500
60239.000 # 1500
60242.000 # 1500
60242.618 + 88 1
60245.000 # 1500
60246.493 - 88 3.875 1
60247.000 # 1500
60251.000 # 1500
60253.000 # 1500
60258.000 # 1500
60259.000 # 1500
60263.000 # 1500
60265.551 + 88 1
60266.000 # 1500
60267.516 - 88 1.965 1
60269.000 # 1500
60271.000 # 1500
60274.000 # 1500
60275.758 + 88 1
60276.000 # 1500
60276.124 - 88 0.366 1
60281.000 # 1500
60285.000 # 1500
60288.416 + 88 1
60289.000 # 1500
60290.000 # 1500
60290.366 - 88 1.950 1
60295.000 # 1500
60298.000 # 1500
60310.000 # 1500
60310.000 # 1500
60310.000 # 1500
60314.000 # 1500
60328.000 # 1500
60331.000 # 1500
60334.000 # 1500
60337.000 # 1500
60341.000 # 1500
60345.000 # 1500
60347.000 # 1500
60351.000 # 1500
60376.000 # 1500
60376.000 # 1500
60376.000 # 1500
60376.000 # 1500
60376.000 # 1500
60380.000 # 1500
60383.000 # 1500
60386.000 # 1500
60390.000 # 1500
60392.000 # 1500
60396.000 # 1500
60400.000 # 1500
60403.000 # 1500
60405.000 # 1500
60408.000 # 1500
60411.000 # 1500
60415.000 # 1500
60418.000 # 1500
60420.000 # 1500
60424.000 # 1500
60426.000 # 1500
60429.000 # 1500
60432.000 # 1500
60435.000 # 1500
60437.000 # 1500
60442.000 # 1500
60444.000 # 1500
60447.000 # 1500
60449.000 # 1500
60457.000 # 1500
60461.000 # 1500
60463.000 # 1500
60466.000 # 1500
60468.000 # 1500
60472.000 # 1500
60475.000 # 1500
60477.883 + 88 1
60481.000 # 1500
60481.583 - 88 3.700 1
60484.000 # 1500
60487.000 # 1500
60493.000 # 1500
60493.000 # 1500
60497.000 # 1500
60499.000 # 1500
60500.650 + 88 1
60502.000 # 1500
60502.961 - 88 2.311 1
60511.000 # 1500
60511.000 # 1500
60513.000 # 1500
60516.000 # 1500
60517.000 # 1500
60518.018 + 88 1
60522.000 # 1500
60523.466 - 88 5.448 1
60524.000 # 1500
60527.000 # 1500
60527.595 + 88 1
60532.000 # 1500
60534.315 - 88 6.720 1
60534.766 + 88 1
60535.000 # 1500
60535.040 - 88 0.274 1
60537.000 # 1500
60542.284 + 88 1
60545.000 # 1500
60546.000 # 1500
60546.196 - 88 3.912 1
60548.107 + 88 1
60550.000 # 1500
60550.955 - 88 2.848 1
60552.000 # 1500
60556.000 # 1500
60557.000 # 1500
60559.000 # 1500
60561.000 # 1500
60561.724 + 88 1
60563.000 # 1500
60563.641 - 88 1.917 1
60565.000 # 1500
60569.595 + 88 1
60570.000 # 1500
60571.504 - 88 1.909 1
60571.614 + 88 1
60572.000 # 1500
60573.300 - 88 1.686 1
60574.000 # 1500
60576.000 # 1500
60578.000 # 1500
60579.000 # 1500
60583.000 # 1500
60584.000 # 1500
60586.000 # 1500
60594.000 # 1500
60594.000 # 1500
60595.000 # 1500
60597.000 # 1500
60601.000 # 1500
60609.619 + 88 1
60610.000 # 1500
60611.607 - 88 1.988 1
60612.000 # 1500
60615.000 # 1500
60617.000 # 1500
60619.000 # 1500
60622.000 # 1500
60625.000 # 1500
60630.000 # 1500
60630.762 + 88 1
60631.000 # 1500
60631.076 - 88 0.314 1
60635.000 # 1500
60639.000 # 1500
60642.000 # 1500
60644.000 # 1500
60646.000 # 1500
60657.000 # 1500
60657.000 # 1500
60657.000 # 1500
60657.000 # 1500
60659.127 + 88 1
60660.000 # 1500
60661.000 # 1500
60661.055 - 88 1.928 1
60663.000 # 1500
60665.000 # 1500
60669.000 # 1500
60670.000 # 1500
60674.000 # 1500
60676.000 # 1500
60685.000 # 1500
60685.000 # 1500
60685.000 # 1500
60685.000 # 1500
60687.000 # 1500
60690.000 # 1500
60690.322 + 88 1
60694.000 # 1500
60696.150 - 88 5.828 1
60697.000 # 1500
60699.091 + 88 1
60702.000 # 1500
60702.974 - 88 3.883 1
60705.000 # 1500
60707.000 # 1500
60709.000 # 1500
60710.000 # 1500
60713.000 # 1500
60715.000 # 1500
60717.000 # 1500
60719.000 # 1500
60722.000 # 1500
60724.000 # 1500
60726.000 # 1500
60731.000 # 1500
60731.000 # 1500
60733.000 # 1500
60736.000 # 1500
60738.000 # 1500
60740.000 # 1500
60745.000 # 1500
60752.000 # 1500
60752.000 # 1500
60754.000 # 1500
60763.000 # 1500
60764.000 # 1500
60764.876 + 88 1
60766.000 # 1500
60766.941 - 88 2.065 1
60769.000 # 1500
60771.000 # 1500
60773.000 # 1500
60775.000 # 1500
60776.000 # 1500
60785.747 + 88 1
60801.000 # 1500
60801.000 # 1500
60802.420 - 88 16.673 1
60804.000 # 1500
60809.000 # 1500
60809.184 + 88 1
60815.000 # 1500
60815.962 - 88 6.778 1
60817.000 # 1500
60820.000 # 1500
60824.000 # 1500
60826.000 # 1500
60832.000 # 1500
60834.000 # 1500
60836.000 # 1500
60837.000 # 1500
60839.000 # 1500
60840.557 + 88 1
60841.000 # 1500
60842.321 - 88 1.764 1
60844.000 # 1500
60846.000 # 1500
60851.000 # 1500
60853.000 # 1500
60855.000 # 1500
60858.978 + 88 1
60882.396 + 88 1
60885.000 # 1500
60886.293 - 88 27.315 1
60886.422 - 88 4.026 1
60889.000 # 1500
60889.000 # 1500
60890.000 # 1500
60890.000 # 1500
60890.000 # 1500
60890.000 # 1500
60894.000 # 1500
60906.000 # 1500
60911.000 # 1500
60911.766 + 88 1
60913.000 # 1500
60913.562 - 88 1.796 1
60914.000 # 1500
60917.000 # 1500
60919.000 # 1500
60921.000 # 1500
60924.000 # 1500
60926.000 # 1500
60928.000 # 1500
60928.984 + 88 1
60934.000 # 1500
60934.000 # 1500
60934.931 - 88 5.947 1
60936.000 # 1500
60938.000 # 1500
60940.000 # 1500
60942.000 # 1500
60943.000 # 1500
60945.000 # 1500
60946.096 + 88 1
60947.000 # 1500
60948.616 - 88 2.520 1
60949.000 # 1500
60952.000 # 1500
60963.000 # 1500
60974.000 # 1500
60981.000 # 1500
60982.000 # 1500
60984.000 # 1500
60986.000 # 1500
60989.000 # 1500
60991.000 # 1500
60994.000 # 1500
60995.000 # 1500
60996.000 # 1500
60997.678 + 88 1
61000.000 # 1500
61001.749 - 88 4.071 1
61002.000 # 1500
61004.000 # 1500
61007.000 # 1500
61009.000 # 1500
61011.000 # 1500
61013.000 # 1500
61015.000 # 1500
61016.000 # 1500
61018.000 # 1500
61019.000 # 1500
61020.000 # 1500
61023.000 # 1500
61024.000 # 1500
61025.000 # 1500
61028.000 # 1500
61030.000 # 1500
61032.000 # 1500
61035.000 # 1500
61038.000 # 1500
61039.000 # 1500
61041.000 # 1500
61043.000 # 1500
61044.000 # 1500
61046.000 # 1500
61047.000 # 1500
61050.000 # 1500
61053.000 # 1500
61056.000 # 1500
61057.000 # 1500
61059.000 # 1500
61061.000 # 1500
61063.000 # 1500
61063.169 + 88 1
61065.000 # 1500
61066.335 - 88 3.166 1
61067.000 # 1500
61069.000 # 1500
61071.970 + 88 1
61072.000 # 1500
61073.000 # 1500
61073.919 - 88 1.949 1
61075.000 # 1500
61076.000 # 1500
61080.000 # 1500
61082.000 # 1500
61082.723 + 88 1
61084.000 # 1500
61084.644 - 88 1.921 1
61086.000 # 1500
61089.000 # 1500
61090.508 + 88 1
61091.000 # 1500
61092.468 - 88 1.960 1
61093.000 # 1500
61096.000 # 1500
61097.518 + 88 1
61098.000 # 1500
61099.459 - 88 1.941 1
61100.000 # 1500
61102.000 # 1500
61105.000 # 1500
61105.197 + 88 1
61107.000 # 1500
61108.093 - 88 2.896 1
61111.000 # 1500
61112.000 # 1500
61114.000 # 1500
61116.000 # 1500
61116.100 + 88 1
61120.917 + 88 1
61121.000 # 1500
61121.434 - 88 5.334 1
61123.000 # 1500
61123.765 - 88 2.848 1
61125.000 # 1500
61127.000 # 1500
61129.000 # 1500
61129.653 + 88 1
61131.000 # 1500
61131.581 - 88 1.928 1
61133.000 # 1500
61134.740 + 88 1
61135.000 # 1500
61136.000 # 1500
61136.459 - 88 1.719 1
61139.000 # 1500
61142.378 + 88 1
61143.000 # 1500
61144.181 - 88 1.803 1
61145.000 # 1500
61146.000 # 1500
61148.000 # 1500
61149.652 + 88 1
61150.000 # 1500
61151.498 - 88 1.846 1
61153.000 # 1500
61154.000 # 1500
61155.000 # 1500
61161.000 # 1500
61161.000 # 1500
61161.080 + 88 1
61161.197 + 88 1
61163.000 # 1500
61164.048 - 88 2.968 1
61164.148 - 88 2.951 1
61166.947 + 88 1
61174.000 # 1500
61174.000 # 1500
61174.000 # 1500
61174.000 # 1500
61174.000 # 1500
61174.928 - 88 7.981 1
61177.000 # 1500
61179.000 # 1500
61180.000 # 1500
61180.609 + 88 1
61182.000 # 1500
61182.527 + 88 1
61182.906 - 88 2.297 1
61186.000 # 1500
61187.615 - 88 5.088 1
61188.000 # 1500
61190.000 # 1500
61191.555 + 88 1
61193.000 # 1500
61194.498 - 88 2.943 1
61195.000 # 1500
61198.000 # 1500
61199.455 + 88 1
61200.000 # 1500
61201.217 - 88 1.762 1
61203.000 # 1500
61205.000 # 1500
61205.210 + 88 1
61206.000 # 1500
61207.142 - 88 1.932 1
61208.000 # 1500
61210.000 # 1500
61211.964 + 88 1
61212.000 # 1500
61215.000 # 1500
61215.806 - 88 3.842 1
61217.000 # 1500
61218.663 + 88 1
61221.538 + 88 1
61224.000 # 1500
61225.612 - 88 6.949 1
61225.635 - 88 4.097 1
61226.000 # 1500
61227.000 # 1500
61230.000 # 1500
61230.473 + 88 1
61231.000 # 1500
61232.389 - 88 1.916 1
61235.000 # 1500
61235.000 # 1500
61236.237 + 88 1
61237.000 # 1500
61238.000 # 1500
61238.334 - 88 2.097 1
61239.288 + 88 1
61241.000 # 1500
61242.000 # 1500
61242.213 - 88 2.925 1
61243.000 # 1500
61245.137 + 88 1
61246.000 # 1500
61247.291 - 88 2.154 1
61250.000 # 1500
61250.923 + 88 1
61251.000 # 1500
61251.077 - 88 0.154 1
61254.000 # 1500
61255.000 # 1500
61255.316 + 88 1
61259.000 # 1500
61259.779 + 88 1
61260.010 - 88 4.694 1
61264.000 # 1500
61265.690 - 88 5.911 1
61266.685 + 88 1
61267.131 + 88 1
61268.000 # 1500
61268.000 # 1500
61268.437 - 88 1.752 1
61268.471 - 88 1.340 1
61273.000 # 1500
61275.000 # 1500
61277.000 # 1500
61278.000 # 1500
61281.231 + 88 1
61281.373 + 88 1
61281.611 + 88 1
61282.000 # 1500
61283.092 - 88 1.861 1
61283.120 - 88 1.747 1
61283.135 - 88 1.524 1
61284.000 # 1500
61284.178 + 88 1
61287.932 + 88 1
61295.000 # 1500
61295.000 # 1500
61295.000 # 1500
61295.815 - 88 11.637 1
61295.844 - 88 7.912 1
61298.726 + 88 1
61298.863 + 88 1
61300.793 + 88 1
61300.849 + 88 1
61304.693 + 88 1
61305.000 # 1500
61305.000 # 1500
61305.000 # 1500
61305.000 # 1500
61305.000 # 1500
61306.815 - 88 8.089 1
61306.835 - 88 7.972 1
61306.851 - 88 6.058 1
61306.865 - 88 6.016 1
61306.878 - 88 2.185 1
61308.000 # 1500
61309.000 # 1500
61309.469 + 88 1
61310.000 # 1500
61311.000 # 1500
61311.367 - 88 1.898 1
61313.049 + 88 1
61314.000 # 1500
61314.000 # 1500
61314.562 + 88 1
61314.751 - 88 1.702 1
61315.000 # 1500
61316.000 # 1500
61316.253 - 88 1.691 1
61320.000 # 1500
61322.000 # 1500
61322.000 # 1500
61322.201 + 88 1
61323.000 # 1500
61325.000 # 1500
61325.072 - 88 2.871 1
61327.000 # 1500
61328.062 + 88 1
61329.000 # 1500
61329.929 - 88 1.867 1
61330.000 # 1500
61331.000 # 1500
61335.767 + 88 1
61342.000 # 1500
61343.627 + 88 1
61343.692 - 88 7.925 1
61349.000 # 1500
61351.665 + 88 1
61351.702 - 88 8.075 1
61352.000 # 1500
61352.040 - 88 0.375 1
61353.000 # 1500
61356.358 + 88 1
61365.000 # 1500
61365.000 # 1500
61366.000 # 1500
61366.000 # 1500
61366.000 # 1500
61366.000 # 1500
61366.000 # 1500
61366.166 + 88 1
61366.689 - 88 10.331 1
61367.000 # 1500
61368.000 # 1500
61368.314 - 88 2.148 1
61370.000 # 1500
61372.000 # 1500
61373.000 # 1500
61375.000 # 1500
61376.000 # 1500
61376.043 + 88 1
61378.949 + 88 1
61379.000 # 1500
61379.215 - 88 3.172 1
61381.000 # 1500
61382.000 # 1500
61382.058 - 88 3.109 1
61384.000 # 1500
61385.786 + 88 1
61386.000 # 1500
61386.044 - 88 0.258 1
61387.000 # 1500
61390.000 # 1500
61391.000 # 1500
61391.558 + 88 1
61393.000 # 1500
61394.000 # 1500
61394.478 - 88 2.920 1
61395.000 # 1500
61395.552 + 88 1
61399.000 # 1500
61400.000 # 1500
61400.305 - 88 4.753 1
61401.000 # 1500
61403.000 # 1500
61404.000 # 1500
61405.000 # 1500
61407.325 + 88 1
61407.379 + 88 1
61408.000 # 1500
61409.045 - 88 1.720 1
61409.074 - 88 1.695 1
61411.000 # 1500
61411.000 # 1500
61412.000 # 1500
61414.000 # 1500
61415.799 + 88 1
61416.000 # 1500
61417.604 - 88 1.805 1
61417.791 + 88 1
61419.000 # 1500
61419.546 - 88 1.755 1
61420.000 # 1500
61429.690 + 88 1
61429.826 + 88 1
61430.000 # 1500
61430.000 # 1500
61430.000 # 1500
61430.000 # 1500
61431.242 - 88 1.552 1
61431.270 - 88 1.444 1
61438.425 + 88 1
61440.000 # 1500
61440.000 # 1500
61440.000 # 1500
61440.000 # 1500
61440.203 + 88 1
61440.584 - 88 2.159 1
61443.000 # 1500
61444.000 # 1500
61444.998 - 88 4.795 1
61445.000 # 1500
61446.073 + 88 1
61448.000 # 1500
61448.865 - 88 2.792 1
61448.980 + 88 1
61450.972 + 88 1
61451.000 # 1500
61451.165 - 88 2.185 1
61453.000 # 1500
61453.877 - 88 2.905 1
61454.000 # 1500
61457.000 # 1500
61459.000 # 1500
61460.850 + 88 1
61461.732 + 88 1
61463.704 + 88 1
61465.000 # 1500
61466.474 - 88 5.624 1
61466.500 - 88 4.768 1
61466.515 - 88 2.811 1
61466.820 + 88 1
61474.000 # 1500
61474.329 - 88 7.509 1
61475.754 + 88 1
61479.000 # 1500
61480.000 # 1500
61480.094 - 88 4.340 1
61481.303 + 88 1
61484.000 # 1500
61485.026 - 88 3.723 1
61486.000 # 1500
61486.000 # 1500
61486.297 + 88 1
61486.408 + 88 1
61486.443 + 88 1
61489.000 # 1500
61489.000 # 1500
61490.321 - 88 4.024 1
61490.350 - 88 3.942 1
61490.365 - 88 3.922 1
61490.379 + 88 1
61501.118 + 88 1
61502.000 # 1500
61502.000 # 1500
61502.817 + 88 1
61502.855 + 88 1
61502.880 - 88 12.501 1
61502.888 + 88 1
61502.910 - 88 1.792 1
61506.650 + 88 1
61515.829 + 88 1
61521.291 + 88 1
61521.401 + 88 1
61521.435 + 88 1
61534.061 + 88 1
61534.171 + 88 1
61534.205 + 88 1
61535.917 + 88 1
61538.877 + 88 1
61548.924 + 88 1
61549.038 + 88 1
61550.585 + 88 1
61554.498 + 88 1
61559.487 + 88 1
61561.436 + 88 1
61567.000 # 1500
61568.000 # 1500
61568.013 - 88 65.196 1
61568.140 - 88 65.285 1
61568.161 - 88 65.273 1
61568.176 - 88 61.526 1
61568.189 - 88 52.360 1
61568.202 - 88 46.911 1
61568.215 - 88 46.814 1
61568.230 - 88 46.795 1
61568.245 - 88 34.184 1
61568.406 - 88 34.235 1
61568.437 - 88 34.232 1
61568.455 - 88 32.538 1
61568.469 - 88 29.592 1
61568.482 - 88 19.558 1
61568.495 - 88 19.457 1
61568.507 - 88 17.922 1
61568.606 - 88 14.108 1
61568.629 - 88 9.142 1
61568.708 - 88 7.272 1
61570.245 + 88 1
61573.000 # 1500
61573.104 + 88 1
61573.707 - 88 3.462 1
61576.034 + 88 1
61587.731 + 88 1
61592.937 + 88 1
61593.045 + 88 1
61593.079 + 88 1
61602.330 + 88 1
61602.438 + 88 1
61602.472 + 88 1
61605.268 + 88 1
61606.000 # 1500
61607.179 - 88 34.075 1
61607.209 - 88 31.175 1
61607.217 - 88 19.486 1
61607.224 - 88 14.287 1
61607.231 - 88 14.186 1
61607.237 - 88 14.158 1
61607.243 - 88 4.913 1
61607.249 - 88 4.811 1
61607.255 - 88 4.783 1
61607.262 - 88 1.994 1
61609.000 # 1500
61615.000 # 1500
61618.000 # 1500
61625.076 + 88 1
61625.185 + 88 1
61625.218 + 88 1
61625.249 + 88 1
61627.805 + 88 1
61627.914 + 88 1
61631.000 # 1500
61631.811 - 88 6.735 1
61631.833 - 88 6.648 1
61631.841 - 88 6.623 1
61631.848 - 88 6.599 1
61631.855 - 88 4.050 1
61631.861 - 88 3.947 1
61631.979 + 88 1
61634.000 # 1500
61634.452 - 88 2.473 1
61635.000 # 1500
61635.000 # 1500
61636.000 # 1500
61637.000 # 1500
61641.000 # 1500
61641.000 # 1500
61641.000 # 1500
61641.000 # 1500
61641.000 # 1500
61641.000 # 1500
61641.530 + 88 1
61641.566 + 88 1
61641.597 + 88 1
61642.000 # 1500
61642.000 # 1500
61642.000 # 1500
61642.000 # 1500
61642.000 # 1500
61643.351 - 88 1.821 1
61643.370 - 88 1.804 1
61643.378 - 88 1.781 1
61644.408 + 88 1
61648.264 + 88 1
61652.195 + 88 1
61656.032 + 88 1
61659.432 + 88 1
61662.914 + 88 1
61663.024 + 88 1
61668.000 # 1500
61668.000 # 1500
61668.000 # 1500
61668.000 # 1500
61668.386 + 88 1
61668.637 - 88 24.229 1
61668.657 - 88 20.393 1
61668.666 - 88 16.471 1
61668.673 - 88 12.641 1
61668.680 - 88 9.248 1
61668.686 - 88 5.772 1
61668.692 - 88 5.668 1
61669.000 # 1500
61669.000 # 1500
61669.000 # 1500
61669.000 # 1500
61669.000 # 1500
61669.000 # 1500
61669.000 # 1500
61669.000 # 1500
61669.000 # 1500
61669.000 # 1500
61669.956 + 88 1
61670.000 # 1500
61670.000 # 1500
61670.000 # 1500
61670.000 # 1500
61670.000 # 1500
61670.000 # 1500
61670.000 # 1500
61670.000 # 1500
61670.275 - 88 1.889 1
61671.000 # 1500
61671.000 # 1500
61671.675 - 88 1.719 1
61672.749 + 88 1
61673.000 # 1500
61673.064 - 88 0.315 1
61674.675 + 88 1
61676.000 # 1500
61676.472 - 88 1.797 1
61677.620 + 88 1
61678.000 # 1500
61679.000 # 1500
61679.710 - 88 2.090 1
61681.000 # 1500
61681.488 + 88 1
61683.000 # 1500
61684.000 # 1500
61684.305 - 88 2.817 1
61685.613 + 88 1
61686.000 # 1500
61687.260 + 88 1
61687.264 - 88 1.651 1
61688.000 # 1500
61688.616 - 88 1.356 1
61690.000 # 1500
61692.000 # 1500
61692.380 + 88 1
61695.000 # 1500
61696.016 - 88 3.636 1
61698.000 # 1500
61700.242 + 88 1
61700.355 + 88 1
61700.389 + 88 1
61701.000 # 1500
61703.000 # 1500
61703.819 - 88 3.577 1
61703.840 - 88 3.485 1
61703.847 - 88 3.458 1
61704.030 + 88 1
61705.886 + 88 1
61706.000 # 1500
61706.411 - 88 2.381 1
61707.945 + 88 1
61714.000 # 1500
61714.000 # 1500
61714.000 # 1500
61714.832 - 88 8.946 1
61714.852 - 88 6.907 1
61716.000 # 1500
61716.300 + 88 1
61720.810 + 88 1
61722.000 # 1500
61722.487 + 88 1
61722.530 + 88 1
61722.880 - 88 6.580 1
61722.901 - 88 2.091 1
61723.000 # 1500
61724.523 - 88 2.036 1
61724.552 - 88 2.022 1
61725.000 # 1500
61726.000 # 1500
61729.000 # 1500
61731.166 + 88 1
61731.276 + 88 1
61731.310 + 88 1
61732.000 # 1500
61733.221 - 88 2.055 1
61733.242 - 88 1.966 1
61733.251 - 88 1.941 1
61734.000 # 1500
61735.000 # 1500
61737.000 # 1500
61738.000 # 1500
61743.354 + 88 1
61746.056 + 88 1
61746.182 + 88 1
61746.217 + 88 1
61749.000 # 1500
61749.000 # 1500
61749.000 # 1500
61749.000 # 1500
61749.839 - 88 6.485 1
61749.862 - 88 3.806 1
61749.870 - 88 3.688 1
61749.873 + 88 1
61749.878 - 88 3.661 1
61751.000 # 1500
61751.787 - 88 1.914 1
61752.277 + 88 1
61753.000 # 1500
61754.000 # 1500
61754.075 - 88 1.798 1
61756.000 # 1500
61758.000 # 1500
61759.000 # 1500
61760.000 # 1500
61760.511 + 88 1
61760.622 + 88 1
61761.828 + 88 1
61769.000 # 1500
61769.000 # 1500
61770.261 - 88 9.750 1
61770.281 - 88 9.659 1
61770.290 - 88 8.462 1
61771.167 + 88 1
61771.213 + 88 1
61771.246 + 88 1
61771.398 + 88 1
61774.000 # 1500
61774.000 # 1500
61774.000 # 1500
61775.000 # 1500
61775.108 - 88 3.941 1
61775.129 - 88 3.916 1
61775.137 - 88 3.891 1
61775.144 - 88 3.746 1
61775.169 + 88 1
61776.000 # 1500
61777.110 - 88 1.941 1
61777.443 + 88 1
61778.000 # 1500
61779.000 # 1500
61780.131 - 88 2.688 1
61780.253 + 88 1
61781.000 # 1500
61781.931 - 88 1.678 1
61784.000 # 1500
61785.000 # 1500
61787.000 # 1500
61788.365 + 88 1
61788.495 + 88 1
61788.532 + 88 1
61789.000 # 1500
61790.818 + 88 1
61790.916 - 88 2.551 1
61790.936 - 88 2.441 1
61790.944 - 88 2.412 1
61791.000 # 1500
61792.792 - 88 1.974 1
61792.798 + 88 1
61794.729 + 88 1
61797.620 + 88 1
61799.976 + 88 1
61803.463 + 88 1
61804.895 + 88 1
61809.425 + 88 1
61810.000 # 1500
61810.000 # 1500
61811.299 + 88 1
61811.333 - 88 18.535 1
61811.353 - 88 16.624 1
61811.362 - 88 13.742 1
61811.369 - 88 11.393 1
61811.375 - 88 7.912 1
61811.557 - 88 6.662 1
61811.575 - 88 2.150 1
61815.239 + 88 1
61817.200 + 88 1
61819.980 + 88 1
61831.264 + 88 1
61831.402 + 88 1
61831.439 + 88 1
61831.473 + 88 1
61833.278 + 88 1
61836.020 + 88 1
61838.887 + 88 1
61841.814 + 88 1
61843.937 + 88 1
61844.484 + 88 1
61847.649 + 88 1
61850.712 + 88 1
61852.683 + 88 1
61872.000 # 1500
61874.000 # 1500
61875.267 - 88 63.968 1
61875.368 - 88 60.129 1
61875.400 - 88 58.200 1
61875.410 - 88 55.430 1
61875.419 - 88 44.155 1
61875.425 - 88 44.023 1
61875.432 - 88 43.993 1
61875.438 - 88 43.965 1
61875.445 - 88 42.167 1
61875.451 - 88 39.431 1
61875.457 - 88 36.570 1
61875.463 - 88 33.649 1
61875.470 - 88 31.533 1
61875.476 - 88 30.992 1
61875.483 - 88 27.834 1
61875.490 - 88 24.778 1
61875.496 - 88 22.813 1
61877.000 # 1500
61877.000 # 1500
61877.000 # 1500
61877.000 # 1500
61877.000 # 1500
61877.171 + 88 1
61880.154 + 88 1
61884.841 + 88 1
61887.997 + 88 1
61892.566 + 88 1
61893.236 + 88 1
61897.535 + 88 1
61900.404 + 88 1
61903.319 + 88 1
61907.523 + 88 1
61910.487 + 88 1
61916.001 + 88 1
61916.151 + 88 1
61917.000 # 1500
61918.143 - 88 40.972 1
61918.165 - 88 38.011 1
61918.174 - 88 33.333 1
61918.181 - 88 30.184 1
61918.188 - 88 25.622 1
61918.194 - 88 24.958 1
61918.200 - 88 20.665 1
61918.206 - 88 17.802 1
61918.212 - 88 14.893 1
61918.219 - 88 10.696 1
61918.226 - 88 7.739 1
61918.232 - 88 2.231 1
61918.238 - 88 2.087 1
61919.000 # 1500
61920.138 + 88 1
61923.829 + 88 1
61924.000 # 1500
61924.262 - 88 4.124 1
61925.000 # 1500
61925.000 # 1500
61925.000 # 1500
61925.000 # 1500
61925.000 # 1500
61925.000 # 1500
61925.000 # 1500
61925.000 # 1500
61925.940 - 88 2.111 1
61926.000 # 1500
61926.000 # 1500
61926.000 # 1500
61926.000 # 1500
61926.000 # 1500
61926.000 # 1500
61926.000 # 1500
61926.000 # 1500
61926.000 # 1500
61926.000 # 1500
61926.000 # 1500
61926.969 + 88 1
61927.000 # 1500
61927.000 # 1500
61927.000 # 1500
61927.000 # 1500
61927.000 # 1500
61927.000 # 1500
61927.000 # 1500
61927.000 # 1500
61927.000 # 1500
61927.000 # 1500
61928.000 # 1500
61928.000 # 1500
61928.932 - 88 1.963 1
61930.854 + 88 1
61934.570 + 88 1
61937.568 + 88 1
61939.567 + 88 1
61941.746 + 88 1
61945.296 + 88 1
61948.311 + 88 1
61951.264 + 88 1
61953.279 + 88 1
61956.087 + 88 1
61959.363 + 88 1
61961.169 + 88 1
61964.041 + 88 1
61968.232 + 88 1
61972.000 # 1500
61972.000 # 1500
61972.000 # 1500
61972.883 - 88 42.029 1
61972.902 - 88 38.332 1
61972.911 - 88 35.343 1
61972.917 - 88 33.350 1
61972.924 - 88 31.178 1
61972.931 - 88 27.635 1
61972.939 - 88 24.628 1
61972.946 - 88 21.682 1
61972.952 - 88 19.673 1
61973.000 # 1500
61973.000 # 1500
61973.000 # 1500
61973.000 # 1500
61973.017 - 88 16.930 1
61973.034 - 88 13.671 1
61973.046 - 88 11.877 1
61973.054 - 88 9.013 1
61973.060 - 88 4.828 1
61974.000 # 1500
61974.000 # 1500
61974.000 # 1500
61974.000 # 1500
61974.000 # 1500
61974.000 # 1500
61974.000 # 1500
61974.000 # 1500
61974.000 # 1500
61974.000 # 1500
61975.000 # 1500
61975.000 # 1500
61975.000 # 1500
61975.000 # 1500
61975.000 # 1500
61975.000 # 1500
61975.000 # 1500
61975.000 # 1500
61975.000 # 1500
61976.000 # 1500
61976.000 # 1500
61976.000 # 1500
61976.000 # 1500
61976.000 # 1500
61976.000 # 1500
61976.000 # 1500
61976.000 # 1500
61977.000 # 1500
61979.000 # 1500
61981.000 # 1500
61983.000 # 1500
61984.000 # 1500
61984.061 + 88 1
61985.704 + 88 1
61985.749 + 88 1
61985.781 + 88 1
61987.000 # 1500
61988.000 # 1500
61988.660 - 88 4.599 1
61988.690 - 88 2.986 1
61988.698 - 88 2.949 1
61988.706 - 88 2.925 1
61988.901 + 88 1
61989.000 # 1500
61990.802 - 88 1.901 1
61991.000 # 1500
61991.132 + 88 1
61995.000 # 1500
61995.000 # 1500
61995.505 + 88 1
61995.770 - 88 4.638 1
61997.000 # 1500
61998.000 # 1500
61998.604 - 88 3.099 1
61998.884 + 88 1
62000.000 # 1500
62001.520 - 88 2.636 1
62001.717 + 88 1
62002.000 # 1500
62003.327 - 88 1.610 1
62004.000 # 1500
62005.339 + 88 1
62006.000 # 1500
62007.359 - 88 2.020 1
62008.396 + 88 1
62009.000 # 1500
62010.058 - 88 1.662 1
62013.000 # 1500
62016.000 # 1500
62017.144 + 88 1
62017.186 + 88 1
62019.000 # 1500
62019.894 - 88 2.750 1
62019.915 - 88 2.729 1
62021.000 # 1500
62022.000 # 1500
62025.000 # 1500
62026.846 + 88 1
62027.000 # 1500
62027.156 - 88 0.310 1
62027.475 + 88 1
62028.760 + 88 1
62028.805 + 88 1
62029.000 # 1500
62030.708 - 88 3.233 1
62030.730 - 88 1.970 1
62030.738 - 88 1.933 1
62032.845 + 88 1
62033.000 # 1500
62033.141 - 88 0.296 1
62035.000 # 1500
62036.000 # 1500
62036.075 + 88 1
62037.673 + 88 1
62038.000 # 1500
62039.371 - 88 3.296 1
62039.399 - 88 1.726 1
62040.000 # 1500
62040.651 + 88 1
62042.000 # 1500
62043.318 - 88 2.667 1
62044.294 + 88 1
62045.000 # 1500
62045.665 - 88 1.371 1
62047.000 # 1500
62047.278 + 88 1
62049.211 + 88 1
62050.000 # 1500
62051.000 # 1500
62051.077 - 88 3.799 1
62051.098 - 88 1.887 1
62052.126 + 88 1
62053.000 # 1500
62053.633 - 88 1.507 1
62055.000 # 1500
62057.000 # 1500
62057.283 + 88 1
62058.962 + 88 1
62059.000 # 1500
62059.275 - 88 1.992 1
62061.000 # 1500
62061.844 - 88 2.882 1
62062.000 # 1500
62062.224 + 88 1
62064.000 # 1500
62064.706 + 88 1
62065.149 - 88 2.925 1
62066.000 # 1500
62066.705 - 88 1.999 1
62068.000 # 1500
62068.882 + 88 1
62069.000 # 1500
62072.000 # 1500
62072.543 - 88 3.661 1
62073.000 # 1500
62073.593 + 88 1
62075.000 # 1500
62075.501 + 88 1
62075.561 - 88 1.968 1
62076.000 # 1500
62077.418 - 88 1.917 1
62078.000 # 1500
62078.406 + 88 1
62081.000 # 1500
62081.241 + 88 1
62081.804 - 88 3.398 1
62083.000 # 1500
62084.000 # 1500
62084.286 + 88 1
62084.661 - 88 3.420 1
62086.000 # 1500
62089.000 # 1500
62091.000 # 1500
62091.153 + 88 1
62091.321 + 88 1
62091.919 - 88 7.633 1
62100.207 + 88 1
62100.346 + 88 1
62101.892 + 88 1
62103.775 + 88 1
62106.000 # 1500
62106.000 # 1500
62106.000 # 1500
62106.000 # 1500
62106.000 # 1500
62106.000 # 1500
62106.958 - 88 15.805 1
62106.978 - 88 15.657 1
62107.033 - 88 6.826 1
62107.052 - 88 6.706 1
62107.062 - 88 5.170 1
62107.069 - 88 3.294 1
62107.333 + 88 1
62108.149 + 88 1
62112.651 + 88 1
62118.472 + 88 1
62118.583 + 88 1
62122.423 + 88 1
62124.000 # 1500
62124.000 # 1500
62124.000 # 1500
62124.000 # 1500
62124.000 # 1500
62124.000 # 1500
62124.000 # 1500
62125.000 # 1500
62125.000 # 1500
62125.000 # 1500
62125.000 # 1500
62125.389 - 88 18.056 1
62125.429 - 88 17.280 1
62125.445 - 88 12.794 1
62125.453 - 88 6.981 1
62125.460 - 88 6.877 1
62125.467 - 88 3.044 1
62126.000 # 1500
62126.000 # 1500
62127.000 # 1500
62130.000 # 1500
62131.293 + 88 1
62131.404 + 88 1
62131.438 + 88 1
62132.000 # 1500
62133.352 - 88 2.059 1
62133.390 - 88 1.986 1
62133.404 - 88 1.966 1
62135.015 + 88 1
62136.000 # 1500
62136.000 # 1500
62136.888 - 88 1.873 1
62137.227 + 88 1
62138.000 # 1500
62138.967 - 88 1.740 1
62140.000 # 1500
62140.861 + 88 1
62144.268 + 88 1
62148.856 + 88 1
62150.000 # 1500
62150.000 # 1500
62150.000 # 1500
62150.781 - 88 9.920 1
62150.805 - 88 6.537 1
62150.814 - 88 1.958 1
62152.800 + 88 1
62155.000 # 1500
62155.000 # 1500
62155.000 # 1500
62155.000 # 1500
62156.595 + 88 1
62157.052 - 88 4.252 1
62158.000 # 1500
62159.000 # 1500
62159.567 - 88 2.972 1
62160.648 + 88 1
62161.000 # 1500
62162.000 # 1500
62162.781 - 88 2.133 1
62163.000 # 1500
62163.212 + 88 1
62164.000 # 1500
62164.826 - 88 1.614 1
62166.000 # 1500
62167.000 # 1500
62168.000 # 1500
62168.469 + 88 1
62169.000 # 1500
62170.426 + 88 1
62170.713 - 88 2.244 1
62171.000 # 1500
62172.000 # 1500
62172.247 - 88 1.821 1
62172.395 + 88 1
62175.420 + 88 1
62178.108 + 88 1
62180.216 + 88 1
62183.955 + 88 1
62184.000 # 1500
62184.527 - 88 12.132 1
62184.550 - 88 9.130 1
62184.578 - 88 6.470 1
62184.594 - 88 4.378 1
62185.040 + 88 1
62188.778 + 88 1
62192.725 + 88 1
62192.842 + 88 1
62194.000 # 1500
62194.000 # 1500
62194.000 # 1500
62194.538 - 88 10.583 1
62194.577 - 88 9.537 1
62194.593 - 88 5.815 1
62194.601 - 88 1.876 1
62194.607 - 88 1.765 1
62195.046 + 88 1
62196.812 + 88 1
62200.810 + 88 1
62202.664 + 88 1
62205.637 + 88 1
62207.520 + 88 1
62209.000 # 1500
62209.000 # 1500
62209.497 + 88 1
62209.966 - 88 14.920 1
62210.000 # 1500
62210.007 - 88 13.195 1
62210.076 - 88 9.266 1
62210.090 - 88 7.426 1
62210.098 - 88 4.461 1
62210.105 - 88 2.585 1
62211.284 - 88 1.787 1
62213.000 # 1500
62215.000 # 1500
62218.000 # 1500
62218.339 + 88 1
62218.449 + 88 1
62218.483 + 88 1
62218.514 + 88 1
62220.350 + 88 1
62223.000 # 1500
62225.191 - 88 6.852 1
62225.267 - 88 6.818 1
62225.281 - 88 6.798 1
62225.290 - 88 6.776 1
62225.297 - 88 4.947 1
62226.000 # 1500
62229.000 # 1500
62231.000 # 1500
62233.000 # 1500
62234.118 + 88 1
62237.000 # 1500
62237.676 - 88 3.558 1
62238.735 + 88 1
62239.000 # 1500
62239.244 - 88 0.509 1
62241.000 # 1500
62243.000 # 1500
62244.801 + 88 1
62245.000 # 1500
62245.283 - 88 0.482 1
62246.792 + 88 1
62247.000 # 1500
62249.000 # 1500
62250.402 - 88 3.610 1
62251.000 # 1500
62253.000 # 1500
62255.000 # 1500
62258.000 # 1500
62258.248 + 88 1
62258.359 + 88 1
62258.393 + 88 1
62263.000 # 1500
62264.000 # 1500
62264.012 + 88 1
62264.660 - 88 6.412 1
62264.801 - 88 6.442 1
62264.835 - 88 6.442 1
62265.296 + 88 1
62266.000 # 1500
62267.516 - 88 3.504 1
62267.537 - 88 2.241 1
62268.000 # 1500
62271.000 # 1500
62271.107 + 88 1
62272.000 # 1500
62273.202 - 88 2.095 1
62274.000 # 1500
62274.773 + 88 1
62278.694 + 88 1
62281.000 # 1500
62281.672 + 88 1
62282.094 - 88 7.321 1
62282.190 - 88 3.496 1
62285.000 # 1500
62285.540 + 88 1
62286.128 - 88 4.456 1
62289.000 # 1500
62289.472 + 88 1
62289.840 - 88 4.300 1
62290.000 # 1500
62291.440 - 88 1.968 1
62292.000 # 1500
62292.668 + 88 1
62295.348 + 88 1
62300.172 + 88 1
62303.231 + 88 1
62306.096 + 88 1
62310.997 + 88 1
62314.777 + 88 1
62319.780 + 88 1
62321.745 + 88 1
62323.597 + 88 1
62326.538 + 88 1
62329.425 + 88 1
62332.426 + 88 1
62334.371 + 88 1
62337.314 + 88 1
62342.077 + 88 1
62345.097 + 88 1
62347.022 + 88 1
62350.886 + 88 1
62353.951 + 88 1
62356.925 + 88 1
62360.757 + 88 1
62363.738 + 88 1
62379.000 # 1500
62379.000 # 1500
62380.000 # 1500
62380.377 - 88 87.709 1
62380.424 - 88 85.076 1
62380.545 - 88 80.373 1
62380.564 - 88 77.333 1
62380.573 - 88 74.477 1
62380.580 - 88 69.583 1
62380.587 - 88 65.810 1
62380.593 - 88 60.813 1
62380.600 - 88 58.855 1
62380.607 - 88 57.010 1
62380.613 - 88 54.075 1
62380.620 - 88 51.195 1
62380.684 - 88 48.258 1
62380.700 - 88 46.329 1
62380.710 - 88 43.396 1
62380.718 - 88 38.641 1
62380.724 - 88 35.627 1
62380.731 - 88 33.709 1
62380.737 - 88 29.851 1
62380.744 - 88 26.793 1
62380.750 - 88 23.825 1
62380.756 - 88 19.999 1
62380.774 - 88 17.036 1
62384.000 # 1500
62384.000 # 1500
62384.125 + 88 1
62387.081 + 88 1
62390.230 + 88 1
62395.924 + 88 1
62402.964 + 88 1
62404.000 # 1500
62404.000 # 1500
62404.000 # 1500
62404.786 - 88 20.661 1
62404.808 - 88 17.727 1
62404.816 - 88 14.586 1
62404.823 - 88 8.899 1
62404.832 - 88 1.868 1
62406.000 # 1500
62406.744 + 88 1
62406.854 + 88 1
62408.882 + 88 1
62409.000 # 1500
62409.000 # 1500
62409.316 - 88 2.572 1
62409.350 - 88 2.496 1
62409.738 + 88 1
62410.000 # 1500
62410.149 - 88 1.267 1
62410.168 - 88 0.430 1
62412.000 # 1500
62414.726 + 88 1
62417.000 # 1500
62417.000 # 1500
62417.000 # 1500
62417.488 - 88 2.762 1
62420.719 + 88 1
62425.000 # 1500
62425.330 - 88 4.611 1
62427.000 # 1500
62427.346 + 88 1
62429.343 + 88 1
62429.455 + 88 1
62429.489 + 88 1
62430.000 # 1500
62431.090 - 88 3.744 1
62431.112 - 88 1.769 1
62431.121 - 88 1.666 1
62431.128 - 88 1.639 1
62432.291 + 88 1
62433.000 # 1500
62434.250 - 88 1.959 1
62436.000 # 1500
62438.000 # 1500
62438.182 + 88 1
62439.000 # 1500
62440.112 - 88 1.930 1
62440.456 + 88 1
62443.000 # 1500
62444.057 + 88 1
62444.268 - 88 3.812 1
62447.000 # 1500
62447.760 - 88 3.703 1
62448.376 + 88 1
62449.000 # 1500
62449.816 - 88 1.440 1
62450.118 + 88 1
62451.000 # 1500
62451.951 - 88 1.833 1
62454.626 + 88 1
62455.000 # 1500
62456.562 - 88 1.936 1
62457.981 + 88 1
62458.000 # 1500
62459.000 # 1500
62460.000 # 1500
62460.462 - 88 2.481 1
62462.000 # 1500
62462.492 + 88 1
62464.406 + 88 1
62466.000 # 1500
62467.405 - 88 4.913 1
62467.425 - 88 3.019 1
62468.000 # 1500
62468.896 + 88 1
62470.000 # 1500
62471.000 # 1500
62471.322 - 88 2.426 1
62480.028 + 88 1
62484.000 # 1500
62484.000 # 1500
62484.000 # 1500
62484.000 # 1500
62484.883 - 88 4.855 1
62485.244 + 88 1
62486.000 # 1500
62487.000 # 1500
62487.045 - 88 1.801 1
62489.345 + 88 1
62491.000 # 1500
62492.239 - 88 2.894 1
62492.809 + 88 1
62494.000 # 1500
62494.635 - 88 1.826 1
62496.000 # 1500
62497.739 + 88 1
62501.532 + 88 1
62503.000 # 1500
62504.697 + 88 1
62504.779 - 88 7.040 1
62504.799 - 88 3.267 1
62508.000 # 1500
62508.343 + 88 1
62508.776 - 88 4.079 1
62511.237 + 88 1
62512.000 # 1500
62512.000 # 1500
62513.158 - 88 4.815 1
62513.179 - 88 1.942 1
62514.203 + 88 1
62521.000 # 1500
62522.519 - 88 8.316 1
62522.523 + 88 1
62522.694 + 88 1
62523.375 + 88 1
62525.000 # 1500
62525.982 - 88 3.459 1
62526.014 - 88 3.320 1
62526.028 - 88 2.653 1
62528.364 + 88 1
62529.000 # 1500
62530.337 - 88 1.973 1
62531.000 # 1500
62533.377 + 88 1
62533.495 + 88 1
62535.000 # 1500
62536.000 # 1500
62536.243 + 88 1
62536.305 - 88 2.928 1
62536.325 - 88 2.830 1
62538.000 # 1500
62538.957 - 88 2.714 1
62539.000 # 1500
62540.972 + 88 1
62542.000 # 1500
62543.038 - 88 2.066 1
62545.959 + 88 1
62546.000 # 1500
62546.442 + 88 1
62549.000 # 1500
62550.150 + 88 1
62550.276 - 88 4.317 1
62550.295 - 88 3.853 1
62551.000 # 1500
62552.211 - 88 2.061 1
62553.810 + 88 1
62554.000 # 1500
62555.000 # 1500
62555.715 - 88 1.905 1
62556.234 + 88 1
62557.000 # 1500
62557.713 + 88 1
62557.775 - 88 1.541 1
62558.967 + 88 1
62559.000 # 1500
62559.250 - 88 1.537 1
62563.514 + 88 1
62564.468 + 88 1
62567.000 # 1500
62568.333 - 88 9.366 1
62568.354 - 88 4.840 1
62568.361 - 88 3.893 1
62568.673 + 88 1
62569.000 # 1500
62570.278 - 88 1.605 1
62571.344 + 88 1
62572.000 # 1500
62573.287 - 88 1.943 1
62574.000 # 1500
62574.312 + 88 1
62576.000 # 1500
62577.172 - 88 2.860 1
62577.498 + 88 1
62578.000 # 1500
62579.078 - 88 1.580 1
62580.000 # 1500
62582.000 # 1500
62585.000 # 1500
62588.000 # 1500
62590.000 # 1500
62591.000 # 1500
62591.154 + 88 1
62591.195 + 88 1
62595.264 + 88 1
62595.380 + 88 1
62596.000 # 1500
62596.950 - 88 5.796 1
62596.972 - 88 5.777 1
62596.980 - 88 1.716 1
62596.987 - 88 1.607 1
62598.000 # 1500
62600.000 # 1500
62604.000 # 1500
62606.000 # 1500
62607.000 # 1500
62607.386 + 88 1
62607.422 + 88 1
62609.000 # 1500
62609.224 + 88 1
62609.682 - 88 2.296 1
62609.702 - 88 2.280 1
62611.000 # 1500
62612.838 - 88 3.614 1
62615.000 # 1500
62616.000 # 1500
62622.452 + 88 1
62626.000 # 1500
62626.924 + 88 1
62627.496 - 88 5.044 1
62628.391 + 88 1
62631.000 # 1500
62631.262 + 88 1
62631.699 - 88 4.775 1
62631.720 - 88 3.329 1
62633.262 + 88 1
62635.274 + 88 1
62637.000 # 1500
62638.290 - 88 7.028 1
62638.311 - 88 5.049 1
62638.319 - 88 3.045 1
62639.000 # 1500
62643.000 # 1500
62645.000 # 1500
62647.000 # 1500
62648.000 # 1500
62649.920 + 88 1
62650.031 + 88 1
62650.065 + 88 1
62650.096 + 88 1
62651.000 # 1500
62651.905 - 88 1.985 1
62651.981 - 88 1.950 1
62651.998 - 88 1.933 1
62652.007 - 88 1.911 1
62652.182 + 88 1
62653.000 # 1500
62654.573 - 88 2.391 1
62655.000 # 1500
62655.130 + 88 1
62658.282 + 88 1
62659.000 # 1500
62659.974 - 88 4.844 1
62660.000 # 1500
62660.042 - 88 1.760 1
62660.849 + 88 1
62662.000 # 1500
62662.496 - 88 1.647 1
62662.642 + 88 1
62664.000 # 1500
62665.423 - 88 2.781 1
62665.574 + 88 1
62666.000 # 1500
62667.395 - 88 1.821 1
62669.469 + 88 1
62671.000 # 1500
62671.414 + 88 1
62671.598 - 88 2.129 1
62673.193 + 88 1
62676.000 # 1500
62676.476 + 88 1
62676.829 - 88 5.415 1
62676.852 - 88 3.659 1
62678.000 # 1500
62679.609 - 88 3.133 1
62681.000 # 1500
62683.000 # 1500
62686.000 # 1500
62687.000 # 1500
62687.041 + 88 1
62687.158 + 88 1
62687.193 + 88 1
62687.298 + 88 1
62689.000 # 1500
62689.981 - 88 2.940 1
62690.000 # 1500
62690.063 + 88 1
62690.108 - 88 2.950 1
62690.180 - 88 2.987 1
62690.204 - 88 2.906 1
62691.903 + 88 1
62692.000 # 1500
62692.259 - 88 2.196 1
62695.000 # 1500
62695.591 - 88 3.688 1
62696.000 # 1500
62699.000 # 1500
62700.000 # 1500
62702.000 # 1500
62702.724 + 88 1
62702.838 + 88 1
62703.000 # 1500
62703.132 - 88 0.408 1
62704.500 + 88 1
62704.609 + 88 1
62704.642 + 88 1
62705.000 # 1500
62706.000 # 1500
62706.343 - 88 3.505 1
62706.410 - 88 1.910 1
62706.428 - 88 1.819 1
62706.438 - 88 1.796 1
62707.434 + 88 1
62708.000 # 1500
62709.243 - 88 1.809 1
62710.000 # 1500
62710.423 + 88 1
62711.000 # 1500
62712.182 - 88 1.759 1
62713.000 # 1500
62713.731 + 88 1
62714.000 # 1500
62715.991 - 88 2.260 1
62716.391 + 88 1
62717.000 # 1500
62717.994 - 88 1.603 1
62719.000 # 1500
62721.000 # 1500
62722.000 # 1500
62725.000 # 1500
62727.000 # 1500
62733.000 # 1500
62740.000 # 1500
62752.760 + 88 1
62755.677 + 88 1
62758.626 + 88 1
62761.000 # 1500
62761.468 + 88 1
62761.731 - 88 8.971 1
62761.788 - 88 6.111 1
62761.927 - 88 3.301 1
62763.000 # 1500
62766.042 - 88 4.574 1
62766.419 + 88 1
62769.222 + 88 1
62772.817 + 88 1
62774.000 # 1500
62774.725 - 88 8.306 1
62774.757 - 88 5.535 1
62774.801 - 88 1.984 1
62777.067 + 88 1
62778.000 # 1500
62778.000 # 1500
62778.000 # 1500
62778.614 - 88 1.547 1
62778.962 + 88 1
62779.000 # 1500
62779.000 # 1500
62780.791 + 88 1
62781.000 # 1500
62781.058 - 88 2.096 1
62781.088 - 88 0.297 1
62783.000 # 1500
62783.800 + 88 1
62785.000 # 1500
62785.645 + 88 1
62785.898 - 88 2.098 1
62787.000 # 1500
62788.710 - 88 3.065 1
62789.000 # 1500
62792.067 + 88 1
62792.209 + 88 1
62793.000 # 1500
62793.674 - 88 1.607 1
62793.895 - 88 1.686 1
62795.000 # 1500
62796.000 # 1500
62796.683 + 88 1
62802.000 # 1500
62804.000 # 1500
62805.000 # 1500
62807.817 - 88 11.134 1
62808.000 # 1500
62808.241 + 88 1
62808.392 + 88 1
62808.443 + 88 1
62808.541 + 88 1
62810.744 + 88 1
62811.000 # 1500
62812.728 + 88 1
62812.749 - 88 4.508 1
62812.813 - 88 4.421 1
62812.994 - 88 4.551 1
62813.000 # 1500
62813.025 - 88 4.484 1
62813.041 - 88 2.297 1
62818.000 # 1500
62818.000 # 1500
62818.661 + 88 1
62818.821 - 88 6.093 1
62827.299 + 88 1
62827.360 + 88 1
62829.000 # 1500
62829.000 # 1500
62829.000 # 1500
62831.000 # 1500
62836.494 - 88 17.833 1
62836.667 - 88 9.368 1
62836.687 - 88 9.327 1
62845.000 # 1500
62845.000 # 1500
62845.000 # 1500
62845.000 # 1500
62847.000 # 1500
62850.000 # 1500
62851.463 + 88 1
62853.000 # 1500
62853.418 - 88 1.955 1
62856.000 # 1500
62856.198 + 88 1
62858.000 # 1500
62859.000 # 1500
62859.157 - 88 2.959 1
62861.000 # 1500
62861.043 + 88 1
62865.000 # 1500
62865.812 - 88 4.769 1
62866.180 + 88 1
62867.000 # 1500
62867.724 - 88 1.544 1
62869.702 + 88 1
62871.000 # 1500
62871.000 # 1500
62872.831 - 88 3.129 1
62874.613 + 88 1
62878.544 + 88 1
62881.000 # 1500
62881.000 # 1500
62881.000 # 1500
62881.000 # 1500
62882.000 # 1500
62882.417 - 88 7.804 1
62882.544 - 88 4.000 1
62884.000 # 1500
62892.464 + 88 1
62892.528 + 88 1
62892.579 + 88 1
62892.879 + 88 1
62896.645 + 88 1
62896.709 + 88 1
62899.594 + 88 1
62901.515 + 88 1
62903.584 + 88 1
62905.000 # 1500
62905.000 # 1500
62905.441 + 88 1
62905.724 - 88 13.260 1
62905.846 - 88 13.318 1
62906.115 - 88 13.536 1
62906.138 - 88 13.259 1
62906.152 - 88 9.507 1
62906.164 - 88 9.455 1
62906.179 - 88 6.585 1
62906.193 - 88 4.678 1
62906.208 - 88 2.624 1
62923.000 # 1500
62924.000 # 1500
62924.401 - 88 18.960 1
62929.000 # 1500
62929.000 # 1500
62929.000 # 1500
62929.000 # 1500
62929.000 # 1500
62930.420 + 88 1
62938.000 # 1500
62940.000 # 1500
62940.000 # 1500
62940.000 # 1500
62940.000 # 1500
62941.000 # 1500
62941.827 + 88 1
62942.122 - 88 11.702 1
62951.000 # 1500
62951.000 # 1500
62951.000 # 1500
62951.000 # 1500
62951.656 + 88 1
62951.791 - 88 9.964 1
62954.614 + 88 1
62960.482 + 88 1
62962.468 + 88 1
62963.000 # 1500
62964.000 # 1500
62964.000 # 1500
62964.000 # 1500
62964.000 # 1500
62964.000 # 1500
62964.196 - 88 12.540 1
62964.327 - 88 9.713 1
62964.399 - 88 3.917 1
62964.425 - 88 1.957 1
62966.000 # 1500
62966.429 + 88 1
62968.000 # 1500
62969.214 - 88 2.785 1
62986.000 # 1500
62987.000 # 1500
62996.436 + 88 1
62998.000 # 1500
62998.000 # 1500
62998.000 # 1500
62999.129 - 88 2.693 1
63001.000 # 1500
63004.223 + 88 1
63004.368 + 88 1
63005.000 # 1500
63006.006 - 88 1.783 1
63006.181 - 88 1.813 1
63007.000 # 1500
63009.000 # 1500
63010.308 + 88 1
63010.369 + 88 1
63011.000 # 1500
63013.000 # 1500
63019.000 # 1500
63020.955 - 88 10.647 1
63021.082 - 88 10.713 1
63021.380 + 88 1
63021.521 + 88 1
63021.574 + 88 1
63026.000 # 1500
63026.869 + 88 1
63026.928 + 88 1
63027.039 - 88 5.659 1
63027.159 - 88 5.638 1
63027.180 - 88 5.606 1
63027.355 + 88 1
63027.494 + 88 1
63029.000 # 1500
63032.062 + 88 1
63032.258 - 88 5.389 1
63032.338 - 88 5.410 1
63032.360 - 88 5.005 1
63032.375 - 88 4.881 1
63033.000 # 1500
63033.797 - 88 1.735 1
63033.808 + 88 1
63034.000 # 1500
63035.613 - 88 1.805 1
63036.000 # 1500
63036.098 + 88 1
63042.000 # 1500
63042.626 + 88 1
63043.038 - 88 6.940 1
63045.000 # 1500
63048.827 - 88 6.201 1
63053.000 # 1500
63055.000 # 1500
63057.000 # 1500
63059.000 # 1500
63067.000 # 1500
63068.000 # 1500
63070.000 # 1500
63073.000 # 1500
63085.000 # 1500
63085.000 # 1500
63085.000 # 1500
63085.000 # 1500
63088.000 # 1500
63090.000 # 1500
63096.000 # 1500
63099.000 # 1500
63105.000 # 1500
63108.000 # 1500
