# mahimahi mm-link (Downlink) [/usr/share/mahimahi/traces/Verizon-LTE-short.down] > /home/bradley/pantheon/my_logs/profileA/bbr_mm_acklink_run1.log
# command line: 'mm-link' '/usr/share/mahimahi/traces/Verizon-LTE-short.up' '/usr/share/mahimahi/traces/Verizon-LTE-short.down' '--uplink-log=/home/bradley/pantheon/my_logs/profileA/bbr_mm_datalink_run1.log' '--downlink-log=/home/bradley/pantheon/my_logs/profileA/bbr_mm_acklink_run1.log' 'python' '/home/bradley/pantheon/src/experiments/tunnel_manager.py'
# queue: infinite
# init timestamp: 1744936366058
# base timestamp: 34
34 # 1504
34 # 1504
35 # 1504
35 # 1504
35 + 80
35 + 52
35 + 80
36 # 1504
36 - 80 1
36 - 52 1
36 - 80 1
36 # 1504
37 # 1504
37 # 1504
37 # 1504
37 # 1504
39 # 1504
39 # 1504
40 # 1504
40 # 1504
40 # 1504
41 # 1504
42 # 1504
43 # 1504
43 # 1504
44 # 1504
45 # 1504
45 # 1504
46 # 1504
55 # 1504
55 # 1504
56 # 1504
56 # 1504
56 # 1504
56 # 1504
56 # 1504
57 # 1504
57 # 1504
58 # 1504
66 # 1504
67 # 1504
68 # 1504
69 # 1504
70 # 1504
71 # 1504
71 # 1504
74 # 1504
78 + 40
79 # 1504
79 - 40 1
79 # 1504
80 # 1504
80 # 1504
80 # 1504
80 # 1504
80 # 1504
81 # 1504
83 # 1504
84 # 1504
84 # 1504
86 # 1504
86 # 1504
87 # 1504
88 # 1504
89 # 1504
91 # 1504
91 # 1504
91 # 1504
92 # 1504
93 # 1504
94 # 1504
94 # 1504
95 # 1504
96 # 1504
97 # 1504
97 # 1504
98 # 1504
99 # 1504
100 # 1504
101 # 1504
103 # 1504
104 # 1504
106 # 1504
106 # 1504
110 # 1504
110 # 1504
110 # 1504
110 # 1504
112 # 1504
112 # 1504
112 # 1504
113 # 1504
114 # 1504
115 # 1504
115 # 1504
116 # 1504
117 # 1504
119 # 1504
121 # 1504
122 # 1504
123 # 1504
124 # 1504
125 # 1504
125 # 1504
127 # 1504
127 # 1504
128 # 1504
129 # 1504
129 # 1504
130 # 1504
133 # 1504
135 # 1504
135 # 1504
135 # 1504
136 # 1504
138 # 1504
139 # 1504
140 # 1504
141 # 1504
142 # 1504
142 # 1504
142 # 1504
143 # 1504
145 # 1504
145 # 1504
145 # 1504
147 # 1504
147 # 1504
148 # 1504
150 # 1504
150 # 1504
151 # 1504
151 # 1504
152 # 1504
154 # 1504
154 # 1504
155 # 1504
155 # 1504
156 # 1504
156 # 1504
157 # 1504
157 # 1504
159 # 1504
159 # 1504
159 # 1504
161 # 1504
161 # 1504
162 # 1504
162 # 1504
162 # 1504
165 # 1504
165 # 1504
165 # 1504
167 # 1504
167 # 1504
168 # 1504
168 # 1504
168 # 1504
170 # 1504
170 # 1504
171 # 1504
171 # 1504
172 # 1504
172 # 1504
172 # 1504
174 # 1504
174 # 1504
175 # 1504
175 # 1504
175 # 1504
176 # 1504
185 # 1504
186 # 1504
186 # 1504
186 # 1504
186 # 1504
186 # 1504
186 # 1504
186 # 1504
186 # 1504
190 # 1504
190 # 1504
190 # 1504
190 # 1504
190 # 1504
190 # 1504
190 # 1504
191 # 1504
191 # 1504
191 # 1504
191 # 1504
192 # 1504
192 # 1504
193 # 1504
193 # 1504
195 # 1504
195 # 1504
195 # 1504
196 # 1504
196 # 1504
197 # 1504
198 # 1504
202 # 1504
202 # 1504
202 # 1504
202 # 1504
202 # 1504
203 # 1504
203 # 1504
203 # 1504
205 # 1504
205 # 1504
206 # 1504
206 # 1504
207 # 1504
207 # 1504
207 # 1504
208 # 1504
208 # 1504
209 # 1504
209 # 1504
211 # 1504
211 # 1504
212 # 1504
212 # 1504
212 # 1504
214 # 1504
215 # 1504
215 # 1504
216 # 1504
216 # 1504
217 # 1504
217 # 1504
219 # 1504
219 # 1504
219 # 1504
221 # 1504
221 # 1504
223 # 1504
224 # 1504
224 # 1504
225 # 1504
225 # 1504
234 # 1504
234 # 1504
234 # 1504
234 # 1504
235 # 1504
235 # 1504
235 # 1504
235 # 1504
235 # 1504
235 # 1504
235 # 1504
236 # 1504
236 # 1504
237 # 1504
237 # 1504
238 # 1504
238 # 1504
239 # 1504
239 # 1504
249 # 1504
249 # 1504
249 # 1504
251 # 1504
251 # 1504
251 # 1504
251 # 1504
252 # 1504
252 # 1504
252 # 1504
252 # 1504
252 # 1504
252 # 1504
253 # 1504
254 # 1504
255 # 1504
256 # 1504
256 # 1504
258 # 1504
258 # 1504
258 # 1504
260 # 1504
262 # 1504
262 # 1504
262 # 1504
262 # 1504
262 # 1504
264 # 1504
264 # 1504
264 # 1504
266 # 1504
266 # 1504
266 # 1504
267 # 1504
268 # 1504
269 # 1504
269 # 1504
270 # 1504
271 # 1504
272 # 1504
274 # 1504
274 # 1504
274 # 1504
275 # 1504
275 # 1504
276 # 1504
277 # 1504
277 # 1504
278 # 1504
280 # 1504
281 # 1504
281 # 1504
282 # 1504
283 # 1504
283 # 1504
284 # 1504
286 # 1504
286 # 1504
286 # 1504
287 # 1504
299 # 1504
299 # 1504
299 # 1504
299 # 1504
300 # 1504
300 # 1504
300 # 1504
300 # 1504
300 # 1504
300 # 1504
300 # 1504
300 # 1504
300 # 1504
301 # 1504
301 # 1504
301 # 1504
302 # 1504
302 # 1504
302 # 1504
303 # 1504
305 # 1504
305 # 1504
306 # 1504
306 # 1504
306 # 1504
307 # 1504
308 # 1504
309 # 1504
309 # 1504
311 # 1504
311 # 1504
312 # 1504
312 # 1504
312 # 1504
322 # 1504
323 # 1504
323 # 1504
323 # 1504
325 # 1504
326 # 1504
326 # 1504
327 # 1504
329 # 1504
329 # 1504
329 # 1504
331 # 1504
331 # 1504
332 # 1504
333 # 1504
335 # 1504
335 # 1504
336 # 1504
336 # 1504
336 # 1504
338 # 1504
338 # 1504
338 + 80
339 # 1504
339 - 80 1
339 # 1504
340 # 1504
342 # 1504
344 # 1504
344 # 1504
345 # 1504
345 # 1504
346 # 1504
346 # 1504
347 # 1504
348 # 1504
350 # 1504
350 # 1504
350 # 1504
351 # 1504
351 # 1504
352 # 1504
353 # 1504
354 # 1504
354 # 1504
355 # 1504
355 # 1504
356 # 1504
356 # 1504
357 # 1504
360 # 1504
360 # 1504
360 # 1504
362 # 1504
363 # 1504
364 # 1504
364 # 1504
374 # 1504
375 # 1504
375 # 1504
375 # 1504
375 # 1504
375 # 1504
375 # 1504
375 # 1504
376 # 1504
376 # 1504
376 # 1504
376 # 1504
376 # 1504
378 # 1504
378 # 1504
378 # 1504
380 # 1504
381 # 1504
381 # 1504
382 # 1504
383 # 1504
384 # 1504
384 # 1504
385 # 1504
386 # 1504
386 # 1504
389 # 1504
389 # 1504
389 # 1504
391 # 1504
391 # 1504
392 # 1504
392 # 1504
392 # 1504
394 # 1504
394 # 1504
395 # 1504
395 # 1504
396 # 1504
397 # 1504
399 # 1504
400 # 1504
400 # 1504
401 # 1504
402 # 1504
402 # 1504
403 # 1504
404 # 1504
405 # 1504
406 # 1504
409 # 1504
409 # 1504
411 # 1504
411 # 1504
411 # 1504
412 # 1504
412 # 1504
413 # 1504
415 # 1504
415 # 1504
415 # 1504
416 # 1504
417 # 1504
419 # 1504
420 # 1504
420 # 1504
422 # 1504
422 # 1504
423 # 1504
426 # 1504
427 # 1504
427 # 1504
434 # 1504
434 # 1504
439 # 1504
439 # 1504
441 # 1504
441 # 1504
441 # 1504
441 # 1504
441 # 1504
441 # 1504
442 # 1504
452 # 1504
452 # 1504
452 # 1504
452 # 1504
453 # 1504
453 # 1504
453 # 1504
453 # 1504
453 # 1504
453 # 1504
453 # 1504
453 # 1504
454 # 1504
454 # 1504
455 # 1504
456 # 1504
456 # 1504
456 # 1504
457 # 1504
465 # 1504
465 # 1504
469 # 1504
469 # 1504
469 # 1504
470 # 1504
470 # 1504
470 # 1504
470 # 1504
470 # 1504
470 # 1504
470 # 1504
470 # 1504
470 # 1504
471 # 1504
471 # 1504
472 # 1504
473 # 1504
474 # 1504
474 # 1504
475 # 1504
477 # 1504
477 # 1504
477 # 1504
478 # 1504
479 # 1504
479 # 1504
480 # 1504
481 # 1504
481 # 1504
483 # 1504
484 # 1504
484 # 1504
484 # 1504
485 # 1504
486 # 1504
486 # 1504
488 # 1504
489 # 1504
491 # 1504
491 # 1504
493 # 1504
494 # 1504
495 # 1504
496 # 1504
500 # 1504
500 # 1504
500 # 1504
510 # 1504
511 # 1504
511 # 1504
511 # 1504
512 # 1504
513 # 1504
514 # 1504
514 # 1504
516 # 1504
516 # 1504
517 # 1504
518 # 1504
519 # 1504
519 # 1504
521 # 1504
521 # 1504
522 # 1504
523 # 1504
523 # 1504
524 # 1504
525 # 1504
527 # 1504
527 # 1504
528 # 1504
529 # 1504
531 # 1504
532 # 1504
532 # 1504
532 # 1504
533 # 1504
535 # 1504
536 # 1504
536 # 1504
536 # 1504
539 # 1504
541 # 1504
541 # 1504
542 # 1504
543 # 1504
545 # 1504
546 # 1504
546 # 1504
547 # 1504
548 # 1504
550 # 1504
551 # 1504
551 # 1504
551 # 1504
552 # 1504
553 # 1504
554 # 1504
554 # 1504
555 # 1504
556 # 1504
556 # 1504
558 # 1504
559 # 1504
561 # 1504
561 # 1504
563 # 1504
563 # 1504
564 # 1504
565 # 1504
565 # 1504
566 # 1504
567 # 1504
569 # 1504
570 # 1504
570 # 1504
571 # 1504
572 # 1504
574 # 1504
574 # 1504
574 # 1504
577 # 1504
577 # 1504
577 # 1504
578 # 1504
579 # 1504
579 # 1504
580 # 1504
581 # 1504
582 # 1504
584 # 1504
585 # 1504
586 # 1504
586 # 1504
587 # 1504
587 # 1504
587 # 1504
588 # 1504
589 # 1504
590 # 1504
590 # 1504
591 # 1504
591 # 1504
592 # 1504
592 # 1504
593 # 1504
595 # 1504
595 # 1504
595 # 1504
596 # 1504
597 # 1504
598 # 1504
599 # 1504
600 # 1504
600 # 1504
603 # 1504
604 # 1504
605 # 1504
605 # 1504
607 # 1504
607 # 1504
608 # 1504
609 # 1504
609 # 1504
609 # 1504
610 # 1504
611 # 1504
612 # 1504
612 # 1504
612 # 1504
613 # 1504
614 # 1504
614 # 1504
615 # 1504
617 # 1504
617 # 1504
617 # 1504
618 # 1504
620 # 1504
620 # 1504
629 # 1504
629 # 1504
629 # 1504
629 # 1504
630 # 1504
630 # 1504
630 # 1504
630 # 1504
630 # 1504
630 # 1504
630 # 1504
630 # 1504
630 # 1504
630 # 1504
631 # 1504
639 # 1504
639 # 1504
639 # 1504
639 # 1504
639 # 1504
640 # 1504
640 # 1504
640 # 1504
640 # 1504
640 # 1504
640 # 1504
643 + 80
647 # 1504
647 - 80 4
647 # 1504
647 # 1504
647 # 1504
647 # 1504
648 # 1504
648 # 1504
648 # 1504
650 # 1504
651 # 1504
651 # 1504
652 # 1504
654 # 1504
655 # 1504
664 # 1504
664 # 1504
664 # 1504
667 # 1504
668 # 1504
669 # 1504
669 # 1504
669 # 1504
669 # 1504
669 # 1504
669 # 1504
669 # 1504
669 # 1504
670 # 1504
671 # 1504
671 # 1504
673 # 1504
674 # 1504
675 # 1504
675 # 1504
676 # 1504
677 # 1504
678 # 1504
678 # 1504
680 # 1504
681 # 1504
683 # 1504
683 # 1504
684 # 1504
685 # 1504
686 # 1504
686 # 1504
688 # 1504
689 # 1504
689 # 1504
691 # 1504
692 # 1504
695 # 1504
695 # 1504
695 # 1504
696 # 1504
696 # 1504
698 # 1504
699 # 1504
700 # 1504
702 # 1504
704 # 1504
704 # 1504
704 # 1504
706 # 1504
717 # 1504
717 # 1504
718 # 1504
718 # 1504
718 # 1504
718 # 1504
718 # 1504
718 # 1504
722 # 1504
724 # 1504
724 # 1504
724 # 1504
724 # 1504
725 # 1504
725 # 1504
725 # 1504
725 # 1504
725 # 1504
725 # 1504
725 # 1504
734 # 1504
734 # 1504
734 # 1504
734 # 1504
734 # 1504
735 # 1504
735 # 1504
735 # 1504
745 # 1504
745 # 1504
745 # 1504
745 # 1504
745 # 1504
745 # 1504
745 # 1504
745 # 1504
745 # 1504
746 # 1504
746 # 1504
746 # 1504
746 # 1504
755 # 1504
755 # 1504
755 # 1504
755 # 1504
755 # 1504
755 # 1504
755 # 1504
756 # 1504
756 # 1504
756 # 1504
757 # 1504
759 # 1504
759 # 1504
759 # 1504
761 # 1504
761 # 1504
771 # 1504
771 # 1504
771 # 1504
771 # 1504
771 # 1504
774 # 1504
775 # 1504
775 # 1504
776 # 1504
778 # 1504
779 # 1504
779 # 1504
780 # 1504
780 # 1504
784 # 1504
784 # 1504
799 # 1504
799 # 1504
799 # 1504
799 # 1504
800 # 1504
800 # 1504
800 # 1504
800 # 1504
801 # 1504
801 # 1504
802 # 1504
805 # 1504
805 # 1504
806 # 1504
807 # 1504
808 # 1504
809 # 1504
811 # 1504
811 # 1504
815 # 1504
818 # 1504
819 # 1504
821 # 1504
824 # 1504
824 # 1504
825 # 1504
825 # 1504
826 # 1504
829 # 1504
829 # 1504
834 # 1504
836 # 1504
836 # 1504
838 # 1504
838 # 1504
839 # 1504
840 # 1504
841 # 1504
844 # 1504
844 # 1504
845 # 1504
846 # 1504
847 # 1504
848 # 1504
849 # 1504
851 # 1504
854 # 1504
856 # 1504
857 # 1504
858 # 1504
860 # 1504
862 # 1504
864 # 1504
866 # 1504
879 # 1504
880 # 1504
890 # 1504
900 # 1504
910 # 1504
910 # 1504
915 # 1504
918 # 1504
918 # 1504
919 # 1504
921 # 1504
921 # 1504
922 # 1504
923 # 1504
928 # 1504
928 # 1504
928 # 1504
929 # 1504
930 # 1504
932 # 1504
934 # 1504
935 # 1504
935 # 1504
937 # 1504
938 # 1504
940 # 1504
944 # 1504
944 # 1504
955 # 1504
955 # 1504
955 # 1504
956 # 1504
956 # 1504
956 # 1504
956 # 1504
956 # 1504
956 # 1504
956 # 1504
956 # 1504
957 # 1504
957 # 1504
958 # 1504
967 # 1504
967 # 1504
967 # 1504
967 # 1504
967 # 1504
967 # 1504
967 # 1504
968 # 1504
973 # 1504
975 # 1504
975 # 1504
984 # 1504
984 # 1504
984 # 1504
984 # 1504
984 # 1504
984 # 1504
984 # 1504
985 # 1504
995 # 1504
995 # 1504
995 # 1504
995 # 1504
995 # 1504
995 # 1504
995 # 1504
995 # 1504
995 # 1504
1001 # 1504
1001 # 1504
1002 # 1504
1002 # 1504
1002 # 1504
1002 # 1504
1002 # 1504
1002 # 1504
1002 # 1504
1002 # 1504
1002 # 1504
1003 # 1504
1005 # 1504
1005 # 1504
1005 # 1504
1015 # 1504
1015 # 1504
1015 # 1504
1015 # 1504
1016 # 1504
1016 # 1504
1016 # 1504
1016 # 1504
1016 # 1504
1016 # 1504
1020 # 1504
1020 # 1504
1021 # 1504
1021 # 1504
1022 # 1504
1024 # 1504
1025 # 1504
1025 # 1504
1025 # 1504
1029 # 1504
1029 # 1504
1029 # 1504
1031 # 1504
1032 # 1504
1032 # 1504
1032 # 1504
1044 # 1504
1044 # 1504
1045 # 1504
1045 # 1504
1045 # 1504
1046 # 1504
1046 # 1504
1046 # 1504
1046 # 1504
1047 # 1504
1047 # 1504
1047 # 1504
1047 # 1504
1047 # 1504
1047 # 1504
1047 # 1504
1047 # 1504
1047 # 1504
1048 # 1504
1048 # 1504
1049 # 1504
1049 # 1504
1050 # 1504
1050 # 1504
1053 # 1504
1053 # 1504
1054 # 1504
1054 # 1504
1055 # 1504
1056 # 1504
1056 # 1504
1066 # 1504
1066 # 1504
1066 # 1504
1066 # 1504
1066 # 1504
1066 # 1504
1066 # 1504
1066 # 1504
1066 # 1504
1066 # 1504
1067 # 1504
1067 # 1504
1069 # 1504
1069 # 1504
1070 # 1504
1070 # 1504
1071 # 1504
1071 # 1504
1072 # 1504
1072 # 1504
1073 # 1504
1074 # 1504
1075 # 1504
1076 # 1504
1076 # 1504
1076 # 1504
1077 # 1504
1077 # 1504
1078 # 1504
1081 # 1504
1081 # 1504
1081 # 1504
1082 # 1504
1083 # 1504
1083 # 1504
1084 # 1504
1084 # 1504
1086 # 1504
1087 # 1504
1087 # 1504
1090 # 1504
1091 # 1504
1091 # 1504
1092 # 1504
1094 # 1504
1094 # 1504
1094 # 1504
1095 # 1504
1096 # 1504
1096 # 1504
1097 # 1504
1097 # 1504
1098 # 1504
1101 # 1504
1101 # 1504
1101 # 1504
1102 # 1504
1102 # 1504
1102 # 1504
1103 # 1504
1104 # 1504
1104 # 1504
1105 # 1504
1106 # 1504
1106 # 1504
1106 # 1504
1107 # 1504
1107 # 1504
1109 # 1504
1109 # 1504
1110 # 1504
1110 # 1504
1111 # 1504
1111 # 1504
1112 # 1504
1112 # 1504
1113 # 1504
1114 # 1504
1115 # 1504
1115 # 1504
1116 # 1504
1117 # 1504
1117 # 1504
1118 # 1504
1118 # 1504
1120 # 1504
1120 # 1504
1121 # 1504
1122 # 1504
1122 # 1504
1122 # 1504
1122 # 1504
1123 # 1504
1125 # 1504
1125 # 1504
1126 # 1504
1126 # 1504
1128 # 1504
1130 # 1504
1130 # 1504
1131 # 1504
1131 # 1504
1133 # 1504
1134 # 1504
1134 # 1504
1134 # 1504
1134 # 1504
1136 # 1504
1137 # 1504
1139 # 1504
1139 # 1504
1139 # 1504
1139 # 1504
1141 # 1504
1141 # 1504
1141 # 1504
1142 # 1504
1142 # 1504
1145 # 1504
1145 # 1504
1146 # 1504
1146 # 1504
1146 # 1504
1147 # 1504
1147 # 1504
1147 # 1504
1148 # 1504
1148 # 1504
1149 # 1504
1150 # 1504
1151 # 1504
1151 # 1504
1153 # 1504
1154 # 1504
1155 # 1504
1155 # 1504
1155 # 1504
1156 # 1504
1156 # 1504
1178 # 1504
1178 # 1504
1178 # 1504
1178 # 1504
1179 # 1504
1179 # 1504
1179 # 1504
1179 # 1504
1179 # 1504
1179 # 1504
1179 # 1504
1179 # 1504
1179 # 1504
1179 # 1504
1179 # 1504
1179 # 1504
1180 # 1504
1180 # 1504
1180 # 1504
1180 # 1504
1180 # 1504
1180 # 1504
1180 # 1504
1180 # 1504
1180 # 1504
1180 # 1504
1180 # 1504
1180 # 1504
1180 # 1504
1181 # 1504
1181 # 1504
1181 # 1504
1181 # 1504
1181 # 1504
1183 # 1504
1183 # 1504
1185 # 1504
1186 # 1504
1187 # 1504
1188 # 1504
1188 # 1504
1188 # 1504
1189 # 1504
1189 # 1504
1189 # 1504
1189 # 1504
1191 # 1504
1191 # 1504
1192 # 1504
1192 # 1504
1192 # 1504
1192 # 1504
1193 # 1504
1194 # 1504
1196 # 1504
1196 # 1504
1197 # 1504
1197 # 1504
1198 # 1504
1199 # 1504
1199 # 1504
1200 # 1504
1200 # 1504
1201 # 1504
1201 # 1504
1211 # 1504
1211 # 1504
1211 # 1504
1212 # 1504
1214 # 1504
1214 # 1504
1215 # 1504
1215 # 1504
1216 # 1504
1216 # 1504
1217 # 1504
1217 # 1504
1217 # 1504
1217 # 1504
1217 # 1504
1227 # 1504
1227 # 1504
1230 # 1504
1230 # 1504
1230 # 1504
1231 # 1504
1234 # 1504
1234 # 1504
1234 # 1504
1235 # 1504
1237 # 1504
1237 # 1504
1237 # 1504
1237 # 1504
1238 # 1504
1241 # 1504
1241 # 1504
1242 # 1504
1243 # 1504
1244 # 1504
1245 # 1504
1246 # 1504
1249 # 1504
1249 # 1504
1249 # 1504
1259 # 1504
1259 # 1504
1259 # 1504
1260 # 1504
1260 # 1504
1260 # 1504
1260 # 1504
1260 # 1504
1261 # 1504
1261 # 1504
1264 # 1504
1264 # 1504
1266 # 1504
1266 # 1504
1267 # 1504
1268 # 1504
1268 # 1504
1269 # 1504
1270 # 1504
1271 # 1504
1271 # 1504
1272 # 1504
1273 # 1504
1274 # 1504
1275 # 1504
1276 # 1504
1278 # 1504
1279 # 1504
1279 # 1504
1280 # 1504
1282 # 1504
1283 # 1504
1284 # 1504
1284 # 1504
1285 # 1504
1286 # 1504
1287 # 1504
1287 # 1504
1292 # 1504
1292 # 1504
1293 # 1504
1293 # 1504
1294 # 1504
1295 # 1504
1296 # 1504
1296 # 1504
1296 # 1504
1299 # 1504
1299 # 1504
1299 # 1504
1300 # 1504
1301 # 1504
1302 # 1504
1303 # 1504
1304 # 1504
1304 # 1504
1306 # 1504
1306 # 1504
1306 # 1504
1308 # 1504
1309 # 1504
1309 # 1504
1310 # 1504
1311 # 1504
1312 # 1504
1313 # 1504
1315 # 1504
1315 # 1504
1317 # 1504
1317 # 1504
1318 # 1504
1319 # 1504
1320 # 1504
1320 # 1504
1321 # 1504
1322 # 1504
1322 # 1504
1323 # 1504
1325 # 1504
1325 # 1504
1325 # 1504
1325 # 1504
1327 # 1504
1329 # 1504
1329 # 1504
1329 # 1504
1331 # 1504
1331 # 1504
1340 # 1504
1340 # 1504
1340 # 1504
1340 # 1504
1341 # 1504
1341 # 1504
1341 # 1504
1341 # 1504
1341 # 1504
1341 # 1504
1341 # 1504
1341 # 1504
1341 # 1504
1341 # 1504
1342 # 1504
1343 # 1504
1343 # 1504
1354 # 1504
1354 # 1504
1354 # 1504
1354 # 1504
1354 # 1504
1354 # 1504
1354 # 1504
1359 # 1504
1359 # 1504
1359 # 1504
1359 # 1504
1360 # 1504
1360 # 1504
1360 # 1504
1360 # 1504
1360 # 1504
1360 # 1504
1360 # 1504
1365 # 1504
1365 # 1504
1365 # 1504
1365 # 1504
1365 # 1504
1365 # 1504
1372 # 1504
1372 # 1504
1374 # 1504
1374 # 1504
1375 # 1504
1375 # 1504
1376 # 1504
1376 # 1504
1376 # 1504
1376 # 1504
1376 # 1504
1377 # 1504
1378 # 1504
1379 # 1504
1380 # 1504
1384 # 1504
1384 # 1504
1385 # 1504
1388 # 1504
1389 # 1504
1389 # 1504
1390 # 1504
1393 # 1504
1394 # 1504
1395 # 1504
1396 # 1504
1409 # 1504
1409 # 1504
1409 # 1504
1410 # 1504
1410 # 1504
1410 # 1504
1410 # 1504
1410 # 1504
1410 # 1504
1410 # 1504
1410 # 1504
1413 # 1504
1414 # 1504
1414 # 1504
1415 # 1504
1416 # 1504
1419 # 1504
1421 # 1504
1421 # 1504
1423 # 1504
1424 # 1504
1424 # 1504
1426 # 1504
1429 # 1504
1429 # 1504
1429 # 1504
1430 # 1504
1431 # 1504
1432 # 1504
1433 # 1504
1433 # 1504
1434 # 1504
1435 # 1504
1436 # 1504
1437 # 1504
1438 # 1504
1439 # 1504
1439 # 1504
1440 # 1504
1441 # 1504
1442 # 1504
1443 # 1504
1444 # 1504
1444 # 1504
1445 # 1504
1446 # 1504
1447 # 1504
1447 # 1504
1449 # 1504
1449 # 1504
1450 # 1504
1450 # 1504
1451 # 1504
1454 # 1504
1454 # 1504
1454 # 1504
1455 # 1504
1455 # 1504
1456 # 1504
1457 # 1504
1457 # 1504
1466 # 1504
1466 # 1504
1466 # 1504
1466 # 1504
1466 # 1504
1469 # 1504
1470 # 1504
1470 # 1504
1470 # 1504
1470 # 1504
1470 # 1504
1470 # 1504
1470 # 1504
1470 # 1504
1473 # 1504
1474 # 1504
1485 # 1504
1485 # 1504
1486 # 1504
1489 # 1504
1489 # 1504
1491 # 1504
1492 # 1504
1493 # 1504
1494 # 1504
1494 # 1504
1494 # 1504
1495 # 1504
1495 # 1504
1495 # 1504
1501 # 1504
1501 # 1504
1501 # 1504
1502 # 1504
1506 # 1504
1507 # 1504
1508 # 1504
1509 # 1504
1513 # 1504
1514 # 1504
1516 # 1504
1517 # 1504
1518 # 1504
1520 # 1504
1521 # 1504
1524 # 1504
1525 # 1504
1526 # 1504
1528 # 1504
1529 # 1504
1530 # 1504
1533 # 1504
1534 # 1504
1534 # 1504
1537 # 1504
1538 # 1504
1539 # 1504
1540 # 1504
1541 # 1504
1542 # 1504
1543 # 1504
1545 # 1504
1545 # 1504
1546 # 1504
1548 # 1504
1549 # 1504
1550 # 1504
1552 # 1504
1553 # 1504
1555 # 1504
1558 # 1504
1558 # 1504
1559 # 1504
1559 # 1504
1560 # 1504
1561 # 1504
1563 # 1504
1563 # 1504
1564 # 1504
1565 # 1504
1566 # 1504
1567 # 1504
1568 # 1504
1568 # 1504
1569 # 1504
1571 # 1504
1571 # 1504
1573 # 1504
1574 # 1504
1574 # 1504
1574 # 1504
1575 # 1504
1576 # 1504
1632 # 1504
1636 # 1504
1636 # 1504
1636 # 1504
1637 # 1504
1637 # 1504
1637 # 1504
1637 # 1504
1637 # 1504
1637 # 1504
1637 # 1504
1637 # 1504
1637 # 1504
1637 # 1504
1638 # 1504
1638 # 1504
1638 # 1504
1638 # 1504
1638 # 1504
1638 # 1504
1638 # 1504
1638 # 1504
1638 # 1504
1639 # 1504
1639 # 1504
1639 # 1504
1639 # 1504
1639 # 1504
1639 # 1504
1639 # 1504
1639 # 1504
1639 # 1504
1640 # 1504
1640 # 1504
1640 # 1504
1640 # 1504
1640 # 1504
1640 # 1504
1640 # 1504
1641 # 1504
1641 # 1504
1641 # 1504
1641 # 1504
1641 # 1504
1641 # 1504
1642 # 1504
1642 # 1504
1642 # 1504
1642 # 1504
1642 # 1504
1643 # 1504
1643 # 1504
1643 # 1504
1643 # 1504
1643 # 1504
1643 # 1504
1643 # 1504
1644 # 1504
1644 # 1504
1644 # 1504
1644 # 1504
1644 # 1504
1645 # 1504
1645 # 1504
1645 # 1504
1645 # 1504
1645 # 1504
1645 # 1504
1645 # 1504
1646 # 1504
1646 # 1504
1646 # 1504
1646 # 1504
1646 # 1504
1647 # 1504
1649 # 1504
1650 # 1504
1650 # 1504
1651 # 1504
1652 # 1504
1653 # 1504
1654 # 1504
1656 # 1504
1656 # 1504
1657 # 1504
1659 # 1504
1659 # 1504
1660 # 1504
1660 # 1504
1662 # 1504
1664 # 1504
1664 # 1504
1665 # 1504
1666 # 1504
1668 # 1504
1668 # 1504
1669 # 1504
1673 # 1504
1673 # 1504
1674 # 1504
1674 # 1504
1674 # 1504
1676 # 1504
1686 # 1504
1690 # 1504
1690 # 1504
1690 # 1504
1690 # 1504
1694 # 1504
1694 # 1504
1697 # 1504
1698 # 1504
1698 # 1504
1705 # 1504
1715 # 1504
1715 # 1504
1715 # 1504
1716 # 1504
1716 # 1504
1716 # 1504
1716 # 1504
1716 # 1504
1719 # 1504
1719 # 1504
1720 # 1504
1721 # 1504
1723 # 1504
1724 # 1504
1727 # 1504
1729 # 1504
1730 # 1504
1731 # 1504
1735 # 1504
1738 # 1504
1740 # 1504
1743 # 1504
1744 # 1504
1746 # 1504
1748 # 1504
1751 # 1504
1751 # 1504
1754 # 1504
1757 # 1504
1759 # 1504
1760 # 1504
1762 # 1504
1766 # 1504
1766 # 1504
1769 # 1504
1770 # 1504
1775 # 1504
1775 # 1504
1776 # 1504
1778 # 1504
1779 # 1504
1783 # 1504
1784 # 1504
1786 # 1504
1787 # 1504
1788 # 1504
1790 # 1504
1790 # 1504
1791 # 1504
1791 # 1504
1792 # 1504
1794 # 1504
1797 # 1504
1798 # 1504
1799 # 1504
1800 # 1504
1801 # 1504
1802 # 1504
1802 # 1504
1803 # 1504
1804 # 1504
1805 # 1504
1805 # 1504
1806 # 1504
1807 # 1504
1808 # 1504
1809 # 1504
1811 # 1504
1811 # 1504
1811 # 1504
1812 # 1504
1813 # 1504
1814 # 1504
1815 # 1504
1815 # 1504
1816 # 1504
1817 # 1504
1826 # 1504
1830 # 1504
1831 # 1504
1831 # 1504
1831 # 1504
1831 # 1504
1831 # 1504
1831 # 1504
1837 # 1504
1837 # 1504
1837 # 1504
1837 # 1504
1837 # 1504
1837 # 1504
1847 # 1504
1847 # 1504
1847 # 1504
1847 # 1504
1847 # 1504
1847 # 1504
1848 # 1504
1849 # 1504
1850 # 1504
1852 # 1504
1853 # 1504
1861 # 1504
1864 # 1504
1864 # 1504
1864 # 1504
1864 # 1504
1864 # 1504
1864 # 1504
1864 # 1504
1867 # 1504
1867 # 1504
1869 # 1504
1873 # 1504
1873 # 1504
1875 # 1504
1880 # 1504
1881 # 1504
1883 # 1504
1885 # 1504
1886 # 1504
1887 # 1504
1888 # 1504
1889 # 1504
1891 # 1504
1891 # 1504
1892 # 1504
1893 # 1504
1894 # 1504
1895 # 1504
1896 # 1504
1897 # 1504
1899 # 1504
1899 # 1504
1899 # 1504
1901 # 1504
1911 # 1504
1911 # 1504
1924 # 1504
1930 # 1504
1932 # 1504
1934 # 1504
1939 # 1504
1940 # 1504
1942 # 1504
1943 # 1504
1944 # 1504
1947 # 1504
1947 # 1504
1948 # 1504
1949 # 1504
1950 # 1504
1955 # 1504
1955 # 1504
1956 # 1504
1958 # 1504
1959 # 1504
1961 # 1504
1961 # 1504
1964 # 1504
1964 # 1504
1967 # 1504
1967 # 1504
1969 # 1504
1971 # 1504
1973 # 1504
1979 # 1504
1981 # 1504
1981 # 1504
1982 # 1504
1983 # 1504
1985 # 1504
1988 # 1504
1994 # 1504
2000 # 1504
2011 # 1504
2014 # 1504
2016 # 1504
2016 # 1504
2016 # 1504
2016 # 1504
2016 # 1504
2018 # 1504
2021 # 1504
2021 # 1504
2022 # 1504
2024 # 1504
2025 # 1504
2025 # 1504
2028 # 1504
2030 # 1504
2039 # 1504
2040 # 1504
2045 # 1504
2046 # 1504
2048 # 1504
2049 # 1504
2050 # 1504
2052 # 1504
2053 # 1504
2054 # 1504
2056 # 1504
2057 # 1504
2058 # 1504
2059 # 1504
2060 # 1504
2064 # 1504
2067 # 1504
2067 # 1504
2069 # 1504
2070 # 1504
2072 # 1504
2074 # 1504
2075 # 1504
2076 # 1504
2077 # 1504
2081 # 1504
2081 # 1504
2083 # 1504
2085 # 1504
2089 # 1504
2093 # 1504
2094 # 1504
2095 # 1504
2096 # 1504
2097 # 1504
2099 # 1504
2099 # 1504
2100 # 1504
2102 # 1504
2103 # 1504
2105 # 1504
2105 # 1504
2105 # 1504
2106 # 1504
2107 # 1504
2108 # 1504
2109 # 1504
2109 # 1504
2111 # 1504
2112 # 1504
2114 # 1504
2114 # 1504
2115 # 1504
2117 # 1504
2117 # 1504
2117 # 1504
2118 # 1504
2119 # 1504
2121 # 1504
2121 # 1504
2121 # 1504
2122 # 1504
2123 # 1504
2124 # 1504
2125 # 1504
2125 # 1504
2126 # 1504
2127 # 1504
2128 # 1504
2129 # 1504
2130 # 1504
2132 # 1504
2133 # 1504
2134 # 1504
2139 # 1504
2139 # 1504
2139 # 1504
2139 # 1504
2140 # 1504
2140 # 1504
2141 # 1504
2142 # 1504
2142 # 1504
2142 # 1504
2143 # 1504
2144 # 1504
2145 # 1504
2145 # 1504
2146 # 1504
2146 # 1504
2147 # 1504
2148 # 1504
2148 # 1504
2149 # 1504
2150 # 1504
2151 # 1504
2152 # 1504
2152 # 1504
2153 # 1504
2154 # 1504
2154 # 1504
2155 # 1504
2156 # 1504
2156 # 1504
2168 # 1504
2168 # 1504
2171 # 1504
2172 # 1504
2172 # 1504
2172 # 1504
2172 # 1504
2172 # 1504
2172 # 1504
2172 # 1504
2172 # 1504
2173 # 1504
2174 # 1504
2174 # 1504
2176 # 1504
2177 # 1504
2178 # 1504
2178 # 1504
2179 # 1504
2181 # 1504
2181 # 1504
2182 # 1504
2184 # 1504
2185 # 1504
2186 # 1504
2186 # 1504
2187 # 1504
2188 # 1504
2189 # 1504
2191 # 1504
2191 # 1504
2192 # 1504
2193 # 1504
2194 # 1504
2195 # 1504
2197 # 1504
2197 # 1504
2197 # 1504
2198 # 1504
2199 # 1504
2199 # 1504
2200 # 1504
2202 # 1504
2203 # 1504
2204 # 1504
2205 # 1504
2205 # 1504
2206 # 1504
2208 # 1504
2209 # 1504
2209 # 1504
2210 # 1504
2212 # 1504
2213 # 1504
2213 # 1504
2214 # 1504
2215 # 1504
2216 # 1504
2216 # 1504
2217 # 1504
2218 # 1504
2220 # 1504
2222 # 1504
2223 # 1504
2225 # 1504
2225 # 1504
2225 # 1504
2226 # 1504
2227 # 1504
2228 # 1504
2228 # 1504
2229 # 1504
2230 # 1504
2232 # 1504
2233 # 1504
2245 # 1504
2245 # 1504
2245 # 1504
2245 # 1504
2245 # 1504
2245 # 1504
2245 # 1504
2245 # 1504
2245 # 1504
2253 # 1504
2253 # 1504
2253 # 1504
2253 # 1504
2253 # 1504
2253 # 1504
2256 # 1504
2256 # 1504
2256 # 1504
2258 # 1504
2258 # 1504
2260 # 1504
2261 # 1504
2261 # 1504
2261 # 1504
2263 # 1504
2264 # 1504
2265 # 1504
2266 # 1504
2266 # 1504
2268 # 1504
2269 # 1504
2270 # 1504
2270 # 1504
2271 # 1504
2272 # 1504
2274 # 1504
2285 # 1504
2285 # 1504
2285 # 1504
2285 # 1504
2285 # 1504
2285 # 1504
2285 # 1504
2285 # 1504
2285 # 1504
2285 # 1504
2294 # 1504
2294 # 1504
2294 # 1504
2294 # 1504
2296 # 1504
2296 # 1504
2296 # 1504
2296 # 1504
2299 # 1504
2300 # 1504
2300 # 1504
2300 # 1504
2306 # 1504
2310 # 1504
2312 # 1504
2312 # 1504
2313 # 1504
2315 # 1504
2315 # 1504
2319 # 1504
2321 # 1504
2322 # 1504
2335 # 1504
2335 # 1504
2335 # 1504
2335 # 1504
2335 # 1504
2339 # 1504
2341 # 1504
2345 # 1504
2346 # 1504
2348 # 1504
2350 # 1504
2352 # 1504
2353 # 1504
2354 # 1504
2356 # 1504
2358 # 1504
2360 # 1504
2363 # 1504
2364 # 1504
2375 # 1504
2375 # 1504
2376 # 1504
2376 # 1504
2381 # 1504
2381 # 1504
2386 # 1504
2386 # 1504
2386 # 1504
2386 # 1504
2387 # 1504
2387 # 1504
2387 # 1504
2388 # 1504
2407 # 1504
2408 # 1504
2408 # 1504
2408 # 1504
2408 # 1504
2408 # 1504
2408 # 1504
2409 # 1504
2409 # 1504
2409 # 1504
2409 # 1504
2409 # 1504
2409 # 1504
2409 # 1504
2411 # 1504
2413 # 1504
2416 # 1504
2418 # 1504
2420 # 1504
2425 # 1504
2428 # 1504
2428 # 1504
2431 # 1504
2433 # 1504
2434 # 1504
2436 # 1504
2438 # 1504
2440 # 1504
2442 # 1504
2444 # 1504
2446 # 1504
2448 # 1504
2449 # 1504
2452 # 1504
2454 # 1504
2455 # 1504
2457 # 1504
2460 # 1504
2461 # 1504
2463 # 1504
2463 # 1504
2466 # 1504
2470 # 1504
2470 # 1504
2471 # 1504
2472 # 1504
2474 # 1504
2476 # 1504
2478 # 1504
2481 # 1504
2481 # 1504
2483 # 1504
2486 # 1504
2486 # 1504
2487 # 1504
2488 # 1504
2489 # 1504
2490 # 1504
2491 # 1504
2493 # 1504
2493 # 1504
2494 # 1504
2495 # 1504
2496 # 1504
2501 # 1504
2501 # 1504
2502 # 1504
2502 # 1504
2503 # 1504
2504 # 1504
2505 # 1504
2506 # 1504
2508 # 1504
2508 # 1504
2509 # 1504
2510 # 1504
2512 # 1504
2513 # 1504
2513 # 1504
2514 # 1504
2516 # 1504
2516 # 1504
2517 # 1504
2518 # 1504
2518 # 1504
2519 # 1504
2520 # 1504
2522 # 1504
2524 # 1504
2525 # 1504
2525 # 1504
2525 # 1504
2526 # 1504
2527 # 1504
2527 # 1504
2537 # 1504
2537 # 1504
2537 # 1504
2538 # 1504
2538 # 1504
2538 # 1504
2538 # 1504
2538 # 1504
2539 # 1504
2539 # 1504
2539 # 1504
2539 # 1504
2544 # 1504
2544 # 1504
2544 # 1504
2544 # 1504
2545 # 1504
2545 # 1504
2545 # 1504
2545 # 1504
2545 # 1504
2551 # 1504
2552 # 1504
2552 # 1504
2552 # 1504
2552 # 1504
2552 # 1504
2552 # 1504
2553 # 1504
2553 # 1504
2553 # 1504
2553 # 1504
2553 # 1504
2553 # 1504
2553 # 1504
2554 # 1504
2554 # 1504
2564 # 1504
2564 # 1504
2564 # 1504
2564 # 1504
2564 # 1504
2565 # 1504
2565 # 1504
2565 # 1504
2571 # 1504
2571 # 1504
2572 # 1504
2572 # 1504
2576 # 1504
2576 # 1504
2577 # 1504
2577 # 1504
2577 # 1504
2577 # 1504
2578 # 1504
2580 # 1504
2582 # 1504
2583 # 1504
2585 # 1504
2587 # 1504
2588 # 1504
2590 # 1504
2592 # 1504
2595 # 1504
2595 # 1504
2597 # 1504
2598 # 1504
2600 # 1504
2604 # 1504
2605 # 1504
2606 # 1504
2608 # 1504
2610 # 1504
2613 # 1504
2614 # 1504
2616 # 1504
2618 # 1504
2621 # 1504
2623 # 1504
2625 # 1504
2626 # 1504
2627 # 1504
2629 # 1504
2630 # 1504
2634 # 1504
2636 # 1504
2636 # 1504
2638 # 1504
2641 # 1504
2641 # 1504
2643 # 1504
2644 # 1504
2646 # 1504
2649 # 1504
2649 # 1504
2651 # 1504
2651 # 1504
2652 # 1504
2653 # 1504
2654 # 1504
2655 # 1504
2656 # 1504
2659 # 1504
2659 # 1504
2660 # 1504
2663 # 1504
2663 # 1504
2664 # 1504
2665 # 1504
2666 # 1504
2668 # 1504
2669 # 1504
2669 # 1504
2671 # 1504
2673 # 1504
2673 # 1504
2674 # 1504
2677 # 1504
2677 # 1504
2678 # 1504
2679 # 1504
2680 # 1504
2681 # 1504
2682 # 1504
2683 # 1504
2684 # 1504
2686 # 1504
2687 # 1504
2689 # 1504
2689 # 1504
2689 # 1504
2691 # 1504
2691 # 1504
2692 # 1504
2692 # 1504
2693 # 1504
2694 # 1504
2695 # 1504
2695 # 1504
2696 # 1504
2697 # 1504
2708 # 1504
2708 # 1504
2710 # 1504
2710 # 1504
2710 # 1504
2710 # 1504
2711 # 1504
2712 # 1504
2712 # 1504
2712 # 1504
2712 # 1504
2712 # 1504
2712 # 1504
2713 # 1504
2714 # 1504
2714 # 1504
2714 # 1504
2716 # 1504
2725 # 1504
2725 # 1504
2725 # 1504
2729 # 1504
2729 # 1504
2730 # 1504
2730 # 1504
2730 # 1504
2730 # 1504
2730 # 1504
2730 # 1504
2730 # 1504
2730 # 1504
2733 # 1504
2735 # 1504
2736 # 1504
2738 # 1504
2740 # 1504
2743 # 1504
2744 # 1504
2746 # 1504
2747 # 1504
2748 # 1504
2751 # 1504
2751 # 1504
2753 # 1504
2753 # 1504
2755 # 1504
2757 # 1504
2757 # 1504
2758 # 1504
2759 # 1504
2759 # 1504
2763 # 1504
2763 # 1504
2764 # 1504
2764 # 1504
2766 # 1504
2766 # 1504
2767 # 1504
2768 # 1504
2769 # 1504
2770 # 1504
2770 # 1504
2772 # 1504
2782 # 1504
2782 # 1504
2782 # 1504
2782 # 1504
2782 # 1504
2782 # 1504
2782 # 1504
2790 # 1504
2790 # 1504
2790 # 1504
2790 # 1504
2791 # 1504
2791 # 1504
2791 # 1504
2791 # 1504
2791 # 1504
2791 # 1504
2792 # 1504
2793 # 1504
2794 # 1504
2794 # 1504
2795 # 1504
2797 # 1504
2797 # 1504
2798 # 1504
2799 # 1504
2799 # 1504
2800 # 1504
2802 # 1504
2802 # 1504
2803 # 1504
2803 # 1504
2804 # 1504
2805 # 1504
2806 # 1504
2807 # 1504
2808 # 1504
2809 # 1504
2811 # 1504
2813 # 1504
2814 # 1504
2815 # 1504
2815 # 1504
2816 # 1504
2818 # 1504
2819 # 1504
2819 # 1504
2820 # 1504
2821 # 1504
2822 # 1504
2823 # 1504
2827 # 1504
2827 # 1504
2828 # 1504
2829 # 1504
2830 # 1504
2830 # 1504
2830 # 1504
2832 # 1504
2835 # 1504
2836 # 1504
2836 # 1504
2836 # 1504
2836 # 1504
2837 # 1504
2838 # 1504
2838 # 1504
2839 # 1504
2840 # 1504
2843 # 1504
2843 # 1504
2844 # 1504
2844 # 1504
2844 # 1504
2845 # 1504
2846 # 1504
2847 # 1504
2847 # 1504
2847 # 1504
2857 # 1504
2857 # 1504
2857 # 1504
2857 # 1504
2857 # 1504
2858 # 1504
2858 # 1504
2858 # 1504
2858 # 1504
2858 # 1504
2858 # 1504
2858 # 1504
2858 # 1504
2859 # 1504
2859 # 1504
2860 # 1504
2860 # 1504
2861 # 1504
2872 # 1504
2872 # 1504
2872 # 1504
2872 # 1504
2872 # 1504
2873 # 1504
2873 # 1504
2873 # 1504
2873 # 1504
2873 # 1504
2873 # 1504
2873 # 1504
2876 # 1504
2876 # 1504
2876 # 1504
2877 # 1504
2878 # 1504
2879 # 1504
2880 # 1504
2889 # 1504
2889 # 1504
2889 # 1504
2889 # 1504
2889 # 1504
2889 # 1504
2889 # 1504
2889 # 1504
2895 # 1504
2896 # 1504
2897 # 1504
2897 # 1504
2898 # 1504
2900 # 1504
2900 # 1504
2901 # 1504
2901 # 1504
2904 # 1504
2904 # 1504
2905 # 1504
2905 # 1504
2905 # 1504
2905 # 1504
2906 # 1504
2907 # 1504
2908 # 1504
2909 # 1504
2910 # 1504
2911 # 1504
2912 # 1504
2912 # 1504
2913 # 1504
2915 # 1504
2915 # 1504
2916 # 1504
2917 # 1504
2918 # 1504
2919 # 1504
2920 # 1504
2920 # 1504
2922 # 1504
2924 # 1504
2925 # 1504
2929 # 1504
2929 # 1504
2930 # 1504
2931 # 1504
2933 # 1504
2933 # 1504
2934 # 1504
2955 # 1504
2969 # 1504
2970 # 1504
2988 # 1504
2990 # 1504
2997 # 1504
2997 # 1504
2998 # 1504
2998 # 1504
3001 # 1504
3003 # 1504
3008 # 1504
3008 # 1504
3020 # 1504
3020 # 1504
3020 # 1504
3020 # 1504
3020 # 1504
3025 # 1504
3025 # 1504
3025 # 1504
3028 # 1504
3028 # 1504
3031 # 1504
3035 # 1504
3035 # 1504
3037 # 1504
3037 # 1504
3045 # 1504
3045 # 1504
3047 # 1504
3048 # 1504
3048 # 1504
3050 # 1504
3051 # 1504
3052 # 1504
3052 # 1504
3052 # 1504
3055 # 1504
3055 # 1504
3056 # 1504
3056 # 1504
3057 # 1504
3059 # 1504
3060 # 1504
3061 # 1504
3062 # 1504
3064 # 1504
3065 # 1504
3065 # 1504
3067 # 1504
3067 # 1504
3068 # 1504
3069 # 1504
3071 # 1504
3071 # 1504
3071 # 1504
3071 # 1504
3072 # 1504
3074 # 1504
3074 # 1504
3074 # 1504
3077 # 1504
3077 # 1504
3078 # 1504
3080 # 1504
3080 # 1504
3080 # 1504
3082 # 1504
3082 # 1504
3083 # 1504
3084 # 1504
3086 # 1504
3086 # 1504
3095 # 1504
3097 # 1504
3097 # 1504
3099 # 1504
3099 # 1504
3099 # 1504
3099 # 1504
3099 # 1504
3099 # 1504
3099 # 1504
3100 # 1504
3110 # 1504
3114 # 1504
3114 # 1504
3114 # 1504
3114 # 1504
3114 # 1504
3114 # 1504
3115 # 1504
3115 # 1504
3115 # 1504
3115 # 1504
3115 # 1504
3115 # 1504
3115 # 1504
3115 + 100
3117 # 1504
3117 - 100 2
3118 # 1504
3118 # 1504
3119 # 1504
3119 # 1504
3120 # 1504
3120 # 1504
3120 # 1504
3121 # 1504
3122 # 1504
3122 + 92
3122 + 92
3124 + 92
3124 + 92
3124 + 92
3125 # 1504
3125 - 92 3
3125 - 92 3
3125 - 92 1
3125 - 92 1
3125 - 92 1
3125 # 1504
3125 + 92
3126 + 92
3128 + 92
3129 # 1504
3129 - 92 4
3129 - 92 3
3129 - 92 1
3129 + 92
3130 + 92
3132 + 92
3132 + 92
3133 + 92
3135 # 1504
3135 - 92 6
3135 - 92 5
3135 - 92 3
3135 - 92 3
3135 - 92 2
3136 + 92
3136 + 92
3137 + 92
3141 + 92
3142 # 1504
3142 - 92 6
3142 - 92 6
3142 - 92 5
3142 - 92 1
3142 + 92
3146 + 92
3149 + 92
3151 + 92
3153 # 1504
3153 - 92 11
3153 - 92 7
3153 - 92 4
3153 - 92 2
3154 + 92
3157 # 1504
3157 - 92 3
3157 # 1504
3157 + 92
3158 # 1504
3158 - 92 1
3158 # 1504
3159 # 1504
3161 + 92
3162 # 1504
3162 - 92 1
3162 + 92
3163 # 1504
3163 - 92 1
3165 # 1504
3167 # 1504
3167 + 92
3167 + 92
3168 # 1504
3168 - 92 1
3168 - 92 1
3169 + 92
3170 # 1504
3170 - 92 1
3172 # 1504
3173 + 92
3174 # 1504
3174 - 92 1
3176 # 1504
3177 # 1504
3179 # 1504
3181 + 92
3182 # 1504
3182 - 92 1
3185 # 1504
3186 # 1504
3188 # 1504
3189 # 1504
3189 + 92
3189 + 92
3193 + 92
3193 + 92
3193 + 92
3194 # 1504
3194 - 92 5
3194 - 92 5
3194 - 92 1
3194 - 92 1
3194 - 92 1
3196 # 1504
3197 # 1504
3199 # 1504
3199 + 92
3200 # 1504
3200 - 92 1
3203 # 1504
3203 + 92
3204 # 1504
3204 - 92 1
3204 + 92
3207 # 1504
3207 - 92 3
3207 + 92
3208 # 1504
3208 - 92 1
3209 # 1504
3209 + 92
3211 # 1504
3211 - 92 2
3211 # 1504
3212 # 1504
3213 # 1504
3214 # 1504
3215 # 1504
3218 # 1504
3218 # 1504
3219 # 1504
3219 # 1504
3220 # 1504
3222 # 1504
3223 # 1504
3223 + 92
3224 # 1504
3224 - 92 1
3225 # 1504
3227 + 92
3229 # 1504
3229 - 92 2
3230 # 1504
3235 # 1504
3236 # 1504
3237 # 1504
3238 # 1504
3240 # 1504
3243 # 1504
3243 # 1504
3245 # 1504
3246 + 92
3247 # 1504
3247 - 92 1
3248 # 1504
3249 # 1504
3249 # 1504
3250 # 1504
3251 # 1504
3252 # 1504
3253 + 92
3254 # 1504
3254 - 92 1
3255 + 92
3256 # 1504
3256 - 92 1
3256 # 1504
3257 + 92
3259 # 1504
3259 - 92 2
3259 # 1504
3261 # 1504
3261 # 1504
3264 # 1504
3264 # 1504
3266 # 1504
3267 # 1504
3267 + 92
3267 + 92
3267 + 92
3267 + 92
3267 + 92
3268 # 1504
3268 - 92 1
3268 - 92 1
3268 - 92 1
3268 - 92 1
3268 - 92 1
3268 # 1504
3268 + 92
3269 # 1504
3269 - 92 1
3269 + 92
3270 # 1504
3270 - 92 1
3271 + 92
3272 # 1504
3272 - 92 1
3273 + 92
3273 + 92
3275 # 1504
3275 - 92 2
3275 - 92 2
3275 # 1504
3275 # 1504
3276 # 1504
3278 # 1504
3279 # 1504
3281 # 1504
3281 # 1504
3282 # 1504
3283 # 1504
3284 # 1504
3285 # 1504
3286 # 1504
3286 # 1504
3287 # 1504
3289 # 1504
3289 # 1504
3289 # 1504
3291 # 1504
3291 # 1504
3292 # 1504
3294 # 1504
3294 # 1504
3295 # 1504
3296 # 1504
3296 # 1504
3296 # 1504
3299 # 1504
3299 # 1504
3299 # 1504
3299 # 1504
3301 # 1504
3306 # 1504
3306 # 1504
3306 # 1504
3306 # 1504
3306 # 1504
3306 # 1504
3307 # 1504
3307 # 1504
3307 # 1504
3307 + 92
3307 + 92
3307 + 92
3309 # 1504
3309 - 92 2
3309 - 92 2
3309 - 92 2
3310 # 1504
3310 # 1504
3311 # 1504
3311 # 1504
3311 # 1504
3312 # 1504
3313 # 1504
3314 # 1504
3315 # 1504
3315 # 1504
3315 # 1504
3317 # 1504
3317 # 1504
3319 # 1504
3319 # 1504
3319 # 1504
3321 # 1504
3321 # 1504
3322 # 1504
3324 # 1504
3324 # 1504
3324 # 1504
3326 # 1504
3326 # 1504
3326 + 92
3328 # 1504
3328 - 92 2
3329 # 1504
3330 # 1504
3331 # 1504
3331 # 1504
3331 # 1504
3333 # 1504
3335 # 1504
3335 # 1504
3335 + 92
3336 # 1504
3336 - 92 1
3336 # 1504
3336 # 1504
3339 # 1504
3339 # 1504
3339 # 1504
3341 + 92
3343 # 1504
3343 - 92 2
3343 # 1504
3344 # 1504
3344 + 92
3345 # 1504
3345 - 92 1
3345 # 1504
3345 # 1504
3351 + 92
3354 + 92
3355 # 1504
3355 - 92 4
3355 - 92 1
3356 # 1504
3356 + 92
3359 # 1504
3359 - 92 3
3360 # 1504
3360 # 1504
3360 # 1504
3360 + 92
3361 # 1504
3361 - 92 1
3361 # 1504
3362 # 1504
3362 # 1504
3362 + 92
3364 # 1504
3364 - 92 2
3364 # 1504
3364 # 1504
3365 # 1504
3367 # 1504
3368 # 1504
3368 # 1504
3368 + 92
3368 + 92
3368 + 92
3369 # 1504
3369 - 92 1
3369 - 92 1
3369 - 92 1
3371 # 1504
3372 # 1504
3372 + 92
3373 + 92
3376 + 92
3376 + 92
3377 # 1504
3377 - 92 5
3377 - 92 4
3377 - 92 1
3377 - 92 1
3378 # 1504
3381 # 1504
3381 + 92
3381 + 92
3381 + 92
3383 + 92
3384 # 1504
3384 - 92 3
3384 - 92 3
3384 - 92 3
3384 - 92 1
3385 # 1504
3385 + 92
3385 + 92
3386 # 1504
3386 - 92 1
3386 - 92 1
3387 # 1504
3388 + 92
3389 # 1504
3389 - 92 1
3390 # 1504
3390 + 92
3392 # 1504
3392 - 92 2
3392 + 92
3394 # 1504
3394 - 92 2
3395 # 1504
3395 # 1504
3395 + 92
3396 # 1504
3396 - 92 1
3397 # 1504
3399 # 1504
3400 + 92
3400 + 92
3403 # 1504
3403 - 92 3
3403 - 92 3
3403 # 1504
3403 # 1504
3403 + 92
3404 # 1504
3404 - 92 1
3404 # 1504
3404 + 92
3405 # 1504
3405 - 92 1
3406 # 1504
3408 + 92
3409 # 1504
3409 - 92 1
3410 + 92
3411 # 1504
3411 - 92 1
3412 # 1504
3412 + 92
3413 # 1504
3413 - 92 1
3414 # 1504
3416 + 92
3418 # 1504
3418 - 92 2
3418 + 92
3419 # 1504
3419 - 92 1
3420 # 1504
3421 + 92
3422 # 1504
3422 - 92 1
3422 # 1504
3423 # 1504
3424 # 1504
3424 + 92
3425 # 1504
3425 - 92 1
3426 # 1504
3426 + 92
3430 # 1504
3430 - 92 4
3430 + 92
3431 # 1504
3431 - 92 1
3432 # 1504
3433 # 1504
3434 # 1504
3435 # 1504
3436 # 1504
3439 + 92
3439 + 92
3439 + 92
3441 + 92
3446 + 92
3451 + 92
3456 + 92
3464 + 92
3471 + 92
3483 + 92
3494 # 1504
3494 - 92 55
3494 - 92 55
3494 - 92 55
3494 - 92 53
3494 - 92 48
3494 - 92 43
3494 - 92 38
3494 - 92 30
3494 - 92 23
3494 - 92 11
3494 # 1504
3494 # 1504
3494 # 1504
3494 # 1504
3494 # 1504
3494 # 1504
3494 # 1504
3494 # 1504
3495 # 1504
3495 # 1504
3495 # 1504
3495 # 1504
3495 # 1504
3495 # 1504
3495 # 1504
3495 # 1504
3495 # 1504
3495 # 1504
3495 # 1504
3495 # 1504
3495 # 1504
3496 # 1504
3496 # 1504
3496 # 1504
3496 # 1504
3496 # 1504
3496 # 1504
3496 # 1504
3496 # 1504
3496 # 1504
3496 # 1504
3496 # 1504
3496 # 1504
3496 # 1504
3497 # 1504
3497 # 1504
3497 # 1504
3497 # 1504
3497 # 1504
3497 # 1504
3497 # 1504
3497 # 1504
3497 # 1504
3497 # 1504
3497 # 1504
3497 # 1504
3497 # 1504
3497 # 1504
3498 # 1504
3498 # 1504
3498 # 1504
3498 # 1504
3499 # 1504
3500 # 1504
3500 + 92
3502 # 1504
3502 - 92 2
3503 # 1504
3505 # 1504
3506 # 1504
3508 # 1504
3508 # 1504
3509 # 1504
3510 # 1504
3510 + 92
3511 # 1504
3511 - 92 1
3512 # 1504
3513 # 1504
3514 # 1504
3514 # 1504
3515 # 1504
3515 + 92
3516 # 1504
3516 - 92 1
3517 # 1504
3518 # 1504
3519 # 1504
3519 # 1504
3520 # 1504
3522 # 1504
3523 # 1504
3524 # 1504
3525 # 1504
3526 # 1504
3527 # 1504
3528 # 1504
3529 # 1504
3529 # 1504
3531 # 1504
3531 # 1504
3532 # 1504
3533 + 92
3534 # 1504
3534 - 92 1
3534 # 1504
3535 # 1504
3535 # 1504
3537 # 1504
3539 # 1504
3539 # 1504
3539 # 1504
3540 + 92
3541 # 1504
3541 - 92 1
3542 # 1504
3544 # 1504
3544 # 1504
3544 # 1504
3544 + 92
3545 # 1504
3545 - 92 1
3547 # 1504
3547 # 1504
3549 # 1504
3549 + 92
3550 # 1504
3550 - 92 1
3550 # 1504
3551 # 1504
3553 # 1504
3553 # 1504
3553 # 1504
3554 + 92
3555 # 1504
3555 - 92 1
3555 # 1504
3556 # 1504
3556 # 1504
3556 # 1504
3558 # 1504
3567 # 1504
3567 # 1504
3567 # 1504
3567 # 1504
3568 # 1504
3572 # 1504
3572 # 1504
3572 # 1504
3574 # 1504
3575 # 1504
3575 # 1504
3575 # 1504
3575 # 1504
3575 # 1504
3576 # 1504
3576 # 1504
3576 # 1504
3576 # 1504
3576 # 1504
3576 # 1504
3576 # 1504
3578 # 1504
3579 # 1504
3579 # 1504
3580 # 1504
3580 # 1504
3580 # 1504
3581 # 1504
3582 # 1504
3582 # 1504
3583 # 1504
3584 # 1504
3585 # 1504
3586 # 1504
3586 # 1504
3586 # 1504
3588 + 92
3588 + 92
3590 # 1504
3590 - 92 2
3590 - 92 2
3592 # 1504
3592 # 1504
3595 # 1504
3595 # 1504
3596 # 1504
3598 # 1504
3599 # 1504
3601 + 92
3603 # 1504
3603 - 92 2
3603 + 92
3605 # 1504
3605 - 92 2
3607 # 1504
3608 # 1504
3608 # 1504
3610 # 1504
3611 # 1504
3612 # 1504
3615 # 1504
3616 # 1504
3616 # 1504
3618 # 1504
3618 # 1504
3619 # 1504
3620 # 1504
3621 + 92
3622 # 1504
3622 - 92 1
3623 # 1504
3624 # 1504
3626 + 92
3627 # 1504
3627 - 92 1
3627 # 1504
3627 + 92
3628 # 1504
3628 - 92 1
3628 # 1504
3629 # 1504
3629 + 92
3630 # 1504
3630 - 92 1
3633 # 1504
3633 + 92
3634 # 1504
3634 - 92 1
3634 # 1504
3636 # 1504
3636 # 1504
3636 # 1504
3636 + 52
3637 + 92
3638 # 1504
3638 - 52 2
3638 - 92 1
3640 # 1504
3641 # 1504
3641 # 1504
3642 + 92
3645 + 92
3651 + 92
3652 # 1504
3652 - 92 10
3652 - 92 7
3652 - 92 1
3653 + 92
3655 # 1504
3655 - 92 2
3655 # 1504
3655 # 1504
3655 # 1504
3655 # 1504
3655 # 1504
3655 # 1504
3656 # 1504
3659 # 1504
3659 # 1504
3659 # 1504
3660 # 1504
3663 + 92
3665 # 1504
3665 - 92 2
3665 # 1504
3665 # 1504
3666 + 92
3667 # 1504
3667 - 92 1
3667 # 1504
3668 # 1504
3669 + 92
3671 # 1504
3671 - 92 2
3671 # 1504
3671 # 1504
3672 # 1504
3673 + 92
3675 # 1504
3675 - 92 2
3675 + 92
3678 # 1504
3678 - 92 3
3681 # 1504
3682 # 1504
3686 # 1504
3688 # 1504
3689 + 92
3689 + 92
3690 # 1504
3690 - 92 1
3690 - 92 1
3693 # 1504
3695 + 92
3696 # 1504
3696 - 92 1
3698 # 1504
3701 # 1504
3703 # 1504
3706 # 1504
3706 # 1504
3710 # 1504
3712 # 1504
3712 + 92
3712 + 92
3712 + 92
3712 + 92
3715 # 1504
3715 - 92 3
3715 - 92 3
3715 - 92 3
3715 - 92 3
3717 # 1504
3717 + 92
3720 # 1504
3720 - 92 3
3720 + 92
3722 # 1504
3722 - 92 2
3723 + 92
3726 # 1504
3726 - 92 3
3727 + 92
3729 # 1504
3729 - 92 2
3730 + 92
3732 # 1504
3732 - 92 2
3733 # 1504
3735 # 1504
3735 + 92
3736 # 1504
3736 - 92 1
3737 + 92
3738 # 1504
3738 - 92 1
3740 # 1504
3744 # 1504
3748 # 1504
3748 # 1504
3748 + 92
3752 + 92
3753 # 1504
3753 - 92 5
3753 - 92 1
3754 # 1504
3755 # 1504
3758 # 1504
3760 # 1504
3761 # 1504
3764 + 92
3765 # 1504
3765 - 92 1
3765 # 1504
3765 + 92
3768 # 1504
3768 - 92 3
3769 + 92
3770 # 1504
3770 - 92 1
3772 # 1504
3774 # 1504
3776 # 1504
3778 # 1504
3780 # 1504
3782 # 1504
3785 # 1504
3786 # 1504
3789 + 92
3789 + 92
3789 + 92
3789 + 92
3790 # 1504
3790 - 92 1
3790 - 92 1
3790 - 92 1
3790 - 92 1
3791 + 92
3792 # 1504
3792 - 92 1
3794 # 1504
3794 + 92
3797 # 1504
3797 - 92 3
3799 # 1504
3801 # 1504
3803 # 1504
3804 + 92
3808 # 1504
3808 - 92 4
3809 # 1504
3811 # 1504
3813 # 1504
3815 # 1504
3819 + 92
3820 + 92
3824 + 92
3827 + 92
3831 # 1504
3831 - 92 12
3831 - 92 11
3831 - 92 7
3831 - 92 4
3831 + 92
3833 + 92
3835 + 92
3839 + 92
3842 + 92
3845 + 92
3848 + 92
3852 + 92
3853 + 92
3854 # 1504
3854 - 92 23
3854 - 92 21
3854 - 92 19
3854 - 92 15
3854 - 92 12
3854 - 92 9
3854 - 92 6
3854 - 92 2
3854 - 92 1
3856 # 1504
3856 + 92
3858 # 1504
3858 - 92 2
3859 + 92
3860 # 1504
3860 - 92 1
3862 # 1504
3862 + 92
3863 # 1504
3863 - 92 1
3863 + 92
3865 # 1504
3865 - 92 2
3867 # 1504
3868 # 1504
3868 + 92
3869 # 1504
3869 - 92 1
3872 # 1504
3872 + 92
3873 # 1504
3873 - 92 1
3874 # 1504
3876 # 1504
3876 + 92
3877 # 1504
3877 - 92 1
3879 # 1504
3880 # 1504
3883 # 1504
3884 # 1504
3887 # 1504
3887 # 1504
3888 # 1504
3890 # 1504
3890 + 92
3891 # 1504
3891 - 92 1
3893 # 1504
3894 # 1504
3894 + 92
3895 # 1504
3895 - 92 1
3895 # 1504
3896 # 1504
3898 # 1504
3898 # 1504
3899 # 1504
3900 # 1504
3900 + 92
3902 + 92
3903 # 1504
3903 - 92 3
3903 - 92 1
3904 # 1504
3905 # 1504
3906 # 1504
3909 # 1504
3909 # 1504
3909 + 92
3911 # 1504
3911 - 92 2
3912 # 1504
3912 + 92
3913 # 1504
3913 - 92 1
3914 # 1504
3915 # 1504
3915 + 92
3916 # 1504
3916 - 92 1
3917 # 1504
3918 # 1504
3919 # 1504
3921 # 1504
3922 # 1504
3923 # 1504
3925 # 1504
3925 # 1504
3927 # 1504
3927 # 1504
3927 # 1504
3927 + 92
3928 + 92
3931 + 92
3933 + 92
3937 # 1504
3937 - 92 10
3937 - 92 9
3937 - 92 6
3937 - 92 4
3937 # 1504
3937 # 1504
3937 # 1504
3937 # 1504
3937 # 1504
3938 # 1504
3938 # 1504
3938 # 1504
3938 # 1504
3938 + 92
3939 # 1504
3939 - 92 1
3939 # 1504
3939 # 1504
3940 # 1504
3942 # 1504
3943 # 1504
3943 # 1504
3943 + 92
3944 # 1504
3944 - 92 1
3945 # 1504
3946 + 92
3947 # 1504
3947 - 92 1
3948 + 92
3950 # 1504
3950 - 92 2
3952 + 92
3954 + 92
3955 # 1504
3955 - 92 3
3955 - 92 1
3955 # 1504
3957 # 1504
3959 # 1504
3963 # 1504
3964 + 92
3966 # 1504
3966 - 92 2
3967 # 1504
3967 + 92
3970 + 92
3973 + 92
3975 + 92
3977 # 1504
3977 - 92 10
3977 - 92 7
3977 - 92 4
3977 - 92 2
3978 + 92
3979 + 92
3985 + 92
3986 # 1504
3986 - 92 8
3986 - 92 7
3986 - 92 1
3989 + 92
3991 + 92
3993 + 92
3997 + 92
4001 + 92
4003 + 92
4007 + 92
4009 # 1504
4009 - 92 20
4009 - 92 18
4009 - 92 16
4009 - 92 12
4009 - 92 8
4009 - 92 6
4009 - 92 2
4009 + 92
4013 + 92
4016 + 92
4019 + 92
4021 + 92
4023 + 92
4027 # 1504
4027 - 92 18
4027 - 92 14
4027 - 92 11
4027 - 92 8
4027 - 92 6
4027 - 92 4
4028 + 92
4029 # 1504
4029 - 92 1
4029 + 92
4031 # 1504
4031 - 92 2
4032 # 1504
4033 + 92
4034 # 1504
4034 - 92 1
4039 # 1504
4041 # 1504
4044 + 92
4044 + 92
4045 # 1504
4045 - 92 1
4045 - 92 1
4047 # 1504
4047 # 1504
4049 # 1504
4049 + 92
4051 # 1504
4051 - 92 2
4052 # 1504
4054 + 92
4055 # 1504
4055 - 92 1
4055 # 1504
4056 # 1504
4057 # 1504
4061 # 1504
4063 # 1504
4063 # 1504
4064 # 1504
4067 # 1504
4067 # 1504
4068 # 1504
4069 # 1504
4069 + 92
4069 + 92
4070 + 92
4071 # 1504
4071 - 92 2
4071 - 92 2
4071 - 92 1
4073 # 1504
4073 # 1504
4074 # 1504
4074 + 92
4077 # 1504
4077 - 92 3
4078 + 92
4079 # 1504
4079 - 92 1
4079 # 1504
4080 + 92
4081 # 1504
4081 - 92 1
4081 # 1504
4082 # 1504
4083 # 1504
4084 + 92
4086 # 1504
4086 - 92 2
4086 + 92
4088 + 92
4089 # 1504
4089 - 92 3
4089 - 92 1
4089 # 1504
4091 # 1504
4091 # 1504
4094 # 1504
4094 # 1504
4098 + 92
4099 # 1504
4099 - 92 1
4099 # 1504
4099 + 92
4100 # 1504
4100 - 92 1
4100 + 92
4101 + 92
4102 # 1504
4102 - 92 2
4102 - 92 1
4103 + 92
4103 + 92
4105 # 1504
4105 - 92 2
4105 - 92 2
4105 # 1504
4105 + 92
4108 + 92
4111 + 92
4113 + 92
4113 + 92
4115 # 1504
4115 - 92 10
4115 - 92 7
4115 - 92 4
4115 - 92 2
4115 - 92 2
4115 # 1504
4116 # 1504
4116 # 1504
4116 # 1504
4120 # 1504
4121 # 1504
4121 # 1504
4121 # 1504
4121 # 1504
4121 # 1504
4124 + 92
4127 # 1504
4127 - 92 3
4127 # 1504
4127 # 1504
4129 # 1504
4130 + 92
4133 + 92
4134 # 1504
4134 - 92 4
4134 - 92 1
4135 # 1504
4139 + 92
4140 + 92
4150 + 92
4150 + 92
4152 + 92
4156 + 92
4159 + 92
4164 + 92
4165 # 1504
4165 - 92 26
4165 - 92 25
4165 - 92 15
4165 - 92 15
4165 - 92 13
4165 - 92 9
4165 - 92 6
4165 - 92 1
4166 + 92
4168 + 92
4169 + 92
4170 # 1504
4170 - 92 4
4170 - 92 2
4170 - 92 1
4173 + 92
4174 + 92
4176 # 1504
4176 - 92 3
4176 - 92 2
4176 + 92
4179 # 1504
4179 - 92 3
4181 # 1504
4181 + 92
4183 # 1504
4183 - 92 2
4186 # 1504
4186 + 92
4188 # 1504
4188 - 92 2
4191 # 1504
4191 + 92
4192 # 1504
4192 - 92 1
4193 + 92
4194 # 1504
4194 - 92 1
4196 # 1504
4198 # 1504
4200 # 1504
4203 + 92
4204 # 1504
4204 - 92 1
4206 # 1504
4210 # 1504
4211 # 1504
4213 # 1504
4214 + 92
4214 + 92
4214 + 92
4215 # 1504
4215 - 92 1
4215 - 92 1
4215 - 92 1
4216 + 92
4220 # 1504
4220 - 92 4
4220 # 1504
4220 + 92
4223 + 92
4224 # 1504
4224 - 92 4
4224 - 92 1
4226 # 1504
4227 + 92
4228 # 1504
4228 - 92 1
4229 + 92
4231 # 1504
4231 - 92 2
4231 + 92
4232 # 1504
4232 - 92 1
4235 # 1504
4235 + 92
4236 + 92
4237 # 1504
4237 - 92 2
4237 - 92 1
4239 # 1504
4240 + 92
4242 + 92
4243 # 1504
4243 - 92 3
4243 - 92 1
4243 # 1504
4245 + 92
4246 + 92
4247 # 1504
4247 - 92 2
4247 - 92 1
4248 # 1504
4251 # 1504
4252 # 1504
4254 # 1504
4256 # 1504
4256 + 92
4256 + 92
4257 # 1504
4257 - 92 1
4257 - 92 1
4257 + 92
4260 # 1504
4260 - 92 3
4263 # 1504
4264 # 1504
4266 # 1504
4267 # 1504
4269 # 1504
4270 # 1504
4271 # 1504
4271 + 92
4275 # 1504
4275 - 92 4
4277 # 1504
4277 # 1504
4279 # 1504
4280 # 1504
4280 + 92
4280 + 92
4280 + 92
4282 + 92
4282 + 92
4282 + 92
4282 + 92
4283 # 1504
4283 - 92 3
4283 - 92 3
4283 - 92 3
4283 - 92 1
4283 - 92 1
4283 - 92 1
4283 - 92 1
4284 # 1504
4287 # 1504
4287 # 1504
4288 + 92
4288 + 92
4289 # 1504
4289 - 92 1
4289 - 92 1
4291 # 1504
4291 + 92
4292 # 1504
4292 - 92 1
4293 # 1504
4294 # 1504
4295 + 92
4297 # 1504
4297 - 92 2
4297 # 1504
4298 + 92
4300 # 1504
4300 - 92 2
4302 # 1504
4302 + 92
4305 + 92
4309 # 1504
4309 - 92 7
4309 - 92 4
4313 # 1504
4313 # 1504
4314 # 1504
4315 # 1504
4318 + 92
4318 + 92
4322 + 92
4324 + 92
4328 + 92
4330 # 1504
4330 - 92 12
4330 - 92 12
4330 - 92 8
4330 - 92 6
4330 - 92 2
4330 # 1504
4331 + 92
4333 + 92
4339 + 92
4341 # 1504
4341 - 92 10
4341 - 92 8
4341 - 92 2
4341 # 1504
4341 # 1504
4341 # 1504
4341 # 1504
4342 + 92
4345 + 92
4350 + 92
4352 # 1504
4352 - 92 10
4352 - 92 7
4352 - 92 2
4353 # 1504
4353 # 1504
4353 # 1504
4353 # 1504
4353 # 1504
4353 + 92
4354 # 1504
4354 - 92 1
4355 # 1504
4355 + 92
4357 + 92
4360 + 92
4363 + 92
4367 # 1504
4367 - 92 12
4367 - 92 10
4367 - 92 7
4367 - 92 4
4367 # 1504
4367 + 92
4369 # 1504
4369 - 92 2
4370 # 1504
4370 + 92
4371 # 1504
4371 - 92 1
4373 # 1504
4373 + 92
4374 # 1504
4374 - 92 1
4375 # 1504
4375 + 92
4378 # 1504
4378 - 92 3
4379 # 1504
4379 + 92
4381 # 1504
4381 - 92 2
4381 + 92
4383 # 1504
4383 - 92 2
4384 # 1504
4387 # 1504
4389 # 1504
4389 # 1504
4389 + 92
4389 + 92
4391 # 1504
4391 - 92 2
4391 - 92 2
4392 # 1504
4392 + 92
4394 # 1504
4394 - 92 2
4395 # 1504
4395 + 92
4397 # 1504
4397 - 92 2
4397 + 92
4399 + 92
4400 # 1504
4400 - 92 3
4400 - 92 1
4401 # 1504
4402 + 92
4403 # 1504
4403 - 92 1
4404 # 1504
4407 # 1504
4410 + 92
4411 + 92
4416 # 1504
4416 - 92 6
4416 - 92 5
4416 # 1504
4416 # 1504
4416 # 1504
4416 # 1504
4416 # 1504
4416 # 1504
4417 # 1504
4419 + 92
4424 # 1504
4424 - 92 5
4424 # 1504
4424 # 1504
4424 # 1504
4425 # 1504
4425 # 1504
4425 # 1504
4427 + 92
4430 # 1504
4430 - 92 3
4430 # 1504
4430 + 92
4434 # 1504
4434 - 92 4
4434 # 1504
4434 # 1504
4434 # 1504
4434 # 1504
4434 # 1504
4434 # 1504
4434 + 92
4435 # 1504
4435 - 92 1
4442 # 1504
4442 # 1504
4442 # 1504
4442 # 1504
4444 # 1504
4444 # 1504
4444 # 1504
4444 + 92
4446 # 1504
4446 - 92 2
4446 # 1504
4447 # 1504
4447 + 92
4450 # 1504
4450 - 92 3
4450 # 1504
4450 # 1504
4450 + 92
4451 # 1504
4451 - 92 1
4452 # 1504
4453 # 1504
4454 # 1504
4455 # 1504
4456 # 1504
4457 # 1504
4458 # 1504
4458 # 1504
4459 # 1504
4460 # 1504
4461 # 1504
4462 + 92
4462 + 92
4463 # 1504
4463 - 92 1
4463 - 92 1
4464 # 1504
4464 # 1504
4464 + 92
4465 # 1504
4465 - 92 1
4466 # 1504
4466 # 1504
4467 # 1504
4468 # 1504
4468 + 92
4469 # 1504
4469 - 92 1
4470 # 1504
4470 + 92
4472 # 1504
4472 - 92 2
4473 # 1504
4473 + 92
4475 # 1504
4475 - 92 2
4475 # 1504
4476 # 1504
4476 + 92
4477 # 1504
4477 - 92 1
4479 # 1504
4479 # 1504
4479 # 1504
4480 # 1504
4480 + 92
4481 # 1504
4481 - 92 1
4482 # 1504
4482 + 92
4489 + 92
4489 + 92
4491 + 92
4494 # 1504
4494 - 92 12
4494 - 92 5
4494 - 92 5
4494 - 92 3
4494 # 1504
4494 # 1504
4494 # 1504
4494 # 1504
4494 # 1504
4494 # 1504
4495 # 1504
4495 # 1504
4495 + 92
4496 + 92
4498 + 92
4503 + 92
4505 + 92
4506 # 1504
4506 - 92 11
4506 - 92 10
4506 - 92 8
4506 - 92 3
4506 - 92 1
4506 # 1504
4508 + 92
4511 + 92
4512 + 92
4517 + 92
4521 + 92
4523 + 92
4524 # 1504
4524 - 92 16
4524 - 92 13
4524 - 92 12
4524 - 92 7
4524 - 92 3
4524 - 92 1
4524 # 1504
4525 # 1504
4525 + 92
4526 # 1504
4526 - 92 1
4526 # 1504
4526 # 1504
4526 # 1504
4526 # 1504
4526 # 1504
4526 # 1504
4526 # 1504
4526 # 1504
4526 # 1504
4526 # 1504
4527 # 1504
4527 + 92
4529 + 92
4532 + 92
4534 + 92
4535 # 1504
4535 - 92 8
4535 - 92 6
4535 - 92 3
4535 - 92 1
4536 + 92
4537 # 1504
4537 - 92 1
4539 # 1504
4539 # 1504
4540 # 1504
4540 + 92
4541 # 1504
4541 - 92 1
4542 + 92
4544 # 1504
4544 - 92 2
4544 # 1504
4544 + 92
4545 # 1504
4545 - 92 1
4546 + 92
4551 # 1504
4551 - 92 5
4551 # 1504
4551 # 1504
4551 # 1504
4552 + 92
4561 # 1504
4561 - 92 9
4562 # 1504
4562 # 1504
4562 # 1504
4562 # 1504
4562 # 1504
4564 + 92
4566 # 1504
4566 - 92 2
4566 # 1504
4566 # 1504
4566 # 1504
4567 # 1504
4567 # 1504
4567 # 1504
4567 # 1504
4567 # 1504
4568 # 1504
4569 + 92
4571 + 92
4572 # 1504
4572 - 92 3
4572 - 92 1
4575 # 1504
4577 # 1504
4577 + 92
4583 # 1504
4583 - 92 6
4586 # 1504
4587 + 92
4589 + 92
4590 # 1504
4590 - 92 3
4590 - 92 1
4590 + 92
4593 + 92
4594 # 1504
4594 - 92 4
4594 - 92 1
4596 # 1504
4597 + 92
4598 # 1504
4598 - 92 1
4602 + 92
4603 # 1504
4603 - 92 1
4604 + 92
4606 # 1504
4606 - 92 2
4608 + 92
4610 # 1504
4610 - 92 2
4610 + 92
4613 # 1504
4613 - 92 3
4613 + 92
4616 # 1504
4616 - 92 3
4617 + 92
4620 + 92
4622 + 92
4623 # 1504
4623 - 92 6
4623 - 92 3
4623 - 92 1
4624 + 92
4625 # 1504
4625 - 92 1
4628 + 92
4630 # 1504
4630 - 92 2
4631 + 92
4634 # 1504
4634 - 92 3
4634 + 92
4637 # 1504
4637 - 92 3
4637 + 92
4638 # 1504
4638 - 92 1
4640 + 92
4642 + 92
4644 # 1504
4644 - 92 4
4644 - 92 2
4646 # 1504
4647 + 92
4647 + 92
4649 + 92
4650 # 1504
4650 - 92 3
4650 - 92 3
4650 - 92 1
4651 + 92
4656 + 92
4658 + 92
4669 + 92
4670 + 92
4674 # 1504
4674 - 92 23
4674 - 92 18
4674 - 92 16
4674 - 92 5
4674 - 92 4
4675 # 1504
4675 # 1504
4675 # 1504
4675 # 1504
4675 # 1504
4675 # 1504
4675 # 1504
4675 # 1504
4675 # 1504
4675 # 1504
4676 # 1504
4680 # 1504
4681 # 1504
4681 + 92
4681 + 92
4681 + 92
4683 # 1504
4683 - 92 2
4683 - 92 2
4683 - 92 2
4685 # 1504
4688 # 1504
4688 + 92
4688 + 92
4689 # 1504
4689 - 92 1
4689 - 92 1
4692 # 1504
4692 + 92
4694 # 1504
4694 - 92 2
4696 # 1504
4696 + 92
4698 # 1504
4698 - 92 2
4700 + 92
4701 # 1504
4701 - 92 1
4703 # 1504
4703 + 92
4705 # 1504
4705 - 92 2
4706 + 92
4708 # 1504
4708 - 92 2
4708 + 92
4709 # 1504
4709 - 92 1
4712 + 92
4714 # 1504
4714 - 92 2
4714 + 92
4715 # 1504
4715 - 92 1
4716 # 1504
4717 + 92
4718 # 1504
4718 - 92 1
4720 + 92
4722 # 1504
4722 - 92 2
4725 # 1504
4727 # 1504
4728 # 1504
4729 # 1504
4732 # 1504
4732 + 92
4733 # 1504
4733 - 92 1
4734 # 1504
4734 + 92
4735 # 1504
4735 - 92 1
4738 # 1504
4739 # 1504
4739 + 92
4740 # 1504
4740 - 92 1
4741 # 1504
4741 + 92
4744 # 1504
4744 - 92 3
4744 # 1504
4745 # 1504
4746 # 1504
4746 + 92
4748 # 1504
4748 - 92 2
4748 + 92
4749 # 1504
4749 - 92 1
4750 # 1504
4751 # 1504
4751 + 92
4755 # 1504
4755 - 92 4
4755 # 1504
4755 + 92
4756 # 1504
4756 - 92 1
4758 # 1504
4758 + 92
4759 # 1504
4759 - 92 1
4762 + 92
4763 # 1504
4763 - 92 1
4763 # 1504
4764 # 1504
4765 # 1504
4766 # 1504
4767 + 92
4768 # 1504
4768 - 92 1
4769 # 1504
4769 + 92
4770 # 1504
4770 - 92 1
4771 + 92
4774 # 1504
4774 - 92 3
4775 # 1504
4775 + 92
4776 # 1504
4776 - 92 1
4776 # 1504
4777 # 1504
4778 # 1504
4779 # 1504
4781 # 1504
4782 # 1504
4783 # 1504
4784 # 1504
4785 # 1504
4786 # 1504
4787 # 1504
4788 # 1504
4789 # 1504
4790 # 1504
4790 + 92
4791 + 92
4792 # 1504
4792 - 92 2
4792 - 92 1
4792 + 92
4793 # 1504
4793 - 92 1
4794 # 1504
4795 # 1504
4797 # 1504
4797 # 1504
4797 + 92
4798 # 1504
4798 - 92 1
4800 # 1504
4801 # 1504
4801 # 1504
4803 # 1504
4803 # 1504
4804 # 1504
4805 # 1504
4807 # 1504
4807 # 1504
4807 # 1504
4808 # 1504
4809 # 1504
4810 # 1504
4812 # 1504
4813 # 1504
4813 + 92
4814 # 1504
4814 - 92 1
4815 # 1504
4815 # 1504
4816 + 92
4817 # 1504
4817 - 92 1
4817 # 1504
4818 # 1504
4819 # 1504
4819 # 1504
4820 # 1504
4821 # 1504
4821 + 92
4822 # 1504
4822 - 92 1
4822 # 1504
4823 # 1504
4824 # 1504
4825 # 1504
4826 + 92
4827 # 1504
4827 - 92 1
4827 # 1504
4828 + 92
4829 # 1504
4829 - 92 1
4829 # 1504
4831 # 1504
4831 # 1504
4832 # 1504
4832 # 1504
4832 # 1504
4833 # 1504
4837 + 92
4839 + 92
4843 # 1504
4843 - 92 6
4843 - 92 4
4844 # 1504
4844 # 1504
4844 + 92
4846 # 1504
4846 - 92 2
4846 + 92
4847 # 1504
4847 - 92 1
4847 + 92
4848 # 1504
4848 - 92 1
4849 # 1504
4852 # 1504
4853 # 1504
4854 # 1504
4859 # 1504
4859 + 92
4864 # 1504
4864 - 92 5
4864 # 1504
4865 # 1504
4866 # 1504
4868 # 1504
4869 # 1504
4870 # 1504
4872 # 1504
4874 # 1504
4876 # 1504
4878 # 1504
4879 # 1504
4879 + 92
4883 # 1504
4883 - 92 4
4883 # 1504
4884 # 1504
4887 # 1504
4887 # 1504
4888 # 1504
4889 # 1504
4892 + 92
4892 + 92
4894 + 92
4902 + 92
4909 + 92
4918 # 1504
4918 - 92 26
4918 - 92 26
4918 - 92 24
4918 - 92 16
4918 - 92 9
4918 # 1504
4918 # 1504
4919 # 1504
4919 # 1504
4919 # 1504
4919 # 1504
4919 # 1504
4919 # 1504
4919 + 92
4920 # 1504
4920 - 92 1
4920 # 1504
4920 # 1504
4920 # 1504
4920 # 1504
4920 # 1504
4920 # 1504
4920 # 1504
4921 # 1504
4922 + 92
4923 + 92
4926 + 92
4927 + 92
4931 + 92
4934 + 92
4939 + 92
4939 + 92
4942 + 92
4945 + 92
4947 + 92
4951 + 92
4953 # 1504
4953 - 92 31
4953 - 92 30
4953 - 92 27
4953 - 92 26
4953 - 92 22
4953 - 92 19
4953 - 92 14
4953 - 92 14
4953 - 92 11
4953 - 92 8
4953 - 92 6
4953 - 92 2
4953 # 1504
4953 + 92
4954 # 1504
4954 - 92 1
4954 # 1504
4957 + 92
4958 # 1504
4958 - 92 1
4959 + 92
4961 # 1504
4961 - 92 2
4962 # 1504
4963 + 92
4965 # 1504
4965 - 92 2
4966 + 92
4968 + 92
4970 # 1504
4970 - 92 4
4970 - 92 2
4972 + 92
4974 # 1504
4974 - 92 2
4974 + 92
4977 # 1504
4977 - 92 3
4977 + 92
4981 + 92
4982 # 1504
4982 - 92 5
4982 - 92 1
4983 + 92
4985 # 1504
4985 - 92 2
4990 # 1504
4990 + 92
4990 + 92
4993 # 1504
4993 - 92 3
4993 - 92 3
4995 # 1504
4996 # 1504
4997 + 92
4997 + 92
4998 # 1504
4998 - 92 1
4998 - 92 1
5003 + 92
5005 + 92
5007 + 92
5010 + 92
5012 + 92
5014 + 92
5018 + 92
5020 + 92
5031 + 92
5033 + 92
5036 + 92
5038 + 92
5041 + 92
5043 # 1504
5043 - 92 40
5043 - 92 38
5043 - 92 36
5043 - 92 33
5043 - 92 31
5043 - 92 29
5043 - 92 25
5043 - 92 23
5043 - 92 12
5043 - 92 10
5043 - 92 7
5043 - 92 5
5043 - 92 2
5052 + 92
5055 # 1504
5055 - 92 3
5056 + 92
5059 # 1504
5059 - 92 3
5059 + 92
5063 + 92
5066 # 1504
5066 - 92 7
5066 - 92 3
5067 + 92
5068 # 1504
5068 - 92 1
5068 + 92
5071 + 92
5073 # 1504
5073 - 92 5
5073 - 92 2
5073 + 92
5076 + 92
5079 + 92
5080 # 1504
5080 - 92 7
5080 - 92 4
5080 - 92 1
5085 # 1504
5088 # 1504
5090 # 1504
5090 + 92
5093 + 92
5093 + 92
5094 # 1504
5094 - 92 4
5094 - 92 1
5094 - 92 1
5095 # 1504
5096 # 1504
5096 + 92
5098 # 1504
5098 - 92 2
5099 + 92
5101 + 92
5103 # 1504
5103 - 92 4
5103 - 92 2
5103 # 1504
5110 # 1504
5111 + 92
5112 # 1504
5112 - 92 1
5112 + 92
5113 + 92
5114 # 1504
5114 - 92 2
5114 - 92 1
5115 + 92
5115 + 92
5119 # 1504
5119 - 92 4
5119 - 92 4
5119 + 92
5121 # 1504
5121 - 92 2
5122 # 1504
5124 # 1504
5128 # 1504
5128 # 1504
5129 + 92
5129 + 92
5131 + 92
5133 # 1504
5133 - 92 4
5133 - 92 4
5133 - 92 2
5134 # 1504
5134 + 92
5136 + 92
5138 # 1504
5138 - 92 4
5138 - 92 2
5141 # 1504
5144 # 1504
5147 + 92
5149 # 1504
5149 - 92 2
5149 # 1504
5149 + 92
5150 + 92
5153 + 92
5155 + 92
5157 + 92
5159 # 1504
5159 - 92 10
5159 - 92 9
5159 - 92 6
5159 - 92 4
5159 - 92 2
5159 # 1504
5159 # 1504
5161 + 92
5162 # 1504
5162 - 92 1
5172 + 92
5172 + 92
5174 # 1504
5174 - 92 2
5174 - 92 2
5174 # 1504
5174 # 1504
5176 + 92
5179 + 92
5181 + 92
5184 # 1504
5184 - 92 8
5184 - 92 5
5184 - 92 3
5184 # 1504
5184 + 92
5185 # 1504
5185 - 92 1
5185 # 1504
5189 + 92
5190 # 1504
5190 - 92 1
5193 + 92
5196 + 92
5198 + 92
5200 # 1504
5200 - 92 7
5200 - 92 4
5200 - 92 2
5200 # 1504
5201 + 92
5203 + 92
5204 # 1504
5204 - 92 3
5204 - 92 1
5206 # 1504
5206 + 92
5208 # 1504
5208 - 92 2
5209 + 92
5212 + 92
5214 + 92
5215 + 92
5217 # 1504
5217 - 92 8
5217 - 92 5
5217 - 92 3
5217 - 92 2
5217 # 1504
5217 # 1504
5219 + 92
5221 + 92
5221 + 92
5225 + 92
5230 # 1504
5230 - 92 11
5230 - 92 9
5230 - 92 9
5230 - 92 5
5230 # 1504
5231 # 1504
5231 # 1504
5232 # 1504
5233 # 1504
5234 + 92
5235 # 1504
5235 - 92 1
5237 # 1504
5237 # 1504
5237 + 92
5238 # 1504
5238 - 92 1
5238 + 92
5240 # 1504
5240 - 92 2
5242 # 1504
5242 + 92
5244 # 1504
5244 - 92 2
5245 # 1504
5245 # 1504
5250 # 1504
5251 # 1504
5251 + 92
5251 + 92
5252 # 1504
5252 - 92 1
5252 - 92 1
5253 + 92
5254 # 1504
5254 - 92 1
5255 # 1504
5255 # 1504
5256 # 1504
5256 + 92
5258 # 1504
5258 - 92 2
5258 # 1504
5259 # 1504
5259 # 1504
5260 + 92
5261 # 1504
5261 - 92 1
5261 + 92
5262 # 1504
5262 - 92 1
5262 # 1504
5265 # 1504
5265 # 1504
5265 # 1504
5265 # 1504
5266 # 1504
5267 # 1504
5268 # 1504
5269 # 1504
5270 # 1504
5271 + 92
5272 # 1504
5272 - 92 1
5274 # 1504
5274 # 1504
5274 # 1504
5277 # 1504
5277 # 1504
5278 # 1504
5279 # 1504
5281 # 1504
5281 + 92
5282 # 1504
5282 - 92 1
5283 + 92
5290 + 92
5292 # 1504
5292 - 92 9
5292 - 92 2
5292 # 1504
5292 + 92
5293 # 1504
5293 - 92 1
5293 # 1504
5293 # 1504
5293 # 1504
5293 # 1504
5293 # 1504
5293 # 1504
5295 + 92
5299 # 1504
5299 - 92 4
5299 # 1504
5299 # 1504
5300 # 1504
5300 # 1504
5300 # 1504
5303 # 1504
5305 # 1504
5305 # 1504
5305 # 1504
5310 # 1504
5310 # 1504
5310 # 1504
5310 # 1504
5310 # 1504
5310 # 1504
5311 # 1504
5312 + 92
5314 # 1504
5314 - 92 2
5314 # 1504
5315 # 1504
5316 + 92
5317 # 1504
5317 - 92 1
5317 # 1504
5319 # 1504
5319 + 92
5321 # 1504
5321 - 92 2
5322 # 1504
5323 # 1504
5324 + 92
5325 # 1504
5325 - 92 1
5326 # 1504
5327 + 92
5330 # 1504
5330 - 92 3
5332 + 92
5335 # 1504
5335 - 92 3
5336 + 92
5337 # 1504
5337 - 92 1
5339 # 1504
5340 + 92
5342 # 1504
5342 - 92 2
5343 + 92
5345 # 1504
5345 - 92 2
5350 + 92
5355 # 1504
5355 - 92 5
5355 # 1504
5355 # 1504
5357 + 92
5359 # 1504
5359 - 92 2
5359 # 1504
5359 # 1504
5360 + 92
5362 # 1504
5362 - 92 2
5362 # 1504
5365 # 1504
5365 # 1504
5365 + 92
5369 # 1504
5369 - 92 4
5373 # 1504
5374 + 92
5375 # 1504
5375 - 92 1
5378 # 1504
5378 + 92
5380 + 92
5381 # 1504
5381 - 92 3
5381 - 92 1
5385 # 1504
5391 # 1504
5391 + 92
5393 + 92
5394 # 1504
5394 - 92 3
5394 - 92 1
5394 # 1504
5397 # 1504
5398 + 92
5400 # 1504
5400 - 92 2
5401 # 1504
5402 + 92
5403 # 1504
5403 - 92 1
5405 # 1504
5406 # 1504
5414 + 92
5414 + 92
5417 + 92
5419 # 1504
5419 - 92 5
5419 - 92 5
5419 - 92 2
5419 # 1504
5419 # 1504
5419 # 1504
5419 # 1504
5419 # 1504
5423 # 1504
5424 # 1504
5428 # 1504
5428 + 92
5428 + 92
5429 # 1504
5429 - 92 1
5429 - 92 1
5429 # 1504
5432 # 1504
5432 + 92
5436 # 1504
5436 - 92 4
5436 # 1504
5437 # 1504
5437 + 92
5439 # 1504
5439 - 92 2
5441 + 92
5442 # 1504
5442 - 92 1
5444 # 1504
5445 # 1504
5445 + 92
5447 # 1504
5447 - 92 2
5448 # 1504
5448 + 92
5449 # 1504
5449 - 92 1
5450 # 1504
5451 + 92
5452 # 1504
5452 - 92 1
5453 + 92
5454 # 1504
5454 - 92 1
5457 + 92
5460 # 1504
5460 - 92 3
5460 # 1504
5460 # 1504
5461 # 1504
5461 + 92
5464 # 1504
5464 - 92 3
5464 # 1504
5465 + 92
5466 # 1504
5466 - 92 1
5467 + 92
5468 # 1504
5468 - 92 1
5471 + 92
5474 + 92
5477 # 1504
5477 - 92 6
5477 - 92 3
5477 + 92
5479 # 1504
5479 - 92 2
5479 # 1504
5480 # 1504
5481 + 92
5482 # 1504
5482 - 92 1
5483 # 1504
5483 # 1504
5483 # 1504
5483 + 92
5484 # 1504
5484 - 92 1
5494 + 92
5496 # 1504
5496 - 92 2
5496 # 1504
5497 + 92
5500 + 92
5502 # 1504
5502 - 92 5
5502 - 92 2
5502 + 92
5502 + 92
5504 # 1504
5504 - 92 2
5504 - 92 2
5505 # 1504
5505 + 92
5508 # 1504
5508 - 92 3
5508 + 92
5509 # 1504
5509 - 92 1
5509 + 92
5510 + 92
5512 # 1504
5512 - 92 3
5512 - 92 2
5514 + 92
5514 + 92
5516 # 1504
5516 - 92 2
5516 - 92 2
5516 # 1504
5517 + 92
5519 # 1504
5519 - 92 2
5519 + 92
5520 # 1504
5520 - 92 1
5521 + 92
5522 # 1504
5522 - 92 1
5524 + 92
5525 # 1504
5525 - 92 1
5525 + 92
5526 # 1504
5526 - 92 1
5528 # 1504
5528 + 92
5530 # 1504
5530 - 92 2
5530 + 92
5533 # 1504
5533 - 92 3
5533 # 1504
5533 + 92
5534 + 92
5537 + 92
5537 + 92
5538 # 1504
5538 - 92 5
5538 - 92 4
5538 - 92 1
5538 - 92 1
5539 # 1504
5539 + 92
5540 # 1504
5540 - 92 1
5541 + 92
5544 # 1504
5544 - 92 3
5544 + 92
5547 # 1504
5547 - 92 3
5547 # 1504
5548 + 92
5551 + 92
5559 # 1504
5559 - 92 11
5559 - 92 8
5559 # 1504
5559 # 1504
5559 # 1504
5559 # 1504
5559 # 1504
5559 # 1504
5560 # 1504
5563 # 1504
5563 # 1504
5563 + 92
5564 # 1504
5564 - 92 1
5567 # 1504
5568 # 1504
5569 # 1504
5571 # 1504
5572 # 1504
5572 + 92
5572 + 92
5574 # 1504
5574 - 92 2
5574 - 92 2
5578 # 1504
5579 # 1504
5580 + 92
5581 # 1504
5581 - 92 1
5583 # 1504
5584 # 1504
5586 # 1504
5587 # 1504
5588 # 1504
5588 # 1504
5589 + 92
5591 # 1504
5591 - 92 2
5591 # 1504
5593 # 1504
5594 # 1504
5594 + 92
5595 # 1504
5595 - 92 1
5595 # 1504
5596 # 1504
5596 + 92
5598 # 1504
5598 - 92 2
5598 + 92
5599 # 1504
5599 - 92 1
5600 + 92
5601 # 1504
5601 - 92 1
5602 # 1504
5612 + 92
5612 + 92
5612 + 92
5614 # 1504
5614 - 92 2
5614 - 92 2
5614 - 92 2
5614 # 1504
5614 # 1504
5614 # 1504
5615 # 1504
5616 + 92
5624 + 92
5625 + 92
5627 # 1504
5627 - 92 11
5627 - 92 3
5627 - 92 2
5627 # 1504
5627 # 1504
5627 # 1504
5627 # 1504
5628 # 1504
5628 + 92
5629 + 92
5631 # 1504
5631 - 92 3
5631 - 92 2
5631 # 1504
5631 + 92
5633 # 1504
5633 - 92 2
5635 # 1504
5637 # 1504
5637 + 92
5637 + 92
5639 # 1504
5639 - 92 2
5639 - 92 2
5640 + 92
5643 # 1504
5643 - 92 3
5644 # 1504
5645 # 1504
5647 # 1504
5649 # 1504
5650 # 1504
5652 # 1504
5652 + 92
5654 # 1504
5654 - 92 2
5654 + 92
5655 # 1504
5655 - 92 1
5655 + 92
5656 # 1504
5656 - 92 1
5658 # 1504
5658 + 92
5659 # 1504
5659 - 92 1
5662 # 1504
5663 # 1504
5664 # 1504
5665 # 1504
5667 # 1504
5668 + 92
5668 + 92
5669 # 1504
5669 - 92 1
5669 - 92 1
5669 + 92
5669 + 92
5670 # 1504
5670 - 92 1
5670 - 92 1
5672 + 92
5674 # 1504
5674 - 92 2
5674 # 1504
5675 # 1504
5676 + 92
5677 # 1504
5677 - 92 1
5680 # 1504
5682 # 1504
5683 # 1504
5684 # 1504
5687 + 92
5687 + 92
5687 + 92
5688 # 1504
5688 - 92 1
5688 - 92 1
5688 - 92 1
5688 # 1504
5689 # 1504
5689 # 1504
5691 # 1504
5692 # 1504
5696 + 92
5696 + 92
5698 + 92
5704 # 1504
5704 - 92 8
5704 - 92 8
5704 - 92 6
5704 # 1504
5704 # 1504
5705 # 1504
5705 # 1504
5705 # 1504
5705 # 1504
5705 # 1504
5706 # 1504
5707 + 92
5709 # 1504
5709 - 92 2
5710 # 1504
5712 + 92
5712 + 92
5713 # 1504
5713 - 92 1
5713 - 92 1
5714 # 1504
5715 + 92
5716 # 1504
5716 - 92 1
5718 + 92
5721 # 1504
5721 - 92 3
5721 # 1504
5722 # 1504
5722 + 92
5723 # 1504
5723 - 92 1
5725 # 1504
5726 + 92
5728 + 92
5730 + 92
5732 + 92
5734 # 1504
5734 - 92 8
5734 - 92 6
5734 - 92 4
5734 - 92 2
5736 + 92
5737 # 1504
5737 - 92 1
5737 + 92
5738 # 1504
5738 - 92 1
5739 # 1504
5740 # 1504
5740 + 92
5741 # 1504
5741 - 92 1
5742 # 1504
5742 # 1504
5742 # 1504
5743 # 1504
5743 + 92
5744 # 1504
5744 - 92 1
5745 + 92
5746 # 1504
5746 - 92 1
5748 # 1504
5751 # 1504
5751 + 92
5751 + 92
5752 + 92
5754 # 1504
5754 - 92 3
5754 - 92 3
5754 - 92 2
5759 # 1504
5760 # 1504
5762 + 92
5762 + 92
5763 # 1504
5763 - 92 1
5763 - 92 1
5764 + 92
5766 # 1504
5766 - 92 2
5767 + 92
5768 # 1504
5768 - 92 1
5769 # 1504
5771 # 1504
5772 + 92
5772 + 92
5774 # 1504
5774 - 92 2
5774 - 92 2
5774 # 1504
5774 + 92
5776 # 1504
5776 - 92 2
5777 # 1504
5778 + 92
5779 # 1504
5779 - 92 1
5780 # 1504
5781 + 92
5783 # 1504
5783 - 92 2
5784 # 1504
5784 + 92
5785 # 1504
5785 - 92 1
5786 + 92
5787 # 1504
5787 - 92 1
5788 # 1504
5788 + 92
5790 # 1504
5790 - 92 2
5790 # 1504
5794 # 1504
5794 # 1504
5794 + 92
5795 # 1504
5795 - 92 1
5795 # 1504
5795 + 92
5796 # 1504
5796 - 92 1
5798 # 1504
5799 # 1504
5800 # 1504
5801 # 1504
5803 # 1504
5805 # 1504
5806 # 1504
5807 # 1504
5814 + 92
5814 + 92
5816 + 92
5824 + 92
5825 # 1504
5825 - 92 11
5825 - 92 11
5825 - 92 9
5825 - 92 1
5825 # 1504
5825 # 1504
5825 # 1504
5825 # 1504
5825 # 1504
5825 # 1504
5826 # 1504
5826 # 1504
5826 # 1504
5827 # 1504
5827 # 1504
5828 + 92
5828 + 92
5829 # 1504
5829 - 92 1
5829 - 92 1
5835 # 1504
5837 # 1504
5838 # 1504
5840 # 1504
5845 # 1504
5846 # 1504
5848 # 1504
5849 # 1504
5851 # 1504
5853 # 1504
5854 # 1504
5854 + 92
5855 # 1504
5855 - 92 1
5856 + 92
5858 # 1504
5858 - 92 2
5859 + 92
5860 # 1504
5860 - 92 1
5861 # 1504
5862 + 92
5863 # 1504
5863 - 92 1
5864 + 92
5865 # 1504
5865 - 92 1
5868 + 92
5873 + 92
5876 + 92
5879 + 92
5882 # 1504
5882 - 92 14
5882 - 92 9
5882 - 92 6
5882 - 92 3
5882 # 1504
5882 + 92
5883 # 1504
5883 - 92 1
5883 # 1504
5883 # 1504
5883 # 1504
5883 # 1504
5885 # 1504
5885 # 1504
5885 # 1504
5885 # 1504
5886 # 1504
5886 # 1504
5889 # 1504
5891 # 1504
5892 # 1504
5893 # 1504
5894 + 92
5894 + 92
5896 + 92
5898 + 92
5902 + 92
5902 + 92
5904 # 1504
5904 - 92 10
5904 - 92 10
5904 - 92 8
5904 - 92 6
5904 - 92 2
5904 - 92 2
5905 # 1504
5905 # 1504
5905 # 1504
5907 + 92
5907 + 92
5909 # 1504
5909 - 92 2
5909 - 92 2
5909 # 1504
5911 + 92
5912 # 1504
5912 - 92 1
5913 + 92
5915 # 1504
5915 - 92 2
5915 + 92
5918 # 1504
5918 - 92 3
5920 # 1504
5922 # 1504
5925 # 1504
5926 + 92
5927 # 1504
5927 - 92 1
5928 # 1504
5929 # 1504
5929 + 92
5930 # 1504
5930 - 92 1
5930 + 92
5932 # 1504
5932 - 92 2
5933 # 1504
5934 # 1504
5935 # 1504
5935 + 92
5936 # 1504
5936 - 92 1
5937 + 92
5938 # 1504
5938 - 92 1
5939 # 1504
5939 + 92
5945 # 1504
5945 - 92 6
5945 # 1504
5945 # 1504
5946 # 1504
5947 # 1504
5948 # 1504
5949 # 1504
5952 # 1504
5952 # 1504
5953 # 1504
5954 # 1504
5957 + 92
5965 + 92
5966 # 1504
5966 - 92 9
5966 - 92 1
5966 # 1504
5966 # 1504
5966 # 1504
5966 # 1504
5966 # 1504
5968 + 92
5971 + 92
5973 + 92
5975 # 1504
5975 - 92 7
5975 - 92 4
5975 - 92 2
5975 # 1504
5975 # 1504
5975 # 1504
5975 + 92
5978 # 1504
5978 - 92 3
5982 # 1504
5983 # 1504
5985 # 1504
5985 + 92
5987 + 92
5988 # 1504
5988 - 92 3
5988 - 92 1
5988 + 92
5990 # 1504
5990 - 92 2
5990 # 1504
5991 # 1504
5994 # 1504
5995 # 1504
5997 + 92
6000 # 1504
6000 - 92 3
6000 + 92
6000 + 92
6001 # 1504
6001 - 92 1
6001 - 92 1
6001 + 92
6002 # 1504
6002 - 92 1
6004 # 1504
6008 # 1504
6008 # 1504
6012 + 92
6012 + 92
6014 + 92
6016 + 92
6019 # 1504
6019 - 92 7
6019 - 92 7
6019 - 92 5
6019 - 92 3
6022 # 1504
6022 # 1504
6022 # 1504
6022 # 1504
6022 # 1504
6022 # 1504
6025 # 1504
6025 # 1504
6026 + 92
6029 # 1504
6029 - 92 3
6029 + 92
6031 + 92
6033 # 1504
6033 - 92 4
6033 - 92 2
6035 # 1504
6042 + 92
6042 + 92
6049 # 1504
6049 - 92 7
6049 - 92 7
6049 + 92
6050 # 1504
6050 - 92 1
6060 # 1504
6064 + 92
6069 + 92
6069 + 92
6078 + 92
6089 # 1504
6089 - 92 25
6089 - 92 20
6089 - 92 20
6089 - 92 11
6089 + 92
6090 + 92
6091 # 1504
6091 - 92 2
6091 - 92 1
6096 + 92
6096 + 92
6098 + 92
6101 + 92
6104 + 92
6108 # 1504
6108 - 92 12
6108 - 92 12
6108 - 92 10
6108 - 92 7
6108 - 92 4
6108 # 1504
6108 # 1504
6110 # 1504
6113 # 1504
6115 # 1504
6115 + 92
6116 # 1504
6116 - 92 1
6120 # 1504
6120 + 92
6124 # 1504
6124 - 92 4
6126 + 92
6126 + 92
6127 # 1504
6127 - 92 1
6127 - 92 1
6127 # 1504
6128 + 92
6129 # 1504
6129 - 92 1
6132 # 1504
6132 # 1504
6133 # 1504
6133 + 92
6135 + 92
6143 + 92
6143 + 92
6144 # 1504
6144 - 92 11
6144 - 92 9
6144 - 92 1
6144 - 92 1
6144 # 1504
6144 # 1504
6144 # 1504
6144 # 1504
6146 + 92
6153 + 92
6155 # 1504
6155 - 92 9
6155 - 92 2
6157 # 1504
6163 + 92
6163 + 92
6168 # 1504
6168 - 92 5
6168 - 92 5
6169 + 92
6171 + 92
6173 # 1504
6173 - 92 4
6173 - 92 2
6174 # 1504
6174 # 1504
6176 # 1504
6176 + 92
6178 # 1504
6178 - 92 2
6179 + 92
6181 + 92
6184 + 92
6186 # 1504
6186 - 92 7
6186 - 92 5
6186 - 92 2
6187 + 92
6190 # 1504
6190 - 92 3
6190 # 1504
6190 # 1504
6192 + 92
6194 # 1504
6194 - 92 2
6194 # 1504
6197 # 1504
6198 # 1504
6198 + 92
6198 + 92
6201 # 1504
6201 - 92 3
6201 - 92 3
6202 # 1504
6202 + 92
6203 # 1504
6203 - 92 1
6206 # 1504
6208 # 1504
6208 + 92
6208 + 92
6212 # 1504
6212 - 92 4
6212 - 92 4
6213 # 1504
6215 # 1504
6217 + 92
6219 + 92
6220 # 1504
6220 - 92 3
6220 - 92 1
6221 + 92
6222 + 92
6224 # 1504
6224 - 92 3
6224 - 92 2
6225 # 1504
6226 # 1504
6226 + 92
6228 # 1504
6228 - 92 2
6230 # 1504
6230 + 92
6231 + 92
6232 # 1504
6232 - 92 2
6232 - 92 1
6235 + 92
6236 # 1504
6236 - 92 1
6237 # 1504
6237 + 92
6239 # 1504
6239 - 92 2
6240 + 92
6243 # 1504
6243 - 92 3
6245 # 1504
6246 # 1504
6252 # 1504
6252 + 92
6252 + 92
6252 + 92
6252 + 92
6253 # 1504
6253 - 92 1
6253 - 92 1
6253 - 92 1
6253 - 92 1
6255 # 1504
6256 + 92
6258 + 92
6259 # 1504
6259 - 92 3
6259 - 92 1
6259 # 1504
6261 + 92
6262 # 1504
6262 - 92 1
6264 # 1504
6264 + 92
6266 # 1504
6266 - 92 2
6268 + 92
6269 # 1504
6269 - 92 1
6270 # 1504
6271 # 1504
6271 + 92
6274 # 1504
6274 - 92 3
6274 + 92
6276 # 1504
6276 - 92 2
6277 # 1504
6278 # 1504
6282 # 1504
6283 # 1504
6285 # 1504
6286 # 1504
6293 + 92
6293 + 92
6293 + 92
6298 + 92
6299 + 92
6299 + 92
6300 + 92
6307 # 1504
6307 - 92 14
6307 - 92 14
6307 - 92 14
6307 - 92 9
6307 - 92 8
6307 - 92 8
6307 - 92 7
6307 # 1504
6307 # 1504
6307 # 1504
6307 # 1504
6307 # 1504
6308 # 1504
6308 # 1504
6308 # 1504
6310 + 92
6311 # 1504
6311 - 92 1
6314 # 1504
6314 + 92
6315 # 1504
6315 - 92 1
6327 + 92
6327 + 92
6327 + 92
6331 + 92
6336 + 92
6336 + 92
6341 + 92
6344 + 92
6346 + 92
6356 # 1504
6356 - 92 29
6356 - 92 29
6356 - 92 29
6356 - 92 25
6356 - 92 20
6356 - 92 20
6356 - 92 15
6356 - 92 12
6356 - 92 10
6356 # 1504
6357 # 1504
6357 # 1504
6357 # 1504
6357 # 1504
6357 # 1504
6357 # 1504
6357 # 1504
6357 # 1504
6357 # 1504
6357 # 1504
6357 + 92
6358 # 1504
6358 - 92 1
6358 # 1504
6358 # 1504
6358 # 1504
6358 # 1504
6358 # 1504
6358 # 1504
6358 # 1504
6358 # 1504
6358 # 1504
6360 + 92
6365 + 92
6367 # 1504
6367 - 92 7
6367 - 92 2
6367 # 1504
6370 + 92
6371 # 1504
6371 - 92 1
6372 # 1504
6374 # 1504
6374 # 1504
6375 + 92
6376 # 1504
6376 - 92 1
6376 # 1504
6377 # 1504
6377 # 1504
6379 + 92
6380 # 1504
6380 - 92 1
6380 # 1504
6380 + 92
6381 # 1504
6381 - 92 1
6383 # 1504
6384 # 1504
6384 + 92
6385 # 1504
6385 - 92 1
6387 # 1504
6388 # 1504
6389 # 1504
6391 # 1504
6392 # 1504
6392 + 92
6392 + 92
6393 # 1504
6393 - 92 1
6393 - 92 1
6394 # 1504
6395 # 1504
6396 # 1504
6397 # 1504
6398 # 1504
6398 + 92
6399 # 1504
6399 - 92 1
6399 + 92
6400 # 1504
6400 - 92 1
6408 + 92
6411 # 1504
6411 - 92 3
6411 # 1504
6413 # 1504
6414 + 92
6415 # 1504
6415 - 92 1
6415 # 1504
6416 # 1504
6417 + 92
6418 + 92
6422 + 92
6424 # 1504
6424 - 92 7
6424 - 92 6
6424 - 92 2
6425 # 1504
6426 + 92
6430 + 92
6432 + 92
6435 # 1504
6435 - 92 9
6435 - 92 5
6435 - 92 3
6435 # 1504
6435 # 1504
6435 # 1504
6435 + 92
6438 # 1504
6438 - 92 3
6439 # 1504
6439 + 92
6441 + 92
6443 # 1504
6443 - 92 4
6443 - 92 2
6446 # 1504
6446 + 92
6448 # 1504
6448 - 92 2
6448 + 92
6448 + 92
6449 # 1504
6449 - 92 1
6449 - 92 1
6451 + 92
6452 # 1504
6452 - 92 1
6452 + 92
6455 + 92
6456 + 92
6458 + 92
6460 + 92
6461 + 92
6464 # 1504
6464 - 92 12
6464 - 92 9
6464 - 92 8
6464 - 92 6
6464 - 92 4
6464 - 92 3
6464 # 1504
6464 # 1504
6464 # 1504
6464 # 1504
6464 # 1504
6465 # 1504
6468 # 1504
6469 # 1504
6471 + 92
6474 + 92
6483 + 92
6483 + 92
6483 + 92
6483 + 92
6490 + 92
6490 + 92
6490 + 92
6492 # 1504
6492 - 92 21
6492 - 92 18
6492 - 92 9
6492 - 92 9
6492 - 92 9
6492 - 92 9
6492 - 92 2
6492 - 92 2
6492 - 92 2
6492 # 1504
6492 # 1504
6492 # 1504
6492 # 1504
6492 # 1504
6492 # 1504
6493 # 1504
6493 # 1504
6493 # 1504
6493 + 92
6499 # 1504
6499 - 92 6
6499 # 1504
6499 # 1504
6499 + 92
6499 + 92
6501 + 92
6504 # 1504
6504 - 92 5
6504 - 92 5
6504 - 92 3
6504 # 1504
6504 # 1504
6504 + 92
6505 # 1504
6505 - 92 1
6505 # 1504
6511 # 1504
6511 # 1504
6512 # 1504
6516 # 1504
6519 # 1504
6519 + 92
6519 + 92
6524 # 1504
6524 - 92 5
6524 - 92 5
6527 # 1504
6529 # 1504
6529 + 92
6529 + 92
6529 + 92
6532 # 1504
6532 - 92 3
6532 - 92 3
6532 - 92 3
6540 + 92
6541 + 92
6542 # 1504
6542 - 92 2
6542 - 92 1
6542 # 1504
6542 # 1504
6542 # 1504
6546 # 1504
6549 # 1504
6549 + 92
6551 # 1504
6551 - 92 2
6551 + 92
6554 # 1504
6554 - 92 3
6554 + 92
6556 # 1504
6556 - 92 2
6559 # 1504
6563 # 1504
6566 # 1504
6568 # 1504
6569 # 1504
6570 + 92
6570 + 92
6571 # 1504
6571 - 92 1
6571 - 92 1
6573 # 1504
6573 + 92
6574 # 1504
6574 - 92 1
6576 # 1504
6577 # 1504
6579 # 1504
6580 # 1504
6583 # 1504
6584 # 1504
6595 # 1504
6595 # 1504
6595 + 92
6604 # 1504
6604 - 92 9
6605 # 1504
6605 # 1504
6605 # 1504
6605 # 1504
6605 # 1504
6605 # 1504
6605 # 1504
6605 + 92
6605 + 92
6611 # 1504
6611 - 92 6
6611 - 92 6
6611 # 1504
6612 + 92
6613 # 1504
6613 - 92 1
6615 + 92
6616 # 1504
6616 - 92 1
6616 + 92
6620 # 1504
6620 - 92 4
6622 + 92
6624 # 1504
6624 - 92 2
6624 + 92
6629 + 92
6631 + 92
6633 # 1504
6633 - 92 9
6633 - 92 4
6633 - 92 2
6634 + 92
6636 # 1504
6636 - 92 2
6639 + 92
6641 # 1504
6641 - 92 2
6644 # 1504
6646 + 92
6647 + 92
6648 # 1504
6648 - 92 2
6648 - 92 1
6649 # 1504
6652 # 1504
6652 + 92
6655 # 1504
6655 - 92 3
6655 + 92
6657 # 1504
6657 - 92 2
6658 + 92
6659 # 1504
6659 - 92 1
6661 # 1504
6661 + 92
6664 # 1504
6664 - 92 3
6664 + 92
6666 + 92
6669 + 92
6672 + 92
6673 + 92
6677 # 1504
6677 - 92 13
6677 - 92 11
6677 - 92 8
6677 - 92 5
6677 - 92 4
6677 # 1504
6677 # 1504
6677 # 1504
6677 + 92
6679 + 92
6680 # 1504
6680 - 92 3
6680 - 92 1
6682 # 1504
6682 + 92
6684 # 1504
6684 - 92 2
6684 + 92
6686 # 1504
6686 - 92 2
6687 + 92
6688 + 92
6689 # 1504
6689 - 92 2
6689 - 92 1
6690 + 92
6691 # 1504
6691 - 92 1
6692 # 1504
6692 + 92
6693 # 1504
6693 - 92 1
6697 # 1504
6698 # 1504
6698 # 1504
6700 # 1504
6700 + 92
6700 + 92
6701 + 92
6703 # 1504
6703 - 92 3
6703 - 92 3
6703 - 92 2
6704 # 1504
6704 + 92
6707 # 1504
6707 - 92 3
6708 # 1504
6709 # 1504
6711 # 1504
6713 # 1504
6713 + 92
6714 # 1504
6714 - 92 1
6714 + 92
6714 + 92
6716 # 1504
6716 - 92 2
6716 - 92 2
6717 # 1504
6717 + 92
6719 # 1504
6719 - 92 2
6719 + 92
6721 # 1504
6721 - 92 2
6722 + 92
6723 # 1504
6723 - 92 1
6724 # 1504
6724 + 92
6725 # 1504
6725 - 92 1
6726 + 92
6727 + 92
6729 + 92
6732 + 92
6734 + 92
6735 # 1504
6735 - 92 9
6735 - 92 8
6735 - 92 6
6735 - 92 3
6735 - 92 1
6735 # 1504
6736 # 1504
6737 + 92
6740 # 1504
6740 - 92 3
6746 + 92
6747 + 92
6749 # 1504
6749 - 92 3
6749 - 92 2
6749 # 1504
6749 # 1504
6749 # 1504
6755 # 1504
6755 # 1504
6755 # 1504
6755 + 92
6755 + 92
6758 # 1504
6758 - 92 3
6758 - 92 3
6762 # 1504
6762 + 92
6766 # 1504
6766 - 92 4
6767 + 92
6768 # 1504
6768 - 92 1
6769 + 92
6771 # 1504
6771 - 92 2
6771 + 92
6774 + 92
6776 # 1504
6776 - 92 5
6776 - 92 2
6777 # 1504
6777 + 92
6780 + 92
6781 # 1504
6781 - 92 4
6781 - 92 1
6782 + 92
6785 + 92
6786 # 1504
6786 - 92 4
6786 - 92 1
6787 + 92
6789 # 1504
6789 - 92 2
6792 + 92
6792 + 92
6794 # 1504
6794 - 92 2
6794 - 92 2
6796 + 92
6797 # 1504
6797 - 92 1
6799 + 92
6801 # 1504
6801 - 92 2
6804 + 92
6805 # 1504
6805 - 92 1
6808 + 92
6809 # 1504
6809 - 92 1
6812 # 1504
6816 # 1504
6818 # 1504
6824 + 92
6824 + 92
6824 + 92
6826 # 1504
6826 - 92 2
6826 - 92 2
6826 - 92 2
6826 + 92
6831 # 1504
6831 - 92 5
6832 + 92
6833 + 92
6834 # 1504
6834 - 92 2
6834 - 92 1
6835 # 1504
6837 + 92
6840 + 92
6842 # 1504
6842 - 92 5
6842 - 92 2
6845 # 1504
6845 + 92
6849 # 1504
6849 - 92 4
6850 # 1504
6854 + 92
6854 + 92
6855 + 92
6864 + 92
6864 + 92
6864 + 92
6865 + 92
6869 + 92
6871 # 1504
6871 - 92 17
6871 - 92 17
6871 - 92 16
6871 - 92 7
6871 - 92 7
6871 - 92 7
6871 - 92 6
6871 - 92 2
6871 # 1504
6871 # 1504
6871 # 1504
6871 # 1504
6871 # 1504
6871 # 1504
6871 # 1504
6873 # 1504
6874 + 92
6874 + 92
6876 # 1504
6876 - 92 2
6876 - 92 2
6876 + 92
6878 # 1504
6878 - 92 2
6879 # 1504
6881 + 92
6883 + 92
6885 # 1504
6885 - 92 4
6885 - 92 2
6886 # 1504
6886 + 92
6888 + 92
6889 # 1504
6889 - 92 3
6889 - 92 1
6891 # 1504
6892 + 92
6893 # 1504
6893 - 92 1
6894 # 1504
6894 + 92
6896 # 1504
6896 - 92 2
6899 # 1504
6900 # 1504
6900 + 92
6904 # 1504
6904 - 92 4
6904 + 92
6905 # 1504
6905 - 92 1
6906 + 92
6907 # 1504
6907 - 92 1
6908 # 1504
6908 # 1504
6909 # 1504
6909 + 92
6911 + 92
6913 # 1504
6913 - 92 4
6913 - 92 2
6913 # 1504
6915 # 1504
6915 + 92
6916 # 1504
6916 - 92 1
6917 # 1504
6918 # 1504
6918 + 92
6919 # 1504
6919 - 92 1
6920 # 1504
6921 + 92
6922 # 1504
6922 - 92 1
6923 + 92
6924 # 1504
6924 - 92 1
6925 # 1504
6926 # 1504
6927 + 92
6928 # 1504
6928 - 92 1
6930 # 1504
6931 # 1504
6932 # 1504
6932 + 92
6932 + 92
6933 # 1504
6933 - 92 1
6933 - 92 1
6934 # 1504
6935 # 1504
6936 # 1504
6936 + 92
6939 + 92
6940 # 1504
6940 - 92 4
6940 - 92 1
6940 # 1504
6941 + 92
6943 # 1504
6943 - 92 2
6944 # 1504
6944 + 92
6946 # 1504
6946 - 92 2
6947 + 92
6949 + 92
6952 + 92
6955 # 1504
6955 - 92 8
6955 - 92 6
6955 - 92 3
6957 # 1504
6959 # 1504
6959 # 1504
6959 + 92
6961 # 1504
6961 - 92 2
6962 # 1504
6963 # 1504
6964 # 1504
6965 # 1504
6966 # 1504
6966 + 92
6966 + 92
6968 + 92
6969 # 1504
6969 - 92 3
6969 - 92 3
6969 - 92 1
6970 # 1504
6970 + 92
6971 # 1504
6971 - 92 1
6972 + 92
6973 # 1504
6973 - 92 1
6974 # 1504
6974 + 92
6976 # 1504
6976 - 92 2
6977 + 92
6978 # 1504
6978 - 92 1
6980 # 1504
6982 # 1504
6987 + 92
6987 + 92
6990 + 92
6992 + 92
6994 + 92
6995 # 1504
6995 - 92 8
6995 - 92 8
6995 - 92 5
6995 - 92 3
6995 - 92 1
6995 + 92
7005 # 1504
7005 - 92 10
7005 # 1504
7005 # 1504
7005 # 1504
7005 # 1504
7005 # 1504
7006 + 92
7007 + 92
7010 + 92
7020 + 92
7021 + 92
7022 # 1504
7022 - 92 16
7022 - 92 15
7022 - 92 12
7022 - 92 2
7022 - 92 1
7022 # 1504
7023 # 1504
7023 # 1504
7023 # 1504
7024 + 92
7025 # 1504
7025 - 92 1
7027 + 92
7031 + 92
7034 + 92
7037 # 1504
7037 - 92 10
7037 - 92 6
7037 - 92 3
7037 # 1504
7037 # 1504
7038 + 92
7041 + 92
7042 # 1504
7042 - 92 4
7042 - 92 1
7044 + 92
7046 + 92
7047 # 1504
7047 - 92 3
7047 - 92 1
7049 # 1504
7050 # 1504
7051 + 92
7053 # 1504
7053 - 92 2
7055 # 1504
7056 + 92
7058 # 1504
7058 - 92 2
7059 # 1504
7062 # 1504
7064 # 1504
7069 + 92
7070 + 92
7075 # 1504
7075 - 92 6
7075 - 92 5
7077 + 92
7078 + 92
7082 + 92
7094 + 92
7094 + 92
7098 + 92
7101 # 1504
7101 - 92 24
7101 - 92 23
7101 - 92 19
7101 - 92 7
7101 - 92 7
7101 - 92 3
7102 + 92
7102 + 92
7105 + 92
7109 + 92
7113 + 92
7115 + 92
7118 + 92
7122 + 92
7125 + 92
7130 + 92
7132 + 92
7133 # 1504
7133 - 92 31
7133 - 92 31
7133 - 92 28
7133 - 92 24
7133 - 92 20
7133 - 92 18
7133 - 92 15
7133 - 92 11
7133 - 92 8
7133 - 92 3
7133 - 92 1
7134 + 92
7138 + 92
7140 + 92
7145 # 1504
7145 - 92 11
7145 - 92 7
7145 - 92 5
7145 + 92
7146 + 92
7150 + 92
7151 + 92
7152 # 1504
7152 - 92 7
7152 - 92 6
7152 - 92 2
7152 - 92 1
7155 + 92
7156 + 92
7159 + 92
7161 + 92
7164 # 1504
7164 - 92 9
7164 - 92 8
7164 - 92 5
7164 - 92 3
7164 + 92
7165 + 92
7167 # 1504
7167 - 92 3
7167 - 92 2
7167 + 92
7169 # 1504
7169 - 92 2
7171 + 92
7173 # 1504
7173 - 92 2
7175 # 1504
7175 + 92
7175 + 92
7179 + 92
7180 # 1504
7180 - 92 5
7180 - 92 5
7180 - 92 1
7181 + 92
7184 + 92
7186 # 1504
7186 - 92 5
7186 - 92 2
7186 + 92
7189 + 92
7190 # 1504
7190 - 92 4
7190 - 92 1
7192 # 1504
7192 + 92
7193 + 92
7196 # 1504
7196 - 92 4
7196 - 92 3
7198 + 92
7200 # 1504
7200 - 92 2
7204 # 1504
7207 + 92
7207 + 92
7208 # 1504
7208 - 92 1
7208 - 92 1
7211 # 1504
7213 + 92
7214 # 1504
7214 - 92 1
7215 + 92
7217 # 1504
7217 - 92 2
7218 + 92
7221 # 1504
7221 - 92 3
7227 + 92
7229 + 92
7232 + 92
7233 + 92
7235 # 1504
7235 - 92 8
7235 - 92 6
7235 - 92 3
7235 - 92 2
7235 # 1504
7236 + 92
7237 + 92
7239 # 1504
7239 - 92 3
7239 - 92 2
7239 # 1504
7239 # 1504
7246 + 92
7247 # 1504
7247 - 92 1
7247 # 1504
7247 # 1504
7247 # 1504
7249 + 92
7249 + 92
7254 # 1504
7254 - 92 5
7254 - 92 5
7254 # 1504
7257 + 92
7258 # 1504
7258 - 92 1
7260 + 92
7263 # 1504
7263 - 92 3
7267 # 1504
7267 + 92
7268 + 92
7270 # 1504
7270 - 92 3
7270 - 92 2
7270 + 92
7274 # 1504
7274 - 92 4
7279 # 1504
7280 + 92
7280 + 92
7283 # 1504
7283 - 92 3
7283 - 92 3
7284 # 1504
7286 # 1504
7287 # 1504
7287 + 92
7288 # 1504
7288 - 92 1
7290 # 1504
7290 # 1504
7291 # 1504
7293 # 1504
7294 # 1504
7294 + 92
7295 # 1504
7295 - 92 1
7296 + 92
7305 # 1504
7305 - 92 9
7306 # 1504
7306 # 1504
7306 # 1504
7306 # 1504
7314 # 1504
7314 # 1504
7316 # 1504
7317 # 1504
7317 # 1504
7317 # 1504
7317 # 1504
7317 + 92
7317 + 92
7320 # 1504
7320 - 92 3
7320 - 92 3
7320 + 92
7321 # 1504
7321 - 92 1
7325 + 92
7328 + 92
7330 + 92
7335 # 1504
7335 - 92 10
7335 - 92 7
7335 - 92 5
7335 # 1504
7335 # 1504
7336 # 1504
7336 # 1504
7339 # 1504
7339 + 92
7342 + 92
7343 # 1504
7343 - 92 4
7343 - 92 1
7345 # 1504
7345 + 92
7347 + 92
7348 # 1504
7348 - 92 3
7348 - 92 1
7349 + 92
7351 + 92
7352 # 1504
7352 - 92 3
7352 - 92 1
7352 + 92
7355 # 1504
7355 - 92 3
7356 + 92
7357 # 1504
7357 - 92 1
7357 + 92
7363 # 1504
7363 - 92 6
7366 + 92
7369 + 92
7369 + 92
7371 + 92
7374 # 1504
7374 - 92 8
7374 - 92 5
7374 - 92 5
7374 - 92 3
7374 # 1504
7375 + 92
7379 # 1504
7379 - 92 4
7379 # 1504
7379 # 1504
7379 # 1504
7383 # 1504
7388 + 92
7388 + 92
7390 + 92
7391 + 92
7393 + 92
7394 # 1504
7394 - 92 6
7394 - 92 6
7394 - 92 4
7394 - 92 3
7394 - 92 1
7395 # 1504
7397 # 1504
7398 + 92
7400 # 1504
7400 - 92 2
7405 # 1504
7407 + 92
7410 # 1504
7410 - 92 3
7415 # 1504
7417 # 1504
7418 + 92
7418 + 92
7421 # 1504
7421 - 92 3
7421 - 92 3
7422 + 92
7424 + 92
7427 + 92
7427 + 92
7429 # 1504
7429 - 92 7
7429 - 92 5
7429 - 92 2
7429 - 92 2
7430 # 1504
7431 # 1504
7431 + 92
7433 # 1504
7433 - 92 2
7434 # 1504
7434 + 92
7436 # 1504
7436 - 92 2
7436 + 92
7438 + 92
7439 # 1504
7439 - 92 3
7439 - 92 1
7441 + 92
7443 # 1504
7443 - 92 2
7443 + 92
7445 # 1504
7445 - 92 2
7445 + 92
7450 + 92
7451 + 92
7453 + 92
7455 # 1504
7455 - 92 10
7455 - 92 5
7455 - 92 4
7455 - 92 2
7455 # 1504
7456 + 92
7458 # 1504
7458 - 92 2
7460 + 92
7463 # 1504
7463 - 92 3
7465 # 1504
7465 # 1504
7466 # 1504
7468 # 1504
7470 # 1504
7471 # 1504
7476 # 1504
7477 + 92
7479 # 1504
7479 - 92 2
7479 + 92
7481 # 1504
7481 - 92 2
7486 # 1504
7490 # 1504
7490 + 92
7494 # 1504
7494 - 92 4
7494 + 92
7497 # 1504
7497 - 92 3
7497 + 92
7499 # 1504
7499 - 92 2
7504 # 1504
7507 + 92
7507 + 92
7508 # 1504
7508 - 92 1
7508 - 92 1
7510 # 1504
7510 + 92
7512 + 92
7513 # 1504
7513 - 92 3
7513 - 92 1
7515 + 92
7516 # 1504
7516 - 92 1
7518 # 1504
7520 # 1504
7522 # 1504
7525 # 1504
7529 # 1504
7534 # 1504
7535 # 1504
7535 + 92
7535 + 92
7536 + 92
7537 # 1504
7537 - 92 2
7537 - 92 2
7537 - 92 1
7538 # 1504
7541 # 1504
7543 # 1504
7544 # 1504
7546 # 1504
7547 # 1504
7547 + 92
7548 + 92
7549 # 1504
7549 - 92 2
7549 - 92 1
7550 # 1504
7555 # 1504
7556 # 1504
7556 # 1504
7556 + 92
7559 # 1504
7559 - 92 3
7560 # 1504
7570 + 92
7572 + 92
7573 + 92
7574 # 1504
7574 - 92 4
7574 - 92 2
7574 - 92 1
7574 # 1504
7576 # 1504
7576 + 92
7579 # 1504
7579 - 92 3
7579 # 1504
7580 # 1504
7586 + 92
7588 + 92
7588 + 92
7591 # 1504
7591 - 92 5
7591 - 92 3
7591 - 92 3
7592 + 92
7594 + 92
7598 + 92
7600 # 1504
7600 - 92 8
7600 - 92 6
7600 - 92 2
7600 # 1504
7600 # 1504
7601 # 1504
7601 # 1504
7607 + 92
7609 # 1504
7609 - 92 2
7609 # 1504
7610 # 1504
7610 # 1504
7610 # 1504
7611 # 1504
7612 + 92
7614 # 1504
7614 - 92 2
7614 + 92
7616 + 92
7619 # 1504
7619 - 92 5
7619 - 92 3
7622 # 1504
7628 # 1504
7628 + 92
7628 + 92
7630 + 92
7631 # 1504
7631 - 92 3
7631 - 92 3
7631 - 92 1
7632 + 92
7634 + 92
7635 # 1504
7635 - 92 3
7635 - 92 1
7639 # 1504
7644 + 92
7644 + 92
7646 # 1504
7646 - 92 2
7646 - 92 2
7646 + 92
7649 # 1504
7649 - 92 3
7651 + 92
7653 # 1504
7653 - 92 2
7653 + 92
7655 + 92
7657 # 1504
7657 - 92 4
7657 - 92 2
7658 + 92
7661 # 1504
7661 - 92 3
7667 # 1504
7668 + 92
7669 # 1504
7669 - 92 1
7669 + 92
7674 # 1504
7674 - 92 5
7676 # 1504
7680 + 92
7680 + 92
7681 # 1504
7681 - 92 1
7681 - 92 1
7686 # 1504
7686 + 92
7688 # 1504
7688 - 92 2
7689 + 92
7690 # 1504
7690 - 92 1
7693 # 1504
7695 + 92
7695 + 92
7696 # 1504
7696 - 92 1
7696 - 92 1
7697 # 1504
7697 + 92
7700 # 1504
7700 - 92 3
7702 # 1504
7705 # 1504
7706 + 92
7709 # 1504
7709 - 92 3
7710 # 1504
7710 + 92
7711 + 92
7712 # 1504
7712 - 92 2
7712 - 92 1
7714 # 1504
7715 + 92
7716 # 1504
7716 - 92 1
7717 + 92
7719 # 1504
7719 - 92 2
7720 + 92
7721 # 1504
7721 - 92 1
7722 # 1504
7723 + 92
7724 # 1504
7724 - 92 1
7725 + 92
7726 + 92
7727 # 1504
7727 - 92 2
7727 - 92 1
7728 + 92
7729 # 1504
7729 - 92 1
7730 # 1504
7730 + 92
7732 + 92
7733 # 1504
7733 - 92 3
7733 - 92 1
7735 + 92
7736 # 1504
7736 - 92 1
7737 + 92
7739 # 1504
7739 - 92 2
7739 + 92
7740 + 92
7743 # 1504
7743 - 92 4
7743 - 92 3
7743 + 92
7744 + 92
7745 # 1504
7745 - 92 2
7745 - 92 1
7747 # 1504
7747 + 92
7749 # 1504
7749 - 92 2
7751 # 1504
7753 # 1504
7753 + 92
7754 + 92
7755 # 1504
7755 - 92 2
7755 - 92 1
7758 # 1504
7759 # 1504
7760 # 1504
7762 # 1504
7766 # 1504
7768 # 1504
7771 # 1504
7775 # 1504
7775 + 92
7775 + 92
7775 + 92
7775 + 92
7775 + 92
7775 + 92
7775 + 92
7775 + 92
7776 # 1504
7776 - 92 1
7776 - 92 1
7776 - 92 1
7776 - 92 1
7776 - 92 1
7776 - 92 1
7776 - 92 1
7776 - 92 1
7777 + 92
7779 # 1504
7779 - 92 2
7784 # 1504
7787 # 1504
7787 + 92
7787 + 92
7787 + 92
7787 + 92
7789 + 92
7790 # 1504
7790 - 92 3
7790 - 92 3
7790 - 92 3
7790 - 92 3
7790 - 92 1
7792 + 92
7793 # 1504
7793 - 92 1
7793 + 92
7794 # 1504
7794 - 92 1
7795 + 92
7796 # 1504
7796 - 92 1
7797 + 92
7798 # 1504
7798 - 92 1
7800 # 1504
7801 # 1504
7801 + 92
7803 # 1504
7803 - 92 2
7806 # 1504
7807 # 1504
7809 # 1504
7810 # 1504
7811 # 1504
7812 + 92
7812 + 92
7813 # 1504
7813 - 92 1
7813 - 92 1
7813 + 92
7815 # 1504
7815 - 92 2
7815 + 92
7816 # 1504
7816 - 92 1
7819 # 1504
7821 # 1504
7822 # 1504
7824 # 1504
7826 # 1504
7827 + 92
7830 + 92
7832 + 92
7835 + 92
7835 + 92
7835 + 92
7837 + 92
7839 + 92
7842 + 92
7846 + 92
7847 # 1504
7847 - 92 20
7847 - 92 17
7847 - 92 15
7847 - 92 12
7847 - 92 12
7847 - 92 12
7847 - 92 10
7847 - 92 8
7847 - 92 5
7847 - 92 1
7847 # 1504
7847 # 1504
7847 # 1504
7847 # 1504
7848 # 1504
7848 # 1504
7848 # 1504
7848 # 1504
7848 # 1504
7848 # 1504
7848 # 1504
7848 + 92
7850 # 1504
7850 - 92 2
7850 + 92
7851 # 1504
7851 - 92 1
7852 + 92
7854 # 1504
7854 - 92 2
7854 + 92
7855 # 1504
7855 - 92 1
7856 # 1504
7856 # 1504
7857 # 1504
7857 + 92
7858 # 1504
7858 - 92 1
7859 # 1504
7859 + 92
7860 # 1504
7860 - 92 1
7866 # 1504
7866 # 1504
7867 + 92
7868 # 1504
7868 - 92 1
7868 # 1504
7868 # 1504
7872 + 92
7874 + 92
7879 # 1504
7879 - 92 7
7879 - 92 5
7879 # 1504
7879 # 1504
7880 # 1504
7880 # 1504
7880 # 1504
7880 # 1504
7880 # 1504
7880 # 1504
7880 + 92
7883 + 92
7885 + 92
7886 + 92
7889 + 92
7891 # 1504
7891 - 92 11
7891 - 92 8
7891 - 92 6
7891 - 92 5
7891 - 92 2
7892 # 1504
7892 + 92
7893 + 92
7898 # 1504
7898 - 92 6
7898 - 92 5
7908 + 92
7908 + 92
7910 + 92
7914 + 92
7915 + 92
7917 + 92
7919 # 1504
7919 - 92 11
7919 - 92 11
7919 - 92 9
7919 - 92 5
7919 - 92 4
7919 - 92 2
7919 # 1504
7919 # 1504
7919 # 1504
7919 # 1504
7919 # 1504
7919 # 1504
7920 # 1504
7920 # 1504
7920 # 1504
7920 # 1504
7920 # 1504
7920 # 1504
7920 # 1504
7920 # 1504
7920 # 1504
7920 # 1504
7921 # 1504
7921 # 1504
7925 # 1504
7925 # 1504
7926 + 92
7929 + 92
7931 + 92
7933 + 92
7934 # 1504
7934 - 92 8
7934 - 92 5
7934 - 92 3
7934 - 92 1
7934 # 1504
7934 # 1504
7934 # 1504
7934 # 1504
7934 # 1504
7935 + 92
7936 # 1504
7936 - 92 1
7938 + 92
7945 # 1504
7945 - 92 7
7945 # 1504
7947 # 1504
7947 + 92
7950 # 1504
7950 - 92 3
7953 + 92
7954 # 1504
7954 - 92 1
7957 # 1504
7958 + 92
7960 # 1504
7960 - 92 2
7961 + 92
7965 # 1504
7965 - 92 4
7965 + 92
7966 # 1504
7966 - 92 1
7970 # 1504
7972 # 1504
7974 # 1504
7975 + 92
7976 + 92
7977 # 1504
7977 - 92 2
7977 - 92 1
7977 + 92
7979 # 1504
7979 - 92 2
7983 # 1504
7986 # 1504
7986 + 92
7990 # 1504
7990 - 92 4
7992 + 92
7993 + 92
7995 # 1504
7995 - 92 3
7995 - 92 2
7996 + 92
7997 # 1504
7997 - 92 1
8001 # 1504
8001 + 92
8001 + 92
8005 # 1504
8005 - 92 4
8005 - 92 4
8008 # 1504
8008 + 92
8009 + 92
8010 + 92
8013 # 1504
8013 - 92 5
8013 - 92 4
8013 - 92 3
8013 + 92
8013 + 92
8015 # 1504
8015 - 92 2
8015 - 92 2
8017 # 1504
8019 # 1504
8024 + 92
8025 # 1504
8025 - 92 1
8027 + 92
8029 + 92
8031 + 92
8033 + 92
8034 # 1504
8034 - 92 7
8034 - 92 5
8034 - 92 3
8034 - 92 1
8034 # 1504
8035 + 92
8037 # 1504
8037 - 92 2
8037 # 1504
8038 # 1504
8039 + 92
8042 + 92
8043 + 92
8045 + 92
8047 # 1504
8047 - 92 8
8047 - 92 5
8047 - 92 4
8047 - 92 2
8047 # 1504
8047 # 1504
8047 # 1504
8047 + 92
8051 # 1504
8051 - 92 4
8051 + 92
8053 # 1504
8053 - 92 2
8056 # 1504
8058 # 1504
8060 + 92
8060 + 92
8062 + 92
8063 # 1504
8063 - 92 3
8063 - 92 3
8063 - 92 1
8072 # 1504
8072 # 1504
8072 + 92
8072 + 92
8075 # 1504
8075 - 92 3
8075 - 92 3
8075 + 92
8076 # 1504
8076 - 92 1
8077 + 92
8080 + 92
8081 # 1504
8081 - 92 4
8081 - 92 1
8084 + 92
8086 # 1504
8086 - 92 2
8086 + 92
8091 # 1504
8091 - 92 5
8095 # 1504
8097 # 1504
8097 + 92
8107 + 92
8110 + 92
8112 + 92
8114 + 92
8119 + 92
8122 + 92
8125 + 92
8129 + 92
8130 + 92
8133 + 92
8137 + 92
8139 + 92
8141 + 92
8147 # 1504
8147 - 92 50
8147 - 92 40
8147 - 92 37
8147 - 92 35
8147 - 92 33
8147 - 92 28
8147 - 92 25
8147 - 92 22
8147 - 92 18
8147 - 92 17
8147 - 92 14
8147 - 92 10
8147 - 92 8
8147 - 92 6
8153 # 1504
8153 + 92
8155 + 92
8164 # 1504
8164 - 92 11
8164 - 92 9
8167 # 1504
8167 + 92
8169 + 92
8169 + 92
8173 + 92
8177 + 92
8179 + 92
8182 + 92
8183 # 1504
8183 - 92 16
8183 - 92 14
8183 - 92 14
8183 - 92 10
8183 - 92 6
8183 - 92 4
8183 - 92 1
8187 + 92
8189 + 92
8200 + 92
8200 + 92
8202 # 1504
8202 - 92 15
8202 - 92 13
8202 - 92 2
8202 - 92 2
8202 # 1504
8204 # 1504
8207 # 1504
8208 # 1504
8208 # 1504
8209 # 1504
8210 + 92
8212 + 92
8215 + 92
8218 # 1504
8218 - 92 8
8218 - 92 6
8218 - 92 3
8218 + 92
8223 # 1504
8223 - 92 5
8223 + 92
8224 # 1504
8224 - 92 1
8227 + 92
8230 + 92
8232 + 92
8236 + 92
8239 + 92
8242 # 1504
8242 - 92 15
8242 - 92 12
8242 - 92 10
8242 - 92 6
8242 - 92 3
8242 + 92
8246 # 1504
8246 - 92 4
8251 + 92
8256 # 1504
8256 - 92 5
8257 + 92
8259 # 1504
8259 - 92 2
8259 # 1504
8259 + 92
8264 + 92
8266 + 92
8270 + 92
8274 + 92
8275 # 1504
8275 - 92 16
8275 - 92 11
8275 - 92 9
8275 - 92 5
8275 - 92 1
8276 + 92
8278 # 1504
8278 - 92 2
8278 + 92
8282 + 92
8285 # 1504
8285 - 92 7
8285 - 92 3
8285 + 92
8289 + 92
8291 + 92
8295 + 92
8297 # 1504
8297 - 92 12
8297 - 92 8
8297 - 92 6
8297 - 92 2
8297 + 92
8298 # 1504
8298 - 92 1
8302 + 92
8310 # 1504
8310 - 92 8
8313 + 92
8315 + 92
8324 # 1504
8324 - 92 11
8324 - 92 9
8328 + 92
8329 + 92
8331 # 1504
8331 - 92 3
8331 - 92 2
8333 + 92
8335 + 92
8340 + 92
8343 # 1504
8343 - 92 10
8343 - 92 8
8343 - 92 3
8343 + 92
8345 + 92
8348 # 1504
8348 - 92 5
8348 - 92 3
8349 + 92
8350 # 1504
8350 - 92 1
8352 + 92
8353 # 1504
8353 - 92 1
8355 + 92
8356 # 1504
8356 - 92 1
8358 # 1504
8362 # 1504
8364 # 1504
8364 + 92
8366 + 92
8369 + 92
8373 + 92
8375 + 92
8377 # 1504
8377 - 92 13
8377 - 92 11
8377 - 92 8
8377 - 92 4
8377 - 92 2
8378 + 92
8385 # 1504
8385 - 92 7
8388 + 92
8392 + 92
8392 + 92
8393 # 1504
8393 - 92 5
8393 - 92 1
8393 - 92 1
8394 + 92
8396 + 92
8400 # 1504
8400 - 92 6
8400 - 92 4
8400 + 92
8405 # 1504
8405 - 92 5
8409 + 92
8414 + 92
8415 + 92
8416 # 1504
8416 - 92 7
8416 - 92 2
8416 - 92 1
8416 # 1504
8416 # 1504
8416 # 1504
8417 # 1504
8417 # 1504
8418 + 92
8419 # 1504
8419 - 92 1
8421 # 1504
8421 # 1504
8422 + 92
8424 # 1504
8424 - 92 2
8424 + 92
8426 # 1504
8426 - 92 2
8428 + 92
8430 + 92
8431 # 1504
8431 - 92 3
8431 - 92 1
8435 # 1504
8438 + 92
8440 # 1504
8440 - 92 2
8444 # 1504
8448 + 92
8449 # 1504
8449 - 92 1
8452 + 92
8455 # 1504
8455 - 92 3
8455 + 92
8457 + 92
8459 + 92
8462 # 1504
8462 - 92 7
8462 - 92 5
8462 - 92 3
8469 # 1504
8472 # 1504
8472 + 92
8472 + 92
8477 + 92
8477 + 92
8478 # 1504
8478 - 92 6
8478 - 92 6
8478 - 92 1
8478 - 92 1
8485 # 1504
8489 # 1504
8489 + 92
8489 + 92
8492 + 92
8494 # 1504
8494 - 92 5
8494 - 92 5
8494 - 92 2
8495 # 1504
8497 # 1504
8499 # 1504
8500 + 92
8502 + 92
8504 # 1504
8504 - 92 4
8504 - 92 2
8504 # 1504
8508 # 1504
8511 + 92
8513 # 1504
8513 - 92 2
8517 + 92
8518 # 1504
8518 - 92 1
8519 + 92
8520 # 1504
8520 - 92 1
8522 + 92
8526 # 1504
8526 - 92 4
8529 # 1504
8531 + 92
8534 # 1504
8534 - 92 3
8538 + 92
8538 + 92
8539 # 1504
8539 - 92 1
8539 - 92 1
8541 + 92
8544 # 1504
8544 - 92 3
8545 + 92
8551 # 1504
8551 - 92 6
8555 + 92
8557 # 1504
8557 - 92 2
8559 # 1504
8564 # 1504
8566 # 1504
8567 + 92
8568 # 1504
8568 - 92 1
8571 # 1504
8572 # 1504
8572 + 92
8574 # 1504
8574 - 92 2
8575 # 1504
8579 # 1504
8580 # 1504
8582 # 1504
8584 # 1504
8586 # 1504
8587 + 92
8588 # 1504
8588 - 92 1
8590 # 1504
8592 # 1504
8592 + 92
8593 + 92
8594 # 1504
8594 - 92 2
8594 - 92 1
8595 # 1504
8596 + 92
8597 # 1504
8597 - 92 1
8598 # 1504
8601 # 1504
8604 # 1504
8604 # 1504
8605 # 1504
8607 # 1504
8607 + 92
8610 # 1504
8610 - 92 3
8612 # 1504
8612 + 92
8616 # 1504
8616 - 92 4
8616 # 1504
8617 + 92
8618 # 1504
8618 - 92 1
8619 # 1504
8619 + 92
8621 # 1504
8621 - 92 2
8623 # 1504
8623 + 92
8624 # 1504
8624 - 92 1
8626 # 1504
8627 # 1504
8627 + 92
8629 # 1504
8629 - 92 2
8629 + 92
8630 # 1504
8630 - 92 1
8631 + 92
8633 # 1504
8633 - 92 2
8634 # 1504
8635 # 1504
8635 + 92
8637 # 1504
8637 - 92 2
8638 + 92
8639 # 1504
8639 - 92 1
8640 + 92
8643 # 1504
8643 - 92 3
8643 + 92
8645 # 1504
8645 - 92 2
8646 # 1504
8649 # 1504
8649 # 1504
8651 + 92
8652 # 1504
8652 - 92 1
8653 # 1504
8654 # 1504
8656 + 92
8657 # 1504
8657 - 92 1
8657 + 92
8661 + 92
8664 + 92
8666 # 1504
8666 - 92 9
8666 - 92 5
8666 - 92 2
8666 # 1504
8666 # 1504
8666 # 1504
8666 # 1504
8667 # 1504
8668 + 92
8669 # 1504
8669 - 92 1
8669 + 92
8670 # 1504
8670 - 92 1
8672 # 1504
8674 + 92
8674 + 92
8675 # 1504
8675 - 92 1
8675 - 92 1
8676 # 1504
8677 # 1504
8680 # 1504
8680 # 1504
8682 # 1504
8684 # 1504
8685 # 1504
8688 # 1504
8688 # 1504
8688 + 92
8688 + 92
8689 # 1504
8689 - 92 1
8689 - 92 1
8690 # 1504
8692 + 92
8696 + 92
8698 + 92
8699 # 1504
8699 - 92 7
8699 - 92 3
8699 - 92 1
8699 # 1504
8700 # 1504
8700 # 1504
8702 # 1504
8703 # 1504
8705 # 1504
8705 # 1504
8708 + 92
8709 # 1504
8709 - 92 1
8710 # 1504
8711 # 1504
8713 # 1504
8714 # 1504
8714 + 92
8715 + 92
8723 # 1504
8723 - 92 9
8723 - 92 8
8723 # 1504
8724 # 1504
8724 # 1504
8726 + 92
8730 + 92
8732 + 92
8734 # 1504
8734 - 92 8
8734 - 92 4
8734 - 92 2
8734 + 92
8736 # 1504
8736 - 92 2
8736 # 1504
8738 # 1504
8739 # 1504
8741 # 1504
8741 # 1504
8741 # 1504
8741 + 92
8744 + 92
8746 + 92
8751 + 92
8752 # 1504
8752 - 92 11
8752 - 92 8
8752 - 92 6
8752 - 92 1
8752 # 1504
8752 # 1504
8752 # 1504
8753 + 92
8756 # 1504
8756 - 92 3
8760 + 92
8762 # 1504
8762 - 92 2
8763 + 92
8765 + 92
8766 # 1504
8766 - 92 3
8766 - 92 1
8768 + 92
8770 # 1504
8770 - 92 2
8771 + 92
8774 + 92
8776 # 1504
8776 - 92 5
8776 - 92 2
8776 + 92
8778 + 92
8779 # 1504
8779 - 92 3
8779 - 92 1
8781 + 92
8785 + 92
8786 # 1504
8786 - 92 5
8786 - 92 1
8787 + 92
8790 # 1504
8790 - 92 3
8791 + 92
8791 + 92
8793 # 1504
8793 - 92 2
8793 - 92 2
8795 + 92
8796 # 1504
8796 - 92 1
8797 + 92
8802 + 92
8805 # 1504
8805 - 92 8
8805 - 92 3
8809 # 1504
8815 # 1504
8818 + 92
8819 # 1504
8819 - 92 1
8820 + 92
8823 # 1504
8823 - 92 3
8823 + 92
8828 + 92
8831 # 1504
8831 - 92 8
8831 - 92 3
8832 + 92
8835 # 1504
8835 - 92 3
8838 # 1504
8841 + 92
8841 + 92
8844 # 1504
8844 - 92 3
8844 - 92 3
8847 + 92
8848 # 1504
8848 - 92 1
8850 # 1504
8853 # 1504
8853 + 92
8853 + 92
8855 + 92
8857 # 1504
8857 - 92 4
8857 - 92 4
8857 - 92 2
8857 + 92
8860 # 1504
8860 - 92 3
8863 # 1504
8866 # 1504
8867 + 92
8870 # 1504
8870 - 92 3
8874 # 1504
8874 + 92
8875 + 92
8876 + 92
8877 # 1504
8877 - 92 3
8877 - 92 2
8877 - 92 1
8880 # 1504
8886 # 1504
8887 # 1504
8887 + 92
8889 # 1504
8889 - 92 2
8890 + 92
8891 # 1504
8891 - 92 1
8894 + 92
8894 + 92
8895 # 1504
8895 - 92 1
8895 - 92 1
8895 # 1504
8897 # 1504
8899 # 1504
8907 + 92
8910 # 1504
8910 - 92 3
8914 + 92
8914 + 92
8915 # 1504
8915 - 92 1
8915 - 92 1
8915 # 1504
8915 # 1504
8917 # 1504
8925 + 92
8927 + 92
8928 # 1504
8928 - 92 3
8928 - 92 1
8928 # 1504
8930 # 1504
8931 + 92
8933 # 1504
8933 - 92 2
8935 + 92
8937 # 1504
8937 - 92 2
8937 + 92
8941 # 1504
8941 - 92 4
8945 # 1504
8947 + 92
8949 # 1504
8949 - 92 2
8951 + 92
8952 # 1504
8952 - 92 1
8955 # 1504
8955 + 92
8957 # 1504
8957 - 92 2
8961 # 1504
8966 # 1504
8967 # 1504
8967 + 92
8968 + 92
8969 # 1504
8969 - 92 2
8969 - 92 1
8970 # 1504
8972 + 92
8972 + 92
8973 # 1504
8973 - 92 1
8973 - 92 1
8976 + 92
8983 # 1504
8983 - 92 7
8983 # 1504
8987 # 1504
8987 # 1504
8987 + 92
8987 + 92
8994 # 1504
8994 - 92 7
8994 - 92 7
8994 # 1504
8994 # 1504
8994 # 1504
8994 + 92
8996 # 1504
8996 - 92 2
8997 + 92
8998 # 1504
8998 - 92 1
8999 # 1504
8999 + 92
9003 + 92
9005 # 1504
9005 - 92 6
9005 - 92 2
9006 + 92
9007 # 1504
9007 - 92 1
9009 + 92
9011 # 1504
9011 - 92 2
9015 # 1504
9015 + 92
9018 + 92
9025 # 1504
9025 - 92 10
9025 - 92 7
9025 # 1504
9025 # 1504
9027 + 92
9027 + 92
9029 # 1504
9029 - 92 2
9029 - 92 2
9030 + 92
9034 # 1504
9034 - 92 4
9034 + 92
9037 # 1504
9037 - 92 3
9038 + 92
9040 # 1504
9040 - 92 2
9041 + 92
9043 + 92
9044 # 1504
9044 - 92 3
9044 - 92 1
9047 # 1504
9052 # 1504
9053 + 92
9055 # 1504
9055 - 92 2
9057 # 1504
9057 + 92
9060 # 1504
9060 - 92 3
9064 # 1504
9067 # 1504
9070 # 1504
9071 + 92
9072 # 1504
9072 - 92 1
9072 + 92
9073 # 1504
9073 - 92 1
9074 # 1504
9074 + 92
9076 # 1504
9076 - 92 2
9077 # 1504
9077 + 92
9080 # 1504
9080 - 92 3
9080 # 1504
9080 + 92
9083 # 1504
9083 - 92 3
9085 + 92
9086 # 1504
9086 - 92 1
9087 + 92
9088 # 1504
9088 - 92 1
9089 # 1504
9091 + 92
9092 # 1504
9092 - 92 1
9092 # 1504
9094 # 1504
9094 + 92
9095 # 1504
9095 - 92 1
9096 + 92
9097 # 1504
9097 - 92 1
9098 # 1504
9098 + 92
9100 # 1504
9100 - 92 2
9101 # 1504
9101 + 92
9104 + 92
9106 + 92
9108 + 92
9111 # 1504
9111 - 92 10
9111 - 92 7
9111 - 92 5
9111 - 92 3
9112 + 92
9114 # 1504
9114 - 92 2
9114 + 92
9115 # 1504
9115 - 92 1
9116 # 1504
9116 + 92
9117 # 1504
9117 - 92 1
9117 # 1504
9118 + 92
9120 # 1504
9120 - 92 2
9120 # 1504
9121 + 92
9125 + 92
9128 + 92
9130 # 1504
9130 - 92 9
9130 - 92 5
9130 - 92 2
9130 + 92
9131 # 1504
9131 - 92 1
9131 # 1504
9136 # 1504
9136 + 92
9138 + 92
9140 + 92
9142 + 92
9152 + 92
9152 + 92
9152 + 92
9155 + 92
9159 + 92
9171 + 92
9175 # 1504
9175 - 92 39
9175 - 92 37
9175 - 92 35
9175 - 92 33
9175 - 92 23
9175 - 92 23
9175 - 92 23
9175 - 92 20
9175 - 92 16
9175 - 92 4
9187 + 92
9187 + 92
9192 + 92
9194 + 92
9197 # 1504
9197 - 92 10
9197 - 92 10
9197 - 92 5
9197 - 92 3
9197 + 92
9207 # 1504
9207 - 92 10
9209 + 92
9210 + 92
9214 # 1504
9214 - 92 5
9214 - 92 4
9215 + 92
9220 # 1504
9220 - 92 5
9220 + 92
9224 + 92
9228 # 1504
9228 - 92 8
9228 - 92 4
9228 + 92
9229 + 92
9230 # 1504
9230 - 92 2
9230 - 92 1
9231 + 92
9233 # 1504
9233 - 92 2
9234 + 92
9236 + 92
9237 # 1504
9237 - 92 3
9237 - 92 1
9240 # 1504
9246 + 92
9246 + 92
9248 # 1504
9248 - 92 2
9248 - 92 2
9248 # 1504
9250 # 1504
9252 + 92
9252 + 92
9259 # 1504
9259 - 92 7
9259 - 92 7
9259 # 1504
9259 # 1504
9259 # 1504
9261 # 1504
9261 # 1504
9261 + 92
9261 + 92
9264 # 1504
9264 - 92 3
9264 - 92 3
9265 + 92
9267 # 1504
9267 - 92 2
9269 # 1504
9271 # 1504
9274 # 1504
9274 + 92
9274 + 92
9275 + 92
9277 # 1504
9277 - 92 3
9277 - 92 3
9277 - 92 2
9281 # 1504
9284 # 1504
9287 + 92
9287 + 92
9289 + 92
9290 # 1504
9290 - 92 3
9290 - 92 3
9290 - 92 1
9293 + 92
9295 + 92
9304 + 92
9305 # 1504
9305 - 92 12
9305 - 92 10
9305 - 92 1
9307 # 1504
9307 # 1504
9308 # 1504
9309 # 1504
9310 # 1504
9314 # 1504
9314 # 1504
9315 # 1504
9316 # 1504
9316 # 1504
9316 + 92
9317 # 1504
9317 - 92 1
9319 + 92
9326 # 1504
9326 - 92 7
9326 # 1504
9328 + 92
9331 # 1504
9331 - 92 3
9331 + 92
9333 # 1504
9333 - 92 2
9334 + 92
9336 # 1504
9336 - 92 2
9336 # 1504
9336 + 92
9344 # 1504
9344 - 92 8
9348 # 1504
9348 + 92
9350 # 1504
9350 - 92 2
9352 + 92
9358 + 92
9358 + 92
9361 # 1504
9361 - 92 9
9361 - 92 3
9361 - 92 3
9366 # 1504
9366 + 92
9371 + 92
9371 + 92
9375 # 1504
9375 - 92 9
9375 - 92 4
9375 - 92 4
9375 + 92
9381 # 1504
9381 - 92 6
9381 # 1504
9381 # 1504
9386 + 92
9387 # 1504
9387 - 92 1
9387 + 92
9396 # 1504
9396 - 92 9
9396 + 92
9406 # 1504
9406 - 92 10
9407 + 92
9407 + 92
9414 # 1504
9414 - 92 7
9414 - 92 7
9416 + 92
9420 + 92
9421 # 1504
9421 - 92 5
9421 - 92 1
9426 + 92
9429 # 1504
9429 - 92 3
9430 + 92
9435 # 1504
9435 - 92 5
9435 + 92
9441 # 1504
9441 - 92 6
9445 # 1504
9447 + 92
9448 + 92
9451 # 1504
9451 - 92 4
9451 - 92 3
9457 # 1504
9458 + 92
9458 + 92
9460 + 92
9462 # 1504
9462 - 92 4
9462 - 92 4
9462 - 92 2
9464 + 92
9467 # 1504
9467 - 92 3
9468 + 92
9472 + 92
9475 # 1504
9475 - 92 7
9475 - 92 3
9477 + 92
9479 # 1504
9479 - 92 2
9483 # 1504
9483 + 92
9487 + 92
9489 # 1504
9489 - 92 6
9489 - 92 2
9490 + 92
9496 # 1504
9496 - 92 6
9501 # 1504
9504 + 92
9505 + 92
9507 + 92
9510 # 1504
9510 - 92 6
9510 - 92 5
9510 - 92 3
9510 + 92
9511 + 92
9515 # 1504
9515 - 92 5
9515 - 92 4
9516 + 92
9519 + 92
9524 + 92
9529 + 92
9532 + 92
9537 + 92
9539 # 1504
9539 - 92 23
9539 - 92 20
9539 - 92 15
9539 - 92 10
9539 - 92 7
9539 - 92 2
9540 + 92
9543 + 92
9546 # 1504
9546 - 92 6
9546 - 92 3
9549 + 92
9553 + 92
9555 # 1504
9555 - 92 6
9555 - 92 2
9557 + 92
9563 + 92
9564 # 1504
9564 - 92 7
9564 - 92 1
9567 + 92
9569 # 1504
9569 - 92 2
9569 + 92
9571 # 1504
9571 - 92 2
9572 + 92
9576 # 1504
9576 - 92 4
9578 # 1504
9582 + 92
9582 + 92
9585 # 1504
9585 - 92 3
9585 - 92 3
9585 + 92
9586 + 92
9589 # 1504
9589 - 92 4
9589 - 92 3
9589 # 1504
9592 # 1504
9595 # 1504
9595 # 1504
9597 + 92
9597 + 92
9598 # 1504
9598 - 92 1
9598 - 92 1
9599 # 1504
9602 # 1504
9604 # 1504
9606 # 1504
9607 # 1504
9608 + 92
9610 # 1504
9610 - 92 2
9612 # 1504
9613 # 1504
9615 # 1504
9618 # 1504
9620 # 1504
9621 # 1504
9622 + 92
9623 # 1504
9623 - 92 1
9624 # 1504
9626 + 92
9627 # 1504
9627 - 92 1
9628 # 1504
9629 + 92
9630 # 1504
9630 - 92 1
9632 + 92
9634 # 1504
9634 - 92 2
9635 + 92
9636 # 1504
9636 - 92 1
9637 # 1504
9639 # 1504
9640 + 92
9642 # 1504
9642 - 92 2
9643 # 1504
9643 + 92
9645 # 1504
9645 - 92 2
9646 # 1504
9647 + 92
9649 # 1504
9649 - 92 2
9651 # 1504
9651 # 1504
9652 + 92
9653 # 1504
9653 - 92 1
9655 # 1504
9655 + 92
9655 + 92
9657 + 92
9658 # 1504
9658 - 92 3
9658 - 92 3
9658 - 92 1
9659 # 1504
9660 # 1504
9662 # 1504
9665 # 1504
9666 + 92
9667 # 1504
9667 - 92 1
9667 # 1504
9669 # 1504
9669 + 92
9670 # 1504
9670 - 92 1
9673 + 92
9674 + 92
9675 # 1504
9675 - 92 2
9675 - 92 1
9675 # 1504
9677 # 1504
9678 # 1504
9679 + 92
9681 # 1504
9681 - 92 2
9681 # 1504
9683 # 1504
9684 # 1504
9687 # 1504
9688 + 92
9690 + 92
9692 + 92
9695 + 92
9704 + 92
9707 + 92
9717 + 92
9726 # 1504
9726 - 92 38
9726 - 92 36
9726 - 92 34
9726 - 92 31
9726 - 92 22
9726 - 92 19
9726 - 92 9
9726 # 1504
9726 # 1504
9726 # 1504
9726 # 1504
9726 # 1504
9726 # 1504
9726 # 1504
9726 # 1504
9726 # 1504
9726 + 92
9727 # 1504
9727 - 92 1
9727 # 1504
9727 # 1504
9727 # 1504
9727 # 1504
9727 # 1504
9727 # 1504
9727 # 1504
9727 # 1504
9727 # 1504
9728 # 1504
9729 # 1504
9731 # 1504
9732 # 1504
9735 # 1504
9736 # 1504
9737 + 92
9738 # 1504
9738 - 92 1
9739 # 1504
9743 # 1504
9746 # 1504
9746 + 92
9747 # 1504
9747 - 92 1
9748 + 92
9750 # 1504
9750 - 92 2
9752 + 92
9757 + 92
9759 # 1504
9759 - 92 7
9759 - 92 2
9760 # 1504
9760 # 1504
9760 # 1504
9760 # 1504
9762 # 1504
9763 # 1504
9766 # 1504
9766 # 1504
9766 + 92
9769 # 1504
9769 - 92 3
9769 # 1504
9770 + 92
9772 # 1504
9772 - 92 2
9774 # 1504
9775 # 1504
9776 # 1504
9776 + 92
9778 # 1504
9778 - 92 2
9779 # 1504
9783 # 1504
9787 + 92
9791 + 92
9794 # 1504
9794 - 92 7
9794 - 92 3
9794 # 1504
9794 # 1504
9794 + 92
9795 # 1504
9795 - 92 1
9796 + 92
9799 # 1504
9799 - 92 3
9799 # 1504
9800 # 1504
9801 # 1504
9802 # 1504
9803 # 1504
9805 # 1504
9805 # 1504
9808 # 1504
9810 # 1504
9813 + 92
9815 # 1504
9815 - 92 2
9816 # 1504
9819 # 1504
9819 + 92
9822 # 1504
9822 - 92 3
9824 # 1504
9825 + 92
9827 # 1504
9827 - 92 2
9830 + 92
9831 # 1504
9831 - 92 1
9833 + 92
9834 # 1504
9834 - 92 1
9838 # 1504
9839 + 92
9840 # 1504
9840 - 92 1
9844 # 1504
9846 + 92
9850 + 92
9855 # 1504
9855 - 92 9
9855 - 92 5
9855 # 1504
9855 # 1504
9855 # 1504
9855 # 1504
9855 # 1504
9856 # 1504
9857 + 92
9858 # 1504
9858 - 92 1
9860 # 1504
9861 # 1504
9862 # 1504
9862 + 92
9864 # 1504
9864 - 92 2
9865 # 1504
9867 + 92
9868 # 1504
9868 - 92 1
9870 + 92
9871 # 1504
9871 - 92 1
9874 # 1504
9876 + 92
9878 # 1504
9878 - 92 2
9879 # 1504
9879 + 92
9884 # 1504
9884 - 92 5
9891 + 92
9892 + 92
9895 # 1504
9895 - 92 4
9895 - 92 3
9895 # 1504
9895 + 92
9899 # 1504
9899 - 92 4
9899 # 1504
9899 + 92
9900 # 1504
9900 - 92 1
9902 # 1504
9903 + 92
9904 # 1504
9904 - 92 1
9905 # 1504
9909 # 1504
9910 + 92
9911 # 1504
9911 - 92 1
9914 # 1504
9916 # 1504
9916 # 1504
9922 + 92
9922 + 92
9924 # 1504
9924 - 92 2
9924 - 92 2
9925 # 1504
9926 # 1504
9926 # 1504
9926 # 1504
9927 + 92
9928 # 1504
9928 - 92 1
9928 # 1504
9932 # 1504
9934 + 92
9936 # 1504
9936 - 92 2
9938 + 92
9940 # 1504
9940 - 92 2
9944 # 1504
9948 # 1504
9950 + 92
9951 # 1504
9951 - 92 1
9954 # 1504
9955 + 92
9956 # 1504
9956 - 92 1
9958 # 1504
9961 + 92
9963 # 1504
9963 - 92 2
9964 + 92
9966 # 1504
9966 - 92 2
9970 # 1504
9970 # 1504
9971 + 92
9972 # 1504
9972 - 92 1
9974 # 1504
9976 + 92
9977 # 1504
9977 - 92 1
9978 # 1504
9980 # 1504
9981 + 92
9983 # 1504
9983 - 92 2
9985 + 92
9989 + 92
9994 + 92
10000 # 1504
10000 - 92 15
10000 - 92 11
10000 - 92 6
10000 + 92
10004 # 1504
10004 - 92 4
10004 # 1504
10004 # 1504
10005 # 1504
10005 # 1504
10005 # 1504
10005 # 1504
10005 # 1504
10005 # 1504
10005 + 92
10007 # 1504
10007 - 92 2
10009 # 1504
10012 # 1504
10012 + 92
10014 # 1504
10014 - 92 2
10016 # 1504
10018 # 1504
10020 # 1504
10025 # 1504
10025 # 1504
10027 # 1504
10028 + 92
10029 # 1504
10029 - 92 1
10030 # 1504
10033 # 1504
10034 # 1504
10036 + 92
10044 # 1504
10044 - 92 8
10047 # 1504
10047 # 1504
10047 + 92
10047 + 92
10048 # 1504
10048 - 92 1
10048 - 92 1
10048 # 1504
10049 # 1504
10050 # 1504
10053 # 1504
10055 # 1504
10057 # 1504
10057 # 1504
10058 + 92
10059 # 1504
10059 - 92 1
10061 # 1504
10063 # 1504
10064 # 1504
10066 # 1504
10067 # 1504
10067 + 92
10069 # 1504
10069 - 92 2
10071 # 1504
10072 # 1504
10073 # 1504
10075 # 1504
10076 # 1504
10078 # 1504
10079 # 1504
10082 # 1504
10094 # 1504
10096 # 1504
10096 # 1504
10096 # 1504
10096 # 1504
10096 # 1504
10100 + 92
10109 + 92
10113 + 92
10114 # 1504
10114 - 92 14
10114 - 92 5
10114 - 92 1
10115 # 1504
10115 # 1504
10115 # 1504
10115 # 1504
10115 # 1504
10115 # 1504
10115 # 1504
10116 # 1504
10116 # 1504
10116 # 1504
10118 + 92
10119 # 1504
10119 - 92 1
10122 # 1504
10124 # 1504
10125 + 92
10128 # 1504
10128 - 92 3
10131 # 1504
10131 + 92
10134 # 1504
10134 - 92 3
10135 + 92
10139 + 92
10142 + 92
10146 + 92
10149 # 1504
10149 - 92 14
10149 - 92 10
10149 - 92 7
10149 - 92 3
10151 # 1504
10151 # 1504
10151 # 1504
10151 + 92
10153 # 1504
10153 - 92 2
10154 + 92
10156 # 1504
10156 - 92 2
10157 + 92
10159 + 92
10160 # 1504
10160 - 92 3
10160 - 92 1
10162 + 92
10163 # 1504
10163 - 92 1
10167 # 1504
10167 + 92
10171 + 92
10172 + 92
10175 + 92
10182 + 92
10182 + 92
10191 + 92
10192 + 92
10192 + 92
10194 # 1504
10194 - 92 27
10194 - 92 23
10194 - 92 22
10194 - 92 19
10194 - 92 12
10194 - 92 12
10194 - 92 3
10194 - 92 2
10194 - 92 2
10194 + 92
10197 + 92
10198 # 1504
10198 - 92 4
10198 - 92 1
10202 + 92
10203 + 92
10205 # 1504
10205 - 92 3
10205 - 92 2
10207 + 92
10208 # 1504
10208 - 92 1
10211 + 92
10213 # 1504
10213 - 92 2
10214 + 92
10215 # 1504
10215 - 92 1
10219 # 1504
10222 + 92
10223 # 1504
10223 - 92 1
10223 + 92
10223 + 92
10226 # 1504
10226 - 92 3
10226 - 92 3
10227 + 92
10228 + 92
10230 # 1504
10230 - 92 3
10230 - 92 2
10233 # 1504
10233 + 92
10234 + 92
10236 + 92
10244 # 1504
10244 - 92 11
10244 - 92 10
10244 - 92 8
10247 + 92
10247 + 92
10248 # 1504
10248 - 92 1
10248 - 92 1
10253 # 1504
10253 + 92
10254 # 1504
10254 - 92 1
10254 + 92
10258 # 1504
10258 - 92 4
10258 + 92
10260 # 1504
10260 - 92 2
10261 # 1504
10266 # 1504
10267 + 92
10267 + 92
10270 + 92
10273 + 92
10276 # 1504
10276 - 92 9
10276 - 92 9
10276 - 92 6
10276 - 92 3
10285 + 92
10287 # 1504
10287 - 92 2
10287 # 1504
10293 # 1504
10293 + 92
10293 + 92
10293 + 92
10294 # 1504
10294 - 92 1
10294 - 92 1
10294 - 92 1
10302 + 92
10305 # 1504
10305 - 92 3
10308 + 92
10314 + 92
10316 # 1504
10316 - 92 8
10316 - 92 2
10320 + 92
10322 + 92
10325 # 1504
10325 - 92 5
10325 - 92 3
10326 + 92
10328 + 92
10329 # 1504
10329 - 92 3
10329 - 92 1
10331 + 92
10334 # 1504
10334 - 92 3
10339 # 1504
10342 + 92
10342 + 92
10342 + 92
10342 + 92
10345 # 1504
10345 - 92 3
10345 - 92 3
10345 - 92 3
10345 - 92 3
10346 + 92
10350 + 92
10350 + 92
10354 + 92
10354 + 92
10357 + 92
10359 + 92
10370 # 1504
10370 - 92 24
10370 - 92 20
10370 - 92 20
10370 - 92 16
10370 - 92 16
10370 - 92 13
10370 - 92 11
10374 + 92
10374 + 92
10375 + 92
10375 + 92
10375 + 92
10378 + 92
10380 + 92
10384 + 92
10385 # 1504
10385 - 92 11
10385 - 92 11
10385 - 92 10
10385 - 92 10
10385 - 92 10
10385 - 92 7
10385 - 92 5
10385 - 92 1
10387 + 92
10389 + 92
10392 + 92
10395 + 92
10396 # 1504
10396 - 92 9
10396 - 92 7
10396 - 92 4
10396 - 92 1
10402 # 1504
10405 + 92
10405 + 92
10405 + 92
10407 # 1504
10407 - 92 2
10407 - 92 2
10407 - 92 2
10409 + 92
10411 + 92
10411 + 92
10414 # 1504
10414 - 92 5
10414 - 92 3
10414 - 92 3
10415 + 92
10417 + 92
10422 # 1504
10422 - 92 7
10422 - 92 5
10423 + 92
10423 + 92
10425 + 92
10427 # 1504
10427 - 92 4
10427 - 92 4
10427 - 92 2
10430 + 92
10430 + 92
10433 + 92
10435 + 92
10436 # 1504
10436 - 92 6
10436 - 92 6
10436 - 92 3
10436 - 92 1
10438 # 1504
10439 + 92
10441 + 92
10442 # 1504
10442 - 92 3
10442 - 92 1
10446 # 1504
10449 + 92
10449 + 92
10450 # 1504
10450 - 92 1
10450 - 92 1
10455 # 1504
10456 + 92
10457 + 92
10457 + 92
10457 + 92
10459 # 1504
10459 - 92 3
10459 - 92 2
10459 - 92 2
10459 - 92 2
10464 # 1504
10467 + 92
10469 # 1504
10469 - 92 2
10471 + 92
10471 + 92
10473 # 1504
10473 - 92 2
10473 - 92 2
10476 # 1504
10479 # 1504
10480 + 92
10482 # 1504
10482 - 92 2
10482 + 92
10482 + 92
10482 + 92
10487 # 1504
10487 - 92 5
10487 - 92 5
10487 - 92 5
10490 # 1504
10490 + 92
10492 + 92
10492 + 92
10493 + 92
10494 # 1504
10494 - 92 4
10494 - 92 2
10494 - 92 2
10494 - 92 1
10497 + 92
10498 # 1504
10498 - 92 1
10505 # 1504
10506 # 1504
10506 + 92
10509 + 92
10511 # 1504
10511 - 92 5
10511 - 92 2
10511 + 92
10512 + 92
10512 + 92
10514 # 1504
10514 - 92 3
10514 - 92 2
10514 - 92 2
10514 + 92
10516 + 92
10519 # 1504
10519 - 92 5
10519 - 92 3
10519 + 92
10521 # 1504
10521 - 92 2
10525 # 1504
10530 + 92
10532 + 92
10532 + 92
10536 # 1504
10536 - 92 6
10536 - 92 4
10536 - 92 4
10540 # 1504
10540 + 92
10542 # 1504
10542 - 92 2
10546 # 1504
10549 + 92
10552 + 92
10553 # 1504
10553 - 92 4
10553 - 92 1
10553 # 1504
10559 # 1504
10559 # 1504
10559 # 1504
10569 # 1504
10569 # 1504
10569 # 1504
10569 # 1504
10572 + 92
10572 + 92
10574 # 1504
10574 - 92 2
10574 - 92 2
10574 # 1504
10574 + 92
10576 + 92
10579 # 1504
10579 - 92 5
10579 - 92 3
10580 + 92
10584 # 1504
10584 - 92 4
10587 # 1504
10590 # 1504
10591 + 92
10591 + 92
10592 + 92
10596 # 1504
10596 - 92 5
10596 - 92 5
10596 - 92 4
10597 + 92
10598 # 1504
10598 - 92 1
10600 + 92
10604 # 1504
10604 - 92 4
10606 # 1504
10608 # 1504
10611 # 1504
10612 + 92
10622 # 1504
10622 - 92 10
10622 # 1504
10623 # 1504
10623 # 1504
10627 # 1504
10627 + 92
10628 + 92
10629 # 1504
10629 - 92 2
10629 - 92 1
10629 + 92
10630 # 1504
10630 - 92 1
10630 + 92
10635 # 1504
10635 - 92 5
10636 # 1504
10638 # 1504
10641 # 1504
10641 + 92
10641 + 92
10642 # 1504
10642 - 92 1
10642 - 92 1
10644 # 1504
10644 + 92
10646 # 1504
10646 - 92 2
10648 # 1504
10649 + 92
10650 # 1504
10650 - 92 1
10652 # 1504
10654 # 1504
10656 # 1504
10657 + 92
10658 # 1504
10658 - 92 1
10660 # 1504
10668 + 92
10673 + 92
10678 + 92
10680 # 1504
10680 - 92 12
10680 - 92 7
10680 - 92 2
10682 # 1504
10683 # 1504
10683 + 92
10686 # 1504
10686 - 92 3
10689 + 92
10693 # 1504
10693 - 92 4
10694 # 1504
10697 # 1504
10697 + 92
10699 # 1504
10699 - 92 2
10701 + 92
10704 # 1504
10704 - 92 3
10707 # 1504
10708 + 92
10712 # 1504
10712 - 92 4
10713 + 92
10715 # 1504
10715 - 92 2
10716 + 92
10720 # 1504
10720 - 92 4
10722 # 1504
10724 # 1504
10725 + 92
10728 # 1504
10728 - 92 3
10731 # 1504
10731 + 92
10734 + 92
10735 # 1504
10735 - 92 4
10735 - 92 1
10738 + 92
10739 # 1504
10739 - 92 1
10743 # 1504
10745 + 92
10746 # 1504
10746 - 92 1
10749 # 1504
10751 + 92
10752 # 1504
10752 - 92 1
10754 + 92
10757 # 1504
10757 - 92 3
10759 + 92
10761 # 1504
10761 - 92 2
10762 + 92
10764 # 1504
10764 - 92 2
10770 # 1504
10772 + 92
10772 + 92
10774 # 1504
10774 - 92 2
10774 - 92 2
10775 + 92
10776 # 1504
10776 - 92 1
10780 # 1504
10780 + 92
10784 + 92
10785 # 1504
10785 - 92 5
10785 - 92 1
10787 + 92
10788 # 1504
10788 - 92 1
10791 # 1504
10794 # 1504
10797 + 92
10797 + 92
10803 + 92
10807 # 1504
10807 - 92 10
10807 - 92 10
10807 - 92 4
10807 # 1504
10808 + 92
10813 + 92
10814 # 1504
10814 - 92 6
10814 - 92 1
10819 + 92
10825 + 92
10832 + 92
10837 # 1504
10837 - 92 18
10837 - 92 12
10837 - 92 5
10837 # 1504
10837 # 1504
10837 # 1504
10839 + 92
10844 # 1504
10844 - 92 5
10844 # 1504
10846 + 92
10849 # 1504
10849 - 92 3
10850 # 1504
10853 + 92
10856 # 1504
10856 - 92 3
10856 + 92
10860 # 1504
10860 - 92 4
10862 # 1504
10869 # 1504
10874 # 1504
10876 + 92
10876 + 92
10876 + 92
10876 + 92
10878 # 1504
10878 - 92 2
10878 - 92 2
10878 - 92 2
10878 - 92 2
10879 + 92
10884 + 92
10889 + 92
10891 # 1504
10891 - 92 12
10891 - 92 7
10891 - 92 2
10891 + 92
10892 # 1504
10892 - 92 1
10894 # 1504
10902 + 92
10902 + 92
10902 + 92
10903 # 1504
10903 - 92 1
10903 - 92 1
10903 - 92 1
10908 # 1504
10910 + 92
10922 # 1504
10922 - 92 12
10922 + 92
10922 + 92
10925 # 1504
10925 - 92 3
10925 - 92 3
10925 + 92
10931 # 1504
10931 - 92 6
10932 + 92
10935 # 1504
10935 - 92 3
10939 + 92
10939 + 92
10940 # 1504
10940 - 92 1
10940 - 92 1
10947 + 92
10949 + 92
10955 + 92
10962 # 1504
10962 - 92 15
10962 - 92 13
10962 - 92 7
10962 # 1504
10965 # 1504
10971 + 92
10971 + 92
10971 + 92
10971 + 92
10979 + 92
10979 + 92
10987 + 92
10990 + 92
10994 # 1504
10994 - 92 23
10994 - 92 23
10994 - 92 23
10994 - 92 23
10994 - 92 15
10994 - 92 15
10994 - 92 7
10994 - 92 4
10994 + 92
10995 # 1504
10995 - 92 1
10996 # 1504
11004 # 1504
11007 + 92
11008 # 1504
11008 - 92 1
11010 + 92
11012 # 1504
11012 - 92 2
11015 # 1504
11019 # 1504
11019 + 92
11024 # 1504
11024 - 92 5
11026 # 1504
11027 + 92
11029 # 1504
11029 - 92 2
11032 + 92
11034 # 1504
11034 - 92 2
11036 # 1504
11038 + 92
11040 # 1504
11040 - 92 2
11045 # 1504
11048 # 1504
11049 # 1504
11053 # 1504
11056 # 1504
11057 # 1504
11073 + 52
11073 + 92
11076 # 1504
11076 - 52 3
11076 - 92 3
11076 # 1504
11077 # 1504
11091 + 92
11091 + 92
11095 # 1504
11095 - 92 4
11095 - 92 4
11095 # 1504
11101 # 1504
11102 + 92
11105 # 1504
11105 - 92 3
11107 # 1504
11114 + 92
11127 # 1504
11127 - 92 13
11127 # 1504
11127 # 1504
11127 + 92
11128 # 1504
11128 - 92 1
11130 # 1504
11143 # 1504
11143 # 1504
11144 # 1504
11144 + 92
11147 # 1504
11147 - 92 3
11160 + 92
11168 # 1504
11168 - 92 8
11173 # 1504
11174 + 92
11177 # 1504
11177 - 92 3
11182 # 1504
11186 # 1504
11190 + 92
11206 + 92
11220 + 92
11232 + 92
11246 + 92
11251 + 92
11257 + 92
11264 + 92
11269 + 92
11276 + 92
11293 + 92
11293 + 92
11298 + 92
11302 # 1504
11302 - 92 112
11302 - 92 96
11302 - 92 82
11302 - 92 70
11302 - 92 56
11302 - 92 51
11302 - 92 45
11302 - 92 38
11302 - 92 33
11302 - 92 26
11302 - 92 9
11302 - 92 9
11302 - 92 4
11315 + 92
11321 + 92
11330 + 92
11336 + 92
11342 + 92
11347 + 92
11361 + 92
11362 + 92
11371 + 92
11372 + 92
11382 # 1504
11382 - 92 67
11382 - 92 61
11382 - 92 52
11382 - 92 46
11382 - 92 40
11382 - 92 35
11382 - 92 21
11382 - 92 20
11382 - 92 11
11382 - 92 10
11382 # 1504
11382 + 92
11390 + 92
11393 + 92
11398 + 92
11403 + 92
11407 + 92
11411 + 92
11417 + 92
11423 + 92
11432 + 92
11432 + 92
11438 + 92
11443 + 92
11450 + 92
11457 + 92
11464 + 92
11471 + 92
11479 + 92
11485 + 92
11488 # 1504
11488 - 92 106
11488 - 92 98
11488 - 92 95
11488 - 92 90
11488 - 92 85
11488 - 92 81
11488 - 92 77
11488 - 92 71
11488 - 92 65
11488 - 92 56
11488 - 92 56
11488 - 92 50
11488 - 92 45
11488 - 92 38
11488 - 92 31
11488 - 92 24
11490 + 92
11501 + 92
11502 + 92
11503 # 1504
11503 - 92 32
11503 - 92 24
11503 - 92 18
11503 - 92 13
11503 - 92 2
11503 - 92 1
11504 + 92
11509 + 92
11512 # 1504
11512 - 92 8
11512 - 92 3
11515 + 92
11518 # 1504
11518 - 92 3
11519 + 92
11520 # 1504
11520 - 92 1
11525 # 1504
11526 + 92
11529 # 1504
11529 - 92 3
11529 # 1504
11529 # 1504
11529 # 1504
11529 # 1504
11529 # 1504
11529 # 1504
11530 # 1504
11530 # 1504
11530 # 1504
11551 # 1504
11555 + 92
11555 + 92
11555 + 92
11558 # 1504
11558 - 92 3
11558 - 92 3
11558 - 92 3
11568 # 1504
11580 + 92
11583 # 1504
11583 - 92 3
11584 + 92
11587 # 1504
11587 - 92 3
11591 # 1504
11595 # 1504
11595 + 92
11604 + 92
11609 # 1504
11609 - 92 14
11609 - 92 5
11610 + 92
11613 + 92
11618 # 1504
11618 - 92 8
11618 - 92 5
11619 + 92
11621 # 1504
11621 - 92 2
11623 + 92
11631 + 92
11634 # 1504
11634 - 92 11
11634 - 92 3
11637 # 1504
11642 + 92
11642 + 92
11643 # 1504
11643 - 92 1
11643 - 92 1
11644 + 92
11646 # 1504
11646 - 92 2
11648 + 92
11656 # 1504
11656 - 92 8
11658 # 1504
11658 + 92
11659 + 92
11660 + 92
11663 # 1504
11663 - 92 5
11663 - 92 4
11663 - 92 3
11668 # 1504
11670 + 92
11672 # 1504
11672 - 92 2
11673 + 92
11673 + 92
11675 + 92
11680 # 1504
11680 - 92 7
11680 - 92 7
11680 - 92 5
11680 + 92
11684 # 1504
11684 - 92 4
11688 + 92
11690 # 1504
11690 - 92 2
11691 + 92
11694 # 1504
11694 - 92 3
11705 + 92
11705 + 92
11706 # 1504
11706 - 92 1
11706 - 92 1
11706 # 1504
11709 + 92
11711 # 1504
11711 - 92 2
11711 + 92
11716 # 1504
11716 - 92 5
11720 + 92
11720 + 92
11720 + 92
11721 # 1504
11721 - 92 1
11721 - 92 1
11721 - 92 1
11724 # 1504
11727 # 1504
11740 + 92
11740 + 92
11740 + 92
11741 # 1504
11741 - 92 1
11741 - 92 1
11741 - 92 1
11741 # 1504
11742 + 92
11742 + 92
11749 # 1504
11749 - 92 7
11749 - 92 7
11749 + 92
11755 # 1504
11755 - 92 6
11764 + 92
11764 + 92
11764 + 92
11764 + 92
11770 # 1504
11770 - 92 6
11770 - 92 6
11770 - 92 6
11770 - 92 6
11777 + 92
11777 + 92
11780 + 92
11790 + 92
11792 # 1504
11792 - 92 15
11792 - 92 15
11792 - 92 12
11792 - 92 2
11793 # 1504
11793 + 92
11793 + 92
11793 + 92
11796 + 92
11799 + 92
11823 + 92
11823 + 92
11823 + 92
11823 + 92
11828 + 92
11832 + 92
11833 + 92
11834 + 92
11837 + 92
11839 + 92
11843 + 92
11853 + 92
11853 + 92
11858 + 92
11858 + 92
11861 # 1504
11861 - 92 68
11861 - 92 68
11861 - 92 68
11861 - 92 65
11861 - 92 62
11861 - 92 38
11861 - 92 38
11861 - 92 38
11861 - 92 38
11861 - 92 33
11861 - 92 29
11861 - 92 28
11861 - 92 27
11861 - 92 24
11861 - 92 22
11861 - 92 18
11863 # 1504
11863 - 92 10
11863 - 92 10
11863 - 92 5
11863 - 92 5
11864 # 1504
11864 # 1504
11864 # 1504
11864 # 1504
11868 # 1504
11868 + 92
11870 + 92
11870 + 92
11876 + 92
11878 # 1504
11878 - 92 10
11878 - 92 8
11878 - 92 8
11878 - 92 2
11878 + 92
11882 + 92
11887 + 92
11894 # 1504
11894 - 92 16
11894 - 92 12
11894 - 92 7
11899 + 92
11899 + 92
11901 + 92
11904 + 92
11907 # 1504
11907 - 92 8
11907 - 92 8
11907 - 92 6
11907 - 92 3
11914 + 92
11914 + 92
11917 + 92
11921 + 92
11927 + 92
11933 + 92
11933 + 92
11935 + 92
11938 + 92
11942 + 92
11943 # 1504
11943 - 92 29
11943 - 92 29
11943 - 92 26
11943 - 92 22
11943 - 92 16
11943 - 92 10
11943 - 92 10
11943 - 92 8
11943 - 92 5
11943 - 92 1
11946 + 92
11950 + 92
11960 + 92
11960 + 92
11961 + 92
11965 + 92
11975 + 92
11975 + 92
11977 + 92
11980 + 92
11982 # 1504
11982 - 92 36
11982 - 92 32
11982 - 92 22
11982 - 92 22
11982 - 92 21
11982 - 92 17
11982 - 92 7
11982 - 92 7
11982 - 92 5
11982 - 92 2
11990 + 92
11992 + 92
11992 + 92
12005 + 92
12005 + 92
12009 + 92
12012 + 92
12013 # 1504
12013 - 92 23
12013 - 92 21
12013 - 92 21
12013 - 92 8
12013 - 92 8
12013 - 92 4
12013 - 92 1
12018 + 92
12021 + 92
12025 + 92
12035 # 1504
12035 - 92 17
12035 - 92 14
12035 - 92 10
12037 + 92
12037 + 92
12037 + 92
12057 + 92
12058 # 1504
12058 - 92 21
12058 - 92 21
12058 - 92 21
12058 - 92 1
12058 + 92
12062 + 92
12069 + 92
12069 + 92
12073 + 92
12076 + 92
12081 + 92
12084 + 92
12087 # 1504
12087 - 92 29
12087 - 92 25
12087 - 92 18
12087 - 92 18
12087 - 92 14
12087 - 92 11
12087 - 92 6
12087 - 92 3
12087 + 92
12097 + 92
12097 + 92
12099 # 1504
12099 - 92 12
12099 - 92 2
12099 - 92 2
12099 + 92
12104 + 92
12107 + 92
12110 + 92
12113 + 92
12116 + 92
12120 # 1504
12120 - 92 21
12120 - 92 16
12120 - 92 13
12120 - 92 10
12120 - 92 7
12120 - 92 4
12127 + 92
12133 + 92
12134 + 92
12134 + 92
12139 # 1504
12139 - 92 12
12139 - 92 6
12139 - 92 5
12139 - 92 5
12149 + 92
12150 + 92
12161 + 92
12161 + 92
12164 # 1504
12164 - 92 15
12164 - 92 14
12164 - 92 3
12164 - 92 3
12164 + 92
12166 # 1504
12166 - 92 2
12174 # 1504
12177 + 92
12178 + 92
12189 # 1504
12189 - 92 12
12189 - 92 11
12198 + 92
12198 + 92
12198 + 92
12203 # 1504
12203 - 92 5
12203 - 92 5
12203 - 92 5
12205 + 92
12207 + 92
12211 + 92
12214 # 1504
12214 - 92 9
12214 - 92 7
12214 - 92 3
12215 + 92
12218 + 92
12233 + 92
12233 + 92
12233 + 92
12236 # 1504
12236 - 92 21
12236 - 92 18
12236 - 92 3
12236 - 92 3
12236 - 92 3
12240 # 1504
12245 # 1504
12247 + 92
12248 + 92
12258 # 1504
12258 - 92 11
12258 - 92 10
12260 + 92
12266 + 92
12278 + 92
12281 + 92
12289 # 1504
12289 - 92 29
12289 - 92 23
12289 - 92 11
12289 - 92 8
12289 # 1504
12290 # 1504
12293 + 92
12295 + 92
12298 # 1504
12298 - 92 5
12298 - 92 3
12303 # 1504
12308 + 92
12312 + 92
12313 + 92
12319 # 1504
12319 - 92 11
12319 - 92 7
12319 - 92 6
12324 + 92
12327 + 92
12333 + 92
12339 # 1504
12339 - 92 15
12339 - 92 12
12339 - 92 6
12339 + 92
12349 # 1504
12349 - 92 10
12350 + 92
12350 + 92
12354 + 92
12356 + 92
12361 + 92
12366 + 92
12371 + 92
12377 + 92
12377 + 92
12381 + 92
12390 + 92
12394 + 92
12401 + 92
12403 + 92
12417 + 92
12421 + 92
12426 + 92
12433 + 92
12436 + 92
12440 + 92
12445 + 92
12447 # 1504
12447 - 92 97
12447 - 92 97
12447 - 92 93
12447 - 92 91
12447 - 92 86
12447 - 92 81
12447 - 92 76
12447 - 92 70
12447 - 92 70
12447 - 92 66
12447 - 92 57
12447 - 92 53
12447 - 92 46
12447 - 92 44
12447 - 92 30
12447 - 92 26
12447 # 1504
12447 - 92 21
12447 - 92 14
12447 - 92 11
12447 - 92 7
12447 - 92 2
12449 + 92
12451 # 1504
12451 - 92 2
12451 # 1504
12455 # 1504
12459 + 92
12459 + 92
12461 + 92
12466 # 1504
12466 - 92 7
12466 - 92 7
12466 - 92 5
12466 # 1504
12466 + 92
12468 + 92
12472 # 1504
12472 - 92 6
12472 - 92 4
12472 # 1504
12472 + 92
12472 + 92
12475 # 1504
12475 - 92 3
12475 - 92 3
12476 + 92
12478 + 92
12487 # 1504
12487 - 92 11
12487 - 92 9
12487 # 1504
12489 # 1504
12490 + 92
12490 + 92
12490 + 92
12491 # 1504
12491 - 92 1
12491 - 92 1
12491 - 92 1
12492 + 92
12495 # 1504
12495 - 92 3
12495 + 92
12497 + 92
12500 + 92
12505 # 1504
12505 - 92 10
12505 - 92 8
12505 - 92 5
12505 # 1504
12516 # 1504
12520 # 1504
12527 # 1504
12529 # 1504
12536 # 1504
12543 # 1504
12543 + 92
12547 # 1504
12547 - 92 4
12552 # 1504
12555 # 1504
12565 # 1504
12567 # 1504
12571 # 1504
12584 # 1504
12584 # 1504
12590 # 1504
12592 # 1504
12598 # 1504
12602 # 1504
12607 # 1504
12611 # 1504
12614 # 1504
12619 # 1504
12624 # 1504
12629 # 1504
12632 # 1504
12636 + 92
12637 # 1504
12637 - 92 1
12641 # 1504
12654 # 1504
12657 # 1504
12658 + 92
12664 # 1504
12664 - 92 6
12668 # 1504
12673 # 1504
12677 # 1504
12681 # 1504
12681 + 92
12686 # 1504
12686 - 92 5
12694 + 92
12696 # 1504
12696 - 92 2
12701 # 1504
12705 + 92
12708 # 1504
12708 - 92 3
12715 # 1504
12722 # 1504
12730 # 1504
12738 # 1504
12742 + 92
12744 # 1504
12744 - 92 2
12750 # 1504
12753 + 92
12755 # 1504
12755 - 92 2
12760 + 92
12761 # 1504
12761 - 92 1
12766 # 1504
12767 + 92
12769 # 1504
12769 - 92 2
12773 # 1504
12773 + 92
12776 # 1504
12776 - 92 3
12779 + 92
12780 # 1504
12780 - 92 1
12783 # 1504
12786 # 1504
12786 + 92
12791 # 1504
12791 - 92 5
12791 + 92
12799 + 92
12801 # 1504
12801 - 92 10
12801 - 92 2
12802 # 1504
12802 # 1504
12802 + 92
12805 # 1504
12805 - 92 3
12807 + 92
12808 # 1504
12808 - 92 1
12812 + 92
12813 # 1504
12813 - 92 1
12816 # 1504
12817 + 92
12819 # 1504
12819 - 92 2
12823 # 1504
12823 + 92
12826 # 1504
12826 - 92 3
12827 + 92
12830 # 1504
12830 - 92 3
12834 # 1504
12835 + 92
12838 # 1504
12838 - 92 3
12841 + 92
12845 + 92
12846 # 1504
12846 - 92 5
12846 - 92 1
12849 + 92
12854 # 1504
12854 - 92 5
12854 # 1504
12854 # 1504
12854 + 92
12858 + 92
12859 # 1504
12859 - 92 5
12859 - 92 1
12861 # 1504
12862 + 92
12865 # 1504
12865 - 92 3
12866 + 92
12869 # 1504
12869 - 92 3
12870 + 92
12872 # 1504
12872 - 92 2
12874 + 92
12877 # 1504
12877 - 92 3
12878 + 92
12880 # 1504
12880 - 92 2
12882 + 92
12883 # 1504
12883 - 92 1
12885 + 92
12887 # 1504
12887 - 92 2
12889 + 92
12890 + 92
12891 # 1504
12891 - 92 2
12891 - 92 1
12894 # 1504
12894 + 92
12897 + 92
12899 # 1504
12899 - 92 5
12899 - 92 2
12900 + 92
12902 # 1504
12902 - 92 2
12905 # 1504
12907 + 92
12907 + 92
12907 + 92
12908 # 1504
12908 - 92 1
12908 - 92 1
12908 - 92 1
12909 + 92
12910 # 1504
12910 - 92 1
12911 + 92
12912 # 1504
12912 - 92 1
12913 + 92
12915 + 92
12916 # 1504
12916 - 92 3
12916 - 92 1
12918 # 1504
12918 + 92
12919 + 92
12921 # 1504
12921 - 92 3
12921 - 92 2
12922 + 92
12923 + 92
12925 + 92
12927 + 92
12927 + 92
12929 + 92
12931 # 1504
12931 - 92 9
12931 - 92 8
12931 - 92 6
12931 - 92 4
12931 - 92 4
12931 - 92 2
12931 # 1504
12931 # 1504
12931 # 1504
12932 + 92
12935 # 1504
12935 - 92 3
12936 # 1504
12939 # 1504
12940 + 92
12940 + 92
12941 # 1504
12941 - 92 1
12941 - 92 1
12943 + 92
12944 # 1504
12944 - 92 1
12945 + 92
12947 # 1504
12947 - 92 2
12948 + 92
12949 # 1504
12949 - 92 1
12951 # 1504
12951 + 92
12954 # 1504
12954 - 92 3
12956 + 92
12957 # 1504
12957 - 92 1
12958 # 1504
12958 + 92
12961 # 1504
12961 - 92 3
12962 + 92
12964 # 1504
12964 - 92 2
12967 # 1504
12967 + 92
12969 + 92
12969 + 92
12971 # 1504
12971 - 92 4
12971 - 92 2
12971 - 92 2
12973 + 92
12975 # 1504
12975 - 92 2
12977 + 92
12978 # 1504
12978 - 92 1
12979 + 92
12981 # 1504
12981 - 92 2
12983 + 92
12986 # 1504
12986 - 92 3
12987 # 1504
12988 + 92
12990 # 1504
12990 - 92 2
12990 + 92
12991 + 92
12993 # 1504
12993 - 92 3
12993 - 92 2
12993 + 92
12995 # 1504
12995 - 92 2
12997 # 1504
12999 # 1504
13002 # 1504
13003 + 92
13004 + 92
13004 + 92
13005 # 1504
13005 - 92 2
13005 - 92 1
13005 - 92 1
13006 + 92
13009 + 92
13012 + 92
13014 # 1504
13014 - 92 8
13014 - 92 5
13014 - 92 2
13017 # 1504
13017 + 92
13019 + 92
13020 # 1504
13020 - 92 3
13020 - 92 1
13020 # 1504
13024 + 92
13025 + 92
13028 + 92
13030 # 1504
13030 - 92 6
13030 - 92 5
13030 - 92 2
13030 + 92
13035 # 1504
13035 - 92 5
13035 # 1504
13037 # 1504
13037 + 92
13041 # 1504
13041 - 92 4
13044 # 1504
13048 # 1504
13051 # 1504
13055 # 1504
13056 + 92
13056 + 92
13056 + 92
13056 + 92
13056 + 92
13056 + 92
13056 + 92
13056 + 92
13056 + 92
13058 + 92
13059 # 1504
13059 - 92 3
13059 - 92 3
13059 - 92 3
13059 - 92 3
13059 - 92 3
13059 - 92 3
13059 - 92 3
13059 - 92 3
13059 - 92 3
13059 - 92 1
13062 # 1504
13062 + 92
13064 + 92
13065 # 1504
13065 - 92 3
13065 - 92 1
13065 + 92
13069 # 1504
13069 - 92 4
13069 + 92
13070 + 92
13072 # 1504
13072 - 92 3
13072 - 92 2
13080 # 1504
13080 + 92
13081 + 92
13086 # 1504
13086 - 92 6
13086 - 92 5
13087 + 92
13089 # 1504
13089 - 92 2
13091 + 92
13093 + 92
13094 # 1504
13094 - 92 3
13094 - 92 1
13096 # 1504
13098 + 92
13099 # 1504
13099 - 92 1
13100 + 92
13104 # 1504
13104 - 92 4
13105 + 92
13106 # 1504
13106 - 92 1
13106 + 92
13108 + 92
13111 # 1504
13111 - 92 5
13111 - 92 3
13112 + 92
13115 # 1504
13115 - 92 3
13115 + 92
13118 # 1504
13118 - 92 3
13122 # 1504
13131 + 92
13133 + 92
13133 + 92
13133 + 92
13133 + 92
13135 # 1504
13135 - 92 4
13135 - 92 2
13135 - 92 2
13135 - 92 2
13135 - 92 2
13137 # 1504
13137 + 92
13137 + 92
13138 # 1504
13138 - 92 1
13138 - 92 1
13140 + 92
13144 # 1504
13144 - 92 4
13144 # 1504
13144 + 92
13147 # 1504
13147 - 92 3
13147 + 92
13152 # 1504
13152 - 92 5
13154 # 1504
13156 + 92
13156 + 92
13156 + 92
13158 # 1504
13158 - 92 2
13158 - 92 2
13158 - 92 2
13161 # 1504
13165 # 1504
13166 + 92
13166 + 92
13169 # 1504
13169 - 92 3
13169 - 92 3
13169 + 92
13172 + 92
13175 + 92
13177 + 92
13178 # 1504
13178 - 92 9
13178 - 92 6
13178 - 92 3
13178 - 92 1
13180 + 92
13182 + 92
13184 + 92
13185 # 1504
13185 - 92 5
13185 - 92 3
13185 - 92 1
13187 + 92
13190 + 92
13191 # 1504
13191 - 92 4
13191 - 92 1
13191 + 92
13193 + 92
13195 + 92
13205 # 1504
13205 - 92 14
13205 - 92 12
13205 - 92 10
13205 # 1504
13208 + 92
13208 + 92
13208 + 92
13208 + 92
13209 # 1504
13209 - 92 1
13209 - 92 1
13209 - 92 1
13209 - 92 1
13210 + 92
13214 + 92
13214 + 92
13217 + 92
13219 # 1504
13219 - 92 9
13219 - 92 5
13219 - 92 5
13219 - 92 2
13219 # 1504
13221 + 92
13224 + 92
13225 + 92
13229 + 92
13230 + 92
13232 + 92
13236 + 92
13236 + 92
13237 # 1504
13237 - 92 16
13237 - 92 13
13237 - 92 12
13237 - 92 8
13237 - 92 7
13237 - 92 5
13237 - 92 1
13237 - 92 1
13237 # 1504
13238 # 1504
13238 + 92
13240 # 1504
13240 - 92 2
13245 # 1504
13247 + 92
13250 # 1504
13250 - 92 3
13256 # 1504
13256 + 92
13258 + 92
13262 # 1504
13262 - 92 6
13262 - 92 4
13263 + 92
13265 + 92
13269 # 1504
13269 - 92 6
13269 - 92 4
13270 + 92
13272 # 1504
13272 - 92 2
13272 + 92
13276 + 92
13279 # 1504
13279 - 92 7
13279 - 92 3
13279 + 92
13281 + 92
13283 + 92
13283 + 92
13285 # 1504
13285 - 92 6
13285 - 92 4
13285 - 92 2
13285 - 92 2
13287 + 92
13290 + 92
13292 # 1504
13292 - 92 5
13292 - 92 2
13292 + 92
13296 + 92
13297 # 1504
13297 - 92 5
13297 - 92 1
13299 + 92
13303 + 92
13311 # 1504
13311 - 92 12
13311 - 92 8
13311 # 1504
13313 + 92
13313 + 92
13314 + 92
13315 # 1504
13315 - 92 2
13315 - 92 2
13315 - 92 1
13319 + 92
13322 # 1504
13322 - 92 3
13323 + 92
13327 # 1504
13327 - 92 4
13328 + 92
13330 + 92
13333 + 92
13335 # 1504
13335 - 92 7
13335 - 92 5
13335 - 92 2
13340 # 1504
13340 + 92
13340 + 92
13342 + 92
13346 + 92
13347 # 1504
13347 - 92 7
13347 - 92 7
13347 - 92 5
13347 - 92 1
13348 + 92
13350 + 92
13352 # 1504
13352 - 92 4
13352 - 92 2
13353 + 92
13357 # 1504
13357 - 92 4
13357 + 92
13359 + 92
13365 # 1504
13365 - 92 8
13365 - 92 6
13370 + 92
13370 + 92
13370 + 92
13371 # 1504
13371 - 92 1
13371 - 92 1
13371 - 92 1
13374 + 92
13377 + 92
13378 # 1504
13378 - 92 4
13378 - 92 1
13380 + 92
13384 + 92
13385 # 1504
13385 - 92 5
13385 - 92 1
13386 + 92
13387 # 1504
13387 - 92 1
13389 + 92
13390 + 92
13395 + 92
13395 + 92
13399 + 92
13400 # 1504
13400 - 92 11
13400 - 92 10
13400 - 92 5
13400 - 92 5
13400 - 92 1
13401 + 92
13403 # 1504
13403 - 92 2
13404 # 1504
13410 # 1504
13411 + 92
13411 + 92
13411 + 92
13413 + 92
13417 # 1504
13417 - 92 6
13417 - 92 6
13417 - 92 6
13417 - 92 4
13417 + 92
13418 + 92
13421 + 92
13424 + 92
13427 + 92
13430 + 92
13431 # 1504
13431 - 92 14
13431 - 92 13
13431 - 92 10
13431 - 92 7
13431 - 92 4
13431 - 92 1
13431 # 1504
13432 + 92
13435 # 1504
13435 - 92 3
13438 + 92
13439 + 92
13439 + 92
13447 + 92
13450 + 92
13451 + 92
13454 # 1504
13454 - 92 16
13454 - 92 15
13454 - 92 15
13454 - 92 7
13454 - 92 4
13454 - 92 3
13454 # 1504
13458 # 1504
13459 + 92
13459 + 92
13460 + 92
13464 # 1504
13464 - 92 5
13464 - 92 5
13464 - 92 4
13464 + 92
13465 + 92
13469 + 92
13469 + 92
13470 + 92
13473 + 92
13475 + 92
13476 # 1504
13476 - 92 12
13476 - 92 11
13476 - 92 7
13476 - 92 7
13476 - 92 6
13476 - 92 3
13476 - 92 1
13476 # 1504
13479 + 92
13481 + 92
13483 + 92
13488 # 1504
13488 - 92 9
13488 - 92 7
13488 - 92 5
13488 + 92
13489 # 1504
13489 - 92 1
13489 + 92
13492 + 92
13495 # 1504
13495 - 92 6
13495 - 92 3
13495 + 92
13498 + 92
13501 # 1504
13501 - 92 6
13501 - 92 3
13501 + 92
13503 + 92
13506 + 92
13507 # 1504
13507 - 92 6
13507 - 92 4
13507 - 92 1
13510 + 92
13512 + 92
13515 # 1504
13515 - 92 5
13515 - 92 3
13516 + 92
13517 + 92
13520 # 1504
13520 - 92 4
13520 - 92 3
13520 + 92
13525 + 92
13527 + 92
13527 + 92
13530 # 1504
13530 - 92 10
13530 - 92 5
13530 - 92 3
13530 - 92 3
13535 # 1504
13540 + 92
13540 + 92
13540 + 92
13541 # 1504
13541 - 92 1
13541 - 92 1
13541 - 92 1
13541 + 92
13541 + 92
13543 + 92
13546 + 92
13547 # 1504
13547 - 92 6
13547 - 92 6
13547 - 92 4
13547 - 92 1
13548 + 92
13552 # 1504
13552 - 92 4
13558 # 1504
13558 + 92
13558 + 92
13558 + 92
13560 + 92
13562 + 92
13564 # 1504
13564 - 92 6
13564 - 92 6
13564 - 92 6
13564 - 92 4
13564 - 92 2
13564 + 92
13566 + 92
13568 + 92
13570 # 1504
13570 - 92 6
13570 - 92 4
13570 - 92 2
13571 + 92
13572 + 92
13573 + 92
13575 + 92
13577 + 92
13579 + 92
13582 + 92
13583 # 1504
13583 - 92 12
13583 - 92 11
13583 - 92 10
13583 - 92 8
13583 - 92 6
13583 - 92 4
13583 - 92 1
13584 # 1504
13584 + 92
13587 + 92
13588 + 92
13589 # 1504
13589 - 92 5
13589 - 92 2
13589 - 92 1
13592 + 92
13593 + 92
13595 + 92
13596 # 1504
13596 - 92 4
13596 - 92 3
13596 - 92 1
13597 + 92
13599 + 92
13600 + 92
13602 # 1504
13602 - 92 5
13602 - 92 3
13602 - 92 2
13603 + 92
13609 # 1504
13609 - 92 6
13612 + 92
13612 + 92
13612 + 92
13614 + 92
13614 + 92
13614 + 92
13616 # 1504
13616 - 92 4
13616 - 92 4
13616 - 92 4
13616 - 92 2
13616 - 92 2
13616 - 92 2
13616 + 92
13618 + 92
13620 + 92
13622 # 1504
13622 - 92 6
13622 - 92 4
13622 - 92 2
13623 + 92
13623 + 92
13625 + 92
13627 + 92
13628 # 1504
13628 - 92 5
13628 - 92 5
13628 - 92 3
13628 - 92 1
13629 + 92
13633 # 1504
13633 - 92 4
13633 + 92
13639 # 1504
13639 - 92 6
13642 + 92
13642 + 92
13642 + 92
13642 + 92
13644 + 92
13645 # 1504
13645 - 92 3
13645 - 92 3
13645 - 92 3
13645 - 92 3
13645 - 92 1
13646 + 92
13646 + 92
13648 + 92
13650 + 92
13652 # 1504
13652 - 92 6
13652 - 92 6
13652 - 92 4
13652 - 92 2
13652 + 92
13652 + 92
13656 + 92
13658 # 1504
13658 - 92 6
13658 - 92 6
13658 - 92 2
13658 + 92
13659 + 92
13661 + 92
13663 # 1504
13663 - 92 5
13663 - 92 4
13663 - 92 2
13664 + 92
13664 + 92
13669 # 1504
13669 - 92 5
13669 - 92 5
13674 # 1504
13681 # 1504
13687 # 1504
13693 # 1504
13698 # 1504
13704 # 1504
13707 # 1504
13709 + 92
13719 # 1504
13719 - 92 10
13719 # 1504
13725 # 1504
13726 # 1504
13730 # 1504
13733 # 1504
13736 # 1504
13748 # 1504
13748 # 1504
13749 # 1504
13759 # 1504
13765 # 1504
13769 # 1504
13774 # 1504
13779 + 92
13784 # 1504
13784 - 92 5
13790 # 1504
13800 # 1504
13807 # 1504
13809 + 92
13814 # 1504
13814 - 92 5
13821 # 1504
13828 # 1504
13832 + 92
13836 # 1504
13836 - 92 4
13844 # 1504
13849 + 92
13853 # 1504
13853 - 92 4
13860 # 1504
13866 # 1504
13866 + 92
13872 # 1504
13872 - 92 6
13878 # 1504
13880 + 92
13892 + 92
13894 # 1504
13894 - 92 14
13894 - 92 2
13895 # 1504
13899 + 92
13901 # 1504
13901 - 92 2
13907 # 1504
13908 + 92
13911 # 1504
13911 - 92 3
13918 # 1504
13921 + 92
13924 # 1504
13924 - 92 3
13929 # 1504
13929 + 92
13937 + 92
13944 # 1504
13944 - 92 15
13944 - 92 7
13944 + 92
13950 # 1504
13950 - 92 6
13952 + 92
13957 # 1504
13957 - 92 5
13962 + 92
13964 # 1504
13964 - 92 2
13964 # 1504
13967 + 92
13971 # 1504
13971 - 92 4
13972 + 92
13978 # 1504
13978 - 92 6
13980 + 92
13983 # 1504
13983 - 92 3
13987 + 92
13989 # 1504
13989 - 92 2
13994 + 92
13995 # 1504
13995 - 92 1
14000 + 92
14001 # 1504
14001 - 92 1
14006 # 1504
14013 # 1504
14014 + 92
14019 # 1504
14019 - 92 5
14021 + 92
14025 # 1504
14025 - 92 4
14026 + 92
14029 # 1504
14029 - 92 3
14029 + 92
14036 # 1504
14036 - 92 7
14042 + 92
14042 + 92
14044 # 1504
14044 - 92 2
14044 - 92 2
14049 + 92
14053 # 1504
14053 - 92 4
14055 + 92
14059 # 1504
14059 - 92 4
14062 + 92
14065 # 1504
14065 - 92 3
14065 # 1504
14071 + 92
14076 # 1504
14076 - 92 5
14076 + 92
14080 # 1504
14080 - 92 4
14080 # 1504
14082 + 92
14088 # 1504
14088 - 92 6
14089 # 1504
14089 + 92
14096 # 1504
14096 - 92 7
14097 + 92
14105 + 92
14110 # 1504
14110 - 92 13
14110 - 92 5
14111 # 1504
14111 + 92
14118 + 92
14125 # 1504
14125 - 92 14
14125 - 92 7
14125 + 92
14127 # 1504
14127 - 92 2
14144 # 1504
14145 + 92
14147 + 92
14147 + 92
14155 # 1504
14155 - 92 10
14155 - 92 8
14155 - 92 8
14157 # 1504
14159 + 92
14161 # 1504
14161 - 92 2
14169 + 92
14183 + 92
14186 # 1504
14186 - 92 17
14186 - 92 3
14187 + 92
14191 # 1504
14191 - 92 4
14194 + 92
14205 # 1504
14205 - 92 11
14205 + 92
14210 # 1504
14210 - 92 5
14211 + 92
14220 # 1504
14220 - 92 9
14225 + 92
14230 + 92
14242 # 1504
14242 - 92 17
14242 - 92 12
14244 + 92
14246 + 92
14248 # 1504
14248 - 92 4
14248 - 92 2
14254 # 1504
14257 + 92
14262 # 1504
14262 - 92 5
14273 + 92
14278 # 1504
14278 - 92 5
14282 + 92
14284 # 1504
14284 - 92 2
14291 # 1504
14291 + 92
14300 # 1504
14300 - 92 9
14301 + 92
14309 # 1504
14309 - 92 8
14319 # 1504
14319 + 92
14323 + 92
14327 # 1504
14327 - 92 8
14327 - 92 4
14329 + 92
14343 + 92
14344 # 1504
14344 - 92 15
14344 - 92 1
14347 # 1504
14351 + 92
14354 # 1504
14354 - 92 3
14359 + 92
14364 # 1504
14364 - 92 5
14366 + 92
14372 + 92
14379 # 1504
14379 - 92 13
14379 - 92 7
14382 + 92
14386 # 1504
14386 - 92 4
14389 + 92
14396 + 92
14403 # 1504
14403 - 92 14
14403 - 92 7
14408 + 92
14411 + 92
14414 # 1504
14414 - 92 6
14414 - 92 3
14422 + 92
14424 # 1504
14424 - 92 2
14432 # 1504
14436 + 92
14444 + 92
14447 + 92
14449 # 1504
14449 - 92 13
14449 - 92 5
14449 - 92 2
14453 + 92
14464 + 92
14465 # 1504
14465 - 92 12
14465 - 92 1
14469 + 92
14483 + 92
14483 + 92
14491 + 92
14502 + 92
14505 + 92
14513 + 92
14522 + 92
14531 + 92
14545 + 92
14551 + 92
14556 # 1504
14556 - 92 87
14556 - 92 73
14556 - 92 73
14556 - 92 65
14556 - 92 54
14556 - 92 51
14556 - 92 43
14556 - 92 34
14556 - 92 25
14556 - 92 11
14556 - 92 5
14557 + 92
14563 + 92
14571 + 92
14572 # 1504
14572 - 92 15
14572 - 92 9
14572 - 92 1
14582 + 92
14587 + 92
14591 + 92
14603 + 92
14610 + 92
14622 + 92
14627 + 92
14629 # 1504
14629 - 92 47
14629 - 92 42
14629 - 92 38
14629 - 92 26
14629 - 92 19
14629 - 92 7
14629 - 92 2
14629 + 92
14633 # 1504
14633 - 92 4
14641 # 1504
14643 + 92
14648 + 92
14650 # 1504
14650 - 92 7
14650 - 92 2
14655 + 92
14658 + 92
14659 # 1504
14659 - 92 4
14659 - 92 1
14667 # 1504
14667 + 92
14674 + 92
14677 # 1504
14677 - 92 10
14677 - 92 3
14685 # 1504
14688 + 92
14695 # 1504
14695 - 92 7
14700 + 92
14704 # 1504
14704 - 92 4
14711 + 92
14714 # 1504
14714 - 92 3
14719 + 92
14724 # 1504
14724 - 92 5
14727 + 92
14733 # 1504
14733 - 92 6
14733 + 92
14740 + 92
14744 # 1504
14744 - 92 11
14744 - 92 4
14754 # 1504
14754 + 92
14758 + 92
14762 # 1504
14762 - 92 8
14762 - 92 4
14768 + 92
14775 # 1504
14775 - 92 7
14777 + 92
14786 # 1504
14786 - 92 9
14789 + 92
14796 # 1504
14796 - 92 7
14797 + 92
14805 + 92
14807 # 1504
14807 - 92 10
14807 - 92 2
14812 + 92
14816 # 1504
14816 - 92 4
14820 + 92
14826 # 1504
14826 - 92 6
14826 # 1504
14826 # 1504
14826 # 1504
14826 # 1504
14827 + 92
14832 + 92
14836 # 1504
14836 - 92 9
14836 - 92 4
14839 + 92
14846 + 92
14848 # 1504
14848 - 92 9
14848 - 92 2
14852 + 92
14860 # 1504
14860 - 92 8
14861 + 92
14869 # 1504
14869 - 92 8
14870 + 92
14879 # 1504
14879 - 92 9
14879 + 92
14888 + 92
14891 # 1504
14891 - 92 12
14891 - 92 3
14902 # 1504
14906 + 92
14908 + 92
14910 # 1504
14910 - 92 4
14910 - 92 2
14918 + 92
14921 # 1504
14921 - 92 3
14929 + 92
14935 # 1504
14935 - 92 6
14935 + 92
14941 # 1504
14941 - 92 6
14946 + 92
14954 + 92
14960 + 92
14966 # 1504
14966 - 92 20
14966 - 92 12
14966 - 92 6
14968 + 92
14971 # 1504
14971 - 92 3
14974 + 92
14980 + 92
14988 + 92
14989 # 1504
14989 - 92 15
14989 - 92 9
14989 - 92 1
14995 + 92
14997 # 1504
14997 - 92 2
15005 + 92
15015 # 1504
15015 - 92 10
15016 + 92
15025 # 1504
15025 - 92 9
15031 + 92
15035 + 92
15036 # 1504
15036 - 92 5
15036 - 92 1
15046 # 1504
15047 + 92
15053 + 92
15057 # 1504
15057 - 92 10
15057 - 92 4
15062 + 92
15069 # 1504
15069 - 92 7
15071 + 92
15081 # 1504
15081 - 92 10
15088 + 92
15090 + 92
15091 # 1504
15091 - 92 3
15091 - 92 1
15100 # 1504
15101 + 92
15109 # 1504
15109 - 92 8
15116 + 92
15118 # 1504
15118 - 92 2
15127 # 1504
15128 + 92
15138 + 92
15140 # 1504
15140 - 92 12
15140 - 92 2
15155 + 92
15160 # 1504
15160 - 92 5
15168 # 1504
15171 + 92
15174 + 92
15182 + 92
15193 + 92
15194 # 1504
15194 - 92 23
15194 - 92 20
15194 - 92 12
15194 - 92 1
15207 + 92
15211 + 92
15214 + 92
15222 + 92
15233 + 92
15238 + 92
15248 + 92
15254 + 92
15260 + 92
15268 + 92
15277 + 92
15288 + 92
15292 + 92
15306 + 92
15306 + 92
15360 # 1504
15360 - 92 153
15360 - 92 149
15360 - 92 146
15360 - 92 138
15360 - 92 127
15360 - 92 122
15360 - 92 112
15360 - 92 106
15360 - 92 100
15360 - 92 92
15360 - 92 83
15360 - 92 72
15360 - 92 68
15360 - 92 54
15360 - 92 54
15363 + 92
15370 + 92
15375 + 92
15381 + 92
15384 # 1504
15384 - 92 21
15384 - 92 14
15384 - 92 9
15384 - 92 3
15387 + 92
15390 # 1504
15390 - 92 3
15390 # 1504
15390 # 1504
15390 # 1504
15390 # 1504
15402 + 92
15403 + 92
15409 + 92
15411 # 1504
15411 - 92 9
15411 - 92 8
15411 - 92 2
15421 # 1504
15421 + 92
15426 + 92
15430 # 1504
15430 - 92 9
15430 - 92 4
15435 + 92
15442 + 92
15452 + 92
15453 # 1504
15453 - 92 18
15453 - 92 11
15453 - 92 1
15465 + 92
15471 # 1504
15471 - 92 6
15471 + 92
15472 # 1504
15472 - 92 1
15484 + 92
15485 # 1504
15485 - 92 1
15485 + 92
15492 + 92
15494 # 1504
15494 - 92 9
15494 - 92 2
15503 + 92
15504 + 92
15509 # 1504
15509 - 92 6
15509 - 92 5
15510 + 92
15515 + 92
15519 # 1504
15519 - 92 9
15519 - 92 4
15525 # 1504
15530 + 92
15533 # 1504
15533 - 92 3
15541 + 92
15544 # 1504
15544 - 92 3
15549 + 92
15549 + 92
15561 # 1504
15561 - 92 12
15561 - 92 12
15562 + 92
15565 # 1504
15565 - 92 3
15567 + 92
15567 + 92
15573 + 92
15576 # 1504
15576 - 92 9
15576 - 92 9
15576 - 92 3
15586 # 1504
15587 + 92
15588 + 92
15595 # 1504
15595 - 92 8
15595 - 92 7
15602 + 92
15606 + 92
15609 # 1504
15609 - 92 7
15609 - 92 3
15611 + 92
15614 # 1504
15614 - 92 3
15616 + 92
15624 + 92
15630 + 92
15635 # 1504
15635 - 92 19
15635 - 92 11
15635 - 92 5
15635 + 92
15642 + 92
15649 # 1504
15649 - 92 14
15649 - 92 7
15652 + 92
15653 + 92
15655 # 1504
15655 - 92 3
15655 - 92 2
15657 + 92
15667 + 92
15674 + 92
15679 # 1504
15679 - 92 22
15679 - 92 12
15679 - 92 5
15682 + 92
15689 + 92
15703 + 92
15703 + 92
15706 + 92
15710 # 1504
15710 - 92 28
15710 - 92 21
15710 - 92 7
15710 - 92 7
15710 - 92 4
15720 + 92
15720 + 92
15727 + 92
15734 # 1504
15734 - 92 14
15734 - 92 14
15734 - 92 7
15744 # 1504
15751 + 92
15757 + 92
15762 # 1504
15762 - 92 11
15762 - 92 5
15768 + 92
15770 # 1504
15770 - 92 2
15782 + 92
15791 # 1504
15791 - 92 9
15793 + 92
15799 # 1504
15799 - 92 6
15801 + 92
15812 + 92
15821 # 1504
15821 - 92 20
15821 - 92 9
15830 # 1504
15839 # 1504
15860 + 92
15870 + 92
15881 + 92
15888 + 92
15897 + 92
15906 + 92
15917 + 92
15927 + 92
15934 + 92
15945 + 92
15953 + 92
15967 # 1504
15967 - 92 107
15967 - 92 97
15967 - 92 86
15967 - 92 79
15967 - 92 70
15967 - 92 61
15967 - 92 50
15967 - 92 40
15967 - 92 33
15967 - 92 22
15967 - 92 14
15967 + 92
15967 + 92
15976 # 1504
15976 - 92 9
15976 - 92 9
15976 # 1504
15976 # 1504
15976 # 1504
15981 + 92
15982 + 92
15985 # 1504
15985 - 92 4
15985 - 92 3
15990 + 92
15995 # 1504
15995 - 92 5
16001 + 92
16004 + 92
16005 # 1504
16005 - 92 4
16005 - 92 1
16011 + 92
16019 # 1504
16019 - 92 8
16022 + 92
16024 # 1504
16024 - 92 2
16036 + 92
16039 # 1504
16039 - 92 3
16042 + 92
16047 + 92
16053 # 1504
16053 - 92 11
16053 - 92 6
16055 + 92
16063 # 1504
16063 - 92 8
16064 + 92
16068 + 92
16074 # 1504
16074 - 92 10
16074 - 92 6
16082 # 1504
16082 + 92
16082 + 92
16091 + 92
16094 # 1504
16094 - 92 12
16094 - 92 12
16094 - 92 3
16103 # 1504
16114 # 1504
16124 # 1504
16132 # 1504
16142 # 1504
16151 + 92
16155 + 92
16155 + 92
16155 + 92
16159 # 1504
16159 - 92 8
16159 - 92 4
16159 - 92 4
16159 - 92 4
16161 # 1504
16161 + 92
16168 + 92
16170 # 1504
16170 - 92 9
16170 - 92 2
16179 # 1504
16183 + 92
16189 # 1504
16189 - 92 6
16189 + 92
16197 # 1504
16197 - 92 8
16202 + 92
16204 + 92
16209 # 1504
16209 - 92 7
16209 - 92 5
16210 + 92
16219 # 1504
16219 - 92 9
16222 + 92
16227 # 1504
16227 - 92 5
16231 + 92
16236 # 1504
16236 - 92 5
16241 + 92
16249 + 92
16254 # 1504
16254 - 92 13
16254 - 92 5
16256 + 92
16264 + 92
16269 # 1504
16269 - 92 13
16269 - 92 5
16271 + 92
16280 # 1504
16280 - 92 9
16283 + 92
16285 # 1504
16285 - 92 2
16288 + 92
16296 # 1504
16296 - 92 8
16303 + 92
16306 + 92
16311 # 1504
16311 - 92 8
16311 - 92 5
16317 + 92
16326 + 92
16327 # 1504
16327 - 92 10
16327 - 92 1
16334 + 92
16342 + 92
16347 # 1504
16347 - 92 13
16347 - 92 5
16349 + 92
16359 # 1504
16359 - 92 10
16361 + 92
16361 + 92
16367 + 92
16370 # 1504
16370 - 92 9
16370 - 92 9
16370 - 92 3
16373 + 92
16382 # 1504
16382 - 92 9
16382 + 92
16388 + 92
16401 + 92
16403 + 92
16409 + 92
16422 + 92
16422 + 92
16427 # 1504
16427 - 92 45
16427 - 92 39
16427 - 92 26
16427 - 92 24
16427 - 92 18
16427 - 92 5
16427 - 92 5
16430 + 92
16439 # 1504
16439 - 92 9
16441 + 92
16444 + 92
16445 # 1504
16445 - 92 4
16445 - 92 1
16449 + 92
16455 + 92
16462 + 92
16467 # 1504
16467 - 92 18
16467 - 92 12
16467 - 92 5
16470 + 92
16477 + 92
16488 + 92
16504 + 92
16508 # 1504
16508 - 92 38
16508 - 92 31
16508 - 92 20
16508 - 92 4
16518 + 92
16548 + 92
16563 + 92
16581 + 92
16588 + 92
16600 + 92
16611 + 92
16625 + 92
16642 + 92
16646 + 92
16657 + 92
16666 + 92
16681 + 92
16691 + 92
16707 + 92
16715 + 92
16724 # 1504
16724 - 92 206
16724 - 92 176
16724 - 92 161
16724 - 92 143
16724 - 92 136
16724 - 92 124
16724 - 92 113
16724 - 92 99
16724 - 92 82
16724 - 92 78
16724 - 92 67
16724 - 92 58
16724 - 92 43
16724 - 92 33
16724 - 92 17
16724 - 92 9
16731 # 1504
16732 + 92
16739 + 92
16741 # 1504
16741 - 92 9
16741 - 92 2
16748 + 92
16761 + 92
16766 + 92
16769 # 1504
16769 - 92 21
16769 - 92 8
16769 - 92 3
16769 # 1504
16787 + 92
16797 # 1504
16797 - 92 10
16800 + 92
16813 + 92
16829 + 92
16848 + 92
16871 + 92
16892 + 92
16911 + 92
16928 + 92
16947 + 92
16965 + 92
16975 # 1504
16975 - 92 175
16975 - 92 162
16975 - 92 146
16975 - 92 127
16975 - 92 104
16975 - 92 83
16975 - 92 64
16975 - 92 47
16975 - 92 28
16975 - 92 10
16975 # 1504
16975 # 1504
16975 # 1504
16980 # 1504
16982 + 92
16983 # 1504
16983 - 92 1
16988 + 92
16992 # 1504
16992 - 92 4
17006 # 1504
17007 + 92
17010 # 1504
17010 - 92 3
17014 # 1504
17014 # 1504
17016 + 92
17021 # 1504
17021 - 92 5
17021 # 1504
17021 # 1504
17022 # 1504
17022 # 1504
17022 # 1504
17024 # 1504
17024 # 1504
17027 # 1504
17029 # 1504
17030 # 1504
17032 # 1504
17033 # 1504
17033 + 92
17034 # 1504
17034 - 92 1
17035 # 1504
17038 # 1504
17040 # 1504
17041 # 1504
17042 # 1504
17044 # 1504
17045 # 1504
17046 + 92
17047 # 1504
17047 - 92 1
17057 # 1504
17057 # 1504
17057 # 1504
17057 # 1504
17058 # 1504
17059 # 1504
17059 # 1504
17061 # 1504
17063 + 92
17065 # 1504
17065 - 92 2
17065 # 1504
17066 # 1504
17074 + 92
17078 # 1504
17078 - 92 4
17078 # 1504
17079 # 1504
17079 # 1504
17079 # 1504
17079 # 1504
17080 # 1504
17082 # 1504
17082 # 1504
17083 # 1504
17084 # 1504
17085 # 1504
17086 # 1504
17087 # 1504
17087 + 92
17088 # 1504
17088 - 92 1
17089 # 1504
17090 # 1504
17091 # 1504
17093 # 1504
17093 + 92
17095 # 1504
17095 - 92 2
17095 # 1504
17096 # 1504
17097 # 1504
17098 # 1504
17099 # 1504
17100 # 1504
17104 # 1504
17104 # 1504
17105 # 1504
17106 # 1504
17107 # 1504
17109 + 92
17110 # 1504
17110 - 92 1
17113 # 1504
17113 # 1504
17114 # 1504
17115 # 1504
17115 + 92
17116 # 1504
17116 - 92 1
17118 # 1504
17119 # 1504
17120 # 1504
17121 # 1504
17122 # 1504
17123 # 1504
17124 # 1504
17127 # 1504
17128 # 1504
17129 # 1504
17129 + 92
17130 # 1504
17130 - 92 1
17131 # 1504
17132 # 1504
17144 # 1504
17144 # 1504
17145 # 1504
17145 # 1504
17145 # 1504
17145 # 1504
17145 # 1504
17145 # 1504
17145 # 1504
17145 # 1504
17146 # 1504
17147 # 1504
17147 + 92
17149 # 1504
17149 - 92 2
17149 # 1504
17150 # 1504
17151 # 1504
17152 # 1504
17153 # 1504
17153 + 92
17155 # 1504
17155 - 92 2
17157 # 1504
17162 # 1504
17162 + 92
17170 # 1504
17170 - 92 8
17171 + 92
17174 # 1504
17174 - 92 3
17180 # 1504
17181 # 1504
17187 + 92
17191 # 1504
17191 - 92 4
17198 # 1504
17200 # 1504
17201 + 92
17201 + 92
17209 # 1504
17209 - 92 8
17209 - 92 8
17209 # 1504
17211 # 1504
17213 # 1504
17215 # 1504
17216 # 1504
17219 + 92
17221 # 1504
17221 - 92 2
17221 # 1504
17222 # 1504
17222 + 92
17225 # 1504
17225 - 92 3
17227 + 92
17229 # 1504
17229 - 92 2
17236 + 92
17239 # 1504
17239 - 92 3
17239 # 1504
17240 # 1504
17241 # 1504
17241 # 1504
17241 # 1504
17248 + 92
17248 + 92
17251 # 1504
17251 - 92 3
17251 - 92 3
17251 # 1504
17254 # 1504
17254 # 1504
17254 # 1504
17254 # 1504
17256 # 1504
17260 # 1504
17262 # 1504
17263 # 1504
17267 + 92
17268 # 1504
17268 - 92 1
17269 # 1504
17270 # 1504
17270 + 92
17275 # 1504
17275 - 92 5
17279 # 1504
17279 # 1504
17283 # 1504
17285 # 1504
17286 # 1504
17287 # 1504
17288 # 1504
17288 + 92
17290 # 1504
17290 - 92 2
17291 + 92
17292 # 1504
17292 - 92 1
17292 # 1504
17293 # 1504
17294 # 1504
17295 # 1504
17296 # 1504
17297 # 1504
17298 # 1504
17299 # 1504
17300 # 1504
17301 # 1504
17303 # 1504
17304 # 1504
17305 # 1504
17307 + 92
17319 # 1504
17319 - 92 12
17321 # 1504
17321 + 92
17324 # 1504
17324 - 92 3
17326 # 1504
17327 + 92
17329 # 1504
17329 - 92 2
17331 # 1504
17336 # 1504
17337 # 1504
17337 + 92
17340 # 1504
17340 - 92 3
17342 # 1504
17345 # 1504
17347 # 1504
17349 # 1504
17350 # 1504
17352 + 92
17361 # 1504
17361 - 92 9
17361 # 1504
17361 # 1504
17361 # 1504
17369 + 92
17374 # 1504
17374 - 92 5
17374 # 1504
17377 # 1504
17380 # 1504
17381 + 92
17382 # 1504
17382 - 92 1
17386 # 1504
17393 # 1504
17394 + 92
17396 # 1504
17396 - 92 2
17396 # 1504
17397 # 1504
17399 # 1504
17404 + 92
17411 # 1504
17411 - 92 7
17411 # 1504
17416 + 92
17421 # 1504
17421 - 92 5
17422 # 1504
17422 # 1504
17423 + 92
17430 # 1504
17430 - 92 7
17434 + 92
17448 + 92
17452 # 1504
17452 - 92 18
17452 - 92 4
17457 # 1504
17460 + 92
17462 # 1504
17462 - 92 2
17465 # 1504
17468 + 92
17469 # 1504
17469 - 92 1
17471 # 1504
17474 # 1504
17475 # 1504
17477 + 92
17479 # 1504
17479 - 92 2
17482 # 1504
17483 # 1504
17484 + 92
17487 # 1504
17487 - 92 3
17488 # 1504
17491 # 1504
17492 + 92
17496 # 1504
17496 - 92 4
17498 # 1504
17500 + 92
17501 # 1504
17501 - 92 1
17503 # 1504
17507 # 1504
17510 + 92
17511 # 1504
17511 - 92 1
17514 # 1504
17518 # 1504
17520 # 1504
17521 # 1504
17522 + 92
17525 # 1504
17525 - 92 3
17527 # 1504
17529 # 1504
17529 + 92
17533 # 1504
17533 - 92 4
17535 # 1504
17536 # 1504
17536 + 92
17538 # 1504
17538 - 92 2
17541 # 1504
17542 # 1504
17544 # 1504
17544 + 92
17546 # 1504
17546 - 92 2
17549 # 1504
17551 # 1504
17552 + 92
17555 # 1504
17555 - 92 3
17557 # 1504
17559 # 1504
17560 # 1504
17564 # 1504
17565 + 92
17566 # 1504
17566 - 92 1
17567 # 1504
17567 + 92
17569 # 1504
17569 - 92 2
17571 # 1504
17574 # 1504
17574 # 1504
17575 # 1504
17577 # 1504
17578 + 92
17580 # 1504
17580 - 92 2
17580 # 1504
17585 + 92
17591 # 1504
17591 - 92 6
17594 + 92
17601 + 92
17606 # 1504
17606 - 92 12
17606 - 92 5
17607 # 1504
17610 # 1504
17610 + 92
17612 # 1504
17612 - 92 2
17614 # 1504
17615 # 1504
17616 # 1504
17619 # 1504
17621 # 1504
17622 # 1504
17624 # 1504
17624 + 92
17626 # 1504
17626 - 92 2
17628 # 1504
17628 # 1504
17630 + 92
17631 # 1504
17631 - 92 1
17633 # 1504
17635 # 1504
17636 # 1504
17638 # 1504
17641 # 1504
17643 # 1504
17643 # 1504
17643 + 92
17645 # 1504
17645 - 92 2
17648 # 1504
17659 # 1504
17659 # 1504
17659 # 1504
17663 + 92
17669 # 1504
17669 - 92 6
17669 # 1504
17670 # 1504
17672 + 92
17679 # 1504
17679 - 92 7
17679 # 1504
17682 # 1504
17683 # 1504
17683 # 1504
17685 # 1504
17685 + 92
17686 # 1504
17686 - 92 1
17689 # 1504
17691 # 1504
17691 # 1504
17693 # 1504
17696 + 92
17697 # 1504
17697 - 92 1
17699 # 1504
17699 # 1504
17701 # 1504
17704 # 1504
17704 + 92
17706 # 1504
17706 - 92 2
17707 # 1504
17710 # 1504
17711 # 1504
17712 # 1504
17714 # 1504
17715 # 1504
17715 + 92
17716 # 1504
17716 - 92 1
17718 # 1504
17720 # 1504
17726 + 92
17727 # 1504
17727 - 92 1
17727 # 1504
17727 # 1504
17727 # 1504
17729 # 1504
17730 # 1504
17732 # 1504
17734 # 1504
17735 # 1504
17737 # 1504
17737 + 92
17738 # 1504
17738 - 92 1
17740 # 1504
17741 # 1504
17748 # 1504
17749 # 1504
17755 # 1504
17757 # 1504
17759 # 1504
17761 # 1504
17762 # 1504
17763 # 1504
17765 # 1504
17765 + 92
17766 # 1504
17766 - 92 1
17768 # 1504
17772 # 1504
17772 # 1504
17773 # 1504
17775 # 1504
17776 # 1504
17778 # 1504
17779 # 1504
17786 # 1504
17786 # 1504
17786 # 1504
17789 + 92
17792 # 1504
17792 - 92 3
17792 # 1504
17792 # 1504
17793 # 1504
17797 # 1504
17797 # 1504
17798 # 1504
17800 # 1504
17802 # 1504
17805 # 1504
17807 # 1504
17808 # 1504
17808 + 92
17809 # 1504
17809 - 92 1
17811 # 1504
17813 # 1504
17815 # 1504
17815 # 1504
17816 # 1504
17825 + 92
17835 # 1504
17835 - 92 10
17836 # 1504
17841 # 1504
17841 # 1504
17841 # 1504
17841 # 1504
17842 # 1504
17842 # 1504
17842 # 1504
17843 # 1504
17843 # 1504
17843 # 1504
17843 # 1504
17844 # 1504
17851 # 1504
17851 # 1504
17859 # 1504
17859 # 1504
17859 # 1504
17859 # 1504
17859 # 1504
17859 # 1504
17861 # 1504
17861 # 1504
17876 # 1504
17876 # 1504
17876 # 1504
17876 # 1504
17876 # 1504
17876 # 1504
17876 # 1504
17876 # 1504
17877 # 1504
17877 # 1504
17878 # 1504
17879 # 1504
17880 # 1504
17884 # 1504
17888 + 92
17894 # 1504
17894 - 92 6
17894 # 1504
17894 # 1504
17894 # 1504
17894 # 1504
17894 # 1504
17895 # 1504
17896 # 1504
17910 + 92
17911 # 1504
17911 - 92 1
17911 # 1504
17911 # 1504
17912 # 1504
17912 # 1504
17912 # 1504
17912 # 1504
17912 # 1504
17912 # 1504
17912 # 1504
17912 # 1504
17913 # 1504
17916 # 1504
17916 # 1504
17917 # 1504
17918 # 1504
17919 # 1504
17923 # 1504
17923 # 1504
17923 # 1504
17931 + 92
17932 # 1504
17932 - 92 1
17932 # 1504
17932 # 1504
17932 # 1504
17932 # 1504
17932 # 1504
17933 # 1504
17934 # 1504
17935 # 1504
17936 # 1504
17937 # 1504
17939 # 1504
17947 # 1504
17947 # 1504
17947 # 1504
17947 # 1504
17947 # 1504
17947 # 1504
17947 + 92
17948 # 1504
17948 - 92 1
17956 # 1504
17957 # 1504
17957 # 1504
17957 # 1504
17964 # 1504
17964 + 92
17965 # 1504
17965 - 92 1
17965 # 1504
17965 # 1504
17965 # 1504
17965 # 1504
17965 # 1504
17965 # 1504
17966 # 1504
17966 # 1504
17977 + 92
17978 # 1504
17978 - 92 1
17978 # 1504
17978 # 1504
17978 # 1504
17978 # 1504
17978 # 1504
17978 # 1504
17978 # 1504
17979 # 1504
17980 # 1504
17981 # 1504
17984 # 1504
17984 # 1504
17987 # 1504
17987 # 1504
17988 # 1504
17989 + 92
17992 # 1504
17992 - 92 3
17992 # 1504
17993 # 1504
17994 # 1504
17995 # 1504
17996 # 1504
18000 # 1504
18000 # 1504
18000 # 1504
18001 # 1504
18003 # 1504
18004 # 1504
18005 # 1504
18006 # 1504
18013 + 92
18019 # 1504
18019 - 92 6
18019 # 1504
18019 # 1504
18019 # 1504
18020 # 1504
18020 # 1504
18020 # 1504
18020 # 1504
18020 # 1504
18020 # 1504
18020 # 1504
18020 # 1504
18021 # 1504
18022 # 1504
18026 # 1504
18026 # 1504
18026 # 1504
18026 # 1504
18027 # 1504
18032 # 1504
18032 # 1504
18032 # 1504
18033 # 1504
18036 + 92
18038 # 1504
18038 - 92 2
18038 # 1504
18038 # 1504
18039 # 1504
18042 # 1504
18043 # 1504
18047 # 1504
18048 # 1504
18055 + 92
18059 # 1504
18059 - 92 4
18059 # 1504
18059 # 1504
18059 # 1504
18059 # 1504
18059 # 1504
18059 # 1504
18059 # 1504
18061 # 1504
18063 # 1504
18079 + 92
18080 # 1504
18080 - 92 1
18080 # 1504
18081 # 1504
18081 # 1504
18081 # 1504
18081 # 1504
18081 # 1504
18081 # 1504
18081 # 1504
18081 # 1504
18081 # 1504
18082 # 1504
18082 # 1504
18082 # 1504
18082 # 1504
18082 # 1504
18098 # 1504
18098 # 1504
18098 # 1504
18098 # 1504
18098 # 1504
18098 # 1504
18098 # 1504
18099 # 1504
18099 # 1504
18099 # 1504
18099 # 1504
18099 # 1504
18099 + 92
18100 # 1504
18100 - 92 1
18110 # 1504
18110 # 1504
18110 # 1504
18110 # 1504
18110 # 1504
18118 # 1504
18118 # 1504
18118 # 1504
18118 # 1504
18118 # 1504
18119 # 1504
18120 # 1504
18123 # 1504
18123 # 1504
18124 # 1504
18127 # 1504
18127 # 1504
18128 # 1504
18129 # 1504
18130 # 1504
18131 # 1504
18135 # 1504
18136 # 1504
18136 # 1504
18137 # 1504
18138 # 1504
18139 # 1504
18141 + 92
18142 # 1504
18142 - 92 1
18142 # 1504
18153 # 1504
18155 # 1504
18155 # 1504
18156 # 1504
18156 # 1504
18156 # 1504
18156 # 1504
18156 # 1504
18156 # 1504
18156 # 1504
18156 # 1504
18159 # 1504
18159 # 1504
18160 # 1504
18161 # 1504
18164 # 1504
18165 # 1504
18165 # 1504
18166 # 1504
18177 # 1504
18177 # 1504
18177 # 1504
18177 # 1504
18177 # 1504
18178 # 1504
18178 # 1504
18178 # 1504
18178 # 1504
18178 # 1504
18178 # 1504
18179 # 1504
18180 # 1504
18181 # 1504
18182 # 1504
18183 # 1504
18184 # 1504
18190 # 1504
18190 # 1504
18190 # 1504
18190 # 1504
18190 # 1504
18190 # 1504
18191 # 1504
18192 # 1504
18198 # 1504
18198 # 1504
18198 # 1504
18198 # 1504
18198 # 1504
18198 # 1504
18199 # 1504
18200 # 1504
18200 # 1504
18201 # 1504
18204 # 1504
18215 # 1504
18215 # 1504
18215 # 1504
18215 # 1504
18216 # 1504
18216 # 1504
18216 # 1504
18216 # 1504
18216 # 1504
18216 # 1504
18216 # 1504
18216 # 1504
18216 # 1504
18217 # 1504
18217 # 1504
18217 + 92
18218 # 1504
18218 - 92 1
18220 # 1504
18220 # 1504
18221 # 1504
18227 # 1504
18227 # 1504
18227 # 1504
18227 # 1504
18227 # 1504
18228 # 1504
18228 # 1504
18239 # 1504
18239 # 1504
18239 # 1504
18239 # 1504
18239 # 1504
18239 # 1504
18239 # 1504
18239 # 1504
18239 # 1504
18240 # 1504
18250 # 1504
18251 # 1504
18252 # 1504
18252 # 1504
18253 # 1504
18254 # 1504
18257 # 1504
18257 # 1504
18280 # 1504
18280 # 1504
18280 # 1504
18280 # 1504
18280 # 1504
18280 # 1504
18280 # 1504
18280 # 1504
18281 # 1504
18281 # 1504
18293 + 92
18297 + 92
18301 + 92
18303 # 1504
18303 - 92 10
18303 - 92 6
18303 - 92 2
18303 # 1504
18303 # 1504
18304 # 1504
18304 # 1504
18304 # 1504
18304 # 1504
18304 # 1504
18304 # 1504
18304 # 1504
18304 # 1504
18305 # 1504
18305 # 1504
18305 # 1504
18305 # 1504
18305 # 1504
18305 # 1504
18305 + 92
18307 # 1504
18307 - 92 2
18307 # 1504
18308 # 1504
18309 + 92
18314 # 1504
18314 - 92 5
18314 # 1504
18314 # 1504
18315 # 1504
18315 # 1504
18315 + 92
18316 # 1504
18316 - 92 1
18317 # 1504
18318 + 92
18321 # 1504
18321 - 92 3
18322 + 92
18323 + 92
18328 + 92
18329 # 1504
18329 - 92 7
18329 - 92 6
18329 - 92 1
18329 # 1504
18329 # 1504
18330 + 92
18332 # 1504
18332 - 92 2
18332 # 1504
18332 # 1504
18332 # 1504
18332 # 1504
18332 # 1504
18333 # 1504
18333 + 92
18334 # 1504
18334 - 92 1
18335 # 1504
18336 # 1504
18336 + 92
18337 # 1504
18337 - 92 1
18340 + 92
18343 + 92
18346 + 92
18347 # 1504
18347 - 92 7
18347 - 92 4
18347 - 92 1
18347 # 1504
18347 # 1504
18347 # 1504
18347 # 1504
18347 # 1504
18347 # 1504
18347 # 1504
18348 # 1504
18349 # 1504
18349 + 92
18350 # 1504
18350 - 92 1
18351 # 1504
18353 + 92
18358 + 92
18359 + 92
18360 # 1504
18360 - 92 7
18360 - 92 2
18360 - 92 1
18360 # 1504
18360 # 1504
18361 # 1504
18361 # 1504
18361 # 1504
18361 # 1504
18361 # 1504
18361 # 1504
18363 + 92
18363 + 92
18367 + 92
18370 + 92
18372 # 1504
18372 - 92 9
18372 - 92 9
18372 - 92 5
18372 - 92 2
18375 # 1504
18375 # 1504
18376 # 1504
18376 # 1504
18376 # 1504
18376 # 1504
18376 # 1504
18379 + 92
18381 # 1504
18381 - 92 2
18381 # 1504
18381 # 1504
18381 # 1504
18381 + 92
18382 # 1504
18382 - 92 1
18383 # 1504
18384 + 92
18385 # 1504
18385 - 92 1
18386 # 1504
18386 + 92
18387 # 1504
18387 - 92 1
18388 # 1504
18388 + 92
18389 # 1504
18389 - 92 1
18390 # 1504
18397 + 92
18405 # 1504
18405 - 92 8
18405 # 1504
18405 # 1504
18405 # 1504
18405 # 1504
18410 + 92
18410 + 92
18412 # 1504
18412 - 92 2
18412 - 92 2
18412 # 1504
18413 # 1504
18413 # 1504
18415 # 1504
18419 + 92
18419 + 92
18421 # 1504
18421 - 92 2
18421 - 92 2
18421 # 1504
18421 # 1504
18421 # 1504
18421 # 1504
18429 + 92
18432 # 1504
18432 - 92 3
18432 # 1504
18432 # 1504
18438 + 92
18440 + 92
18440 + 92
18441 # 1504
18441 - 92 3
18441 - 92 1
18441 - 92 1
18441 # 1504
18442 # 1504
18443 # 1504
18449 # 1504
18449 # 1504
18449 # 1504
18449 # 1504
18450 + 92
18454 # 1504
18454 - 92 4
18454 # 1504
18458 # 1504
18459 # 1504
18459 # 1504
18459 # 1504
18459 + 92
18459 + 92
18462 # 1504
18462 - 92 3
18462 - 92 3
18464 # 1504
18464 + 92
18465 # 1504
18465 - 92 1
18466 + 92
18471 # 1504
18471 - 92 5
18479 + 92
18479 + 92
18481 # 1504
18481 - 92 2
18481 - 92 2
18481 # 1504
18481 # 1504
18481 # 1504
18482 + 92
18483 # 1504
18483 - 92 1
18483 # 1504
18485 # 1504
18485 + 92
18487 # 1504
18487 - 92 2
18493 # 1504
18498 # 1504
18498 + 92
18498 + 92
18499 + 92
18502 # 1504
18502 - 92 4
18502 - 92 4
18502 - 92 3
18502 + 92
18506 # 1504
18506 - 92 4
18506 + 92
18510 + 92
18512 # 1504
18512 - 92 6
18512 - 92 2
18514 + 92
18518 # 1504
18518 - 92 4
18520 + 92
18521 + 92
18526 + 92
18528 # 1504
18528 - 92 8
18528 - 92 7
18528 - 92 2
18528 + 92
18531 # 1504
18531 - 92 3
18533 + 92
18536 # 1504
18536 - 92 3
18539 + 92
18539 + 92
18544 # 1504
18544 - 92 5
18544 - 92 5
18549 + 92
18549 + 92
18549 + 92
18549 + 92
18551 # 1504
18551 - 92 2
18551 - 92 2
18551 - 92 2
18551 - 92 2
18556 # 1504
18559 + 92
18559 + 92
18562 # 1504
18562 - 92 3
18562 - 92 3
18568 + 92
18568 + 92
18568 + 92
18571 # 1504
18571 - 92 3
18571 - 92 3
18571 - 92 3
18575 # 1504
18578 + 92
18580 + 92
18581 + 92
18581 + 92
18582 # 1504
18582 - 92 4
18582 - 92 2
18582 - 92 1
18582 - 92 1
18589 + 92
18590 + 92
18591 + 92
18591 + 92
18595 + 92
18597 # 1504
18597 - 92 8
18597 - 92 7
18597 - 92 6
18597 - 92 6
18597 - 92 2
18597 # 1504
18598 + 92
18600 # 1504
18600 - 92 2
18604 # 1504
18609 + 92
18609 + 92
18609 + 92
18611 # 1504
18611 - 92 2
18611 - 92 2
18611 - 92 2
18615 # 1504
18618 + 92
18618 + 92
18618 + 92
18621 # 1504
18621 - 92 3
18621 - 92 3
18621 - 92 3
18625 # 1504
18629 # 1504
18629 + 92
18629 + 92
18629 + 92
18629 + 92
18631 + 92
18634 # 1504
18634 - 92 5
18634 - 92 5
18634 - 92 5
18634 - 92 5
18634 - 92 3
18634 + 92
18636 + 92
18639 # 1504
18639 - 92 5
18639 - 92 3
18640 + 92
18647 # 1504
18647 - 92 7
18650 # 1504
18650 + 92
18650 + 92
18651 + 92
18652 # 1504
18652 - 92 2
18652 - 92 2
18652 - 92 1
18657 # 1504
18658 + 92
18660 + 92
18660 + 92
18660 + 92
18661 # 1504
18661 - 92 3
18661 - 92 1
18661 - 92 1
18661 - 92 1
18665 # 1504
18668 + 92
18669 + 92
18670 # 1504
18670 - 92 2
18670 - 92 1
18672 + 92
18672 + 92
18675 # 1504
18675 - 92 3
18675 - 92 3
18678 # 1504
18679 + 92
18679 + 92
18679 + 92
18687 # 1504
18687 - 92 8
18687 - 92 8
18687 - 92 8
18688 + 92
18688 + 92
18690 + 92
18690 + 92
18690 + 92
18693 + 92
18696 # 1504
18696 - 92 8
18696 - 92 8
18696 - 92 6
18696 - 92 6
18696 - 92 6
18696 - 92 3
18696 # 1504
18696 # 1504
18696 + 92
18697 # 1504
18697 - 92 1
18698 + 92
18699 # 1504
18699 - 92 1
18702 # 1504
18708 + 92
18709 + 92
18709 + 92
18711 + 92
18712 + 92
18714 # 1504
18714 - 92 6
18714 - 92 5
18714 - 92 5
18714 - 92 3
18714 - 92 2
18714 # 1504
18714 # 1504
18714 # 1504
18716 # 1504
18717 + 92
18720 # 1504
18720 - 92 3
18720 + 92
18721 + 92
18723 # 1504
18723 - 92 3
18723 - 92 2
18725 # 1504
18729 + 92
18729 + 92
18729 + 92
18729 + 92
18734 # 1504
18734 - 92 5
18734 - 92 5
18734 - 92 5
18734 - 92 5
18734 # 1504
18734 # 1504
18737 # 1504
18740 # 1504
18740 + 92
18740 + 92
18740 + 92
18740 + 92
18740 + 92
18744 # 1504
18744 - 92 4
18744 - 92 4
18744 - 92 4
18744 - 92 4
18744 - 92 4
18748 + 92
18749 + 92
18749 + 92
18749 + 92
18756 # 1504
18756 - 92 8
18756 - 92 7
18756 - 92 7
18756 - 92 7
18756 # 1504
18756 # 1504
18756 # 1504
18756 # 1504
18758 + 92
18758 + 92
18758 + 92
18759 # 1504
18759 - 92 1
18759 - 92 1
18759 - 92 1
18760 + 92
18760 + 92
18761 # 1504
18761 - 92 1
18761 - 92 1
18762 # 1504
18764 # 1504
18766 + 92
18767 + 92
18767 + 92
18769 + 92
18771 + 92
18773 + 92
18774 # 1504
18774 - 92 8
18774 - 92 7
18774 - 92 7
18774 - 92 5
18774 - 92 3
18774 - 92 1
18774 # 1504
18774 # 1504
18774 # 1504
18775 + 92
18776 # 1504
18776 - 92 1
18777 + 92
18778 # 1504
18778 - 92 1
18779 + 92
18780 + 92
18782 # 1504
18782 - 92 3
18782 - 92 2
18784 # 1504
18784 + 92
18784 + 92
18785 # 1504
18785 - 92 1
18785 - 92 1
18787 + 92
18788 # 1504
18788 - 92 1
18788 + 92
18790 + 92
18791 # 1504
18791 - 92 3
18791 - 92 1
18792 + 92
18793 # 1504
18793 - 92 1
18794 + 92
18796 + 92
18798 + 92
18800 + 92
18801 # 1504
18801 - 92 7
18801 - 92 5
18801 - 92 3
18801 - 92 1
18801 # 1504
18802 # 1504
18802 # 1504
18802 + 92
18804 + 92
18806 + 92
18808 + 92
18809 # 1504
18809 - 92 7
18809 - 92 5
18809 - 92 3
18809 - 92 1
18809 # 1504
18810 # 1504
18810 + 92
18813 # 1504
18813 - 92 3
18817 # 1504
18818 # 1504
18819 + 92
18819 + 92
18819 + 92
18819 + 92
18819 + 92
18820 # 1504
18820 - 92 1
18820 - 92 1
18820 - 92 1
18820 - 92 1
18820 - 92 1
18822 # 1504
18824 + 92
18824 + 92
18825 + 92
18826 + 92
18828 + 92
18830 + 92
18832 # 1504
18832 - 92 8
18832 - 92 8
18832 - 92 7
18832 - 92 6
18832 - 92 4
18832 - 92 2
18832 # 1504
18832 # 1504
18832 # 1504
18834 # 1504
18836 # 1504
18838 # 1504
18840 # 1504
18840 + 92
18840 + 92
18840 + 92
18840 + 92
18840 + 92
18842 # 1504
18842 - 92 2
18842 - 92 2
18842 - 92 2
18842 - 92 2
18842 - 92 2
18848 + 92
18848 + 92
18848 + 92
18849 # 1504
18849 - 92 1
18849 - 92 1
18849 - 92 1
18849 # 1504
18849 # 1504
18850 + 92
18850 + 92
18851 # 1504
18851 - 92 1
18851 - 92 1
18854 # 1504
18854 # 1504
18856 # 1504
18858 # 1504
18859 + 92
18859 + 92
18859 + 92
18859 + 92
18860 # 1504
18860 - 92 1
18860 - 92 1
18860 - 92 1
18860 - 92 1
18862 # 1504
18864 # 1504
18866 # 1504
18870 + 92
18871 + 92
18871 + 92
18871 + 92
18871 + 92
18871 + 92
18874 + 92
18875 + 92
18876 + 92
18877 # 1504
18877 - 92 7
18877 - 92 6
18877 - 92 6
18877 - 92 6
18877 - 92 6
18877 - 92 6
18877 - 92 3
18877 - 92 2
18877 - 92 1
18877 # 1504
18877 # 1504
18877 # 1504
18877 # 1504
18878 + 92
18879 # 1504
18879 - 92 1
18881 # 1504
18881 + 92
18882 + 92
18883 # 1504
18883 - 92 2
18883 - 92 1
18884 + 92
18885 # 1504
18885 - 92 1
18886 + 92
18887 # 1504
18887 - 92 1
18888 + 92
18889 # 1504
18889 - 92 1
18891 # 1504
18892 # 1504
18897 + 92
18899 + 92
18899 + 92
18899 + 92
18899 + 92
18899 + 92
18904 # 1504
18904 - 92 7
18904 - 92 5
18904 - 92 5
18904 - 92 5
18904 - 92 5
18904 - 92 5
18904 # 1504
18904 # 1504
18904 # 1504
18904 # 1504
18904 # 1504
18909 + 92
18910 + 92
18910 + 92
18910 + 92
18910 + 92
18910 + 92
18915 # 1504
18915 - 92 6
18915 - 92 5
18915 - 92 5
18915 - 92 5
18915 - 92 5
18915 - 92 5
18915 # 1504
18915 # 1504
18915 # 1504
18916 # 1504
18916 # 1504
18918 # 1504
18920 # 1504
18920 + 92
18920 + 92
18922 # 1504
18922 - 92 2
18922 - 92 2
18922 + 92
18922 + 92
18922 + 92
18922 + 92
18922 + 92
18925 + 92
18927 + 92
18929 + 92
18930 # 1504
18930 - 92 8
18930 - 92 8
18930 - 92 8
18930 - 92 8
18930 - 92 8
18930 - 92 5
18930 - 92 3
18930 - 92 1
18930 # 1504
18930 # 1504
18931 # 1504
18931 + 92
18934 # 1504
18934 - 92 3
18935 + 92
18935 + 92
18936 # 1504
18936 - 92 1
18936 - 92 1
18937 # 1504
18939 + 92
18939 + 92
18940 # 1504
18940 - 92 1
18940 - 92 1
18941 + 92
18943 # 1504
18943 - 92 2
18945 + 92
18945 + 92
18947 + 92
18952 # 1504
18952 - 92 7
18952 - 92 7
18952 - 92 5
18952 # 1504
18952 # 1504
18952 # 1504
18955 # 1504
18955 # 1504
18957 # 1504
18959 # 1504
18962 # 1504
18965 # 1504
18965 # 1504
18966 # 1504
18969 # 1504
18970 # 1504
18972 # 1504
18973 # 1504
18975 # 1504
18977 # 1504
18979 # 1504
18982 # 1504
18982 # 1504
18984 # 1504
18986 # 1504
18988 # 1504
18991 # 1504
18993 # 1504
18994 # 1504
18994 + 92
18995 # 1504
18995 - 92 1
18996 + 92
18996 + 92
18997 # 1504
18997 - 92 1
18997 - 92 1
18997 + 92
18999 # 1504
18999 - 92 2
18999 + 92
19001 # 1504
19001 - 92 2
19003 # 1504
19004 # 1504
19006 # 1504
19008 # 1504
19010 + 92
19010 + 92
19010 + 92
19010 + 92
19010 + 92
19010 + 92
19011 # 1504
19011 - 92 1
19011 - 92 1
19011 - 92 1
19011 - 92 1
19011 - 92 1
19011 - 92 1
19011 # 1504
19016 # 1504
19016 # 1504
19018 # 1504
19019 # 1504
19021 # 1504
19022 # 1504
19024 # 1504
19026 # 1504
19028 # 1504
19032 # 1504
19032 # 1504
19033 # 1504
19035 # 1504
19036 # 1504
19042 # 1504
19043 # 1504
19043 # 1504
19044 # 1504
19046 # 1504
19048 # 1504
19050 # 1504
19051 # 1504
19053 # 1504
19055 # 1504
19056 + 92
19056 + 92
19057 # 1504
19057 - 92 1
19057 - 92 1
19058 + 92
19059 # 1504
19059 - 92 1
19060 # 1504
19060 + 92
19060 + 92
19063 + 92
19064 # 1504
19064 - 92 4
19064 - 92 4
19064 - 92 1
19064 # 1504
19066 # 1504
19069 + 92
19069 + 92
19069 + 92
19069 + 92
19071 # 1504
19071 - 92 2
19071 - 92 2
19071 - 92 2
19071 - 92 2
19071 # 1504
19071 # 1504
19071 + 92
19073 + 92
19073 + 92
19074 # 1504
19074 - 92 3
19074 - 92 1
19074 - 92 1
19075 # 1504
19076 # 1504
19077 + 92
19077 + 92
19077 + 92
19079 # 1504
19079 - 92 2
19079 - 92 2
19079 - 92 2
19079 + 92
19080 # 1504
19080 - 92 1
19081 + 92
19082 + 92
19083 # 1504
19083 - 92 2
19083 - 92 1
19083 + 92
19084 # 1504
19084 - 92 1
19085 # 1504
19085 + 92
19087 # 1504
19087 - 92 2
19089 # 1504
19092 # 1504
19093 # 1504
19094 # 1504
19096 # 1504
19097 # 1504
19099 # 1504
19100 # 1504
19102 # 1504
19108 # 1504
19108 # 1504
19108 # 1504
19109 # 1504
19111 # 1504
19113 # 1504
19114 # 1504
19116 # 1504
19117 # 1504
19117 + 92
19117 + 92
19119 # 1504
19119 - 92 2
19119 - 92 2
19119 + 92
19119 + 92
19120 # 1504
19120 - 92 1
19120 - 92 1
19121 + 92
19122 # 1504
19122 - 92 1
19123 + 92
19123 + 92
19125 # 1504
19125 - 92 2
19125 - 92 2
19125 + 92
19126 # 1504
19126 - 92 1
19126 + 92
19127 # 1504
19127 - 92 1
19128 # 1504
19129 + 92
19129 + 92
19131 # 1504
19131 - 92 2
19131 - 92 2
19131 + 92
19132 + 92
19132 + 92
19133 # 1504
19133 - 92 2
19133 - 92 1
19133 - 92 1
19134 # 1504
19135 + 92
19136 # 1504
19136 - 92 1
19137 # 1504
19137 + 92
19137 + 92
19138 + 92
19146 # 1504
19146 - 92 9
19146 - 92 9
19146 - 92 8
19146 # 1504
19147 # 1504
19147 # 1504
19147 # 1504
19149 # 1504
19149 + 92
19150 # 1504
19150 - 92 1
19150 + 92
19150 + 92
19150 + 92
19150 + 92
19150 + 92
19150 + 92
19150 + 92
19151 # 1504
19151 - 92 1
19151 - 92 1
19151 - 92 1
19151 - 92 1
19151 - 92 1
19151 - 92 1
19151 - 92 1
19152 + 92
19153 # 1504
19153 - 92 1
19154 # 1504
19155 + 92
19155 + 92
19157 # 1504
19157 - 92 2
19157 - 92 2
19157 + 92
19159 # 1504
19159 - 92 2
19159 # 1504
19159 + 92
19159 + 92
19161 # 1504
19161 - 92 2
19161 - 92 2
19163 # 1504
19164 # 1504
19170 + 92
19170 + 92
19170 + 92
19173 # 1504
19173 - 92 3
19173 - 92 3
19173 - 92 3
19174 # 1504
19174 # 1504
19174 # 1504
19174 # 1504
19174 + 92
19174 + 92
19174 + 92
19175 # 1504
19175 - 92 1
19175 - 92 1
19175 - 92 1
19175 + 92
19175 + 92
19175 + 92
19175 + 92
19177 # 1504
19177 - 92 2
19177 - 92 2
19177 - 92 2
19177 - 92 2
19178 # 1504
19180 # 1504
19182 # 1504
19183 # 1504
19185 # 1504
19185 + 92
19185 + 92
19185 + 92
19185 + 92
19185 + 92
19185 + 92
19186 # 1504
19186 - 92 1
19186 - 92 1
19186 - 92 1
19186 - 92 1
19186 - 92 1
19186 - 92 1
19187 + 92
19188 + 92
19189 # 1504
19189 - 92 2
19189 - 92 1
19189 # 1504
19190 + 92
19190 + 92
19192 # 1504
19192 - 92 2
19192 - 92 2
19192 + 92
19193 # 1504
19193 - 92 1
19194 + 92
19195 # 1504
19195 - 92 1
19196 # 1504
19196 + 92
19196 + 92
19198 # 1504
19198 - 92 2
19198 - 92 2
19198 + 92
19199 # 1504
19199 - 92 1
19201 # 1504
19203 # 1504
19204 # 1504
19206 # 1504
19208 # 1504
19209 # 1504
19210 + 92
19210 + 92
19210 + 92
19210 + 92
19211 # 1504
19211 - 92 1
19211 - 92 1
19211 - 92 1
19211 - 92 1
19212 + 92
19213 # 1504
19213 - 92 1
19213 + 92
19213 + 92
19213 + 92
19214 # 1504
19214 - 92 1
19214 - 92 1
19214 - 92 1
19215 + 92
19215 + 92
19217 # 1504
19217 - 92 2
19217 - 92 2
19217 + 92
19217 + 92
19218 # 1504
19218 - 92 1
19218 - 92 1
19220 # 1504
19221 # 1504
19223 # 1504
19226 # 1504
19226 # 1504
19228 # 1504
19229 # 1504
19229 + 92
19229 + 92
19229 + 92
19229 + 92
19229 + 92
19229 + 92
19229 + 92
19230 + 92
19231 # 1504
19231 - 92 2
19231 - 92 2
19231 - 92 2
19231 - 92 2
19231 - 92 2
19231 - 92 2
19231 - 92 2
19231 - 92 1
19233 # 1504
19234 # 1504
19236 # 1504
19237 # 1504
19239 # 1504
19240 # 1504
19240 + 92
19240 + 92
19241 + 92
19241 + 92
19241 + 92
19241 + 92
19243 # 1504
19243 - 92 3
19243 - 92 3
19243 - 92 2
19243 - 92 2
19243 - 92 2
19243 - 92 2
19244 # 1504
19245 # 1504
19247 # 1504
19249 # 1504
19249 + 92
19249 + 92
19250 # 1504
19250 - 92 1
19250 - 92 1
19252 # 1504
19252 + 92
19252 + 92
19252 + 92
19253 + 92
19253 + 92
19254 + 92
19255 # 1504
19255 - 92 3
19255 - 92 3
19255 - 92 3
19255 - 92 2
19255 - 92 2
19255 - 92 1
19255 # 1504
19257 # 1504
19257 + 92
19259 # 1504
19259 - 92 2
19259 + 92
19259 + 92
19261 # 1504
19261 - 92 2
19261 - 92 2
19262 # 1504
19262 + 92
19262 + 92
19263 # 1504
19263 - 92 1
19263 - 92 1
19265 # 1504
19267 # 1504
19268 # 1504
19268 + 92
19269 # 1504
19269 - 92 1
19269 + 92
19271 # 1504
19271 - 92 2
19274 # 1504
19274 # 1504
19274 + 92
19274 + 92
19275 + 92
19276 # 1504
19276 - 92 2
19276 - 92 2
19276 - 92 1
19277 # 1504
19277 + 92
19279 # 1504
19279 - 92 2
19279 + 92
19281 + 92
19281 + 92
19283 + 92
19285 # 1504
19285 - 92 6
19285 - 92 4
19285 - 92 4
19285 - 92 2
19285 # 1504
19285 # 1504
19285 + 92
19286 # 1504
19286 - 92 1
19287 # 1504
19287 + 92
19288 # 1504
19288 - 92 1
19289 + 92
19289 + 92
19290 # 1504
19290 - 92 1
19290 - 92 1
19291 # 1504
19292 # 1504
19293 # 1504
19298 + 92
19298 + 92
19300 + 92
19300 + 92
19300 + 92
19300 + 92
19303 + 92
19304 # 1504
19304 - 92 6
19304 - 92 6
19304 - 92 4
19304 - 92 4
19304 - 92 4
19304 - 92 4
19304 - 92 1
19304 # 1504
19304 # 1504
19304 # 1504
19304 # 1504
19304 # 1504
19304 + 92
19305 # 1504
19305 - 92 1
19306 + 92
19307 + 92
19309 + 92
19310 + 92
19312 + 92
19314 # 1504
19314 - 92 8
19314 - 92 7
19314 - 92 5
19314 - 92 4
19314 - 92 2
19314 # 1504
19314 # 1504
19314 # 1504
19314 + 92
19315 # 1504
19315 - 92 1
19315 # 1504
19315 # 1504
19315 # 1504
19315 + 92
19316 # 1504
19316 - 92 1
19317 + 92
19318 # 1504
19318 - 92 1
19318 + 92
19320 + 92
19321 # 1504
19321 - 92 3
19321 - 92 1
19322 # 1504
19323 # 1504
19323 + 92
19323 + 92
19324 # 1504
19324 - 92 1
19324 - 92 1
19325 + 92
19326 # 1504
19326 - 92 1
19326 + 92
19328 # 1504
19328 - 92 2
19328 + 92
19329 # 1504
19329 - 92 1
19330 + 92
19331 # 1504
19331 - 92 1
19331 + 92
19331 + 92
19332 # 1504
19332 - 92 1
19332 - 92 1
19333 + 92
19335 # 1504
19335 - 92 2
19335 + 92
19336 # 1504
19336 - 92 1
19337 # 1504
19337 + 92
19337 + 92
19339 # 1504
19339 - 92 2
19339 - 92 2
19340 # 1504
19342 # 1504
19344 # 1504
19345 # 1504
19347 # 1504
19347 + 92
19347 + 92
19347 + 92
19347 + 92
19347 + 92
19348 # 1504
19348 - 92 1
19348 - 92 1
19348 - 92 1
19348 - 92 1
19348 - 92 1
19349 + 92
19349 + 92
19350 # 1504
19350 - 92 1
19350 - 92 1
19351 + 92
19352 + 92
19353 # 1504
19353 - 92 2
19353 - 92 1
19354 # 1504
19355 # 1504
19355 + 92
19355 + 92
19356 # 1504
19356 - 92 1
19356 - 92 1
19357 + 92
19358 # 1504
19358 - 92 1
19358 + 92
19359 # 1504
19359 - 92 1
19360 + 92
19361 # 1504
19361 - 92 1
19362 + 92
19362 + 92
19363 # 1504
19363 - 92 1
19363 - 92 1
19364 # 1504
19364 + 92
19366 # 1504
19366 - 92 2
19366 + 92
19367 # 1504
19367 - 92 1
19370 # 1504
19371 # 1504
19372 # 1504
19373 + 92
19373 + 92
19374 # 1504
19374 - 92 1
19374 - 92 1
19376 # 1504
19377 # 1504
19379 + 92
19379 + 92
19379 + 92
19379 + 92
19379 + 92
19379 + 92
19380 # 1504
19380 - 92 1
19380 - 92 1
19380 - 92 1
19380 - 92 1
19380 - 92 1
19380 - 92 1
19381 # 1504
19382 # 1504
19384 # 1504
19385 # 1504
19387 # 1504
19388 # 1504
19390 # 1504
19390 + 92
19390 + 92
19390 + 92
19390 + 92
19390 + 92
19394 # 1504
19394 - 92 4
19394 - 92 4
19394 - 92 4
19394 - 92 4
19394 - 92 4
19395 # 1504
19396 # 1504
19398 # 1504
19399 # 1504
19399 + 92
19400 + 92
19400 + 92
19400 + 92
19400 + 92
19400 + 92
19401 # 1504
19401 - 92 2
19401 - 92 1
19401 - 92 1
19401 - 92 1
19401 - 92 1
19401 - 92 1
19403 # 1504
19407 # 1504
19408 # 1504
19408 + 92
19408 + 92
19409 # 1504
19409 - 92 1
19409 - 92 1
19410 # 1504
19411 # 1504
19412 # 1504
19412 + 92
19412 + 92
19412 + 92
19413 # 1504
19413 - 92 1
19413 - 92 1
19413 - 92 1
19415 # 1504
19416 # 1504
19417 # 1504
19419 + 92
19419 + 92
19420 + 92
19420 + 92
19420 + 92
19426 # 1504
19426 - 92 7
19426 - 92 7
19426 - 92 6
19426 - 92 6
19426 - 92 6
19427 # 1504
19427 # 1504
19427 # 1504
19428 + 92
19428 + 92
19428 + 92
19429 + 92
19431 + 92
19431 + 92
19433 + 92
19434 # 1504
19434 - 92 6
19434 - 92 6
19434 - 92 6
19434 - 92 5
19434 - 92 3
19434 - 92 3
19434 - 92 1
19434 # 1504
19434 # 1504
19434 # 1504
19434 # 1504
19434 # 1504
19435 + 92
19436 + 92
19438 + 92
19440 + 92
19440 + 92
19443 # 1504
19443 - 92 8
19443 - 92 7
19443 - 92 5
19443 - 92 3
19443 - 92 3
19443 # 1504
19443 # 1504
19443 + 92
19444 # 1504
19444 - 92 1
19444 # 1504
19444 # 1504
19445 + 92
19447 + 92
19447 + 92
19450 + 92
19453 # 1504
19453 - 92 8
19453 - 92 6
19453 - 92 6
19453 - 92 3
19455 # 1504
19455 # 1504
19456 # 1504
19458 # 1504
19458 # 1504
19459 # 1504
19459 # 1504
19459 + 92
19459 + 92
19460 # 1504
19460 - 92 1
19460 - 92 1
19460 + 92
19460 + 92
19461 # 1504
19461 - 92 1
19461 - 92 1
19461 + 92
19461 + 92
19465 # 1504
19465 - 92 4
19465 - 92 4
19467 # 1504
19467 # 1504
19469 # 1504
19470 # 1504
19471 + 92
19471 + 92
19471 + 92
19471 + 92
19471 + 92
19473 # 1504
19473 - 92 2
19473 - 92 2
19473 - 92 2
19473 - 92 2
19473 - 92 2
19476 # 1504
19477 # 1504
19478 + 92
19478 + 92
19478 + 92
19478 + 92
19478 + 92
19479 # 1504
19479 - 92 1
19479 - 92 1
19479 - 92 1
19479 - 92 1
19479 - 92 1
19479 + 92
19482 # 1504
19482 - 92 3
19485 # 1504
19487 # 1504
19489 # 1504
19491 # 1504
19491 + 92
19491 + 92
19492 + 92
19492 + 92
19492 + 92
19492 + 92
19492 + 92
19494 # 1504
19494 - 92 3
19494 - 92 3
19494 - 92 2
19494 - 92 2
19494 - 92 2
19494 - 92 2
19494 - 92 2
19494 + 92
19496 + 92
19497 + 92
19499 + 92
19504 # 1504
19504 - 92 10
19504 - 92 8
19504 - 92 7
19504 - 92 5
19504 # 1504
19505 # 1504
19505 # 1504
19506 # 1504
19508 # 1504
19508 + 92
19509 # 1504
19509 - 92 1
19509 + 92
19509 + 92
19509 + 92
19509 + 92
19510 # 1504
19510 - 92 1
19510 - 92 1
19510 - 92 1
19510 - 92 1
19512 # 1504
19516 # 1504
19516 # 1504
19518 # 1504
19518 + 92
19518 + 92
19518 + 92
19519 + 92
19520 # 1504
19520 - 92 2
19520 - 92 2
19520 - 92 2
19520 - 92 1
19522 # 1504
19524 # 1504
19526 # 1504
19528 # 1504
19529 # 1504
19530 + 92
19530 + 92
19530 + 92
19530 + 92
19532 + 92
19533 # 1504
19533 - 92 3
19533 - 92 3
19533 - 92 3
19533 - 92 3
19533 - 92 1
19534 + 92
19535 # 1504
19535 - 92 1
19536 + 92
19537 # 1504
19537 - 92 1
19537 + 92
19538 # 1504
19538 - 92 1
19540 # 1504
19540 + 92
19541 # 1504
19541 - 92 1
19542 + 92
19544 + 92
19547 + 92
19549 + 92
19550 + 92
19553 # 1504
19553 - 92 11
19553 - 92 9
19553 - 92 6
19553 - 92 4
19553 - 92 3
19553 # 1504
19553 # 1504
19553 # 1504
19553 # 1504
19553 # 1504
19554 # 1504
19554 + 92
19556 + 92
19557 # 1504
19557 - 92 3
19557 - 92 1
19558 + 92
19560 + 92
19561 + 92
19564 + 92
19568 # 1504
19568 - 92 10
19568 - 92 8
19568 - 92 7
19568 - 92 4
19568 # 1504
19568 # 1504
19568 # 1504
19568 # 1504
19568 # 1504
19569 # 1504
19571 # 1504
19572 + 92
19572 + 92
19572 + 92
19573 # 1504
19573 - 92 1
19573 - 92 1
19573 - 92 1
19574 + 92
19575 # 1504
19575 - 92 1
19576 + 92
19578 # 1504
19578 - 92 2
19578 + 92
19580 # 1504
19580 - 92 2
19580 + 92
19581 # 1504
19581 - 92 1
19582 + 92
19583 + 92
19584 # 1504
19584 - 92 2
19584 - 92 1
19585 # 1504
19586 + 92
19587 # 1504
19587 - 92 1
19588 # 1504
19589 + 92
19590 # 1504
19590 - 92 1
19591 + 92
19593 # 1504
19593 - 92 2
19595 # 1504
19596 # 1504
19597 # 1504
19599 + 92
19599 + 92
19599 + 92
19606 # 1504
19606 - 92 7
19606 - 92 7
19606 - 92 7
19606 # 1504
19606 + 92
19606 + 92
19606 + 92
19607 # 1504
19607 - 92 1
19607 - 92 1
19607 - 92 1
19607 # 1504
19607 # 1504
19610 # 1504
19611 # 1504
19611 + 92
19611 + 92
19612 # 1504
19612 - 92 1
19612 - 92 1
19612 + 92
19612 + 92
19614 # 1504
19614 - 92 2
19614 - 92 2
19614 + 92
19616 + 92
19617 # 1504
19617 - 92 3
19617 - 92 1
19618 # 1504
19618 + 92
19619 # 1504
19619 - 92 1
19620 + 92
19621 # 1504
19621 - 92 1
19622 # 1504
19622 + 92
19623 + 92
19624 # 1504
19624 - 92 2
19624 - 92 1
19626 # 1504
19626 + 92
19628 + 92
19629 # 1504
19629 - 92 3
19629 - 92 1
19629 # 1504
19629 + 92
19631 # 1504
19631 - 92 2
19632 # 1504
19636 # 1504
19637 # 1504
19639 # 1504
19639 + 92
19639 + 92
19639 + 92
19639 + 92
19639 + 92
19641 # 1504
19641 - 92 2
19641 - 92 2
19641 - 92 2
19641 - 92 2
19641 - 92 2
19641 + 92
19642 # 1504
19642 - 92 1
19643 + 92
19644 # 1504
19644 - 92 1
19644 + 92
19646 # 1504
19646 - 92 2
19646 + 92
19648 # 1504
19648 - 92 2
19649 + 92
19650 + 92
19653 + 92
19655 + 92
19657 + 92
19657 + 92
19659 # 1504
19659 - 92 10
19659 - 92 9
19659 - 92 6
19659 - 92 4
19659 - 92 2
19659 - 92 2
19659 # 1504
19659 # 1504
19659 # 1504
19659 + 92
19660 # 1504
19660 - 92 1
19660 # 1504
19661 # 1504
19662 + 92
19663 # 1504
19663 - 92 1
19663 + 92
19666 # 1504
19666 - 92 3
19666 # 1504
19666 + 92
19666 + 92
19668 # 1504
19668 - 92 2
19668 - 92 2
19670 # 1504
19671 + 92
19673 # 1504
19673 - 92 2
19673 + 92
19674 # 1504
19674 - 92 1
19675 # 1504
19676 # 1504
19678 # 1504
19679 + 92
19679 + 92
19679 + 92
19679 + 92
19679 + 92
19681 # 1504
19681 - 92 2
19681 - 92 2
19681 - 92 2
19681 - 92 2
19681 - 92 2
19681 # 1504
19681 + 92
19683 # 1504
19683 - 92 2
19683 + 92
19687 # 1504
19687 - 92 4
19687 # 1504
19688 # 1504
19690 # 1504
19691 # 1504
19691 + 92
19693 + 92
19693 + 92
19693 + 92
19693 + 92
19695 # 1504
19695 - 92 4
19695 - 92 2
19695 - 92 2
19695 - 92 2
19695 - 92 2
19695 # 1504
19696 # 1504
19698 # 1504
19699 # 1504
19701 # 1504
19701 + 92
19701 + 92
19702 + 92
19702 + 92
19704 # 1504
19704 - 92 3
19704 - 92 3
19704 - 92 2
19704 - 92 2
19707 # 1504
19707 # 1504
19708 # 1504
19708 + 92
19709 # 1504
19709 - 92 1
19710 + 92
19710 + 92
19710 + 92
19710 + 92
19710 + 92
19711 # 1504
19711 - 92 1
19711 - 92 1
19711 - 92 1
19711 - 92 1
19711 - 92 1
19713 # 1504
19714 # 1504
19715 + 92
19715 + 92
19715 + 92
19716 + 92
19718 # 1504
19718 - 92 3
19718 - 92 3
19718 - 92 3
19718 - 92 2
19718 # 1504
19718 + 92
19719 # 1504
19719 - 92 1
19719 + 92
19720 # 1504
19720 - 92 1
19722 # 1504
19722 + 92
19722 + 92
19726 # 1504
19726 - 92 4
19726 - 92 4
19726 # 1504
19727 # 1504
19729 # 1504
19730 # 1504
19732 # 1504
19732 + 92
19732 + 92
19732 + 92
19733 + 92
19734 # 1504
19734 - 92 2
19734 - 92 2
19734 - 92 2
19734 - 92 1
19735 # 1504
19735 + 92
19735 + 92
19736 + 92
19737 # 1504
19737 - 92 2
19737 - 92 2
19737 - 92 1
19739 # 1504
19739 + 92
19740 # 1504
19740 - 92 1
19740 + 92
19740 + 92
19743 # 1504
19743 - 92 3
19743 - 92 3
19743 # 1504
19745 # 1504
19748 # 1504
19748 # 1504
19750 # 1504
19751 # 1504
19752 + 92
19752 + 92
19752 + 92
19752 + 92
19752 + 92
19754 + 92
19755 # 1504
19755 - 92 3
19755 - 92 3
19755 - 92 3
19755 - 92 3
19755 - 92 3
19755 - 92 1
19755 # 1504
19756 + 92
19758 + 92
19760 # 1504
19760 - 92 4
19760 - 92 2
19760 # 1504
19761 + 92
19762 # 1504
19762 - 92 1
19762 + 92
19763 # 1504
19763 - 92 1
19764 # 1504
19766 # 1504
19767 # 1504
19769 # 1504
19770 # 1504
19772 # 1504
19774 # 1504
19776 + 92
19776 + 92
19776 + 92
19778 + 92
19779 # 1504
19779 - 92 3
19779 - 92 3
19779 - 92 3
19779 - 92 1
19779 # 1504
19779 + 92
19780 # 1504
19780 - 92 1
19781 + 92
19782 # 1504
19782 - 92 1
19783 # 1504
19784 + 92
19785 # 1504
19785 - 92 1
19785 + 92
19786 # 1504
19786 - 92 1
19788 # 1504
19790 # 1504
19790 # 1504
19795 + 92
19795 + 92
19795 + 92
19795 + 92
19797 + 92
19799 + 92
19801 + 92
19803 + 92
19806 + 92
19810 + 92
19810 + 92
19812 # 1504
19812 - 92 17
19812 - 92 17
19812 - 92 17
19812 - 92 17
19812 - 92 15
19812 - 92 13
19812 - 92 11
19812 - 92 9
19812 - 92 6
19812 - 92 2
19812 - 92 2
19812 # 1504
19813 # 1504
19813 # 1504
19813 # 1504
19813 # 1504
19813 # 1504
19813 # 1504
19813 # 1504
19813 # 1504
19813 # 1504
19813 + 92
19814 # 1504
19814 - 92 1
19814 # 1504
19815 + 92
19816 + 92
19819 + 92
19820 # 1504
19820 - 92 5
19820 - 92 4
19820 - 92 1
19820 # 1504
19822 + 92
19824 + 92
19827 + 92
19828 + 92
19830 + 92
19832 # 1504
19832 - 92 10
19832 - 92 8
19832 - 92 5
19832 - 92 4
19832 - 92 2
19832 # 1504
19832 # 1504
19832 # 1504
19833 # 1504
19833 # 1504
19833 # 1504
19833 # 1504
19833 + 92
19835 + 92
19837 # 1504
19837 - 92 4
19837 - 92 2
19837 # 1504
19837 # 1504
19837 # 1504
19837 # 1504
19837 + 92
19838 # 1504
19838 - 92 1
19839 # 1504
19840 # 1504
19840 + 92
19841 # 1504
19841 - 92 1
19842 + 92
19843 + 92
19847 # 1504
19847 - 92 5
19847 - 92 4
19847 # 1504
19847 + 92
19848 # 1504
19848 - 92 1
19848 # 1504
19848 + 92
19850 + 92
19853 + 92
19855 + 92
19859 + 92
19859 + 92
19861 + 92
19867 # 1504
19867 - 92 19
19867 - 92 17
19867 - 92 14
19867 - 92 12
19867 - 92 8
19867 - 92 8
19867 - 92 6
19870 # 1504
19870 # 1504
19870 # 1504
19870 # 1504
19870 # 1504
19870 # 1504
19870 # 1504
19870 # 1504
19872 # 1504
19874 + 92
19874 + 92
19874 + 92
19874 + 92
19874 + 92
19876 # 1504
19876 - 92 2
19876 - 92 2
19876 - 92 2
19876 - 92 2
19876 - 92 2
19876 # 1504
19876 + 92
19877 # 1504
19877 - 92 1
19877 + 92
19879 + 92
19880 # 1504
19880 - 92 3
19880 - 92 1
19881 # 1504
19881 + 92
19882 # 1504
19882 - 92 1
19883 + 92
19884 # 1504
19884 - 92 1
19885 # 1504
19886 + 92
19887 # 1504
19887 - 92 1
19888 # 1504
19888 + 92
19890 + 92
19891 # 1504
19891 - 92 3
19891 - 92 1
19891 # 1504
19892 + 92
19893 # 1504
19893 - 92 1
19894 + 92
19895 # 1504
19895 - 92 1
19897 + 92
19899 + 92
19901 + 92
19903 + 92
19904 + 92
19907 + 92
19910 + 92
19910 + 92
19920 # 1504
19920 - 92 23
19920 - 92 21
19920 - 92 19
19920 - 92 17
19920 - 92 16
19920 - 92 13
19920 - 92 10
19920 - 92 10
19920 # 1504
19920 # 1504
19920 # 1504
19920 # 1504
19920 # 1504
19920 # 1504
19920 # 1504
19921 # 1504
19921 # 1504
19921 # 1504
19921 # 1504
19921 # 1504
19921 # 1504
19921 # 1504
19922 # 1504
19922 + 92
19922 + 92
19922 + 92
19922 + 92
19922 + 92
19923 # 1504
19923 - 92 1
19923 - 92 1
19923 - 92 1
19923 - 92 1
19923 - 92 1
19924 # 1504
19927 # 1504
19928 # 1504
19929 # 1504
19931 # 1504
19931 + 92
19931 + 92
19932 # 1504
19932 - 92 1
19932 - 92 1
19932 + 92
19932 + 92
19934 + 92
19934 + 92
19937 + 92
19938 + 92
19940 # 1504
19940 - 92 8
19940 - 92 8
19940 - 92 6
19940 - 92 6
19940 - 92 3
19940 - 92 2
19940 # 1504
19940 # 1504
19940 # 1504
19941 # 1504
19941 + 92
19942 # 1504
19942 - 92 1
19946 # 1504
19946 # 1504
19952 + 92
19952 + 92
19952 + 92
19952 + 92
19952 + 92
19957 # 1504
19957 - 92 5
19957 - 92 5
19957 - 92 5
19957 - 92 5
19957 - 92 5
19957 # 1504
19957 # 1504
19957 # 1504
19957 # 1504
19957 # 1504
19957 # 1504
19961 + 92
19963 + 92
19963 + 92
19963 + 92
19972 + 92
19973 # 1504
19973 - 92 12
19973 - 92 10
19973 - 92 10
19973 - 92 10
19973 - 92 1
19973 # 1504
19974 # 1504
19974 # 1504
19974 # 1504
19976 + 92
19976 + 92
19976 + 92
19976 + 92
19976 + 92
19976 + 92
19979 # 1504
19979 - 92 3
19979 - 92 3
19979 - 92 3
19979 - 92 3
19979 - 92 3
19979 - 92 3
19979 # 1504
19979 # 1504
19979 # 1504
19979 # 1504
19979 # 1504
19979 # 1504
19979 # 1504
19979 + 92
19980 # 1504
19980 - 92 1
19981 # 1504
19981 + 92
19982 # 1504
19982 - 92 1
19982 + 92
19983 # 1504
19983 - 92 1
19984 # 1504
19986 # 1504
19987 # 1504
19989 # 1504
19992 + 92
19992 + 92
19992 + 92
19992 + 92
19993 + 92
19993 + 92
19996 + 92
19998 + 92
19998 + 92
20001 + 92
20011 # 1504
20011 - 92 19
20011 - 92 19
20011 - 92 19
20011 - 92 19
20011 - 92 18
20011 - 92 18
20011 - 92 15
20011 - 92 13
20011 - 92 13
20011 - 92 10
20011 # 1504
20011 # 1504
20011 # 1504
20011 # 1504
20011 # 1504
20011 + 92
20011 + 92
20012 # 1504
20012 - 92 1
20012 - 92 1
20012 # 1504
20012 # 1504
20012 # 1504
20012 # 1504
20012 # 1504
20012 # 1504
20012 + 92
20015 + 92
20015 + 92
20015 + 92
20018 + 92
20018 + 92
20020 + 92
20021 # 1504
20021 - 92 9
20021 - 92 6
20021 - 92 6
20021 - 92 6
20021 - 92 3
20021 - 92 3
20021 - 92 1
20022 # 1504
20024 + 92
20027 + 92
20029 # 1504
20029 - 92 5
20029 - 92 2
20029 # 1504
20029 # 1504
20029 # 1504
20029 # 1504
20029 # 1504
20029 # 1504
20029 + 92
20030 + 92
20032 + 92
20034 + 92
20035 # 1504
20035 - 92 6
20035 - 92 5
20035 - 92 3
20035 - 92 1
20036 + 92
20038 # 1504
20038 - 92 2
20038 + 92
20040 # 1504
20040 - 92 2
20040 # 1504
20040 + 92
20041 + 92
20042 # 1504
20042 - 92 2
20042 - 92 1
20043 # 1504
20048 # 1504
20049 # 1504
20049 # 1504
20050 + 92
20052 + 92
20054 + 92
20054 + 92
20054 + 92
20054 + 92
20057 # 1504
20057 - 92 7
20057 - 92 5
20057 - 92 3
20057 - 92 3
20057 - 92 3
20057 - 92 3
20057 # 1504
20057 # 1504
20057 # 1504
20057 # 1504
20057 + 92
20058 # 1504
20058 - 92 1
20058 # 1504
20058 # 1504
20059 + 92
20059 + 92
20062 + 92
20068 # 1504
20068 - 92 9
20068 - 92 9
20068 - 92 6
20068 # 1504
20068 # 1504
20068 # 1504
20068 # 1504
20068 # 1504
20068 # 1504
20081 # 1504
20081 # 1504
20081 # 1504
20081 # 1504
20081 # 1504
20081 # 1504
20082 # 1504
20082 # 1504
20082 # 1504
20082 # 1504
20082 # 1504
20082 # 1504
20082 + 92
20082 + 92
20082 + 92
20082 + 92
20082 + 92
20082 + 92
20082 + 92
20082 + 92
20083 # 1504
20083 - 92 1
20083 - 92 1
20083 - 92 1
20083 - 92 1
20083 - 92 1
20083 - 92 1
20083 - 92 1
20083 - 92 1
20083 + 92
20086 # 1504
20086 - 92 3
20086 # 1504
20086 # 1504
20087 # 1504
20090 # 1504
20092 + 92
20092 + 92
20092 + 92
20092 + 92
20092 + 92
20093 # 1504
20093 - 92 1
20093 - 92 1
20093 - 92 1
20093 - 92 1
20093 - 92 1
20102 + 92
20102 + 92
20102 + 92
20102 + 92
20110 # 1504
20110 - 92 8
20110 - 92 8
20110 - 92 8
20110 - 92 8
20111 # 1504
20111 # 1504
20111 # 1504
20111 # 1504
20111 # 1504
20111 # 1504
20111 + 92
20111 + 92
20111 + 92
20111 + 92
20112 # 1504
20112 - 92 1
20112 - 92 1
20112 - 92 1
20112 - 92 1
20112 + 92
20113 + 92
20114 # 1504
20114 - 92 2
20114 - 92 1
20116 + 92
20117 # 1504
20117 - 92 1
20117 # 1504
20118 # 1504
20118 + 92
20119 # 1504
20119 - 92 1
20121 # 1504
20121 + 92
20122 # 1504
20122 - 92 1
20125 + 92
20132 + 92
20132 + 92
20132 + 92
20132 + 92
20133 # 1504
20133 - 92 8
20133 - 92 1
20133 - 92 1
20133 - 92 1
20133 - 92 1
20133 # 1504
20134 + 92
20135 + 92
20137 # 1504
20137 - 92 3
20137 - 92 2
20137 # 1504
20138 # 1504
20138 # 1504
20138 # 1504
20138 # 1504
20138 # 1504
20138 + 92
20138 + 92
20139 # 1504
20139 - 92 1
20139 - 92 1
20140 # 1504
20140 + 92
20142 + 92
20143 # 1504
20143 - 92 3
20143 - 92 1
20144 # 1504
20146 # 1504
20146 # 1504
20149 # 1504
20149 # 1504
20150 # 1504
20151 + 92
20151 + 92
20151 + 92
20152 # 1504
20152 - 92 1
20152 - 92 1
20152 - 92 1
20153 # 1504
20153 + 92
20153 + 92
20154 + 92
20158 # 1504
20158 - 92 5
20158 - 92 5
20158 - 92 4
20158 # 1504
20158 # 1504
20158 + 92
20159 # 1504
20159 - 92 1
20160 + 92
20161 # 1504
20161 - 92 1
20161 + 92
20163 # 1504
20163 - 92 2
20163 + 92
20164 # 1504
20164 - 92 1
20165 # 1504
20165 + 92
20167 # 1504
20167 - 92 2
20168 # 1504
20169 + 92
20169 + 92
20170 # 1504
20170 - 92 1
20170 - 92 1
20171 # 1504
20174 # 1504
20174 # 1504
20179 # 1504
20179 # 1504
20179 # 1504
20181 # 1504
20182 + 92
20182 + 92
20183 # 1504
20183 - 92 1
20183 - 92 1
20184 + 92
20187 + 92
20187 + 92
20187 + 92
20193 # 1504
20193 - 92 9
20193 - 92 6
20193 - 92 6
20193 - 92 6
20193 + 92
20193 + 92
20194 # 1504
20194 - 92 1
20194 - 92 1
20194 # 1504
20194 # 1504
20194 + 92
20194 + 92
20194 + 92
20197 # 1504
20197 - 92 3
20197 - 92 3
20197 - 92 3
20197 + 92
20199 + 92
20202 # 1504
20202 - 92 5
20202 - 92 3
20202 # 1504
20202 # 1504
20202 + 92
20205 # 1504
20205 - 92 3
20207 # 1504
20209 # 1504
20212 # 1504
20212 + 92
20212 + 92
20213 + 92
20213 + 92
20214 # 1504
20214 - 92 2
20214 - 92 2
20214 - 92 1
20214 - 92 1
20215 + 92
20217 + 92
20218 # 1504
20218 - 92 3
20218 - 92 1
20219 # 1504
20219 # 1504
20221 # 1504
20221 + 92
20221 + 92
20225 # 1504
20225 - 92 4
20225 - 92 4
20227 # 1504
20228 # 1504
20231 # 1504
20232 # 1504
20233 + 92
20233 + 92
20233 + 92
20234 # 1504
20234 - 92 1
20234 - 92 1
20234 - 92 1
20234 + 92
20234 + 92
20236 # 1504
20236 - 92 2
20236 - 92 2
20237 + 92
20239 # 1504
20239 - 92 2
20243 # 1504
20244 # 1504
20246 # 1504
20247 + 92
20247 + 92
20247 + 92
20249 # 1504
20249 - 92 2
20249 - 92 2
20249 - 92 2
20249 + 92
20251 + 92
20252 # 1504
20252 - 92 3
20252 - 92 1
20252 + 92
20253 # 1504
20253 - 92 1
20254 + 92
20258 + 92
20260 # 1504
20260 - 92 6
20260 - 92 2
20260 # 1504
20260 + 92
20261 # 1504
20261 - 92 1
20262 # 1504
20264 # 1504
20266 # 1504
20269 + 92
20269 + 92
20270 # 1504
20270 - 92 1
20270 - 92 1
20271 # 1504
20274 # 1504
20276 # 1504
20277 + 92
20277 + 92
20277 + 92
20278 # 1504
20278 - 92 1
20278 - 92 1
20278 - 92 1
20279 # 1504
20280 + 92
20281 # 1504
20281 - 92 1
20282 + 92
20284 # 1504
20284 - 92 2
20284 + 92
20285 # 1504
20285 - 92 1
20287 # 1504
20290 # 1504
20293 # 1504
20297 # 1504
20298 # 1504
20298 + 92
20298 + 92
20300 # 1504
20300 - 92 2
20300 - 92 2
20300 + 92
20301 + 92
20301 + 92
20302 # 1504
20302 - 92 2
20302 - 92 1
20302 - 92 1
20303 + 92
20304 # 1504
20304 - 92 1
20305 + 92
20306 # 1504
20306 - 92 1
20308 # 1504
20308 + 92
20311 # 1504
20311 - 92 3
20311 + 92
20312 # 1504
20312 - 92 1
20314 + 92
20316 # 1504
20316 - 92 2
20316 + 92
20317 # 1504
20317 - 92 1
20319 # 1504
20322 # 1504
20324 # 1504
20326 + 92
20326 + 92
20326 + 92
20327 # 1504
20327 - 92 1
20327 - 92 1
20327 - 92 1
20327 + 92
20328 # 1504
20328 - 92 1
20329 + 92
20331 + 92
20332 + 92
20335 + 92
20338 + 92
20340 # 1504
20340 - 92 11
20340 - 92 9
20340 - 92 8
20340 - 92 5
20340 - 92 2
20341 # 1504
20341 # 1504
20341 # 1504
20341 # 1504
20341 # 1504
20341 + 92
20343 # 1504
20343 - 92 2
20343 + 92
20344 # 1504
20344 - 92 1
20345 # 1504
20346 + 92
20347 # 1504
20347 - 92 1
20349 # 1504
20349 + 92
20350 + 92
20351 # 1504
20351 - 92 2
20351 - 92 1
20353 + 92
20354 # 1504
20354 - 92 1
20356 + 92
20357 # 1504
20357 - 92 1
20358 # 1504
20358 + 92
20361 # 1504
20361 - 92 3
20361 + 92
20363 # 1504
20363 - 92 2
20363 + 92
20365 + 92
20367 # 1504
20367 - 92 4
20367 - 92 2
20368 # 1504
20369 # 1504
20369 + 92
20371 # 1504
20371 - 92 2
20371 + 92
20373 # 1504
20373 - 92 2
20373 + 92
20376 # 1504
20376 - 92 3
20377 + 92
20379 # 1504
20379 - 92 2
20379 + 92
20379 + 92
20380 # 1504
20380 - 92 1
20380 - 92 1
20382 # 1504
20382 + 92
20386 # 1504
20386 - 92 4
20388 # 1504
20389 # 1504
20391 # 1504
20392 + 92
20392 + 92
20392 + 92
20392 + 92
20393 # 1504
20393 - 92 1
20393 - 92 1
20393 - 92 1
20393 - 92 1
20394 + 92
20396 # 1504
20396 - 92 2
20396 + 92
20398 + 92
20399 # 1504
20399 - 92 3
20399 - 92 1
20401 # 1504
20401 + 92
20401 + 92
20403 # 1504
20403 - 92 2
20403 - 92 2
20405 # 1504
20410 # 1504
20410 # 1504
20412 # 1504
20412 + 92
20412 + 92
20412 + 92
20412 + 92
20413 # 1504
20413 - 92 1
20413 - 92 1
20413 - 92 1
20413 - 92 1
20414 + 92
20415 # 1504
20415 - 92 1
20416 + 92
20418 # 1504
20418 - 92 2
20419 # 1504
20420 # 1504
20422 # 1504
20425 # 1504
20426 # 1504
20426 + 92
20428 # 1504
20428 - 92 2
20428 + 92
20428 + 92
20430 # 1504
20430 - 92 2
20430 - 92 2
20431 + 92
20432 # 1504
20432 - 92 1
20434 # 1504
20437 # 1504
20438 # 1504
20439 # 1504
20439 + 92
20440 + 92
20442 # 1504
20442 - 92 3
20442 - 92 2
20442 + 92
20444 + 92
20445 # 1504
20445 - 92 3
20445 - 92 1
20446 # 1504
20448 # 1504
20448 + 92
20451 # 1504
20451 - 92 3
20451 # 1504
20451 + 92
20456 # 1504
20456 - 92 5
20456 # 1504
20457 # 1504
20458 # 1504
20458 + 92
20458 + 92
20460 + 92
20462 # 1504
20462 - 92 4
20462 - 92 4
20462 - 92 2
20462 # 1504
20462 + 92
20464 + 92
20466 # 1504
20466 - 92 4
20466 - 92 2
20466 # 1504
20466 + 92
20468 # 1504
20468 - 92 2
20470 # 1504
20472 # 1504
20473 # 1504
20474 # 1504
20476 # 1504
20480 # 1504
20480 # 1504
20480 + 92
20480 + 92
20480 + 92
20480 + 92
20481 # 1504
20481 - 92 1
20481 - 92 1
20481 - 92 1
20481 - 92 1
20482 + 92
20484 # 1504
20484 - 92 2
20485 # 1504
20485 + 92
20487 # 1504
20487 - 92 2
20489 + 92
20489 + 92
20492 + 92
20495 + 92
20497 # 1504
20497 - 92 8
20497 - 92 8
20497 - 92 5
20497 - 92 2
20498 # 1504
20498 + 92
20499 # 1504
20499 - 92 1
20499 + 92
20501 # 1504
20501 - 92 2
20501 # 1504
20502 # 1504
20503 # 1504
20504 # 1504
20504 # 1504
20504 + 92
20510 # 1504
20510 - 92 6
20512 + 92
20513 # 1504
20513 - 92 1
20513 + 92
20513 + 92
20514 # 1504
20514 - 92 1
20514 - 92 1
20515 # 1504
20515 + 92
20517 + 92
20518 # 1504
20518 - 92 3
20518 - 92 1
20519 # 1504
20520 # 1504
20522 # 1504
20525 # 1504
20529 # 1504
20529 + 92
20529 + 92
20529 + 92
20531 + 92
20533 + 92
20536 # 1504
20536 - 92 7
20536 - 92 7
20536 - 92 7
20536 - 92 5
20536 - 92 3
20536 + 92
20538 + 92
20540 + 92
20542 + 92
20544 + 92
20547 + 92
20547 + 92
20549 # 1504
20549 - 92 13
20549 - 92 11
20549 - 92 9
20549 - 92 7
20549 - 92 5
20549 - 92 2
20549 - 92 2
20549 # 1504
20550 + 92
20551 # 1504
20551 - 92 1
20551 # 1504
20552 + 92
20554 # 1504
20554 - 92 2
20554 # 1504
20555 + 92
20556 + 92
20558 # 1504
20558 - 92 3
20558 - 92 2
20565 + 92
20566 # 1504
20566 - 92 1
20568 + 92
20568 + 92
20568 + 92
20568 + 92
20570 + 92
20572 # 1504
20572 - 92 4
20572 - 92 4
20572 - 92 4
20572 - 92 4
20572 - 92 2
20572 + 92
20573 # 1504
20573 - 92 1
20573 # 1504
20573 # 1504
20573 # 1504
20574 # 1504
20578 + 92
20578 + 92
20579 # 1504
20579 - 92 1
20579 - 92 1
20580 + 92
20582 + 92
20585 # 1504
20585 - 92 5
20585 - 92 3
20586 + 92
20589 + 92
20591 # 1504
20591 - 92 5
20591 - 92 2
20591 + 92
20591 + 92
20597 + 92
20597 + 92
20598 # 1504
20598 - 92 7
20598 - 92 7
20598 - 92 1
20598 - 92 1
20599 + 92
20600 + 92
20603 + 92
20605 # 1504
20605 - 92 6
20605 - 92 5
20605 - 92 2
20605 + 92
20608 + 92
20610 + 92
20611 # 1504
20611 - 92 6
20611 - 92 3
20611 - 92 1
20613 + 92
20614 + 92
20616 # 1504
20616 - 92 3
20616 - 92 2
20616 + 92
20619 # 1504
20619 - 92 3
20622 + 92
20622 + 92
20622 + 92
20624 # 1504
20624 - 92 2
20624 - 92 2
20624 - 92 2
20625 + 92
20627 + 92
20630 # 1504
20630 - 92 5
20630 - 92 3
20630 + 92
20632 + 92
20633 + 92
20634 # 1504
20634 - 92 4
20634 - 92 2
20634 - 92 1
20636 + 92
20638 # 1504
20638 - 92 2
20638 + 92
20639 + 92
20641 + 92
20642 # 1504
20642 - 92 4
20642 - 92 3
20642 - 92 1
20644 + 92
20647 + 92
20649 + 92
20650 + 92
20651 # 1504
20651 - 92 7
20651 - 92 4
20651 - 92 2
20651 - 92 1
20652 + 92
20654 + 92
20656 + 92
20661 # 1504
20661 - 92 9
20661 - 92 7
20661 - 92 5
20663 # 1504
20666 + 92
20666 + 92
20666 + 92
20666 + 92
20667 + 92
20669 + 92
20671 # 1504
20671 - 92 5
20671 - 92 5
20671 - 92 5
20671 - 92 5
20671 - 92 4
20671 - 92 2
20671 # 1504
20671 + 92
20672 + 92
20674 # 1504
20674 - 92 3
20674 - 92 2
20675 # 1504
20677 # 1504
20678 + 92
20678 + 92
20678 + 92
20680 + 92
20681 # 1504
20681 - 92 3
20681 - 92 3
20681 - 92 3
20681 - 92 1
20681 + 92
20682 # 1504
20682 - 92 1
20684 + 92
20687 # 1504
20687 - 92 3
20687 + 92
20690 + 92
20691 # 1504
20691 - 92 4
20691 - 92 1
20691 + 92
20693 + 92
20694 # 1504
20694 - 92 3
20694 - 92 1
20695 + 92
20696 # 1504
20696 - 92 1
20700 # 1504
20705 + 92
20705 + 92
20707 + 92
20707 + 92
20707 + 92
20709 + 92
20711 + 92
20713 + 92
20715 + 92
20718 + 92
20721 + 92
20721 + 92
20723 + 92
20732 # 1504
20732 - 92 27
20732 - 92 27
20732 - 92 25
20732 - 92 25
20732 - 92 25
20732 - 92 23
20732 - 92 21
20732 - 92 19
20732 - 92 17
20732 - 92 14
20732 - 92 11
20732 - 92 11
20732 - 92 9
20732 # 1504
20732 # 1504
20732 # 1504
20732 # 1504
20733 # 1504
20733 # 1504
20733 # 1504
20733 # 1504
20733 # 1504
20733 + 92
20735 # 1504
20735 - 92 2
20737 # 1504
20737 + 92
20738 # 1504
20738 - 92 1
20738 + 92
20742 + 92
20742 + 92
20742 + 92
20743 # 1504
20743 - 92 5
20743 - 92 1
20743 - 92 1
20743 - 92 1
20748 # 1504
20751 + 92
20751 + 92
20751 + 92
20751 + 92
20753 + 92
20753 + 92
20754 # 1504
20754 - 92 3
20754 - 92 3
20754 - 92 3
20754 - 92 3
20754 - 92 1
20754 - 92 1
20756 # 1504
20759 # 1504
20761 # 1504
20761 + 92
20763 # 1504
20763 - 92 2
20763 + 92
20763 + 92
20763 + 92
20765 + 92
20767 + 92
20768 # 1504
20768 - 92 5
20768 - 92 5
20768 - 92 5
20768 - 92 3
20768 - 92 1
20769 + 92
20770 # 1504
20770 - 92 1
20772 # 1504
20774 + 92
20777 + 92
20779 # 1504
20779 - 92 5
20779 - 92 2
20780 + 92
20780 + 92
20781 + 92
20786 + 92
20786 + 92
20788 # 1504
20788 - 92 8
20788 - 92 8
20788 - 92 7
20788 - 92 2
20788 - 92 2
20788 # 1504
20788 + 92
20790 + 92
20792 + 92
20793 # 1504
20793 - 92 5
20793 - 92 3
20793 - 92 1
20794 # 1504
20796 # 1504
20799 # 1504
20801 # 1504
20801 + 92
20802 + 92
20802 + 92
20802 + 92
20812 + 92
20813 + 92
20813 + 92
20813 + 92
20813 + 92
20817 # 1504
20817 - 92 16
20817 - 92 15
20817 - 92 15
20817 - 92 15
20817 - 92 5
20817 - 92 4
20817 - 92 4
20817 - 92 4
20817 - 92 4
20817 # 1504
20817 # 1504
20817 # 1504
20817 # 1504
20817 # 1504
20817 # 1504
20820 # 1504
20822 # 1504
20822 + 92
20822 + 92
20822 + 92
20822 + 92
20822 + 92
20824 # 1504
20824 - 92 2
20824 - 92 2
20824 - 92 2
20824 - 92 2
20824 - 92 2
20826 # 1504
20828 # 1504
20830 # 1504
20832 # 1504
20832 + 92
20832 + 92
20832 + 92
20832 + 92
20832 + 92
20832 + 92
20842 + 92
20842 + 92
20842 + 92
20844 + 92
20850 # 1504
20850 - 92 18
20850 - 92 18
20850 - 92 18
20850 - 92 18
20850 - 92 18
20850 - 92 18
20850 - 92 8
20850 - 92 8
20850 - 92 8
20850 - 92 6
20850 # 1504
20850 # 1504
20850 # 1504
20850 # 1504
20850 # 1504
20851 # 1504
20851 # 1504
20852 + 92
20852 + 92
20852 + 92
20852 + 92
20852 + 92
20854 # 1504
20854 - 92 2
20854 - 92 2
20854 - 92 2
20854 - 92 2
20854 - 92 2
20856 # 1504
20858 # 1504
20861 + 92
20861 + 92
20861 + 92
20864 + 92
20864 + 92
20864 + 92
20872 + 92
20872 + 92
20872 + 92
20872 + 92
20872 + 92
20883 + 92
20883 + 92
20888 + 92
20888 + 92
20888 + 92
20890 # 1504
20890 - 92 29
20890 - 92 29
20890 - 92 29
20890 - 92 26
20890 - 92 26
20890 - 92 26
20890 - 92 18
20890 - 92 18
20890 - 92 18
20890 - 92 18
20890 - 92 18
20890 - 92 7
20890 - 92 7
20890 - 92 2
20890 - 92 2
20890 - 92 2
20890 # 1504
20890 # 1504
20890 # 1504
20890 # 1504
20890 + 92
20891 # 1504
20891 - 92 1
20891 # 1504
20891 # 1504
20891 # 1504
20891 # 1504
20891 # 1504
20891 # 1504
20891 # 1504
20891 # 1504
20892 # 1504
20892 # 1504
20892 + 92
20892 + 92
20892 + 92
20892 + 92
20896 # 1504
20896 - 92 4
20896 - 92 4
20896 - 92 4
20896 - 92 4
20899 # 1504
20901 + 92
20901 + 92
20901 + 92
20903 # 1504
20903 - 92 2
20903 - 92 2
20903 - 92 2
20903 # 1504
20903 + 92
20903 + 92
20903 + 92
20907 # 1504
20907 - 92 4
20907 - 92 4
20907 - 92 4
20908 # 1504
20910 # 1504
20912 + 92
20912 + 92
20913 # 1504
20913 - 92 1
20913 - 92 1
20915 # 1504
20915 + 92
20915 + 92
20915 + 92
20918 # 1504
20918 - 92 3
20918 - 92 3
20918 - 92 3
20920 # 1504
20922 # 1504
20923 + 92
20924 # 1504
20924 - 92 1
20924 + 92
20924 + 92
20924 + 92
20924 + 92
20925 + 92
20926 # 1504
20926 - 92 2
20926 - 92 2
20926 - 92 2
20926 - 92 2
20926 - 92 1
20927 + 92
20927 + 92
20929 + 92
20930 # 1504
20930 - 92 3
20930 - 92 3
20930 - 92 1
20932 # 1504
20932 + 92
20934 + 92
20935 # 1504
20935 - 92 3
20935 - 92 1
20936 + 92
20938 + 92
20939 # 1504
20939 - 92 3
20939 - 92 1
20939 + 92
20941 + 92
20944 # 1504
20944 - 92 5
20944 - 92 3
20948 # 1504
20948 # 1504
20951 # 1504
20952 + 92
20952 + 92
20952 + 92
20952 + 92
20952 + 92
20953 + 92
20954 # 1504
20954 - 92 2
20954 - 92 2
20954 - 92 2
20954 - 92 2
20954 - 92 2
20954 - 92 1
20955 + 92
20957 # 1504
20957 - 92 2
20957 + 92
20959 + 92
20961 # 1504
20961 - 92 4
20961 - 92 2
20963 # 1504
20963 + 92
20965 # 1504
20965 - 92 2
20967 # 1504
20969 # 1504
20971 + 92
20972 + 92
20972 + 92
20972 + 92
20974 + 92
20979 + 92
20981 # 1504
20981 - 92 10
20981 - 92 9
20981 - 92 9
20981 - 92 9
20981 - 92 7
20981 - 92 2
20981 # 1504
20981 + 92
20981 + 92
20982 # 1504
20982 - 92 1
20982 - 92 1
20982 + 92
20992 + 92
20992 + 92
20992 + 92
20992 + 92
20992 + 92
21001 # 1504
21001 - 92 19
21001 - 92 9
21001 - 92 9
21001 - 92 9
21001 - 92 9
21001 - 92 9
21001 # 1504
21001 # 1504
21001 + 92
21002 # 1504
21002 - 92 1
21002 # 1504
21002 # 1504
21002 # 1504
21002 # 1504
21002 # 1504
21002 # 1504
21002 + 92
21002 + 92
21002 + 92
21003 # 1504
21003 - 92 1
21003 - 92 1
21003 - 92 1
21003 # 1504
21003 + 92
21011 + 92
21011 + 92
21011 + 92
21011 + 92
21013 + 92
21014 # 1504
21014 - 92 11
21014 - 92 3
21014 - 92 3
21014 - 92 3
21014 - 92 3
21014 - 92 1
21017 # 1504
21017 # 1504
21017 # 1504
21017 # 1504
21017 # 1504
21021 + 92
21021 + 92
21021 + 92
21023 + 92
21025 # 1504
21025 - 92 4
21025 - 92 4
21025 - 92 4
21025 - 92 2
21025 # 1504
21025 # 1504
21025 # 1504
21025 # 1504
21031 + 92
21031 + 92
21031 + 92
21033 + 92
21033 + 92
21034 # 1504
21034 - 92 3
21034 - 92 3
21034 - 92 3
21034 - 92 1
21034 - 92 1
21034 # 1504
21041 + 92
21041 + 92
21041 + 92
21042 + 92
21044 + 92
21044 + 92
21044 + 92
21046 + 92
21048 + 92
21050 # 1504
21050 - 92 9
21050 - 92 9
21050 - 92 9
21050 - 92 8
21050 - 92 6
21050 - 92 6
21050 - 92 6
21050 - 92 4
21050 - 92 2
21050 # 1504
21050 # 1504
21050 # 1504
21050 # 1504
21050 + 92
21051 # 1504
21051 - 92 1
21051 + 92
21054 # 1504
21054 - 92 3
21054 # 1504
21054 # 1504
21054 # 1504
21054 # 1504
21062 + 92
21062 + 92
21062 + 92
21062 + 92
21062 + 92
21062 + 92
21064 # 1504
21064 - 92 2
21064 - 92 2
21064 - 92 2
21064 - 92 2
21064 - 92 2
21064 - 92 2
21064 # 1504
21064 # 1504
21064 # 1504
21064 # 1504
21064 + 92
21065 # 1504
21065 - 92 1
21066 + 92
21067 # 1504
21067 - 92 1
21068 # 1504
21068 + 92
21069 + 92
21070 # 1504
21070 - 92 2
21070 - 92 1
21071 + 92
21072 # 1504
21072 - 92 1
21073 # 1504
21075 # 1504
21076 # 1504
21079 # 1504
21080 # 1504
21080 + 92
21080 + 92
21081 # 1504
21081 - 92 1
21081 - 92 1
21081 + 92
21081 + 92
21081 + 92
21082 + 92
21083 # 1504
21083 - 92 2
21083 - 92 2
21083 - 92 2
21083 - 92 1
21084 # 1504
21084 + 92
21088 # 1504
21088 - 92 4
21088 # 1504
21094 + 92
21094 + 92
21094 + 92
21094 + 92
21094 + 92
21097 # 1504
21097 - 92 3
21097 - 92 3
21097 - 92 3
21097 - 92 3
21097 - 92 3
21097 # 1504
21097 # 1504
21097 # 1504
21097 # 1504
21099 # 1504
21102 # 1504
21104 # 1504
21104 + 92
21104 + 92
21104 + 92
21104 + 92
21104 + 92
21105 # 1504
21105 - 92 1
21105 - 92 1
21105 - 92 1
21105 - 92 1
21105 - 92 1
21106 # 1504
21106 + 92
21108 # 1504
21108 - 92 2
21108 + 92
21109 + 92
21111 # 1504
21111 - 92 3
21111 - 92 2
21111 # 1504
21112 + 92
21113 # 1504
21113 - 92 1
21120 + 92
21122 + 92
21122 + 92
21122 + 92
21122 + 92
21125 # 1504
21125 - 92 5
21125 - 92 3
21125 - 92 3
21125 - 92 3
21125 - 92 3
21125 # 1504
21125 # 1504
21125 # 1504
21125 # 1504
21125 # 1504
21126 # 1504
21127 # 1504
21129 # 1504
21130 # 1504
21131 + 92
21132 + 92
21132 + 92
21132 + 92
21132 + 92
21134 # 1504
21134 - 92 3
21134 - 92 2
21134 - 92 2
21134 - 92 2
21134 - 92 2
21136 # 1504
21136 # 1504
21138 # 1504
21139 # 1504
21141 # 1504
21142 # 1504
21142 + 92
21142 + 92
21142 + 92
21142 + 92
21142 + 92
21144 # 1504
21144 - 92 2
21144 - 92 2
21144 - 92 2
21144 - 92 2
21144 - 92 2
21145 # 1504
21147 # 1504
21149 # 1504
21151 # 1504
21151 # 1504
21152 + 92
21154 + 92
21154 + 92
21154 + 92
21154 + 92
21154 + 92
21156 # 1504
21156 - 92 4
21156 - 92 2
21156 - 92 2
21156 - 92 2
21156 - 92 2
21156 - 92 2
21156 # 1504
21157 # 1504
21158 # 1504
21161 # 1504
21161 # 1504
21162 + 92
21162 + 92
21162 + 92
21162 + 92
21163 # 1504
21163 - 92 1
21163 - 92 1
21163 - 92 1
21163 - 92 1
21165 # 1504
21166 + 92
21166 + 92
21167 # 1504
21167 - 92 1
21167 - 92 1
21168 + 92
21169 + 92
21171 # 1504
21171 - 92 3
21171 - 92 2
21171 # 1504
21171 # 1504
21172 + 92
21182 # 1504
21182 - 92 10
21182 # 1504
21184 # 1504
21184 + 92
21184 + 92
21184 + 92
21184 + 92
21184 + 92
21185 # 1504
21185 - 92 1
21185 - 92 1
21185 - 92 1
21185 - 92 1
21185 - 92 1
21186 # 1504
21186 + 92
21190 # 1504
21190 - 92 4
21191 # 1504
21192 # 1504
21192 # 1504
21193 # 1504
21194 # 1504
21196 # 1504
21198 # 1504
21198 + 92
21198 + 92
21198 + 92
21199 # 1504
21199 - 92 1
21199 - 92 1
21199 - 92 1
21201 # 1504
21201 + 92
21202 + 92
21202 + 92
21202 + 92
21204 + 92
21207 # 1504
21207 - 92 6
21207 - 92 5
21207 - 92 5
21207 - 92 5
21207 - 92 3
21207 # 1504
21207 # 1504
21208 # 1504
21209 # 1504
21211 # 1504
21211 + 92
21211 + 92
21211 + 92
21211 + 92
21212 # 1504
21212 - 92 1
21212 - 92 1
21212 - 92 1
21212 - 92 1
21213 + 92
21214 # 1504
21214 - 92 1
21215 # 1504
21217 # 1504
21219 # 1504
21220 # 1504
21221 + 92
21221 + 92
21221 + 92
21222 # 1504
21222 - 92 1
21222 - 92 1
21222 - 92 1
21223 # 1504
21223 + 92
21223 + 92
21225 # 1504
21225 - 92 2
21225 - 92 2
21227 # 1504
21228 # 1504
21229 # 1504
21231 # 1504
21232 + 92
21232 + 92
21232 + 92
21232 + 92
21232 + 92
21233 # 1504
21233 - 92 1
21233 - 92 1
21233 - 92 1
21233 - 92 1
21233 - 92 1
21234 # 1504
21236 # 1504
21238 # 1504
21239 # 1504
21241 # 1504
21244 # 1504
21244 + 92
21244 + 92
21244 + 92
21244 + 92
21245 # 1504
21245 - 92 1
21245 - 92 1
21245 - 92 1
21245 - 92 1
21246 # 1504
21250 # 1504
21250 + 92
21250 + 92
21251 # 1504
21251 - 92 1
21251 - 92 1
21251 # 1504
21251 + 92
21251 + 92
21252 + 92
21252 + 92
21253 # 1504
21253 - 92 2
21253 - 92 2
21253 - 92 1
21253 - 92 1
21255 # 1504
21256 # 1504
21258 # 1504
21259 # 1504
21261 # 1504
21263 # 1504
21263 + 92
21263 + 92
21263 + 92
21263 + 92
21264 # 1504
21264 - 92 1
21264 - 92 1
21264 - 92 1
21264 - 92 1
21266 # 1504
21267 # 1504
21269 # 1504
21269 + 92
21271 # 1504
21271 - 92 2
21272 # 1504
21272 + 92
21274 # 1504
21274 - 92 2
21274 + 92
21274 + 92
21274 + 92
21275 # 1504
21275 - 92 1
21275 - 92 1
21275 - 92 1
21277 # 1504
21278 # 1504
21280 # 1504
21282 # 1504
21283 # 1504
21284 + 92
21284 + 92
21284 + 92
21284 + 92
21284 + 92
21286 # 1504
21286 - 92 2
21286 - 92 2
21286 - 92 2
21286 - 92 2
21286 - 92 2
21287 # 1504
21288 # 1504
21292 + 92
21292 + 92
21292 + 92
21292 + 92
21299 # 1504
21299 - 92 7
21299 - 92 7
21299 - 92 7
21299 - 92 7
21299 # 1504
21299 # 1504
21299 # 1504
21299 # 1504
21299 # 1504
21301 + 92
21301 + 92
21301 + 92
21302 # 1504
21302 - 92 1
21302 - 92 1
21302 - 92 1
21302 + 92
21302 + 92
21302 + 92
21307 # 1504
21307 - 92 5
21307 - 92 5
21307 - 92 5
21307 # 1504
21308 # 1504
21309 # 1504
21310 # 1504
21310 + 92
21312 # 1504
21312 - 92 2
21312 + 92
21312 + 92
21312 + 92
21312 + 92
21314 # 1504
21314 - 92 2
21314 - 92 2
21314 - 92 2
21314 - 92 2
21316 # 1504
21317 # 1504
21321 # 1504
21321 # 1504
21322 # 1504
21324 # 1504
21324 + 92
21324 + 92
21324 + 92
21324 + 92
21325 # 1504
21325 - 92 1
21325 - 92 1
21325 - 92 1
21325 - 92 1
21325 + 92
21325 + 92
21326 # 1504
21326 - 92 1
21326 - 92 1
21329 # 1504
21330 # 1504
21331 # 1504
21332 + 92
21332 + 92
21332 + 92
21332 + 92
21332 + 92
21333 # 1504
21333 - 92 1
21333 - 92 1
21333 - 92 1
21333 - 92 1
21333 - 92 1
21337 # 1504
21337 # 1504
21338 # 1504
21341 # 1504
21341 # 1504
21342 + 92
21342 + 92
21342 + 92
21342 + 92
21343 # 1504
21343 - 92 1
21343 - 92 1
21343 - 92 1
21343 - 92 1
21343 + 92
21343 + 92
21345 # 1504
21345 - 92 2
21345 - 92 2
21346 # 1504
21348 # 1504
21349 # 1504
21351 + 92
21351 + 92
21351 + 92
21352 # 1504
21352 - 92 1
21352 - 92 1
21352 - 92 1
21353 # 1504
21353 + 92
21354 # 1504
21354 - 92 1
21356 # 1504
21358 # 1504
21359 # 1504
21360 # 1504
21361 + 92
21361 + 92
21361 + 92
21361 + 92
21362 # 1504
21362 - 92 1
21362 - 92 1
21362 - 92 1
21362 - 92 1
21364 # 1504
21365 # 1504
21366 # 1504
21367 + 92
21367 + 92
21369 # 1504
21369 - 92 2
21369 - 92 2
21370 # 1504
21372 + 92
21372 + 92
21372 + 92
21373 + 92
21374 # 1504
21374 - 92 2
21374 - 92 2
21374 - 92 2
21374 - 92 1
21375 # 1504
21375 # 1504
21377 # 1504
21378 # 1504
21382 + 92
21382 + 92
21382 + 92
21382 + 92
21382 + 92
21389 # 1504
21389 - 92 7
21389 - 92 7
21389 - 92 7
21389 - 92 7
21389 - 92 7
21389 # 1504
21389 # 1504
21389 # 1504
21389 # 1504
21392 + 92
21392 + 92
21392 + 92
21392 + 92
21392 + 92
21399 # 1504
21399 - 92 7
21399 - 92 7
21399 - 92 7
21399 - 92 7
21399 - 92 7
21399 # 1504
21399 # 1504
21401 # 1504
21401 + 92
21401 + 92
21403 + 92
21404 # 1504
21404 - 92 3
21404 - 92 3
21404 - 92 1
21404 + 92
21404 + 92
21404 + 92
21406 # 1504
21406 - 92 2
21406 - 92 2
21406 - 92 2
21408 # 1504
21410 # 1504
21410 # 1504
21411 # 1504
21412 # 1504
21412 + 92
21412 + 92
21412 + 92
21413 + 92
21413 + 92
21416 # 1504
21416 - 92 4
21416 - 92 4
21416 - 92 4
21416 - 92 3
21416 - 92 3
21417 # 1504
21418 # 1504
21421 # 1504
21421 # 1504
21422 + 92
21422 + 92
21422 + 92
21422 + 92
21422 + 92
21422 + 92
21423 # 1504
21423 - 92 1
21423 - 92 1
21423 - 92 1
21423 - 92 1
21423 - 92 1
21423 - 92 1
21424 # 1504
21426 # 1504
21427 # 1504
21429 # 1504
21431 # 1504
21432 # 1504
21433 + 92
21433 + 92
21433 + 92
21433 + 92
21433 + 92
21437 # 1504
21437 - 92 4
21437 - 92 4
21437 - 92 4
21437 - 92 4
21437 - 92 4
21437 # 1504
21438 # 1504
21438 # 1504
21440 # 1504
21442 # 1504
21443 # 1504
21443 + 92
21443 + 92
21443 + 92
21443 + 92
21443 + 92
21444 + 92
21445 + 92
21446 # 1504
21446 - 92 3
21446 - 92 3
21446 - 92 3
21446 - 92 3
21446 - 92 3
21446 - 92 2
21446 - 92 1
21446 # 1504
21447 + 92
21449 + 92
21450 + 92
21460 + 92
21461 # 1504
21461 - 92 14
21461 - 92 12
21461 - 92 11
21461 - 92 1
21462 # 1504
21462 # 1504
21462 + 92
21462 + 92
21462 + 92
21462 + 92
21462 + 92
21462 + 92
21463 # 1504
21463 - 92 1
21463 - 92 1
21463 - 92 1
21463 - 92 1
21463 - 92 1
21463 - 92 1
21463 # 1504
21463 # 1504
21464 # 1504
21465 # 1504
21466 # 1504
21470 # 1504
21472 # 1504
21472 + 92
21472 + 92
21472 + 92
21473 # 1504
21473 - 92 1
21473 - 92 1
21473 - 92 1
21473 + 92
21474 # 1504
21474 - 92 1
21475 # 1504
21478 # 1504
21479 # 1504
21480 # 1504
21482 # 1504
21483 # 1504
21484 + 92
21484 + 92
21484 + 92
21484 + 92
21484 + 92
21484 + 92
21484 + 92
21484 + 92
21485 # 1504
21485 - 92 1
21485 - 92 1
21485 - 92 1
21485 - 92 1
21485 - 92 1
21485 - 92 1
21485 - 92 1
21485 - 92 1
21486 + 92
21487 # 1504
21487 - 92 1
21487 # 1504
21488 + 92
21490 + 92
21491 # 1504
21491 - 92 3
21491 - 92 1
21492 + 92
21493 # 1504
21493 - 92 1
21494 # 1504
21495 # 1504
21497 # 1504
21498 # 1504
21499 # 1504
21502 # 1504
21502 # 1504
21502 + 92
21502 + 92
21502 + 92
21502 + 92
21502 + 92
21502 + 92
21504 # 1504
21504 - 92 2
21504 - 92 2
21504 - 92 2
21504 - 92 2
21504 - 92 2
21504 - 92 2
21505 # 1504
21506 # 1504
21507 # 1504
21509 # 1504
21511 # 1504
21512 # 1504
21512 + 92
21512 + 92
21512 + 92
21514 # 1504
21514 - 92 2
21514 - 92 2
21514 - 92 2
21515 # 1504
21517 # 1504
21517 + 92
21518 # 1504
21518 - 92 1
21519 + 92
21520 # 1504
21520 - 92 1
21522 # 1504
21522 + 92
21523 # 1504
21523 - 92 1
21525 # 1504
21525 + 92
21525 + 92
21525 + 92
21527 # 1504
21527 - 92 2
21527 - 92 2
21527 - 92 2
21528 # 1504
21529 # 1504
21531 # 1504
21532 # 1504
21536 + 92
21536 + 92
21536 + 92
21536 + 92
21536 + 92
21542 # 1504
21542 - 92 6
21542 - 92 6
21542 - 92 6
21542 - 92 6
21542 - 92 6
21542 # 1504
21542 # 1504
21542 # 1504
21542 # 1504
21542 # 1504
21542 + 92
21542 + 92
21543 # 1504
21543 - 92 1
21543 - 92 1
21543 + 92
21543 + 92
21543 + 92
21544 # 1504
21544 - 92 1
21544 - 92 1
21544 - 92 1
21544 + 92
21544 + 92
21546 # 1504
21546 - 92 2
21546 - 92 2
21546 + 92
21547 # 1504
21547 - 92 1
21548 # 1504
21548 + 92
21549 + 92
21551 + 92
21553 + 92
21559 # 1504
21559 - 92 11
21559 - 92 10
21559 - 92 8
21559 - 92 6
21559 # 1504
21559 # 1504
21560 # 1504
21562 # 1504
21562 + 92
21562 + 92
21562 + 92
21563 + 92
21565 # 1504
21565 - 92 3
21565 - 92 3
21565 - 92 3
21565 - 92 2
21566 # 1504
21568 + 92
21568 + 92
21571 # 1504
21571 - 92 3
21571 - 92 3
21572 + 92
21572 + 92
21572 + 92
21572 + 92
21575 # 1504
21575 - 92 3
21575 - 92 3
21575 - 92 3
21575 - 92 3
21575 # 1504
21575 # 1504
21575 # 1504
21576 # 1504
21579 # 1504
21579 # 1504
21582 # 1504
21582 + 92
21582 + 92
21582 + 92
21582 + 92
21582 + 92
21582 + 92
21585 + 92
21585 + 92
21587 # 1504
21587 - 92 5
21587 - 92 5
21587 - 92 5
21587 - 92 5
21587 - 92 5
21587 - 92 5
21587 - 92 2
21587 - 92 2
21587 # 1504
21587 + 92
21588 # 1504
21588 - 92 1
21590 + 92
21590 + 92
21592 + 92
21598 # 1504
21598 - 92 8
21598 - 92 8
21598 - 92 6
21599 # 1504
21601 + 92
21601 + 92
21601 + 92
21603 + 92
21604 + 92
21606 # 1504
21606 - 92 5
21606 - 92 5
21606 - 92 5
21606 - 92 3
21606 - 92 2
21610 # 1504
21610 # 1504
21613 # 1504
21614 + 92
21614 + 92
21614 + 92
21614 + 92
21614 + 92
21618 # 1504
21618 - 92 4
21618 - 92 4
21618 - 92 4
21618 - 92 4
21618 - 92 4
21619 + 92
21621 # 1504
21621 - 92 2
21622 + 92
21622 + 92
21625 + 92
21625 + 92
21625 + 92
21625 + 92
21626 # 1504
21626 - 92 4
21626 - 92 4
21626 - 92 1
21626 - 92 1
21626 - 92 1
21626 - 92 1
21627 + 92
21628 + 92
21629 # 1504
21629 - 92 2
21629 - 92 1
21631 + 92
21631 + 92
21634 # 1504
21634 - 92 3
21634 - 92 3
21636 # 1504
21641 # 1504
21641 + 92
21641 + 92
21641 + 92
21641 + 92
21643 + 92
21643 + 92
21645 # 1504
21645 - 92 4
21645 - 92 4
21645 - 92 4
21645 - 92 4
21645 - 92 2
21645 - 92 2
21648 # 1504
21651 + 92
21652 # 1504
21652 - 92 1
21652 + 92
21652 + 92
21652 + 92
21652 + 92
21652 + 92
21655 # 1504
21655 - 92 3
21655 - 92 3
21655 - 92 3
21655 - 92 3
21655 - 92 3
21660 # 1504
21661 + 92
21662 + 92
21662 + 92
21662 + 92
21663 + 92
21663 + 92
21664 # 1504
21664 - 92 3
21664 - 92 2
21664 - 92 2
21664 - 92 2
21664 - 92 1
21664 - 92 1
21668 # 1504
21671 + 92
21672 + 92
21672 + 92
21672 + 92
21672 + 92
21672 + 92
21673 # 1504
21673 - 92 2
21673 - 92 1
21673 - 92 1
21673 - 92 1
21673 - 92 1
21673 - 92 1
21678 # 1504
21682 # 1504
21686 # 1504
21686 + 92
21686 + 92
21686 + 92
21688 + 92
21691 # 1504
21691 - 92 5
21691 - 92 5
21691 - 92 5
21691 - 92 3
21692 + 92
21692 + 92
21692 + 92
21692 + 92
21692 + 92
21694 # 1504
21694 - 92 2
21694 - 92 2
21694 - 92 2
21694 - 92 2
21694 - 92 2
21698 # 1504
21702 # 1504
21703 + 92
21703 + 92
21704 + 92
21704 + 92
21704 + 92
21704 + 92
21710 # 1504
21710 - 92 7
21710 - 92 7
21710 - 92 6
21710 - 92 6
21710 - 92 6
21710 - 92 6
21710 # 1504
21711 + 92
21711 + 92
21712 # 1504
21712 - 92 1
21712 - 92 1
21714 # 1504
21714 + 92
21714 + 92
21715 # 1504
21715 - 92 1
21715 - 92 1
21715 + 92
21715 + 92
21717 # 1504
21717 - 92 2
21717 - 92 2
21719 # 1504
21721 + 92
21722 # 1504
21722 - 92 1
21723 + 92
21723 + 92
21723 + 92
21723 + 92
21723 + 92
21724 # 1504
21724 - 92 1
21724 - 92 1
21724 - 92 1
21724 - 92 1
21724 - 92 1
21725 # 1504
21728 # 1504
21731 # 1504
21732 + 92
21732 + 92
21733 # 1504
21733 - 92 1
21733 - 92 1
21735 + 92
21735 + 92
21735 + 92
21736 # 1504
21736 - 92 1
21736 - 92 1
21736 - 92 1
21737 + 92
21738 # 1504
21738 - 92 1
21741 # 1504
21741 + 92
21741 + 92
21742 + 92
21742 + 92
21742 + 92
21743 # 1504
21743 - 92 2
21743 - 92 2
21743 - 92 1
21743 - 92 1
21743 - 92 1
21746 # 1504
21748 # 1504
21750 + 92
21751 + 92
21752 # 1504
21752 - 92 2
21752 - 92 1
21753 + 92
21753 + 92
21753 + 92
21753 + 92
21754 # 1504
21754 - 92 1
21754 - 92 1
21754 - 92 1
21754 - 92 1
21756 # 1504
21761 + 92
21761 + 92
21761 + 92
21762 # 1504
21762 - 92 1
21762 - 92 1
21762 - 92 1
21762 # 1504
21763 + 92
21766 # 1504
21766 - 92 3
21767 # 1504
21768 + 92
21770 # 1504
21770 - 92 2
21772 # 1504
21773 + 92
21773 + 92
21773 + 92
21775 # 1504
21775 - 92 2
21775 - 92 2
21775 - 92 2
21777 # 1504
21778 + 92
21779 # 1504
21779 - 92 1
21782 # 1504
21785 + 92
21788 + 92
21788 + 92
21788 + 92
21788 + 92
21788 + 92
21790 + 92
21792 + 92
21794 + 92
21796 + 92
21796 + 92
21798 + 92
21800 + 92
21802 + 92
21802 + 92
21805 + 92
21807 + 92
21819 # 1504
21819 - 92 34
21819 - 92 31
21819 - 92 31
21819 - 92 31
21819 - 92 31
21819 - 92 31
21819 - 92 29
21819 - 92 27
21819 - 92 25
21819 - 92 23
21819 - 92 23
21819 - 92 21
21819 - 92 19
21819 - 92 17
21819 - 92 17
21819 - 92 14
21819 # 1504
21819 - 92 12
21819 # 1504
21820 # 1504
21820 # 1504
21820 # 1504
21820 # 1504
21820 # 1504
21820 # 1504
21821 # 1504
21821 # 1504
21821 # 1504
21821 # 1504
21821 # 1504
21821 # 1504
21822 + 92
21822 + 92
21823 # 1504
21823 - 92 1
21823 - 92 1
21824 + 92
21825 # 1504
21825 - 92 1
21827 + 92
21828 # 1504
21828 - 92 1
21829 + 92
21830 + 92
21830 + 92
21831 # 1504
21831 - 92 2
21831 - 92 1
21831 - 92 1
21832 # 1504
21833 + 92
21834 # 1504
21834 - 92 1
21834 + 92
21835 + 92
21836 # 1504
21836 - 92 2
21836 - 92 1
21837 + 92
21837 + 92
21838 # 1504
21838 - 92 1
21838 - 92 1
21839 + 92
21840 # 1504
21840 - 92 1
21841 + 92
21843 + 92
21844 # 1504
21844 - 92 3
21844 - 92 1
21844 + 92
21845 # 1504
21845 - 92 1
21846 + 92
21846 + 92
21847 # 1504
21847 - 92 1
21847 - 92 1
21849 # 1504
21850 + 92
21850 + 92
21851 + 92
21853 # 1504
21853 - 92 3
21853 - 92 3
21853 - 92 2
21853 + 92
21855 # 1504
21855 - 92 2
21856 + 92
21856 + 92
21857 # 1504
21857 - 92 1
21857 - 92 1
21858 + 92
21858 + 92
21860 # 1504
21860 - 92 2
21860 - 92 2
21860 + 92
21862 # 1504
21862 - 92 2
21863 + 92
21863 + 92
21865 # 1504
21865 - 92 2
21865 - 92 2
21865 + 92
21865 + 92
21866 # 1504
21866 - 92 1
21866 - 92 1
21867 + 92
21869 # 1504
21869 - 92 2
21870 # 1504
21870 + 92
21871 + 92
21873 + 92
21874 + 92
21876 + 92
21876 + 92
21877 + 92
21879 + 92
21883 # 1504
21883 - 92 13
21883 - 92 12
21883 - 92 10
21883 - 92 9
21883 - 92 7
21883 - 92 7
21883 - 92 6
21883 - 92 4
21883 # 1504
21883 # 1504
21883 # 1504
21883 # 1504
21883 # 1504
21884 # 1504
21886 + 92
21886 + 92
21886 + 92
21886 + 92
21887 # 1504
21887 - 92 1
21887 - 92 1
21887 - 92 1
21887 - 92 1
21887 + 92
21888 + 92
21890 # 1504
21890 - 92 3
21890 - 92 2
21890 + 92
21891 # 1504
21891 - 92 1
21891 + 92
21892 + 92
21893 # 1504
21893 - 92 2
21893 - 92 1
21894 # 1504
21896 # 1504
21898 # 1504
21900 # 1504
21902 # 1504
21903 + 92
21903 + 92
21903 + 92
21904 # 1504
21904 - 92 1
21904 - 92 1
21904 - 92 1
21908 # 1504
21908 # 1504
21908 + 92
21908 + 92
21908 + 92
21908 + 92
21910 # 1504
21910 - 92 2
21910 - 92 2
21910 - 92 2
21910 - 92 2
21911 # 1504
21913 # 1504
21916 # 1504
21916 # 1504
21918 # 1504
21918 + 92
21918 + 92
21918 + 92
21918 + 92
21918 + 92
21918 + 92
21920 + 92
21921 # 1504
21921 - 92 3
21921 - 92 3
21921 - 92 3
21921 - 92 3
21921 - 92 3
21921 - 92 3
21921 - 92 1
21922 # 1504
21922 + 92
21923 + 92
21925 # 1504
21925 - 92 3
21925 - 92 2
21925 + 92
21926 # 1504
21926 - 92 1
21928 # 1504
21928 + 92
21928 + 92
21929 # 1504
21929 - 92 1
21929 - 92 1
21930 + 92
21931 # 1504
21931 - 92 1
21931 + 92
21934 # 1504
21934 - 92 3
21934 + 92
21934 + 92
21935 # 1504
21935 - 92 1
21935 - 92 1
21936 + 92
21937 # 1504
21937 - 92 1
21937 + 92
21938 # 1504
21938 - 92 1
21939 + 92
21940 # 1504
21940 - 92 1
21940 + 92
21942 + 92
21943 + 92
21955 + 92
21955 + 92
21955 + 92
21956 + 92
21956 + 92
21956 + 92
21956 + 92
21958 + 92
21960 + 92
21960 + 92
21962 + 92
21964 + 92
21966 + 92
21976 # 1504
21976 - 92 36
21976 - 92 34
21976 - 92 33
21976 - 92 21
21976 - 92 21
21976 - 92 21
21976 - 92 20
21976 - 92 20
21976 - 92 20
21976 - 92 20
21976 - 92 18
21976 - 92 16
21976 - 92 16
21976 - 92 14
21976 - 92 12
21976 - 92 10
21976 # 1504
21976 # 1504
21977 # 1504
21977 # 1504
21977 # 1504
21977 # 1504
21977 # 1504
21978 # 1504
21978 # 1504
21978 # 1504
21978 # 1504
21978 # 1504
21978 + 92
21978 + 92
21978 + 92
21978 + 92
21978 + 92
21978 + 92
21978 + 92
21979 # 1504
21979 - 92 1
21979 - 92 1
21979 - 92 1
21979 - 92 1
21979 - 92 1
21979 - 92 1
21979 - 92 1
21980 # 1504
21980 # 1504
21980 # 1504
21980 # 1504
21980 + 92
21981 # 1504
21981 - 92 1
21981 # 1504
21981 # 1504
21981 + 92
21984 # 1504
21984 - 92 3
21984 + 92
21985 # 1504
21985 - 92 1
21985 + 92
21985 + 92
21986 + 92
21988 + 92
21989 + 92
21990 # 1504
21990 - 92 5
21990 - 92 5
21990 - 92 4
21990 - 92 2
21990 - 92 1
21990 # 1504
21990 # 1504
21991 # 1504
21991 + 92
21992 + 92
21994 # 1504
21994 - 92 3
21994 - 92 2
21995 + 92
21995 + 92
21996 # 1504
21996 - 92 1
21996 - 92 1
21997 + 92
21998 # 1504
21998 - 92 1
21999 + 92
21999 + 92
22001 # 1504
22001 - 92 2
22001 - 92 2
22001 # 1504
22002 + 92
22003 # 1504
22003 - 92 1
22005 # 1504
22007 # 1504
22011 + 92
22011 + 92
22011 + 92
22012 # 1504
22012 - 92 1
22012 - 92 1
22012 - 92 1
22012 # 1504
22013 # 1504
22014 # 1504
22016 # 1504
22016 + 92
22016 + 92
22016 + 92
22018 # 1504
22018 - 92 2
22018 - 92 2
22018 - 92 2
22020 # 1504
22024 # 1504
22024 # 1504
22025 # 1504
22025 + 92
22025 + 92
22025 + 92
22027 # 1504
22027 - 92 2
22027 - 92 2
22027 - 92 2
22029 # 1504
22030 # 1504
22030 + 92
22031 + 92
22031 + 92
22034 # 1504
22034 - 92 4
22034 - 92 3
22034 - 92 3
22034 # 1504
22035 # 1504
22036 # 1504
22036 + 92
22036 + 92
22036 + 92
22037 + 92
22039 + 92
22041 + 92
22043 + 92
22043 + 92
22045 + 92
22047 # 1504
22047 - 92 11
22047 - 92 11
22047 - 92 11
22047 - 92 10
22047 - 92 8
22047 - 92 6
22047 - 92 4
22047 - 92 4
22047 - 92 2
22047 # 1504
22047 # 1504
22047 # 1504
22047 # 1504
22047 # 1504
22047 # 1504
22047 + 92
22048 + 92
22049 # 1504
22049 - 92 2
22049 - 92 1
22050 # 1504
22050 + 92
22052 # 1504
22052 - 92 2
22052 + 92
22052 + 92
22055 # 1504
22055 - 92 3
22055 - 92 3
22055 # 1504
22056 # 1504
22058 # 1504
22059 # 1504
22061 # 1504
22061 + 92
22062 # 1504
22062 - 92 1
22062 + 92
22062 + 92
22062 + 92
22062 + 92
22062 + 92
22063 + 92
22064 # 1504
22064 - 92 2
22064 - 92 2
22064 - 92 2
22064 - 92 2
22064 - 92 2
22064 - 92 1
22064 + 92
22065 # 1504
22065 - 92 1
22067 # 1504
22067 + 92
22069 # 1504
22069 - 92 2
22070 + 92
22070 + 92
22071 # 1504
22071 - 92 1
22071 - 92 1
22072 + 92
22072 + 92
22074 + 92
22085 + 92
22085 + 92
22085 + 92
22085 + 92
22090 + 92
22090 + 92
22090 + 92
22092 + 92
22092 + 92
22092 + 92
22093 # 1504
22093 - 92 21
22093 - 92 21
22093 - 92 19
22093 - 92 8
22093 - 92 8
22093 - 92 8
22093 - 92 8
22093 - 92 3
22093 - 92 3
22093 - 92 3
22093 - 92 1
22093 - 92 1
22093 - 92 1
22093 + 92
22094 # 1504
22094 - 92 1
22094 # 1504
22094 # 1504
22094 # 1504
22094 # 1504
22094 # 1504
22094 # 1504
22094 # 1504
22094 # 1504
22095 + 92
22095 + 92
22096 # 1504
22096 - 92 1
22096 - 92 1
22098 # 1504
22098 + 92
22098 + 92
22100 + 92
22102 # 1504
22102 - 92 4
22102 - 92 4
22102 - 92 2
22102 # 1504
22102 + 92
22103 # 1504
22103 - 92 1
22104 + 92
22104 + 92
22105 # 1504
22105 - 92 1
22105 - 92 1
22107 # 1504
22107 + 92
22109 # 1504
22109 - 92 2
22109 + 92
22109 + 92
22111 # 1504
22111 - 92 2
22111 - 92 2
22113 # 1504
22114 # 1504
22116 # 1504
22118 # 1504
22119 + 92
22119 + 92
22119 + 92
22119 + 92
22119 + 92
22120 + 92
22121 # 1504
22121 - 92 2
22121 - 92 2
22121 - 92 2
22121 - 92 2
22121 - 92 2
22121 - 92 1
22121 # 1504
22122 + 92
22123 # 1504
22123 - 92 1
22123 + 92
22125 # 1504
22125 - 92 2
22127 # 1504
22129 # 1504
22130 # 1504
22132 + 92
22134 # 1504
22134 - 92 2
22134 # 1504
22135 + 92
22136 # 1504
22136 - 92 1
22137 + 92
22137 + 92
22138 # 1504
22138 - 92 1
22138 - 92 1
22141 + 92
22143 # 1504
22143 - 92 2
22143 # 1504
22143 # 1504
22143 + 92
22143 + 92
22145 # 1504
22145 - 92 2
22145 - 92 2
22147 # 1504
22147 + 92
22149 # 1504
22149 - 92 2
22149 + 92
22149 + 92
22149 + 92
22149 + 92
22149 + 92
22151 # 1504
22151 - 92 2
22151 - 92 2
22151 - 92 2
22151 - 92 2
22151 - 92 2
22153 # 1504
22154 # 1504
22157 # 1504
22159 # 1504
22159 + 92
22159 + 92
22159 + 92
22159 + 92
22163 # 1504
22163 - 92 4
22163 - 92 4
22163 - 92 4
22163 - 92 4
22163 # 1504
22164 # 1504
22165 # 1504
22165 + 92
22165 + 92
22167 # 1504
22167 - 92 2
22167 - 92 2
22168 + 92
22168 + 92
22168 + 92
22169 # 1504
22169 - 92 1
22169 - 92 1
22169 - 92 1
22169 + 92
22170 + 92
22171 # 1504
22171 - 92 2
22171 - 92 1
22173 + 92
22174 # 1504
22174 - 92 1
22174 + 92
22175 + 92
22177 + 92
22179 # 1504
22179 - 92 5
22179 - 92 4
22179 - 92 2
22179 # 1504
22179 # 1504
22179 + 92
22180 # 1504
22180 - 92 1
22181 # 1504
22188 + 92
22189 + 92
22189 + 92
22189 + 92
22189 + 92
22190 + 92
22193 # 1504
22193 - 92 5
22193 - 92 4
22193 - 92 4
22193 - 92 4
22193 - 92 4
22193 - 92 3
22198 # 1504
22198 # 1504
22198 # 1504
22198 # 1504
22198 # 1504
22198 # 1504
22198 # 1504
22198 # 1504
22200 # 1504
22200 + 92
22200 + 92
22201 # 1504
22201 - 92 1
22201 - 92 1
22204 # 1504
22204 # 1504
22204 + 92
22204 + 92
22204 + 92
22204 + 92
22207 # 1504
22207 - 92 3
22207 - 92 3
22207 - 92 3
22207 - 92 3
22207 # 1504
22209 # 1504
22212 # 1504
22213 # 1504
22214 # 1504
22214 + 92
22214 + 92
22215 # 1504
22215 - 92 1
22215 - 92 1
22217 # 1504
22217 + 92
22217 + 92
22217 + 92
22217 + 92
22220 # 1504
22220 - 92 3
22220 - 92 3
22220 - 92 3
22220 - 92 3
22220 # 1504
22221 # 1504
22223 # 1504
22225 + 92
22225 + 92
22228 # 1504
22228 - 92 3
22228 - 92 3
22228 # 1504
22228 # 1504
22229 # 1504
22230 + 92
22230 + 92
22230 + 92
22230 + 92
22231 # 1504
22231 - 92 1
22231 - 92 1
22231 - 92 1
22231 - 92 1
22233 # 1504
22235 # 1504
22237 + 92
22239 + 92
22242 + 92
22242 + 92
22242 + 92
22243 + 92
22245 # 1504
22245 - 92 8
22245 - 92 6
22245 - 92 3
22245 - 92 3
22245 - 92 3
22245 - 92 2
22245 # 1504
22247 # 1504
22247 # 1504
22247 # 1504
22248 # 1504
22248 # 1504
22249 # 1504
22251 + 92
22252 # 1504
22252 - 92 1
22253 # 1504
22254 # 1504
22255 # 1504
22255 + 92
22255 + 92
22255 + 92
22258 # 1504
22258 - 92 3
22258 - 92 3
22258 - 92 3
22259 # 1504
22261 # 1504
22261 + 92
22261 + 92
22261 + 92
22262 # 1504
22262 - 92 1
22262 - 92 1
22262 - 92 1
22265 # 1504
22265 # 1504
22266 # 1504
22268 # 1504
22269 # 1504
22269 + 92
22271 # 1504
22271 - 92 2
22272 # 1504
22274 # 1504
22274 + 92
22274 + 92
22275 # 1504
22275 - 92 1
22275 - 92 1
22276 # 1504
22277 + 92
22278 # 1504
22278 - 92 1
22279 # 1504
22280 # 1504
22282 # 1504
22283 # 1504
22286 # 1504
22286 # 1504
22287 + 92
22287 + 92
22287 + 92
22289 + 92
22292 + 92
22298 # 1504
22298 - 92 11
22298 - 92 11
22298 - 92 11
22298 - 92 9
22298 - 92 6
22298 # 1504
22298 # 1504
22298 # 1504
22299 # 1504
22299 # 1504
22300 # 1504
22300 # 1504
22300 + 92
22300 + 92
22300 + 92
22301 # 1504
22301 - 92 1
22301 - 92 1
22301 - 92 1
22302 # 1504
22302 + 92
22303 # 1504
22303 - 92 1
22303 + 92
22305 # 1504
22305 - 92 2
22305 + 92
22306 # 1504
22306 - 92 1
22308 # 1504
22308 + 92
22308 + 92
22309 # 1504
22309 - 92 1
22309 - 92 1
22309 + 92
22311 # 1504
22311 - 92 2
22312 # 1504
22312 + 92
22314 # 1504
22314 - 92 2
22315 # 1504
22316 # 1504
22318 # 1504
22319 # 1504
22322 # 1504
22322 # 1504
22322 + 92
22322 + 92
22322 + 92
22322 + 92
22324 # 1504
22324 - 92 2
22324 - 92 2
22324 - 92 2
22324 - 92 2
22324 + 92
22325 # 1504
22325 - 92 1
22326 # 1504
22327 + 92
22329 # 1504
22329 - 92 2
22329 # 1504
22330 + 92
22331 # 1504
22331 - 92 1
22332 + 92
22334 # 1504
22334 - 92 2
22334 + 92
22335 # 1504
22335 - 92 1
22335 # 1504
22336 + 92
22339 # 1504
22339 - 92 3
22339 + 92
22340 + 92
22341 # 1504
22341 - 92 2
22341 - 92 1
22341 # 1504
22341 + 92
22343 # 1504
22343 - 92 2
22345 # 1504
22345 + 92
22347 # 1504
22347 - 92 2
22347 + 92
22348 # 1504
22348 - 92 1
22349 + 92
22351 # 1504
22351 - 92 2
22351 # 1504
22352 + 92
22354 # 1504
22354 - 92 2
22354 + 92
22355 # 1504
22355 - 92 1
22358 # 1504
22358 # 1504
22359 # 1504
22360 + 92
22360 + 92
22362 # 1504
22362 - 92 2
22362 - 92 2
22362 + 92
22363 # 1504
22363 - 92 1
22364 # 1504
22365 + 92
22367 # 1504
22367 - 92 2
22367 + 92
22368 # 1504
22368 - 92 1
22369 + 92
22370 # 1504
22370 - 92 1
22371 # 1504
22371 + 92
22372 # 1504
22372 - 92 1
22373 # 1504
22374 # 1504
22375 # 1504
22376 # 1504
22378 # 1504
22379 # 1504
22381 # 1504
22382 # 1504
22384 # 1504
22385 # 1504
22385 # 1504
22386 # 1504
22387 # 1504
22387 + 92
22387 + 92
22387 + 92
22387 + 92
22388 # 1504
22388 - 92 1
22388 - 92 1
22388 - 92 1
22388 - 92 1
22389 # 1504
22389 + 92
22389 + 92
22389 + 92
22391 # 1504
22391 - 92 2
22391 - 92 2
22391 - 92 2
22391 + 92
22391 + 92
22392 # 1504
22392 - 92 1
22392 - 92 1
22392 # 1504
22393 # 1504
22394 # 1504
22395 # 1504
22396 # 1504
22397 # 1504
22398 # 1504
22399 # 1504
22401 # 1504
22410 + 92
22410 + 92
22411 + 92
22411 + 92
22411 + 92
22411 + 92
22411 + 92
22411 + 92
22412 # 1504
22412 - 92 2
22412 - 92 2
22412 - 92 1
22412 - 92 1
22412 - 92 1
22412 - 92 1
22412 - 92 1
22412 - 92 1
22412 # 1504
22412 # 1504
22412 # 1504
22413 # 1504
22413 # 1504
22413 # 1504
22413 # 1504
22413 # 1504
22415 # 1504
22416 # 1504
22418 + 92
22418 + 92
22419 + 92
22419 + 92
22419 + 92
22421 + 92
22425 # 1504
22425 - 92 7
22425 - 92 7
22425 - 92 6
22425 - 92 6
22425 - 92 6
22425 - 92 4
22425 # 1504
22425 # 1504
22425 # 1504
22425 # 1504
22425 + 92
22425 + 92
22426 # 1504
22426 - 92 1
22426 - 92 1
22426 # 1504
22426 # 1504
22426 # 1504
22428 + 92
22430 + 92
22430 + 92
22435 # 1504
22435 - 92 7
22435 - 92 5
22435 - 92 5
22436 # 1504
22436 # 1504
22437 # 1504
22437 # 1504
22437 # 1504
22437 # 1504
22437 # 1504
22440 + 92
22442 + 92
22442 + 92
22442 + 92
22442 + 92
22442 + 92
22445 + 92
22455 # 1504
22455 - 92 15
22455 - 92 13
22455 - 92 13
22455 - 92 13
22455 - 92 13
22455 - 92 13
22455 - 92 10
22455 + 92
22455 + 92
22455 + 92
22455 + 92
22456 + 92
22458 + 92
22458 + 92
22459 # 1504
22459 - 92 4
22459 - 92 4
22459 - 92 4
22459 - 92 4
22459 - 92 3
22459 - 92 1
22459 - 92 1
22459 # 1504
22459 # 1504
22459 # 1504
22459 # 1504
22459 # 1504
22459 # 1504
22460 # 1504
22460 # 1504
22463 + 92
22463 + 92
22464 # 1504
22464 - 92 1
22464 - 92 1
22464 # 1504
22464 # 1504
22465 # 1504
22465 # 1504
22465 # 1504
22465 # 1504
22465 + 92
22467 + 92
22467 + 92
22468 # 1504
22468 - 92 3
22468 - 92 1
22468 - 92 1
22468 # 1504
22469 # 1504
22469 + 92
22470 # 1504
22470 - 92 1
22471 # 1504
22471 + 92
22473 + 92
22475 + 92
22478 + 92
22479 + 92
22480 + 92
22482 # 1504
22482 - 92 11
22482 - 92 9
22482 - 92 7
22482 - 92 4
22482 - 92 3
22482 - 92 2
22482 # 1504
22482 # 1504
22482 # 1504
22482 # 1504
22487 # 1504
22487 # 1504
22487 # 1504
22487 # 1504
22487 # 1504
22488 # 1504
22489 # 1504
22491 # 1504
22491 # 1504
22491 + 92
22491 + 92
22492 + 92
22492 + 92
22492 + 92
22492 + 92
22493 # 1504
22493 - 92 2
22493 - 92 2
22493 - 92 1
22493 - 92 1
22493 - 92 1
22493 - 92 1
22493 # 1504
22494 + 92
22497 + 92
22497 + 92
22502 + 92
22502 + 92
22504 # 1504
22504 - 92 10
22504 - 92 7
22504 - 92 7
22504 - 92 2
22504 - 92 2
22504 # 1504
22504 # 1504
22504 # 1504
22504 # 1504
22504 # 1504
22504 # 1504
22504 + 92
22505 + 92
22514 # 1504
22514 - 92 10
22514 - 92 9
22514 # 1504
22514 # 1504
22514 # 1504
22517 # 1504
22517 # 1504
22517 # 1504
22517 # 1504
22517 # 1504
22517 + 92
22519 + 92
22521 + 92
22521 + 92
22526 # 1504
22526 - 92 9
22526 - 92 7
22526 - 92 5
22526 - 92 5
22526 # 1504
22527 # 1504
22527 # 1504
22527 # 1504
22527 # 1504
22527 # 1504
22527 # 1504
22527 # 1504
22528 # 1504
22531 # 1504
22531 + 92
22534 + 92
22536 + 92
22536 + 92
22536 + 92
22536 + 92
22538 + 92
22540 # 1504
22540 - 92 9
22540 - 92 6
22540 - 92 4
22540 - 92 4
22540 - 92 4
22540 - 92 4
22540 - 92 2
22541 + 92
22544 # 1504
22544 - 92 3
22544 # 1504
22544 + 92
22544 + 92
22546 # 1504
22546 - 92 2
22546 - 92 2
22547 + 92
22548 # 1504
22548 - 92 1
22548 + 92
22550 # 1504
22550 - 92 2
22550 + 92
22554 # 1504
22554 - 92 4
22554 + 92
22555 # 1504
22555 - 92 1
22555 + 92
22556 # 1504
22556 - 92 1
22556 # 1504
22557 + 92
22558 # 1504
22558 - 92 1
22559 # 1504
22559 + 92
22560 # 1504
22560 - 92 1
22560 + 92
22561 # 1504
22561 - 92 1
22563 + 92
22565 # 1504
22565 - 92 2
22565 # 1504
22565 # 1504
22566 # 1504
22566 + 92
22567 + 92
22569 + 92
22570 + 92
22572 + 92
22575 + 92
22576 # 1504
22576 - 92 10
22576 - 92 9
22576 - 92 7
22576 - 92 6
22576 - 92 4
22576 - 92 1
22576 + 92
22578 + 92
22579 # 1504
22579 - 92 3
22579 - 92 1
22579 # 1504
22582 # 1504
22582 # 1504
22583 # 1504
22583 # 1504
22590 + 92
22590 + 92
22590 + 92
22590 + 92
22591 + 92
22592 # 1504
22592 - 92 2
22592 - 92 2
22592 - 92 2
22592 - 92 2
22592 - 92 1
22592 # 1504
22592 + 92
22592 + 92
22595 + 92
22603 # 1504
22603 - 92 11
22603 - 92 11
22603 - 92 8
22603 # 1504
22603 # 1504
22603 # 1504
22603 # 1504
22604 # 1504
22606 + 92
22606 + 92
22606 + 92
22606 + 92
22606 + 92
22607 + 92
22608 # 1504
22608 - 92 2
22608 - 92 2
22608 - 92 2
22608 - 92 2
22608 - 92 2
22608 - 92 1
22609 + 92
22611 + 92
22613 # 1504
22613 - 92 4
22613 - 92 2
22614 # 1504
22614 # 1504
22620 + 92
22621 + 92
22621 + 92
22621 + 92
22621 + 92
22623 + 92
22625 # 1504
22625 - 92 5
22625 - 92 4
22625 - 92 4
22625 - 92 4
22625 - 92 4
22625 - 92 2
22625 # 1504
22625 # 1504
22625 # 1504
22625 # 1504
22626 + 92
22627 + 92
22628 # 1504
22628 - 92 2
22628 - 92 1
22629 + 92
22630 # 1504
22630 - 92 1
22631 + 92
22633 + 92
22634 # 1504
22634 - 92 3
22634 - 92 1
22635 # 1504
22635 + 92
22637 # 1504
22637 - 92 2
22638 + 92
22640 # 1504
22640 - 92 2
22640 + 92
22641 + 92
22642 # 1504
22642 - 92 2
22642 - 92 1
22643 + 92
22645 # 1504
22645 - 92 2
22645 + 92
22647 # 1504
22647 - 92 2
22648 + 92
22649 # 1504
22649 - 92 1
22652 # 1504
22654 # 1504
22658 # 1504
22659 + 92
22659 + 92
22659 + 92
22659 + 92
22660 # 1504
22660 - 92 1
22660 - 92 1
22660 - 92 1
22660 - 92 1
22661 + 92
22661 + 92
22662 # 1504
22662 - 92 1
22662 - 92 1
22664 + 92
22666 # 1504
22666 - 92 2
22666 + 92
22668 + 92
22669 # 1504
22669 - 92 3
22669 - 92 1
22670 # 1504
22670 + 92
22672 + 92
22674 + 92
22675 # 1504
22675 - 92 5
22675 - 92 3
22675 - 92 1
22676 # 1504
22676 + 92
22677 + 92
22678 # 1504
22678 - 92 2
22678 - 92 1
22678 + 92
22681 # 1504
22681 - 92 3
22681 + 92
22683 + 92
22684 # 1504
22684 - 92 3
22684 - 92 1
22684 + 92
22687 # 1504
22687 - 92 3
22688 + 92
22688 + 92
22690 + 92
22691 # 1504
22691 - 92 3
22691 - 92 3
22691 - 92 1
22692 + 92
22693 # 1504
22693 - 92 1
22694 + 92
22695 # 1504
22695 - 92 1
22697 # 1504
22700 # 1504
22702 # 1504
22705 # 1504
22707 # 1504
22708 + 92
22708 + 92
22711 # 1504
22711 - 92 3
22711 - 92 3
22712 + 92
22712 + 92
22712 + 92
22712 + 92
22714 # 1504
22714 - 92 2
22714 - 92 2
22714 - 92 2
22714 - 92 2
22715 # 1504
22718 # 1504
22721 # 1504
22723 # 1504
22723 + 92
22724 + 92
22725 # 1504
22725 - 92 2
22725 - 92 1
22727 + 92
22728 # 1504
22728 - 92 1
22729 + 92
22731 # 1504
22731 - 92 2
22732 + 92
22733 # 1504
22733 - 92 1
22736 # 1504
22739 # 1504
22739 + 92
22739 + 92
22740 # 1504
22740 - 92 1
22740 - 92 1
22740 + 92
22740 + 92
22741 # 1504
22741 - 92 1
22741 - 92 1
22742 # 1504
22749 + 92
22749 + 92
22752 # 1504
22752 - 92 3
22752 - 92 3
22754 # 1504
22755 # 1504
22755 # 1504
22755 # 1504
22755 # 1504
22755 # 1504
22755 + 92
22755 + 92
22755 + 92
22755 + 92
22756 # 1504
22756 - 92 1
22756 - 92 1
22756 - 92 1
22756 - 92 1
22759 + 92
22761 + 92
22767 # 1504
22767 - 92 8
22767 - 92 6
22767 # 1504
22767 # 1504
22768 # 1504
22768 # 1504
22768 # 1504
22768 # 1504
22777 # 1504
22777 # 1504
22778 # 1504
22778 + 92
22778 + 92
22778 + 92
22778 + 92
22780 # 1504
22780 - 92 2
22780 - 92 2
22780 - 92 2
22780 - 92 2
22780 # 1504
22780 + 92
22782 + 92
22784 + 92
22786 # 1504
22786 - 92 6
22786 - 92 4
22786 - 92 2
22789 + 92
22789 + 92
22790 # 1504
22790 - 92 1
22790 - 92 1
22791 # 1504
22791 # 1504
22793 # 1504
22793 # 1504
22793 + 92
22795 # 1504
22795 - 92 2
22795 + 92
22798 # 1504
22798 - 92 3
22798 + 92
22800 + 92
22802 + 92
22804 # 1504
22804 - 92 6
22804 - 92 4
22804 - 92 2
22804 # 1504
22804 # 1504
22805 # 1504
22806 # 1504
22806 # 1504
22806 + 92
22808 + 92
22809 # 1504
22809 - 92 3
22809 - 92 1
22810 + 92
22810 + 92
22811 # 1504
22811 - 92 1
22811 - 92 1
22813 # 1504
22814 # 1504
22814 + 92
22816 # 1504
22816 - 92 2
22816 + 92
22818 # 1504
22818 - 92 2
22818 + 92
22820 + 92
22821 # 1504
22821 - 92 3
22821 - 92 1
22822 # 1504
22822 + 92
22824 # 1504
22824 - 92 2
22824 + 92
22826 # 1504
22826 - 92 2
22826 + 92
22828 # 1504
22828 - 92 2
22829 # 1504
22831 # 1504
22834 # 1504
22834 # 1504
22835 # 1504
22837 # 1504
22837 + 92
22837 + 92
22838 # 1504
22838 - 92 1
22838 - 92 1
22839 + 92
22839 + 92
22839 + 92
22839 + 92
22840 # 1504
22840 - 92 1
22840 - 92 1
22840 - 92 1
22840 - 92 1
22841 + 92
22843 + 92
22846 + 92
22848 + 92
22848 + 92
22850 # 1504
22850 - 92 9
22850 - 92 7
22850 - 92 4
22850 - 92 2
22850 - 92 2
22850 # 1504
22850 + 92
22851 # 1504
22851 - 92 1
22851 # 1504
22851 # 1504
22851 # 1504
22853 # 1504
22853 # 1504
22853 + 92
22853 + 92
22855 # 1504
22855 - 92 2
22855 - 92 2
22855 + 92
22856 # 1504
22856 - 92 1
22857 + 92
22858 # 1504
22858 - 92 1
22860 # 1504
22861 # 1504
22861 + 92
22861 + 92
22863 + 92
22865 # 1504
22865 - 92 4
22865 - 92 4
22865 - 92 2
22865 # 1504
22865 + 92
22866 # 1504
22866 - 92 1
22867 + 92
22868 # 1504
22868 - 92 1
22869 + 92
22870 # 1504
22870 - 92 1
22871 # 1504
22872 + 92
22872 + 92
22873 # 1504
22873 - 92 1
22873 - 92 1
22874 # 1504
22875 + 92
22877 # 1504
22877 - 92 2
22877 # 1504
22877 + 92
22879 # 1504
22879 - 92 2
22879 + 92
22879 + 92
22880 # 1504
22880 - 92 1
22880 - 92 1
22881 + 92
22882 # 1504
22882 - 92 1
22885 # 1504
22885 # 1504
22889 # 1504
22890 # 1504
22892 # 1504
22892 + 92
22892 + 92
22894 # 1504
22894 - 92 2
22894 - 92 2
22894 + 92
22895 # 1504
22895 - 92 1
22896 + 92
22899 # 1504
22899 - 92 3
22899 # 1504
22900 # 1504
22902 # 1504
22902 + 92
22902 + 92
22902 + 92
22904 # 1504
22904 - 92 2
22904 - 92 2
22904 - 92 2
22907 # 1504
22907 # 1504
22909 # 1504
22909 + 92
22910 + 92
22911 + 92
22911 + 92
22911 + 92
22912 # 1504
22912 - 92 3
22912 - 92 2
22912 - 92 1
22912 - 92 1
22912 - 92 1
22913 + 92
22915 # 1504
22915 - 92 2
22916 # 1504
22918 # 1504
22920 # 1504
22921 # 1504
22923 # 1504
22923 + 92
22924 # 1504
22924 - 92 1
22924 + 92
22925 + 92
22926 # 1504
22926 - 92 2
22926 - 92 1
22926 + 92
22928 # 1504
22928 - 92 2
22928 + 92
22929 # 1504
22929 - 92 1
22931 # 1504
22931 + 92
22931 + 92
22933 # 1504
22933 - 92 2
22933 - 92 2
22933 + 92
22934 # 1504
22934 - 92 1
22935 + 92
22936 # 1504
22936 - 92 1
22938 # 1504
22939 + 92
22939 + 92
22940 # 1504
22940 - 92 1
22940 - 92 1
22942 + 92
22945 + 92
22946 + 92
22948 + 92
22948 + 92
22950 + 92
22952 + 92
22962 + 92
22962 + 92
22962 + 92
22962 + 92
22964 + 92
22967 # 1504
22967 - 92 25
22967 - 92 22
22967 - 92 21
22967 - 92 19
22967 - 92 19
22967 - 92 17
22967 - 92 15
22967 - 92 5
22967 - 92 5
22967 - 92 5
22967 - 92 5
22967 - 92 3
22967 # 1504
22967 # 1504
22967 # 1504
22967 # 1504
22967 # 1504
22968 # 1504
22968 # 1504
22968 # 1504
22968 # 1504
22968 # 1504
22968 # 1504
22968 # 1504
22969 # 1504
22969 # 1504
22969 # 1504
22969 # 1504
22970 # 1504
22971 # 1504
22972 # 1504
22973 # 1504
22973 + 92
22973 + 92
22973 + 92
22973 + 92
22973 + 92
22973 + 92
22975 + 92
22976 # 1504
22976 - 92 3
22976 - 92 3
22976 - 92 3
22976 - 92 3
22976 - 92 3
22976 - 92 3
22976 - 92 1
22977 + 92
22978 # 1504
22978 - 92 1
22979 # 1504
22979 + 92
22980 # 1504
22980 - 92 1
22981 # 1504
22981 + 92
22983 + 92
22985 # 1504
22985 - 92 4
22985 - 92 2
22985 # 1504
22985 + 92
22987 # 1504
22987 - 92 2
22987 + 92
22988 # 1504
22988 - 92 1
22991 # 1504
22993 # 1504
22993 + 92
22993 + 92
22993 + 92
22996 # 1504
22996 - 92 3
22996 - 92 3
22996 - 92 3
22996 # 1504
22996 + 92
22997 + 92
22998 # 1504
22998 - 92 2
22998 - 92 1
22998 + 92
22999 # 1504
22999 - 92 1
23001 # 1504
23002 # 1504
23004 # 1504
23005 # 1504
23007 # 1504
23008 + 92
23008 + 92
23008 + 92
23010 + 92
23011 # 1504
23011 - 92 3
23011 - 92 3
23011 - 92 3
23011 - 92 1
23013 # 1504
23013 # 1504
23015 # 1504
23016 # 1504
23016 + 92
23018 # 1504
23018 - 92 2
23020 # 1504
23021 # 1504
23024 # 1504
23024 # 1504
23024 + 92
23024 + 92
23027 # 1504
23027 - 92 3
23027 - 92 3
23028 # 1504
23029 # 1504
23030 # 1504
23030 + 92
23030 + 92
23030 + 92
23031 # 1504
23031 - 92 1
23031 - 92 1
23031 - 92 1
23033 # 1504
23034 # 1504
23035 # 1504
23036 # 1504
23037 # 1504
23037 + 92
23038 + 92
23038 + 92
23038 + 92
23038 + 92
23040 # 1504
23040 - 92 3
23040 - 92 2
23040 - 92 2
23040 - 92 2
23040 - 92 2
23047 # 1504
23048 + 92
23050 + 92
23050 + 92
23050 + 92
23051 # 1504
23051 - 92 3
23051 - 92 1
23051 - 92 1
23051 - 92 1
23051 # 1504
23051 # 1504
23051 # 1504
23051 # 1504
23051 # 1504
23051 # 1504
23052 # 1504
23052 # 1504
23052 + 92
23052 + 92
23056 # 1504
23056 - 92 4
23056 - 92 4
23056 # 1504
23056 # 1504
23062 + 92
23062 + 92
23062 + 92
23066 # 1504
23066 - 92 4
23066 - 92 4
23066 - 92 4
23066 # 1504
23066 # 1504
23066 # 1504
23068 + 92
23068 + 92
23068 + 92
23068 + 92
23068 + 92
23069 + 92
23071 # 1504
23071 - 92 3
23071 - 92 3
23071 - 92 3
23071 - 92 3
23071 - 92 3
23071 - 92 2
23071 + 92
23072 # 1504
23072 - 92 1
23072 # 1504
23072 # 1504
23074 + 92
23077 # 1504
23077 - 92 3
23077 # 1504
23077 # 1504
23077 # 1504
23077 # 1504
23083 # 1504
23083 # 1504
23083 + 92
23084 # 1504
23084 - 92 1
23084 # 1504
23084 # 1504
23084 # 1504
23084 + 92
23084 + 92
23084 + 92
23084 + 92
23085 # 1504
23085 - 92 1
23085 - 92 1
23085 - 92 1
23085 - 92 1
23086 # 1504
23086 + 92
23087 # 1504
23087 - 92 1
23088 # 1504
23088 + 92
23089 # 1504
23089 - 92 1
23092 + 92
23095 # 1504
23095 - 92 3
23095 # 1504
23095 # 1504
23095 # 1504
23096 # 1504
23096 # 1504
23098 + 92
23100 + 92
23104 + 92
23104 + 92
23106 # 1504
23106 - 92 8
23106 - 92 6
23106 - 92 2
23106 - 92 2
23106 # 1504
23106 # 1504
23106 # 1504
23106 # 1504
23106 # 1504
23106 # 1504
23106 # 1504
23106 + 92
23106 + 92
23106 + 92
23107 # 1504
23107 - 92 1
23107 - 92 1
23107 - 92 1
23108 # 1504
23109 + 92
23110 # 1504
23110 - 92 1
23110 + 92
23111 # 1504
23111 - 92 1
23111 # 1504
23112 + 92
23113 # 1504
23113 - 92 1
23114 # 1504
23115 + 92
23115 + 92
23117 # 1504
23117 - 92 2
23117 - 92 2
23117 # 1504
23117 # 1504
23118 # 1504
23119 # 1504
23119 + 92
23120 # 1504
23120 - 92 1
23121 # 1504
23123 # 1504
23128 + 92
23128 + 92
23128 + 92
23128 + 92
23128 + 92
23134 # 1504
23134 - 92 6
23134 - 92 6
23134 - 92 6
23134 - 92 6
23134 - 92 6
23134 # 1504
23137 # 1504
23138 # 1504
23138 + 92
23138 + 92
23138 + 92
23138 + 92
23138 + 92
23139 # 1504
23139 - 92 1
23139 - 92 1
23139 - 92 1
23139 - 92 1
23139 - 92 1
23139 # 1504
23143 # 1504
23144 # 1504
23144 # 1504
23149 + 92
23149 + 92
23149 + 92
23149 + 92
23149 + 92
23150 # 1504
23150 - 92 1
23150 - 92 1
23150 - 92 1
23150 - 92 1
23150 - 92 1
23151 + 92
23153 # 1504
23153 - 92 2
23153 # 1504
23153 + 92
23154 # 1504
23154 - 92 1
23155 # 1504
23155 + 92
23155 + 92
23157 # 1504
23157 - 92 2
23157 - 92 2
23157 # 1504
23157 # 1504
23157 # 1504
23157 # 1504
23157 + 92
23158 # 1504
23158 - 92 1
23159 # 1504
23160 # 1504
23162 # 1504
23162 # 1504
23163 # 1504
23165 # 1504
23166 # 1504
23167 # 1504
23167 + 92
23167 + 92
23168 # 1504
23168 - 92 1
23168 - 92 1
23169 + 92
23170 # 1504
23170 - 92 1
23171 # 1504
23172 # 1504
23173 + 92
23173 + 92
23173 + 92
23173 + 92
23174 + 92
23176 + 92
23178 + 92
23180 + 92
23182 + 92
23184 + 92
23186 + 92
23189 # 1504
23189 - 92 16
23189 - 92 16
23189 - 92 16
23189 - 92 16
23189 - 92 15
23189 - 92 13
23189 - 92 11
23189 - 92 9
23189 - 92 7
23189 - 92 5
23189 - 92 3
23191 # 1504
23192 + 92
23194 + 92
23194 + 92
23194 + 92
23196 + 92
23196 + 92
23198 + 92
23208 + 92
23208 + 92
23208 + 92
23208 + 92
23208 + 92
23211 + 92
23212 + 92
23215 + 92
23217 + 92
23217 + 92
23219 + 92
23221 # 1504
23221 - 92 29
23221 - 92 27
23221 - 92 27
23221 - 92 27
23221 - 92 25
23221 - 92 25
23221 - 92 23
23221 - 92 13
23221 - 92 13
23221 - 92 13
23221 - 92 13
23221 - 92 13
23221 - 92 10
23221 - 92 9
23221 - 92 6
23221 - 92 4
23221 # 1504
23221 - 92 4
23221 - 92 2
23221 # 1504
23221 # 1504
23221 # 1504
23221 # 1504
23221 # 1504
23221 # 1504
23221 # 1504
23221 # 1504
23221 # 1504
23221 # 1504
23221 + 92
23222 # 1504
23222 - 92 1
23222 # 1504
23222 # 1504
23222 # 1504
23222 # 1504
23222 # 1504
23222 # 1504
23222 # 1504
23222 # 1504
23222 # 1504
23222 # 1504
23222 # 1504
23222 # 1504
23222 # 1504
23223 # 1504
23223 # 1504
23223 # 1504
23223 # 1504
23223 + 92
23224 # 1504
23224 - 92 1
23224 # 1504
23224 # 1504
23224 # 1504
23225 + 92
23226 # 1504
23226 - 92 1
23226 + 92
23228 # 1504
23228 - 92 2
23229 # 1504
23229 + 92
23229 + 92
23230 # 1504
23230 - 92 1
23230 - 92 1
23231 + 92
23232 # 1504
23232 - 92 1
23233 # 1504
23233 + 92
23234 # 1504
23234 - 92 1
23235 + 92
23236 # 1504
23236 - 92 1
23238 # 1504
23239 # 1504
23240 # 1504
23242 # 1504
23243 # 1504
23244 # 1504
23244 + 92
23244 + 92
23246 # 1504
23246 - 92 2
23246 - 92 2
23248 # 1504
23248 + 92
23248 + 92
23248 + 92
23248 + 92
23248 + 92
23249 # 1504
23249 - 92 1
23249 - 92 1
23249 - 92 1
23249 - 92 1
23249 - 92 1
23251 # 1504
23251 + 92
23251 + 92
23253 # 1504
23253 - 92 2
23253 - 92 2
23261 + 92
23261 + 92
23265 # 1504
23265 - 92 4
23265 - 92 4
23265 # 1504
23265 # 1504
23265 # 1504
23265 # 1504
23266 # 1504
23266 # 1504
23267 # 1504
23267 + 92
23267 + 92
23273 + 92
23273 + 92
23277 # 1504
23277 - 92 10
23277 - 92 10
23277 - 92 4
23277 - 92 4
23279 # 1504
23279 # 1504
23279 # 1504
23279 # 1504
23279 # 1504
23281 + 92
23283 + 92
23283 + 92
23283 + 92
23283 + 92
23283 + 92
23286 # 1504
23286 - 92 5
23286 - 92 3
23286 - 92 3
23286 - 92 3
23286 - 92 3
23286 - 92 3
23286 # 1504
23286 + 92
23288 # 1504
23288 - 92 2
23289 # 1504
23296 + 92
23296 + 92
23296 + 92
23296 + 92
23296 + 92
23296 + 92
23300 + 92
23306 # 1504
23306 - 92 10
23306 - 92 10
23306 - 92 10
23306 - 92 10
23306 - 92 10
23306 - 92 10
23306 - 92 6
23306 # 1504
23306 # 1504
23306 # 1504
23306 # 1504
23306 # 1504
23306 # 1504
23308 + 92
23308 + 92
23308 + 92
23308 + 92
23309 # 1504
23309 - 92 1
23309 - 92 1
23309 - 92 1
23309 - 92 1
23309 # 1504
23309 + 92
23309 + 92
23310 # 1504
23310 - 92 1
23310 - 92 1
23311 + 92
23312 # 1504
23312 - 92 1
23314 # 1504
23314 + 92
23316 + 92
23316 + 92
23318 # 1504
23318 - 92 4
23318 - 92 2
23318 - 92 2
23318 # 1504
23318 + 92
23319 # 1504
23319 - 92 1
23319 # 1504
23320 # 1504
23320 + 92
23321 # 1504
23321 - 92 1
23322 # 1504
23322 + 92
23323 # 1504
23323 - 92 1
23324 + 92
23325 # 1504
23325 - 92 1
23325 + 92
23327 # 1504
23327 - 92 2
23327 # 1504
23327 + 92
23328 # 1504
23328 - 92 1
23329 # 1504
23329 + 92
23331 # 1504
23331 - 92 2
23332 # 1504
23332 + 92
23333 # 1504
23333 - 92 1
23334 # 1504
23336 # 1504
23337 # 1504
23338 # 1504
23340 # 1504
23341 # 1504
23342 # 1504
23342 + 92
23342 + 92
23342 + 92
23342 + 92
23344 + 92
23346 # 1504
23346 - 92 4
23346 - 92 4
23346 - 92 4
23346 - 92 4
23346 - 92 2
23347 # 1504
23347 # 1504
23347 + 92
23348 # 1504
23348 - 92 1
23350 # 1504
23351 # 1504
23355 + 92
23356 # 1504
23356 - 92 1
23356 # 1504
23356 # 1504
23356 # 1504
23357 # 1504
23357 + 92
23358 # 1504
23358 - 92 1
23359 # 1504
23359 + 92
23359 + 92
23359 + 92
23359 + 92
23360 # 1504
23360 - 92 1
23360 - 92 1
23360 - 92 1
23360 - 92 1
23361 # 1504
23363 # 1504
23364 # 1504
23365 # 1504
23366 # 1504
23367 + 92
23368 + 92
23373 + 92
23373 + 92
23373 + 92
23373 + 92
23374 + 92
23376 # 1504
23376 - 92 9
23376 - 92 8
23376 - 92 3
23376 - 92 3
23376 - 92 3
23376 - 92 3
23376 - 92 2
23376 # 1504
23376 + 92
23376 + 92
23378 + 92
23379 # 1504
23379 - 92 3
23379 - 92 3
23379 - 92 1
23379 # 1504
23379 # 1504
23379 # 1504
23379 # 1504
23379 # 1504
23379 # 1504
23380 # 1504
23381 # 1504
23382 # 1504
23383 # 1504
23384 # 1504
23385 # 1504
23386 # 1504
23389 + 92
23389 + 92
23389 + 92
23389 + 92
23389 + 92
23392 + 92
23393 # 1504
23393 - 92 4
23393 - 92 4
23393 - 92 4
23393 - 92 4
23393 - 92 4
23393 - 92 1
23393 # 1504
23394 + 92
23395 # 1504
23395 - 92 1
23396 # 1504
23396 + 92
23397 # 1504
23397 - 92 1
23397 + 92
23398 + 92
23399 # 1504
23399 - 92 2
23399 - 92 1
23401 # 1504
23403 # 1504
23404 # 1504
23405 # 1504
23407 # 1504
23408 # 1504
23408 + 92
23408 + 92
23408 + 92
23408 + 92
23408 + 92
23410 # 1504
23410 - 92 2
23410 - 92 2
23410 - 92 2
23410 - 92 2
23410 - 92 2
23410 + 92
23411 # 1504
23411 - 92 1
23412 + 92
23414 + 92
23416 + 92
23421 # 1504
23421 - 92 9
23421 - 92 7
23421 - 92 5
23423 # 1504
23423 # 1504
23423 # 1504
23426 # 1504
23426 # 1504
23427 + 92
23427 + 92
23427 + 92
23428 + 92
23428 + 92
23428 + 92
23429 + 92
23432 # 1504
23432 - 92 5
23432 - 92 5
23432 - 92 5
23432 - 92 4
23432 - 92 4
23432 - 92 4
23432 - 92 3
23433 # 1504
23433 # 1504
23434 # 1504
23434 # 1504
23434 # 1504
23434 # 1504
23434 + 92
23434 + 92
23435 # 1504
23435 - 92 1
23435 - 92 1
23436 # 1504
23436 + 92
23436 + 92
23438 # 1504
23438 - 92 2
23438 - 92 2
23439 # 1504
23439 + 92
23440 # 1504
23440 - 92 1
23444 # 1504
23444 # 1504
23445 # 1504
23446 # 1504
23448 # 1504
23448 + 92
23448 + 92
23448 + 92
23449 # 1504
23449 - 92 1
23449 - 92 1
23449 - 92 1
23449 + 92
23449 + 92
23450 # 1504
23450 - 92 1
23450 - 92 1
23451 + 92
23454 # 1504
23454 - 92 3
23454 # 1504
23454 + 92
23454 + 92
23456 # 1504
23456 - 92 2
23456 - 92 2
23456 # 1504
23457 + 92
23458 # 1504
23458 - 92 1
23459 # 1504
23460 # 1504
23461 + 92
23461 + 92
23462 + 92
23463 # 1504
23463 - 92 2
23463 - 92 2
23463 - 92 1
23464 # 1504
23464 + 92
23465 # 1504
23465 - 92 1
23466 # 1504
23466 + 92
23468 # 1504
23468 - 92 2
23468 + 92
23470 # 1504
23470 - 92 2
23470 # 1504
23470 + 92
23472 + 92
23472 + 92
23473 # 1504
23473 - 92 3
23473 - 92 1
23473 - 92 1
23474 + 92
23475 # 1504
23475 - 92 1
23475 + 92
23476 # 1504
23476 - 92 1
23478 # 1504
23479 # 1504
23479 + 92
23480 # 1504
23480 - 92 1
23481 # 1504
23481 + 92
23481 + 92
23482 # 1504
23482 - 92 1
23482 - 92 1
23482 + 92
23483 # 1504
23483 - 92 1
23484 + 92
23486 # 1504
23486 - 92 2
23486 # 1504
23486 + 92
23487 # 1504
23487 - 92 1
23488 # 1504
23488 + 92
23489 # 1504
23489 - 92 1
23491 # 1504
23493 # 1504
23493 # 1504
23495 # 1504
23496 # 1504
23497 # 1504
23498 # 1504
23498 + 92
23498 + 92
23498 + 92
23502 # 1504
23502 - 92 4
23502 - 92 4
23502 - 92 4
23502 # 1504
23503 # 1504
23505 # 1504
23506 # 1504
23506 + 92
23506 + 92
23506 + 92
23507 # 1504
23507 - 92 1
23507 - 92 1
23507 - 92 1
23510 + 92
23510 + 92
23512 + 92
23518 # 1504
23518 - 92 8
23518 - 92 8
23518 - 92 6
23518 # 1504
23518 # 1504
23518 # 1504
23522 + 92
23524 + 92
23525 # 1504
23525 - 92 3
23525 - 92 1
23526 # 1504
23526 # 1504
23527 # 1504
23527 # 1504
23529 # 1504
23529 # 1504
23530 # 1504
23532 + 92
23532 + 92
23532 + 92
23533 # 1504
23533 - 92 1
23533 - 92 1
23533 - 92 1
23534 # 1504
23535 # 1504
23535 # 1504
23536 # 1504
23536 + 92
23536 + 92
23539 + 92
23539 + 92
23547 # 1504
23547 - 92 11
23547 - 92 11
23547 - 92 8
23547 - 92 8
23547 # 1504
23547 # 1504
23547 # 1504
23547 # 1504
23547 # 1504
23547 # 1504
23547 # 1504
23549 # 1504
23549 # 1504
23550 # 1504
23552 # 1504
23553 # 1504
23553 + 92
23553 + 92
23554 # 1504
23554 - 92 1
23554 - 92 1
23554 + 92
23554 + 92
23554 + 92
23554 + 92
23555 # 1504
23555 - 92 1
23555 - 92 1
23555 - 92 1
23555 - 92 1
23556 # 1504
23557 # 1504
23564 + 92
23565 + 92
23566 # 1504
23566 - 92 2
23566 - 92 1
23566 # 1504
23566 # 1504
23570 # 1504
23570 # 1504
23570 # 1504
23570 # 1504
23570 # 1504
23570 # 1504
23570 # 1504
23571 # 1504
23571 + 92
23571 + 92
23573 # 1504
23573 - 92 2
23573 - 92 2
23573 + 92
23575 + 92
23577 + 92
23580 + 92
23582 + 92
23583 # 1504
23583 - 92 10
23583 - 92 8
23583 - 92 6
23583 - 92 3
23583 - 92 1
23583 # 1504
23584 # 1504
23584 # 1504
23584 + 92
23586 # 1504
23586 - 92 2
23587 # 1504
23587 # 1504
23587 # 1504
23587 + 92
23589 + 92
23593 + 92
23593 + 92
23595 + 92
23597 # 1504
23597 - 92 10
23597 - 92 8
23597 - 92 4
23597 - 92 4
23597 - 92 2
23597 # 1504
23597 # 1504
23597 # 1504
23597 # 1504
23597 + 92
23598 # 1504
23598 - 92 1
23604 # 1504
23607 # 1504
23608 # 1504
23608 + 92
23608 + 92
23608 + 92
23609 + 92
23609 + 92
23610 # 1504
23610 - 92 2
23610 - 92 2
23610 - 92 2
23610 - 92 1
23610 - 92 1
23611 + 92
23612 # 1504
23612 - 92 1
23613 # 1504
23613 # 1504
23613 # 1504
23615 + 92
23615 + 92
23618 + 92
23621 + 92
23621 + 92
23624 # 1504
23624 - 92 9
23624 - 92 9
23624 - 92 6
23624 - 92 3
23624 - 92 3
23624 + 92
23626 + 92
23627 # 1504
23627 - 92 3
23627 - 92 1
23629 # 1504
23629 # 1504
23629 # 1504
23631 + 92
23631 + 92
23633 # 1504
23633 - 92 2
23633 - 92 2
23633 # 1504
23635 + 92
23635 + 92
23638 + 92
23639 + 92
23640 # 1504
23640 - 92 5
23640 - 92 5
23640 - 92 2
23640 - 92 1
23640 # 1504
23641 # 1504
23641 + 92
23642 # 1504
23642 - 92 1
23642 + 92
23644 # 1504
23644 - 92 2
23645 # 1504
23646 # 1504
23648 # 1504
23652 + 92
23652 + 92
23652 + 92
23654 + 92
23656 + 92
23659 + 92
23660 # 1504
23660 - 92 8
23660 - 92 8
23660 - 92 8
23660 - 92 6
23660 - 92 4
23660 - 92 1
23660 # 1504
23660 # 1504
23660 # 1504
23660 # 1504
23661 # 1504
23663 # 1504
23663 + 92
23664 + 92
23666 # 1504
23666 - 92 3
23666 - 92 2
23667 # 1504
23669 # 1504
23670 # 1504
23670 + 92
23670 + 92
23673 # 1504
23673 - 92 3
23673 - 92 3
23673 + 92
23674 # 1504
23674 - 92 1
23676 # 1504
23679 # 1504
23680 # 1504
23682 # 1504
23684 # 1504
23684 + 92
23684 + 92
23684 + 92
23684 + 92
23686 # 1504
23686 - 92 2
23686 - 92 2
23686 - 92 2
23686 - 92 2
23686 + 92
23688 + 92
23689 # 1504
23689 - 92 3
23689 - 92 1
23689 # 1504
23690 + 92
23691 # 1504
23691 - 92 1
23692 # 1504
23697 + 92
23697 + 92
23697 + 92
23699 + 92
23702 + 92
23702 + 92
23704 # 1504
23704 - 92 7
23704 - 92 7
23704 - 92 7
23704 - 92 5
23704 - 92 2
23704 - 92 2
23705 # 1504
23705 + 92
23706 + 92
23709 + 92
23710 # 1504
23710 - 92 5
23710 - 92 4
23710 - 92 1
23711 # 1504
23711 # 1504
23711 # 1504
23712 + 92
23714 + 92
23716 + 92
23717 + 92
23719 # 1504
23719 - 92 7
23719 - 92 5
23719 - 92 3
23719 - 92 2
23719 # 1504
23719 # 1504
23719 # 1504
23720 + 92
23721 + 92
23723 + 92
23725 # 1504
23725 - 92 5
23725 - 92 4
23725 - 92 2
23725 # 1504
23725 # 1504
23725 # 1504
23726 # 1504
23726 + 92
23727 # 1504
23727 - 92 1
23728 + 92
23730 + 92
23732 + 92
23734 + 92
23737 # 1504
23737 - 92 9
23737 - 92 7
23737 - 92 5
23737 - 92 3
23737 # 1504
23737 # 1504
23737 # 1504
23738 # 1504
23738 + 92
23738 + 92
23740 + 92
23743 + 92
23745 + 92
23747 + 92
23750 + 92
23751 # 1504
23751 - 92 13
23751 - 92 13
23751 - 92 11
23751 - 92 8
23751 - 92 6
23751 - 92 4
23751 - 92 1
23751 # 1504
23751 # 1504
23751 + 92
23752 # 1504
23752 - 92 1
23753 # 1504
23753 + 92
23755 # 1504
23755 - 92 2
23755 + 92
23757 # 1504
23757 - 92 2
23760 # 1504
23762 # 1504
23764 + 92
23766 + 92
23770 + 92
23774 # 1504
23774 - 92 10
23774 - 92 8
23774 - 92 4
23774 # 1504
23774 # 1504
23774 # 1504
23775 # 1504
23775 # 1504
23775 + 92
23777 # 1504
23777 - 92 2
23778 # 1504
23778 + 92
23778 + 92
23781 + 92
23782 # 1504
23782 - 92 4
23782 - 92 4
23782 - 92 1
23782 # 1504
23784 # 1504
23785 + 92
23787 # 1504
23787 - 92 2
23787 + 92
23788 # 1504
23788 - 92 1
23789 + 92
23790 # 1504
23790 - 92 1
23792 # 1504
23794 # 1504
23796 # 1504
23798 # 1504
23799 + 92
23800 # 1504
23800 - 92 1
23803 # 1504
23805 # 1504
23808 # 1504
23809 # 1504
23809 + 92
23814 # 1504
23814 - 92 5
23814 # 1504
23815 # 1504
23818 # 1504
23820 # 1504
23820 + 92
23822 # 1504
23822 - 92 2
23822 + 92
23824 + 92
23826 # 1504
23826 - 92 4
23826 - 92 2
23826 + 92
23828 + 92
23829 # 1504
23829 - 92 3
23829 - 92 1
23830 # 1504
23832 # 1504
23834 # 1504
23836 # 1504
23837 # 1504
23839 # 1504
23839 + 92
23841 # 1504
23841 - 92 2
23844 + 92
23848 + 92
23850 # 1504
23850 - 92 6
23850 - 92 2
23850 # 1504
23850 + 92
23851 # 1504
23851 - 92 1
23853 # 1504
23854 # 1504
23855 + 92
23856 # 1504
23856 - 92 1
23859 # 1504
23859 + 92
23861 # 1504
23861 - 92 2
23861 + 92
23863 # 1504
23863 - 92 2
23864 + 92
23865 # 1504
23865 - 92 1
23866 # 1504
23869 # 1504
23870 # 1504
23872 # 1504
23874 # 1504
23874 + 92
23876 # 1504
23876 - 92 2
23877 # 1504
23877 + 92
23880 # 1504
23880 - 92 3
23880 + 92
23882 + 92
23883 # 1504
23883 - 92 3
23883 - 92 1
23884 # 1504
23886 # 1504
23886 + 92
23888 # 1504
23888 - 92 2
23888 + 92
23890 # 1504
23890 - 92 2
23891 # 1504
23893 # 1504
23895 # 1504
23901 + 92
23901 + 92
23905 + 92
23907 # 1504
23907 - 92 6
23907 - 92 6
23907 - 92 2
23907 # 1504
23907 # 1504
23907 # 1504
23907 # 1504
23908 + 92
23910 # 1504
23910 - 92 2
23911 # 1504
23912 # 1504
23913 + 92
23913 + 92
23916 # 1504
23916 - 92 3
23916 - 92 3
23917 # 1504
23920 # 1504
23920 + 92
23923 # 1504
23923 - 92 3
23923 + 92
23925 # 1504
23925 - 92 2
23926 # 1504
23927 + 92
23928 # 1504
23928 - 92 1
23929 + 92
23930 # 1504
23930 - 92 1
23932 # 1504
23933 # 1504
23933 + 92
23935 # 1504
23935 - 92 2
23936 # 1504
23936 + 92
23943 + 92
23943 + 92
23950 # 1504
23950 - 92 14
23950 - 92 7
23950 - 92 7
23953 # 1504
23953 + 92
23955 # 1504
23955 - 92 2
23955 # 1504
23955 # 1504
23957 + 92
23959 + 92
23960 # 1504
23960 - 92 3
23960 - 92 1
23961 + 92
23962 # 1504
23962 - 92 1
23965 # 1504
23967 # 1504
23970 # 1504
23972 # 1504
23972 + 92
23972 + 92
23972 + 92
23973 # 1504
23973 - 92 1
23973 - 92 1
23973 - 92 1
23975 # 1504
23976 # 1504
23978 # 1504
23980 # 1504
23980 + 92
23980 + 92
23980 + 92
23980 + 92
23983 # 1504
23983 - 92 3
23983 - 92 3
23983 - 92 3
23983 - 92 3
23983 + 92
23985 # 1504
23985 - 92 2
23985 + 92
23987 # 1504
23987 - 92 2
23988 # 1504
23988 + 92
23990 + 92
23991 # 1504
23991 - 92 3
23991 - 92 1
23993 # 1504
23993 # 1504
23995 # 1504
23998 # 1504
23998 + 92
23998 + 92
23999 # 1504
23999 - 92 1
23999 - 92 1
24000 + 92
24000 + 92
24001 # 1504
24001 - 92 1
24001 - 92 1
24002 # 1504
24005 # 1504
24007 # 1504
24009 # 1504
24009 + 92
24009 + 92
24010 # 1504
24010 - 92 1
24010 - 92 1
24011 # 1504
24013 + 92
24013 + 92
24024 # 1504
24024 - 92 11
24024 - 92 11
24024 # 1504
24024 # 1504
24026 + 92
24026 + 92
24026 + 92
24026 + 92
24027 # 1504
24027 - 92 1
24027 - 92 1
24027 - 92 1
24027 - 92 1
24028 + 92
24030 # 1504
24030 - 92 2
24030 # 1504
24030 + 92
24031 # 1504
24031 - 92 1
24032 + 92
24034 + 92
24037 + 92
24040 + 92
24040 + 92
24041 # 1504
24041 - 92 9
24041 - 92 7
24041 - 92 4
24041 - 92 1
24041 - 92 1
24041 # 1504
24041 # 1504
24041 # 1504
24041 # 1504
24041 # 1504
24042 + 92
24045 # 1504
24045 - 92 3
24046 # 1504
24047 # 1504
24048 # 1504
24050 # 1504
24051 # 1504
24052 + 92
24052 + 92
24053 # 1504
24053 - 92 1
24053 - 92 1
24054 + 92
24056 # 1504
24056 - 92 2
24057 + 92
24059 + 92
24061 # 1504
24061 - 92 4
24061 - 92 2
24062 # 1504
24062 # 1504
24062 + 92
24064 + 92
24065 # 1504
24065 - 92 3
24065 - 92 1
24066 # 1504
24066 + 92
24068 # 1504
24068 - 92 2
24068 + 92
24069 # 1504
24069 - 92 1
24069 + 92
24072 # 1504
24072 - 92 3
24073 + 92
24075 + 92
24076 # 1504
24076 - 92 3
24076 - 92 1
24076 # 1504
24077 # 1504
24077 + 92
24080 # 1504
24080 - 92 3
24080 + 92
24081 # 1504
24081 - 92 1
24082 # 1504
24082 + 92
24084 # 1504
24084 - 92 2
24086 # 1504
24087 + 92
24087 + 92
24088 # 1504
24088 - 92 1
24088 - 92 1
24089 # 1504
24089 + 92
24091 # 1504
24091 - 92 2
24092 + 92
24096 + 92
24096 + 92
24099 + 92
24100 # 1504
24100 - 92 8
24100 - 92 4
24100 - 92 4
24100 - 92 1
24100 + 92
24102 + 92
24104 # 1504
24104 - 92 4
24104 - 92 2
24105 + 92
24107 # 1504
24107 - 92 2
24107 # 1504
24107 # 1504
24107 + 92
24109 + 92
24113 + 92
24115 + 92
24116 # 1504
24116 - 92 9
24116 - 92 7
24116 - 92 3
24116 - 92 1
24116 # 1504
24117 # 1504
24119 + 92
24120 + 92
24121 # 1504
24121 - 92 2
24121 - 92 1
24122 # 1504
24122 # 1504
24122 # 1504
24122 # 1504
24122 + 92
24124 # 1504
24124 - 92 2
24124 + 92
24126 # 1504
24126 - 92 2
24128 # 1504
24128 # 1504
24128 + 92
24131 # 1504
24131 - 92 3
24133 # 1504
24138 + 92
24138 + 92
24144 # 1504
24144 - 92 6
24144 - 92 6
24144 # 1504
24144 # 1504
24144 # 1504
24144 # 1504
24144 + 92
24144 + 92
24144 + 92
24145 # 1504
24145 - 92 1
24145 - 92 1
24145 - 92 1
24147 # 1504
24149 # 1504
24151 + 92
24151 + 92
24151 + 92
24151 + 92
24152 + 92
24157 + 92
24157 + 92
24158 # 1504
24158 - 92 7
24158 - 92 7
24158 - 92 7
24158 - 92 7
24158 - 92 6
24158 - 92 1
24158 - 92 1
24159 # 1504
24159 # 1504
24159 # 1504
24159 # 1504
24161 # 1504
24166 + 92
24167 + 92
24169 # 1504
24169 - 92 3
24169 - 92 2
24169 # 1504
24169 # 1504
24169 # 1504
24172 + 92
24172 + 92
24172 + 92
24174 + 92
24176 + 92
24185 + 92
24185 + 92
24185 + 92
24186 + 92
24191 + 92
24192 + 92
24197 + 92
24197 + 92
24206 # 1504
24206 - 92 34
24206 - 92 34
24206 - 92 34
24206 - 92 32
24206 - 92 30
24206 - 92 21
24206 - 92 21
24206 - 92 21
24206 - 92 20
24206 - 92 15
24206 - 92 14
24206 - 92 9
24206 - 92 9
24206 # 1504
24206 # 1504
24206 # 1504
24207 # 1504
24207 # 1504
24207 # 1504
24207 # 1504
24207 # 1504
24207 # 1504
24207 # 1504
24207 # 1504
24207 # 1504
24207 # 1504
24207 # 1504
24207 # 1504
24207 # 1504
24212 # 1504
24213 # 1504
24215 # 1504
24215 # 1504
24215 # 1504
24219 + 92
24219 + 92
24219 + 92
24219 + 92
24221 # 1504
24221 - 92 2
24221 - 92 2
24221 - 92 2
24221 - 92 2
24221 # 1504
24221 # 1504
24223 # 1504
24225 # 1504
24227 # 1504
24228 + 92
24228 + 92
24231 + 92
24235 + 92
24236 # 1504
24236 - 92 8
24236 - 92 8
24236 - 92 5
24236 - 92 1
24236 # 1504
24236 # 1504
24236 # 1504
24236 # 1504
24236 + 92
24239 # 1504
24239 - 92 3
24239 # 1504
24240 + 92
24241 # 1504
24241 - 92 1
24245 # 1504
24245 + 92
24246 # 1504
24246 - 92 1
24247 + 92
24248 # 1504
24248 - 92 1
24249 # 1504
24249 + 92
24252 # 1504
24252 - 92 3
24253 + 92
24254 # 1504
24254 - 92 1
24254 # 1504
24255 + 92
24256 # 1504
24256 - 92 1
24259 # 1504
24261 # 1504
24262 # 1504
24264 # 1504
24265 # 1504
24266 + 92
24266 + 92
24269 + 92
24270 # 1504
24270 - 92 4
24270 - 92 4
24270 - 92 1
24274 # 1504
24276 # 1504
24276 # 1504
24279 # 1504
24280 + 92
24280 + 92
24280 + 92
24282 # 1504
24282 - 92 2
24282 - 92 2
24282 - 92 2
24282 + 92
24283 + 92
24284 # 1504
24284 - 92 2
24284 - 92 1
24284 # 1504
24285 + 92
24286 # 1504
24286 - 92 1
24288 + 92
24299 + 92
24299 + 92
24299 + 92
24299 + 92
24299 + 92
24301 # 1504
24301 - 92 13
24301 - 92 2
24301 - 92 2
24301 - 92 2
24301 - 92 2
24301 - 92 2
24301 # 1504
24301 # 1504
24301 # 1504
24301 + 92
24302 # 1504
24302 - 92 1
24302 # 1504
24302 # 1504
24302 # 1504
24303 # 1504
24303 + 92
24305 + 92
24306 # 1504
24306 - 92 3
24306 - 92 1
24309 # 1504
24310 + 92
24311 # 1504
24311 - 92 1
24313 # 1504
24314 # 1504
24316 # 1504
24318 + 92
24318 + 92
24318 + 92
24323 # 1504
24323 - 92 5
24323 - 92 5
24323 - 92 5
24323 # 1504
24323 # 1504
24324 # 1504
24325 # 1504
24328 + 92
24328 + 92
24328 + 92
24328 + 92
24338 + 92
24340 # 1504
24340 - 92 12
24340 - 92 12
24340 - 92 12
24340 - 92 12
24340 - 92 2
24340 # 1504
24341 + 92
24341 + 92
24341 + 92
24341 + 92
24345 # 1504
24345 - 92 4
24345 - 92 4
24345 - 92 4
24345 - 92 4
24345 # 1504
24345 + 92
24346 # 1504
24346 - 92 1
24347 + 92
24348 + 92
24349 # 1504
24349 - 92 2
24349 - 92 1
24350 # 1504
24361 # 1504
24361 + 92
24361 + 92
24361 + 92
24361 + 92
24363 # 1504
24363 - 92 2
24363 - 92 2
24363 - 92 2
24363 - 92 2
24363 # 1504
24363 + 92
24364 # 1504
24364 - 92 1
24364 # 1504
24364 # 1504
24366 + 92
24369 + 92
24374 # 1504
24374 - 92 8
24374 - 92 5
24374 # 1504
24374 # 1504
24375 # 1504
24375 # 1504
24377 # 1504
24377 + 92
24377 + 92
24379 # 1504
24379 - 92 2
24379 - 92 2
24381 # 1504
24384 # 1504
24385 # 1504
24385 + 92
24385 + 92
24386 # 1504
24386 - 92 1
24386 - 92 1
24387 + 92
24389 # 1504
24389 - 92 2
24389 + 92
24389 + 92
24389 + 92
24391 # 1504
24391 - 92 2
24391 - 92 2
24391 - 92 2
24393 # 1504
24395 # 1504
24397 # 1504
24400 # 1504
24400 + 92
24401 # 1504
24401 - 92 1
24401 + 92
24401 + 92
24402 + 92
24403 + 92
24404 # 1504
24404 - 92 3
24404 - 92 3
24404 - 92 2
24404 - 92 1
24404 + 92
24407 # 1504
24407 - 92 3
24407 + 92
24408 # 1504
24408 - 92 1
24412 # 1504
24412 # 1504
24415 # 1504
24415 # 1504
24417 # 1504
24419 + 92
24419 + 92
24419 + 92
24419 + 92
24420 # 1504
24420 - 92 1
24420 - 92 1
24420 - 92 1
24420 - 92 1
24420 + 92
24420 + 92
24422 # 1504
24422 - 92 2
24422 - 92 2
24422 + 92
24423 # 1504
24423 - 92 1
24424 # 1504
24424 + 92
24426 # 1504
24426 - 92 2
24426 + 92
24428 # 1504
24428 - 92 2
24428 + 92
24430 # 1504
24430 - 92 2
24430 + 92
24432 # 1504
24432 - 92 2
24432 + 92
24434 + 92
24436 + 92
24440 + 92
24450 + 92
24450 + 92
24450 + 92
24452 + 92
24454 + 92
24456 + 92
24467 # 1504
24467 - 92 35
24467 - 92 33
24467 - 92 31
24467 - 92 27
24467 - 92 17
24467 - 92 17
24467 - 92 17
24467 - 92 15
24467 - 92 13
24467 - 92 11
24467 # 1504
24467 # 1504
24467 # 1504
24467 # 1504
24468 # 1504
24468 # 1504
24468 # 1504
24468 # 1504
24468 # 1504
24468 # 1504
24468 # 1504
24468 # 1504
24468 # 1504
24468 # 1504
24468 # 1504
24468 # 1504
24468 # 1504
24468 + 92
24468 + 92
24468 + 92
24468 + 92
24468 + 92
24470 + 92
24471 # 1504
24471 - 92 3
24471 - 92 3
24471 - 92 3
24471 - 92 3
24471 - 92 3
24471 - 92 1
24472 # 1504
24472 + 92
24474 + 92
24474 + 92
24476 + 92
24479 # 1504
24479 - 92 7
24479 - 92 5
24479 - 92 5
24479 - 92 3
24480 # 1504
24482 # 1504
24485 # 1504
24485 # 1504
24486 + 92
24486 + 92
24486 + 92
24486 + 92
24487 # 1504
24487 - 92 1
24487 - 92 1
24487 - 92 1
24487 - 92 1
24488 + 92
24488 + 92
24491 + 92
24493 + 92
24499 # 1504
24499 - 92 11
24499 - 92 11
24499 - 92 8
24499 - 92 6
24499 # 1504
24499 # 1504
24499 # 1504
24499 # 1504
24499 # 1504
24500 # 1504
24502 # 1504
24502 + 92
24502 + 92
24502 + 92
24502 + 92
24502 + 92
24503 # 1504
24503 - 92 1
24503 - 92 1
24503 - 92 1
24503 - 92 1
24503 - 92 1
24504 + 92
24505 # 1504
24505 - 92 1
24507 + 92
24515 # 1504
24515 - 92 8
24515 # 1504
24515 # 1504
24515 # 1504
24515 # 1504
24516 + 92
24516 + 92
24517 # 1504
24517 - 92 1
24517 - 92 1
24517 # 1504
24519 # 1504
24521 # 1504
24523 # 1504
24525 # 1504
24525 + 92
24525 + 92
24525 + 92
24525 + 92
24526 # 1504
24526 - 92 1
24526 - 92 1
24526 - 92 1
24526 - 92 1
24526 + 92
24526 + 92
24528 # 1504
24528 - 92 2
24528 - 92 2
24529 # 1504
24539 + 92
24543 + 92
24543 + 92
24543 + 92
24543 + 92
24543 + 92
24543 + 92
24546 + 92
24548 + 92
24549 + 92
24550 # 1504
24550 - 92 11
24550 - 92 7
24550 - 92 7
24550 - 92 7
24550 - 92 7
24550 - 92 7
24550 - 92 7
24550 - 92 4
24550 - 92 2
24550 - 92 1
24550 # 1504
24550 # 1504
24550 # 1504
24552 + 92
24554 + 92
24555 + 92
24557 + 92
24560 + 92
24560 + 92
24562 # 1504
24562 - 92 10
24562 - 92 8
24562 - 92 7
24562 - 92 5
24562 - 92 2
24562 - 92 2
24562 # 1504
24562 # 1504
24563 # 1504
24563 # 1504
24563 # 1504
24563 # 1504
24563 # 1504
24563 # 1504
24563 # 1504
24563 # 1504
24564 # 1504
24564 # 1504
24565 # 1504
24565 + 92
24565 + 92
24566 # 1504
24566 - 92 1
24566 - 92 1
24568 # 1504
24569 + 92
24569 + 92
24570 # 1504
24570 - 92 1
24570 - 92 1
24571 # 1504
24573 # 1504
24575 # 1504
24575 + 92
24576 + 92
24577 # 1504
24577 - 92 2
24577 - 92 1
24578 # 1504
24578 + 92
24581 # 1504
24581 - 92 3
24581 # 1504
24583 + 92
24584 # 1504
24584 - 92 1
24585 # 1504
24585 + 92
24587 # 1504
24587 - 92 2
24588 + 92
24591 # 1504
24591 - 92 3
24591 # 1504
24601 # 1504
24601 # 1504
24601 # 1504
24601 # 1504
24601 # 1504
24602 # 1504
24603 # 1504
24603 + 92
24603 + 92
24603 + 92
24603 + 92
24605 # 1504
24605 - 92 2
24605 - 92 2
24605 - 92 2
24605 - 92 2
24606 + 92
24607 # 1504
24607 - 92 1
24608 # 1504
24610 # 1504
24611 # 1504
24613 # 1504
24614 # 1504
24615 + 92
24616 # 1504
24616 - 92 1
24616 + 92
24617 # 1504
24617 - 92 1
24620 # 1504
24620 + 92
24621 # 1504
24621 - 92 1
24622 # 1504
24623 # 1504
24625 # 1504
24625 + 92
24626 # 1504
24626 - 92 1
24628 # 1504
24628 + 92
24629 # 1504
24629 - 92 1
24630 + 92
24631 # 1504
24631 - 92 1
24632 # 1504
24632 + 92
24634 # 1504
24634 - 92 2
24634 + 92
24635 # 1504
24635 - 92 1
24635 + 92
24636 # 1504
24636 - 92 1
24638 + 92
24640 + 92
24643 # 1504
24643 - 92 5
24643 - 92 3
24643 + 92
24644 # 1504
24644 - 92 1
24644 + 92
24646 # 1504
24646 - 92 2
24647 # 1504
24649 + 92
24649 + 92
24652 + 92
24655 + 92
24657 + 92
24659 + 92
24663 + 92
24664 # 1504
24664 - 92 15
24664 - 92 15
24664 - 92 12
24664 - 92 9
24664 - 92 7
24664 - 92 5
24664 - 92 1
24664 # 1504
24665 # 1504
24665 # 1504
24665 + 92
24666 # 1504
24666 - 92 1
24666 + 92
24668 # 1504
24668 - 92 2
24676 + 92
24677 # 1504
24677 - 92 1
24680 # 1504
24684 # 1504
24684 # 1504
24685 # 1504
24685 + 92
24690 + 92
24691 # 1504
24691 - 92 6
24691 - 92 1
24692 + 92
24696 + 92
24698 + 92
24700 + 92
24704 + 92
24712 # 1504
24712 - 92 20
24712 - 92 16
24712 - 92 14
24712 - 92 12
24712 - 92 8
24712 # 1504
24713 # 1504
24714 # 1504
24715 # 1504
24715 + 92
24715 + 92
24717 + 92
24718 # 1504
24718 - 92 3
24718 - 92 3
24718 - 92 1
24719 + 92
24721 # 1504
24721 - 92 2
24721 + 92
24722 # 1504
24722 - 92 1
24723 + 92
24724 # 1504
24724 - 92 1
24725 + 92
24728 # 1504
24728 - 92 3
24728 + 92
24728 + 92
24730 # 1504
24730 - 92 2
24730 - 92 2
24730 + 92
24732 + 92
24734 + 92
24735 # 1504
24735 - 92 5
24735 - 92 3
24735 - 92 1
24738 # 1504
24743 + 92
24744 # 1504
24744 - 92 1
24746 + 92
24747 # 1504
24747 - 92 1
24750 + 92
24750 + 92
24750 + 92
24750 + 92
24752 # 1504
24752 - 92 2
24752 - 92 2
24752 - 92 2
24752 - 92 2
24756 # 1504
24758 + 92
24758 + 92
24759 + 92
24759 + 92
24761 # 1504
24761 - 92 3
24761 - 92 3
24761 - 92 2
24761 - 92 2
24761 + 92
24765 # 1504
24765 - 92 4
24767 + 92
24769 # 1504
24769 - 92 2
24769 + 92
24770 + 92
24772 # 1504
24772 - 92 3
24772 - 92 2
24775 # 1504
24779 # 1504
24781 # 1504
24782 + 92
24784 # 1504
24784 - 92 2
24784 + 92
24787 # 1504
24787 - 92 3
24787 + 92
24787 + 92
24789 + 92
24789 + 92
24789 + 92
24791 # 1504
24791 - 92 4
24791 - 92 4
24791 - 92 2
24791 - 92 2
24791 - 92 2
24794 # 1504
24801 # 1504
24803 + 92
24803 + 92
24803 + 92
24803 + 92
24804 # 1504
24804 - 92 1
24804 - 92 1
24804 - 92 1
24804 - 92 1
24807 # 1504
24810 # 1504
24813 # 1504
24813 + 92
24813 + 92
24813 + 92
24813 + 92
24816 # 1504
24816 - 92 3
24816 - 92 3
24816 - 92 3
24816 - 92 3
24819 # 1504
24821 + 92
24821 + 92
24821 + 92
24821 + 92
24824 # 1504
24824 - 92 3
24824 - 92 3
24824 - 92 3
24824 - 92 3
24826 # 1504
24827 + 92
24829 # 1504
24829 - 92 2
24831 # 1504
24832 + 92
24834 # 1504
24834 - 92 2
24835 + 92
24837 # 1504
24837 - 92 2
24839 + 92
24840 # 1504
24840 - 92 1
24840 + 92
24843 # 1504
24843 - 92 3
24845 + 92
24846 # 1504
24846 - 92 1
24849 # 1504
24849 + 92
24849 + 92
24852 # 1504
24852 - 92 3
24852 - 92 3
24853 + 92
24853 + 92
24854 # 1504
24854 - 92 1
24854 - 92 1
24857 # 1504
24858 + 92
24858 + 92
24858 + 92
24860 # 1504
24860 - 92 2
24860 - 92 2
24860 - 92 2
24860 + 92
24862 + 92
24863 # 1504
24863 - 92 3
24863 - 92 1
24864 + 92
24867 + 92
24869 + 92
24875 # 1504
24875 - 92 11
24875 - 92 8
24875 - 92 6
24877 # 1504
24879 + 92
24879 + 92
24885 + 92
24886 + 92
24887 + 92
24889 # 1504
24889 - 92 10
24889 - 92 10
24889 - 92 4
24889 - 92 3
24889 - 92 2
24889 + 92
24895 # 1504
24895 - 92 6
24897 # 1504
24901 # 1504
24901 + 92
24901 + 92
24903 # 1504
24903 - 92 2
24903 - 92 2
24904 + 92
24904 + 92
24904 + 92
24905 # 1504
24905 - 92 1
24905 - 92 1
24905 - 92 1
24907 + 92
24909 # 1504
24909 - 92 2
24909 + 92
24910 # 1504
24910 - 92 1
24913 # 1504
24914 # 1504
24916 # 1504
24918 # 1504
24919 + 92
24919 + 92
24924 # 1504
24924 - 92 5
24924 - 92 5
24924 + 92
24926 # 1504
24926 - 92 2
24926 + 92
24926 + 92
24926 + 92
24928 # 1504
24928 - 92 2
24928 - 92 2
24928 - 92 2
24928 + 92
24930 + 92
24931 # 1504
24931 - 92 3
24931 - 92 1
24933 # 1504
24933 + 92
24935 # 1504
24935 - 92 2
24937 # 1504
24942 # 1504
24943 # 1504
24943 + 92
24943 + 92
24943 + 92
24943 + 92
24946 # 1504
24946 - 92 3
24946 - 92 3
24946 - 92 3
24946 - 92 3
24947 + 92
24947 + 92
24949 # 1504
24949 - 92 2
24949 - 92 2
24949 + 92
24950 # 1504
24950 - 92 1
24952 # 1504
24953 + 92
24953 + 92
24955 # 1504
24955 - 92 2
24955 - 92 2
24958 # 1504
24959 # 1504
24961 # 1504
24964 # 1504
24964 + 92
24964 + 92
24964 + 92
24964 + 92
24965 + 92
24966 # 1504
24966 - 92 2
24966 - 92 2
24966 - 92 2
24966 - 92 2
24966 - 92 1
24967 + 92
24970 # 1504
24970 - 92 3
24974 # 1504
24974 + 92
24974 + 92
24977 # 1504
24977 - 92 3
24977 - 92 3
24981 # 1504
24982 # 1504
24983 + 92
24983 + 92
24983 + 92
24984 + 92
24986 # 1504
24986 - 92 3
24986 - 92 3
24986 - 92 3
24986 - 92 2
24986 + 92
24988 + 92
24989 # 1504
24989 - 92 3
24989 - 92 1
24990 # 1504
24990 + 92
24992 + 92
24993 # 1504
24993 - 92 3
24993 - 92 1
24995 # 1504
24995 + 92
24996 # 1504
24996 - 92 1
24998 # 1504
25001 # 1504
25002 # 1504
25004 + 92
25004 + 92
25005 # 1504
25005 - 92 1
25005 - 92 1
25006 # 1504
25009 + 92
25009 + 92
25009 + 92
25017 # 1504
25017 - 92 8
25017 - 92 8
25017 - 92 8
25017 + 92
25017 + 92
25019 # 1504
25019 - 92 2
25019 - 92 2
25023 # 1504
25025 # 1504
25025 # 1504
25026 + 92
25030 # 1504
25030 - 92 4
25030 + 92
25030 + 92
25032 + 92
25034 # 1504
25034 - 92 4
25034 - 92 4
25034 - 92 2
25034 # 1504
25035 + 92
25038 # 1504
25038 - 92 3
25043 # 1504
25047 # 1504
25047 + 92
25048 + 92
25048 + 92
25048 + 92
25050 + 92
25051 # 1504
25051 - 92 4
25051 - 92 3
25051 - 92 3
25051 - 92 3
25051 - 92 1
25052 + 92
25054 # 1504
25054 - 92 2
25055 + 92
25057 # 1504
25057 - 92 2
25058 + 92
25062 # 1504
25062 - 92 4
25063 # 1504
25065 # 1504
25068 # 1504
25068 + 92
25068 + 92
25068 + 92
25071 # 1504
25071 - 92 3
25071 - 92 3
25071 - 92 3
25072 # 1504
25072 + 92
25073 + 92
25073 + 92
25074 # 1504
25074 - 92 2
25074 - 92 1
25074 - 92 1
25076 # 1504
25076 + 92
25080 # 1504
25080 - 92 4
25081 # 1504
25083 # 1504
25085 # 1504
25087 # 1504
25087 + 92
25088 + 92
25089 # 1504
25089 - 92 2
25089 - 92 1
25091 # 1504
25091 + 92
25091 + 92
25091 + 92
25091 + 92
25093 # 1504
25093 - 92 2
25093 - 92 2
25093 - 92 2
25093 - 92 2
25094 + 92
25096 # 1504
25096 - 92 2
25096 + 92
25097 # 1504
25097 - 92 1
25099 # 1504
25103 # 1504
25103 + 92
25103 + 92
25104 # 1504
25104 - 92 1
25104 - 92 1
25104 + 92
25106 # 1504
25106 - 92 2
25106 + 92
25108 # 1504
25108 - 92 2
25109 + 92
25110 # 1504
25110 - 92 1
25111 + 92
25112 # 1504
25112 - 92 1
25113 + 92
25114 # 1504
25114 - 92 1
25115 + 92
25116 # 1504
25116 - 92 1
25117 + 92
25119 # 1504
25119 - 92 2
25121 + 92
25122 # 1504
25122 - 92 1
25123 + 92
25123 + 92
25124 # 1504
25124 - 92 1
25124 - 92 1
25126 # 1504
25130 # 1504
25132 # 1504
25134 # 1504
25134 + 92
25134 + 92
25135 # 1504
25135 - 92 1
25135 - 92 1
25135 + 92
25138 # 1504
25138 - 92 3
25138 + 92
25139 # 1504
25139 - 92 1
25140 + 92
25141 # 1504
25141 - 92 1
25143 # 1504
25144 + 92
25144 + 92
25145 # 1504
25145 - 92 1
25145 - 92 1
25146 # 1504
25146 + 92
25148 # 1504
25148 - 92 2
25149 + 92
25150 # 1504
25150 - 92 1
25152 # 1504
25152 + 92
25159 # 1504
25159 - 92 7
25161 # 1504
25162 + 92
25162 + 92
25163 # 1504
25163 - 92 1
25163 - 92 1
25165 # 1504
25167 # 1504
25169 # 1504
25170 + 92
25170 + 92
25171 # 1504
25171 - 92 1
25171 - 92 1
25173 # 1504
25174 + 92
25174 + 92
25174 + 92
25175 # 1504
25175 - 92 1
25175 - 92 1
25175 - 92 1
25177 # 1504
25177 + 92
25178 # 1504
25178 - 92 1
25179 + 92
25180 # 1504
25180 - 92 1
25182 # 1504
25184 # 1504
25185 + 92
25186 # 1504
25186 - 92 1
25186 + 92
25188 # 1504
25188 - 92 2
25189 + 92
25189 + 92
25190 # 1504
25190 - 92 1
25190 - 92 1
25192 # 1504
25193 + 92
25194 # 1504
25194 - 92 1
25196 # 1504
25198 # 1504
25200 # 1504
25202 # 1504
25203 + 92
25203 + 92
25203 + 92
25203 + 92
25204 # 1504
25204 - 92 1
25204 - 92 1
25204 - 92 1
25204 - 92 1
25205 # 1504
25205 + 92
25207 # 1504
25207 - 92 2
25208 + 92
25209 # 1504
25209 - 92 1
25210 + 92
25211 # 1504
25211 - 92 1
25213 # 1504
25214 # 1504
25214 + 92
25216 # 1504
25216 - 92 2
25217 + 92
25219 + 92
25220 # 1504
25220 - 92 3
25220 - 92 1
25221 # 1504
25221 + 92
25223 # 1504
25223 - 92 2
25223 + 92
25224 # 1504
25224 - 92 1
25226 # 1504
25228 + 92
25229 # 1504
25229 - 92 1
25230 # 1504
25231 # 1504
25233 # 1504
25235 # 1504
25237 + 92
25237 + 92
25237 + 92
25237 + 92
25238 # 1504
25238 - 92 1
25238 - 92 1
25238 - 92 1
25238 - 92 1
25239 + 92
25240 # 1504
25240 - 92 1
25241 + 92
25243 # 1504
25243 - 92 2
25243 # 1504
25243 + 92
25245 # 1504
25245 - 92 2
25246 + 92
25246 + 92
25247 # 1504
25247 - 92 1
25247 - 92 1
25249 # 1504
25251 + 92
25252 # 1504
25252 - 92 1
25252 + 92
25253 # 1504
25253 - 92 1
25255 # 1504
25255 + 92
25256 # 1504
25256 - 92 1
25258 # 1504
25260 + 92
25261 # 1504
25261 - 92 1
25261 # 1504
25263 # 1504
25265 # 1504
25268 # 1504
25270 # 1504
25270 # 1504
25273 + 92
25275 # 1504
25275 - 92 2
25277 # 1504
25277 + 92
25278 + 92
25278 + 92
25280 # 1504
25280 - 92 3
25280 - 92 2
25280 - 92 2
25280 + 92
25282 # 1504
25282 - 92 2
25283 + 92
25284 # 1504
25284 - 92 1
25286 + 92
25286 + 92
25287 # 1504
25287 - 92 1
25287 - 92 1
25288 # 1504
25289 + 92
25290 # 1504
25290 - 92 1
25292 # 1504
25292 + 92
25293 + 92
25294 # 1504
25294 - 92 2
25294 - 92 1
25295 + 92
25296 # 1504
25296 - 92 1
25296 + 92
25298 + 92
25300 # 1504
25300 - 92 4
25300 - 92 2
25301 # 1504
25302 # 1504
25302 + 92
25302 + 92
25304 # 1504
25304 - 92 2
25304 - 92 2
25306 # 1504
25306 + 92
25308 # 1504
25308 - 92 2
25309 # 1504
25311 # 1504
25313 # 1504
25315 # 1504
25315 + 92
25315 + 92
25315 + 92
25315 + 92
25317 + 92
25318 + 92
25318 + 92
25319 # 1504
25319 - 92 4
25319 - 92 4
25319 - 92 4
25319 - 92 4
25319 - 92 2
25319 - 92 1
25319 - 92 1
25319 # 1504
25320 # 1504
25322 # 1504
25322 + 92
25322 + 92
25324 # 1504
25324 - 92 2
25324 - 92 2
25326 + 92
25326 + 92
25327 # 1504
25327 - 92 1
25327 - 92 1
25329 # 1504
25330 # 1504
25331 # 1504
25334 # 1504
25334 # 1504
25334 + 92
25335 + 92
25337 + 92
25337 + 92
25338 # 1504
25338 - 92 4
25338 - 92 3
25338 - 92 1
25338 - 92 1
25339 # 1504
25341 # 1504
25342 # 1504
25343 # 1504
25346 # 1504
25346 # 1504
25348 + 92
25348 + 92
25348 + 92
25348 + 92
25348 + 92
25349 # 1504
25349 - 92 1
25349 - 92 1
25349 - 92 1
25349 - 92 1
25349 - 92 1
25350 + 92
25352 # 1504
25352 - 92 2
25355 # 1504
25355 # 1504
25356 # 1504
25360 # 1504
25361 # 1504
25361 + 92
25361 + 92
25361 + 92
25361 + 92
25361 + 92
25363 # 1504
25363 - 92 2
25363 - 92 2
25363 - 92 2
25363 - 92 2
25363 - 92 2
25363 # 1504
25365 # 1504
25366 # 1504
25369 # 1504
25370 + 92
25373 + 92
25375 + 92
25376 + 92
25376 + 92
25379 # 1504
25379 - 92 9
25379 - 92 6
25379 - 92 4
25379 - 92 3
25379 - 92 3
25379 # 1504
25379 # 1504
25379 # 1504
25379 # 1504
25379 # 1504
25380 # 1504
25380 + 92
25380 + 92
25382 # 1504
25382 - 92 2
25382 - 92 2
25382 + 92
25385 # 1504
25385 - 92 3
25388 # 1504
25391 # 1504
25391 + 92
25393 # 1504
25393 - 92 2
25393 # 1504
25394 # 1504
25395 # 1504
25396 + 92
25396 + 92
25396 + 92
25396 + 92
25397 # 1504
25397 - 92 1
25397 - 92 1
25397 - 92 1
25397 - 92 1
25397 + 92
25398 # 1504
25398 - 92 1
25401 # 1504
25401 # 1504
25402 # 1504
25404 + 92
25405 # 1504
25405 - 92 1
25405 # 1504
25405 + 92
25405 + 92
25407 # 1504
25407 - 92 2
25407 - 92 2
25408 # 1504
25408 + 92
25409 # 1504
25409 - 92 1
25410 + 92
25411 # 1504
25411 - 92 1
25412 # 1504
25412 + 92
25414 # 1504
25414 - 92 2
25415 # 1504
25416 # 1504
25416 + 92
25416 + 92
25417 # 1504
25417 - 92 1
25417 - 92 1
25418 # 1504
25420 # 1504
25421 # 1504
25422 # 1504
25423 # 1504
25424 # 1504
25426 # 1504
25426 + 92
25427 # 1504
25427 - 92 1
25428 # 1504
25428 + 92
25428 + 92
25428 + 92
25430 # 1504
25430 - 92 2
25430 - 92 2
25430 - 92 2
25431 # 1504
25432 # 1504
25433 # 1504
25435 # 1504
25436 # 1504
25436 + 92
25436 + 92
25437 # 1504
25437 - 92 1
25437 - 92 1
25439 # 1504
25440 # 1504
25441 # 1504
25441 + 92
25441 + 92
25442 # 1504
25442 - 92 1
25442 - 92 1
25448 # 1504
25448 # 1504
25448 # 1504
25449 # 1504
25450 # 1504
25451 # 1504
25453 # 1504
25454 # 1504
25454 + 92
25455 # 1504
25455 - 92 1
25456 # 1504
25456 + 92
25458 # 1504
25458 - 92 2
25459 # 1504
25459 + 92
25460 # 1504
25460 - 92 1
25462 # 1504
25463 + 92
25465 + 92
25467 + 92
25467 + 92
25471 # 1504
25471 - 92 8
25471 - 92 6
25471 - 92 4
25471 - 92 4
25471 # 1504
25471 # 1504
25471 # 1504
25471 # 1504
25471 # 1504
25471 + 92
25472 + 92
25473 # 1504
25473 - 92 2
25473 - 92 1
25473 + 92
25474 # 1504
25474 - 92 1
25476 # 1504
25476 # 1504
25477 + 92
25477 + 92
25478 # 1504
25478 - 92 1
25478 - 92 1
25478 + 92
25479 # 1504
25479 - 92 1
25480 # 1504
25481 # 1504
25481 + 92
25482 # 1504
25482 - 92 1
25484 + 92
25484 + 92
25485 # 1504
25485 - 92 1
25485 - 92 1
25485 # 1504
25486 # 1504
25487 # 1504
25488 + 92
25488 + 92
25489 # 1504
25489 - 92 1
25489 - 92 1
25491 # 1504
25491 # 1504
25491 + 92
25492 # 1504
25492 - 92 1
25493 + 92
25503 + 92
25504 # 1504
25504 - 92 11
25504 - 92 1
25504 # 1504
25504 # 1504
25504 # 1504
25505 # 1504
25505 + 92
25505 + 92
25506 # 1504
25506 - 92 1
25506 - 92 1
25506 # 1504
25506 # 1504
25509 # 1504
25510 # 1504
25511 # 1504
25512 # 1504
25512 + 92
25512 + 92
25513 # 1504
25513 - 92 1
25513 - 92 1
25514 # 1504
25515 # 1504
25516 # 1504
25517 # 1504
25519 # 1504
25520 # 1504
25521 # 1504
25523 # 1504
25525 # 1504
25525 # 1504
25527 # 1504
25527 + 92
25528 # 1504
25528 - 92 1
25531 # 1504
25532 # 1504
25540 # 1504
25541 # 1504
25541 # 1504
25541 # 1504
25541 # 1504
25541 # 1504
25541 # 1504
25547 + 92
25547 + 92
25548 + 92
25549 # 1504
25549 - 92 2
25549 - 92 2
25549 - 92 1
25549 # 1504
25549 # 1504
25553 + 92
25554 # 1504
25554 - 92 1
25554 # 1504
25554 # 1504
25554 # 1504
25555 # 1504
25555 # 1504
25555 # 1504
25555 + 92
25556 # 1504
25556 - 92 1
25557 + 92
25558 # 1504
25558 - 92 1
25558 + 92
25562 + 92
25565 + 92
25566 # 1504
25566 - 92 8
25566 - 92 4
25566 - 92 1
25566 # 1504
25567 # 1504
25567 # 1504
25567 # 1504
25567 # 1504
25567 # 1504
25567 # 1504
25567 + 92
25571 # 1504
25571 - 92 4
25571 # 1504
25576 + 92
25576 + 92
25576 + 92
25578 + 92
25580 + 92
25581 # 1504
25581 - 92 5
25581 - 92 5
25581 - 92 5
25581 - 92 3
25581 - 92 1
25582 + 92
25582 + 92
25584 # 1504
25584 - 92 2
25584 - 92 2
25585 # 1504
25585 # 1504
25585 # 1504
25586 + 92
25589 # 1504
25589 - 92 3
25589 # 1504
25589 # 1504
25590 + 92
25592 + 92
25595 + 92
25596 + 92
25597 # 1504
25597 - 92 7
25597 - 92 5
25597 - 92 2
25597 - 92 1
25601 + 92
25605 + 92
25605 + 92
25606 # 1504
25606 - 92 5
25606 - 92 1
25606 - 92 1
25606 # 1504
25606 + 92
25608 # 1504
25608 - 92 2
25609 # 1504
25609 + 92
25611 + 92
25613 # 1504
25613 - 92 4
25613 - 92 2
25614 + 92
25615 # 1504
25615 - 92 1
25617 # 1504
25617 # 1504
25618 # 1504
25618 + 92
25620 + 92
25622 + 92
25624 + 92
25626 # 1504
25626 - 92 8
25626 - 92 6
25626 - 92 4
25626 - 92 2
25627 # 1504
25627 # 1504
25627 + 92
25628 # 1504
25628 - 92 1
25628 # 1504
25628 # 1504
25628 # 1504
25629 # 1504
25630 + 92
25632 # 1504
25632 - 92 2
25632 + 92
25634 # 1504
25634 - 92 2
25636 + 92
25639 + 92
25639 + 92
25641 + 92
25643 # 1504
25643 - 92 7
25643 - 92 4
25643 - 92 4
25643 - 92 2
25644 # 1504
25644 # 1504
25644 # 1504
25644 + 92
25645 # 1504
25645 - 92 1
25646 # 1504
25646 + 92
25647 # 1504
25647 - 92 1
25648 + 92
25650 # 1504
25650 - 92 2
25651 + 92
25652 # 1504
25652 - 92 1
25652 + 52
25654 # 1504
25654 - 52 2
25654 + 92
25656 # 1504
25656 - 92 2
25656 + 92
25658 + 92
25659 # 1504
25659 - 92 3
25659 - 92 1
25660 + 92
25661 # 1504
25661 - 92 1
25662 + 92
25664 # 1504
25664 - 92 2
25664 # 1504
25664 + 92
25666 # 1504
25666 - 92 2
25667 + 92
25668 # 1504
25668 - 92 1
25669 + 92
25670 # 1504
25670 - 92 1
25670 + 92
25671 # 1504
25671 - 92 1
25673 + 92
25676 # 1504
25676 - 92 3
25677 + 92
25678 # 1504
25678 - 92 1
25679 # 1504
25680 # 1504
25683 # 1504
25684 # 1504
25685 # 1504
25686 + 92
25686 + 92
25687 + 92
25688 # 1504
25688 - 92 2
25688 - 92 2
25688 - 92 1
25689 # 1504
25690 # 1504
25692 # 1504
25693 # 1504
25694 # 1504
25696 # 1504
25698 # 1504
25699 + 92
25699 + 92
25706 + 92
25706 + 92
25709 + 92
25720 + 92
25720 + 92
25720 + 92
25726 + 92
25728 + 92
25737 # 1504
25737 - 92 38
25737 - 92 38
25737 - 92 31
25737 - 92 31
25737 - 92 28
25737 - 92 17
25737 - 92 17
25737 - 92 17
25737 - 92 11
25737 - 92 9
25737 # 1504
25737 # 1504
25737 # 1504
25737 # 1504
25737 # 1504
25737 # 1504
25738 # 1504
25738 # 1504
25738 # 1504
25738 # 1504
25738 # 1504
25738 # 1504
25738 # 1504
25738 # 1504
25738 # 1504
25738 # 1504
25739 # 1504
25739 # 1504
25739 # 1504
25739 # 1504
25739 # 1504
25739 # 1504
25739 # 1504
25739 # 1504
25739 # 1504
25740 # 1504
25742 + 92
25746 + 92
25751 # 1504
25751 - 92 9
25751 - 92 5
25751 # 1504
25751 # 1504
25751 # 1504
25759 + 92
25759 + 92
25760 # 1504
25760 - 92 1
25760 - 92 1
25760 # 1504
25760 # 1504
25760 # 1504
25760 # 1504
25760 # 1504
25760 + 92
25761 # 1504
25761 - 92 1
25762 # 1504
25763 # 1504
25765 # 1504
25767 + 92
25768 # 1504
25768 - 92 1
25770 # 1504
25770 # 1504
25772 + 92
25773 # 1504
25773 - 92 1
25775 # 1504
25775 # 1504
25776 # 1504
25778 # 1504
25778 + 92
25779 # 1504
25779 - 92 1
25782 # 1504
25782 # 1504
25782 + 92
25784 + 92
25785 # 1504
25785 - 92 3
25785 - 92 1
25785 # 1504
25786 + 92
25788 # 1504
25788 - 92 2
25790 # 1504
25791 # 1504
25792 # 1504
25793 # 1504
25795 # 1504
25798 # 1504
25798 + 92
25799 # 1504
25799 - 92 1
25799 + 92
25800 # 1504
25800 - 92 1
25800 + 92
25801 # 1504
25801 - 92 1
25802 # 1504
25808 + 92
25808 + 92
25814 # 1504
25814 - 92 6
25814 - 92 6
25814 # 1504
25814 # 1504
25814 # 1504
25814 + 92
25816 + 92
25820 # 1504
25820 - 92 6
25820 - 92 4
25821 + 92
25824 # 1504
25824 - 92 3
25824 # 1504
25824 # 1504
25824 # 1504
25824 + 92
25825 # 1504
25825 - 92 1
25825 # 1504
25835 + 92
25835 + 92
25836 + 92
25838 # 1504
25838 - 92 3
25838 - 92 3
25838 - 92 2
25838 # 1504
25838 # 1504
25838 # 1504
25839 # 1504
25839 # 1504
25839 # 1504
25839 # 1504
25839 # 1504
25839 + 92
25841 # 1504
25841 - 92 2
25841 # 1504
25849 + 92
25849 + 92
25849 + 92
25852 + 92
25854 # 1504
25854 - 92 5
25854 - 92 5
25854 - 92 5
25854 - 92 2
25854 # 1504
25854 + 92
25855 # 1504
25855 - 92 1
25855 # 1504
25855 # 1504
25855 # 1504
25856 # 1504
25863 + 92
25863 + 92
25867 # 1504
25867 - 92 4
25867 - 92 4
25867 # 1504
25867 # 1504
25867 # 1504
25867 # 1504
25867 # 1504
25867 + 92
25870 + 92
25872 + 92
25873 # 1504
25873 - 92 6
25873 - 92 3
25873 - 92 1
25873 # 1504
25873 # 1504
25873 # 1504
25879 + 92
25880 # 1504
25880 - 92 1
25883 # 1504
25883 + 92
25885 # 1504
25885 - 92 2
25885 # 1504
25886 # 1504
25886 # 1504
25887 + 92
25890 # 1504
25890 - 92 3
25891 + 92
25894 # 1504
25894 - 92 3
25894 + 92
25899 # 1504
25899 - 92 5
25899 # 1504
25899 # 1504
25899 # 1504
25900 # 1504
25900 # 1504
25902 # 1504
25903 # 1504
25906 # 1504
25907 # 1504
25908 + 92
25908 + 92
25908 + 92
25908 + 92
25910 # 1504
25910 - 92 2
25910 - 92 2
25910 - 92 2
25910 - 92 2
25911 + 92
25913 # 1504
25913 - 92 2
25913 + 92
25915 # 1504
25915 - 92 2
25916 + 92
25917 + 92
25918 # 1504
25918 - 92 2
25918 - 92 1
25918 # 1504
25919 + 92
25921 # 1504
25921 - 92 2
25924 # 1504
25924 # 1504
25925 + 92
25926 # 1504
25926 - 92 1
25929 # 1504
25930 # 1504
25933 # 1504
25935 + 92
25944 # 1504
25944 - 92 9
25944 # 1504
25944 # 1504
25946 + 92
25948 # 1504
25948 - 92 2
25948 # 1504
25950 # 1504
25954 # 1504
25956 + 92
25956 + 92
25959 # 1504
25959 - 92 3
25959 - 92 3
25959 # 1504
25959 # 1504
25959 # 1504
25959 # 1504
25960 # 1504
25963 # 1504
25965 # 1504
25965 # 1504
25966 # 1504
25966 + 92
25968 # 1504
25968 - 92 2
25970 # 1504
25972 # 1504
25973 # 1504
25974 # 1504
25976 # 1504
25978 + 92
25978 + 92
25979 # 1504
25979 - 92 1
25979 - 92 1
25980 # 1504
25980 # 1504
25982 # 1504
25985 # 1504
25985 # 1504
25987 + 92
25988 # 1504
25988 - 92 1
25988 # 1504
25990 # 1504
25993 # 1504
25993 # 1504
25993 + 92
25995 + 92
25996 # 1504
25996 - 92 3
25996 - 92 1
25996 # 1504
25997 + 92
25999 # 1504
25999 - 92 2
25999 + 92
26001 # 1504
26001 - 92 2
26003 # 1504
26008 + 92
26012 # 1504
26012 - 92 4
26012 # 1504
26012 # 1504
26012 # 1504
26012 # 1504
26013 # 1504
26013 # 1504
26014 # 1504
26017 # 1504
26017 # 1504
26018 # 1504
26019 + 92
26021 # 1504
26021 - 92 2
26024 # 1504
26024 # 1504
26024 + 92
26026 # 1504
26026 - 92 2
26026 # 1504
26030 # 1504
26032 # 1504
26038 + 92
26038 + 92
26038 + 92
26038 + 92
26042 # 1504
26042 - 92 4
26042 - 92 4
26042 - 92 4
26042 - 92 4
26042 # 1504
26042 # 1504
26042 # 1504
26042 # 1504
26046 + 92
26046 + 92
26051 + 92
26056 + 92
26058 + 92
26061 + 92
26063 + 92
26065 + 92
26075 + 92
26090 + 92
26090 + 92
26090 + 92
26092 + 92
26100 + 92
26117 # 1504
26117 - 92 71
26117 - 92 71
26117 - 92 66
26117 - 92 61
26117 - 92 59
26117 - 92 56
26117 - 92 54
26117 - 92 52
26117 - 92 42
26117 - 92 27
26117 - 92 27
26117 - 92 27
26117 - 92 25
26117 - 92 17
26117 # 1504
26117 # 1504
26117 # 1504
26117 # 1504
26118 # 1504
26118 # 1504
26118 # 1504
26118 # 1504
26118 # 1504
26118 # 1504
26118 # 1504
26118 # 1504
26119 # 1504
26119 # 1504
26119 # 1504
26119 # 1504
26119 # 1504
26119 # 1504
26119 # 1504
26120 # 1504
26120 # 1504
26120 # 1504
26120 # 1504
26120 # 1504
26120 # 1504
26120 # 1504
26121 # 1504
26121 # 1504
26121 # 1504
26121 # 1504
26121 # 1504
26121 # 1504
26121 # 1504
26121 # 1504
26132 # 1504
26133 # 1504
26133 # 1504
26133 # 1504
26133 # 1504
26133 # 1504
26133 # 1504
26133 # 1504
26133 + 92
26133 + 92
26136 # 1504
26136 - 92 3
26136 - 92 3
26137 + 92
26137 + 92
26138 # 1504
26138 - 92 1
26138 - 92 1
26141 # 1504
26143 # 1504
26144 # 1504
26144 + 92
26146 # 1504
26146 - 92 2
26148 # 1504
26149 # 1504
26151 # 1504
26152 # 1504
26153 + 92
26154 # 1504
26154 - 92 1
26155 # 1504
26157 # 1504
26157 + 92
26159 # 1504
26159 - 92 2
26160 # 1504
26161 + 92
26161 + 92
26162 # 1504
26162 - 92 1
26162 - 92 1
26163 # 1504
26165 + 92
26166 # 1504
26166 - 92 1
26166 # 1504
26168 # 1504
26169 # 1504
26169 + 92
26172 # 1504
26172 - 92 3
26172 # 1504
26172 + 92
26174 # 1504
26174 - 92 2
26174 + 92
26175 # 1504
26175 - 92 1
26176 # 1504
26176 + 92
26185 # 1504
26185 - 92 9
26185 # 1504
26185 # 1504
26185 # 1504
26186 # 1504
26187 # 1504
26196 # 1504
26198 + 92
26198 + 92
26207 # 1504
26207 - 92 9
26207 - 92 9
26207 # 1504
26208 # 1504
26209 + 92
26219 + 92
26220 # 1504
26220 - 92 11
26220 - 92 1
26220 # 1504
26220 # 1504
26220 # 1504
26220 # 1504
26220 # 1504
26220 # 1504
26220 # 1504
26220 # 1504
26225 # 1504
26225 # 1504
26230 + 92
26230 + 92
26230 + 92
26233 # 1504
26233 - 92 3
26233 - 92 3
26233 - 92 3
26233 # 1504
26235 # 1504
26236 # 1504
26236 # 1504
26236 # 1504
26239 + 92
26243 + 92
26247 + 92
26248 # 1504
26248 - 92 9
26248 - 92 5
26248 - 92 1
26249 # 1504
26249 # 1504
26249 # 1504
26249 # 1504
26250 # 1504
26251 # 1504
26251 + 92
26252 # 1504
26252 - 92 1
26254 # 1504
26256 # 1504
26259 # 1504
26261 # 1504
26262 + 92
26263 # 1504
26263 - 92 1
26265 # 1504
26269 # 1504
26271 # 1504
26275 # 1504
26275 # 1504
26277 # 1504
26277 + 92
26279 # 1504
26279 - 92 2
26282 # 1504
26284 # 1504
26286 # 1504
26287 # 1504
26292 # 1504
26292 # 1504
26294 # 1504
26294 + 92
26294 + 92
26296 # 1504
26296 - 92 2
26296 - 92 2
26297 + 92
26299 # 1504
26299 - 92 2
26299 + 92
26301 # 1504
26301 - 92 2
26302 # 1504
26304 # 1504
26309 # 1504
26309 + 92
26310 # 1504
26310 - 92 1
26310 + 92
26312 # 1504
26312 - 92 2
26312 + 92
26315 # 1504
26315 - 92 3
26315 + 92
26317 # 1504
26317 - 92 2
26317 + 92
26319 # 1504
26319 - 92 2
26321 # 1504
26324 # 1504
26326 # 1504
26329 # 1504
26330 # 1504
26330 + 92
26331 # 1504
26331 - 92 1
26333 # 1504
26333 + 92
26335 # 1504
26335 - 92 2
26336 + 92
26337 + 92
26338 # 1504
26338 - 92 2
26338 - 92 1
26340 # 1504
26341 # 1504
26343 # 1504
26346 # 1504
26347 # 1504
26347 + 92
26349 # 1504
26349 - 92 2
26351 # 1504
26351 + 92
26351 + 92
26353 # 1504
26353 - 92 2
26353 - 92 2
26354 # 1504
26356 # 1504
26358 + 92
26358 + 92
26360 # 1504
26360 - 92 2
26360 - 92 2
26362 # 1504
26364 # 1504
26365 # 1504
26368 + 92
26369 # 1504
26369 - 92 1
26371 # 1504
26373 # 1504
26374 + 92
26376 # 1504
26376 - 92 2
26377 + 92
26379 # 1504
26379 - 92 2
26382 # 1504
26382 # 1504
26384 # 1504
26386 # 1504
26388 # 1504
26389 + 92
26389 + 92
26390 # 1504
26390 - 92 1
26390 - 92 1
26392 # 1504
26392 + 92
26393 # 1504
26393 - 92 1
26395 # 1504
26396 + 92
26398 # 1504
26398 - 92 2
26400 # 1504
26402 # 1504
26403 # 1504
26405 # 1504
26407 # 1504
26410 + 92
26412 # 1504
26412 - 92 2
26413 # 1504
26413 # 1504
26414 + 92
26418 # 1504
26418 - 92 4
26419 # 1504
26419 + 92
26421 # 1504
26421 - 92 2
26423 # 1504
26423 + 92
26425 # 1504
26425 - 92 2
26426 # 1504
26427 + 92
26428 # 1504
26428 - 92 1
26430 + 92
26431 # 1504
26431 - 92 1
26433 # 1504
26433 + 92
26434 + 92
26435 # 1504
26435 - 92 2
26435 - 92 1
26436 # 1504
26438 + 92
26439 # 1504
26439 - 92 1
26440 + 92
26441 # 1504
26441 - 92 1
26443 # 1504
26443 + 92
26447 # 1504
26447 - 92 4
26448 # 1504
26452 # 1504
26454 # 1504
26454 + 92
26455 # 1504
26455 - 92 1
26456 # 1504
26457 + 92
26458 # 1504
26458 - 92 1
26458 + 92
26461 # 1504
26461 - 92 3
26463 # 1504
26465 # 1504
26465 + 92
26465 + 92
26466 + 92
26467 # 1504
26467 - 92 2
26467 - 92 2
26467 - 92 1
26467 + 92
26470 # 1504
26470 - 92 3
26470 + 92
26471 # 1504
26471 - 92 1
26471 + 92
26473 # 1504
26473 - 92 2
26474 + 92
26475 # 1504
26475 - 92 1
26476 # 1504
26476 + 92
26479 # 1504
26479 - 92 3
26480 + 92
26481 # 1504
26481 - 92 1
26482 # 1504
26482 + 92
26483 # 1504
26483 - 92 1
26486 # 1504
26487 # 1504
26487 + 92
26487 + 92
26489 # 1504
26489 - 92 2
26489 - 92 2
26490 # 1504
26491 + 92
26493 # 1504
26493 - 92 2
26493 + 92
26495 # 1504
26495 - 92 2
26495 + 92
26496 # 1504
26496 - 92 1
26499 # 1504
26499 + 92
26500 # 1504
26500 - 92 1
26500 + 92
26501 # 1504
26501 - 92 1
26503 # 1504
26503 + 92
26505 # 1504
26505 - 92 2
26506 + 92
26508 # 1504
26508 - 92 2
26509 # 1504
26512 # 1504
26515 # 1504
26515 + 92
26516 # 1504
26516 - 92 1
26518 # 1504
26518 + 92
26519 # 1504
26519 - 92 1
26521 # 1504
26524 + 92
26525 # 1504
26525 - 92 1
26525 # 1504
26526 + 92
26529 # 1504
26529 - 92 3
26529 + 92
26530 # 1504
26530 - 92 1
26530 # 1504
26531 + 92
26533 # 1504
26533 - 92 2
26534 # 1504
26536 # 1504
26537 + 92
26537 + 92
26538 # 1504
26538 - 92 1
26538 - 92 1
26540 # 1504
26541 # 1504
26543 # 1504
26547 # 1504
26547 # 1504
26549 # 1504
26550 # 1504
26552 + 92
26552 + 92
26553 # 1504
26553 - 92 1
26553 - 92 1
26554 # 1504
26555 # 1504
26556 # 1504
26557 + 92
26557 + 92
26557 + 92
26557 + 92
26558 # 1504
26558 - 92 1
26558 - 92 1
26558 - 92 1
26558 - 92 1
26559 + 92
26560 # 1504
26560 - 92 1
26560 + 92
26561 # 1504
26561 - 92 1
26563 # 1504
26563 + 92
26565 # 1504
26565 - 92 2
26565 + 92
26566 # 1504
26566 - 92 1
26568 + 92
26569 # 1504
26569 - 92 1
26570 # 1504
26570 + 92
26571 # 1504
26571 - 92 1
26574 # 1504
26574 + 92
26575 # 1504
26575 - 92 1
26577 # 1504
26577 + 92
26578 + 92
26580 # 1504
26580 - 92 3
26580 - 92 2
26581 # 1504
26582 # 1504
26582 + 92
26583 # 1504
26583 - 92 1
26584 + 92
26584 + 92
26585 # 1504
26585 - 92 1
26585 - 92 1
26587 # 1504
26588 # 1504
26589 # 1504
26591 # 1504
26592 # 1504
26593 + 92
26593 + 92
26593 + 92
26595 # 1504
26595 - 92 2
26595 - 92 2
26595 - 92 2
26596 # 1504
26596 # 1504
26596 + 92
26599 # 1504
26599 - 92 3
26600 # 1504
26601 # 1504
26601 + 92
26604 # 1504
26604 - 92 3
26605 # 1504
26605 + 92
26605 + 92
26606 # 1504
26606 - 92 1
26606 - 92 1
26607 # 1504
26608 # 1504
26613 + 92
26615 + 92
26617 # 1504
26617 - 92 4
26617 - 92 2
26617 # 1504
26622 + 92
26622 + 92
26624 # 1504
26624 - 92 2
26624 - 92 2
26624 # 1504
26624 # 1504
26624 # 1504
26624 # 1504
26624 # 1504
26625 # 1504
26625 + 92
26626 # 1504
26626 - 92 1
26628 # 1504
26629 # 1504
26630 # 1504
26631 + 92
26633 # 1504
26633 - 92 2
26634 # 1504
26635 # 1504
26636 # 1504
26638 # 1504
26638 + 92
26638 + 92
26639 # 1504
26639 - 92 1
26639 - 92 1
26640 + 92
26641 # 1504
26641 - 92 1
26642 # 1504
26644 # 1504
26645 # 1504
26649 # 1504
26649 # 1504
26649 + 92
26649 + 92
26650 # 1504
26650 - 92 1
26650 - 92 1
26652 # 1504
26653 # 1504
26654 # 1504
26655 # 1504
26655 + 92
26655 + 92
26657 # 1504
26657 - 92 2
26657 - 92 2
26657 + 92
26659 + 92
26660 # 1504
26660 - 92 3
26660 - 92 1
26661 # 1504
26661 # 1504
26663 # 1504
26663 + 92
26663 + 92
26664 # 1504
26664 - 92 1
26664 - 92 1
26666 # 1504
26667 # 1504
26669 # 1504
26670 # 1504
26673 # 1504
26673 # 1504
26674 # 1504
26676 # 1504
26677 # 1504
26679 # 1504
26680 # 1504
26680 + 92
26680 + 92
26680 + 92
26680 + 92
26680 + 92
26683 # 1504
26683 - 92 3
26683 - 92 3
26683 - 92 3
26683 - 92 3
26683 - 92 3
26685 # 1504
26685 # 1504
26686 # 1504
26687 + 92
26688 # 1504
26688 - 92 1
26689 # 1504
26689 # 1504
26691 # 1504
26692 # 1504
26693 # 1504
26693 + 92
26693 + 92
26693 + 92
26696 # 1504
26696 - 92 3
26696 - 92 3
26696 - 92 3
26696 # 1504
26697 # 1504
26698 + 92
26700 + 92
26702 + 92
26705 + 92
26711 # 1504
26711 - 92 13
26711 - 92 11
26711 - 92 9
26711 - 92 6
26712 # 1504
26712 # 1504
26713 # 1504
26713 # 1504
26713 # 1504
26714 # 1504
26714 # 1504
26715 # 1504
26715 + 92
26716 # 1504
26716 - 92 1
26716 + 92
26717 + 92
26718 # 1504
26718 - 92 2
26718 - 92 1
26719 # 1504
26721 # 1504
26721 # 1504
26723 # 1504
26723 + 92
26723 + 92
26723 + 92
26723 + 92
26724 # 1504
26724 - 92 1
26724 - 92 1
26724 - 92 1
26724 - 92 1
26725 # 1504
26725 + 92
26726 # 1504
26726 - 92 1
26729 # 1504
26730 # 1504
26731 # 1504
26731 # 1504
26731 + 92
26732 # 1504
26732 - 92 1
26732 + 92
26732 + 92
26733 # 1504
26733 - 92 1
26733 - 92 1
26735 # 1504
26735 # 1504
26735 + 92
26736 # 1504
26736 - 92 1
26737 # 1504
26738 # 1504
26739 # 1504
26739 + 92
26740 # 1504
26740 - 92 1
26741 # 1504
26743 # 1504
26743 # 1504
26744 # 1504
26744 + 92
26744 + 92
26745 # 1504
26745 - 92 1
26745 - 92 1
26746 # 1504
26748 # 1504
26756 + 92
26756 + 92
26756 + 92
26759 # 1504
26759 - 92 3
26759 - 92 3
26759 - 92 3
26759 # 1504
26759 # 1504
26759 # 1504
26760 # 1504
26760 # 1504
26760 # 1504
26760 # 1504
26760 # 1504
26760 # 1504
26764 # 1504
26764 + 92
26776 # 1504
26776 - 92 12
26776 # 1504
26776 # 1504
26777 # 1504
26778 # 1504
26778 # 1504
26778 # 1504
26778 + 92
26780 # 1504
26780 - 92 2
26782 # 1504
26783 # 1504
26785 # 1504
26786 # 1504
26788 # 1504
26790 # 1504
26791 # 1504
26792 + 92
26792 + 92
26795 # 1504
26795 - 92 3
26795 - 92 3
26795 + 92
26796 # 1504
26796 - 92 1
26800 # 1504
26800 # 1504
26802 + 92
26803 # 1504
26803 - 92 1
26804 # 1504
26807 # 1504
26808 # 1504
26808 + 92
26811 # 1504
26811 - 92 3
26812 # 1504
26814 # 1504
26815 # 1504
26816 # 1504
26818 # 1504
26818 + 92
26818 + 92
26819 + 92
26821 # 1504
26821 - 92 3
26821 - 92 3
26821 - 92 2
26821 # 1504
26824 # 1504
26824 # 1504
26824 + 92
26825 # 1504
26825 - 92 1
26827 # 1504
26829 + 92
26831 # 1504
26831 - 92 2
26831 # 1504
26832 # 1504
26832 + 92
26835 # 1504
26835 - 92 3
26835 # 1504
26837 # 1504
26838 # 1504
26838 + 92
26841 # 1504
26841 - 92 3
26842 # 1504
26844 # 1504
26845 # 1504
26847 # 1504
26847 + 92
26849 # 1504
26849 - 92 2
26850 # 1504
26851 # 1504
26854 # 1504
26855 # 1504
26856 # 1504
26858 # 1504
26859 # 1504
26859 + 92
26859 + 92
26859 + 92
26861 # 1504
26861 - 92 2
26861 - 92 2
26861 - 92 2
26863 # 1504
26863 + 92
26864 # 1504
26864 - 92 1
26866 + 92
26868 # 1504
26868 - 92 2
26868 # 1504
26869 # 1504
26870 # 1504
26870 + 92
26872 # 1504
26872 - 92 2
26872 + 92
26873 # 1504
26873 - 92 1
26874 # 1504
26874 + 92
26877 # 1504
26877 - 92 3
26877 # 1504
26877 + 92
26878 # 1504
26878 - 92 1
26879 # 1504
26879 + 92
26880 # 1504
26880 - 92 1
26881 # 1504
26882 + 92
26882 + 92
26883 # 1504
26883 - 92 1
26883 - 92 1
26884 # 1504
26885 # 1504
26886 # 1504
26888 # 1504
26889 # 1504
26890 # 1504
26892 # 1504
26892 + 92
26892 + 92
26893 # 1504
26893 - 92 1
26893 - 92 1
26893 + 92
26893 + 92
26893 + 92
26895 # 1504
26895 - 92 2
26895 - 92 2
26895 - 92 2
26896 # 1504
26896 + 92
26899 # 1504
26899 - 92 3
26899 # 1504
26899 + 92
26901 # 1504
26901 - 92 2
26901 # 1504
26903 # 1504
26904 # 1504
26904 + 92
26905 # 1504
26905 - 92 1
26906 # 1504
26908 # 1504
26909 # 1504
26910 # 1504
26914 # 1504
26915 # 1504
26915 # 1504
26916 # 1504
26917 # 1504
26918 # 1504
26919 # 1504
26919 + 92
26919 + 92
26920 + 92
26920 + 92
26921 # 1504
26921 - 92 2
26921 - 92 2
26921 - 92 1
26921 - 92 1
26922 # 1504
26922 + 92
26922 + 92
26922 + 92
26924 # 1504
26924 - 92 2
26924 - 92 2
26924 - 92 2
26925 # 1504
26925 + 92
26927 # 1504
26927 - 92 2
26928 # 1504
26928 + 92
26929 # 1504
26929 - 92 1
26931 + 92
26932 # 1504
26932 - 92 1
26933 # 1504
26934 # 1504
26942 + 92
26942 + 92
26942 + 92
26942 + 92
26943 # 1504
26943 - 92 1
26943 - 92 1
26943 - 92 1
26943 - 92 1
26943 # 1504
26944 + 92
26946 # 1504
26946 - 92 2
26947 # 1504
26947 # 1504
26947 # 1504
26947 # 1504
26947 + 92
26949 # 1504
26949 - 92 2
26949 + 92
26950 # 1504
26950 - 92 1
26951 # 1504
26951 + 92
26953 # 1504
26953 - 92 2
26953 + 92
26955 # 1504
26955 - 92 2
26955 + 92
26957 # 1504
26957 - 92 2
26964 # 1504
26964 + 92
26964 + 92
26964 + 92
26968 # 1504
26968 - 92 4
26968 - 92 4
26968 - 92 4
26969 # 1504
26970 # 1504
26971 # 1504
26973 # 1504
26973 + 92
26974 # 1504
26974 - 92 1
26975 # 1504
26975 + 92
26976 # 1504
26976 - 92 1
26978 # 1504
26979 # 1504
26980 # 1504
26980 + 92
26980 + 92
26989 # 1504
26989 - 92 9
26989 - 92 9
26989 # 1504
26989 # 1504
26989 # 1504
26989 # 1504
26989 # 1504
26990 # 1504
26991 # 1504
26992 + 92
26992 + 92
26992 + 92
26993 # 1504
26993 - 92 1
26993 - 92 1
26993 - 92 1
26993 # 1504
26995 # 1504
26996 # 1504
26997 # 1504
26998 # 1504
27000 # 1504
27001 # 1504
27002 # 1504
27002 + 92
27002 + 92
27002 + 92
27002 + 92
27002 + 92
27004 # 1504
27004 - 92 2
27004 - 92 2
27004 - 92 2
27004 - 92 2
27004 - 92 2
27005 # 1504
27006 # 1504
27007 + 92
27008 + 92
27027 + 92
27027 + 92
27031 # 1504
27031 - 92 24
27031 - 92 23
27031 - 92 4
27031 - 92 4
27031 + 92
27033 + 92
27035 + 92
27036 # 1504
27036 - 92 5
27036 - 92 3
27036 - 92 1
27036 # 1504
27036 + 92
27037 # 1504
27037 - 92 1
27038 # 1504
27038 # 1504
27038 # 1504
27038 # 1504
27038 # 1504
27038 # 1504
27038 # 1504
27038 # 1504
27038 # 1504
27039 # 1504
27039 # 1504
27039 # 1504
27039 # 1504
27039 # 1504
27040 # 1504
27040 # 1504
27040 # 1504
27040 # 1504
27040 # 1504
27040 # 1504
27040 # 1504
27041 + 92
27041 + 92
27043 # 1504
27043 - 92 2
27043 - 92 2
27045 # 1504
27045 # 1504
27045 # 1504
27050 # 1504
27050 + 92
27050 + 92
27051 # 1504
27051 - 92 1
27051 - 92 1
27051 # 1504
27051 # 1504
27051 # 1504
27051 # 1504
27053 # 1504
27054 # 1504
27055 # 1504
27058 + 92
27058 + 92
27058 + 92
27062 + 92
27062 + 92
27064 # 1504
27064 - 92 6
27064 - 92 6
27064 - 92 6
27064 - 92 2
27064 - 92 2
27064 # 1504
27064 # 1504
27065 # 1504
27065 # 1504
27066 # 1504
27068 # 1504
27068 + 92
27068 + 92
27070 # 1504
27070 - 92 2
27070 - 92 2
27072 # 1504
27072 + 92
27072 + 92
27073 # 1504
27073 - 92 1
27073 - 92 1
27074 # 1504
27075 # 1504
27076 # 1504
27077 + 92
27077 + 92
27079 # 1504
27079 - 92 2
27079 - 92 2
27079 # 1504
27081 + 92
27081 + 92
27083 # 1504
27083 - 92 2
27083 - 92 2
27083 # 1504
27084 # 1504
27084 + 92
27086 # 1504
27086 - 92 2
27087 # 1504
27088 # 1504
27089 # 1504
27093 # 1504
27094 # 1504
27095 # 1504
27096 # 1504
27098 # 1504
27101 # 1504
27101 # 1504
27103 # 1504
27103 + 92
27103 + 92
27104 + 92
27104 + 92
27109 # 1504
27109 - 92 6
27109 - 92 6
27109 - 92 5
27109 - 92 5
27109 # 1504
27109 # 1504
27109 # 1504
27109 # 1504
27111 # 1504
27112 # 1504
27113 # 1504
27113 + 92
27113 + 92
27113 + 92
27113 + 92
27115 # 1504
27115 - 92 2
27115 - 92 2
27115 - 92 2
27115 - 92 2
27115 # 1504
27116 # 1504
27117 # 1504
27119 # 1504
27120 # 1504
27121 # 1504
27122 # 1504
27124 # 1504
27124 + 92
27124 + 92
27124 + 92
27124 + 92
27124 + 92
27125 # 1504
27125 - 92 1
27125 - 92 1
27125 - 92 1
27125 - 92 1
27125 - 92 1
27126 # 1504
27127 # 1504
27128 # 1504
27134 + 92
27134 + 92
27134 + 92
27135 + 92
27135 + 92
27138 # 1504
27138 - 92 4
27138 - 92 4
27138 - 92 4
27138 - 92 3
27138 - 92 3
27139 # 1504
27139 # 1504
27139 # 1504
27139 # 1504
27139 # 1504
27139 # 1504
27139 # 1504
27139 # 1504
27140 # 1504
27141 # 1504
27142 # 1504
27144 # 1504
27145 # 1504
27145 + 92
27145 + 92
27146 # 1504
27146 - 92 1
27146 - 92 1
27146 + 92
27146 + 92
27147 # 1504
27147 - 92 1
27147 - 92 1
27148 + 92
27150 # 1504
27150 - 92 2
27151 # 1504
27151 # 1504
27154 # 1504
27155 # 1504
27155 + 92
27157 # 1504
27157 - 92 2
27157 # 1504
27157 # 1504
27160 # 1504
27160 + 92
27162 + 92
27162 + 92
27163 # 1504
27163 - 92 3
27163 - 92 1
27163 - 92 1
27164 # 1504
27164 # 1504
27164 # 1504
27164 # 1504
27166 # 1504
27167 # 1504
27173 + 92
27173 + 92
27173 + 92
27173 + 92
27175 + 92
27178 # 1504
27178 - 92 5
27178 - 92 5
27178 - 92 5
27178 - 92 5
27178 - 92 3
27178 # 1504
27178 + 92
27179 # 1504
27179 - 92 1
27180 + 92
27183 # 1504
27183 - 92 3
27183 + 92
27185 # 1504
27185 - 92 2
27185 + 92
27186 # 1504
27186 - 92 1
27186 # 1504
27186 # 1504
27186 # 1504
27189 + 92
27191 + 92
27192 + 92
27195 + 92
27196 # 1504
27196 - 92 7
27196 - 92 5
27196 - 92 4
27196 - 92 1
27199 + 92
27202 + 92
27205 + 92
27207 + 92
27209 # 1504
27209 - 92 10
27209 - 92 7
27209 - 92 4
27209 - 92 2
27209 # 1504
27209 # 1504
27209 # 1504
27214 # 1504
27214 # 1504
27214 # 1504
27214 # 1504
27215 # 1504
27215 + 92
27215 + 92
27215 + 92
27218 + 92
27219 # 1504
27219 - 92 4
27219 - 92 4
27219 - 92 4
27219 - 92 1
27220 # 1504
27221 + 92
27224 + 92
27226 + 92
27227 # 1504
27227 - 92 6
27227 - 92 3
27227 - 92 1
27228 # 1504
27229 # 1504
27230 # 1504
27230 + 92
27230 + 92
27233 # 1504
27233 - 92 3
27233 - 92 3
27233 # 1504
27234 # 1504
27234 # 1504
27234 # 1504
27235 + 92
27236 # 1504
27236 - 92 1
27236 # 1504
27239 # 1504
27241 # 1504
27243 # 1504
27244 + 92
27244 + 92
27245 # 1504
27245 - 92 1
27245 - 92 1
27246 # 1504
27248 # 1504
27248 + 92
27248 + 92
27249 # 1504
27249 - 92 1
27249 - 92 1
27249 + 92
27251 + 92
27252 # 1504
27252 - 92 3
27252 - 92 1
27253 # 1504
27253 + 92
27254 # 1504
27254 - 92 1
27256 # 1504
27257 # 1504
27258 + 92
27259 # 1504
27259 - 92 1
27261 # 1504
27262 # 1504
27264 # 1504
27265 # 1504
27267 # 1504
27269 # 1504
27269 + 92
27269 + 92
27270 # 1504
27270 - 92 1
27270 - 92 1
27272 # 1504
27273 # 1504
27274 + 92
27275 # 1504
27275 - 92 1
27276 # 1504
27278 # 1504
27279 # 1504
27279 + 92
27282 # 1504
27282 - 92 3
27282 # 1504
27285 # 1504
27286 # 1504
27289 # 1504
27290 # 1504
27291 # 1504
27291 + 92
27291 + 92
27293 + 92
27294 # 1504
27294 - 92 3
27294 - 92 3
27294 - 92 1
27294 # 1504
27295 + 92
27296 # 1504
27296 - 92 1
27298 # 1504
27299 # 1504
27302 # 1504
27303 # 1504
27304 # 1504
27306 # 1504
27306 + 92
27308 # 1504
27308 - 92 2
27309 # 1504
27309 + 92
27313 # 1504
27313 - 92 4
27313 # 1504
27315 # 1504
27315 + 92
27316 # 1504
27316 - 92 1
27317 + 92
27318 # 1504
27318 - 92 1
27318 + 92
27319 # 1504
27319 - 92 1
27322 # 1504
27322 + 92
27323 # 1504
27323 - 92 1
27324 # 1504
27324 + 92
27327 + 92
27328 # 1504
27328 - 92 4
27328 - 92 1
27328 # 1504
27330 # 1504
27331 # 1504
27333 # 1504
27335 # 1504
27336 + 92
27338 # 1504
27338 - 92 2
27338 # 1504
27338 + 92
27340 # 1504
27340 - 92 2
27342 # 1504
27343 + 92
27345 # 1504
27345 - 92 2
27346 + 92
27347 # 1504
27347 - 92 1
27349 # 1504
27349 # 1504
27351 # 1504
27354 # 1504
27384 + 92
27384 + 92
27384 + 92
27385 + 92
27385 + 92
27414 # 1504
27414 - 92 30
27414 - 92 30
27414 - 92 30
27414 - 92 29
27414 - 92 29
27414 # 1504
27414 # 1504
27414 # 1504
27414 # 1504
27414 # 1504
27414 # 1504
27414 # 1504
27415 # 1504
27415 # 1504
27416 # 1504
27416 # 1504
27416 # 1504
27416 # 1504
27416 + 92
27417 # 1504
27417 - 92 1
27417 # 1504
27417 # 1504
27418 # 1504
27418 # 1504
27418 # 1504
27418 + 92
27419 # 1504
27419 - 92 1
27419 # 1504
27419 # 1504
27419 # 1504
27419 # 1504
27419 # 1504
27419 # 1504
27419 # 1504
27419 # 1504
27419 # 1504
27419 # 1504
27419 # 1504
27419 # 1504
27420 # 1504
27420 # 1504
27420 + 92
27421 # 1504
27421 - 92 1
27423 # 1504
27425 # 1504
27425 + 92
27426 + 92
27428 # 1504
27428 - 92 3
27428 - 92 2
27429 # 1504
27430 + 92
27431 # 1504
27431 - 92 1
27432 # 1504
27432 + 92
27434 # 1504
27434 - 92 2
27435 # 1504
27435 + 92
27438 # 1504
27438 - 92 3
27438 + 92
27440 # 1504
27440 - 92 2
27440 # 1504
27441 + 92
27441 + 92
27442 # 1504
27442 - 92 1
27442 - 92 1
27443 # 1504
27445 + 92
27446 # 1504
27446 - 92 1
27446 # 1504
27446 + 92
27448 # 1504
27448 - 92 2
27448 + 92
27450 # 1504
27450 - 92 2
27452 # 1504
27454 # 1504
27456 # 1504
27457 # 1504
27458 + 92
27461 # 1504
27461 - 92 3
27461 # 1504
27461 + 92
27462 # 1504
27462 - 92 1
27462 + 92
27465 # 1504
27465 - 92 3
27466 # 1504
27468 # 1504
27468 + 92
27470 + 92
27471 # 1504
27471 - 92 3
27471 - 92 1
27471 # 1504
27473 # 1504
27474 # 1504
27474 + 92
27475 + 92
27477 # 1504
27477 - 92 3
27477 - 92 2
27477 + 92
27479 # 1504
27479 - 92 2
27480 # 1504
27480 + 92
27482 # 1504
27482 - 92 2
27483 # 1504
27483 + 92
27485 # 1504
27485 - 92 2
27485 + 92
27486 # 1504
27486 - 92 1
27488 # 1504
27488 + 92
27489 # 1504
27489 - 92 1
27490 + 92
27490 + 92
27491 # 1504
27491 - 92 1
27491 - 92 1
27493 # 1504
27494 # 1504
27495 + 92
27495 + 92
27497 # 1504
27497 - 92 2
27497 - 92 2
27498 # 1504
27500 + 92
27500 + 92
27501 # 1504
27501 - 92 1
27501 - 92 1
27502 # 1504
27503 # 1504
27503 + 92
27504 # 1504
27504 - 92 1
27505 + 92
27506 # 1504
27506 - 92 1
27508 + 92
27510 # 1504
27510 - 92 2
27511 # 1504
27512 # 1504
27513 # 1504
27518 # 1504
27520 # 1504
27520 # 1504
27524 # 1504
27524 + 92
27526 # 1504
27526 - 92 2
27526 # 1504
27527 + 92
27528 # 1504
27528 - 92 1
27530 + 92
27531 # 1504
27531 - 92 1
27532 # 1504
27534 # 1504
27535 # 1504
27536 + 92
27537 # 1504
27537 - 92 1
27539 + 92
27540 # 1504
27540 - 92 1
27541 # 1504
27543 # 1504
27544 + 92
27545 # 1504
27545 - 92 1
27547 + 92
27548 # 1504
27548 - 92 1
27551 # 1504
27551 # 1504
27552 # 1504
27554 # 1504
27556 # 1504
27557 # 1504
27558 # 1504
27560 # 1504
27562 # 1504
27563 + 92
27563 + 92
27563 + 92
27563 + 92
27563 + 92
27564 # 1504
27564 - 92 1
27564 - 92 1
27564 - 92 1
27564 - 92 1
27564 - 92 1
27565 # 1504
27566 # 1504
27566 + 92
27568 # 1504
27568 - 92 2
27569 # 1504
27571 # 1504
27574 # 1504
27575 # 1504
27575 + 92
27575 + 92
27577 + 92
27577 + 92
27577 + 92
27578 + 92
27579 # 1504
27579 - 92 4
27579 - 92 4
27579 - 92 2
27579 - 92 2
27579 - 92 2
27579 - 92 1
27580 # 1504
27581 # 1504
27581 + 92
27582 + 92
27584 # 1504
27584 - 92 3
27584 - 92 2
27585 # 1504
27589 # 1504
27589 # 1504
27591 # 1504
27591 + 92
27592 # 1504
27592 - 92 1
27592 + 92
27592 + 92
27595 # 1504
27595 - 92 3
27595 - 92 3
27595 # 1504
27597 # 1504
27599 # 1504
27599 + 92
27600 # 1504
27600 - 92 1
27601 + 92
27604 # 1504
27604 - 92 3
27605 # 1504
27605 + 92
27606 + 92
27607 # 1504
27607 - 92 2
27607 - 92 1
27608 # 1504
27611 # 1504
27611 # 1504
27612 + 92
27613 # 1504
27613 - 92 1
27614 # 1504
27615 # 1504
27617 + 92
27618 # 1504
27618 - 92 1
27620 # 1504
27622 # 1504
27622 # 1504
27622 + 92
27622 + 92
27631 + 92
27633 # 1504
27633 - 92 11
27633 - 92 11
27633 - 92 2
27633 # 1504
27633 # 1504
27633 # 1504
27633 # 1504
27633 # 1504
27634 + 92
27635 # 1504
27635 - 92 1
27636 + 92
27638 # 1504
27638 - 92 2
27639 # 1504
27641 + 92
27642 # 1504
27642 - 92 1
27644 # 1504
27645 # 1504
27645 + 92
27645 + 92
27647 # 1504
27647 - 92 2
27647 - 92 2
27649 + 92
27650 # 1504
27650 - 92 1
27651 # 1504
27651 + 92
27652 # 1504
27652 - 92 1
27654 # 1504
27655 + 92
27656 # 1504
27656 - 92 1
27657 + 92
27658 # 1504
27658 - 92 1
27659 # 1504
27661 # 1504
27661 + 92
27661 + 92
27662 # 1504
27662 - 92 1
27662 - 92 1
27665 # 1504
27665 + 92
27668 + 92
27669 # 1504
27669 - 92 4
27669 - 92 1
27669 # 1504
27669 # 1504
27670 # 1504
27671 # 1504
27671 + 92
27673 # 1504
27673 - 92 2
27673 + 92
27674 # 1504
27674 - 92 1
27675 # 1504
27675 + 92
27676 # 1504
27676 - 92 1
27677 # 1504
27679 + 92
27680 # 1504
27680 - 92 1
27681 + 92
27682 # 1504
27682 - 92 1
27682 # 1504
27683 + 92
27683 + 92
27684 # 1504
27684 - 92 1
27684 - 92 1
27686 + 92
27689 # 1504
27689 - 92 3
27689 # 1504
27689 # 1504
27696 + 92
27696 + 92
27699 # 1504
27699 - 92 3
27699 - 92 3
27699 # 1504
27699 + 92
27700 # 1504
27700 - 92 1
27700 # 1504
27700 # 1504
27700 # 1504
27700 # 1504
27700 # 1504
27700 + 92
27701 # 1504
27701 - 92 1
27702 + 92
27703 # 1504
27703 - 92 1
27705 # 1504
27705 # 1504
27706 # 1504
27706 + 92
27708 + 92
27710 + 92
27712 + 92
27714 + 92
27716 # 1504
27716 - 92 10
27716 - 92 8
27716 - 92 6
27716 - 92 4
27716 - 92 2
27717 # 1504
27717 # 1504
27717 # 1504
27717 # 1504
27717 # 1504
27717 # 1504
27717 # 1504
27717 # 1504
27717 + 92
27722 + 92
27722 + 92
27724 + 92
27727 # 1504
27727 - 92 10
27727 - 92 5
27727 - 92 5
27727 - 92 3
27727 # 1504
27727 # 1504
27727 + 92
27728 # 1504
27728 - 92 1
27728 # 1504
27728 # 1504
27728 # 1504
27730 # 1504
27730 # 1504
27732 + 92
27732 + 92
27733 # 1504
27733 - 92 1
27733 - 92 1
27734 + 92
27735 # 1504
27735 - 92 1
27735 # 1504
27737 # 1504
27738 + 92
27738 + 92
27739 # 1504
27739 - 92 1
27739 - 92 1
27739 + 92
27740 # 1504
27740 - 92 1
27741 # 1504
27741 + 92
27744 # 1504
27744 - 92 3
27745 # 1504
27745 + 92
27746 # 1504
27746 - 92 1
27746 + 92
27749 + 92
27751 + 92
27752 + 92
27756 # 1504
27756 - 92 10
27756 - 92 7
27756 - 92 5
27756 - 92 4
27756 + 92
27758 + 92
27759 # 1504
27759 - 92 3
27759 - 92 1
27760 # 1504
27761 # 1504
27762 # 1504
27767 + 92
27770 + 92
27772 # 1504
27772 - 92 5
27772 - 92 2
27772 # 1504
27772 # 1504
27773 # 1504
27775 # 1504
27775 # 1504
27777 # 1504
27778 # 1504
27778 # 1504
27781 # 1504
27781 + 92
27782 # 1504
27782 - 92 1
27782 + 92
27783 # 1504
27783 - 92 1
27784 # 1504
27785 # 1504
27786 # 1504
27787 + 92
27789 + 92
27790 + 92
27791 # 1504
27791 - 92 4
27791 - 92 2
27791 - 92 1
27792 # 1504
27793 + 92
27794 # 1504
27794 - 92 1
27795 # 1504
27796 + 92
27796 + 92
27798 # 1504
27798 - 92 2
27798 - 92 2
27799 + 92
27800 + 92
27801 # 1504
27801 - 92 2
27801 - 92 1
27802 # 1504
27802 # 1504
27802 + 92
27803 # 1504
27803 - 92 1
27805 # 1504
27805 + 92
27807 # 1504
27807 - 92 2
27807 # 1504
27809 # 1504
27811 # 1504
27813 # 1504
27813 + 92
27813 + 92
27815 + 92
27816 # 1504
27816 - 92 3
27816 - 92 3
27816 - 92 1
27816 # 1504
27817 # 1504
27823 # 1504
27824 # 1504
27824 # 1504
27824 + 92
27825 # 1504
27825 - 92 1
27826 # 1504
27826 + 92
27828 + 92
27829 + 92
27830 # 1504
27830 - 92 4
27830 - 92 2
27830 - 92 1
27831 # 1504
27832 # 1504
27832 + 92
27834 # 1504
27834 - 92 2
27835 # 1504
27836 + 92
27836 + 92
27837 # 1504
27837 - 92 1
27837 - 92 1
27838 # 1504
27839 + 92
27839 + 92
27841 # 1504
27841 - 92 2
27841 - 92 2
27841 + 92
27842 # 1504
27842 - 92 1
27843 # 1504
27844 + 92
27845 # 1504
27845 - 92 1
27846 # 1504
27847 + 92
27848 + 92
27849 # 1504
27849 - 92 2
27849 - 92 1
27850 # 1504
27851 # 1504
27852 + 92
27854 # 1504
27854 - 92 2
27854 + 92
27855 # 1504
27855 - 92 1
27856 # 1504
27856 + 92
27858 # 1504
27858 - 92 2
27858 + 92
27860 + 92
27861 # 1504
27861 - 92 3
27861 - 92 1
27862 # 1504
27862 + 92
27864 # 1504
27864 - 92 2
27864 + 92
27865 # 1504
27865 - 92 1
27871 # 1504
27871 # 1504
27871 # 1504
27872 # 1504
27874 # 1504
27876 # 1504
27877 # 1504
27879 # 1504
27880 # 1504
27882 # 1504
27885 # 1504
27892 # 1504
27892 # 1504
27892 # 1504
27892 # 1504
27892 # 1504
27892 + 92
27894 # 1504
27894 - 92 2
27894 + 92
27894 + 92
27894 + 92
27894 + 92
27894 + 92
27895 # 1504
27895 - 92 1
27895 - 92 1
27895 - 92 1
27895 - 92 1
27895 - 92 1
27896 # 1504
27896 + 92
27898 + 92
27899 + 92
27900 # 1504
27900 - 92 4
27900 - 92 2
27900 - 92 1
27900 + 92
27901 # 1504
27901 - 92 1
27902 # 1504
27902 + 92
27904 # 1504
27904 - 92 2
27905 # 1504
27905 + 92
27907 # 1504
27907 - 92 2
27907 + 92
27908 # 1504
27908 - 92 1
27910 + 92
27911 # 1504
27911 - 92 1
27911 # 1504
27912 # 1504
27912 + 92
27913 # 1504
27913 - 92 1
27915 + 92
27918 # 1504
27918 - 92 3
27919 # 1504
27920 # 1504
27920 + 92
27920 + 92
27921 # 1504
27921 - 92 1
27921 - 92 1
27921 + 92
27921 + 92
27924 # 1504
27924 - 92 3
27924 - 92 3
27925 # 1504
27925 + 92
27925 + 92
27926 # 1504
27926 - 92 1
27926 - 92 1
27928 # 1504
27928 + 92
27930 # 1504
27930 - 92 2
27932 # 1504
27936 + 92
27936 + 92
27936 + 92
27936 + 92
27939 + 92
27941 + 92
27942 # 1504
27942 - 92 6
27942 - 92 6
27942 - 92 6
27942 - 92 6
27942 - 92 3
27942 - 92 1
27942 # 1504
27942 # 1504
27942 # 1504
27943 # 1504
27943 + 92
27944 # 1504
27944 - 92 1
27946 # 1504
27947 # 1504
27947 + 92
27947 + 92
27949 + 92
27951 + 92
27953 + 92
27956 + 92
27957 # 1504
27957 - 92 10
27957 - 92 10
27957 - 92 8
27957 - 92 6
27957 - 92 4
27957 - 92 1
27957 # 1504
27957 # 1504
27957 # 1504
27957 # 1504
27957 # 1504
27958 # 1504
27958 + 92
27959 # 1504
27959 - 92 1
27960 + 92
27961 # 1504
27961 - 92 1
27962 # 1504
27963 # 1504
27964 # 1504
27964 + 92
27966 + 92
27967 # 1504
27967 - 92 3
27967 - 92 1
27967 # 1504
27967 + 92
27968 # 1504
27968 - 92 1
27969 + 92
27970 + 92
27971 # 1504
27971 - 92 2
27971 - 92 1
27972 # 1504
27972 + 92
27973 # 1504
27973 - 92 1
27974 # 1504
27975 + 92
27976 # 1504
27976 - 92 1
27976 + 92
27979 # 1504
27979 - 92 3
27979 # 1504
27980 # 1504
27980 + 92
27980 + 92
27982 # 1504
27982 - 92 2
27982 - 92 2
27983 # 1504
27983 + 92
27984 # 1504
27984 - 92 1
27985 + 92
27986 # 1504
27986 - 92 1
27986 + 92
27988 # 1504
27988 - 92 2
27989 # 1504
27990 # 1504
27990 + 92
27990 + 92
27991 # 1504
27991 - 92 1
27991 - 92 1
27992 + 92
27993 # 1504
27993 - 92 1
27994 # 1504
27995 + 92
27996 # 1504
27996 - 92 1
27997 # 1504
27998 # 1504
27999 # 1504
28001 # 1504
28002 # 1504
28003 # 1504
28005 # 1504
28005 + 92
28006 # 1504
28006 - 92 1
28006 + 92
28007 # 1504
28007 - 92 1
28008 # 1504
28008 + 92
28009 # 1504
28009 - 92 1
28011 # 1504
28012 # 1504
28012 + 92
28013 # 1504
28013 - 92 1
28014 # 1504
28015 # 1504
28025 # 1504
28025 # 1504
28026 # 1504
28026 # 1504
28026 # 1504
28030 # 1504
28034 # 1504
28034 # 1504
28034 # 1504
28036 # 1504
28036 + 92
28036 + 92
28036 + 92
28036 + 92
28036 + 92
28036 + 92
28039 + 92
28040 # 1504
28040 - 92 4
28040 - 92 4
28040 - 92 4
28040 - 92 4
28040 - 92 4
28040 - 92 4
28040 - 92 1
28041 + 92
28044 + 92
28045 # 1504
28045 - 92 4
28045 - 92 1
28045 # 1504
28045 # 1504
28046 + 92
28047 # 1504
28047 - 92 1
28047 # 1504
28047 # 1504
28047 # 1504
28047 # 1504
28048 # 1504
28049 # 1504
28050 # 1504
28051 # 1504
28051 + 92
28051 + 92
28053 # 1504
28053 - 92 2
28053 - 92 2
28054 # 1504
28054 + 92
28055 # 1504
28055 - 92 1
28056 # 1504
28058 # 1504
28058 # 1504
28058 + 92
28060 + 92
28061 # 1504
28061 - 92 3
28061 - 92 1
28061 # 1504
28063 # 1504
28063 + 92
28064 # 1504
28064 - 92 1
28065 # 1504
28065 + 92
28066 # 1504
28066 - 92 1
28067 # 1504
28068 # 1504
28068 + 92
28069 # 1504
28069 - 92 1
28071 + 92
28072 # 1504
28072 - 92 1
28073 # 1504
28073 # 1504
28074 # 1504
28075 # 1504
28075 + 92
28076 # 1504
28076 - 92 1
28077 # 1504
28077 + 92
28079 # 1504
28079 - 92 2
28079 # 1504
28080 # 1504
28081 # 1504
28084 # 1504
28085 # 1504
28085 # 1504
28085 + 92
28086 # 1504
28086 - 92 1
28087 # 1504
28087 + 92
28092 + 92
28095 + 92
28097 # 1504
28097 - 92 10
28097 - 92 5
28097 - 92 2
28097 + 92
28098 # 1504
28098 - 92 1
28099 # 1504
28100 # 1504
28100 # 1504
28101 + 92
28105 + 92
28114 # 1504
28114 - 92 13
28114 - 92 9
28114 # 1504
28117 # 1504
28117 # 1504
28117 + 92
28118 # 1504
28118 - 92 1
28119 # 1504
28119 # 1504
28119 # 1504
28121 # 1504
28121 + 92
28122 # 1504
28122 - 92 1
28122 + 92
28122 + 92
28124 # 1504
28124 - 92 2
28124 - 92 2
28125 + 92
28127 # 1504
28127 - 92 2
28128 # 1504
28128 + 92
28129 # 1504
28129 - 92 1
28130 # 1504
28131 # 1504
28131 + 92
28133 + 92
28135 + 92
28140 + 92
28140 + 92
28142 + 92
28144 # 1504
28144 - 92 13
28144 - 92 11
28144 - 92 9
28144 - 92 4
28144 - 92 4
28144 - 92 2
28145 # 1504
28145 # 1504
28146 # 1504
28146 + 92
28148 # 1504
28148 - 92 2
28148 # 1504
28148 # 1504
28148 + 92
28149 # 1504
28149 - 92 1
28149 + 92
28151 + 92
28153 + 92
28157 + 92
28158 + 92
28160 # 1504
28160 - 92 11
28160 - 92 9
28160 - 92 7
28160 - 92 3
28160 - 92 2
28160 # 1504
28160 # 1504
28160 # 1504
28160 # 1504
28160 # 1504
28161 + 92
28164 + 92
28166 # 1504
28166 - 92 5
28166 - 92 2
28166 # 1504
28167 + 92
28171 # 1504
28171 - 92 4
28171 # 1504
28171 # 1504
28171 # 1504
28171 # 1504
28171 # 1504
28171 # 1504
28171 + 92
28175 + 92
28179 + 92
28183 + 92
28186 + 92
28190 + 92
28192 # 1504
28192 - 92 21
28192 - 92 17
28192 - 92 13
28192 - 92 9
28192 - 92 6
28192 - 92 2
28192 # 1504
28192 # 1504
28192 # 1504
28192 # 1504
28192 # 1504
28192 # 1504
28192 # 1504
28193 # 1504
28193 # 1504
28193 # 1504
28193 # 1504
28193 # 1504
28193 # 1504
28193 # 1504
28194 # 1504
28195 # 1504
28197 # 1504
28197 # 1504
28198 + 92
28199 # 1504
28199 - 92 1
28199 + 92
28199 + 92
28203 + 92
28204 # 1504
28204 - 92 5
28204 - 92 5
28204 - 92 1
28204 # 1504
28204 # 1504
28204 # 1504
28205 # 1504
28205 # 1504
28205 + 92
28206 # 1504
28206 - 92 1
28207 + 92
28208 + 92
28210 + 92
28212 + 92
28214 + 92
28216 # 1504
28216 - 92 9
28216 - 92 8
28216 - 92 6
28216 - 92 4
28216 - 92 2
28216 # 1504
28216 # 1504
28216 # 1504
28216 # 1504
28216 # 1504
28217 # 1504
28218 # 1504
28220 # 1504
28220 # 1504
28221 # 1504
28222 # 1504
28223 # 1504
28223 + 92
28223 + 92
28224 # 1504
28224 - 92 1
28224 - 92 1
28224 + 92
28225 # 1504
28225 - 92 1
28226 # 1504
28226 + 92
28228 # 1504
28228 - 92 2
28229 # 1504
28229 + 92
28231 + 92
28233 + 92
28234 + 92
28237 + 92
28239 # 1504
28239 - 92 10
28239 - 92 8
28239 - 92 6
28239 - 92 5
28239 - 92 2
28239 + 92
28243 + 92
28245 + 92
28247 + 92
28249 + 92
28253 + 92
28254 + 92
28259 # 1504
28259 - 92 20
28259 - 92 16
28259 - 92 14
28259 - 92 12
28259 - 92 10
28259 - 92 6
28259 - 92 5
28259 # 1504
28259 # 1504
28259 # 1504
28259 # 1504
28259 + 92
28260 # 1504
28260 - 92 1
28260 # 1504
28260 # 1504
28260 # 1504
28260 # 1504
28260 # 1504
28260 # 1504
28260 # 1504
28260 # 1504
28260 # 1504
28266 # 1504
28266 # 1504
28268 # 1504
28269 # 1504
28269 + 92
28270 # 1504
28270 - 92 1
28274 # 1504
28279 + 92
28283 + 92
28285 # 1504
28285 - 92 6
28285 - 92 2
28285 # 1504
28285 # 1504
28285 + 92
28287 + 92
28288 # 1504
28288 - 92 3
28288 - 92 1
28288 # 1504
28288 # 1504
28291 + 92
28293 + 92
28295 + 92
28296 # 1504
28296 - 92 5
28296 - 92 3
28296 - 92 1
28297 + 92
28300 + 92
28301 # 1504
28301 - 92 4
28301 - 92 1
28301 # 1504
28302 # 1504
28302 # 1504
28302 # 1504
28302 + 92
28304 + 92
28306 # 1504
28306 - 92 4
28306 - 92 2
28307 # 1504
28308 + 92
28308 + 92
28309 # 1504
28309 - 92 1
28309 - 92 1
28310 + 92
28312 # 1504
28312 - 92 2
28313 + 92
28314 # 1504
28314 - 92 1
28315 # 1504
28315 + 92
28316 + 92
28317 # 1504
28317 - 92 2
28317 - 92 1
28322 # 1504
28323 # 1504
28325 # 1504
28325 + 92
28325 + 92
28325 + 92
28325 + 92
28330 # 1504
28330 - 92 5
28330 - 92 5
28330 - 92 5
28330 - 92 5
28330 # 1504
28332 # 1504
28334 # 1504
28336 + 92
28336 + 92
28338 # 1504
28338 - 92 2
28338 - 92 2
28338 + 92
28338 + 92
28338 + 92
28339 + 92
28340 # 1504
28340 - 92 2
28340 - 92 2
28340 - 92 2
28340 - 92 1
28340 # 1504
28342 # 1504
28342 + 92
28345 + 92
28345 + 92
28347 + 92
28349 # 1504
28349 - 92 7
28349 - 92 4
28349 - 92 4
28349 - 92 2
28349 # 1504
28349 + 92
28350 # 1504
28350 - 92 1
28350 # 1504
28351 + 92
28352 # 1504
28352 - 92 1
28353 + 92
28354 # 1504
28354 - 92 1
28354 + 92
28356 # 1504
28356 - 92 2
28358 # 1504
28358 + 92
28358 + 92
28359 # 1504
28359 - 92 1
28359 - 92 1
28362 # 1504
28363 # 1504
28365 # 1504
28367 # 1504
28368 # 1504
28368 + 92
28369 + 92
28369 + 92
28369 + 92
28369 + 92
28370 # 1504
28370 - 92 2
28370 - 92 1
28370 - 92 1
28370 - 92 1
28370 - 92 1
28370 + 92
28372 # 1504
28372 - 92 2
28373 # 1504
28373 + 92
28374 # 1504
28374 - 92 1
28375 + 92
28377 # 1504
28377 - 92 2
28377 # 1504
28377 + 92
28378 # 1504
28378 - 92 1
28378 + 92
28380 # 1504
28380 - 92 2
28381 # 1504
28382 + 92
28382 + 92
28384 # 1504
28384 - 92 2
28384 - 92 2
28384 # 1504
28386 # 1504
28386 + 92
28387 # 1504
28387 - 92 1
28389 + 92
28390 + 92
28400 # 1504
28400 - 92 11
28400 - 92 10
28401 # 1504
28401 # 1504
28401 # 1504
28401 # 1504
28401 # 1504
28402 # 1504
28402 + 92
28402 + 92
28402 + 92
28402 + 92
28404 # 1504
28404 - 92 2
28404 - 92 2
28404 - 92 2
28404 - 92 2
28405 # 1504
28407 # 1504
28410 # 1504
28411 # 1504
28411 + 92
28411 + 92
28411 + 92
28411 + 92
28418 + 92
28418 + 92
28418 + 92
28421 # 1504
28421 - 92 10
28421 - 92 10
28421 - 92 10
28421 - 92 10
28421 - 92 3
28421 - 92 3
28421 - 92 3
28422 + 92
28422 + 92
28423 # 1504
28423 - 92 1
28423 - 92 1
28423 # 1504
28423 # 1504
28423 # 1504
28424 # 1504
28424 + 92
28425 # 1504
28425 - 92 1
28426 # 1504
28428 # 1504
28431 # 1504
28433 # 1504
28434 # 1504
28435 # 1504
28437 + 92
28437 + 92
28437 + 92
28437 + 92
28437 + 92
28437 + 92
28439 # 1504
28439 - 92 2
28439 - 92 2
28439 - 92 2
28439 - 92 2
28439 - 92 2
28439 - 92 2
28440 # 1504
28441 # 1504
28443 # 1504
28444 # 1504
28447 # 1504
28448 + 92
28448 + 92
28448 + 92
28448 + 92
28448 + 92
28448 + 92
28449 # 1504
28449 - 92 1
28449 - 92 1
28449 - 92 1
28449 - 92 1
28449 - 92 1
28449 - 92 1
28454 # 1504
28458 + 92
28458 + 92
28458 + 92
28458 + 92
28459 # 1504
28459 - 92 1
28459 - 92 1
28459 - 92 1
28459 - 92 1
28459 # 1504
28459 # 1504
28459 # 1504
28460 # 1504
28460 + 92
28461 # 1504
28461 - 92 1
28463 # 1504
28464 + 92
28464 + 92
28465 # 1504
28465 - 92 1
28465 - 92 1
28466 # 1504
28466 + 92
28468 # 1504
28468 - 92 2
28468 + 92
28471 # 1504
28471 - 92 3
28473 # 1504
28473 # 1504
28474 # 1504
28475 + 92
28476 + 92
28476 + 92
28476 + 92
28477 # 1504
28477 - 92 2
28477 - 92 1
28477 - 92 1
28477 - 92 1
28479 # 1504
28486 + 92
28486 + 92
28486 + 92
28490 # 1504
28490 - 92 4
28490 - 92 4
28490 - 92 4
28490 # 1504
28490 # 1504
28490 + 92
28492 + 92
28495 # 1504
28495 - 92 5
28495 - 92 3
28495 # 1504
28496 + 92
28498 + 92
28500 # 1504
28500 - 92 4
28500 - 92 2
28500 # 1504
28502 # 1504
28503 # 1504
28504 # 1504
28504 + 92
28505 + 92
28506 # 1504
28506 - 92 2
28506 - 92 1
28509 # 1504
28512 # 1504
28514 # 1504
28516 # 1504
28519 # 1504
28522 # 1504
28525 # 1504
28526 # 1504
28528 + 92
28528 + 92
28528 + 92
28529 # 1504
28529 - 92 1
28529 - 92 1
28529 - 92 1
28530 + 92
28532 # 1504
28532 - 92 2
28534 + 92
28535 # 1504
28535 - 92 1
28538 # 1504
28540 # 1504
28543 # 1504
28545 # 1504
28546 + 92
28546 + 92
28546 + 92
28548 + 92
28549 # 1504
28549 - 92 3
28549 - 92 3
28549 - 92 3
28549 - 92 1
28550 # 1504
28550 + 92
28550 + 92
28552 # 1504
28552 - 92 2
28552 - 92 2
28555 # 1504
28555 + 92
28556 # 1504
28556 - 92 1
28556 + 92
28558 # 1504
28558 - 92 2
28558 + 92
28561 # 1504
28561 - 92 3
28561 + 92
28562 # 1504
28562 - 92 1
28563 + 92
28565 # 1504
28565 - 92 2
28565 + 92
28567 # 1504
28567 - 92 2
28569 # 1504
28572 # 1504
28574 + 92
28575 # 1504
28575 - 92 1
28575 + 92
28575 + 92
28576 # 1504
28576 - 92 1
28576 - 92 1
28576 + 92
28577 + 92
28579 # 1504
28579 - 92 3
28579 - 92 2
28581 # 1504
28581 + 92
28581 + 92
28583 # 1504
28583 - 92 2
28583 - 92 2
28584 # 1504
28585 + 92
28586 + 92
28587 # 1504
28587 - 92 2
28587 - 92 1
28588 # 1504
28589 + 92
28590 # 1504
28590 - 92 1
28591 + 92
28593 # 1504
28593 - 92 2
28594 + 92
28595 # 1504
28595 - 92 1
28596 # 1504
28598 # 1504
28601 # 1504
28604 # 1504
28604 + 92
28604 + 92
28604 + 92
28604 + 92
28606 # 1504
28606 - 92 2
28606 - 92 2
28606 - 92 2
28606 - 92 2
28606 + 92
28608 # 1504
28608 - 92 2
28608 + 92
28610 # 1504
28610 - 92 2
28610 + 92
28612 # 1504
28612 - 92 2
28613 + 92
28614 # 1504
28614 - 92 1
28615 + 92
28616 # 1504
28616 - 92 1
28618 # 1504
28618 + 92
28620 # 1504
28620 - 92 2
28622 # 1504
28624 + 92
28624 + 92
28624 + 92
28624 + 92
28625 # 1504
28625 - 92 1
28625 - 92 1
28625 - 92 1
28625 - 92 1
28627 # 1504
28628 # 1504
28628 + 92
28631 # 1504
28631 - 92 3
28631 + 92
28632 # 1504
28632 - 92 1
28632 + 92
28634 # 1504
28634 - 92 2
28635 + 92
28636 # 1504
28636 - 92 1
28636 + 92
28638 # 1504
28638 - 92 2
28640 # 1504
28640 + 92
28640 + 92
28642 + 92
28643 # 1504
28643 - 92 3
28643 - 92 3
28643 - 92 1
28644 + 92
28645 # 1504
28645 - 92 1
28646 + 92
28650 + 92
28651 + 92
28655 + 92
28655 + 92
28658 + 92
28660 + 92
28662 + 92
28664 + 92
28667 + 92
28667 + 92
28669 + 92
28672 # 1504
28672 - 92 26
28672 - 92 22
28672 - 92 21
28672 - 92 17
28672 - 92 17
28672 - 92 14
28672 - 92 12
28672 - 92 10
28672 - 92 8
28672 - 92 5
28672 - 92 5
28672 - 92 3
28672 # 1504
28672 # 1504
28672 # 1504
28672 # 1504
28672 # 1504
28672 # 1504
28672 # 1504
28672 + 92
28673 # 1504
28673 - 92 1
28673 # 1504
28673 # 1504
28673 # 1504
28673 # 1504
28673 + 92
28675 # 1504
28675 - 92 2
28675 # 1504
28676 + 92
28677 # 1504
28677 - 92 1
28677 + 92
28679 + 92
28680 # 1504
28680 - 92 3
28680 - 92 1
28689 + 92
28691 + 92
28691 + 92
28691 + 92
28693 + 92
28695 + 92
28697 + 92
28699 + 92
28701 + 92
28704 + 92
28704 + 92
28707 + 92
28709 + 92
28711 + 92
28714 + 92
28718 + 92
28719 # 1504
28719 - 92 30
28719 - 92 28
28719 - 92 28
28719 - 92 28
28719 - 92 26
28719 - 92 24
28719 - 92 22
28719 - 92 20
28719 - 92 18
28719 - 92 15
28719 - 92 15
28719 - 92 12
28719 - 92 10
28719 - 92 8
28719 - 92 5
28719 - 92 1
28719 # 1504
28719 # 1504
28719 # 1504
28719 # 1504
28719 # 1504
28719 + 92
28720 # 1504
28720 - 92 1
28720 # 1504
28720 # 1504
28720 # 1504
28720 # 1504
28720 # 1504
28720 # 1504
28720 # 1504
28720 # 1504
28720 # 1504
28720 # 1504
28720 # 1504
28720 # 1504
28720 # 1504
28721 # 1504
28721 # 1504
28721 # 1504
28723 # 1504
28725 # 1504
28727 # 1504
28727 + 92
28729 # 1504
28729 - 92 2
28729 + 92
28730 # 1504
28730 - 92 1
28732 # 1504
28732 + 92
28734 + 92
28735 # 1504
28735 - 92 3
28735 - 92 1
28736 # 1504
28737 + 92
28738 # 1504
28738 - 92 1
28739 # 1504
28740 + 92
28741 # 1504
28741 - 92 1
28742 + 92
28743 # 1504
28743 - 92 1
28744 + 92
28745 # 1504
28745 - 92 1
28746 # 1504
28746 + 92
28748 # 1504
28748 - 92 2
28749 + 92
28752 + 92
28752 + 92
28755 + 92
28760 # 1504
28760 - 92 11
28760 - 92 8
28760 - 92 8
28760 - 92 5
28760 # 1504
28761 + 92
28764 # 1504
28764 - 92 3
28764 # 1504
28764 # 1504
28764 # 1504
28767 # 1504
28769 # 1504
28770 + 92
28772 # 1504
28772 - 92 2
28773 # 1504
28774 # 1504
28776 # 1504
28778 # 1504
28780 # 1504
28780 + 92
28780 + 92
28782 # 1504
28782 - 92 2
28782 - 92 2
28784 # 1504
28787 # 1504
28788 # 1504
28789 # 1504
28790 + 92
28791 # 1504
28791 - 92 1
28792 + 92
28793 # 1504
28793 - 92 1
28794 # 1504
28796 # 1504
28796 + 92
28798 + 92
28799 # 1504
28799 - 92 3
28799 - 92 1
28800 # 1504
28800 + 92
28802 + 92
28804 # 1504
28804 - 92 4
28804 - 92 2
28804 + 92
28805 # 1504
28805 - 92 1
28805 # 1504
28806 + 92
28807 # 1504
28807 - 92 1
28808 + 92
28817 # 1504
28817 - 92 9
28817 # 1504
28817 # 1504
28820 + 92
28820 + 92
28820 + 92
28820 + 92
28824 # 1504
28824 - 92 4
28824 - 92 4
28824 - 92 4
28824 - 92 4
28825 # 1504
28826 # 1504
28827 + 92
28827 + 92
28827 + 92
28827 + 92
28829 # 1504
28829 - 92 2
28829 - 92 2
28829 - 92 2
28829 - 92 2
28829 # 1504
28830 + 92
28832 # 1504
28832 - 92 2
28832 + 92
28834 + 92
28836 + 92
28838 + 92
28842 + 92
28844 # 1504
28844 - 92 12
28844 - 92 10
28844 - 92 8
28844 - 92 6
28844 - 92 2
28844 # 1504
28844 # 1504
28844 # 1504
28844 + 92
28845 + 92
28848 + 92
28850 + 92
28854 # 1504
28854 - 92 10
28854 - 92 9
28854 - 92 6
28854 - 92 4
28854 + 92
28856 # 1504
28856 - 92 2
28856 # 1504
28856 + 92
28859 # 1504
28859 - 92 3
28864 + 92
28864 + 92
28864 + 92
28865 # 1504
28865 - 92 1
28865 - 92 1
28865 - 92 1
28866 # 1504
28866 # 1504
28866 + 92
28870 + 92
28870 + 92
28873 + 92
28875 # 1504
28875 - 92 9
28875 - 92 5
28875 - 92 5
28875 - 92 2
28875 # 1504
28876 # 1504
28876 + 92
28878 + 92
28879 # 1504
28879 - 92 3
28879 - 92 1
28880 + 92
28881 # 1504
28881 - 92 1
28882 + 92
28885 + 92
28886 # 1504
28886 - 92 4
28886 - 92 1
28886 + 92
28888 # 1504
28888 - 92 2
28888 + 92
28891 + 92
28892 + 92
28894 + 92
28896 + 92
28898 + 92
28908 + 92
28908 + 92
28908 + 92
28908 + 92
28910 # 1504
28910 - 92 22
28910 - 92 19
28910 - 92 18
28910 - 92 16
28910 - 92 14
28910 - 92 12
28910 - 92 2
28910 - 92 2
28910 - 92 2
28910 - 92 2
28910 # 1504
28910 # 1504
28911 # 1504
28911 # 1504
28911 # 1504
28911 # 1504
28911 # 1504
28912 # 1504
28912 # 1504
28913 # 1504
28915 # 1504
28917 # 1504
28919 # 1504
28920 + 92
28920 + 92
28920 + 92
28921 # 1504
28921 - 92 1
28921 - 92 1
28921 - 92 1
28924 # 1504
28927 # 1504
28928 # 1504
28928 + 92
28929 + 92
28930 + 92
28931 # 1504
28931 - 92 3
28931 - 92 2
28931 - 92 1
28931 + 92
28933 # 1504
28933 - 92 2
28933 + 92
28934 # 1504
28934 - 92 1
28934 + 92
28936 # 1504
28936 - 92 2
28944 + 92
28946 + 92
28947 # 1504
28947 - 92 3
28947 - 92 1
28948 # 1504
28948 # 1504
28948 # 1504
28948 # 1504
28950 + 92
28950 + 92
28951 # 1504
28951 - 92 1
28951 - 92 1
28954 # 1504
28954 + 92
28955 # 1504
28955 - 92 1
28956 + 92
28957 # 1504
28957 - 92 1
28959 # 1504
28965 + 92
28967 + 92
28967 + 92
28968 # 1504
28968 - 92 3
28968 - 92 1
28968 - 92 1
28968 # 1504
28968 # 1504
28969 + 92
28970 # 1504
28970 - 92 1
28972 # 1504
28972 + 92
28974 # 1504
28974 - 92 2
28974 + 92
28976 # 1504
28976 - 92 2
28976 + 92
28979 # 1504
28979 - 92 3
28980 + 92
28980 + 92
28981 # 1504
28981 - 92 1
28981 - 92 1
28983 # 1504
28984 # 1504
28984 + 92
28984 + 92
28986 + 92
28987 # 1504
28987 - 92 3
28987 - 92 3
28987 - 92 1
28988 + 92
28989 # 1504
28989 - 92 1
28991 # 1504
28991 + 92
28993 # 1504
28993 - 92 2
28993 + 92
28995 # 1504
28995 - 92 2
28995 + 92
28997 # 1504
28997 - 92 2
28997 + 92
28999 # 1504
28999 - 92 2
29000 + 92
29001 # 1504
29001 - 92 1
29003 # 1504
29005 # 1504
29007 + 92
29009 # 1504
29009 - 92 2
29010 # 1504
29011 + 92
29011 + 92
29012 # 1504
29012 - 92 1
29012 - 92 1
29014 # 1504
29016 # 1504
29016 + 92
29018 # 1504
29018 - 92 2
29020 # 1504
29025 # 1504
29025 # 1504
29027 # 1504
29027 + 92
29030 # 1504
29030 - 92 3
29032 # 1504
29035 # 1504
29035 + 92
29037 # 1504
29037 - 92 2
29039 + 92
29040 # 1504
29040 - 92 1
29041 # 1504
29043 + 92
29044 # 1504
29044 - 92 1
29045 # 1504
29047 + 92
29049 # 1504
29049 - 92 2
29050 # 1504
29050 + 92
29050 + 92
29054 # 1504
29054 - 92 4
29054 - 92 4
29056 # 1504
29056 # 1504
29056 + 92
29058 # 1504
29058 - 92 2
29058 + 92
29059 # 1504
29059 - 92 1
29061 # 1504
29062 + 92
29063 # 1504
29063 - 92 1
29063 + 92
29064 # 1504
29064 - 92 1
29066 # 1504
29067 # 1504
29067 + 92
29069 # 1504
29069 - 92 2
29069 + 92
29070 + 92
29072 + 92
29075 + 92
29077 + 92
29079 # 1504
29079 - 92 10
29079 - 92 9
29079 - 92 7
29079 - 92 4
29079 - 92 2
29079 # 1504
29079 # 1504
29079 # 1504
29079 + 92
29080 # 1504
29080 - 92 1
29080 # 1504
29081 + 92
29082 # 1504
29082 - 92 1
29084 # 1504
29084 + 92
29085 # 1504
29085 - 92 1
29086 + 92
29088 # 1504
29088 - 92 2
29088 + 92
29089 # 1504
29089 - 92 1
29090 + 92
29092 # 1504
29092 - 92 2
29092 + 92
29094 # 1504
29094 - 92 2
29096 # 1504
29096 + 92
29097 # 1504
29097 - 92 1
29097 + 92
29098 # 1504
29098 - 92 1
29100 # 1504
29101 # 1504
29104 # 1504
29108 + 92
29108 + 92
29108 + 92
29112 + 92
29112 + 92
29113 + 92
29115 + 92
29117 + 92
29124 # 1504
29124 - 92 16
29124 - 92 16
29124 - 92 16
29124 - 92 12
29124 - 92 12
29124 - 92 11
29124 - 92 9
29124 - 92 7
29124 # 1504
29124 # 1504
29124 # 1504
29124 # 1504
29124 # 1504
29124 # 1504
29124 # 1504
29126 + 92
29127 + 92
29129 # 1504
29129 - 92 3
29129 - 92 2
29129 + 92
29133 # 1504
29133 - 92 4
29133 # 1504
29133 # 1504
29133 + 92
29136 # 1504
29136 - 92 3
29136 + 92
29138 # 1504
29138 - 92 2
29138 + 92
29140 # 1504
29140 - 92 2
29142 # 1504
29148 + 92
29148 + 92
29148 + 92
29148 + 92
29151 + 92
29152 + 92
29153 + 92
29154 # 1504
29154 - 92 6
29154 - 92 6
29154 - 92 6
29154 - 92 6
29154 - 92 3
29154 - 92 2
29154 - 92 1
29154 # 1504
29154 # 1504
29154 # 1504
29155 + 92
29157 + 92
29158 # 1504
29158 - 92 3
29158 - 92 1
29159 # 1504
29159 + 92
29160 # 1504
29160 - 92 1
29161 + 92
29162 # 1504
29162 - 92 1
29164 + 92
29166 # 1504
29166 - 92 2
29166 # 1504
29166 + 92
29168 + 92
29169 # 1504
29169 - 92 3
29169 - 92 1
29169 # 1504
29169 + 92
29171 + 92
29172 # 1504
29172 - 92 3
29172 - 92 1
29173 + 92
29174 # 1504
29174 - 92 1
29175 # 1504
29176 + 92
29177 # 1504
29177 - 92 1
29180 + 92
29181 # 1504
29181 - 92 1
29181 # 1504
29181 + 92
29182 + 92
29185 # 1504
29185 - 92 4
29185 - 92 3
29185 # 1504
29186 # 1504
29186 + 92
29188 # 1504
29188 - 92 2
29189 + 92
29189 + 92
29191 + 92
29194 + 92
29195 + 92
29197 + 92
29199 # 1504
29199 - 92 10
29199 - 92 10
29199 - 92 8
29199 - 92 5
29199 - 92 4
29199 - 92 2
29199 # 1504
29200 + 92
29202 + 92
29204 # 1504
29204 - 92 4
29204 - 92 2
29204 # 1504
29204 # 1504
29204 # 1504
29204 # 1504
29205 + 92
29209 # 1504
29209 - 92 4
29210 + 92
29210 + 92
29213 + 92
29215 + 92
29217 + 92
29219 # 1504
29219 - 92 9
29219 - 92 9
29219 - 92 6
29219 - 92 4
29219 - 92 2
29219 # 1504
29220 + 92
29220 + 92
29221 # 1504
29221 - 92 1
29221 - 92 1
29221 # 1504
29225 # 1504
29225 # 1504
29226 + 92
29226 + 92
29228 + 92
29229 + 92
29231 + 92
29232 # 1504
29232 - 92 6
29232 - 92 6
29232 - 92 4
29232 - 92 3
29232 - 92 1
29234 + 92
29235 + 92
29236 # 1504
29236 - 92 2
29236 - 92 1
29236 # 1504
29236 # 1504
29237 + 92
29241 # 1504
29241 - 92 4
29244 # 1504
29245 # 1504
29248 # 1504
29248 + 92
29248 + 92
29249 # 1504
29249 - 92 1
29249 - 92 1
29252 # 1504
29253 + 92
29253 + 92
29253 + 92
29255 # 1504
29255 - 92 2
29255 - 92 2
29255 - 92 2
29256 # 1504
29256 # 1504
29256 + 92
29259 # 1504
29259 - 92 3
29262 # 1504
29263 # 1504
29264 # 1504
29267 # 1504
29268 # 1504
29268 + 92
29269 + 92
29269 + 92
29270 # 1504
29270 - 92 2
29270 - 92 1
29270 - 92 1
29271 # 1504
29273 # 1504
29276 # 1504
29277 # 1504
29278 # 1504
29279 # 1504
29279 + 92
29279 + 92
29282 # 1504
29282 - 92 3
29282 - 92 3
29283 + 92
29284 # 1504
29284 - 92 1
29284 + 92
29285 # 1504
29285 - 92 1
29286 # 1504
29286 + 92
29287 # 1504
29287 - 92 1
29288 + 92
29289 # 1504
29289 - 92 1
29290 # 1504
29292 # 1504
29292 + 92
29294 # 1504
29294 - 92 2
29294 + 92
29295 # 1504
29295 - 92 1
29296 + 92
29297 # 1504
29297 - 92 1
29299 # 1504
29300 # 1504
29302 # 1504
29303 # 1504
29306 # 1504
29308 # 1504
29308 + 92
29309 + 92
29309 + 92
29309 + 92
29310 + 92
29312 + 92
29313 # 1504
29313 - 92 5
29313 - 92 4
29313 - 92 4
29313 - 92 4
29313 - 92 3
29313 - 92 1
29313 # 1504
29314 + 92
29318 + 92
29325 # 1504
29325 - 92 11
29325 - 92 7
29325 # 1504
29325 # 1504
29326 # 1504
29326 # 1504
29327 # 1504
29327 + 92
29330 # 1504
29330 - 92 3
29331 + 92
29331 + 92
29331 + 92
29332 # 1504
29332 - 92 1
29332 - 92 1
29332 - 92 1
29332 + 92
29333 + 92
29334 # 1504
29334 - 92 2
29334 - 92 1
29335 # 1504
29337 # 1504
29339 # 1504
29344 + 92
29348 + 92
29348 + 92
29348 + 92
29348 + 92
29350 + 92
29351 # 1504
29351 - 92 7
29351 - 92 3
29351 - 92 3
29351 - 92 3
29351 - 92 3
29351 - 92 1
29351 # 1504
29351 # 1504
29351 # 1504
29351 # 1504
29351 # 1504
29352 # 1504
29352 # 1504
29352 + 92
29353 # 1504
29353 - 92 1
29354 + 92
29355 # 1504
29355 - 92 1
29356 # 1504
29356 + 92
29358 # 1504
29358 - 92 2
29359 # 1504
29362 # 1504
29365 # 1504
29365 # 1504
29366 + 92
29366 + 92
29367 # 1504
29367 - 92 1
29367 - 92 1
29369 # 1504
29369 # 1504
29370 + 92
29370 + 92
29370 + 92
29371 # 1504
29371 - 92 1
29371 - 92 1
29371 - 92 1
29373 # 1504
29377 # 1504
29377 # 1504
29377 + 92
29377 + 92
29377 + 92
29378 # 1504
29378 - 92 1
29378 - 92 1
29378 - 92 1
29380 # 1504
29381 # 1504
29382 # 1504
29384 # 1504
29385 # 1504
29387 # 1504
29388 + 92
29389 # 1504
29389 - 92 1
29389 + 92
29389 + 92
29389 + 92
29390 + 92
29392 # 1504
29392 - 92 3
29392 - 92 3
29392 - 92 3
29392 - 92 2
29392 + 92
29394 + 92
29396 + 92
29400 # 1504
29400 - 92 8
29400 - 92 6
29400 - 92 4
29400 + 92
29401 + 92
29403 # 1504
29403 - 92 3
29403 - 92 2
29403 # 1504
29403 # 1504
29404 + 92
29406 + 92
29407 # 1504
29407 - 92 3
29407 - 92 1
29408 # 1504
29409 + 92
29410 + 92
29412 # 1504
29412 - 92 3
29412 - 92 2
29412 + 92
29416 + 92
29418 + 92
29424 # 1504
29424 - 92 12
29424 - 92 8
29424 - 92 6
29424 # 1504
29424 # 1504
29425 # 1504
29425 # 1504
29425 # 1504
29425 # 1504
29425 # 1504
29425 # 1504
29425 # 1504
29425 # 1504
29425 # 1504
29426 # 1504
29427 # 1504
29427 + 92
29427 + 92
29427 + 92
29429 # 1504
29429 - 92 2
29429 - 92 2
29429 - 92 2
29429 + 92
29431 # 1504
29431 - 92 2
29432 # 1504
29432 + 92
29434 + 92
29447 + 92
29448 + 92
29448 + 92
29448 + 92
29449 + 92
29451 + 92
29456 + 92
29461 # 1504
29461 - 92 29
29461 - 92 27
29461 - 92 14
29461 - 92 13
29461 - 92 13
29461 - 92 13
29461 - 92 12
29461 - 92 10
29461 - 92 5
29461 # 1504
29461 # 1504
29461 # 1504
29461 # 1504
29461 + 92
29461 + 92
29462 # 1504
29462 - 92 1
29462 - 92 1
29462 # 1504
29462 # 1504
29462 # 1504
29462 # 1504
29462 # 1504
29462 # 1504
29462 # 1504
29462 # 1504
29463 # 1504
29463 + 92
29465 + 92
29466 # 1504
29466 - 92 3
29466 - 92 1
29466 # 1504
29466 # 1504
29466 # 1504
29466 # 1504
29468 # 1504
29468 # 1504
29469 + 92
29470 # 1504
29470 - 92 1
29471 # 1504
29471 + 92
29472 # 1504
29472 - 92 1
29473 # 1504
29473 + 92
29474 # 1504
29474 - 92 1
29475 + 92
29478 + 92
29484 # 1504
29484 - 92 9
29484 - 92 6
29484 # 1504
29484 # 1504
29484 # 1504
29484 # 1504
29484 # 1504
29485 # 1504
29486 # 1504
29487 # 1504
29488 # 1504
29489 # 1504
29489 + 92
29489 + 92
29489 + 92
29489 + 92
29490 # 1504
29490 - 92 1
29490 - 92 1
29490 - 92 1
29490 - 92 1
29493 # 1504
29495 # 1504
29495 # 1504
29496 # 1504
29497 # 1504
29499 # 1504
29499 + 92
29500 + 92
29500 + 92
29500 + 92
29501 # 1504
29501 - 92 2
29501 - 92 1
29501 - 92 1
29501 - 92 1
29502 # 1504
29502 + 92
29503 # 1504
29503 - 92 1
29504 # 1504
29505 + 92
29509 # 1504
29509 - 92 4
29509 # 1504
29510 # 1504
29510 # 1504
29511 # 1504
29514 + 92
29515 # 1504
29515 - 92 1
29520 + 92
29526 # 1504
29526 - 92 6
29526 # 1504
29528 + 92
29528 + 92
29528 + 92
29529 # 1504
29529 - 92 1
29529 - 92 1
29529 - 92 1
29529 # 1504
29530 # 1504
29531 + 92
29532 # 1504
29532 - 92 1
29534 # 1504
29534 + 92
29537 + 92
29537 + 92
29541 # 1504
29541 - 92 7
29541 - 92 4
29541 - 92 4
29541 + 92
29542 # 1504
29542 - 92 1
29542 # 1504
29542 # 1504
29545 + 92
29546 # 1504
29546 - 92 1
29547 + 92
29549 + 92
29550 # 1504
29550 - 92 3
29550 - 92 1
29550 # 1504
29550 # 1504
29550 # 1504
29550 # 1504
29552 + 92
29556 + 92
29558 + 92
29560 # 1504
29560 - 92 8
29560 - 92 4
29560 - 92 2
29561 # 1504
29562 + 92
29563 # 1504
29563 - 92 1
29564 + 92
29565 # 1504
29565 - 92 1
29565 # 1504
29569 + 92
29570 + 92
29572 # 1504
29572 - 92 3
29572 - 92 2
29572 # 1504
29572 # 1504
29573 # 1504
29574 # 1504
29577 # 1504
29578 # 1504
29581 # 1504
29582 # 1504
29582 + 92
29583 # 1504
29583 - 92 1
29583 + 92
29583 + 92
29586 # 1504
29586 - 92 3
29586 - 92 3
29587 # 1504
29587 + 92
29589 # 1504
29589 - 92 2
29589 + 92
29591 # 1504
29591 - 92 2
29591 + 92
29592 # 1504
29592 - 92 1
29594 # 1504
29595 + 92
29597 # 1504
29597 - 92 2
29598 # 1504
29599 # 1504
29599 + 92
29601 + 92
29602 # 1504
29602 - 92 3
29602 - 92 1
29604 # 1504
29605 + 92
29606 # 1504
29606 - 92 1
29606 + 92
29608 # 1504
29608 - 92 2
29609 + 92
29611 # 1504
29611 - 92 2
29612 # 1504
29613 # 1504
29613 + 92
29613 + 92
29615 # 1504
29615 - 92 2
29615 - 92 2
29618 # 1504
29619 # 1504
29619 + 92
29620 # 1504
29620 - 92 1
29622 # 1504
29623 # 1504
29623 + 92
29625 # 1504
29625 - 92 2
29627 # 1504
29628 # 1504
29631 # 1504
29632 + 92
29632 + 92
29633 # 1504
29633 - 92 1
29633 - 92 1
29635 # 1504
29636 # 1504
29636 + 92
29637 # 1504
29637 - 92 1
29639 # 1504
29642 # 1504
29643 # 1504
29644 # 1504
29647 # 1504
29647 + 92
29647 + 92
29647 + 92
29649 # 1504
29649 - 92 2
29649 - 92 2
29649 - 92 2
29651 # 1504
29653 # 1504
29657 # 1504
29658 # 1504
29659 # 1504
29661 # 1504
29661 + 92
29661 + 92
29662 + 92
29662 + 92
29663 # 1504
29663 - 92 2
29663 - 92 2
29663 - 92 1
29663 - 92 1
29666 # 1504
29668 # 1504
29669 # 1504
29670 # 1504
29671 + 92
29671 + 92
29671 + 92
29672 + 92
29672 + 92
29673 # 1504
29673 - 92 2
29673 - 92 2
29673 - 92 2
29673 - 92 1
29673 - 92 1
29674 # 1504
29675 # 1504
29676 + 92
29677 # 1504
29677 - 92 1
29678 # 1504
29681 # 1504
29682 # 1504
29684 # 1504
29686 + 92
29686 + 92
29686 + 92
29687 # 1504
29687 - 92 1
29687 - 92 1
29687 - 92 1
29688 # 1504
29688 # 1504
29688 + 92
29689 # 1504
29689 - 92 1
29690 + 92
29691 # 1504
29691 - 92 1
29692 # 1504
29694 # 1504
29695 # 1504
29695 + 92
29695 + 92
29697 # 1504
29697 - 92 2
29697 - 92 2
29698 # 1504
29699 # 1504
29699 + 92
29700 # 1504
29700 - 92 1
29704 # 1504
29704 # 1504
29704 # 1504
29708 # 1504
29708 # 1504
29708 # 1504
29709 # 1504
29709 + 92
29709 + 92
29709 + 92
29709 + 92
29712 # 1504
29712 - 92 3
29712 - 92 3
29712 - 92 3
29712 - 92 3
29714 # 1504
29714 # 1504
29715 # 1504
29719 # 1504
29719 # 1504
29719 + 92
29719 + 92
29719 + 92
29719 + 92
29720 # 1504
29720 - 92 1
29720 - 92 1
29720 - 92 1
29720 - 92 1
29721 # 1504
29722 # 1504
29724 # 1504
29725 # 1504
29726 # 1504
29728 # 1504
29729 # 1504
29729 + 92
29729 + 92
29729 + 92
29731 # 1504
29731 - 92 2
29731 - 92 2
29731 - 92 2
29731 + 92
29731 + 92
29732 # 1504
29732 - 92 1
29732 - 92 1
29734 # 1504
29735 + 92
29736 # 1504
29736 - 92 1
29737 # 1504
29737 + 92
29738 # 1504
29738 - 92 1
29738 + 92
29739 # 1504
29739 - 92 1
29741 # 1504
29742 # 1504
29743 # 1504
29745 # 1504
29746 # 1504
29748 # 1504
29749 # 1504
29749 + 92
29749 + 92
29751 # 1504
29751 - 92 2
29751 - 92 2
29753 # 1504
29759 + 92
29768 + 92
29777 + 92
29778 + 92
29781 + 92
29783 + 92
29785 + 92
29789 + 92
29789 + 92
29791 + 92
29794 + 92
29795 # 1504
29795 - 92 36
29795 - 92 27
29795 - 92 18
29795 - 92 17
29795 - 92 14
29795 - 92 12
29795 - 92 10
29795 - 92 6
29795 - 92 6
29795 - 92 4
29795 - 92 1
29795 # 1504
29796 # 1504
29796 # 1504
29796 # 1504
29796 # 1504
29796 # 1504
29796 + 92
29797 # 1504
29797 - 92 1
29798 # 1504
29798 # 1504
29799 # 1504
29800 # 1504
29800 + 92
29801 # 1504
29801 - 92 1
29801 # 1504
29802 # 1504
29802 # 1504
29802 + 92
29803 # 1504
29803 - 92 1
29803 # 1504
29804 # 1504
29804 # 1504
29805 # 1504
29806 # 1504
29806 # 1504
29806 + 92
29807 # 1504
29807 - 92 1
29807 # 1504
29808 # 1504
29808 + 92
29809 # 1504
29809 - 92 1
29809 # 1504
29809 # 1504
29809 # 1504
29809 # 1504
29809 # 1504
29809 # 1504
29810 # 1504
29810 # 1504
29810 # 1504
29810 # 1504
29810 # 1504
29810 # 1504
29810 # 1504
29810 # 1504
29810 # 1504
29810 # 1504
29810 # 1504
29810 # 1504
29810 # 1504
29812 # 1504
29812 + 92
29814 # 1504
29814 - 92 2
29814 # 1504
29815 # 1504
29816 # 1504
29818 + 92
29819 # 1504
29819 - 92 1
29820 # 1504
29821 # 1504
29821 + 92
29822 # 1504
29822 - 92 1
29823 # 1504
29824 # 1504
29824 + 92
29825 # 1504
29825 - 92 1
29827 # 1504
29828 # 1504
29828 + 92
29830 # 1504
29830 - 92 2
29830 + 92
29831 # 1504
29831 - 92 1
29832 # 1504
29832 + 92
29833 # 1504
29833 - 92 1
29835 # 1504
29836 # 1504
29836 + 92
29837 # 1504
29837 - 92 1
29838 + 92
29840 # 1504
29840 - 92 2
29840 # 1504
29840 # 1504
29840 + 92
29841 # 1504
29841 - 92 1
29842 + 92
29843 # 1504
29843 - 92 1
29844 + 92
29845 # 1504
29845 - 92 1
29845 # 1504
29846 # 1504
29848 # 1504
29848 # 1504
29848 + 92
29853 # 1504
29853 - 92 5
29854 # 1504
29854 # 1504
29855 # 1504
29857 # 1504
29859 # 1504
29859 + 92
29861 + 92
29863 + 92
29866 + 92
29867 + 92
29868 + 92
29869 # 1504
29869 - 92 10
29869 - 92 8
29869 - 92 6
29869 - 92 3
29869 - 92 2
29869 - 92 1
29869 # 1504
29869 # 1504
29870 # 1504
29871 + 92
29875 + 92
29877 + 92
29879 # 1504
29879 - 92 8
29879 - 92 4
29879 - 92 2
29879 # 1504
29879 # 1504
29880 + 92
29885 # 1504
29885 - 92 5
29885 # 1504
29885 # 1504
29885 # 1504
29885 # 1504
29886 # 1504
29887 # 1504
29888 # 1504
29889 # 1504
29889 + 92
29889 + 92
29889 + 92
29891 # 1504
29891 - 92 2
29891 - 92 2
29891 - 92 2
29891 + 92
29892 # 1504
29892 - 92 1
29894 # 1504
29895 # 1504
29895 + 92
29896 # 1504
29896 - 92 1
29897 # 1504
29898 # 1504
29898 + 92
29899 # 1504
29899 - 92 1
29900 # 1504
29900 + 92
29902 # 1504
29902 - 92 2
29903 # 1504
29903 + 92
29904 # 1504
29904 - 92 1
29904 + 92
29905 # 1504
29905 - 92 1
29906 # 1504
29906 + 92
29907 # 1504
29907 - 92 1
29908 # 1504
29908 + 92
29910 # 1504
29910 - 92 2
29911 # 1504
29912 # 1504
29913 # 1504
29914 # 1504
29915 # 1504
29916 # 1504
29918 # 1504
29918 + 92
29918 + 92
29918 + 92
29919 # 1504
29919 - 92 1
29919 - 92 1
29919 - 92 1
29920 # 1504
29920 + 92
29921 # 1504
29921 - 92 1
29925 # 1504
29925 # 1504
29926 # 1504
29927 # 1504
29928 # 1504
29930 # 1504
29931 # 1504
29931 # 1504
29932 + 92
29932 + 92
29933 # 1504
29933 - 92 1
29933 - 92 1
29934 # 1504
29934 + 92
29935 # 1504
29935 - 92 1
29935 + 92
29935 + 92
29935 + 92
29936 # 1504
29936 - 92 1
29936 - 92 1
29936 - 92 1
29936 + 92
29937 # 1504
29937 - 92 1
29938 + 92
29939 # 1504
29939 - 92 1
29939 + 92
29940 # 1504
29940 - 92 1
29941 # 1504
29942 # 1504
29944 # 1504
29944 + 92
29944 + 92
29945 # 1504
29945 - 92 1
29945 - 92 1
29946 + 92
29947 # 1504
29947 - 92 1
29948 # 1504
29949 # 1504
29949 + 92
29950 # 1504
29950 - 92 1
29951 # 1504
29952 # 1504
29952 + 92
29953 # 1504
29953 - 92 1
29953 + 92
29955 + 92
29956 # 1504
29956 - 92 3
29956 - 92 1
29957 # 1504
29957 + 92
29958 # 1504
29958 - 92 1
29959 # 1504
29959 + 92
29960 # 1504
29960 - 92 1
29962 # 1504
29962 # 1504
29963 # 1504
29964 # 1504
29965 # 1504
29966 # 1504
29968 # 1504
29969 # 1504
29969 + 92
29969 + 92
29969 + 92
29969 + 92
29970 # 1504
29970 - 92 1
29970 - 92 1
29970 - 92 1
29970 - 92 1
29971 # 1504
29972 # 1504
29973 # 1504
29975 # 1504
29976 # 1504
29977 # 1504
29978 # 1504
29979 # 1504
29980 # 1504
29980 + 92
29980 + 92
29980 + 92
29980 + 92
29982 # 1504
29982 - 92 2
29982 - 92 2
29982 - 92 2
29982 - 92 2
29983 # 1504
29986 # 1504
29986 # 1504
29987 # 1504
29988 # 1504
29989 # 1504
29989 + 92
29989 + 92
29989 + 92
29990 # 1504
29990 - 92 1
29990 - 92 1
29990 - 92 1
29990 + 92
29990 + 92
29991 # 1504
29991 - 92 1
29991 - 92 1
29991 + 92
29993 # 1504
29993 - 92 2
29995 # 1504
29996 # 1504
29997 # 1504
29998 # 1504
29999 # 1504
30001 # 1504
30002 # 1504
30002 + 92
30002 + 92
30002 + 92
30002 + 92
30003 + 92
30004 + 92
30013 + 92
30014 # 1504
30014 - 92 12
30014 - 92 12
30014 - 92 12
30014 - 92 12
30014 - 92 11
30014 - 92 10
30014 - 92 1
30014 # 1504
30014 + 92
30015 # 1504
30015 - 92 1
30015 # 1504
30015 # 1504
30015 # 1504
30017 # 1504
30017 # 1504
30017 # 1504
30018 # 1504
30019 # 1504
30019 + 92
30020 # 1504
30020 - 92 1
30021 # 1504
30023 # 1504
30024 + 92
30025 # 1504
30025 - 92 1
30025 # 1504
30026 # 1504
30027 # 1504
30028 # 1504
30029 # 1504
30030 # 1504
30030 + 92
30030 + 92
30030 + 92
30031 # 1504
30031 - 92 1
30031 - 92 1
30031 - 92 1
30033 # 1504
30033 + 92
30037 # 1504
30037 - 92 4
30038 # 1504
30040 # 1504
30041 # 1504
30042 # 1504
30043 + 92
30043 + 92
30044 # 1504
30044 - 92 1
30044 - 92 1
30046 # 1504
30049 # 1504
30049 # 1504
30050 # 1504
30050 + 92
30051 + 92
30051 + 92
30051 + 92
30052 # 1504
30052 - 92 2
30052 - 92 1
30052 - 92 1
30052 - 92 1
30053 # 1504
30054 # 1504
30056 # 1504
30057 # 1504
30059 + 92
30059 + 92
30060 + 92
30061 + 92
30069 # 1504
30069 - 92 10
30069 - 92 10
30069 - 92 9
30069 - 92 8
30069 # 1504
30069 # 1504
30069 # 1504
30069 # 1504
30069 # 1504
30069 # 1504
30069 # 1504
30070 + 92
30070 + 92
30071 # 1504
30071 - 92 1
30071 - 92 1
30073 # 1504
30073 # 1504
30074 # 1504
30075 # 1504
30075 + 92
30075 + 92
30075 + 92
30075 + 92
30076 # 1504
30076 - 92 1
30076 - 92 1
30076 - 92 1
30076 - 92 1
30077 # 1504
30078 + 92
30079 # 1504
30079 - 92 1
30080 # 1504
30080 + 92
30088 + 92
30088 + 92
30090 + 92
30090 + 92
30094 + 92
30097 + 92
30098 # 1504
30098 - 92 18
30098 - 92 10
30098 - 92 10
30098 - 92 8
30098 - 92 8
30098 - 92 4
30098 - 92 1
30098 # 1504
30098 # 1504
30099 # 1504
30099 + 92
30108 + 92
30108 + 92
30109 # 1504
30109 - 92 10
30109 - 92 1
30109 - 92 1
30110 # 1504
30110 + 92
30111 + 92
30111 + 92
30113 # 1504
30113 - 92 3
30113 - 92 2
30113 - 92 2
30113 + 92
30115 + 92
30117 + 92
30118 + 92
30119 # 1504
30119 - 92 6
30119 - 92 4
30119 - 92 2
30119 - 92 1
30122 + 92
30122 + 92
30123 # 1504
30123 - 92 1
30123 - 92 1
30124 # 1504
30124 # 1504
30126 # 1504
30130 # 1504
30134 # 1504
30134 # 1504
30134 + 92
30134 + 92
30134 + 92
30134 + 92
30135 # 1504
30135 - 92 1
30135 - 92 1
30135 - 92 1
30135 - 92 1
30136 # 1504
30136 + 92
30138 # 1504
30138 - 92 2
30140 # 1504
30143 # 1504
30145 # 1504
30146 # 1504
30148 # 1504
30149 + 92
30149 + 92
30150 # 1504
30150 - 92 1
30150 - 92 1
30152 # 1504
30153 # 1504
30155 # 1504
30157 # 1504
30158 # 1504
30159 + 92
30159 + 92
30160 # 1504
30160 - 92 1
30160 - 92 1
30161 # 1504
30162 + 92
30165 # 1504
30165 - 92 3
30167 # 1504
30170 # 1504
30171 # 1504
30171 + 92
30171 + 92
30171 + 92
30173 # 1504
30173 - 92 2
30173 - 92 2
30173 - 92 2
30174 # 1504
30175 # 1504
30178 # 1504
30178 + 92
30178 + 92
30178 + 92
30180 + 92
30181 # 1504
30181 - 92 3
30181 - 92 3
30181 - 92 3
30181 - 92 1
30182 + 92
30183 # 1504
30183 - 92 1
30184 # 1504
30184 + 92
30185 # 1504
30185 - 92 1
30186 + 92
30188 + 92
30189 # 1504
30189 - 92 3
30189 - 92 1
30189 + 92
30191 # 1504
30191 - 92 2
30192 # 1504
30193 + 92
30194 # 1504
30194 - 92 1
30195 + 92
30197 # 1504
30197 - 92 2
30197 + 92
30199 # 1504
30199 - 92 2
30199 # 1504
30200 + 92
30201 # 1504
30201 - 92 1
30204 # 1504
30206 # 1504
30206 # 1504
30209 # 1504
30211 + 92
30212 # 1504
30212 - 92 1
30215 + 92
30217 + 92
30221 + 92
30224 # 1504
30224 - 92 9
30224 - 92 7
30224 - 92 3
30224 # 1504
30224 # 1504
30229 # 1504
30229 # 1504
30229 # 1504
30233 + 92
30233 + 92
30233 + 92
30236 # 1504
30236 - 92 3
30236 - 92 3
30236 - 92 3
30236 # 1504
30236 # 1504
30236 + 92
30238 # 1504
30238 - 92 2
30238 + 92
30240 # 1504
30240 - 92 2
30241 # 1504
30241 + 92
30243 + 92
30245 + 92
30248 + 92
30249 + 92
30252 + 92
30253 + 92
30255 # 1504
30255 - 92 14
30255 - 92 12
30255 - 92 10
30255 - 92 7
30255 - 92 6
30255 - 92 3
30255 - 92 2
30255 # 1504
30255 # 1504
30255 + 92
30257 # 1504
30257 - 92 2
30257 # 1504
30257 # 1504
30259 # 1504
30260 # 1504
30260 + 92
30261 # 1504
30261 - 92 1
30263 # 1504
30265 # 1504
30267 # 1504
30268 + 92
30268 + 92
30269 # 1504
30269 - 92 1
30269 - 92 1
30270 + 92
30271 # 1504
30271 - 92 1
30272 # 1504
30274 # 1504
30276 # 1504
30278 # 1504
30279 + 92
30282 # 1504
30282 - 92 3
30283 # 1504
30285 # 1504
30285 + 92
30287 # 1504
30287 - 92 2
30289 + 92
30289 + 92
30289 + 92
30289 + 92
30290 # 1504
30290 - 92 1
30290 - 92 1
30290 - 92 1
30290 - 92 1
30292 # 1504
30292 + 92
30293 + 92
30294 # 1504
30294 - 92 2
30294 - 92 1
30296 # 1504
30296 + 92
30300 # 1504
30300 - 92 4
30300 + 92
30300 + 92
30302 # 1504
30302 - 92 2
30302 - 92 2
30304 # 1504
30306 # 1504
30308 # 1504
30310 + 92
30310 + 92
30310 + 92
30310 + 92
30310 + 92
30311 # 1504
30311 - 92 1
30311 - 92 1
30311 - 92 1
30311 - 92 1
30311 - 92 1
30312 # 1504
30314 + 92
30315 # 1504
30315 - 92 1
30315 + 92
30316 # 1504
30316 - 92 1
30317 + 92
30318 # 1504
30318 - 92 1
30319 # 1504
30321 # 1504
30321 + 92
30321 + 92
30323 # 1504
30323 - 92 2
30323 - 92 2
30324 + 92
30325 # 1504
30325 - 92 1
30327 + 92
30329 # 1504
30329 - 92 2
30329 # 1504
30331 + 92
30331 + 92
30332 # 1504
30332 - 92 1
30332 - 92 1
30333 # 1504
30335 # 1504
30337 # 1504
30339 # 1504
30339 + 92
30340 # 1504
30340 - 92 1
30343 + 92
30345 + 92
30347 + 92
30349 + 92
30351 # 1504
30351 - 92 8
30351 - 92 6
30351 - 92 4
30351 - 92 2
30351 # 1504
30351 # 1504
30351 # 1504
30351 # 1504
30360 # 1504
30360 # 1504
30361 + 92
30364 # 1504
30364 - 92 3
30364 # 1504
30364 # 1504
30365 + 92
30366 # 1504
30366 - 92 1
30366 # 1504
30366 # 1504
30366 # 1504
30369 # 1504
30369 # 1504
30371 # 1504
30372 + 92
30372 + 92
30373 # 1504
30373 - 92 1
30373 - 92 1
30378 # 1504
30380 # 1504
30381 + 92
30382 # 1504
30382 - 92 1
30383 + 92
30386 # 1504
30386 - 92 3
30387 # 1504
30387 + 92
30389 + 92
30390 # 1504
30390 - 92 3
30390 - 92 1
30391 + 92
30393 # 1504
30393 - 92 2
30394 + 92
30395 # 1504
30395 - 92 1
30396 # 1504
30397 + 92
30399 + 92
30400 # 1504
30400 - 92 3
30400 - 92 1
30401 # 1504
30403 # 1504
30403 + 92
30405 # 1504
30405 - 92 2
30405 + 92
30407 + 92
30407 + 92
30410 # 1504
30410 - 92 5
30410 - 92 3
30410 - 92 3
30412 # 1504
30412 + 92
30413 # 1504
30413 - 92 1
30413 + 92
30413 + 92
30415 + 92
30416 # 1504
30416 - 92 3
30416 - 92 3
30416 - 92 1
30416 # 1504
30417 + 92
30419 # 1504
30419 - 92 2
30420 # 1504
30420 + 92
30422 + 92
30423 # 1504
30423 - 92 3
30423 - 92 1
30424 + 92
30424 + 92
30425 # 1504
30425 - 92 1
30425 - 92 1
30426 # 1504
30426 + 92
30428 # 1504
30428 - 92 2
30431 # 1504
30433 + 92
30433 + 92
30434 # 1504
30434 - 92 1
30434 - 92 1
30435 # 1504
30435 + 92
30436 + 92
30437 # 1504
30437 - 92 2
30437 - 92 1
30438 + 92
30438 + 92
30440 # 1504
30440 - 92 2
30440 - 92 2
30442 # 1504
30442 + 92
30442 + 92
30444 # 1504
30444 - 92 2
30444 - 92 2
30446 # 1504
30448 # 1504
30448 + 92
30448 + 92
30449 # 1504
30449 - 92 1
30449 - 92 1
30451 # 1504
30451 + 92
30452 # 1504
30452 - 92 1
30455 # 1504
30455 + 92
30456 # 1504
30456 - 92 1
30458 # 1504
30458 + 92
30458 + 92
30459 # 1504
30459 - 92 1
30459 - 92 1
30460 # 1504
30466 # 1504
30469 + 92
30469 + 92
30471 # 1504
30471 - 92 2
30471 - 92 2
30471 + 92
30471 + 92
30472 # 1504
30472 - 92 1
30472 - 92 1
30473 + 92
30474 # 1504
30474 - 92 1
30475 # 1504
30475 + 92
30477 # 1504
30477 - 92 2
30478 # 1504
30478 + 92
30480 # 1504
30480 - 92 2
30481 # 1504
30481 + 92
30481 + 92
30483 # 1504
30483 - 92 2
30483 - 92 2
30485 + 92
30485 + 92
30486 # 1504
30486 - 92 1
30486 - 92 1
30486 # 1504
30488 # 1504
30488 + 92
30490 # 1504
30490 - 92 2
30491 # 1504
30491 + 92
30491 + 92
30493 # 1504
30493 - 92 2
30493 - 92 2
30494 # 1504
30494 + 92
30495 # 1504
30495 - 92 1
30496 + 92
30497 # 1504
30497 - 92 1
30497 + 92
30499 # 1504
30499 - 92 2
30500 + 92
30501 # 1504
30501 - 92 1
30502 # 1504
30502 + 92
30502 + 92
30503 # 1504
30503 - 92 1
30503 - 92 1
30504 + 92
30505 # 1504
30505 - 92 1
30506 + 92
30507 # 1504
30507 - 92 1
30508 # 1504
30509 # 1504
30512 # 1504
30514 # 1504
30517 # 1504
30518 # 1504
30518 + 92
30520 # 1504
30520 - 92 2
30521 # 1504
30521 + 92
30521 + 92
30523 # 1504
30523 - 92 2
30523 - 92 2
30525 # 1504
30527 # 1504
30527 # 1504
30528 # 1504
30530 # 1504
30532 # 1504
30532 # 1504
30534 + 92
30534 + 92
30536 + 92
30538 + 92
30539 # 1504
30539 - 92 5
30539 - 92 5
30539 - 92 3
30539 - 92 1
30539 # 1504
30539 # 1504
30539 # 1504
30539 # 1504
30541 # 1504
30542 # 1504
30544 # 1504
30545 # 1504
30546 # 1504
30547 + 92
30547 + 92
30548 # 1504
30548 - 92 1
30548 - 92 1
30548 + 92
30552 # 1504
30552 - 92 4
30552 # 1504
30553 # 1504
30555 # 1504
30556 # 1504
30557 # 1504
30557 + 92
30560 # 1504
30560 - 92 3
30562 # 1504
30564 # 1504
30564 # 1504
30564 + 92
30564 + 92
30565 # 1504
30565 - 92 1
30565 - 92 1
30567 # 1504
30567 + 92
30569 # 1504
30569 - 92 2
30570 # 1504
30571 + 92
30574 + 92
30576 + 92
30578 + 92
30582 + 92
30582 + 92
30584 # 1504
30584 - 92 13
30584 - 92 10
30584 - 92 8
30584 - 92 6
30584 - 92 2
30584 - 92 2
30584 # 1504
30584 # 1504
30584 # 1504
30584 + 92
30586 # 1504
30586 - 92 2
30587 + 92
30589 + 92
30590 # 1504
30590 - 92 3
30590 - 92 1
30590 # 1504
30591 # 1504
30591 + 92
30592 + 92
30594 # 1504
30594 - 92 3
30594 - 92 2
30595 + 92
30596 # 1504
30596 - 92 1
30597 # 1504
30597 + 92
30598 + 92
30600 + 92
30604 + 92
30604 + 92
30606 + 92
30608 + 92
30609 # 1504
30609 - 92 12
30609 - 92 11
30609 - 92 9
30609 - 92 5
30609 - 92 5
30609 - 92 3
30609 - 92 1
30610 # 1504
30610 # 1504
30610 # 1504
30610 # 1504
30610 + 92
30610 + 92
30612 # 1504
30612 - 92 2
30612 - 92 2
30613 + 92
30614 # 1504
30614 - 92 1
30614 # 1504
30614 + 92
30616 # 1504
30616 - 92 2
30617 + 92
30618 # 1504
30618 - 92 1
30619 # 1504
30619 + 92
30620 + 92
30621 # 1504
30621 - 92 2
30621 - 92 1
30622 # 1504
30622 + 92
30624 # 1504
30624 - 92 2
30625 # 1504
30627 # 1504
30628 # 1504
30630 # 1504
30632 # 1504
30633 + 92
30633 + 92
30633 + 92
30633 + 92
30633 + 92
30635 + 92
30637 + 92
30639 + 92
30641 + 92
30642 # 1504
30642 - 92 9
30642 - 92 9
30642 - 92 9
30642 - 92 9
30642 - 92 9
30642 - 92 7
30642 - 92 5
30642 - 92 3
30642 - 92 1
30642 # 1504
30642 # 1504
30642 # 1504
30643 + 92
30644 # 1504
30644 - 92 1
30645 + 92
30647 # 1504
30647 - 92 2
30647 + 92
30648 # 1504
30648 - 92 1
30649 + 92
30650 # 1504
30650 - 92 1
30652 # 1504
30652 + 92
30653 + 92
30654 # 1504
30654 - 92 2
30654 - 92 1
30654 + 92
30655 # 1504
30655 - 92 1
30656 + 92
30657 # 1504
30657 - 92 1
30658 + 92
30659 + 92
30663 + 92
30663 + 92
30665 + 92
30666 + 92
30669 # 1504
30669 - 92 11
30669 - 92 10
30669 - 92 6
30669 - 92 6
30669 - 92 4
30669 - 92 3
30669 + 92
30670 # 1504
30670 - 92 1
30670 + 92
30672 + 92
30672 + 92
30674 # 1504
30674 - 92 4
30674 - 92 2
30674 - 92 2
30676 + 92
30677 # 1504
30677 - 92 1
30677 # 1504
30678 + 92
30678 + 92
30679 # 1504
30679 - 92 1
30679 - 92 1
30680 # 1504
30681 + 92
30681 + 92
30683 # 1504
30683 - 92 2
30683 - 92 2
30683 + 92
30684 # 1504
30684 - 92 1
30685 # 1504
30685 + 92
30686 # 1504
30686 - 92 1
30688 # 1504
30688 + 92
30691 # 1504
30691 - 92 3
30692 # 1504
30692 + 92
30692 + 92
30694 # 1504
30694 - 92 2
30694 - 92 2
30695 # 1504
30695 + 92
30695 + 92
30698 # 1504
30698 - 92 3
30698 - 92 3
30698 + 92
30699 # 1504
30699 - 92 1
30700 # 1504
30700 + 92
30702 # 1504
30702 - 92 2
30703 + 92
30704 + 92
30705 # 1504
30705 - 92 2
30705 - 92 1
30705 # 1504
30707 # 1504
30707 + 92
30708 + 92
30709 + 92
30710 # 1504
30710 - 92 3
30710 - 92 2
30710 - 92 1
30712 # 1504
30714 # 1504
30715 # 1504
30717 # 1504
30719 # 1504
30720 # 1504
30720 + 92
30720 + 92
30721 # 1504
30721 - 92 1
30721 - 92 1
30721 + 92
30723 # 1504
30723 - 92 2
30723 + 92
30723 + 92
30725 # 1504
30725 - 92 2
30725 - 92 2
30726 + 92
30727 # 1504
30727 - 92 1
30727 + 92
30728 # 1504
30728 - 92 1
30730 # 1504
30731 # 1504
30733 # 1504
30735 # 1504
30735 + 92
30735 + 92
30736 # 1504
30736 - 92 1
30736 - 92 1
30738 # 1504
30738 + 92
30738 + 92
30740 # 1504
30740 - 92 2
30740 - 92 2
30740 + 92
30741 # 1504
30741 - 92 1
30742 + 92
30744 # 1504
30744 - 92 2
30744 + 92
30745 # 1504
30745 - 92 1
30746 # 1504
30746 + 92
30747 + 92
30748 # 1504
30748 - 92 2
30748 - 92 1
30750 + 92
30751 # 1504
30751 - 92 1
30751 # 1504
30751 + 92
30752 # 1504
30752 - 92 1
30752 + 92
30753 # 1504
30753 - 92 1
30753 + 92
30755 + 92
30764 # 1504
30764 - 92 11
30764 - 92 9
30764 # 1504
30764 # 1504
30764 # 1504
30764 # 1504
30764 # 1504
30765 + 92
30765 + 92
30769 + 92
30774 # 1504
30774 - 92 9
30774 - 92 9
30774 - 92 5
30774 # 1504
30774 + 92
30775 # 1504
30775 - 92 1
30775 # 1504
30775 # 1504
30775 # 1504
30775 # 1504
30775 # 1504
30775 + 92
30777 # 1504
30777 - 92 2
30777 # 1504
30778 # 1504
30780 # 1504
30781 # 1504
30782 # 1504
30783 # 1504
30784 # 1504
30784 + 92
30785 # 1504
30785 - 92 1
30786 # 1504
30787 # 1504
30788 # 1504
30789 # 1504
30790 # 1504
30790 + 92
30791 # 1504
30791 - 92 1
30792 # 1504
30793 # 1504
30794 + 92
30795 # 1504
30795 - 92 1
30796 # 1504
30796 + 92
30797 # 1504
30797 - 92 1
30798 # 1504
30798 + 92
30799 # 1504
30799 - 92 1
30800 # 1504
30801 # 1504
30801 + 92
30803 # 1504
30803 - 92 2
30803 + 92
30804 # 1504
30804 - 92 1
30805 + 92
30806 # 1504
30806 - 92 1
30807 # 1504
30807 # 1504
30808 # 1504
30808 + 92
30810 + 92
30814 + 92
30816 + 92
30818 + 92
30819 # 1504
30819 - 92 11
30819 - 92 9
30819 - 92 5
30819 - 92 3
30819 - 92 1
30819 # 1504
30820 # 1504
30820 # 1504
30820 # 1504
30820 # 1504
30820 + 92
30820 + 92
30822 + 92
30823 + 92
30828 + 92
30828 + 92
30834 # 1504
30834 - 92 14
30834 - 92 14
30834 - 92 12
30834 - 92 11
30834 - 92 6
30834 - 92 6
30834 # 1504
30834 # 1504
30834 # 1504
30834 # 1504
30835 + 92
30835 + 92
30836 + 92
30838 + 92
30839 # 1504
30839 - 92 4
30839 - 92 4
30839 - 92 3
30839 - 92 1
30839 # 1504
30843 # 1504
30843 # 1504
30843 # 1504
30843 # 1504
30849 + 92
30849 + 92
30851 + 92
30852 + 92
30852 + 92
30853 + 92
30854 # 1504
30854 - 92 5
30854 - 92 5
30854 - 92 3
30854 - 92 2
30854 - 92 2
30854 - 92 1
30854 # 1504
30854 # 1504
30854 + 92
30855 # 1504
30855 - 92 1
30855 # 1504
30855 # 1504
30857 + 92
30859 + 92
30862 + 92
30865 # 1504
30865 - 92 8
30865 - 92 6
30865 - 92 3
30865 # 1504
30865 # 1504
30865 # 1504
30865 # 1504
30865 + 92
30866 + 92
30868 + 92
30869 + 92
30871 + 92
30873 + 92
30875 # 1504
30875 - 92 10
30875 - 92 9
30875 - 92 7
30875 - 92 6
30875 - 92 4
30875 - 92 2
30875 # 1504
30875 # 1504
30875 # 1504
30875 # 1504
30875 # 1504
30875 # 1504
30875 # 1504
30876 + 92
30877 # 1504
30877 - 92 1
30877 + 92
30879 # 1504
30879 - 92 2
30879 # 1504
30879 + 92
30880 # 1504
30880 - 92 1
30881 # 1504
30881 + 92
30881 + 92
30884 # 1504
30884 - 92 3
30884 - 92 3
30884 # 1504
30884 + 92
30885 # 1504
30885 - 92 1
30885 + 92
30886 # 1504
30886 - 92 1
30888 # 1504
30889 # 1504
30890 # 1504
30891 # 1504
30893 # 1504
30895 # 1504
30895 + 92
30897 # 1504
30897 - 92 2
30897 # 1504
30898 # 1504
30898 + 92
30900 # 1504
30900 - 92 2
30901 # 1504
30901 + 92
30905 # 1504
30905 - 92 4
30907 # 1504
30907 # 1504
30908 # 1504
30908 + 92
30908 + 92
30909 # 1504
30909 - 92 1
30909 - 92 1
30911 # 1504
30912 # 1504
30913 + 92
30913 + 92
30913 + 92
30919 + 92
30923 # 1504
30923 - 92 10
30923 - 92 10
30923 - 92 10
30923 - 92 4
30924 # 1504
30925 # 1504
30928 # 1504
30928 # 1504
30929 # 1504
30929 + 92
30929 + 92
30929 + 92
30932 # 1504
30932 - 92 3
30932 - 92 3
30932 - 92 3
30933 # 1504
30935 + 92
30935 + 92
30936 # 1504
30936 - 92 1
30936 - 92 1
30938 + 92
30941 + 92
30941 + 92
30942 + 92
30942 + 92
30945 # 1504
30945 - 92 7
30945 - 92 4
30945 - 92 4
30945 - 92 3
30945 - 92 3
30945 # 1504
30945 # 1504
30946 # 1504
30947 # 1504
30949 # 1504
30950 # 1504
30952 + 92
30952 + 92
30952 + 92
30954 + 92
30956 + 92
30958 + 92
30959 # 1504
30959 - 92 7
30959 - 92 7
30959 - 92 7
30959 - 92 5
30959 - 92 3
30959 - 92 1
30962 # 1504
30963 + 92
30964 # 1504
30964 - 92 1
30964 + 92
30965 # 1504
30965 - 92 1
30966 # 1504
30966 + 92
30967 + 92
30968 # 1504
30968 - 92 2
30968 - 92 1
30969 + 92
30971 # 1504
30971 - 92 2
30971 + 92
30972 # 1504
30972 - 92 1
30974 # 1504
30976 # 1504
30979 # 1504
30979 # 1504
30981 # 1504
30982 + 92
30982 + 92
30982 + 92
30983 # 1504
30983 - 92 1
30983 - 92 1
30983 - 92 1
30983 + 92
30985 # 1504
30985 - 92 2
30985 + 92
30986 # 1504
30986 - 92 1
30988 # 1504
30988 + 92
30988 + 92
30990 # 1504
30990 - 92 2
30990 - 92 2
30991 # 1504
30992 + 92
30993 # 1504
30993 - 92 1
30993 + 92
30995 # 1504
30995 - 92 2
30996 + 92
30997 # 1504
30997 - 92 1
30997 + 92
30999 # 1504
30999 - 92 2
30999 + 92
31001 # 1504
31001 - 92 2
31001 + 92
31002 # 1504
31002 - 92 1
31004 # 1504
31004 + 92
31006 # 1504
31006 - 92 2
31006 + 92
31009 # 1504
31009 - 92 3
31009 # 1504
31011 # 1504
31013 # 1504
31015 # 1504
31016 # 1504
31018 # 1504
31018 + 92
31018 + 92
31020 # 1504
31020 - 92 2
31020 - 92 2
31022 # 1504
31025 # 1504
31025 # 1504
31027 # 1504
31029 # 1504
31031 # 1504
31033 # 1504
31035 # 1504
31037 # 1504
31038 # 1504
31040 # 1504
31040 + 92
31040 + 92
31040 + 92
31040 + 92
31041 # 1504
31041 - 92 1
31041 - 92 1
31041 - 92 1
31041 - 92 1
31042 + 92
31043 # 1504
31043 - 92 1
31044 # 1504
31045 + 92
31045 + 92
31046 # 1504
31046 - 92 1
31046 - 92 1
31048 # 1504
31049 # 1504
31050 # 1504
31051 # 1504
31054 # 1504
31054 # 1504
31054 + 92
31055 # 1504
31055 - 92 1
31056 # 1504
31056 + 92
31056 + 92
31058 # 1504
31058 - 92 2
31058 - 92 2
31059 # 1504
31061 # 1504
31061 # 1504
31068 + 92
31068 + 92
31070 + 92
31072 # 1504
31072 - 92 4
31072 - 92 4
31072 - 92 2
31072 # 1504
31072 # 1504
31072 # 1504
31072 # 1504
31072 # 1504
31072 + 92
31073 # 1504
31073 - 92 1
31073 # 1504
31075 # 1504
31076 # 1504
31077 # 1504
31079 # 1504
31080 # 1504
31080 + 92
31080 + 92
31081 + 92
31082 # 1504
31082 - 92 2
31082 - 92 2
31082 - 92 1
31084 # 1504
31085 # 1504
31085 + 92
31087 # 1504
31087 - 92 2
31087 + 92
31088 # 1504
31088 - 92 1
31090 # 1504
31091 # 1504
31093 # 1504
31095 # 1504
31096 # 1504
31098 # 1504
31099 # 1504
31099 + 92
31100 + 92
31101 # 1504
31101 - 92 2
31101 - 92 1
31102 + 92
31103 # 1504
31103 - 92 1
31104 # 1504
31106 # 1504
31107 # 1504
31109 # 1504
31111 # 1504
31112 # 1504
31112 + 92
31114 # 1504
31114 - 92 2
31115 + 92
31116 # 1504
31116 - 92 1
31117 # 1504
31117 + 92
31119 # 1504
31119 - 92 2
31119 + 92
31120 # 1504
31120 - 92 1
31120 + 92
31121 # 1504
31121 - 92 1
31121 + 92
31123 # 1504
31123 - 92 2
31125 + 92
31126 # 1504
31126 - 92 1
31128 # 1504
31129 # 1504
31135 + 92
31139 + 92
31140 # 1504
31140 - 92 5
31140 - 92 1
31140 # 1504
31140 # 1504
31140 # 1504
31140 # 1504
31141 + 92
31146 + 92
31147 # 1504
31147 - 92 6
31147 - 92 1
31147 # 1504
31147 # 1504
31147 # 1504
31147 # 1504
31148 + 92
31154 + 92
31158 + 92
31161 + 92
31163 + 92
31166 + 92
31173 + 92
31173 + 92
31174 # 1504
31174 - 92 26
31174 - 92 20
31174 - 92 16
31174 - 92 13
31174 - 92 11
31174 - 92 8
31174 - 92 1
31174 - 92 1
31174 # 1504
31174 # 1504
31174 # 1504
31174 # 1504
31174 # 1504
31174 # 1504
31174 # 1504
31174 # 1504
31175 # 1504
31175 # 1504
31175 # 1504
31175 # 1504
31175 # 1504
31175 # 1504
31175 # 1504
31175 # 1504
31176 # 1504
31177 + 92
31178 # 1504
31178 - 92 1
31179 # 1504
31180 # 1504
31181 + 92
31182 # 1504
31182 - 92 1
31183 # 1504
31184 # 1504
31186 # 1504
31187 # 1504
31188 + 92
31189 # 1504
31189 - 92 1
31190 # 1504
31192 # 1504
31193 # 1504
31194 # 1504
31199 + 92
31204 # 1504
31204 - 92 5
31204 # 1504
31204 # 1504
31204 # 1504
31209 + 92
31214 # 1504
31214 - 92 5
31214 # 1504
31214 # 1504
31215 + 92
31216 # 1504
31216 - 92 1
31216 # 1504
31217 # 1504
31217 + 92
31220 # 1504
31220 - 92 3
31223 + 92
31224 # 1504
31224 - 92 1
31224 # 1504
31225 # 1504
31226 # 1504
31226 # 1504
31226 + 92
31228 # 1504
31228 - 92 2
31229 + 92
31233 + 92
31237 # 1504
31237 - 92 8
31237 - 92 4
31238 # 1504
31238 + 92
31238 + 92
31239 # 1504
31239 - 92 1
31239 - 92 1
31239 # 1504
31239 + 92
31243 + 92
31244 # 1504
31244 - 92 5
31244 - 92 1
31244 # 1504
31245 + 92
31248 # 1504
31248 - 92 3
31249 # 1504
31251 # 1504
31254 # 1504
31255 # 1504
31256 # 1504
31257 # 1504
31259 + 92
31259 + 92
31260 # 1504
31260 - 92 1
31260 - 92 1
31261 # 1504
31262 # 1504
31265 # 1504
31266 # 1504
31267 + 92
31268 # 1504
31268 - 92 1
31269 # 1504
31272 # 1504
31275 # 1504
31275 # 1504
31276 + 92
31277 # 1504
31277 - 92 1
31279 # 1504
31281 # 1504
31281 + 92
31282 # 1504
31282 - 92 1
31284 # 1504
31286 # 1504
31286 + 92
31286 + 92
31287 # 1504
31287 - 92 1
31287 - 92 1
31290 # 1504
31291 # 1504
31292 # 1504
31293 # 1504
31294 # 1504
31296 # 1504
31297 + 92
31297 + 92
31298 # 1504
31298 - 92 1
31298 - 92 1
31299 # 1504
31300 # 1504
31301 + 92
31302 # 1504
31302 - 92 1
31304 # 1504
31304 + 92
31305 # 1504
31305 - 92 1
31306 + 92
31307 # 1504
31307 - 92 1
31308 # 1504
31310 # 1504
31311 # 1504
31312 + 92
31315 # 1504
31315 - 92 3
31316 # 1504
31317 # 1504
31320 + 92
31320 + 92
31327 # 1504
31327 - 92 7
31327 - 92 7
31327 # 1504
31327 # 1504
31327 # 1504
31327 # 1504
31328 + 92
31328 + 92
31331 # 1504
31331 - 92 3
31331 - 92 3
31332 # 1504
31332 + 92
31334 # 1504
31334 - 92 2
31335 # 1504
31338 # 1504
31339 # 1504
31340 # 1504
31340 + 92
31342 # 1504
31342 - 92 2
31344 # 1504
31346 # 1504
31347 # 1504
31348 # 1504
31350 # 1504
31350 + 92
31351 # 1504
31351 - 92 1
31353 # 1504
31353 + 92
31355 # 1504
31355 - 92 2
31356 # 1504
31357 # 1504
31357 + 92
31358 # 1504
31358 - 92 1
31360 # 1504
31362 # 1504
31364 # 1504
31365 # 1504
31365 + 92
31367 # 1504
31367 - 92 2
31368 # 1504
31370 # 1504
31371 # 1504
31372 # 1504
31373 # 1504
31376 # 1504
31376 # 1504
31377 # 1504
31378 # 1504
31380 # 1504
31380 + 92
31381 # 1504
31381 - 92 1
31382 # 1504
31382 + 92
31383 # 1504
31383 - 92 1
31383 + 92
31386 # 1504
31386 - 92 3
31387 # 1504
31388 # 1504
31388 + 92
31390 # 1504
31390 - 92 2
31392 # 1504
31392 + 92
31393 # 1504
31393 - 92 1
31394 # 1504
31396 # 1504
31396 + 92
31397 # 1504
31397 - 92 1
31398 # 1504
31400 # 1504
31401 # 1504
31401 + 92
31402 # 1504
31402 - 92 1
31404 # 1504
31405 + 92
31406 # 1504
31406 - 92 1
31408 # 1504
31409 + 92
31410 # 1504
31410 - 92 1
31411 # 1504
31412 # 1504
31413 # 1504
31413 + 92
31415 # 1504
31415 - 92 2
31416 # 1504
31418 # 1504
31418 # 1504
31419 # 1504
31420 # 1504
31422 # 1504
31424 # 1504
31425 # 1504
31426 # 1504
31427 # 1504
31428 # 1504
31455 # 1504
31455 # 1504
31455 # 1504
31455 # 1504
31455 # 1504
31456 # 1504
31456 # 1504
31456 # 1504
31456 # 1504
31456 # 1504
31456 # 1504
31456 # 1504
31456 # 1504
31456 # 1504
31456 # 1504
31457 # 1504
31457 # 1504
31458 # 1504
31459 # 1504
31460 # 1504
31461 + 92
31461 + 92
31461 + 92
31462 + 92
31462 + 92
31462 + 92
31465 + 92
31468 # 1504
31468 - 92 7
31468 - 92 7
31468 - 92 7
31468 - 92 6
31468 - 92 6
31468 - 92 6
31468 - 92 3
31468 # 1504
31468 + 92
31471 # 1504
31471 - 92 3
31474 + 92
31477 + 92
31482 + 92
31484 # 1504
31484 - 92 10
31484 - 92 7
31484 - 92 2
31484 # 1504
31484 # 1504
31484 # 1504
31484 # 1504
31485 # 1504
31485 # 1504
31485 # 1504
31485 # 1504
31485 + 92
31491 # 1504
31491 - 92 6
31491 # 1504
31491 # 1504
31491 # 1504
31491 # 1504
31493 # 1504
31493 # 1504
31495 # 1504
31495 # 1504
31496 # 1504
31497 # 1504
31498 # 1504
31499 # 1504
31501 # 1504
31502 + 92
31505 # 1504
31505 - 92 3
31506 # 1504
31506 + 92
31509 # 1504
31509 - 92 3
31510 # 1504
31510 # 1504
31511 # 1504
31513 # 1504
31514 # 1504
31515 # 1504
31516 # 1504
31518 # 1504
31519 # 1504
31519 + 92
31519 + 92
31520 # 1504
31520 - 92 1
31520 - 92 1
31521 # 1504
31523 # 1504
31525 + 92
31528 # 1504
31528 - 92 3
31528 # 1504
31528 # 1504
31529 # 1504
31530 + 92
31531 # 1504
31531 - 92 1
31533 # 1504
31541 + 92
31542 + 92
31544 # 1504
31544 - 92 3
31544 - 92 2
31544 # 1504
31544 # 1504
31545 # 1504
31546 # 1504
31546 + 92
31548 # 1504
31548 - 92 2
31548 # 1504
31550 # 1504
31551 # 1504
31551 + 92
31552 # 1504
31552 - 92 1
31556 + 92
31561 # 1504
31561 - 92 5
31561 # 1504
31561 + 92
31562 # 1504
31562 - 92 1
31562 # 1504
31562 # 1504
31562 # 1504
31563 + 92
31565 # 1504
31565 - 92 2
31565 # 1504
31566 # 1504
31566 + 92
31567 # 1504
31567 - 92 1
31568 # 1504
31572 # 1504
31573 # 1504
31573 # 1504
31574 + 92
31577 # 1504
31577 - 92 3
31579 # 1504
31579 + 92
31581 # 1504
31581 - 92 2
31581 # 1504
31583 # 1504
31584 # 1504
31586 + 92
31587 # 1504
31587 - 92 1
31589 # 1504
31589 # 1504
31590 # 1504
31591 + 92
31592 # 1504
31592 - 92 1
31595 # 1504
31596 + 92
31597 # 1504
31597 - 92 1
31600 + 92
31606 + 92
31611 + 92
31615 # 1504
31615 - 92 15
31615 - 92 9
31615 - 92 4
31615 # 1504
31615 # 1504
31615 # 1504
31616 # 1504
31616 # 1504
31620 # 1504
31621 # 1504
31626 # 1504
31626 # 1504
31629 + 92
31630 + 92
31631 # 1504
31631 - 92 2
31631 - 92 1
31633 + 92
31637 + 92
31640 + 92
31643 + 92
31644 # 1504
31644 - 92 11
31644 - 92 7
31644 - 92 4
31644 - 92 1
31644 # 1504
31644 # 1504
31644 # 1504
31644 # 1504
31647 + 92
31649 # 1504
31649 - 92 2
31649 # 1504
31650 # 1504
31650 # 1504
31650 # 1504
31650 + 92
31652 # 1504
31652 - 92 2
31654 # 1504
31657 # 1504
31659 # 1504
31660 # 1504
31662 # 1504
31663 # 1504
31665 # 1504
31667 # 1504
31668 + 92
31668 + 92
31669 # 1504
31669 - 92 1
31669 - 92 1
31671 # 1504
31672 + 92
31673 # 1504
31673 - 92 1
31675 # 1504
31676 # 1504
31678 # 1504
31681 # 1504
31681 + 92
31682 # 1504
31682 - 92 1
31684 # 1504
31684 + 92
31686 # 1504
31686 - 92 2
31688 # 1504
31689 # 1504
31689 + 92
31690 + 92
31691 # 1504
31691 - 92 2
31691 - 92 1
31693 # 1504
31695 # 1504
31698 # 1504
31698 + 92
31698 + 92
31699 # 1504
31699 - 92 1
31699 - 92 1
31700 # 1504
31702 # 1504
31703 + 92
31705 # 1504
31705 - 92 2
31706 # 1504
31707 + 92
31708 # 1504
31708 - 92 1
31711 + 92
31713 # 1504
31713 - 92 2
31714 # 1504
31714 + 92
31716 # 1504
31716 - 92 2
31716 + 92
31720 # 1504
31720 - 92 4
31720 + 92
31721 # 1504
31721 - 92 1
31723 # 1504
31724 + 92
31725 # 1504
31725 - 92 1
31727 # 1504
31730 # 1504
31730 + 92
31733 # 1504
31733 - 92 3
31735 # 1504
31737 # 1504
31739 # 1504
31741 # 1504
31744 # 1504
31744 + 92
31746 # 1504
31746 - 92 2
31747 # 1504
31747 + 92
31747 + 92
31748 # 1504
31748 - 92 1
31748 - 92 1
31751 # 1504
31753 # 1504
31754 # 1504
31754 + 92
31756 # 1504
31756 - 92 2
31756 + 92
31759 # 1504
31759 - 92 3
31761 # 1504
31762 # 1504
31764 # 1504
31764 + 92
31765 # 1504
31765 - 92 1
31767 # 1504
31777 + 92
31779 # 1504
31779 - 92 2
31779 # 1504
31780 # 1504
31784 # 1504
31784 # 1504
31788 + 92
31791 + 92
31793 # 1504
31793 - 92 5
31793 - 92 2
31793 + 92
31794 # 1504
31794 - 92 1
31794 # 1504
31794 # 1504
31797 + 92
31802 # 1504
31802 - 92 5
31802 # 1504
31802 # 1504
31803 # 1504
31806 # 1504
31806 + 92
31809 # 1504
31809 - 92 3
31809 + 92
31811 # 1504
31811 - 92 2
31812 + 92
31814 # 1504
31814 - 92 2
31816 # 1504
31817 + 92
31818 # 1504
31818 - 92 1
31819 + 92
31821 # 1504
31821 - 92 2
31823 # 1504
31823 + 92
31826 # 1504
31826 - 92 3
31826 + 92
31829 # 1504
31829 - 92 3
31830 + 92
31831 # 1504
31831 - 92 1
31833 # 1504
31833 + 92
31837 # 1504
31837 - 92 4
31838 + 92
31838 + 92
31839 # 1504
31839 - 92 1
31839 - 92 1
31840 # 1504
31842 + 92
31843 # 1504
31843 - 92 1
31844 + 92
31848 # 1504
31848 - 92 4
31848 + 92
31850 # 1504
31850 - 92 2
31853 # 1504
31855 # 1504
31857 # 1504
31857 + 92
31859 # 1504
31859 - 92 2
31862 # 1504
31863 # 1504
31864 # 1504
31868 + 92
31869 + 92
31869 + 92
31871 + 92
31872 # 1504
31872 - 92 4
31872 - 92 3
31872 - 92 3
31872 - 92 1
31872 # 1504
31873 # 1504
31876 # 1504
31876 + 92
31877 + 92
31878 # 1504
31878 - 92 2
31878 - 92 1
31881 + 92
31882 + 92
31884 # 1504
31884 - 92 3
31884 - 92 2
31885 # 1504
31885 + 92
31886 # 1504
31886 - 92 1
31888 # 1504
31888 + 92
31890 # 1504
31890 - 92 2
31891 + 92
31892 # 1504
31892 - 92 1
31894 # 1504
31895 + 92
31896 # 1504
31896 - 92 1
31898 # 1504
31899 + 92
31903 # 1504
31903 - 92 4
31903 + 92
31904 + 92
31906 # 1504
31906 - 92 3
31906 - 92 2
31908 + 92
31912 + 92
31913 # 1504
31913 - 92 5
31913 - 92 1
31915 + 92
31916 # 1504
31916 - 92 1
31916 # 1504
31917 + 92
31918 # 1504
31918 - 92 1
31920 # 1504
31920 + 92
31923 # 1504
31923 - 92 3
31923 + 92
31924 # 1504
31924 - 92 1
31926 # 1504
31927 # 1504
31929 # 1504
31929 + 92
31929 + 92
31932 # 1504
31932 - 92 3
31932 - 92 3
31933 # 1504
31933 + 92
31935 # 1504
31935 - 92 2
31936 # 1504
31936 + 92
31940 + 92
31941 # 1504
31941 - 92 5
31941 - 92 1
31941 # 1504
31943 # 1504
31945 # 1504
31948 # 1504
31949 # 1504
31952 + 92
31953 + 92
31955 + 92
31959 + 92
31960 # 1504
31960 - 92 8
31960 - 92 7
31960 - 92 5
31960 - 92 1
31963 + 92
31964 # 1504
31964 - 92 1
31964 # 1504
31964 # 1504
31967 + 92
31970 + 92
31971 # 1504
31971 - 92 4
31971 - 92 1
31971 # 1504
31971 # 1504
31971 # 1504
31973 # 1504
31975 # 1504
31975 + 92
31980 # 1504
31980 - 92 5
31980 # 1504
31981 + 92
31982 # 1504
31982 - 92 1
31991 + 92
31992 # 1504
31992 - 92 1
31992 # 1504
31992 # 1504
31992 # 1504
31993 + 92
31994 + 92
31997 + 92
31998 # 1504
31998 - 92 5
31998 - 92 4
31998 - 92 1
31998 # 1504
31998 # 1504
31999 + 92
32003 + 92
32004 + 92
32006 + 92
32009 # 1504
32009 - 92 10
32009 - 92 6
32009 - 92 5
32009 - 92 3
32009 # 1504
32009 # 1504
32009 # 1504
32009 # 1504
32012 # 1504
32013 # 1504
32014 + 92
32015 # 1504
32015 - 92 1
32018 # 1504
32020 # 1504
32021 # 1504
32022 + 92
32024 # 1504
32024 - 92 2
32026 # 1504
32028 # 1504
32028 + 92
32029 # 1504
32029 - 92 1
32031 + 92
32032 # 1504
32032 - 92 1
32034 # 1504
32034 + 92
32035 # 1504
32035 - 92 1
32037 # 1504
32040 # 1504
32042 # 1504
32043 # 1504
32044 # 1504
32046 # 1504
32049 # 1504
32049 + 92
32051 # 1504
32051 - 92 2
32051 + 92
32054 + 92
32056 # 1504
32056 - 92 5
32056 - 92 2
32057 # 1504
32059 # 1504
32060 # 1504
32062 # 1504
32063 + 92
32065 # 1504
32065 - 92 2
32067 + 92
32068 + 92
32070 # 1504
32070 - 92 3
32070 - 92 2
32073 # 1504
32075 # 1504
32078 + 92
32080 # 1504
32080 - 92 2
32081 # 1504
32081 + 92
32083 # 1504
32083 - 92 2
32085 # 1504
32085 + 92
32088 # 1504
32088 - 92 3
32089 # 1504
32091 # 1504
32092 # 1504
32094 + 92
32097 # 1504
32097 - 92 3
32097 + 92
32098 # 1504
32098 - 92 1
32100 # 1504
32102 # 1504
32103 + 92
32104 # 1504
32104 - 92 1
32106 # 1504
32106 + 92
32108 # 1504
32108 - 92 2
32110 + 92
32110 + 92
32111 # 1504
32111 - 92 1
32111 - 92 1
32112 # 1504
32113 # 1504
32113 + 92
32115 # 1504
32115 - 92 2
32124 # 1504
32124 # 1504
32124 # 1504
32124 + 92
32125 + 92
32132 # 1504
32132 - 92 8
32132 - 92 7
32132 # 1504
32132 # 1504
32132 + 92
32141 + 92
32142 # 1504
32142 - 92 10
32142 - 92 1
32143 # 1504
32143 # 1504
32143 # 1504
32145 + 92
32150 # 1504
32150 - 92 5
32151 + 92
32153 + 92
32162 + 92
32170 + 92
32178 + 92
32184 + 92
32184 + 92
32189 + 92
32193 + 92
32197 + 92
32202 + 92
32205 # 1504
32205 - 92 54
32205 - 92 52
32205 - 92 43
32205 - 92 35
32205 - 92 27
32205 - 92 21
32205 - 92 21
32205 - 92 16
32205 - 92 12
32205 - 92 8
32205 - 92 3
32205 # 1504
32205 # 1504
32205 # 1504
32205 # 1504
32205 # 1504
32205 # 1504
32205 # 1504
32205 # 1504
32205 # 1504
32205 # 1504
32205 # 1504
32205 # 1504
32205 # 1504
32205 # 1504
32205 # 1504
32206 # 1504
32206 # 1504
32206 # 1504
32206 # 1504
32206 # 1504
32206 # 1504
32206 # 1504
32206 # 1504
32206 # 1504
32206 # 1504
32206 # 1504
32207 # 1504
32207 # 1504
32207 # 1504
32207 # 1504
32207 # 1504
32207 # 1504
32207 + 92
32208 # 1504
32208 - 92 1
32210 # 1504
32211 + 92
32212 # 1504
32212 - 92 1
32214 # 1504
32216 # 1504
32220 # 1504
32220 + 92
32222 # 1504
32222 - 92 2
32223 # 1504
32225 # 1504
32227 # 1504
32229 # 1504
32229 + 92
32231 # 1504
32231 - 92 2
32232 + 92
32233 # 1504
32233 - 92 1
32234 + 92
32235 # 1504
32235 - 92 1
32237 # 1504
32238 + 92
32239 # 1504
32239 - 92 1
32241 # 1504
32241 + 92
32243 # 1504
32243 - 92 2
32244 # 1504
32247 # 1504
32249 # 1504
32251 # 1504
32252 # 1504
32253 + 92
32253 + 92
32255 # 1504
32255 - 92 2
32255 - 92 2
32256 # 1504
32259 # 1504
32261 # 1504
32261 + 92
32263 # 1504
32263 - 92 2
32265 # 1504
32267 + 92
32268 # 1504
32268 - 92 1
32268 # 1504
32270 # 1504
32272 # 1504
32274 # 1504
32276 # 1504
32276 # 1504
32278 # 1504
32280 # 1504
32281 # 1504
32281 + 92
32284 + 92
32284 + 92
32288 + 92
32292 # 1504
32292 - 92 11
32292 - 92 8
32292 - 92 8
32292 - 92 4
32292 # 1504
32293 # 1504
32293 + 92
32295 # 1504
32295 - 92 2
32297 + 92
32298 # 1504
32298 - 92 1
32298 # 1504
32301 + 92
32307 + 92
32310 # 1504
32310 - 92 9
32310 - 92 3
32310 # 1504
32310 + 92
32313 + 92
32318 + 92
32322 + 92
32324 # 1504
32324 - 92 14
32324 - 92 11
32324 - 92 6
32324 - 92 2
32326 # 1504
32326 # 1504
32326 # 1504
32327 # 1504
32327 # 1504
32327 + 92
32331 + 92
32334 # 1504
32334 - 92 7
32334 - 92 3
32335 # 1504
32335 # 1504
32337 # 1504
32339 # 1504
32342 # 1504
32342 + 92
32343 # 1504
32343 - 92 1
32343 + 92
32346 # 1504
32346 - 92 3
32347 # 1504
32349 # 1504
32349 + 92
32350 + 92
32351 # 1504
32351 - 92 2
32351 - 92 1
32354 # 1504
32354 + 92
32355 # 1504
32355 - 92 1
32356 # 1504
32358 + 92
32360 # 1504
32360 - 92 2
32361 # 1504
32362 + 92
32363 # 1504
32363 - 92 1
32365 # 1504
32368 + 92
32370 # 1504
32370 - 92 2
32371 # 1504
32371 + 92
32373 # 1504
32373 - 92 2
32376 # 1504
32380 + 92
32381 + 92
32384 + 92
32386 # 1504
32386 - 92 6
32386 - 92 5
32386 - 92 2
32386 + 92
32389 # 1504
32389 - 92 3
32389 # 1504
32389 # 1504
32390 # 1504
32390 + 92
32392 # 1504
32392 - 92 2
32392 + 92
32395 # 1504
32395 - 92 3
32396 # 1504
32398 # 1504
32398 + 92
32400 + 92
32402 # 1504
32402 - 92 4
32402 - 92 2
32404 # 1504
32405 + 92
32409 + 92
32415 # 1504
32415 - 92 10
32415 - 92 6
32415 # 1504
32415 # 1504
32415 # 1504
32415 # 1504
32415 + 92
32418 # 1504
32418 - 92 3
32418 + 92
32420 # 1504
32420 - 92 2
32421 + 92
32423 # 1504
32423 - 92 2
32424 # 1504
32425 # 1504
32426 + 92
32427 # 1504
32427 - 92 1
32429 # 1504
32430 + 92
32432 # 1504
32432 - 92 2
32433 # 1504
32434 + 92
32435 # 1504
32435 - 92 1
32437 # 1504
32438 # 1504
32440 # 1504
32442 # 1504
32444 # 1504
32445 + 92
32445 + 92
32448 # 1504
32448 - 92 3
32448 - 92 3
32449 # 1504
32450 # 1504
32450 + 92
32451 + 92
32452 # 1504
32452 - 92 2
32452 - 92 1
32455 # 1504
32457 # 1504
32458 # 1504
32459 # 1504
32461 # 1504
32462 + 92
32464 # 1504
32464 - 92 2
32465 + 92
32467 # 1504
32467 - 92 2
32470 # 1504
32471 # 1504
32471 + 92
32474 # 1504
32474 - 92 3
32476 # 1504
32476 + 92
32477 # 1504
32477 - 92 1
32479 # 1504
32481 # 1504
32481 + 92
32483 # 1504
32483 - 92 2
32485 # 1504
32485 + 92
32489 + 92
32494 + 92
32496 # 1504
32496 - 92 11
32496 - 92 7
32496 - 92 2
32496 # 1504
32497 + 92
32499 # 1504
32499 - 92 2
32499 # 1504
32510 + 92
32510 + 92
32513 # 1504
32513 - 92 3
32513 - 92 3
32513 # 1504
32514 # 1504
32514 # 1504
32514 # 1504
32517 # 1504
32518 + 92
32519 # 1504
32519 - 92 1
32522 # 1504
32524 # 1504
32526 # 1504
32531 + 92
32536 + 92
32538 # 1504
32538 - 92 7
32538 - 92 2
32538 # 1504
32538 # 1504
32538 # 1504
32540 # 1504
32541 + 92
32542 # 1504
32542 - 92 1
32545 # 1504
32547 # 1504
32549 # 1504
32551 # 1504
32552 + 92
32553 # 1504
32553 - 92 1
32554 # 1504
32556 # 1504
32559 # 1504
32561 # 1504
32562 # 1504
32564 # 1504
32564 + 92
32566 # 1504
32566 - 92 2
32568 # 1504
32568 + 92
32568 + 92
32571 # 1504
32571 - 92 3
32571 - 92 3
32572 # 1504
32573 # 1504
32574 + 92
32575 # 1504
32575 - 92 1
32577 # 1504
32579 # 1504
32579 + 92
32581 # 1504
32581 - 92 2
32583 # 1504
32583 + 92
32585 # 1504
32585 - 92 2
32587 # 1504
32590 + 92
32596 # 1504
32596 - 92 6
32596 # 1504
32596 + 92
32597 # 1504
32597 - 92 1
32597 # 1504
32597 # 1504
32598 + 92
32600 # 1504
32600 - 92 2
32602 # 1504
32603 + 92
32604 # 1504
32604 - 92 1
32605 # 1504
32607 # 1504
32609 # 1504
32613 # 1504
32615 # 1504
32616 + 92
32617 # 1504
32617 - 92 1
32618 + 92
32619 # 1504
32619 - 92 1
32620 + 92
32621 # 1504
32621 - 92 1
32622 # 1504
32624 # 1504
32626 # 1504
32628 # 1504
32630 # 1504
32631 + 92
32631 + 92
32633 # 1504
32633 - 92 2
32633 - 92 2
32634 # 1504
32635 # 1504
32637 # 1504
32639 # 1504
32642 # 1504
32642 + 92
32643 # 1504
32643 - 92 1
32643 + 92
32645 # 1504
32645 - 92 2
32646 # 1504
32648 # 1504
32650 # 1504
32653 # 1504
32653 + 92
32653 + 92
32655 # 1504
32655 - 92 2
32655 - 92 2
32657 # 1504
32658 + 92
32659 # 1504
32659 - 92 1
32662 # 1504
32664 # 1504
32664 + 92
32667 # 1504
32667 - 92 3
32668 + 92
32670 # 1504
32670 - 92 2
32671 # 1504
32675 # 1504
32675 # 1504
32675 + 92
32681 + 92
32682 # 1504
32682 - 92 7
32682 - 92 1
32683 # 1504
32686 # 1504
32687 # 1504
32688 # 1504
32691 # 1504
32693 # 1504
32694 + 92
32694 + 92
32696 # 1504
32696 - 92 2
32696 - 92 2
32696 + 92
32698 # 1504
32698 - 92 2
32699 + 92
32700 # 1504
32700 - 92 1
32702 # 1504
32703 + 92
32705 # 1504
32705 - 92 2
32707 # 1504
32708 + 92
32709 # 1504
32709 - 92 1
32710 # 1504
32721 # 1504
32721 # 1504
32721 # 1504
32721 + 92
32721 + 92
32724 # 1504
32724 - 92 3
32724 - 92 3
32724 # 1504
32727 + 92
32730 # 1504
32730 - 92 3
32730 # 1504
32733 # 1504
32733 # 1504
32733 # 1504
32733 + 92
32734 # 1504
32734 - 92 1
32737 # 1504
32737 + 92
32739 # 1504
32739 - 92 2
32743 + 92
32748 # 1504
32748 - 92 5
32748 # 1504
32748 # 1504
32748 # 1504
32749 # 1504
32752 + 92
32753 # 1504
32753 - 92 1
32753 # 1504
32755 # 1504
32757 # 1504
32760 # 1504
32761 # 1504
32763 # 1504
32764 # 1504
32766 # 1504
32769 # 1504
32769 + 92
32770 # 1504
32770 - 92 1
32771 # 1504
32775 # 1504
32777 # 1504
32778 # 1504
32779 # 1504
32781 # 1504
32784 # 1504
32785 # 1504
32785 + 92
32787 # 1504
32787 - 92 2
32789 + 92
32790 # 1504
32790 - 92 1
32791 # 1504
32793 # 1504
32793 + 92
32795 # 1504
32795 - 92 2
32796 # 1504
32799 # 1504
32800 # 1504
32803 # 1504
32803 + 92
32804 # 1504
32804 - 92 1
32808 + 92
32811 # 1504
32811 - 92 3
32811 # 1504
32811 # 1504
32814 # 1504
32814 + 92
32816 # 1504
32816 - 92 2
32817 + 92
32818 # 1504
32818 - 92 1
32821 # 1504
32822 # 1504
32822 + 92
32825 # 1504
32825 - 92 3
32827 # 1504
32828 + 92
32829 # 1504
32829 - 92 1
32831 # 1504
32833 # 1504
32835 # 1504
32836 # 1504
32839 # 1504
32840 # 1504
32842 # 1504
32842 + 92
32845 # 1504
32845 - 92 3
32845 + 92
32854 + 92
32856 # 1504
32856 - 92 11
32856 - 92 2
32856 # 1504
32856 # 1504
32859 + 92
32863 # 1504
32863 - 92 4
32863 # 1504
32864 # 1504
32865 # 1504
32865 # 1504
32868 + 92
32876 # 1504
32876 - 92 8
32876 # 1504
32880 # 1504
32880 # 1504
32880 # 1504
32880 # 1504
32881 # 1504
32881 + 92
32884 # 1504
32884 - 92 3
32885 # 1504
32887 # 1504
32887 + 92
32891 + 92
32896 # 1504
32896 - 92 9
32896 - 92 5
32896 # 1504
32896 # 1504
32904 # 1504
32904 # 1504
32904 + 92
32908 # 1504
32908 - 92 4
32908 # 1504
32908 # 1504
32909 + 92
32910 + 92
32915 # 1504
32915 - 92 6
32915 - 92 5
32915 + 92
32916 # 1504
32916 - 92 1
32916 # 1504
32921 + 92
32924 # 1504
32924 - 92 3
32924 # 1504
32924 # 1504
32925 # 1504
32925 # 1504
32927 # 1504
32927 + 92
32931 + 92
32937 + 92
32942 + 92
32946 + 92
32948 # 1504
32948 - 92 21
32948 - 92 17
32948 - 92 11
32948 - 92 6
32948 - 92 2
32948 # 1504
32948 # 1504
32948 # 1504
32948 # 1504
32948 # 1504
32949 # 1504
32949 # 1504
32953 # 1504
32953 # 1504
32953 # 1504
32954 # 1504
32956 + 92
32956 + 92
32962 + 92
32964 # 1504
32964 - 92 8
32964 - 92 8
32964 - 92 2
32964 # 1504
32964 # 1504
32965 # 1504
32965 # 1504
32966 # 1504
32967 + 92
32970 # 1504
32970 - 92 3
32971 + 92
32972 # 1504
32972 - 92 1
32973 # 1504
32975 # 1504
32977 # 1504
32978 + 92
32980 # 1504
32980 - 92 2
32980 # 1504
32984 # 1504
32986 # 1504
32986 + 92
32987 # 1504
32987 - 92 1
32989 # 1504
32996 + 92
32998 + 92
33001 # 1504
33001 - 92 5
33001 - 92 3
33002 # 1504
33002 # 1504
33002 # 1504
33002 # 1504
33003 # 1504
33005 # 1504
33006 # 1504
33008 # 1504
33012 + 92
33013 # 1504
33013 - 92 1
33015 # 1504
33018 # 1504
33019 # 1504
33021 # 1504
33021 + 92
33023 # 1504
33023 - 92 2
33034 # 1504
33034 # 1504
33034 # 1504
33034 # 1504
33034 + 92
33035 # 1504
33035 - 92 1
33036 # 1504
33040 + 92
33041 # 1504
33041 - 92 1
33042 # 1504
33045 # 1504
33046 + 92
33048 # 1504
33048 - 92 2
33050 # 1504
33051 # 1504
33054 + 92
33060 + 92
33064 # 1504
33064 - 92 10
33064 - 92 4
33064 # 1504
33064 # 1504
33065 # 1504
33065 # 1504
33069 + 92
33075 # 1504
33075 - 92 6
33075 # 1504
33075 # 1504
33075 # 1504
33075 # 1504
33076 # 1504
33079 # 1504
33081 # 1504
33081 + 92
33081 + 92
33082 # 1504
33082 - 92 1
33082 - 92 1
33084 # 1504
33086 # 1504
33087 + 92
33088 # 1504
33088 - 92 1
33090 # 1504
33090 + 92
33092 # 1504
33092 - 92 2
33095 # 1504
33096 # 1504
33097 + 92
33102 + 92
33107 # 1504
33107 - 92 10
33107 - 92 5
33107 # 1504
33107 # 1504
33107 # 1504
33108 + 92
33114 + 92
33116 # 1504
33116 - 92 8
33116 - 92 2
33116 # 1504
33116 # 1504
33116 # 1504
33118 # 1504
33121 + 92
33122 # 1504
33122 - 92 1
33123 # 1504
33125 # 1504
33127 # 1504
33129 # 1504
33129 + 92
33131 # 1504
33131 - 92 2
33133 # 1504
33136 # 1504
33136 # 1504
33138 # 1504
33138 + 92
33140 # 1504
33140 - 92 2
33143 # 1504
33144 # 1504
33144 + 92
33148 # 1504
33148 - 92 4
33157 + 92
33163 + 92
33165 # 1504
33165 - 92 8
33165 - 92 2
33165 # 1504
33165 # 1504
33165 # 1504
33165 # 1504
33166 # 1504
33170 + 92
33171 # 1504
33171 - 92 1
33171 # 1504
33171 # 1504
33173 # 1504
33177 + 92
33184 # 1504
33184 - 92 7
33184 # 1504
33184 # 1504
33184 + 92
33188 # 1504
33188 - 92 4
33189 # 1504
33189 # 1504
33190 # 1504
33190 + 92
33192 # 1504
33192 - 92 2
33194 # 1504
33199 + 92
33201 + 92
33205 # 1504
33205 - 92 6
33205 - 92 4
33205 # 1504
33205 # 1504
33205 # 1504
33205 # 1504
33206 # 1504
33207 + 92
33208 # 1504
33208 - 92 1
33210 # 1504
33212 # 1504
33212 + 92
33214 # 1504
33214 - 92 2
33216 # 1504
33218 # 1504
33220 # 1504
33222 # 1504
33224 # 1504
33226 # 1504
33228 # 1504
33228 + 92
33228 + 92
33229 # 1504
33229 - 92 1
33229 - 92 1
33232 # 1504
33233 # 1504
33235 # 1504
33237 # 1504
33238 + 92
33239 # 1504
33239 - 92 1
33241 # 1504
33243 # 1504
33244 + 92
33254 # 1504
33254 - 92 10
33254 + 92
33271 + 92
33272 # 1504
33272 - 92 18
33272 - 92 1
33272 # 1504
33272 # 1504
33272 # 1504
33272 # 1504
33272 # 1504
33272 # 1504
33273 # 1504
33273 # 1504
33273 # 1504
33273 # 1504
33273 # 1504
33273 # 1504
33273 # 1504
33273 # 1504
33275 # 1504
33277 # 1504
33278 # 1504
33280 # 1504
33281 + 92
33282 # 1504
33282 - 92 1
33284 # 1504
33286 # 1504
33286 + 92
33288 # 1504
33288 - 92 2
33290 # 1504
33291 # 1504
33293 # 1504
33295 # 1504
33295 + 92
33297 # 1504
33297 - 92 2
33299 # 1504
33301 # 1504
33304 # 1504
33305 # 1504
33307 # 1504
33308 + 92
33309 # 1504
33309 - 92 1
33310 + 92
33311 # 1504
33311 - 92 1
33313 # 1504
33314 # 1504
33316 # 1504
33319 + 92
33320 # 1504
33320 - 92 1
33321 # 1504
33322 # 1504
33324 # 1504
33326 # 1504
33326 + 92
33329 # 1504
33329 - 92 3
33331 # 1504
33341 # 1504
33341 # 1504
33341 # 1504
33341 # 1504
33341 # 1504
33341 + 92
33343 # 1504
33343 - 92 2
33343 + 92
33345 # 1504
33345 - 92 2
33347 # 1504
33349 # 1504
33351 # 1504
33354 # 1504
33355 # 1504
33355 + 92
33355 + 92
33358 # 1504
33358 - 92 3
33358 - 92 3
33359 # 1504
33361 # 1504
33363 # 1504
33363 + 92
33365 # 1504
33365 - 92 2
33368 # 1504
33368 + 92
33373 + 92
33380 + 92
33382 # 1504
33382 - 92 14
33382 - 92 9
33382 - 92 2
33382 # 1504
33382 # 1504
33382 # 1504
33383 # 1504
33383 # 1504
33384 # 1504
33385 # 1504
33385 + 92
33387 # 1504
33387 - 92 2
33389 # 1504
33390 # 1504
33390 + 92
33392 # 1504
33392 - 92 2
33392 # 1504
33394 # 1504
33396 + 92
33397 # 1504
33397 - 92 1
33397 # 1504
33398 # 1504
33399 # 1504
33400 # 1504
33401 # 1504
33401 + 92
33402 # 1504
33402 - 92 1
33404 # 1504
33404 + 92
33407 # 1504
33407 - 92 3
33407 # 1504
33408 # 1504
33411 # 1504
33411 # 1504
33412 # 1504
33412 + 92
33414 # 1504
33414 - 92 2
33415 # 1504
33415 + 92
33416 # 1504
33416 - 92 1
33418 # 1504
33419 # 1504
33419 + 92
33420 # 1504
33420 - 92 1
33421 # 1504
33423 # 1504
33423 + 92
33424 # 1504
33424 - 92 1
33425 # 1504
33426 # 1504
33427 + 92
33429 # 1504
33429 - 92 2
33430 # 1504
33430 + 92
33431 # 1504
33431 - 92 1
33433 # 1504
33434 + 92
33435 # 1504
33435 - 92 1
33437 # 1504
33438 + 92
33439 # 1504
33439 - 92 1
33442 + 92
33448 # 1504
33448 - 92 6
33448 # 1504
33448 + 92
33453 # 1504
33453 - 92 5
33453 # 1504
33454 # 1504
33454 # 1504
33454 # 1504
33454 # 1504
33456 # 1504
33456 + 92
33458 # 1504
33458 - 92 2
33458 + 92
33459 # 1504
33459 - 92 1
33461 # 1504
33463 + 92
33465 # 1504
33465 - 92 2
33466 # 1504
33468 # 1504
33468 + 92
33479 # 1504
33479 - 92 11
33480 # 1504
33480 # 1504
33480 # 1504
33480 # 1504
33480 # 1504
33480 + 92
33482 # 1504
33482 - 92 2
33483 # 1504
33483 + 92
33485 # 1504
33485 - 92 2
33486 # 1504
33487 + 92
33488 # 1504
33488 - 92 1
33490 + 92
33495 + 92
33498 # 1504
33498 - 92 8
33498 - 92 3
33501 # 1504
33503 # 1504
33505 + 92
33506 # 1504
33506 - 92 1
33506 # 1504
33506 # 1504
33513 # 1504
33513 # 1504
33517 + 92
33520 # 1504
33520 - 92 3
33520 # 1504
33520 # 1504
33520 # 1504
33520 # 1504
33521 # 1504
33522 + 92
33523 # 1504
33523 - 92 1
33524 # 1504
33526 # 1504
33527 # 1504
33530 + 92
33531 + 92
33536 + 92
33540 # 1504
33540 - 92 10
33540 - 92 9
33540 - 92 4
33540 # 1504
33540 # 1504
33540 # 1504
33540 # 1504
33540 + 92
33541 # 1504
33541 - 92 1
33543 # 1504
33543 + 92
33544 # 1504
33544 - 92 1
33547 # 1504
33549 # 1504
33549 + 92
33555 + 92
33558 # 1504
33558 - 92 9
33558 - 92 3
33558 + 92
33559 # 1504
33559 - 92 1
33559 # 1504
33559 # 1504
33559 # 1504
33559 # 1504
33559 # 1504
33561 # 1504
33562 # 1504
33564 # 1504
33564 + 92
33568 + 92
33571 # 1504
33571 - 92 7
33571 - 92 3
33571 # 1504
33572 # 1504
33572 + 92
33573 # 1504
33573 - 92 1
33575 # 1504
33576 # 1504
33576 + 92
33577 # 1504
33577 - 92 1
33579 # 1504
33579 + 92
33580 # 1504
33580 - 92 1
33581 # 1504
33582 # 1504
33584 # 1504
33584 + 92
33585 # 1504
33585 - 92 1
33587 # 1504
33588 # 1504
33588 + 92
33593 + 92
33598 + 92
33599 # 1504
33599 - 92 11
33599 - 92 6
33599 - 92 1
33599 # 1504
33599 # 1504
33599 # 1504
33599 # 1504
33599 # 1504
33600 # 1504
33600 # 1504
33600 + 92
33601 # 1504
33601 - 92 1
33603 # 1504
33604 # 1504
33605 # 1504
33606 # 1504
33606 + 92
33608 # 1504
33608 - 92 2
33608 + 92
33611 # 1504
33611 - 92 3
33612 + 92
33614 + 92
33618 + 92
33619 # 1504
33619 - 92 7
33619 - 92 5
33619 - 92 1
33619 # 1504
33620 # 1504
33620 # 1504
33620 # 1504
33620 # 1504
33620 # 1504
33621 # 1504
33622 # 1504
33622 + 92
33626 + 92
33629 + 92
33635 + 92
33646 + 92
33647 + 92
33650 + 92
33654 # 1504
33654 - 92 32
33654 - 92 28
33654 - 92 25
33654 - 92 19
33654 - 92 8
33654 - 92 7
33654 - 92 4
33654 # 1504
33654 # 1504
33654 # 1504
33654 # 1504
33654 + 92
33655 # 1504
33655 - 92 1
33655 # 1504
33655 # 1504
33655 # 1504
33655 # 1504
33655 # 1504
33656 # 1504
33656 # 1504
33657 # 1504
33659 # 1504
33659 # 1504
33660 # 1504
33660 # 1504
33661 # 1504
33661 # 1504
33665 # 1504
33666 # 1504
33666 # 1504
33666 # 1504
33667 # 1504
33667 # 1504
33668 # 1504
33669 # 1504
33670 # 1504
33670 # 1504
33671 # 1504
33673 # 1504
33673 + 92
33675 # 1504
33675 - 92 2
33675 # 1504
33676 # 1504
33676 # 1504
33676 # 1504
33676 # 1504
33676 # 1504
33676 + 92
33677 # 1504
33677 - 92 1
33681 + 92
33684 + 92
33688 + 92
33691 + 92
33695 + 92
33699 + 92
33702 + 92
33705 # 1504
33705 - 92 24
33705 - 92 21
33705 - 92 17
33705 - 92 14
33705 - 92 10
33705 - 92 6
33705 - 92 3
33705 # 1504
33705 # 1504
33705 # 1504
33705 # 1504
33705 # 1504
33705 # 1504
33705 + 92
33706 # 1504
33706 - 92 1
33706 # 1504
33706 # 1504
33708 + 92
33712 # 1504
33712 - 92 4
33713 # 1504
33713 # 1504
33713 # 1504
33713 # 1504
33713 + 92
33717 + 92
33720 # 1504
33720 - 92 7
33720 - 92 3
33720 # 1504
33720 # 1504
33720 # 1504
33720 # 1504
33720 # 1504
33720 # 1504
33720 + 92
33725 + 92
33728 + 92
33730 # 1504
33730 - 92 10
33730 - 92 5
33730 - 92 2
33730 # 1504
33730 # 1504
33732 + 92
33734 # 1504
33734 - 92 2
33735 + 92
33736 # 1504
33736 - 92 1
33736 # 1504
33736 # 1504
33737 # 1504
33737 # 1504
33737 # 1504
33737 # 1504
33737 # 1504
33741 + 92
33744 + 92
33747 # 1504
33747 - 92 6
33747 - 92 3
33747 # 1504
33747 # 1504
33748 # 1504
33748 + 92
33753 # 1504
33753 - 92 5
33753 # 1504
33753 # 1504
33753 # 1504
33753 # 1504
33754 # 1504
33754 # 1504
33756 # 1504
33757 # 1504
33757 + 92
33757 + 92
33759 # 1504
33759 - 92 2
33759 - 92 2
33761 # 1504
33763 # 1504
33763 # 1504
33764 # 1504
33765 # 1504
33767 # 1504
33767 + 92
33768 # 1504
33768 - 92 1
33769 # 1504
33770 # 1504
33772 # 1504
33773 # 1504
33774 # 1504
33775 # 1504
33777 # 1504
33778 # 1504
33779 # 1504
33779 + 92
33779 + 92
33781 # 1504
33781 - 92 2
33781 - 92 2
33782 + 92
33783 # 1504
33783 - 92 1
33783 # 1504
33784 # 1504
33786 # 1504
33787 # 1504
33790 + 92
33790 + 92
33795 + 92
33797 # 1504
33797 - 92 7
33797 - 92 7
33797 - 92 2
33798 # 1504
33798 # 1504
33798 # 1504
33798 # 1504
33798 # 1504
33798 # 1504
33798 # 1504
33798 + 92
33800 # 1504
33800 - 92 2
33801 # 1504
33801 # 1504
33802 # 1504
33802 + 92
33803 # 1504
33803 - 92 1
33807 + 92
33809 + 92
33813 + 92
33814 # 1504
33814 - 92 7
33814 - 92 5
33814 - 92 1
33814 # 1504
33814 # 1504
33815 # 1504
33815 # 1504
33815 # 1504
33817 + 92
33819 # 1504
33819 - 92 2
33820 # 1504
33820 # 1504
33820 # 1504
33820 # 1504
33821 # 1504
33821 + 92
33826 + 92
33828 + 92
33830 # 1504
33830 - 92 9
33830 - 92 4
33830 - 92 2
33830 # 1504
33830 # 1504
33830 # 1504
33830 # 1504
33830 # 1504
33830 + 92
33837 # 1504
33837 - 92 7
33837 + 92
33838 # 1504
33838 - 92 1
33838 # 1504
33839 # 1504
33840 # 1504
33840 + 92
33843 # 1504
33843 - 92 3
33845 # 1504
33845 + 92
33848 + 92
33851 + 92
33856 # 1504
33856 - 92 11
33856 - 92 8
33856 - 92 5
33856 # 1504
33856 # 1504
33858 + 92
33858 + 92
33859 # 1504
33859 - 92 1
33859 - 92 1
33859 # 1504
33859 # 1504
33859 # 1504
33859 # 1504
33859 # 1504
33860 # 1504
33861 # 1504
33862 + 92
33863 # 1504
33863 - 92 1
33864 # 1504
33867 + 92
33871 + 92
33873 # 1504
33873 - 92 6
33873 - 92 2
33873 + 92
33874 # 1504
33874 - 92 1
33874 # 1504
33875 # 1504
33875 # 1504
33875 # 1504
33875 # 1504
33876 # 1504
33877 + 92
33878 # 1504
33878 - 92 1
33880 # 1504
33880 + 92
33881 # 1504
33881 - 92 1
33882 # 1504
33883 # 1504
33884 # 1504
33884 + 92
33885 # 1504
33885 - 92 1
33886 + 92
33890 + 92
33893 + 92
33895 # 1504
33895 - 92 9
33895 - 92 5
33895 - 92 2
33895 # 1504
33895 # 1504
33895 # 1504
33895 # 1504
33895 # 1504
33895 # 1504
33898 + 92
33901 + 92
33904 + 92
33905 # 1504
33905 - 92 7
33905 - 92 4
33905 - 92 1
33905 # 1504
33905 # 1504
33905 # 1504
33905 # 1504
33907 + 92
33909 + 92
33912 # 1504
33912 - 92 5
33912 - 92 3
33913 + 92
33917 + 92
33919 # 1504
33919 - 92 6
33919 - 92 2
33921 # 1504
33921 + 92
33922 + 92
33925 + 92
33929 + 92
33932 # 1504
33932 - 92 11
33932 - 92 10
33932 - 92 7
33932 - 92 3
33932 + 92
33933 # 1504
33933 - 92 1
33934 # 1504
33934 + 92
33936 # 1504
33936 - 92 2
33936 # 1504
33939 # 1504
33939 + 92
33940 # 1504
33940 - 92 1
33942 # 1504
33943 # 1504
33944 + 92
33945 # 1504
33945 - 92 1
33946 # 1504
33947 + 92
33948 # 1504
33948 - 92 1
33951 # 1504
33951 # 1504
33952 + 92
33959 + 92
33959 + 92
33963 + 92
33965 # 1504
33965 - 92 13
33965 - 92 6
33965 - 92 6
33965 - 92 2
33965 # 1504
33965 # 1504
33965 # 1504
33965 # 1504
33965 # 1504
33966 # 1504
33966 + 92
33967 + 92
33968 # 1504
33968 - 92 2
33968 - 92 1
33969 # 1504
33971 # 1504
33972 # 1504
33973 # 1504
33974 + 92
33974 + 92
33975 # 1504
33975 - 92 1
33975 - 92 1
33976 # 1504
33978 + 92
33980 # 1504
33980 - 92 2
33980 + 92
33984 + 92
33986 # 1504
33986 - 92 6
33986 - 92 2
33988 # 1504
33988 + 92
33989 # 1504
33989 - 92 1
33991 # 1504
33992 # 1504
33993 # 1504
33995 # 1504
33996 # 1504
33998 # 1504
33999 # 1504
34001 # 1504
34001 # 1504
34001 + 92
34001 + 92
34002 + 92
34003 # 1504
34003 - 92 2
34003 - 92 2
34003 - 92 1
34006 # 1504
34006 # 1504
34006 + 92
34007 # 1504
34007 - 92 1
34008 # 1504
34019 # 1504
34019 # 1504
34019 # 1504
34019 + 92
34023 # 1504
34023 - 92 4
34023 # 1504
34024 # 1504
34024 # 1504
34026 # 1504
34026 + 92
34027 # 1504
34027 - 92 1
34027 # 1504
34029 + 92
34033 + 92
34036 + 92
34038 + 92
34042 + 92
34045 # 1504
34045 - 92 16
34045 - 92 12
34045 - 92 9
34045 - 92 7
34045 - 92 3
34045 # 1504
34045 # 1504
34045 # 1504
34045 # 1504
34045 # 1504
34045 # 1504
34046 # 1504
34046 # 1504
34046 + 92
34055 # 1504
34055 - 92 9
34055 # 1504
34055 # 1504
34057 # 1504
34061 # 1504
34062 + 92
34062 + 92
34062 + 92
34063 # 1504
34063 - 92 1
34063 - 92 1
34063 - 92 1
34067 + 92
34069 # 1504
34069 - 92 2
34070 + 92
34071 # 1504
34071 - 92 1
34074 + 92
34076 + 92
34079 # 1504
34079 - 92 5
34079 - 92 3
34079 + 92
34081 + 92
34084 + 92
34086 + 92
34087 # 1504
34087 - 92 8
34087 - 92 6
34087 - 92 3
34087 - 92 1
34090 + 92
34093 + 92
34096 + 92
34098 + 92
34099 # 1504
34099 - 92 9
34099 - 92 6
34099 - 92 3
34099 - 92 1
34102 + 92
34102 + 92
34105 + 92
34109 + 92
34110 + 92
34112 # 1504
34112 - 92 10
34112 - 92 10
34112 - 92 7
34112 - 92 3
34112 - 92 2
34112 # 1504
34112 + 92
34114 # 1504
34114 - 92 2
34116 + 92
34117 + 92
34119 # 1504
34119 - 92 3
34119 - 92 2
34120 + 92
34121 # 1504
34121 - 92 1
34123 + 92
34127 + 92
34129 + 92
34130 # 1504
34130 - 92 7
34130 - 92 3
34130 - 92 1
34131 + 92
34132 # 1504
34132 - 92 1
34133 + 92
34135 # 1504
34135 - 92 2
34137 # 1504
34138 + 92
34138 + 92
34142 # 1504
34142 - 92 4
34142 - 92 4
34144 # 1504
34144 # 1504
34149 + 92
34149 + 92
34149 + 92
34149 + 92
34150 # 1504
34150 - 92 1
34150 - 92 1
34150 - 92 1
34150 - 92 1
34155 # 1504
34155 # 1504
34155 # 1504
34159 # 1504
34162 # 1504
34162 + 92
34162 + 92
34162 + 92
34162 + 92
34164 # 1504
34164 - 92 2
34164 - 92 2
34164 - 92 2
34164 - 92 2
34165 # 1504
34168 # 1504
34169 # 1504
34170 + 92
34170 + 92
34170 + 92
34171 # 1504
34171 - 92 1
34171 - 92 1
34171 - 92 1
34173 # 1504
34173 # 1504
34175 # 1504
34175 + 92
34176 # 1504
34176 - 92 1
34176 + 92
34177 # 1504
34177 - 92 1
34178 # 1504
34178 + 92
34180 # 1504
34180 - 92 2
34181 # 1504
34181 + 92
34182 # 1504
34182 - 92 1
34182 + 92
34187 + 92
34190 + 92
34193 # 1504
34193 - 92 11
34193 - 92 6
34193 - 92 3
34193 # 1504
34193 # 1504
34193 # 1504
34193 + 92
34196 + 92
34199 + 92
34202 + 92
34204 + 92
34207 # 1504
34207 - 92 14
34207 - 92 11
34207 - 92 8
34207 - 92 5
34207 - 92 3
34207 # 1504
34207 # 1504
34207 # 1504
34207 # 1504
34207 # 1504
34207 + 92
34208 # 1504
34208 - 92 1
34209 + 92
34211 + 92
34212 # 1504
34212 - 92 3
34212 - 92 1
34215 # 1504
34222 + 92
34225 # 1504
34225 - 92 3
34227 # 1504
34230 # 1504
34230 + 92
34230 + 92
34231 # 1504
34231 - 92 1
34231 - 92 1
34233 # 1504
34234 + 92
34236 + 92
34238 # 1504
34238 - 92 4
34238 - 92 2
34238 + 92
34239 # 1504
34239 - 92 1
34241 + 92
34242 # 1504
34242 - 92 1
34245 # 1504
34247 # 1504
34250 # 1504
34253 # 1504
34255 # 1504
34257 # 1504
34259 # 1504
34260 + 92
34261 # 1504
34261 - 92 1
34262 + 92
34263 # 1504
34263 - 92 1
34272 + 92
34277 # 1504
34277 - 92 5
34277 # 1504
34280 # 1504
34281 # 1504
34281 + 92
34283 # 1504
34283 - 92 2
34283 # 1504
34284 # 1504
34286 # 1504
34286 + 92
34288 + 92
34290 + 92
34291 + 92
34295 # 1504
34295 - 92 9
34295 - 92 7
34295 - 92 5
34295 - 92 4
34295 + 92
34296 # 1504
34296 - 92 1
34296 # 1504
34297 + 92
34302 + 92
34303 + 92
34306 + 92
34308 # 1504
34308 - 92 11
34308 - 92 6
34308 - 92 5
34308 - 92 2
34308 + 92
34310 # 1504
34310 - 92 2
34311 # 1504
34311 # 1504
34313 # 1504
34315 # 1504
34315 # 1504
34315 + 92
34315 + 92
34319 + 92
34321 + 92
34323 # 1504
34323 - 92 8
34323 - 92 8
34323 - 92 4
34323 - 92 2
34331 + 92
34331 + 92
34331 + 92
34334 # 1504
34334 - 92 3
34334 - 92 3
34334 - 92 3
34334 # 1504
34334 # 1504
34335 # 1504
34335 # 1504
34336 + 92
34336 + 92
34347 + 92
34347 + 92
34347 + 92
34347 + 92
34349 # 1504
34349 - 92 13
34349 - 92 13
34349 - 92 2
34349 - 92 2
34349 - 92 2
34349 - 92 2
34349 + 92
34353 + 92
34356 + 92
34368 + 92
34368 + 92
34368 + 92
34368 + 92
34369 + 92
34370 # 1504
34370 - 92 21
34370 - 92 17
34370 - 92 14
34370 - 92 2
34370 - 92 2
34370 - 92 2
34370 - 92 2
34370 - 92 1
34370 + 92
34372 + 92
34374 + 92
34380 # 1504
34380 - 92 10
34380 - 92 8
34380 - 92 6
34385 + 92
34385 + 92
34385 + 92
34385 + 92
34387 + 92
34388 # 1504
34388 - 92 3
34388 - 92 3
34388 - 92 3
34388 - 92 3
34388 - 92 1
34390 + 92
34394 + 92
34395 + 92
34398 # 1504
34398 - 92 8
34398 - 92 4
34398 - 92 3
34405 # 1504
34410 + 92
34410 + 92
34410 + 92
34410 + 92
34410 + 92
34411 + 92
34413 # 1504
34413 - 92 3
34413 - 92 3
34413 - 92 3
34413 - 92 3
34413 - 92 3
34413 - 92 2
34413 + 92
34417 + 92
34420 + 92
34422 + 92
34424 + 92
34425 + 92
34429 + 92
34430 + 92
34432 + 92
34433 # 1504
34433 - 92 20
34433 - 92 16
34433 - 92 13
34433 - 92 11
34433 - 92 9
34433 - 92 8
34433 - 92 4
34433 - 92 3
34433 - 92 1
34434 + 92
34440 # 1504
34440 - 92 6
34451 # 1504
34451 + 92
34452 + 92
34452 + 92
34452 + 92
34452 + 92
34452 + 92
34452 + 92
34455 # 1504
34455 - 92 4
34455 - 92 3
34455 - 92 3
34455 - 92 3
34455 - 92 3
34455 - 92 3
34455 - 92 3
34455 + 92
34460 # 1504
34460 - 92 5
34462 + 92
34462 + 92
34463 + 92
34465 # 1504
34465 - 92 3
34465 - 92 3
34465 - 92 2
34465 + 92
34467 + 92
34470 # 1504
34470 - 92 5
34470 - 92 3
34470 + 92
34472 + 92
34474 # 1504
34474 - 92 4
34474 - 92 2
34474 + 92
34475 # 1504
34475 - 92 1
34478 + 92
34479 # 1504
34479 - 92 1
34479 + 92
34483 # 1504
34483 - 92 4
34483 + 92
34484 + 92
34489 # 1504
34489 - 92 6
34489 - 92 5
34494 # 1504
34494 + 92
34494 + 92
34494 + 92
34494 + 92
34496 + 92
34499 + 92
34499 + 92
34501 + 92
34502 # 1504
34502 - 92 8
34502 - 92 8
34502 - 92 8
34502 - 92 8
34502 - 92 6
34502 - 92 3
34502 - 92 3
34502 - 92 1
34503 # 1504
34504 + 92
34508 + 92
34512 # 1504
34512 - 92 8
34512 - 92 4
34518 # 1504
34518 + 92
34518 + 92
34521 # 1504
34521 - 92 3
34521 - 92 3
34522 + 92
34525 + 92
34527 + 92
34531 + 92
34539 # 1504
34539 - 92 17
34539 - 92 14
34539 - 92 12
34539 - 92 8
34539 # 1504
34539 # 1504
34541 + 92
34541 + 92
34541 + 92
34542 # 1504
34542 - 92 1
34542 - 92 1
34542 - 92 1
34547 + 92
34547 + 92
34547 + 92
34548 # 1504
34548 - 92 1
34548 - 92 1
34548 - 92 1
34549 + 92
34551 # 1504
34551 - 92 2
34552 + 92
34554 # 1504
34554 - 92 2
34554 + 92
34557 + 92
34561 # 1504
34561 - 92 7
34561 - 92 4
34563 + 92
34564 + 92
34566 + 92
34566 + 92
34569 + 92
34570 # 1504
34570 - 92 7
34570 - 92 6
34570 - 92 4
34570 - 92 4
34570 - 92 1
34571 + 92
34572 + 92
34574 # 1504
34574 - 92 3
34574 - 92 2
34574 # 1504
34574 # 1504
34575 + 92
34576 # 1504
34576 - 92 1
34576 + 92
34578 + 92
34579 # 1504
34579 - 92 3
34579 - 92 1
34580 + 92
34582 # 1504
34582 - 92 2
34584 # 1504
34585 + 92
34585 + 92
34587 # 1504
34587 - 92 2
34587 - 92 2
34588 + 92
34590 # 1504
34590 - 92 2
34590 + 92
34590 + 92
34592 # 1504
34592 - 92 2
34592 - 92 2
34593 # 1504
34596 + 92
34597 # 1504
34597 - 92 1
34599 # 1504
34600 # 1504
34603 # 1504
34605 # 1504
34605 + 92
34605 + 92
34605 + 92
34605 + 92
34607 # 1504
34607 - 92 2
34607 - 92 2
34607 - 92 2
34607 - 92 2
34607 + 92
34610 # 1504
34610 - 92 3
34610 + 92
34612 # 1504
34612 - 92 2
34612 + 92
34614 + 92
34615 # 1504
34615 - 92 3
34615 - 92 1
34617 # 1504
34617 + 92
34619 # 1504
34619 - 92 2
34620 + 92
34621 # 1504
34621 - 92 1
34622 + 92
34623 # 1504
34623 - 92 1
34624 + 92
34625 # 1504
34625 - 92 1
34626 + 92
34627 # 1504
34627 - 92 1
34629 + 92
34630 # 1504
34630 - 92 1
34631 + 92
34632 # 1504
34632 - 92 1
34633 # 1504
34633 + 92
34635 # 1504
34635 - 92 2
34637 # 1504
34639 # 1504
34640 # 1504
34643 # 1504
34643 + 92
34643 + 92
34643 + 92
34644 # 1504
34644 - 92 1
34644 - 92 1
34644 - 92 1
34644 + 92
34644 + 92
34646 # 1504
34646 - 92 2
34646 - 92 2
34647 # 1504
34648 + 92
34648 + 92
34649 # 1504
34649 - 92 1
34649 - 92 1
34651 # 1504
34651 + 92
34653 # 1504
34653 - 92 2
34654 # 1504
34656 # 1504
34658 # 1504
34661 # 1504
34661 # 1504
34663 # 1504
34664 + 92
34664 + 92
34664 + 92
34664 + 92
34665 # 1504
34665 - 92 1
34665 - 92 1
34665 - 92 1
34665 - 92 1
34665 + 92
34666 # 1504
34666 - 92 1
34668 # 1504
34670 # 1504
34670 + 92
34671 # 1504
34671 - 92 1
34671 + 92
34673 # 1504
34673 - 92 2
34674 + 92
34675 # 1504
34675 - 92 1
34675 + 92
34676 # 1504
34676 - 92 1
34678 # 1504
34678 + 92
34680 + 92
34682 + 92
34682 + 92
34688 # 1504
34688 - 92 10
34688 - 92 8
34688 - 92 6
34688 - 92 6
34689 # 1504
34689 # 1504
34690 # 1504
34690 # 1504
34692 + 92
34694 + 92
34694 + 92
34694 + 92
34694 + 92
34695 # 1504
34695 - 92 3
34695 - 92 1
34695 - 92 1
34695 - 92 1
34695 - 92 1
34695 # 1504
34695 # 1504
34695 # 1504
34696 + 92
34697 # 1504
34697 - 92 1
34698 + 92
34699 # 1504
34699 - 92 1
34700 + 92
34702 # 1504
34702 - 92 2
34702 # 1504
34703 + 92
34704 # 1504
34704 - 92 1
34705 + 92
34706 # 1504
34706 - 92 1
34707 # 1504
34709 # 1504
34710 + 92
34712 # 1504
34712 - 92 2
34712 # 1504
34714 # 1504
34717 + 92
34717 + 92
34717 + 92
34719 + 92
34720 + 92
34728 + 92
34729 + 92
34734 # 1504
34734 - 92 17
34734 - 92 17
34734 - 92 17
34734 - 92 15
34734 - 92 14
34734 - 92 6
34734 - 92 5
34734 # 1504
34734 # 1504
34734 # 1504
34734 # 1504
34734 # 1504
34734 # 1504
34735 # 1504
34739 # 1504
34739 # 1504
34739 # 1504
34739 # 1504
34739 # 1504
34740 # 1504
34740 + 92
34741 + 92
34743 # 1504
34743 - 92 3
34743 - 92 2
34744 + 92
34744 + 92
34745 # 1504
34745 - 92 1
34745 - 92 1
34746 # 1504
34747 # 1504
34748 # 1504
34750 + 92
34751 # 1504
34751 - 92 1
34751 # 1504
34752 + 92
34753 # 1504
34753 - 92 1
34754 + 92
34755 + 92
34756 # 1504
34756 - 92 2
34756 - 92 1
34757 # 1504
34757 # 1504
34759 # 1504
34760 # 1504
34762 # 1504
34763 # 1504
34765 # 1504
34766 # 1504
34766 + 92
34766 + 92
34768 # 1504
34768 - 92 2
34768 - 92 2
34769 + 92
34770 # 1504
34770 - 92 1
34771 # 1504
34773 # 1504
34773 + 92
34777 + 92
34779 + 92
34781 + 92
34783 + 92
34784 # 1504
34784 - 92 11
34784 - 92 7
34784 - 92 5
34784 - 92 3
34784 - 92 1
34784 # 1504
34786 + 92
34786 + 92
34787 # 1504
34787 - 92 1
34787 - 92 1
34787 # 1504
34787 # 1504
34787 # 1504
34787 # 1504
34790 + 92
34793 + 92
34793 + 92
34795 + 92
34796 # 1504
34796 - 92 6
34796 - 92 3
34796 - 92 3
34796 - 92 1
34796 # 1504
34796 # 1504
34797 + 92
34798 # 1504
34798 - 92 1
34798 # 1504
34799 + 92
34800 # 1504
34800 - 92 1
34801 # 1504
34801 + 92
34804 # 1504
34804 - 92 3
34805 + 92
34806 # 1504
34806 - 92 1
34806 + 92
34807 # 1504
34807 - 92 1
34808 + 92
34809 # 1504
34809 - 92 1
34811 # 1504
34811 # 1504
34812 + 92
34814 # 1504
34814 - 92 2
34814 + 92
34817 + 92
34819 + 92
34823 # 1504
34823 - 92 9
34823 - 92 6
34823 - 92 4
34823 # 1504
34823 # 1504
34824 # 1504
34824 # 1504
34824 + 92
34824 + 92
34825 # 1504
34825 - 92 1
34825 - 92 1
34825 + 92
34828 # 1504
34828 - 92 3
34829 # 1504
34829 + 92
34830 # 1504
34830 - 92 1
34830 + 92
34831 # 1504
34831 - 92 1
34841 # 1504
34841 + 92
34842 + 92
34843 # 1504
34843 - 92 2
34843 - 92 1
34843 # 1504
34845 + 92
34846 + 92
34849 + 92
34854 # 1504
34854 - 92 9
34854 - 92 8
34854 - 92 5
34854 # 1504
34854 # 1504
34855 # 1504
34855 # 1504
34855 # 1504
34856 # 1504
34856 # 1504
34856 # 1504
34856 # 1504
34856 # 1504
34856 # 1504
34856 + 92
34857 # 1504
34857 - 92 1
34858 # 1504
34858 + 92
34858 + 92
34861 # 1504
34861 - 92 3
34861 - 92 3
34861 # 1504
34863 # 1504
34864 # 1504
34865 # 1504
34867 # 1504
34867 + 92
34868 + 92
34868 + 92
34868 + 92
34870 # 1504
34870 - 92 3
34870 - 92 2
34870 - 92 2
34870 - 92 2
34871 + 92
34873 # 1504
34873 - 92 2
34873 # 1504
34873 + 92
34876 + 92
34879 + 92
34880 + 92
34884 # 1504
34884 - 92 11
34884 - 92 8
34884 - 92 5
34884 - 92 4
34884 # 1504
34884 + 92
34885 # 1504
34885 - 92 1
34885 # 1504
34885 # 1504
34885 # 1504
34885 # 1504
34886 + 92
34888 + 92
34889 # 1504
34889 - 92 3
34889 - 92 1
34890 + 92
34892 # 1504
34892 - 92 2
34893 + 92
34894 # 1504
34894 - 92 1
34895 + 92
34897 + 92
34899 + 92
34901 # 1504
34901 - 92 6
34901 - 92 4
34901 - 92 2
34901 # 1504
34901 # 1504
34901 # 1504
34901 + 92
34903 + 92
34905 # 1504
34905 - 92 4
34905 - 92 2
34905 + 92
34908 + 92
34910 + 92
34912 + 92
34913 + 92
34915 # 1504
34915 - 92 10
34915 - 92 7
34915 - 92 5
34915 - 92 3
34915 - 92 2
34915 # 1504
34915 # 1504
34915 # 1504
34915 # 1504
34916 + 92
34917 + 92
34918 # 1504
34918 - 92 2
34918 - 92 1
34919 # 1504
34921 + 92
34922 + 92
34924 + 92
34927 + 92
34937 + 92
34941 + 92
34941 + 92
34943 + 92
34943 + 92
34945 + 92
34947 + 92
34949 + 92
34952 + 92
34954 + 92
34956 + 92
34958 + 92
34966 + 92
34966 + 92
34966 + 92
34974 # 1504
34974 - 92 53
34974 - 92 52
34974 - 92 50
34974 - 92 47
34974 - 92 37
34974 - 92 33
34974 - 92 33
34974 - 92 31
34974 - 92 31
34974 - 92 29
34974 - 92 27
34974 - 92 25
34974 - 92 22
34974 - 92 20
34974 - 92 18
34974 - 92 16
34974 # 1504
34974 - 92 8
34974 - 92 8
34974 - 92 8
34974 # 1504
34974 # 1504
34974 # 1504
34974 # 1504
34974 # 1504
34974 # 1504
34974 # 1504
34974 # 1504
34974 # 1504
34974 # 1504
34974 # 1504
34975 # 1504
34975 # 1504
34975 # 1504
34975 # 1504
34975 # 1504
34975 # 1504
34975 # 1504
34975 # 1504
34975 # 1504
34975 # 1504
34975 # 1504
34975 # 1504
34976 # 1504
34976 # 1504
34976 # 1504
34976 # 1504
34977 + 92
34984 # 1504
34984 - 92 7
34984 # 1504
34984 # 1504
34984 # 1504
34984 # 1504
34984 # 1504
34984 # 1504
34984 # 1504
34984 + 92
34985 # 1504
34985 - 92 1
34985 # 1504
34985 # 1504
34985 # 1504
34987 # 1504
34987 # 1504
34989 # 1504
34990 + 92
34990 + 92
34990 + 92
34996 + 92
34996 + 92
34996 + 92
34996 + 92
34998 # 1504
34998 - 92 8
34998 - 92 8
34998 - 92 8
34998 - 92 2
34998 - 92 2
34998 - 92 2
34998 - 92 2
34998 + 92
34999 # 1504
34999 - 92 1
34999 # 1504
34999 # 1504
34999 # 1504
34999 # 1504
34999 # 1504
35000 + 92
35004 # 1504
35004 - 92 4
35009 # 1504
35010 # 1504
35011 # 1504
35013 # 1504
35013 + 92
35014 + 92
35017 + 92
35023 # 1504
35023 - 92 10
35023 - 92 9
35023 - 92 6
35023 # 1504
35024 # 1504
35024 # 1504
35024 # 1504
35024 # 1504
35026 + 92
35032 + 92
35033 # 1504
35033 - 92 7
35033 - 92 1
35033 # 1504
35033 # 1504
35033 # 1504
35033 # 1504
35033 # 1504
35033 # 1504
35036 + 92
35036 + 92
35041 + 92
35043 # 1504
35043 - 92 7
35043 - 92 7
35043 - 92 2
35044 # 1504
35044 # 1504
35044 # 1504
35044 # 1504
35044 # 1504
35044 # 1504
35045 # 1504
35045 + 92
35048 + 92
35049 + 92
35051 + 92
35055 + 92
35057 + 92
35063 # 1504
35063 - 92 18
35063 - 92 15
35063 - 92 14
35063 - 92 12
35063 - 92 8
35063 - 92 6
35063 # 1504
35064 # 1504
35064 # 1504
35064 # 1504
35064 # 1504
35065 # 1504
35065 # 1504
35065 # 1504
35066 # 1504
35066 # 1504
35066 + 92
35075 # 1504
35075 - 92 9
35075 # 1504
35076 # 1504
35076 # 1504
35076 + 92
35076 + 92
35080 + 92
35084 # 1504
35084 - 92 8
35084 - 92 8
35084 - 92 4
35084 # 1504
35084 # 1504
35084 + 92
35085 # 1504
35085 - 92 1
35085 # 1504
35085 # 1504
35085 # 1504
35086 + 92
35088 # 1504
35088 - 92 2
35088 + 92
35090 + 92
35091 # 1504
35091 - 92 3
35091 - 92 1
35091 # 1504
35091 # 1504
35091 # 1504
35093 # 1504
35093 + 92
35095 # 1504
35095 - 92 2
35095 # 1504
35096 + 92
35098 + 92
35101 # 1504
35101 - 92 5
35101 - 92 3
35103 + 92
35107 + 92
35108 # 1504
35108 - 92 5
35108 - 92 1
35110 # 1504
35111 # 1504
35113 # 1504
35118 + 92
35119 + 92
35120 + 92
35123 # 1504
35123 - 92 5
35123 - 92 4
35123 - 92 3
35124 # 1504
35124 # 1504
35124 + 92
35125 # 1504
35125 - 92 1
35125 # 1504
35125 # 1504
35133 + 92
35135 # 1504
35135 - 92 2
35135 # 1504
35135 # 1504
35135 # 1504
35135 # 1504
35135 # 1504
35136 # 1504
35137 # 1504
35138 # 1504
35140 + 92
35140 + 92
35140 + 92
35141 # 1504
35141 - 92 1
35141 - 92 1
35141 - 92 1
35141 # 1504
35142 + 92
35143 # 1504
35143 - 92 1
35144 # 1504
35145 # 1504
35145 + 92
35146 # 1504
35146 - 92 1
35147 # 1504
35147 + 92
35149 + 92
35152 + 92
35153 + 92
35156 + 92
35157 + 92
35159 # 1504
35159 - 92 12
35159 - 92 10
35159 - 92 7
35159 - 92 6
35159 - 92 3
35159 - 92 2
35159 # 1504
35159 # 1504
35159 # 1504
35159 # 1504
35165 + 92
35166 + 92
35166 + 92
35166 + 92
35169 + 92
35170 + 92
35172 + 92
35176 + 92
35179 + 92
35182 + 92
35186 + 92
35189 + 92
35191 + 92
35193 + 92
35195 + 92
35198 + 92
35198 + 92
35202 + 92
35203 + 92
35207 + 92
35207 + 92
35215 # 1504
35215 - 92 50
35215 - 92 49
35215 - 92 49
35215 - 92 49
35215 - 92 46
35215 - 92 45
35215 - 92 43
35215 - 92 39
35215 - 92 36
35215 - 92 33
35215 - 92 29
35215 - 92 26
35215 - 92 24
35215 - 92 22
35215 - 92 20
35215 - 92 17
35215 # 1504
35215 - 92 17
35215 - 92 13
35215 - 92 12
35215 - 92 8
35215 - 92 8
35215 # 1504
35215 # 1504
35215 # 1504
35215 # 1504
35216 # 1504
35216 # 1504
35216 # 1504
35216 # 1504
35216 # 1504
35216 # 1504
35216 # 1504
35217 # 1504
35217 # 1504
35217 # 1504
35217 # 1504
35217 # 1504
35217 # 1504
35218 # 1504
35218 # 1504
35218 # 1504
35218 # 1504
35218 # 1504
35218 # 1504
35218 # 1504
35218 # 1504
35218 # 1504
35219 # 1504
35219 # 1504
35219 # 1504
35219 # 1504
35219 # 1504
35219 # 1504
35219 # 1504
35219 # 1504
35219 # 1504
35221 + 92
35221 + 92
35228 # 1504
35228 - 92 7
35228 - 92 7
35228 # 1504
35228 # 1504
35228 # 1504
35228 # 1504
35229 # 1504
35231 + 92
35232 + 92
35232 + 92
35233 + 92
35234 # 1504
35234 - 92 3
35234 - 92 2
35234 - 92 2
35234 - 92 1
35235 # 1504
35236 + 92
35238 # 1504
35238 - 92 2
35238 # 1504
35238 + 92
35239 # 1504
35239 - 92 1
35239 # 1504
35239 # 1504
35240 + 92
35243 + 92
35245 + 92
35248 + 92
35249 + 92
35251 + 92
35254 + 92
35255 # 1504
35255 - 92 15
35255 - 92 12
35255 - 92 10
35255 - 92 7
35255 - 92 6
35255 - 92 4
35255 - 92 1
35255 # 1504
35255 # 1504
35255 # 1504
35255 # 1504
35255 # 1504
35255 # 1504
35255 # 1504
35255 # 1504
35256 # 1504
35256 + 92
35259 # 1504
35259 - 92 3
35259 # 1504
35259 # 1504
35259 # 1504
35266 # 1504
35266 # 1504
35266 # 1504
35266 + 92
35268 + 92
35270 + 92
35271 # 1504
35271 - 92 5
35271 - 92 3
35271 - 92 1
35271 # 1504
35271 # 1504
35274 + 92
35276 + 92
35279 + 92
35281 + 92
35282 + 92
35284 # 1504
35284 - 92 10
35284 - 92 8
35284 - 92 5
35284 - 92 3
35284 - 92 2
35284 # 1504
35284 # 1504
35285 # 1504
35285 # 1504
35285 # 1504
35285 # 1504
35285 # 1504
35285 # 1504
35285 + 92
35288 + 92
35290 + 92
35292 + 92
35293 # 1504
35293 - 92 8
35293 - 92 5
35293 - 92 3
35293 - 92 1
35294 + 92
35297 + 92
35299 + 92
35310 + 92
35310 + 92
35310 + 92
35314 + 92
35315 # 1504
35315 - 92 21
35315 - 92 18
35315 - 92 16
35315 - 92 5
35315 - 92 5
35315 - 92 5
35315 - 92 1
35315 # 1504
35315 # 1504
35315 # 1504
35315 # 1504
35315 # 1504
35315 # 1504
35315 # 1504
35315 # 1504
35315 # 1504
35315 # 1504
35316 # 1504
35316 + 92
35317 + 92
35320 # 1504
35320 - 92 4
35320 - 92 3
35320 # 1504
35320 # 1504
35320 + 92
35323 # 1504
35323 - 92 3
35323 + 92
35326 + 92
35326 + 92
35333 # 1504
35333 - 92 10
35333 - 92 7
35333 - 92 7
35333 # 1504
35334 # 1504
35334 # 1504
35334 # 1504
35336 + 92
35336 + 92
35336 + 92
35336 + 92
35339 + 92
35341 + 92
35343 + 92
35344 # 1504
35344 - 92 8
35344 - 92 8
35344 - 92 8
35344 - 92 8
35344 - 92 5
35344 - 92 3
35344 - 92 1
35345 # 1504
35345 + 92
35348 + 92
35349 # 1504
35349 - 92 4
35349 - 92 1
35349 + 92
35350 # 1504
35350 - 92 1
35350 # 1504
35351 # 1504
35352 + 92
35353 + 92
35354 # 1504
35354 - 92 2
35354 - 92 1
35354 # 1504
35354 # 1504
35355 + 92
35357 + 92
35360 + 92
35364 # 1504
35364 - 92 9
35364 - 92 7
35364 - 92 4
35364 # 1504
35364 # 1504
35365 + 92
35366 + 92
35374 # 1504
35374 - 92 9
35374 - 92 8
35374 # 1504
35374 # 1504
35374 # 1504
35374 # 1504
35374 # 1504
35374 # 1504
35374 # 1504
35375 # 1504
35375 # 1504
35375 # 1504
35376 + 92
35379 # 1504
35379 - 92 3
35379 # 1504
35379 # 1504
35379 # 1504
35382 + 92
35388 + 92
35392 + 92
35394 # 1504
35394 - 92 12
35394 - 92 6
35394 - 92 2
35394 # 1504
35394 # 1504
35394 # 1504
35397 + 92
35401 + 92
35403 # 1504
35403 - 92 6
35403 - 92 2
35403 # 1504
35403 # 1504
35403 # 1504
35411 + 92
35414 + 92
35416 # 1504
35416 - 92 5
35416 - 92 2
35416 # 1504
35416 # 1504
35416 + 92
35417 # 1504
35417 - 92 1
35417 # 1504
35417 # 1504
35417 + 92
35419 # 1504
35419 - 92 2
35419 # 1504
35419 # 1504
35427 + 92
35428 + 92
35432 + 92
35434 # 1504
35434 - 92 7
35434 - 92 6
35434 - 92 2
35434 # 1504
35434 # 1504
35434 # 1504
35434 # 1504
35434 # 1504
35435 # 1504
35435 # 1504
35435 # 1504
35441 + 92
35446 # 1504
35446 - 92 5
35446 # 1504
35446 # 1504
35446 # 1504
35446 # 1504
35448 + 92
35449 # 1504
35449 - 92 1
35451 # 1504
35452 # 1504
35452 + 92
35454 # 1504
35454 - 92 2
35456 # 1504
35459 # 1504
35460 + 92
35466 + 92
35468 + 92
35468 + 92
35469 # 1504
35469 - 92 9
35469 - 92 3
35469 - 92 1
35469 - 92 1
35470 # 1504
35473 + 92
35475 # 1504
35475 - 92 2
35475 # 1504
35475 # 1504
35475 # 1504
35475 # 1504
35477 + 92
35479 + 92
35484 # 1504
35484 - 92 7
35484 - 92 5
35484 # 1504
35484 # 1504
35484 # 1504
35486 # 1504
35488 # 1504
35488 + 92
35488 + 92
35490 # 1504
35490 - 92 2
35490 - 92 2
35491 # 1504
35492 # 1504
35495 # 1504
35495 # 1504
35495 + 92
35496 + 92
35497 # 1504
35497 - 92 2
35497 - 92 1
35497 # 1504
35499 # 1504
35500 + 92
35501 # 1504
35501 - 92 1
35501 # 1504
35502 + 92
35504 + 92
35513 # 1504
35513 - 92 11
35513 - 92 9
35514 # 1504
35514 # 1504
35515 # 1504
35515 # 1504
35515 # 1504
35517 # 1504
35517 + 92
35519 + 92
35527 + 92
35530 + 92
35532 # 1504
35532 - 92 15
35532 - 92 13
35532 - 92 5
35532 - 92 2
35532 # 1504
35532 # 1504
35532 # 1504
35533 + 92
35533 + 92
35533 + 92
35534 + 92
35536 + 92
35537 # 1504
35537 - 92 4
35537 - 92 4
35537 - 92 4
35537 - 92 3
35537 - 92 1
35537 # 1504
35537 # 1504
35538 + 92
35539 # 1504
35539 - 92 1
35540 # 1504
35542 # 1504
35542 + 92
35544 + 92
35545 # 1504
35545 - 92 3
35545 - 92 1
35546 # 1504
35546 + 92
35548 # 1504
35548 - 92 2
35548 + 92
35550 # 1504
35550 - 92 2
35550 + 92
35562 # 1504
35562 - 92 12
35562 + 92
35563 # 1504
35563 - 92 1
35569 + 92
35571 + 92
35572 + 92
35574 # 1504
35574 - 92 5
35574 - 92 3
35574 - 92 2
35574 # 1504
35574 # 1504
35574 # 1504
35574 # 1504
35574 + 92
35578 + 92
35582 + 92
35582 + 92
35584 + 92
35585 # 1504
35585 - 92 11
35585 - 92 7
35585 - 92 3
35585 - 92 3
35585 - 92 1
35585 # 1504
35585 # 1504
35587 # 1504
35589 # 1504
35592 # 1504
35593 # 1504
35595 # 1504
35595 + 92
35596 + 92
35599 # 1504
35599 - 92 4
35599 - 92 3
35599 + 92
35599 + 92
35600 # 1504
35600 - 92 1
35600 - 92 1
35602 # 1504
35602 + 92
35604 + 92
35606 + 92
35607 # 1504
35607 - 92 5
35607 - 92 3
35607 - 92 1
35610 # 1504
35610 + 92
35611 # 1504
35611 - 92 1
35612 # 1504
35612 + 92
35613 + 92
35615 # 1504
35615 - 92 3
35615 - 92 2
35616 + 92
35619 + 92
35619 + 92
35622 + 92
35625 + 92
35626 + 92
35627 # 1504
35627 - 92 11
35627 - 92 8
35627 - 92 8
35627 - 92 5
35627 - 92 2
35627 - 92 1
35627 # 1504
35628 # 1504
35628 # 1504
35628 + 92
35629 # 1504
35629 - 92 1
35631 + 92
35634 + 92
35636 + 92
35638 + 92
35643 # 1504
35643 - 92 12
35643 - 92 9
35643 - 92 7
35643 - 92 5
35644 # 1504
35644 # 1504
35644 # 1504
35644 # 1504
35644 # 1504
35644 # 1504
35645 # 1504
35645 # 1504
35648 + 92
35649 + 92
35649 + 92
35655 # 1504
35655 - 92 7
35655 - 92 6
35655 - 92 6
35656 # 1504
35656 # 1504
35656 # 1504
35656 # 1504
35656 # 1504
35660 + 92
35665 # 1504
35665 - 92 5
35665 # 1504
35666 + 92
35666 + 92
35668 + 92
35677 + 92
35681 + 92
35684 + 92
35687 + 92
35692 + 92
35694 + 92
35697 + 92
35698 + 92
35700 # 1504
35700 - 92 34
35700 - 92 34
35700 - 92 32
35700 - 92 23
35700 - 92 19
35700 - 92 16
35700 - 92 13
35700 - 92 8
35700 - 92 6
35700 - 92 3
35700 - 92 2
35700 # 1504
35700 # 1504
35700 # 1504
35700 # 1504
35700 # 1504
35700 # 1504
35700 # 1504
35702 + 92
35705 + 92
35707 + 92
35718 + 92
35718 + 92
35718 + 92
35720 + 92
35722 + 92
35727 + 92
35730 + 92
35731 + 92
35735 + 92
35736 # 1504
35736 - 92 34
35736 - 92 31
35736 - 92 29
35736 - 92 18
35736 - 92 18
35736 - 92 18
35736 - 92 16
35736 - 92 14
35736 - 92 9
35736 - 92 6
35736 - 92 5
35736 - 92 1
35736 # 1504
35736 # 1504
35736 + 92
35737 # 1504
35737 - 92 1
35737 # 1504
35737 # 1504
35737 # 1504
35737 # 1504
35737 # 1504
35737 # 1504
35737 # 1504
35738 # 1504
35738 # 1504
35738 # 1504
35738 # 1504
35738 # 1504
35738 # 1504
35738 # 1504
35738 # 1504
35738 # 1504
35738 # 1504
35739 # 1504
35739 # 1504
35739 # 1504
35740 + 92
35741 + 92
35744 + 92
35746 + 92
35750 + 92
35754 # 1504
35754 - 92 14
35754 - 92 13
35754 - 92 10
35754 - 92 8
35754 - 92 4
35754 # 1504
35754 # 1504
35754 # 1504
35754 # 1504
35754 # 1504
35754 # 1504
35754 + 92
35755 # 1504
35755 - 92 1
35759 # 1504
35761 # 1504
35762 # 1504
35765 # 1504
35767 # 1504
35767 + 92
35769 + 92
35779 + 92
35782 + 92
35784 + 92
35788 + 92
35791 # 1504
35791 - 92 24
35791 - 92 22
35791 - 92 12
35791 - 92 9
35791 - 92 7
35791 - 92 3
35791 # 1504
35791 # 1504
35791 # 1504
35798 + 92
35800 + 92
35805 + 92
35806 + 92
35809 + 92
35811 + 92
35813 # 1504
35813 - 92 15
35813 - 92 13
35813 - 92 8
35813 - 92 7
35813 - 92 4
35813 - 92 2
35813 # 1504
35813 # 1504
35814 # 1504
35814 # 1504
35814 # 1504
35814 + 92
35817 + 92
35823 + 92
35828 + 92
35830 + 92
35832 + 92
35834 # 1504
35834 - 92 20
35834 - 92 17
35834 - 92 11
35834 - 92 6
35834 - 92 4
35834 - 92 2
35834 # 1504
35834 # 1504
35835 + 92
35837 # 1504
35837 - 92 2
35837 # 1504
35837 + 92
35838 # 1504
35838 - 92 1
35839 + 92
35840 # 1504
35840 - 92 1
35841 + 92
35842 # 1504
35842 - 92 1
35843 + 92
35845 # 1504
35845 - 92 2
35845 + 92
35846 # 1504
35846 - 92 1
35848 + 92
35850 # 1504
35850 - 92 2
35851 + 92
35853 # 1504
35853 - 92 2
35854 # 1504
35854 + 92
35856 + 92
35858 + 92
35861 + 92
35870 + 92
35870 + 92
35870 + 92
35872 + 92
35874 # 1504
35874 - 92 20
35874 - 92 18
35874 - 92 16
35874 - 92 13
35874 - 92 4
35874 - 92 4
35874 - 92 4
35874 - 92 2
35874 # 1504
35874 + 92
35875 # 1504
35875 - 92 1
35877 + 92
35880 + 92
35883 + 92
35885 + 92
35887 + 92
35889 + 92
35892 + 92
35893 # 1504
35893 - 92 16
35893 - 92 13
35893 - 92 10
35893 - 92 8
35893 - 92 6
35893 - 92 4
35893 - 92 1
35893 # 1504
35893 # 1504
35894 + 92
35896 + 92
35898 + 92
35900 + 92
35903 + 92
35905 + 92
35906 + 92
35908 + 92
35910 + 92
35913 + 92
35915 + 92
35918 + 92
35921 + 92
35923 + 92
35926 + 92
35928 + 92
35932 + 92
35933 + 92
35950 # 1504
35950 - 92 56
35950 - 92 54
35950 - 92 52
35950 - 92 50
35950 - 92 47
35950 - 92 45
35950 - 92 44
35950 - 92 42
35950 - 92 40
35950 - 92 37
35950 - 92 35
35950 - 92 32
35950 - 92 29
35950 - 92 27
35950 - 92 24
35950 - 92 22
35951 # 1504
35951 - 92 19
35951 - 92 18
35951 # 1504
35951 # 1504
35951 # 1504
35951 # 1504
35951 # 1504
35951 # 1504
35951 # 1504
35952 # 1504
35952 # 1504
35952 # 1504
35952 # 1504
35952 + 92
35955 + 92
35957 + 92
35959 + 92
35960 + 92
35962 + 92
35969 + 92
35971 + 92
35972 + 92
35973 + 92
35978 + 92
35981 + 92
35981 + 92
35983 + 92
35986 + 92
35988 + 92
35989 + 92
35992 + 92
35994 + 92
35997 + 92
36000 + 92
36002 + 92
36009 # 1504
36009 - 92 57
36009 - 92 54
36009 - 92 52
36009 - 92 50
36009 - 92 49
36009 - 92 47
36009 - 92 40
36009 - 92 38
36009 - 92 37
36009 - 92 36
36009 - 92 31
36009 - 92 28
36009 - 92 28
36009 - 92 26
36009 - 92 23
36009 - 92 21
36009 # 1504
36009 - 92 20
36009 - 92 17
36009 - 92 15
36009 - 92 12
36009 - 92 9
36009 - 92 7
36009 # 1504
36009 # 1504
36009 # 1504
36010 # 1504
36011 # 1504
36011 # 1504
36011 # 1504
36011 # 1504
36011 # 1504
36011 # 1504
36011 # 1504
36011 # 1504
36011 # 1504
36011 # 1504
36012 # 1504
36012 # 1504
36012 # 1504
36012 # 1504
36012 # 1504
36012 # 1504
36012 # 1504
36012 # 1504
36012 # 1504
36012 # 1504
36016 + 92
36017 + 92
36027 + 92
36031 + 92
36034 # 1504
36034 - 92 18
36034 - 92 17
36034 - 92 7
36034 - 92 3
36035 + 92
36036 + 92
36037 + 92
36040 + 92
36041 + 92
36043 + 92
36044 # 1504
36044 - 92 9
36044 - 92 8
36044 - 92 7
36044 - 92 4
36044 - 92 3
36044 - 92 1
36044 # 1504
36044 # 1504
36045 + 92
36050 + 92
36052 + 92
36052 + 92
36053 # 1504
36053 - 92 8
36053 - 92 3
36053 - 92 1
36053 - 92 1
36053 # 1504
36053 # 1504
36053 # 1504
36055 + 92
36059 # 1504
36059 - 92 4
36060 # 1504
36061 # 1504
36063 # 1504
36073 + 92
36076 + 92
36076 + 92
36076 + 92
36076 + 92
36077 + 92
36079 + 92
36082 + 92
36084 # 1504
36084 - 92 11
36084 - 92 8
36084 - 92 8
36084 - 92 8
36084 - 92 8
36084 - 92 7
36084 - 92 5
36084 - 92 2
36086 + 92
36089 # 1504
36089 - 92 3
36089 # 1504
36095 # 1504
36095 # 1504
36096 + 92
36096 + 92
36098 + 92
36099 # 1504
36099 - 92 3
36099 - 92 3
36099 - 92 1
36099 # 1504
36100 + 92
36101 + 92
36101 + 92
36105 + 92
36105 + 92
36106 # 1504
36106 - 92 6
36106 - 92 5
36106 - 92 5
36106 - 92 1
36106 - 92 1
36108 + 92
36109 + 92
36111 # 1504
36111 - 92 3
36111 - 92 2
36112 + 92
36113 # 1504
36113 - 92 1
36116 + 92
36117 # 1504
36117 - 92 1
36118 + 92
36119 # 1504
36119 - 92 1
36120 + 92
36121 # 1504
36121 - 92 1
36122 + 92
36124 # 1504
36124 - 92 2
36125 + 92
36127 + 92
36128 # 1504
36128 - 92 3
36128 - 92 1
36133 # 1504
36136 # 1504
36136 + 92
36136 + 92
36137 + 92
36138 + 92
36139 # 1504
36139 - 92 3
36139 - 92 3
36139 - 92 2
36139 - 92 1
36140 # 1504
36140 + 92
36144 # 1504
36144 - 92 4
36144 + 92
36146 # 1504
36146 - 92 2
36146 + 92
36146 + 92
36149 # 1504
36149 - 92 3
36149 - 92 3
36152 # 1504
36157 + 92
36158 + 92
36160 + 92
36161 + 92
36163 + 92
36164 # 1504
36164 - 92 7
36164 - 92 6
36164 - 92 4
36164 - 92 3
36164 - 92 1
36164 # 1504
36164 # 1504
36165 + 92
36167 # 1504
36167 - 92 2
36171 # 1504
36173 # 1504
36173 + 92
36174 + 92
36180 + 92
36181 + 92
36181 + 92
36182 + 92
36183 # 1504
36183 - 92 10
36183 - 92 9
36183 - 92 3
36183 - 92 2
36183 - 92 2
36183 - 92 1
36184 + 92
36187 + 92
36187 + 92
36189 + 92
36191 + 92
36193 # 1504
36193 - 92 9
36193 - 92 6
36193 - 92 6
36193 - 92 4
36193 - 92 2
36193 # 1504
36195 # 1504
36195 + 92
36197 + 92
36198 # 1504
36198 - 92 3
36198 - 92 1
36198 # 1504
36199 # 1504
36200 + 92
36201 # 1504
36201 - 92 1
36202 + 92
36206 + 92
36206 + 92
36210 + 92
36210 + 92
36212 + 92
36215 + 92
36216 + 92
36219 + 92
36221 + 92
36223 # 1504
36223 - 92 21
36223 - 92 17
36223 - 92 17
36223 - 92 13
36223 - 92 13
36223 - 92 11
36223 - 92 8
36223 - 92 7
36223 - 92 4
36223 - 92 2
36223 # 1504
36223 # 1504
36224 # 1504
36224 + 92
36227 + 92
36227 + 92
36229 # 1504
36229 - 92 5
36229 - 92 2
36229 - 92 2
36230 + 92
36233 # 1504
36233 - 92 3
36233 # 1504
36234 + 92
36234 + 92
36236 + 92
36238 # 1504
36238 - 92 4
36238 - 92 4
36238 - 92 2
36238 # 1504
36239 + 92
36240 + 92
36242 + 92
36243 # 1504
36243 - 92 4
36243 - 92 3
36243 - 92 1
36244 + 92
36245 + 92
36249 + 92
36249 + 92
36251 + 92
36253 + 92
36254 # 1504
36254 - 92 10
36254 - 92 9
36254 - 92 5
36254 - 92 5
36254 - 92 3
36254 - 92 1
36254 # 1504
36254 # 1504
36256 + 92
36259 # 1504
36259 - 92 3
36264 # 1504
36274 + 92
36274 + 92
36276 + 92
36277 # 1504
36277 - 92 3
36277 - 92 3
36277 - 92 1
36278 + 92
36289 + 92
36292 + 92
36293 # 1504
36293 - 92 15
36293 - 92 4
36293 - 92 1
36293 # 1504
36293 # 1504
36293 # 1504
36294 + 92
36297 + 92
36306 + 92
36308 + 92
36310 + 92
36312 + 92
36314 + 92
36318 + 92
36322 + 92
36322 + 92
36324 + 92
36325 + 92
36329 + 92
36330 + 92
36340 + 92
36345 # 1504
36345 - 92 51
36345 - 92 48
36345 - 92 39
36345 - 92 37
36345 - 92 35
36345 - 92 33
36345 - 92 31
36345 - 92 27
36345 - 92 23
36345 - 92 23
36345 - 92 21
36345 - 92 20
36345 - 92 16
36345 - 92 15
36345 - 92 5
36345 # 1504
36345 # 1504
36356 + 92
36359 + 92
36359 + 92
36359 + 92
36359 + 92
36372 + 92
36376 + 92
36385 + 92
36387 # 1504
36387 - 92 31
36387 - 92 28
36387 - 92 28
36387 - 92 28
36387 - 92 28
36387 - 92 15
36387 - 92 11
36387 - 92 2
36387 # 1504
36388 # 1504
36388 # 1504
36389 + 92
36391 + 92
36393 + 92
36396 + 92
36396 + 92
36399 # 1504
36399 - 92 10
36399 - 92 8
36399 - 92 6
36399 - 92 3
36399 - 92 3
36399 + 92
36400 # 1504
36400 - 92 1
36400 # 1504
36400 # 1504
36400 # 1504
36401 + 92
36404 + 92
36407 + 92
36409 + 92
36412 + 92
36414 + 92
36417 + 92
36419 + 92
36429 + 92
36429 + 92
36433 # 1504
36433 - 92 32
36433 - 92 29
36433 - 92 26
36433 - 92 24
36433 - 92 21
36433 - 92 19
36433 - 92 16
36433 - 92 14
36433 - 92 4
36433 - 92 4
36436 # 1504
36436 # 1504
36436 # 1504
36436 # 1504
36436 # 1504
36436 # 1504
36436 # 1504
36436 # 1504
36437 # 1504
36437 # 1504
36437 # 1504
36437 # 1504
36437 # 1504
36437 # 1504
36437 # 1504
36437 # 1504
36438 # 1504
36438 # 1504
36438 # 1504
36438 # 1504
36440 + 92
36440 + 92
36440 + 92
36440 + 92
36442 # 1504
36442 - 92 2
36442 - 92 2
36442 - 92 2
36442 - 92 2
36444 # 1504
36444 + 92
36447 + 92
36447 + 92
36448 # 1504
36448 - 92 4
36448 - 92 1
36448 - 92 1
36450 # 1504
36450 + 92
36452 # 1504
36452 - 92 2
36453 + 92
36455 + 92
36462 + 92
36463 + 92
36465 + 92
36472 + 92
36472 + 92
36475 + 92
36475 + 92
36478 + 92
36481 + 92
36483 + 92
36484 # 1504
36484 - 92 31
36484 - 92 29
36484 - 92 22
36484 - 92 21
36484 - 92 19
36484 - 92 12
36484 - 92 12
36484 - 92 9
36484 - 92 9
36484 - 92 6
36484 - 92 3
36484 - 92 1
36484 # 1504
36484 # 1504
36484 # 1504
36484 # 1504
36486 # 1504
36486 # 1504
36486 # 1504
36487 + 92
36487 + 92
36494 # 1504
36494 - 92 7
36494 - 92 7
36497 + 92
36498 # 1504
36498 - 92 1
36498 # 1504
36501 + 92
36501 + 92
36503 # 1504
36503 - 92 2
36503 - 92 2
36505 # 1504
36506 # 1504
36507 + 92
36509 + 92
36510 # 1504
36510 - 92 3
36510 - 92 1
36512 # 1504
36514 # 1504
36515 # 1504
36519 + 92
36537 + 92
36537 + 92
36543 # 1504
36543 - 92 24
36543 - 92 6
36543 - 92 6
36543 # 1504
36543 # 1504
36544 # 1504
36544 # 1504
36545 # 1504
36545 # 1504
36545 # 1504
36546 # 1504
36546 # 1504
36546 # 1504
36546 + 92
36547 + 92
36549 # 1504
36549 - 92 3
36549 - 92 2
36549 + 92
36550 # 1504
36550 - 92 1
36552 # 1504
36552 + 92
36552 + 92
36554 + 92
36557 + 92
36558 + 92
36560 + 92
36562 + 92
36567 + 92
36572 + 92
36572 + 92
36578 + 92
36579 # 1504
36579 - 92 27
36579 - 92 27
36579 - 92 25
36579 - 92 22
36579 - 92 21
36579 - 92 19
36579 - 92 17
36579 - 92 12
36579 - 92 7
36579 - 92 7
36579 - 92 1
36580 # 1504
36580 # 1504
36580 # 1504
36580 # 1504
36580 # 1504
36580 # 1504
36580 # 1504
36581 # 1504
36581 # 1504
36581 # 1504
36582 # 1504
36583 # 1504
36585 # 1504
36587 # 1504
36587 + 92
36589 # 1504
36589 - 92 2
36589 # 1504
36590 + 92
36591 # 1504
36591 - 92 1
36593 # 1504
36593 + 92
36595 + 92
36596 # 1504
36596 - 92 3
36596 - 92 1
36597 # 1504
36606 # 1504
36606 # 1504
36606 # 1504
36606 # 1504
36606 # 1504
36606 + 92
36606 + 92
36606 + 92
36608 # 1504
36608 - 92 2
36608 - 92 2
36608 - 92 2
36608 + 92
36610 # 1504
36610 - 92 2
36611 # 1504
36611 + 92
36613 # 1504
36613 - 92 2
36614 + 92
36616 + 92
36617 + 92
36619 + 92
36622 + 92
36624 # 1504
36624 - 92 10
36624 - 92 8
36624 - 92 7
36624 - 92 5
36624 - 92 2
36624 # 1504
36624 # 1504
36625 # 1504
36626 + 92
36626 + 92
36628 + 92
36630 + 92
36632 + 92
36634 + 92
36637 + 92
36639 + 92
36641 + 92
36644 # 1504
36644 - 92 18
36644 - 92 18
36644 - 92 16
36644 - 92 14
36644 - 92 12
36644 - 92 10
36644 - 92 7
36644 - 92 5
36644 - 92 3
36644 # 1504
36644 # 1504
36644 # 1504
36644 # 1504
36644 # 1504
36644 # 1504
36645 + 92
36646 + 92
36647 # 1504
36647 - 92 2
36647 - 92 1
36648 + 92
36650 + 92
36658 # 1504
36658 - 92 10
36658 - 92 8
36659 # 1504
36660 + 92
36660 + 92
36661 # 1504
36661 - 92 1
36661 - 92 1
36661 + 92
36661 + 92
36661 + 92
36665 # 1504
36665 - 92 4
36665 - 92 4
36665 - 92 4
36665 # 1504
36667 # 1504
36668 # 1504
36672 + 92
36674 + 92
36674 + 92
36675 + 92
36675 + 92
36677 + 92
36679 + 92
36681 + 92
36683 + 92
36685 + 92
36686 # 1504
36686 - 92 14
36686 - 92 12
36686 - 92 12
36686 - 92 11
36686 - 92 11
36686 - 92 9
36686 - 92 7
36686 - 92 5
36686 - 92 3
36686 - 92 1
36686 # 1504
36686 # 1504
36686 # 1504
36687 + 92
36690 + 92
36702 + 92
36702 + 92
36704 + 92
36706 + 92
36708 + 92
36713 + 92
36715 + 92
36717 + 92
36721 + 92
36723 + 92
36732 + 92
36733 + 92
36737 + 92
36739 + 92
36742 # 1504
36742 - 92 55
36742 - 92 52
36742 - 92 40
36742 - 92 40
36742 - 92 38
36742 - 92 36
36742 - 92 34
36742 - 92 29
36742 - 92 27
36742 - 92 25
36742 - 92 21
36742 - 92 19
36742 - 92 10
36742 - 92 9
36742 - 92 5
36742 - 92 3
36742 + 92
36746 + 92
36748 # 1504
36748 - 92 6
36748 - 92 2
36748 # 1504
36748 # 1504
36748 # 1504
36748 # 1504
36749 # 1504
36749 # 1504
36749 # 1504
36749 # 1504
36749 # 1504
36749 # 1504
36749 # 1504
36749 # 1504
36749 + 92
36750 # 1504
36750 - 92 1
36750 # 1504
36750 # 1504
36750 # 1504
36750 # 1504
36750 # 1504
36750 # 1504
36750 + 92
36753 # 1504
36753 - 92 3
36754 + 92
36755 + 92
36756 # 1504
36756 - 92 2
36756 - 92 1
36756 # 1504
36757 # 1504
36757 # 1504
36760 # 1504
36760 + 92
36761 # 1504
36761 - 92 1
36768 + 92
36771 # 1504
36771 - 92 3
36771 # 1504
36772 + 92
36776 + 92
36782 # 1504
36782 - 92 10
36782 - 92 6
36782 # 1504
36782 # 1504
36784 + 92
36788 # 1504
36788 - 92 4
36788 # 1504
36792 + 92
36794 + 92
36795 + 92
36799 + 92
36800 + 92
36804 + 92
36804 + 92
36808 + 92
36808 + 92
36811 # 1504
36811 - 92 19
36811 - 92 17
36811 - 92 16
36811 - 92 12
36811 - 92 11
36811 - 92 7
36811 - 92 7
36811 - 92 3
36811 - 92 3
36811 + 92
36813 + 92
36814 # 1504
36814 - 92 3
36814 - 92 1
36814 # 1504
36815 + 92
36816 + 92
36817 + 92
36820 + 92
36821 + 92
36825 + 92
36825 + 92
36828 + 92
36829 + 92
36833 + 92
36835 # 1504
36835 - 92 20
36835 - 92 19
36835 - 92 18
36835 - 92 15
36835 - 92 14
36835 - 92 10
36835 - 92 10
36835 - 92 7
36835 - 92 6
36835 - 92 2
36836 # 1504
36836 # 1504
36836 # 1504
36836 # 1504
36836 # 1504
36836 + 92
36836 + 92
36837 + 92
36842 + 92
36844 + 92
36844 + 92
36845 # 1504
36845 - 92 9
36845 - 92 9
36845 - 92 8
36845 - 92 3
36845 - 92 1
36845 - 92 1
36850 + 92
36850 + 92
36853 + 92
36853 + 92
36856 # 1504
36856 - 92 6
36856 - 92 6
36856 - 92 3
36856 - 92 3
36856 # 1504
36856 # 1504
36856 # 1504
36857 + 92
36859 + 92
36860 + 92
36862 + 92
36864 + 92
36866 + 92
36868 + 92
36870 # 1504
36870 - 92 13
36870 - 92 11
36870 - 92 10
36870 - 92 8
36870 - 92 6
36870 - 92 4
36870 - 92 2
36870 # 1504
36877 + 92
36877 + 92
36877 + 92
36877 + 92
36877 + 92
36883 + 92
36883 + 92
36884 # 1504
36884 - 92 7
36884 - 92 7
36884 - 92 7
36884 - 92 7
36884 - 92 7
36884 - 92 1
36884 - 92 1
36884 # 1504
36884 # 1504
36884 # 1504
36886 + 92
36888 # 1504
36888 - 92 2
36890 + 92
36890 + 92
36893 + 92
36896 + 92
36898 # 1504
36898 - 92 8
36898 - 92 8
36898 - 92 5
36898 - 92 2
36898 + 92
36898 + 92
36899 # 1504
36899 - 92 1
36899 - 92 1
36899 # 1504
36899 # 1504
36899 # 1504
36901 # 1504
36902 + 92
36912 + 92
36912 + 92
36912 + 92
36912 + 92
36914 + 92
36916 + 92
36918 + 92
36920 + 92
36921 + 92
36924 + 92
36927 + 92
36930 + 92
36932 + 92
36935 + 92
36937 + 92
36939 + 92
36941 + 92
36945 + 92
36945 + 92
36945 + 92
36947 + 92
36951 + 92
36951 + 92
36962 + 92
36963 + 92
36963 + 92
36963 + 92
36986 # 1504
36986 - 92 84
36986 - 92 74
36986 - 92 74
36986 - 92 74
36986 - 92 74
36986 - 92 72
36986 - 92 70
36986 - 92 68
36986 - 92 66
36986 - 92 65
36986 - 92 62
36986 - 92 59
36986 - 92 56
36986 - 92 54
36986 - 92 51
36986 - 92 49
36986 # 1504
36986 - 92 47
36986 - 92 45
36986 - 92 41
36986 - 92 41
36986 - 92 41
36986 - 92 39
36986 - 92 35
36986 - 92 35
36986 - 92 24
36986 - 92 23
36986 - 92 23
36986 - 92 23
36986 # 1504
36986 # 1504
36986 # 1504
36986 # 1504
36986 # 1504
36986 # 1504
36986 # 1504
36987 # 1504
36987 # 1504
36987 # 1504
36987 # 1504
36987 # 1504
36987 # 1504
36992 # 1504
36992 + 92
36992 + 92
36992 + 92
36993 # 1504
36993 - 92 1
36993 - 92 1
36993 - 92 1
36994 + 92
36996 + 92
36998 + 92
37001 + 92
37002 # 1504
37002 - 92 8
37002 - 92 6
37002 - 92 4
37002 - 92 1
37002 + 92
37003 + 92
37005 + 92
37006 # 1504
37006 - 92 4
37006 - 92 3
37006 - 92 1
37007 + 92
37008 + 92
37010 # 1504
37010 - 92 3
37010 - 92 2
37012 # 1504
37013 # 1504
37015 # 1504
37017 # 1504
37018 # 1504
37020 # 1504
37021 + 92
37021 + 92
37022 # 1504
37022 - 92 1
37022 - 92 1
37023 + 92
37025 + 92
37027 + 92
37031 + 92
37033 + 92
37034 # 1504
37034 - 92 11
37034 - 92 9
37034 - 92 7
37034 - 92 3
37034 - 92 1
37034 # 1504
37034 # 1504
37034 # 1504
37034 # 1504
37034 # 1504
37035 + 92
37037 + 92
37038 # 1504
37038 - 92 3
37038 - 92 1
37040 + 92
37042 + 92
37045 + 92
37048 # 1504
37048 - 92 8
37048 - 92 6
37048 - 92 3
37048 # 1504
37048 # 1504
37049 + 92
37050 + 92
37051 # 1504
37051 - 92 2
37051 - 92 1
37057 + 92
37057 + 92
37058 # 1504
37058 - 92 1
37058 - 92 1
37059 + 92
37061 + 92
37064 # 1504
37064 - 92 5
37064 - 92 3
37064 + 92
37067 # 1504
37067 - 92 3
37069 + 92
37071 # 1504
37071 - 92 2
37072 # 1504
37074 # 1504
37074 + 92
37084 # 1504
37084 - 92 10
37084 # 1504
37084 + 92
37084 + 92
37086 + 92
37098 + 92
37099 + 92
37101 + 92
37105 + 92
37107 + 92
37107 + 92
37111 + 92
37113 + 92
37123 + 92
37127 + 92
37129 + 92
37134 + 92
37137 + 92
37142 + 92
37150 + 92
37159 + 92
37160 # 1504
37160 - 92 76
37160 - 92 76
37160 - 92 74
37160 - 92 62
37160 - 92 61
37160 - 92 59
37160 - 92 55
37160 - 92 53
37160 - 92 53
37160 - 92 49
37160 - 92 47
37160 - 92 37
37160 - 92 33
37160 - 92 31
37160 - 92 26
37160 - 92 23
37160 # 1504
37160 - 92 18
37160 - 92 10
37160 - 92 1
37160 # 1504
37160 # 1504
37160 # 1504
37161 # 1504
37161 # 1504
37161 # 1504
37161 # 1504
37161 # 1504
37161 # 1504
37161 # 1504
37161 + 92
37161 + 92
37166 + 92
37167 + 92
37176 + 92
37177 + 92
37177 + 92
37178 + 92
37184 + 92
37186 + 92
37188 + 92
37188 + 92
37198 + 92
37198 + 92
37198 + 92
37201 + 92
37208 + 92
37216 # 1504
37216 - 92 55
37216 - 92 55
37216 - 92 50
37216 - 92 49
37216 - 92 40
37216 - 92 39
37216 - 92 39
37216 - 92 38
37216 - 92 32
37216 - 92 30
37216 - 92 28
37216 - 92 28
37216 - 92 18
37216 - 92 18
37216 - 92 18
37216 - 92 15
37219 + 92
37225 + 92
37231 + 92
37239 # 1504
37239 - 92 31
37239 - 92 20
37239 - 92 14
37239 - 92 8
37239 # 1504
37240 # 1504
37240 # 1504
37240 # 1504
37240 # 1504
37240 # 1504
37240 # 1504
37241 # 1504
37241 # 1504
37241 # 1504
37241 # 1504
37241 # 1504
37241 # 1504
37241 # 1504
37241 # 1504
37241 # 1504
37241 # 1504
37242 # 1504
37242 # 1504
37242 # 1504
37242 # 1504
37242 # 1504
37242 # 1504
37242 # 1504
37242 # 1504
37243 # 1504
37243 # 1504
37243 # 1504
37245 + 92
37247 + 92
37248 + 92
37250 + 92
37251 + 92
37252 + 92
37254 # 1504
37254 - 92 9
37254 - 92 7
37254 - 92 6
37254 - 92 4
37254 - 92 3
37254 - 92 2
37255 + 92
37261 # 1504
37261 - 92 6
37261 + 92
37268 # 1504
37268 - 92 7
37269 + 92
37273 # 1504
37273 - 92 4
37273 + 92
37278 # 1504
37278 - 92 5
37278 + 92
37281 + 92
37285 + 92
37287 # 1504
37287 - 92 9
37287 - 92 6
37287 - 92 2
37289 + 92
37291 # 1504
37291 - 92 2
37295 # 1504
37299 + 92
37299 + 92
37304 # 1504
37304 - 92 5
37304 - 92 5
37304 # 1504
37304 + 92
37306 # 1504
37306 - 92 2
37306 + 92
37309 # 1504
37309 - 92 3
37310 + 92
37312 # 1504
37312 - 92 2
37312 + 92
37315 + 92
37316 # 1504
37316 - 92 4
37316 - 92 1
37320 # 1504
37320 + 92
37322 + 92
37324 # 1504
37324 - 92 4
37324 - 92 2
37324 + 92
37328 # 1504
37328 - 92 4
37329 + 92
37331 # 1504
37331 - 92 2
37331 + 92
37333 + 92
37336 # 1504
37336 - 92 5
37336 - 92 3
37336 + 92
37338 + 92
37339 # 1504
37339 - 92 3
37339 - 92 1
37340 + 92
37344 + 92
37345 # 1504
37345 - 92 5
37345 - 92 1
37346 + 92
37348 # 1504
37348 - 92 2
37349 + 92
37354 # 1504
37354 - 92 5
37354 + 92
37356 + 92
37357 # 1504
37357 - 92 3
37357 - 92 1
37362 # 1504
37362 + 92
37365 # 1504
37365 - 92 3
37366 + 92
37369 + 92
37370 # 1504
37370 - 92 4
37370 - 92 1
37371 # 1504
37374 # 1504
37375 + 92
37377 # 1504
37377 - 92 2
37378 + 92
37383 + 92
37384 # 1504
37384 - 92 6
37384 - 92 1
37385 # 1504
37385 + 92
37389 # 1504
37389 - 92 4
37390 + 92
37392 # 1504
37392 - 92 2
37395 # 1504
37396 + 92
37399 + 92
37401 + 92
37404 # 1504
37404 - 92 8
37404 - 92 5
37404 - 92 3
37404 # 1504
37404 # 1504
37406 # 1504
37406 + 92
37409 # 1504
37409 - 92 3
37409 + 92
37411 + 92
37412 # 1504
37412 - 92 3
37412 - 92 1
37415 + 92
37416 # 1504
37416 - 92 1
37417 # 1504
37417 + 92
37419 # 1504
37419 - 92 2
37419 + 92
37421 + 92
37423 # 1504
37423 - 92 4
37423 - 92 2
37424 # 1504
37426 # 1504
37426 + 92
37426 + 92
37429 + 92
37440 + 92
37442 + 92
37442 + 92
37454 + 92
37454 + 92
37457 + 92
37462 + 92
37467 + 92
37470 + 92
37477 + 92
37477 + 92
37480 + 92
37486 + 92
37488 # 1504
37488 - 92 62
37488 - 92 62
37488 - 92 59
37488 - 92 48
37488 - 92 46
37488 - 92 46
37488 - 92 34
37488 - 92 34
37488 - 92 31
37488 - 92 26
37488 - 92 21
37488 - 92 18
37488 - 92 11
37488 - 92 11
37488 - 92 8
37488 - 92 2
37488 # 1504
37489 # 1504
37489 # 1504
37489 # 1504
37489 # 1504
37489 # 1504
37489 # 1504
37489 + 92
37490 # 1504
37490 - 92 1
37490 # 1504
37490 # 1504
37490 # 1504
37490 # 1504
37490 # 1504
37490 # 1504
37490 # 1504
37490 # 1504
37491 # 1504
37491 # 1504
37491 # 1504
37491 # 1504
37493 + 92
37497 + 92
37501 + 92
37504 # 1504
37504 - 92 11
37504 - 92 7
37504 - 92 3
37505 # 1504
37506 + 92
37509 # 1504
37509 - 92 3
37509 # 1504
37512 + 92
37514 # 1504
37514 - 92 2
37518 # 1504
37520 # 1504
37523 + 92
37526 + 92
37527 # 1504
37527 - 92 4
37527 - 92 1
37532 # 1504
37533 + 92
37535 + 92
37537 + 92
37539 + 92
37543 # 1504
37543 - 92 10
37543 - 92 8
37543 - 92 6
37543 - 92 4
37543 # 1504
37543 # 1504
37543 # 1504
37543 + 92
37545 + 92
37546 # 1504
37546 - 92 3
37546 - 92 1
37549 # 1504
37549 + 92
37553 + 92
37556 + 92
37558 # 1504
37558 - 92 9
37558 - 92 5
37558 - 92 2
37558 # 1504
37558 # 1504
37558 + 92
37560 + 92
37564 # 1504
37564 - 92 6
37564 - 92 4
37565 + 92
37568 # 1504
37568 - 92 3
37568 # 1504
37568 # 1504
37568 + 92
37569 + 92
37576 + 92
37576 + 92
37578 # 1504
37578 - 92 10
37578 - 92 9
37578 - 92 2
37578 - 92 2
37580 + 92
37582 + 92
37583 # 1504
37583 - 92 3
37583 - 92 1
37583 # 1504
37584 + 92
37588 # 1504
37588 - 92 4
37588 # 1504
37589 + 92
37589 + 92
37594 + 92
37596 + 92
37599 + 92
37605 + 92
37608 # 1504
37608 - 92 19
37608 - 92 19
37608 - 92 14
37608 - 92 12
37608 - 92 9
37608 - 92 3
37608 # 1504
37608 # 1504
37608 + 92
37609 # 1504
37609 - 92 1
37611 + 92
37613 # 1504
37613 - 92 2
37613 # 1504
37613 # 1504
37613 # 1504
37614 + 92
37615 # 1504
37615 - 92 1
37616 + 92
37620 + 92
37622 # 1504
37622 - 92 6
37622 - 92 2
37622 + 92
37624 + 92
37628 + 92
37630 + 92
37636 # 1504
37636 - 92 14
37636 - 92 12
37636 - 92 8
37636 - 92 6
37637 + 92
37644 # 1504
37644 - 92 7
37645 + 92
37654 # 1504
37654 - 92 9
37654 + 92
37656 + 92
37662 + 92
37666 # 1504
37666 - 92 12
37666 - 92 10
37666 - 92 4
37666 + 92
37673 + 92
37676 + 92
37677 # 1504
37677 - 92 11
37677 - 92 4
37677 - 92 1
37678 + 92
37680 + 92
37683 + 92
37686 + 92
37689 # 1504
37689 - 92 11
37689 - 92 9
37689 - 92 6
37689 - 92 3
37689 + 92
37690 + 92
37692 # 1504
37692 - 92 3
37692 - 92 2
37693 + 92
37698 + 92
37699 + 92
37702 # 1504
37702 - 92 9
37702 - 92 4
37702 - 92 3
37704 # 1504
37704 + 92
37705 # 1504
37705 - 92 1
37705 # 1504
37705 # 1504
37705 # 1504
37708 + 92
37709 # 1504
37709 - 92 1
37709 # 1504
37709 # 1504
37710 # 1504
37710 # 1504
37714 # 1504
37714 # 1504
37717 # 1504
37720 # 1504
37720 + 92
37721 # 1504
37721 - 92 1
37722 # 1504
37723 + 92
37728 # 1504
37728 - 92 5
37731 # 1504
37731 + 92
37732 # 1504
37732 - 92 1
37734 # 1504
37736 + 92
37742 + 92
37745 # 1504
37745 - 92 9
37745 - 92 3
37745 # 1504
37745 # 1504
37747 # 1504
37749 # 1504
37750 + 92
37751 # 1504
37751 - 92 1
37751 # 1504
37754 # 1504
37754 # 1504
37757 + 92
37760 # 1504
37760 - 92 3
37762 # 1504
37764 # 1504
37765 # 1504
37767 # 1504
37771 # 1504
37775 # 1504
37775 # 1504
37778 + 92
37781 + 92
37785 + 92
37786 # 1504
37786 - 92 8
37786 - 92 5
37786 - 92 1
37786 # 1504
37791 + 92
37795 # 1504
37795 - 92 4
37796 + 92
37799 + 92
37804 + 92
37809 + 92
37815 # 1504
37815 - 92 19
37815 - 92 16
37815 - 92 11
37815 - 92 6
37815 # 1504
37816 + 92
37818 # 1504
37818 - 92 2
37820 + 92
37821 + 92
37824 # 1504
37824 - 92 4
37824 - 92 3
37824 # 1504
37824 # 1504
37824 # 1504
37824 # 1504
37825 + 92
37826 # 1504
37826 - 92 1
37827 + 92
37830 # 1504
37830 - 92 3
37830 + 92
37831 # 1504
37831 - 92 1
37831 # 1504
37833 # 1504
37834 # 1504
37834 + 92
37835 # 1504
37835 - 92 1
37837 # 1504
37838 + 92
37839 # 1504
37839 - 92 1
37840 # 1504
37840 + 92
37842 # 1504
37842 - 92 2
37843 # 1504
37843 + 92
37845 # 1504
37845 - 92 2
37847 # 1504
37848 # 1504
37850 + 92
37851 # 1504
37851 - 92 1
37851 + 92
37853 # 1504
37853 - 92 2
37855 # 1504
37856 # 1504
37856 + 92
37860 + 92
37863 # 1504
37863 - 92 7
37863 - 92 3
37864 + 92
37867 # 1504
37867 - 92 3
37868 + 92
37869 # 1504
37869 - 92 1
37869 + 92
37870 # 1504
37870 - 92 1
37871 # 1504
37872 # 1504
37873 # 1504
37876 # 1504
37876 + 92
37878 # 1504
37878 - 92 2
37879 + 92
37880 # 1504
37880 - 92 1
37881 # 1504
37881 + 92
37882 # 1504
37882 - 92 1
37884 # 1504
37885 + 92
37887 + 92
37889 + 92
37894 # 1504
37894 - 92 9
37894 - 92 7
37894 - 92 5
37894 # 1504
37894 # 1504
37894 # 1504
37894 # 1504
37894 # 1504
37894 + 92
37894 + 92
37895 # 1504
37895 - 92 1
37895 - 92 1
37897 + 92
37899 + 92
37902 + 92
37904 # 1504
37904 - 92 7
37904 - 92 5
37904 - 92 2
37905 # 1504
37905 # 1504
37905 # 1504
37905 # 1504
37905 + 92
37906 # 1504
37906 - 92 1
37906 + 92
37908 + 92
37911 + 92
37913 + 92
37916 + 92
37918 + 92
37921 + 92
37924 # 1504
37924 - 92 18
37924 - 92 16
37924 - 92 13
37924 - 92 11
37924 - 92 8
37924 - 92 6
37924 - 92 3
37924 # 1504
37924 # 1504
37924 # 1504
37924 # 1504
37924 # 1504
37924 # 1504
37924 # 1504
37924 + 92
37926 + 92
37928 + 92
37931 + 92
37934 + 92
37938 + 92
37940 + 92
37944 + 92
37947 + 92
37948 + 92
37954 + 92
37956 + 92
37959 + 92
37962 + 92
37965 + 92
37981 + 92
37981 + 92
37981 + 92
37987 + 92
37989 + 92
37991 # 1504
37991 - 92 67
37991 - 92 65
37991 - 92 63
37991 - 92 60
37991 - 92 57
37991 - 92 53
37991 - 92 51
37991 - 92 47
37991 - 92 44
37991 - 92 43
37991 - 92 37
37991 - 92 35
37991 - 92 32
37991 - 92 29
37991 - 92 26
37991 - 92 10
37991 # 1504
37991 - 92 10
37991 - 92 10
37991 - 92 4
37991 - 92 2
37991 # 1504
37991 # 1504
37991 # 1504
37991 # 1504
37992 # 1504
37992 # 1504
37992 # 1504
37992 # 1504
37993 # 1504
37993 # 1504
37994 # 1504
37994 # 1504
37994 # 1504
37994 # 1504
37994 # 1504
37994 # 1504
37994 + 92
37995 # 1504
37995 - 92 1
37997 # 1504
37997 + 92
37998 # 1504
37998 - 92 1
37998 + 92
38001 # 1504
38001 - 92 3
38001 + 92
38005 + 92
38009 # 1504
38009 - 92 8
38009 - 92 4
38012 + 92
38014 # 1504
38014 - 92 2
38014 # 1504
38014 # 1504
38014 # 1504
38021 + 92
38025 # 1504
38025 - 92 4
38025 # 1504
38028 # 1504
38028 + 92
38030 # 1504
38030 - 92 2
38030 + 92
38034 + 92
38037 + 92
38039 # 1504
38039 - 92 9
38039 - 92 5
38039 - 92 2
38041 # 1504
38041 + 92
38044 + 92
38045 # 1504
38045 - 92 4
38045 - 92 1
38048 # 1504
38049 # 1504
38049 + 92
38050 # 1504
38050 - 92 1
38052 # 1504
38053 + 92
38054 # 1504
38054 - 92 1
38055 # 1504
38057 # 1504
38058 # 1504
38058 + 92
38061 + 92
38068 + 92
38069 + 92
38076 + 92
38077 # 1504
38077 - 92 19
38077 - 92 16
38077 - 92 9
38077 - 92 8
38077 - 92 1
38077 # 1504
38077 # 1504
38077 # 1504
38079 # 1504
38079 # 1504
38079 # 1504
38079 # 1504
38079 # 1504
38080 + 92
38084 # 1504
38084 - 92 4
38084 + 92
38086 + 92
38088 # 1504
38088 - 92 4
38088 - 92 2
38088 # 1504
38089 + 92
38091 # 1504
38091 - 92 2
38091 # 1504
38091 # 1504
38092 # 1504
38093 # 1504
38094 + 92
38095 # 1504
38095 - 92 1
38103 + 92
38104 + 92
38106 # 1504
38106 - 92 3
38106 - 92 2
38106 # 1504
38106 + 92
38108 # 1504
38108 - 92 2
38109 + 92
38113 + 92
38117 + 92
38119 # 1504
38119 - 92 10
38119 - 92 6
38119 - 92 2
38120 # 1504
38120 # 1504
38120 # 1504
38120 # 1504
38120 # 1504
38120 # 1504
38121 # 1504
38126 + 92
38130 + 92
38134 + 92
38138 + 92
38144 # 1504
38144 - 92 18
38144 - 92 14
38144 - 92 10
38144 - 92 6
38145 + 92
38148 # 1504
38148 - 92 3
38148 # 1504
38148 # 1504
38149 + 92
38155 + 92
38160 # 1504
38160 - 92 11
38160 - 92 5
38160 # 1504
38160 # 1504
38160 + 92
38165 + 92
38169 + 92
38173 + 92
38175 # 1504
38175 - 92 15
38175 - 92 10
38175 - 92 6
38175 - 92 2
38175 # 1504
38175 # 1504
38175 # 1504
38175 # 1504
38175 # 1504
38176 # 1504
38176 # 1504
38178 # 1504
38182 # 1504
38185 # 1504
38185 + 92
38188 # 1504
38188 - 92 3
38190 + 92
38192 # 1504
38192 - 92 2
38196 # 1504
38196 + 92
38201 # 1504
38201 - 92 5
38203 + 92
38206 # 1504
38206 - 92 3
38208 + 92
38212 # 1504
38212 - 92 4
38213 + 92
38216 # 1504
38216 - 92 3
38218 + 92
38222 + 92
38226 # 1504
38226 - 92 8
38226 - 92 4
38226 + 92
38230 + 92
38232 # 1504
38232 - 92 6
38232 - 92 2
38237 + 92
38239 # 1504
38239 - 92 2
38239 + 92
38244 + 92
38251 + 92
38256 + 92
38269 + 92
38288 + 92
38308 # 1504
38308 - 92 69
38308 - 92 64
38308 - 92 57
38308 - 92 52
38308 - 92 39
38308 - 92 20
38308 # 1504
38308 # 1504
38313 + 92
38322 + 92
38328 + 92
38334 + 92
38340 + 92
38345 + 92
38349 + 92
38353 # 1504
38353 - 92 40
38353 - 92 31
38353 - 92 25
38353 - 92 19
38353 - 92 13
38353 - 92 8
38353 - 92 4
38353 + 92
38357 + 92
38361 + 92
38365 # 1504
38365 - 92 12
38365 - 92 8
38365 - 92 4
38365 # 1504
38365 # 1504
38365 # 1504
38365 # 1504
38365 # 1504
38365 # 1504
38365 # 1504
38365 # 1504
38365 # 1504
38365 # 1504
38365 + 92
38366 # 1504
38366 - 92 1
38366 # 1504
38366 # 1504
38366 # 1504
38366 # 1504
38366 # 1504
38366 # 1504
38366 # 1504
38366 # 1504
38366 # 1504
38366 # 1504
38371 + 92
38376 # 1504
38376 - 92 5
38380 + 92
38385 + 92
38393 + 92
38399 # 1504
38399 - 92 19
38399 - 92 14
38399 - 92 6
38401 + 92
38409 + 92
38419 + 92
38425 # 1504
38425 - 92 24
38425 - 92 16
38425 - 92 6
38426 # 1504
38429 # 1504
38429 # 1504
38429 # 1504
38444 # 1504
38450 + 92
38484 + 92
38495 + 92
38502 # 1504
38502 - 92 52
38502 - 92 18
38502 - 92 7
38516 # 1504
38516 # 1504
38517 # 1504
38517 # 1504
38517 # 1504
38517 # 1504
38517 # 1504
38517 # 1504
38517 # 1504
38517 # 1504
38517 # 1504
38519 # 1504
38523 # 1504
38525 # 1504
38526 # 1504
38528 # 1504
38529 + 92
38542 + 92
38547 # 1504
38547 - 92 18
38547 - 92 5
38547 # 1504
38547 # 1504
38547 # 1504
38547 # 1504
38548 # 1504
38548 # 1504
38552 # 1504
38552 # 1504
38552 # 1504
38552 # 1504
38554 # 1504
38556 # 1504
38556 # 1504
38558 + 92
38566 # 1504
38566 - 92 8
38566 # 1504
38566 # 1504
38566 # 1504
38567 # 1504
38569 # 1504
38571 # 1504
38574 + 92
38580 # 1504
38580 - 92 6
38580 # 1504
38580 # 1504
38588 + 92
38597 + 92
38607 + 92
38614 + 92
38619 + 92
38623 + 92
38629 + 92
38636 + 92
38642 + 92
38643 # 1504
38643 - 92 55
38643 - 92 46
38643 - 92 36
38643 - 92 29
38643 - 92 24
38643 - 92 20
38643 - 92 14
38643 - 92 7
38643 - 92 1
38644 # 1504
38644 # 1504
38644 # 1504
38644 # 1504
38644 # 1504
38645 # 1504
38645 # 1504
38645 # 1504
38645 # 1504
38650 + 92
38658 + 92
38669 + 92
38676 + 92
38683 + 92
38689 # 1504
38689 - 92 39
38689 - 92 31
38689 - 92 20
38689 - 92 13
38689 - 92 6
38690 + 92
38692 # 1504
38692 - 92 2
38692 # 1504
38692 # 1504
38692 # 1504
38692 # 1504
38692 # 1504
38693 # 1504
38693 # 1504
38693 # 1504
38693 # 1504
38693 # 1504
38693 # 1504
38693 # 1504
38693 # 1504
38694 # 1504
38694 # 1504
38694 # 1504
38694 # 1504
38694 # 1504
38694 # 1504
38694 # 1504
38694 # 1504
38694 # 1504
38694 # 1504
38695 # 1504
38695 # 1504
38695 # 1504
38695 # 1504
38695 # 1504
38695 # 1504
38695 # 1504
38695 # 1504
38695 + 92
38698 # 1504
38698 - 92 3
38700 # 1504
38704 + 92
38706 # 1504
38706 - 92 2
38708 # 1504
38709 + 92
38713 # 1504
38713 - 92 4
38715 + 92
38716 # 1504
38716 - 92 1
38719 + 92
38722 # 1504
38722 - 92 3
38724 + 92
38727 # 1504
38727 - 92 3
38728 + 92
38730 # 1504
38730 - 92 2
38731 # 1504
38733 + 92
38737 + 92
38742 + 92
38746 + 92
38748 # 1504
38748 - 92 15
38748 - 92 11
38748 - 92 6
38748 - 92 2
38749 + 92
38755 + 92
38759 # 1504
38759 - 92 10
38759 - 92 4
38760 # 1504
38760 # 1504
38760 # 1504
38760 # 1504
38763 + 92
38767 # 1504
38767 - 92 4
38772 + 92
38778 + 92
38785 + 92
38792 + 92
38798 + 92
38802 + 92
38810 + 92
38818 + 92
38822 + 92
38827 + 92
38828 # 1504
38828 - 92 56
38828 - 92 50
38828 - 92 43
38828 - 92 36
38828 - 92 30
38828 - 92 26
38828 - 92 18
38828 - 92 10
38828 - 92 6
38828 - 92 1
38831 # 1504
38831 # 1504
38831 # 1504
38831 # 1504
38831 # 1504
38831 # 1504
38832 # 1504
38832 # 1504
38832 # 1504
38832 # 1504
38832 # 1504
38839 + 92
38846 + 92
38851 + 92
38856 + 92
38862 + 92
38865 # 1504
38865 - 92 26
38865 - 92 19
38865 - 92 14
38865 - 92 9
38865 - 92 3
38866 # 1504
38866 # 1504
38866 # 1504
38866 # 1504
38866 # 1504
38866 # 1504
38866 # 1504
38866 # 1504
38866 # 1504
38867 # 1504
38867 # 1504
38867 # 1504
38867 # 1504
38867 # 1504
38867 # 1504
38867 # 1504
38867 # 1504
38867 + 92
38869 # 1504
38869 - 92 2
38871 + 92
38873 # 1504
38873 - 92 2
38874 # 1504
38879 + 92
38881 # 1504
38881 - 92 2
38886 + 92
38888 # 1504
38888 - 92 2
38889 # 1504
38891 # 1504
38894 # 1504
38894 + 92
38896 # 1504
38896 - 92 2
38900 + 92
38905 # 1504
38905 - 92 5
38905 # 1504
38905 + 92
38909 # 1504
38909 - 92 4
38909 # 1504
38911 + 92
38915 # 1504
38915 - 92 4
38915 # 1504
38915 # 1504
38915 # 1504
38919 + 92
38922 + 92
38926 # 1504
38926 - 92 7
38926 - 92 4
38926 # 1504
38926 # 1504
38928 # 1504
38929 + 92
38938 # 1504
38938 - 92 9
38939 # 1504
38942 + 92
38959 # 1504
38959 - 92 17
38959 # 1504
38959 # 1504
38959 # 1504
38959 # 1504
38959 # 1504
38959 # 1504
38960 # 1504
38962 # 1504
38964 + 92
38975 + 92
38978 + 92
38988 + 92
38990 # 1504
38990 - 92 26
38990 - 92 15
38990 - 92 12
38990 - 92 2
38990 # 1504
38990 # 1504
38990 # 1504
38990 # 1504
38990 # 1504
38992 + 92
38995 # 1504
38995 - 92 3
38996 # 1504
38996 # 1504
39000 # 1504
39003 + 92
39004 # 1504
39004 - 92 1
39005 # 1504
39009 # 1504
39009 # 1504
39012 # 1504
39014 + 92
39022 # 1504
39022 - 92 8
39023 # 1504
39023 + 92
39033 + 92
39034 # 1504
39034 - 92 11
39034 - 92 1
39034 # 1504
39034 # 1504
39034 # 1504
39034 # 1504
39034 # 1504
39041 # 1504
39041 # 1504
39041 + 92
39054 # 1504
39054 - 92 13
39054 # 1504
39055 + 92
39059 # 1504
39059 - 92 4
39059 # 1504
39059 # 1504
39069 + 92
39086 + 92
39098 + 92
39106 + 92
39112 + 92
39120 # 1504
39120 - 92 51
39120 - 92 34
39120 - 92 22
39120 - 92 14
39120 - 92 8
39120 # 1504
39120 # 1504
39121 # 1504
39121 # 1504
39121 # 1504
39121 # 1504
39121 # 1504
39121 # 1504
39121 # 1504
39121 # 1504
39121 + 92
39122 # 1504
39122 - 92 1
39122 # 1504
39122 # 1504
39122 # 1504
39124 # 1504
39125 # 1504
39128 # 1504
39130 + 92
39136 # 1504
39136 - 92 6
39138 + 92
39143 # 1504
39143 - 92 5
39148 + 92
39149 # 1504
39149 - 92 1
39157 # 1504
39159 + 92
39174 + 92
39177 # 1504
39177 - 92 18
39177 - 92 3
39186 + 92
39190 + 92
39195 # 1504
39195 - 92 9
39195 - 92 5
39197 + 92
39203 # 1504
39203 - 92 6
39205 + 92
39209 # 1504
39209 - 92 4
39209 # 1504
39210 # 1504
39210 + 92
39218 + 92
39229 # 1504
39229 - 92 19
39229 - 92 11
39229 # 1504
39229 + 92
39232 # 1504
39232 - 92 3
39232 # 1504
39232 # 1504
39232 # 1504
39232 # 1504
39232 # 1504
39234 # 1504
39234 # 1504
39235 + 92
39239 # 1504
39239 - 92 4
39243 + 92
39251 # 1504
39251 - 92 8
39251 + 92
39258 # 1504
39258 - 92 7
39260 + 92
39262 # 1504
39262 - 92 2
39263 # 1504
39264 # 1504
39267 # 1504
39269 # 1504
39273 # 1504
39277 # 1504
39278 # 1504
39280 # 1504
39284 # 1504
39287 # 1504
39287 # 1504
39287 + 92
39299 # 1504
39299 - 92 12
39299 # 1504
39299 # 1504
39310 + 92
39312 # 1504
39312 - 92 2
39312 # 1504
39312 # 1504
39312 # 1504
39312 # 1504
39320 + 92
39321 # 1504
39321 - 92 1
39321 # 1504
39324 # 1504
39324 # 1504
39324 # 1504
39329 + 92
39335 # 1504
39335 - 92 6
39335 # 1504
39335 # 1504
39335 # 1504
39335 # 1504
39336 # 1504
39336 # 1504
39336 # 1504
39340 # 1504
39340 # 1504
39340 # 1504
39341 + 92
39348 # 1504
39348 - 92 7
39349 # 1504
39350 # 1504
39351 # 1504
39363 # 1504
39371 + 92
39379 + 92
39384 # 1504
39384 - 92 13
39384 - 92 5
39384 # 1504
39384 # 1504
39384 # 1504
39384 # 1504
39384 # 1504
39384 # 1504
39384 # 1504
39389 + 92
39399 # 1504
39399 - 92 10
39402 + 92
39408 # 1504
39408 - 92 6
39409 # 1504
39409 # 1504
39414 + 92
39415 # 1504
39415 - 92 1
39415 # 1504
39415 # 1504
39417 # 1504
39418 # 1504
39419 # 1504
39419 # 1504
39430 + 92
39434 # 1504
39434 - 92 4
39438 # 1504
39439 # 1504
39440 # 1504
39445 + 92
39449 # 1504
39449 - 92 4
39452 # 1504
39452 # 1504
39453 # 1504
39453 # 1504
39453 # 1504
39453 # 1504
39453 # 1504
39453 # 1504
39453 # 1504
39461 # 1504
39461 # 1504
39463 # 1504
39464 # 1504
39464 # 1504
39464 # 1504
39466 # 1504
39466 # 1504
39473 # 1504
39473 # 1504
39473 # 1504
39473 # 1504
39473 # 1504
39474 # 1504
39474 # 1504
39474 # 1504
39475 # 1504
39476 # 1504
39478 # 1504
39480 + 92
39487 # 1504
39487 - 92 7
39489 # 1504
39489 # 1504
39489 # 1504
39489 # 1504
39493 # 1504
39496 # 1504
39497 + 92
39501 # 1504
39501 - 92 4
39501 # 1504
39509 + 92
39524 # 1504
39524 - 92 15
39524 # 1504
39524 # 1504
39529 # 1504
39529 # 1504
39529 # 1504
39529 # 1504
39529 # 1504
39529 # 1504
39530 + 92
39531 # 1504
39531 - 92 1
39535 # 1504
39536 # 1504
39538 # 1504
39538 + 92
39541 # 1504
39541 - 92 3
39543 # 1504
39546 + 92
39562 # 1504
39562 - 92 16
39562 # 1504
39562 # 1504
39562 # 1504
39562 # 1504
39563 # 1504
39563 # 1504
39563 # 1504
39563 # 1504
39563 # 1504
39563 # 1504
39579 # 1504
39579 # 1504
39583 # 1504
39583 # 1504
39586 + 92
39602 # 1504
39602 - 92 16
39604 # 1504
39604 # 1504
39615 # 1504
39615 # 1504
39615 # 1504
39615 # 1504
39615 # 1504
39615 # 1504
39616 # 1504
39616 # 1504
39616 # 1504
39616 # 1504
39619 # 1504
39621 # 1504
39622 # 1504
39641 + 92
39652 # 1504
39652 - 92 11
39652 # 1504
39670 + 92
39693 + 92
39711 # 1504
39711 - 92 41
39711 - 92 18
39712 + 92
39713 # 1504
39713 - 92 1
39713 # 1504
39715 # 1504
39715 # 1504
39715 # 1504
39718 # 1504
39718 # 1504
39719 # 1504
39719 # 1504
39719 # 1504
39719 # 1504
39719 # 1504
39719 # 1504
39719 # 1504
39719 # 1504
39720 # 1504
39720 # 1504
39720 # 1504
39720 # 1504
39720 # 1504
39720 # 1504
39725 + 92
39730 # 1504
39730 - 92 5
39745 + 92
39755 # 1504
39755 - 92 10
39755 # 1504
39755 # 1504
39755 # 1504
39764 # 1504
39764 # 1504
39764 # 1504
39764 # 1504
39785 # 1504
39785 # 1504
39785 # 1504
39785 # 1504
39786 # 1504
39788 # 1504
39790 + 92
39791 # 1504
39791 - 92 1
39791 # 1504
39794 # 1504
39804 # 1504
39804 # 1504
39804 # 1504
39807 # 1504
39824 # 1504
39824 # 1504
39824 # 1504
39824 # 1504
39824 # 1504
39824 # 1504
39836 + 92
39842 # 1504
39842 - 92 6
39845 # 1504
39864 # 1504
39876 # 1504
39876 + 92
39889 # 1504
39889 - 92 13
39893 # 1504
39903 # 1504
39913 # 1504
39913 + 92
39929 # 1504
39929 - 92 16
39929 # 1504
39929 # 1504
39929 # 1504
39955 # 1504
39955 # 1504
39955 # 1504
39955 # 1504
39959 # 1504
39959 + 92
39969 # 1504
39969 - 92 10
39969 # 1504
39977 + 92
39989 # 1504
39989 - 92 12
39989 # 1504
39989 # 1504
39989 # 1504
39989 # 1504
39989 # 1504
39995 + 92
39999 # 1504
39999 - 92 4
39999 # 1504
40004 # 1504
40004 # 1504
40004 # 1504
40004 # 1504
40004 # 1504
40016 # 1504
40016 # 1504
40021 + 92
40024 # 1504
40024 - 92 3
40024 # 1504
40024 # 1504
40024 # 1504
40025 # 1504
40029 # 1504
40030 # 1504
40032 # 1504
40036 # 1504
40049 + 92
40055 # 1504
40055 - 92 6
40055 # 1504
40055 # 1504
40055 # 1504
40055 # 1504
40055 # 1504
40059 # 1504
40059 # 1504
40060 # 1504
40064 # 1504
40064 + 92
40075 # 1504
40075 - 92 11
40075 # 1504
40075 # 1504
40077 # 1504
40078 # 1504
40081 # 1504
40083 # 1504
40084 # 1504
40085 # 1504
40087 # 1504
40089 # 1504
40090 # 1504
40091 # 1504
40093 # 1504
40095 # 1504
40097 # 1504
40098 # 1504
40100 # 1504
40101 # 1504
40104 # 1504
40104 # 1504
40106 # 1504
40106 + 92
40108 # 1504
40108 - 92 2
40109 # 1504
40110 # 1504
40113 # 1504
40113 # 1504
40122 # 1504
40122 # 1504
40124 # 1504
40124 # 1504
40124 # 1504
40136 # 1504
40136 # 1504
40136 # 1504
40146 + 92
40155 # 1504
40155 - 92 9
40155 # 1504
40155 # 1504
40155 # 1504
40155 # 1504
40165 # 1504
40165 # 1504
40165 # 1504
40166 + 92
40194 + 92
40217 + 92
40228 # 1504
40228 - 92 62
40228 - 92 34
40228 - 92 11
40229 # 1504
40229 # 1504
40229 # 1504
40229 # 1504
40229 # 1504
40229 # 1504
40229 # 1504
40229 # 1504
40230 # 1504
40230 # 1504
40230 # 1504
40230 # 1504
40230 # 1504
40230 # 1504
40230 # 1504
40230 # 1504
40230 # 1504
40230 # 1504
40230 # 1504
40231 # 1504
40231 # 1504
40231 # 1504
40231 # 1504
40231 # 1504
40233 # 1504
40243 # 1504
40243 # 1504
40243 # 1504
40245 + 92
40249 # 1504
40249 - 92 4
40249 # 1504
40249 # 1504
40258 # 1504
40258 # 1504
40259 # 1504
40262 # 1504
40264 # 1504
40265 # 1504
40286 # 1504
40288 # 1504
40289 # 1504
40292 # 1504
40292 # 1504
40296 # 1504
40299 # 1504
40299 # 1504
40320 # 1504
40320 # 1504
40320 # 1504
40320 + 92
40324 # 1504
40324 - 92 4
40326 # 1504
40326 # 1504
40335 # 1504
40335 # 1504
40335 # 1504
40339 # 1504
40342 # 1504
40346 + 92
40348 # 1504
40348 - 92 2
40359 # 1504
40359 # 1504
40359 # 1504
40359 # 1504
40363 # 1504
40365 # 1504
40366 # 1504
40374 # 1504
40378 # 1504
40383 # 1504
40388 # 1504
40392 # 1504
40395 + 92
40399 # 1504
40399 - 92 4
40403 # 1504
40406 # 1504
40410 # 1504
40415 # 1504
40424 # 1504
40425 + 92
40427 # 1504
40427 - 92 2
40433 # 1504
40436 # 1504
40440 # 1504
40444 # 1504
40449 # 1504
40451 # 1504
40454 # 1504
40455 + 92
40459 # 1504
40459 - 92 4
40463 # 1504
40466 # 1504
40470 # 1504
40473 # 1504
40477 + 92
40484 # 1504
40484 - 92 7
40485 # 1504
40489 # 1504
40491 # 1504
40494 # 1504
40495 + 92
40497 # 1504
40497 - 92 2
40499 # 1504
40511 # 1504
40511 # 1504
40511 # 1504
40512 # 1504
40512 + 92
40513 # 1504
40513 - 92 1
40514 # 1504
40516 # 1504
40519 # 1504
40529 # 1504
40529 # 1504
40529 # 1504
40529 # 1504
40535 # 1504
40538 # 1504
40542 + 92
40548 # 1504
40548 - 92 6
40548 # 1504
40549 # 1504
40564 # 1504
40566 # 1504
40568 # 1504
40580 # 1504
40583 # 1504
40585 # 1504
40585 # 1504
40585 # 1504
40585 + 92
40586 # 1504
40586 - 92 1
40587 # 1504
40589 # 1504
40590 # 1504
40592 # 1504
40595 # 1504
40596 # 1504
40598 # 1504
40618 + 92
40626 # 1504
40626 - 92 8
40626 # 1504
40626 # 1504
40628 # 1504
40628 # 1504
40638 + 92
40644 # 1504
40644 - 92 6
40644 # 1504
40644 # 1504
40653 # 1504
40653 # 1504
40658 # 1504
40658 # 1504
40658 # 1504
40658 # 1504
40659 # 1504
40664 + 92
40673 # 1504
40673 - 92 9
40673 # 1504
40684 + 92
40685 # 1504
40685 - 92 1
40685 # 1504
40685 # 1504
40685 # 1504
40686 # 1504
40686 # 1504
40686 # 1504
40704 # 1504
40740 + 92
40757 + 92
40767 # 1504
40767 - 92 27
40767 - 92 10
40767 # 1504
40767 # 1504
40768 # 1504
40787 + 92
40809 # 1504
40809 - 92 22
40809 # 1504
40809 # 1504
40809 # 1504
40809 # 1504
40809 # 1504
40810 # 1504
40810 # 1504
40810 # 1504
40810 # 1504
40810 # 1504
40810 # 1504
40810 # 1504
40810 # 1504
40810 # 1504
40817 + 92
40819 # 1504
40819 - 92 2
40823 # 1504
40829 # 1504
40832 # 1504
40832 # 1504
40839 # 1504
40839 # 1504
40840 # 1504
40846 + 92
40849 # 1504
40849 - 92 3
40849 # 1504
40849 # 1504
40860 # 1504
40860 # 1504
40868 + 92
40869 # 1504
40869 - 92 1
40869 # 1504
40876 # 1504
40879 # 1504
40880 # 1504
40880 # 1504
40887 + 92
40890 # 1504
40890 - 92 3
40890 # 1504
40896 # 1504
40901 + 92
40915 # 1504
40915 - 92 14
40915 # 1504
40915 # 1504
40916 + 92
40920 # 1504
40920 - 92 4
40920 # 1504
40924 # 1504
40925 + 92
40941 + 92
40956 + 92
40985 # 1504
40985 - 92 60
40985 - 92 44
40985 - 92 29
40986 # 1504
40986 # 1504
40986 # 1504
40986 # 1504
40986 # 1504
40986 # 1504
40987 # 1504
40987 # 1504
40987 # 1504
40987 # 1504
40988 + 92
40989 # 1504
40989 - 92 1
40990 # 1504
40997 # 1504
41005 # 1504
41020 # 1504
41036 # 1504
41037 + 92
41043 # 1504
41043 - 92 6
41049 # 1504
41051 # 1504
41053 + 92
41060 # 1504
41060 - 92 7
41060 # 1504
41060 # 1504
41060 # 1504
41060 # 1504
41068 + 92
41074 # 1504
41074 - 92 6
41074 # 1504
41083 + 92
41084 # 1504
41084 - 92 1
41084 # 1504
41084 # 1504
41090 # 1504
41090 # 1504
41096 # 1504
41096 # 1504
41096 # 1504
41096 # 1504
41096 # 1504
41098 # 1504
41099 # 1504
41105 + 92
41109 # 1504
41109 - 92 4
41109 # 1504
41109 # 1504
41109 # 1504
41116 # 1504
41116 # 1504
41122 + 92
41124 # 1504
41124 - 92 2
41124 # 1504
41124 # 1504
41124 # 1504
41125 # 1504
41129 # 1504
41129 # 1504
41137 # 1504
41139 # 1504
41147 + 92
41149 # 1504
41149 - 92 2
41163 + 92
41164 # 1504
41164 - 92 1
41164 # 1504
41164 # 1504
41164 # 1504
41164 # 1504
41165 # 1504
41165 # 1504
41170 # 1504
41210 + 92
41245 # 1504
41245 - 92 35
41246 # 1504
41249 # 1504
41249 # 1504
41249 # 1504
41249 # 1504
41249 # 1504
41249 # 1504
41249 # 1504
41251 + 92
41282 # 1504
41282 - 92 31
41284 # 1504
41284 # 1504
41284 # 1504
41284 # 1504
41284 # 1504
41284 # 1504
41284 # 1504
41287 # 1504
41299 # 1504
41300 # 1504
41300 # 1504
41300 # 1504
41300 # 1504
41310 # 1504
41310 # 1504
41310 # 1504
41312 # 1504
41315 # 1504
41317 # 1504
41319 # 1504
41324 + 92
41330 # 1504
41330 - 92 6
41330 # 1504
41330 # 1504
41340 # 1504
41350 # 1504
41350 # 1504
41350 # 1504
41350 # 1504
41350 # 1504
41350 # 1504
41369 # 1504
41369 # 1504
41369 # 1504
41376 # 1504
41385 + 92
41391 # 1504
41391 - 92 6
41395 # 1504
41395 # 1504
41395 # 1504
41395 # 1504
41395 # 1504
41395 # 1504
41404 # 1504
41417 # 1504
41417 # 1504
41417 # 1504
41417 + 92
41426 # 1504
41426 - 92 9
41427 # 1504
41428 # 1504
41432 # 1504
41432 # 1504
41436 # 1504
41436 # 1504
41438 # 1504
41444 # 1504
41444 # 1504
41467 # 1504
41468 # 1504
41468 # 1504
41475 # 1504
41476 + 92
41487 # 1504
41487 - 92 11
41494 # 1504
41497 # 1504
41497 # 1504
41508 # 1504
41508 # 1504
41508 # 1504
41508 # 1504
41511 # 1504
41513 # 1504
41515 # 1504
41521 # 1504
41523 # 1504
41525 # 1504
41528 # 1504
41531 # 1504
41533 + 92
41539 # 1504
41539 - 92 6
41543 # 1504
41548 # 1504
41551 # 1504
41556 # 1504
41560 # 1504
41562 # 1504
41566 # 1504
41570 # 1504
41572 + 92
41575 # 1504
41575 - 92 3
41576 # 1504
41579 # 1504
41583 # 1504
41586 # 1504
41592 # 1504
41595 # 1504
41599 # 1504
41602 # 1504
41606 # 1504
41609 # 1504
41614 # 1504
41617 # 1504
41619 + 92
41621 # 1504
41621 - 92 2
41624 # 1504
41628 # 1504
41631 # 1504
41634 # 1504
41640 # 1504
41649 # 1504
41649 # 1504
41654 + 92
41658 # 1504
41658 - 92 4
41658 # 1504
41673 # 1504
41673 # 1504
41673 # 1504
41675 # 1504
41676 # 1504
41680 # 1504
41683 # 1504
41707 + 92
41736 + 92
41745 # 1504
41745 - 92 38
41745 - 92 9
41745 # 1504
41745 # 1504
41745 # 1504
41769 + 92
41790 # 1504
41790 - 92 21
41790 # 1504
41790 # 1504
41790 # 1504
41790 # 1504
41790 # 1504
41790 # 1504
41790 # 1504
41790 # 1504
41791 # 1504
41791 # 1504
41791 # 1504
41791 # 1504
41791 # 1504
41799 # 1504
41806 # 1504
41808 + 92
41814 # 1504
41814 - 92 6
41821 # 1504
41829 # 1504
41834 + 92
41839 # 1504
41839 - 92 5
41846 # 1504
41868 + 92
41888 + 92
41909 + 92
41931 + 92
41963 + 92
41980 # 1504
41980 - 92 112
41980 - 92 92
41980 - 92 71
41980 - 92 49
41980 - 92 17
41982 # 1504
41991 # 1504
41991 + 92
42000 # 1504
42000 - 92 9
42008 # 1504
42013 # 1504
42032 + 92
42044 # 1504
42044 - 92 12
42044 # 1504
42055 + 92
42098 + 92
42121 + 92
42141 + 92
42163 + 92
42181 + 92
42194 + 92
42210 + 92
42228 + 92
42257 + 92
42261 # 1504
42261 - 92 206
42261 - 92 163
42261 - 92 140
42261 - 92 120
42261 - 92 98
42261 - 92 80
42261 - 92 67
42261 - 92 51
42261 - 92 33
42261 - 92 4
42261 # 1504
42261 # 1504
42262 # 1504
42262 # 1504
42262 # 1504
42275 # 1504
42275 # 1504
42276 # 1504
42281 # 1504
42288 # 1504
42304 # 1504
42321 # 1504
42321 + 92
42331 # 1504
42331 - 92 10
42342 # 1504
42360 + 92
42366 # 1504
42366 - 92 6
42377 # 1504
42389 + 92
42395 # 1504
42395 - 92 6
42395 # 1504
42407 # 1504
42422 + 92
42424 # 1504
42424 - 92 2
42437 # 1504
42463 + 92
42524 # 1504
42524 - 92 61
42524 # 1504
42524 # 1504
42524 # 1504
42524 # 1504
42524 # 1504
42531 # 1504
42548 # 1504
42573 + 92
42575 # 1504
42575 - 92 2
42578 # 1504
42585 # 1504
42592 # 1504
42593 + 92
42606 # 1504
42606 - 92 13
42616 + 92
42622 # 1504
42622 - 92 6
42639 # 1504
42640 + 92
42656 # 1504
42656 - 92 16
42668 # 1504
42672 + 92
42690 # 1504
42690 - 92 18
42690 # 1504
42709 # 1504
42717 # 1504
42725 # 1504
42736 + 92
42738 # 1504
42738 - 92 2
42746 # 1504
42752 # 1504
42760 # 1504
42765 + 92
42766 # 1504
42766 - 92 1
42776 # 1504
42784 # 1504
42788 # 1504
42794 # 1504
42802 # 1504
42810 # 1504
42819 # 1504
42824 + 92
42827 # 1504
42827 - 92 3
42836 # 1504
42840 # 1504
42844 # 1504
42846 # 1504
42847 # 1504
42850 + 92
42851 # 1504
42851 - 92 1
42854 # 1504
42856 # 1504
42859 # 1504
42863 # 1504
42866 # 1504
42873 + 92
42874 # 1504
42874 - 92 1
42877 # 1504
42882 # 1504
42887 # 1504
42888 # 1504
42894 # 1504
42894 + 92
42897 # 1504
42897 - 92 3
42903 # 1504
42908 # 1504
42914 # 1504
42917 + 92
42920 # 1504
42920 - 92 3
42924 # 1504
42927 # 1504
42929 # 1504
42933 # 1504
42936 # 1504
42940 + 92
42942 # 1504
42942 - 92 2
42949 # 1504
42955 # 1504
42958 # 1504
42960 + 92
42962 # 1504
42962 - 92 2
42966 # 1504
42971 # 1504
42978 # 1504
42981 # 1504
42981 + 92
42984 # 1504
42984 - 92 3
42986 # 1504
42989 # 1504
42993 # 1504
42996 # 1504
42999 # 1504
43003 # 1504
43006 # 1504
43009 + 92
43011 # 1504
43011 - 92 2
43014 # 1504
43017 # 1504
43022 # 1504
43025 # 1504
43029 # 1504
43037 # 1504
43041 # 1504
43045 # 1504
43048 # 1504
43048 + 92
43052 # 1504
43052 - 92 4
43054 # 1504
43057 # 1504
43060 # 1504
43064 # 1504
43066 # 1504
43068 + 92
43069 # 1504
43069 - 92 1
43073 # 1504
43076 # 1504
43079 # 1504
43082 # 1504
43085 # 1504
43085 + 92
43088 # 1504
43088 - 92 3
43096 # 1504
43103 + 92
43105 # 1504
43105 - 92 2
43114 # 1504
43120 + 92
43122 # 1504
43122 - 92 2
43129 # 1504
43139 # 1504
43142 + 92
43146 # 1504
43146 - 92 4
43155 # 1504
43161 # 1504
43166 # 1504
43166 + 92
43169 # 1504
43169 - 92 3
43176 # 1504
43179 # 1504
43185 # 1504
43187 # 1504
43191 # 1504
43199 # 1504
43201 # 1504
43204 # 1504
43207 # 1504
43208 # 1504
43209 # 1504
43213 # 1504
43216 # 1504
43217 # 1504
43222 # 1504
43224 # 1504
43226 # 1504
43229 # 1504
43230 # 1504
43232 # 1504
43235 # 1504
43238 # 1504
43241 + 92
43262 # 1504
43262 - 92 21
43264 + 92
43281 # 1504
43281 - 92 17
43285 # 1504
43288 # 1504
43294 # 1504
43294 + 92
43301 # 1504
43301 - 92 7
43305 # 1504
43309 # 1504
43313 # 1504
43316 + 92
43326 # 1504
43326 - 92 10
43331 # 1504
43335 # 1504
43345 # 1504
43346 # 1504
43348 # 1504
43349 # 1504
43350 + 92
43353 # 1504
43353 - 92 3
43356 # 1504
43367 # 1504
43385 # 1504
43389 # 1504
43409 # 1504
43409 # 1504
43409 # 1504
43414 # 1504
43415 # 1504
43420 # 1504
43426 # 1504
43428 # 1504
43431 # 1504
43437 # 1504
43439 # 1504
43443 # 1504
43445 # 1504
43449 # 1504
43451 # 1504
43452 # 1504
43455 # 1504
43457 # 1504
43459 # 1504
43462 # 1504
43464 # 1504
43474 # 1504
43474 # 1504
43474 # 1504
43474 # 1504
43475 # 1504
43477 # 1504
43479 # 1504
43481 # 1504
43485 # 1504
43488 # 1504
43490 # 1504
43492 # 1504
43495 # 1504
43498 # 1504
43501 # 1504
43506 # 1504
43509 # 1504
43511 # 1504
43514 # 1504
43516 # 1504
43518 # 1504
43520 # 1504
43522 # 1504
43523 # 1504
43525 # 1504
43526 # 1504
43528 # 1504
43529 # 1504
43531 # 1504
43532 # 1504
43534 # 1504
43535 # 1504
43537 # 1504
43538 # 1504
43540 # 1504
43541 # 1504
43543 # 1504
43545 # 1504
43547 # 1504
43548 # 1504
43550 # 1504
43552 # 1504
43553 + 92
43554 # 1504
43554 - 92 1
43555 # 1504
43557 # 1504
43559 # 1504
43560 # 1504
43562 # 1504
43563 # 1504
43565 # 1504
43568 # 1504
43578 # 1504
43578 # 1504
43578 # 1504
43579 # 1504
43579 # 1504
43579 # 1504
43581 # 1504
43582 # 1504
43582 + 92
43584 # 1504
43584 - 92 2
43585 # 1504
43587 # 1504
43588 # 1504
43590 # 1504
43591 # 1504
43593 # 1504
43595 # 1504
43596 # 1504
43598 # 1504
43599 # 1504
43600 # 1504
43602 # 1504
43604 # 1504
43606 # 1504
43607 # 1504
43609 # 1504
43611 # 1504
43613 # 1504
43614 # 1504
43616 # 1504
43616 + 92
43618 # 1504
43618 - 92 2
43619 # 1504
43621 # 1504
43630 # 1504
43630 # 1504
43630 # 1504
43631 # 1504
43631 # 1504
43631 # 1504
43632 # 1504
43633 # 1504
43634 # 1504
43636 # 1504
43637 # 1504
43639 # 1504
43641 # 1504
43642 # 1504
43644 # 1504
43645 # 1504
43646 # 1504
43646 + 92
43648 # 1504
43648 - 92 2
43649 # 1504
43651 # 1504
43652 # 1504
43661 # 1504
43661 # 1504
43661 # 1504
43662 # 1504
43666 # 1504
43670 # 1504
43670 + 92
43673 # 1504
43673 - 92 3
43676 # 1504
43681 # 1504
43684 # 1504
43687 + 92
43688 # 1504
43688 - 92 1
43691 # 1504
43696 # 1504
43701 # 1504
43703 + 92
43707 # 1504
43707 - 92 4
43712 # 1504
43712 + 92
43719 # 1504
43719 - 92 7
43720 + 92
43722 # 1504
43722 - 92 2
43725 # 1504
43728 # 1504
43730 # 1504
43731 + 92
43735 # 1504
43735 - 92 4
43737 + 92
43738 # 1504
43738 - 92 1
43742 # 1504
43746 # 1504
43750 # 1504
43753 # 1504
43757 # 1504
43759 + 92
43760 # 1504
43760 - 92 1
43763 # 1504
43763 + 92
43764 # 1504
43764 - 92 1
43766 # 1504
43768 # 1504
43769 # 1504
43771 # 1504
43773 # 1504
43775 # 1504
43776 # 1504
43779 # 1504
43781 # 1504
43784 # 1504
43785 # 1504
43787 + 92
43788 # 1504
43788 - 92 1
43790 # 1504
43792 # 1504
43794 # 1504
43795 # 1504
43797 # 1504
43798 + 92
43799 # 1504
43799 - 92 1
43800 # 1504
43810 # 1504
43811 # 1504
43811 # 1504
43811 # 1504
43811 # 1504
43815 # 1504
43816 # 1504
43817 # 1504
43818 + 92
43819 # 1504
43819 - 92 1
43828 # 1504
43828 # 1504
43828 # 1504
43829 # 1504
43829 # 1504
43829 # 1504
43829 # 1504
43832 # 1504
43833 # 1504
43835 # 1504
43836 # 1504
43836 + 92
43837 # 1504
43837 - 92 1
43839 # 1504
43840 # 1504
43841 # 1504
43843 # 1504
43844 # 1504
43846 # 1504
43847 # 1504
43848 # 1504
43857 + 92
43858 # 1504
43858 - 92 1
43858 # 1504
43858 # 1504
43859 # 1504
43859 # 1504
43865 + 92
43867 # 1504
43867 - 92 2
43875 # 1504
43877 # 1504
43879 # 1504
43880 # 1504
43882 # 1504
43883 # 1504
43884 # 1504
43886 # 1504
43887 # 1504
43889 # 1504
43890 # 1504
43891 # 1504
43907 + 92
43909 + 92
43910 # 1504
43910 - 92 3
43910 - 92 1
43910 # 1504
43911 # 1504
43911 # 1504
43911 # 1504
43912 # 1504
43913 # 1504
43914 # 1504
43916 # 1504
43917 # 1504
43919 # 1504
43920 # 1504
43922 # 1504
43924 # 1504
43926 + 92
43927 # 1504
43927 - 92 1
43928 # 1504
43931 # 1504
43935 # 1504
43937 # 1504
43939 + 92
43940 # 1504
43940 - 92 1
43941 # 1504
43952 # 1504
43954 # 1504
43963 # 1504
43963 # 1504
43963 # 1504
43964 # 1504
43965 # 1504
43967 # 1504
43971 # 1504
43972 # 1504
43974 # 1504
43974 + 92
43975 + 92
43976 # 1504
43976 - 92 2
43976 - 92 1
43978 # 1504
43982 # 1504
43984 # 1504
43986 # 1504
43989 # 1504
43991 # 1504
43994 + 92
43994 + 92
43995 # 1504
43995 - 92 1
43995 - 92 1
43996 # 1504
43998 # 1504
44016 + 92
44025 # 1504
44025 - 92 9
44025 # 1504
44025 # 1504
44025 # 1504
44026 # 1504
44032 # 1504
44032 # 1504
44032 # 1504
44032 # 1504
44032 # 1504
44037 # 1504
44037 # 1504
44037 # 1504
44037 # 1504
44037 # 1504
44037 + 92
44038 # 1504
44038 - 92 1
44042 # 1504
44044 # 1504
44045 # 1504
44050 # 1504
44054 + 92
44056 # 1504
44056 - 92 2
44060 # 1504
44062 + 92
44063 # 1504
44063 - 92 1
44068 # 1504
44071 # 1504
44075 # 1504
44079 # 1504
44083 # 1504
44085 # 1504
44086 + 92
44086 + 92
44090 # 1504
44090 - 92 4
44090 - 92 4
44093 # 1504
44096 + 92
44098 # 1504
44098 - 92 2
44100 # 1504
44103 + 92
44107 # 1504
44107 - 92 4
44112 # 1504
44117 + 92
44120 # 1504
44120 - 92 3
44123 # 1504
44124 # 1504
44129 # 1504
44133 # 1504
44137 # 1504
44140 # 1504
44141 + 92
44144 # 1504
44144 - 92 3
44146 # 1504
44148 # 1504
44153 # 1504
44156 # 1504
44159 + 92
44160 # 1504
44160 - 92 1
44162 # 1504
44167 # 1504
44171 # 1504
44179 # 1504
44182 # 1504
44184 + 92
44188 # 1504
44188 - 92 4
44190 # 1504
44193 # 1504
44195 # 1504
44201 # 1504
44205 + 92
44206 # 1504
44206 - 92 1
44208 # 1504
44216 # 1504
44218 # 1504
44223 # 1504
44226 # 1504
44229 # 1504
44235 + 92
44239 # 1504
44239 - 92 4
44241 # 1504
44245 # 1504
44246 + 92
44248 # 1504
44248 - 92 2
44252 # 1504
44253 # 1504
44256 # 1504
44260 # 1504
44264 # 1504
44265 # 1504
44269 # 1504
44285 + 92
44300 # 1504
44300 - 92 15
44311 + 92
44327 # 1504
44327 - 92 16
44327 + 92
44336 # 1504
44336 - 92 9
44342 # 1504
44346 + 92
44349 # 1504
44349 - 92 3
44355 # 1504
44361 # 1504
44362 + 92
44364 # 1504
44364 - 92 2
44368 # 1504
44377 # 1504
44378 + 92
44383 # 1504
44383 - 92 5
44387 + 92
44388 # 1504
44388 - 92 1
44395 # 1504
44398 + 92
44399 # 1504
44399 - 92 1
44401 # 1504
44404 # 1504
44404 # 1504
44406 # 1504
44408 # 1504
44408 + 92
44422 + 92
44425 # 1504
44425 - 92 17
44425 - 92 3
44425 # 1504
44425 # 1504
44425 # 1504
44429 # 1504
44432 # 1504
44433 + 92
44434 # 1504
44434 - 92 1
44435 # 1504
44438 # 1504
44441 # 1504
44445 # 1504
44445 + 92
44447 # 1504
44447 - 92 2
44453 # 1504
44453 + 92
44454 # 1504
44454 - 92 1
44457 # 1504
44457 # 1504
44459 # 1504
44462 # 1504
44462 + 92
44464 # 1504
44464 - 92 2
44465 # 1504
44466 # 1504
44468 # 1504
44471 # 1504
44471 # 1504
44473 # 1504
44475 # 1504
44476 # 1504
44477 + 92
44477 + 92
44479 # 1504
44479 - 92 2
44479 - 92 2
44481 # 1504
44482 # 1504
44484 # 1504
44486 # 1504
44488 # 1504
44495 + 92
44498 + 92
44498 + 92
44499 # 1504
44499 - 92 4
44499 - 92 1
44499 - 92 1
44499 # 1504
44499 # 1504
44499 # 1504
44499 # 1504
44499 # 1504
44501 # 1504
44505 # 1504
44505 # 1504
44506 + 92
44507 # 1504
44507 - 92 1
44510 # 1504
44512 # 1504
44513 # 1504
44515 # 1504
44518 # 1504
44520 # 1504
44523 # 1504
44525 # 1504
44525 + 92
44535 # 1504
44535 - 92 10
44537 # 1504
44537 + 92
44537 + 92
44538 # 1504
44538 - 92 1
44538 - 92 1
44542 # 1504
44542 # 1504
44542 # 1504
44542 # 1504
44545 + 92
44554 # 1504
44554 - 92 9
44554 # 1504
44554 # 1504
44554 # 1504
44554 # 1504
44554 # 1504
44557 # 1504
44557 + 92
44558 # 1504
44558 - 92 1
44559 # 1504
44560 + 92
44561 # 1504
44561 - 92 1
44564 # 1504
44565 # 1504
44567 # 1504
44571 # 1504
44575 # 1504
44575 # 1504
44575 + 92
44577 # 1504
44577 - 92 2
44579 # 1504
44581 # 1504
44583 # 1504
44584 # 1504
44586 # 1504
44587 + 92
44592 # 1504
44592 - 92 5
44593 # 1504
44595 # 1504
44596 + 92
44596 + 92
44597 # 1504
44597 - 92 1
44597 - 92 1
44599 # 1504
44600 # 1504
44603 # 1504
44605 + 92
44607 # 1504
44607 - 92 2
44616 # 1504
44616 # 1504
44616 # 1504
44616 # 1504
44618 # 1504
44619 # 1504
44620 + 92
44620 + 92
44622 # 1504
44622 - 92 2
44622 - 92 2
44623 # 1504
44624 # 1504
44625 + 92
44627 # 1504
44627 - 92 2
44628 # 1504
44630 # 1504
44631 # 1504
44635 # 1504
44637 # 1504
44638 # 1504
44639 # 1504
44643 # 1504
44643 # 1504
44645 + 92
44645 + 92
44654 # 1504
44654 - 92 9
44654 - 92 9
44654 # 1504
44654 # 1504
44656 # 1504
44656 # 1504
44656 # 1504
44656 # 1504
44658 # 1504
44658 + 92
44669 # 1504
44669 - 92 11
44669 # 1504
44669 # 1504
44669 # 1504
44669 # 1504
44671 # 1504
44674 # 1504
44675 # 1504
44677 # 1504
44678 # 1504
44678 + 92
44682 # 1504
44682 - 92 4
44684 # 1504
44684 + 92
44685 # 1504
44685 - 92 1
44687 # 1504
44689 # 1504
44692 # 1504
44693 # 1504
44695 + 92
44697 # 1504
44697 - 92 2
44699 # 1504
44700 # 1504
44702 # 1504
44703 + 92
44704 # 1504
44704 - 92 1
44708 # 1504
44712 # 1504
44719 # 1504
44726 + 92
44726 + 92
44726 + 92
44727 # 1504
44727 - 92 1
44727 - 92 1
44727 - 92 1
44734 # 1504
44738 + 92
44740 # 1504
44740 - 92 2
44741 + 92
44749 # 1504
44749 - 92 8
44751 # 1504
44754 # 1504
44755 # 1504
44755 # 1504
44755 # 1504
44755 # 1504
44757 + 92
44761 + 92
44765 # 1504
44765 - 92 8
44765 - 92 4
44765 # 1504
44765 # 1504
44765 # 1504
44770 # 1504
44770 # 1504
44770 # 1504
44770 # 1504
44770 # 1504
44771 # 1504
44773 # 1504
44774 # 1504
44777 # 1504
44778 # 1504
44778 + 92
44779 # 1504
44779 - 92 1
44781 # 1504
44782 + 92
44784 # 1504
44784 - 92 2
44785 # 1504
44786 # 1504
44788 # 1504
44791 # 1504
44791 # 1504
44793 # 1504
44795 # 1504
44797 # 1504
44797 + 92
44798 + 92
44799 # 1504
44799 - 92 2
44799 - 92 1
44800 # 1504
44802 # 1504
44802 + 92
44804 # 1504
44804 - 92 2
44807 # 1504
44807 # 1504
44809 # 1504
44810 # 1504
44812 # 1504
44815 + 92
44816 # 1504
44816 - 92 1
44817 # 1504
44818 # 1504
44820 # 1504
44821 + 92
44823 # 1504
44823 - 92 2
44824 # 1504
44825 # 1504
44827 # 1504
44829 # 1504
44830 # 1504
44832 # 1504
44833 # 1504
44835 # 1504
44836 # 1504
44837 + 92
44837 + 92
44838 # 1504
44838 - 92 1
44838 - 92 1
44839 # 1504
44840 # 1504
44842 # 1504
44842 + 92
44843 # 1504
44843 - 92 1
44845 # 1504
44845 # 1504
44846 # 1504
44848 # 1504
44849 # 1504
44850 # 1504
44851 # 1504
44864 # 1504
44864 # 1504
44864 # 1504
44864 # 1504
44864 # 1504
44864 # 1504
44866 + 92
44866 + 92
44866 + 92
44870 + 92
44871 # 1504
44871 - 92 5
44871 - 92 5
44871 - 92 5
44871 - 92 1
44871 # 1504
44871 # 1504
44871 # 1504
44871 # 1504
44871 # 1504
44872 # 1504
44873 # 1504
44874 # 1504
44875 # 1504
44878 # 1504
44879 # 1504
44879 # 1504
44880 # 1504
44882 # 1504
44884 # 1504
44884 # 1504
44886 # 1504
44886 # 1504
44887 + 92
44887 + 92
44888 # 1504
44888 - 92 1
44888 - 92 1
44889 # 1504
44890 # 1504
44892 # 1504
44894 # 1504
44894 # 1504
44895 # 1504
44896 # 1504
44897 # 1504
44897 + 92
44897 + 92
44904 + 92
44907 # 1504
44907 - 92 10
44907 - 92 10
44907 - 92 3
44909 # 1504
44909 # 1504
44909 # 1504
44909 # 1504
44909 # 1504
44909 # 1504
44909 # 1504
44910 # 1504
44911 # 1504
44913 # 1504
44914 # 1504
44915 # 1504
44916 # 1504
44917 # 1504
44926 + 92
44926 + 92
44926 + 92
44929 # 1504
44929 - 92 3
44929 - 92 3
44929 - 92 3
44929 # 1504
44929 # 1504
44929 # 1504
44929 # 1504
44930 # 1504
44930 # 1504
44931 # 1504
44931 # 1504
44932 # 1504
44934 # 1504
44935 # 1504
44936 # 1504
44936 + 92
44937 # 1504
44937 - 92 1
44937 + 92
44939 # 1504
44939 - 92 2
44941 # 1504
44942 # 1504
44943 # 1504
44944 # 1504
44947 # 1504
44948 # 1504
44949 # 1504
44951 # 1504
44954 + 92
44960 + 92
44961 # 1504
44961 - 92 7
44961 - 92 1
44961 # 1504
44961 # 1504
44961 # 1504
44961 # 1504
44963 # 1504
44966 # 1504
44966 # 1504
44968 # 1504
44970 # 1504
44970 # 1504
44971 + 92
44974 # 1504
44974 - 92 3
44975 # 1504
44975 + 92
44978 # 1504
44978 - 92 3
44982 # 1504
44982 # 1504
44983 # 1504
44984 # 1504
44986 # 1504
44988 # 1504
44989 # 1504
44990 # 1504
44991 # 1504
44991 + 92
44993 # 1504
44993 - 92 2
44997 + 92
45005 # 1504
45005 - 92 8
45005 # 1504
45005 # 1504
45005 # 1504
45005 # 1504
45006 # 1504
45006 + 92
45007 # 1504
45007 - 92 1
45009 # 1504
45009 # 1504
45014 # 1504
45014 # 1504
45015 # 1504
45017 # 1504
45019 # 1504
45019 # 1504
45020 # 1504
45021 # 1504
45022 + 92
45023 # 1504
45023 - 92 1
45024 # 1504
45026 # 1504
45035 + 92
45036 # 1504
45036 - 92 1
45036 # 1504
45036 # 1504
45036 # 1504
45037 # 1504
45037 # 1504
45037 # 1504
45037 + 92
45041 # 1504
45041 - 92 4
45041 # 1504
45044 # 1504
45044 # 1504
45045 # 1504
45055 + 92
45055 + 92
45056 # 1504
45056 - 92 1
45056 - 92 1
45056 # 1504
45056 # 1504
45056 # 1504
45056 # 1504
45056 # 1504
45056 + 92
45064 + 92
45066 # 1504
45066 - 92 10
45066 - 92 2
45067 # 1504
45067 # 1504
45071 # 1504
45071 # 1504
45071 # 1504
45077 + 92
45079 # 1504
45079 - 92 2
45079 + 92
45084 # 1504
45084 - 92 5
45084 # 1504
45084 # 1504
45084 # 1504
45084 # 1504
45084 + 92
45085 # 1504
45085 - 92 1
45087 # 1504
45089 # 1504
45091 # 1504
45091 # 1504
45093 # 1504
45096 # 1504
45097 # 1504
45097 + 92
45098 # 1504
45098 - 92 1
45099 # 1504
45100 + 92
45101 # 1504
45101 - 92 1
45103 # 1504
45106 + 92
45112 + 92
45114 # 1504
45114 - 92 8
45114 - 92 2
45114 # 1504
45114 # 1504
45116 # 1504
45119 # 1504
45119 # 1504
45119 # 1504
45119 # 1504
45121 # 1504
45122 # 1504
45122 + 92
45123 # 1504
45123 - 92 1
45125 # 1504
45125 + 92
45127 # 1504
45127 - 92 2
45129 # 1504
45129 # 1504
45131 # 1504
45132 # 1504
45135 # 1504
45135 # 1504
45136 + 92
45137 # 1504
45137 - 92 1
45138 # 1504
45139 + 92
45140 # 1504
45140 - 92 1
45141 + 92
45142 # 1504
45142 - 92 1
45142 # 1504
45143 # 1504
45145 # 1504
45146 # 1504
45147 # 1504
45147 + 92
45148 # 1504
45148 - 92 1
45149 # 1504
45151 # 1504
45152 # 1504
45153 # 1504
45154 # 1504
45155 # 1504
45156 + 92
45158 + 92
45166 # 1504
45166 - 92 10
45166 - 92 8
45166 # 1504
45166 # 1504
45166 # 1504
45166 # 1504
45166 # 1504
45166 # 1504
45167 # 1504
45168 # 1504
45169 + 92
45171 # 1504
45171 - 92 2
45174 # 1504
45174 # 1504
45175 # 1504
45175 + 92
45175 + 92
45176 # 1504
45176 - 92 1
45176 - 92 1
45187 # 1504
45189 # 1504
45189 # 1504
45189 # 1504
45191 # 1504
45191 # 1504
45198 + 92
45199 # 1504
45199 - 92 1
45199 # 1504
45199 # 1504
45199 # 1504
45199 # 1504
45199 # 1504
45199 # 1504
45200 # 1504
45201 # 1504
45204 + 92
45214 # 1504
45214 - 92 10
45214 # 1504
45214 # 1504
45214 # 1504
45214 # 1504
45214 # 1504
45215 # 1504
45215 # 1504
45224 # 1504
45224 # 1504
45224 # 1504
45224 # 1504
45224 # 1504
45224 # 1504
45225 # 1504
45226 # 1504
45228 # 1504
45230 # 1504
45231 # 1504
45235 # 1504
45238 # 1504
45238 # 1504
45239 # 1504
45240 # 1504
45241 # 1504
45243 # 1504
45245 # 1504
45247 # 1504
45256 # 1504
45256 # 1504
45256 # 1504
45256 # 1504
45256 # 1504
45256 # 1504
45257 # 1504
45259 # 1504
45259 # 1504
45261 # 1504
45269 + 92
45269 + 92
45271 # 1504
45271 - 92 2
45271 - 92 2
45273 # 1504
45275 # 1504
45275 # 1504
45275 # 1504
45275 # 1504
45278 # 1504
45278 # 1504
45279 # 1504
45282 # 1504
45284 # 1504
45285 # 1504
45287 # 1504
45289 # 1504
45291 # 1504
45293 # 1504
45294 # 1504
45295 # 1504
45297 # 1504
45300 # 1504
45309 # 1504
45309 # 1504
45309 # 1504
45313 + 92
45313 + 92
45313 + 92
45313 + 92
45313 + 92
45313 + 92
45313 + 92
45315 + 92
45315 + 92
45335 # 1504
45335 - 92 22
45335 - 92 22
45335 - 92 22
45335 - 92 22
45335 - 92 22
45335 - 92 22
45335 - 92 22
45335 - 92 20
45335 - 92 20
45343 # 1504
45343 + 92
45349 # 1504
45349 - 92 6
45354 # 1504
45354 + 92
45358 # 1504
45358 - 92 4
45363 # 1504
45369 + 92
45373 # 1504
45373 - 92 4
45375 # 1504
45389 + 92
45391 # 1504
45391 - 92 2
45396 # 1504
45398 + 92
45399 # 1504
45399 - 92 1
45404 # 1504
45406 # 1504
45407 + 92
45409 # 1504
45409 - 92 2
45413 # 1504
45418 + 92
45423 # 1504
45423 - 92 5
45428 + 92
45429 # 1504
45429 - 92 1
45429 # 1504
45429 # 1504
45431 # 1504
45434 # 1504
45436 # 1504
45437 # 1504
45437 + 92
45441 # 1504
45441 - 92 4
45444 # 1504
45446 # 1504
45449 # 1504
45449 # 1504
45450 + 92
45453 # 1504
45453 - 92 3
45456 # 1504
45457 # 1504
45458 # 1504
45462 # 1504
45463 + 92
45464 # 1504
45464 - 92 1
45466 # 1504
45466 # 1504
45468 # 1504
45471 # 1504
45472 # 1504
45474 # 1504
45476 # 1504
45476 + 92
45480 # 1504
45480 - 92 4
45480 # 1504
45483 # 1504
45485 # 1504
45488 # 1504
45488 # 1504
45489 + 92
45493 # 1504
45493 - 92 4
45496 # 1504
45496 # 1504
45498 # 1504
45500 # 1504
45504 # 1504
45505 # 1504
45506 # 1504
45509 # 1504
45509 + 92
45511 # 1504
45511 - 92 2
45515 # 1504
45517 # 1504
45519 # 1504
45520 # 1504
45521 # 1504
45523 # 1504
45524 # 1504
45526 # 1504
45527 # 1504
45528 # 1504
45530 # 1504
45532 # 1504
45533 # 1504
45535 # 1504
45536 # 1504
45538 # 1504
45539 # 1504
45541 # 1504
45544 + 92
45551 # 1504
45551 - 92 7
45551 # 1504
45551 # 1504
45551 # 1504
45551 # 1504
45551 # 1504
45551 # 1504
45553 # 1504
45554 # 1504
45556 # 1504
45558 # 1504
45558 # 1504
45559 # 1504
45561 # 1504
45564 # 1504
45566 # 1504
45566 # 1504
45567 # 1504
45568 + 92
45569 # 1504
45569 - 92 1
45571 # 1504
45574 # 1504
45574 # 1504
45575 # 1504
45577 # 1504
45578 # 1504
45579 # 1504
45589 # 1504
45591 # 1504
45591 # 1504
45593 # 1504
45593 + 92
45596 # 1504
45596 - 92 3
45598 # 1504
45598 # 1504
45600 # 1504
45602 # 1504
45604 # 1504
45606 # 1504
45608 # 1504
45609 # 1504
45611 # 1504
45613 # 1504
45614 # 1504
45616 # 1504
45618 # 1504
45621 # 1504
45621 # 1504
45624 # 1504
45624 + 92
45626 # 1504
45626 - 92 2
45628 # 1504
45630 # 1504
45631 # 1504
45635 # 1504
45636 # 1504
45638 # 1504
45642 # 1504
45645 # 1504
45646 # 1504
45647 # 1504
45649 # 1504
45653 + 92
45654 # 1504
45654 - 92 1
45655 # 1504
45665 # 1504
45665 # 1504
45665 # 1504
45665 # 1504
45665 # 1504
45667 # 1504
45668 # 1504
45669 # 1504
45671 # 1504
45674 # 1504
45675 # 1504
45676 # 1504
45677 + 92
45678 # 1504
45678 - 92 1
45682 # 1504
45691 # 1504
45693 # 1504
45693 # 1504
45693 # 1504
45693 # 1504
45694 # 1504
45696 # 1504
45698 # 1504
45700 # 1504
45700 + 92
45701 # 1504
45701 - 92 1
45702 # 1504
45704 # 1504
45705 # 1504
45707 # 1504
45708 # 1504
45710 # 1504
45711 # 1504
45714 # 1504
45714 # 1504
45716 # 1504
45718 # 1504
45720 # 1504
45720 # 1504
45721 + 92
45724 # 1504
45724 - 92 3
45724 # 1504
45726 # 1504
45728 # 1504
45730 # 1504
45730 # 1504
45732 # 1504
45733 # 1504
45736 # 1504
45736 # 1504
45738 # 1504
45743 + 92
45748 # 1504
45748 - 92 5
45748 # 1504
45749 # 1504
45749 # 1504
45749 # 1504
45749 # 1504
45750 # 1504
45752 # 1504
45753 # 1504
45753 + 92
45755 # 1504
45755 - 92 2
45756 # 1504
45766 # 1504
45769 # 1504
45770 # 1504
45771 # 1504
45771 # 1504
45771 # 1504
45771 # 1504
45783 # 1504
45783 # 1504
45784 # 1504
45784 # 1504
45786 # 1504
45786 + 92
45788 # 1504
45788 - 92 2
45790 # 1504
45790 # 1504
45791 # 1504
45793 # 1504
45795 # 1504
45805 # 1504
45806 # 1504
45809 # 1504
45809 # 1504
45810 # 1504
45817 + 92
45821 # 1504
45821 - 92 4
45821 # 1504
45821 # 1504
45821 # 1504
45822 # 1504
45824 # 1504
45825 # 1504
45827 # 1504
45829 # 1504
45830 # 1504
45832 # 1504
45834 # 1504
45836 # 1504
45837 # 1504
45839 # 1504
45842 + 92
45848 # 1504
45848 - 92 6
45849 # 1504
45850 # 1504
45854 # 1504
45855 # 1504
45855 # 1504
45856 # 1504
45865 + 92
45867 # 1504
45867 - 92 2
45868 # 1504
45868 # 1504
45870 # 1504
45870 # 1504
45870 # 1504
45874 # 1504
45874 # 1504
45875 # 1504
45877 # 1504
45879 # 1504
45879 # 1504
45881 # 1504
45884 # 1504
45884 # 1504
45885 # 1504
45889 + 92
45895 # 1504
45895 - 92 6
45895 # 1504
45895 # 1504
45895 # 1504
45901 # 1504
45901 # 1504
45901 # 1504
45901 # 1504
45910 # 1504
45910 # 1504
45910 # 1504
45910 # 1504
45910 # 1504
45911 # 1504
45911 + 92
45912 # 1504
45912 - 92 1
45913 # 1504
45914 # 1504
45926 # 1504
45926 # 1504
45926 # 1504
45926 # 1504
45928 + 92
45929 # 1504
45929 - 92 1
45933 # 1504
45934 # 1504
45940 # 1504
45941 # 1504
45941 # 1504
45943 # 1504
45945 # 1504
45946 # 1504
45946 + 92
45949 # 1504
45949 - 92 3
45950 # 1504
45951 # 1504
45952 # 1504
45956 # 1504
45956 # 1504
45958 # 1504
45959 # 1504
45962 # 1504
45964 # 1504
45964 # 1504
45966 # 1504
45968 # 1504
45971 # 1504
45971 # 1504
45975 # 1504
45976 # 1504
45978 # 1504
45978 + 92
45979 # 1504
45979 - 92 1
45981 # 1504
45983 # 1504
45984 # 1504
45986 # 1504
45988 # 1504
45990 # 1504
45991 # 1504
45993 # 1504
45996 # 1504
45996 # 1504
45998 # 1504
46000 # 1504
46001 + 92
46004 # 1504
46004 - 92 3
46004 # 1504
46005 # 1504
46007 # 1504
46009 # 1504
46011 # 1504
46012 # 1504
46014 # 1504
46015 # 1504
46019 # 1504
46020 # 1504
46021 # 1504
46023 # 1504
46026 # 1504
46027 # 1504
46028 # 1504
46030 # 1504
46032 # 1504
46034 # 1504
46035 # 1504
46037 # 1504
46039 # 1504
46041 # 1504
46043 # 1504
46044 # 1504
46046 # 1504
46046 + 92
46047 # 1504
46047 - 92 1
46050 # 1504
46051 # 1504
46053 # 1504
46054 # 1504
46057 # 1504
46058 # 1504
46059 # 1504
46064 # 1504
46065 # 1504
46066 # 1504
46068 # 1504
46069 # 1504
46071 # 1504
46073 # 1504
46075 # 1504
46075 + 92
46076 # 1504
46076 - 92 1
46078 # 1504
46081 # 1504
46081 # 1504
46083 # 1504
46092 + 92
46093 # 1504
46093 - 92 1
46093 # 1504
46093 # 1504
46093 # 1504
46095 # 1504
46095 # 1504
46098 # 1504
46099 # 1504
46103 # 1504
46106 # 1504
46108 # 1504
46113 # 1504
46115 + 92
46116 # 1504
46116 - 92 1
46118 # 1504
46122 # 1504
46126 # 1504
46131 # 1504
46135 # 1504
46137 + 92
46138 # 1504
46138 - 92 1
46140 # 1504
46145 # 1504
46147 # 1504
46149 + 92
46151 # 1504
46151 - 92 2
46155 # 1504
46159 # 1504
46163 # 1504
46164 # 1504
46165 + 92
46167 # 1504
46167 - 92 2
46169 # 1504
46171 # 1504
46173 # 1504
46176 # 1504
46177 # 1504
46179 # 1504
46181 # 1504
46183 + 92
46184 # 1504
46184 - 92 1
46184 # 1504
46189 # 1504
46190 # 1504
46191 # 1504
46193 # 1504
46195 # 1504
46197 # 1504
46199 # 1504
46201 # 1504
46203 # 1504
46204 + 92
46205 # 1504
46205 - 92 1
46207 # 1504
46209 # 1504
46211 # 1504
46214 # 1504
46215 # 1504
46217 # 1504
46220 # 1504
46222 # 1504
46223 # 1504
46225 # 1504
46228 # 1504
46230 # 1504
46232 # 1504
46232 + 92
46234 # 1504
46234 - 92 2
46236 # 1504
46239 # 1504
46241 # 1504
46243 # 1504
46245 # 1504
46247 # 1504
46250 + 92
46251 # 1504
46251 - 92 1
46252 # 1504
46255 # 1504
46256 # 1504
46259 # 1504
46260 # 1504
46263 # 1504
46264 # 1504
46265 # 1504
46268 + 92
46269 # 1504
46269 - 92 1
46270 # 1504
46275 # 1504
46276 # 1504
46288 # 1504
46288 + 92
46295 # 1504
46295 - 92 7
46296 # 1504
46299 # 1504
46300 # 1504
46300 # 1504
46301 + 92
46306 # 1504
46306 - 92 5
46306 # 1504
46307 # 1504
46309 + 92
46315 # 1504
46315 - 92 6
46315 # 1504
46315 # 1504
46315 # 1504
46316 # 1504
46318 # 1504
46319 # 1504
46320 + 92
46325 # 1504
46325 - 92 5
46330 + 92
46331 # 1504
46331 - 92 1
46332 # 1504
46335 # 1504
46338 # 1504
46341 # 1504
46341 + 92
46343 # 1504
46343 - 92 2
46346 # 1504
46347 # 1504
46349 # 1504
46351 # 1504
46353 # 1504
46355 # 1504
46356 + 92
46357 # 1504
46357 - 92 1
46358 + 92
46359 # 1504
46359 - 92 1
46362 # 1504
46363 # 1504
46365 # 1504
46365 + 92
46367 # 1504
46367 - 92 2
46370 # 1504
46372 # 1504
46374 # 1504
46375 + 92
46376 # 1504
46376 - 92 1
46376 + 92
46378 # 1504
46378 - 92 2
46380 # 1504
46383 # 1504
46383 + 92
46386 # 1504
46386 - 92 3
46387 # 1504
46389 # 1504
46392 # 1504
46394 # 1504
46395 # 1504
46395 + 92
46397 # 1504
46397 - 92 2
46398 + 92
46400 # 1504
46400 - 92 2
46401 # 1504
46403 # 1504
46405 # 1504
46406 # 1504
46409 # 1504
46409 + 92
46410 # 1504
46410 - 92 1
46413 # 1504
46415 # 1504
46416 + 92
46417 # 1504
46417 - 92 1
46419 # 1504
46421 # 1504
46421 + 92
46425 # 1504
46425 - 92 4
46426 # 1504
46428 # 1504
46431 # 1504
46433 # 1504
46434 + 92
46436 # 1504
46436 - 92 2
46438 # 1504
46439 # 1504
46442 # 1504
46443 + 92
46445 # 1504
46445 - 92 2
46446 + 92
46449 # 1504
46449 - 92 3
46451 # 1504
46456 # 1504
46458 # 1504
46459 + 92
46460 # 1504
46460 - 92 1
46462 + 92
46464 # 1504
46464 - 92 2
46467 # 1504
46470 # 1504
46473 # 1504
46475 # 1504
46478 # 1504
46480 # 1504
46483 # 1504
46485 # 1504
46487 # 1504
46488 + 92
46489 # 1504
46489 - 92 1
46489 + 92
46491 # 1504
46491 - 92 2
46493 # 1504
46495 # 1504
46497 + 92
46498 # 1504
46498 - 92 1
46500 # 1504
46503 # 1504
46505 # 1504
46507 # 1504
46507 + 92
46509 # 1504
46509 - 92 2
46511 # 1504
46513 # 1504
46515 # 1504
46516 # 1504
46518 # 1504
46518 + 92
46520 # 1504
46520 - 92 2
46524 # 1504
46524 # 1504
46525 # 1504
46526 # 1504
46528 # 1504
46536 + 92
46538 # 1504
46538 - 92 2
46539 # 1504
46540 # 1504
46540 # 1504
46540 # 1504
46540 # 1504
46541 + 92
46542 # 1504
46542 - 92 1
46544 # 1504
46545 # 1504
46547 # 1504
46548 + 92
46549 # 1504
46549 - 92 1
46550 # 1504
46551 # 1504
46553 # 1504
46554 # 1504
46554 + 92
46561 + 92
46564 # 1504
46564 - 92 10
46564 - 92 3
46564 # 1504
46564 # 1504
46568 + 92
46569 # 1504
46569 - 92 1
46569 # 1504
46569 # 1504
46569 # 1504
46574 + 92
46579 # 1504
46579 - 92 5
46581 # 1504
46582 + 92
46583 # 1504
46583 - 92 1
46584 # 1504
46588 # 1504
46589 + 92
46595 + 92
46599 # 1504
46599 - 92 10
46599 - 92 4
46600 # 1504
46600 + 92
46603 # 1504
46603 - 92 3
46604 # 1504
46604 # 1504
46604 # 1504
46605 # 1504
46606 + 92
46608 # 1504
46608 - 92 2
46612 # 1504
46615 # 1504
46617 # 1504
46618 + 92
46619 + 92
46621 # 1504
46621 - 92 3
46621 - 92 2
46623 # 1504
46625 + 92
46626 # 1504
46626 - 92 1
46629 # 1504
46631 # 1504
46635 + 92
46636 # 1504
46636 - 92 1
46636 + 92
46638 # 1504
46638 - 92 2
46642 + 92
46643 # 1504
46643 - 92 1
46645 # 1504
46647 # 1504
46651 # 1504
46653 # 1504
46654 + 92
46655 # 1504
46655 - 92 1
46659 # 1504
46661 # 1504
46661 + 92
46664 # 1504
46664 - 92 3
46664 + 92
46667 # 1504
46667 - 92 3
46669 # 1504
46672 # 1504
46672 + 92
46676 # 1504
46676 - 92 4
46678 # 1504
46681 # 1504
46682 + 92
46684 # 1504
46684 - 92 2
46687 # 1504
46690 # 1504
46693 # 1504
46693 + 92
46695 + 92
46696 # 1504
46696 - 92 3
46696 - 92 1
46700 # 1504
46700 + 92
46702 # 1504
46702 - 92 2
46704 # 1504
46707 # 1504
46709 + 92
46710 # 1504
46710 - 92 1
46714 # 1504
46715 # 1504
46715 + 92
46718 # 1504
46718 - 92 3
46722 # 1504
46724 # 1504
46725 + 92
46726 # 1504
46726 - 92 1
46730 # 1504
46733 # 1504
46735 # 1504
46736 + 92
46738 # 1504
46738 - 92 2
46740 # 1504
46743 # 1504
46745 # 1504
46748 # 1504
46751 # 1504
46756 # 1504
46758 + 92
46758 + 92
46759 # 1504
46759 - 92 1
46759 - 92 1
46761 # 1504
46763 # 1504
46767 # 1504
46768 # 1504
46771 # 1504
46775 + 92
46776 # 1504
46776 - 92 1
46779 # 1504
46780 # 1504
46782 + 92
46783 # 1504
46783 - 92 1
46786 # 1504
46788 # 1504
46792 # 1504
46795 # 1504
46798 # 1504
46799 + 92
46801 # 1504
46801 - 92 2
46802 # 1504
46803 + 92
46804 # 1504
46804 - 92 1
46806 # 1504
46808 # 1504
46810 # 1504
46812 # 1504
46815 # 1504
46815 # 1504
46815 + 92
46818 # 1504
46818 - 92 3
46819 # 1504
46821 # 1504
46821 + 92
46824 # 1504
46824 - 92 3
46825 # 1504
46829 # 1504
46829 # 1504
46831 # 1504
46833 # 1504
46833 + 92
46835 # 1504
46835 - 92 2
46837 # 1504
46839 # 1504
46841 # 1504
46841 + 92
46843 # 1504
46843 - 92 2
46846 # 1504
46847 # 1504
46851 # 1504
46852 # 1504
46853 # 1504
46853 + 92
46855 # 1504
46855 - 92 2
46856 # 1504
46859 # 1504
46860 + 92
46861 # 1504
46861 - 92 1
46863 # 1504
46864 # 1504
46866 # 1504
46868 # 1504
46869 + 92
46870 # 1504
46870 - 92 1
46873 # 1504
46874 # 1504
46877 # 1504
46878 # 1504
46879 + 92
46880 # 1504
46880 - 92 1
46882 # 1504
46884 # 1504
46886 # 1504
46889 + 92
46890 # 1504
46890 - 92 1
46891 # 1504
46892 # 1504
46894 # 1504
46896 # 1504
46898 # 1504
46898 + 92
46901 # 1504
46901 - 92 3
46902 # 1504
46904 # 1504
46906 # 1504
46907 # 1504
46908 + 92
46909 # 1504
46909 - 92 1
46911 # 1504
46913 # 1504
46914 # 1504
46915 + 92
46917 # 1504
46917 - 92 2
46918 # 1504
46919 # 1504
46921 # 1504
46923 # 1504
46923 + 92
46924 # 1504
46924 - 92 1
46926 # 1504
46928 # 1504
46930 # 1504
46931 # 1504
46933 + 92
46934 # 1504
46934 - 92 1
46937 # 1504
46937 # 1504
46937 + 92
46939 # 1504
46939 - 92 2
46941 # 1504
46943 # 1504
46943 + 92
46944 # 1504
46944 - 92 1
46954 # 1504
46957 # 1504
46957 # 1504
46957 # 1504
46957 # 1504
46957 + 92
46957 + 92
46958 # 1504
46958 - 92 1
46958 - 92 1
46959 # 1504
46961 # 1504
46963 # 1504
46965 # 1504
46966 # 1504
46968 # 1504
46970 # 1504
46972 # 1504
46973 # 1504
46975 # 1504
46977 # 1504
46979 # 1504
46980 # 1504
46982 # 1504
46982 + 92
46983 # 1504
46983 - 92 1
46984 + 92
46986 # 1504
46986 - 92 2
46986 # 1504
46988 + 92
46989 # 1504
46989 - 92 1
46991 # 1504
46993 # 1504
46994 # 1504
46996 # 1504
46997 # 1504
46997 + 92
46999 # 1504
46999 - 92 2
47000 # 1504
47002 # 1504
47003 # 1504
47005 # 1504
47005 + 92
47006 # 1504
47006 - 92 1
47009 # 1504
47010 # 1504
47011 # 1504
47012 # 1504
47014 # 1504
47015 # 1504
47017 # 1504
47017 + 92
47018 # 1504
47018 - 92 1
47020 # 1504
47021 # 1504
47024 # 1504
47026 # 1504
47027 # 1504
47029 # 1504
47030 # 1504
47031 # 1504
47033 # 1504
47034 # 1504
47034 + 92
47036 # 1504
47036 - 92 2
47040 + 92
47045 # 1504
47045 - 92 5
47045 # 1504
47048 + 92
47049 # 1504
47049 - 92 1
47049 # 1504
47053 # 1504
47054 # 1504
47054 # 1504
47057 + 92
47059 # 1504
47059 - 92 2
47059 # 1504
47059 # 1504
47059 # 1504
47059 # 1504
47063 # 1504
47063 + 92
47065 # 1504
47065 - 92 2
47067 # 1504
47068 # 1504
47070 # 1504
47072 # 1504
47074 # 1504
47075 # 1504
47078 # 1504
47080 # 1504
47080 + 92
47081 # 1504
47081 - 92 1
47083 # 1504
47084 # 1504
47087 # 1504
47089 + 92
47092 + 92
47095 # 1504
47095 - 92 6
47095 - 92 3
47095 # 1504
47095 + 92
47098 # 1504
47098 - 92 3
47101 + 92
47103 # 1504
47103 - 92 2
47103 # 1504
47103 # 1504
47103 # 1504
47111 # 1504
47111 # 1504
47114 + 92
47117 # 1504
47117 - 92 3
47117 # 1504
47119 # 1504
47123 # 1504
47123 # 1504
47123 # 1504
47124 + 92
47130 # 1504
47130 - 92 6
47130 # 1504
47131 # 1504
47131 # 1504
47131 # 1504
47132 # 1504
47134 # 1504
47136 # 1504
47136 + 92
47137 # 1504
47137 - 92 1
47139 # 1504
47142 # 1504
47144 # 1504
47146 + 92
47148 # 1504
47148 - 92 2
47151 # 1504
47154 # 1504
47155 + 92
47158 # 1504
47158 - 92 3
47161 # 1504
47162 # 1504
47165 # 1504
47168 # 1504
47172 # 1504
47175 # 1504
47176 + 92
47176 + 92
47176 + 92
47177 # 1504
47177 - 92 1
47177 - 92 1
47177 - 92 1
47181 # 1504
47183 # 1504
47185 # 1504
47190 # 1504
47193 # 1504
47196 # 1504
47200 # 1504
47201 # 1504
47203 + 92
47203 + 92
47204 # 1504
47204 - 92 1
47204 - 92 1
47207 # 1504
47210 # 1504
47213 # 1504
47214 + 92
47215 # 1504
47215 - 92 1
47218 # 1504
47219 + 92
47222 # 1504
47222 - 92 3
47223 # 1504
47226 # 1504
47226 + 92
47228 # 1504
47228 - 92 2
47229 # 1504
47232 # 1504
47237 # 1504
47239 + 92
47243 + 92
47246 # 1504
47246 - 92 7
47246 - 92 3
47248 # 1504
47248 # 1504
47249 # 1504
47254 # 1504
47254 + 92
47255 # 1504
47255 - 92 1
47258 # 1504
47258 + 92
47262 # 1504
47262 - 92 4
47264 # 1504
47267 # 1504
47269 # 1504
47272 # 1504
47276 # 1504
47277 # 1504
47280 + 92
47281 # 1504
47281 - 92 1
47282 + 92
47285 # 1504
47285 - 92 3
47286 # 1504
47288 + 92
47290 # 1504
47290 - 92 2
47294 + 92
47298 # 1504
47298 - 92 4
47301 # 1504
47302 # 1504
47303 # 1504
47303 + 92
47306 # 1504
47306 - 92 3
47306 # 1504
47309 # 1504
47309 # 1504
47311 # 1504
47312 # 1504
47314 # 1504
47315 # 1504
47317 # 1504
47317 + 92
47317 + 92
47326 # 1504
47326 - 92 9
47326 - 92 9
47326 # 1504
47326 # 1504
47326 # 1504
47328 # 1504
47329 # 1504
47331 # 1504
47332 # 1504
47334 # 1504
47334 + 92
47335 # 1504
47335 - 92 1
47338 # 1504
47338 + 92
47346 + 92
47347 # 1504
47347 - 92 9
47347 - 92 1
47347 # 1504
47347 # 1504
47347 # 1504
47347 # 1504
47352 + 92
47355 # 1504
47355 - 92 3
47355 # 1504
47355 # 1504
47356 # 1504
47356 # 1504
47357 # 1504
47362 + 92
47367 # 1504
47367 - 92 5
47367 # 1504
47370 # 1504
47370 # 1504
47370 + 92
47373 # 1504
47373 - 92 3
47373 # 1504
47375 # 1504
47377 # 1504
47377 + 92
47380 # 1504
47380 - 92 3
47384 + 92
47386 # 1504
47386 - 92 2
47388 # 1504
47388 # 1504
47388 # 1504
47395 + 92
47398 # 1504
47398 - 92 3
47400 # 1504
47400 # 1504
47400 # 1504
47400 # 1504
47400 # 1504
47402 # 1504
47404 # 1504
47404 + 92
47406 # 1504
47406 - 92 2
47409 # 1504
47410 # 1504
47410 + 92
47411 # 1504
47411 - 92 1
47413 # 1504
47415 # 1504
47417 # 1504
47417 + 92
47424 + 92
47427 # 1504
47427 - 92 10
47427 - 92 3
47427 # 1504
47427 # 1504
47427 # 1504
47427 # 1504
47428 # 1504
47436 + 92
47438 # 1504
47438 - 92 2
47438 + 92
47444 # 1504
47444 - 92 6
47444 # 1504
47444 # 1504
47444 # 1504
47444 # 1504
47444 # 1504
47444 + 92
47445 # 1504
47445 - 92 1
47456 # 1504
47456 + 92
47459 # 1504
47459 - 92 3
47463 + 92
47466 + 92
47476 # 1504
47476 - 92 13
47476 - 92 10
47476 # 1504
47476 # 1504
47476 # 1504
47476 # 1504
47476 # 1504
47476 # 1504
47476 # 1504
47477 # 1504
47478 # 1504
47481 # 1504
47481 # 1504
47482 + 92
47483 # 1504
47483 - 92 1
47483 + 92
47485 # 1504
47485 - 92 2
47487 # 1504
47488 # 1504
47490 # 1504
47492 # 1504
47492 + 92
47493 # 1504
47493 - 92 1
47495 # 1504
47497 # 1504
47499 # 1504
47500 + 92
47501 # 1504
47501 - 92 1
47502 # 1504
47504 # 1504
47505 # 1504
47507 + 92
47509 # 1504
47509 - 92 2
47511 # 1504
47512 # 1504
47513 # 1504
47514 # 1504
47516 # 1504
47518 # 1504
47519 # 1504
47522 # 1504
47524 + 92
47525 # 1504
47525 - 92 1
47528 # 1504
47531 # 1504
47534 # 1504
47536 # 1504
47536 + 92
47539 # 1504
47539 - 92 3
47540 + 92
47546 + 92
47550 # 1504
47550 - 92 10
47550 - 92 4
47550 # 1504
47550 # 1504
47552 + 92
47555 # 1504
47555 - 92 3
47557 + 92
47567 + 92
47571 # 1504
47571 - 92 14
47571 - 92 4
47571 # 1504
47573 # 1504
47575 # 1504
47575 + 92
47576 # 1504
47576 - 92 1
47579 # 1504
47581 # 1504
47582 # 1504
47584 # 1504
47584 + 92
47585 # 1504
47585 - 92 1
47587 # 1504
47589 # 1504
47590 # 1504
47592 # 1504
47593 + 92
47595 # 1504
47595 - 92 2
47597 # 1504
47599 # 1504
47599 # 1504
47600 + 92
47601 # 1504
47601 - 92 1
47603 # 1504
47605 # 1504
47605 # 1504
47606 + 92
47607 # 1504
47607 - 92 1
47608 # 1504
47610 # 1504
47611 # 1504
47613 # 1504
47614 # 1504
47616 # 1504
47619 # 1504
47619 # 1504
47620 # 1504
47627 + 92
47627 + 92
47627 + 92
47629 # 1504
47629 - 92 2
47629 - 92 2
47629 - 92 2
47634 + 92
47636 # 1504
47636 - 92 2
47640 # 1504
47640 # 1504
47640 # 1504
47641 + 92
47645 # 1504
47645 - 92 4
47645 # 1504
47646 # 1504
47648 # 1504
47648 + 92
47650 # 1504
47650 - 92 2
47652 # 1504
47653 # 1504
47655 + 92
47656 # 1504
47656 - 92 1
47657 # 1504
47659 # 1504
47660 # 1504
47663 # 1504
47663 + 92
47665 # 1504
47665 - 92 2
47666 # 1504
47668 # 1504
47671 # 1504
47671 # 1504
47673 # 1504
47675 # 1504
47677 # 1504
47678 # 1504
47680 + 92
47682 # 1504
47682 - 92 2
47689 + 92
47692 # 1504
47692 - 92 3
47692 # 1504
47693 # 1504
47693 # 1504
47699 # 1504
47699 # 1504
47703 # 1504
47703 # 1504
47703 # 1504
47703 # 1504
47704 + 92
47713 + 92
47714 # 1504
47714 - 92 10
47714 - 92 1
47715 # 1504
47715 # 1504
47715 # 1504
47715 # 1504
47718 # 1504
47720 # 1504
47723 # 1504
47726 # 1504
47729 # 1504
47730 + 92
47731 # 1504
47731 - 92 1
47736 # 1504
47738 # 1504
47740 # 1504
47744 # 1504
47746 # 1504
47749 # 1504
47751 # 1504
47754 # 1504
47755 + 92
47757 # 1504
47757 - 92 2
47761 # 1504
47763 # 1504
47765 # 1504
47769 # 1504
47771 # 1504
47773 # 1504
47776 # 1504
47779 # 1504
47781 # 1504
47784 # 1504
47784 # 1504
47787 # 1504
47787 + 92
47788 # 1504
47788 - 92 1
47789 # 1504
47791 # 1504
47793 # 1504
47795 # 1504
47797 # 1504
47799 # 1504
47800 # 1504
47800 + 92
47802 # 1504
47802 - 92 2
47803 # 1504
47806 # 1504
47808 # 1504
47809 # 1504
47810 # 1504
47812 # 1504
47813 + 92
47815 # 1504
47815 - 92 2
47816 # 1504
47817 # 1504
47819 # 1504
47821 # 1504
47822 # 1504
47824 # 1504
47824 + 92
47826 # 1504
47826 - 92 2
47827 + 92
47828 # 1504
47828 - 92 1
47829 # 1504
47831 # 1504
47833 # 1504
47834 # 1504
47835 + 92
47836 # 1504
47836 - 92 1
47839 # 1504
47840 # 1504
47841 # 1504
47841 + 92
47843 # 1504
47843 - 92 2
47845 # 1504
47852 + 92
47855 # 1504
47855 - 92 3
47855 # 1504
47858 # 1504
47859 # 1504
47861 # 1504
47861 + 92
47863 # 1504
47863 - 92 2
47864 # 1504
47867 # 1504
47870 # 1504
47870 # 1504
47872 # 1504
47874 + 92
47875 # 1504
47875 - 92 1
47876 # 1504
47881 # 1504
47881 # 1504
47881 # 1504
47883 # 1504
47883 + 92
47885 # 1504
47885 - 92 2
47887 # 1504
47889 # 1504
47890 # 1504
47892 + 92
47894 # 1504
47894 - 92 2
47895 # 1504
47896 # 1504
47898 # 1504
47900 # 1504
47901 # 1504
47903 # 1504
47905 # 1504
47907 # 1504
47909 # 1504
47909 + 92
47910 # 1504
47910 - 92 1
47911 + 92
47912 # 1504
47912 - 92 1
47914 # 1504
47915 # 1504
47918 # 1504
47918 + 92
47919 # 1504
47919 - 92 1
47920 # 1504
47922 # 1504
47924 # 1504
47925 # 1504
47926 # 1504
47927 + 92
47928 # 1504
47928 - 92 1
47929 # 1504
47932 # 1504
47933 # 1504
47934 # 1504
47935 # 1504
47937 # 1504
47938 + 92
47939 # 1504
47939 - 92 1
47940 # 1504
47943 # 1504
47944 # 1504
47947 + 92
47954 # 1504
47954 - 92 7
47956 + 92
47958 # 1504
47958 - 92 2
47960 # 1504
47960 # 1504
47964 + 92
47965 # 1504
47965 - 92 1
47965 # 1504
47971 # 1504
47971 # 1504
47971 # 1504
47971 # 1504
47973 # 1504
47973 + 92
47975 # 1504
47975 - 92 2
47976 # 1504
47978 # 1504
47980 + 92
47981 # 1504
47981 - 92 1
47982 # 1504
47984 # 1504
47985 # 1504
47987 # 1504
47989 # 1504
47991 # 1504
47992 # 1504
47994 # 1504
47994 + 92
47996 + 92
47997 # 1504
47997 - 92 3
47997 - 92 1
48000 # 1504
48001 # 1504
48003 # 1504
48004 # 1504
48006 # 1504
48007 # 1504
48007 + 92
48010 # 1504
48010 - 92 3
48010 # 1504
48012 # 1504
48013 # 1504
48015 # 1504
48017 # 1504
48018 # 1504
48019 # 1504
48021 + 92
48022 # 1504
48022 - 92 1
48023 # 1504
48026 # 1504
48026 # 1504
48028 # 1504
48029 # 1504
48031 # 1504
48031 + 92
48033 # 1504
48033 - 92 2
48035 # 1504
48036 # 1504
48038 # 1504
48039 # 1504
48040 + 92
48041 # 1504
48041 - 92 1
48042 # 1504
48042 + 92
48044 # 1504
48044 - 92 2
48044 + 92
48045 # 1504
48045 - 92 1
48049 # 1504
48050 # 1504
48051 # 1504
48052 + 92
48053 # 1504
48053 - 92 1
48057 + 92
48064 # 1504
48064 - 92 7
48064 # 1504
48064 # 1504
48064 # 1504
48064 # 1504
48066 # 1504
48066 # 1504
48068 # 1504
48068 + 92
48070 # 1504
48070 - 92 2
48072 # 1504
48074 # 1504
48075 # 1504
48076 # 1504
48077 + 92
48077 + 92
48083 + 92
48087 # 1504
48087 - 92 10
48087 - 92 10
48087 - 92 4
48087 # 1504
48088 # 1504
48089 # 1504
48089 # 1504
48089 # 1504
48089 # 1504
48095 + 92
48095 + 92
48097 # 1504
48097 - 92 2
48097 - 92 2
48098 # 1504
48099 # 1504
48100 # 1504
48101 # 1504
48101 # 1504
48101 # 1504
48104 # 1504
48105 # 1504
48105 + 92
48106 # 1504
48106 - 92 1
48108 # 1504
48109 + 92
48110 # 1504
48110 - 92 1
48112 # 1504
48113 # 1504
48115 # 1504
48115 + 92
48117 # 1504
48117 - 92 2
48117 + 92
48118 # 1504
48118 - 92 1
48121 # 1504
48121 # 1504
48123 # 1504
48124 + 92
48125 # 1504
48125 - 92 1
48128 # 1504
48128 # 1504
48129 # 1504
48131 # 1504
48132 # 1504
48134 # 1504
48135 # 1504
48137 # 1504
48138 # 1504
48138 + 92
48139 + 92
48140 # 1504
48140 - 92 2
48140 - 92 1
48140 + 92
48142 # 1504
48142 - 92 2
48143 # 1504
48144 # 1504
48145 + 92
48146 # 1504
48146 - 92 1
48156 + 92
48157 # 1504
48157 - 92 1
48157 # 1504
48157 # 1504
48157 # 1504
48157 # 1504
48157 # 1504
48158 + 92
48160 # 1504
48160 - 92 2
48161 # 1504
48163 # 1504
48164 # 1504
48167 # 1504
48168 # 1504
48172 # 1504
48174 # 1504
48175 # 1504
48177 # 1504
48177 + 92
48177 + 92
48177 + 92
48179 # 1504
48179 - 92 2
48179 - 92 2
48179 - 92 2
48181 # 1504
48181 # 1504
48183 # 1504
48184 # 1504
48185 # 1504
48186 # 1504
48190 + 92
48195 # 1504
48195 - 92 5
48197 # 1504
48197 # 1504
48197 # 1504
48197 # 1504
48197 # 1504
48199 + 92
48202 + 92
48204 + 92
48206 # 1504
48206 - 92 7
48206 - 92 4
48206 - 92 2
48206 # 1504
48206 # 1504
48206 # 1504
48207 # 1504
48209 # 1504
48211 # 1504
48213 # 1504
48215 # 1504
48216 + 92
48216 + 92
48217 # 1504
48217 - 92 1
48217 - 92 1
48218 # 1504
48218 + 92
48220 # 1504
48220 - 92 2
48222 # 1504
48223 + 92
48224 # 1504
48224 - 92 1
48225 # 1504
48234 # 1504
48234 # 1504
48234 # 1504
48235 # 1504
48235 # 1504
48236 + 92
48237 # 1504
48237 - 92 1
48238 # 1504
48238 + 92
48240 # 1504
48240 - 92 2
48242 # 1504
48245 # 1504
48246 # 1504
48247 # 1504
48249 # 1504
48250 # 1504
48251 + 92
48251 + 92
48252 # 1504
48252 - 92 1
48252 - 92 1
48253 # 1504
48255 # 1504
48256 + 92
48264 # 1504
48264 - 92 8
48264 # 1504
48264 # 1504
48264 # 1504
48265 # 1504
48265 + 92
48273 # 1504
48273 - 92 8
48273 # 1504
48273 # 1504
48273 # 1504
48274 # 1504
48275 # 1504
48276 # 1504
48277 + 92
48278 # 1504
48278 - 92 1
48280 # 1504
48281 # 1504
48282 + 92
48283 # 1504
48283 - 92 1
48284 # 1504
48285 # 1504
48287 # 1504
48289 # 1504
48290 # 1504
48292 # 1504
48293 # 1504
48294 # 1504
48296 + 92
48296 + 92
48303 + 92
48304 # 1504
48304 - 92 8
48304 - 92 8
48304 - 92 1
48307 # 1504
48308 # 1504
48309 # 1504
48309 # 1504
48314 # 1504
48315 # 1504
48316 + 92
48316 + 92
48318 # 1504
48318 - 92 2
48318 - 92 2
48318 # 1504
48318 # 1504
48318 # 1504
48319 # 1504
48320 # 1504
48323 + 92
48324 # 1504
48324 - 92 1
48325 # 1504
48326 # 1504
48327 + 92
48327 + 92
48328 # 1504
48328 - 92 1
48328 - 92 1
48337 + 92
48339 # 1504
48339 - 92 2
48339 # 1504
48339 # 1504
48343 # 1504
48343 # 1504
48343 # 1504
48344 # 1504
48344 # 1504
48349 + 92
48349 + 92
48354 # 1504
48354 - 92 5
48354 - 92 5
48355 + 92
48361 + 92
48364 # 1504
48364 - 92 9
48364 - 92 3
48364 # 1504
48364 # 1504
48364 # 1504
48364 # 1504
48364 # 1504
48365 # 1504
48365 # 1504
48365 # 1504
48365 + 92
48366 # 1504
48366 - 92 1
48367 # 1504
48371 # 1504
48371 # 1504
48374 + 92
48376 + 92
48379 + 92
48385 # 1504
48385 - 92 11
48385 - 92 9
48385 - 92 6
48385 # 1504
48388 # 1504
48389 # 1504
48389 + 92
48392 # 1504
48392 - 92 3
48394 # 1504
48394 + 92
48396 # 1504
48396 - 92 2
48397 # 1504
48400 + 92
48406 + 92
48409 # 1504
48409 - 92 9
48409 - 92 3
48409 # 1504
48409 # 1504
48410 + 92
48414 # 1504
48414 - 92 4
48415 + 92
48417 # 1504
48417 - 92 2
48419 # 1504
48422 # 1504
48426 # 1504
48426 + 92
48428 + 92
48432 # 1504
48432 - 92 6
48432 - 92 4
48435 # 1504
48437 # 1504
48439 + 92
48439 + 92
48441 # 1504
48441 - 92 2
48441 - 92 2
48442 # 1504
48443 # 1504
48445 # 1504
48447 + 92
48453 + 92
48456 # 1504
48456 - 92 9
48456 - 92 3
48456 # 1504
48456 # 1504
48456 # 1504
48457 # 1504
48459 # 1504
48460 # 1504
48462 # 1504
48463 + 92
48466 # 1504
48466 - 92 3
48467 # 1504
48467 + 92
48468 # 1504
48468 - 92 1
48471 # 1504
48473 # 1504
48475 # 1504
48476 # 1504
48477 + 92
48480 + 92
48488 + 92
48489 # 1504
48489 - 92 12
48489 - 92 9
48489 - 92 1
48489 # 1504
48489 # 1504
48494 + 92
48496 # 1504
48496 - 92 2
48497 + 92
48499 + 92
48501 # 1504
48501 - 92 4
48501 - 92 2
48501 # 1504
48502 # 1504
48504 # 1504
48507 # 1504
48510 # 1504
48512 + 92
48513 # 1504
48513 - 92 1
48513 + 92
48517 # 1504
48517 - 92 4
48526 # 1504
48526 # 1504
48527 # 1504
48531 # 1504
48535 # 1504
48537 # 1504
48540 + 92
48540 + 92
48541 # 1504
48541 - 92 1
48541 - 92 1
48544 # 1504
48547 # 1504
48550 # 1504
48554 # 1504
48557 # 1504
48561 # 1504
48565 # 1504
48566 # 1504
48572 # 1504
48574 # 1504
48576 # 1504
48579 # 1504
48583 # 1504
48586 # 1504
48588 # 1504
48592 # 1504
48593 + 92
48597 # 1504
48597 - 92 4
48598 # 1504
48603 # 1504
48604 # 1504
48606 + 92
48607 + 92
48608 # 1504
48608 - 92 2
48608 - 92 1
48611 # 1504
48615 # 1504
48619 # 1504
48621 # 1504
48625 # 1504
48628 # 1504
48631 # 1504
48636 # 1504
48638 # 1504
48642 # 1504
48643 # 1504
48646 # 1504
48647 # 1504
48647 + 92
48647 + 92
48647 + 92
48647 + 92
48647 + 92
48647 + 92
48647 + 92
48647 + 92
48647 + 92
48647 + 92
48649 # 1504
48649 - 92 2
48649 - 92 2
48649 - 92 2
48649 - 92 2
48649 - 92 2
48649 - 92 2
48649 - 92 2
48649 - 92 2
48649 - 92 2
48649 - 92 2
48651 # 1504
48653 # 1504
48655 # 1504
48658 # 1504
48658 + 92
48659 # 1504
48659 - 92 1
48661 # 1504
48663 # 1504
48665 # 1504
48667 # 1504
48667 + 92
48668 # 1504
48668 - 92 1
48670 # 1504
48670 + 92
48673 # 1504
48673 - 92 3
48674 # 1504
48675 # 1504
48676 + 92
48678 # 1504
48678 - 92 2
48683 # 1504
48683 # 1504
48685 # 1504
48686 # 1504
48690 + 92
48695 # 1504
48695 - 92 5
48696 # 1504
48696 + 92
48696 + 92
48697 # 1504
48697 - 92 1
48697 - 92 1
48697 # 1504
48699 # 1504
48700 # 1504
48701 # 1504
48703 # 1504
48704 # 1504
48714 # 1504
48714 # 1504
48718 # 1504
48718 # 1504
48718 # 1504
48724 # 1504
48724 # 1504
48724 # 1504
48731 # 1504
48736 # 1504
48740 # 1504
48740 # 1504
48740 # 1504
48742 # 1504
48745 # 1504
48748 # 1504
48751 # 1504
48755 + 92
48755 + 92
48755 + 92
48755 + 92
48755 + 92
48755 + 92
48755 + 92
48756 # 1504
48756 - 92 1
48756 - 92 1
48756 - 92 1
48756 - 92 1
48756 - 92 1
48756 - 92 1
48756 - 92 1
48756 + 92
48757 + 92
48759 # 1504
48759 - 92 3
48759 - 92 2
48761 # 1504
48763 # 1504
48765 # 1504
48767 + 92
48768 # 1504
48768 - 92 1
48770 # 1504
48770 # 1504
48772 # 1504
48774 # 1504
48775 # 1504
48776 + 92
48777 # 1504
48777 - 92 1
48779 # 1504
48781 # 1504
48783 # 1504
48784 + 92
48784 + 92
48785 # 1504
48785 - 92 1
48785 - 92 1
48786 # 1504
48788 # 1504
48790 # 1504
48793 # 1504
48795 # 1504
48796 + 92
48796 + 92
48796 + 92
48797 # 1504
48797 - 92 1
48797 - 92 1
48797 - 92 1
48799 # 1504
48801 # 1504
48801 + 92
48803 # 1504
48803 - 92 2
48804 # 1504
48806 # 1504
48807 # 1504
48809 # 1504
48814 + 92
48817 + 92
48817 + 92
48818 # 1504
48818 - 92 4
48818 - 92 1
48818 - 92 1
48818 # 1504
48818 # 1504
48818 # 1504
48818 # 1504
48821 + 92
48827 + 92
48829 # 1504
48829 - 92 8
48829 - 92 2
48829 # 1504
48829 # 1504
48829 # 1504
48829 # 1504
48831 # 1504
48835 + 92
48840 # 1504
48840 - 92 5
48841 # 1504
48843 # 1504
48843 # 1504
48843 # 1504
48844 + 92
48848 # 1504
48848 - 92 4
48853 # 1504
48855 # 1504
48856 # 1504
48856 + 92
48856 + 92
48858 # 1504
48858 - 92 2
48858 - 92 2
48859 # 1504
48866 # 1504
48866 # 1504
48866 # 1504
48866 + 92
48866 + 92
48869 # 1504
48869 - 92 3
48869 - 92 3
48869 # 1504
48871 # 1504
48873 # 1504
48876 + 92
48877 # 1504
48877 - 92 1
48877 + 92
48884 + 92
48884 + 92
48886 # 1504
48886 - 92 9
48886 - 92 2
48886 - 92 2
48888 # 1504
48888 # 1504
48888 # 1504
48893 # 1504
48895 # 1504
48895 + 92
48895 + 92
48898 # 1504
48898 - 92 3
48898 - 92 3
48901 # 1504
48901 + 92
48904 # 1504
48904 - 92 3
48908 # 1504
48911 # 1504
48912 # 1504
48912 + 92
48915 # 1504
48915 - 92 3
48918 # 1504
48918 + 92
48920 # 1504
48920 - 92 2
48922 # 1504
48924 # 1504
48924 + 92
48926 # 1504
48926 - 92 2
48927 # 1504
48928 + 92
48929 # 1504
48929 - 92 1
48932 # 1504
48932 # 1504
48934 # 1504
48934 + 92
48936 # 1504
48936 - 92 2
48939 # 1504
48940 # 1504
48941 # 1504
48943 # 1504
48943 + 92
48943 + 92
48944 # 1504
48944 - 92 1
48944 - 92 1
48947 # 1504
48948 # 1504
48950 # 1504
48954 + 92
48957 + 92
48961 # 1504
48961 - 92 7
48961 - 92 4
48961 # 1504
48961 # 1504
48961 # 1504
48965 # 1504
48965 + 92
48967 # 1504
48967 - 92 2
48969 + 92
48971 # 1504
48971 - 92 2
48973 # 1504
48976 # 1504
48978 # 1504
48980 + 92
48982 # 1504
48982 - 92 2
48983 # 1504
48985 # 1504
48987 # 1504
48988 + 92
48989 # 1504
48989 - 92 1
48990 # 1504
48993 # 1504
48995 # 1504
48996 # 1504
48996 + 92
48997 + 92
48999 # 1504
48999 - 92 3
48999 - 92 2
48999 + 92
49002 # 1504
49002 - 92 3
49003 # 1504
49005 # 1504
49007 # 1504
49010 # 1504
49010 # 1504
49011 + 92
49013 # 1504
49013 - 92 2
49014 + 92
49015 # 1504
49015 - 92 1
49017 # 1504
49018 # 1504
49020 # 1504
49023 # 1504
49025 # 1504
49025 + 92
49026 # 1504
49026 - 92 1
49028 # 1504
49032 # 1504
49034 # 1504
49035 # 1504
49035 + 92
49037 # 1504
49037 - 92 2
49039 # 1504
49042 # 1504
49044 + 92
49044 + 92
49053 # 1504
49053 - 92 9
49053 - 92 9
49054 # 1504
49054 + 92
49057 + 92
49059 # 1504
49059 - 92 5
49059 - 92 2
49059 # 1504
49059 + 92
49064 + 92
49071 # 1504
49071 - 92 12
49071 - 92 7
49071 # 1504
49072 # 1504
49075 # 1504
49075 # 1504
49075 # 1504
49075 # 1504
49075 + 92
49075 + 92
49076 # 1504
49076 - 92 1
49076 - 92 1
49077 # 1504
49079 # 1504
49081 # 1504
49081 + 92
49082 # 1504
49082 - 92 1
49084 # 1504
49086 # 1504
49089 # 1504
49089 # 1504
49093 # 1504
49094 + 92
49095 # 1504
49095 - 92 1
49096 # 1504
49096 + 92
49098 # 1504
49098 - 92 2
49110 # 1504
49110 # 1504
49110 # 1504
49110 # 1504
49110 # 1504
49112 # 1504
49113 # 1504
49115 # 1504
49117 # 1504
49120 # 1504
49120 # 1504
49122 # 1504
49124 # 1504
49126 # 1504
49127 # 1504
49129 # 1504
49131 # 1504
49133 # 1504
49136 # 1504
49137 # 1504
49139 # 1504
49142 # 1504
49143 # 1504
49144 # 1504
49146 # 1504
49147 # 1504
49150 # 1504
49151 # 1504
49152 # 1504
49153 # 1504
49155 # 1504
49156 # 1504
49158 + 92
49159 # 1504
49159 - 92 1
49159 # 1504
49161 # 1504
49162 # 1504
49164 # 1504
49165 # 1504
49165 + 92
49165 + 92
49165 + 92
49165 + 92
49165 + 92
49165 + 92
49166 + 92
49166 + 92
49166 + 92
49167 # 1504
49167 - 92 2
49167 - 92 2
49167 - 92 2
49167 - 92 2
49167 - 92 2
49167 - 92 2
49167 - 92 1
49167 - 92 1
49167 - 92 1
49168 # 1504
49175 + 92
49178 # 1504
49178 - 92 3
49178 # 1504
49178 + 92
49178 + 92
49181 # 1504
49181 - 92 3
49181 - 92 3
49181 # 1504
49181 # 1504
49183 + 92
49189 # 1504
49189 - 92 6
49189 # 1504
49189 # 1504
49189 # 1504
49189 # 1504
49191 # 1504
49192 # 1504
49197 + 92
49197 + 92
49214 # 1504
49214 - 92 17
49214 - 92 17
49214 # 1504
49214 # 1504
49214 # 1504
49214 + 92
49218 + 92
49224 # 1504
49224 - 92 10
49224 - 92 6
49224 # 1504
49224 # 1504
49224 # 1504
49225 # 1504
49225 # 1504
49225 # 1504
49225 # 1504
49228 # 1504
49230 + 92
49231 # 1504
49231 - 92 1
49233 # 1504
49233 + 92
49236 # 1504
49236 - 92 3
49240 # 1504
49241 # 1504
49244 + 92
49245 # 1504
49245 - 92 1
49248 # 1504
49248 + 92
49251 # 1504
49251 - 92 3
49253 # 1504
49255 # 1504
49258 # 1504
49259 + 92
49261 # 1504
49261 - 92 2
49263 # 1504
49267 # 1504
49268 + 92
49269 # 1504
49269 - 92 1
49272 # 1504
49274 # 1504
49280 + 92
49284 # 1504
49284 - 92 4
49284 # 1504
49284 # 1504
49285 + 92
49287 + 92
49294 # 1504
49294 - 92 9
49294 - 92 7
49294 # 1504
49294 # 1504
49294 # 1504
49294 # 1504
49295 # 1504
49297 # 1504
49298 + 92
49303 + 92
49306 # 1504
49306 - 92 8
49306 - 92 3
49306 # 1504
49306 # 1504
49306 # 1504
49308 # 1504
49308 # 1504
49310 # 1504
49315 + 92
49317 + 92
49320 # 1504
49320 - 92 5
49320 - 92 3
49320 # 1504
49325 # 1504
49325 # 1504
49326 # 1504
49327 + 92
49327 + 92
49328 # 1504
49328 - 92 1
49328 - 92 1
49331 # 1504
49337 + 92
49347 # 1504
49347 - 92 10
49347 # 1504
49347 # 1504
49347 # 1504
49347 # 1504
49347 # 1504
49347 # 1504
49347 + 92
49348 # 1504
49348 - 92 1
49350 # 1504
49351 # 1504
49354 + 92
49357 + 92
49359 + 92
49364 # 1504
49364 - 92 10
49364 - 92 7
49364 - 92 5
49364 # 1504
49364 # 1504
49364 # 1504
49365 # 1504
49365 # 1504
49366 # 1504
49367 # 1504
49368 + 92
49369 # 1504
49369 - 92 1
49373 + 92
49377 + 92
49377 + 92
49378 # 1504
49378 - 92 5
49378 - 92 1
49378 - 92 1
49378 # 1504
49378 # 1504
49379 # 1504
49379 # 1504
49379 # 1504
49379 + 92
49389 # 1504
49389 - 92 10
49389 # 1504
49389 # 1504
49389 # 1504
49390 # 1504
49390 + 92
49393 + 92
49400 # 1504
49400 - 92 10
49400 - 92 7
49400 # 1504
49400 # 1504
49400 # 1504
49402 # 1504
49403 # 1504
49405 # 1504
49405 + 92
49407 # 1504
49407 - 92 2
49408 + 92
49410 # 1504
49410 - 92 2
49411 # 1504
49412 + 92
49416 # 1504
49416 - 92 4
49418 # 1504
49420 # 1504
49421 # 1504
49422 + 92
49425 # 1504
49425 - 92 3
49426 # 1504
49428 # 1504
49429 # 1504
49430 + 92
49431 # 1504
49431 - 92 1
49432 + 92
49433 # 1504
49433 - 92 1
49434 # 1504
49436 # 1504
49436 + 92
49439 # 1504
49439 - 92 3
49440 # 1504
49446 + 92
49449 # 1504
49449 - 92 3
49449 # 1504
49449 # 1504
49450 # 1504
49450 # 1504
49451 + 92
49457 + 92
49459 # 1504
49459 - 92 8
49459 - 92 2
49459 # 1504
49459 # 1504
49459 # 1504
49459 # 1504
49459 # 1504
49461 # 1504
49463 # 1504
49464 + 92
49465 + 92
49473 # 1504
49473 - 92 9
49473 - 92 8
49475 # 1504
49475 # 1504
49475 # 1504
49476 + 92
49476 + 92
49480 # 1504
49480 - 92 4
49480 - 92 4
49480 # 1504
49481 # 1504
49483 # 1504
49484 # 1504
49487 # 1504
49487 + 92
49488 # 1504
49488 - 92 1
49489 # 1504
49492 + 92
49493 # 1504
49493 - 92 1
49496 # 1504
49497 # 1504
49498 # 1504
49500 # 1504
49500 + 92
49503 # 1504
49503 - 92 3
49505 # 1504
49505 + 92
49505 + 92
49506 # 1504
49506 - 92 1
49506 - 92 1
49508 # 1504
49513 # 1504
49515 # 1504
49516 + 92
49517 # 1504
49517 - 92 1
49518 # 1504
49520 # 1504
49520 + 92
49521 # 1504
49521 - 92 1
49523 # 1504
49525 # 1504
49527 # 1504
49527 # 1504
49529 # 1504
49530 # 1504
49532 # 1504
49532 + 92
49534 # 1504
49534 - 92 2
49535 # 1504
49536 # 1504
49537 + 92
49543 + 92
49543 + 92
49546 # 1504
49546 - 92 9
49546 - 92 3
49546 - 92 3
49546 # 1504
49547 # 1504
49547 # 1504
49547 # 1504
49547 # 1504
49548 # 1504
49551 # 1504
49551 # 1504
49555 + 92
49555 + 92
49557 + 92
49563 # 1504
49563 - 92 8
49563 - 92 8
49563 - 92 6
49563 # 1504
49564 # 1504
49564 # 1504
49564 # 1504
49570 # 1504
49570 # 1504
49570 # 1504
49571 # 1504
49571 + 92
49578 + 92
49578 + 92
49579 # 1504
49579 - 92 8
49579 - 92 1
49579 - 92 1
49580 + 92
49581 # 1504
49581 - 92 1
49583 # 1504
49583 # 1504
49583 # 1504
49584 + 92
49593 # 1504
49593 - 92 9
49593 # 1504
49595 + 92
49600 + 92
49600 + 92
49604 # 1504
49604 - 92 9
49604 - 92 4
49604 - 92 4
49604 # 1504
49604 # 1504
49604 # 1504
49609 # 1504
49609 # 1504
49611 + 92
49615 + 92
49618 + 92
49623 # 1504
49623 - 92 12
49623 - 92 8
49623 - 92 5
49623 # 1504
49624 + 92
49625 + 92
49635 # 1504
49635 - 92 11
49635 - 92 10
49635 # 1504
49635 + 92
49635 + 92
49637 # 1504
49637 - 92 2
49637 - 92 2
49637 # 1504
49637 # 1504
49637 # 1504
49637 # 1504
49637 # 1504
49642 + 92
49645 + 92
49650 # 1504
49650 - 92 8
49650 - 92 5
49651 # 1504
49651 # 1504
49654 # 1504
49654 # 1504
49655 # 1504
49655 + 92
49655 + 92
49656 # 1504
49656 - 92 1
49656 - 92 1
49658 # 1504
49660 + 92
49664 + 92
49669 # 1504
49669 - 92 9
49669 - 92 5
49669 # 1504
49670 # 1504
49670 # 1504
49671 # 1504
49676 + 92
49676 + 92
49680 + 92
49684 # 1504
49684 - 92 8
49684 - 92 8
49684 - 92 4
49684 # 1504
49684 # 1504
49686 # 1504
49687 # 1504
49691 + 92
49696 # 1504
49696 - 92 5
49697 + 92
49701 + 92
49702 # 1504
49702 - 92 5
49702 - 92 1
49708 + 92
49709 # 1504
49709 - 92 1
49715 # 1504
49715 + 92
49723 # 1504
49723 - 92 8
49724 + 92
49729 # 1504
49729 - 92 5
49736 # 1504
49746 # 1504
49748 + 92
49750 # 1504
49750 - 92 2
49750 + 92
49757 # 1504
49757 - 92 7
49763 # 1504
49763 + 92
49764 + 92
49771 # 1504
49771 - 92 8
49771 - 92 7
49775 + 92
49778 # 1504
49778 - 92 3
49784 # 1504
49787 + 92
49787 + 92
49791 # 1504
49791 - 92 4
49791 - 92 4
49795 + 92
49796 + 92
49799 # 1504
49799 - 92 4
49799 - 92 3
49804 + 92
49804 + 92
49806 # 1504
49806 - 92 2
49806 - 92 2
49811 # 1504
49819 # 1504
49822 + 92
49822 + 92
49824 + 92
49826 # 1504
49826 - 92 4
49826 - 92 4
49826 - 92 2
49832 # 1504
49835 + 92
49837 + 92
49837 + 92
49839 # 1504
49839 - 92 4
49839 - 92 2
49839 - 92 2
49844 + 92
49846 # 1504
49846 - 92 2
49853 # 1504
49855 + 92
49858 + 92
49861 + 92
49862 # 1504
49862 - 92 7
49862 - 92 4
49862 - 92 1
49864 # 1504
49869 # 1504
49871 # 1504
49873 + 92
49874 # 1504
49874 - 92 1
49877 + 92
49877 + 92
49878 # 1504
49878 - 92 1
49878 - 92 1
49882 # 1504
49886 + 92
49888 # 1504
49888 - 92 2
49888 + 92
49894 # 1504
49894 - 92 6
49896 + 92
49899 + 92
49901 # 1504
49901 - 92 5
49901 - 92 2
49903 + 92
49906 # 1504
49906 - 92 3
49914 + 92
49915 # 1504
49915 - 92 1
49917 + 92
49920 # 1504
49920 - 92 3
49925 # 1504
49927 # 1504
49931 # 1504
49936 # 1504
49936 + 92
49936 + 92
49940 # 1504
49940 - 92 4
49940 - 92 4
49940 + 92
49943 # 1504
49943 - 92 3
49946 + 92
49947 # 1504
49947 - 92 1
49951 # 1504
49955 + 92
49958 # 1504
49958 - 92 3
49959 + 92
49961 # 1504
49961 - 92 2
49964 # 1504
49965 + 92
49967 # 1504
49967 - 92 2
49972 # 1504
49975 # 1504
49977 + 92
49980 # 1504
49980 - 92 3
49980 + 92
49984 # 1504
49984 - 92 4
49985 + 92
49988 # 1504
49988 - 92 3
49991 # 1504
49996 # 1504
49996 + 92
49999 # 1504
49999 - 92 3
50002 # 1504
50004 + 92
50006 # 1504
50006 - 92 2
50014 + 92
50017 # 1504
50017 - 92 3
50017 # 1504
50019 # 1504
50019 + 92
50020 # 1504
50020 - 92 1
50022 # 1504
50033 + 92
50034 # 1504
50034 - 92 1
50036 # 1504
50038 # 1504
50038 # 1504
50039 # 1504
50043 # 1504
50044 + 92
50047 # 1504
50047 - 92 3
50048 + 92
50050 # 1504
50050 - 92 2
50054 # 1504
50057 # 1504
50057 + 92
50061 # 1504
50061 - 92 4
50065 # 1504
50065 + 92
50067 + 92
50069 # 1504
50069 - 92 4
50069 - 92 2
50073 # 1504
50076 # 1504
50078 + 92
50079 + 92
50080 # 1504
50080 - 92 2
50080 - 92 1
50086 # 1504
50089 # 1504
50092 # 1504
50094 + 92
50095 # 1504
50095 - 92 1
50096 + 92
50098 # 1504
50098 - 92 2
50100 + 92
50102 # 1504
50102 - 92 2
50105 # 1504
50105 + 92
50108 # 1504
50108 - 92 3
50113 # 1504
50115 # 1504
50118 # 1504
50118 + 92
50120 + 92
50122 # 1504
50122 - 92 4
50122 - 92 2
50126 # 1504
50129 # 1504
50134 # 1504
50134 + 92
50134 + 92
50138 # 1504
50138 - 92 4
50138 - 92 4
50141 # 1504
50142 + 92
50145 # 1504
50145 - 92 3
50147 + 92
50148 # 1504
50148 - 92 1
50151 # 1504
50155 # 1504
50157 + 92
50157 + 92
50159 # 1504
50159 - 92 2
50159 - 92 2
50162 # 1504
50166 # 1504
50170 # 1504
50170 + 92
50173 # 1504
50173 - 92 3
50177 + 92
50180 + 92
50183 # 1504
50183 - 92 6
50183 - 92 3
50186 + 92
50189 # 1504
50189 - 92 3
50189 # 1504
50193 # 1504
50197 # 1504
50197 + 92
50200 # 1504
50200 - 92 3
50203 # 1504
50206 + 92
50208 # 1504
50208 - 92 2
50212 # 1504
50216 # 1504
50217 + 92
50220 + 92
50221 # 1504
50221 - 92 4
50221 - 92 1
50225 # 1504
50229 # 1504
50232 # 1504
50235 # 1504
50235 + 92
50237 + 92
50239 # 1504
50239 - 92 4
50239 - 92 2
50242 # 1504
50242 + 92
50245 # 1504
50245 - 92 3
50249 # 1504
50252 # 1504
50255 # 1504
50256 + 92
50256 + 92
50259 # 1504
50259 - 92 3
50259 - 92 3
50260 + 92
50262 # 1504
50262 - 92 2
50265 # 1504
50269 # 1504
50272 # 1504
50275 # 1504
50279 # 1504
50281 + 92
50282 # 1504
50282 - 92 1
50285 # 1504
50290 # 1504
50294 # 1504
50297 # 1504
50300 + 92
50300 + 92
50301 # 1504
50301 - 92 1
50301 - 92 1
50302 + 92
50304 # 1504
50304 - 92 2
50307 # 1504
50311 # 1504
50312 + 92
50314 # 1504
50314 - 92 2
50317 + 92
50318 # 1504
50318 - 92 1
50322 + 92
50323 # 1504
50323 - 92 1
50326 # 1504
50329 # 1504
50333 # 1504
50333 + 92
50333 + 92
50336 # 1504
50336 - 92 3
50336 - 92 3
50339 # 1504
50340 + 92
50344 # 1504
50344 - 92 4
50348 # 1504
50350 # 1504
50352 + 92
50354 # 1504
50354 - 92 2
50356 + 92
50357 # 1504
50357 - 92 1
50360 # 1504
50362 + 92
50364 # 1504
50364 - 92 2
50367 # 1504
50370 # 1504
50374 # 1504
50377 # 1504
50380 # 1504
50382 + 92
50382 + 92
50382 + 92
50384 # 1504
50384 - 92 2
50384 - 92 2
50384 - 92 2
50387 # 1504
50390 # 1504
50394 # 1504
50397 # 1504
50398 + 92
50400 # 1504
50400 - 92 2
50404 # 1504
50406 + 92
50407 # 1504
50407 - 92 1
50410 # 1504
50412 + 92
50415 # 1504
50415 - 92 3
50417 + 92
50418 # 1504
50418 - 92 1
50421 # 1504
50426 # 1504
50426 + 92
50429 # 1504
50429 - 92 3
50433 # 1504
50436 # 1504
50438 + 92
50439 # 1504
50439 - 92 1
50441 + 92
50442 # 1504
50442 - 92 1
50446 # 1504
50449 # 1504
50452 + 92
50453 # 1504
50453 - 92 1
50454 + 92
50456 # 1504
50456 - 92 2
50460 # 1504
50464 # 1504
50466 + 92
50467 # 1504
50467 - 92 1
50472 # 1504
50474 # 1504
50477 + 92
50478 # 1504
50478 - 92 1
50481 # 1504
50484 # 1504
50484 + 92
50485 + 92
50487 # 1504
50487 - 92 3
50487 - 92 2
50493 # 1504
50496 # 1504
50496 + 92
50501 # 1504
50501 - 92 5
50502 + 92
50511 # 1504
50511 - 92 9
50511 # 1504
50512 # 1504
50515 + 92
50517 # 1504
50517 - 92 2
50517 + 92
50521 # 1504
50521 - 92 4
50526 # 1504
50527 # 1504
50530 # 1504
50535 # 1504
50537 # 1504
50542 # 1504
50543 + 92
50545 # 1504
50545 - 92 2
50548 # 1504
50548 + 92
50552 # 1504
50552 - 92 4
50556 # 1504
50557 + 92
50559 # 1504
50559 - 92 2
50561 # 1504
50565 # 1504
50566 # 1504
50567 + 92
50568 # 1504
50568 - 92 1
50568 + 92
50570 # 1504
50570 - 92 2
50573 # 1504
50574 # 1504
50576 # 1504
50577 + 92
50578 # 1504
50578 - 92 1
50582 # 1504
50583 # 1504
50585 # 1504
50587 # 1504
50589 # 1504
50590 + 92
50591 # 1504
50591 - 92 1
50593 # 1504
50594 + 92
50595 # 1504
50595 - 92 1
50597 # 1504
50599 # 1504
50599 + 92
50603 # 1504
50603 - 92 4
50604 # 1504
50606 # 1504
50608 # 1504
50610 + 92
50611 # 1504
50611 - 92 1
50612 + 92
50613 # 1504
50613 - 92 1
50614 # 1504
50620 + 92
50625 # 1504
50625 - 92 5
50629 # 1504
50629 + 92
50630 # 1504
50630 - 92 1
50630 # 1504
50635 # 1504
50636 + 92
50638 # 1504
50638 - 92 2
50639 + 92
50642 # 1504
50642 - 92 3
50650 + 92
50651 # 1504
50651 - 92 1
50653 # 1504
50653 # 1504
50653 # 1504
50654 # 1504
50656 # 1504
50657 + 92
50659 # 1504
50659 - 92 2
50660 # 1504
50660 + 92
50663 + 92
50665 # 1504
50665 - 92 5
50665 - 92 2
50669 # 1504
50672 # 1504
50676 # 1504
50677 + 92
50677 + 92
50682 # 1504
50682 - 92 5
50682 - 92 5
50688 + 92
50694 + 92
50702 + 92
50705 # 1504
50705 - 92 17
50705 - 92 11
50705 - 92 3
50706 # 1504
50708 # 1504
50708 + 92
50710 # 1504
50710 - 92 2
50714 # 1504
50716 # 1504
50718 # 1504
50718 + 92
50721 # 1504
50721 - 92 3
50725 # 1504
50726 + 92
50730 # 1504
50730 - 92 4
50733 # 1504
50736 # 1504
50737 + 92
50741 # 1504
50741 - 92 4
50743 # 1504
50745 # 1504
50750 + 92
50753 + 92
50755 # 1504
50755 - 92 5
50755 - 92 2
50759 # 1504
50759 # 1504
50759 # 1504
50759 # 1504
50759 # 1504
50759 + 92
50764 # 1504
50764 - 92 5
50773 # 1504
50776 # 1504
50778 # 1504
50778 + 92
50787 + 92
50792 + 92
50794 # 1504
50794 - 92 16
50794 - 92 7
50794 - 92 2
50794 # 1504
50794 # 1504
50797 # 1504
50797 + 92
50804 + 92
50820 + 92
50841 # 1504
50841 - 92 44
50841 - 92 37
50841 - 92 21
50853 # 1504
50856 + 92
50856 + 92
50860 # 1504
50860 - 92 4
50860 - 92 4
50861 + 92
50865 + 92
50868 # 1504
50868 - 92 7
50868 - 92 3
50875 + 92
50885 # 1504
50885 - 92 10
50886 + 92
50891 # 1504
50891 - 92 5
50895 # 1504
50898 # 1504
50898 + 92
50905 # 1504
50905 - 92 7
50909 + 92
50910 # 1504
50910 - 92 1
50914 + 92
50915 # 1504
50915 - 92 1
50921 # 1504
50924 # 1504
50928 # 1504
50932 # 1504
50935 # 1504
50940 # 1504
50942 # 1504
50945 # 1504
50950 # 1504
50953 # 1504
50954 + 92
50955 + 92
50956 # 1504
50956 - 92 2
50956 - 92 1
50963 # 1504
50966 # 1504
50971 # 1504
50974 # 1504
50976 + 92
50976 + 92
50979 # 1504
50979 - 92 3
50979 - 92 3
50982 + 92
50984 # 1504
50984 - 92 2
50991 # 1504
50991 + 92
50996 # 1504
50996 - 92 5
50999 + 92
51003 # 1504
51003 - 92 4
51005 + 92
51009 # 1504
51009 - 92 4
51015 # 1504
51017 + 92
51020 # 1504
51020 - 92 3
51023 + 92
51026 # 1504
51026 - 92 3
51030 + 92
51036 + 92
51039 # 1504
51039 - 92 9
51039 - 92 3
51039 # 1504
51042 # 1504
51042 + 92
51044 # 1504
51044 - 92 2
51047 # 1504
51050 # 1504
51050 + 92
51053 + 92
51054 # 1504
51054 - 92 4
51054 - 92 1
51057 # 1504
51058 + 92
51061 # 1504
51061 - 92 3
51064 + 92
51066 # 1504
51066 - 92 2
51069 # 1504
51075 + 92
51075 + 92
51078 # 1504
51078 - 92 3
51078 - 92 3
51078 # 1504
51080 + 92
51081 # 1504
51081 - 92 1
51084 + 92
51085 # 1504
51085 - 92 1
51090 # 1504
51097 + 92
51097 + 92
51101 # 1504
51101 - 92 4
51101 - 92 4
51102 + 92
51106 # 1504
51106 - 92 4
51109 # 1504
51112 # 1504
51113 + 92
51115 # 1504
51115 - 92 2
51115 + 92
51117 + 92
51118 # 1504
51118 - 92 3
51118 - 92 1
51121 # 1504
51122 + 92
51124 # 1504
51124 - 92 2
51127 # 1504
51127 + 92
51130 # 1504
51130 - 92 3
51133 # 1504
51135 # 1504
51139 # 1504
51139 + 92
51139 + 92
51142 # 1504
51142 - 92 3
51142 - 92 3
51146 # 1504
51149 # 1504
51149 + 92
51152 # 1504
51152 - 92 3
51152 + 92
51159 + 92
51160 + 92
51160 + 92
51164 # 1504
51164 - 92 12
51164 - 92 5
51164 - 92 4
51164 - 92 4
51166 # 1504
51167 # 1504
51171 # 1504
51174 + 92
51179 + 92
51179 + 92
51184 # 1504
51184 - 92 10
51184 - 92 5
51184 - 92 5
51186 # 1504
51186 # 1504
51187 # 1504
51190 # 1504
51193 # 1504
51194 + 92
51195 # 1504
51195 - 92 1
51197 + 92
51197 + 92
51198 # 1504
51198 - 92 1
51198 - 92 1
51201 # 1504
51202 + 92
51205 # 1504
51205 - 92 3
51207 # 1504
51211 # 1504
51213 + 92
51214 # 1504
51214 - 92 1
51215 + 92
51217 # 1504
51217 - 92 2
51220 # 1504
51220 + 92
51222 # 1504
51222 - 92 2
51223 + 92
51226 # 1504
51226 - 92 3
51229 # 1504
51232 + 92
51233 # 1504
51233 - 92 1
51237 # 1504
51246 # 1504
51246 # 1504
51246 # 1504
51249 # 1504
51253 + 92
51254 # 1504
51254 - 92 1
51255 + 92
51257 # 1504
51257 - 92 2
51258 + 92
51261 # 1504
51261 - 92 3
51265 # 1504
51268 # 1504
51270 + 92
51271 # 1504
51271 - 92 1
51275 # 1504
51277 + 92
51286 # 1504
51286 - 92 9
51286 # 1504
51286 + 92
51294 # 1504
51294 - 92 8
51294 # 1504
51295 # 1504
51297 + 92
51297 + 92
51298 # 1504
51298 - 92 1
51298 - 92 1
51300 # 1504
51303 # 1504
51306 # 1504
51307 + 92
51307 + 92
51310 # 1504
51310 - 92 3
51310 - 92 3
51317 # 1504
51317 + 92
51321 # 1504
51321 - 92 4
51326 # 1504
51327 + 92
51330 # 1504
51330 - 92 3
51332 # 1504
51335 # 1504
51338 # 1504
51338 + 92
51341 # 1504
51341 - 92 3
51345 # 1504
51347 # 1504
51350 # 1504
51354 # 1504
51354 + 92
51354 + 92
51356 # 1504
51356 - 92 2
51356 - 92 2
51356 + 92
51356 + 92
51358 # 1504
51358 - 92 2
51358 - 92 2
51364 # 1504
51367 # 1504
51370 # 1504
51370 + 92
51370 + 92
51373 # 1504
51373 - 92 3
51373 - 92 3
51373 + 92
51376 # 1504
51376 - 92 3
51379 # 1504
51379 + 92
51379 + 92
51383 + 92
51389 # 1504
51389 - 92 10
51389 - 92 10
51389 - 92 6
51393 # 1504
51393 # 1504
51393 # 1504
51393 + 92
51399 + 92
51399 + 92
51401 # 1504
51401 - 92 8
51401 - 92 2
51401 - 92 2
51404 # 1504
51409 + 92
51413 # 1504
51413 - 92 4
51413 + 92
51414 # 1504
51414 - 92 1
51414 # 1504
51414 # 1504
51414 # 1504
51417 # 1504
51418 # 1504
51422 # 1504
51424 + 92
51424 + 92
51426 # 1504
51426 - 92 2
51426 - 92 2
51429 # 1504
51432 # 1504
51434 # 1504
51437 # 1504
51440 # 1504
51440 + 92
51440 + 92
51440 + 92
51442 # 1504
51442 - 92 2
51442 - 92 2
51442 - 92 2
51444 # 1504
51444 + 92
51446 # 1504
51446 - 92 2
51448 # 1504
51450 # 1504
51451 # 1504
51453 # 1504
51455 + 92
51456 # 1504
51456 - 92 1
51457 # 1504
51458 # 1504
51458 + 92
51460 # 1504
51460 - 92 2
51464 # 1504
51464 + 92
51466 # 1504
51466 - 92 2
51469 # 1504
51472 # 1504
51473 + 92
51474 # 1504
51474 - 92 1
51477 + 92
51478 # 1504
51478 - 92 1
51480 + 92
51483 + 92
51484 # 1504
51484 - 92 4
51484 - 92 1
51493 # 1504
51494 + 92
51494 + 92
51496 + 92
51501 + 92
51504 # 1504
51504 - 92 10
51504 - 92 10
51504 - 92 8
51504 - 92 3
51511 + 92
51514 # 1504
51514 - 92 3
51515 + 92
51521 # 1504
51521 - 92 6
51522 + 92
51528 + 92
51531 # 1504
51531 - 92 9
51531 - 92 3
51536 + 92
51538 # 1504
51538 - 92 2
51539 # 1504
51543 # 1504
51544 # 1504
51545 + 92
51546 # 1504
51546 - 92 1
51550 # 1504
51552 # 1504
51556 # 1504
51558 # 1504
51558 + 92
51558 + 92
51560 # 1504
51560 - 92 2
51560 - 92 2
51561 + 92
51564 # 1504
51564 - 92 3
51567 # 1504
51569 + 92
51573 # 1504
51573 - 92 4
51575 + 92
51580 + 92
51581 # 1504
51581 - 92 6
51581 - 92 1
51583 # 1504
51585 # 1504
51590 # 1504
51591 # 1504
51594 # 1504
51598 # 1504
51601 # 1504
51605 # 1504
51606 + 92
51607 # 1504
51607 - 92 1
51610 + 92
51612 # 1504
51612 - 92 2
51614 # 1504
51616 + 92
51626 # 1504
51626 - 92 10
51628 + 92
51629 # 1504
51629 - 92 1
51633 + 92
51634 # 1504
51634 - 92 1
51635 + 92
51636 # 1504
51636 - 92 1
51639 # 1504
51639 + 92
51643 # 1504
51643 - 92 4
51645 # 1504
51648 # 1504
51653 # 1504
51654 + 92
51657 + 92
51659 # 1504
51659 - 92 5
51659 - 92 2
51659 + 92
51662 # 1504
51662 - 92 3
51664 # 1504
51667 # 1504
51669 + 92
51670 # 1504
51670 - 92 1
51673 # 1504
51676 # 1504
51678 # 1504
51682 # 1504
51682 + 92
51682 + 92
51683 # 1504
51683 - 92 1
51683 - 92 1
51685 # 1504
51687 # 1504
51689 # 1504
51691 # 1504
51692 # 1504
51693 + 92
51695 # 1504
51695 - 92 2
51695 + 92
51696 # 1504
51696 - 92 1
51698 + 92
51699 # 1504
51699 - 92 1
51700 # 1504
51702 # 1504
51704 # 1504
51704 + 92
51706 # 1504
51706 - 92 2
51707 # 1504
51709 # 1504
51710 # 1504
51714 # 1504
51715 # 1504
51715 + 92
51716 # 1504
51716 - 92 1
51718 # 1504
51720 # 1504
51721 # 1504
51723 # 1504
51724 # 1504
51726 # 1504
51728 # 1504
51729 # 1504
51729 + 92
51730 # 1504
51730 - 92 1
51734 # 1504
51735 # 1504
51737 # 1504
51738 # 1504
51748 # 1504
51748 # 1504
51750 # 1504
51750 # 1504
51750 # 1504
51750 # 1504
51761 # 1504
51761 # 1504
51763 # 1504
51763 # 1504
51763 # 1504
51764 # 1504
51765 # 1504
51773 + 92
51776 # 1504
51776 - 92 3
51776 # 1504
51776 # 1504
51777 # 1504
51777 # 1504
51777 # 1504
51777 # 1504
51778 # 1504
51780 # 1504
51781 # 1504
51783 # 1504
51789 + 92
51790 + 92
51790 + 92
51790 + 92
51790 + 92
51790 + 92
51790 + 92
51790 + 92
51793 # 1504
51793 - 92 4
51793 - 92 3
51793 - 92 3
51793 - 92 3
51793 - 92 3
51793 - 92 3
51793 - 92 3
51793 - 92 3
51794 + 92
51795 # 1504
51795 - 92 1
51795 # 1504
51795 # 1504
51798 # 1504
51798 # 1504
51799 # 1504
51799 + 92
51801 + 92
51809 # 1504
51809 - 92 10
51809 - 92 8
51810 # 1504
51811 # 1504
51812 + 92
51814 # 1504
51814 - 92 2
51814 # 1504
51814 # 1504
51815 # 1504
51817 # 1504
51818 # 1504
51818 + 92
51820 # 1504
51820 - 92 2
51822 # 1504
51822 + 92
51823 # 1504
51823 - 92 1
51824 # 1504
51826 # 1504
51827 # 1504
51829 # 1504
51830 # 1504
51832 # 1504
51833 # 1504
51833 + 92
51835 # 1504
51835 - 92 2
51836 # 1504
51836 + 92
51838 # 1504
51838 - 92 2
51840 # 1504
51843 # 1504
51844 + 92
51846 # 1504
51846 - 92 2
51849 # 1504
51851 # 1504
51855 # 1504
51856 + 92
51856 + 92
51857 # 1504
51857 - 92 1
51857 - 92 1
51860 # 1504
51860 + 92
51862 + 92
51869 # 1504
51869 - 92 9
51869 - 92 7
51871 # 1504
51873 # 1504
51875 + 92
51876 # 1504
51876 - 92 1
51876 # 1504
51876 # 1504
51880 + 92
51883 # 1504
51883 - 92 3
51883 # 1504
51886 # 1504
51886 # 1504
51886 + 92
51894 # 1504
51894 - 92 8
51894 # 1504
51894 # 1504
51894 # 1504
51894 # 1504
51899 + 92
51899 + 92
51903 # 1504
51903 - 92 4
51903 - 92 4
51903 # 1504
51904 # 1504
51904 # 1504
51904 # 1504
51905 # 1504
51909 # 1504
51910 # 1504
51910 + 92
51911 # 1504
51911 - 92 1
51913 # 1504
51915 # 1504
51916 # 1504
51918 # 1504
51919 # 1504
51923 # 1504
51924 + 92
51924 + 92
51927 # 1504
51927 - 92 3
51927 - 92 3
51931 # 1504
51935 # 1504
51935 + 92
51938 + 92
51939 # 1504
51939 - 92 4
51939 - 92 1
51944 # 1504
51948 # 1504
51953 # 1504
51955 + 92
51955 + 92
51955 + 92
51958 # 1504
51958 - 92 3
51958 - 92 3
51958 - 92 3
51959 + 92
51963 # 1504
51963 - 92 4
51965 # 1504
51968 # 1504
51971 # 1504
51971 + 92
51974 # 1504
51974 - 92 3
51975 + 92
51976 # 1504
51976 - 92 1
51977 + 92
51980 # 1504
51980 - 92 3
51981 + 92
51982 # 1504
51982 - 92 1
51986 # 1504
51988 # 1504
51991 + 92
51992 # 1504
51992 - 92 1
51994 + 92
51994 + 92
51995 # 1504
51995 - 92 1
51995 - 92 1
51999 # 1504
52001 # 1504
52003 # 1504
52004 # 1504
52004 + 92
52008 # 1504
52008 - 92 4
52010 # 1504
52010 + 92
52012 # 1504
52012 - 92 2
52014 # 1504
52017 # 1504
52017 + 92
52019 # 1504
52019 - 92 2
52019 # 1504
52021 # 1504
52022 # 1504
52034 # 1504
52034 # 1504
52034 # 1504
52035 # 1504
52035 # 1504
52035 + 92
52037 + 92
52040 + 92
52044 # 1504
52044 - 92 9
52044 - 92 7
52044 - 92 4
52044 # 1504
52044 # 1504
52047 # 1504
52050 # 1504
52054 # 1504
52057 # 1504
52059 # 1504
52063 + 92
52065 # 1504
52065 - 92 2
52065 + 92
52066 # 1504
52066 - 92 1
52069 # 1504
52072 + 92
52073 # 1504
52073 - 92 1
52075 # 1504
52077 + 92
52078 # 1504
52078 - 92 1
52082 # 1504
52084 # 1504
52086 # 1504
52087 + 92
52089 # 1504
52089 - 92 2
52093 # 1504
52095 + 92
52096 # 1504
52096 - 92 1
52098 # 1504
52102 # 1504
52104 + 92
52105 # 1504
52105 - 92 1
52108 # 1504
52109 + 92
52112 # 1504
52112 - 92 3
52115 # 1504
52118 # 1504
52118 + 92
52120 # 1504
52120 - 92 2
52122 # 1504
52124 # 1504
52125 # 1504
52127 # 1504
52129 # 1504
52130 # 1504
52133 # 1504
52133 + 92
52135 # 1504
52135 - 92 2
52137 # 1504
52138 # 1504
52140 + 92
52142 + 92
52143 # 1504
52143 - 92 3
52143 - 92 1
52145 # 1504
52147 # 1504
52148 + 92
52150 # 1504
52150 - 92 2
52153 # 1504
52154 + 92
52155 # 1504
52155 - 92 1
52157 # 1504
52160 # 1504
52161 # 1504
52164 + 92
52170 # 1504
52170 - 92 6
52170 # 1504
52171 + 92
52175 # 1504
52175 - 92 4
52175 # 1504
52175 # 1504
52175 # 1504
52184 + 92
52184 + 92
52185 # 1504
52185 - 92 1
52185 - 92 1
52185 # 1504
52186 # 1504
52189 # 1504
52189 # 1504
52191 # 1504
52193 + 92
52195 # 1504
52195 - 92 2
52198 # 1504
52199 + 92
52202 # 1504
52202 - 92 3
52207 # 1504
52211 # 1504
52214 + 92
52214 + 92
52218 # 1504
52218 - 92 4
52218 - 92 4
52221 + 92
52222 # 1504
52222 - 92 1
52224 + 92
52226 # 1504
52226 - 92 2
52229 + 92
52231 # 1504
52231 - 92 2
52236 # 1504
52239 + 92
52241 # 1504
52241 - 92 2
52242 + 92
52243 # 1504
52243 - 92 1
52245 # 1504
52246 + 92
52248 # 1504
52248 - 92 2
52251 # 1504
52255 # 1504
52258 # 1504
52261 # 1504
52261 + 92
52261 + 92
52262 # 1504
52262 - 92 1
52262 - 92 1
52264 # 1504
52264 + 92
52265 # 1504
52265 - 92 1
52268 # 1504
52269 # 1504
52270 # 1504
52272 # 1504
52275 # 1504
52276 # 1504
52277 # 1504
52279 # 1504
52280 # 1504
52288 + 92
52290 # 1504
52290 - 92 2
52290 + 92
52294 # 1504
52294 - 92 4
52294 # 1504
52295 # 1504
52295 # 1504
52296 # 1504
52297 # 1504
52301 + 92
52301 + 92
52306 + 92
52308 # 1504
52308 - 92 7
52308 - 92 7
52308 - 92 2
52308 # 1504
52308 # 1504
52308 # 1504
52313 # 1504
52313 # 1504
52313 # 1504
52319 + 92
52319 + 92
52323 # 1504
52323 - 92 4
52323 - 92 4
52323 + 92
52324 # 1504
52324 - 92 1
52324 # 1504
52324 # 1504
52324 # 1504
52327 # 1504
52329 # 1504
52332 # 1504
52332 + 92
52335 # 1504
52335 - 92 3
52338 # 1504
52339 + 92
52340 # 1504
52340 - 92 1
52342 # 1504
52344 # 1504
52344 + 92
52345 # 1504
52345 - 92 1
52346 + 92
52347 # 1504
52347 - 92 1
52349 # 1504
52350 # 1504
52353 # 1504
52354 # 1504
52356 # 1504
52357 # 1504
52357 + 92
52359 # 1504
52359 - 92 2
52360 + 92
52362 # 1504
52362 - 92 2
52373 + 92
52374 # 1504
52374 - 92 1
52375 + 92
52376 # 1504
52376 - 92 1
52376 # 1504
52378 # 1504
52378 # 1504
52378 # 1504
52379 # 1504
52381 # 1504
52382 # 1504
52384 # 1504
52385 # 1504
52388 + 92
52388 + 92
52395 # 1504
52395 - 92 7
52395 - 92 7
52396 # 1504
52399 # 1504
52399 # 1504
52399 # 1504
52399 # 1504
52399 + 92
52399 + 92
52401 # 1504
52401 - 92 2
52401 - 92 2
52402 + 92
52403 # 1504
52403 - 92 1
52404 # 1504
52406 # 1504
52408 # 1504
52408 + 92
52409 # 1504
52409 - 92 1
52411 # 1504
52413 # 1504
52415 # 1504
52416 # 1504
52418 # 1504
52420 + 92
52420 + 92
52424 + 92
52429 # 1504
52429 - 92 9
52429 - 92 9
52429 - 92 5
52429 # 1504
52433 # 1504
52433 + 92
52434 # 1504
52434 - 92 1
52439 # 1504
52440 # 1504
52440 + 92
52442 + 92
52444 # 1504
52444 - 92 4
52444 - 92 2
52449 # 1504
52449 # 1504
52450 # 1504
52456 + 92
52459 # 1504
52459 - 92 3
52459 # 1504
52465 # 1504
52469 # 1504
52472 + 92
52475 # 1504
52475 - 92 3
52479 # 1504
52484 # 1504
52485 + 92
52488 # 1504
52488 - 92 3
52488 + 92
52492 # 1504
52492 - 92 4
52493 + 92
52496 # 1504
52496 - 92 3
52498 + 92
52504 # 1504
52504 - 92 6
52508 # 1504
52512 # 1504
52514 + 92
52517 # 1504
52517 - 92 3
52521 # 1504
52525 # 1504
52527 # 1504
52529 # 1504
52532 + 92
52534 # 1504
52534 - 92 2
52535 # 1504
52538 # 1504
52542 # 1504
52544 # 1504
52546 # 1504
52546 + 92
52551 # 1504
52551 - 92 5
52556 # 1504
52559 # 1504
52561 # 1504
52562 + 92
52565 # 1504
52565 - 92 3
52567 # 1504
52570 # 1504
52573 # 1504
52575 # 1504
52578 # 1504
52578 + 92
52582 # 1504
52582 - 92 4
52584 # 1504
52587 # 1504
52587 + 92
52590 # 1504
52590 - 92 3
52593 # 1504
52595 # 1504
52598 # 1504
52598 + 92
52603 # 1504
52603 - 92 5
52605 # 1504
52608 # 1504
52608 + 92
52611 # 1504
52611 - 92 3
52614 # 1504
52616 + 92
52617 # 1504
52617 - 92 1
52619 # 1504
52622 # 1504
52625 # 1504
52625 + 92
52628 # 1504
52628 - 92 3
52631 # 1504
52634 # 1504
52635 + 92
52637 # 1504
52637 - 92 2
52640 # 1504
52643 # 1504
52644 + 92
52645 # 1504
52645 - 92 1
52648 # 1504
52651 # 1504
52654 # 1504
52656 # 1504
52659 # 1504
52659 + 92
52662 # 1504
52662 - 92 3
52664 + 92
52666 # 1504
52666 - 92 2
52669 # 1504
52669 + 92
52672 # 1504
52672 - 92 3
52675 # 1504
52675 + 92
52679 # 1504
52679 - 92 4
52679 + 92
52681 # 1504
52681 - 92 2
52683 # 1504
52683 + 92
52685 # 1504
52685 - 92 2
52686 # 1504
52688 # 1504
52691 # 1504
52693 # 1504
52694 + 92
52695 # 1504
52695 - 92 1
52697 # 1504
52699 # 1504
52699 + 92
52699 + 92
52701 # 1504
52701 - 92 2
52701 - 92 2
52703 # 1504
52704 # 1504
52706 # 1504
52706 + 92
52708 # 1504
52708 - 92 2
52710 # 1504
52711 # 1504
52714 # 1504
52715 # 1504
52717 # 1504
52719 # 1504
52719 + 92
52719 + 92
52721 # 1504
52721 - 92 2
52721 - 92 2
52722 # 1504
52722 + 92
52724 # 1504
52724 - 92 2
52726 # 1504
52729 # 1504
52729 # 1504
52735 # 1504
52735 + 92
52737 # 1504
52737 - 92 2
52737 # 1504
52739 # 1504
52741 + 92
52742 # 1504
52742 - 92 1
52743 # 1504
52745 # 1504
52748 # 1504
52748 # 1504
52751 # 1504
52752 # 1504
52753 # 1504
52754 # 1504
52754 + 92
52757 + 92
52760 + 92
52765 # 1504
52765 - 92 11
52765 - 92 8
52765 - 92 5
52765 # 1504
52765 # 1504
52766 # 1504
52766 # 1504
52776 # 1504
52776 # 1504
52776 # 1504
52776 # 1504
52777 + 92
52779 # 1504
52779 - 92 2
52787 + 92
52788 # 1504
52788 - 92 1
52791 # 1504
52793 # 1504
52793 + 92
52794 # 1504
52794 - 92 1
52795 # 1504
52801 # 1504
52801 + 92
52807 # 1504
52807 - 92 6
52808 # 1504
52808 # 1504
52815 # 1504
52816 + 92
52817 + 92
52818 # 1504
52818 - 92 2
52818 - 92 1
52822 # 1504
52826 # 1504
52826 + 92
52834 # 1504
52834 - 92 8
52835 + 92
52838 # 1504
52838 - 92 3
52842 # 1504
52842 + 92
52846 # 1504
52846 - 92 4
52847 + 92
52850 # 1504
52850 - 92 3
52855 # 1504
52859 + 92
52861 # 1504
52861 - 92 2
52865 # 1504
52867 + 92
52869 # 1504
52869 - 92 2
52875 # 1504
52881 # 1504
52881 + 92
52887 # 1504
52887 - 92 6
52890 + 92
52891 # 1504
52891 - 92 1
52895 # 1504
52901 # 1504
52901 + 92
52904 # 1504
52904 - 92 3
52908 # 1504
52914 # 1504
52918 # 1504
52920 + 92
52922 # 1504
52922 - 92 2
52928 # 1504
52928 + 92
52932 # 1504
52932 - 92 4
52936 + 92
52937 # 1504
52937 - 92 1
52941 # 1504
52944 + 92
52945 # 1504
52945 - 92 1
52950 # 1504
52951 + 92
52953 # 1504
52953 - 92 2
52956 # 1504
52960 # 1504
52960 + 92
52962 # 1504
52962 - 92 2
52964 # 1504
52964 + 92
52967 # 1504
52967 - 92 3
52969 # 1504
52971 # 1504
52973 + 92
52974 # 1504
52974 - 92 1
52976 # 1504
52977 + 92
52978 # 1504
52978 - 92 1
52981 # 1504
52982 + 92
52983 # 1504
52983 - 92 1
52986 # 1504
52986 + 92
52988 # 1504
52988 - 92 2
52990 # 1504
52992 # 1504
52996 # 1504
52997 # 1504
53000 # 1504
53000 + 92
53000 + 92
53002 # 1504
53002 - 92 2
53002 - 92 2
53003 + 92
53004 # 1504
53004 - 92 1
53005 # 1504
53007 # 1504
53009 # 1504
53011 # 1504
53012 + 92
53013 # 1504
53013 - 92 1
53015 # 1504
53018 # 1504
53019 # 1504
53020 # 1504
53022 # 1504
53025 # 1504
53027 # 1504
53027 # 1504
53028 + 92
53029 # 1504
53029 - 92 1
53031 # 1504
53033 # 1504
53034 + 92
53035 # 1504
53035 - 92 1
53036 # 1504
53038 # 1504
53038 + 92
53039 # 1504
53039 - 92 1
53042 # 1504
53042 # 1504
53042 + 92
53044 # 1504
53044 - 92 2
53045 # 1504
53046 + 92
53047 # 1504
53047 - 92 1
53049 # 1504
53050 # 1504
53051 # 1504
53052 + 92
53056 # 1504
53056 - 92 4
53056 # 1504
53059 + 92
53062 + 92
53066 # 1504
53066 - 92 7
53066 - 92 4
53066 # 1504
53067 + 92
53070 # 1504
53070 - 92 3
53072 + 92
53073 # 1504
53073 - 92 1
53073 # 1504
53073 # 1504
53073 # 1504
53077 + 92
53081 # 1504
53081 - 92 4
53081 # 1504
53081 # 1504
53081 # 1504
53081 # 1504
53082 # 1504
53083 + 92
53084 # 1504
53084 - 92 1
53085 # 1504
53087 # 1504
53089 # 1504
53089 + 92
53090 # 1504
53090 - 92 1
53091 # 1504
53093 # 1504
53095 # 1504
53096 # 1504
53098 # 1504
53099 # 1504
53100 + 92
53101 # 1504
53101 - 92 1
53103 # 1504
53103 + 92
53104 # 1504
53104 - 92 1
53105 # 1504
53107 # 1504
53108 # 1504
53110 + 92
53111 # 1504
53111 - 92 1
53112 + 92
53113 # 1504
53113 - 92 1
53114 # 1504
53115 # 1504
53116 + 92
53117 # 1504
53117 - 92 1
53120 # 1504
53123 + 92
53126 + 92
53128 # 1504
53128 - 92 5
53128 - 92 2
53130 # 1504
53130 # 1504
53132 + 92
53134 # 1504
53134 - 92 2
53134 # 1504
53134 # 1504
53134 # 1504
53134 + 92
53138 + 92
53142 # 1504
53142 - 92 8
53142 - 92 4
53143 # 1504
53144 # 1504
53144 + 92
53145 # 1504
53145 - 92 1
53148 # 1504
53149 + 92
53150 # 1504
53150 - 92 1
53150 # 1504
53150 # 1504
53153 # 1504
53154 + 92
53155 # 1504
53155 - 92 1
53156 # 1504
53158 # 1504
53160 # 1504
53162 # 1504
53165 # 1504
53165 + 92
53165 + 92
53168 # 1504
53168 - 92 3
53168 - 92 3
53169 # 1504
53173 # 1504
53174 + 92
53175 # 1504
53175 - 92 1
53177 # 1504
53179 + 92
53181 # 1504
53181 - 92 2
53182 # 1504
53184 # 1504
53184 + 92
53186 # 1504
53186 - 92 2
53190 # 1504
53193 # 1504
53193 + 92
53195 # 1504
53195 - 92 2
53196 + 92
53197 + 92
53198 # 1504
53198 - 92 2
53198 - 92 1
53200 # 1504
53202 # 1504
53202 + 92
53203 # 1504
53203 - 92 1
53206 # 1504
53207 # 1504
53209 + 92
53210 # 1504
53210 - 92 1
53212 # 1504
53216 # 1504
53216 # 1504
53217 + 92
53218 # 1504
53218 - 92 1
53221 # 1504
53221 # 1504
53223 # 1504
53224 # 1504
53228 # 1504
53229 # 1504
53230 # 1504
53231 # 1504
53232 + 92
53233 # 1504
53233 - 92 1
53241 + 92
53247 + 92
53254 # 1504
53254 - 92 13
53254 - 92 7
53254 # 1504
53254 # 1504
53254 # 1504
53254 # 1504
53254 # 1504
53254 # 1504
53254 # 1504
53256 # 1504
53257 # 1504
53259 # 1504
53260 # 1504
53263 # 1504
53264 # 1504
53264 + 92
53264 + 92
53266 # 1504
53266 - 92 2
53266 - 92 2
53267 # 1504
53269 # 1504
53270 # 1504
53272 # 1504
53273 # 1504
53274 + 92
53275 # 1504
53275 - 92 1
53276 # 1504
53279 # 1504
53280 # 1504
53280 + 92
53283 # 1504
53283 - 92 3
53285 # 1504
53285 + 92
53286 # 1504
53286 - 92 1
53288 # 1504
53290 # 1504
53292 # 1504
53292 + 92
53294 # 1504
53294 - 92 2
53295 # 1504
53297 # 1504
53298 + 92
53304 + 92
53307 # 1504
53307 - 92 9
53307 - 92 3
53307 # 1504
53307 # 1504
53307 # 1504
53307 # 1504
53309 # 1504
53309 # 1504
53310 + 92
53311 # 1504
53311 - 92 1
53314 # 1504
53315 # 1504
53316 # 1504
53316 + 92
53318 # 1504
53318 - 92 2
53319 # 1504
53321 + 92
53322 # 1504
53322 - 92 1
53323 # 1504
53325 # 1504
53326 # 1504
53329 # 1504
53331 # 1504
53333 # 1504
53334 # 1504
53334 + 92
53336 # 1504
53336 - 92 2
53337 + 92
53339 # 1504
53339 - 92 2
53339 # 1504
53339 + 92
53342 # 1504
53342 - 92 3
53343 # 1504
53345 + 92
53346 # 1504
53346 - 92 1
53346 # 1504
53348 # 1504
53349 # 1504
53351 # 1504
53353 # 1504
53354 # 1504
53355 # 1504
53357 # 1504
53358 # 1504
53368 # 1504
53370 # 1504
53373 # 1504
53374 # 1504
53375 # 1504
53376 # 1504
53377 # 1504
53378 # 1504
53381 # 1504
53381 + 92
53381 + 92
53383 # 1504
53383 - 92 2
53383 - 92 2
53383 + 92
53383 + 92
53385 # 1504
53385 - 92 2
53385 - 92 2
53385 + 92
53387 # 1504
53387 - 92 2
53388 + 92
53389 # 1504
53389 - 92 1
53392 # 1504
53394 # 1504
53394 + 92
53396 # 1504
53396 - 92 2
53397 + 92
53398 # 1504
53398 - 92 1
53401 # 1504
53402 # 1504
53403 + 92
53404 # 1504
53404 - 92 1
53406 # 1504
53407 # 1504
53409 # 1504
53411 # 1504
53413 # 1504
53414 + 92
53416 # 1504
53416 - 92 2
53416 + 92
53417 # 1504
53417 - 92 1
53419 # 1504
53420 # 1504
53422 # 1504
53425 # 1504
53425 + 92
53425 + 92
53427 # 1504
53427 - 92 2
53427 - 92 2
53429 # 1504
53431 # 1504
53433 # 1504
53434 + 92
53435 + 92
53436 + 92
53439 + 92
53443 # 1504
53443 - 92 9
53443 - 92 8
53443 - 92 7
53443 - 92 4
53444 # 1504
53444 # 1504
53444 # 1504
53444 # 1504
53444 + 92
53446 # 1504
53446 - 92 2
53448 # 1504
53450 # 1504
53455 + 92
53455 + 92
53459 # 1504
53459 - 92 4
53459 - 92 4
53459 # 1504
53463 # 1504
53464 # 1504
53464 # 1504
53465 # 1504
53467 # 1504
53468 + 92
53469 # 1504
53469 - 92 1
53470 + 92
53473 # 1504
53473 - 92 3
53475 # 1504
53478 # 1504
53481 # 1504
53481 # 1504
53483 # 1504
53486 # 1504
53488 # 1504
53488 + 92
53489 # 1504
53489 - 92 1
53490 # 1504
53492 + 92
53493 # 1504
53493 - 92 1
53495 # 1504
53495 + 92
53496 # 1504
53496 - 92 1
53498 # 1504
53499 + 92
53500 # 1504
53500 - 92 1
53501 # 1504
53501 + 92
53504 # 1504
53504 - 92 3
53505 # 1504
53515 # 1504
53515 # 1504
53515 # 1504
53515 # 1504
53523 + 92
53525 # 1504
53525 - 92 2
53525 # 1504
53525 # 1504
53525 # 1504
53525 # 1504
53526 # 1504
53527 + 92
53528 # 1504
53528 - 92 1
53529 # 1504
53537 + 92
53539 # 1504
53539 - 92 2
53539 # 1504
53539 # 1504
53539 # 1504
53541 # 1504
53545 + 92
53551 # 1504
53551 - 92 6
53551 # 1504
53551 # 1504
53551 # 1504
53551 # 1504
53552 + 92
53553 # 1504
53553 - 92 1
53554 # 1504
53555 # 1504
53557 # 1504
53558 # 1504
53558 + 92
53560 # 1504
53560 - 92 2
53561 # 1504
53563 + 92
53564 # 1504
53564 - 92 1
53564 # 1504
53566 # 1504
53568 # 1504
53569 # 1504
53570 # 1504
53572 # 1504
53572 + 92
53574 # 1504
53574 - 92 2
53575 # 1504
53576 + 92
53577 # 1504
53577 - 92 1
53578 # 1504
53578 + 92
53581 # 1504
53581 - 92 3
53581 # 1504
53581 + 92
53585 + 92
53593 # 1504
53593 - 92 12
53593 - 92 8
53594 # 1504
53595 + 92
53595 + 92
53596 # 1504
53596 - 92 1
53596 - 92 1
53596 # 1504
53596 # 1504
53596 # 1504
53597 + 92
53598 # 1504
53598 - 92 1
53599 # 1504
53601 # 1504
53601 + 92
53603 # 1504
53603 - 92 2
53604 # 1504
53605 # 1504
53607 # 1504
53612 + 92
53613 + 92
53616 # 1504
53616 - 92 4
53616 - 92 3
53616 # 1504
53616 # 1504
53616 # 1504
53620 + 92
53620 + 92
53622 + 92
53626 # 1504
53626 - 92 6
53626 - 92 6
53626 - 92 4
53626 # 1504
53626 # 1504
53626 # 1504
53630 # 1504
53630 # 1504
53630 # 1504
53630 # 1504
53634 + 92
53634 + 92
53636 + 92
53639 # 1504
53639 - 92 5
53639 - 92 5
53639 - 92 3
53639 # 1504
53639 # 1504
53639 # 1504
53639 + 92
53640 # 1504
53640 - 92 1
53641 # 1504
53642 # 1504
53651 + 92
53653 # 1504
53653 - 92 2
53653 # 1504
53653 # 1504
53654 # 1504
53654 # 1504
53654 # 1504
53655 # 1504
53656 # 1504
53656 + 92
53657 + 92
53658 # 1504
53658 - 92 2
53658 - 92 1
53659 # 1504
53661 # 1504
53662 # 1504
53664 # 1504
53666 # 1504
53668 + 92
53671 + 92
53678 # 1504
53678 - 92 10
53678 - 92 7
53681 # 1504
53682 # 1504
53682 # 1504
53682 # 1504
53682 # 1504
53683 + 92
53687 + 92
53693 # 1504
53693 - 92 10
53693 - 92 6
53693 + 92
53693 + 92
53704 # 1504
53704 - 92 11
53704 - 92 11
53704 # 1504
53704 # 1504
53704 + 92
53705 + 92
53710 # 1504
53710 - 92 6
53710 - 92 5
53710 # 1504
53710 # 1504
53710 # 1504
53711 # 1504
53713 # 1504
53713 + 92
53713 + 92
53716 # 1504
53716 - 92 3
53716 - 92 3
53718 # 1504
53718 + 92
53718 + 92
53721 # 1504
53721 - 92 3
53721 - 92 3
53725 # 1504
53728 # 1504
53729 # 1504
53734 # 1504
53736 # 1504
53738 # 1504
53738 + 92
53742 # 1504
53742 - 92 4
53743 + 92
53744 # 1504
53744 - 92 1
53746 + 92
53747 # 1504
53747 - 92 1
53749 # 1504
53753 # 1504
53755 # 1504
53756 + 92
53756 + 92
53756 + 92
53758 # 1504
53758 - 92 2
53758 - 92 2
53758 - 92 2
53760 # 1504
53763 # 1504
53765 # 1504
53765 + 92
53767 # 1504
53767 - 92 2
53768 # 1504
53770 + 92
53772 # 1504
53772 - 92 2
53774 # 1504
53774 + 92
53776 # 1504
53776 - 92 2
53777 # 1504
53780 # 1504
53782 # 1504
53784 + 92
53784 + 92
53785 # 1504
53785 - 92 1
53785 - 92 1
53785 # 1504
53787 # 1504
53789 # 1504
53790 # 1504
53792 # 1504
53793 + 92
53794 # 1504
53794 - 92 1
53794 + 92
53796 # 1504
53796 - 92 2
53797 # 1504
53799 # 1504
53800 + 92
53801 # 1504
53801 - 92 1
53802 # 1504
53804 # 1504
53804 + 92
53807 + 92
53815 # 1504
53815 - 92 11
53815 - 92 8
53816 + 92
53819 + 92
53822 + 92
53822 + 92
53823 # 1504
53823 - 92 7
53823 - 92 4
53823 - 92 1
53823 - 92 1
53823 # 1504
53824 # 1504
53824 # 1504
53824 # 1504
53824 # 1504
53833 # 1504
53834 # 1504
53836 # 1504
53836 # 1504
53836 + 92
53836 + 92
53840 # 1504
53840 - 92 4
53840 - 92 4
53840 # 1504
53842 + 92
53845 # 1504
53845 - 92 3
53845 # 1504
53847 # 1504
53847 + 92
53848 # 1504
53848 - 92 1
53850 # 1504
53853 # 1504
53854 + 92
53855 # 1504
53855 - 92 1
53856 + 92
53857 # 1504
53857 - 92 1
53861 # 1504
53862 # 1504
53864 # 1504
53867 # 1504
53870 # 1504
53871 # 1504
53871 + 92
53871 + 92
53874 # 1504
53874 - 92 3
53874 - 92 3
53876 + 92
53876 + 92
53877 # 1504
53877 - 92 1
53877 - 92 1
53879 # 1504
53881 + 92
53888 # 1504
53888 - 92 7
53888 # 1504
53890 + 92
53894 # 1504
53894 - 92 4
53894 # 1504
53894 # 1504
53894 # 1504
53894 + 92
53895 # 1504
53895 - 92 1
53896 # 1504
53900 + 92
53907 # 1504
53907 - 92 7
53909 # 1504
53913 # 1504
53913 # 1504
53913 # 1504
53913 # 1504
53913 + 92
53914 + 92
53914 + 92
53915 # 1504
53915 - 92 2
53915 - 92 1
53915 - 92 1
53923 + 92
53924 # 1504
53924 - 92 1
53927 + 92
53928 # 1504
53928 - 92 1
53928 # 1504
53928 # 1504
53931 # 1504
53934 + 92
53935 # 1504
53935 - 92 1
53940 # 1504
53941 # 1504
53941 + 92
53943 # 1504
53943 - 92 2
53947 # 1504
53948 + 92
53949 # 1504
53949 - 92 1
53951 # 1504
53954 # 1504
53955 + 92
53956 # 1504
53956 - 92 1
53958 # 1504
53960 # 1504
53960 + 92
53962 # 1504
53962 - 92 2
53964 # 1504
53966 # 1504
53966 + 92
53966 + 92
53967 # 1504
53967 - 92 1
53967 - 92 1
53969 # 1504
53972 # 1504
53974 # 1504
53974 + 92
53975 # 1504
53975 - 92 1
53978 # 1504
53979 # 1504
53980 + 92
53981 # 1504
53981 - 92 1
53982 # 1504
53984 # 1504
53987 # 1504
53987 + 92
53988 # 1504
53988 - 92 1
53989 # 1504
53991 # 1504
53992 + 92
53993 # 1504
53993 - 92 1
53995 # 1504
53996 # 1504
53998 # 1504
54000 # 1504
54000 + 92
54002 # 1504
54002 - 92 2
54004 # 1504
54004 + 92
54005 # 1504
54005 - 92 1
54007 # 1504
54008 # 1504
54009 + 92
54011 # 1504
54011 - 92 2
54011 # 1504
54014 # 1504
54015 # 1504
54015 + 92
54015 + 92
54017 # 1504
54017 - 92 2
54017 - 92 2
54019 # 1504
54021 # 1504
54022 # 1504
54025 # 1504
54025 + 92
54025 + 92
54026 # 1504
54026 - 92 1
54026 - 92 1
54028 # 1504
54030 # 1504
54030 + 92
54031 # 1504
54031 - 92 1
54033 + 92
54034 # 1504
54034 - 92 1
54034 + 92
54035 # 1504
54035 - 92 1
54037 # 1504
54038 # 1504
54040 # 1504
54040 + 92
54043 # 1504
54043 - 92 3
54044 # 1504
54044 + 92
54046 # 1504
54046 - 92 2
54047 # 1504
54049 # 1504
54051 # 1504
54052 + 92
54054 + 92
54056 # 1504
54056 - 92 4
54056 - 92 2
54056 # 1504
54058 # 1504
54059 # 1504
54062 # 1504
54065 # 1504
54065 # 1504
54066 # 1504
54066 + 92
54066 + 92
54068 # 1504
54068 - 92 2
54068 - 92 2
54070 # 1504
54071 # 1504
54072 + 92
54074 # 1504
54074 - 92 2
54076 # 1504
54077 + 92
54078 # 1504
54078 - 92 1
54079 # 1504
54079 + 92
54088 # 1504
54088 - 92 9
54090 # 1504
54090 # 1504
54090 + 92
54093 # 1504
54093 - 92 3
54094 # 1504
54100 # 1504
54104 # 1504
54106 # 1504
54106 # 1504
54108 # 1504
54108 # 1504
54108 # 1504
54111 # 1504
54112 # 1504
54113 + 92
54113 + 92
54113 + 92
54113 + 92
54114 # 1504
54114 - 92 1
54114 - 92 1
54114 - 92 1
54114 - 92 1
54116 # 1504
54118 # 1504
54120 # 1504
54123 # 1504
54125 + 92
54125 + 92
54126 # 1504
54126 - 92 1
54126 - 92 1
54126 + 92
54131 # 1504
54131 - 92 5
54132 + 92
54135 # 1504
54135 - 92 3
54135 + 92
54139 # 1504
54139 - 92 4
54142 # 1504
54143 + 92
54145 + 92
54146 # 1504
54146 - 92 3
54146 - 92 1
54148 + 92
54150 # 1504
54150 - 92 2
54153 # 1504
54156 # 1504
54161 # 1504
54161 # 1504
54164 # 1504
54167 # 1504
54170 # 1504
54173 # 1504
54176 + 92
54176 + 92
54176 + 92
54176 + 92
54176 + 92
54182 + 92
54185 # 1504
54185 - 92 9
54185 - 92 9
54185 - 92 9
54185 - 92 9
54185 - 92 9
54185 - 92 3
54186 # 1504
54186 + 92
54188 + 92
54189 # 1504
54189 - 92 3
54189 - 92 1
54189 # 1504
54191 # 1504
54191 # 1504
54192 + 92
54193 # 1504
54193 - 92 1
54195 + 92
54202 + 92
54205 # 1504
54205 - 92 10
54205 - 92 3
54206 + 92
54207 # 1504
54207 - 92 1
54207 # 1504
54208 # 1504
54208 # 1504
54208 # 1504
54211 # 1504
54213 # 1504
54213 + 92
54213 + 92
54215 # 1504
54215 - 92 2
54215 - 92 2
54217 # 1504
54219 # 1504
54221 # 1504
54223 # 1504
54225 + 92
54227 # 1504
54227 - 92 2
54229 # 1504
54234 # 1504
54234 + 92
54236 # 1504
54236 - 92 2
54238 # 1504
54240 # 1504
54241 + 92
54244 + 92
54253 # 1504
54253 - 92 12
54253 - 92 9
54254 + 92
54255 # 1504
54255 - 92 1
54255 # 1504
54255 # 1504
54257 # 1504
54258 + 92
54258 + 92
54261 # 1504
54261 - 92 3
54261 - 92 3
54264 # 1504
54267 + 92
54268 # 1504
54268 - 92 1
54271 # 1504
54273 + 92
54275 # 1504
54275 - 92 2
54277 + 92
54279 # 1504
54279 - 92 2
54283 + 92
54284 # 1504
54284 - 92 1
54287 # 1504
54288 + 92
54291 # 1504
54291 - 92 3
54293 + 92
54296 # 1504
54296 - 92 3
54298 + 92
54300 # 1504
54300 - 92 2
54304 # 1504
54307 + 92
54307 + 92
54308 # 1504
54308 - 92 1
54308 - 92 1
54310 # 1504
54314 + 92
54314 + 92
54315 # 1504
54315 - 92 1
54315 - 92 1
54318 # 1504
54320 # 1504
54325 + 92
54325 + 92
54331 # 1504
54331 - 92 6
54331 - 92 6
54336 + 92
54336 + 92
54338 + 92
54343 # 1504
54343 - 92 7
54343 - 92 7
54343 - 92 5
54344 # 1504
54346 + 92
54346 + 92
54353 + 92
54353 + 92
54354 + 92
54360 + 92
54368 + 92
54368 + 92
54398 + 92
54398 + 92
54405 + 92
54405 + 92
54420 # 1504
54420 - 92 74
54420 - 92 74
54420 - 92 67
54420 - 92 67
54420 - 92 66
54420 - 92 60
54420 - 92 52
54420 - 92 52
54420 - 92 22
54420 - 92 22
54420 - 92 15
54420 - 92 15
54420 # 1504
54421 + 92
54425 # 1504
54425 - 92 4
54425 # 1504
54426 # 1504
54426 # 1504
54426 # 1504
54426 + 92
54426 + 92
54427 # 1504
54427 - 92 1
54427 - 92 1
54427 # 1504
54427 # 1504
54427 # 1504
54427 # 1504
54427 # 1504
54427 # 1504
54427 # 1504
54428 # 1504
54434 # 1504
54434 + 92
54441 # 1504
54441 - 92 7
54444 + 92
54445 # 1504
54445 - 92 1
54450 # 1504
54452 + 92
54454 # 1504
54454 - 92 2
54457 # 1504
54459 + 92
54464 # 1504
54464 - 92 5
54468 # 1504
54471 + 92
54473 # 1504
54473 - 92 2
54477 # 1504
54481 # 1504
54484 # 1504
54487 # 1504
54488 # 1504
54488 + 92
54490 # 1504
54490 - 92 2
54493 # 1504
54495 + 92
54496 # 1504
54496 - 92 1
54498 # 1504
54499 + 92
54507 + 92
54509 # 1504
54509 - 92 10
54509 - 92 2
54509 # 1504
54513 # 1504
54514 + 92
54520 # 1504
54520 - 92 6
54522 + 92
54525 # 1504
54525 - 92 3
54528 # 1504
54533 # 1504
54533 + 92
54536 # 1504
54536 - 92 3
54539 # 1504
54542 + 92
54544 # 1504
54544 - 92 2
54546 # 1504
54547 + 92
54549 # 1504
54549 - 92 2
54552 + 92
54553 # 1504
54553 - 92 1
54556 # 1504
54559 # 1504
54560 + 92
54562 # 1504
54562 - 92 2
54564 # 1504
54566 # 1504
54566 + 92
54569 # 1504
54569 - 92 3
54571 # 1504
54573 # 1504
54575 # 1504
54575 + 92
54578 # 1504
54578 - 92 3
54580 # 1504
54581 + 92
54589 + 92
54590 # 1504
54590 - 92 9
54590 - 92 1
54591 # 1504
54593 # 1504
54594 # 1504
54594 # 1504
54595 # 1504
54596 + 92
54597 # 1504
54597 - 92 1
54602 + 92
54606 # 1504
54606 - 92 4
54608 # 1504
54609 # 1504
54612 + 92
54613 + 92
54614 # 1504
54614 - 92 2
54614 - 92 1
54614 # 1504
54614 # 1504
54617 + 92
54625 # 1504
54625 - 92 8
54625 # 1504
54625 + 92
54627 # 1504
54627 - 92 2
54629 # 1504
54631 # 1504
54632 # 1504
54635 # 1504
54637 # 1504
54639 # 1504
54639 + 92
54642 # 1504
54642 - 92 3
54646 + 92
54648 # 1504
54648 - 92 2
54652 + 92
54653 # 1504
54653 - 92 1
54659 # 1504
54662 + 92
54664 # 1504
54664 - 92 2
54668 + 92
54670 # 1504
54670 - 92 2
54674 + 92
54675 # 1504
54675 - 92 1
54680 + 92
54683 # 1504
54683 - 92 3
54689 # 1504
54694 + 92
54694 + 92
54695 # 1504
54695 - 92 1
54695 - 92 1
54696 + 92
54701 # 1504
54701 - 92 5
54703 + 92
54707 # 1504
54707 - 92 4
54708 + 92
54712 # 1504
54712 - 92 4
54718 # 1504
54719 + 92
54724 # 1504
54724 - 92 5
54726 + 92
54727 # 1504
54727 - 92 1
54731 # 1504
54734 # 1504
54737 # 1504
54737 + 92
54740 # 1504
54740 - 92 3
54745 # 1504
54746 + 92
54747 # 1504
54747 - 92 1
54748 + 92
54751 # 1504
54751 - 92 3
54755 # 1504
54755 + 92
54759 # 1504
54759 - 92 4
54761 # 1504
54764 # 1504
54767 # 1504
54769 + 92
54778 + 92
54778 + 92
54782 + 92
54784 + 92
54786 # 1504
54786 - 92 17
54786 - 92 8
54786 - 92 8
54786 - 92 4
54786 - 92 2
54788 + 92
54792 # 1504
54792 - 92 4
54792 # 1504
54792 # 1504
54792 # 1504
54792 # 1504
54793 # 1504
54797 # 1504
54800 # 1504
54800 + 92
54800 + 92
54804 # 1504
54804 - 92 4
54804 - 92 4
54804 + 92
54807 # 1504
54807 - 92 3
54810 # 1504
54816 + 92
54818 + 92
54819 # 1504
54819 - 92 3
54819 - 92 1
54823 # 1504
54825 # 1504
54829 + 92
54830 # 1504
54830 - 92 1
54831 + 92
54832 # 1504
54832 - 92 1
54835 # 1504
54837 + 92
54840 # 1504
54840 - 92 3
54841 # 1504
54841 + 92
54844 # 1504
54844 - 92 3
54846 # 1504
54847 + 92
54848 # 1504
54848 - 92 1
54851 # 1504
54852 + 92
54854 # 1504
54854 - 92 2
54855 # 1504
54858 # 1504
54858 + 92
54861 # 1504
54861 - 92 3
54862 # 1504
54863 + 92
54865 # 1504
54865 - 92 2
54867 # 1504
54869 # 1504
54870 + 92
54872 # 1504
54872 - 92 2
54874 # 1504
54876 # 1504
54881 # 1504
54884 # 1504
54886 # 1504
54888 # 1504
54889 + 92
54889 + 92
54891 # 1504
54891 - 92 2
54891 - 92 2
54900 + 92
54910 # 1504
54910 - 92 10
54910 # 1504
54913 + 92
54913 + 92
54914 # 1504
54914 - 92 1
54914 - 92 1
54914 # 1504
54916 + 92
54920 # 1504
54920 - 92 4
54922 # 1504
54924 # 1504
54924 + 92
54928 # 1504
54928 - 92 4
54928 + 92
54933 + 92
54934 # 1504
54934 - 92 6
54934 - 92 1
54938 + 92
54940 # 1504
54940 - 92 2
54943 + 92
54948 + 92
54951 # 1504
54951 - 92 8
54951 - 92 3
54952 + 92
54954 # 1504
54954 - 92 2
54959 + 92
54960 # 1504
54960 - 92 1
54960 # 1504
54960 # 1504
54963 + 92
54965 # 1504
54965 - 92 2
54967 # 1504
54970 + 92
54974 # 1504
54974 - 92 4
54979 # 1504
54984 # 1504
54984 + 92
54984 + 92
54990 # 1504
54990 - 92 6
54990 - 92 6
54990 + 92
54994 + 92
54995 # 1504
54995 - 92 5
54995 - 92 1
54999 + 92
55002 # 1504
55002 - 92 3
55005 + 92
55006 # 1504
55006 - 92 1
55009 + 92
55013 # 1504
55013 - 92 4
55018 # 1504
55019 + 92
55020 + 92
55025 + 92
55026 # 1504
55026 - 92 7
55026 - 92 6
55026 - 92 1
55031 # 1504
55033 + 92
55036 # 1504
55036 - 92 3
55037 + 92
55049 # 1504
55049 - 92 12
55049 # 1504
55049 # 1504
55050 + 92
55053 # 1504
55053 - 92 3
55053 + 92
55056 # 1504
55056 - 92 3
55059 # 1504
55060 + 92
55060 + 92
55064 # 1504
55064 - 92 4
55064 - 92 4
55069 # 1504
55071 # 1504
55072 + 92
55072 + 92
55072 + 92
55075 # 1504
55075 - 92 3
55075 - 92 3
55075 - 92 3
55076 # 1504
55076 + 92
55078 # 1504
55078 - 92 2
55082 # 1504
55084 # 1504
55086 # 1504
55087 + 92
55089 # 1504
55089 - 92 2
55091 # 1504
55092 + 92
55093 + 92
55095 # 1504
55095 - 92 3
55095 - 92 2
55097 # 1504
55099 + 92
55100 # 1504
55100 - 92 1
55103 # 1504
55105 # 1504
55108 # 1504
55108 + 92
55108 + 92
55112 + 92
55116 + 92
55119 # 1504
55119 - 92 11
55119 - 92 11
55119 - 92 7
55119 - 92 3
55119 + 92
55125 # 1504
55125 - 92 6
55129 # 1504
55129 # 1504
55129 # 1504
55130 # 1504
55130 + 92
55133 + 92
55133 + 92
55137 # 1504
55137 - 92 7
55137 - 92 4
55137 - 92 4
55144 # 1504
55144 # 1504
55144 + 92
55148 # 1504
55148 - 92 4
55148 + 92
55151 # 1504
55151 - 92 3
55152 + 92
55155 # 1504
55155 - 92 3
55157 # 1504
55159 # 1504
55162 # 1504
55164 # 1504
55164 + 92
55164 + 92
55167 # 1504
55167 - 92 3
55167 - 92 3
55168 # 1504
55173 + 92
55175 # 1504
55175 - 92 2
55176 + 92
55181 # 1504
55181 - 92 5
55184 # 1504
55186 # 1504
55187 + 92
55187 + 92
55189 # 1504
55189 - 92 2
55189 - 92 2
55191 # 1504
55192 # 1504
55192 + 92
55198 # 1504
55198 - 92 6
55206 + 92
55206 + 92
55212 + 92
55212 + 92
55215 # 1504
55215 - 92 9
55215 - 92 9
55215 - 92 3
55215 - 92 3
55215 # 1504
55216 # 1504
55217 + 92
55227 # 1504
55227 - 92 10
55227 # 1504
55229 + 92
55233 # 1504
55233 - 92 4
55234 # 1504
55234 # 1504
55234 # 1504
55236 # 1504
55242 + 92
55242 + 92
55245 # 1504
55245 - 92 3
55245 - 92 3
55245 # 1504
55245 # 1504
55246 # 1504
55246 # 1504
55248 # 1504
55257 + 92
55258 # 1504
55258 - 92 1
55259 + 92
55261 # 1504
55261 - 92 2
55264 # 1504
55264 # 1504
55264 # 1504
55268 # 1504
55271 # 1504
55273 # 1504
55275 + 92
55275 + 92
55276 # 1504
55276 - 92 1
55276 - 92 1
55277 # 1504
55284 # 1504
55288 # 1504
55288 + 92
55291 + 92
55298 # 1504
55298 - 92 10
55298 - 92 7
55302 # 1504
55306 + 92
55308 # 1504
55308 - 92 2
55314 # 1504
55318 # 1504
55319 + 92
55322 # 1504
55322 - 92 3
55324 # 1504
55326 # 1504
55328 # 1504
55331 # 1504
55332 + 92
55333 # 1504
55333 - 92 1
55334 # 1504
55336 # 1504
55338 # 1504
55339 + 92
55346 # 1504
55346 - 92 7
55349 + 92
55362 + 92
55365 # 1504
55365 - 92 16
55365 - 92 3
55365 # 1504
55365 # 1504
55378 + 92
55396 + 92
55404 + 92
55421 + 92
55434 # 1504
55434 - 92 56
55434 - 92 38
55434 - 92 30
55434 - 92 13
55434 + 92
55446 + 92
55462 + 92
55479 + 92
55494 + 92
55496 + 92
55511 + 92
55516 + 92
55527 + 92
55537 + 92
55545 + 92
55558 # 1504
55558 - 92 124
55558 - 92 112
55558 - 92 96
55558 - 92 79
55558 - 92 64
55558 - 92 62
55558 - 92 47
55558 - 92 42
55558 - 92 31
55558 - 92 21
55558 - 92 13
55558 # 1504
55559 # 1504
55559 # 1504
55559 # 1504
55559 # 1504
55559 # 1504
55559 # 1504
55559 # 1504
55559 # 1504
55559 # 1504
55559 # 1504
55559 # 1504
55560 # 1504
55560 # 1504
55560 # 1504
55560 # 1504
55575 + 92
55578 + 92
55582 # 1504
55582 - 92 7
55582 - 92 4
55590 + 92
55593 + 92
55598 + 92
55605 + 92
55611 + 92
55621 + 92
55622 # 1504
55622 - 92 32
55622 - 92 29
55622 - 92 24
55622 - 92 17
55622 - 92 11
55622 - 92 1
55631 + 92
55636 + 92
55636 + 92
55641 + 92
55648 + 92
55654 + 92
55658 + 92
55667 + 92
55676 + 92
55678 # 1504
55678 - 92 47
55678 - 92 42
55678 - 92 42
55678 - 92 37
55678 - 92 30
55678 - 92 24
55678 - 92 20
55678 - 92 11
55678 - 92 2
55678 # 1504
55678 # 1504
55681 # 1504
55684 # 1504
55684 # 1504
55684 # 1504
55684 # 1504
55684 # 1504
55684 # 1504
55684 # 1504
55684 + 92
55685 # 1504
55685 - 92 1
55685 # 1504
55685 # 1504
55685 # 1504
55685 # 1504
55685 # 1504
55685 # 1504
55685 # 1504
55685 # 1504
55685 # 1504
55693 + 92
55700 + 92
55713 + 92
55713 + 92
55717 + 92
55724 + 92
55737 + 92
55744 # 1504
55744 - 92 51
55744 - 92 44
55744 - 92 31
55744 - 92 31
55744 - 92 27
55744 - 92 20
55744 - 92 7
55755 # 1504
55762 # 1504
55764 # 1504
55768 + 92
55768 + 92
55768 + 92
55776 + 92
55780 # 1504
55780 - 92 12
55780 - 92 12
55780 - 92 12
55780 - 92 4
55783 + 92
55784 # 1504
55784 - 92 1
55784 # 1504
55784 # 1504
55792 # 1504
55792 + 92
55793 + 92
55806 + 92
55810 + 92
55816 + 92
55816 + 92
55824 # 1504
55824 - 92 32
55824 - 92 31
55824 - 92 18
55824 - 92 14
55824 - 92 8
55824 - 92 8
55828 + 92
55828 + 92
55835 # 1504
55835 - 92 7
55835 - 92 7
55838 + 92
55840 + 92
55845 # 1504
55845 - 92 7
55845 - 92 5
55853 + 92
55858 # 1504
55858 - 92 5
55860 + 92
55860 + 92
55866 + 92
55870 # 1504
55870 - 92 10
55870 - 92 10
55870 - 92 4
55876 + 92
55893 + 92
55893 + 92
55899 + 92
55899 + 92
55906 + 92
55909 # 1504
55909 - 92 33
55909 - 92 16
55909 - 92 16
55909 - 92 10
55909 - 92 10
55909 - 92 3
55914 + 92
55923 + 92
55925 # 1504
55925 - 92 11
55925 - 92 2
55932 + 92
55935 # 1504
55935 - 92 3
55940 + 92
55949 # 1504
55949 - 92 9
55953 + 92
55958 + 92
55967 + 92
55971 # 1504
55971 - 92 18
55971 - 92 13
55971 - 92 4
55985 # 1504
55989 + 92
55991 # 1504
55991 - 92 2
55998 # 1504
56005 + 92
56009 # 1504
56009 - 92 4
56014 + 92
56018 # 1504
56018 - 92 4
56027 + 92
56028 # 1504
56028 - 92 1
56038 + 92
56055 + 92
56065 + 92
56066 # 1504
56066 - 92 28
56066 - 92 11
56066 - 92 1
56072 + 92
56075 # 1504
56075 - 92 3
56078 + 92
56083 # 1504
56083 - 92 5
56092 # 1504
56093 + 92
56101 # 1504
56101 - 92 8
56102 + 92
56105 + 92
56114 + 92
56131 # 1504
56131 - 92 29
56131 - 92 26
56131 - 92 17
56135 + 92
56135 + 92
56143 # 1504
56143 - 92 8
56143 - 92 8
56154 # 1504
56156 + 92
56164 # 1504
56164 - 92 8
56167 + 92
56180 + 92
56182 # 1504
56182 - 92 15
56182 - 92 2
56190 + 92
56191 # 1504
56191 - 92 1
56197 # 1504
56202 + 92
56203 # 1504
56203 - 92 1
56210 # 1504
56216 + 92
56218 # 1504
56218 - 92 2
56224 # 1504
56229 + 92
56231 # 1504
56231 - 92 2
56234 + 92
56239 # 1504
56239 - 92 5
56247 # 1504
56251 + 92
56253 # 1504
56253 - 92 2
56261 # 1504
56261 + 92
56267 # 1504
56267 - 92 6
56267 + 92
56274 # 1504
56274 - 92 7
56281 # 1504
56287 # 1504
56287 + 92
56294 # 1504
56294 - 92 7
56300 + 92
56301 # 1504
56301 - 92 1
56304 + 92
56310 # 1504
56310 - 92 6
56315 # 1504
56316 + 92
56324 # 1504
56324 - 92 8
56332 # 1504
56337 # 1504
56342 + 92
56344 # 1504
56344 - 92 2
56352 # 1504
56355 + 92
56360 # 1504
56360 - 92 5
56360 + 92
56363 + 92
56369 # 1504
56369 - 92 9
56369 - 92 6
56370 + 92
56381 + 92
56389 + 92
56398 # 1504
56398 - 92 28
56398 - 92 17
56398 - 92 9
56399 + 92
56405 # 1504
56405 - 92 6
56409 + 92
56415 + 92
56416 # 1504
56416 - 92 7
56416 - 92 1
56419 + 92
56424 # 1504
56424 - 92 5
56431 # 1504
56438 # 1504
56441 + 92
56445 + 92
56446 # 1504
56446 - 92 5
56446 - 92 1
56455 + 92
56467 # 1504
56467 - 92 12
56470 + 92
56475 # 1504
56475 - 92 5
56481 # 1504
56489 # 1504
56495 # 1504
56498 + 92
56502 # 1504
56502 - 92 4
56509 # 1504
56515 + 92
56515 + 92
56523 # 1504
56523 - 92 8
56523 - 92 8
56524 + 92
56535 + 92
56535 + 92
56542 + 92
56545 # 1504
56545 - 92 21
56545 - 92 10
56545 - 92 10
56545 - 92 3
56552 # 1504
56559 + 92
56560 # 1504
56560 - 92 1
56561 + 92
56565 # 1504
56565 - 92 4
56571 # 1504
56576 # 1504
56583 # 1504
56590 + 92
56591 # 1504
56591 - 92 1
56596 # 1504
56602 # 1504
56602 + 92
56607 # 1504
56607 - 92 5
56610 + 92
56613 # 1504
56613 - 92 3
56618 # 1504
56620 + 92
56624 # 1504
56624 - 92 4
56629 # 1504
56635 + 92
56636 # 1504
56636 - 92 1
56637 + 92
56643 # 1504
56643 - 92 6
56649 # 1504
56656 # 1504
56660 + 92
56667 # 1504
56667 - 92 7
56672 # 1504
56678 # 1504
56684 # 1504
56684 + 92
56688 + 92
56690 # 1504
56690 - 92 6
56690 - 92 2
56697 # 1504
56697 + 92
56704 # 1504
56704 - 92 7
56704 + 92
56709 + 92
56710 # 1504
56710 - 92 6
56710 - 92 1
56716 # 1504
56721 + 92
56725 # 1504
56725 - 92 4
56732 # 1504
56736 + 92
56737 # 1504
56737 - 92 1
56744 # 1504
56744 + 92
56750 # 1504
56750 - 92 6
56750 + 92
56757 # 1504
56757 - 92 7
56763 # 1504
56764 + 92
56767 + 92
56768 # 1504
56768 - 92 4
56768 - 92 1
56775 # 1504
56780 # 1504
56785 # 1504
56791 # 1504
56797 # 1504
56803 # 1504
56808 # 1504
56815 # 1504
56818 + 92
56819 # 1504
56819 - 92 1
56820 + 92
56825 # 1504
56825 - 92 5
56829 + 92
56832 # 1504
56832 - 92 3
56839 # 1504
56839 + 92
56843 # 1504
56843 - 92 4
56848 # 1504
56849 + 92
56851 + 92
56855 # 1504
56855 - 92 6
56855 - 92 4
56860 + 92
56864 # 1504
56864 - 92 4
56869 + 92
56870 # 1504
56870 - 92 1
56875 # 1504
56878 + 92
56881 # 1504
56881 - 92 3
56885 + 92
56886 # 1504
56886 - 92 1
56890 + 92
56892 # 1504
56892 - 92 2
56896 + 92
56897 # 1504
56897 - 92 1
56903 # 1504
56909 # 1504
56915 # 1504
56920 # 1504
56926 # 1504
56932 # 1504
56936 + 92
56937 # 1504
56937 - 92 1
56943 # 1504
56945 + 92
56948 # 1504
56948 - 92 3
56955 # 1504
56955 + 92
56955 + 92
56956 + 92
56960 # 1504
56960 - 92 5
56960 - 92 5
56960 - 92 4
56966 # 1504
56968 + 92
56972 # 1504
56972 - 92 4
56972 + 92
56976 # 1504
56976 - 92 4
56983 # 1504
56988 + 92
56990 # 1504
56990 - 92 2
56995 # 1504
56995 + 92
57000 # 1504
57000 - 92 5
57002 + 92
57007 + 92
57013 + 92
57014 # 1504
57014 - 92 12
57014 - 92 7
57014 - 92 1
57018 + 92
57020 # 1504
57020 - 92 2
57026 # 1504
57027 + 92
57028 + 92
57028 + 92
57031 # 1504
57031 - 92 4
57031 - 92 3
57031 - 92 3
57038 # 1504
57040 + 92
57040 + 92
57042 + 92
57043 # 1504
57043 - 92 3
57043 - 92 3
57043 - 92 1
57047 + 92
57048 # 1504
57048 - 92 1
57051 + 92
57055 # 1504
57055 - 92 4
57057 + 92
57061 # 1504
57061 - 92 4
57067 # 1504
57067 + 92
57069 + 92
57072 # 1504
57072 - 92 5
57072 - 92 3
57076 + 92
57082 # 1504
57082 - 92 6
57089 + 92
57095 + 92
57100 # 1504
57100 - 92 11
57100 - 92 5
57105 + 92
57112 # 1504
57112 - 92 7
57115 + 92
57118 # 1504
57118 - 92 3
57119 + 92
57122 # 1504
57122 - 92 3
57123 + 92
57125 # 1504
57125 - 92 2
57128 # 1504
57131 + 92
57133 # 1504
57133 - 92 2
57136 # 1504
57139 # 1504
57141 + 92
57146 # 1504
57146 - 92 5
57152 # 1504
57157 # 1504
57158 + 92
57164 # 1504
57164 - 92 6
57167 # 1504
57171 # 1504
57175 # 1504
57178 + 92
57181 # 1504
57181 - 92 3
57181 + 92
57185 # 1504
57185 - 92 4
57189 + 92
57189 + 92
57190 # 1504
57190 - 92 1
57190 - 92 1
57195 # 1504
57196 + 92
57199 # 1504
57199 - 92 3
57203 # 1504
57206 # 1504
57207 + 92
57210 # 1504
57210 - 92 3
57210 + 92
57214 # 1504
57214 - 92 4
57215 + 92
57218 # 1504
57218 - 92 3
57222 # 1504
57229 # 1504
57230 + 92
57233 # 1504
57233 - 92 3
57239 # 1504
57242 # 1504
57246 # 1504
57249 + 92
57250 # 1504
57250 - 92 1
57251 + 92
57253 # 1504
57253 - 92 2
57257 # 1504
57261 # 1504
57263 # 1504
57263 + 92
57268 # 1504
57268 - 92 5
57270 # 1504
57275 + 92
57275 + 92
57276 # 1504
57276 - 92 1
57276 - 92 1
57279 # 1504
57281 + 92
57283 # 1504
57283 - 92 2
57285 # 1504
57285 + 92
57288 # 1504
57288 - 92 3
57290 + 92
57291 # 1504
57291 - 92 1
57293 # 1504
57296 # 1504
57299 # 1504
57301 # 1504
57304 # 1504
57304 + 92
57304 + 92
57304 + 92
57307 # 1504
57307 - 92 3
57307 - 92 3
57307 - 92 3
57311 # 1504
57314 # 1504
57316 + 92
57316 + 92
57317 # 1504
57317 - 92 1
57317 - 92 1
57321 + 92
57322 # 1504
57322 - 92 1
57325 # 1504
57325 + 92
57328 # 1504
57328 - 92 3
57330 + 92
57331 # 1504
57331 - 92 1
57334 # 1504
57334 + 92
57337 # 1504
57337 - 92 3
57337 + 92
57340 # 1504
57340 - 92 3
57342 # 1504
57345 # 1504
57347 + 92
57347 + 92
57348 # 1504
57348 - 92 1
57348 - 92 1
57349 + 92
57354 # 1504
57354 - 92 5
57354 + 92
57356 # 1504
57356 - 92 2
57357 + 92
57359 # 1504
57359 - 92 2
57363 # 1504
57366 # 1504
57367 + 92
57368 # 1504
57368 - 92 1
57371 # 1504
57372 + 92
57374 # 1504
57374 - 92 2
57378 # 1504
57381 # 1504
57389 + 92
57389 + 92
57389 + 92
57392 # 1504
57392 - 92 3
57392 - 92 3
57392 - 92 3
57393 # 1504
57394 # 1504
57397 # 1504
57400 # 1504
57401 + 92
57402 # 1504
57402 - 92 1
57406 # 1504
57407 + 92
57411 # 1504
57411 - 92 4
57413 + 92
57415 # 1504
57415 - 92 2
57415 + 92
57415 + 92
57418 # 1504
57418 - 92 3
57418 - 92 3
57420 # 1504
57423 # 1504
57426 # 1504
57429 # 1504
57429 + 92
57429 + 92
57429 + 92
57433 # 1504
57433 - 92 4
57433 - 92 4
57433 - 92 4
57433 + 92
57436 # 1504
57436 - 92 3
57440 # 1504
57442 # 1504
57443 # 1504
57444 + 92
57445 # 1504
57445 - 92 1
57447 # 1504
57449 # 1504
57449 + 92
57449 + 92
57451 # 1504
57451 - 92 2
57451 - 92 2
57453 + 92
57454 # 1504
57454 - 92 1
57456 # 1504
57458 # 1504
57462 # 1504
57463 + 92
57464 # 1504
57464 - 92 1
57464 + 92
57466 # 1504
57466 - 92 2
57468 # 1504
57470 # 1504
57472 # 1504
57474 # 1504
57476 # 1504
57478 # 1504
57479 + 92
57480 # 1504
57480 - 92 1
57490 # 1504
57491 # 1504
57491 + 92
57491 + 92
57496 + 92
57500 + 92
57500 + 92
57504 # 1504
57504 - 92 13
57504 - 92 13
57504 - 92 8
57504 - 92 4
57504 - 92 4
57504 # 1504
57504 # 1504
57504 # 1504
57504 # 1504
57505 # 1504
57505 # 1504
57506 # 1504
57507 + 92
57509 # 1504
57509 - 92 2
57512 # 1504
57514 + 92
57514 + 92
57516 + 92
57524 # 1504
57524 - 92 10
57524 - 92 10
57524 - 92 8
57524 # 1504
57524 # 1504
57524 # 1504
57525 # 1504
57526 + 92
57528 # 1504
57528 - 92 2
57532 + 92
57535 + 92
57538 # 1504
57538 - 92 6
57538 - 92 3
57543 + 92
57544 # 1504
57544 - 92 1
57544 # 1504
57544 # 1504
57546 + 92
57547 # 1504
57547 - 92 1
57547 + 92
57549 + 92
57552 # 1504
57552 - 92 5
57552 - 92 3
57556 # 1504
57556 + 92
57559 # 1504
57559 - 92 3
57565 + 92
57569 + 92
57571 # 1504
57571 - 92 6
57571 - 92 2
57572 # 1504
57572 # 1504
57572 # 1504
57574 # 1504
57575 # 1504
57576 + 92
57577 # 1504
57577 - 92 1
57579 # 1504
57581 # 1504
57583 # 1504
57593 + 92
57595 + 92
57597 + 92
57597 + 92
57604 # 1504
57604 - 92 11
57604 - 92 9
57604 - 92 7
57604 - 92 7
57604 # 1504
57604 # 1504
57604 # 1504
57604 # 1504
57604 # 1504
57604 # 1504
57605 + 92
57606 # 1504
57606 - 92 1
57606 + 92
57608 # 1504
57608 - 92 2
57613 # 1504
57615 # 1504
57616 # 1504
57616 + 92
57616 + 92
57618 # 1504
57618 - 92 2
57618 - 92 2
57621 # 1504
57622 + 92
57623 # 1504
57623 - 92 1
57625 # 1504
57626 + 92
57626 + 92
57633 + 92
57636 # 1504
57636 - 92 10
57636 - 92 10
57636 - 92 3
57638 # 1504
57638 + 92
57639 # 1504
57639 - 92 1
57639 # 1504
57649 + 92
57653 + 92
57655 + 92
57657 # 1504
57657 - 92 8
57657 - 92 4
57657 - 92 2
57657 # 1504
57662 # 1504
57664 # 1504
57665 # 1504
57669 # 1504
57679 # 1504
57682 + 92
57686 + 92
57695 + 92
57700 + 92
57704 + 92
57704 + 92
57717 + 92
57724 + 92
57745 # 1504
57745 - 92 63
57745 - 92 59
57745 - 92 50
57745 - 92 45
57745 - 92 41
57745 - 92 41
57745 - 92 28
57745 - 92 21
57745 # 1504
57750 + 92
57750 + 92
57761 + 92
57774 + 92
57774 + 92
57791 + 92
57791 + 92
57795 + 92
57798 + 92
57805 # 1504
57805 - 92 55
57805 - 92 55
57805 - 92 44
57805 - 92 31
57805 - 92 31
57805 - 92 14
57805 - 92 14
57805 - 92 10
57805 - 92 7
57813 + 92
57814 # 1504
57814 - 92 1
57816 + 92
57819 # 1504
57819 - 92 3
57820 + 92
57822 # 1504
57822 - 92 2
57823 # 1504
57827 + 92
57830 + 92
57836 # 1504
57836 - 92 9
57836 - 92 6
57836 # 1504
57837 + 92
57838 # 1504
57838 - 92 1
57842 + 92
57851 + 92
57855 # 1504
57855 - 92 13
57855 - 92 4
57855 # 1504
57855 # 1504
57855 # 1504
57855 # 1504
57856 # 1504
57856 # 1504
57856 # 1504
57856 # 1504
57856 # 1504
57856 # 1504
57856 # 1504
57856 # 1504
57856 # 1504
57856 # 1504
57857 # 1504
57857 # 1504
57857 # 1504
57857 # 1504
57857 # 1504
57857 # 1504
57857 # 1504
57857 # 1504
57857 # 1504
57858 # 1504
57862 + 92
57866 + 92
57876 + 92
57879 + 92
57890 + 92
57892 + 92
57895 + 92
57905 + 92
57908 + 52
57911 + 92
57924 + 92
57925 + 92
57929 + 92
57940 + 92
57950 + 92
57954 # 1504
57954 - 92 92
57954 - 92 88
57954 - 92 78
57954 - 92 75
57954 - 92 64
57954 - 92 62
57954 - 92 59
57954 - 92 49
57954 - 52 46
57954 - 92 43
57954 - 92 30
57954 - 92 29
57954 - 92 25
57954 - 92 14
57954 - 92 4
57969 # 1504
57978 + 92
57978 + 92
57979 # 1504
57979 - 92 1
57979 - 92 1
57979 + 92
57990 # 1504
57990 - 92 11
57992 + 92
57995 + 92
58000 + 92
58012 + 92
58016 + 92
58016 + 92
58022 + 92
58032 + 92
58037 + 92
58041 # 1504
58041 - 92 49
58041 - 92 46
58041 - 92 41
58041 - 92 29
58041 - 92 25
58041 - 92 25
58041 - 92 19
58041 - 92 9
58041 - 92 4
58049 + 92
58053 + 92
58056 + 92
58066 + 92
58068 # 1504
58068 - 92 19
58068 - 92 15
58068 - 92 12
58068 - 92 2
58084 + 92
58091 + 92
58091 + 92
58092 # 1504
58092 - 92 8
58092 - 92 1
58092 - 92 1
58095 + 92
58095 + 92
58098 + 92
58111 # 1504
58111 - 92 16
58111 - 92 16
58111 - 92 13
58111 + 92
58112 + 92
58112 + 92
58118 + 92
58122 + 92
58136 # 1504
58136 - 92 25
58136 - 92 24
58136 - 92 24
58136 - 92 18
58136 - 92 14
58136 + 92
58136 + 92
58146 + 92
58146 + 92
58154 + 92
58158 # 1504
58158 - 92 22
58158 - 92 22
58158 - 92 12
58158 - 92 12
58158 - 92 4
58159 + 92
58160 + 92
58172 # 1504
58172 - 92 13
58172 - 92 12
58172 + 92
58177 + 92
58180 + 92
58184 + 92
58196 + 92
58200 + 92
58202 + 92
58213 + 92
58217 + 92
58228 + 92
58252 + 92
58254 + 92
58254 + 92
58262 # 1504
58262 - 92 90
58262 - 92 85
58262 - 92 82
58262 - 92 78
58262 - 92 66
58262 - 92 62
58262 - 92 60
58262 - 92 49
58262 - 92 45
58262 - 92 34
58262 - 92 10
58262 - 92 8
58262 - 92 8
58263 # 1504
58263 # 1504
58263 # 1504
58263 + 92
58263 + 92
58265 # 1504
58265 - 92 2
58265 - 92 2
58266 + 92
58272 + 92
58281 + 92
58281 + 92
58284 # 1504
58284 - 92 18
58284 - 92 12
58284 - 92 3
58284 - 92 3
58288 + 92
58291 # 1504
58291 - 92 3
58294 + 92
58296 + 92
58298 # 1504
58298 - 92 4
58298 - 92 2
58307 # 1504
58309 + 92
58309 + 92
58312 + 92
58317 # 1504
58317 - 92 8
58317 - 92 8
58317 - 92 5
58322 + 92
58322 + 92
58325 # 1504
58325 - 92 3
58325 - 92 3
58333 + 92
58335 + 92
58335 + 92
58336 # 1504
58336 - 92 3
58336 - 92 1
58336 - 92 1
58347 # 1504
58353 + 92
58353 + 92
58355 + 92
58357 # 1504
58357 - 92 4
58357 - 92 4
58357 - 92 2
58361 + 92
58361 + 92
58368 # 1504
58368 - 92 7
58368 - 92 7
58376 # 1504
58386 # 1504
58388 + 92
58388 + 92
58391 + 92
58394 + 92
58397 # 1504
58397 - 92 9
58397 - 92 9
58397 - 92 6
58397 - 92 3
58398 + 92
58404 + 92
58408 # 1504
58408 - 92 10
58408 - 92 4
58416 + 92
58418 # 1504
58418 - 92 2
58421 + 92
58425 + 92
58427 # 1504
58427 - 92 6
58427 - 92 2
58436 # 1504
58436 + 92
58441 + 92
58443 + 92
58445 # 1504
58445 - 92 9
58445 - 92 4
58445 - 92 2
58453 + 92
58455 + 92
58456 # 1504
58456 - 92 3
58456 - 92 1
58465 # 1504
58465 + 92
58465 + 92
58476 + 92
58477 # 1504
58477 - 92 12
58477 - 92 12
58477 - 92 1
58486 # 1504
58496 # 1504
58497 + 92
58501 + 92
58505 # 1504
58505 - 92 8
58505 - 92 4
58515 # 1504
58516 + 92
58516 + 92
58524 # 1504
58524 - 92 8
58524 - 92 8
58525 + 92
58530 + 92
58534 # 1504
58534 - 92 9
58534 - 92 4
58535 + 92
58535 + 92
58544 # 1504
58544 - 92 9
58544 - 92 9
58546 + 92
58546 + 92
58555 # 1504
58555 - 92 9
58555 - 92 9
58555 + 92
58555 + 92
58556 + 92
58560 + 92
58564 # 1504
58564 - 92 9
58564 - 92 9
58564 - 92 8
58564 - 92 4
58573 # 1504
58573 + 92
58574 + 92
58580 + 92
58582 # 1504
58582 - 92 9
58582 - 92 8
58582 - 92 2
58592 # 1504
58596 + 92
58596 + 92
58604 # 1504
58604 - 92 8
58604 - 92 8
58606 + 92
58611 + 92
58625 + 92
58627 + 92
58630 + 92
58631 # 1504
58631 - 92 25
58631 - 92 20
58631 - 92 6
58631 - 92 4
58631 - 92 1
58639 + 92
58644 # 1504
58644 - 92 5
58645 + 92
58651 # 1504
58651 - 92 6
58655 + 92
58659 # 1504
58659 - 92 4
58659 + 92
58666 + 92
58670 # 1504
58670 - 92 11
58670 - 92 4
58671 + 92
58675 + 92
58681 # 1504
58681 - 92 10
58681 - 92 6
58681 + 92
58691 + 92
58692 # 1504
58692 - 92 11
58692 - 92 1
58696 + 92
58704 # 1504
58704 - 92 8
58712 + 92
58712 + 92
58712 + 92
58714 # 1504
58714 - 92 2
58714 - 92 2
58714 - 92 2
58717 + 92
58723 + 92
58726 # 1504
58726 - 92 9
58726 - 92 3
58731 + 92
58745 # 1504
58745 - 92 14
58750 + 92
58750 + 92
58755 + 92
58763 + 92
58770 + 92
58775 # 1504
58775 - 92 25
58775 - 92 25
58775 - 92 20
58775 - 92 12
58775 - 92 5
58778 + 92
58779 + 92
58785 # 1504
58785 - 92 7
58785 - 92 6
58792 + 92
58795 # 1504
58795 - 92 3
58797 + 92
58812 + 92
58814 # 1504
58814 - 92 17
58814 - 92 2
58825 # 1504
58825 + 92
58835 + 92
58843 + 92
58843 + 92
58849 + 92
58851 # 1504
58851 - 92 26
58851 - 92 16
58851 - 92 8
58851 - 92 8
58851 - 92 2
58851 + 92
58854 + 92
58871 + 92
58872 # 1504
58872 - 92 21
58872 - 92 18
58872 - 92 1
58885 # 1504
58899 + 92
58901 + 92
58901 + 92
58904 + 92
58910 # 1504
58910 - 92 11
58910 - 92 9
58910 - 92 9
58910 - 92 6
58914 + 92
58919 + 92
58935 + 92
58936 # 1504
58936 - 92 22
58936 - 92 17
58936 - 92 1
58945 + 92
58954 # 1504
58954 - 92 9
58957 + 92
58962 + 92
58966 + 92
58969 # 1504
58969 - 92 12
58969 - 92 7
58969 - 92 3
58977 + 92
58986 + 92
59005 + 92
59056 + 92
59066 + 92
59072 + 92
59100 + 92
59100 + 92
59100 + 92
59115 # 1504
59115 - 92 138
59115 - 92 129
59115 - 92 110
59115 - 92 59
59115 - 92 49
59115 - 92 43
59115 - 92 15
59115 - 92 15
59115 - 92 15
59116 + 92
59116 + 92
59116 + 92
59118 + 92
59135 + 92
59135 + 92
59140 + 92
59147 + 92
59153 + 92
59175 # 1504
59175 - 92 59
59175 - 92 59
59175 - 92 59
59175 - 92 57
59175 - 92 40
59175 - 92 40
59175 - 92 35
59175 - 92 28
59175 - 92 22
59178 # 1504
59179 # 1504
59179 + 92
59181 # 1504
59181 - 92 2
59185 + 92
59192 + 92
59199 # 1504
59199 - 92 14
59199 - 92 7
59201 + 92
59201 + 92
59202 # 1504
59202 - 92 1
59202 - 92 1
59206 # 1504
59206 + 92
59208 # 1504
59208 - 92 2
59212 + 92
59216 # 1504
59216 - 92 4
59216 + 92
59226 + 92
59241 # 1504
59241 - 92 25
59241 - 92 15
59242 + 92
59247 + 92
59248 + 92
59259 # 1504
59259 - 92 17
59259 - 92 12
59259 - 92 11
59269 # 1504
59269 + 92
59272 + 92
59284 # 1504
59284 - 92 15
59284 - 92 12
59285 + 92
59291 # 1504
59291 - 92 6
59302 # 1504
59304 + 92
59310 # 1504
59310 - 92 6
59318 + 92
59321 # 1504
59321 - 92 3
59328 + 92
59329 # 1504
59329 - 92 1
59335 # 1504
59339 # 1504
59339 + 92
59343 # 1504
59343 - 92 4
59345 # 1504
59349 + 92
59351 # 1504
59351 - 92 2
59356 # 1504
59360 + 92
59362 # 1504
59362 - 92 2
59367 + 92
59371 # 1504
59371 - 92 4
59375 # 1504
59375 + 92
59379 # 1504
59379 - 92 4
59383 # 1504
59386 # 1504
59390 + 92
59391 # 1504
59391 - 92 1
59393 + 92
59398 # 1504
59398 - 92 5
59401 + 92
59406 + 92
59411 + 92
59415 # 1504
59415 - 92 14
59415 - 92 9
59415 - 92 4
59416 + 92
59421 # 1504
59421 - 92 5
59424 + 92
59428 + 92
59434 # 1504
59434 - 92 10
59434 - 92 6
59435 # 1504
59438 + 92
59440 + 92
59446 # 1504
59446 - 92 8
59446 - 92 6
59450 + 92
59452 # 1504
59452 - 92 2
59456 # 1504
59456 + 92
59459 # 1504
59459 - 92 3
59459 + 92
59464 # 1504
59464 - 92 5
59465 + 92
59478 # 1504
59478 - 92 13
59481 + 92
59489 # 1504
59489 - 92 8
59495 + 92
59496 # 1504
59496 - 92 1
59496 # 1504
59500 # 1504
59503 # 1504
59503 + 92
59510 # 1504
59510 - 92 7
59510 # 1504
59511 + 92
59517 + 92
59525 + 92
59529 + 92
59536 + 92
59550 # 1504
59550 - 92 39
59550 - 92 33
59550 - 92 25
59550 - 92 21
59550 - 92 14
59569 # 1504
59573 # 1504
59580 + 92
59583 # 1504
59583 - 92 3
59590 # 1504
59606 + 92
59618 # 1504
59618 - 92 12
59619 + 92
59624 # 1504
59624 - 92 5
59626 + 92
59631 # 1504
59631 - 92 5
59634 + 92
59637 # 1504
59637 - 92 3
59644 # 1504
59661 + 92
59666 + 92
59670 + 92
59676 + 92
59682 + 92
59689 + 92
59692 + 92
59700 + 92
59707 + 92
59711 + 92
59718 + 92
59726 # 1504
59726 - 92 65
59726 - 92 60
59726 - 92 56
59726 - 92 50
59726 - 92 44
59726 - 92 37
59726 - 92 34
59726 - 92 26
59726 - 92 19
59726 - 92 15
59726 - 92 8
59728 + 92
59729 # 1504
59729 - 92 1
59733 # 1504
59736 # 1504
59736 # 1504
59737 # 1504
59739 # 1504
59740 + 92
59749 # 1504
59749 - 92 9
59749 # 1504
59749 # 1504
59749 # 1504
59749 # 1504
59749 # 1504
59753 # 1504
59755 + 92
59757 # 1504
59757 - 92 2
59759 # 1504
59760 # 1504
59763 # 1504
59765 # 1504
59771 + 92
59775 # 1504
59775 - 92 4
59776 # 1504
59776 # 1504
59777 # 1504
59781 # 1504
59784 + 92
59786 + 92
59791 # 1504
59791 - 92 7
59791 - 92 5
59798 # 1504
59800 # 1504
59801 # 1504
59801 # 1504
59801 + 92
59805 # 1504
59805 - 92 4
59812 + 92
59818 # 1504
59818 - 92 6
59818 # 1504
59818 # 1504
59819 + 92
59826 # 1504
59826 - 92 7
59826 # 1504
59826 # 1504
59829 # 1504
59832 # 1504
59834 + 92
59835 # 1504
59835 - 92 1
59837 # 1504
59841 # 1504
59843 # 1504
59845 # 1504
59848 # 1504
59851 # 1504
59851 + 92
59855 # 1504
59855 - 92 4
59857 # 1504
59862 # 1504
59866 + 92
59867 # 1504
59867 - 92 1
59869 # 1504
59873 # 1504
59877 # 1504
59880 # 1504
59882 + 92
59885 # 1504
59885 - 92 3
59888 # 1504
59891 # 1504
59894 # 1504
59894 + 92
59897 # 1504
59897 - 92 3
59901 # 1504
59903 + 92
59904 # 1504
59904 - 92 1
59906 # 1504
59909 # 1504
59913 + 92
59914 # 1504
59914 - 92 1
59917 # 1504
59923 # 1504
59926 # 1504
59926 + 92
59928 # 1504
59928 - 92 2
59933 # 1504
59935 # 1504
59938 + 92
59941 # 1504
59941 - 92 3
59944 # 1504
59948 # 1504
59949 + 92
59953 # 1504
59953 - 92 4
59956 # 1504
59958 + 92
59960 # 1504
59960 - 92 2
59964 # 1504
59967 # 1504
59970 + 92
59973 # 1504
59973 - 92 3
59976 # 1504
59978 # 1504
59987 + 92
59991 # 1504
59991 - 92 4
59993 # 1504
59995 # 1504
60000 # 1504
60001 # 1504
60004 # 1504
60005 # 1504
60010 + 92
60011 # 1504
60011 - 92 1
60011 + 92
60014 # 1504
60014 - 92 3
60021 # 1504
60025 # 1504
60027 + 92
60029 # 1504
60029 - 92 2
60033 # 1504
60033 + 92
60036 # 1504
60036 - 92 3
60040 + 92
60042 # 1504
60042 - 92 2
60046 # 1504
60046 + 92
60051 # 1504
60051 - 92 5
60055 # 1504
60058 + 92
60058 + 92
60062 # 1504
60062 - 92 4
60062 - 92 4
60064 + 92
60065 # 1504
60065 - 92 1
60068 # 1504
60070 + 92
60071 # 1504
60071 - 92 1
60074 # 1504
60076 + 92
60078 # 1504
60078 - 92 2
60081 # 1504
60083 # 1504
60086 # 1504
60086 + 92
60093 # 1504
60093 - 92 7
60093 + 92
60096 # 1504
60096 - 92 3
60102 + 92
60109 # 1504
60109 - 92 7
60109 + 92
60119 + 92
60122 # 1504
60122 - 92 13
60122 - 92 3
60122 # 1504
60123 # 1504
60125 # 1504
60126 + 92
60131 + 92
60137 + 92
60141 # 1504
60141 - 92 15
60141 - 92 10
60141 - 92 4
60142 # 1504
60142 # 1504
60142 # 1504
60142 + 92
60145 # 1504
60145 - 92 3
60147 # 1504
60150 + 92
60151 # 1504
60151 - 92 1
60153 # 1504
60156 # 1504
60159 # 1504
60160 + 92
60165 # 1504
60165 - 92 5
60165 + 92
60168 # 1504
60168 - 92 3
60173 + 92
60174 # 1504
60174 - 92 1
60175 # 1504
60179 + 92
60180 # 1504
60180 - 92 1
60184 + 92
60185 # 1504
60185 - 92 1
60189 # 1504
60190 + 92
60193 # 1504
60193 - 92 3
60195 # 1504
60197 + 92
60198 # 1504
60198 - 92 1
60200 # 1504
60205 # 1504
60208 # 1504
60208 + 92
60210 # 1504
60210 - 92 2
60213 + 92
60214 # 1504
60214 - 92 1
60216 # 1504
60224 # 1504
60224 + 92
60226 # 1504
60226 - 92 2
60231 # 1504
60235 # 1504
60239 # 1504
60242 # 1504
60242 + 92
60245 # 1504
60245 - 92 3
60247 # 1504
60251 # 1504
60253 # 1504
60258 # 1504
60259 # 1504
60263 # 1504
60265 + 92
60266 # 1504
60266 - 92 1
60269 # 1504
60271 # 1504
60274 # 1504
60275 + 92
60276 # 1504
60276 - 92 1
60281 # 1504
60285 # 1504
60288 + 92
60289 # 1504
60289 - 92 1
60290 # 1504
60295 # 1504
60298 # 1504
60310 # 1504
60310 # 1504
60310 # 1504
60314 # 1504
60328 # 1504
60331 # 1504
60334 # 1504
60337 # 1504
60341 # 1504
60345 # 1504
60347 # 1504
60351 # 1504
60376 # 1504
60376 # 1504
60376 # 1504
60376 # 1504
60376 # 1504
60380 # 1504
60383 # 1504
60386 # 1504
60390 # 1504
60392 # 1504
60396 # 1504
60400 # 1504
60403 # 1504
60405 # 1504
60408 # 1504
60411 # 1504
60415 # 1504
60418 # 1504
60420 # 1504
60424 # 1504
60426 # 1504
60429 # 1504
60432 # 1504
60435 # 1504
60437 # 1504
60442 # 1504
60444 # 1504
60447 # 1504
60449 # 1504
60457 # 1504
60461 # 1504
60463 # 1504
60466 # 1504
60468 # 1504
60472 # 1504
60475 # 1504
60478 + 92
60481 # 1504
60481 - 92 3
60484 # 1504
60487 # 1504
60493 # 1504
60493 # 1504
60497 # 1504
60499 # 1504
60500 + 92
60502 # 1504
60502 - 92 2
60511 # 1504
60511 # 1504
60513 # 1504
60516 # 1504
60517 # 1504
60518 + 92
60522 # 1504
60522 - 92 4
60524 # 1504
60527 # 1504
60527 + 92
60532 # 1504
60532 - 92 5
60534 + 92
60535 # 1504
60535 - 92 1
60537 # 1504
60542 + 92
60545 # 1504
60545 - 92 3
60546 # 1504
60548 + 92
60550 # 1504
60550 - 92 2
60552 # 1504
60556 # 1504
60557 # 1504
60559 # 1504
60561 # 1504
60561 + 92
60563 # 1504
60563 - 92 2
60565 # 1504
60569 + 92
60570 # 1504
60570 - 92 1
60571 + 92
60572 # 1504
60572 - 92 1
60574 # 1504
60576 # 1504
60578 # 1504
60579 # 1504
60583 # 1504
60584 # 1504
60586 # 1504
60594 # 1504
60594 # 1504
60595 # 1504
60597 # 1504
60601 # 1504
60609 + 92
60610 # 1504
60610 - 92 1
60612 # 1504
60615 # 1504
60617 # 1504
60619 # 1504
60622 # 1504
60625 # 1504
60630 # 1504
60630 + 92
60631 # 1504
60631 - 92 1
60635 # 1504
60639 # 1504
60642 # 1504
60644 # 1504
60646 # 1504
60657 # 1504
60657 # 1504
60657 # 1504
60657 # 1504
60659 + 92
60660 # 1504
60660 - 92 1
60661 # 1504
60663 # 1504
60665 # 1504
60669 # 1504
60670 # 1504
60674 # 1504
60676 # 1504
60685 # 1504
60685 # 1504
60685 # 1504
60685 # 1504
60687 # 1504
60690 # 1504
60690 + 92
60694 # 1504
60694 - 92 4
60697 # 1504
60699 + 92
60702 # 1504
60702 - 92 3
60705 # 1504
60707 # 1504
60709 # 1504
60710 # 1504
60713 # 1504
60715 # 1504
60717 # 1504
60719 # 1504
60722 # 1504
60724 # 1504
60726 # 1504
60731 # 1504
60731 # 1504
60733 # 1504
60736 # 1504
60738 # 1504
60740 # 1504
60745 # 1504
60752 # 1504
60752 # 1504
60754 # 1504
60763 # 1504
60764 # 1504
60765 + 92
60766 # 1504
60766 - 92 1
60769 # 1504
60771 # 1504
60773 # 1504
60775 # 1504
60776 # 1504
60785 + 92
60801 # 1504
60801 - 92 16
60801 # 1504
60804 # 1504
60809 # 1504
60809 + 92
60815 # 1504
60815 - 92 6
60817 # 1504
60820 # 1504
60824 # 1504
60826 # 1504
60832 # 1504
60834 # 1504
60836 # 1504
60837 # 1504
60839 # 1504
60840 + 92
60841 # 1504
60841 - 92 1
60844 # 1504
60846 # 1504
60851 # 1504
60853 # 1504
60855 # 1504
60859 + 92
60882 + 92
60885 # 1504
60885 - 92 26
60885 - 92 3
60889 # 1504
60889 # 1504
60890 # 1504
60890 # 1504
60890 # 1504
60890 # 1504
60894 # 1504
60906 # 1504
60911 # 1504
60911 + 92
60913 # 1504
60913 - 92 2
60914 # 1504
60917 # 1504
60919 # 1504
60921 # 1504
60924 # 1504
60926 # 1504
60928 # 1504
60929 + 92
60934 # 1504
60934 - 92 5
60934 # 1504
60936 # 1504
60938 # 1504
60940 # 1504
60942 # 1504
60943 # 1504
60945 # 1504
60946 + 92
60947 # 1504
60947 - 92 1
60949 # 1504
60952 # 1504
60963 # 1504
60974 # 1504
60981 # 1504
60982 # 1504
60984 # 1504
60986 # 1504
60989 # 1504
60991 # 1504
60994 # 1504
60995 # 1504
60996 # 1504
60997 + 92
61000 # 1504
61000 - 92 3
61002 # 1504
61004 # 1504
61007 # 1504
61009 # 1504
61011 # 1504
61013 # 1504
61015 # 1504
61016 # 1504
61018 # 1504
61019 # 1504
61020 # 1504
61023 # 1504
61024 # 1504
61025 # 1504
61028 # 1504
61030 # 1504
61032 # 1504
61035 # 1504
61038 # 1504
61039 # 1504
61041 # 1504
61043 # 1504
61044 # 1504
61046 # 1504
61047 # 1504
61050 # 1504
61053 # 1504
61056 # 1504
61057 # 1504
61059 # 1504
61061 # 1504
61063 # 1504
61063 + 92
61065 # 1504
61065 - 92 2
61067 # 1504
61069 # 1504
61072 # 1504
61072 + 92
61073 # 1504
61073 - 92 1
61075 # 1504
61076 # 1504
61080 # 1504
61082 # 1504
61083 + 92
61084 # 1504
61084 - 92 1
61086 # 1504
61089 # 1504
61090 + 92
61091 # 1504
61091 - 92 1
61093 # 1504
61096 # 1504
61097 + 92
61098 # 1504
61098 - 92 1
61100 # 1504
61102 # 1504
61105 # 1504
61105 + 92
61107 # 1504
61107 - 92 2
61111 # 1504
61112 # 1504
61114 # 1504
61116 # 1504
61116 + 92
61121 # 1504
61121 - 92 5
61121 + 92
61123 # 1504
61123 - 92 2
61125 # 1504
61127 # 1504
61129 # 1504
61129 + 92
61131 # 1504
61131 - 92 2
61133 # 1504
61135 # 1504
61135 + 92
61136 # 1504
61136 - 92 1
61139 # 1504
61142 + 92
61143 # 1504
61143 - 92 1
61145 # 1504
61146 # 1504
61148 # 1504
61149 + 92
61150 # 1504
61150 - 92 1
61153 # 1504
61154 # 1504
61155 # 1504
61161 # 1504
61161 # 1504
61161 + 92
61161 + 92
61163 # 1504
61163 - 92 2
61163 - 92 2
61167 + 92
61174 # 1504
61174 - 92 7
61174 # 1504
61174 # 1504
61174 # 1504
61174 # 1504
61177 # 1504
61179 # 1504
61180 # 1504
61180 + 92
61182 # 1504
61182 - 92 2
61182 + 92
61186 # 1504
61186 - 92 4
61188 # 1504
61190 # 1504
61191 + 92
61193 # 1504
61193 - 92 2
61195 # 1504
61198 # 1504
61199 + 92
61200 # 1504
61200 - 92 1
61203 # 1504
61205 # 1504
61205 + 92
61206 # 1504
61206 - 92 1
61208 # 1504
61210 # 1504
61212 # 1504
61212 + 92
61215 # 1504
61215 - 92 3
61217 # 1504
61218 + 92
61221 + 92
61224 # 1504
61224 - 92 6
61224 - 92 3
61226 # 1504
61227 # 1504
61230 # 1504
61230 + 92
61231 # 1504
61231 - 92 1
61235 # 1504
61235 # 1504
61236 + 92
61237 # 1504
61237 - 92 1
61238 # 1504
61239 + 92
61241 # 1504
61241 - 92 2
61242 # 1504
61243 # 1504
61245 + 92
61246 # 1504
61246 - 92 1
61250 # 1504
61250 + 92
61251 # 1504
61251 - 92 1
61254 # 1504
61255 # 1504
61255 + 92
61259 # 1504
61259 - 92 4
61259 + 92
61264 # 1504
61264 - 92 5
61266 + 92
61267 + 92
61268 # 1504
61268 - 92 2
61268 - 92 1
61268 # 1504
61273 # 1504
61275 # 1504
61277 # 1504
61278 # 1504
61281 + 92
61281 + 92
61281 + 92
61282 # 1504
61282 - 92 1
61282 - 92 1
61282 - 92 1
61284 # 1504
61284 + 92
61288 + 92
61295 # 1504
61295 - 92 11
61295 - 92 7
61295 # 1504
61295 # 1504
61298 + 92
61298 + 92
61300 + 92
61300 + 92
61304 + 92
61305 # 1504
61305 - 92 7
61305 - 92 7
61305 - 92 5
61305 - 92 5
61305 - 92 1
61305 # 1504
61305 # 1504
61305 # 1504
61305 # 1504
61308 # 1504
61309 # 1504
61309 + 92
61310 # 1504
61310 - 92 1
61311 # 1504
61313 + 92
61314 # 1504
61314 - 92 1
61314 # 1504
61314 + 92
61315 # 1504
61315 - 92 1
61316 # 1504
61320 # 1504
61322 # 1504
61322 # 1504
61322 + 92
61323 # 1504
61323 - 92 1
61325 # 1504
61327 # 1504
61328 + 92
61329 # 1504
61329 - 92 1
61330 # 1504
61331 # 1504
61335 + 92
61342 # 1504
61342 - 92 7
61343 + 92
61349 # 1504
61349 - 92 6
61351 + 92
61352 # 1504
61352 - 92 1
61353 # 1504
61356 + 92
61365 # 1504
61365 - 92 9
61365 # 1504
61366 # 1504
61366 # 1504
61366 # 1504
61366 # 1504
61366 # 1504
61366 + 92
61367 # 1504
61367 - 92 1
61368 # 1504
61370 # 1504
61372 # 1504
61373 # 1504
61375 # 1504
61376 # 1504
61376 + 92
61379 # 1504
61379 - 92 3
61379 + 92
61381 # 1504
61381 - 92 2
61382 # 1504
61384 # 1504
61385 + 92
61386 # 1504
61386 - 92 1
61387 # 1504
61390 # 1504
61391 # 1504
61391 + 92
61393 # 1504
61393 - 92 2
61394 # 1504
61395 # 1504
61395 + 92
61399 # 1504
61399 - 92 4
61400 # 1504
61401 # 1504
61403 # 1504
61404 # 1504
61405 # 1504
61407 + 92
61407 + 92
61408 # 1504
61408 - 92 1
61408 - 92 1
61411 # 1504
61411 # 1504
61412 # 1504
61414 # 1504
61415 + 92
61416 # 1504
61416 - 92 1
61417 + 92
61419 # 1504
61419 - 92 2
61420 # 1504
61429 + 92
61429 + 92
61430 # 1504
61430 - 92 1
61430 - 92 1
61430 # 1504
61430 # 1504
61430 # 1504
61438 + 92
61440 # 1504
61440 - 92 2
61440 # 1504
61440 # 1504
61440 # 1504
61440 + 92
61443 # 1504
61443 - 92 3
61444 # 1504
61445 # 1504
61446 + 92
61448 # 1504
61448 - 92 2
61449 + 92
61451 # 1504
61451 - 92 2
61451 + 92
61453 # 1504
61453 - 92 2
61454 # 1504
61457 # 1504
61459 # 1504
61460 + 92
61461 + 92
61463 + 92
61465 # 1504
61465 - 92 5
61465 - 92 4
61465 - 92 2
61466 + 92
61474 # 1504
61474 - 92 8
61475 + 92
61479 # 1504
61479 - 92 4
61480 # 1504
61481 + 92
61484 # 1504
61484 - 92 3
61486 # 1504
61486 # 1504
61486 + 92
61486 + 92
61486 + 92
61489 # 1504
61489 - 92 3
61489 - 92 3
61489 - 92 3
61489 # 1504
61490 + 92
61501 + 92
61502 # 1504
61502 - 92 12
61502 - 92 1
61502 # 1504
61502 + 92
61502 + 92
61502 + 92
61506 + 92
61515 + 92
61521 + 92
61521 + 92
61521 + 92
61534 + 92
61534 + 92
61534 + 92
61536 + 92
61539 + 92
61549 + 92
61549 + 92
61550 + 92
61554 + 92
61559 + 92
61561 + 92
61567 # 1504
61567 - 92 65
61567 - 92 65
61567 - 92 65
61567 - 92 61
61567 - 92 52
61567 - 92 46
61567 - 92 46
61567 - 92 46
61567 - 92 33
61567 - 92 33
61567 - 92 33
61567 - 92 31
61567 - 92 28
61567 - 92 18
61567 - 92 18
61567 - 92 17
61568 # 1504
61568 - 92 14
61568 - 92 9
61568 - 92 7
61570 + 92
61573 # 1504
61573 - 92 3
61573 + 92
61576 + 92
61587 + 92
61593 + 92
61593 + 92
61593 + 92
61602 + 92
61602 + 92
61602 + 92
61605 + 92
61606 # 1504
61606 - 92 33
61606 - 92 30
61606 - 92 19
61606 - 92 13
61606 - 92 13
61606 - 92 13
61606 - 92 4
61606 - 92 4
61606 - 92 4
61606 - 92 1
61609 # 1504
61615 # 1504
61618 # 1504
61625 + 92
61625 + 92
61625 + 92
61625 + 92
61627 + 92
61628 + 92
61631 # 1504
61631 - 92 6
61631 - 92 6
61631 - 92 6
61631 - 92 6
61631 - 92 4
61631 - 92 3
61632 + 92
61634 # 1504
61634 - 92 2
61635 # 1504
61635 # 1504
61636 # 1504
61637 # 1504
61641 # 1504
61641 # 1504
61641 # 1504
61641 # 1504
61641 # 1504
61641 # 1504
61641 + 92
61641 + 92
61641 + 92
61642 # 1504
61642 - 92 1
61642 - 92 1
61642 - 92 1
61642 # 1504
61642 # 1504
61642 # 1504
61642 # 1504
61644 + 92
61648 + 92
61652 + 92
61656 + 92
61659 + 92
61663 + 92
61663 + 92
61668 # 1504
61668 - 92 24
61668 - 92 20
61668 - 92 16
61668 - 92 12
61668 - 92 9
61668 - 92 5
61668 - 92 5
61668 # 1504
61668 # 1504
61668 # 1504
61668 + 92
61669 # 1504
61669 - 92 1
61669 # 1504
61669 # 1504
61669 # 1504
61669 # 1504
61669 # 1504
61669 # 1504
61669 # 1504
61669 # 1504
61669 # 1504
61670 # 1504
61670 # 1504
61670 # 1504
61670 # 1504
61670 # 1504
61670 # 1504
61670 # 1504
61670 # 1504
61670 + 92
61671 # 1504
61671 - 92 1
61671 # 1504
61672 + 92
61673 # 1504
61673 - 92 1
61674 + 92
61676 # 1504
61676 - 92 2
61677 + 92
61678 # 1504
61678 - 92 1
61679 # 1504
61681 # 1504
61681 + 92
61683 # 1504
61683 - 92 2
61684 # 1504
61685 + 92
61686 # 1504
61686 - 92 1
61687 + 92
61688 # 1504
61688 - 92 1
61690 # 1504
61692 # 1504
61692 + 92
61695 # 1504
61695 - 92 3
61698 # 1504
61700 + 92
61700 + 92
61700 + 92
61701 # 1504
61701 - 92 1
61701 - 92 1
61701 - 92 1
61703 # 1504
61704 + 92
61706 # 1504
61706 - 92 2
61706 + 92
61708 + 92
61714 # 1504
61714 - 92 8
61714 - 92 6
61714 # 1504
61714 # 1504
61716 # 1504
61716 + 92
61720 + 92
61722 # 1504
61722 - 92 6
61722 - 92 2
61722 + 92
61722 + 92
61723 # 1504
61723 - 92 1
61723 - 92 1
61725 # 1504
61726 # 1504
61729 # 1504
61731 + 92
61731 + 92
61731 + 92
61732 # 1504
61732 - 92 1
61732 - 92 1
61732 - 92 1
61734 # 1504
61735 # 1504
61737 # 1504
61738 # 1504
61743 + 92
61746 + 92
61746 + 92
61746 + 92
61749 # 1504
61749 - 92 6
61749 - 92 3
61749 - 92 3
61749 - 92 3
61749 # 1504
61749 # 1504
61749 # 1504
61750 + 92
61751 # 1504
61751 - 92 1
61752 + 92
61753 # 1504
61753 - 92 1
61754 # 1504
61756 # 1504
61758 # 1504
61759 # 1504
61760 # 1504
61760 + 92
61760 + 92
61761 + 92
61769 # 1504
61769 - 92 9
61769 - 92 9
61769 - 92 8
61769 # 1504
61771 + 92
61771 + 92
61771 + 92
61771 + 92
61774 # 1504
61774 - 92 3
61774 - 92 3
61774 - 92 3
61774 - 92 3
61774 # 1504
61774 # 1504
61775 # 1504
61775 + 92
61776 # 1504
61776 - 92 1
61777 + 92
61778 # 1504
61778 - 92 1
61779 # 1504
61780 + 92
61781 # 1504
61781 - 92 1
61784 # 1504
61785 # 1504
61787 # 1504
61788 + 92
61788 + 92
61788 + 92
61789 # 1504
61789 - 92 1
61789 - 92 1
61789 - 92 1
61790 + 92
61791 # 1504
61791 - 92 1
61792 + 92
61794 + 92
61797 + 92
61800 + 92
61803 + 92
61805 + 92
61809 + 92
61810 # 1504
61810 - 92 18
61810 - 92 16
61810 - 92 13
61810 - 92 10
61810 - 92 7
61810 - 92 5
61810 - 92 1
61810 # 1504
61811 + 92
61815 + 92
61817 + 92
61820 + 92
61831 + 92
61831 + 92
61831 + 92
61831 + 92
61833 + 92
61836 + 92
61839 + 92
61841 + 92
61844 + 92
61844 + 92
61847 + 92
61850 + 92
61852 + 92
61872 # 1504
61872 - 92 61
61872 - 92 57
61872 - 92 55
61872 - 92 52
61872 - 92 41
61872 - 92 41
61872 - 92 41
61872 - 92 41
61872 - 92 39
61872 - 92 36
61872 - 92 33
61872 - 92 31
61872 - 92 28
61872 - 92 28
61872 - 92 25
61872 - 92 22
61874 # 1504
61874 - 92 22
61877 # 1504
61877 # 1504
61877 # 1504
61877 # 1504
61877 # 1504
61877 + 92
61880 + 92
61885 + 92
61888 + 92
61892 + 92
61893 + 92
61897 + 92
61900 + 92
61903 + 92
61907 + 92
61910 + 92
61916 + 92
61916 + 92
61917 # 1504
61917 - 92 40
61917 - 92 37
61917 - 92 32
61917 - 92 29
61917 - 92 25
61917 - 92 24
61917 - 92 20
61917 - 92 17
61917 - 92 14
61917 - 92 10
61917 - 92 7
61917 - 92 1
61917 - 92 1
61919 # 1504
61920 + 92
61924 # 1504
61924 - 92 4
61924 + 92
61925 # 1504
61925 - 92 1
61925 # 1504
61925 # 1504
61925 # 1504
61925 # 1504
61925 # 1504
61925 # 1504
61925 # 1504
61926 # 1504
61926 # 1504
61926 # 1504
61926 # 1504
61926 # 1504
61926 # 1504
61926 # 1504
61926 # 1504
61926 # 1504
61926 # 1504
61926 # 1504
61927 # 1504
61927 # 1504
61927 # 1504
61927 # 1504
61927 # 1504
61927 # 1504
61927 # 1504
61927 # 1504
61927 # 1504
61927 # 1504
61927 + 92
61928 # 1504
61928 - 92 1
61928 # 1504
61931 + 92
61934 + 92
61937 + 92
61939 + 92
61941 + 92
61945 + 92
61948 + 92
61951 + 92
61953 + 92
61956 + 92
61959 + 92
61961 + 92
61964 + 92
61968 + 92
61972 # 1504
61972 - 92 41
61972 - 92 38
61972 - 92 35
61972 - 92 33
61972 - 92 31
61972 - 92 27
61972 - 92 24
61972 - 92 21
61972 - 92 19
61972 - 92 16
61972 - 92 13
61972 - 92 11
61972 - 92 8
61972 - 92 4
61972 # 1504
61972 # 1504
61973 # 1504
61973 # 1504
61973 # 1504
61973 # 1504
61974 # 1504
61974 # 1504
61974 # 1504
61974 # 1504
61974 # 1504
61974 # 1504
61974 # 1504
61974 # 1504
61974 # 1504
61974 # 1504
61975 # 1504
61975 # 1504
61975 # 1504
61975 # 1504
61975 # 1504
61975 # 1504
61975 # 1504
61975 # 1504
61975 # 1504
61976 # 1504
61976 # 1504
61976 # 1504
61976 # 1504
61976 # 1504
61976 # 1504
61976 # 1504
61976 # 1504
61977 # 1504
61979 # 1504
61981 # 1504
61983 # 1504
61984 # 1504
61984 + 92
61985 + 92
61985 + 92
61985 + 92
61987 # 1504
61987 - 92 3
61987 - 92 2
61987 - 92 2
61987 - 92 2
61988 # 1504
61988 + 92
61989 # 1504
61989 - 92 1
61991 # 1504
61991 + 92
61995 # 1504
61995 - 92 4
61995 # 1504
61995 + 92
61997 # 1504
61997 - 92 2
61998 # 1504
61998 + 92
62000 # 1504
62000 - 92 2
62001 + 92
62002 # 1504
62002 - 92 1
62004 # 1504
62005 + 92
62006 # 1504
62006 - 92 1
62008 + 92
62009 # 1504
62009 - 92 1
62013 # 1504
62016 # 1504
62017 + 92
62017 + 92
62019 # 1504
62019 - 92 2
62019 - 92 2
62021 # 1504
62022 # 1504
62025 # 1504
62026 + 92
62027 # 1504
62027 - 92 1
62027 + 92
62028 + 92
62028 + 92
62029 # 1504
62029 - 92 2
62029 - 92 1
62029 - 92 1
62032 + 92
62033 # 1504
62033 - 92 1
62035 # 1504
62036 # 1504
62036 + 92
62037 + 92
62038 # 1504
62038 - 92 2
62038 - 92 1
62040 # 1504
62040 + 92
62042 # 1504
62042 - 92 2
62044 + 92
62045 # 1504
62045 - 92 1
62047 # 1504
62047 + 92
62049 + 92
62050 # 1504
62050 - 92 3
62050 - 92 1
62051 # 1504
62052 + 92
62053 # 1504
62053 - 92 1
62055 # 1504
62057 # 1504
62057 + 92
62059 # 1504
62059 - 92 2
62059 + 92
62061 # 1504
62061 - 92 2
62062 # 1504
62062 + 92
62064 # 1504
62064 - 92 2
62065 + 92
62066 # 1504
62066 - 92 1
62068 # 1504
62069 # 1504
62069 + 92
62072 # 1504
62072 - 92 3
62073 # 1504
62073 + 92
62075 # 1504
62075 - 92 2
62075 + 92
62076 # 1504
62076 - 92 1
62078 # 1504
62079 + 92
62081 # 1504
62081 - 92 2
62081 + 92
62083 # 1504
62083 - 92 2
62084 # 1504
62084 + 92
62086 # 1504
62086 - 92 2
62089 # 1504
62091 # 1504
62091 + 92
62091 + 92
62100 + 92
62100 + 92
62102 + 92
62103 + 92
62106 # 1504
62106 - 92 15
62106 - 92 15
62106 - 92 6
62106 - 92 6
62106 - 92 4
62106 - 92 3
62106 # 1504
62106 # 1504
62106 # 1504
62106 # 1504
62106 # 1504
62107 + 92
62108 + 92
62112 + 92
62118 + 92
62118 + 92
62122 + 92
62124 # 1504
62124 - 92 17
62124 - 92 16
62124 - 92 12
62124 - 92 6
62124 - 92 6
62124 - 92 2
62124 # 1504
62124 # 1504
62124 # 1504
62124 # 1504
62124 # 1504
62124 # 1504
62125 # 1504
62125 # 1504
62125 # 1504
62125 # 1504
62126 # 1504
62126 # 1504
62127 # 1504
62130 # 1504
62131 + 92
62131 + 92
62131 + 92
62132 # 1504
62132 - 92 1
62132 - 92 1
62132 - 92 1
62135 + 92
62136 # 1504
62136 - 92 1
62136 # 1504
62137 + 92
62138 # 1504
62138 - 92 1
62140 # 1504
62140 + 92
62144 + 92
62148 + 92
62150 # 1504
62150 - 92 10
62150 - 92 6
62150 - 92 2
62150 # 1504
62150 # 1504
62152 + 92
62155 # 1504
62155 - 92 3
62155 # 1504
62155 # 1504
62155 # 1504
62156 + 92
62158 # 1504
62158 - 92 2
62159 # 1504
62160 + 92
62161 # 1504
62161 - 92 1
62162 # 1504
62163 # 1504
62163 + 92
62164 # 1504
62164 - 92 1
62166 # 1504
62167 # 1504
62168 # 1504
62168 + 92
62169 # 1504
62169 - 92 1
62170 + 92
62171 # 1504
62171 - 92 1
62172 # 1504
62172 + 92
62175 + 92
62178 + 92
62180 + 92
62184 # 1504
62184 - 92 12
62184 - 92 9
62184 - 92 6
62184 - 92 4
62184 + 92
62185 + 92
62188 + 92
62192 + 92
62193 + 92
62194 # 1504
62194 - 92 10
62194 - 92 9
62194 - 92 6
62194 - 92 2
62194 - 92 1
62194 # 1504
62194 # 1504
62195 + 92
62196 + 92
62200 + 92
62202 + 92
62205 + 92
62207 + 92
62209 # 1504
62209 - 92 14
62209 - 92 13
62209 - 92 9
62209 - 92 7
62209 - 92 4
62209 - 92 2
62209 # 1504
62209 + 92
62210 # 1504
62210 - 92 1
62213 # 1504
62215 # 1504
62218 # 1504
62218 + 92
62218 + 92
62218 + 92
62218 + 92
62220 + 92
62223 # 1504
62223 - 92 5
62223 - 92 5
62223 - 92 5
62223 - 92 5
62223 - 92 3
62226 # 1504
62229 # 1504
62231 # 1504
62233 # 1504
62234 + 92
62237 # 1504
62237 - 92 3
62238 + 92
62239 # 1504
62239 - 92 1
62241 # 1504
62243 # 1504
62244 + 92
62245 # 1504
62245 - 92 1
62247 # 1504
62247 + 92
62249 # 1504
62249 - 92 2
62251 # 1504
62253 # 1504
62255 # 1504
62258 # 1504
62258 + 92
62258 + 92
62258 + 92
62263 # 1504
62263 - 92 5
62263 - 92 5
62263 - 92 5
62264 # 1504
62264 + 92
62265 + 92
62266 # 1504
62266 - 92 2
62266 - 92 1
62268 # 1504
62271 # 1504
62271 + 92
62272 # 1504
62272 - 92 1
62274 # 1504
62274 + 92
62278 + 92
62281 # 1504
62281 - 92 7
62281 - 92 3
62281 + 92
62285 # 1504
62285 - 92 4
62285 + 92
62289 # 1504
62289 - 92 4
62289 + 92
62290 # 1504
62290 - 92 1
62292 # 1504
62292 + 92
62295 + 92
62300 + 92
62303 + 92
62306 + 92
62311 + 92
62314 + 92
62319 + 92
62321 + 92
62323 + 92
62326 + 92
62329 + 92
62332 + 92
62334 + 92
62337 + 92
62342 + 92
62345 + 92
62347 + 92
62351 + 92
62354 + 92
62357 + 92
62360 + 92
62364 + 92
62379 # 1504
62379 - 92 87
62379 - 92 84
62379 - 92 79
62379 - 92 76
62379 - 92 73
62379 - 92 68
62379 - 92 65
62379 - 92 60
62379 - 92 58
62379 - 92 56
62379 - 92 53
62379 - 92 50
62379 - 92 47
62379 - 92 45
62379 - 92 42
62379 - 92 37
62379 # 1504
62379 - 92 34
62379 - 92 32
62379 - 92 28
62379 - 92 25
62379 - 92 22
62379 - 92 19
62379 - 92 15
62380 # 1504
62384 # 1504
62384 # 1504
62384 + 92
62387 + 92
62390 + 92
62396 + 92
62403 + 92
62404 # 1504
62404 - 92 20
62404 - 92 17
62404 - 92 14
62404 - 92 8
62404 - 92 1
62404 # 1504
62404 # 1504
62406 # 1504
62406 + 92
62407 + 92
62409 # 1504
62409 - 92 3
62409 - 92 2
62409 # 1504
62409 + 92
62409 + 92
62410 # 1504
62410 - 92 1
62410 - 92 1
62412 # 1504
62414 + 92
62417 # 1504
62417 - 92 3
62417 # 1504
62417 # 1504
62420 + 92
62425 # 1504
62425 - 92 5
62427 # 1504
62427 + 92
62429 + 92
62429 + 92
62429 + 92
62430 # 1504
62430 - 92 3
62430 - 92 1
62430 - 92 1
62430 - 92 1
62432 + 92
62433 # 1504
62433 - 92 1
62436 # 1504
62438 # 1504
62438 + 92
62439 # 1504
62439 - 92 1
62440 + 92
62443 # 1504
62443 - 92 3
62444 + 92
62447 # 1504
62447 - 92 3
62448 + 92
62449 # 1504
62449 - 92 1
62450 + 92
62451 # 1504
62451 - 92 1
62454 + 92
62455 # 1504
62455 - 92 1
62458 # 1504
62458 + 92
62459 # 1504
62459 - 92 1
62460 # 1504
62462 # 1504
62462 + 92
62464 + 92
62466 # 1504
62466 - 92 4
62466 - 92 2
62468 # 1504
62469 + 92
62470 # 1504
62470 - 92 1
62471 # 1504
62480 + 92
62484 # 1504
62484 - 92 4
62484 # 1504
62484 # 1504
62484 # 1504
62485 + 92
62486 # 1504
62486 - 92 1
62487 # 1504
62489 + 92
62491 # 1504
62491 - 92 2
62492 + 92
62494 # 1504
62494 - 92 2
62496 # 1504
62497 + 92
62501 + 92
62503 # 1504
62503 - 92 6
62503 - 92 2
62504 + 92
62508 # 1504
62508 - 92 4
62508 + 92
62511 + 92
62512 # 1504
62512 - 92 4
62512 - 92 1
62512 # 1504
62514 + 92
62521 # 1504
62521 - 92 7
62522 + 92
62522 + 92
62523 + 92
62525 # 1504
62525 - 92 3
62525 - 92 3
62525 - 92 2
62528 + 92
62529 # 1504
62529 - 92 1
62531 # 1504
62533 + 92
62533 + 92
62535 # 1504
62535 - 92 2
62535 - 92 2
62536 # 1504
62536 + 92
62538 # 1504
62538 - 92 2
62539 # 1504
62541 + 92
62542 # 1504
62542 - 92 1
62546 # 1504
62546 + 92
62546 + 92
62549 # 1504
62549 - 92 3
62549 - 92 3
62550 + 92
62551 # 1504
62551 - 92 1
62553 + 92
62554 # 1504
62554 - 92 1
62555 # 1504
62556 + 92
62557 # 1504
62557 - 92 1
62557 + 92
62559 # 1504
62559 - 92 2
62559 + 92
62563 + 92
62564 + 92
62567 # 1504
62567 - 92 8
62567 - 92 4
62567 - 92 3
62568 + 92
62569 # 1504
62569 - 92 1
62571 + 92
62572 # 1504
62572 - 92 1
62574 # 1504
62574 + 92
62576 # 1504
62576 - 92 2
62577 + 92
62578 # 1504
62578 - 92 1
62580 # 1504
62582 # 1504
62585 # 1504
62588 # 1504
62590 # 1504
62591 # 1504
62591 + 92
62591 + 92
62595 + 92
62595 + 92
62596 # 1504
62596 - 92 5
62596 - 92 5
62596 - 92 1
62596 - 92 1
62598 # 1504
62600 # 1504
62604 # 1504
62606 # 1504
62607 # 1504
62607 + 92
62607 + 92
62609 # 1504
62609 - 92 2
62609 - 92 2
62609 + 92
62611 # 1504
62611 - 92 2
62615 # 1504
62616 # 1504
62622 + 92
62626 # 1504
62626 - 92 4
62627 + 92
62628 + 92
62631 # 1504
62631 - 92 4
62631 - 92 3
62631 + 92
62633 + 92
62635 + 92
62637 # 1504
62637 - 92 6
62637 - 92 4
62637 - 92 2
62639 # 1504
62643 # 1504
62645 # 1504
62647 # 1504
62648 # 1504
62650 + 92
62650 + 92
62650 + 92
62650 + 92
62651 # 1504
62651 - 92 1
62651 - 92 1
62651 - 92 1
62651 - 92 1
62652 + 92
62653 # 1504
62653 - 92 1
62655 # 1504
62655 + 92
62658 + 92
62659 # 1504
62659 - 92 4
62659 - 92 1
62660 # 1504
62661 + 92
62662 # 1504
62662 - 92 1
62662 + 92
62664 # 1504
62664 - 92 2
62665 + 92
62666 # 1504
62666 - 92 1
62669 + 92
62671 # 1504
62671 - 92 2
62671 + 92
62673 + 92
62676 # 1504
62676 - 92 5
62676 - 92 3
62676 + 92
62678 # 1504
62678 - 92 2
62681 # 1504
62683 # 1504
62686 # 1504
62687 # 1504
62687 + 92
62687 + 92
62687 + 92
62687 + 92
62689 # 1504
62689 - 92 2
62689 - 92 2
62689 - 92 2
62689 - 92 2
62690 # 1504
62690 + 92
62692 # 1504
62692 - 92 2
62692 + 92
62695 # 1504
62695 - 92 3
62696 # 1504
62699 # 1504
62700 # 1504
62702 # 1504
62702 + 92
62703 # 1504
62703 - 92 1
62703 + 92
62704 + 92
62704 + 92
62704 + 92
62705 # 1504
62705 - 92 2
62705 - 92 1
62705 - 92 1
62705 - 92 1
62706 # 1504
62707 + 92
62708 # 1504
62708 - 92 1
62710 # 1504
62710 + 92
62711 # 1504
62711 - 92 1
62713 # 1504
62713 + 92
62714 # 1504
62714 - 92 1
62716 + 92
62717 # 1504
62717 - 92 1
62719 # 1504
62721 # 1504
62722 # 1504
62725 # 1504
62727 # 1504
62733 # 1504
62740 # 1504
62752 + 92
62755 + 92
62758 + 92
62761 # 1504
62761 - 92 9
62761 - 92 6
62761 - 92 3
62761 + 92
62763 # 1504
62763 - 92 2
62766 + 92
62769 + 92
62772 + 92
62774 # 1504
62774 - 92 8
62774 - 92 5
62774 - 92 2
62777 + 92
62778 # 1504
62778 - 92 1
62778 # 1504
62778 # 1504
62779 # 1504
62779 # 1504
62779 + 92
62780 + 92
62781 # 1504
62781 - 92 2
62781 - 92 1
62783 # 1504
62784 + 92
62785 # 1504
62785 - 92 1
62785 + 92
62787 # 1504
62787 - 92 2
62789 # 1504
62792 + 92
62792 + 92
62793 # 1504
62793 - 92 1
62793 - 92 1
62795 # 1504
62796 # 1504
62796 + 92
62802 # 1504
62802 - 92 6
62804 # 1504
62805 # 1504
62808 # 1504
62808 + 92
62808 + 92
62808 + 92
62808 + 92
62810 + 92
62811 # 1504
62811 - 92 3
62811 - 92 3
62811 - 92 3
62811 - 92 3
62811 - 92 1
62813 # 1504
62813 + 92
62818 # 1504
62818 - 92 5
62818 # 1504
62818 + 92
62827 + 92
62827 + 92
62829 # 1504
62829 - 92 11
62829 - 92 2
62829 - 92 2
62829 # 1504
62829 # 1504
62831 # 1504
62845 # 1504
62845 # 1504
62845 # 1504
62845 # 1504
62847 # 1504
62850 # 1504
62851 + 92
62853 # 1504
62853 - 92 2
62856 # 1504
62856 + 92
62858 # 1504
62858 - 92 2
62859 # 1504
62861 # 1504
62861 + 92
62865 # 1504
62865 - 92 4
62866 + 92
62867 # 1504
62867 - 92 1
62869 + 92
62871 # 1504
62871 - 92 2
62871 # 1504
62874 + 92
62878 + 92
62881 # 1504
62881 - 92 7
62881 - 92 3
62881 # 1504
62881 # 1504
62881 # 1504
62882 # 1504
62884 # 1504
62892 + 92
62892 + 92
62892 + 92
62893 + 92
62896 + 92
62896 + 92
62899 + 92
62901 + 92
62903 + 92
62905 # 1504
62905 - 92 13
62905 - 92 13
62905 - 92 13
62905 - 92 12
62905 - 92 9
62905 - 92 9
62905 - 92 6
62905 - 92 4
62905 - 92 2
62905 # 1504
62905 + 92
62923 # 1504
62923 - 92 18
62924 # 1504
62929 # 1504
62929 # 1504
62929 # 1504
62929 # 1504
62929 # 1504
62930 + 92
62938 # 1504
62938 - 92 8
62940 # 1504
62940 # 1504
62940 # 1504
62940 # 1504
62941 # 1504
62942 + 92
62951 # 1504
62951 - 92 9
62951 # 1504
62951 # 1504
62951 # 1504
62951 + 92
62954 + 92
62960 + 92
62962 + 92
62963 # 1504
62963 - 92 12
62963 - 92 9
62963 - 92 3
62963 - 92 1
62964 # 1504
62964 # 1504
62964 # 1504
62964 # 1504
62964 # 1504
62966 # 1504
62966 + 92
62968 # 1504
62968 - 92 2
62986 # 1504
62987 # 1504
62996 + 92
62998 # 1504
62998 - 92 2
62998 # 1504
62998 # 1504
63001 # 1504
63004 + 92
63004 + 92
63005 # 1504
63005 - 92 1
63005 - 92 1
63007 # 1504
63009 # 1504
63010 + 92
63010 + 92
63011 # 1504
63011 - 92 1
63011 - 92 1
63013 # 1504
63019 # 1504
63021 + 92
63021 + 92
63021 + 92
63026 # 1504
63026 - 92 5
63026 - 92 5
63026 - 92 5
63026 + 92
63027 + 92
63027 + 92
63027 + 92
63029 # 1504
63029 - 92 3
63029 - 92 2
63029 - 92 2
63029 - 92 2
63032 + 92
63033 # 1504
63033 - 92 1
63033 + 92
63034 # 1504
63034 - 92 1
63036 # 1504
63036 + 92
63042 # 1504
63042 - 92 6
63042 + 92
63045 # 1504
63045 - 92 3
63053 # 1504
63055 # 1504
63057 # 1504
63059 # 1504
63067 # 1504
63068 # 1504
63070 # 1504
63073 # 1504
63085 # 1504
63085 # 1504
63085 # 1504
63085 # 1504
63088 # 1504
63090 # 1504
63096 # 1504
63099 # 1504
63105 # 1504
63108 # 1504
